version 1
nodes
  0 "v_weapon.Bip01_R_Forearm" -1
  1 "v_weapon.Bip01_R_Hand" 0
  2 "v_weapon.Bip01_L_Forearm" -1
  3 "v_weapon.Bip01_L_Hand" 2
  4 "v_weapon.Bip01_R_Finger0" 1
  5 "v_weapon.Bip01_R_Finger01" 4
  6 "v_weapon.Bip01_R_Finger02" 5
  7 "v_weapon.Bip01_R_Finger1" 1
  8 "v_weapon.Bip01_R_Finger11" 7
  9 "v_weapon.Bip01_R_Finger12" 8
  10 "v_weapon.Bip01_R_Finger2" 1
  11 "v_weapon.Bip01_R_Finger21" 10
  12 "v_weapon.Bip01_R_Finger22" 11
  13 "v_weapon.Bip01_R_Finger3" 1
  14 "v_weapon.Bip01_R_Finger31" 13
  15 "v_weapon.Bip01_R_Finger32" 14
  16 "v_weapon.Bip01_R_Finger4" 1
  17 "v_weapon.Bip01_R_Finger41" 16
  18 "v_weapon.Bip01_R_Finger42" 17
  19 "v_weapon.Bip01_L_Finger0" 3
  20 "v_weapon.Bip01_L_Finger01" 19
  21 "v_weapon.Bip01_L_Finger02" 20
  22 "v_weapon.Bip01_L_Finger1" 3
  23 "v_weapon.Bip01_L_Finger11" 22
  24 "v_weapon.Bip01_L_Finger12" 23
  25 "v_weapon.Bip01_L_Finger2" 3
  26 "v_weapon.Bip01_L_Finger21" 25
  27 "v_weapon.Bip01_L_Finger22" 26
  28 "v_weapon.Bip01_L_Finger3" 3
  29 "v_weapon.Bip01_L_Finger31" 28
  30 "v_weapon.Bip01_L_Finger32" 29
  31 "v_weapon.Bip01_L_Finger4" 3
  32 "v_weapon.Bip01_L_Finger41" 31
  33 "v_weapon.Bip01_L_Finger42" 32
  34 "v_weapon.Bip01_L_ForeTwist" -1
  35 "v_weapon.Bip01_R_ForeTwist" -1
  36 "v_weapon" -1
  37 "v_weapon.knife" 36
  38 "v_weapon.front" 37
  39 "v_weapon.blade1" 38
  40 "v_weapon.rear" 39
  41 "v_weapon.lock" 40
end
skeleton
  time 0
    0 -14.099445 9.668668 -0.697999 -1.578642 0.005462 -2.390729
    1 10.295578 0.000000 0.000002 1.563506 0.043612 -0.021680
    2 16.099459 9.668652 -0.698009 -1.562950 0.005462 -0.750866
    3 10.295582 0.000001 -0.000006 -1.563506 -0.043612 -0.021680
    4 1.149520 0.416502 1.414117 -1.407288 -0.320852 0.235478
    5 1.263885 0.000000 -0.000008 0.000000 0.000000 -0.008520
    6 1.188939 -0.000002 0.000010 0.000000 0.000000 -0.008520
    7 3.773755 0.133215 0.970575 -0.009201 -0.142462 0.005942
    8 1.433456 0.000000 0.000000 0.000000 0.000000 0.025279
    9 1.019165 -0.000006 0.000001 0.000000 0.000000 0.025279
    10 3.799514 0.014957 0.039959 0.008703 0.034651 0.022689
    11 1.774878 0.000000 0.000000 0.000000 0.000000 0.025279
    12 1.008844 -0.000004 0.000000 0.000000 0.000000 0.025279
    13 3.632766 0.059052 -0.757493 0.016389 0.163096 0.042929
    14 1.500137 0.000002 0.000000 0.000000 0.000000 0.025279
    15 0.905666 -0.000002 -0.000001 0.000000 0.000000 0.025279
    16 3.323331 0.233744 -1.479075 0.032424 0.324218 0.031462
    17 0.963100 0.000011 0.000000 0.000000 0.000000 0.025279
    18 0.682894 -0.000006 -0.000001 0.000000 0.000000 0.025279
    19 1.149529 0.416498 -1.414117 1.407288 0.320852 0.235478
    20 1.263884 0.000001 0.000000 0.000000 0.000000 0.000000
    21 1.188946 0.000000 0.000002 0.000000 0.000000 -0.008520
    22 3.773762 0.133217 -0.970574 0.009201 0.142462 0.005942
    23 1.433458 0.000004 0.000000 0.000000 0.000000 0.025279
    24 1.019165 0.000011 0.000000 0.000000 0.000000 0.025279
    25 3.799517 0.014957 -0.039958 -0.008703 -0.034651 0.022689
    26 1.774879 0.000004 0.000000 0.000000 0.000000 0.025279
    27 1.008841 0.000004 0.000000 0.000000 0.000000 0.025279
    28 3.632765 0.059053 0.757493 -0.016389 -0.163096 0.042929
    29 1.500135 0.000004 0.000000 0.000000 0.000000 0.025279
    30 0.905668 0.000002 -0.000001 0.000000 0.000000 0.025279
    31 3.323332 0.233744 1.479075 -0.032424 -0.324218 0.031462
    32 0.963099 0.000010 0.000000 0.000000 0.000000 0.025279
    33 0.682898 -0.000002 0.000000 0.000000 0.000000 0.025279
    34 16.099459 9.668652 -0.698009 -1.556120 0.005462 -0.750865
    35 -14.099445 9.668668 -0.697999 -1.585472 0.005462 -2.390729
    36 1.000000 0.000000 1.000000 1.570796 0.000000 0.000000
    37 0.000000 0.000000 0.000000 1.570796 0.000000 0.000000
    38 -0.021929 2.029111 -0.137266 -1.570805 0.000001 0.000000
    39 0.000000 0.000000 0.000000 0.000007 0.000000 0.000001
    40 0.021929 -0.669111 0.409449 1.570796 0.000000 0.000000
    41 -0.021934 -6.213634 0.929182 -1.570796 0.000000 0.000000
end
triangles
rubbergloveCHROME.bmp
  24 29.225813 -2.364539 0.777086 0.670397 -0.735113 -0.100881 0.000000 0.000000
  24 29.281008 -2.353197 0.895090 0.794672 -0.584533 0.163758 0.000000 0.000000
  24 29.184931 -2.398986 0.875788 0.683763 -0.723533 0.094700 0.000000 0.000000
rubbergloveCHROME.bmp
  24 29.184931 -2.398986 0.875788 0.683763 -0.723533 0.094700 0.000000 0.000000
  24 29.281008 -2.353197 0.895090 0.794672 -0.584533 0.163758 0.000000 0.000000
  24 29.140988 -2.429154 0.943308 0.580857 -0.774525 0.250432 0.000000 0.000000
rubbergloveCHROME.bmp
  24 29.281008 -2.353197 0.895090 0.794672 -0.584533 0.163758 0.000000 0.000000
  24 29.234363 -2.381650 0.982352 0.714655 -0.599695 0.360048 0.000000 0.000000
  24 29.140988 -2.429154 0.943308 0.580857 -0.774525 0.250432 0.000000 0.000000
rubbergloveCHROME.bmp
  24 29.140988 -2.429154 0.943308 0.580857 -0.774525 0.250432 0.000000 0.000000
  24 29.234363 -2.381650 0.982352 0.714655 -0.599695 0.360048 0.000000 0.000000
  24 29.089427 -2.398695 1.055173 0.489106 -0.744425 0.454540 0.000000 0.000000
rubbergloveCHROME.bmp
  24 29.234363 -2.381650 0.982352 0.714655 -0.599695 0.360048 0.000000 0.000000
  24 29.185863 -2.355472 1.125399 0.664846 -0.502970 0.552269 0.000000 0.000000
  24 29.089427 -2.398695 1.055173 0.489106 -0.744425 0.454540 0.000000 0.000000
rubbergloveCHROME.bmp
  24 29.089427 -2.398695 1.055173 0.489106 -0.744425 0.454540 0.000000 0.000000
  24 29.185863 -2.355472 1.125399 0.664846 -0.502970 0.552269 0.000000 0.000000
  24 29.029042 -2.357963 1.124416 0.334448 -0.734393 0.590603 0.000000 0.000000
rubbergloveCHROME.bmp
  24 29.185863 -2.355472 1.125399 0.664846 -0.502970 0.552269 0.000000 0.000000
  24 29.104787 -2.336441 1.193695 0.489678 -0.470253 0.734219 0.000000 0.000000
  24 29.029042 -2.357963 1.124416 0.334448 -0.734393 0.590603 0.000000 0.000000
rubbergloveCHROME.bmp
  24 29.029042 -2.357963 1.124416 0.334448 -0.734393 0.590603 0.000000 0.000000
  24 29.104787 -2.336441 1.193695 0.489678 -0.470253 0.734219 0.000000 0.000000
  24 28.930605 -2.295346 1.206812 0.049425 -0.593203 0.803534 0.000000 0.000000
rubbergloveCHROME.bmp
  24 29.104787 -2.336441 1.193695 0.489678 -0.470253 0.734219 0.000000 0.000000
  24 28.992339 -2.274205 1.274207 0.125914 -0.333643 0.934253 0.000000 0.000000
  24 28.930605 -2.295346 1.206812 0.049425 -0.593203 0.803534 0.000000 0.000000
rubbergloveCHROME.bmp
  24 28.930605 -2.295346 1.206812 0.049425 -0.593203 0.803534 0.000000 0.000000
  24 28.992339 -2.274205 1.274207 0.125914 -0.333643 0.934253 0.000000 0.000000
  24 28.821130 -2.165258 1.251447 -0.153328 -0.303872 0.940294 0.000000 0.000000
rubbergloveCHROME.bmp
  24 28.992339 -2.274205 1.274207 0.125914 -0.333643 0.934253 0.000000 0.000000
  24 28.862658 -2.110336 1.303013 0.056993 -0.014620 0.998268 0.000000 0.000000
  24 28.821130 -2.165258 1.251447 -0.153328 -0.303872 0.940294 0.000000 0.000000
rubbergloveCHROME.bmp
  24 28.821130 -2.165258 1.251447 -0.153328 -0.303872 0.940294 0.000000 0.000000
  24 28.862658 -2.110336 1.303013 0.056993 -0.014620 0.998268 0.000000 0.000000
  24 28.607655 -1.934116 1.252814 -0.214481 -0.070706 0.974166 0.000000 0.000000
rubbergloveCHROME.bmp
  24 28.862658 -2.110336 1.303013 0.056993 -0.014620 0.998268 0.000000 0.000000
  24 28.676989 -1.864344 1.306895 -0.026789 0.111999 0.993347 0.000000 0.000000
  24 28.607655 -1.934116 1.252814 -0.214481 -0.070706 0.974166 0.000000 0.000000
rubbergloveCHROME.bmp
  24 28.607655 -1.934116 1.252814 -0.214481 -0.070706 0.974166 0.000000 0.000000
  24 28.676989 -1.864344 1.306895 -0.026789 0.111999 0.993347 0.000000 0.000000
  24 28.444047 -1.776537 1.216740 -0.240829 0.163264 0.956737 0.000000 0.000000
rubbergloveCHROME.bmp
  24 28.676989 -1.864344 1.306895 -0.026789 0.111999 0.993347 0.000000 0.000000
  24 28.529877 -1.694013 1.251710 -0.370965 0.445072 0.815044 0.000000 0.000000
  24 28.444047 -1.776537 1.216740 -0.240829 0.163264 0.956737 0.000000 0.000000
rubbergloveCHROME.bmp
  24 28.444047 -1.776537 1.216740 -0.240829 0.163264 0.956737 0.000000 0.000000
  24 28.529877 -1.694013 1.251710 -0.370965 0.445072 0.815044 0.000000 0.000000
  24 28.440338 -1.730003 1.181800 -0.484595 0.344340 0.804113 0.000000 0.000000
rubbergloveCHROME.bmp
  24 28.529877 -1.694013 1.251710 -0.370965 0.445072 0.815044 0.000000 0.000000
  24 28.507962 -1.656809 1.194828 -0.362293 0.529980 0.766724 0.000000 0.000000
  24 28.440338 -1.730003 1.181800 -0.484595 0.344340 0.804113 0.000000 0.000000
rubbergloveCHROME.bmp
  24 28.440338 -1.730003 1.181800 -0.484595 0.344340 0.804113 0.000000 0.000000
  24 28.507962 -1.656809 1.194828 -0.362293 0.529980 0.766724 0.000000 0.000000
  23 28.278374 -1.568458 1.155737 -0.014240 0.142175 0.989739 0.000000 0.000000
rubbergloveCHROME.bmp
  24 28.507962 -1.656809 1.194828 -0.362293 0.529980 0.766724 0.000000 0.000000
  23 28.336111 -1.500103 1.177963 0.117969 0.242446 0.962966 0.000000 0.000000
  23 28.278374 -1.568458 1.155737 -0.014240 0.142175 0.989739 0.000000 0.000000
rubbergloveCHROME.bmp
  23 28.278374 -1.568458 1.155737 -0.014240 0.142175 0.989739 0.000000 0.000000
  23 28.336111 -1.500103 1.177963 0.117969 0.242446 0.962966 0.000000 0.000000
  23 28.099470 -1.405897 1.147529 0.061542 0.123736 0.990405 0.000000 0.000000
rubbergloveCHROME.bmp
  23 28.336111 -1.500103 1.177963 0.117969 0.242446 0.962966 0.000000 0.000000
  23 28.201342 -1.322971 1.154268 0.191736 0.322881 0.926815 0.000000 0.000000
  23 28.099470 -1.405897 1.147529 0.061542 0.123736 0.990405 0.000000 0.000000
rubbergloveCHROME.bmp
  23 28.099470 -1.405897 1.147529 0.061542 0.123736 0.990405 0.000000 0.000000
  23 28.201342 -1.322971 1.154268 0.191736 0.322881 0.926815 0.000000 0.000000
  23 28.005922 -1.239763 1.140561 0.028516 0.202881 0.978788 0.000000 0.000000
rubbergloveCHROME.bmp
  23 28.201342 -1.322971 1.154268 0.191736 0.322881 0.926815 0.000000 0.000000
  23 28.068493 -1.160767 1.122002 0.315245 0.431032 0.845477 0.000000 0.000000
  23 28.005922 -1.239763 1.140561 0.028516 0.202881 0.978788 0.000000 0.000000
rubbergloveCHROME.bmp
  23 28.005922 -1.239763 1.140561 0.028516 0.202881 0.978788 0.000000 0.000000
  23 28.068493 -1.160767 1.122002 0.315245 0.431032 0.845477 0.000000 0.000000
  23 27.914358 -0.992635 1.086308 0.239283 0.386815 0.890572 0.000000 0.000000
rubbergloveCHROME.bmp
  23 28.068493 -1.160767 1.122002 0.315245 0.431032 0.845477 0.000000 0.000000
  23 28.126557 -1.100200 0.982861 0.592294 0.632422 0.499229 0.000000 0.000000
  23 27.914358 -0.992635 1.086308 0.239283 0.386815 0.890572 0.000000 0.000000
rubbergloveCHROME.bmp
  23 27.914358 -0.992635 1.086308 0.239283 0.386815 0.890572 0.000000 0.000000
  23 28.126557 -1.100200 0.982861 0.592294 0.632422 0.499229 0.000000 0.000000
  23 27.999643 -0.943805 0.962042 0.592294 0.632422 0.499229 0.000000 0.000000
rubbergloveCHROME.bmp
  23 28.126557 -1.100200 0.982861 0.592294 0.632422 0.499229 0.000000 0.000000
  23 28.205165 -1.070465 0.808687 0.664710 0.681988 0.305045 0.000000 0.000000
  23 27.999643 -0.943805 0.962042 0.592294 0.632422 0.499229 0.000000 0.000000
rubbergloveCHROME.bmp
  23 27.999643 -0.943805 0.962042 0.592294 0.632422 0.499229 0.000000 0.000000
  23 28.205165 -1.070465 0.808687 0.664710 0.681988 0.305045 0.000000 0.000000
  23 28.066952 -0.916523 0.766274 0.717824 0.623060 0.310683 0.000000 0.000000
rubbergloveCHROME.bmp
  23 28.205165 -1.070465 0.808687 0.664710 0.681988 0.305045 0.000000 0.000000
  23 28.263057 -1.048873 0.632385 0.700890 0.683376 0.204329 0.000000 0.000000
  23 28.066952 -0.916523 0.766274 0.717824 0.623060 0.310683 0.000000 0.000000
rubbergloveCHROME.bmp
  23 28.066952 -0.916523 0.766274 0.717824 0.623060 0.310683 0.000000 0.000000
  23 28.263057 -1.048873 0.632385 0.700890 0.683376 0.204329 0.000000 0.000000
  23 28.130779 -0.900739 0.601419 0.761284 0.615330 0.204488 0.000000 0.000000
rubbergloveCHROME.bmp
  23 28.263057 -1.048873 0.632385 0.700890 0.683376 0.204329 0.000000 0.000000
  23 28.306738 -1.055303 0.466703 0.741469 0.659188 -0.125282 0.000000 0.000000
  23 28.130779 -0.900739 0.601419 0.761284 0.615330 0.204488 0.000000 0.000000
rubbergloveCHROME.bmp
  23 28.130779 -0.900739 0.601419 0.761284 0.615330 0.204488 0.000000 0.000000
  23 28.306738 -1.055303 0.466703 0.741469 0.659188 -0.125282 0.000000 0.000000
  23 28.192512 -0.909003 0.407975 0.776177 0.492559 -0.393618 0.000000 0.000000
rubbergloveCHROME.bmp
  23 28.306738 -1.055303 0.466703 0.741469 0.659188 -0.125282 0.000000 0.000000
  23 28.249859 -1.133826 0.334042 0.618389 0.479973 -0.622270 0.000000 0.000000
  23 28.192512 -0.909003 0.407975 0.776177 0.492559 -0.393618 0.000000 0.000000
rubbergloveCHROME.bmp
  23 28.192512 -0.909003 0.407975 0.776177 0.492559 -0.393618 0.000000 0.000000
  23 28.249859 -1.133826 0.334042 0.618389 0.479973 -0.622270 0.000000 0.000000
  23 28.090890 -0.976336 0.339133 0.655929 0.414972 -0.630520 0.000000 0.000000
rubbergloveCHROME.bmp
  8 -26.247166 -1.132051 0.353796 -0.618389 0.479975 -0.622270 0.000000 0.000000
  8 -26.322098 -1.055361 0.458695 -0.741469 0.659188 -0.125282 0.000000 0.000000
  8 -26.169884 -0.902158 0.414430 -0.776177 0.492560 -0.393617 0.000000 0.000000
rubbergloveCHROME.bmp
  8 -26.169884 -0.902158 0.414430 -0.776177 0.492560 -0.393617 0.000000 0.000000
  8 -26.322098 -1.055361 0.458695 -0.741469 0.659188 -0.125282 0.000000 0.000000
  8 -26.147490 -0.901655 0.583540 -0.761283 0.615333 0.204486 0.000000 0.000000
rubbergloveCHROME.bmp
  8 -26.322098 -1.055361 0.458695 -0.741469 0.659188 -0.125282 0.000000 0.000000
  8 -26.256921 -1.070287 0.633421 -0.700891 0.683375 0.204329 0.000000 0.000000
  8 -26.147490 -0.901655 0.583540 -0.761283 0.615333 0.204486 0.000000 0.000000
rubbergloveCHROME.bmp
  8 -26.147490 -0.901655 0.583540 -0.761283 0.615333 0.204486 0.000000 0.000000
  8 -26.256921 -1.070287 0.633421 -0.700891 0.683375 0.204329 0.000000 0.000000
  8 -26.076948 -0.924843 0.748119 -0.717822 0.623063 0.310684 0.000000 0.000000
rubbergloveCHROME.bmp
  8 -26.256921 -1.070287 0.633421 -0.700891 0.683375 0.204329 0.000000 0.000000
  8 -26.209758 -1.075356 0.830017 -0.645522 0.695277 0.316057 0.000000 0.000000
  8 -26.076948 -0.924843 0.748119 -0.717822 0.623063 0.310684 0.000000 0.000000
rubbergloveCHROME.bmp
  8 -26.076948 -0.924843 0.748119 -0.717822 0.623063 0.310684 0.000000 0.000000
  8 -26.209758 -1.075356 0.830017 -0.645522 0.695277 0.316057 0.000000 0.000000
  8 -26.010951 -0.941292 0.983648 -0.614762 0.629603 0.475045 0.000000 0.000000
rubbergloveCHROME.bmp
  8 -26.209758 -1.075356 0.830017 -0.645522 0.695277 0.316057 0.000000 0.000000
  8 -26.129229 -1.090163 1.012762 -0.614762 0.629603 0.475045 0.000000 0.000000
  8 -26.010951 -0.941292 0.983648 -0.614762 0.629603 0.475045 0.000000 0.000000
rubbergloveCHROME.bmp
  8 -26.010951 -0.941292 0.983648 -0.614762 0.629603 0.475045 0.000000 0.000000
  8 -26.129229 -1.090163 1.012762 -0.614762 0.629603 0.475045 0.000000 0.000000
  8 -25.906871 -1.013193 1.097215 -0.239281 0.386814 0.890573 0.000000 0.000000
rubbergloveCHROME.bmp
  8 -26.129229 -1.090163 1.012762 -0.614762 0.629603 0.475045 0.000000 0.000000
  8 -26.060436 -1.167253 1.131609 -0.315243 0.431030 0.845479 0.000000 0.000000
  8 -25.906871 -1.013193 1.097215 -0.239281 0.386814 0.890573 0.000000 0.000000
rubbergloveCHROME.bmp
  8 -25.906871 -1.013193 1.097215 -0.239281 0.386814 0.890573 0.000000 0.000000
  8 -26.060436 -1.167253 1.131609 -0.315243 0.431030 0.845479 0.000000 0.000000
  8 -25.991931 -1.240441 1.138721 -0.028516 0.202883 0.978788 0.000000 0.000000
rubbergloveCHROME.bmp
  8 -26.060436 -1.167253 1.131609 -0.315243 0.431030 0.845479 0.000000 0.000000
  8 -26.214001 -1.321314 1.166003 -0.191734 0.322881 0.926815 0.000000 0.000000
  8 -25.991931 -1.240441 1.138721 -0.028516 0.202883 0.978788 0.000000 0.000000
rubbergloveCHROME.bmp
  8 -25.991931 -1.240441 1.138721 -0.028516 0.202883 0.978788 0.000000 0.000000
  8 -26.214001 -1.321314 1.166003 -0.191734 0.322881 0.926815 0.000000 0.000000
  8 -26.105453 -1.423336 1.109356 -0.061544 0.123739 0.990404 0.000000 0.000000
rubbergloveCHROME.bmp
  8 -26.214001 -1.321314 1.166003 -0.191734 0.322881 0.926815 0.000000 0.000000
  8 -26.346889 -1.495209 1.148637 -0.117965 0.242450 0.962965 0.000000 0.000000
  8 -26.105453 -1.423336 1.109356 -0.061544 0.123739 0.990404 0.000000 0.000000
rubbergloveCHROME.bmp
  8 -26.105453 -1.423336 1.109356 -0.061544 0.123739 0.990404 0.000000 0.000000
  8 -26.346889 -1.495209 1.148637 -0.117965 0.242450 0.962965 0.000000 0.000000
  8 -26.298320 -1.573467 1.169048 0.014243 0.142175 0.989739 0.000000 0.000000
rubbergloveCHROME.bmp
  8 -26.346889 -1.495209 1.148637 -0.117965 0.242450 0.962965 0.000000 0.000000
  9 -26.489993 -1.680151 1.174151 0.362303 0.529990 0.766712 0.000000 0.000000
  8 -26.298320 -1.573467 1.169048 0.014243 0.142175 0.989739 0.000000 0.000000
rubbergloveCHROME.bmp
  8 -26.298320 -1.573467 1.169048 0.014243 0.142175 0.989739 0.000000 0.000000
  9 -26.489993 -1.680151 1.174151 0.362303 0.529990 0.766712 0.000000 0.000000
  9 -26.429267 -1.746111 1.161439 0.484611 0.344351 0.804098 0.000000 0.000000
rubbergloveCHROME.bmp
  9 -26.489993 -1.680151 1.174151 0.362303 0.529990 0.766712 0.000000 0.000000
  9 -26.529683 -1.679854 1.250470 0.370975 0.445086 0.815031 0.000000 0.000000
  9 -26.429267 -1.746111 1.161439 0.484611 0.344351 0.804098 0.000000 0.000000
rubbergloveCHROME.bmp
  9 -26.429267 -1.746111 1.161439 0.484611 0.344351 0.804098 0.000000 0.000000
  9 -26.529683 -1.679854 1.250470 0.370975 0.445086 0.815031 0.000000 0.000000
  9 -26.436955 -1.769612 1.215185 0.240838 0.163264 0.956735 0.000000 0.000000
rubbergloveCHROME.bmp
  9 -26.529683 -1.679854 1.250470 0.370975 0.445086 0.815031 0.000000 0.000000
  9 -26.666134 -1.894537 1.287787 0.026787 0.112001 0.993347 0.000000 0.000000
  9 -26.436955 -1.769612 1.215185 0.240838 0.163264 0.956735 0.000000 0.000000
rubbergloveCHROME.bmp
  9 -26.436955 -1.769612 1.215185 0.240838 0.163264 0.956735 0.000000 0.000000
  9 -26.666134 -1.894537 1.287787 0.026787 0.112001 0.993347 0.000000 0.000000
  9 -26.617493 -1.942607 1.234653 0.214483 -0.070708 0.974165 0.000000 0.000000
rubbergloveCHROME.bmp
  9 -26.666134 -1.894537 1.287787 0.026787 0.112001 0.993347 0.000000 0.000000
  9 -26.872639 -2.107307 1.334524 -0.056997 -0.014616 0.998267 0.000000 0.000000
  9 -26.617493 -1.942607 1.234653 0.214483 -0.070708 0.974165 0.000000 0.000000
rubbergloveCHROME.bmp
  9 -26.617493 -1.942607 1.234653 0.214483 -0.070708 0.974165 0.000000 0.000000
  9 -26.872639 -2.107307 1.334524 -0.056997 -0.014616 0.998267 0.000000 0.000000
  9 -26.822504 -2.166040 1.241589 0.153326 -0.303872 0.940294 0.000000 0.000000
rubbergloveCHROME.bmp
  9 -26.872639 -2.107307 1.334524 -0.056997 -0.014616 0.998267 0.000000 0.000000
  9 -26.982331 -2.251480 1.291142 -0.125915 -0.333643 0.934253 0.000000 0.000000
  9 -26.822504 -2.166040 1.241589 0.153326 -0.303872 0.940294 0.000000 0.000000
rubbergloveCHROME.bmp
  9 -26.822504 -2.166040 1.241589 0.153326 -0.303872 0.940294 0.000000 0.000000
  9 -26.982331 -2.251480 1.291142 -0.125915 -0.333643 0.934253 0.000000 0.000000
  9 -26.950618 -2.314967 1.221402 -0.049424 -0.593202 0.803535 0.000000 0.000000
rubbergloveCHROME.bmp
  9 -26.982331 -2.251480 1.291142 -0.125915 -0.333643 0.934253 0.000000 0.000000
  9 -27.092150 -2.337605 1.181953 -0.489678 -0.470252 0.734220 0.000000 0.000000
  9 -26.950618 -2.314967 1.221402 -0.049424 -0.593202 0.803535 0.000000 0.000000
rubbergloveCHROME.bmp
  9 -26.950618 -2.314967 1.221402 -0.049424 -0.593202 0.803535 0.000000 0.000000
  9 -27.092150 -2.337605 1.181953 -0.489678 -0.470252 0.734220 0.000000 0.000000
  9 -27.029066 -2.357888 1.124429 -0.334448 -0.734392 0.590604 0.000000 0.000000
rubbergloveCHROME.bmp
  9 -27.092150 -2.337605 1.181953 -0.489678 -0.470252 0.734220 0.000000 0.000000
  9 -27.170598 -2.380526 1.084980 -0.664846 -0.502970 0.552268 0.000000 0.000000
  9 -27.029066 -2.357888 1.124429 -0.334448 -0.734392 0.590604 0.000000 0.000000
rubbergloveCHROME.bmp
  9 -27.029066 -2.357888 1.124429 -0.334448 -0.734392 0.590604 0.000000 0.000000
  9 -27.170598 -2.380526 1.084980 -0.664846 -0.502970 0.552268 0.000000 0.000000
  9 -27.083472 -2.378541 1.042493 -0.489107 -0.744426 0.454538 0.000000 0.000000
rubbergloveCHROME.bmp
  9 -27.170598 -2.380526 1.084980 -0.664846 -0.502970 0.552268 0.000000 0.000000
  9 -27.239933 -2.373484 0.992552 -0.714655 -0.599695 0.360047 0.000000 0.000000
  9 -27.083472 -2.378541 1.042493 -0.489107 -0.744426 0.454538 0.000000 0.000000
rubbergloveCHROME.bmp
  9 -27.083472 -2.378541 1.042493 -0.489107 -0.744426 0.454538 0.000000 0.000000
  9 -27.239933 -2.373484 0.992552 -0.714655 -0.599695 0.360047 0.000000 0.000000
  9 -27.129486 -2.417090 0.920442 -0.580857 -0.774526 0.250429 0.000000 0.000000
rubbergloveCHROME.bmp
  9 -27.239933 -2.373484 0.992552 -0.714655 -0.599695 0.360047 0.000000 0.000000
  9 -27.281031 -2.353122 0.895103 -0.794673 -0.584534 0.163755 0.000000 0.000000
  9 -27.129486 -2.417090 0.920442 -0.580857 -0.774526 0.250429 0.000000 0.000000
rubbergloveCHROME.bmp
  9 -27.129486 -2.417090 0.920442 -0.580857 -0.774526 0.250429 0.000000 0.000000
  9 -27.281031 -2.353122 0.895103 -0.794673 -0.584534 0.163755 0.000000 0.000000
  9 -27.184954 -2.398911 0.875801 -0.683760 -0.723537 0.094693 0.000000 0.000000
rubbergloveCHROME.bmp
  9 -27.281031 -2.353122 0.895103 -0.794673 -0.584534 0.163755 0.000000 0.000000
  9 -27.225836 -2.364464 0.777099 -0.670396 -0.735113 -0.100883 0.000000 0.000000
  9 -27.184954 -2.398911 0.875801 -0.683760 -0.723537 0.094693 0.000000 0.000000
rubbergloveCHROME.bmp
  15 -26.379271 -1.411070 -1.413125 -0.450429 0.153652 0.879491 0.000000 0.000000
  15 -26.697312 -1.580399 -1.485082 -0.011838 0.597127 0.802059 0.000000 0.000000
  15 -26.578576 -1.658875 -1.459716 -0.256866 0.383271 0.887200 0.000000 0.000000
rubbergloveCHROME.bmp
  15 -26.578576 -1.658875 -1.459716 -0.256866 0.383271 0.887200 0.000000 0.000000
  15 -26.697312 -1.580399 -1.485082 -0.011838 0.597127 0.802059 0.000000 0.000000
  15 -26.574408 -1.682898 -1.431334 -0.313752 0.341896 0.885814 0.000000 0.000000
rubbergloveCHROME.bmp
  15 -26.697312 -1.580399 -1.485082 -0.011838 0.597127 0.802059 0.000000 0.000000
  15 -26.736654 -1.591657 -1.450077 -0.116390 0.438883 0.890974 0.000000 0.000000
  15 -26.574408 -1.682898 -1.431334 -0.313752 0.341896 0.885814 0.000000 0.000000
rubbergloveCHROME.bmp
  15 -26.574408 -1.682898 -1.431334 -0.313752 0.341896 0.885814 0.000000 0.000000
  15 -26.736654 -1.591657 -1.450077 -0.116390 0.438883 0.890974 0.000000 0.000000
  15 -26.710021 -1.894054 -1.477400 -0.298391 0.014842 0.954328 0.000000 0.000000
rubbergloveCHROME.bmp
  15 -26.736654 -1.591657 -1.450077 -0.116390 0.438883 0.890974 0.000000 0.000000
  15 -26.900122 -1.817098 -1.500619 -0.499888 0.166928 0.849851 0.000000 0.000000
  15 -26.710021 -1.894054 -1.477400 -0.298391 0.014842 0.954328 0.000000 0.000000
rubbergloveCHROME.bmp
  15 -26.710021 -1.894054 -1.477400 -0.298391 0.014842 0.954328 0.000000 0.000000
  15 -26.900122 -1.817098 -1.500619 -0.499888 0.166928 0.849851 0.000000 0.000000
  15 -26.847748 -2.049911 -1.508057 -0.300190 -0.089840 0.949639 0.000000 0.000000
rubbergloveCHROME.bmp
  15 -26.900122 -1.817098 -1.500619 -0.499888 0.166928 0.849851 0.000000 0.000000
  15 -27.043150 -2.007200 -1.545390 -0.524333 0.069242 0.848693 0.000000 0.000000
  15 -26.847748 -2.049911 -1.508057 -0.300190 -0.089840 0.949639 0.000000 0.000000
rubbergloveCHROME.bmp
  15 -26.847748 -2.049911 -1.508057 -0.300190 -0.089840 0.949639 0.000000 0.000000
  15 -27.043150 -2.007200 -1.545390 -0.524333 0.069242 0.848693 0.000000 0.000000
  15 -26.963633 -2.270089 -1.603412 -0.381614 -0.324391 0.865530 0.000000 0.000000
rubbergloveCHROME.bmp
  15 -27.043150 -2.007200 -1.545390 -0.524333 0.069242 0.848693 0.000000 0.000000
  15 -27.127270 -2.223044 -1.606507 -0.573246 -0.291903 0.765625 0.000000 0.000000
  15 -26.963633 -2.270089 -1.603412 -0.381614 -0.324391 0.865530 0.000000 0.000000
rubbergloveCHROME.bmp
  15 -26.963633 -2.270089 -1.603412 -0.381614 -0.324391 0.865530 0.000000 0.000000
  15 -27.127270 -2.223044 -1.606507 -0.573246 -0.291903 0.765625 0.000000 0.000000
  15 -27.039362 -2.320090 -1.687465 -0.530093 -0.650024 0.544491 0.000000 0.000000
rubbergloveCHROME.bmp
  15 -27.127270 -2.223044 -1.606507 -0.573246 -0.291903 0.765625 0.000000 0.000000
  15 -27.159489 -2.285811 -1.697184 -0.703157 -0.584837 0.404395 0.000000 0.000000
  15 -27.039362 -2.320090 -1.687465 -0.530093 -0.650024 0.544491 0.000000 0.000000
rubbergloveCHROME.bmp
  15 -27.039362 -2.320090 -1.687465 -0.530093 -0.650024 0.544491 0.000000 0.000000
  15 -27.159489 -2.285811 -1.697184 -0.703157 -0.584837 0.404395 0.000000 0.000000
  15 -27.080596 -2.334646 -1.764198 -0.599042 -0.788794 0.137670 0.000000 0.000000
rubbergloveCHROME.bmp
  15 -27.159489 -2.285811 -1.697184 -0.703157 -0.584837 0.404395 0.000000 0.000000
  15 -27.170702 -2.284104 -1.789224 -0.688349 -0.720076 0.087562 0.000000 0.000000
  15 -27.080596 -2.334646 -1.764198 -0.599042 -0.788794 0.137670 0.000000 0.000000
rubbergloveCHROME.bmp
  15 -27.080596 -2.334646 -1.764198 -0.599042 -0.788794 0.137670 0.000000 0.000000
  15 -27.170702 -2.284104 -1.789224 -0.688349 -0.720076 0.087562 0.000000 0.000000
  15 -27.073001 -2.314970 -1.963585 -0.596555 -0.799046 -0.075151 0.000000 0.000000
rubbergloveCHROME.bmp
  15 -27.170702 -2.284104 -1.789224 -0.688349 -0.720076 0.087562 0.000000 0.000000
  15 -27.199202 -2.272717 -1.983281 -0.748418 -0.661183 -0.052029 0.000000 0.000000
  15 -27.073001 -2.314970 -1.963585 -0.596555 -0.799046 -0.075151 0.000000 0.000000
rubbergloveCHROME.bmp
  15 -27.073001 -2.314970 -1.963585 -0.596555 -0.799046 -0.075151 0.000000 0.000000
  15 -27.199202 -2.272717 -1.983281 -0.748418 -0.661183 -0.052029 0.000000 0.000000
  15 -27.043272 -2.329161 -2.103280 -0.500271 -0.857316 -0.121402 0.000000 0.000000
rubbergloveCHROME.bmp
  15 -27.199202 -2.272717 -1.983281 -0.748418 -0.661183 -0.052029 0.000000 0.000000
  15 -27.179458 -2.268986 -2.162714 -0.778644 -0.583434 -0.230906 0.000000 0.000000
  15 -27.043272 -2.329161 -2.103280 -0.500271 -0.857316 -0.121402 0.000000 0.000000
rubbergloveCHROME.bmp
  15 -27.043272 -2.329161 -2.103280 -0.500271 -0.857316 -0.121402 0.000000 0.000000
  15 -27.179458 -2.268986 -2.162714 -0.778644 -0.583434 -0.230906 0.000000 0.000000
  15 -27.111743 -2.271588 -2.196000 -0.627287 -0.674716 -0.388935 0.000000 0.000000
rubbergloveCHROME.bmp
  15 -27.179458 -2.268986 -2.162714 -0.778644 -0.583434 -0.230906 0.000000 0.000000
  15 -27.157577 -2.132171 -2.176966 -0.929340 0.095071 -0.356775 0.000000 0.000000
  15 -27.111743 -2.271588 -2.196000 -0.627287 -0.674716 -0.388935 0.000000 0.000000
rubbergloveCHROME.bmp
  15 -27.111743 -2.271588 -2.196000 -0.627287 -0.674716 -0.388935 0.000000 0.000000
  15 -27.157577 -2.132171 -2.176966 -0.929340 0.095071 -0.356775 0.000000 0.000000
  15 -27.103807 -2.164179 -2.275375 -0.725772 -0.014508 -0.687783 0.000000 0.000000
rubbergloveCHROME.bmp
  15 -27.157577 -2.132171 -2.176966 -0.929340 0.095071 -0.356775 0.000000 0.000000
  15 -27.052388 -1.938432 -2.176410 -0.766070 0.507342 -0.394641 0.000000 0.000000
  15 -27.103807 -2.164179 -2.275375 -0.725772 -0.014508 -0.687783 0.000000 0.000000
rubbergloveCHROME.bmp
  15 -27.103807 -2.164179 -2.275375 -0.725772 -0.014508 -0.687783 0.000000 0.000000
  15 -27.052388 -1.938432 -2.176410 -0.766070 0.507342 -0.394641 0.000000 0.000000
  15 -26.972249 -1.958299 -2.321265 -0.585320 0.404916 -0.702455 0.000000 0.000000
rubbergloveCHROME.bmp
  15 -27.052388 -1.938432 -2.176410 -0.766070 0.507342 -0.394641 0.000000 0.000000
  15 -26.902719 -1.727169 -2.128795 -0.746124 0.588387 -0.311609 0.000000 0.000000
  15 -26.972249 -1.958299 -2.321265 -0.585320 0.404916 -0.702455 0.000000 0.000000
rubbergloveCHROME.bmp
  15 -26.972249 -1.958299 -2.321265 -0.585320 0.404916 -0.702455 0.000000 0.000000
  15 -26.902719 -1.727169 -2.128795 -0.746124 0.588387 -0.311609 0.000000 0.000000
  15 -26.836637 -1.747142 -2.275200 -0.578459 0.494523 -0.648715 0.000000 0.000000
rubbergloveCHROME.bmp
  15 -26.902719 -1.727169 -2.128795 -0.746124 0.588387 -0.311609 0.000000 0.000000
  15 -26.760207 -1.508923 -2.081266 -0.518806 0.821809 -0.235522 0.000000 0.000000
  15 -26.836637 -1.747142 -2.275200 -0.578459 0.494523 -0.648715 0.000000 0.000000
rubbergloveCHROME.bmp
  15 -26.836637 -1.747142 -2.275200 -0.578459 0.494523 -0.648715 0.000000 0.000000
  15 -26.760207 -1.508923 -2.081266 -0.518806 0.821809 -0.235522 0.000000 0.000000
  15 -26.678986 -1.527801 -2.236013 -0.289280 0.776915 -0.559214 0.000000 0.000000
rubbergloveCHROME.bmp
  15 -26.760207 -1.508923 -2.081266 -0.518806 0.821809 -0.235522 0.000000 0.000000
  15 -26.628946 -1.490105 -2.176221 -0.413118 0.805069 -0.425673 0.000000 0.000000
  15 -26.678986 -1.527801 -2.236013 -0.289280 0.776915 -0.559214 0.000000 0.000000
rubbergloveCHROME.bmp
  15 -26.678986 -1.527801 -2.236013 -0.289280 0.776915 -0.559214 0.000000 0.000000
  15 -26.628946 -1.490105 -2.176221 -0.413118 0.805069 -0.425673 0.000000 0.000000
  15 -26.580331 -1.541131 -2.226550 -0.059255 0.681242 -0.729656 0.000000 0.000000
rubbergloveCHROME.bmp
  15 -26.628946 -1.490105 -2.176221 -0.413118 0.805069 -0.425673 0.000000 0.000000
  15 -26.394775 -1.250226 -2.187263 -0.389982 0.383260 -0.837273 0.000000 0.000000
  15 -26.580331 -1.541131 -2.226550 -0.059255 0.681242 -0.729656 0.000000 0.000000
rubbergloveCHROME.bmp
  15 -26.580331 -1.541131 -2.226550 -0.059255 0.681242 -0.729656 0.000000 0.000000
  15 -26.394775 -1.250226 -2.187263 -0.389982 0.383260 -0.837273 0.000000 0.000000
  15 -26.291324 -1.345024 -2.215748 -0.218133 0.289719 -0.931923 0.000000 0.000000
rubbergloveCHROME.bmp
  15 -26.394775 -1.250226 -2.187263 -0.389982 0.383260 -0.837273 0.000000 0.000000
  14 -26.188496 -1.168954 -2.176778 -0.196026 0.328852 -0.923813 0.000000 0.000000
  15 -26.291324 -1.345024 -2.215748 -0.218133 0.289719 -0.931923 0.000000 0.000000
rubbergloveCHROME.bmp
  29 28.194379 -1.160854 -2.186729 0.196023 0.328858 -0.923811 0.000000 0.000000
  30 28.408815 -1.250387 -2.188821 0.389978 0.383259 -0.837275 0.000000 0.000000
  30 28.326836 -1.324234 -2.217561 0.218132 0.289721 -0.931923 0.000000 0.000000
rubbergloveCHROME.bmp
  30 28.326836 -1.324234 -2.217561 0.218132 0.289721 -0.931923 0.000000 0.000000
  30 28.408815 -1.250387 -2.188821 0.389978 0.383259 -0.837275 0.000000 0.000000
  30 28.559358 -1.533990 -2.223546 0.059255 0.681245 -0.729654 0.000000 0.000000
rubbergloveCHROME.bmp
  30 28.408815 -1.250387 -2.188821 0.389978 0.383259 -0.837275 0.000000 0.000000
  30 28.622855 -1.498132 -2.166253 0.413118 0.805068 -0.425675 0.000000 0.000000
  30 28.559358 -1.533990 -2.223546 0.059255 0.681245 -0.729654 0.000000 0.000000
rubbergloveCHROME.bmp
  30 28.559358 -1.533990 -2.223546 0.059255 0.681245 -0.729654 0.000000 0.000000
  30 28.622855 -1.498132 -2.166253 0.413118 0.805068 -0.425675 0.000000 0.000000
  30 28.672070 -1.520766 -2.234558 0.289281 0.776916 -0.559213 0.000000 0.000000
rubbergloveCHROME.bmp
  30 28.622855 -1.498132 -2.166253 0.413118 0.805068 -0.425675 0.000000 0.000000
  30 28.759108 -1.507988 -2.091167 0.518807 0.821808 -0.235523 0.000000 0.000000
  30 28.672070 -1.520766 -2.234558 0.289281 0.776916 -0.559213 0.000000 0.000000
rubbergloveCHROME.bmp
  30 28.672070 -1.520766 -2.234558 0.289281 0.776916 -0.559213 0.000000 0.000000
  30 28.759108 -1.507988 -2.091167 0.518807 0.821808 -0.235523 0.000000 0.000000
  30 28.822563 -1.747091 -2.273660 0.578458 0.494523 -0.648717 0.000000 0.000000
rubbergloveCHROME.bmp
  30 28.759108 -1.507988 -2.091167 0.518807 0.821808 -0.235523 0.000000 0.000000
  30 28.895286 -1.748280 -2.130098 0.746124 0.588386 -0.311611 0.000000 0.000000
  30 28.822563 -1.747091 -2.273660 0.578458 0.494523 -0.648717 0.000000 0.000000
rubbergloveCHROME.bmp
  30 28.822563 -1.747091 -2.273660 0.578458 0.494523 -0.648717 0.000000 0.000000
  30 28.895286 -1.748280 -2.130098 0.746124 0.588386 -0.311611 0.000000 0.000000
  30 28.979389 -1.951371 -2.321359 0.585321 0.404915 -0.702455 0.000000 0.000000
rubbergloveCHROME.bmp
  30 28.895286 -1.748280 -2.130098 0.746124 0.588386 -0.311611 0.000000 0.000000
  30 29.052112 -1.952560 -2.177797 0.766070 0.507340 -0.394643 0.000000 0.000000
  30 28.979389 -1.951371 -2.321359 0.585321 0.404915 -0.702455 0.000000 0.000000
rubbergloveCHROME.bmp
  30 28.979389 -1.951371 -2.321359 0.585321 0.404915 -0.702455 0.000000 0.000000
  30 29.052112 -1.952560 -2.177797 0.766070 0.507340 -0.394643 0.000000 0.000000
  30 29.126085 -2.158347 -2.267126 0.725773 -0.014511 -0.687781 0.000000 0.000000
rubbergloveCHROME.bmp
  30 29.052112 -1.952560 -2.177797 0.766070 0.507340 -0.394643 0.000000 0.000000
  30 29.171873 -2.118261 -2.177145 0.929339 0.095065 -0.356779 0.000000 0.000000
  30 29.126085 -2.158347 -2.267126 0.725773 -0.014511 -0.687781 0.000000 0.000000
rubbergloveCHROME.bmp
  30 29.126085 -2.158347 -2.267126 0.725773 -0.014511 -0.687781 0.000000 0.000000
  30 29.171873 -2.118261 -2.177145 0.929339 0.095065 -0.356779 0.000000 0.000000
  30 29.111725 -2.271644 -2.196009 0.627285 -0.674717 -0.388935 0.000000 0.000000
rubbergloveCHROME.bmp
  30 29.171873 -2.118261 -2.177145 0.929339 0.095065 -0.356779 0.000000 0.000000
  30 29.154573 -2.271797 -2.129949 0.778642 -0.583436 -0.230909 0.000000 0.000000
  30 29.111725 -2.271644 -2.196009 0.627285 -0.674717 -0.388935 0.000000 0.000000
rubbergloveCHROME.bmp
  30 29.111725 -2.271644 -2.196009 0.627285 -0.674717 -0.388935 0.000000 0.000000
  30 29.154573 -2.271797 -2.129949 0.778642 -0.583436 -0.230909 0.000000 0.000000
  30 29.030537 -2.316027 -2.090469 0.500271 -0.857316 -0.121404 0.000000 0.000000
rubbergloveCHROME.bmp
  30 29.154573 -2.271797 -2.129949 0.778642 -0.583436 -0.230909 0.000000 0.000000
  30 29.199183 -2.272773 -1.983290 0.748418 -0.661184 -0.052026 0.000000 0.000000
  30 29.030537 -2.316027 -2.090469 0.500271 -0.857316 -0.121404 0.000000 0.000000
rubbergloveCHROME.bmp
  30 29.030537 -2.316027 -2.090469 0.500271 -0.857316 -0.121404 0.000000 0.000000
  30 29.199183 -2.272773 -1.983290 0.748418 -0.661184 -0.052026 0.000000 0.000000
  30 29.080963 -2.323104 -1.955166 0.596557 -0.799044 -0.075153 0.000000 0.000000
rubbergloveCHROME.bmp
  30 29.199183 -2.272773 -1.983290 0.748418 -0.661184 -0.052026 0.000000 0.000000
  30 29.156626 -2.284054 -1.787684 0.688351 -0.720075 0.087554 0.000000 0.000000
  30 29.080963 -2.323104 -1.955166 0.596557 -0.799044 -0.075153 0.000000 0.000000
rubbergloveCHROME.bmp
  30 29.080963 -2.323104 -1.955166 0.596557 -0.799044 -0.075153 0.000000 0.000000
  30 29.156626 -2.284054 -1.787684 0.688351 -0.720075 0.087554 0.000000 0.000000
  30 29.071254 -2.339707 -1.783906 0.599043 -0.788793 0.137667 0.000000 0.000000
rubbergloveCHROME.bmp
  30 29.156626 -2.284054 -1.787684 0.688351 -0.720075 0.087554 0.000000 0.000000
  30 29.151230 -2.291861 -1.707000 0.703162 -0.584833 0.404394 0.000000 0.000000
  30 29.071254 -2.339707 -1.783906 0.599043 -0.788793 0.137667 0.000000 0.000000
rubbergloveCHROME.bmp
  30 29.071254 -2.339707 -1.783906 0.599043 -0.788793 0.137667 0.000000 0.000000
  30 29.151230 -2.291861 -1.707000 0.703162 -0.584833 0.404394 0.000000 0.000000
  30 29.002166 -2.310866 -1.702696 0.530092 -0.650023 0.544493 0.000000 0.000000
rubbergloveCHROME.bmp
  30 29.151230 -2.291861 -1.707000 0.703162 -0.584833 0.404394 0.000000 0.000000
  30 29.127251 -2.223099 -1.606516 0.573249 -0.291901 0.765624 0.000000 0.000000
  30 29.002166 -2.310866 -1.702696 0.530092 -0.650023 0.544493 0.000000 0.000000
rubbergloveCHROME.bmp
  30 29.002166 -2.310866 -1.702696 0.530092 -0.650023 0.544493 0.000000 0.000000
  30 29.127251 -2.223099 -1.606516 0.573249 -0.291901 0.765624 0.000000 0.000000
  30 28.984570 -2.277339 -1.606434 0.381615 -0.324389 0.865530 0.000000 0.000000
rubbergloveCHROME.bmp
  30 29.127251 -2.223099 -1.606516 0.573249 -0.291901 0.765624 0.000000 0.000000
  30 29.043132 -2.007256 -1.545399 0.524332 0.069242 0.848694 0.000000 0.000000
  30 28.984570 -2.277339 -1.606434 0.381615 -0.324389 0.865530 0.000000 0.000000
rubbergloveCHROME.bmp
  30 28.984570 -2.277339 -1.606434 0.381615 -0.324389 0.865530 0.000000 0.000000
  30 29.043132 -2.007256 -1.545399 0.524332 0.069242 0.848694 0.000000 0.000000
  30 28.812459 -2.056737 -1.504883 0.300190 -0.089840 0.949639 0.000000 0.000000
rubbergloveCHROME.bmp
  30 29.043132 -2.007256 -1.545399 0.524332 0.069242 0.848694 0.000000 0.000000
  30 28.886306 -1.802976 -1.497700 0.499888 0.166928 0.849851 0.000000 0.000000
  30 28.812459 -2.056737 -1.504883 0.300190 -0.089840 0.949639 0.000000 0.000000
rubbergloveCHROME.bmp
  30 28.812459 -2.056737 -1.504883 0.300190 -0.089840 0.949639 0.000000 0.000000
  30 28.886306 -1.802976 -1.497700 0.499888 0.166928 0.849851 0.000000 0.000000
  30 28.738116 -1.894322 -1.480507 0.298393 0.014843 0.954328 0.000000 0.000000
rubbergloveCHROME.bmp
  30 28.886306 -1.802976 -1.497700 0.499888 0.166928 0.849851 0.000000 0.000000
  30 28.722580 -1.591606 -1.448537 0.116390 0.438884 0.890974 0.000000 0.000000
  30 28.738116 -1.894322 -1.480507 0.298393 0.014843 0.954328 0.000000 0.000000
rubbergloveCHROME.bmp
  30 28.738116 -1.894322 -1.480507 0.298393 0.014843 0.954328 0.000000 0.000000
  30 28.722580 -1.591606 -1.448537 0.116390 0.438884 0.890974 0.000000 0.000000
  30 28.567233 -1.689935 -1.431258 0.313754 0.341894 0.885814 0.000000 0.000000
rubbergloveCHROME.bmp
  30 28.722580 -1.591606 -1.448537 0.116390 0.438884 0.890974 0.000000 0.000000
  30 28.683238 -1.580348 -1.483542 0.011845 0.597120 0.802065 0.000000 0.000000
  30 28.567233 -1.689935 -1.431258 0.313754 0.341894 0.885814 0.000000 0.000000
rubbergloveCHROME.bmp
  30 28.567233 -1.689935 -1.431258 0.313754 0.341894 0.885814 0.000000 0.000000
  30 28.683238 -1.580348 -1.483542 0.011845 0.597120 0.802065 0.000000 0.000000
  30 28.564501 -1.658823 -1.458176 0.256866 0.383258 0.887205 0.000000 0.000000
rubbergloveCHROME.bmp
  30 28.683238 -1.580348 -1.483542 0.011845 0.597120 0.802065 0.000000 0.000000
  30 28.400468 -1.404248 -1.414768 0.450430 0.153653 0.879491 0.000000 0.000000
  30 28.564501 -1.658823 -1.458176 0.256866 0.383258 0.887205 0.000000 0.000000
rubbergloveCHROME.bmp
  13 -24.976098 -0.805361 -2.027954 0.496273 -0.400011 -0.770522 0.000000 0.000000
  14 -25.244508 -1.043990 -2.071081 0.504597 -0.438400 -0.743765 0.000000 0.000000
  13 -25.048402 -0.722528 -2.118567 0.404441 -0.190770 -0.894447 0.000000 0.000000
rubbergloveCHROME.bmp
  13 -25.048402 -0.722528 -2.118567 0.404441 -0.190770 -0.894447 0.000000 0.000000
  14 -25.244508 -1.043990 -2.071081 0.504597 -0.438400 -0.743765 0.000000 0.000000
  14 -25.310276 -0.927196 -2.167693 0.316967 -0.224565 -0.921468 0.000000 0.000000
rubbergloveCHROME.bmp
  14 -25.244508 -1.043990 -2.071081 0.504597 -0.438400 -0.743765 0.000000 0.000000
  14 -25.385679 -1.125916 -2.094723 0.388687 -0.437668 -0.810783 0.000000 0.000000
  14 -25.310276 -0.927196 -2.167693 0.316967 -0.224565 -0.921468 0.000000 0.000000
rubbergloveCHROME.bmp
  14 -25.310276 -0.927196 -2.167693 0.316967 -0.224565 -0.921468 0.000000 0.000000
  14 -25.385679 -1.125916 -2.094723 0.388687 -0.437668 -0.810783 0.000000 0.000000
  14 -25.507973 -1.050335 -2.201642 0.217914 -0.304945 -0.927104 0.000000 0.000000
rubbergloveCHROME.bmp
  14 -25.385679 -1.125916 -2.094723 0.388687 -0.437668 -0.810783 0.000000 0.000000
  14 -25.544253 -1.224631 -2.091620 0.352867 -0.403684 -0.844112 0.000000 0.000000
  14 -25.507973 -1.050335 -2.201642 0.217914 -0.304945 -0.927104 0.000000 0.000000
rubbergloveCHROME.bmp
  14 -25.507973 -1.050335 -2.201642 0.217914 -0.304945 -0.927104 0.000000 0.000000
  14 -25.544253 -1.224631 -2.091620 0.352867 -0.403684 -0.844112 0.000000 0.000000
  14 -25.601957 -1.114008 -2.198076 0.278478 -0.293282 -0.914569 0.000000 0.000000
rubbergloveCHROME.bmp
  14 -25.544253 -1.224631 -2.091620 0.352867 -0.403684 -0.844112 0.000000 0.000000
  14 -25.705770 -1.354440 -2.132386 0.445423 -0.290703 -0.846812 0.000000 0.000000
  14 -25.601957 -1.114008 -2.198076 0.278478 -0.293282 -0.914569 0.000000 0.000000
rubbergloveCHROME.bmp
  14 -25.601957 -1.114008 -2.198076 0.278478 -0.293282 -0.914569 0.000000 0.000000
  14 -25.705770 -1.354440 -2.132386 0.445423 -0.290703 -0.846812 0.000000 0.000000
  14 -25.773605 -1.225554 -2.207797 0.221836 -0.081320 -0.971687 0.000000 0.000000
rubbergloveCHROME.bmp
  14 -25.705770 -1.354440 -2.132386 0.445423 -0.290703 -0.846812 0.000000 0.000000
  14 -25.901203 -1.378083 -2.237013 0.348609 -0.159345 -0.923624 0.000000 0.000000
  14 -25.773605 -1.225554 -2.207797 0.221836 -0.081320 -0.971687 0.000000 0.000000
rubbergloveCHROME.bmp
  14 -25.773605 -1.225554 -2.207797 0.221836 -0.081320 -0.971687 0.000000 0.000000
  14 -25.901203 -1.378083 -2.237013 0.348609 -0.159345 -0.923624 0.000000 0.000000
  14 -26.102062 -1.252884 -2.266695 -0.064833 0.215910 -0.974258 0.000000 0.000000
rubbergloveCHROME.bmp
  14 -25.901203 -1.378083 -2.237013 0.348609 -0.159345 -0.923624 0.000000 0.000000
  15 -26.037209 -1.485983 -2.252579 0.346813 -0.159058 -0.924349 0.000000 0.000000
  14 -26.102062 -1.252884 -2.266695 -0.064833 0.215910 -0.974258 0.000000 0.000000
rubbergloveCHROME.bmp
  14 -26.102062 -1.252884 -2.266695 -0.064833 0.215910 -0.974258 0.000000 0.000000
  15 -26.037209 -1.485983 -2.252579 0.346813 -0.159058 -0.924349 0.000000 0.000000
  15 -26.197033 -1.406836 -2.292484 -0.121099 0.192408 -0.973814 0.000000 0.000000
rubbergloveCHROME.bmp
  15 -26.037209 -1.485983 -2.252579 0.346813 -0.159058 -0.924349 0.000000 0.000000
  15 -26.243464 -1.798155 -2.296257 0.346813 -0.159058 -0.924349 0.000000 0.000000
  15 -26.197033 -1.406836 -2.292484 -0.121099 0.192408 -0.973814 0.000000 0.000000
rubbergloveCHROME.bmp
  15 -26.197033 -1.406836 -2.292484 -0.121099 0.192408 -0.973814 0.000000 0.000000
  15 -26.243464 -1.798155 -2.296257 0.346813 -0.159058 -0.924349 0.000000 0.000000
  15 -26.406226 -1.678769 -2.312242 -0.114768 0.153182 -0.981511 0.000000 0.000000
rubbergloveCHROME.bmp
  15 -26.243464 -1.798155 -2.296257 0.346813 -0.159058 -0.924349 0.000000 0.000000
  15 -26.396331 -1.955106 -2.318572 0.308434 -0.212767 -0.927146 0.000000 0.000000
  15 -26.406226 -1.678769 -2.312242 -0.114768 0.153182 -0.981511 0.000000 0.000000
rubbergloveCHROME.bmp
  15 -26.406226 -1.678769 -2.312242 -0.114768 0.153182 -0.981511 0.000000 0.000000
  15 -26.396331 -1.955106 -2.318572 0.308434 -0.212767 -0.927146 0.000000 0.000000
  15 -26.538704 -1.857660 -2.324410 0.003575 0.089338 -0.995995 0.000000 0.000000
rubbergloveCHROME.bmp
  15 -26.396331 -1.955106 -2.318572 0.308434 -0.212767 -0.927146 0.000000 0.000000
  15 -26.516608 -2.092662 -2.315162 0.312474 -0.313912 -0.896560 0.000000 0.000000
  15 -26.538704 -1.857660 -2.324410 0.003575 0.089338 -0.995995 0.000000 0.000000
rubbergloveCHROME.bmp
  15 -26.538704 -1.857660 -2.324410 0.003575 0.089338 -0.995995 0.000000 0.000000
  15 -26.516608 -2.092662 -2.315162 0.312474 -0.313912 -0.896560 0.000000 0.000000
  15 -26.690488 -2.013622 -2.356616 -0.021484 0.044256 -0.998789 0.000000 0.000000
rubbergloveCHROME.bmp
  15 -26.516608 -2.092662 -2.315162 0.312474 -0.313912 -0.896560 0.000000 0.000000
  15 -26.744655 -2.283235 -2.298520 0.202021 -0.540593 -0.816668 0.000000 0.000000
  15 -26.690488 -2.013622 -2.356616 -0.021484 0.044256 -0.998789 0.000000 0.000000
rubbergloveCHROME.bmp
  15 -26.690488 -2.013622 -2.356616 -0.021484 0.044256 -0.998789 0.000000 0.000000
  15 -26.744655 -2.283235 -2.298520 0.202021 -0.540593 -0.816668 0.000000 0.000000
  15 -26.855151 -2.210753 -2.333693 -0.151970 -0.294961 -0.943347 0.000000 0.000000
rubbergloveCHROME.bmp
  15 -26.744655 -2.283235 -2.298520 0.202021 -0.540593 -0.816668 0.000000 0.000000
  15 -26.847594 -2.373191 -2.197470 0.016368 -0.862457 -0.505865 0.000000 0.000000
  15 -26.855151 -2.210753 -2.333693 -0.151970 -0.294961 -0.943347 0.000000 0.000000
rubbergloveCHROME.bmp
  15 -26.855151 -2.210753 -2.333693 -0.151970 -0.294961 -0.943347 0.000000 0.000000
  15 -26.847594 -2.373191 -2.197470 0.016368 -0.862457 -0.505865 0.000000 0.000000
  15 -26.985946 -2.314995 -2.237120 -0.394710 -0.696528 -0.599210 0.000000 0.000000
rubbergloveCHROME.bmp
  15 -26.847594 -2.373191 -2.197470 0.016368 -0.862457 -0.505865 0.000000 0.000000
  15 -26.906569 -2.417480 -2.046604 -0.197335 -0.957094 -0.212203 0.000000 0.000000
  15 -26.985946 -2.314995 -2.237120 -0.394710 -0.696528 -0.599210 0.000000 0.000000
rubbergloveCHROME.bmp
  15 -26.985946 -2.314995 -2.237120 -0.394710 -0.696528 -0.599210 0.000000 0.000000
  15 -26.906569 -2.417480 -2.046604 -0.197335 -0.957094 -0.212203 0.000000 0.000000
  15 -27.025047 -2.353077 -2.073349 -0.604679 -0.767529 -0.212749 0.000000 0.000000
rubbergloveCHROME.bmp
  15 -26.906569 -2.417480 -2.046604 -0.197335 -0.957094 -0.212203 0.000000 0.000000
  15 -27.025064 -2.365830 -1.943206 -0.596555 -0.799046 -0.075151 0.000000 0.000000
  15 -27.025047 -2.353077 -2.073349 -0.604679 -0.767529 -0.212749 0.000000 0.000000
rubbergloveCHROME.bmp
  15 -27.025047 -2.353077 -2.073349 -0.604679 -0.767529 -0.212749 0.000000 0.000000
  15 -27.025064 -2.365830 -1.943206 -0.596555 -0.799046 -0.075151 0.000000 0.000000
  15 -27.073001 -2.314970 -1.963585 -0.596555 -0.799046 -0.075151 0.000000 0.000000
rubbergloveCHROME.bmp
  7 -24.925596 -0.920853 0.863739 0.365661 -0.384176 0.847762 0.000000 0.000000
  7 -24.936271 -0.993187 0.770177 0.434728 -0.575579 0.692618 0.000000 0.000000
  7 -24.718491 -0.752214 0.759970 0.408752 -0.385641 0.827165 0.000000 0.000000
rubbergloveCHROME.bmp
  7 -24.718491 -0.752214 0.759970 0.408752 -0.385641 0.827165 0.000000 0.000000
  7 -24.936271 -0.993187 0.770177 0.434728 -0.575579 0.692618 0.000000 0.000000
  7 -24.655474 -0.842826 0.749085 0.519557 -0.548071 0.655499 0.000000 0.000000
rubbergloveCHROME.bmp
  7 -24.936271 -0.993187 0.770177 0.434728 -0.575579 0.692618 0.000000 0.000000
  7 -24.915852 -1.079184 0.703937 0.502855 -0.744745 0.438738 0.000000 0.000000
  7 -24.655474 -0.842826 0.749085 0.519557 -0.548071 0.655499 0.000000 0.000000
rubbergloveCHROME.bmp
  7 -24.655474 -0.842826 0.749085 0.519557 -0.548071 0.655499 0.000000 0.000000
  7 -24.915852 -1.079184 0.703937 0.502855 -0.744745 0.438738 0.000000 0.000000
  7 -24.646243 -0.918966 0.480911 0.680722 -0.731862 0.031569 0.000000 0.000000
rubbergloveCHROME.bmp
  7 -24.915852 -1.079184 0.703937 0.502855 -0.744745 0.438738 0.000000 0.000000
  7 -24.935058 -1.143470 0.539930 0.577621 -0.815724 0.030814 0.000000 0.000000
  7 -24.646243 -0.918966 0.480911 0.680722 -0.731862 0.031569 0.000000 0.000000
rubbergloveCHROME.bmp
  7 -24.646243 -0.918966 0.480911 0.680722 -0.731862 0.031569 0.000000 0.000000
  7 -24.935058 -1.143470 0.539930 0.577621 -0.815724 0.030814 0.000000 0.000000
  7 -24.702349 -0.922924 0.326844 0.580205 -0.700235 -0.415973 0.000000 0.000000
rubbergloveCHROME.bmp
  7 -24.935058 -1.143470 0.539930 0.577621 -0.815724 0.030814 0.000000 0.000000
  7 -25.003369 -1.158667 0.408771 0.499289 -0.796255 -0.341596 0.000000 0.000000
  7 -24.702349 -0.922924 0.326844 0.580205 -0.700235 -0.415973 0.000000 0.000000
rubbergloveCHROME.bmp
  7 -24.702349 -0.922924 0.326844 0.580205 -0.700235 -0.415973 0.000000 0.000000
  7 -25.003369 -1.158667 0.408771 0.499289 -0.796255 -0.341596 0.000000 0.000000
  7 -24.897282 -0.861469 0.165834 0.423807 -0.578365 -0.697052 0.000000 0.000000
rubbergloveCHROME.bmp
  7 -25.003369 -1.158667 0.408771 0.499289 -0.796255 -0.341596 0.000000 0.000000
  7 -25.075794 -1.070533 0.238810 0.310266 -0.698314 -0.645052 0.000000 0.000000
  7 -24.897282 -0.861469 0.165834 0.423807 -0.578365 -0.697052 0.000000 0.000000
rubbergloveCHROME.bmp
  7 -24.897282 -0.861469 0.165834 0.423807 -0.578365 -0.697052 0.000000 0.000000
  7 -25.075794 -1.070533 0.238810 0.310266 -0.698314 -0.645052 0.000000 0.000000
  7 -24.918220 -0.839614 0.156671 0.288386 -0.466071 -0.836428 0.000000 0.000000
rubbergloveCHROME.bmp
  7 -25.075794 -1.070533 0.238810 0.310266 -0.698314 -0.645052 0.000000 0.000000
  7 -25.131024 -1.063967 0.195145 0.256236 -0.668788 -0.697901 0.000000 0.000000
  7 -24.918220 -0.839614 0.156671 0.288386 -0.466071 -0.836428 0.000000 0.000000
rubbergloveCHROME.bmp
  7 -24.918220 -0.839614 0.156671 0.288386 -0.466071 -0.836428 0.000000 0.000000
  7 -25.131024 -1.063967 0.195145 0.256236 -0.668788 -0.697901 0.000000 0.000000
  7 -25.194630 -1.077926 0.154409 0.259794 -0.531249 -0.806401 0.000000 0.000000
rubbergloveCHROME.bmp
  7 -25.131024 -1.063967 0.195145 0.256236 -0.668788 -0.697901 0.000000 0.000000
  7 -25.148476 -1.107207 0.251941 0.273460 -0.803882 -0.528199 0.000000 0.000000
  7 -25.194630 -1.077926 0.154409 0.259794 -0.531249 -0.806401 0.000000 0.000000
rubbergloveCHROME.bmp
  7 -25.194630 -1.077926 0.154409 0.259794 -0.531249 -0.806401 0.000000 0.000000
  7 -25.148476 -1.107207 0.251941 0.273460 -0.803882 -0.528199 0.000000 0.000000
  8 -25.309105 -1.181519 0.229723 0.471568 -0.508721 -0.720296 0.000000 0.000000
rubbergloveCHROME.bmp
  7 -25.148476 -1.107207 0.251941 0.273460 -0.803882 -0.528199 0.000000 0.000000
  8 -25.245355 -1.220684 0.295314 0.607408 -0.644676 -0.464164 0.000000 0.000000
  8 -25.309105 -1.181519 0.229723 0.471568 -0.508721 -0.720296 0.000000 0.000000
rubbergloveCHROME.bmp
  8 -25.309105 -1.181519 0.229723 0.471568 -0.508721 -0.720296 0.000000 0.000000
  8 -25.245355 -1.220684 0.295314 0.607408 -0.644676 -0.464164 0.000000 0.000000
  8 -25.312994 -1.364247 0.327168 0.591979 -0.557122 -0.582388 0.000000 0.000000
rubbergloveCHROME.bmp
  8 -25.245355 -1.220684 0.295314 0.607408 -0.644676 -0.464164 0.000000 0.000000
  8 -25.171580 -1.239777 0.428703 0.705219 -0.647247 -0.289373 0.000000 0.000000
  8 -25.312994 -1.364247 0.327168 0.591979 -0.557122 -0.582388 0.000000 0.000000
rubbergloveCHROME.bmp
  8 -25.312994 -1.364247 0.327168 0.591979 -0.557122 -0.582388 0.000000 0.000000
  8 -25.171580 -1.239777 0.428703 0.705219 -0.647247 -0.289373 0.000000 0.000000
  8 -25.220955 -1.408791 0.500790 0.761472 -0.571301 -0.306227 0.000000 0.000000
rubbergloveCHROME.bmp
  8 -25.171580 -1.239777 0.428703 0.705219 -0.647247 -0.289373 0.000000 0.000000
  8 -25.223580 -1.387124 0.580312 0.802568 -0.595016 -0.042888 0.000000 0.000000
  8 -25.220955 -1.408791 0.500790 0.761472 -0.571301 -0.306227 0.000000 0.000000
rubbergloveCHROME.bmp
  8 -25.220955 -1.408791 0.500790 0.761472 -0.571301 -0.306227 0.000000 0.000000
  8 -25.223580 -1.387124 0.580312 0.802568 -0.595016 -0.042888 0.000000 0.000000
  8 -25.591414 -1.732316 0.528929 0.517073 -0.814462 -0.263225 0.000000 0.000000
rubbergloveCHROME.bmp
  8 -25.223580 -1.387124 0.580312 0.802568 -0.595016 -0.042888 0.000000 0.000000
  8 -25.505083 -1.690648 0.787020 0.629813 -0.761171 0.154773 0.000000 0.000000
  8 -25.591414 -1.732316 0.528929 0.517073 -0.814462 -0.263225 0.000000 0.000000
rubbergloveCHROME.bmp
  8 -25.591414 -1.732316 0.528929 0.517073 -0.814462 -0.263225 0.000000 0.000000
  8 -25.505083 -1.690648 0.787020 0.629813 -0.761171 0.154773 0.000000 0.000000
  8 -25.762551 -1.833659 0.895456 0.471448 -0.879596 0.063623 0.000000 0.000000
rubbergloveCHROME.bmp
  8 -25.505083 -1.690648 0.787020 0.629813 -0.761171 0.154773 0.000000 0.000000
  8 -25.768658 -1.800493 0.944064 0.437498 -0.614983 0.656043 0.000000 0.000000
  8 -25.762551 -1.833659 0.895456 0.471448 -0.879596 0.063623 0.000000 0.000000
rubbergloveCHROME.bmp
  8 -25.762551 -1.833659 0.895456 0.471448 -0.879596 0.063623 0.000000 0.000000
  8 -25.768658 -1.800493 0.944064 0.437498 -0.614983 0.656043 0.000000 0.000000
  8 -25.930711 -1.893438 0.943920 0.454739 -0.729319 0.511181 0.000000 0.000000
rubbergloveCHROME.bmp
  8 -25.768658 -1.800493 0.944064 0.437498 -0.614983 0.656043 0.000000 0.000000
  8 -25.811043 -1.732019 0.974309 0.419234 -0.533158 0.734837 0.000000 0.000000
  8 -25.930711 -1.893438 0.943920 0.454739 -0.729319 0.511181 0.000000 0.000000
rubbergloveCHROME.bmp
  8 -25.930711 -1.893438 0.943920 0.454739 -0.729319 0.511181 0.000000 0.000000
  8 -25.811043 -1.732019 0.974309 0.419234 -0.533158 0.734837 0.000000 0.000000
  9 -25.998641 -1.867230 0.991463 0.390393 -0.596213 0.701515 0.000000 0.000000
rubbergloveCHROME.bmp
  18 -25.427861 -0.850578 -3.252525 0.183057 0.833684 -0.521019 0.000000 0.000000
  18 -25.548960 -1.111748 -3.292842 -0.349587 0.311817 -0.883492 0.000000 0.000000
  18 -25.502835 -0.808815 -3.178804 -0.278811 0.799592 -0.531899 0.000000 0.000000
rubbergloveCHROME.bmp
  18 -25.502835 -0.808815 -3.178804 -0.278811 0.799592 -0.531899 0.000000 0.000000
  18 -25.548960 -1.111748 -3.292842 -0.349587 0.311817 -0.883492 0.000000 0.000000
  18 -25.655862 -1.086924 -3.209440 -0.587117 0.461140 -0.665315 0.000000 0.000000
rubbergloveCHROME.bmp
  18 -25.548960 -1.111748 -3.292842 -0.349587 0.311817 -0.883492 0.000000 0.000000
  18 -25.724121 -1.312966 -3.313584 -0.312926 0.244743 -0.917703 0.000000 0.000000
  18 -25.655862 -1.086924 -3.209440 -0.587117 0.461140 -0.665315 0.000000 0.000000
rubbergloveCHROME.bmp
  18 -25.655862 -1.086924 -3.209440 -0.587117 0.461140 -0.665315 0.000000 0.000000
  18 -25.724121 -1.312966 -3.313584 -0.312926 0.244743 -0.917703 0.000000 0.000000
  18 -25.828381 -1.300114 -3.242417 -0.559303 0.436089 -0.704987 0.000000 0.000000
rubbergloveCHROME.bmp
  18 -25.724121 -1.312966 -3.313584 -0.312926 0.244743 -0.917703 0.000000 0.000000
  18 -25.875000 -1.475208 -3.310008 -0.363857 -0.122531 -0.923360 0.000000 0.000000
  18 -25.828381 -1.300114 -3.242417 -0.559303 0.436089 -0.704987 0.000000 0.000000
rubbergloveCHROME.bmp
  18 -25.828381 -1.300114 -3.242417 -0.559303 0.436089 -0.704987 0.000000 0.000000
  18 -25.875000 -1.475208 -3.310008 -0.363857 -0.122531 -0.923360 0.000000 0.000000
  18 -25.942134 -1.482205 -3.244098 -0.714243 0.003408 -0.699890 0.000000 0.000000
rubbergloveCHROME.bmp
  18 -25.875000 -1.475208 -3.310008 -0.363857 -0.122531 -0.923360 0.000000 0.000000
  18 -25.925004 -1.549031 -3.232228 -0.229429 -0.843368 -0.485894 0.000000 0.000000
  18 -25.942134 -1.482205 -3.244098 -0.714243 0.003408 -0.699890 0.000000 0.000000
rubbergloveCHROME.bmp
  18 -25.942134 -1.482205 -3.244098 -0.714243 0.003408 -0.699890 0.000000 0.000000
  18 -25.925004 -1.549031 -3.232228 -0.229429 -0.843368 -0.485894 0.000000 0.000000
  18 -25.991860 -1.569906 -3.169025 -0.602210 -0.718767 -0.347443 0.000000 0.000000
rubbergloveCHROME.bmp
  18 -25.925004 -1.549031 -3.232228 -0.229429 -0.843368 -0.485894 0.000000 0.000000
  18 -25.910150 -1.570096 -3.085818 -0.207936 -0.954468 -0.213901 0.000000 0.000000
  18 -25.991860 -1.569906 -3.169025 -0.602210 -0.718767 -0.347443 0.000000 0.000000
rubbergloveCHROME.bmp
  18 -25.991860 -1.569906 -3.169025 -0.602210 -0.718767 -0.347443 0.000000 0.000000
  18 -25.910150 -1.570096 -3.085818 -0.207936 -0.954468 -0.213901 0.000000 0.000000
  18 -26.041249 -1.571402 -3.055630 -0.644365 -0.748610 -0.156131 0.000000 0.000000
rubbergloveCHROME.bmp
  18 -25.910150 -1.570096 -3.085818 -0.207936 -0.954468 -0.213901 0.000000 0.000000
  18 -25.980202 -1.551244 -3.004965 -0.474765 -0.873985 -0.103678 0.000000 0.000000
  18 -26.041249 -1.571402 -3.055630 -0.644365 -0.748610 -0.156131 0.000000 0.000000
rubbergloveCHROME.bmp
  18 -26.041249 -1.571402 -3.055630 -0.644365 -0.748610 -0.156131 0.000000 0.000000
  18 -25.980202 -1.551244 -3.004965 -0.474765 -0.873985 -0.103678 0.000000 0.000000
  18 -26.114387 -1.552393 -2.902041 -0.677025 -0.735869 0.011569 0.000000 0.000000
rubbergloveCHROME.bmp
  18 -25.980202 -1.551244 -3.004965 -0.474765 -0.873985 -0.103678 0.000000 0.000000
  18 -26.004838 -1.554366 -2.843772 -0.588031 -0.807218 0.051171 0.000000 0.000000
  18 -26.114387 -1.552393 -2.902041 -0.677025 -0.735869 0.011569 0.000000 0.000000
rubbergloveCHROME.bmp
  18 -26.114387 -1.552393 -2.902041 -0.677025 -0.735869 0.011569 0.000000 0.000000
  18 -26.004838 -1.554366 -2.843772 -0.588031 -0.807218 0.051171 0.000000 0.000000
  18 -26.075363 -1.494913 -2.786398 -0.767186 -0.585749 0.261387 0.000000 0.000000
rubbergloveCHROME.bmp
  18 -26.004838 -1.554366 -2.843772 -0.588031 -0.807218 0.051171 0.000000 0.000000
  18 -26.010842 -1.528360 -2.756093 -0.642015 -0.658206 0.393168 0.000000 0.000000
  18 -26.075363 -1.494913 -2.786398 -0.767186 -0.585749 0.261387 0.000000 0.000000
rubbergloveCHROME.bmp
  18 -26.075363 -1.494913 -2.786398 -0.767186 -0.585749 0.261387 0.000000 0.000000
  18 -26.010842 -1.528360 -2.756093 -0.642015 -0.658206 0.393168 0.000000 0.000000
  18 -26.070463 -1.430587 -2.709339 -0.747303 -0.220004 0.627006 0.000000 0.000000
rubbergloveCHROME.bmp
  18 -26.010842 -1.528360 -2.756093 -0.642015 -0.658206 0.393168 0.000000 0.000000
  18 -26.025857 -1.498165 -2.690802 -0.594363 -0.242815 0.766664 0.000000 0.000000
  18 -26.070463 -1.430587 -2.709339 -0.747303 -0.220004 0.627006 0.000000 0.000000
rubbergloveCHROME.bmp
  18 -26.070463 -1.430587 -2.709339 -0.747303 -0.220004 0.627006 0.000000 0.000000
  18 -26.025857 -1.498165 -2.690802 -0.594363 -0.242815 0.766664 0.000000 0.000000
  18 -25.968890 -1.256995 -2.628415 -0.648130 0.138717 0.748789 0.000000 0.000000
rubbergloveCHROME.bmp
  18 -26.025857 -1.498165 -2.690802 -0.594363 -0.242815 0.766664 0.000000 0.000000
  18 -25.842129 -1.312949 -2.587172 -0.492053 0.049908 0.869134 0.000000 0.000000
  18 -25.968890 -1.256995 -2.628415 -0.648130 0.138717 0.748789 0.000000 0.000000
rubbergloveCHROME.bmp
  18 -25.968890 -1.256995 -2.628415 -0.648130 0.138717 0.748789 0.000000 0.000000
  18 -25.842129 -1.312949 -2.587172 -0.492053 0.049908 0.869134 0.000000 0.000000
  18 -25.819287 -1.064934 -2.563368 -0.620595 0.213605 0.754476 0.000000 0.000000
rubbergloveCHROME.bmp
  18 -25.842129 -1.312949 -2.587172 -0.492053 0.049908 0.869134 0.000000 0.000000
  18 -25.712718 -1.141140 -2.531186 -0.426516 0.066705 0.902017 0.000000 0.000000
  18 -25.819287 -1.064934 -2.563368 -0.620595 0.213605 0.754476 0.000000 0.000000
rubbergloveCHROME.bmp
  18 -25.819287 -1.064934 -2.563368 -0.620595 0.213605 0.754476 0.000000 0.000000
  18 -25.712718 -1.141140 -2.531186 -0.426516 0.066705 0.902017 0.000000 0.000000
  18 -25.685980 -0.847679 -2.518314 -0.157075 0.588277 0.793257 0.000000 0.000000
rubbergloveCHROME.bmp
  18 -25.712718 -1.141140 -2.531186 -0.426516 0.066705 0.902017 0.000000 0.000000
  18 -25.560751 -0.947172 -2.475666 -0.465791 0.371091 0.803324 0.000000 0.000000
  18 -25.685980 -0.847679 -2.518314 -0.157075 0.588277 0.793257 0.000000 0.000000
rubbergloveCHROME.bmp
  18 -25.685980 -0.847679 -2.518314 -0.157075 0.588277 0.793257 0.000000 0.000000
  18 -25.560751 -0.947172 -2.475666 -0.465791 0.371091 0.803324 0.000000 0.000000
  18 -25.641763 -0.861809 -2.552154 -0.295806 0.570212 0.766392 0.000000 0.000000
rubbergloveCHROME.bmp
  18 -25.560751 -0.947172 -2.475666 -0.465791 0.371091 0.803324 0.000000 0.000000
  18 -25.551851 -0.911791 -2.508362 -0.530557 0.466447 0.707769 0.000000 0.000000
  18 -25.641763 -0.861809 -2.552154 -0.295806 0.570212 0.766392 0.000000 0.000000
rubbergloveCHROME.bmp
  12 -27.459255 -2.315660 -0.992054 -0.740490 -0.213159 -0.637367 0.000000 0.000000
  12 -27.442964 -2.157840 -1.129266 -0.580505 0.088359 -0.809448 0.000000 0.000000
  12 -27.344674 -2.257678 -1.109991 -0.421004 0.024106 -0.906738 0.000000 0.000000
rubbergloveCHROME.bmp
  12 -27.344674 -2.257678 -1.109991 -0.421004 0.024106 -0.906738 0.000000 0.000000
  12 -27.442964 -2.157840 -1.129266 -0.580505 0.088359 -0.809448 0.000000 0.000000
  12 -27.244022 -1.989036 -1.134500 -0.276311 0.186683 -0.942763 0.000000 0.000000
rubbergloveCHROME.bmp
  12 -27.442964 -2.157840 -1.129266 -0.580505 0.088359 -0.809448 0.000000 0.000000
  12 -27.301557 -1.934365 -1.004113 -0.656803 0.645448 -0.389882 0.000000 0.000000
  12 -27.244022 -1.989036 -1.134500 -0.276311 0.186683 -0.942763 0.000000 0.000000
rubbergloveCHROME.bmp
  12 -27.244022 -1.989036 -1.134500 -0.276311 0.186683 -0.942763 0.000000 0.000000
  12 -27.301557 -1.934365 -1.004113 -0.656803 0.645448 -0.389882 0.000000 0.000000
  12 -27.130339 -1.862541 -1.121269 -0.408797 0.382563 -0.828571 0.000000 0.000000
rubbergloveCHROME.bmp
  12 -27.301557 -1.934365 -1.004113 -0.656803 0.645448 -0.389882 0.000000 0.000000
  12 -27.180767 -1.800838 -0.990694 -0.770904 0.559425 -0.304548 0.000000 0.000000
  12 -27.130339 -1.862541 -1.121269 -0.408797 0.382563 -0.828571 0.000000 0.000000
rubbergloveCHROME.bmp
  12 -27.130339 -1.862541 -1.121269 -0.408797 0.382563 -0.828571 0.000000 0.000000
  12 -27.180767 -1.800838 -0.990694 -0.770904 0.559425 -0.304548 0.000000 0.000000
  12 -26.980616 -1.601903 -1.105430 -0.151270 0.817348 -0.555931 0.000000 0.000000
rubbergloveCHROME.bmp
  12 -27.180767 -1.800838 -0.990694 -0.770904 0.559425 -0.304548 0.000000 0.000000
  12 -27.059543 -1.582471 -0.975843 -0.280661 0.952332 -0.119555 0.000000 0.000000
  12 -26.980616 -1.601903 -1.105430 -0.151270 0.817348 -0.555931 0.000000 0.000000
rubbergloveCHROME.bmp
  12 -26.980616 -1.601903 -1.105430 -0.151270 0.817348 -0.555931 0.000000 0.000000
  12 -27.059543 -1.582471 -0.975843 -0.280661 0.952332 -0.119555 0.000000 0.000000
  12 -26.946001 -1.596366 -1.024987 -0.169746 0.836759 -0.520596 0.000000 0.000000
rubbergloveCHROME.bmp
  12 -27.059543 -1.582471 -0.975843 -0.280661 0.952332 -0.119555 0.000000 0.000000
  12 -26.982092 -1.590455 -0.945222 -0.465980 0.878215 -0.107707 0.000000 0.000000
  12 -26.946001 -1.596366 -1.024987 -0.169746 0.836759 -0.520596 0.000000 0.000000
rubbergloveCHROME.bmp
  12 -26.946001 -1.596366 -1.024987 -0.169746 0.836759 -0.520596 0.000000 0.000000
  12 -26.982092 -1.590455 -0.945222 -0.465980 0.878215 -0.107707 0.000000 0.000000
  11 -26.822409 -1.308333 -1.008940 -0.667946 0.343729 -0.660074 0.000000 0.000000
rubbergloveCHROME.bmp
  12 -26.982092 -1.590455 -0.945222 -0.465980 0.878215 -0.107707 0.000000 0.000000
  11 -26.908156 -1.267212 -0.779035 -0.891115 0.417821 -0.177031 0.000000 0.000000
  11 -26.822409 -1.308333 -1.008940 -0.667946 0.343729 -0.660074 0.000000 0.000000
rubbergloveCHROME.bmp
  11 -26.822409 -1.308333 -1.008940 -0.667946 0.343729 -0.660074 0.000000 0.000000
  11 -26.908156 -1.267212 -0.779035 -0.891115 0.417821 -0.177031 0.000000 0.000000
  11 -26.841423 -1.163322 -0.766639 -0.773357 0.621856 -0.123346 0.000000 0.000000
rubbergloveCHROME.bmp
  11 -26.908156 -1.267212 -0.779035 -0.891115 0.417821 -0.177031 0.000000 0.000000
  11 -26.916987 -1.276755 -0.619251 -0.882213 0.449648 0.139701 0.000000 0.000000
  11 -26.841423 -1.163322 -0.766639 -0.773357 0.621856 -0.123346 0.000000 0.000000
rubbergloveCHROME.bmp
  11 -26.841423 -1.163322 -0.766639 -0.773357 0.621856 -0.123346 0.000000 0.000000
  11 -26.916987 -1.276755 -0.619251 -0.882213 0.449648 0.139701 0.000000 0.000000
  11 -26.836259 -1.186926 -0.636961 -0.735071 0.653231 0.181551 0.000000 0.000000
rubbergloveCHROME.bmp
  11 -26.916987 -1.276755 -0.619251 -0.882213 0.449648 0.139701 0.000000 0.000000
  11 -26.877475 -1.309852 -0.409386 -0.801341 0.391027 0.452714 0.000000 0.000000
  11 -26.836259 -1.186926 -0.636961 -0.735071 0.653231 0.181551 0.000000 0.000000
rubbergloveCHROME.bmp
  11 -26.836259 -1.186926 -0.636961 -0.735071 0.653231 0.181551 0.000000 0.000000
  11 -26.877475 -1.309852 -0.409386 -0.801341 0.391027 0.452714 0.000000 0.000000
  11 -26.817927 -1.212645 -0.407173 -0.665818 0.593967 0.451541 0.000000 0.000000
rubbergloveCHROME.bmp
  11 -26.877475 -1.309852 -0.409386 -0.801341 0.391027 0.452714 0.000000 0.000000
  11 -26.775998 -1.407988 -0.230021 -0.598319 0.207260 0.773988 0.000000 0.000000
  11 -26.817927 -1.212645 -0.407173 -0.665818 0.593967 0.451541 0.000000 0.000000
rubbergloveCHROME.bmp
  11 -26.817927 -1.212645 -0.407173 -0.665818 0.593967 0.451541 0.000000 0.000000
  11 -26.775998 -1.407988 -0.230021 -0.598319 0.207260 0.773988 0.000000 0.000000
  11 -26.688374 -1.311981 -0.207553 -0.492926 0.391684 0.776922 0.000000 0.000000
rubbergloveCHROME.bmp
  11 -26.775998 -1.407988 -0.230021 -0.598319 0.207260 0.773988 0.000000 0.000000
  11 -26.647452 -1.356014 -0.187894 -0.406135 0.232160 0.883830 0.000000 0.000000
  11 -26.688374 -1.311981 -0.207553 -0.492926 0.391684 0.776922 0.000000 0.000000
rubbergloveCHROME.bmp
  11 -26.688374 -1.311981 -0.207553 -0.492926 0.391684 0.776922 0.000000 0.000000
  11 -26.647452 -1.356014 -0.187894 -0.406135 0.232160 0.883830 0.000000 0.000000
  11 -26.512740 -1.119295 -0.202610 -0.402840 0.437538 0.803916 0.000000 0.000000
rubbergloveCHROME.bmp
  11 -26.647452 -1.356014 -0.187894 -0.406135 0.232160 0.883830 0.000000 0.000000
  11 -26.423323 -1.200005 -0.193100 -0.396595 0.359378 0.844725 0.000000 0.000000
  11 -26.512740 -1.119295 -0.202610 -0.402840 0.437538 0.803916 0.000000 0.000000
rubbergloveCHROME.bmp
  11 -26.512740 -1.119295 -0.202610 -0.402840 0.437538 0.803916 0.000000 0.000000
  11 -26.423323 -1.200005 -0.193100 -0.396595 0.359378 0.844725 0.000000 0.000000
  11 -26.296086 -0.970473 -0.188005 -0.464286 0.468690 0.751511 0.000000 0.000000
rubbergloveCHROME.bmp
  11 -26.423323 -1.200005 -0.193100 -0.396595 0.359378 0.844725 0.000000 0.000000
  11 -26.220332 -1.023157 -0.138149 -0.428926 0.412019 0.803905 0.000000 0.000000
  11 -26.296086 -0.970473 -0.188005 -0.464286 0.468690 0.751511 0.000000 0.000000
rubbergloveCHROME.bmp
  11 -26.296086 -0.970473 -0.188005 -0.464286 0.468690 0.751511 0.000000 0.000000
  11 -26.220332 -1.023157 -0.138149 -0.428926 0.412019 0.803905 0.000000 0.000000
  11 -26.193801 -0.860596 -0.175164 -0.712069 -0.057177 0.699777 0.000000 0.000000
rubbergloveCHROME.bmp
  11 -26.220332 -1.023157 -0.138149 -0.428926 0.412019 0.803905 0.000000 0.000000
  11 -26.097198 -0.934624 -0.155470 -0.600625 0.068723 0.796572 0.000000 0.000000
  11 -26.193801 -0.860596 -0.175164 -0.712069 -0.057177 0.699777 0.000000 0.000000
rubbergloveCHROME.bmp
  33 27.556569 -0.915656 -2.489317 0.530583 0.466447 0.707749 0.000000 0.000000
  33 27.570114 -0.942004 -2.466462 0.465802 0.371089 0.803319 0.000000 0.000000
  33 27.614276 -0.862613 -2.545498 0.295817 0.570201 0.766396 0.000000 0.000000
rubbergloveCHROME.bmp
  33 27.614276 -0.862613 -2.545498 0.295817 0.570201 0.766396 0.000000 0.000000
  33 27.570114 -0.942004 -2.466462 0.465802 0.371089 0.803319 0.000000 0.000000
  33 27.722265 -0.869515 -2.521192 0.157076 0.588271 0.793262 0.000000 0.000000
rubbergloveCHROME.bmp
  33 27.570114 -0.942004 -2.466462 0.465802 0.371089 0.803319 0.000000 0.000000
  33 27.749002 -1.162976 -2.534064 0.426515 0.066705 0.902017 0.000000 0.000000
  33 27.722265 -0.869515 -2.521192 0.157076 0.588271 0.793262 0.000000 0.000000
rubbergloveCHROME.bmp
  33 27.722265 -0.869515 -2.521192 0.157076 0.588271 0.793262 0.000000 0.000000
  33 27.749002 -1.162976 -2.534064 0.426515 0.066705 0.902017 0.000000 0.000000
  33 27.862579 -1.079644 -2.566558 0.620594 0.213601 0.754478 0.000000 0.000000
rubbergloveCHROME.bmp
  33 27.749002 -1.162976 -2.534064 0.426515 0.066705 0.902017 0.000000 0.000000
  33 27.857944 -1.328410 -2.583696 0.492053 0.049910 0.869133 0.000000 0.000000
  33 27.862579 -1.079644 -2.566558 0.620594 0.213601 0.754478 0.000000 0.000000
rubbergloveCHROME.bmp
  33 27.862579 -1.079644 -2.566558 0.620594 0.213601 0.754478 0.000000 0.000000
  33 27.857944 -1.328410 -2.583696 0.492053 0.049910 0.869133 0.000000 0.000000
  33 27.991713 -1.265330 -2.625252 0.648130 0.138716 0.748789 0.000000 0.000000
rubbergloveCHROME.bmp
  33 27.857944 -1.328410 -2.583696 0.492053 0.049910 0.869133 0.000000 0.000000
  33 27.984908 -1.485467 -2.678106 0.594364 -0.242813 0.766664 0.000000 0.000000
  33 27.991713 -1.265330 -2.625252 0.648130 0.138716 0.748789 0.000000 0.000000
rubbergloveCHROME.bmp
  33 27.991713 -1.265330 -2.625252 0.648130 0.138716 0.748789 0.000000 0.000000
  33 27.984908 -1.485467 -2.678106 0.594364 -0.242813 0.766664 0.000000 0.000000
  33 28.065809 -1.439674 -2.699509 0.747303 -0.220002 0.627006 0.000000 0.000000
rubbergloveCHROME.bmp
  33 27.984908 -1.485467 -2.678106 0.594364 -0.242813 0.766664 0.000000 0.000000
  33 28.044762 -1.548290 -2.768498 0.642016 -0.658204 0.393170 0.000000 0.000000
  33 28.065809 -1.439674 -2.699509 0.747303 -0.220002 0.627006 0.000000 0.000000
rubbergloveCHROME.bmp
  33 28.065809 -1.439674 -2.699509 0.747303 -0.220002 0.627006 0.000000 0.000000
  33 28.044762 -1.548290 -2.768498 0.642016 -0.658204 0.393170 0.000000 0.000000
  33 28.118654 -1.509624 -2.789589 0.767186 -0.585748 0.261389 0.000000 0.000000
rubbergloveCHROME.bmp
  33 28.044762 -1.548290 -2.768498 0.642016 -0.658204 0.393170 0.000000 0.000000
  33 27.997820 -1.561546 -2.843470 0.588032 -0.807218 0.051171 0.000000 0.000000
  33 28.118654 -1.509624 -2.789589 0.767186 -0.585748 0.261389 0.000000 0.000000
rubbergloveCHROME.bmp
  33 28.118654 -1.509624 -2.789589 0.767186 -0.585748 0.261389 0.000000 0.000000
  33 27.997820 -1.561546 -2.843470 0.588032 -0.807218 0.051171 0.000000 0.000000
  33 28.114376 -1.552446 -2.902052 0.677025 -0.735869 0.011569 0.000000 0.000000
rubbergloveCHROME.bmp
  33 27.997820 -1.561546 -2.843470 0.588032 -0.807218 0.051171 0.000000 0.000000
  33 27.991650 -1.561861 -2.988941 0.481043 -0.868967 -0.116162 0.000000 0.000000
  33 28.114376 -1.552446 -2.902052 0.677025 -0.735869 0.011569 0.000000 0.000000
rubbergloveCHROME.bmp
  33 28.114376 -1.552446 -2.902052 0.677025 -0.735869 0.011569 0.000000 0.000000
  33 27.991650 -1.561861 -2.988941 0.481043 -0.868967 -0.116162 0.000000 0.000000
  33 28.009395 -1.567362 -3.036426 0.644367 -0.748608 -0.156130 0.000000 0.000000
rubbergloveCHROME.bmp
  33 27.991650 -1.561861 -2.988941 0.481043 -0.868967 -0.116162 0.000000 0.000000
  33 27.919234 -1.578806 -3.079322 0.207941 -0.954466 -0.213904 0.000000 0.000000
  33 28.009395 -1.567362 -3.036426 0.644367 -0.748608 -0.156130 0.000000 0.000000
rubbergloveCHROME.bmp
  33 28.009395 -1.567362 -3.036426 0.644367 -0.748608 -0.156130 0.000000 0.000000
  33 27.919234 -1.578806 -3.079322 0.207941 -0.954466 -0.213904 0.000000 0.000000
  33 27.989847 -1.567021 -3.146960 0.602212 -0.718764 -0.347448 0.000000 0.000000
rubbergloveCHROME.bmp
  33 27.919234 -1.578806 -3.079322 0.207941 -0.954466 -0.213904 0.000000 0.000000
  33 27.917709 -1.570088 -3.234634 0.229435 -0.843368 -0.485890 0.000000 0.000000
  33 27.989847 -1.567021 -3.146960 0.602212 -0.718764 -0.347448 0.000000 0.000000
rubbergloveCHROME.bmp
  33 27.989847 -1.567021 -3.146960 0.602212 -0.718764 -0.347448 0.000000 0.000000
  33 27.917709 -1.570088 -3.234634 0.229435 -0.843368 -0.485890 0.000000 0.000000
  33 27.953304 -1.506700 -3.230781 0.714245 0.003407 -0.699887 0.000000 0.000000
rubbergloveCHROME.bmp
  33 27.917709 -1.570088 -3.234634 0.229435 -0.843368 -0.485890 0.000000 0.000000
  33 27.886448 -1.485824 -3.293984 0.363867 -0.122533 -0.923356 0.000000 0.000000
  33 27.953304 -1.506700 -3.230781 0.714245 0.003407 -0.699887 0.000000 0.000000
rubbergloveCHROME.bmp
  33 27.953304 -1.506700 -3.230781 0.714245 0.003407 -0.699887 0.000000 0.000000
  33 27.886448 -1.485824 -3.293984 0.363867 -0.122533 -0.923356 0.000000 0.000000
  33 27.839551 -1.324607 -3.229101 0.559304 0.436089 -0.704986 0.000000 0.000000
rubbergloveCHROME.bmp
  33 27.886448 -1.485824 -3.293984 0.363867 -0.122533 -0.923356 0.000000 0.000000
  33 27.724111 -1.313018 -3.313595 0.312930 0.244746 -0.917701 0.000000 0.000000
  33 27.839551 -1.324607 -3.229101 0.559304 0.436089 -0.704986 0.000000 0.000000
rubbergloveCHROME.bmp
  33 27.839551 -1.324607 -3.229101 0.559304 0.436089 -0.704986 0.000000 0.000000
  33 27.724111 -1.313018 -3.313595 0.312930 0.244746 -0.917701 0.000000 0.000000
  33 27.667310 -1.097540 -3.193415 0.587120 0.461140 -0.665312 0.000000 0.000000
rubbergloveCHROME.bmp
  33 27.724111 -1.313018 -3.313595 0.312930 0.244746 -0.917701 0.000000 0.000000
  33 27.581433 -1.100983 -3.277756 0.349589 0.311816 -0.883492 0.000000 0.000000
  33 27.667310 -1.097540 -3.193415 0.587120 0.461140 -0.665312 0.000000 0.000000
rubbergloveCHROME.bmp
  33 27.667310 -1.097540 -3.193415 0.587120 0.461140 -0.665312 0.000000 0.000000
  33 27.581433 -1.100983 -3.277756 0.349589 0.311816 -0.883492 0.000000 0.000000
  33 27.504913 -0.824651 -3.171995 0.278808 0.799597 -0.531893 0.000000 0.000000
rubbergloveCHROME.bmp
  33 27.581433 -1.100983 -3.277756 0.349589 0.311816 -0.883492 0.000000 0.000000
  33 27.420845 -0.857756 -3.252224 -0.183062 0.833690 -0.521008 0.000000 0.000000
  33 27.504913 -0.824651 -3.171995 0.278808 0.799597 -0.531893 0.000000 0.000000
rubbergloveCHROME.bmp
  28 27.034339 -0.723180 -2.117101 -0.404442 -0.190770 -0.894446 0.000000 0.000000
  29 27.309178 -0.926254 -2.177595 -0.316969 -0.224566 -0.921467 0.000000 0.000000
  29 27.237415 -1.037126 -2.069626 -0.504599 -0.438398 -0.743765 0.000000 0.000000
rubbergloveCHROME.bmp
  29 27.237415 -1.037126 -2.069626 -0.504599 -0.438398 -0.743765 0.000000 0.000000
  29 27.309178 -0.926254 -2.177595 -0.316969 -0.224566 -0.921467 0.000000 0.000000
  29 27.378780 -1.147194 -2.096103 -0.388690 -0.437666 -0.810783 0.000000 0.000000
rubbergloveCHROME.bmp
  29 27.309178 -0.926254 -2.177595 -0.316969 -0.224566 -0.921467 0.000000 0.000000
  29 27.487904 -1.044711 -2.188782 -0.217916 -0.304942 -0.927105 0.000000 0.000000
  29 27.378780 -1.147194 -2.096103 -0.388690 -0.437666 -0.810783 0.000000 0.000000
rubbergloveCHROME.bmp
  29 27.378780 -1.147194 -2.096103 -0.388690 -0.437666 -0.810783 0.000000 0.000000
  29 27.487904 -1.044711 -2.188782 -0.217916 -0.304942 -0.927105 0.000000 0.000000
  29 27.538243 -1.218757 -2.080274 -0.352868 -0.403682 -0.844112 0.000000 0.000000
rubbergloveCHROME.bmp
  29 27.487904 -1.044711 -2.188782 -0.217916 -0.304942 -0.927105 0.000000 0.000000
  29 27.609020 -1.120966 -2.199552 -0.278480 -0.293278 -0.914569 0.000000 0.000000
  29 27.538243 -1.218757 -2.080274 -0.352868 -0.403682 -0.844112 0.000000 0.000000
rubbergloveCHROME.bmp
  29 27.538243 -1.218757 -2.080274 -0.352868 -0.403682 -0.844112 0.000000 0.000000
  29 27.609020 -1.120966 -2.199552 -0.278480 -0.293278 -0.914569 0.000000 0.000000
  29 27.712832 -1.361399 -2.133863 -0.445421 -0.290702 -0.846813 0.000000 0.000000
rubbergloveCHROME.bmp
  29 27.609020 -1.120966 -2.199552 -0.278480 -0.293278 -0.914569 0.000000 0.000000
  29 27.776532 -1.256697 -2.251676 -0.221834 -0.081319 -0.971688 0.000000 0.000000
  29 27.712832 -1.361399 -2.133863 -0.445421 -0.290702 -0.846813 0.000000 0.000000
rubbergloveCHROME.bmp
  29 27.712832 -1.361399 -2.133863 -0.445421 -0.290702 -0.846813 0.000000 0.000000
  29 27.776532 -1.256697 -2.251676 -0.221834 -0.081319 -0.971688 0.000000 0.000000
  29 27.922324 -1.384792 -2.240003 -0.348605 -0.159344 -0.923626 0.000000 0.000000
rubbergloveCHROME.bmp
  29 27.776532 -1.256697 -2.251676 -0.221834 -0.081319 -0.971688 0.000000 0.000000
  29 28.116105 -1.252683 -2.268219 0.064833 0.215915 -0.974257 0.000000 0.000000
  29 27.922324 -1.384792 -2.240003 -0.348605 -0.159344 -0.923626 0.000000 0.000000
rubbergloveCHROME.bmp
  29 27.922324 -1.384792 -2.240003 -0.348605 -0.159344 -0.923626 0.000000 0.000000
  29 28.116105 -1.252683 -2.268219 0.064833 0.215915 -0.974257 0.000000 0.000000
  30 28.030293 -1.478947 -2.251124 -0.346814 -0.159059 -0.924349 0.000000 0.000000
rubbergloveCHROME.bmp
  29 28.116105 -1.252683 -2.268219 0.064833 0.215915 -0.974257 0.000000 0.000000
  30 28.190117 -1.399801 -2.291029 0.121098 0.192407 -0.973815 0.000000 0.000000
  30 28.030293 -1.478947 -2.251124 -0.346814 -0.159059 -0.924349 0.000000 0.000000
rubbergloveCHROME.bmp
  30 28.030293 -1.478947 -2.251124 -0.346814 -0.159059 -0.924349 0.000000 0.000000
  30 28.190117 -1.399801 -2.291029 0.121098 0.192407 -0.973815 0.000000 0.000000
  30 28.250345 -1.805297 -2.297730 -0.346814 -0.159059 -0.924349 0.000000 0.000000
rubbergloveCHROME.bmp
  30 28.190117 -1.399801 -2.291029 0.121098 0.192407 -0.973815 0.000000 0.000000
  30 28.370938 -1.685594 -2.309068 0.114769 0.153182 -0.981511 0.000000 0.000000
  30 28.250345 -1.805297 -2.297730 -0.346814 -0.159059 -0.924349 0.000000 0.000000
rubbergloveCHROME.bmp
  30 28.250345 -1.805297 -2.297730 -0.346814 -0.159059 -0.924349 0.000000 0.000000
  30 28.370938 -1.685594 -2.309068 0.114769 0.153182 -0.981511 0.000000 0.000000
  30 28.389155 -1.962143 -2.318496 -0.308434 -0.212769 -0.927145 0.000000 0.000000
rubbergloveCHROME.bmp
  30 28.370938 -1.685594 -2.309068 0.114769 0.153182 -0.981511 0.000000 0.000000
  30 28.531787 -1.850625 -2.322955 -0.003575 0.089336 -0.995995 0.000000 0.000000
  30 28.389155 -1.962143 -2.318496 -0.308434 -0.212769 -0.927145 0.000000 0.000000
rubbergloveCHROME.bmp
  30 28.389155 -1.962143 -2.318496 -0.308434 -0.212769 -0.927145 0.000000 0.000000
  30 28.531787 -1.850625 -2.322955 -0.003575 0.089336 -0.995995 0.000000 0.000000
  30 28.516590 -2.092717 -2.315172 -0.312473 -0.313913 -0.896560 0.000000 0.000000
rubbergloveCHROME.bmp
  30 28.531787 -1.850625 -2.322955 -0.003575 0.089336 -0.995995 0.000000 0.000000
  30 28.676413 -2.013571 -2.355076 0.021483 0.044254 -0.998789 0.000000 0.000000
  30 28.516590 -2.092717 -2.315172 -0.312473 -0.313913 -0.896560 0.000000 0.000000
rubbergloveCHROME.bmp
  30 28.516590 -2.092717 -2.315172 -0.312473 -0.313913 -0.896560 0.000000 0.000000
  30 28.676413 -2.013571 -2.355076 0.021483 0.044254 -0.998789 0.000000 0.000000
  30 28.744378 -2.297362 -2.299908 -0.202021 -0.540595 -0.816667 0.000000 0.000000
rubbergloveCHROME.bmp
  30 28.676413 -2.013571 -2.355076 0.021483 0.044254 -0.998789 0.000000 0.000000
  30 28.862031 -2.217898 -2.335166 0.151967 -0.294964 -0.943346 0.000000 0.000000
  30 28.744378 -2.297362 -2.299908 -0.202021 -0.540595 -0.816667 0.000000 0.000000
rubbergloveCHROME.bmp
  30 28.744378 -2.297362 -2.299908 -0.202021 -0.540595 -0.816667 0.000000 0.000000
  30 28.862031 -2.217898 -2.335166 0.151967 -0.294964 -0.943346 0.000000 0.000000
  30 28.847575 -2.373246 -2.197479 -0.016368 -0.862458 -0.505865 0.000000 0.000000
rubbergloveCHROME.bmp
  30 28.862031 -2.217898 -2.335166 0.151967 -0.294964 -0.943346 0.000000 0.000000
  30 28.985669 -2.329122 -2.238508 0.394708 -0.696532 -0.599207 0.000000 0.000000
  30 28.847575 -2.373246 -2.197479 -0.016368 -0.862458 -0.505865 0.000000 0.000000
rubbergloveCHROME.bmp
  30 28.847575 -2.373246 -2.197479 -0.016368 -0.862458 -0.505865 0.000000 0.000000
  30 28.985669 -2.329122 -2.238508 0.394708 -0.696532 -0.599207 0.000000 0.000000
  30 28.885336 -2.424413 -2.044979 0.197333 -0.957094 -0.212204 0.000000 0.000000
rubbergloveCHROME.bmp
  30 28.985669 -2.329122 -2.238508 0.394708 -0.696532 -0.599207 0.000000 0.000000
  30 29.039909 -2.368300 -2.066394 0.604680 -0.767529 -0.212748 0.000000 0.000000
  30 28.885336 -2.424413 -2.044979 0.197333 -0.957094 -0.212204 0.000000 0.000000
rubbergloveCHROME.bmp
  30 28.885336 -2.424413 -2.044979 0.197333 -0.957094 -0.212204 0.000000 0.000000
  30 29.039909 -2.368300 -2.066394 0.604680 -0.767529 -0.212748 0.000000 0.000000
  30 29.031686 -2.387047 -1.946058 0.596557 -0.799044 -0.075153 0.000000 0.000000
rubbergloveCHROME.bmp
  30 29.039909 -2.368300 -2.066394 0.604680 -0.767529 -0.212748 0.000000 0.000000
  30 29.080963 -2.323104 -1.955166 0.596557 -0.799044 -0.075153 0.000000 0.000000
  30 29.031686 -2.387047 -1.946058 0.596557 -0.799044 -0.075153 0.000000 0.000000
rubbergloveCHROME.bmp
  26 28.082720 -0.921146 -0.145112 0.600624 0.068728 0.796572 0.000000 0.000000
  26 28.191954 -1.023908 -0.147900 0.428926 0.412019 0.803905 0.000000 0.000000
  26 28.137251 -0.862379 -0.174657 0.712076 -0.057167 0.699771 0.000000 0.000000
rubbergloveCHROME.bmp
  26 28.137251 -0.862379 -0.174657 0.712076 -0.057167 0.699771 0.000000 0.000000
  26 28.191954 -1.023908 -0.147900 0.428926 0.412019 0.803905 0.000000 0.000000
  26 28.253477 -0.971488 -0.207624 0.464286 0.468692 0.751510 0.000000 0.000000
rubbergloveCHROME.bmp
  26 28.191954 -1.023908 -0.147900 0.428926 0.412019 0.803905 0.000000 0.000000
  26 28.401464 -1.179508 -0.192555 0.396598 0.359382 0.844722 0.000000 0.000000
  26 28.253477 -0.971488 -0.207624 0.464286 0.468692 0.751510 0.000000 0.000000
rubbergloveCHROME.bmp
  26 28.253477 -0.971488 -0.207624 0.464286 0.468692 0.751510 0.000000 0.000000
  26 28.401464 -1.179508 -0.192555 0.396598 0.359382 0.844722 0.000000 0.000000
  26 28.456189 -1.121078 -0.202103 0.402843 0.437539 0.803914 0.000000 0.000000
rubbergloveCHROME.bmp
  26 28.401464 -1.179508 -0.192555 0.396598 0.359382 0.844722 0.000000 0.000000
  26 28.590900 -1.357798 -0.187388 0.406137 0.232160 0.883829 0.000000 0.000000
  26 28.456189 -1.121078 -0.202103 0.402843 0.437539 0.803914 0.000000 0.000000
rubbergloveCHROME.bmp
  26 28.456189 -1.121078 -0.202103 0.402843 0.437539 0.803914 0.000000 0.000000
  26 28.590900 -1.357798 -0.187388 0.406137 0.232160 0.883829 0.000000 0.000000
  26 28.660093 -1.312901 -0.207306 0.492920 0.391685 0.776925 0.000000 0.000000
rubbergloveCHROME.bmp
  26 28.590900 -1.357798 -0.187388 0.406137 0.232160 0.883829 0.000000 0.000000
  26 28.733484 -1.409172 -0.239642 0.598307 0.207252 0.773999 0.000000 0.000000
  26 28.660093 -1.312901 -0.207306 0.492920 0.391685 0.776925 0.000000 0.000000
rubbergloveCHROME.bmp
  26 28.660093 -1.312901 -0.207306 0.492920 0.391685 0.776925 0.000000 0.000000
  26 28.733484 -1.409172 -0.239642 0.598307 0.207252 0.773999 0.000000 0.000000
  26 28.775414 -1.213828 -0.416794 0.665813 0.593971 0.451543 0.000000 0.000000
rubbergloveCHROME.bmp
  26 28.733484 -1.409172 -0.239642 0.598307 0.207252 0.773999 0.000000 0.000000
  26 28.849000 -1.310435 -0.429135 0.801341 0.391028 0.452714 0.000000 0.000000
  26 28.775414 -1.213828 -0.416794 0.665813 0.593971 0.451543 0.000000 0.000000
rubbergloveCHROME.bmp
  26 28.775414 -1.213828 -0.416794 0.665813 0.593971 0.451543 0.000000 0.000000
  26 28.849000 -1.310435 -0.429135 0.801341 0.391028 0.452714 0.000000 0.000000
  26 28.814927 -1.180732 -0.626659 0.735069 0.653233 0.181551 0.000000 0.000000
rubbergloveCHROME.bmp
  26 28.849000 -1.310435 -0.429135 0.801341 0.391028 0.452714 0.000000 0.000000
  26 28.888609 -1.277507 -0.629002 0.882216 0.449644 0.139695 0.000000 0.000000
  26 28.814927 -1.180732 -0.626659 0.735069 0.653233 0.181551 0.000000 0.000000
rubbergloveCHROME.bmp
  26 28.814927 -1.180732 -0.626659 0.735069 0.653233 0.181551 0.000000 0.000000
  26 28.888609 -1.277507 -0.629002 0.882216 0.449644 0.139695 0.000000 0.000000
  26 28.820328 -1.170925 -0.776575 0.773357 0.621855 -0.123348 0.000000 0.000000
rubbergloveCHROME.bmp
  26 28.888609 -1.277507 -0.629002 0.882216 0.449644 0.139695 0.000000 0.000000
  26 28.887254 -1.275151 -0.768975 0.891118 0.417815 -0.177028 0.000000 0.000000
  26 28.820328 -1.170925 -0.776575 0.773357 0.621855 -0.123348 0.000000 0.000000
rubbergloveCHROME.bmp
  26 28.820328 -1.170925 -0.776575 0.773357 0.621855 -0.123348 0.000000 0.000000
  26 28.887254 -1.275151 -0.768975 0.891118 0.417815 -0.177028 0.000000 0.000000
  26 28.808263 -1.308822 -1.008823 0.667945 0.343728 -0.660077 0.000000 0.000000
rubbergloveCHROME.bmp
  26 28.887254 -1.275151 -0.768975 0.891118 0.417815 -0.177028 0.000000 0.000000
  27 28.960800 -1.597529 -0.955147 0.472523 0.871618 -0.130401 0.000000 0.000000
  26 28.808263 -1.308822 -1.008823 0.667945 0.343728 -0.660077 0.000000 0.000000
rubbergloveCHROME.bmp
  26 28.808263 -1.308822 -1.008823 0.667945 0.343728 -0.660077 0.000000 0.000000
  27 28.960800 -1.597529 -0.955147 0.472523 0.871618 -0.130401 0.000000 0.000000
  27 28.924733 -1.589468 -1.024676 0.169740 0.836755 -0.520605 0.000000 0.000000
rubbergloveCHROME.bmp
  27 28.960800 -1.597529 -0.955147 0.472523 0.871618 -0.130401 0.000000 0.000000
  27 29.024037 -1.575479 -0.985394 0.280656 0.952333 -0.119556 0.000000 0.000000
  27 28.924733 -1.589468 -1.024676 0.169740 0.836755 -0.520605 0.000000 0.000000
rubbergloveCHROME.bmp
  27 28.924733 -1.589468 -1.024676 0.169740 0.836755 -0.520605 0.000000 0.000000
  27 29.024037 -1.575479 -0.985394 0.280656 0.952333 -0.119556 0.000000 0.000000
  27 28.959251 -1.594837 -1.115117 0.151270 0.817345 -0.555935 0.000000 0.000000
rubbergloveCHROME.bmp
  27 29.024037 -1.575479 -0.985394 0.280656 0.952333 -0.119556 0.000000 0.000000
  27 29.152367 -1.800880 -1.000432 0.770904 0.559425 -0.304549 0.000000 0.000000
  27 28.959251 -1.594837 -1.115117 0.151270 0.817345 -0.555935 0.000000 0.000000
rubbergloveCHROME.bmp
  27 28.959251 -1.594837 -1.115117 0.151270 0.817345 -0.555935 0.000000 0.000000
  27 29.152367 -1.800880 -1.000432 0.770904 0.559425 -0.304549 0.000000 0.000000
  27 29.108974 -1.855475 -1.130956 0.408798 0.382564 -0.828570 0.000000 0.000000
rubbergloveCHROME.bmp
  27 29.152367 -1.800880 -1.000432 0.770904 0.559425 -0.304549 0.000000 0.000000
  27 29.266244 -1.927711 -0.993668 0.656802 0.645448 -0.389882 0.000000 0.000000
  27 29.108974 -1.855475 -1.130956 0.408798 0.382564 -0.828570 0.000000 0.000000
rubbergloveCHROME.bmp
  27 29.108974 -1.855475 -1.130956 0.408798 0.382564 -0.828570 0.000000 0.000000
  27 29.266244 -1.927711 -0.993668 0.656802 0.645448 -0.389882 0.000000 0.000000
  27 29.215622 -1.989077 -1.144239 0.272281 0.209618 -0.939108 0.000000 0.000000
rubbergloveCHROME.bmp
  27 29.266244 -1.927711 -0.993668 0.656802 0.645448 -0.389882 0.000000 0.000000
  27 29.400616 -2.158293 -1.118873 0.580505 0.088357 -0.809448 0.000000 0.000000
  27 29.215622 -1.989077 -1.144239 0.272281 0.209618 -0.939108 0.000000 0.000000
rubbergloveCHROME.bmp
  27 29.215622 -1.989077 -1.144239 0.272281 0.209618 -0.939108 0.000000 0.000000
  27 29.400616 -2.158293 -1.118873 0.580505 0.088357 -0.809448 0.000000 0.000000
  27 29.309264 -2.250855 -1.109544 0.421004 0.024104 -0.906738 0.000000 0.000000
rubbergloveCHROME.bmp
  27 29.400616 -2.158293 -1.118873 0.580505 0.088357 -0.809448 0.000000 0.000000
  27 29.430951 -2.315871 -0.991794 0.740489 -0.213161 -0.637368 0.000000 0.000000
  27 29.309264 -2.250855 -1.109544 0.421004 0.024104 -0.906738 0.000000 0.000000
rubbergloveCHROME.bmp
  23 27.823683 -1.730483 0.986020 -0.419230 -0.533153 0.734843 0.000000 0.000000
  23 27.735281 -1.810291 0.930201 -0.437501 -0.614991 0.656032 0.000000 0.000000
  23 27.939906 -1.915092 0.936913 -0.454745 -0.729321 0.511173 0.000000 0.000000
rubbergloveCHROME.bmp
  23 27.939906 -1.915092 0.936913 -0.454745 -0.729321 0.511173 0.000000 0.000000
  23 27.735281 -1.810291 0.930201 -0.437501 -0.614991 0.656032 0.000000 0.000000
  23 27.769256 -1.826314 0.895720 -0.471449 -0.879597 0.063606 0.000000 0.000000
rubbergloveCHROME.bmp
  23 27.735281 -1.810291 0.930201 -0.437501 -0.614991 0.656032 0.000000 0.000000
  23 27.524439 -1.681707 0.799007 -0.629813 -0.761172 0.154769 0.000000 0.000000
  23 27.769256 -1.826314 0.895720 -0.471449 -0.879597 0.063606 0.000000 0.000000
rubbergloveCHROME.bmp
  23 27.769256 -1.826314 0.895720 -0.471449 -0.879597 0.063606 0.000000 0.000000
  23 27.524439 -1.681707 0.799007 -0.629813 -0.761172 0.154769 0.000000 0.000000
  23 27.591403 -1.732375 0.528917 -0.517073 -0.814461 -0.263228 0.000000 0.000000
rubbergloveCHROME.bmp
  23 27.524439 -1.681707 0.799007 -0.629813 -0.761172 0.154769 0.000000 0.000000
  23 27.202854 -1.395325 0.578172 -0.802572 -0.595012 -0.042885 0.000000 0.000000
  23 27.591403 -1.732375 0.528917 -0.517073 -0.814461 -0.263228 0.000000 0.000000
rubbergloveCHROME.bmp
  23 27.591403 -1.732375 0.528917 -0.517073 -0.814461 -0.263228 0.000000 0.000000
  23 27.202854 -1.395325 0.578172 -0.802572 -0.595012 -0.042885 0.000000 0.000000
  23 27.241662 -1.400706 0.502906 -0.761468 -0.571299 -0.306242 0.000000 0.000000
rubbergloveCHROME.bmp
  23 27.202854 -1.395325 0.578172 -0.802572 -0.595012 -0.042885 0.000000 0.000000
  23 27.152948 -1.223931 0.455153 -0.705217 -0.647246 -0.289381 0.000000 0.000000
  23 27.241662 -1.400706 0.502906 -0.761468 -0.571299 -0.306242 0.000000 0.000000
rubbergloveCHROME.bmp
  23 27.241662 -1.400706 0.502906 -0.761468 -0.571299 -0.306242 0.000000 0.000000
  23 27.152948 -1.223931 0.455153 -0.705217 -0.647246 -0.289381 0.000000 0.000000
  23 27.305699 -1.357639 0.325580 -0.591980 -0.557119 -0.582390 0.000000 0.000000
rubbergloveCHROME.bmp
  23 27.152948 -1.223931 0.455153 -0.705217 -0.647246 -0.289381 0.000000 0.000000
  23 27.243995 -1.219885 0.305173 -0.607402 -0.644679 -0.464168 0.000000 0.000000
  23 27.305699 -1.357639 0.325580 -0.591980 -0.557119 -0.582390 0.000000 0.000000
rubbergloveCHROME.bmp
  23 27.305699 -1.357639 0.325580 -0.591980 -0.557119 -0.582390 0.000000 0.000000
  23 27.243995 -1.219885 0.305173 -0.607402 -0.644679 -0.464168 0.000000 0.000000
  23 27.296445 -1.183173 0.217988 -0.471566 -0.508719 -0.720299 0.000000 0.000000
rubbergloveCHROME.bmp
  23 27.243995 -1.219885 0.305173 -0.607402 -0.644679 -0.464168 0.000000 0.000000
  22 27.139237 -1.113116 0.271435 -0.273457 -0.803882 -0.528200 0.000000 0.000000
  23 27.296445 -1.183173 0.217988 -0.471566 -0.508719 -0.720299 0.000000 0.000000
rubbergloveCHROME.bmp
  23 27.296445 -1.183173 0.217988 -0.471566 -0.508719 -0.720299 0.000000 0.000000
  22 27.139237 -1.113116 0.271435 -0.273457 -0.803882 -0.528200 0.000000 0.000000
  22 27.211935 -1.040363 0.163630 -0.259785 -0.531248 -0.806404 0.000000 0.000000
rubbergloveCHROME.bmp
  22 27.139237 -1.113116 0.271435 -0.273457 -0.803882 -0.528200 0.000000 0.000000
  22 27.120861 -1.055829 0.213293 -0.256232 -0.668787 -0.697903 0.000000 0.000000
  22 27.211935 -1.040363 0.163630 -0.259785 -0.531248 -0.806404 0.000000 0.000000
rubbergloveCHROME.bmp
  22 27.211935 -1.040363 0.163630 -0.259785 -0.531248 -0.806404 0.000000 0.000000
  22 27.120861 -1.055829 0.213293 -0.256232 -0.668787 -0.697903 0.000000 0.000000
  22 26.914386 -0.848952 0.136680 -0.288383 -0.466071 -0.836429 0.000000 0.000000
rubbergloveCHROME.bmp
  22 27.120861 -1.055829 0.213293 -0.256232 -0.668787 -0.697903 0.000000 0.000000
  22 27.077565 -1.058253 0.217709 -0.310269 -0.698315 -0.645050 0.000000 0.000000
  22 26.914386 -0.848952 0.136680 -0.288383 -0.466071 -0.836429 0.000000 0.000000
rubbergloveCHROME.bmp
  22 26.914386 -0.848952 0.136680 -0.288383 -0.466071 -0.836429 0.000000 0.000000
  22 27.077565 -1.058253 0.217709 -0.310269 -0.698315 -0.645050 0.000000 0.000000
  22 26.902453 -0.853094 0.175929 -0.423807 -0.578367 -0.697051 0.000000 0.000000
rubbergloveCHROME.bmp
  22 27.077565 -1.058253 0.217709 -0.310269 -0.698315 -0.645050 0.000000 0.000000
  22 26.989806 -1.146624 0.395723 -0.499286 -0.796257 -0.341596 0.000000 0.000000
  22 26.902453 -0.853094 0.175929 -0.423807 -0.578367 -0.697051 0.000000 0.000000
rubbergloveCHROME.bmp
  22 26.902453 -0.853094 0.175929 -0.423807 -0.578367 -0.697051 0.000000 0.000000
  22 26.989806 -1.146624 0.395723 -0.499286 -0.796257 -0.341596 0.000000 0.000000
  22 26.715400 -0.907835 0.327304 -0.580205 -0.700234 -0.415974 0.000000 0.000000
rubbergloveCHROME.bmp
  22 26.989806 -1.146624 0.395723 -0.499286 -0.796257 -0.341596 0.000000 0.000000
  22 26.934126 -1.129476 0.538572 -0.577615 -0.815727 0.030822 0.000000 0.000000
  22 26.715400 -0.907835 0.327304 -0.580205 -0.700234 -0.415974 0.000000 0.000000
rubbergloveCHROME.bmp
  22 26.715400 -0.907835 0.327304 -0.580205 -0.700234 -0.415974 0.000000 0.000000
  22 26.934126 -1.129476 0.538572 -0.577615 -0.815727 0.030822 0.000000 0.000000
  22 26.647159 -0.933066 0.482245 -0.680723 -0.731860 0.031576 0.000000 0.000000
rubbergloveCHROME.bmp
  22 26.934126 -1.129476 0.538572 -0.577615 -0.815727 0.030822 0.000000 0.000000
  22 26.926697 -1.089619 0.736704 -0.502862 -0.744743 0.438734 0.000000 0.000000
  22 26.647159 -0.933066 0.482245 -0.680723 -0.731860 0.031576 0.000000 0.000000
rubbergloveCHROME.bmp
  22 26.647159 -0.933066 0.482245 -0.680723 -0.731860 0.031576 0.000000 0.000000
  22 26.926697 -1.089619 0.736704 -0.502862 -0.744743 0.438734 0.000000 0.000000
  22 26.674131 -0.806119 0.748434 -0.519560 -0.548079 0.655490 0.000000 0.000000
rubbergloveCHROME.bmp
  22 26.926697 -1.089619 0.736704 -0.502862 -0.744743 0.438734 0.000000 0.000000
  22 26.916179 -0.988714 0.756893 -0.434738 -0.575584 0.692608 0.000000 0.000000
  22 26.674131 -0.806119 0.748434 -0.519560 -0.548079 0.655490 0.000000 0.000000
rubbergloveCHROME.bmp
  22 26.674131 -0.806119 0.748434 -0.519560 -0.548079 0.655490 0.000000 0.000000
  22 26.916179 -0.988714 0.756893 -0.434738 -0.575584 0.692608 0.000000 0.000000
  22 26.724586 -0.757887 0.771411 -0.408757 -0.385640 0.827163 0.000000 0.000000
rubbergloveCHROME.bmp
  22 26.916179 -0.988714 0.756893 -0.434738 -0.575584 0.692608 0.000000 0.000000
  22 26.947520 -0.953528 0.879692 -0.365663 -0.384172 0.847763 0.000000 0.000000
  22 26.724586 -0.757887 0.771411 -0.408757 -0.385640 0.827163 0.000000 0.000000
rubbergloveCHROME.bmp
  15 -27.080596 -2.334646 -1.764198 -0.599042 -0.788794 0.137670 0.000000 0.000000
  15 -27.030494 -2.383528 -1.763603 -0.590776 -0.762979 0.262386 0.000000 0.000000
  15 -27.039362 -2.320090 -1.687465 -0.530093 -0.650024 0.544491 0.000000 0.000000
rubbergloveCHROME.bmp
  15 -27.039362 -2.320090 -1.687465 -0.530093 -0.650024 0.544491 0.000000 0.000000
  15 -27.030494 -2.383528 -1.763603 -0.590776 -0.762979 0.262386 0.000000 0.000000
  15 -26.974750 -2.310433 -1.628881 -0.495607 -0.506654 0.705461 0.000000 0.000000
rubbergloveCHROME.bmp
  15 -27.030494 -2.383528 -1.763603 -0.590776 -0.762979 0.262386 0.000000 0.000000
  15 -26.877940 -2.426392 -1.660209 -0.024191 -0.804851 0.592984 0.000000 0.000000
  15 -26.974750 -2.310433 -1.628881 -0.495607 -0.506654 0.705461 0.000000 0.000000
rubbergloveCHROME.bmp
  15 -26.974750 -2.310433 -1.628881 -0.495607 -0.506654 0.705461 0.000000 0.000000
  15 -26.877940 -2.426392 -1.660209 -0.024191 -0.804851 0.592984 0.000000 0.000000
  15 -26.774122 -2.088465 -1.463418 -0.279485 -0.223997 0.933656 0.000000 0.000000
rubbergloveCHROME.bmp
  15 -26.877940 -2.426392 -1.660209 -0.024191 -0.804851 0.592984 0.000000 0.000000
  15 -26.636432 -2.133744 -1.483204 0.223046 -0.537661 0.813124 0.000000 0.000000
  15 -26.774122 -2.088465 -1.463418 -0.279485 -0.223997 0.933656 0.000000 0.000000
rubbergloveCHROME.bmp
  15 -26.774122 -2.088465 -1.463418 -0.279485 -0.223997 0.933656 0.000000 0.000000
  15 -26.636432 -2.133744 -1.483204 0.223046 -0.537661 0.813124 0.000000 0.000000
  15 -26.641953 -1.952781 -1.445495 -0.208920 -0.083881 0.974329 0.000000 0.000000
rubbergloveCHROME.bmp
  15 -26.636432 -2.133744 -1.483204 0.223046 -0.537661 0.813124 0.000000 0.000000
  15 -26.492372 -1.999932 -1.443948 0.299479 -0.471650 0.829373 0.000000 0.000000
  15 -26.641953 -1.952781 -1.445495 -0.208920 -0.083881 0.974329 0.000000 0.000000
rubbergloveCHROME.bmp
  15 -26.641953 -1.952781 -1.445495 -0.208920 -0.083881 0.974329 0.000000 0.000000
  15 -26.492372 -1.999932 -1.443948 0.299479 -0.471650 0.829373 0.000000 0.000000
  15 -26.479876 -1.771535 -1.379305 -0.163987 -0.099031 0.981479 0.000000 0.000000
rubbergloveCHROME.bmp
  15 -26.492372 -1.999932 -1.443948 0.299479 -0.471650 0.829373 0.000000 0.000000
  15 -26.342703 -1.788669 -1.396334 0.212799 -0.407786 0.887934 0.000000 0.000000
  15 -26.479876 -1.771535 -1.379305 -0.163987 -0.099031 0.981479 0.000000 0.000000
rubbergloveCHROME.bmp
  15 -26.479876 -1.771535 -1.379305 -0.163987 -0.099031 0.981479 0.000000 0.000000
  15 -26.342703 -1.788669 -1.396334 0.212799 -0.407786 0.887934 0.000000 0.000000
  15 -26.331755 -1.475838 -1.323418 -0.358165 0.063961 0.931465 0.000000 0.000000
rubbergloveCHROME.bmp
  15 -26.342703 -1.788669 -1.396334 0.212799 -0.407786 0.887934 0.000000 0.000000
  15 -26.109468 -1.534553 -1.335289 0.212799 -0.407786 0.887934 0.000000 0.000000
  15 -26.331755 -1.475838 -1.323418 -0.358165 0.063961 0.931465 0.000000 0.000000
rubbergloveCHROME.bmp
  15 -26.331755 -1.475838 -1.323418 -0.358165 0.063961 0.931465 0.000000 0.000000
  15 -26.109468 -1.534553 -1.335289 0.212799 -0.407786 0.887934 0.000000 0.000000
  14 -26.172765 -1.315267 -1.289961 -0.282609 -0.010450 0.959178 0.000000 0.000000
rubbergloveCHROME.bmp
  15 -26.109468 -1.534553 -1.335289 0.212799 -0.407786 0.887934 0.000000 0.000000
  14 -25.986450 -1.427121 -1.321192 0.182408 -0.430072 0.884175 0.000000 0.000000
  14 -26.172765 -1.315267 -1.289961 -0.282609 -0.010450 0.959178 0.000000 0.000000
rubbergloveCHROME.bmp
  14 -26.172765 -1.315267 -1.289961 -0.282609 -0.010450 0.959178 0.000000 0.000000
  14 -25.986450 -1.427121 -1.321192 0.182408 -0.430072 0.884175 0.000000 0.000000
  14 -25.837910 -1.296072 -1.291832 0.132272 -0.288650 0.948254 0.000000 0.000000
rubbergloveCHROME.bmp
  14 -25.986450 -1.427121 -1.321192 0.182408 -0.430072 0.884175 0.000000 0.000000
  14 -25.774583 -1.360500 -1.362108 0.306341 -0.437419 0.845470 0.000000 0.000000
  14 -25.837910 -1.296072 -1.291832 0.132272 -0.288650 0.948254 0.000000 0.000000
rubbergloveCHROME.bmp
  14 -25.837910 -1.296072 -1.291832 0.132272 -0.288650 0.948254 0.000000 0.000000
  14 -25.774583 -1.360500 -1.362108 0.306341 -0.437419 0.845470 0.000000 0.000000
  14 -25.723287 -1.142305 -1.274021 0.182700 -0.285280 0.940870 0.000000 0.000000
rubbergloveCHROME.bmp
  14 -25.774583 -1.360500 -1.362108 0.306341 -0.437419 0.845470 0.000000 0.000000
  14 -25.637936 -1.227224 -1.354045 0.260951 -0.380363 0.887259 0.000000 0.000000
  14 -25.723287 -1.142305 -1.274021 0.182700 -0.285280 0.940870 0.000000 0.000000
rubbergloveCHROME.bmp
  14 -25.723287 -1.142305 -1.274021 0.182700 -0.285280 0.940870 0.000000 0.000000
  14 -25.637936 -1.227224 -1.354045 0.260951 -0.380363 0.887259 0.000000 0.000000
  14 -25.618006 -1.011496 -1.239309 0.132272 -0.288650 0.948254 0.000000 0.000000
rubbergloveCHROME.bmp
  14 -25.637936 -1.227224 -1.354045 0.260951 -0.380363 0.887259 0.000000 0.000000
  14 -25.489688 -1.138387 -1.328938 0.182408 -0.430072 0.884175 0.000000 0.000000
  14 -25.618006 -1.011496 -1.239309 0.132272 -0.288650 0.948254 0.000000 0.000000
rubbergloveCHROME.bmp
  14 -25.618006 -1.011496 -1.239309 0.132272 -0.288650 0.948254 0.000000 0.000000
  14 -25.489688 -1.138387 -1.328938 0.182408 -0.430072 0.884175 0.000000 0.000000
  14 -25.474086 -0.843168 -1.226945 0.060722 -0.218783 0.973882 0.000000 0.000000
rubbergloveCHROME.bmp
  14 -25.489688 -1.138387 -1.328938 0.182408 -0.430072 0.884175 0.000000 0.000000
  14 -25.291991 -1.015248 -1.294988 0.144498 -0.451853 0.880312 0.000000 0.000000
  14 -25.474086 -0.843168 -1.226945 0.060722 -0.218783 0.973882 0.000000 0.000000
rubbergloveCHROME.bmp
  14 -25.474086 -0.843168 -1.226945 0.060722 -0.218783 0.973882 0.000000 0.000000
  14 -25.291991 -1.015248 -1.294988 0.144498 -0.451853 0.880312 0.000000 0.000000
  13 -25.237929 -0.733254 -1.200219 0.100123 -0.187712 0.977108 0.000000 0.000000
rubbergloveCHROME.bmp
  14 -25.291991 -1.015248 -1.294988 0.144498 -0.451853 0.880312 0.000000 0.000000
  13 -25.110577 -0.874354 -1.250936 0.130794 -0.356738 0.925003 0.000000 0.000000
  13 -25.237929 -0.733254 -1.200219 0.100123 -0.187712 0.977108 0.000000 0.000000
rubbergloveCHROME.bmp
  15 -26.771158 -2.435438 -1.983034 -0.022242 -0.994936 -0.098017 0.000000 0.000000
  15 -26.619266 -2.465384 -1.939077 0.008530 -0.997956 -0.063329 0.000000 0.000000
  15 -26.786830 -2.421141 -1.841790 -0.101260 -0.990243 0.095733 0.000000 0.000000
rubbergloveCHROME.bmp
  15 -26.786830 -2.421141 -1.841790 -0.101260 -0.990243 0.095733 0.000000 0.000000
  15 -26.619266 -2.465384 -1.939077 0.008530 -0.997956 -0.063329 0.000000 0.000000
  15 -26.666412 -2.424967 -1.707682 -0.002534 -0.889873 0.456202 0.000000 0.000000
rubbergloveCHROME.bmp
  15 -26.619266 -2.465384 -1.939077 0.008530 -0.997956 -0.063329 0.000000 0.000000
  15 -26.290562 -2.314143 -1.898090 0.538800 -0.842419 0.004914 0.000000 0.000000
  15 -26.666412 -2.424967 -1.707682 -0.002534 -0.889873 0.456202 0.000000 0.000000
rubbergloveCHROME.bmp
  15 -26.666412 -2.424967 -1.707682 -0.002534 -0.889873 0.456202 0.000000 0.000000
  15 -26.290562 -2.314143 -1.898090 0.538800 -0.842419 0.004914 0.000000 0.000000
  15 -26.400430 -2.280085 -1.613539 0.277938 -0.598512 0.751355 0.000000 0.000000
rubbergloveCHROME.bmp
  15 -26.290562 -2.314143 -1.898090 0.538800 -0.842419 0.004914 0.000000 0.000000
  15 -26.138004 -2.200398 -1.870020 0.722613 -0.673780 0.154438 0.000000 0.000000
  15 -26.400430 -2.280085 -1.613539 0.277938 -0.598512 0.751355 0.000000 0.000000
rubbergloveCHROME.bmp
  15 -26.400430 -2.280085 -1.613539 0.277938 -0.598512 0.751355 0.000000 0.000000
  15 -26.138004 -2.200398 -1.870020 0.722613 -0.673780 0.154438 0.000000 0.000000
  15 -26.264868 -2.126207 -1.563097 0.485119 -0.548121 0.681339 0.000000 0.000000
rubbergloveCHROME.bmp
  15 -26.138004 -2.200398 -1.870020 0.722613 -0.673780 0.154438 0.000000 0.000000
  15 -26.020099 -1.993469 -1.856643 0.768704 -0.634333 0.081948 0.000000 0.000000
  15 -26.264868 -2.126207 -1.563097 0.485119 -0.548121 0.681339 0.000000 0.000000
rubbergloveCHROME.bmp
  15 -26.264868 -2.126207 -1.563097 0.485119 -0.548121 0.681339 0.000000 0.000000
  15 -26.020099 -1.993469 -1.856643 0.768704 -0.634333 0.081948 0.000000 0.000000
  15 -26.118334 -1.947211 -1.549381 0.448750 -0.565116 0.692292 0.000000 0.000000
rubbergloveCHROME.bmp
  15 -26.020099 -1.993469 -1.856643 0.768704 -0.634333 0.081948 0.000000 0.000000
  15 -25.798806 -1.794759 -1.812555 0.647626 -0.761922 -0.007452 0.000000 0.000000
  15 -26.118334 -1.947211 -1.549381 0.448750 -0.565116 0.692292 0.000000 0.000000
rubbergloveCHROME.bmp
  15 -26.118334 -1.947211 -1.549381 0.448750 -0.565116 0.692292 0.000000 0.000000
  15 -25.798806 -1.794759 -1.812555 0.647626 -0.761922 -0.007452 0.000000 0.000000
  15 -25.882160 -1.733333 -1.512256 0.413589 -0.640405 0.647168 0.000000 0.000000
rubbergloveCHROME.bmp
  15 -25.798806 -1.794759 -1.812555 0.647626 -0.761922 -0.007452 0.000000 0.000000
  15 -25.708341 -1.744817 -1.797660 0.602731 -0.797329 0.031322 0.000000 0.000000
  15 -25.882160 -1.733333 -1.512256 0.413589 -0.640405 0.647168 0.000000 0.000000
rubbergloveCHROME.bmp
  15 -25.882160 -1.733333 -1.512256 0.413589 -0.640405 0.647168 0.000000 0.000000
  15 -25.708341 -1.744817 -1.797660 0.602731 -0.797329 0.031322 0.000000 0.000000
  14 -25.780942 -1.646830 -1.482419 0.379454 -0.646982 0.661384 0.000000 0.000000
rubbergloveCHROME.bmp
  15 -25.708341 -1.744817 -1.797660 0.602731 -0.797329 0.031322 0.000000 0.000000
  14 -25.522248 -1.592021 -1.762015 0.624915 -0.774865 0.095212 0.000000 0.000000
  14 -25.780942 -1.646830 -1.482419 0.379454 -0.646982 0.661384 0.000000 0.000000
rubbergloveCHROME.bmp
  14 -25.780942 -1.646830 -1.482419 0.379454 -0.646982 0.661384 0.000000 0.000000
  14 -25.522248 -1.592021 -1.762015 0.624915 -0.774865 0.095212 0.000000 0.000000
  14 -25.640562 -1.523681 -1.444632 0.333548 -0.521111 0.785614 0.000000 0.000000
rubbergloveCHROME.bmp
  14 -25.522248 -1.592021 -1.762015 0.624915 -0.774865 0.095212 0.000000 0.000000
  14 -25.461739 -1.391154 -1.432028 0.505039 -0.590774 0.629224 0.000000 0.000000
  14 -25.640562 -1.523681 -1.444632 0.333548 -0.521111 0.785614 0.000000 0.000000
rubbergloveCHROME.bmp
  14 -25.640562 -1.523681 -1.444632 0.333548 -0.521111 0.785614 0.000000 0.000000
  14 -25.461739 -1.391154 -1.432028 0.505039 -0.590774 0.629224 0.000000 0.000000
  14 -25.637936 -1.227224 -1.354045 0.260951 -0.380363 0.887259 0.000000 0.000000
rubbergloveCHROME.bmp
  14 -25.461739 -1.391154 -1.432028 0.505039 -0.590774 0.629224 0.000000 0.000000
  14 -25.344258 -1.290701 -1.449564 0.505039 -0.590774 0.629224 0.000000 0.000000
  14 -25.637936 -1.227224 -1.354045 0.260951 -0.380363 0.887259 0.000000 0.000000
rubbergloveCHROME.bmp
  14 -25.637936 -1.227224 -1.354045 0.260951 -0.380363 0.887259 0.000000 0.000000
  14 -25.344258 -1.290701 -1.449564 0.505039 -0.590774 0.629224 0.000000 0.000000
  14 -25.489688 -1.138387 -1.328938 0.182408 -0.430072 0.884175 0.000000 0.000000
rubbergloveCHROME.bmp
  14 -25.344258 -1.290701 -1.449564 0.505039 -0.590774 0.629224 0.000000 0.000000
  14 -25.229928 -1.179145 -1.436006 0.453276 -0.735252 0.503930 0.000000 0.000000
  14 -25.489688 -1.138387 -1.328938 0.182408 -0.430072 0.884175 0.000000 0.000000
rubbergloveCHROME.bmp
  14 -25.489688 -1.138387 -1.328938 0.182408 -0.430072 0.884175 0.000000 0.000000
  14 -25.229928 -1.179145 -1.436006 0.453276 -0.735252 0.503930 0.000000 0.000000
  14 -25.291991 -1.015248 -1.294988 0.144498 -0.451853 0.880312 0.000000 0.000000
rubbergloveCHROME.bmp
  14 -25.229928 -1.179145 -1.436006 0.453276 -0.735252 0.503930 0.000000 0.000000
  13 -24.975016 -1.021600 -1.382245 0.346227 -0.700122 0.624465 0.000000 0.000000
  14 -25.291991 -1.015248 -1.294988 0.144498 -0.451853 0.880312 0.000000 0.000000
rubbergloveCHROME.bmp
  14 -25.291991 -1.015248 -1.294988 0.144498 -0.451853 0.880312 0.000000 0.000000
  13 -24.975016 -1.021600 -1.382245 0.346227 -0.700122 0.624465 0.000000 0.000000
  13 -25.110577 -0.874354 -1.250936 0.130794 -0.356738 0.925003 0.000000 0.000000
rubbergloveCHROME.bmp
  13 -24.975016 -1.021600 -1.382245 0.346227 -0.700122 0.624465 0.000000 0.000000
  13 -24.710386 -0.789719 -1.299769 0.452909 -0.518297 0.725425 0.000000 0.000000
  13 -25.110577 -0.874354 -1.250936 0.130794 -0.356738 0.925003 0.000000 0.000000
rubbergloveCHROME.bmp
  28 26.704480 -0.825217 -1.302680 -0.452911 -0.518294 0.725426 0.000000 0.000000
  28 26.998296 -1.056877 -1.378219 -0.346233 -0.700118 0.624466 0.000000 0.000000
  28 27.103765 -0.881733 -1.250937 -0.130797 -0.356737 0.925003 0.000000 0.000000
rubbergloveCHROME.bmp
  28 27.103765 -0.881733 -1.250937 -0.130797 -0.356737 0.925003 0.000000 0.000000
  28 26.998296 -1.056877 -1.378219 -0.346233 -0.700118 0.624466 0.000000 0.000000
  29 27.313015 -1.007885 -1.296561 -0.144499 -0.451850 0.880313 0.000000 0.000000
rubbergloveCHROME.bmp
  28 26.998296 -1.056877 -1.378219 -0.346233 -0.700118 0.624466 0.000000 0.000000
  29 27.216048 -1.207583 -1.437338 -0.453281 -0.735248 0.503931 0.000000 0.000000
  29 27.313015 -1.007885 -1.296561 -0.144499 -0.451850 0.880313 0.000000 0.000000
rubbergloveCHROME.bmp
  29 27.313015 -1.007885 -1.296561 -0.144499 -0.451850 0.880313 0.000000 0.000000
  29 27.216048 -1.207583 -1.437338 -0.453281 -0.735248 0.503931 0.000000 0.000000
  29 27.453492 -1.145105 -1.335765 -0.193071 -0.457299 0.868102 0.000000 0.000000
rubbergloveCHROME.bmp
  29 27.216048 -1.207583 -1.437338 -0.453281 -0.735248 0.503931 0.000000 0.000000
  29 27.372360 -1.290249 -1.452602 -0.497431 -0.589371 0.636556 0.000000 0.000000
  29 27.453492 -1.145105 -1.335765 -0.193071 -0.457299 0.868102 0.000000 0.000000
rubbergloveCHROME.bmp
  29 27.453492 -1.145105 -1.335765 -0.193071 -0.457299 0.868102 0.000000 0.000000
  29 27.372360 -1.290249 -1.452602 -0.497431 -0.589371 0.636556 0.000000 0.000000
  29 27.587584 -1.220121 -1.357942 -0.260952 -0.380364 0.887258 0.000000 0.000000
rubbergloveCHROME.bmp
  29 27.372360 -1.290249 -1.452602 -0.497431 -0.589371 0.636556 0.000000 0.000000
  29 27.461820 -1.405272 -1.433457 -0.497431 -0.589371 0.636556 0.000000 0.000000
  29 27.587584 -1.220121 -1.357942 -0.260952 -0.380364 0.887258 0.000000 0.000000
rubbergloveCHROME.bmp
  29 27.587584 -1.220121 -1.357942 -0.260952 -0.380364 0.887258 0.000000 0.000000
  29 27.461820 -1.405272 -1.433457 -0.497431 -0.589371 0.636556 0.000000 0.000000
  29 27.655687 -1.524469 -1.436265 -0.333545 -0.521112 0.785614 0.000000 0.000000
rubbergloveCHROME.bmp
  29 27.461820 -1.405272 -1.433457 -0.497431 -0.589371 0.636556 0.000000 0.000000
  29 27.536291 -1.591819 -1.763539 -0.624913 -0.774867 0.095214 0.000000 0.000000
  29 27.655687 -1.524469 -1.436265 -0.333545 -0.521112 0.785614 0.000000 0.000000
rubbergloveCHROME.bmp
  29 27.655687 -1.524469 -1.436265 -0.333545 -0.521112 0.785614 0.000000 0.000000
  29 27.536291 -1.591819 -1.763539 -0.624913 -0.774867 0.095214 0.000000 0.000000
  29 27.780925 -1.646879 -1.482430 -0.379452 -0.646983 0.661385 0.000000 0.000000
rubbergloveCHROME.bmp
  29 27.536291 -1.591819 -1.763539 -0.624913 -0.774867 0.095214 0.000000 0.000000
  30 27.701166 -1.751852 -1.797585 -0.602725 -0.797334 0.031320 0.000000 0.000000
  29 27.780925 -1.646879 -1.482430 -0.379452 -0.646983 0.661385 0.000000 0.000000
rubbergloveCHROME.bmp
  29 27.780925 -1.646879 -1.482430 -0.379452 -0.646983 0.661385 0.000000 0.000000
  30 27.701166 -1.751852 -1.797585 -0.602725 -0.797334 0.031320 0.000000 0.000000
  30 27.881626 -1.761531 -1.515024 -0.413586 -0.640407 0.647167 0.000000 0.000000
rubbergloveCHROME.bmp
  30 27.701166 -1.751852 -1.797585 -0.602725 -0.797334 0.031320 0.000000 0.000000
  30 27.812587 -1.808990 -1.815492 -0.647624 -0.761923 -0.007451 0.000000 0.000000
  30 27.881626 -1.761531 -1.515024 -0.413586 -0.640407 0.647167 0.000000 0.000000
rubbergloveCHROME.bmp
  30 27.881626 -1.761531 -1.515024 -0.413586 -0.640407 0.647167 0.000000 0.000000
  30 27.812587 -1.808990 -1.815492 -0.647624 -0.761923 -0.007451 0.000000 0.000000
  30 28.126039 -1.969415 -1.542341 -0.448751 -0.565115 0.692291 0.000000 0.000000
rubbergloveCHROME.bmp
  30 27.812587 -1.808990 -1.815492 -0.647624 -0.761923 -0.007451 0.000000 0.000000
  30 28.026206 -2.042828 -1.862253 -0.768706 -0.634331 0.081948 0.000000 0.000000
  30 28.126039 -1.969415 -1.542341 -0.448751 -0.565115 0.692291 0.000000 0.000000
rubbergloveCHROME.bmp
  30 28.126039 -1.969415 -1.542341 -0.448751 -0.565115 0.692291 0.000000 0.000000
  30 28.026206 -2.042828 -1.862253 -0.768706 -0.634331 0.081948 0.000000 0.000000
  30 28.256609 -2.132255 -1.572914 -0.485120 -0.548120 0.681339 0.000000 0.000000
rubbergloveCHROME.bmp
  30 28.026206 -2.042828 -1.862253 -0.768706 -0.634331 0.081948 0.000000 0.000000
  30 28.152608 -2.229691 -1.864444 -0.722613 -0.673780 0.154438 0.000000 0.000000
  30 28.256609 -2.132255 -1.572914 -0.485120 -0.548120 0.681339 0.000000 0.000000
rubbergloveCHROME.bmp
  30 28.256609 -2.132255 -1.572914 -0.485120 -0.548120 0.681339 0.000000 0.000000
  30 28.152608 -2.229691 -1.864444 -0.722613 -0.673780 0.154438 0.000000 0.000000
  30 28.393512 -2.273050 -1.612084 -0.277937 -0.598512 0.751355 0.000000 0.000000
rubbergloveCHROME.bmp
  30 28.152608 -2.229691 -1.864444 -0.722613 -0.673780 0.154438 0.000000 0.000000
  30 28.292192 -2.344320 -1.881073 -0.538801 -0.842419 0.004914 0.000000 0.000000
  30 28.393512 -2.273050 -1.612084 -0.277937 -0.598512 0.751355 0.000000 0.000000
rubbergloveCHROME.bmp
  30 28.393512 -2.273050 -1.612084 -0.277937 -0.598512 0.751355 0.000000 0.000000
  30 28.292192 -2.344320 -1.881073 -0.538801 -0.842419 0.004914 0.000000 0.000000
  30 28.646261 -2.432888 -1.696165 0.002534 -0.889873 0.456201 0.000000 0.000000
rubbergloveCHROME.bmp
  30 28.292192 -2.344320 -1.881073 -0.538801 -0.842419 0.004914 0.000000 0.000000
  30 28.611831 -2.486494 -1.940380 -0.008529 -0.997956 -0.063329 0.000000 0.000000
  30 28.646261 -2.432888 -1.696165 0.002534 -0.889873 0.456201 0.000000 0.000000
rubbergloveCHROME.bmp
  30 28.646261 -2.432888 -1.696165 0.002534 -0.889873 0.456201 0.000000 0.000000
  30 28.611831 -2.486494 -1.940380 -0.008529 -0.997956 -0.063329 0.000000 0.000000
  30 28.807251 -2.456536 -1.847569 0.101258 -0.990243 0.095735 0.000000 0.000000
rubbergloveCHROME.bmp
  30 28.611831 -2.486494 -1.940380 -0.008529 -0.997956 -0.063329 0.000000 0.000000
  30 28.773304 -2.437471 -1.963259 0.022242 -0.994936 -0.098016 0.000000 0.000000
  30 28.807251 -2.456536 -1.847569 0.101258 -0.990243 0.095735 0.000000 0.000000
rubbergloveCHROME.bmp
  28 27.103765 -0.881733 -1.250937 -0.130797 -0.356737 0.925003 0.000000 0.000000
  29 27.313015 -1.007885 -1.296561 -0.144499 -0.451850 0.880313 0.000000 0.000000
  28 27.250434 -0.717647 -1.210143 -0.100122 -0.187712 0.977108 0.000000 0.000000
rubbergloveCHROME.bmp
  28 27.250434 -0.717647 -1.210143 -0.100122 -0.187712 0.977108 0.000000 0.000000
  29 27.313015 -1.007885 -1.296561 -0.144499 -0.451850 0.880313 0.000000 0.000000
  29 27.448216 -0.859764 -1.205563 -0.060722 -0.218782 0.973883 0.000000 0.000000
rubbergloveCHROME.bmp
  29 27.313015 -1.007885 -1.296561 -0.144499 -0.451850 0.880313 0.000000 0.000000
  29 27.453492 -1.145105 -1.335765 -0.193071 -0.457299 0.868102 0.000000 0.000000
  29 27.448216 -0.859764 -1.205563 -0.060722 -0.218782 0.973883 0.000000 0.000000
rubbergloveCHROME.bmp
  29 27.448216 -0.859764 -1.205563 -0.060722 -0.218782 0.973883 0.000000 0.000000
  29 27.453492 -1.145105 -1.335765 -0.193071 -0.457299 0.868102 0.000000 0.000000
  29 27.633229 -1.026354 -1.232359 -0.132273 -0.288653 0.948253 0.000000 0.000000
rubbergloveCHROME.bmp
  29 27.453492 -1.145105 -1.335765 -0.193071 -0.457299 0.868102 0.000000 0.000000
  29 27.587584 -1.220121 -1.357942 -0.260952 -0.380364 0.887258 0.000000 0.000000
  29 27.633229 -1.026354 -1.232359 -0.132273 -0.288653 0.948253 0.000000 0.000000
rubbergloveCHROME.bmp
  29 27.633229 -1.026354 -1.232359 -0.132273 -0.288653 0.948253 0.000000 0.000000
  29 27.587584 -1.220121 -1.357942 -0.260952 -0.380364 0.887258 0.000000 0.000000
  29 27.725340 -1.130261 -1.252830 -0.182700 -0.285279 0.940870 0.000000 0.000000
rubbergloveCHROME.bmp
  29 27.587584 -1.220121 -1.357942 -0.260952 -0.380364 0.887258 0.000000 0.000000
  29 27.782728 -1.368448 -1.353693 -0.306343 -0.437423 0.845468 0.000000 0.000000
  29 27.725340 -1.130261 -1.252830 -0.182700 -0.285279 0.940870 0.000000 0.000000
rubbergloveCHROME.bmp
  29 27.725340 -1.130261 -1.252830 -0.182700 -0.285279 0.940870 0.000000 0.000000
  29 27.782728 -1.368448 -1.353693 -0.306343 -0.437423 0.845468 0.000000 0.000000
  29 27.860113 -1.303771 -1.284930 -0.132273 -0.288653 0.948253 0.000000 0.000000
rubbergloveCHROME.bmp
  29 27.782728 -1.368448 -1.353693 -0.306343 -0.437423 0.845468 0.000000 0.000000
  29 28.000687 -1.455061 -1.325552 -0.193071 -0.457299 0.868102 0.000000 0.000000
  29 27.860113 -1.303771 -1.284930 -0.132273 -0.288653 0.948253 0.000000 0.000000
rubbergloveCHROME.bmp
  29 27.860113 -1.303771 -1.284930 -0.132273 -0.288653 0.948253 0.000000 0.000000
  29 28.000687 -1.455061 -1.325552 -0.193071 -0.457299 0.868102 0.000000 0.000000
  29 28.200867 -1.314817 -1.292999 0.282612 -0.010448 0.959177 0.000000 0.000000
rubbergloveCHROME.bmp
  29 28.000687 -1.455061 -1.325552 -0.193071 -0.457299 0.868102 0.000000 0.000000
  30 28.102035 -1.555662 -1.336592 -0.212799 -0.407786 0.887934 0.000000 0.000000
  29 28.200867 -1.314817 -1.292999 0.282612 -0.010448 0.959177 0.000000 0.000000
rubbergloveCHROME.bmp
  29 28.200867 -1.314817 -1.292999 0.282612 -0.010448 0.959177 0.000000 0.000000
  30 28.102035 -1.555662 -1.336592 -0.212799 -0.407786 0.887934 0.000000 0.000000
  30 28.317681 -1.475786 -1.321878 0.358173 0.063963 0.931462 0.000000 0.000000
rubbergloveCHROME.bmp
  30 28.102035 -1.555662 -1.336592 -0.212799 -0.407786 0.887934 0.000000 0.000000
  30 28.335269 -1.809779 -1.397637 -0.212799 -0.407786 0.887934 0.000000 0.000000
  30 28.317681 -1.475786 -1.321878 0.358173 0.063963 0.931462 0.000000 0.000000
rubbergloveCHROME.bmp
  30 28.317681 -1.475786 -1.321878 0.358173 0.063963 0.931462 0.000000 0.000000
  30 28.335269 -1.809779 -1.397637 -0.212799 -0.407786 0.887934 0.000000 0.000000
  30 28.487015 -1.764607 -1.379400 0.163987 -0.099032 0.981479 0.000000 0.000000
rubbergloveCHROME.bmp
  30 28.335269 -1.809779 -1.397637 -0.212799 -0.407786 0.887934 0.000000 0.000000
  30 28.499769 -1.978931 -1.442664 -0.299479 -0.471649 0.829373 0.000000 0.000000
  30 28.487015 -1.764607 -1.379400 0.163987 -0.099032 0.981479 0.000000 0.000000
rubbergloveCHROME.bmp
  30 28.487015 -1.764607 -1.379400 0.163987 -0.099032 0.981479 0.000000 0.000000
  30 28.499769 -1.978931 -1.442664 -0.299479 -0.471649 0.829373 0.000000 0.000000
  30 28.652081 -1.962893 -1.417292 0.208921 -0.083880 0.974329 0.000000 0.000000
rubbergloveCHROME.bmp
  30 28.499769 -1.978931 -1.442664 -0.299479 -0.471649 0.829373 0.000000 0.000000
  30 28.636156 -2.147871 -1.484592 -0.223045 -0.537661 0.813125 0.000000 0.000000
  30 28.652081 -1.962893 -1.417292 0.208921 -0.083880 0.974329 0.000000 0.000000
rubbergloveCHROME.bmp
  30 28.652081 -1.962893 -1.417292 0.208921 -0.083880 0.974329 0.000000 0.000000
  30 28.636156 -2.147871 -1.484592 -0.223045 -0.537661 0.813125 0.000000 0.000000
  30 28.780744 -2.109682 -1.466270 0.279487 -0.223997 0.933655 0.000000 0.000000
rubbergloveCHROME.bmp
  30 28.636156 -2.147871 -1.484592 -0.223045 -0.537661 0.813125 0.000000 0.000000
  30 28.878179 -2.412375 -1.658840 0.024191 -0.804851 0.592984 0.000000 0.000000
  30 28.780744 -2.109682 -1.466270 0.279487 -0.223997 0.933655 0.000000 0.000000
rubbergloveCHROME.bmp
  30 28.780744 -2.109682 -1.466270 0.279487 -0.223997 0.933655 0.000000 0.000000
  30 28.878179 -2.412375 -1.658840 0.024191 -0.804851 0.592984 0.000000 0.000000
  30 28.988013 -2.352812 -1.634576 0.495608 -0.506652 0.705462 0.000000 0.000000
rubbergloveCHROME.bmp
  30 28.878179 -2.412375 -1.658840 0.024191 -0.804851 0.592984 0.000000 0.000000
  30 29.023059 -2.404640 -1.764906 0.590775 -0.762980 0.262387 0.000000 0.000000
  30 28.988013 -2.352812 -1.634576 0.495608 -0.506652 0.705462 0.000000 0.000000
rubbergloveCHROME.bmp
  30 28.988013 -2.352812 -1.634576 0.495608 -0.506652 0.705462 0.000000 0.000000
  30 29.023059 -2.404640 -1.764906 0.590775 -0.762980 0.262387 0.000000 0.000000
  30 29.002166 -2.310866 -1.702696 0.530092 -0.650023 0.544493 0.000000 0.000000
rubbergloveCHROME.bmp
  30 29.023059 -2.404640 -1.764906 0.590775 -0.762980 0.262387 0.000000 0.000000
  30 29.071254 -2.339707 -1.783906 0.599043 -0.788793 0.137667 0.000000 0.000000
  30 29.002166 -2.310866 -1.702696 0.530092 -0.650023 0.544493 0.000000 0.000000
rubbergloveCHROME.bmp
  8 -25.995335 -0.857571 0.204323 -0.616858 0.152894 -0.772081 0.000000 0.000000
  8 -26.070260 -1.007800 0.237753 -0.606522 0.272316 -0.746977 0.000000 0.000000
  8 -26.024611 -0.833570 0.297419 -0.792645 0.199272 -0.576198 0.000000 0.000000
rubbergloveCHROME.bmp
  8 -26.024611 -0.833570 0.297419 -0.792645 0.199272 -0.576198 0.000000 0.000000
  8 -26.070260 -1.007800 0.237753 -0.606522 0.272316 -0.746977 0.000000 0.000000
  8 -26.107601 -0.977252 0.321254 -0.655931 0.414972 -0.630518 0.000000 0.000000
rubbergloveCHROME.bmp
  8 -26.070260 -1.007800 0.237753 -0.606522 0.272316 -0.746977 0.000000 0.000000
  8 -26.188538 -1.156672 0.266867 -0.498219 0.375547 -0.781500 0.000000 0.000000
  8 -26.107601 -0.977252 0.321254 -0.655931 0.414972 -0.630518 0.000000 0.000000
rubbergloveCHROME.bmp
  8 -26.107601 -0.977252 0.321254 -0.655931 0.414972 -0.630518 0.000000 0.000000
  8 -26.188538 -1.156672 0.266867 -0.498219 0.375547 -0.781500 0.000000 0.000000
  8 -26.247166 -1.132051 0.353796 -0.618389 0.479975 -0.622270 0.000000 0.000000
rubbergloveCHROME.bmp
  8 -26.188538 -1.156672 0.266867 -0.498219 0.375547 -0.781500 0.000000 0.000000
  8 -26.393882 -1.344182 0.301121 -0.557040 0.488238 -0.671811 0.000000 0.000000
  8 -26.247166 -1.132051 0.353796 -0.618389 0.479975 -0.622270 0.000000 0.000000
rubbergloveCHROME.bmp
  8 -26.247166 -1.132051 0.353796 -0.618389 0.479975 -0.622270 0.000000 0.000000
  8 -26.393882 -1.344182 0.301121 -0.557040 0.488238 -0.671811 0.000000 0.000000
  8 -26.410508 -1.321777 0.382494 -0.639642 0.562839 -0.523517 0.000000 0.000000
rubbergloveCHROME.bmp
  8 -26.393882 -1.344182 0.301121 -0.557040 0.488238 -0.671811 0.000000 0.000000
  9 -26.527953 -1.485602 0.321620 -0.550160 0.481093 -0.682549 0.000000 0.000000
  8 -26.410508 -1.321777 0.382494 -0.639642 0.562839 -0.523517 0.000000 0.000000
rubbergloveCHROME.bmp
  8 -26.410508 -1.321777 0.382494 -0.639642 0.562839 -0.523517 0.000000 0.000000
  9 -26.527953 -1.485602 0.321620 -0.550160 0.481093 -0.682549 0.000000 0.000000
  8 -26.557568 -1.455958 0.404141 -0.664880 0.598094 -0.447458 0.000000 0.000000
rubbergloveCHROME.bmp
  9 -26.527953 -1.485602 0.321620 -0.550160 0.481093 -0.682549 0.000000 0.000000
  9 -26.750738 -1.671535 0.347993 -0.528621 0.427920 -0.733106 0.000000 0.000000
  8 -26.557568 -1.455958 0.404141 -0.664880 0.598094 -0.447458 0.000000 0.000000
rubbergloveCHROME.bmp
  8 -26.557568 -1.455958 0.404141 -0.664880 0.598094 -0.447458 0.000000 0.000000
  9 -26.750738 -1.671535 0.347993 -0.528621 0.427920 -0.733106 0.000000 0.000000
  9 -26.756212 -1.637839 0.406599 -0.562756 0.692983 -0.450645 0.000000 0.000000
rubbergloveCHROME.bmp
  9 -26.750738 -1.671535 0.347993 -0.528621 0.427920 -0.733106 0.000000 0.000000
  9 -26.904389 -1.832067 0.352569 -0.557609 0.367747 -0.744200 0.000000 0.000000
  9 -26.756212 -1.637839 0.406599 -0.562756 0.692983 -0.450645 0.000000 0.000000
rubbergloveCHROME.bmp
  9 -26.756212 -1.637839 0.406599 -0.562756 0.692983 -0.450645 0.000000 0.000000
  9 -26.904389 -1.832067 0.352569 -0.557609 0.367747 -0.744200 0.000000 0.000000
  9 -26.881066 -1.814929 0.469455 -0.660457 0.451868 -0.599676 0.000000 0.000000
rubbergloveCHROME.bmp
  9 -26.904389 -1.832067 0.352569 -0.557609 0.367747 -0.744200 0.000000 0.000000
  9 -27.057696 -2.036562 0.421699 -0.677436 0.245434 -0.693428 0.000000 0.000000
  9 -26.881066 -1.814929 0.469455 -0.660457 0.451868 -0.599676 0.000000 0.000000
rubbergloveCHROME.bmp
  9 -26.881066 -1.814929 0.469455 -0.660457 0.451868 -0.599676 0.000000 0.000000
  9 -27.057696 -2.036562 0.421699 -0.677436 0.245434 -0.693428 0.000000 0.000000
  9 -27.108336 -2.031603 0.468720 -0.730793 0.329298 -0.597917 0.000000 0.000000
rubbergloveCHROME.bmp
  9 -27.057696 -2.036562 0.421699 -0.677436 0.245434 -0.693428 0.000000 0.000000
  9 -27.229857 -2.273981 0.516529 -0.810192 -0.138831 -0.569486 0.000000 0.000000
  9 -27.108336 -2.031603 0.468720 -0.730793 0.329298 -0.597917 0.000000 0.000000
rubbergloveCHROME.bmp
  9 -27.108336 -2.031603 0.468720 -0.730793 0.329298 -0.597917 0.000000 0.000000
  9 -27.229857 -2.273981 0.516529 -0.810192 -0.138831 -0.569486 0.000000 0.000000
  9 -27.204608 -2.239335 0.591109 -0.851482 -0.075250 -0.518956 0.000000 0.000000
rubbergloveCHROME.bmp
  9 -27.229857 -2.273981 0.516529 -0.810192 -0.138831 -0.569486 0.000000 0.000000
  9 -27.247233 -2.364095 0.617907 -0.880686 -0.424530 -0.210158 0.000000 0.000000
  9 -27.204608 -2.239335 0.591109 -0.851482 -0.075250 -0.518956 0.000000 0.000000
rubbergloveCHROME.bmp
  9 -27.204608 -2.239335 0.591109 -0.851482 -0.075250 -0.518956 0.000000 0.000000
  9 -27.247233 -2.364095 0.617907 -0.880686 -0.424530 -0.210158 0.000000 0.000000
  9 -27.200644 -2.308896 0.687782 -0.863451 -0.465622 -0.194035 0.000000 0.000000
rubbergloveCHROME.bmp
  9 -27.247233 -2.364095 0.617907 -0.880686 -0.424530 -0.210158 0.000000 0.000000
  9 -27.164894 -2.416339 0.763134 -0.756823 -0.653255 0.021840 0.000000 0.000000
  9 -27.200644 -2.308896 0.687782 -0.863451 -0.465622 -0.194035 0.000000 0.000000
rubbergloveCHROME.bmp
  9 -27.200644 -2.308896 0.687782 -0.863451 -0.465622 -0.194035 0.000000 0.000000
  9 -27.164894 -2.416339 0.763134 -0.756823 -0.653255 0.021840 0.000000 0.000000
  9 -27.225836 -2.364464 0.777099 -0.670396 -0.735113 -0.100883 0.000000 0.000000
rubbergloveCHROME.bmp
  9 -27.164894 -2.416339 0.763134 -0.756823 -0.653255 0.021840 0.000000 0.000000
  9 -27.184954 -2.398911 0.875801 -0.683760 -0.723537 0.094693 0.000000 0.000000
  9 -27.225836 -2.364464 0.777099 -0.670396 -0.735113 -0.100883 0.000000 0.000000
rubbergloveCHROME.bmp
  9 -27.083472 -2.378541 1.042493 -0.489107 -0.744426 0.454538 0.000000 0.000000
  9 -26.993444 -2.407284 1.133975 -0.278434 -0.726035 0.628767 0.000000 0.000000
  9 -27.029066 -2.357888 1.124429 -0.334448 -0.734392 0.590604 0.000000 0.000000
rubbergloveCHROME.bmp
  9 -27.029066 -2.357888 1.124429 -0.334448 -0.734392 0.590604 0.000000 0.000000
  9 -26.993444 -2.407284 1.133975 -0.278434 -0.726035 0.628767 0.000000 0.000000
  9 -26.950618 -2.314967 1.221402 -0.049424 -0.593202 0.803535 0.000000 0.000000
rubbergloveCHROME.bmp
  9 -26.993444 -2.407284 1.133975 -0.278434 -0.726035 0.628767 0.000000 0.000000
  9 -26.876368 -2.325827 1.191923 0.122944 -0.559765 0.819480 0.000000 0.000000
  9 -26.950618 -2.314967 1.221402 -0.049424 -0.593202 0.803535 0.000000 0.000000
rubbergloveCHROME.bmp
  9 -26.950618 -2.314967 1.221402 -0.049424 -0.593202 0.803535 0.000000 0.000000
  9 -26.876368 -2.325827 1.191923 0.122944 -0.559765 0.819480 0.000000 0.000000
  9 -26.822504 -2.166040 1.241589 0.153326 -0.303872 0.940294 0.000000 0.000000
rubbergloveCHROME.bmp
  9 -26.876368 -2.325827 1.191923 0.122944 -0.559765 0.819480 0.000000 0.000000
  9 -26.778202 -2.193643 1.258185 0.193204 -0.294507 0.935915 0.000000 0.000000
  9 -26.822504 -2.166040 1.241589 0.153326 -0.303872 0.940294 0.000000 0.000000
rubbergloveCHROME.bmp
  9 -26.822504 -2.166040 1.241589 0.153326 -0.303872 0.940294 0.000000 0.000000
  9 -26.778202 -2.193643 1.258185 0.193204 -0.294507 0.935915 0.000000 0.000000
  9 -26.617493 -1.942607 1.234653 0.214483 -0.070708 0.974165 0.000000 0.000000
rubbergloveCHROME.bmp
  9 -26.778202 -2.193643 1.258185 0.193204 -0.294507 0.935915 0.000000 0.000000
  9 -26.560746 -1.985534 1.240746 0.243240 -0.120107 0.962501 0.000000 0.000000
  9 -26.617493 -1.942607 1.234653 0.214483 -0.070708 0.974165 0.000000 0.000000
rubbergloveCHROME.bmp
  9 -26.617493 -1.942607 1.234653 0.214483 -0.070708 0.974165 0.000000 0.000000
  9 -26.560746 -1.985534 1.240746 0.243240 -0.120107 0.962501 0.000000 0.000000
  9 -26.436955 -1.769612 1.215185 0.240838 0.163264 0.956735 0.000000 0.000000
rubbergloveCHROME.bmp
  9 -26.560746 -1.985534 1.240746 0.243240 -0.120107 0.962501 0.000000 0.000000
  9 -26.396922 -1.813871 1.203419 0.125227 0.055012 0.990602 0.000000 0.000000
  9 -26.436955 -1.769612 1.215185 0.240838 0.163264 0.956735 0.000000 0.000000
rubbergloveCHROME.bmp
  9 -26.436955 -1.769612 1.215185 0.240838 0.163264 0.956735 0.000000 0.000000
  9 -26.396922 -1.813871 1.203419 0.125227 0.055012 0.990602 0.000000 0.000000
  8 -26.298320 -1.573467 1.169048 0.014243 0.142175 0.989739 0.000000 0.000000
rubbergloveCHROME.bmp
  9 -26.396922 -1.813871 1.203419 0.125227 0.055012 0.990602 0.000000 0.000000
  9 -26.220364 -1.617843 1.202757 0.013777 0.020784 0.999689 0.000000 0.000000
  8 -26.298320 -1.573467 1.169048 0.014243 0.142175 0.989739 0.000000 0.000000
rubbergloveCHROME.bmp
  8 -26.298320 -1.573467 1.169048 0.014243 0.142175 0.989739 0.000000 0.000000
  9 -26.220364 -1.617843 1.202757 0.013777 0.020784 0.999689 0.000000 0.000000
  8 -26.105453 -1.423336 1.109356 -0.061544 0.123739 0.990404 0.000000 0.000000
rubbergloveCHROME.bmp
  9 -26.220364 -1.617843 1.202757 0.013777 0.020784 0.999689 0.000000 0.000000
  8 -26.063771 -1.455215 1.167203 -0.014631 0.031478 0.999397 0.000000 0.000000
  8 -26.105453 -1.423336 1.109356 -0.061544 0.123739 0.990404 0.000000 0.000000
rubbergloveCHROME.bmp
  8 -26.105453 -1.423336 1.109356 -0.061544 0.123739 0.990404 0.000000 0.000000
  8 -26.063771 -1.455215 1.167203 -0.014631 0.031478 0.999397 0.000000 0.000000
  8 -25.991931 -1.240441 1.138721 -0.028516 0.202883 0.978788 0.000000 0.000000
rubbergloveCHROME.bmp
  8 -26.063771 -1.455215 1.167203 -0.014631 0.031478 0.999397 0.000000 0.000000
  8 -25.868375 -1.264394 1.164415 -0.028516 0.202883 0.978788 0.000000 0.000000
  8 -25.991931 -1.240441 1.138721 -0.028516 0.202883 0.978788 0.000000 0.000000
rubbergloveCHROME.bmp
  8 -25.991931 -1.240441 1.138721 -0.028516 0.202883 0.978788 0.000000 0.000000
  8 -25.868375 -1.264394 1.164415 -0.028516 0.202883 0.978788 0.000000 0.000000
  8 -25.805780 -1.082906 1.079305 0.015290 0.252258 0.967539 0.000000 0.000000
rubbergloveCHROME.bmp
  8 -25.868375 -1.264394 1.164415 -0.028516 0.202883 0.978788 0.000000 0.000000
  8 -25.694304 -1.091192 1.115422 0.046480 0.224943 0.973263 0.000000 0.000000
  8 -25.805780 -1.082906 1.079305 0.015290 0.252258 0.967539 0.000000 0.000000
rubbergloveCHROME.bmp
  8 -25.805780 -1.082906 1.079305 0.015290 0.252258 0.967539 0.000000 0.000000
  8 -25.694304 -1.091192 1.115422 0.046480 0.224943 0.973263 0.000000 0.000000
  8 -25.672759 -0.959677 1.009878 -0.128698 -0.084713 0.988059 0.000000 0.000000
rubbergloveCHROME.bmp
  8 -25.694304 -1.091192 1.115422 0.046480 0.224943 0.973263 0.000000 0.000000
  8 -25.597672 -0.989604 1.103507 -0.012084 0.072662 0.997283 0.000000 0.000000
  8 -25.672759 -0.959677 1.009878 -0.128698 -0.084713 0.988059 0.000000 0.000000
rubbergloveCHROME.bmp
  8 -25.672759 -0.959677 1.009878 -0.128698 -0.084713 0.988059 0.000000 0.000000
  8 -25.597672 -0.989604 1.103507 -0.012084 0.072662 0.997283 0.000000 0.000000
  8 -25.652215 -0.928845 1.044911 -0.001594 -0.220956 0.975282 0.000000 0.000000
rubbergloveCHROME.bmp
  8 -25.597672 -0.989604 1.103507 -0.012084 0.072662 0.997283 0.000000 0.000000
  8 -25.598155 -0.839112 1.039851 0.185400 -0.136121 0.973190 0.000000 0.000000
  8 -25.652215 -0.928845 1.044911 -0.001594 -0.220956 0.975282 0.000000 0.000000
rubbergloveCHROME.bmp
  23 27.614810 -0.828457 1.071581 -0.185400 -0.136106 0.973192 0.000000 0.000000
  23 27.591728 -0.983854 1.092048 0.012083 0.072668 0.997283 0.000000 0.000000
  23 27.628218 -0.921262 1.061214 0.001589 -0.220948 0.975284 0.000000 0.000000
rubbergloveCHROME.bmp
  23 27.628218 -0.921262 1.061214 0.001589 -0.220948 0.975284 0.000000 0.000000
  23 27.591728 -0.983854 1.092048 0.012083 0.072668 0.997283 0.000000 0.000000
  23 27.695349 -0.954831 1.053055 0.128688 -0.084704 0.988061 0.000000 0.000000
rubbergloveCHROME.bmp
  23 27.591728 -0.983854 1.092048 0.012083 0.072668 0.997283 0.000000 0.000000
  23 27.716151 -1.111250 1.120138 -0.046480 0.224941 0.973263 0.000000 0.000000
  23 27.695349 -0.954831 1.053055 0.128688 -0.084704 0.988061 0.000000 0.000000
rubbergloveCHROME.bmp
  23 27.695349 -0.954831 1.053055 0.128688 -0.084704 0.988061 0.000000 0.000000
  23 27.716151 -1.111250 1.120138 -0.046480 0.224941 0.973263 0.000000 0.000000
  23 27.833773 -1.081489 1.082997 -0.015291 0.252257 0.967539 0.000000 0.000000
rubbergloveCHROME.bmp
  23 27.716151 -1.111250 1.120138 -0.046480 0.224941 0.973263 0.000000 0.000000
  23 27.889082 -1.256311 1.166531 0.028516 0.202881 0.978788 0.000000 0.000000
  23 27.833773 -1.081489 1.082997 -0.015291 0.252257 0.967539 0.000000 0.000000
rubbergloveCHROME.bmp
  23 27.833773 -1.081489 1.082997 -0.015291 0.252257 0.967539 0.000000 0.000000
  23 27.889082 -1.256311 1.166531 0.028516 0.202881 0.978788 0.000000 0.000000
  23 28.005922 -1.239763 1.140561 0.028516 0.202881 0.978788 0.000000 0.000000
rubbergloveCHROME.bmp
  23 27.889082 -1.256311 1.166531 0.028516 0.202881 0.978788 0.000000 0.000000
  23 28.047628 -1.468370 1.186382 0.014630 0.031475 0.999397 0.000000 0.000000
  23 28.005922 -1.239763 1.140561 0.028516 0.202881 0.978788 0.000000 0.000000
rubbergloveCHROME.bmp
  23 28.005922 -1.239763 1.140561 0.028516 0.202881 0.978788 0.000000 0.000000
  23 28.047628 -1.468370 1.186382 0.014630 0.031475 0.999397 0.000000 0.000000
  23 28.099470 -1.405897 1.147529 0.061542 0.123736 0.990405 0.000000 0.000000
rubbergloveCHROME.bmp
  23 28.047628 -1.468370 1.186382 0.014630 0.031475 0.999397 0.000000 0.000000
  24 28.201920 -1.613162 1.179548 -0.013777 0.020780 0.999689 0.000000 0.000000
  23 28.099470 -1.405897 1.147529 0.061542 0.123736 0.990405 0.000000 0.000000
rubbergloveCHROME.bmp
  23 28.099470 -1.405897 1.147529 0.061542 0.123736 0.990405 0.000000 0.000000
  24 28.201920 -1.613162 1.179548 -0.013777 0.020780 0.999689 0.000000 0.000000
  23 28.278374 -1.568458 1.155737 -0.014240 0.142175 0.989739 0.000000 0.000000
rubbergloveCHROME.bmp
  24 28.201920 -1.613162 1.179548 -0.013777 0.020780 0.999689 0.000000 0.000000
  24 28.395333 -1.799003 1.212025 -0.125227 0.055011 0.990602 0.000000 0.000000
  23 28.278374 -1.568458 1.155737 -0.014240 0.142175 0.989739 0.000000 0.000000
rubbergloveCHROME.bmp
  23 28.278374 -1.568458 1.155737 -0.014240 0.142175 0.989739 0.000000 0.000000
  24 28.395333 -1.799003 1.212025 -0.125227 0.055011 0.990602 0.000000 0.000000
  24 28.444047 -1.776537 1.216740 -0.240829 0.163264 0.956737 0.000000 0.000000
rubbergloveCHROME.bmp
  24 28.395333 -1.799003 1.212025 -0.125227 0.055011 0.990602 0.000000 0.000000
  24 28.560508 -1.971524 1.239480 -0.243236 -0.120102 0.962503 0.000000 0.000000
  24 28.444047 -1.776537 1.216740 -0.240829 0.163264 0.956737 0.000000 0.000000
rubbergloveCHROME.bmp
  24 28.444047 -1.776537 1.216740 -0.240829 0.163264 0.956737 0.000000 0.000000
  24 28.560508 -1.971524 1.239480 -0.243236 -0.120102 0.962503 0.000000 0.000000
  24 28.607655 -1.934116 1.252814 -0.214481 -0.070706 0.974166 0.000000 0.000000
rubbergloveCHROME.bmp
  24 28.560508 -1.971524 1.239480 -0.243236 -0.120102 0.962503 0.000000 0.000000
  24 28.773767 -2.188581 1.236861 -0.193201 -0.294503 0.935917 0.000000 0.000000
  24 28.607655 -1.934116 1.252814 -0.214481 -0.070706 0.974166 0.000000 0.000000
rubbergloveCHROME.bmp
  24 28.607655 -1.934116 1.252814 -0.214481 -0.070706 0.974166 0.000000 0.000000
  24 28.773767 -2.188581 1.236861 -0.193201 -0.294503 0.935917 0.000000 0.000000
  24 28.821130 -2.165258 1.251447 -0.153328 -0.303872 0.940294 0.000000 0.000000
rubbergloveCHROME.bmp
  24 28.773767 -2.188581 1.236861 -0.193201 -0.294503 0.935917 0.000000 0.000000
  24 28.883242 -2.318669 1.192226 -0.122942 -0.559764 0.819481 0.000000 0.000000
  24 28.821130 -2.165258 1.251447 -0.153328 -0.303872 0.940294 0.000000 0.000000
rubbergloveCHROME.bmp
  24 28.821130 -2.165258 1.251447 -0.153328 -0.303872 0.940294 0.000000 0.000000
  24 28.883242 -2.318669 1.192226 -0.122942 -0.559764 0.819481 0.000000 0.000000
  24 28.930605 -2.295346 1.206812 0.049425 -0.593203 0.803534 0.000000 0.000000
rubbergloveCHROME.bmp
  24 28.883242 -2.318669 1.192226 -0.122942 -0.559764 0.819481 0.000000 0.000000
  24 28.987874 -2.415450 1.123775 0.278436 -0.726033 0.628768 0.000000 0.000000
  24 28.930605 -2.295346 1.206812 0.049425 -0.593203 0.803534 0.000000 0.000000
rubbergloveCHROME.bmp
  24 28.930605 -2.295346 1.206812 0.049425 -0.593203 0.803534 0.000000 0.000000
  24 28.987874 -2.415450 1.123775 0.278436 -0.726033 0.628768 0.000000 0.000000
  24 29.029042 -2.357963 1.124416 0.334448 -0.734393 0.590603 0.000000 0.000000
rubbergloveCHROME.bmp
  24 28.987874 -2.415450 1.123775 0.278436 -0.726033 0.628768 0.000000 0.000000
  24 29.089427 -2.398695 1.055173 0.489106 -0.744425 0.454540 0.000000 0.000000
  24 29.029042 -2.357963 1.124416 0.334448 -0.734393 0.590603 0.000000 0.000000
rubbergloveCHROME.bmp
  24 29.184931 -2.398986 0.875788 0.683763 -0.723533 0.094700 0.000000 0.000000
  24 29.198296 -2.419079 0.727404 0.756824 -0.653254 0.021838 0.000000 0.000000
  24 29.225813 -2.364539 0.777086 0.670397 -0.735113 -0.100881 0.000000 0.000000
rubbergloveCHROME.bmp
  24 29.225813 -2.364539 0.777086 0.670397 -0.735113 -0.100881 0.000000 0.000000
  24 29.198296 -2.419079 0.727404 0.756824 -0.653254 0.021838 0.000000 0.000000
  24 29.246921 -2.324481 0.665060 0.863450 -0.465621 -0.194039 0.000000 0.000000
rubbergloveCHROME.bmp
  24 29.198296 -2.419079 0.727404 0.756824 -0.653254 0.021838 0.000000 0.000000
  24 29.208238 -2.369597 0.643424 0.880686 -0.424529 -0.210161 0.000000 0.000000
  24 29.246921 -2.324481 0.665060 0.863450 -0.465621 -0.194039 0.000000 0.000000
rubbergloveCHROME.bmp
  24 29.246921 -2.324481 0.665060 0.863450 -0.465621 -0.194039 0.000000 0.000000
  24 29.208238 -2.369597 0.643424 0.880686 -0.424529 -0.210161 0.000000 0.000000
  24 29.249319 -2.239978 0.577006 0.851482 -0.075250 -0.518956 0.000000 0.000000
rubbergloveCHROME.bmp
  24 29.208238 -2.369597 0.643424 0.880686 -0.424529 -0.210161 0.000000 0.000000
  24 29.176636 -2.265780 0.538909 0.810192 -0.138832 -0.569486 0.000000 0.000000
  24 29.249319 -2.239978 0.577006 0.851482 -0.075250 -0.518956 0.000000 0.000000
rubbergloveCHROME.bmp
  24 29.249319 -2.239978 0.577006 0.851482 -0.075250 -0.518956 0.000000 0.000000
  24 29.176636 -2.265780 0.538909 0.810192 -0.138832 -0.569486 0.000000 0.000000
  24 29.098714 -2.037197 0.488134 0.730794 0.329298 -0.597916 0.000000 0.000000
rubbergloveCHROME.bmp
  24 29.176636 -2.265780 0.538909 0.810192 -0.138832 -0.569486 0.000000 0.000000
  24 29.096861 -2.045295 0.397409 0.677437 0.245432 -0.693428 0.000000 0.000000
  24 29.098714 -2.037197 0.488134 0.730794 0.329298 -0.597916 0.000000 0.000000
rubbergloveCHROME.bmp
  24 29.098714 -2.037197 0.488134 0.730794 0.329298 -0.597916 0.000000 0.000000
  24 29.096861 -2.045295 0.397409 0.677437 0.245432 -0.693428 0.000000 0.000000
  24 28.934242 -1.823279 0.447049 0.660459 0.451868 -0.599674 0.000000 0.000000
rubbergloveCHROME.bmp
  24 29.096861 -2.045295 0.397409 0.677437 0.245432 -0.693428 0.000000 0.000000
  24 28.890356 -1.832524 0.350672 0.557608 0.367746 -0.744202 0.000000 0.000000
  24 28.934242 -1.823279 0.447049 0.660459 0.451868 -0.599674 0.000000 0.000000
rubbergloveCHROME.bmp
  24 28.934242 -1.823279 0.447049 0.660459 0.451868 -0.599674 0.000000 0.000000
  24 28.890356 -1.832524 0.350672 0.557608 0.367746 -0.744202 0.000000 0.000000
  24 28.740829 -1.637438 0.414573 0.562756 0.692980 -0.450650 0.000000 0.000000
rubbergloveCHROME.bmp
  24 28.890356 -1.832524 0.350672 0.557608 0.367746 -0.744202 0.000000 0.000000
  24 28.704416 -1.656100 0.370689 0.528620 0.427916 -0.733109 0.000000 0.000000
  24 28.740829 -1.637438 0.414573 0.562756 0.692980 -0.450650 0.000000 0.000000
rubbergloveCHROME.bmp
  24 28.740829 -1.637438 0.414573 0.562756 0.692980 -0.450650 0.000000 0.000000
  24 28.704416 -1.656100 0.370689 0.528620 0.427916 -0.733109 0.000000 0.000000
  23 28.588262 -1.456257 0.388091 0.664885 0.598086 -0.447460 0.000000 0.000000
rubbergloveCHROME.bmp
  24 28.704416 -1.656100 0.370689 0.528620 0.427916 -0.733109 0.000000 0.000000
  24 28.558439 -1.472541 0.304380 0.550161 0.481084 -0.682555 0.000000 0.000000
  23 28.588262 -1.456257 0.388091 0.664885 0.598086 -0.447460 0.000000 0.000000
rubbergloveCHROME.bmp
  23 28.588262 -1.456257 0.388091 0.664885 0.598086 -0.447460 0.000000 0.000000
  24 28.558439 -1.472541 0.304380 0.550161 0.481084 -0.682555 0.000000 0.000000
  23 28.408577 -1.306910 0.391054 0.639641 0.562833 -0.523525 0.000000 0.000000
rubbergloveCHROME.bmp
  24 28.558439 -1.472541 0.304380 0.550161 0.481084 -0.682555 0.000000 0.000000
  23 28.410576 -1.345219 0.283219 0.557038 0.488233 -0.671816 0.000000 0.000000
  23 28.408577 -1.306910 0.391054 0.639641 0.562833 -0.523525 0.000000 0.000000
rubbergloveCHROME.bmp
  23 28.408577 -1.306910 0.391054 0.639641 0.562833 -0.523525 0.000000 0.000000
  23 28.410576 -1.345219 0.283219 0.557038 0.488233 -0.671816 0.000000 0.000000
  23 28.249859 -1.133826 0.334042 0.618389 0.479973 -0.622270 0.000000 0.000000
rubbergloveCHROME.bmp
  23 28.410576 -1.345219 0.283219 0.557038 0.488233 -0.671816 0.000000 0.000000
  23 28.192543 -1.147613 0.286874 0.498220 0.375547 -0.781499 0.000000 0.000000
  23 28.249859 -1.133826 0.334042 0.618389 0.479973 -0.622270 0.000000 0.000000
rubbergloveCHROME.bmp
  23 28.249859 -1.133826 0.334042 0.618389 0.479973 -0.622270 0.000000 0.000000
  23 28.192543 -1.147613 0.286874 0.498220 0.375547 -0.781499 0.000000 0.000000
  23 28.090890 -0.976336 0.339133 0.655929 0.414972 -0.630520 0.000000 0.000000
rubbergloveCHROME.bmp
  23 28.192543 -1.147613 0.286874 0.498220 0.375547 -0.781499 0.000000 0.000000
  23 28.078317 -1.001313 0.228146 0.606523 0.272314 -0.746977 0.000000 0.000000
  23 28.090890 -0.976336 0.339133 0.655929 0.414972 -0.630520 0.000000 0.000000
rubbergloveCHROME.bmp
  23 28.090890 -0.976336 0.339133 0.655929 0.414972 -0.630520 0.000000 0.000000
  23 28.078317 -1.001313 0.228146 0.606523 0.272314 -0.746977 0.000000 0.000000
  23 28.009251 -0.833511 0.305427 0.792652 0.199258 -0.576194 0.000000 0.000000
rubbergloveCHROME.bmp
  23 28.078317 -1.001313 0.228146 0.606523 0.272314 -0.746977 0.000000 0.000000
  23 27.985910 -0.863321 0.223778 0.616865 0.152893 -0.772076 0.000000 0.000000
  23 28.009251 -0.833511 0.305427 0.792652 0.199258 -0.576194 0.000000 0.000000
rubbergloveCHROME.bmp
  21 25.207966 -0.850915 1.709138 -0.834199 -0.550027 -0.039778 0.000000 0.000000
  21 25.292893 -0.959161 1.800078 -0.736090 -0.674051 0.061867 0.000000 0.000000
  20 25.159453 -0.814740 1.849585 -0.818368 -0.472335 0.327373 0.000000 0.000000
rubbergloveCHROME.bmp
  20 25.159453 -0.814740 1.849585 -0.818368 -0.472335 0.327373 0.000000 0.000000
  21 25.292893 -0.959161 1.800078 -0.736090 -0.674051 0.061867 0.000000 0.000000
  21 25.268391 -0.907365 1.928596 -0.740068 -0.497521 0.452518 0.000000 0.000000
rubbergloveCHROME.bmp
  21 25.292893 -0.959161 1.800078 -0.736090 -0.674051 0.061867 0.000000 0.000000
  21 25.439347 -1.087666 1.893018 -0.649359 -0.749762 0.127239 0.000000 0.000000
  21 25.268391 -0.907365 1.928596 -0.740068 -0.497521 0.452518 0.000000 0.000000
rubbergloveCHROME.bmp
  21 25.268391 -0.907365 1.928596 -0.740068 -0.497521 0.452518 0.000000 0.000000
  21 25.439347 -1.087666 1.893018 -0.649359 -0.749762 0.127239 0.000000 0.000000
  21 25.399112 -1.016458 2.002154 -0.682235 -0.471620 0.558686 0.000000 0.000000
rubbergloveCHROME.bmp
  21 25.439347 -1.087666 1.893018 -0.649359 -0.749762 0.127239 0.000000 0.000000
  21 25.682393 -1.282358 2.094074 -0.592026 -0.786749 0.174730 0.000000 0.000000
  21 25.399112 -1.016458 2.002154 -0.682235 -0.471620 0.558686 0.000000 0.000000
rubbergloveCHROME.bmp
  21 25.399112 -1.016458 2.002154 -0.682235 -0.471620 0.558686 0.000000 0.000000
  21 25.682393 -1.282358 2.094074 -0.592026 -0.786749 0.174730 0.000000 0.000000
  21 25.692158 -1.239755 2.175250 -0.695083 -0.595709 0.402481 0.000000 0.000000
rubbergloveCHROME.bmp
  21 25.682393 -1.282358 2.094074 -0.592026 -0.786749 0.174730 0.000000 0.000000
  21 25.912802 -1.377180 2.245468 -0.434290 -0.879951 0.192557 0.000000 0.000000
  21 25.692158 -1.239755 2.175250 -0.695083 -0.595709 0.402481 0.000000 0.000000
rubbergloveCHROME.bmp
  21 25.692158 -1.239755 2.175250 -0.695083 -0.595709 0.402481 0.000000 0.000000
  21 25.912802 -1.377180 2.245468 -0.434290 -0.879951 0.192557 0.000000 0.000000
  21 25.890061 -1.359643 2.322768 -0.488023 -0.811964 0.320232 0.000000 0.000000
rubbergloveCHROME.bmp
  21 25.912802 -1.377180 2.245468 -0.434290 -0.879951 0.192557 0.000000 0.000000
  21 26.002118 -1.384861 2.320059 -0.040443 -0.958815 0.281137 0.000000 0.000000
  21 25.890061 -1.359643 2.322768 -0.488023 -0.811964 0.320232 0.000000 0.000000
rubbergloveCHROME.bmp
  21 25.890061 -1.359643 2.322768 -0.488023 -0.811964 0.320232 0.000000 0.000000
  21 26.002118 -1.384861 2.320059 -0.040443 -0.958815 0.281137 0.000000 0.000000
  21 26.001883 -1.357678 2.352632 -0.063210 -0.942055 0.329449 0.000000 0.000000
rubbergloveCHROME.bmp
  21 26.002118 -1.384861 2.320059 -0.040443 -0.958815 0.281137 0.000000 0.000000
  21 26.193533 -1.338571 2.350346 0.349446 -0.886243 0.304075 0.000000 0.000000
  21 26.001883 -1.357678 2.352632 -0.063210 -0.942055 0.329449 0.000000 0.000000
rubbergloveCHROME.bmp
  21 26.001883 -1.357678 2.352632 -0.063210 -0.942055 0.329449 0.000000 0.000000
  21 26.193533 -1.338571 2.350346 0.349446 -0.886243 0.304075 0.000000 0.000000
  21 26.130870 -1.321305 2.403026 0.305267 -0.852502 0.424325 0.000000 0.000000
rubbergloveCHROME.bmp
  21 26.193533 -1.338571 2.350346 0.349446 -0.886243 0.304075 0.000000 0.000000
  21 26.308608 -1.239034 2.418539 0.529674 -0.677556 0.510258 0.000000 0.000000
  21 26.130870 -1.321305 2.403026 0.305267 -0.852502 0.424325 0.000000 0.000000
rubbergloveCHROME.bmp
  21 26.130870 -1.321305 2.403026 0.305267 -0.852502 0.424325 0.000000 0.000000
  21 26.308608 -1.239034 2.418539 0.529674 -0.677556 0.510258 0.000000 0.000000
  21 26.147036 -1.256176 2.465451 0.226986 -0.562929 0.794725 0.000000 0.000000
rubbergloveCHROME.bmp
  21 26.308608 -1.239034 2.418539 0.529674 -0.677556 0.510258 0.000000 0.000000
  21 26.268746 -1.161296 2.482318 0.331661 -0.332894 0.882713 0.000000 0.000000
  21 26.147036 -1.256176 2.465451 0.226986 -0.562929 0.794725 0.000000 0.000000
rubbergloveCHROME.bmp
  21 26.147036 -1.256176 2.465451 0.226986 -0.562929 0.794725 0.000000 0.000000
  21 26.268746 -1.161296 2.482318 0.331661 -0.332894 0.882713 0.000000 0.000000
  21 26.060990 -1.167523 2.510579 -0.187373 -0.066507 0.980035 0.000000 0.000000
rubbergloveCHROME.bmp
  21 26.268746 -1.161296 2.482318 0.331661 -0.332894 0.882713 0.000000 0.000000
  21 26.206889 -1.052959 2.532685 0.107024 0.107484 0.988430 0.000000 0.000000
  21 26.060990 -1.167523 2.510579 -0.187373 -0.066507 0.980035 0.000000 0.000000
rubbergloveCHROME.bmp
  21 26.060990 -1.167523 2.510579 -0.187373 -0.066507 0.980035 0.000000 0.000000
  21 26.206889 -1.052959 2.532685 0.107024 0.107484 0.988430 0.000000 0.000000
  21 26.085527 -0.874595 2.422879 -0.207926 0.475116 0.855004 0.000000 0.000000
rubbergloveCHROME.bmp
  21 26.206889 -1.052959 2.532685 0.107024 0.107484 0.988430 0.000000 0.000000
  21 26.397039 -0.915568 2.474661 0.318871 0.367090 0.873823 0.000000 0.000000
  21 26.085527 -0.874595 2.422879 -0.207926 0.475116 0.855004 0.000000 0.000000
rubbergloveCHROME.bmp
  12 -26.840878 -1.737010 -0.266193 -0.061486 0.474311 0.878208 0.000000 0.000000
  12 -26.904745 -1.688027 -0.215978 0.012725 0.439668 0.898070 0.000000 0.000000
  12 -26.848323 -1.772660 -0.246861 -0.387309 0.191396 0.901864 0.000000 0.000000
rubbergloveCHROME.bmp
  12 -26.848323 -1.772660 -0.246861 -0.387309 0.191396 0.901864 0.000000 0.000000
  12 -26.904745 -1.688027 -0.215978 0.012725 0.439668 0.898070 0.000000 0.000000
  12 -27.060946 -1.926576 -0.281516 -0.324083 0.088566 0.941874 0.000000 0.000000
rubbergloveCHROME.bmp
  12 -26.904745 -1.688027 -0.215978 0.012725 0.439668 0.898070 0.000000 0.000000
  12 -27.137865 -1.889638 -0.351653 -0.675072 0.408842 0.614106 0.000000 0.000000
  12 -27.060946 -1.926576 -0.281516 -0.324083 0.088566 0.941874 0.000000 0.000000
rubbergloveCHROME.bmp
  12 -27.060946 -1.926576 -0.281516 -0.324083 0.088566 0.941874 0.000000 0.000000
  12 -27.137865 -1.889638 -0.351653 -0.675072 0.408842 0.614106 0.000000 0.000000
  12 -27.132062 -2.025015 -0.293864 -0.296538 0.137200 0.945115 0.000000 0.000000
rubbergloveCHROME.bmp
  12 -27.137865 -1.889638 -0.351653 -0.675072 0.408842 0.614106 0.000000 0.000000
  12 -27.230156 -1.980895 -0.364084 -0.581257 0.532251 0.615507 0.000000 0.000000
  12 -27.132062 -2.025015 -0.293864 -0.296538 0.137200 0.945115 0.000000 0.000000
rubbergloveCHROME.bmp
  12 -27.132062 -2.025015 -0.293864 -0.296538 0.137200 0.945115 0.000000 0.000000
  12 -27.230156 -1.980895 -0.364084 -0.581257 0.532251 0.615507 0.000000 0.000000
  12 -27.429966 -2.263323 -0.330765 -0.507051 -0.100232 0.856068 0.000000 0.000000
rubbergloveCHROME.bmp
  12 -27.230156 -1.980895 -0.364084 -0.581257 0.532251 0.615507 0.000000 0.000000
  12 -27.457307 -2.191465 -0.389831 -0.675072 0.408842 0.614106 0.000000 0.000000
  12 -27.429966 -2.263323 -0.330765 -0.507051 -0.100232 0.856068 0.000000 0.000000
rubbergloveCHROME.bmp
  12 -27.429966 -2.263323 -0.330765 -0.507051 -0.100232 0.856068 0.000000 0.000000
  12 -27.457307 -2.191465 -0.389831 -0.675072 0.408842 0.614106 0.000000 0.000000
  12 -27.521122 -2.282534 -0.421988 -0.792769 -0.328951 0.513137 0.000000 0.000000
rubbergloveCHROME.bmp
  12 -27.457307 -2.191465 -0.389831 -0.675072 0.408842 0.614106 0.000000 0.000000
  12 -27.505459 -2.153835 -0.509687 -0.773651 0.530770 0.346045 0.000000 0.000000
  12 -27.521122 -2.282534 -0.421988 -0.792769 -0.328951 0.513137 0.000000 0.000000
rubbergloveCHROME.bmp
  12 -27.521122 -2.282534 -0.421988 -0.792769 -0.328951 0.513137 0.000000 0.000000
  12 -27.505459 -2.153835 -0.509687 -0.773651 0.530770 0.346045 0.000000 0.000000
  12 -27.590885 -2.266507 -0.512410 -0.937437 -0.268256 0.221923 0.000000 0.000000
rubbergloveCHROME.bmp
  12 -27.505459 -2.153835 -0.509687 -0.773651 0.530770 0.346045 0.000000 0.000000
  12 -27.553030 -2.115195 -0.689531 -0.878570 0.469594 0.087154 0.000000 0.000000
  12 -27.590885 -2.266507 -0.512410 -0.937437 -0.268256 0.221923 0.000000 0.000000
rubbergloveCHROME.bmp
  12 -27.590885 -2.266507 -0.512410 -0.937437 -0.268256 0.221923 0.000000 0.000000
  12 -27.553030 -2.115195 -0.689531 -0.878570 0.469594 0.087154 0.000000 0.000000
  12 -27.631325 -2.234806 -0.702304 -0.957437 -0.288381 0.012306 0.000000 0.000000
rubbergloveCHROME.bmp
  12 -27.553030 -2.115195 -0.689531 -0.878570 0.469594 0.087154 0.000000 0.000000
  12 -27.580439 -2.225641 -0.841683 -0.988951 -0.043163 -0.141821 0.000000 0.000000
  12 -27.631325 -2.234806 -0.702304 -0.957437 -0.288381 0.012306 0.000000 0.000000
rubbergloveCHROME.bmp
  12 -27.631325 -2.234806 -0.702304 -0.957437 -0.288381 0.012306 0.000000 0.000000
  12 -27.580439 -2.225641 -0.841683 -0.988951 -0.043163 -0.141821 0.000000 0.000000
  12 -27.503325 -2.318298 -0.822493 -0.936294 -0.320742 -0.143101 0.000000 0.000000
rubbergloveCHROME.bmp
  12 -27.580439 -2.225641 -0.841683 -0.988951 -0.043163 -0.141821 0.000000 0.000000
  12 -27.551091 -2.223939 -0.951391 -0.934785 -0.154021 -0.320084 0.000000 0.000000
  12 -27.503325 -2.318298 -0.822493 -0.936294 -0.320742 -0.143101 0.000000 0.000000
rubbergloveCHROME.bmp
  12 -27.503325 -2.318298 -0.822493 -0.936294 -0.320742 -0.143101 0.000000 0.000000
  12 -27.551091 -2.223939 -0.951391 -0.934785 -0.154021 -0.320084 0.000000 0.000000
  12 -27.488022 -2.316353 -0.942334 -0.873561 -0.325704 -0.361675 0.000000 0.000000
rubbergloveCHROME.bmp
  12 -27.551091 -2.223939 -0.951391 -0.934785 -0.154021 -0.320084 0.000000 0.000000
  12 -27.515121 -2.216046 -1.010922 -0.796338 -0.227333 -0.560504 0.000000 0.000000
  12 -27.488022 -2.316353 -0.942334 -0.873561 -0.325704 -0.361675 0.000000 0.000000
rubbergloveCHROME.bmp
  12 -27.488022 -2.316353 -0.942334 -0.873561 -0.325704 -0.361675 0.000000 0.000000
  12 -27.515121 -2.216046 -1.010922 -0.796338 -0.227333 -0.560504 0.000000 0.000000
  12 -27.459255 -2.315660 -0.992054 -0.740490 -0.213159 -0.637367 0.000000 0.000000
rubbergloveCHROME.bmp
  12 -27.515121 -2.216046 -1.010922 -0.796338 -0.227333 -0.560504 0.000000 0.000000
  12 -27.442964 -2.157840 -1.129266 -0.580505 0.088359 -0.809448 0.000000 0.000000
  12 -27.459255 -2.315660 -0.992054 -0.740490 -0.213159 -0.637367 0.000000 0.000000
rubbergloveCHROME.bmp
  9 -27.184954 -2.398911 0.875801 -0.683760 -0.723537 0.094693 0.000000 0.000000
  9 -27.164894 -2.416339 0.763134 -0.756823 -0.653255 0.021840 0.000000 0.000000
  9 -27.162984 -2.445359 0.836306 -0.589743 -0.796686 0.132265 0.000000 0.000000
rubbergloveCHROME.bmp
  9 -27.162984 -2.445359 0.836306 -0.589743 -0.796686 0.132265 0.000000 0.000000
  9 -27.164894 -2.416339 0.763134 -0.756823 -0.653255 0.021840 0.000000 0.000000
  9 -27.021813 -2.488016 0.780170 -0.110101 -0.981285 -0.157978 0.000000 0.000000
rubbergloveCHROME.bmp
  9 -27.164894 -2.416339 0.763134 -0.756823 -0.653255 0.021840 0.000000 0.000000
  9 -27.087296 -2.445960 0.603130 -0.307749 -0.843283 -0.440641 0.000000 0.000000
  9 -27.021813 -2.488016 0.780170 -0.110101 -0.981285 -0.157978 0.000000 0.000000
rubbergloveCHROME.bmp
  9 -27.021813 -2.488016 0.780170 -0.110101 -0.981285 -0.157978 0.000000 0.000000
  9 -27.087296 -2.445960 0.603130 -0.307749 -0.843283 -0.440641 0.000000 0.000000
  9 -26.997037 -2.414090 0.577880 -0.057859 -0.879849 -0.471718 0.000000 0.000000
rubbergloveCHROME.bmp
  9 -27.087296 -2.445960 0.603130 -0.307749 -0.843283 -0.440641 0.000000 0.000000
  9 -27.008458 -2.307419 0.418222 -0.109540 -0.559978 -0.821234 0.000000 0.000000
  9 -26.997037 -2.414090 0.577880 -0.057859 -0.879849 -0.471718 0.000000 0.000000
rubbergloveCHROME.bmp
  9 -26.997037 -2.414090 0.577880 -0.057859 -0.879849 -0.471718 0.000000 0.000000
  9 -27.008458 -2.307419 0.418222 -0.109540 -0.559978 -0.821234 0.000000 0.000000
  9 -26.927238 -2.299908 0.436847 0.035885 -0.548769 -0.835204 0.000000 0.000000
rubbergloveCHROME.bmp
  9 -27.008458 -2.307419 0.418222 -0.109540 -0.559978 -0.821234 0.000000 0.000000
  9 -26.890359 -2.134615 0.306010 -0.065120 -0.300326 -0.951611 0.000000 0.000000
  9 -26.927238 -2.299908 0.436847 0.035885 -0.548769 -0.835204 0.000000 0.000000
rubbergloveCHROME.bmp
  9 -26.927238 -2.299908 0.436847 0.035885 -0.548769 -0.835204 0.000000 0.000000
  9 -26.890359 -2.134615 0.306010 -0.065120 -0.300326 -0.951611 0.000000 0.000000
  9 -26.793217 -2.156507 0.395923 0.088557 -0.439650 -0.893793 0.000000 0.000000
rubbergloveCHROME.bmp
  9 -26.890359 -2.134615 0.306010 -0.065120 -0.300326 -0.951611 0.000000 0.000000
  9 -26.718718 -1.997498 0.280745 0.010148 -0.308242 -0.951254 0.000000 0.000000
  9 -26.793217 -2.156507 0.395923 0.088557 -0.439650 -0.893793 0.000000 0.000000
rubbergloveCHROME.bmp
  9 -26.793217 -2.156507 0.395923 0.088557 -0.439650 -0.893793 0.000000 0.000000
  9 -26.718718 -1.997498 0.280745 0.010148 -0.308242 -0.951254 0.000000 0.000000
  9 -26.677261 -2.015296 0.327270 0.088557 -0.439650 -0.893793 0.000000 0.000000
rubbergloveCHROME.bmp
  9 -26.718718 -1.997498 0.280745 0.010148 -0.308242 -0.951254 0.000000 0.000000
  9 -26.614718 -1.896445 0.237476 -0.039147 -0.179670 -0.982948 0.000000 0.000000
  9 -26.677261 -2.015296 0.327270 0.088557 -0.439650 -0.893793 0.000000 0.000000
rubbergloveCHROME.bmp
  9 -26.677261 -2.015296 0.327270 0.088557 -0.439650 -0.893793 0.000000 0.000000
  9 -26.614718 -1.896445 0.237476 -0.039147 -0.179670 -0.982948 0.000000 0.000000
  9 -26.527392 -1.926902 0.309215 0.143320 -0.376151 -0.915407 0.000000 0.000000
rubbergloveCHROME.bmp
  9 -26.614718 -1.896445 0.237476 -0.039147 -0.179670 -0.982948 0.000000 0.000000
  9 -26.421305 -1.710604 0.205000 -0.083806 -0.120586 -0.989159 0.000000 0.000000
  9 -26.527392 -1.926902 0.309215 0.143320 -0.376151 -0.915407 0.000000 0.000000
rubbergloveCHROME.bmp
  9 -26.527392 -1.926902 0.309215 0.143320 -0.376151 -0.915407 0.000000 0.000000
  9 -26.421305 -1.710604 0.205000 -0.083806 -0.120586 -0.989159 0.000000 0.000000
  9 -26.364270 -1.713842 0.258259 0.143320 -0.376151 -0.915407 0.000000 0.000000
rubbergloveCHROME.bmp
  9 -26.421305 -1.710604 0.205000 -0.083806 -0.120586 -0.989159 0.000000 0.000000
  8 -26.257348 -1.566986 0.180220 -0.105329 -0.080616 -0.991164 0.000000 0.000000
  9 -26.364270 -1.713842 0.258259 0.143320 -0.376151 -0.915407 0.000000 0.000000
rubbergloveCHROME.bmp
  9 -26.364270 -1.713842 0.258259 0.143320 -0.376151 -0.915407 0.000000 0.000000
  8 -26.257348 -1.566986 0.180220 -0.105329 -0.080616 -0.991164 0.000000 0.000000
  8 -26.180948 -1.607746 0.234088 0.143859 -0.437046 -0.887860 0.000000 0.000000
rubbergloveCHROME.bmp
  8 -26.257348 -1.566986 0.180220 -0.105329 -0.080616 -0.991164 0.000000 0.000000
  8 -25.961493 -1.364025 0.122108 -0.037337 -0.207224 -0.977581 0.000000 0.000000
  8 -26.180948 -1.607746 0.234088 0.143859 -0.437046 -0.887860 0.000000 0.000000
rubbergloveCHROME.bmp
  8 -26.180948 -1.607746 0.234088 0.143859 -0.437046 -0.887860 0.000000 0.000000
  8 -25.961493 -1.364025 0.122108 -0.037337 -0.207224 -0.977581 0.000000 0.000000
  8 -25.943018 -1.416760 0.174812 0.128488 -0.385711 -0.913629 0.000000 0.000000
rubbergloveCHROME.bmp
  8 -25.961493 -1.364025 0.122108 -0.037337 -0.207224 -0.977581 0.000000 0.000000
  8 -25.726164 -1.258986 0.131435 0.179854 -0.445892 -0.876831 0.000000 0.000000
  8 -25.943018 -1.416760 0.174812 0.128488 -0.385711 -0.913629 0.000000 0.000000
rubbergloveCHROME.bmp
  9 -27.225836 -2.364464 0.777099 -0.670396 -0.735113 -0.100883 0.000000 0.000000
  9 -27.301349 -2.282328 0.729647 -0.841360 -0.449385 -0.300276 0.000000 0.000000
  9 -27.200644 -2.308896 0.687782 -0.863451 -0.465622 -0.194035 0.000000 0.000000
rubbergloveCHROME.bmp
  9 -27.200644 -2.308896 0.687782 -0.863451 -0.465622 -0.194035 0.000000 0.000000
  9 -27.301349 -2.282328 0.729647 -0.841360 -0.449385 -0.300276 0.000000 0.000000
  9 -27.204608 -2.239335 0.591109 -0.851482 -0.075250 -0.518956 0.000000 0.000000
rubbergloveCHROME.bmp
  9 -27.301349 -2.282328 0.729647 -0.841360 -0.449385 -0.300276 0.000000 0.000000
  9 -27.313488 -2.180787 0.671838 -0.909729 0.186254 -0.371084 0.000000 0.000000
  9 -27.204608 -2.239335 0.591109 -0.851482 -0.075250 -0.518956 0.000000 0.000000
rubbergloveCHROME.bmp
  9 -27.204608 -2.239335 0.591109 -0.851482 -0.075250 -0.518956 0.000000 0.000000
  9 -27.313488 -2.180787 0.671838 -0.909729 0.186254 -0.371084 0.000000 0.000000
  9 -27.155770 -1.971155 0.581397 -0.762115 0.322524 -0.561391 0.000000 0.000000
rubbergloveCHROME.bmp
  9 -27.313488 -2.180787 0.671838 -0.909729 0.186254 -0.371084 0.000000 0.000000
  9 -27.176964 -1.940499 0.682940 -0.828248 0.559922 -0.022189 0.000000 0.000000
  9 -27.155770 -1.971155 0.581397 -0.762115 0.322524 -0.561391 0.000000 0.000000
rubbergloveCHROME.bmp
  9 -27.155770 -1.971155 0.581397 -0.762115 0.322524 -0.561391 0.000000 0.000000
  9 -27.176964 -1.940499 0.682940 -0.828248 0.559922 -0.022189 0.000000 0.000000
  9 -27.024506 -1.745817 0.503343 -0.693166 0.462549 -0.552784 0.000000 0.000000
rubbergloveCHROME.bmp
  9 -27.176964 -1.940499 0.682940 -0.828248 0.559922 -0.022189 0.000000 0.000000
  9 -26.996914 -1.712022 0.648590 -0.777750 0.628568 -0.002593 0.000000 0.000000
  9 -27.024506 -1.745817 0.503343 -0.693166 0.462549 -0.552784 0.000000 0.000000
rubbergloveCHROME.bmp
  9 -27.024506 -1.745817 0.503343 -0.693166 0.462549 -0.552784 0.000000 0.000000
  9 -26.996914 -1.712022 0.648590 -0.777750 0.628568 -0.002593 0.000000 0.000000
  9 -26.820143 -1.564638 0.500165 -0.197033 0.801074 -0.565206 0.000000 0.000000
rubbergloveCHROME.bmp
  9 -26.996914 -1.712022 0.648590 -0.777750 0.628568 -0.002593 0.000000 0.000000
  9 -26.869143 -1.519133 0.604223 -0.356623 0.931494 -0.071688 0.000000 0.000000
  9 -26.820143 -1.564638 0.500165 -0.197033 0.801074 -0.565206 0.000000 0.000000
rubbergloveCHROME.bmp
  9 -26.820143 -1.564638 0.500165 -0.197033 0.801074 -0.565206 0.000000 0.000000
  9 -26.869143 -1.519133 0.604223 -0.356623 0.931494 -0.071688 0.000000 0.000000
  9 -26.814883 -1.549689 0.589321 -0.154345 0.976788 -0.148538 0.000000 0.000000
rubbergloveCHROME.bmp
  9 -26.869143 -1.519133 0.604223 -0.356623 0.931494 -0.071688 0.000000 0.000000
  9 -26.807065 -1.521506 0.747892 -0.081212 0.994280 0.069375 0.000000 0.000000
  9 -26.814883 -1.549689 0.589321 -0.154345 0.976788 -0.148538 0.000000 0.000000
rubbergloveCHROME.bmp
  9 -26.814883 -1.549689 0.589321 -0.154345 0.976788 -0.148538 0.000000 0.000000
  9 -26.807065 -1.521506 0.747892 -0.081212 0.994280 0.069375 0.000000 0.000000
  9 -26.759701 -1.544829 0.733305 -0.255723 0.956068 0.143316 0.000000 0.000000
rubbergloveCHROME.bmp
  9 -26.807065 -1.521506 0.747892 -0.081212 0.994280 0.069375 0.000000 0.000000
  9 -26.754241 -1.562323 0.936687 -0.220246 0.943910 0.246020 0.000000 0.000000
  9 -26.759701 -1.544829 0.733305 -0.255723 0.956068 0.143316 0.000000 0.000000
rubbergloveCHROME.bmp
  9 -26.759701 -1.544829 0.733305 -0.255723 0.956068 0.143316 0.000000 0.000000
  9 -26.754241 -1.562323 0.936687 -0.220246 0.943910 0.246020 0.000000 0.000000
  9 -26.675579 -1.568046 0.885898 -0.365065 0.879996 0.303866 0.000000 0.000000
rubbergloveCHROME.bmp
  9 -26.754241 -1.562323 0.936687 -0.220246 0.943910 0.246020 0.000000 0.000000
  9 -26.622756 -1.608863 1.074693 -0.015837 0.973860 0.226597 0.000000 0.000000
  9 -26.675579 -1.568046 0.885898 -0.365065 0.879996 0.303866 0.000000 0.000000
rubbergloveCHROME.bmp
  9 -26.675579 -1.568046 0.885898 -0.365065 0.879996 0.303866 0.000000 0.000000
  9 -26.622756 -1.608863 1.074693 -0.015837 0.973860 0.226597 0.000000 0.000000
  8 -26.436360 -1.398285 1.081550 -0.554688 0.624113 0.550277 0.000000 0.000000
rubbergloveCHROME.bmp
  9 -26.622756 -1.608863 1.074693 -0.015837 0.973860 0.226597 0.000000 0.000000
  9 -26.565018 -1.653498 1.141582 -0.033330 0.888657 0.457360 0.000000 0.000000
  8 -26.436360 -1.398285 1.081550 -0.554688 0.624113 0.550277 0.000000 0.000000
rubbergloveCHROME.bmp
  8 -26.436360 -1.398285 1.081550 -0.554688 0.624113 0.550277 0.000000 0.000000
  9 -26.565018 -1.653498 1.141582 -0.033330 0.888657 0.457360 0.000000 0.000000
  8 -26.346889 -1.495209 1.148637 -0.117965 0.242450 0.962965 0.000000 0.000000
rubbergloveCHROME.bmp
  9 -26.565018 -1.653498 1.141582 -0.033330 0.888657 0.457360 0.000000 0.000000
  9 -26.489993 -1.680151 1.174151 0.362303 0.529990 0.766712 0.000000 0.000000
  8 -26.346889 -1.495209 1.148637 -0.117965 0.242450 0.962965 0.000000 0.000000
rubbergloveCHROME.bmp
  6 -24.359695 -0.919192 2.452369 -0.318869 0.367094 0.873822 0.000000 0.000000
  6 -24.199883 -1.047866 2.509843 -0.107023 0.107487 0.988429 0.000000 0.000000
  6 -24.075996 -0.883428 2.403014 0.207925 0.475117 0.855004 0.000000 0.000000
rubbergloveCHROME.bmp
  6 -24.075996 -0.883428 2.403014 0.207925 0.475117 0.855004 0.000000 0.000000
  6 -24.199883 -1.047866 2.509843 -0.107023 0.107487 0.988429 0.000000 0.000000
  6 -24.042265 -1.177535 2.503331 0.187374 -0.066507 0.980035 0.000000 0.000000
rubbergloveCHROME.bmp
  6 -24.199883 -1.047866 2.509843 -0.107023 0.107487 0.988429 0.000000 0.000000
  6 -24.273078 -1.171723 2.467395 -0.331658 -0.332893 0.882715 0.000000 0.000000
  6 -24.042265 -1.177535 2.503331 0.187374 -0.066507 0.980035 0.000000 0.000000
rubbergloveCHROME.bmp
  6 -24.042265 -1.177535 2.503331 0.187374 -0.066507 0.980035 0.000000 0.000000
  6 -24.273078 -1.171723 2.467395 -0.331658 -0.332893 0.882715 0.000000 0.000000
  6 -24.133301 -1.270421 2.471952 -0.226984 -0.562926 0.794728 0.000000 0.000000
rubbergloveCHROME.bmp
  6 -24.273078 -1.171723 2.467395 -0.331658 -0.332893 0.882715 0.000000 0.000000
  6 -24.318814 -1.257483 2.407784 -0.529671 -0.677555 0.510263 0.000000 0.000000
  6 -24.133301 -1.270421 2.471952 -0.226984 -0.562926 0.794728 0.000000 0.000000
rubbergloveCHROME.bmp
  6 -24.133301 -1.270421 2.471952 -0.226984 -0.562926 0.794728 0.000000 0.000000
  6 -24.318814 -1.257483 2.407784 -0.529671 -0.677555 0.510263 0.000000 0.000000
  6 -24.147940 -1.327483 2.409265 -0.305264 -0.852500 0.424332 0.000000 0.000000
rubbergloveCHROME.bmp
  6 -24.318814 -1.257483 2.407784 -0.529671 -0.677555 0.510263 0.000000 0.000000
  6 -24.161929 -1.347321 2.342851 -0.349444 -0.886242 0.304078 0.000000 0.000000
  6 -24.147940 -1.327483 2.409265 -0.305264 -0.852500 0.424332 0.000000 0.000000
rubbergloveCHROME.bmp
  6 -24.147940 -1.327483 2.409265 -0.305264 -0.852500 0.424332 0.000000 0.000000
  6 -24.161929 -1.347321 2.342851 -0.349444 -0.886242 0.304078 0.000000 0.000000
  6 -23.989594 -1.376494 2.349899 0.063213 -0.942054 0.329451 0.000000 0.000000
rubbergloveCHROME.bmp
  6 -24.161929 -1.347321 2.342851 -0.349444 -0.886242 0.304078 0.000000 0.000000
  6 -23.992834 -1.390905 2.312726 0.040445 -0.958816 0.281135 0.000000 0.000000
  6 -23.989594 -1.376494 2.349899 0.063213 -0.942054 0.329451 0.000000 0.000000
rubbergloveCHROME.bmp
  6 -23.989594 -1.376494 2.349899 0.063213 -0.942054 0.329451 0.000000 0.000000
  6 -23.992834 -1.390905 2.312726 0.040445 -0.958816 0.281135 0.000000 0.000000
  6 -23.875245 -1.358181 2.311311 0.488023 -0.811963 0.320232 0.000000 0.000000
rubbergloveCHROME.bmp
  6 -23.992834 -1.390905 2.312726 0.040445 -0.958816 0.281135 0.000000 0.000000
  6 -23.883741 -1.370399 2.241464 0.434290 -0.879951 0.192557 0.000000 0.000000
  6 -23.875245 -1.358181 2.311311 0.488023 -0.811963 0.320232 0.000000 0.000000
rubbergloveCHROME.bmp
  6 -23.875245 -1.358181 2.311311 0.488023 -0.811963 0.320232 0.000000 0.000000
  6 -23.883741 -1.370399 2.241464 0.434290 -0.879951 0.192557 0.000000 0.000000
  6 -23.674249 -1.248973 2.176129 0.695083 -0.595710 0.402480 0.000000 0.000000
rubbergloveCHROME.bmp
  6 -23.883741 -1.370399 2.241464 0.434290 -0.879951 0.192557 0.000000 0.000000
  6 -23.687032 -1.289017 2.095923 0.592027 -0.786748 0.174733 0.000000 0.000000
  6 -23.674249 -1.248973 2.176129 0.695083 -0.595710 0.402480 0.000000 0.000000
rubbergloveCHROME.bmp
  6 -23.674249 -1.248973 2.176129 0.695083 -0.595710 0.402480 0.000000 0.000000
  6 -23.687032 -1.289017 2.095923 0.592027 -0.786748 0.174733 0.000000 0.000000
  6 -23.390872 -1.025474 1.989459 0.682232 -0.471619 0.558690 0.000000 0.000000
rubbergloveCHROME.bmp
  6 -23.687032 -1.289017 2.095923 0.592027 -0.786748 0.174733 0.000000 0.000000
  6 -23.411577 -1.083946 1.884805 0.649354 -0.749766 0.127245 0.000000 0.000000
  6 -23.390872 -1.025474 1.989459 0.682232 -0.471619 0.558690 0.000000 0.000000
rubbergloveCHROME.bmp
  6 -23.390872 -1.025474 1.989459 0.682232 -0.471619 0.558690 0.000000 0.000000
  6 -23.411577 -1.083946 1.884805 0.649354 -0.749766 0.127245 0.000000 0.000000
  6 -23.268682 -0.911677 1.913170 0.740067 -0.497517 0.452523 0.000000 0.000000
rubbergloveCHROME.bmp
  6 -23.411577 -1.083946 1.884805 0.649354 -0.749766 0.127245 0.000000 0.000000
  6 -23.274373 -0.988118 1.792653 0.736092 -0.674048 0.061868 0.000000 0.000000
  6 -23.268682 -0.911677 1.913170 0.740067 -0.497517 0.452523 0.000000 0.000000
rubbergloveCHROME.bmp
  6 -23.268682 -0.911677 1.913170 0.740067 -0.497517 0.452523 0.000000 0.000000
  6 -23.274373 -0.988118 1.792653 0.736092 -0.674048 0.061868 0.000000 0.000000
  5 -23.181246 -0.812895 1.842871 0.818368 -0.472337 0.327372 0.000000 0.000000
rubbergloveCHROME.bmp
  6 -23.274373 -0.988118 1.792653 0.736092 -0.674048 0.061868 0.000000 0.000000
  6 -23.186263 -0.856396 1.701626 0.834200 -0.550026 -0.039773 0.000000 0.000000
  5 -23.181246 -0.812895 1.842871 0.818368 -0.472337 0.327372 0.000000 0.000000
rubbergloveCHROME.bmp
  27 29.400616 -2.158293 -1.118873 0.580505 0.088357 -0.809448 0.000000 0.000000
  27 29.493827 -2.223121 -1.020847 0.796338 -0.227335 -0.560504 0.000000 0.000000
  27 29.430951 -2.315871 -0.991794 0.740489 -0.213161 -0.637368 0.000000 0.000000
rubbergloveCHROME.bmp
  27 29.430951 -2.315871 -0.991794 0.740489 -0.213161 -0.637368 0.000000 0.000000
  27 29.493827 -2.223121 -1.020847 0.796338 -0.227335 -0.560504 0.000000 0.000000
  27 29.452587 -2.323502 -0.952124 0.877861 -0.329026 -0.347998 0.000000 0.000000
rubbergloveCHROME.bmp
  27 29.493827 -2.223121 -1.020847 0.796338 -0.227335 -0.560504 0.000000 0.000000
  27 29.522691 -2.223982 -0.961130 0.934786 -0.154019 -0.320082 0.000000 0.000000
  27 29.452587 -2.323502 -0.952124 0.877861 -0.329026 -0.347998 0.000000 0.000000
rubbergloveCHROME.bmp
  27 29.452587 -2.323502 -0.952124 0.877861 -0.329026 -0.347998 0.000000 0.000000
  27 29.522691 -2.223982 -0.961130 0.934786 -0.154019 -0.320082 0.000000 0.000000
  27 29.482031 -2.325373 -0.832418 0.936295 -0.320740 -0.143101 0.000000 0.000000
rubbergloveCHROME.bmp
  27 29.522691 -2.223982 -0.961130 0.934786 -0.154019 -0.320082 0.000000 0.000000
  27 29.552232 -2.226021 -0.831426 0.988951 -0.043164 -0.141823 0.000000 0.000000
  27 29.482031 -2.325373 -0.832418 0.936295 -0.320740 -0.143101 0.000000 0.000000
rubbergloveCHROME.bmp
  27 29.482031 -2.325373 -0.832418 0.936295 -0.320740 -0.143101 0.000000 0.000000
  27 29.552232 -2.226021 -0.831426 0.988951 -0.043164 -0.141823 0.000000 0.000000
  27 29.574641 -2.234998 -0.711771 0.957435 -0.288386 0.012307 0.000000 0.000000
rubbergloveCHROME.bmp
  27 29.552232 -2.226021 -0.831426 0.988951 -0.043164 -0.141823 0.000000 0.000000
  27 29.524727 -2.115406 -0.689271 0.878572 0.469590 0.087153 0.000000 0.000000
  27 29.574641 -2.234998 -0.711771 0.957435 -0.288386 0.012307 0.000000 0.000000
rubbergloveCHROME.bmp
  27 29.574641 -2.234998 -0.711771 0.957435 -0.288386 0.012307 0.000000 0.000000
  27 29.524727 -2.115406 -0.689271 0.878572 0.469590 0.087153 0.000000 0.000000
  27 29.534298 -2.266867 -0.511879 0.937436 -0.268259 0.221923 0.000000 0.000000
rubbergloveCHROME.bmp
  27 29.524727 -2.115406 -0.689271 0.878572 0.469590 0.087153 0.000000 0.000000
  27 29.491321 -2.140000 -0.499326 0.773651 0.530772 0.346042 0.000000 0.000000
  27 29.534298 -2.266867 -0.511879 0.937436 -0.268259 0.221923 0.000000 0.000000
rubbergloveCHROME.bmp
  27 29.534298 -2.266867 -0.511879 0.937436 -0.268259 0.221923 0.000000 0.000000
  27 29.491321 -2.140000 -0.499326 0.773651 0.530772 0.346042 0.000000 0.000000
  27 29.492649 -2.268437 -0.431487 0.792769 -0.328948 0.513138 0.000000 0.000000
rubbergloveCHROME.bmp
  27 29.491321 -2.140000 -0.499326 0.773651 0.530772 0.346042 0.000000 0.000000
  27 29.457382 -2.191695 -0.379845 0.671718 0.411919 0.615725 0.000000 0.000000
  27 29.492649 -2.268437 -0.431487 0.792769 -0.328948 0.513138 0.000000 0.000000
rubbergloveCHROME.bmp
  27 29.492649 -2.268437 -0.431487 0.792769 -0.328948 0.513138 0.000000 0.000000
  27 29.457382 -2.191695 -0.379845 0.671718 0.411919 0.615725 0.000000 0.000000
  27 29.408624 -2.242287 -0.330215 0.507051 -0.100231 0.856068 0.000000 0.000000
rubbergloveCHROME.bmp
  27 29.457382 -2.191695 -0.379845 0.671718 0.411919 0.615725 0.000000 0.000000
  27 29.194746 -1.974073 -0.363637 0.581260 0.532252 0.615504 0.000000 0.000000
  27 29.408624 -2.242287 -0.330215 0.507051 -0.100231 0.856068 0.000000 0.000000
rubbergloveCHROME.bmp
  27 29.408624 -2.242287 -0.330215 0.507051 -0.100231 0.856068 0.000000 0.000000
  27 29.194746 -1.974073 -0.363637 0.581260 0.532252 0.615504 0.000000 0.000000
  27 29.132041 -2.025076 -0.293875 0.296536 0.137197 0.945116 0.000000 0.000000
rubbergloveCHROME.bmp
  27 29.194746 -1.974073 -0.363637 0.581260 0.532252 0.615504 0.000000 0.000000
  27 29.095348 -1.875783 -0.351019 0.671718 0.411919 0.615725 0.000000 0.000000
  27 29.132041 -2.025076 -0.293875 0.296536 0.137197 0.945116 0.000000 0.000000
rubbergloveCHROME.bmp
  27 29.132041 -2.025076 -0.293875 0.296536 0.137197 0.945116 0.000000 0.000000
  27 29.095348 -1.875783 -0.351019 0.671718 0.411919 0.615725 0.000000 0.000000
  27 29.046809 -1.912740 -0.271156 0.324086 0.088569 0.941873 0.000000 0.000000
rubbergloveCHROME.bmp
  27 29.095348 -1.875783 -0.351019 0.671718 0.411919 0.615725 0.000000 0.000000
  27 28.862132 -1.674003 -0.225342 -0.012735 0.439673 0.898068 0.000000 0.000000
  27 29.046809 -1.912740 -0.271156 0.324086 0.088569 0.941873 0.000000 0.000000
rubbergloveCHROME.bmp
  27 29.046809 -1.912740 -0.271156 0.324086 0.088569 0.941873 0.000000 0.000000
  27 28.862132 -1.674003 -0.225342 -0.012735 0.439673 0.898068 0.000000 0.000000
  27 28.806072 -1.773280 -0.226470 0.387301 0.191399 0.901867 0.000000 0.000000
rubbergloveCHROME.bmp
  27 28.862132 -1.674003 -0.225342 -0.012735 0.439673 0.898068 0.000000 0.000000
  27 28.791424 -1.730430 -0.255613 0.061464 0.474304 0.878213 0.000000 0.000000
  27 28.806072 -1.773280 -0.226470 0.387301 0.191399 0.901867 0.000000 0.000000
rubbergloveCHROME.bmp
  24 28.507962 -1.656809 1.194828 -0.362293 0.529980 0.766724 0.000000 0.000000
  24 28.578791 -1.639105 1.142200 0.033334 0.888655 0.457363 0.000000 0.000000
  23 28.336111 -1.500103 1.177963 0.117969 0.242446 0.962966 0.000000 0.000000
rubbergloveCHROME.bmp
  23 28.336111 -1.500103 1.177963 0.117969 0.242446 0.962966 0.000000 0.000000
  24 28.578791 -1.639105 1.142200 0.033334 0.888655 0.457363 0.000000 0.000000
  23 28.412971 -1.416465 1.049521 0.554691 0.624112 0.550274 0.000000 0.000000
rubbergloveCHROME.bmp
  24 28.578791 -1.639105 1.142200 0.033334 0.888655 0.457363 0.000000 0.000000
  24 28.585114 -1.615221 1.090339 0.015836 0.973860 0.226597 0.000000 0.000000
  23 28.412971 -1.416465 1.049521 0.554691 0.624112 0.550274 0.000000 0.000000
rubbergloveCHROME.bmp
  23 28.412971 -1.416465 1.049521 0.554691 0.624112 0.550274 0.000000 0.000000
  24 28.585114 -1.615221 1.090339 0.015836 0.973860 0.226597 0.000000 0.000000
  24 28.681320 -1.574115 0.897324 0.365070 0.879993 0.303867 0.000000 0.000000
rubbergloveCHROME.bmp
  24 28.585114 -1.615221 1.090339 0.015836 0.973860 0.226597 0.000000 0.000000
  24 28.737291 -1.546980 0.953280 0.220241 0.943911 0.246020 0.000000 0.000000
  24 28.681320 -1.574115 0.897324 0.365070 0.879993 0.303867 0.000000 0.000000
rubbergloveCHROME.bmp
  24 28.681320 -1.574115 0.897324 0.365070 0.879993 0.303867 0.000000 0.000000
  24 28.737291 -1.546980 0.953280 0.220241 0.943911 0.246020 0.000000 0.000000
  24 28.737421 -1.551662 0.740964 0.255718 0.956069 0.143320 0.000000 0.000000
rubbergloveCHROME.bmp
  24 28.737291 -1.546980 0.953280 0.220241 0.943911 0.246020 0.000000 0.000000
  24 28.807043 -1.521581 0.747879 0.081201 0.994281 0.069371 0.000000 0.000000
  24 28.737421 -1.551662 0.740964 0.255718 0.956069 0.143320 0.000000 0.000000
rubbergloveCHROME.bmp
  24 28.737421 -1.551662 0.740964 0.255718 0.956069 0.143320 0.000000 0.000000
  24 28.807043 -1.521581 0.747879 0.081201 0.994281 0.069371 0.000000 0.000000
  24 28.781436 -1.547100 0.625025 0.154346 0.976786 -0.148546 0.000000 0.000000
rubbergloveCHROME.bmp
  24 28.807043 -1.521581 0.747879 0.081201 0.994281 0.069371 0.000000 0.000000
  24 28.851059 -1.517018 0.631940 0.356620 0.931495 -0.071692 0.000000 0.000000
  24 28.781436 -1.547100 0.625025 0.154346 0.976786 -0.148546 0.000000 0.000000
rubbergloveCHROME.bmp
  24 28.781436 -1.547100 0.625025 0.154346 0.976786 -0.148546 0.000000 0.000000
  24 28.851059 -1.517018 0.631940 0.356620 0.931495 -0.071692 0.000000 0.000000
  24 28.820121 -1.564713 0.500152 0.197036 0.801073 -0.565207 0.000000 0.000000
rubbergloveCHROME.bmp
  24 28.851059 -1.517018 0.631940 0.356620 0.931495 -0.071692 0.000000 0.000000
  24 29.009552 -1.710857 0.660332 0.777750 0.628569 -0.002593 0.000000 0.000000
  24 28.820121 -1.564713 0.500152 0.197036 0.801073 -0.565207 0.000000 0.000000
rubbergloveCHROME.bmp
  24 28.820121 -1.564713 0.500152 0.197036 0.801073 -0.565207 0.000000 0.000000
  24 29.009552 -1.710857 0.660332 0.777750 0.628569 -0.002593 0.000000 0.000000
  24 29.010473 -1.746274 0.501446 0.693166 0.462549 -0.552783 0.000000 0.000000
rubbergloveCHROME.bmp
  24 29.009552 -1.710857 0.660332 0.777750 0.628569 -0.002593 0.000000 0.000000
  24 29.177158 -1.954660 0.684180 0.828248 0.559922 -0.022189 0.000000 0.000000
  24 29.010473 -1.746274 0.501446 0.693166 0.462549 -0.552783 0.000000 0.000000
rubbergloveCHROME.bmp
  24 29.010473 -1.746274 0.501446 0.693166 0.462549 -0.552783 0.000000 0.000000
  24 29.177158 -1.954660 0.684180 0.828248 0.559922 -0.022189 0.000000 0.000000
  24 29.194935 -1.979889 0.557107 0.762115 0.322524 -0.561391 0.000000 0.000000
rubbergloveCHROME.bmp
  24 29.177158 -1.954660 0.684180 0.828248 0.559922 -0.022189 0.000000 0.000000
  24 29.292341 -2.174394 0.668372 0.909729 0.186254 -0.371083 0.000000 0.000000
  24 29.194935 -1.979889 0.557107 0.762115 0.322524 -0.561391 0.000000 0.000000
rubbergloveCHROME.bmp
  24 29.194935 -1.979889 0.557107 0.762115 0.322524 -0.561391 0.000000 0.000000
  24 29.292341 -2.174394 0.668372 0.909729 0.186254 -0.371083 0.000000 0.000000
  24 29.249319 -2.239978 0.577006 0.851482 -0.075250 -0.518956 0.000000 0.000000
rubbergloveCHROME.bmp
  24 29.292341 -2.174394 0.668372 0.909729 0.186254 -0.371083 0.000000 0.000000
  24 29.278850 -2.275078 0.736053 0.841360 -0.449385 -0.300277 0.000000 0.000000
  24 29.249319 -2.239978 0.577006 0.851482 -0.075250 -0.518956 0.000000 0.000000
rubbergloveCHROME.bmp
  24 29.249319 -2.239978 0.577006 0.851482 -0.075250 -0.518956 0.000000 0.000000
  24 29.278850 -2.275078 0.736053 0.841360 -0.449385 -0.300277 0.000000 0.000000
  24 29.246921 -2.324481 0.665060 0.863450 -0.465621 -0.194039 0.000000 0.000000
rubbergloveCHROME.bmp
  24 29.278850 -2.275078 0.736053 0.841360 -0.449385 -0.300277 0.000000 0.000000
  24 29.225813 -2.364539 0.777086 0.670397 -0.735113 -0.100881 0.000000 0.000000
  24 29.246921 -2.324481 0.665060 0.863450 -0.465621 -0.194039 0.000000 0.000000
rubbergloveCHROME.bmp
  23 27.708101 -1.257212 0.159185 -0.179857 -0.445892 -0.876830 0.000000 0.000000
  23 27.978718 -1.367441 0.155138 0.037337 -0.207224 -0.977581 0.000000 0.000000
  23 27.938995 -1.425939 0.154782 -0.128489 -0.385711 -0.913629 0.000000 0.000000
rubbergloveCHROME.bmp
  23 27.938995 -1.425939 0.154782 -0.128489 -0.385711 -0.913629 0.000000 0.000000
  23 27.978718 -1.367441 0.155138 0.037337 -0.207224 -0.977581 0.000000 0.000000
  23 28.196290 -1.607925 0.226057 -0.143861 -0.437040 -0.887863 0.000000 0.000000
rubbergloveCHROME.bmp
  23 27.978718 -1.367441 0.155138 0.037337 -0.207224 -0.977581 0.000000 0.000000
  23 28.246781 -1.544595 0.197075 0.105330 -0.080612 -0.991165 0.000000 0.000000
  23 28.196290 -1.607925 0.226057 -0.143861 -0.437040 -0.887863 0.000000 0.000000
rubbergloveCHROME.bmp
  23 28.196290 -1.607925 0.226057 -0.143861 -0.437040 -0.887863 0.000000 0.000000
  23 28.246781 -1.544595 0.197075 0.105330 -0.080612 -0.991165 0.000000 0.000000
  24 28.357567 -1.735234 0.259183 -0.159199 -0.398094 -0.903425 0.000000 0.000000
rubbergloveCHROME.bmp
  23 28.246781 -1.544595 0.197075 0.105330 -0.080612 -0.991165 0.000000 0.000000
  24 28.410117 -1.701255 0.233032 0.083804 -0.120585 -0.989159 0.000000 0.000000
  24 28.357567 -1.735234 0.259183 -0.159199 -0.398094 -0.903425 0.000000 0.000000
rubbergloveCHROME.bmp
  24 28.357567 -1.735234 0.259183 -0.159199 -0.398094 -0.903425 0.000000 0.000000
  24 28.410117 -1.701255 0.233032 0.083804 -0.120585 -0.989159 0.000000 0.000000
  24 28.530287 -1.942775 0.290712 -0.159199 -0.398094 -0.903425 0.000000 0.000000
rubbergloveCHROME.bmp
  24 28.410117 -1.701255 0.233032 0.083804 -0.120585 -0.989159 0.000000 0.000000
  24 28.595066 -1.879387 0.273811 0.039147 -0.179668 -0.982948 0.000000 0.000000
  24 28.530287 -1.942775 0.290712 -0.159199 -0.398094 -0.903425 0.000000 0.000000
rubbergloveCHROME.bmp
  24 28.530287 -1.942775 0.290712 -0.159199 -0.398094 -0.903425 0.000000 0.000000
  24 28.595066 -1.879387 0.273811 0.039147 -0.179668 -0.982948 0.000000 0.000000
  24 28.666288 -2.020032 0.356554 -0.121535 -0.443934 -0.887779 0.000000 0.000000
rubbergloveCHROME.bmp
  24 28.595066 -1.879387 0.273811 0.039147 -0.179668 -0.982948 0.000000 0.000000
  24 28.725809 -2.004424 0.282300 -0.010150 -0.308243 -0.951253 0.000000 0.000000
  24 28.666288 -2.020032 0.356554 -0.121535 -0.443934 -0.887779 0.000000 0.000000
rubbergloveCHROME.bmp
  24 28.666288 -2.020032 0.356554 -0.121535 -0.443934 -0.887779 0.000000 0.000000
  24 28.725809 -2.004424 0.282300 -0.010150 -0.308243 -0.951253 0.000000 0.000000
  24 28.828114 -2.148583 0.399994 -0.121535 -0.443934 -0.887779 0.000000 0.000000
rubbergloveCHROME.bmp
  24 28.725809 -2.004424 0.282300 -0.010150 -0.308243 -0.951253 0.000000 0.000000
  24 28.865375 -2.139734 0.333411 0.065119 -0.300328 -0.951611 0.000000 0.000000
  24 28.828114 -2.148583 0.399994 -0.121535 -0.443934 -0.887779 0.000000 0.000000
rubbergloveCHROME.bmp
  24 28.828114 -2.148583 0.399994 -0.121535 -0.443934 -0.887779 0.000000 0.000000
  24 28.865375 -2.139734 0.333411 0.065119 -0.300328 -0.951611 0.000000 0.000000
  24 28.947907 -2.278282 0.437781 -0.035885 -0.548768 -0.835204 0.000000 0.000000
rubbergloveCHROME.bmp
  24 28.865375 -2.139734 0.333411 0.065119 -0.300328 -0.951611 0.000000 0.000000
  24 29.022446 -2.307111 0.420093 0.109539 -0.559979 -0.821234 0.000000 0.000000
  24 28.947907 -2.278282 0.437781 -0.035885 -0.548768 -0.835204 0.000000 0.000000
rubbergloveCHROME.bmp
  24 28.947907 -2.278282 0.437781 -0.035885 -0.548768 -0.835204 0.000000 0.000000
  24 29.022446 -2.307111 0.420093 0.109539 -0.559979 -0.821234 0.000000 0.000000
  24 28.987271 -2.431204 0.547622 0.057860 -0.879848 -0.471719 0.000000 0.000000
rubbergloveCHROME.bmp
  24 29.022446 -2.307111 0.420093 0.109539 -0.559979 -0.821234 0.000000 0.000000
  24 29.081510 -2.440041 0.591677 0.307748 -0.843281 -0.440645 0.000000 0.000000
  24 28.987271 -2.431204 0.547622 0.057860 -0.879848 -0.471719 0.000000 0.000000
rubbergloveCHROME.bmp
  24 28.987271 -2.431204 0.547622 0.057860 -0.879848 -0.471719 0.000000 0.000000
  24 29.081510 -2.440041 0.591677 0.307748 -0.843281 -0.440645 0.000000 0.000000
  24 29.020655 -2.501319 0.791281 0.110094 -0.981286 -0.157977 0.000000 0.000000
rubbergloveCHROME.bmp
  24 29.081510 -2.440041 0.591677 0.307748 -0.843281 -0.440645 0.000000 0.000000
  24 29.198296 -2.419079 0.727404 0.756824 -0.653254 0.021838 0.000000 0.000000
  24 29.020655 -2.501319 0.791281 0.110094 -0.981286 -0.157977 0.000000 0.000000
rubbergloveCHROME.bmp
  24 29.020655 -2.501319 0.791281 0.110094 -0.981286 -0.157977 0.000000 0.000000
  24 29.198296 -2.419079 0.727404 0.756824 -0.653254 0.021838 0.000000 0.000000
  24 29.162960 -2.445435 0.836293 0.589743 -0.796685 0.132274 0.000000 0.000000
rubbergloveCHROME.bmp
  24 29.198296 -2.419079 0.727404 0.756824 -0.653254 0.021838 0.000000 0.000000
  24 29.184931 -2.398986 0.875788 0.683763 -0.723533 0.094700 0.000000 0.000000
  24 29.162960 -2.445435 0.836293 0.589743 -0.796685 0.132274 0.000000 0.000000
rubbergloveCHROME.bmp
  10 -25.142795 -0.559373 -0.169919 0.284626 -0.257813 0.923320 0.000000 0.000000
  10 -25.428667 -0.855485 -0.147665 0.284626 -0.257813 0.923320 0.000000 0.000000
  10 -25.237312 -1.005019 -0.308360 0.407082 -0.414101 0.814128 0.000000 0.000000
rubbergloveCHROME.bmp
  10 -25.237312 -1.005019 -0.308360 0.407082 -0.414101 0.814128 0.000000 0.000000
  10 -25.428667 -0.855485 -0.147665 0.284626 -0.257813 0.923320 0.000000 0.000000
  10 -25.423545 -1.171465 -0.322966 0.372033 -0.572149 0.730915 0.000000 0.000000
rubbergloveCHROME.bmp
  10 -25.428667 -0.855485 -0.147665 0.284626 -0.257813 0.923320 0.000000 0.000000
  10 -25.573231 -1.038247 -0.172145 0.261522 -0.374886 0.889419 0.000000 0.000000
  10 -25.423545 -1.171465 -0.322966 0.372033 -0.572149 0.730915 0.000000 0.000000
rubbergloveCHROME.bmp
  10 -25.423545 -1.171465 -0.322966 0.372033 -0.572149 0.730915 0.000000 0.000000
  10 -25.573231 -1.038247 -0.172145 0.261522 -0.374886 0.889419 0.000000 0.000000
  11 -25.682482 -1.311856 -0.347840 0.343429 -0.590457 0.730354 0.000000 0.000000
rubbergloveCHROME.bmp
  10 -25.573231 -1.038247 -0.172145 0.261522 -0.374886 0.889419 0.000000 0.000000
  10 -25.765936 -1.196902 -0.206687 0.258588 -0.434019 0.862995 0.000000 0.000000
  11 -25.682482 -1.311856 -0.347840 0.343429 -0.590457 0.730354 0.000000 0.000000
rubbergloveCHROME.bmp
  11 -25.682482 -1.311856 -0.347840 0.343429 -0.590457 0.730354 0.000000 0.000000
  10 -25.765936 -1.196902 -0.206687 0.258588 -0.434019 0.862995 0.000000 0.000000
  11 -25.798472 -1.407167 -0.360569 0.445402 -0.513707 0.733295 0.000000 0.000000
rubbergloveCHROME.bmp
  10 -25.765936 -1.196902 -0.206687 0.258588 -0.434019 0.862995 0.000000 0.000000
  11 -25.889910 -1.356744 -0.250585 0.416993 -0.442596 0.793867 0.000000 0.000000
  11 -25.798472 -1.407167 -0.360569 0.445402 -0.513707 0.733295 0.000000 0.000000
rubbergloveCHROME.bmp
  11 -25.798472 -1.407167 -0.360569 0.445402 -0.513707 0.733295 0.000000 0.000000
  11 -25.889910 -1.356744 -0.250585 0.416993 -0.442596 0.793867 0.000000 0.000000
  11 -25.979628 -1.536710 -0.324496 0.495592 -0.539401 0.680761 0.000000 0.000000
rubbergloveCHROME.bmp
  11 -25.889910 -1.356744 -0.250585 0.416993 -0.442596 0.793867 0.000000 0.000000
  11 -26.050315 -1.507798 -0.234677 0.416993 -0.442596 0.793867 0.000000 0.000000
  11 -25.979628 -1.536710 -0.324496 0.495592 -0.539401 0.680761 0.000000 0.000000
rubbergloveCHROME.bmp
  11 -25.979628 -1.536710 -0.324496 0.495592 -0.539401 0.680761 0.000000 0.000000
  11 -26.050315 -1.507798 -0.234677 0.416993 -0.442596 0.793867 0.000000 0.000000
  11 -26.183393 -1.714904 -0.299462 0.392120 -0.657744 0.643129 0.000000 0.000000
rubbergloveCHROME.bmp
  11 -26.050315 -1.507798 -0.234677 0.416993 -0.442596 0.793867 0.000000 0.000000
  11 -26.259547 -1.636140 -0.218859 0.319447 -0.487995 0.812290 0.000000 0.000000
  11 -26.183393 -1.714904 -0.299462 0.392120 -0.657744 0.643129 0.000000 0.000000
rubbergloveCHROME.bmp
  11 -26.183393 -1.714904 -0.299462 0.392120 -0.657744 0.643129 0.000000 0.000000
  11 -26.259547 -1.636140 -0.218859 0.319447 -0.487995 0.812290 0.000000 0.000000
  11 -26.290382 -1.746830 -0.311038 0.477702 -0.634628 0.607494 0.000000 0.000000
rubbergloveCHROME.bmp
  11 -26.259547 -1.636140 -0.218859 0.319447 -0.487995 0.812290 0.000000 0.000000
  11 -26.311285 -1.712195 -0.230642 0.347873 -0.456025 0.819162 0.000000 0.000000
  11 -26.290382 -1.746830 -0.311038 0.477702 -0.634628 0.607494 0.000000 0.000000
rubbergloveCHROME.bmp
  11 -26.290382 -1.746830 -0.311038 0.477702 -0.634628 0.607494 0.000000 0.000000
  11 -26.311285 -1.712195 -0.230642 0.347873 -0.456025 0.819162 0.000000 0.000000
  12 -26.545139 -1.978955 -0.267402 0.361732 -0.427852 0.828307 0.000000 0.000000
rubbergloveCHROME.bmp
  11 -26.311285 -1.712195 -0.230642 0.347873 -0.456025 0.819162 0.000000 0.000000
  11 -26.610881 -1.528090 -0.120423 -0.350756 0.044874 0.935391 0.000000 0.000000
  12 -26.545139 -1.978955 -0.267402 0.361732 -0.427852 0.828307 0.000000 0.000000
rubbergloveCHROME.bmp
  12 -26.545139 -1.978955 -0.267402 0.361732 -0.427852 0.828307 0.000000 0.000000
  11 -26.610881 -1.528090 -0.120423 -0.350756 0.044874 0.935391 0.000000 0.000000
  12 -26.828040 -1.879494 -0.208456 -0.238330 0.001075 0.971184 0.000000 0.000000
rubbergloveCHROME.bmp
  11 -26.610881 -1.528090 -0.120423 -0.350756 0.044874 0.935391 0.000000 0.000000
  12 -26.848323 -1.772660 -0.246861 -0.387309 0.191396 0.901864 0.000000 0.000000
  12 -26.828040 -1.879494 -0.208456 -0.238330 0.001075 0.971184 0.000000 0.000000
rubbergloveCHROME.bmp
  12 -26.828040 -1.879494 -0.208456 -0.238330 0.001075 0.971184 0.000000 0.000000
  12 -26.848323 -1.772660 -0.246861 -0.387309 0.191396 0.901864 0.000000 0.000000
  12 -26.990601 -1.997648 -0.282031 -0.324083 0.088566 0.941874 0.000000 0.000000
rubbergloveCHROME.bmp
  11 -26.350197 -0.918555 -1.057819 -0.396251 0.388629 -0.831837 0.000000 0.000000
  11 -26.455671 -1.154456 -1.142826 -0.290006 0.245007 -0.925131 0.000000 0.000000
  11 -26.567184 -1.081342 -1.082664 -0.347502 0.324309 -0.879810 0.000000 0.000000
rubbergloveCHROME.bmp
  11 -26.567184 -1.081342 -1.082664 -0.347502 0.324309 -0.879810 0.000000 0.000000
  11 -26.455671 -1.154456 -1.142826 -0.290006 0.245007 -0.925131 0.000000 0.000000
  11 -26.700843 -1.289458 -1.087461 -0.431709 0.249082 -0.866940 0.000000 0.000000
rubbergloveCHROME.bmp
  11 -26.455671 -1.154456 -1.142826 -0.290006 0.245007 -0.925131 0.000000 0.000000
  11 -26.588901 -1.348438 -1.147381 -0.330577 0.204953 -0.921256 0.000000 0.000000
  11 -26.700843 -1.289458 -1.087461 -0.431709 0.249082 -0.866940 0.000000 0.000000
rubbergloveCHROME.bmp
  11 -26.700843 -1.289458 -1.087461 -0.431709 0.249082 -0.866940 0.000000 0.000000
  11 -26.588901 -1.348438 -1.147381 -0.330577 0.204953 -0.921256 0.000000 0.000000
  11 -26.739790 -1.395053 -1.049608 -0.533925 0.342750 -0.772947 0.000000 0.000000
rubbergloveCHROME.bmp
  11 -26.588901 -1.348438 -1.147381 -0.330577 0.204953 -0.921256 0.000000 0.000000
  11 -26.691283 -1.458483 -1.150224 -0.365624 0.257673 -0.894384 0.000000 0.000000
  11 -26.739790 -1.395053 -1.049608 -0.533925 0.342750 -0.772947 0.000000 0.000000
rubbergloveCHROME.bmp
  11 -26.739790 -1.395053 -1.049608 -0.533925 0.342750 -0.772947 0.000000 0.000000
  11 -26.691283 -1.458483 -1.150224 -0.365624 0.257673 -0.894384 0.000000 0.000000
  12 -26.839467 -1.673180 -1.115265 -0.351258 0.420323 -0.836628 0.000000 0.000000
rubbergloveCHROME.bmp
  11 -26.691283 -1.458483 -1.150224 -0.365624 0.257673 -0.894384 0.000000 0.000000
  12 -26.796993 -1.757402 -1.166281 -0.168849 0.170244 -0.970828 0.000000 0.000000
  12 -26.839467 -1.673180 -1.115265 -0.351258 0.420323 -0.836628 0.000000 0.000000
rubbergloveCHROME.bmp
  12 -26.839467 -1.673180 -1.115265 -0.351258 0.420323 -0.836628 0.000000 0.000000
  12 -26.796993 -1.757402 -1.166281 -0.168849 0.170244 -0.970828 0.000000 0.000000
  12 -27.052982 -1.982804 -1.142548 -0.218784 0.222254 -0.950125 0.000000 0.000000
rubbergloveCHROME.bmp
  12 -26.796993 -1.757402 -1.166281 -0.168849 0.170244 -0.970828 0.000000 0.000000
  12 -26.996319 -2.038989 -1.182952 -0.168849 0.170244 -0.970828 0.000000 0.000000
  12 -27.052982 -1.982804 -1.142548 -0.218784 0.222254 -0.950125 0.000000 0.000000
rubbergloveCHROME.bmp
  12 -27.052982 -1.982804 -1.142548 -0.218784 0.222254 -0.950125 0.000000 0.000000
  12 -26.996319 -2.038989 -1.182952 -0.168849 0.170244 -0.970828 0.000000 0.000000
  12 -27.131470 -2.102752 -1.135325 -0.276311 0.186683 -0.942763 0.000000 0.000000
rubbergloveCHROME.bmp
  12 -26.996319 -2.038989 -1.182952 -0.168849 0.170244 -0.970828 0.000000 0.000000
  12 -27.117254 -2.200796 -1.196848 -0.198883 0.061621 -0.978084 0.000000 0.000000
  12 -27.131470 -2.102752 -1.135325 -0.276311 0.186683 -0.942763 0.000000 0.000000
rubbergloveCHROME.bmp
  12 -27.131470 -2.102752 -1.135325 -0.276311 0.186683 -0.942763 0.000000 0.000000
  12 -27.117254 -2.200796 -1.196848 -0.198883 0.061621 -0.978084 0.000000 0.000000
  12 -27.344674 -2.257678 -1.109991 -0.421004 0.024106 -0.906738 0.000000 0.000000
rubbergloveCHROME.bmp
  12 -27.117254 -2.200796 -1.196848 -0.198883 0.061621 -0.978084 0.000000 0.000000
  12 -27.302225 -2.327928 -1.150770 -0.436976 -0.188408 -0.879519 0.000000 0.000000
  12 -27.344674 -2.257678 -1.109991 -0.421004 0.024106 -0.906738 0.000000 0.000000
rubbergloveCHROME.bmp
  12 -27.344674 -2.257678 -1.109991 -0.421004 0.024106 -0.906738 0.000000 0.000000
  12 -27.302225 -2.327928 -1.150770 -0.436976 -0.188408 -0.879519 0.000000 0.000000
  12 -27.459351 -2.371884 -1.013005 -0.699082 -0.210673 -0.683301 0.000000 0.000000
rubbergloveCHROME.bmp
  12 -27.302225 -2.327928 -1.150770 -0.436976 -0.188408 -0.879519 0.000000 0.000000
  12 -27.325550 -2.478641 -1.013506 -0.343492 -0.792502 -0.503938 0.000000 0.000000
  12 -27.459351 -2.371884 -1.013005 -0.699082 -0.210673 -0.683301 0.000000 0.000000
rubbergloveCHROME.bmp
  12 -27.459351 -2.371884 -1.013005 -0.699082 -0.210673 -0.683301 0.000000 0.000000
  12 -27.325550 -2.478641 -1.013506 -0.343492 -0.792502 -0.503938 0.000000 0.000000
  12 -27.488214 -2.372744 -0.953287 -0.873561 -0.325704 -0.361675 0.000000 0.000000
rubbergloveCHROME.bmp
  12 -27.325550 -2.478641 -1.013506 -0.343492 -0.792502 -0.503938 0.000000 0.000000
  12 -27.377258 -2.517264 -0.804617 -0.426433 -0.892256 -0.148437 0.000000 0.000000
  12 -27.488214 -2.372744 -0.953287 -0.873561 -0.325704 -0.361675 0.000000 0.000000
rubbergloveCHROME.bmp
  12 -27.488214 -2.372744 -0.953287 -0.873561 -0.325704 -0.361675 0.000000 0.000000
  12 -27.377258 -2.517264 -0.804617 -0.426433 -0.892256 -0.148437 0.000000 0.000000
  12 -27.525200 -2.410432 -0.804251 -0.948974 -0.301893 -0.091158 0.000000 0.000000
rubbergloveCHROME.bmp
  8 -25.462895 -1.059501 0.098345 0.285694 -0.394028 -0.873568 0.000000 0.000000
  8 -25.416505 -1.278275 0.212301 0.285694 -0.394028 -0.873568 0.000000 0.000000
  8 -25.562229 -1.162804 0.090518 0.210751 -0.428864 -0.878442 0.000000 0.000000
rubbergloveCHROME.bmp
  8 -25.562229 -1.162804 0.090518 0.210751 -0.428864 -0.878442 0.000000 0.000000
  8 -25.416505 -1.278275 0.212301 0.285694 -0.394028 -0.873568 0.000000 0.000000
  8 -25.726164 -1.258986 0.131435 0.179854 -0.445892 -0.876831 0.000000 0.000000
rubbergloveCHROME.bmp
  8 -25.416505 -1.278275 0.212301 0.285694 -0.394028 -0.873568 0.000000 0.000000
  8 -25.576614 -1.463906 0.209810 0.247277 -0.490029 -0.835898 0.000000 0.000000
  8 -25.726164 -1.258986 0.131435 0.179854 -0.445892 -0.876831 0.000000 0.000000
rubbergloveCHROME.bmp
  8 -25.726164 -1.258986 0.131435 0.179854 -0.445892 -0.876831 0.000000 0.000000
  8 -25.576614 -1.463906 0.209810 0.247277 -0.490029 -0.835898 0.000000 0.000000
  8 -25.943018 -1.416760 0.174812 0.128488 -0.385711 -0.913629 0.000000 0.000000
rubbergloveCHROME.bmp
  8 -25.576614 -1.463906 0.209810 0.247277 -0.490029 -0.835898 0.000000 0.000000
  8 -25.800754 -1.628346 0.254763 0.295465 -0.652830 -0.697505 0.000000 0.000000
  8 -25.943018 -1.416760 0.174812 0.128488 -0.385711 -0.913629 0.000000 0.000000
rubbergloveCHROME.bmp
  8 -25.943018 -1.416760 0.174812 0.128488 -0.385711 -0.913629 0.000000 0.000000
  8 -25.800754 -1.628346 0.254763 0.295465 -0.652830 -0.697505 0.000000 0.000000
  8 -26.041768 -1.754787 0.318986 0.262071 -0.649250 -0.713998 0.000000 0.000000
rubbergloveCHROME.bmp
  8 -25.800754 -1.628346 0.254763 0.295465 -0.652830 -0.697505 0.000000 0.000000
  8 -25.859079 -1.856423 0.606727 0.398166 -0.877648 -0.266829 0.000000 0.000000
  8 -26.041768 -1.754787 0.318986 0.262071 -0.649250 -0.713998 0.000000 0.000000
rubbergloveCHROME.bmp
  8 -26.041768 -1.754787 0.318986 0.262071 -0.649250 -0.713998 0.000000 0.000000
  8 -25.859079 -1.856423 0.606727 0.398166 -0.877648 -0.266829 0.000000 0.000000
  8 -25.984456 -1.931631 0.660807 0.579047 -0.775907 -0.250347 0.000000 0.000000
rubbergloveCHROME.bmp
  8 -25.859079 -1.856423 0.606727 0.398166 -0.877648 -0.266829 0.000000 0.000000
  8 -25.930711 -1.893438 0.943920 0.454739 -0.729319 0.511181 0.000000 0.000000
  8 -25.984456 -1.931631 0.660807 0.579047 -0.775907 -0.250347 0.000000 0.000000
rubbergloveCHROME.bmp
  8 -25.984456 -1.931631 0.660807 0.579047 -0.775907 -0.250347 0.000000 0.000000
  8 -25.930711 -1.893438 0.943920 0.454739 -0.729319 0.511181 0.000000 0.000000
  9 -26.162900 -2.129792 0.884785 0.632349 -0.712712 0.303604 0.000000 0.000000
rubbergloveCHROME.bmp
  8 -25.930711 -1.893438 0.943920 0.454739 -0.729319 0.511181 0.000000 0.000000
  9 -26.222778 -2.054020 1.007965 0.481737 -0.557822 0.675843 0.000000 0.000000
  9 -26.162900 -2.129792 0.884785 0.632349 -0.712712 0.303604 0.000000 0.000000
rubbergloveCHROME.bmp
  9 -26.162900 -2.129792 0.884785 0.632349 -0.712712 0.303604 0.000000 0.000000
  9 -26.222778 -2.054020 1.007965 0.481737 -0.557822 0.675843 0.000000 0.000000
  9 -26.345202 -2.222558 0.927919 0.590655 -0.692451 0.414292 0.000000 0.000000
rubbergloveCHROME.bmp
  9 -26.222778 -2.054020 1.007965 0.481737 -0.557822 0.675843 0.000000 0.000000
  9 -26.401532 -2.197988 1.034799 0.481737 -0.557822 0.675843 0.000000 0.000000
  9 -26.345202 -2.222558 0.927919 0.590655 -0.692451 0.414292 0.000000 0.000000
rubbergloveCHROME.bmp
  9 -26.345202 -2.222558 0.927919 0.590655 -0.692451 0.414292 0.000000 0.000000
  9 -26.401532 -2.197988 1.034799 0.481737 -0.557822 0.675843 0.000000 0.000000
  9 -26.535554 -2.404119 0.929213 0.510677 -0.757060 0.407516 0.000000 0.000000
rubbergloveCHROME.bmp
  9 -26.401532 -2.197988 1.034799 0.481737 -0.557822 0.675843 0.000000 0.000000
  9 -26.626804 -2.371550 1.040177 0.392122 -0.669733 0.630633 0.000000 0.000000
  9 -26.535554 -2.404119 0.929213 0.510677 -0.757060 0.407516 0.000000 0.000000
rubbergloveCHROME.bmp
  9 -26.535554 -2.404119 0.929213 0.510677 -0.757060 0.407516 0.000000 0.000000
  9 -26.626804 -2.371550 1.040177 0.392122 -0.669733 0.630633 0.000000 0.000000
  9 -26.743106 -2.531529 0.897767 0.141489 -0.956287 0.255923 0.000000 0.000000
rubbergloveCHROME.bmp
  9 -26.626804 -2.371550 1.040177 0.392122 -0.669733 0.630633 0.000000 0.000000
  9 -26.811377 -2.500590 0.914553 0.062202 -0.951871 0.300121 0.000000 0.000000
  9 -26.743106 -2.531529 0.897767 0.141489 -0.956287 0.255923 0.000000 0.000000
rubbergloveCHROME.bmp
  9 -26.743106 -2.531529 0.897767 0.141489 -0.956287 0.255923 0.000000 0.000000
  9 -26.811377 -2.500590 0.914553 0.062202 -0.951871 0.300121 0.000000 0.000000
  9 -26.920820 -2.474894 0.785471 -0.040196 -0.991409 -0.124471 0.000000 0.000000
rubbergloveCHROME.bmp
  29 28.024220 -0.863585 -1.339748 0.480754 0.279744 0.831035 0.000000 0.000000
  29 28.161061 -1.025002 -1.350646 0.449863 0.216525 0.866453 0.000000 0.000000
  29 28.102673 -0.786788 -1.391201 0.574270 0.420286 0.702548 0.000000 0.000000
rubbergloveCHROME.bmp
  29 28.102673 -0.786788 -1.391201 0.574270 0.420286 0.702548 0.000000 0.000000
  29 28.161061 -1.025002 -1.350646 0.449863 0.216525 0.866453 0.000000 0.000000
  29 28.296928 -0.962267 -1.399679 0.604004 0.394618 0.692427 0.000000 0.000000
rubbergloveCHROME.bmp
  29 28.161061 -1.025002 -1.350646 0.449863 0.216525 0.866453 0.000000 0.000000
  29 28.310185 -1.240475 -1.388512 0.424592 0.132077 0.895699 0.000000 0.000000
  29 28.296928 -0.962267 -1.399679 0.604004 0.394618 0.692427 0.000000 0.000000
rubbergloveCHROME.bmp
  29 28.296928 -0.962267 -1.399679 0.604004 0.394618 0.692427 0.000000 0.000000
  29 28.310185 -1.240475 -1.388512 0.424592 0.132077 0.895699 0.000000 0.000000
  29 28.368486 -1.143936 -1.425677 0.638355 0.346943 0.687120 0.000000 0.000000
rubbergloveCHROME.bmp
  29 28.310185 -1.240475 -1.388512 0.424592 0.132077 0.895699 0.000000 0.000000
  30 28.506488 -1.312583 -1.427314 0.539146 0.255454 0.802536 0.000000 0.000000
  29 28.368486 -1.143936 -1.425677 0.638355 0.346943 0.687120 0.000000 0.000000
rubbergloveCHROME.bmp
  29 28.368486 -1.143936 -1.425677 0.638355 0.346943 0.687120 0.000000 0.000000
  30 28.506488 -1.312583 -1.427314 0.539146 0.255454 0.802536 0.000000 0.000000
  30 28.559237 -1.212029 -1.665655 0.833039 0.496327 0.244349 0.000000 0.000000
rubbergloveCHROME.bmp
  30 28.506488 -1.312583 -1.427314 0.539146 0.255454 0.802536 0.000000 0.000000
  30 28.704289 -1.545492 -1.553126 0.479312 0.789355 0.383639 0.000000 0.000000
  30 28.559237 -1.212029 -1.665655 0.833039 0.496327 0.244349 0.000000 0.000000
rubbergloveCHROME.bmp
  30 28.559237 -1.212029 -1.665655 0.833039 0.496327 0.244349 0.000000 0.000000
  30 28.704289 -1.545492 -1.553126 0.479312 0.789355 0.383639 0.000000 0.000000
  30 28.732644 -1.518879 -1.684988 0.430681 0.889369 0.153415 0.000000 0.000000
rubbergloveCHROME.bmp
  30 28.704289 -1.545492 -1.553126 0.479312 0.789355 0.383639 0.000000 0.000000
  30 28.761856 -1.532833 -1.548051 0.270315 0.867638 0.417294 0.000000 0.000000
  30 28.732644 -1.518879 -1.684988 0.430681 0.889369 0.153415 0.000000 0.000000
rubbergloveCHROME.bmp
  30 28.732644 -1.518879 -1.684988 0.430681 0.889369 0.153415 0.000000 0.000000
  30 28.761856 -1.532833 -1.548051 0.270315 0.867638 0.417294 0.000000 0.000000
  30 28.797110 -1.513309 -1.681377 0.390218 0.903349 0.178017 0.000000 0.000000
rubbergloveCHROME.bmp
  30 28.761856 -1.532833 -1.548051 0.270315 0.867638 0.417294 0.000000 0.000000
  30 28.947104 -1.780531 -1.593093 0.783900 0.459389 0.417687 0.000000 0.000000
  30 28.797110 -1.513309 -1.681377 0.390218 0.903349 0.178017 0.000000 0.000000
rubbergloveCHROME.bmp
  30 28.797110 -1.513309 -1.681377 0.390218 0.903349 0.178017 0.000000 0.000000
  30 28.947104 -1.780531 -1.593093 0.783900 0.459389 0.417687 0.000000 0.000000
  30 28.975459 -1.753918 -1.724956 0.819838 0.540259 0.189699 0.000000 0.000000
rubbergloveCHROME.bmp
  30 28.947104 -1.780531 -1.593093 0.783900 0.459389 0.417687 0.000000 0.000000
  30 29.076899 -1.985588 -1.627802 0.810007 0.383511 0.443631 0.000000 0.000000
  30 28.975459 -1.753918 -1.724956 0.819838 0.540259 0.189699 0.000000 0.000000
rubbergloveCHROME.bmp
  30 28.975459 -1.753918 -1.724956 0.819838 0.540259 0.189699 0.000000 0.000000
  30 29.076899 -1.985588 -1.627802 0.810007 0.383511 0.443631 0.000000 0.000000
  30 29.088774 -1.970963 -1.779279 0.849508 0.486426 0.204270 0.000000 0.000000
rubbergloveCHROME.bmp
  30 29.076899 -1.985588 -1.627802 0.810007 0.383511 0.443631 0.000000 0.000000
  30 29.197888 -2.167505 -1.679453 0.891264 0.131666 0.433949 0.000000 0.000000
  30 29.088774 -1.970963 -1.779279 0.849508 0.486426 0.204270 0.000000 0.000000
rubbergloveCHROME.bmp
  30 29.088774 -1.970963 -1.779279 0.849508 0.486426 0.204270 0.000000 0.000000
  30 29.197888 -2.167505 -1.679453 0.891264 0.131666 0.433949 0.000000 0.000000
  30 29.223416 -2.151832 -1.771663 0.981175 0.081195 0.175221 0.000000 0.000000
rubbergloveCHROME.bmp
  30 29.197888 -2.167505 -1.679453 0.891264 0.131666 0.433949 0.000000 0.000000
  30 29.151230 -2.291861 -1.707000 0.703162 -0.584833 0.404394 0.000000 0.000000
  30 29.223416 -2.151832 -1.771663 0.981175 0.081195 0.175221 0.000000 0.000000
rubbergloveCHROME.bmp
  30 29.223416 -2.151832 -1.771663 0.981175 0.081195 0.175221 0.000000 0.000000
  30 29.151230 -2.291861 -1.707000 0.703162 -0.584833 0.404394 0.000000 0.000000
  30 29.156626 -2.284054 -1.787684 0.688351 -0.720075 0.087554 0.000000 0.000000
rubbergloveCHROME.bmp
  27 29.117308 -2.102887 -1.135201 0.272281 0.209618 -0.939108 0.000000 0.000000
  27 28.967919 -2.039030 -1.192691 0.178346 0.171173 -0.968965 0.000000 0.000000
  27 29.010562 -1.969116 -1.131916 0.218779 0.222251 -0.950126 0.000000 0.000000
rubbergloveCHROME.bmp
  27 29.010562 -1.969116 -1.131916 0.218779 0.222251 -0.950126 0.000000 0.000000
  27 28.967919 -2.039030 -1.192691 0.178346 0.171173 -0.968965 0.000000 0.000000
  27 28.761487 -1.750409 -1.175832 0.178346 0.171173 -0.968965 0.000000 0.000000
rubbergloveCHROME.bmp
  27 28.967919 -2.039030 -1.192691 0.178346 0.171173 -0.968965 0.000000 0.000000
  27 28.642357 -1.942100 -1.167904 -0.379261 -0.202929 -0.902763 0.000000 0.000000
  27 28.761487 -1.750409 -1.175832 0.178346 0.171173 -0.968965 0.000000 0.000000
rubbergloveCHROME.bmp
  27 28.761487 -1.750409 -1.175832 0.178346 0.171173 -0.968965 0.000000 0.000000
  27 28.642357 -1.942100 -1.167904 -0.379261 -0.202929 -0.902763 0.000000 0.000000
  26 28.412300 -1.580750 -1.119587 -0.218036 -0.234354 -0.947385 0.000000 0.000000
rubbergloveCHROME.bmp
  27 28.642357 -1.942100 -1.167904 -0.379261 -0.202929 -0.902763 0.000000 0.000000
  26 28.350638 -1.619541 -1.029626 -0.390592 -0.511451 -0.765412 0.000000 0.000000
  26 28.412300 -1.580750 -1.119587 -0.218036 -0.234354 -0.947385 0.000000 0.000000
rubbergloveCHROME.bmp
  26 28.412300 -1.580750 -1.119587 -0.218036 -0.234354 -0.947385 0.000000 0.000000
  26 28.350638 -1.619541 -1.029626 -0.390592 -0.511451 -0.765412 0.000000 0.000000
  26 28.311970 -1.541204 -1.127951 -0.164085 -0.425567 -0.889926 0.000000 0.000000
rubbergloveCHROME.bmp
  26 28.350638 -1.619541 -1.029626 -0.390592 -0.511451 -0.765412 0.000000 0.000000
  26 28.250114 -1.579659 -1.057987 -0.272888 -0.601361 -0.750931 0.000000 0.000000
  26 28.311970 -1.541204 -1.127951 -0.164085 -0.425567 -0.889926 0.000000 0.000000
rubbergloveCHROME.bmp
  26 28.311970 -1.541204 -1.127951 -0.164085 -0.425567 -0.889926 0.000000 0.000000
  26 28.250114 -1.579659 -1.057987 -0.272888 -0.601361 -0.750931 0.000000 0.000000
  26 28.145475 -1.425531 -1.154398 -0.329784 -0.410967 -0.849911 0.000000 0.000000
rubbergloveCHROME.bmp
  26 28.250114 -1.579659 -1.057987 -0.272888 -0.601361 -0.750931 0.000000 0.000000
  26 28.097519 -1.449757 -1.064325 -0.333387 -0.472524 -0.815827 0.000000 0.000000
  26 28.145475 -1.425531 -1.154398 -0.329784 -0.410967 -0.849911 0.000000 0.000000
rubbergloveCHROME.bmp
  26 28.145475 -1.425531 -1.154398 -0.329784 -0.410967 -0.849911 0.000000 0.000000
  26 28.097519 -1.449757 -1.064325 -0.333387 -0.472524 -0.815827 0.000000 0.000000
  26 27.984406 -1.246545 -1.149826 -0.174200 -0.202767 -0.963608 0.000000 0.000000
rubbergloveCHROME.bmp
  26 28.097519 -1.449757 -1.064325 -0.333387 -0.472524 -0.815827 0.000000 0.000000
  26 27.902325 -1.320814 -1.090270 -0.275029 -0.379699 -0.883282 0.000000 0.000000
  26 27.984406 -1.246545 -1.149826 -0.174200 -0.202767 -0.963608 0.000000 0.000000
rubbergloveCHROME.bmp
  26 27.984406 -1.246545 -1.149826 -0.174200 -0.202767 -0.963608 0.000000 0.000000
  26 27.902325 -1.320814 -1.090270 -0.275029 -0.379699 -0.883282 0.000000 0.000000
  26 27.832767 -1.145079 -1.146650 -0.174200 -0.202767 -0.963608 0.000000 0.000000
rubbergloveCHROME.bmp
  26 27.902325 -1.320814 -1.090270 -0.275029 -0.379699 -0.883282 0.000000 0.000000
  26 27.743930 -1.226798 -1.077152 -0.248399 -0.403224 -0.880743 0.000000 0.000000
  26 27.832767 -1.145079 -1.146650 -0.174200 -0.202767 -0.963608 0.000000 0.000000
rubbergloveCHROME.bmp
  26 27.832767 -1.145079 -1.146650 -0.174200 -0.202767 -0.963608 0.000000 0.000000
  26 27.743930 -1.226798 -1.077152 -0.248399 -0.403224 -0.880743 0.000000 0.000000
  25 27.602175 -1.069919 -1.113147 -0.216285 -0.321069 -0.922028 0.000000 0.000000
rubbergloveCHROME.bmp
  26 27.743930 -1.226798 -1.077152 -0.248399 -0.403224 -0.880743 0.000000 0.000000
  25 27.570997 -1.136433 -1.053953 -0.290786 -0.435453 -0.851953 0.000000 0.000000
  25 27.602175 -1.069919 -1.113147 -0.216285 -0.321069 -0.922028 0.000000 0.000000
rubbergloveCHROME.bmp
  25 27.602175 -1.069919 -1.113147 -0.216285 -0.321069 -0.922028 0.000000 0.000000
  25 27.570997 -1.136433 -1.053953 -0.290786 -0.435453 -0.851953 0.000000 0.000000
  25 27.372700 -0.891554 -1.107923 -0.197902 -0.169614 -0.965436 0.000000 0.000000
rubbergloveCHROME.bmp
  25 27.570997 -1.136433 -1.053953 -0.290786 -0.435453 -0.851953 0.000000 0.000000
  25 27.304850 -0.938526 -1.068049 -0.389975 -0.350416 -0.851544 0.000000 0.000000
  25 27.372700 -0.891554 -1.107923 -0.197902 -0.169614 -0.965436 0.000000 0.000000
rubbergloveCHROME.bmp
  25 27.372700 -0.891554 -1.107923 -0.197902 -0.169614 -0.965436 0.000000 0.000000
  25 27.304850 -0.938526 -1.068049 -0.389975 -0.350416 -0.851544 0.000000 0.000000
  25 27.048861 -0.535397 -1.038782 -0.248123 -0.066668 -0.966432 0.000000 0.000000
rubbergloveCHROME.bmp
  14 -26.102687 -0.786739 -1.391190 -0.574269 0.420287 0.702548 0.000000 0.000000
  14 -26.281802 -0.961478 -1.408047 -0.604005 0.394618 0.692427 0.000000 0.000000
  14 -26.176217 -1.025692 -1.342257 -0.449862 0.216522 0.866454 0.000000 0.000000
rubbergloveCHROME.bmp
  14 -26.176217 -1.025692 -1.342257 -0.449862 0.216522 0.866454 0.000000 0.000000
  14 -26.281802 -0.961478 -1.408047 -0.604005 0.394618 0.692427 0.000000 0.000000
  14 -26.282083 -1.240924 -1.385474 -0.424585 0.132074 0.895703 0.000000 0.000000
rubbergloveCHROME.bmp
  14 -26.281802 -0.961478 -1.408047 -0.604005 0.394618 0.692427 0.000000 0.000000
  14 -26.382560 -1.143636 -1.427180 -0.638359 0.346939 0.687118 0.000000 0.000000
  14 -26.282083 -1.240924 -1.385474 -0.424585 0.132074 0.895703 0.000000 0.000000
rubbergloveCHROME.bmp
  14 -26.282083 -1.240924 -1.385474 -0.424585 0.132074 0.895703 0.000000 0.000000
  14 -26.382560 -1.143636 -1.427180 -0.638359 0.346939 0.687118 0.000000 0.000000
  15 -26.499606 -1.305440 -1.425842 -0.539149 0.255455 0.802534 0.000000 0.000000
rubbergloveCHROME.bmp
  14 -26.382560 -1.143636 -1.427180 -0.638359 0.346939 0.687118 0.000000 0.000000
  15 -26.559254 -1.211975 -1.665647 -0.833040 0.496322 0.244353 0.000000 0.000000
  15 -26.499606 -1.305440 -1.425842 -0.539149 0.255455 0.802534 0.000000 0.000000
rubbergloveCHROME.bmp
  15 -26.499606 -1.305440 -1.425842 -0.539149 0.255455 0.802534 0.000000 0.000000
  15 -26.559254 -1.211975 -1.665647 -0.833040 0.496322 0.244353 0.000000 0.000000
  15 -26.718363 -1.545543 -1.554666 -0.479306 0.789359 0.383638 0.000000 0.000000
rubbergloveCHROME.bmp
  15 -26.559254 -1.211975 -1.665647 -0.833040 0.496322 0.244353 0.000000 0.000000
  15 -26.732661 -1.518824 -1.684980 -0.430679 0.889370 0.153418 0.000000 0.000000
  15 -26.718363 -1.545543 -1.554666 -0.479306 0.789359 0.383638 0.000000 0.000000
rubbergloveCHROME.bmp
  15 -26.718363 -1.545543 -1.554666 -0.479306 0.789359 0.383638 0.000000 0.000000
  15 -26.732661 -1.518824 -1.684980 -0.430679 0.889370 0.153418 0.000000 0.000000
  15 -26.791070 -1.533979 -1.541248 -0.270311 0.867640 0.417293 0.000000 0.000000
rubbergloveCHROME.bmp
  15 -26.732661 -1.518824 -1.684980 -0.430679 0.889370 0.153418 0.000000 0.000000
  15 -26.797127 -1.513254 -1.681369 -0.390218 0.903349 0.178016 0.000000 0.000000
  15 -26.791070 -1.533979 -1.541248 -0.270311 0.867640 0.417293 0.000000 0.000000
rubbergloveCHROME.bmp
  15 -26.791070 -1.533979 -1.541248 -0.270311 0.867640 0.417293 0.000000 0.000000
  15 -26.797127 -1.513254 -1.681369 -0.390218 0.903349 0.178016 0.000000 0.000000
  15 -26.954279 -1.773492 -1.593169 -0.783901 0.459389 0.417686 0.000000 0.000000
rubbergloveCHROME.bmp
  15 -26.797127 -1.513254 -1.681369 -0.390218 0.903349 0.178016 0.000000 0.000000
  15 -26.968577 -1.746773 -1.723483 -0.819838 0.540259 0.189700 0.000000 0.000000
  15 -26.954279 -1.773492 -1.593169 -0.783901 0.459389 0.417686 0.000000 0.000000
rubbergloveCHROME.bmp
  15 -26.954279 -1.773492 -1.593169 -0.783901 0.459389 0.417686 0.000000 0.000000
  15 -26.968577 -1.746773 -1.723483 -0.819838 0.540259 0.189700 0.000000 0.000000
  15 -27.098132 -1.978655 -1.629427 -0.810004 0.383513 0.443634 0.000000 0.000000
rubbergloveCHROME.bmp
  15 -26.968577 -1.746773 -1.723483 -0.819838 0.540259 0.189700 0.000000 0.000000
  15 -27.126486 -1.952042 -1.761290 -0.849505 0.486430 0.204271 0.000000 0.000000
  15 -27.098132 -1.978655 -1.629427 -0.810004 0.383513 0.443634 0.000000 0.000000
rubbergloveCHROME.bmp
  15 -27.098132 -1.978655 -1.629427 -0.810004 0.383513 0.443634 0.000000 0.000000
  15 -27.126486 -1.952042 -1.761290 -0.849505 0.486430 0.204271 0.000000 0.000000
  15 -27.197907 -2.167449 -1.679444 -0.891262 0.131662 0.433955 0.000000 0.000000
rubbergloveCHROME.bmp
  15 -27.126486 -1.952042 -1.761290 -0.849505 0.486430 0.204271 0.000000 0.000000
  15 -27.209378 -2.151670 -1.770105 -0.981176 0.081194 0.175220 0.000000 0.000000
  15 -27.197907 -2.167449 -1.679444 -0.891262 0.131662 0.433955 0.000000 0.000000
rubbergloveCHROME.bmp
  15 -27.197907 -2.167449 -1.679444 -0.891262 0.131662 0.433955 0.000000 0.000000
  15 -27.209378 -2.151670 -1.770105 -0.981176 0.081194 0.175220 0.000000 0.000000
  15 -27.159489 -2.285811 -1.697184 -0.703157 -0.584837 0.404395 0.000000 0.000000
rubbergloveCHROME.bmp
  15 -27.209378 -2.151670 -1.770105 -0.981176 0.081194 0.175220 0.000000 0.000000
  15 -27.170702 -2.284104 -1.789224 -0.688349 -0.720076 0.087562 0.000000 0.000000
  15 -27.159489 -2.285811 -1.697184 -0.703157 -0.584837 0.404395 0.000000 0.000000
rubbergloveCHROME.bmp
  27 28.806072 -1.773280 -0.226470 0.387301 0.191399 0.901867 0.000000 0.000000
  26 28.582695 -1.529179 -0.110178 0.350758 0.044874 0.935390 0.000000 0.000000
  27 28.785620 -1.865806 -0.197824 0.238333 0.001079 0.971183 0.000000 0.000000
rubbergloveCHROME.bmp
  27 28.785620 -1.865806 -0.197824 0.238333 0.001079 0.971183 0.000000 0.000000
  26 28.582695 -1.529179 -0.110178 0.350758 0.044874 0.935390 0.000000 0.000000
  27 28.523991 -1.958253 -0.246856 -0.361734 -0.427850 0.828307 0.000000 0.000000
rubbergloveCHROME.bmp
  26 28.582695 -1.529179 -0.110178 0.350758 0.044874 0.935390 0.000000 0.000000
  26 28.297234 -1.712850 -0.220526 -0.347871 -0.456021 0.819165 0.000000 0.000000
  27 28.523991 -1.958253 -0.246856 -0.361734 -0.427850 0.828307 0.000000 0.000000
rubbergloveCHROME.bmp
  27 28.523991 -1.958253 -0.246856 -0.361734 -0.427850 0.828307 0.000000 0.000000
  26 28.297234 -1.712850 -0.220526 -0.347871 -0.456021 0.819165 0.000000 0.000000
  26 28.262100 -1.747749 -0.310791 -0.477700 -0.634625 0.607498 0.000000 0.000000
rubbergloveCHROME.bmp
  26 28.297234 -1.712850 -0.220526 -0.347871 -0.456021 0.819165 0.000000 0.000000
  26 28.217129 -1.637491 -0.218482 -0.319442 -0.487994 0.812292 0.000000 0.000000
  26 28.262100 -1.747749 -0.310791 -0.477700 -0.634625 0.607498 0.000000 0.000000
rubbergloveCHROME.bmp
  26 28.262100 -1.747749 -0.310791 -0.477700 -0.634625 0.607498 0.000000 0.000000
  26 28.217129 -1.637491 -0.218482 -0.319442 -0.487994 0.812292 0.000000 0.000000
  26 28.154154 -1.687388 -0.308729 -0.392120 -0.657744 0.643129 0.000000 0.000000
rubbergloveCHROME.bmp
  26 28.217129 -1.637491 -0.218482 -0.319442 -0.487994 0.812292 0.000000 0.000000
  26 28.022129 -1.508885 -0.224432 -0.419518 -0.464877 0.779675 0.000000 0.000000
  26 28.154154 -1.687388 -0.308729 -0.392120 -0.657744 0.643129 0.000000 0.000000
rubbergloveCHROME.bmp
  26 28.154154 -1.687388 -0.308729 -0.392120 -0.657744 0.643129 0.000000 0.000000
  26 28.022129 -1.508885 -0.224432 -0.419518 -0.464877 0.779675 0.000000 0.000000
  26 27.965481 -1.537197 -0.324379 -0.495594 -0.539398 0.680762 0.000000 0.000000
rubbergloveCHROME.bmp
  26 28.022129 -1.508885 -0.224432 -0.419518 -0.464877 0.779675 0.000000 0.000000
  26 27.868148 -1.336414 -0.240042 -0.419518 -0.464877 0.779675 0.000000 0.000000
  26 27.965481 -1.537197 -0.324379 -0.495594 -0.539398 0.680762 0.000000 0.000000
rubbergloveCHROME.bmp
  26 27.965481 -1.537197 -0.324379 -0.495594 -0.539398 0.680762 0.000000 0.000000
  26 27.868148 -1.336414 -0.240042 -0.419518 -0.464877 0.779675 0.000000 0.000000
  26 27.784422 -1.407822 -0.350454 -0.445402 -0.513708 0.733295 0.000000 0.000000
rubbergloveCHROME.bmp
  26 27.868148 -1.336414 -0.240042 -0.419518 -0.464877 0.779675 0.000000 0.000000
  25 27.789073 -1.231064 -0.207497 -0.258585 -0.434020 0.862995 0.000000 0.000000
  26 27.784422 -1.407822 -0.350454 -0.445402 -0.513708 0.733295 0.000000 0.000000
rubbergloveCHROME.bmp
  26 27.784422 -1.407822 -0.350454 -0.445402 -0.513708 0.733295 0.000000 0.000000
  25 27.789073 -1.231064 -0.207497 -0.258585 -0.434020 0.862995 0.000000 0.000000
  26 27.640065 -1.313206 -0.347463 -0.343429 -0.590459 0.730352 0.000000 0.000000
rubbergloveCHROME.bmp
  25 27.789073 -1.231064 -0.207497 -0.258585 -0.434020 0.862995 0.000000 0.000000
  25 27.600577 -1.022432 -0.182157 -0.261521 -0.374885 0.889420 0.000000 0.000000
  26 27.640065 -1.313206 -0.347463 -0.343429 -0.590459 0.730352 0.000000 0.000000
rubbergloveCHROME.bmp
  26 27.640065 -1.313206 -0.347463 -0.343429 -0.590459 0.730352 0.000000 0.000000
  25 27.600577 -1.022432 -0.182157 -0.261521 -0.374885 0.889420 0.000000 0.000000
  25 27.440112 -1.213248 -0.313839 -0.372033 -0.572152 0.730913 0.000000 0.000000
rubbergloveCHROME.bmp
  25 27.600577 -1.022432 -0.182157 -0.261521 -0.374885 0.889420 0.000000 0.000000
  25 27.393559 -0.864229 -0.167488 -0.284625 -0.257813 0.923321 0.000000 0.000000
  25 27.440112 -1.213248 -0.313839 -0.372033 -0.572152 0.730913 0.000000 0.000000
rubbergloveCHROME.bmp
  25 27.440112 -1.213248 -0.313839 -0.372033 -0.572152 0.730913 0.000000 0.000000
  25 27.393559 -0.864229 -0.167488 -0.284625 -0.257813 0.923321 0.000000 0.000000
  25 27.235826 -0.977001 -0.297883 -0.407083 -0.414102 0.814127 0.000000 0.000000
rubbergloveCHROME.bmp
  25 27.393559 -0.864229 -0.167488 -0.284625 -0.257813 0.923321 0.000000 0.000000
  25 27.169356 -0.529440 -0.179686 -0.284625 -0.257813 0.923321 0.000000 0.000000
  25 27.235826 -0.977001 -0.297883 -0.407083 -0.414102 0.814127 0.000000 0.000000
rubbergloveCHROME.bmp
  24 28.828114 -2.148583 0.399994 -0.121535 -0.443934 -0.887779 0.000000 0.000000
  24 28.527637 -2.206102 0.363870 -0.189938 -0.492879 -0.849114 0.000000 0.000000
  24 28.666288 -2.020032 0.356554 -0.121535 -0.443934 -0.887779 0.000000 0.000000
rubbergloveCHROME.bmp
  24 28.666288 -2.020032 0.356554 -0.121535 -0.443934 -0.887779 0.000000 0.000000
  24 28.527637 -2.206102 0.363870 -0.189938 -0.492879 -0.849114 0.000000 0.000000
  24 28.530287 -1.942775 0.290712 -0.159199 -0.398094 -0.903425 0.000000 0.000000
rubbergloveCHROME.bmp
  24 28.527637 -2.206102 0.363870 -0.189938 -0.492879 -0.849114 0.000000 0.000000
  24 28.378182 -2.036621 0.379352 -0.369839 -0.496765 -0.785139 0.000000 0.000000
  24 28.530287 -1.942775 0.290712 -0.159199 -0.398094 -0.903425 0.000000 0.000000
rubbergloveCHROME.bmp
  24 28.530287 -1.942775 0.290712 -0.159199 -0.398094 -0.903425 0.000000 0.000000
  24 28.378182 -2.036621 0.379352 -0.369839 -0.496765 -0.785139 0.000000 0.000000
  24 28.357567 -1.735234 0.259183 -0.159199 -0.398094 -0.903425 0.000000 0.000000
rubbergloveCHROME.bmp
  24 28.378182 -2.036621 0.379352 -0.369839 -0.496765 -0.785139 0.000000 0.000000
  24 28.177872 -1.858014 0.346560 -0.378634 -0.562466 -0.735030 0.000000 0.000000
  24 28.357567 -1.735234 0.259183 -0.159199 -0.398094 -0.903425 0.000000 0.000000
rubbergloveCHROME.bmp
  24 28.357567 -1.735234 0.259183 -0.159199 -0.398094 -0.903425 0.000000 0.000000
  24 28.177872 -1.858014 0.346560 -0.378634 -0.562466 -0.735030 0.000000 0.000000
  23 28.196290 -1.607925 0.226057 -0.143861 -0.437040 -0.887863 0.000000 0.000000
rubbergloveCHROME.bmp
  24 28.177872 -1.858014 0.346560 -0.378634 -0.562466 -0.735030 0.000000 0.000000
  23 28.049613 -1.775584 0.321850 -0.262078 -0.649245 -0.714000 0.000000 0.000000
  23 28.196290 -1.607925 0.226057 -0.143861 -0.437040 -0.887863 0.000000 0.000000
rubbergloveCHROME.bmp
  23 28.196290 -1.607925 0.226057 -0.143861 -0.437040 -0.887863 0.000000 0.000000
  23 28.049613 -1.775584 0.321850 -0.262078 -0.649245 -0.714000 0.000000 0.000000
  23 27.938995 -1.425939 0.154782 -0.128489 -0.385711 -0.913629 0.000000 0.000000
rubbergloveCHROME.bmp
  23 28.049613 -1.775584 0.321850 -0.262078 -0.649245 -0.714000 0.000000 0.000000
  23 27.799033 -1.586193 0.250851 -0.295465 -0.652829 -0.697506 0.000000 0.000000
  23 27.938995 -1.425939 0.154782 -0.128489 -0.385711 -0.913629 0.000000 0.000000
rubbergloveCHROME.bmp
  23 27.938995 -1.425939 0.154782 -0.128489 -0.385711 -0.913629 0.000000 0.000000
  23 27.799033 -1.586193 0.250851 -0.295465 -0.652829 -0.697506 0.000000 0.000000
  23 27.569318 -1.457299 0.208222 -0.247279 -0.490030 -0.835897 0.000000 0.000000
rubbergloveCHROME.bmp
  23 27.799033 -1.586193 0.250851 -0.295465 -0.652829 -0.697506 0.000000 0.000000
  23 27.305699 -1.357639 0.325580 -0.591980 -0.557119 -0.582390 0.000000 0.000000
  23 27.569318 -1.457299 0.208222 -0.247279 -0.490030 -0.835897 0.000000 0.000000
rubbergloveCHROME.bmp
  23 27.569318 -1.457299 0.208222 -0.247279 -0.490030 -0.835897 0.000000 0.000000
  23 27.305699 -1.357639 0.325580 -0.591980 -0.557119 -0.582390 0.000000 0.000000
  23 27.425132 -1.285857 0.203994 -0.285697 -0.394030 -0.873566 0.000000 0.000000
rubbergloveCHROME.bmp
  23 27.305699 -1.357639 0.325580 -0.591980 -0.557119 -0.582390 0.000000 0.000000
  23 27.296445 -1.183173 0.217988 -0.471566 -0.508719 -0.720299 0.000000 0.000000
  23 27.425132 -1.285857 0.203994 -0.285697 -0.394030 -0.873566 0.000000 0.000000
rubbergloveCHROME.bmp
  23 27.425132 -1.285857 0.203994 -0.285697 -0.394030 -0.873566 0.000000 0.000000
  23 27.296445 -1.183173 0.217988 -0.471566 -0.508719 -0.720299 0.000000 0.000000
  23 27.464237 -1.060417 0.088462 -0.285697 -0.394030 -0.873566 0.000000 0.000000
rubbergloveCHROME.bmp
  23 27.296445 -1.183173 0.217988 -0.471566 -0.508719 -0.720299 0.000000 0.000000
  22 27.211935 -1.040363 0.163630 -0.259785 -0.531248 -0.806404 0.000000 0.000000
  23 27.464237 -1.060417 0.088462 -0.285697 -0.394030 -0.873566 0.000000 0.000000
rubbergloveCHROME.bmp
  23 27.464237 -1.060417 0.088462 -0.285697 -0.394030 -0.873566 0.000000 0.000000
  22 27.211935 -1.040363 0.163630 -0.259785 -0.531248 -0.806404 0.000000 0.000000
  22 27.340693 -0.897759 0.077691 -0.240968 -0.417153 -0.876309 0.000000 0.000000
rubbergloveCHROME.bmp
  22 27.211935 -1.040363 0.163630 -0.259785 -0.531248 -0.806404 0.000000 0.000000
  22 27.126337 -0.697595 0.010714 -0.159963 -0.386372 -0.908366 0.000000 0.000000
  22 27.340693 -0.897759 0.077691 -0.240968 -0.417153 -0.876309 0.000000 0.000000
rubbergloveCHROME.bmp
  10 -25.003088 -0.601810 -1.029443 0.377927 -0.265522 -0.886944 0.000000 0.000000
  10 -25.154433 -1.006658 -0.887694 0.595338 -0.620669 -0.510237 0.000000 0.000000
  10 -25.276619 -0.940055 -1.067790 0.389974 -0.350416 -0.851545 0.000000 0.000000
rubbergloveCHROME.bmp
  10 -25.276619 -0.940055 -1.067790 0.389974 -0.350416 -0.851545 0.000000 0.000000
  10 -25.154433 -1.006658 -0.887694 0.595338 -0.620669 -0.510237 0.000000 0.000000
  10 -25.448735 -1.215589 -0.964073 0.484195 -0.627841 -0.609403 0.000000 0.000000
rubbergloveCHROME.bmp
  10 -25.154433 -1.006658 -0.887694 0.595338 -0.620669 -0.510237 0.000000 0.000000
  10 -25.393712 -1.329569 -0.695408 0.611711 -0.770445 -0.179509 0.000000 0.000000
  10 -25.448735 -1.215589 -0.964073 0.484195 -0.627841 -0.609403 0.000000 0.000000
rubbergloveCHROME.bmp
  10 -25.448735 -1.215589 -0.964073 0.484195 -0.627841 -0.609403 0.000000 0.000000
  10 -25.393712 -1.329569 -0.695408 0.611711 -0.770445 -0.179509 0.000000 0.000000
  11 -25.583532 -1.435350 -0.749036 0.521197 -0.794927 -0.310555 0.000000 0.000000
rubbergloveCHROME.bmp
  10 -25.393712 -1.329569 -0.695408 0.611711 -0.770445 -0.179509 0.000000 0.000000
  11 -25.557918 -1.454218 -0.519062 0.531389 -0.806912 0.257913 0.000000 0.000000
  11 -25.583532 -1.435350 -0.749036 0.521197 -0.794927 -0.310555 0.000000 0.000000
rubbergloveCHROME.bmp
  11 -25.583532 -1.435350 -0.749036 0.521197 -0.794927 -0.310555 0.000000 0.000000
  11 -25.557918 -1.454218 -0.519062 0.531389 -0.806912 0.257913 0.000000 0.000000
  11 -25.749639 -1.550350 -0.762582 0.567540 -0.767561 -0.297906 0.000000 0.000000
rubbergloveCHROME.bmp
  11 -25.557918 -1.454218 -0.519062 0.531389 -0.806912 0.257913 0.000000 0.000000
  11 -25.702330 -1.535542 -0.471820 0.578165 -0.705662 0.409593 0.000000 0.000000
  11 -25.749639 -1.550350 -0.762582 0.567540 -0.767561 -0.297906 0.000000 0.000000
rubbergloveCHROME.bmp
  11 -25.749639 -1.550350 -0.762582 0.567540 -0.767561 -0.297906 0.000000 0.000000
  11 -25.702330 -1.535542 -0.471820 0.578165 -0.705662 0.409593 0.000000 0.000000
  11 -25.889152 -1.709287 -0.736602 0.609231 -0.768165 -0.196876 0.000000 0.000000
rubbergloveCHROME.bmp
  11 -25.702330 -1.535542 -0.471820 0.578165 -0.705662 0.409593 0.000000 0.000000
  11 -25.890477 -1.671430 -0.465927 0.536577 -0.711072 0.454380 0.000000 0.000000
  11 -25.889152 -1.709287 -0.736602 0.609231 -0.768165 -0.196876 0.000000 0.000000
rubbergloveCHROME.bmp
  11 -25.889152 -1.709287 -0.736602 0.609231 -0.768165 -0.196876 0.000000 0.000000
  11 -25.890477 -1.671430 -0.465927 0.536577 -0.711072 0.454380 0.000000 0.000000
  11 -26.103851 -1.787778 -0.730000 0.471110 -0.842969 -0.259729 0.000000 0.000000
rubbergloveCHROME.bmp
  11 -25.890477 -1.671430 -0.465927 0.536577 -0.711072 0.454380 0.000000 0.000000
  11 -26.092524 -1.793090 -0.439925 0.461985 -0.776711 0.428124 0.000000 0.000000
  11 -26.103851 -1.787778 -0.730000 0.471110 -0.842969 -0.259729 0.000000 0.000000
rubbergloveCHROME.bmp
  11 -26.103851 -1.787778 -0.730000 0.471110 -0.842969 -0.259729 0.000000 0.000000
  11 -26.092524 -1.793090 -0.439925 0.461985 -0.776711 0.428124 0.000000 0.000000
  11 -26.184053 -1.863305 -0.722046 0.726113 -0.673729 -0.137295 0.000000 0.000000
rubbergloveCHROME.bmp
  11 -26.092524 -1.793090 -0.439925 0.461985 -0.776711 0.428124 0.000000 0.000000
  11 -26.200040 -1.839318 -0.441744 0.490880 -0.673333 0.552864 0.000000 0.000000
  11 -26.184053 -1.863305 -0.722046 0.726113 -0.673729 -0.137295 0.000000 0.000000
rubbergloveCHROME.bmp
  11 -26.184053 -1.863305 -0.722046 0.726113 -0.673729 -0.137295 0.000000 0.000000
  11 -26.200040 -1.839318 -0.441744 0.490880 -0.673333 0.552864 0.000000 0.000000
  12 -26.509161 -2.251336 -0.481677 0.647550 -0.585857 0.487289 0.000000 0.000000
rubbergloveCHROME.bmp
  11 -26.200040 -1.839318 -0.441744 0.490880 -0.673333 0.552864 0.000000 0.000000
  12 -26.509505 -2.055733 -0.338362 0.500802 -0.486169 0.716126 0.000000 0.000000
  12 -26.509161 -2.251336 -0.481677 0.647550 -0.585857 0.487289 0.000000 0.000000
rubbergloveCHROME.bmp
  12 -26.509161 -2.251336 -0.481677 0.647550 -0.585857 0.487289 0.000000 0.000000
  12 -26.509505 -2.055733 -0.338362 0.500802 -0.486169 0.716126 0.000000 0.000000
  12 -26.722490 -2.280349 -0.374211 0.372448 -0.600097 0.707931 0.000000 0.000000
rubbergloveCHROME.bmp
  12 -27.515121 -2.216046 -1.010922 -0.796338 -0.227333 -0.560504 0.000000 0.000000
  12 -27.507581 -2.124174 -1.009302 -0.779147 0.493279 -0.386788 0.000000 0.000000
  12 -27.442964 -2.157840 -1.129266 -0.580505 0.088359 -0.809448 0.000000 0.000000
rubbergloveCHROME.bmp
  12 -27.442964 -2.157840 -1.129266 -0.580505 0.088359 -0.809448 0.000000 0.000000
  12 -27.507581 -2.124174 -1.009302 -0.779147 0.493279 -0.386788 0.000000 0.000000
  12 -27.301557 -1.934365 -1.004113 -0.656803 0.645448 -0.389882 0.000000 0.000000
rubbergloveCHROME.bmp
  12 -27.507581 -2.124174 -1.009302 -0.779147 0.493279 -0.386788 0.000000 0.000000
  12 -27.323944 -1.901260 -0.863746 -0.688726 0.714026 -0.125788 0.000000 0.000000
  12 -27.301557 -1.934365 -1.004113 -0.656803 0.645448 -0.389882 0.000000 0.000000
rubbergloveCHROME.bmp
  12 -27.301557 -1.934365 -1.004113 -0.656803 0.645448 -0.389882 0.000000 0.000000
  12 -27.323944 -1.901260 -0.863746 -0.688726 0.714026 -0.125788 0.000000 0.000000
  12 -27.180767 -1.800838 -0.990694 -0.770904 0.559425 -0.304548 0.000000 0.000000
rubbergloveCHROME.bmp
  12 -27.323944 -1.901260 -0.863746 -0.688726 0.714026 -0.125788 0.000000 0.000000
  12 -27.217705 -1.810414 -0.831183 -0.795146 0.602486 -0.068943 0.000000 0.000000
  12 -27.180767 -1.800838 -0.990694 -0.770904 0.559425 -0.304548 0.000000 0.000000
rubbergloveCHROME.bmp
  12 -27.180767 -1.800838 -0.990694 -0.770904 0.559425 -0.304548 0.000000 0.000000
  12 -27.217705 -1.810414 -0.831183 -0.795146 0.602486 -0.068943 0.000000 0.000000
  12 -27.110622 -1.591972 -0.816467 -0.566710 0.822375 -0.050391 0.000000 0.000000
rubbergloveCHROME.bmp
  12 -27.217705 -1.810414 -0.831183 -0.795146 0.602486 -0.068943 0.000000 0.000000
  12 -27.190874 -1.813087 -0.680940 -0.812869 0.569091 0.124016 0.000000 0.000000
  12 -27.110622 -1.591972 -0.816467 -0.566710 0.822375 -0.050391 0.000000 0.000000
rubbergloveCHROME.bmp
  12 -27.110622 -1.591972 -0.816467 -0.566710 0.822375 -0.050391 0.000000 0.000000
  12 -27.190874 -1.813087 -0.680940 -0.812869 0.569091 0.124016 0.000000 0.000000
  12 -27.126337 -1.580619 -0.646396 -0.549117 0.830061 0.097307 0.000000 0.000000
rubbergloveCHROME.bmp
  12 -27.190874 -1.813087 -0.680940 -0.812869 0.569091 0.124016 0.000000 0.000000
  12 -27.207290 -1.844995 -0.461594 -0.773651 0.530770 0.346045 0.000000 0.000000
  12 -27.126337 -1.580619 -0.646396 -0.549117 0.830061 0.097307 0.000000 0.000000
rubbergloveCHROME.bmp
  12 -27.126337 -1.580619 -0.646396 -0.549117 0.830061 0.097307 0.000000 0.000000
  12 -27.207290 -1.844995 -0.461594 -0.773651 0.530770 0.346045 0.000000 0.000000
  12 -27.050677 -1.619744 -0.446285 -0.502482 0.807508 0.308937 0.000000 0.000000
rubbergloveCHROME.bmp
  12 -27.207290 -1.844995 -0.461594 -0.773651 0.530770 0.346045 0.000000 0.000000
  12 -27.137865 -1.889638 -0.351653 -0.675072 0.408842 0.614106 0.000000 0.000000
  12 -27.050677 -1.619744 -0.446285 -0.502482 0.807508 0.308937 0.000000 0.000000
rubbergloveCHROME.bmp
  12 -27.050677 -1.619744 -0.446285 -0.502482 0.807508 0.308937 0.000000 0.000000
  12 -27.137865 -1.889638 -0.351653 -0.675072 0.408842 0.614106 0.000000 0.000000
  12 -26.974412 -1.615776 -0.285449 -0.075852 0.907761 0.412572 0.000000 0.000000
rubbergloveCHROME.bmp
  12 -27.137865 -1.889638 -0.351653 -0.675072 0.408842 0.614106 0.000000 0.000000
  12 -26.904745 -1.688027 -0.215978 0.012725 0.439668 0.898070 0.000000 0.000000
  12 -26.974412 -1.615776 -0.285449 -0.075852 0.907761 0.412572 0.000000 0.000000
rubbergloveCHROME.bmp
  12 -26.974412 -1.615776 -0.285449 -0.075852 0.907761 0.412572 0.000000 0.000000
  12 -26.904745 -1.688027 -0.215978 0.012725 0.439668 0.898070 0.000000 0.000000
  12 -26.847358 -1.658867 -0.284944 -0.103751 0.613842 0.782582 0.000000 0.000000
rubbergloveCHROME.bmp
  12 -26.904745 -1.688027 -0.215978 0.012725 0.439668 0.898070 0.000000 0.000000
  12 -26.840878 -1.737010 -0.266193 -0.061486 0.474311 0.878208 0.000000 0.000000
  12 -26.847358 -1.658867 -0.284944 -0.103751 0.613842 0.782582 0.000000 0.000000
rubbergloveCHROME.bmp
  12 -26.847358 -1.658867 -0.284944 -0.103751 0.613842 0.782582 0.000000 0.000000
  12 -26.840878 -1.737010 -0.266193 -0.061486 0.474311 0.878208 0.000000 0.000000
  11 -26.664927 -1.468482 -0.199958 -0.598319 0.207260 0.773988 0.000000 0.000000
rubbergloveCHROME.bmp
  29 28.286781 -0.883974 -1.613144 0.731620 0.648416 0.210449 0.000000 0.000000
  29 28.457833 -1.064884 -1.639845 0.776526 0.584160 0.236145 0.000000 0.000000
  29 28.262479 -0.875308 -1.771367 0.741509 0.668691 0.054924 0.000000 0.000000
rubbergloveCHROME.bmp
  29 28.262479 -0.875308 -1.771367 0.741509 0.668691 0.054924 0.000000 0.000000
  29 28.457833 -1.064884 -1.639845 0.776526 0.584160 0.236145 0.000000 0.000000
  29 28.453390 -1.033749 -1.808103 0.794452 0.606961 -0.021056 0.000000 0.000000
rubbergloveCHROME.bmp
  29 28.457833 -1.064884 -1.639845 0.776526 0.584160 0.236145 0.000000 0.000000
  30 28.559237 -1.212029 -1.665655 0.833039 0.496327 0.244349 0.000000 0.000000
  29 28.453390 -1.033749 -1.808103 0.794452 0.606961 -0.021056 0.000000 0.000000
rubbergloveCHROME.bmp
  29 28.453390 -1.033749 -1.808103 0.794452 0.606961 -0.021056 0.000000 0.000000
  30 28.559237 -1.212029 -1.665655 0.833039 0.496327 0.244349 0.000000 0.000000
  30 28.554890 -1.195320 -1.835367 0.859824 0.510408 -0.013633 0.000000 0.000000
rubbergloveCHROME.bmp
  30 28.559237 -1.212029 -1.665655 0.833039 0.496327 0.244349 0.000000 0.000000
  30 28.732644 -1.518879 -1.684988 0.430681 0.889369 0.153415 0.000000 0.000000
  30 28.554890 -1.195320 -1.835367 0.859824 0.510408 -0.013633 0.000000 0.000000
rubbergloveCHROME.bmp
  30 28.554890 -1.195320 -1.835367 0.859824 0.510408 -0.013633 0.000000 0.000000
  30 28.732644 -1.518879 -1.684988 0.430681 0.889369 0.153415 0.000000 0.000000
  30 28.746005 -1.506397 -1.887388 0.412518 0.910950 0.000223 0.000000 0.000000
rubbergloveCHROME.bmp
  30 28.732644 -1.518879 -1.684988 0.430681 0.889369 0.153415 0.000000 0.000000
  30 28.797110 -1.513309 -1.681377 0.390218 0.903349 0.178017 0.000000 0.000000
  30 28.746005 -1.506397 -1.887388 0.412518 0.910950 0.000223 0.000000 0.000000
rubbergloveCHROME.bmp
  30 28.746005 -1.506397 -1.887388 0.412518 0.910950 0.000223 0.000000 0.000000
  30 28.797110 -1.513309 -1.681377 0.390218 0.903349 0.178017 0.000000 0.000000
  30 28.831685 -1.493951 -1.885411 0.408880 0.911692 0.040437 0.000000 0.000000
rubbergloveCHROME.bmp
  30 28.797110 -1.513309 -1.681377 0.390218 0.903349 0.178017 0.000000 0.000000
  30 28.975459 -1.753918 -1.724956 0.819838 0.540259 0.189699 0.000000 0.000000
  30 28.831685 -1.493951 -1.885411 0.408880 0.911692 0.040437 0.000000 0.000000
rubbergloveCHROME.bmp
  30 28.831685 -1.493951 -1.885411 0.408880 0.911692 0.040437 0.000000 0.000000
  30 28.975459 -1.753918 -1.724956 0.819838 0.540259 0.189699 0.000000 0.000000
  30 28.973939 -1.726269 -1.934319 0.812764 0.581770 -0.030953 0.000000 0.000000
rubbergloveCHROME.bmp
  30 28.975459 -1.753918 -1.724956 0.819838 0.540259 0.189699 0.000000 0.000000
  30 29.088774 -1.970963 -1.779279 0.849508 0.486426 0.204270 0.000000 0.000000
  30 28.973939 -1.726269 -1.934319 0.812764 0.581770 -0.030953 0.000000 0.000000
rubbergloveCHROME.bmp
  30 28.973939 -1.726269 -1.934319 0.812764 0.581770 -0.030953 0.000000 0.000000
  30 29.088774 -1.970963 -1.779279 0.849508 0.486426 0.204270 0.000000 0.000000
  30 29.139005 -1.924555 -1.972212 0.851985 0.520862 -0.053155 0.000000 0.000000
rubbergloveCHROME.bmp
  30 29.088774 -1.970963 -1.779279 0.849508 0.486426 0.204270 0.000000 0.000000
  30 29.223416 -2.151832 -1.771663 0.981175 0.081195 0.175221 0.000000 0.000000
  30 29.139005 -1.924555 -1.972212 0.851985 0.520862 -0.053155 0.000000 0.000000
rubbergloveCHROME.bmp
  30 29.139005 -1.924555 -1.972212 0.851985 0.520862 -0.053155 0.000000 0.000000
  30 29.223416 -2.151832 -1.771663 0.981175 0.081195 0.175221 0.000000 0.000000
  30 29.234612 -2.137373 -1.993846 0.996471 0.044577 -0.071117 0.000000 0.000000
rubbergloveCHROME.bmp
  30 29.223416 -2.151832 -1.771663 0.981175 0.081195 0.175221 0.000000 0.000000
  30 29.199183 -2.272773 -1.983290 0.748418 -0.661184 -0.052026 0.000000 0.000000
  30 29.234612 -2.137373 -1.993846 0.996471 0.044577 -0.071117 0.000000 0.000000
rubbergloveCHROME.bmp
  30 29.234612 -2.137373 -1.993846 0.996471 0.044577 -0.071117 0.000000 0.000000
  30 29.199183 -2.272773 -1.983290 0.748418 -0.661184 -0.052026 0.000000 0.000000
  30 29.154573 -2.271797 -2.129949 0.778642 -0.583436 -0.230909 0.000000 0.000000
rubbergloveCHROME.bmp
  30 28.319601 -2.018726 -2.235668 -0.505478 -0.348200 -0.789461 0.000000 0.000000
  30 28.059649 -1.965202 -2.080555 -0.673423 -0.516017 -0.529365 0.000000 0.000000
  30 28.118748 -1.855356 -2.197350 -0.505478 -0.348200 -0.789461 0.000000 0.000000
rubbergloveCHROME.bmp
  30 28.118748 -1.855356 -2.197350 -0.505478 -0.348200 -0.789461 0.000000 0.000000
  30 28.059649 -1.965202 -2.080555 -0.673423 -0.516017 -0.529365 0.000000 0.000000
  30 27.863996 -1.721519 -2.065104 -0.580741 -0.549924 -0.600270 0.000000 0.000000
rubbergloveCHROME.bmp
  30 28.059649 -1.965202 -2.080555 -0.673423 -0.516017 -0.529365 0.000000 0.000000
  30 27.812587 -1.808990 -1.815492 -0.647624 -0.761923 -0.007451 0.000000 0.000000
  30 27.863996 -1.721519 -2.065104 -0.580741 -0.549924 -0.600270 0.000000 0.000000
rubbergloveCHROME.bmp
  30 27.863996 -1.721519 -2.065104 -0.580741 -0.549924 -0.600270 0.000000 0.000000
  30 27.812587 -1.808990 -1.815492 -0.647624 -0.761923 -0.007451 0.000000 0.000000
  30 27.759474 -1.671471 -2.048660 -0.554829 -0.599603 -0.576750 0.000000 0.000000
rubbergloveCHROME.bmp
  30 27.812587 -1.808990 -1.815492 -0.647624 -0.761923 -0.007451 0.000000 0.000000
  30 27.701166 -1.751852 -1.797585 -0.602725 -0.797334 0.031320 0.000000 0.000000
  30 27.759474 -1.671471 -2.048660 -0.554829 -0.599603 -0.576750 0.000000 0.000000
rubbergloveCHROME.bmp
  30 27.759474 -1.671471 -2.048660 -0.554829 -0.599603 -0.576750 0.000000 0.000000
  30 27.701166 -1.751852 -1.797585 -0.602725 -0.797334 0.031320 0.000000 0.000000
  29 27.592301 -1.536463 -2.026975 -0.547447 -0.513058 -0.661115 0.000000 0.000000
rubbergloveCHROME.bmp
  30 27.701166 -1.751852 -1.797585 -0.602725 -0.797334 0.031320 0.000000 0.000000
  29 27.536291 -1.591819 -1.763539 -0.624913 -0.774867 0.095214 0.000000 0.000000
  29 27.592301 -1.536463 -2.026975 -0.547447 -0.513058 -0.661115 0.000000 0.000000
rubbergloveCHROME.bmp
  29 27.592301 -1.536463 -2.026975 -0.547447 -0.513058 -0.661115 0.000000 0.000000
  29 27.536291 -1.591819 -1.763539 -0.624913 -0.774867 0.095214 0.000000 0.000000
  29 27.408566 -1.399003 -1.993122 -0.558374 -0.568912 -0.603786 0.000000 0.000000
rubbergloveCHROME.bmp
  29 27.536291 -1.591819 -1.763539 -0.624913 -0.774867 0.095214 0.000000 0.000000
  29 27.394634 -1.439540 -1.732809 -0.726063 -0.684766 0.062679 0.000000 0.000000
  29 27.408566 -1.399003 -1.993122 -0.558374 -0.568912 -0.603786 0.000000 0.000000
rubbergloveCHROME.bmp
  29 27.408566 -1.399003 -1.993122 -0.558374 -0.568912 -0.603786 0.000000 0.000000
  29 27.394634 -1.439540 -1.732809 -0.726063 -0.684766 0.062679 0.000000 0.000000
  29 27.260914 -1.240802 -1.951034 -0.679674 -0.559138 -0.474771 0.000000 0.000000
rubbergloveCHROME.bmp
  29 27.394634 -1.439540 -1.732809 -0.726063 -0.684766 0.062679 0.000000 0.000000
  29 27.267133 -1.301081 -1.705010 -0.726063 -0.684766 0.062679 0.000000 0.000000
  29 27.260914 -1.240802 -1.951034 -0.679674 -0.559138 -0.474771 0.000000 0.000000
rubbergloveCHROME.bmp
  29 27.260914 -1.240802 -1.951034 -0.679674 -0.559138 -0.474771 0.000000 0.000000
  29 27.267133 -1.301081 -1.705010 -0.726063 -0.684766 0.062679 0.000000 0.000000
  29 27.140588 -1.123325 -1.926119 -0.617859 -0.665881 -0.418155 0.000000 0.000000
rubbergloveCHROME.bmp
  29 27.267133 -1.301081 -1.705010 -0.726063 -0.684766 0.062679 0.000000 0.000000
  29 27.139730 -1.176693 -1.678629 -0.608549 -0.793255 0.020349 0.000000 0.000000
  29 27.140588 -1.123325 -1.926119 -0.617859 -0.665881 -0.418155 0.000000 0.000000
rubbergloveCHROME.bmp
  29 27.140588 -1.123325 -1.926119 -0.617859 -0.665881 -0.418155 0.000000 0.000000
  29 27.139730 -1.176693 -1.678629 -0.608549 -0.793255 0.020349 0.000000 0.000000
  28 26.941868 -1.059500 -1.645256 -0.559318 -0.827393 0.050833 0.000000 0.000000
rubbergloveCHROME.bmp
  29 27.139730 -1.176693 -1.678629 -0.608549 -0.793255 0.020349 0.000000 0.000000
  29 27.216048 -1.207583 -1.437338 -0.453281 -0.735248 0.503931 0.000000 0.000000
  28 26.941868 -1.059500 -1.645256 -0.559318 -0.827393 0.050833 0.000000 0.000000
rubbergloveCHROME.bmp
  28 26.941868 -1.059500 -1.645256 -0.559318 -0.827393 0.050833 0.000000 0.000000
  29 27.216048 -1.207583 -1.437338 -0.453281 -0.735248 0.503931 0.000000 0.000000
  28 26.998296 -1.056877 -1.378219 -0.346233 -0.700118 0.624466 0.000000 0.000000
rubbergloveCHROME.bmp
  18 -25.935874 -1.604944 -2.983721 -0.474765 -0.873985 -0.103678 0.000000 0.000000
  18 -25.870271 -1.641486 -3.048226 -0.396250 -0.848477 -0.350817 0.000000 0.000000
  18 -25.823407 -1.632766 -2.940395 -0.127121 -0.991868 0.006192 0.000000 0.000000
rubbergloveCHROME.bmp
  18 -25.823407 -1.632766 -2.940395 -0.127121 -0.991868 0.006192 0.000000 0.000000
  18 -25.870271 -1.641486 -3.048226 -0.396250 -0.848477 -0.350817 0.000000 0.000000
  18 -25.817681 -1.644895 -3.025366 0.010423 -0.989897 -0.141408 0.000000 0.000000
rubbergloveCHROME.bmp
  18 -25.870271 -1.641486 -3.048226 -0.396250 -0.848477 -0.350817 0.000000 0.000000
  18 -25.778136 -1.597577 -3.153026 -0.173834 -0.712954 -0.679322 0.000000 0.000000
  18 -25.817681 -1.644895 -3.025366 0.010423 -0.989897 -0.141408 0.000000 0.000000
rubbergloveCHROME.bmp
  18 -25.817681 -1.644895 -3.025366 0.010423 -0.989897 -0.141408 0.000000 0.000000
  18 -25.778136 -1.597577 -3.153026 -0.173834 -0.712954 -0.679322 0.000000 0.000000
  18 -25.720901 -1.610019 -3.120325 0.237285 -0.874557 -0.422901 0.000000 0.000000
rubbergloveCHROME.bmp
  18 -25.778136 -1.597577 -3.153026 -0.173834 -0.712954 -0.679322 0.000000 0.000000
  18 -25.625508 -1.505755 -3.201746 0.176222 -0.434815 -0.883109 0.000000 0.000000
  18 -25.720901 -1.610019 -3.120325 0.237285 -0.874557 -0.422901 0.000000 0.000000
rubbergloveCHROME.bmp
  18 -25.720901 -1.610019 -3.120325 0.237285 -0.874557 -0.422901 0.000000 0.000000
  18 -25.625508 -1.505755 -3.201746 0.176222 -0.434815 -0.883109 0.000000 0.000000
  18 -25.579731 -1.528761 -3.153010 0.429726 -0.634282 -0.642668 0.000000 0.000000
rubbergloveCHROME.bmp
  18 -25.625508 -1.505755 -3.201746 0.176222 -0.434815 -0.883109 0.000000 0.000000
  18 -25.461168 -1.330011 -3.199281 0.297411 -0.271792 -0.915246 0.000000 0.000000
  18 -25.579731 -1.528761 -3.153010 0.429726 -0.634282 -0.642668 0.000000 0.000000
rubbergloveCHROME.bmp
  18 -25.579731 -1.528761 -3.153010 0.429726 -0.634282 -0.642668 0.000000 0.000000
  18 -25.461168 -1.330011 -3.199281 0.297411 -0.271792 -0.915246 0.000000 0.000000
  18 -25.376539 -1.356050 -3.131017 0.535137 -0.556447 -0.635607 0.000000 0.000000
rubbergloveCHROME.bmp
  18 -25.461168 -1.330011 -3.199281 0.297411 -0.271792 -0.915246 0.000000 0.000000
  18 -25.333399 -1.162172 -3.196975 0.307085 -0.186768 -0.933176 0.000000 0.000000
  18 -25.376539 -1.356050 -3.131017 0.535137 -0.556447 -0.635607 0.000000 0.000000
rubbergloveCHROME.bmp
  18 -25.376539 -1.356050 -3.131017 0.535137 -0.556447 -0.635607 0.000000 0.000000
  18 -25.333399 -1.162172 -3.196975 0.307085 -0.186768 -0.933176 0.000000 0.000000
  18 -25.220460 -1.230596 -3.130168 0.605886 -0.494363 -0.623303 0.000000 0.000000
rubbergloveCHROME.bmp
  18 -25.333399 -1.162172 -3.196975 0.307085 -0.186768 -0.933176 0.000000 0.000000
  18 -25.219646 -0.980080 -3.195294 0.349742 -0.084337 -0.933042 0.000000 0.000000
  18 -25.220460 -1.230596 -3.130168 0.605886 -0.494363 -0.623303 0.000000 0.000000
rubbergloveCHROME.bmp
  18 -25.220460 -1.230596 -3.130168 0.605886 -0.494363 -0.623303 0.000000 0.000000
  18 -25.219646 -0.980080 -3.195294 0.349742 -0.084337 -0.933042 0.000000 0.000000
  18 -25.069747 -1.094045 -3.075952 0.656846 -0.427645 -0.621026 0.000000 0.000000
rubbergloveCHROME.bmp
  18 -25.219646 -0.980080 -3.195294 0.349742 -0.084337 -0.933042 0.000000 0.000000
  17 -25.070946 -0.814756 -3.167306 0.311643 -0.106730 -0.944186 0.000000 0.000000
  18 -25.069747 -1.094045 -3.075952 0.656846 -0.427645 -0.621026 0.000000 0.000000
rubbergloveCHROME.bmp
  18 -25.069747 -1.094045 -3.075952 0.656846 -0.427645 -0.621026 0.000000 0.000000
  17 -25.070946 -0.814756 -3.167306 0.311643 -0.106730 -0.944186 0.000000 0.000000
  17 -24.925566 -0.921056 -3.037056 0.702370 -0.458456 -0.544513 0.000000 0.000000
rubbergloveCHROME.bmp
  17 -25.070946 -0.814756 -3.167306 0.311643 -0.106730 -0.944186 0.000000 0.000000
  17 -24.839731 -0.757992 -3.025118 0.564073 -0.395433 -0.724883 0.000000 0.000000
  17 -24.925566 -0.921056 -3.037056 0.702370 -0.458456 -0.544513 0.000000 0.000000
rubbergloveCHROME.bmp
  12 -26.509505 -2.055733 -0.338362 0.500802 -0.486169 0.716126 0.000000 0.000000
  11 -26.200040 -1.839318 -0.441744 0.490880 -0.673333 0.552864 0.000000 0.000000
  11 -26.290382 -1.746830 -0.311038 0.477702 -0.634628 0.607494 0.000000 0.000000
rubbergloveCHROME.bmp
  11 -26.290382 -1.746830 -0.311038 0.477702 -0.634628 0.607494 0.000000 0.000000
  11 -26.200040 -1.839318 -0.441744 0.490880 -0.673333 0.552864 0.000000 0.000000
  11 -26.183393 -1.714904 -0.299462 0.392120 -0.657744 0.643129 0.000000 0.000000
rubbergloveCHROME.bmp
  11 -26.200040 -1.839318 -0.441744 0.490880 -0.673333 0.552864 0.000000 0.000000
  11 -26.092524 -1.793090 -0.439925 0.461985 -0.776711 0.428124 0.000000 0.000000
  11 -26.183393 -1.714904 -0.299462 0.392120 -0.657744 0.643129 0.000000 0.000000
rubbergloveCHROME.bmp
  11 -26.183393 -1.714904 -0.299462 0.392120 -0.657744 0.643129 0.000000 0.000000
  11 -26.092524 -1.793090 -0.439925 0.461985 -0.776711 0.428124 0.000000 0.000000
  11 -25.979628 -1.536710 -0.324496 0.495592 -0.539401 0.680761 0.000000 0.000000
rubbergloveCHROME.bmp
  11 -26.092524 -1.793090 -0.439925 0.461985 -0.776711 0.428124 0.000000 0.000000
  11 -25.890477 -1.671430 -0.465927 0.536577 -0.711072 0.454380 0.000000 0.000000
  11 -25.979628 -1.536710 -0.324496 0.495592 -0.539401 0.680761 0.000000 0.000000
rubbergloveCHROME.bmp
  11 -25.979628 -1.536710 -0.324496 0.495592 -0.539401 0.680761 0.000000 0.000000
  11 -25.890477 -1.671430 -0.465927 0.536577 -0.711072 0.454380 0.000000 0.000000
  11 -25.798472 -1.407167 -0.360569 0.445402 -0.513707 0.733295 0.000000 0.000000
rubbergloveCHROME.bmp
  11 -25.890477 -1.671430 -0.465927 0.536577 -0.711072 0.454380 0.000000 0.000000
  11 -25.702330 -1.535542 -0.471820 0.578165 -0.705662 0.409593 0.000000 0.000000
  11 -25.798472 -1.407167 -0.360569 0.445402 -0.513707 0.733295 0.000000 0.000000
rubbergloveCHROME.bmp
  11 -25.798472 -1.407167 -0.360569 0.445402 -0.513707 0.733295 0.000000 0.000000
  11 -25.702330 -1.535542 -0.471820 0.578165 -0.705662 0.409593 0.000000 0.000000
  11 -25.682482 -1.311856 -0.347840 0.343429 -0.590457 0.730354 0.000000 0.000000
rubbergloveCHROME.bmp
  11 -25.702330 -1.535542 -0.471820 0.578165 -0.705662 0.409593 0.000000 0.000000
  11 -25.557918 -1.454218 -0.519062 0.531389 -0.806912 0.257913 0.000000 0.000000
  11 -25.682482 -1.311856 -0.347840 0.343429 -0.590457 0.730354 0.000000 0.000000
rubbergloveCHROME.bmp
  11 -25.682482 -1.311856 -0.347840 0.343429 -0.590457 0.730354 0.000000 0.000000
  11 -25.557918 -1.454218 -0.519062 0.531389 -0.806912 0.257913 0.000000 0.000000
  10 -25.413674 -1.268893 -0.454535 0.530866 -0.735017 0.421819 0.000000 0.000000
rubbergloveCHROME.bmp
  11 -25.557918 -1.454218 -0.519062 0.531389 -0.806912 0.257913 0.000000 0.000000
  10 -25.393712 -1.329569 -0.695408 0.611711 -0.770445 -0.179509 0.000000 0.000000
  10 -25.413674 -1.268893 -0.454535 0.530866 -0.735017 0.421819 0.000000 0.000000
rubbergloveCHROME.bmp
  10 -25.413674 -1.268893 -0.454535 0.530866 -0.735017 0.421819 0.000000 0.000000
  10 -25.393712 -1.329569 -0.695408 0.611711 -0.770445 -0.179509 0.000000 0.000000
  10 -25.104708 -1.098056 -0.678711 0.649984 -0.757651 -0.059041 0.000000 0.000000
rubbergloveCHROME.bmp
  10 -25.393712 -1.329569 -0.695408 0.611711 -0.770445 -0.179509 0.000000 0.000000
  10 -25.154433 -1.006658 -0.887694 0.595338 -0.620669 -0.510237 0.000000 0.000000
  10 -25.104708 -1.098056 -0.678711 0.649984 -0.757651 -0.059041 0.000000 0.000000
rubbergloveCHROME.bmp
  10 -25.104708 -1.098056 -0.678711 0.649984 -0.757651 -0.059041 0.000000 0.000000
  10 -25.154433 -1.006658 -0.887694 0.595338 -0.620669 -0.510237 0.000000 0.000000
  10 -24.813247 -0.824021 -0.671277 0.649984 -0.757651 -0.059041 0.000000 0.000000
rubbergloveCHROME.bmp
  10 -25.154433 -1.006658 -0.887694 0.595338 -0.620669 -0.510237 0.000000 0.000000
  10 -24.842380 -0.741202 -0.860201 0.487246 -0.595705 -0.638535 0.000000 0.000000
  10 -24.813247 -0.824021 -0.671277 0.649984 -0.757651 -0.059041 0.000000 0.000000
rubbergloveCHROME.bmp
  15 -26.139155 -1.833364 -2.207488 0.477318 -0.349227 -0.806355 0.000000 0.000000
  15 -25.850215 -1.707288 -2.062167 0.580738 -0.549924 -0.600272 0.000000 0.000000
  15 -26.072899 -1.950193 -2.090608 0.673422 -0.516017 -0.529366 0.000000 0.000000
rubbergloveCHROME.bmp
  15 -26.072899 -1.950193 -2.090608 0.673422 -0.516017 -0.529366 0.000000 0.000000
  15 -25.850215 -1.707288 -2.062167 0.580738 -0.549924 -0.600272 0.000000 0.000000
  15 -25.798806 -1.794759 -1.812555 0.647626 -0.761922 -0.007452 0.000000 0.000000
rubbergloveCHROME.bmp
  15 -25.850215 -1.707288 -2.062167 0.580738 -0.549924 -0.600272 0.000000 0.000000
  15 -25.758409 -1.670429 -2.058543 0.554832 -0.599599 -0.576752 0.000000 0.000000
  15 -25.798806 -1.794759 -1.812555 0.647626 -0.761922 -0.007452 0.000000 0.000000
rubbergloveCHROME.bmp
  15 -25.798806 -1.794759 -1.812555 0.647626 -0.761922 -0.007452 0.000000 0.000000
  15 -25.758409 -1.670429 -2.058543 0.554832 -0.599599 -0.576752 0.000000 0.000000
  15 -25.708341 -1.744817 -1.797660 0.602731 -0.797329 0.031322 0.000000 0.000000
rubbergloveCHROME.bmp
  15 -25.758409 -1.670429 -2.058543 0.554832 -0.599599 -0.576752 0.000000 0.000000
  14 -25.604114 -1.520117 -2.046844 0.547448 -0.513054 -0.661117 0.000000 0.000000
  15 -25.708341 -1.744817 -1.797660 0.602731 -0.797329 0.031322 0.000000 0.000000
rubbergloveCHROME.bmp
  15 -25.708341 -1.744817 -1.797660 0.602731 -0.797329 0.031322 0.000000 0.000000
  14 -25.604114 -1.520117 -2.046844 0.547448 -0.513054 -0.661117 0.000000 0.000000
  14 -25.522248 -1.592021 -1.762015 0.624915 -0.774865 0.095212 0.000000 0.000000
rubbergloveCHROME.bmp
  14 -25.604114 -1.520117 -2.046844 0.547448 -0.513054 -0.661117 0.000000 0.000000
  14 -25.393343 -1.384146 -2.000071 0.558373 -0.568913 -0.603786 0.000000 0.000000
  14 -25.522248 -1.592021 -1.762015 0.624915 -0.774865 0.095212 0.000000 0.000000
rubbergloveCHROME.bmp
  14 -25.522248 -1.592021 -1.762015 0.624915 -0.774865 0.095212 0.000000 0.000000
  14 -25.393343 -1.384146 -2.000071 0.558373 -0.568913 -0.603786 0.000000 0.000000
  14 -25.387669 -1.446653 -1.732750 0.726062 -0.684767 0.062680 0.000000 0.000000
rubbergloveCHROME.bmp
  14 -25.393343 -1.384146 -2.000071 0.558373 -0.568913 -0.603786 0.000000 0.000000
  14 -25.268007 -1.247666 -1.952489 0.679674 -0.559139 -0.474771 0.000000 0.000000
  14 -25.387669 -1.446653 -1.732750 0.726062 -0.684767 0.062680 0.000000 0.000000
rubbergloveCHROME.bmp
  14 -25.387669 -1.446653 -1.732750 0.726062 -0.684767 0.062680 0.000000 0.000000
  14 -25.268007 -1.247666 -1.952489 0.679674 -0.559139 -0.474771 0.000000 0.000000
  14 -25.253090 -1.301284 -1.703486 0.726062 -0.684767 0.062680 0.000000 0.000000
rubbergloveCHROME.bmp
  14 -25.268007 -1.247666 -1.952489 0.679674 -0.559139 -0.474771 0.000000 0.000000
  14 -25.133623 -1.130438 -1.926060 0.617856 -0.665884 -0.418154 0.000000 0.000000
  14 -25.253090 -1.301284 -1.703486 0.726062 -0.684767 0.062680 0.000000 0.000000
rubbergloveCHROME.bmp
  14 -25.253090 -1.301284 -1.703486 0.726062 -0.684767 0.062680 0.000000 0.000000
  14 -25.133623 -1.130438 -1.926060 0.617856 -0.665884 -0.418154 0.000000 0.000000
  14 -25.153804 -1.176397 -1.680132 0.608543 -0.793260 0.020348 0.000000 0.000000
rubbergloveCHROME.bmp
  14 -25.133623 -1.130438 -1.926060 0.617856 -0.665884 -0.418154 0.000000 0.000000
  13 -24.949762 -1.053111 -1.635364 0.559312 -0.827397 0.050832 0.000000 0.000000
  14 -25.153804 -1.176397 -1.680132 0.608543 -0.793260 0.020348 0.000000 0.000000
rubbergloveCHROME.bmp
  14 -25.153804 -1.176397 -1.680132 0.608543 -0.793260 0.020348 0.000000 0.000000
  13 -24.949762 -1.053111 -1.635364 0.559312 -0.827397 0.050832 0.000000 0.000000
  14 -25.229928 -1.179145 -1.436006 0.453276 -0.735252 0.503930 0.000000 0.000000
rubbergloveCHROME.bmp
  13 -24.949762 -1.053111 -1.635364 0.559312 -0.827397 0.050832 0.000000 0.000000
  13 -24.975016 -1.021600 -1.382245 0.346227 -0.700122 0.624465 0.000000 0.000000
  14 -25.229928 -1.179145 -1.436006 0.453276 -0.735252 0.503930 0.000000 0.000000
rubbergloveCHROME.bmp
  10 -25.276619 -0.940055 -1.067790 0.389974 -0.350416 -0.851545 0.000000 0.000000
  10 -25.599149 -1.134637 -1.064186 0.290788 -0.435453 -0.851953 0.000000 0.000000
  10 -25.366139 -0.899127 -1.097974 0.197901 -0.169612 -0.965436 0.000000 0.000000
rubbergloveCHROME.bmp
  10 -25.366139 -0.899127 -1.097974 0.197901 -0.169612 -0.965436 0.000000 0.000000
  10 -25.599149 -1.134637 -1.064186 0.290788 -0.435453 -0.851953 0.000000 0.000000
  10 -25.601300 -1.055583 -1.122888 0.216284 -0.321065 -0.922030 0.000000 0.000000
rubbergloveCHROME.bmp
  10 -25.599149 -1.134637 -1.064186 0.290788 -0.435453 -0.851953 0.000000 0.000000
  11 -25.758506 -1.240446 -1.077512 0.248402 -0.403225 -0.880742 0.000000 0.000000
  10 -25.601300 -1.055583 -1.122888 0.216284 -0.321065 -0.922030 0.000000 0.000000
rubbergloveCHROME.bmp
  10 -25.601300 -1.055583 -1.122888 0.216284 -0.321065 -0.922030 0.000000 0.000000
  11 -25.758506 -1.240446 -1.077512 0.248402 -0.403225 -0.880742 0.000000 0.000000
  11 -25.861241 -1.144497 -1.126901 0.167270 -0.209751 -0.963341 0.000000 0.000000
rubbergloveCHROME.bmp
  11 -25.758506 -1.240446 -1.077512 0.248402 -0.403225 -0.880742 0.000000 0.000000
  11 -25.923324 -1.313045 -1.090331 0.275031 -0.379699 -0.883282 0.000000 0.000000
  11 -25.861241 -1.144497 -1.126901 0.167270 -0.209751 -0.963341 0.000000 0.000000
rubbergloveCHROME.bmp
  11 -25.861241 -1.144497 -1.126901 0.167270 -0.209751 -0.963341 0.000000 0.000000
  11 -25.923324 -1.313045 -1.090331 0.275031 -0.379699 -0.883282 0.000000 0.000000
  11 -25.991173 -1.239040 -1.159756 0.167270 -0.209751 -0.963341 0.000000 0.000000
rubbergloveCHROME.bmp
  11 -25.923324 -1.313045 -1.090331 0.275031 -0.379699 -0.883282 0.000000 0.000000
  11 -26.118851 -1.455953 -1.074626 0.333382 -0.472526 -0.815828 0.000000 0.000000
  11 -25.991173 -1.239040 -1.159756 0.167270 -0.209751 -0.963341 0.000000 0.000000
rubbergloveCHROME.bmp
  11 -25.991173 -1.239040 -1.159756 0.167270 -0.209751 -0.963341 0.000000 0.000000
  11 -26.118851 -1.455953 -1.074626 0.333382 -0.472526 -0.815828 0.000000 0.000000
  11 -26.173521 -1.410815 -1.134407 0.329784 -0.410971 -0.849909 0.000000 0.000000
rubbergloveCHROME.bmp
  11 -26.118851 -1.455953 -1.074626 0.333382 -0.472526 -0.815828 0.000000 0.000000
  11 -26.278299 -1.578572 -1.068232 0.272885 -0.601362 -0.750931 0.000000 0.000000
  11 -26.173521 -1.410815 -1.134407 0.329784 -0.410971 -0.849909 0.000000 0.000000
rubbergloveCHROME.bmp
  11 -26.173521 -1.410815 -1.134407 0.329784 -0.410971 -0.849909 0.000000 0.000000
  11 -26.278299 -1.578572 -1.068232 0.272885 -0.601362 -0.750931 0.000000 0.000000
  11 -26.318834 -1.533866 -1.127883 0.164091 -0.425566 -0.889926 0.000000 0.000000
rubbergloveCHROME.bmp
  11 -26.278299 -1.578572 -1.068232 0.272885 -0.601362 -0.750931 0.000000 0.000000
  11 -26.364688 -1.618886 -1.039741 0.390597 -0.511452 -0.765409 0.000000 0.000000
  11 -26.318834 -1.533866 -1.127883 0.164091 -0.425566 -0.889926 0.000000 0.000000
rubbergloveCHROME.bmp
  11 -26.318834 -1.533866 -1.127883 0.164091 -0.425566 -0.889926 0.000000 0.000000
  11 -26.364688 -1.618886 -1.039741 0.390597 -0.511452 -0.765409 0.000000 0.000000
  11 -26.426447 -1.580262 -1.119704 0.218034 -0.234352 -0.947386 0.000000 0.000000
rubbergloveCHROME.bmp
  11 -26.364688 -1.618886 -1.039741 0.390597 -0.511452 -0.765409 0.000000 0.000000
  12 -26.677961 -1.949261 -1.148354 0.379259 -0.202928 -0.902764 0.000000 0.000000
  11 -26.426447 -1.580262 -1.119704 0.218034 -0.234352 -0.947386 0.000000 0.000000
rubbergloveCHROME.bmp
  11 -26.426447 -1.580262 -1.119704 0.218034 -0.234352 -0.947386 0.000000 0.000000
  12 -26.677961 -1.949261 -1.148354 0.379259 -0.202928 -0.902764 0.000000 0.000000
  12 -26.796993 -1.757402 -1.166281 -0.168849 0.170244 -0.970828 0.000000 0.000000
rubbergloveCHROME.bmp
  12 -26.677961 -1.949261 -1.148354 0.379259 -0.202928 -0.902764 0.000000 0.000000
  12 -26.996319 -2.038989 -1.182952 -0.168849 0.170244 -0.970828 0.000000 0.000000
  12 -26.796993 -1.757402 -1.166281 -0.168849 0.170244 -0.970828 0.000000 0.000000
rubbergloveCHROME.bmp
  12 -27.344674 -2.257678 -1.109991 -0.421004 0.024106 -0.906738 0.000000 0.000000
  12 -27.244022 -1.989036 -1.134500 -0.276311 0.186683 -0.942763 0.000000 0.000000
  12 -27.131470 -2.102752 -1.135325 -0.276311 0.186683 -0.942763 0.000000 0.000000
rubbergloveCHROME.bmp
  12 -27.131470 -2.102752 -1.135325 -0.276311 0.186683 -0.942763 0.000000 0.000000
  12 -27.244022 -1.989036 -1.134500 -0.276311 0.186683 -0.942763 0.000000 0.000000
  12 -27.052982 -1.982804 -1.142548 -0.218784 0.222254 -0.950125 0.000000 0.000000
rubbergloveCHROME.bmp
  12 -27.244022 -1.989036 -1.134500 -0.276311 0.186683 -0.942763 0.000000 0.000000
  12 -27.130339 -1.862541 -1.121269 -0.408797 0.382563 -0.828571 0.000000 0.000000
  12 -27.052982 -1.982804 -1.142548 -0.218784 0.222254 -0.950125 0.000000 0.000000
rubbergloveCHROME.bmp
  12 -27.052982 -1.982804 -1.142548 -0.218784 0.222254 -0.950125 0.000000 0.000000
  12 -27.130339 -1.862541 -1.121269 -0.408797 0.382563 -0.828571 0.000000 0.000000
  12 -26.839467 -1.673180 -1.115265 -0.351258 0.420323 -0.836628 0.000000 0.000000
rubbergloveCHROME.bmp
  12 -27.130339 -1.862541 -1.121269 -0.408797 0.382563 -0.828571 0.000000 0.000000
  12 -26.980616 -1.601903 -1.105430 -0.151270 0.817348 -0.555931 0.000000 0.000000
  12 -26.839467 -1.673180 -1.115265 -0.351258 0.420323 -0.836628 0.000000 0.000000
rubbergloveCHROME.bmp
  12 -26.839467 -1.673180 -1.115265 -0.351258 0.420323 -0.836628 0.000000 0.000000
  12 -26.980616 -1.601903 -1.105430 -0.151270 0.817348 -0.555931 0.000000 0.000000
  12 -26.867774 -1.659059 -1.105300 -0.096301 0.791453 -0.603596 0.000000 0.000000
rubbergloveCHROME.bmp
  12 -26.980616 -1.601903 -1.105430 -0.151270 0.817348 -0.555931 0.000000 0.000000
  12 -26.946001 -1.596366 -1.024987 -0.169746 0.836759 -0.520596 0.000000 0.000000
  12 -26.867774 -1.659059 -1.105300 -0.096301 0.791453 -0.603596 0.000000 0.000000
rubbergloveCHROME.bmp
  12 -26.867774 -1.659059 -1.105300 -0.096301 0.791453 -0.603596 0.000000 0.000000
  12 -26.946001 -1.596366 -1.024987 -0.169746 0.836759 -0.520596 0.000000 0.000000
  11 -26.739790 -1.395053 -1.049608 -0.533925 0.342750 -0.772947 0.000000 0.000000
rubbergloveCHROME.bmp
  12 -26.946001 -1.596366 -1.024987 -0.169746 0.836759 -0.520596 0.000000 0.000000
  11 -26.822409 -1.308333 -1.008940 -0.667946 0.343729 -0.660074 0.000000 0.000000
  11 -26.739790 -1.395053 -1.049608 -0.533925 0.342750 -0.772947 0.000000 0.000000
rubbergloveCHROME.bmp
  11 -26.739790 -1.395053 -1.049608 -0.533925 0.342750 -0.772947 0.000000 0.000000
  11 -26.822409 -1.308333 -1.008940 -0.667946 0.343729 -0.660074 0.000000 0.000000
  11 -26.700843 -1.289458 -1.087461 -0.431709 0.249082 -0.866940 0.000000 0.000000
rubbergloveCHROME.bmp
  11 -26.822409 -1.308333 -1.008940 -0.667946 0.343729 -0.660074 0.000000 0.000000
  11 -26.777759 -1.238793 -1.017340 -0.533925 0.342750 -0.772947 0.000000 0.000000
  11 -26.700843 -1.289458 -1.087461 -0.431709 0.249082 -0.866940 0.000000 0.000000
rubbergloveCHROME.bmp
  11 -26.700843 -1.289458 -1.087461 -0.431709 0.249082 -0.866940 0.000000 0.000000
  11 -26.777759 -1.238793 -1.017340 -0.533925 0.342750 -0.772947 0.000000 0.000000
  11 -26.567184 -1.081342 -1.082664 -0.347502 0.324309 -0.879810 0.000000 0.000000
rubbergloveCHROME.bmp
  11 -26.777759 -1.238793 -1.017340 -0.533925 0.342750 -0.772947 0.000000 0.000000
  11 -26.622446 -1.010461 -0.991989 -0.607862 0.631875 -0.480872 0.000000 0.000000
  11 -26.567184 -1.081342 -1.082664 -0.347502 0.324309 -0.879810 0.000000 0.000000
rubbergloveCHROME.bmp
  11 -26.567184 -1.081342 -1.082664 -0.347502 0.324309 -0.879810 0.000000 0.000000
  11 -26.622446 -1.010461 -0.991989 -0.607862 0.631875 -0.480872 0.000000 0.000000
  11 -26.426157 -0.839455 -0.997212 -0.556965 0.599464 -0.574832 0.000000 0.000000
rubbergloveCHROME.bmp
  11 -26.622446 -1.010461 -0.991989 -0.607862 0.631875 -0.480872 0.000000 0.000000
  11 -26.455891 -0.814363 -0.757032 -0.634910 0.772545 0.007997 0.000000 0.000000
  11 -26.426157 -0.839455 -0.997212 -0.556965 0.599464 -0.574832 0.000000 0.000000
rubbergloveCHROME.bmp
  15 -27.199202 -2.272717 -1.983281 -0.748418 -0.661183 -0.052029 0.000000 0.000000
  15 -27.209378 -2.151670 -1.770105 -0.981176 0.081194 0.175220 0.000000 0.000000
  15 -27.220574 -2.137211 -1.992288 -0.996471 0.044580 -0.071119 0.000000 0.000000
rubbergloveCHROME.bmp
  15 -27.220574 -2.137211 -1.992288 -0.996471 0.044580 -0.071119 0.000000 0.000000
  15 -27.209378 -2.151670 -1.770105 -0.981176 0.081194 0.175220 0.000000 0.000000
  15 -27.124966 -1.924394 -1.970654 -0.851984 0.520863 -0.053156 0.000000 0.000000
rubbergloveCHROME.bmp
  15 -27.209378 -2.151670 -1.770105 -0.981176 0.081194 0.175220 0.000000 0.000000
  15 -27.126486 -1.952042 -1.761290 -0.849505 0.486430 0.204271 0.000000 0.000000
  15 -27.124966 -1.924394 -1.970654 -0.851984 0.520863 -0.053156 0.000000 0.000000
rubbergloveCHROME.bmp
  15 -27.124966 -1.924394 -1.970654 -0.851984 0.520863 -0.053156 0.000000 0.000000
  15 -27.126486 -1.952042 -1.761290 -0.849505 0.486430 0.204271 0.000000 0.000000
  15 -26.988013 -1.726320 -1.935860 -0.812764 0.581770 -0.030953 0.000000 0.000000
rubbergloveCHROME.bmp
  15 -27.126486 -1.952042 -1.761290 -0.849505 0.486430 0.204271 0.000000 0.000000
  15 -26.968577 -1.746773 -1.723483 -0.819838 0.540259 0.189700 0.000000 0.000000
  15 -26.988013 -1.726320 -1.935860 -0.812764 0.581770 -0.030953 0.000000 0.000000
rubbergloveCHROME.bmp
  15 -26.988013 -1.726320 -1.935860 -0.812764 0.581770 -0.030953 0.000000 0.000000
  15 -26.968577 -1.746773 -1.723483 -0.819838 0.540259 0.189700 0.000000 0.000000
  15 -26.810488 -1.500773 -1.883768 -0.408880 0.911692 0.040437 0.000000 0.000000
rubbergloveCHROME.bmp
  15 -26.968577 -1.746773 -1.723483 -0.819838 0.540259 0.189700 0.000000 0.000000
  15 -26.797127 -1.513254 -1.681369 -0.390218 0.903349 0.178016 0.000000 0.000000
  15 -26.810488 -1.500773 -1.883768 -0.408880 0.911692 0.040437 0.000000 0.000000
rubbergloveCHROME.bmp
  15 -26.810488 -1.500773 -1.883768 -0.408880 0.911692 0.040437 0.000000 0.000000
  15 -26.797127 -1.513254 -1.681369 -0.390218 0.903349 0.178016 0.000000 0.000000
  15 -26.746022 -1.506343 -1.887379 -0.412519 0.910949 0.000220 0.000000 0.000000
rubbergloveCHROME.bmp
  15 -26.797127 -1.513254 -1.681369 -0.390218 0.903349 0.178016 0.000000 0.000000
  15 -26.732661 -1.518824 -1.684980 -0.430679 0.889370 0.153418 0.000000 0.000000
  15 -26.746022 -1.506343 -1.887379 -0.412519 0.910949 0.000220 0.000000 0.000000
rubbergloveCHROME.bmp
  15 -26.746022 -1.506343 -1.887379 -0.412519 0.910949 0.000220 0.000000 0.000000
  15 -26.732661 -1.518824 -1.684980 -0.430679 0.889370 0.153418 0.000000 0.000000
  15 -26.576121 -1.188389 -1.836992 -0.859827 0.510403 -0.013633 0.000000 0.000000
rubbergloveCHROME.bmp
  15 -26.732661 -1.518824 -1.684980 -0.430679 0.889370 0.153418 0.000000 0.000000
  15 -26.559254 -1.211975 -1.665647 -0.833040 0.496322 0.244353 0.000000 0.000000
  15 -26.576121 -1.188389 -1.836992 -0.859827 0.510403 -0.013633 0.000000 0.000000
rubbergloveCHROME.bmp
  15 -26.576121 -1.188389 -1.836992 -0.859827 0.510403 -0.013633 0.000000 0.000000
  15 -26.559254 -1.211975 -1.665647 -0.833040 0.496322 0.244353 0.000000 0.000000
  14 -26.467464 -1.033449 -1.809606 -0.794455 0.606958 -0.021055 0.000000 0.000000
rubbergloveCHROME.bmp
  15 -26.559254 -1.211975 -1.665647 -0.833040 0.496322 0.244353 0.000000 0.000000
  14 -26.471906 -1.064585 -1.641348 -0.776527 0.584158 0.236146 0.000000 0.000000
  14 -26.467464 -1.033449 -1.809606 -0.794455 0.606958 -0.021055 0.000000 0.000000
rubbergloveCHROME.bmp
  14 -26.467464 -1.033449 -1.809606 -0.794455 0.606958 -0.021055 0.000000 0.000000
  14 -26.471906 -1.064585 -1.641348 -0.776527 0.584158 0.236146 0.000000 0.000000
  14 -26.248338 -0.861438 -1.768425 -0.741508 0.668692 0.054926 0.000000 0.000000
rubbergloveCHROME.bmp
  14 -26.471906 -1.064585 -1.641348 -0.776527 0.584158 0.236146 0.000000 0.000000
  14 -26.286796 -0.883924 -1.613134 -0.731621 0.648415 0.210448 0.000000 0.000000
  14 -26.248338 -0.861438 -1.768425 -0.741508 0.668692 0.054926 0.000000 0.000000
rubbergloveCHROME.bmp
  25 26.821682 -0.749661 -0.850153 -0.487247 -0.595704 -0.638535 0.000000 0.000000
  25 27.147564 -1.013824 -0.907763 -0.595338 -0.620668 -0.510240 0.000000 0.000000
  25 26.808437 -0.860264 -0.641846 -0.649988 -0.757648 -0.059038 0.000000 0.000000
rubbergloveCHROME.bmp
  25 26.808437 -0.860264 -0.641846 -0.649988 -0.757648 -0.059038 0.000000 0.000000
  25 27.147564 -1.013824 -0.907763 -0.595338 -0.620668 -0.510240 0.000000 0.000000
  25 27.133725 -1.110645 -0.679216 -0.649988 -0.757648 -0.059038 0.000000 0.000000
rubbergloveCHROME.bmp
  25 27.147564 -1.013824 -0.907763 -0.595338 -0.620668 -0.510240 0.000000 0.000000
  25 27.429104 -1.334200 -0.725846 -0.611710 -0.770446 -0.179507 0.000000 0.000000
  25 27.133725 -1.110645 -0.679216 -0.649988 -0.757648 -0.059038 0.000000 0.000000
rubbergloveCHROME.bmp
  25 27.133725 -1.110645 -0.679216 -0.649988 -0.757648 -0.059038 0.000000 0.000000
  25 27.429104 -1.334200 -0.725846 -0.611710 -0.770446 -0.179507 0.000000 0.000000
  25 27.401215 -1.298136 -0.444916 -0.530865 -0.735018 0.421820 0.000000 0.000000
rubbergloveCHROME.bmp
  25 27.429104 -1.334200 -0.725846 -0.611710 -0.770446 -0.179507 0.000000 0.000000
  26 27.537112 -1.462323 -0.499005 -0.531386 -0.806913 0.257915 0.000000 0.000000
  25 27.401215 -1.298136 -0.444916 -0.530865 -0.735018 0.421820 0.000000 0.000000
rubbergloveCHROME.bmp
  25 27.401215 -1.298136 -0.444916 -0.530865 -0.735018 0.421820 0.000000 0.000000
  26 27.537112 -1.462323 -0.499005 -0.531386 -0.806913 0.257915 0.000000 0.000000
  26 27.640065 -1.313206 -0.347463 -0.343429 -0.590459 0.730352 0.000000 0.000000
rubbergloveCHROME.bmp
  26 27.537112 -1.462323 -0.499005 -0.531386 -0.806913 0.257915 0.000000 0.000000
  26 27.702221 -1.535427 -0.481830 -0.578166 -0.705662 0.409592 0.000000 0.000000
  26 27.640065 -1.313206 -0.347463 -0.343429 -0.590459 0.730352 0.000000 0.000000
rubbergloveCHROME.bmp
  26 27.640065 -1.313206 -0.347463 -0.343429 -0.590459 0.730352 0.000000 0.000000
  26 27.702221 -1.535427 -0.481830 -0.578166 -0.705662 0.409592 0.000000 0.000000
  26 27.784422 -1.407822 -0.350454 -0.445402 -0.513708 0.733295 0.000000 0.000000
rubbergloveCHROME.bmp
  26 27.702221 -1.535427 -0.481830 -0.578166 -0.705662 0.409592 0.000000 0.000000
  26 27.848350 -1.673285 -0.435556 -0.536582 -0.711070 0.454378 0.000000 0.000000
  26 27.784422 -1.407822 -0.350454 -0.445402 -0.513708 0.733295 0.000000 0.000000
rubbergloveCHROME.bmp
  26 27.784422 -1.407822 -0.350454 -0.445402 -0.513708 0.733295 0.000000 0.000000
  26 27.848350 -1.673285 -0.435556 -0.536582 -0.711070 0.454378 0.000000 0.000000
  26 27.965481 -1.537197 -0.324379 -0.495594 -0.539398 0.680762 0.000000 0.000000
rubbergloveCHROME.bmp
  26 27.848350 -1.673285 -0.435556 -0.536582 -0.711070 0.454378 0.000000 0.000000
  26 28.064241 -1.794009 -0.439678 -0.461984 -0.776712 0.428122 0.000000 0.000000
  26 27.965481 -1.537197 -0.324379 -0.495594 -0.539398 0.680762 0.000000 0.000000
rubbergloveCHROME.bmp
  26 27.965481 -1.537197 -0.324379 -0.495594 -0.539398 0.680762 0.000000 0.000000
  26 28.064241 -1.794009 -0.439678 -0.461984 -0.776712 0.428122 0.000000 0.000000
  26 28.154154 -1.687388 -0.308729 -0.392120 -0.657744 0.643129 0.000000 0.000000
rubbergloveCHROME.bmp
  26 28.064241 -1.794009 -0.439678 -0.461984 -0.776712 0.428122 0.000000 0.000000
  26 28.171757 -1.840237 -0.441497 -0.490882 -0.673334 0.552863 0.000000 0.000000
  26 28.154154 -1.687388 -0.308729 -0.392120 -0.657744 0.643129 0.000000 0.000000
rubbergloveCHROME.bmp
  26 28.154154 -1.687388 -0.308729 -0.392120 -0.657744 0.643129 0.000000 0.000000
  26 28.171757 -1.840237 -0.441497 -0.490882 -0.673334 0.552863 0.000000 0.000000
  26 28.262100 -1.747749 -0.310791 -0.477700 -0.634625 0.607498 0.000000 0.000000
rubbergloveCHROME.bmp
  26 28.171757 -1.840237 -0.441497 -0.490882 -0.673334 0.552863 0.000000 0.000000
  27 28.509484 -2.055792 -0.338374 -0.500804 -0.486168 0.716126 0.000000 0.000000
  26 28.262100 -1.747749 -0.310791 -0.477700 -0.634625 0.607498 0.000000 0.000000
rubbergloveCHROME.bmp
  25 27.304850 -0.938526 -1.068049 -0.389975 -0.350416 -0.851544 0.000000 0.000000
  25 27.456276 -1.222471 -0.954272 -0.484195 -0.627840 -0.609403 0.000000 0.000000
  25 27.147564 -1.013824 -0.907763 -0.595338 -0.620668 -0.510240 0.000000 0.000000
rubbergloveCHROME.bmp
  25 27.147564 -1.013824 -0.907763 -0.595338 -0.620668 -0.510240 0.000000 0.000000
  25 27.456276 -1.222471 -0.954272 -0.484195 -0.627840 -0.609403 0.000000 0.000000
  25 27.429104 -1.334200 -0.725846 -0.611710 -0.770446 -0.179507 0.000000 0.000000
rubbergloveCHROME.bmp
  25 27.456276 -1.222471 -0.954272 -0.484195 -0.627840 -0.609403 0.000000 0.000000
  26 27.541115 -1.436700 -0.748659 -0.521195 -0.794929 -0.310553 0.000000 0.000000
  25 27.429104 -1.334200 -0.725846 -0.611710 -0.770446 -0.179507 0.000000 0.000000
rubbergloveCHROME.bmp
  25 27.429104 -1.334200 -0.725846 -0.611710 -0.770446 -0.179507 0.000000 0.000000
  26 27.541115 -1.436700 -0.748659 -0.521195 -0.794929 -0.310553 0.000000 0.000000
  26 27.537112 -1.462323 -0.499005 -0.531386 -0.806913 0.257915 0.000000 0.000000
rubbergloveCHROME.bmp
  26 27.541115 -1.436700 -0.748659 -0.521195 -0.794929 -0.310553 0.000000 0.000000
  26 27.721218 -1.537639 -0.732098 -0.567537 -0.767564 -0.297904 0.000000 0.000000
  26 27.537112 -1.462323 -0.499005 -0.531386 -0.806913 0.257915 0.000000 0.000000
rubbergloveCHROME.bmp
  26 27.537112 -1.462323 -0.499005 -0.531386 -0.806913 0.257915 0.000000 0.000000
  26 27.721218 -1.537639 -0.732098 -0.567537 -0.767564 -0.297904 0.000000 0.000000
  26 27.702221 -1.535427 -0.481830 -0.578166 -0.705662 0.409592 0.000000 0.000000
rubbergloveCHROME.bmp
  26 27.721218 -1.537639 -0.732098 -0.567537 -0.767564 -0.297904 0.000000 0.000000
  26 27.860440 -1.696072 -0.736113 -0.609233 -0.768164 -0.196876 0.000000 0.000000
  26 27.702221 -1.535427 -0.481830 -0.578166 -0.705662 0.409592 0.000000 0.000000
rubbergloveCHROME.bmp
  26 27.702221 -1.535427 -0.481830 -0.578166 -0.705662 0.409592 0.000000 0.000000
  26 27.860440 -1.696072 -0.736113 -0.609233 -0.768164 -0.196876 0.000000 0.000000
  26 27.848350 -1.673285 -0.435556 -0.536582 -0.711070 0.454378 0.000000 0.000000
rubbergloveCHROME.bmp
  26 27.860440 -1.696072 -0.736113 -0.609233 -0.768164 -0.196876 0.000000 0.000000
  26 28.068716 -1.795979 -0.729809 -0.471108 -0.842970 -0.259729 0.000000 0.000000
  26 27.848350 -1.673285 -0.435556 -0.536582 -0.711070 0.454378 0.000000 0.000000
rubbergloveCHROME.bmp
  26 27.848350 -1.673285 -0.435556 -0.536582 -0.711070 0.454378 0.000000 0.000000
  26 28.068716 -1.795979 -0.729809 -0.471108 -0.842970 -0.259729 0.000000 0.000000
  26 28.064241 -1.794009 -0.439678 -0.461984 -0.776712 0.428122 0.000000 0.000000
rubbergloveCHROME.bmp
  26 28.068716 -1.795979 -0.729809 -0.471108 -0.842970 -0.259729 0.000000 0.000000
  26 28.163247 -1.871411 -0.701988 -0.726113 -0.673729 -0.137295 0.000000 0.000000
  26 28.064241 -1.794009 -0.439678 -0.461984 -0.776712 0.428122 0.000000 0.000000
rubbergloveCHROME.bmp
  26 28.064241 -1.794009 -0.439678 -0.461984 -0.776712 0.428122 0.000000 0.000000
  26 28.163247 -1.871411 -0.701988 -0.726113 -0.673729 -0.137295 0.000000 0.000000
  26 28.171757 -1.840237 -0.441497 -0.490882 -0.673334 0.552863 0.000000 0.000000
rubbergloveCHROME.bmp
  26 28.163247 -1.871411 -0.701988 -0.726113 -0.673729 -0.137295 0.000000 0.000000
  27 28.459512 -2.244418 -0.491094 -0.647552 -0.585856 0.487287 0.000000 0.000000
  26 28.171757 -1.840237 -0.441497 -0.490882 -0.673334 0.552863 0.000000 0.000000
rubbergloveCHROME.bmp
  26 28.171757 -1.840237 -0.441497 -0.490882 -0.673334 0.552863 0.000000 0.000000
  27 28.459512 -2.244418 -0.491094 -0.647552 -0.585856 0.487287 0.000000 0.000000
  27 28.509484 -2.055792 -0.338374 -0.500804 -0.486168 0.716126 0.000000 0.000000
rubbergloveCHROME.bmp
  27 28.459512 -2.244418 -0.491094 -0.647552 -0.585856 0.487287 0.000000 0.000000
  27 28.715265 -2.273208 -0.384034 -0.372449 -0.600098 0.707930 0.000000 0.000000
  27 28.509484 -2.055792 -0.338374 -0.500804 -0.486168 0.716126 0.000000 0.000000
rubbergloveCHROME.bmp
  32 26.823617 -0.756856 -3.031393 -0.564073 -0.395430 -0.724884 0.000000 0.000000
  32 27.073370 -0.830571 -3.160581 -0.311637 -0.106730 -0.944188 0.000000 0.000000
  32 26.934826 -0.929576 -3.030567 -0.698564 -0.466099 -0.542918 0.000000 0.000000
rubbergloveCHROME.bmp
  32 26.934826 -0.929576 -3.030567 -0.698564 -0.466099 -0.542918 0.000000 0.000000
  32 27.073370 -0.830571 -3.160581 -0.311637 -0.106730 -0.944188 0.000000 0.000000
  33 27.083754 -1.079842 -3.076589 -0.656843 -0.427650 -0.621026 0.000000 0.000000
rubbergloveCHROME.bmp
  32 27.073370 -0.830571 -3.160581 -0.311637 -0.106730 -0.944188 0.000000 0.000000
  33 27.210348 -0.998198 -3.175624 -0.349732 -0.084335 -0.933046 0.000000 0.000000
  33 27.083754 -1.079842 -3.076589 -0.656843 -0.427650 -0.621026 0.000000 0.000000
rubbergloveCHROME.bmp
  33 27.083754 -1.079842 -3.076589 -0.656843 -0.427650 -0.621026 0.000000 0.000000
  33 27.210348 -0.998198 -3.175624 -0.349732 -0.084335 -0.933046 0.000000 0.000000
  33 27.220173 -1.244525 -3.132887 -0.605884 -0.494364 -0.623304 0.000000 0.000000
rubbergloveCHROME.bmp
  33 27.210348 -0.998198 -3.175624 -0.349732 -0.084335 -0.933046 0.000000 0.000000
  33 27.333112 -1.176101 -3.199694 -0.307088 -0.186768 -0.933175 0.000000 0.000000
  33 27.220173 -1.244525 -3.132887 -0.605884 -0.494364 -0.623304 0.000000 0.000000
rubbergloveCHROME.bmp
  33 27.220173 -1.244525 -3.132887 -0.605884 -0.494364 -0.623304 0.000000 0.000000
  33 27.333112 -1.176101 -3.199694 -0.307088 -0.186768 -0.933175 0.000000 0.000000
  33 27.362513 -1.370355 -3.130403 -0.535141 -0.556446 -0.635603 0.000000 0.000000
rubbergloveCHROME.bmp
  33 27.333112 -1.176101 -3.199694 -0.307088 -0.186768 -0.933175 0.000000 0.000000
  33 27.440689 -1.323687 -3.192938 -0.297413 -0.271790 -0.915246 0.000000 0.000000
  33 27.362513 -1.370355 -3.130403 -0.535141 -0.556446 -0.635603 0.000000 0.000000
rubbergloveCHROME.bmp
  33 27.362513 -1.370355 -3.130403 -0.535141 -0.556446 -0.635603 0.000000 0.000000
  33 27.440689 -1.323687 -3.192938 -0.297413 -0.271790 -0.915246 0.000000 0.000000
  33 27.572713 -1.535940 -3.152708 -0.429725 -0.634279 -0.642671 0.000000 0.000000
rubbergloveCHROME.bmp
  33 27.440689 -1.323687 -3.192938 -0.297413 -0.271790 -0.915246 0.000000 0.000000
  33 27.632228 -1.512558 -3.204777 -0.176222 -0.434813 -0.883110 0.000000 0.000000
  33 27.572713 -1.535940 -3.152708 -0.429725 -0.634279 -0.642671 0.000000 0.000000
rubbergloveCHROME.bmp
  33 27.572713 -1.535940 -3.152708 -0.429725 -0.634279 -0.642671 0.000000 0.000000
  33 27.632228 -1.512558 -3.204777 -0.176222 -0.434813 -0.883110 0.000000 0.000000
  33 27.706874 -1.624325 -3.119711 -0.237283 -0.874556 -0.422905 0.000000 0.000000
rubbergloveCHROME.bmp
  33 27.632228 -1.512558 -3.204777 -0.176222 -0.434813 -0.883110 0.000000 0.000000
  33 27.787497 -1.592409 -3.143822 0.173828 -0.712957 -0.679320 0.000000 0.000000
  33 27.706874 -1.624325 -3.119711 -0.237283 -0.874556 -0.422905 0.000000 0.000000
rubbergloveCHROME.bmp
  33 27.706874 -1.624325 -3.119711 -0.237283 -0.874556 -0.422905 0.000000 0.000000
  33 27.787497 -1.592409 -3.143822 0.173828 -0.712957 -0.679320 0.000000 0.000000
  33 27.799287 -1.654356 -3.012203 -0.010424 -0.989896 -0.141409 0.000000 0.000000
rubbergloveCHROME.bmp
  33 27.787497 -1.592409 -3.143822 0.173828 -0.712957 -0.679320 0.000000 0.000000
  33 27.872902 -1.629567 -3.036002 0.396250 -0.848477 -0.350818 0.000000 0.000000
  33 27.799287 -1.654356 -3.012203 -0.010424 -0.989896 -0.141409 0.000000 0.000000
rubbergloveCHROME.bmp
  33 27.799287 -1.654356 -3.012203 -0.010424 -0.989896 -0.141409 0.000000 0.000000
  33 27.872902 -1.629567 -3.036002 0.396250 -0.848477 -0.350818 0.000000 0.000000
  33 27.848593 -1.643007 -2.927704 0.127121 -0.991868 0.006193 0.000000 0.000000
rubbergloveCHROME.bmp
  33 27.872902 -1.629567 -3.036002 0.396250 -0.848477 -0.350818 0.000000 0.000000
  33 27.949685 -1.617467 -2.958169 0.481043 -0.868967 -0.116162 0.000000 0.000000
  33 27.848593 -1.643007 -2.927704 0.127121 -0.991868 0.006193 0.000000 0.000000
rubbergloveCHROME.bmp
  26 28.441746 -0.814850 -0.756914 0.634904 0.772550 0.007995 0.000000 0.000000
  26 28.608301 -1.010949 -0.991871 0.607861 0.631873 -0.480875 0.000000 0.000000
  26 28.412109 -0.840111 -0.987096 0.556959 0.599468 -0.574835 0.000000 0.000000
rubbergloveCHROME.bmp
  26 28.412109 -0.840111 -0.987096 0.556959 0.599468 -0.574835 0.000000 0.000000
  26 28.608301 -1.010949 -0.991871 0.607861 0.631873 -0.480875 0.000000 0.000000
  26 28.511020 -1.083799 -1.042165 0.347502 0.324308 -0.879811 0.000000 0.000000
rubbergloveCHROME.bmp
  26 28.608301 -1.010949 -0.991871 0.607861 0.631873 -0.480875 0.000000 0.000000
  26 28.748425 -1.211109 -1.036604 0.533937 0.342752 -0.772938 0.000000 0.000000
  26 28.511020 -1.083799 -1.042165 0.347502 0.324308 -0.879811 0.000000 0.000000
rubbergloveCHROME.bmp
  26 28.511020 -1.083799 -1.042165 0.347502 0.324308 -0.879811 0.000000 0.000000
  26 28.748425 -1.211109 -1.036604 0.533937 0.342752 -0.772938 0.000000 0.000000
  26 28.644679 -1.291915 -1.046962 0.432350 0.258541 -0.863846 0.000000 0.000000
rubbergloveCHROME.bmp
  26 28.748425 -1.211109 -1.036604 0.533937 0.342752 -0.772938 0.000000 0.000000
  26 28.808263 -1.308822 -1.008823 0.667945 0.343728 -0.660077 0.000000 0.000000
  26 28.644679 -1.291915 -1.046962 0.432350 0.258541 -0.863846 0.000000 0.000000
rubbergloveCHROME.bmp
  26 28.644679 -1.291915 -1.046962 0.432350 0.258541 -0.863846 0.000000 0.000000
  26 28.808263 -1.308822 -1.008823 0.667945 0.343728 -0.660077 0.000000 0.000000
  26 28.704559 -1.403087 -1.059415 0.533937 0.342752 -0.772938 0.000000 0.000000
rubbergloveCHROME.bmp
  26 28.808263 -1.308822 -1.008823 0.667945 0.343728 -0.660077 0.000000 0.000000
  27 28.924733 -1.589468 -1.024676 0.169740 0.836755 -0.520605 0.000000 0.000000
  26 28.704559 -1.403087 -1.059415 0.533937 0.342752 -0.772938 0.000000 0.000000
rubbergloveCHROME.bmp
  26 28.704559 -1.403087 -1.059415 0.533937 0.342752 -0.772938 0.000000 0.000000
  27 28.924733 -1.589468 -1.024676 0.169740 0.836755 -0.520605 0.000000 0.000000
  27 28.818321 -1.652478 -1.094719 0.096320 0.791459 -0.603585 0.000000 0.000000
rubbergloveCHROME.bmp
  27 28.924733 -1.589468 -1.024676 0.169740 0.836755 -0.520605 0.000000 0.000000
  27 28.959251 -1.594837 -1.115117 0.151270 0.817345 -0.555935 0.000000 0.000000
  27 28.818321 -1.652478 -1.094719 0.096320 0.791459 -0.603585 0.000000 0.000000
rubbergloveCHROME.bmp
  27 28.818321 -1.652478 -1.094719 0.096320 0.791459 -0.603585 0.000000 0.000000
  27 28.959251 -1.594837 -1.115117 0.151270 0.817345 -0.555935 0.000000 0.000000
  27 28.811165 -1.673389 -1.115006 0.351266 0.420320 -0.836626 0.000000 0.000000
rubbergloveCHROME.bmp
  27 28.959251 -1.594837 -1.115117 0.151270 0.817345 -0.555935 0.000000 0.000000
  27 29.108974 -1.855475 -1.130956 0.408798 0.382564 -0.828570 0.000000 0.000000
  27 28.811165 -1.673389 -1.115006 0.351266 0.420320 -0.836626 0.000000 0.000000
rubbergloveCHROME.bmp
  27 28.811165 -1.673389 -1.115006 0.351266 0.420320 -0.836626 0.000000 0.000000
  27 29.108974 -1.855475 -1.130956 0.408798 0.382564 -0.828570 0.000000 0.000000
  27 29.010562 -1.969116 -1.131916 0.218779 0.222251 -0.950126 0.000000 0.000000
rubbergloveCHROME.bmp
  27 29.108974 -1.855475 -1.130956 0.408798 0.382564 -0.828570 0.000000 0.000000
  27 29.215622 -1.989077 -1.144239 0.272281 0.209618 -0.939108 0.000000 0.000000
  27 29.010562 -1.969116 -1.131916 0.218779 0.222251 -0.950126 0.000000 0.000000
rubbergloveCHROME.bmp
  27 29.010562 -1.969116 -1.131916 0.218779 0.222251 -0.950126 0.000000 0.000000
  27 29.215622 -1.989077 -1.144239 0.272281 0.209618 -0.939108 0.000000 0.000000
  27 29.117308 -2.102887 -1.135201 0.272281 0.209618 -0.939108 0.000000 0.000000
rubbergloveCHROME.bmp
  27 29.215622 -1.989077 -1.144239 0.272281 0.209618 -0.939108 0.000000 0.000000
  27 29.309264 -2.250855 -1.109544 0.421004 0.024104 -0.906738 0.000000 0.000000
  27 29.117308 -2.102887 -1.135201 0.272281 0.209618 -0.939108 0.000000 0.000000
rubbergloveCHROME.bmp
  27 29.400616 -2.158293 -1.118873 0.580505 0.088357 -0.809448 0.000000 0.000000
  27 29.266244 -1.927711 -0.993668 0.656802 0.645448 -0.389882 0.000000 0.000000
  27 29.479471 -2.124721 -0.989046 0.779148 0.493279 -0.386787 0.000000 0.000000
rubbergloveCHROME.bmp
  27 29.479471 -2.124721 -0.989046 0.779148 0.493279 -0.386787 0.000000 0.000000
  27 29.266244 -1.927711 -0.993668 0.656802 0.645448 -0.389882 0.000000 0.000000
  27 29.274489 -1.894680 -0.853165 0.688726 0.714026 -0.125787 0.000000 0.000000
rubbergloveCHROME.bmp
  27 29.266244 -1.927711 -0.993668 0.656802 0.645448 -0.389882 0.000000 0.000000
  27 29.152367 -1.800880 -1.000432 0.770904 0.559425 -0.304549 0.000000 0.000000
  27 29.274489 -1.894680 -0.853165 0.688726 0.714026 -0.125787 0.000000 0.000000
rubbergloveCHROME.bmp
  27 29.274489 -1.894680 -0.853165 0.688726 0.714026 -0.125787 0.000000 0.000000
  27 29.152367 -1.800880 -1.000432 0.770904 0.559425 -0.304549 0.000000 0.000000
  27 29.182295 -1.803591 -0.830736 0.795148 0.602483 -0.068943 0.000000 0.000000
rubbergloveCHROME.bmp
  27 29.152367 -1.800880 -1.000432 0.770904 0.559425 -0.304549 0.000000 0.000000
  27 29.082417 -1.592350 -0.806210 0.566707 0.822377 -0.050386 0.000000 0.000000
  27 29.182295 -1.803591 -0.830736 0.795148 0.602483 -0.068943 0.000000 0.000000
rubbergloveCHROME.bmp
  27 29.182295 -1.803591 -0.830736 0.795148 0.602483 -0.068943 0.000000 0.000000
  27 29.082417 -1.592350 -0.806210 0.566707 0.822377 -0.050386 0.000000 0.000000
  27 29.183844 -1.806284 -0.670766 0.812867 0.569093 0.124019 0.000000 0.000000
rubbergloveCHROME.bmp
  27 29.082417 -1.592350 -0.806210 0.566707 0.822377 -0.050386 0.000000 0.000000
  27 29.069752 -1.580978 -0.645865 0.549112 0.830065 0.097307 0.000000 0.000000
  27 29.183844 -1.806284 -0.670766 0.812867 0.569093 0.124019 0.000000 0.000000
rubbergloveCHROME.bmp
  27 29.183844 -1.806284 -0.670766 0.812867 0.569093 0.124019 0.000000 0.000000
  27 29.069752 -1.580978 -0.645865 0.549112 0.830065 0.097307 0.000000 0.000000
  27 29.150607 -1.845186 -0.471061 0.773651 0.530772 0.346042 0.000000 0.000000
rubbergloveCHROME.bmp
  27 29.069752 -1.580978 -0.645865 0.549112 0.830065 0.097307 0.000000 0.000000
  27 29.008354 -1.606225 -0.425654 0.502487 0.807506 0.308934 0.000000 0.000000
  27 29.150607 -1.845186 -0.471061 0.773651 0.530772 0.346042 0.000000 0.000000
rubbergloveCHROME.bmp
  27 29.150607 -1.845186 -0.471061 0.773651 0.530772 0.346042 0.000000 0.000000
  27 29.008354 -1.606225 -0.425654 0.502487 0.807506 0.308934 0.000000 0.000000
  27 29.095348 -1.875783 -0.351019 0.671718 0.411919 0.615725 0.000000 0.000000
rubbergloveCHROME.bmp
  27 29.008354 -1.606225 -0.425654 0.502487 0.807506 0.308934 0.000000 0.000000
  27 28.917730 -1.615967 -0.294916 0.075858 0.907760 0.412574 0.000000 0.000000
  27 29.095348 -1.875783 -0.351019 0.671718 0.411919 0.615725 0.000000 0.000000
rubbergloveCHROME.bmp
  27 29.095348 -1.875783 -0.351019 0.671718 0.411919 0.615725 0.000000 0.000000
  27 28.917730 -1.615967 -0.294916 0.075858 0.907760 0.412574 0.000000 0.000000
  27 28.862132 -1.674003 -0.225342 -0.012735 0.439673 0.898068 0.000000 0.000000
rubbergloveCHROME.bmp
  27 28.917730 -1.615967 -0.294916 0.075858 0.907760 0.412574 0.000000 0.000000
  27 28.840327 -1.652063 -0.274771 0.103751 0.613835 0.782587 0.000000 0.000000
  27 28.862132 -1.674003 -0.225342 -0.012735 0.439673 0.898068 0.000000 0.000000
rubbergloveCHROME.bmp
  27 28.862132 -1.674003 -0.225342 -0.012735 0.439673 0.898068 0.000000 0.000000
  27 28.840327 -1.652063 -0.274771 0.103751 0.613835 0.782587 0.000000 0.000000
  27 28.791424 -1.730430 -0.255613 0.061464 0.474304 0.878213 0.000000 0.000000
rubbergloveCHROME.bmp
  27 28.840327 -1.652063 -0.274771 0.103751 0.613835 0.782587 0.000000 0.000000
  26 28.643928 -1.476253 -0.199897 0.598307 0.207252 0.773999 0.000000 0.000000
  27 28.791424 -1.730430 -0.255613 0.061464 0.474304 0.878213 0.000000 0.000000
rubbergloveCHROME.bmp
  24 28.987271 -2.431204 0.547622 0.057860 -0.879848 -0.471719 0.000000 0.000000
  24 28.841504 -2.547694 0.699879 0.072598 -0.969491 -0.234128 0.000000 0.000000
  24 28.897659 -2.441590 0.526131 0.187485 -0.741195 -0.644577 0.000000 0.000000
rubbergloveCHROME.bmp
  24 28.897659 -2.441590 0.526131 0.187485 -0.741195 -0.644577 0.000000 0.000000
  24 28.841504 -2.547694 0.699879 0.072598 -0.969491 -0.234128 0.000000 0.000000
  24 28.728577 -2.317707 0.431451 -0.111072 -0.617045 -0.779050 0.000000 0.000000
rubbergloveCHROME.bmp
  24 28.841504 -2.547694 0.699879 0.072598 -0.969491 -0.234128 0.000000 0.000000
  24 28.548609 -2.447325 0.681473 -0.402976 -0.870965 -0.281124 0.000000 0.000000
  24 28.728577 -2.317707 0.431451 -0.111072 -0.617045 -0.779050 0.000000 0.000000
rubbergloveCHROME.bmp
  24 28.728577 -2.317707 0.431451 -0.111072 -0.617045 -0.779050 0.000000 0.000000
  24 28.548609 -2.447325 0.681473 -0.402976 -0.870965 -0.281124 0.000000 0.000000
  24 28.527637 -2.206102 0.363870 -0.189938 -0.492879 -0.849114 0.000000 0.000000
rubbergloveCHROME.bmp
  24 28.548609 -2.447325 0.681473 -0.402976 -0.870965 -0.281124 0.000000 0.000000
  24 28.344894 -2.308401 0.682053 -0.587900 -0.771900 -0.241958 0.000000 0.000000
  24 28.527637 -2.206102 0.363870 -0.189938 -0.492879 -0.849114 0.000000 0.000000
rubbergloveCHROME.bmp
  24 28.527637 -2.206102 0.363870 -0.189938 -0.492879 -0.849114 0.000000 0.000000
  24 28.344894 -2.308401 0.682053 -0.587900 -0.771900 -0.241958 0.000000 0.000000
  24 28.378182 -2.036621 0.379352 -0.369839 -0.496765 -0.785139 0.000000 0.000000
rubbergloveCHROME.bmp
  24 28.344894 -2.308401 0.682053 -0.587900 -0.771900 -0.241958 0.000000 0.000000
  24 28.181502 -2.164907 0.647232 -0.678596 -0.692894 -0.243731 0.000000 0.000000
  24 28.378182 -2.036621 0.379352 -0.369839 -0.496765 -0.785139 0.000000 0.000000
rubbergloveCHROME.bmp
  24 28.378182 -2.036621 0.379352 -0.369839 -0.496765 -0.785139 0.000000 0.000000
  24 28.181502 -2.164907 0.647232 -0.678596 -0.692894 -0.243731 0.000000 0.000000
  24 28.177872 -1.858014 0.346560 -0.378634 -0.562466 -0.735030 0.000000 0.000000
rubbergloveCHROME.bmp
  24 28.181502 -2.164907 0.647232 -0.678596 -0.692894 -0.243731 0.000000 0.000000
  23 27.984445 -1.931691 0.660795 -0.579057 -0.775899 -0.250348 0.000000 0.000000
  24 28.177872 -1.858014 0.346560 -0.378634 -0.562466 -0.735030 0.000000 0.000000
rubbergloveCHROME.bmp
  24 28.177872 -1.858014 0.346560 -0.378634 -0.562466 -0.735030 0.000000 0.000000
  23 27.984445 -1.931691 0.660795 -0.579057 -0.775899 -0.250348 0.000000 0.000000
  23 28.049613 -1.775584 0.321850 -0.262078 -0.649245 -0.714000 0.000000 0.000000
rubbergloveCHROME.bmp
  23 27.984445 -1.931691 0.660795 -0.579057 -0.775899 -0.250348 0.000000 0.000000
  23 27.842366 -1.855507 0.624606 -0.398168 -0.877647 -0.266831 0.000000 0.000000
  23 28.049613 -1.775584 0.321850 -0.262078 -0.649245 -0.714000 0.000000 0.000000
rubbergloveCHROME.bmp
  23 28.049613 -1.775584 0.321850 -0.262078 -0.649245 -0.714000 0.000000 0.000000
  23 27.842366 -1.855507 0.624606 -0.398168 -0.877647 -0.266831 0.000000 0.000000
  23 27.799033 -1.586193 0.250851 -0.295465 -0.652829 -0.697506 0.000000 0.000000
rubbergloveCHROME.bmp
  23 27.842366 -1.855507 0.624606 -0.398168 -0.877647 -0.266831 0.000000 0.000000
  23 27.591403 -1.732375 0.528917 -0.517073 -0.814461 -0.263228 0.000000 0.000000
  23 27.799033 -1.586193 0.250851 -0.295465 -0.652829 -0.697506 0.000000 0.000000
rubbergloveCHROME.bmp
  23 27.799033 -1.586193 0.250851 -0.295465 -0.652829 -0.697506 0.000000 0.000000
  23 27.591403 -1.732375 0.528917 -0.517073 -0.814461 -0.263228 0.000000 0.000000
  23 27.305699 -1.357639 0.325580 -0.591980 -0.557119 -0.582390 0.000000 0.000000
rubbergloveCHROME.bmp
  23 27.591403 -1.732375 0.528917 -0.517073 -0.814461 -0.263228 0.000000 0.000000
  23 27.241662 -1.400706 0.502906 -0.761468 -0.571299 -0.306242 0.000000 0.000000
  23 27.305699 -1.357639 0.325580 -0.591980 -0.557119 -0.582390 0.000000 0.000000
rubbergloveCHROME.bmp
  9 -26.489993 -1.680151 1.174151 0.362303 0.529990 0.766712 0.000000 0.000000
  9 -26.600081 -1.633979 1.195337 0.065597 0.861888 0.502839 0.000000 0.000000
  9 -26.529683 -1.679854 1.250470 0.370975 0.445086 0.815031 0.000000 0.000000
rubbergloveCHROME.bmp
  9 -26.529683 -1.679854 1.250470 0.370975 0.445086 0.815031 0.000000 0.000000
  9 -26.600081 -1.633979 1.195337 0.065597 0.861888 0.502839 0.000000 0.000000
  9 -26.768101 -1.796694 1.252722 -0.476287 0.462710 0.747696 0.000000 0.000000
rubbergloveCHROME.bmp
  9 -26.600081 -1.633979 1.195337 0.065597 0.861888 0.502839 0.000000 0.000000
  9 -26.680078 -1.582586 1.120777 -0.124719 0.941422 0.313319 0.000000 0.000000
  9 -26.768101 -1.796694 1.252722 -0.476287 0.462710 0.747696 0.000000 0.000000
rubbergloveCHROME.bmp
  9 -26.768101 -1.796694 1.252722 -0.476287 0.462710 0.747696 0.000000 0.000000
  9 -26.680078 -1.582586 1.120777 -0.124719 0.941422 0.313319 0.000000 0.000000
  9 -26.824345 -1.762722 1.146033 -0.669160 0.570230 0.476511 0.000000 0.000000
rubbergloveCHROME.bmp
  9 -26.680078 -1.582586 1.120777 -0.124719 0.941422 0.313319 0.000000 0.000000
  9 -26.754241 -1.562323 0.936687 -0.220246 0.943910 0.246020 0.000000 0.000000
  9 -26.824345 -1.762722 1.146033 -0.669160 0.570230 0.476511 0.000000 0.000000
rubbergloveCHROME.bmp
  9 -26.824345 -1.762722 1.146033 -0.669160 0.570230 0.476511 0.000000 0.000000
  9 -26.754241 -1.562323 0.936687 -0.220246 0.943910 0.246020 0.000000 0.000000
  9 -26.883147 -1.741984 0.969930 -0.699888 0.587610 0.406043 0.000000 0.000000
rubbergloveCHROME.bmp
  9 -26.754241 -1.562323 0.936687 -0.220246 0.943910 0.246020 0.000000 0.000000
  9 -26.985116 -1.706872 0.788355 -0.724485 0.621423 0.298253 0.000000 0.000000
  9 -26.883147 -1.741984 0.969930 -0.699888 0.587610 0.406043 0.000000 0.000000
rubbergloveCHROME.bmp
  9 -26.883147 -1.741984 0.969930 -0.699888 0.587610 0.406043 0.000000 0.000000
  9 -26.985116 -1.706872 0.788355 -0.724485 0.621423 0.298253 0.000000 0.000000
  9 -27.047692 -1.981507 0.962595 -0.699888 0.587610 0.406043 0.000000 0.000000
rubbergloveCHROME.bmp
  9 -26.985116 -1.706872 0.788355 -0.724485 0.621423 0.298253 0.000000 0.000000
  9 -27.156918 -1.941725 0.832261 -0.757350 0.585181 0.289800 0.000000 0.000000
  9 -27.047692 -1.981507 0.962595 -0.699888 0.587610 0.406043 0.000000 0.000000
rubbergloveCHROME.bmp
  9 -27.047692 -1.981507 0.962595 -0.699888 0.587610 0.406043 0.000000 0.000000
  9 -27.156918 -1.941725 0.832261 -0.757350 0.585181 0.289800 0.000000 0.000000
  9 -27.285121 -2.162784 0.879133 -0.893364 0.285209 0.347212 0.000000 0.000000
rubbergloveCHROME.bmp
  9 -27.156918 -1.941725 0.832261 -0.757350 0.585181 0.289800 0.000000 0.000000
  9 -27.291516 -2.164506 0.778852 -0.946281 0.280823 0.160280 0.000000 0.000000
  9 -27.285121 -2.162784 0.879133 -0.893364 0.285209 0.347212 0.000000 0.000000
rubbergloveCHROME.bmp
  9 -27.285121 -2.162784 0.879133 -0.893364 0.285209 0.347212 0.000000 0.000000
  9 -27.291516 -2.164506 0.778852 -0.946281 0.280823 0.160280 0.000000 0.000000
  9 -27.289839 -2.316868 0.822246 -0.905311 -0.416693 0.082333 0.000000 0.000000
rubbergloveCHROME.bmp
  9 -27.291516 -2.164506 0.778852 -0.946281 0.280823 0.160280 0.000000 0.000000
  9 -27.301349 -2.282328 0.729647 -0.841360 -0.449385 -0.300276 0.000000 0.000000
  9 -27.289839 -2.316868 0.822246 -0.905311 -0.416693 0.082333 0.000000 0.000000
rubbergloveCHROME.bmp
  9 -27.289839 -2.316868 0.822246 -0.905311 -0.416693 0.082333 0.000000 0.000000
  9 -27.301349 -2.282328 0.729647 -0.841360 -0.449385 -0.300276 0.000000 0.000000
  9 -27.225836 -2.364464 0.777099 -0.670396 -0.735113 -0.100883 0.000000 0.000000
rubbergloveCHROME.bmp
  9 -26.778202 -2.193643 1.258185 0.193204 -0.294507 0.935915 0.000000 0.000000
  9 -26.443419 -2.145631 1.137289 0.463517 -0.527441 0.712010 0.000000 0.000000
  9 -26.560746 -1.985534 1.240746 0.243240 -0.120107 0.962501 0.000000 0.000000
rubbergloveCHROME.bmp
  9 -26.560746 -1.985534 1.240746 0.243240 -0.120107 0.962501 0.000000 0.000000
  9 -26.443419 -2.145631 1.137289 0.463517 -0.527441 0.712010 0.000000 0.000000
  9 -26.243325 -1.981109 1.105750 0.407918 -0.397784 0.821809 0.000000 0.000000
rubbergloveCHROME.bmp
  9 -26.443419 -2.145631 1.137289 0.463517 -0.527441 0.712010 0.000000 0.000000
  9 -26.222778 -2.054020 1.007965 0.481737 -0.557822 0.675843 0.000000 0.000000
  9 -26.243325 -1.981109 1.105750 0.407918 -0.397784 0.821809 0.000000 0.000000
rubbergloveCHROME.bmp
  9 -26.243325 -1.981109 1.105750 0.407918 -0.397784 0.821809 0.000000 0.000000
  9 -26.222778 -2.054020 1.007965 0.481737 -0.557822 0.675843 0.000000 0.000000
  9 -26.025167 -1.814398 1.101940 0.348626 -0.495684 0.795460 0.000000 0.000000
rubbergloveCHROME.bmp
  9 -26.222778 -2.054020 1.007965 0.481737 -0.557822 0.675843 0.000000 0.000000
  9 -25.998641 -1.867230 0.991463 0.390393 -0.596213 0.701515 0.000000 0.000000
  9 -26.025167 -1.814398 1.101940 0.348626 -0.495684 0.795460 0.000000 0.000000
rubbergloveCHROME.bmp
  9 -26.025167 -1.814398 1.101940 0.348626 -0.495684 0.795460 0.000000 0.000000
  9 -25.998641 -1.867230 0.991463 0.390393 -0.596213 0.701515 0.000000 0.000000
  8 -25.860996 -1.688184 1.119165 0.398094 -0.563340 0.723995 0.000000 0.000000
rubbergloveCHROME.bmp
  9 -25.998641 -1.867230 0.991463 0.390393 -0.596213 0.701515 0.000000 0.000000
  8 -25.811043 -1.732019 0.974309 0.419234 -0.533158 0.734837 0.000000 0.000000
  8 -25.860996 -1.688184 1.119165 0.398094 -0.563340 0.723995 0.000000 0.000000
rubbergloveCHROME.bmp
  8 -25.860996 -1.688184 1.119165 0.398094 -0.563340 0.723995 0.000000 0.000000
  8 -25.811043 -1.732019 0.974309 0.419234 -0.533158 0.734837 0.000000 0.000000
  8 -25.648366 -1.494007 1.083335 0.445824 -0.305286 0.841452 0.000000 0.000000
rubbergloveCHROME.bmp
  8 -25.811043 -1.732019 0.974309 0.419234 -0.533158 0.734837 0.000000 0.000000
  8 -25.604099 -1.559244 1.012029 0.491979 -0.380924 0.782850 0.000000 0.000000
  8 -25.648366 -1.494007 1.083335 0.445824 -0.305286 0.841452 0.000000 0.000000
rubbergloveCHROME.bmp
  8 -25.648366 -1.494007 1.083335 0.445824 -0.305286 0.841452 0.000000 0.000000
  8 -25.604099 -1.559244 1.012029 0.491979 -0.380924 0.782850 0.000000 0.000000
  8 -25.455672 -1.304901 1.060804 0.484045 -0.270720 0.832112 0.000000 0.000000
rubbergloveCHROME.bmp
  8 -25.604099 -1.559244 1.012029 0.491979 -0.380924 0.782850 0.000000 0.000000
  8 -25.396512 -1.327141 0.922943 0.570807 -0.382660 0.726464 0.000000 0.000000
  8 -25.455672 -1.304901 1.060804 0.484045 -0.270720 0.832112 0.000000 0.000000
rubbergloveCHROME.bmp
  8 -25.455672 -1.304901 1.060804 0.484045 -0.270720 0.832112 0.000000 0.000000
  8 -25.396512 -1.327141 0.922943 0.570807 -0.382660 0.726464 0.000000 0.000000
  8 -25.322823 -1.142697 1.028538 0.599170 -0.237511 0.764581 0.000000 0.000000
rubbergloveCHROME.bmp
  8 -25.396512 -1.327141 0.922943 0.570807 -0.382660 0.726464 0.000000 0.000000
  8 -25.261532 -1.177294 0.911720 0.634582 -0.243966 0.733339 0.000000 0.000000
  8 -25.322823 -1.142697 1.028538 0.599170 -0.237511 0.764581 0.000000 0.000000
rubbergloveCHROME.bmp
  8 -25.322823 -1.142697 1.028538 0.599170 -0.237511 0.764581 0.000000 0.000000
  8 -25.261532 -1.177294 0.911720 0.634582 -0.243966 0.733339 0.000000 0.000000
  8 -25.196594 -1.035446 0.860123 0.533750 -0.270975 0.801051 0.000000 0.000000
rubbergloveCHROME.bmp
  6 -24.314310 -1.271066 2.326573 -0.596942 -0.738984 0.312350 0.000000 0.000000
  6 -24.186664 -1.372584 2.247196 -0.340005 -0.915992 0.212967 0.000000 0.000000
  6 -24.161929 -1.347321 2.342851 -0.349444 -0.886242 0.304078 0.000000 0.000000
rubbergloveCHROME.bmp
  6 -24.161929 -1.347321 2.342851 -0.349444 -0.886242 0.304078 0.000000 0.000000
  6 -24.186664 -1.372584 2.247196 -0.340005 -0.915992 0.212967 0.000000 0.000000
  6 -23.992834 -1.390905 2.312726 0.040445 -0.958816 0.281135 0.000000 0.000000
rubbergloveCHROME.bmp
  6 -24.186664 -1.372584 2.247196 -0.340005 -0.915992 0.212967 0.000000 0.000000
  6 -24.014745 -1.429170 2.221865 0.025790 -0.987807 0.153533 0.000000 0.000000
  6 -23.992834 -1.390905 2.312726 0.040445 -0.958816 0.281135 0.000000 0.000000
rubbergloveCHROME.bmp
  6 -23.992834 -1.390905 2.312726 0.040445 -0.958816 0.281135 0.000000 0.000000
  6 -24.014745 -1.429170 2.221865 0.025790 -0.987807 0.153533 0.000000 0.000000
  6 -23.883741 -1.370399 2.241464 0.434290 -0.879951 0.192557 0.000000 0.000000
rubbergloveCHROME.bmp
  6 -24.014745 -1.429170 2.221865 0.025790 -0.987807 0.153533 0.000000 0.000000
  6 -23.944019 -1.418564 2.125504 0.249401 -0.967578 -0.039895 0.000000 0.000000
  6 -23.883741 -1.370399 2.241464 0.434290 -0.879951 0.192557 0.000000 0.000000
rubbergloveCHROME.bmp
  6 -23.883741 -1.370399 2.241464 0.434290 -0.879951 0.192557 0.000000 0.000000
  6 -23.944019 -1.418564 2.125504 0.249401 -0.967578 -0.039895 0.000000 0.000000
  6 -23.687032 -1.289017 2.095923 0.592027 -0.786748 0.174733 0.000000 0.000000
rubbergloveCHROME.bmp
  6 -23.944019 -1.418564 2.125504 0.249401 -0.967578 -0.039895 0.000000 0.000000
  6 -23.772441 -1.338636 1.907393 0.383794 -0.913662 -0.133878 0.000000 0.000000
  6 -23.687032 -1.289017 2.095923 0.592027 -0.786748 0.174733 0.000000 0.000000
rubbergloveCHROME.bmp
  6 -23.687032 -1.289017 2.095923 0.592027 -0.786748 0.174733 0.000000 0.000000
  6 -23.772441 -1.338636 1.907393 0.383794 -0.913662 -0.133878 0.000000 0.000000
  6 -23.411577 -1.083946 1.884805 0.649354 -0.749766 0.127245 0.000000 0.000000
rubbergloveCHROME.bmp
  6 -23.772441 -1.338636 1.907393 0.383794 -0.913662 -0.133878 0.000000 0.000000
  6 -23.526302 -1.188680 1.730959 0.434601 -0.868852 -0.237103 0.000000 0.000000
  6 -23.411577 -1.083946 1.884805 0.649354 -0.749766 0.127245 0.000000 0.000000
rubbergloveCHROME.bmp
  6 -23.411577 -1.083946 1.884805 0.649354 -0.749766 0.127245 0.000000 0.000000
  6 -23.526302 -1.188680 1.730959 0.434601 -0.868852 -0.237103 0.000000 0.000000
  6 -23.403877 -1.065071 1.618564 0.558892 -0.801429 -0.212960 0.000000 0.000000
rubbergloveCHROME.bmp
  6 -23.526302 -1.188680 1.730959 0.434601 -0.868852 -0.237103 0.000000 0.000000
  6 -23.552585 -1.057224 1.456316 0.248911 -0.768716 -0.589168 0.000000 0.000000
  6 -23.403877 -1.065071 1.618564 0.558892 -0.801429 -0.212960 0.000000 0.000000
rubbergloveCHROME.bmp
  6 -23.403877 -1.065071 1.618564 0.558892 -0.801429 -0.212960 0.000000 0.000000
  6 -23.552585 -1.057224 1.456316 0.248911 -0.768716 -0.589168 0.000000 0.000000
  6 -23.268688 -0.952639 1.530911 0.623823 -0.705633 -0.336047 0.000000 0.000000
rubbergloveCHROME.bmp
  6 -23.552585 -1.057224 1.456316 0.248911 -0.768716 -0.589168 0.000000 0.000000
  6 -23.468111 -0.916103 1.351202 0.239868 -0.729153 -0.640936 0.000000 0.000000
  6 -23.268688 -0.952639 1.530911 0.623823 -0.705633 -0.336047 0.000000 0.000000
rubbergloveCHROME.bmp
  6 -23.268688 -0.952639 1.530911 0.623823 -0.705633 -0.336047 0.000000 0.000000
  6 -23.468111 -0.916103 1.351202 0.239868 -0.729153 -0.640936 0.000000 0.000000
  5 -23.294320 -0.718925 1.215748 0.430584 -0.645187 -0.631135 0.000000 0.000000
rubbergloveCHROME.bmp
  27 28.791424 -1.730430 -0.255613 0.061464 0.474304 0.878213 0.000000 0.000000
  26 28.643928 -1.476253 -0.199897 0.598307 0.207252 0.773999 0.000000 0.000000
  27 28.806072 -1.773280 -0.226470 0.387301 0.191399 0.901867 0.000000 0.000000
rubbergloveCHROME.bmp
  27 28.806072 -1.773280 -0.226470 0.387301 0.191399 0.901867 0.000000 0.000000
  26 28.643928 -1.476253 -0.199897 0.598307 0.207252 0.773999 0.000000 0.000000
  26 28.582695 -1.529179 -0.110178 0.350758 0.044874 0.935390 0.000000 0.000000
rubbergloveCHROME.bmp
  26 28.643928 -1.476253 -0.199897 0.598307 0.207252 0.773999 0.000000 0.000000
  26 28.590900 -1.357798 -0.187388 0.406137 0.232160 0.883829 0.000000 0.000000
  26 28.582695 -1.529179 -0.110178 0.350758 0.044874 0.935390 0.000000 0.000000
rubbergloveCHROME.bmp
  26 28.582695 -1.529179 -0.110178 0.350758 0.044874 0.935390 0.000000 0.000000
  26 28.590900 -1.357798 -0.187388 0.406137 0.232160 0.883829 0.000000 0.000000
  26 28.501301 -1.411419 -0.107408 0.220324 0.110418 0.969157 0.000000 0.000000
rubbergloveCHROME.bmp
  26 28.590900 -1.357798 -0.187388 0.406137 0.232160 0.883829 0.000000 0.000000
  26 28.401464 -1.179508 -0.192555 0.396598 0.359382 0.844722 0.000000 0.000000
  26 28.501301 -1.411419 -0.107408 0.220324 0.110418 0.969157 0.000000 0.000000
rubbergloveCHROME.bmp
  26 28.501301 -1.411419 -0.107408 0.220324 0.110418 0.969157 0.000000 0.000000
  26 28.401464 -1.179508 -0.192555 0.396598 0.359382 0.844722 0.000000 0.000000
  26 28.312059 -1.233466 -0.092578 0.188866 0.150377 0.970421 0.000000 0.000000
rubbergloveCHROME.bmp
  26 28.401464 -1.179508 -0.192555 0.396598 0.359382 0.844722 0.000000 0.000000
  26 28.191954 -1.023908 -0.147900 0.428926 0.412019 0.803905 0.000000 0.000000
  26 28.312059 -1.233466 -0.092578 0.188866 0.150377 0.970421 0.000000 0.000000
rubbergloveCHROME.bmp
  26 28.312059 -1.233466 -0.092578 0.188866 0.150377 0.970421 0.000000 0.000000
  26 28.191954 -1.023908 -0.147900 0.428926 0.412019 0.803905 0.000000 0.000000
  26 28.137810 -1.083348 -0.078363 0.032757 -0.037383 0.998764 0.000000 0.000000
rubbergloveCHROME.bmp
  26 28.191954 -1.023908 -0.147900 0.428926 0.412019 0.803905 0.000000 0.000000
  26 28.035429 -0.973303 -0.075519 0.406137 0.232160 0.883829 0.000000 0.000000
  26 28.137810 -1.083348 -0.078363 0.032757 -0.037383 0.998764 0.000000 0.000000
rubbergloveCHROME.bmp
  26 28.137810 -1.083348 -0.078363 0.032757 -0.037383 0.998764 0.000000 0.000000
  26 28.035429 -0.973303 -0.075519 0.406137 0.232160 0.883829 0.000000 0.000000
  25 27.789073 -1.231064 -0.207497 -0.258585 -0.434020 0.862995 0.000000 0.000000
rubbergloveCHROME.bmp
  26 28.035429 -0.973303 -0.075519 0.406137 0.232160 0.883829 0.000000 0.000000
  25 27.859589 -0.825589 -0.081332 0.213969 0.161008 0.963480 0.000000 0.000000
  25 27.789073 -1.231064 -0.207497 -0.258585 -0.434020 0.862995 0.000000 0.000000
rubbergloveCHROME.bmp
  25 27.789073 -1.231064 -0.207497 -0.258585 -0.434020 0.862995 0.000000 0.000000
  25 27.859589 -0.825589 -0.081332 0.213969 0.161008 0.963480 0.000000 0.000000
  25 27.600577 -1.022432 -0.182157 -0.261521 -0.374885 0.889420 0.000000 0.000000
rubbergloveCHROME.bmp
  25 27.859589 -0.825589 -0.081332 0.213969 0.161008 0.963480 0.000000 0.000000
  25 27.795933 -0.701514 -0.088630 0.040309 0.110928 0.993011 0.000000 0.000000
  25 27.600577 -1.022432 -0.182157 -0.261521 -0.374885 0.889420 0.000000 0.000000
rubbergloveCHROME.bmp
  25 27.600577 -1.022432 -0.182157 -0.261521 -0.374885 0.889420 0.000000 0.000000
  25 27.795933 -0.701514 -0.088630 0.040309 0.110928 0.993011 0.000000 0.000000
  25 27.393559 -0.864229 -0.167488 -0.284625 -0.257813 0.923321 0.000000 0.000000
rubbergloveCHROME.bmp
  24 29.184931 -2.398986 0.875788 0.683763 -0.723533 0.094700 0.000000 0.000000
  24 29.140988 -2.429154 0.943308 0.580857 -0.774525 0.250432 0.000000 0.000000
  24 29.162960 -2.445435 0.836293 0.589743 -0.796685 0.132274 0.000000 0.000000
rubbergloveCHROME.bmp
  24 29.162960 -2.445435 0.836293 0.589743 -0.796685 0.132274 0.000000 0.000000
  24 29.140988 -2.429154 0.943308 0.580857 -0.774525 0.250432 0.000000 0.000000
  24 29.111256 -2.426496 0.898486 0.469257 -0.857972 0.209001 0.000000 0.000000
rubbergloveCHROME.bmp
  24 29.140988 -2.429154 0.943308 0.580857 -0.774525 0.250432 0.000000 0.000000
  24 29.060343 -2.438292 1.014109 0.488315 -0.775015 0.401125 0.000000 0.000000
  24 29.111256 -2.426496 0.898486 0.469257 -0.857972 0.209001 0.000000 0.000000
rubbergloveCHROME.bmp
  24 29.111256 -2.426496 0.898486 0.469257 -0.857972 0.209001 0.000000 0.000000
  24 29.060343 -2.438292 1.014109 0.488315 -0.775015 0.401125 0.000000 0.000000
  24 28.931905 -2.505314 0.921310 0.110960 -0.969156 0.220055 0.000000 0.000000
rubbergloveCHROME.bmp
  24 29.060343 -2.438292 1.014109 0.488315 -0.775015 0.401125 0.000000 0.000000
  24 28.987874 -2.415450 1.123775 0.278436 -0.726033 0.628768 0.000000 0.000000
  24 28.931905 -2.505314 0.921310 0.110960 -0.969156 0.220055 0.000000 0.000000
rubbergloveCHROME.bmp
  24 28.931905 -2.505314 0.921310 0.110960 -0.969156 0.220055 0.000000 0.000000
  24 28.987874 -2.415450 1.123775 0.278436 -0.726033 0.628768 0.000000 0.000000
  24 28.808507 -2.447741 1.031120 -0.194828 -0.802834 0.563471 0.000000 0.000000
rubbergloveCHROME.bmp
  24 28.987874 -2.415450 1.123775 0.278436 -0.726033 0.628768 0.000000 0.000000
  24 28.883242 -2.318669 1.192226 -0.122942 -0.559764 0.819481 0.000000 0.000000
  24 28.808507 -2.447741 1.031120 -0.194828 -0.802834 0.563471 0.000000 0.000000
rubbergloveCHROME.bmp
  24 28.808507 -2.447741 1.031120 -0.194828 -0.802834 0.563471 0.000000 0.000000
  24 28.883242 -2.318669 1.192226 -0.122942 -0.559764 0.819481 0.000000 0.000000
  24 28.663121 -2.327359 1.132467 -0.390394 -0.596212 0.701515 0.000000 0.000000
rubbergloveCHROME.bmp
  24 28.883242 -2.318669 1.192226 -0.122942 -0.559764 0.819481 0.000000 0.000000
  24 28.773767 -2.188581 1.236861 -0.193201 -0.294503 0.935917 0.000000 0.000000
  24 28.663121 -2.327359 1.132467 -0.390394 -0.596212 0.701515 0.000000 0.000000
rubbergloveCHROME.bmp
  24 28.663121 -2.327359 1.132467 -0.390394 -0.596212 0.701515 0.000000 0.000000
  24 28.773767 -2.188581 1.236861 -0.193201 -0.294503 0.935917 0.000000 0.000000
  24 28.445666 -2.119250 1.115028 -0.463517 -0.527439 0.712011 0.000000 0.000000
rubbergloveCHROME.bmp
  24 28.773767 -2.188581 1.236861 -0.193201 -0.294503 0.935917 0.000000 0.000000
  24 28.560508 -1.971524 1.239480 -0.243236 -0.120102 0.962503 0.000000 0.000000
  24 28.445666 -2.119250 1.115028 -0.463517 -0.527439 0.712011 0.000000 0.000000
rubbergloveCHROME.bmp
  24 28.445666 -2.119250 1.115028 -0.463517 -0.527439 0.712011 0.000000 0.000000
  24 28.560508 -1.971524 1.239480 -0.243236 -0.120102 0.962503 0.000000 0.000000
  24 28.258448 -1.967573 1.096496 -0.407918 -0.397780 0.821811 0.000000 0.000000
rubbergloveCHROME.bmp
  24 28.560508 -1.971524 1.239480 -0.243236 -0.120102 0.962503 0.000000 0.000000
  24 28.395333 -1.799003 1.212025 -0.125227 0.055011 0.990602 0.000000 0.000000
  24 28.258448 -1.967573 1.096496 -0.407918 -0.397780 0.821811 0.000000 0.000000
rubbergloveCHROME.bmp
  24 28.258448 -1.967573 1.096496 -0.407918 -0.397780 0.821811 0.000000 0.000000
  24 28.395333 -1.799003 1.212025 -0.125227 0.055011 0.990602 0.000000 0.000000
  24 28.201920 -1.613162 1.179548 -0.013777 0.020780 0.999689 0.000000 0.000000
rubbergloveCHROME.bmp
  23 27.823683 -1.730483 0.986020 -0.419230 -0.533153 0.734843 0.000000 0.000000
  23 27.619651 -1.532138 0.991527 -0.491979 -0.380924 0.782850 0.000000 0.000000
  23 27.735281 -1.810291 0.930201 -0.437501 -0.614991 0.656032 0.000000 0.000000
rubbergloveCHROME.bmp
  23 27.735281 -1.810291 0.930201 -0.437501 -0.614991 0.656032 0.000000 0.000000
  23 27.619651 -1.532138 0.991527 -0.491979 -0.380924 0.782850 0.000000 0.000000
  23 27.523963 -1.605280 0.934132 -0.582366 -0.486444 0.651324 0.000000 0.000000
rubbergloveCHROME.bmp
  23 27.619651 -1.532138 0.991527 -0.491979 -0.380924 0.782850 0.000000 0.000000
  23 27.350673 -1.418864 0.873968 -0.613228 -0.353178 0.706553 0.000000 0.000000
  23 27.523963 -1.605280 0.934132 -0.582366 -0.486444 0.651324 0.000000 0.000000
rubbergloveCHROME.bmp
  23 27.523963 -1.605280 0.934132 -0.582366 -0.486444 0.651324 0.000000 0.000000
  23 27.350673 -1.418864 0.873968 -0.613228 -0.353178 0.706553 0.000000 0.000000
  23 27.326950 -1.514933 0.767629 -0.740492 -0.600756 0.301272 0.000000 0.000000
rubbergloveCHROME.bmp
  23 27.350673 -1.418864 0.873968 -0.613228 -0.353178 0.706553 0.000000 0.000000
  23 27.187386 -1.360133 0.735087 -0.827430 -0.486014 0.281335 0.000000 0.000000
  23 27.326950 -1.514933 0.767629 -0.740492 -0.600756 0.301272 0.000000 0.000000
rubbergloveCHROME.bmp
  23 27.326950 -1.514933 0.767629 -0.740492 -0.600756 0.301272 0.000000 0.000000
  23 27.187386 -1.360133 0.735087 -0.827430 -0.486014 0.281335 0.000000 0.000000
  23 27.202854 -1.395325 0.578172 -0.802572 -0.595012 -0.042885 0.000000 0.000000
rubbergloveCHROME.bmp
  23 27.187386 -1.360133 0.735087 -0.827430 -0.486014 0.281335 0.000000 0.000000
  23 27.135387 -1.212787 0.583479 -0.732770 -0.680150 0.021087 0.000000 0.000000
  23 27.202854 -1.395325 0.578172 -0.802572 -0.595012 -0.042885 0.000000 0.000000
rubbergloveCHROME.bmp
  23 27.202854 -1.395325 0.578172 -0.802572 -0.595012 -0.042885 0.000000 0.000000
  23 27.135387 -1.212787 0.583479 -0.732770 -0.680150 0.021087 0.000000 0.000000
  23 27.152948 -1.223931 0.455153 -0.705217 -0.647246 -0.289381 0.000000 0.000000
rubbergloveCHROME.bmp
  23 27.135387 -1.212787 0.583479 -0.732770 -0.680150 0.021087 0.000000 0.000000
  22 27.059405 -1.198298 0.551562 -0.266440 -0.955484 0.126727 0.000000 0.000000
  23 27.152948 -1.223931 0.455153 -0.705217 -0.647246 -0.289381 0.000000 0.000000
rubbergloveCHROME.bmp
  23 27.152948 -1.223931 0.455153 -0.705217 -0.647246 -0.289381 0.000000 0.000000
  22 27.059405 -1.198298 0.551562 -0.266440 -0.955484 0.126727 0.000000 0.000000
  22 27.109184 -1.184780 0.435634 -0.260348 -0.927437 -0.268477 0.000000 0.000000
rubbergloveCHROME.bmp
  22 27.059405 -1.198298 0.551562 -0.266440 -0.955484 0.126727 0.000000 0.000000
  22 27.067238 -1.188061 0.430179 -0.143669 -0.956777 -0.252859 0.000000 0.000000
  22 27.109184 -1.184780 0.435634 -0.260348 -0.927437 -0.268477 0.000000 0.000000
rubbergloveCHROME.bmp
  22 27.109184 -1.184780 0.435634 -0.260348 -0.927437 -0.268477 0.000000 0.000000
  22 27.067238 -1.188061 0.430179 -0.143669 -0.956777 -0.252859 0.000000 0.000000
  22 27.139237 -1.113116 0.271435 -0.273457 -0.803882 -0.528200 0.000000 0.000000
rubbergloveCHROME.bmp
  22 27.067238 -1.188061 0.430179 -0.143669 -0.956777 -0.252859 0.000000 0.000000
  22 27.077565 -1.058253 0.217709 -0.310269 -0.698315 -0.645050 0.000000 0.000000
  22 27.139237 -1.113116 0.271435 -0.273457 -0.803882 -0.528200 0.000000 0.000000
rubbergloveCHROME.bmp
  22 27.139237 -1.113116 0.271435 -0.273457 -0.803882 -0.528200 0.000000 0.000000
  22 27.077565 -1.058253 0.217709 -0.310269 -0.698315 -0.645050 0.000000 0.000000
  22 27.120861 -1.055829 0.213293 -0.256232 -0.668787 -0.697903 0.000000 0.000000
rubbergloveCHROME.bmp
  21 25.455004 -0.896273 1.349673 -0.239871 -0.729151 -0.640938 0.000000 0.000000
  21 25.557190 -1.031006 1.441351 -0.248916 -0.768714 -0.589168 0.000000 0.000000
  21 25.255600 -0.930316 1.539354 -0.623823 -0.705633 -0.336045 0.000000 0.000000
rubbergloveCHROME.bmp
  21 25.255600 -0.930316 1.539354 -0.623823 -0.705633 -0.336045 0.000000 0.000000
  21 25.557190 -1.031006 1.441351 -0.248916 -0.768714 -0.589168 0.000000 0.000000
  21 25.386711 -1.049478 1.648946 -0.558898 -0.801425 -0.212959 0.000000 0.000000
rubbergloveCHROME.bmp
  21 25.557190 -1.031006 1.441351 -0.248916 -0.768714 -0.589168 0.000000 0.000000
  21 25.516668 -1.155033 1.731825 -0.434607 -0.868849 -0.237104 0.000000 0.000000
  21 25.386711 -1.049478 1.648946 -0.558898 -0.801425 -0.212959 0.000000 0.000000
rubbergloveCHROME.bmp
  21 25.386711 -1.049478 1.648946 -0.558898 -0.801425 -0.212959 0.000000 0.000000
  21 25.516668 -1.155033 1.731825 -0.434607 -0.868849 -0.237104 0.000000 0.000000
  21 25.439347 -1.087666 1.893018 -0.649359 -0.749762 0.127239 0.000000 0.000000
rubbergloveCHROME.bmp
  21 25.516668 -1.155033 1.731825 -0.434607 -0.868849 -0.237104 0.000000 0.000000
  21 25.808327 -1.337541 1.910783 -0.383795 -0.913662 -0.133878 0.000000 0.000000
  21 25.439347 -1.087666 1.893018 -0.649359 -0.749762 0.127239 0.000000 0.000000
rubbergloveCHROME.bmp
  21 25.439347 -1.087666 1.893018 -0.649359 -0.749762 0.127239 0.000000 0.000000
  21 25.808327 -1.337541 1.910783 -0.383795 -0.913662 -0.133878 0.000000 0.000000
  21 25.682393 -1.282358 2.094074 -0.592026 -0.786749 0.174730 0.000000 0.000000
rubbergloveCHROME.bmp
  21 25.808327 -1.337541 1.910783 -0.383795 -0.913662 -0.133878 0.000000 0.000000
  21 25.960730 -1.405755 2.131510 -0.249401 -0.967578 -0.039896 0.000000 0.000000
  21 25.682393 -1.282358 2.094074 -0.592026 -0.786749 0.174730 0.000000 0.000000
rubbergloveCHROME.bmp
  21 25.682393 -1.282358 2.094074 -0.592026 -0.786749 0.174730 0.000000 0.000000
  21 25.960730 -1.405755 2.131510 -0.249401 -0.967578 -0.039896 0.000000 0.000000
  21 25.912802 -1.377180 2.245468 -0.434290 -0.879951 0.192557 0.000000 0.000000
rubbergloveCHROME.bmp
  21 25.960730 -1.405755 2.131510 -0.249401 -0.967578 -0.039896 0.000000 0.000000
  21 25.995171 -1.414432 2.234167 -0.025789 -0.987807 0.153535 0.000000 0.000000
  21 25.912802 -1.377180 2.245468 -0.434290 -0.879951 0.192557 0.000000 0.000000
rubbergloveCHROME.bmp
  21 25.912802 -1.377180 2.245468 -0.434290 -0.879951 0.192557 0.000000 0.000000
  21 25.995171 -1.414432 2.234167 -0.025789 -0.987807 0.153535 0.000000 0.000000
  21 26.002118 -1.384861 2.320059 -0.040443 -0.958815 0.281137 0.000000 0.000000
rubbergloveCHROME.bmp
  21 25.995171 -1.414432 2.234167 -0.025789 -0.987807 0.153535 0.000000 0.000000
  21 26.181088 -1.360493 2.261102 0.340006 -0.915991 0.212969 0.000000 0.000000
  21 26.002118 -1.384861 2.320059 -0.040443 -0.958815 0.281137 0.000000 0.000000
rubbergloveCHROME.bmp
  21 26.002118 -1.384861 2.320059 -0.040443 -0.958815 0.281137 0.000000 0.000000
  21 26.181088 -1.360493 2.261102 0.340006 -0.915991 0.212969 0.000000 0.000000
  21 26.193533 -1.338571 2.350346 0.349446 -0.886243 0.304075 0.000000 0.000000
rubbergloveCHROME.bmp
  21 26.181088 -1.360493 2.261102 0.340006 -0.915991 0.212969 0.000000 0.000000
  21 26.316241 -1.274411 2.325318 0.596940 -0.738985 0.312353 0.000000 0.000000
  21 26.193533 -1.338571 2.350346 0.349446 -0.886243 0.304075 0.000000 0.000000
rubbergloveCHROME.bmp
  18 -25.910150 -1.570096 -3.085818 -0.207936 -0.954468 -0.213901 0.000000 0.000000
  18 -25.925004 -1.549031 -3.232228 -0.229429 -0.843368 -0.485894 0.000000 0.000000
  18 -25.840930 -1.547315 -3.158548 -0.136328 -0.893716 -0.427418 0.000000 0.000000
rubbergloveCHROME.bmp
  18 -25.840930 -1.547315 -3.158548 -0.136328 -0.893716 -0.427418 0.000000 0.000000
  18 -25.925004 -1.549031 -3.232228 -0.229429 -0.843368 -0.485894 0.000000 0.000000
  18 -25.832757 -1.544692 -3.281943 0.113216 -0.864942 -0.488935 0.000000 0.000000
rubbergloveCHROME.bmp
  18 -25.925004 -1.549031 -3.232228 -0.229429 -0.843368 -0.485894 0.000000 0.000000
  18 -25.875000 -1.475208 -3.310008 -0.363857 -0.122531 -0.923360 0.000000 0.000000
  18 -25.832757 -1.544692 -3.281943 0.113216 -0.864942 -0.488935 0.000000 0.000000
rubbergloveCHROME.bmp
  18 -25.832757 -1.544692 -3.281943 0.113216 -0.864942 -0.488935 0.000000 0.000000
  18 -25.875000 -1.475208 -3.310008 -0.363857 -0.122531 -0.923360 0.000000 0.000000
  18 -25.781111 -1.466899 -3.306043 0.235844 -0.478465 -0.845842 0.000000 0.000000
rubbergloveCHROME.bmp
  18 -25.875000 -1.475208 -3.310008 -0.363857 -0.122531 -0.923360 0.000000 0.000000
  18 -25.724121 -1.312966 -3.313584 -0.312926 0.244743 -0.917703 0.000000 0.000000
  18 -25.781111 -1.466899 -3.306043 0.235844 -0.478465 -0.845842 0.000000 0.000000
rubbergloveCHROME.bmp
  18 -25.781111 -1.466899 -3.306043 0.235844 -0.478465 -0.845842 0.000000 0.000000
  18 -25.724121 -1.312966 -3.313584 -0.312926 0.244743 -0.917703 0.000000 0.000000
  18 -25.662075 -1.308749 -3.328834 0.260447 -0.195066 -0.945577 0.000000 0.000000
rubbergloveCHROME.bmp
  18 -25.724121 -1.312966 -3.313584 -0.312926 0.244743 -0.917703 0.000000 0.000000
  18 -25.548960 -1.111748 -3.292842 -0.349587 0.311817 -0.883492 0.000000 0.000000
  18 -25.662075 -1.308749 -3.328834 0.260447 -0.195066 -0.945577 0.000000 0.000000
rubbergloveCHROME.bmp
  18 -25.662075 -1.308749 -3.328834 0.260447 -0.195066 -0.945577 0.000000 0.000000
  18 -25.548960 -1.111748 -3.292842 -0.349587 0.311817 -0.883492 0.000000 0.000000
  18 -25.503017 -1.109062 -3.301898 0.223144 -0.080929 -0.971420 0.000000 0.000000
rubbergloveCHROME.bmp
  18 -25.548960 -1.111748 -3.292842 -0.349587 0.311817 -0.883492 0.000000 0.000000
  18 -25.427861 -0.850578 -3.252525 0.183057 0.833684 -0.521019 0.000000 0.000000
  18 -25.503017 -1.109062 -3.301898 0.223144 -0.080929 -0.971420 0.000000 0.000000
rubbergloveCHROME.bmp
  18 -25.503017 -1.109062 -3.301898 0.223144 -0.080929 -0.971420 0.000000 0.000000
  18 -25.427861 -0.850578 -3.252525 0.183057 0.833684 -0.521019 0.000000 0.000000
  18 -25.314118 -0.908220 -3.277823 0.601007 0.458085 -0.654942 0.000000 0.000000
rubbergloveCHROME.bmp
  18 -25.427861 -0.850578 -3.252525 0.183057 0.833684 -0.521019 0.000000 0.000000
  18 -25.346961 -0.896372 -3.231122 0.345649 0.813869 -0.467059 0.000000 0.000000
  18 -25.314118 -0.908220 -3.277823 0.601007 0.458085 -0.654942 0.000000 0.000000
rubbergloveCHROME.bmp
  18 -25.314118 -0.908220 -3.277823 0.601007 0.458085 -0.654942 0.000000 0.000000
  18 -25.346961 -0.896372 -3.231122 0.345649 0.813869 -0.467059 0.000000 0.000000
  18 -25.285359 -0.903969 -3.185873 0.513705 0.396156 -0.761030 0.000000 0.000000
rubbergloveCHROME.bmp
  18 -25.346961 -0.896372 -3.231122 0.345649 0.813869 -0.467059 0.000000 0.000000
  17 -25.244760 -0.745197 -3.186014 -0.006918 0.133833 -0.990980 0.000000 0.000000
  18 -25.285359 -0.903969 -3.185873 0.513705 0.396156 -0.761030 0.000000 0.000000
rubbergloveCHROME.bmp
  18 -25.827402 -1.569000 -2.676732 -0.199725 -0.808370 0.553758 0.000000 0.000000
  18 -25.708482 -1.576193 -2.627678 -0.175238 -0.707364 0.684783 0.000000 0.000000
  18 -25.749082 -1.502740 -2.602062 -0.068175 -0.544315 0.836106 0.000000 0.000000
rubbergloveCHROME.bmp
  18 -25.749082 -1.502740 -2.602062 -0.068175 -0.544315 0.836106 0.000000 0.000000
  18 -25.708482 -1.576193 -2.627678 -0.175238 -0.707364 0.684783 0.000000 0.000000
  18 -25.644590 -1.354997 -2.536082 -0.056402 -0.358439 0.931848 0.000000 0.000000
rubbergloveCHROME.bmp
  18 -25.708482 -1.576193 -2.627678 -0.175238 -0.707364 0.684783 0.000000 0.000000
  18 -25.497915 -1.376819 -2.483069 0.002492 -0.508362 0.861140 0.000000 0.000000
  18 -25.644590 -1.354997 -2.536082 -0.056402 -0.358439 0.931848 0.000000 0.000000
rubbergloveCHROME.bmp
  18 -25.644590 -1.354997 -2.536082 -0.056402 -0.358439 0.931848 0.000000 0.000000
  18 -25.497915 -1.376819 -2.483069 0.002492 -0.508362 0.861140 0.000000 0.000000
  18 -25.512537 -1.195159 -2.492332 -0.096766 -0.236010 0.966921 0.000000 0.000000
rubbergloveCHROME.bmp
  18 -25.497915 -1.376819 -2.483069 0.002492 -0.508362 0.861140 0.000000 0.000000
  18 -25.369952 -1.235704 -2.454575 0.059243 -0.378786 0.923586 0.000000 0.000000
  18 -25.512537 -1.195159 -2.492332 -0.096766 -0.236010 0.966921 0.000000 0.000000
rubbergloveCHROME.bmp
  18 -25.512537 -1.195159 -2.492332 -0.096766 -0.236010 0.966921 0.000000 0.000000
  18 -25.369952 -1.235704 -2.454575 0.059243 -0.378786 0.923586 0.000000 0.000000
  18 -25.376673 -1.002722 -2.430618 -0.060784 -0.202547 0.977384 0.000000 0.000000
rubbergloveCHROME.bmp
  18 -25.369952 -1.235704 -2.454575 0.059243 -0.378786 0.923586 0.000000 0.000000
  17 -25.217200 -1.077598 -2.395539 0.241571 -0.366977 0.898316 0.000000 0.000000
  18 -25.376673 -1.002722 -2.430618 -0.060784 -0.202547 0.977384 0.000000 0.000000
rubbergloveCHROME.bmp
  18 -25.376673 -1.002722 -2.430618 -0.060784 -0.202547 0.977384 0.000000 0.000000
  17 -25.217200 -1.077598 -2.395539 0.241571 -0.366977 0.898316 0.000000 0.000000
  17 -25.213324 -0.813129 -2.383644 -0.074940 -0.168102 0.982917 0.000000 0.000000
rubbergloveCHROME.bmp
  17 -25.217200 -1.077598 -2.395539 0.241571 -0.366977 0.898316 0.000000 0.000000
  17 -25.090282 -0.944440 -2.379392 0.292778 -0.433758 0.852136 0.000000 0.000000
  17 -25.213324 -0.813129 -2.383644 -0.074940 -0.168102 0.982917 0.000000 0.000000
rubbergloveCHROME.bmp
  17 -25.213324 -0.813129 -2.383644 -0.074940 -0.168102 0.982917 0.000000 0.000000
  17 -25.090282 -0.944440 -2.379392 0.292778 -0.433758 0.852136 0.000000 0.000000
  17 -24.986559 -0.818182 -2.328398 0.044874 -0.290781 0.955737 0.000000 0.000000
rubbergloveCHROME.bmp
  17 -25.090282 -0.944440 -2.379392 0.292778 -0.433758 0.852136 0.000000 0.000000
  17 -24.818235 -0.914971 -2.568395 0.589757 -0.706494 0.391219 0.000000 0.000000
  17 -24.986559 -0.818182 -2.328398 0.044874 -0.290781 0.955737 0.000000 0.000000
rubbergloveCHROME.bmp
  17 -24.986559 -0.818182 -2.328398 0.044874 -0.290781 0.955737 0.000000 0.000000
  17 -24.818235 -0.914971 -2.568395 0.589757 -0.706494 0.391219 0.000000 0.000000
  17 -24.813875 -0.682541 -2.289904 0.084878 -0.475879 0.875405 0.000000 0.000000
rubbergloveCHROME.bmp
  17 -24.818235 -0.914971 -2.568395 0.589757 -0.706494 0.391219 0.000000 0.000000
  17 -24.618068 -0.780783 -2.523374 0.489140 -0.810221 0.322929 0.000000 0.000000
  17 -24.813875 -0.682541 -2.289904 0.084878 -0.475879 0.875405 0.000000 0.000000
rubbergloveCHROME.bmp
  17 -24.924154 -0.957342 -2.928514 0.702370 -0.458456 -0.544513 0.000000 0.000000
  17 -24.870095 -1.027017 -2.834584 0.789411 -0.530829 -0.308304 0.000000 0.000000
  18 -25.052085 -1.101390 -2.999571 0.700127 -0.438385 -0.563596 0.000000 0.000000
rubbergloveCHROME.bmp
  18 -25.052085 -1.101390 -2.999571 0.700127 -0.438385 -0.563596 0.000000 0.000000
  17 -24.870095 -1.027017 -2.834584 0.789411 -0.530829 -0.308304 0.000000 0.000000
  18 -24.976439 -1.175655 -2.869716 0.815102 -0.550426 -0.180666 0.000000 0.000000
rubbergloveCHROME.bmp
  17 -24.870095 -1.027017 -2.834584 0.789411 -0.530829 -0.308304 0.000000 0.000000
  17 -24.924321 -1.043136 -2.609862 0.702111 -0.591839 0.395937 0.000000 0.000000
  18 -24.976439 -1.175655 -2.869716 0.815102 -0.550426 -0.180666 0.000000 0.000000
rubbergloveCHROME.bmp
  18 -24.976439 -1.175655 -2.869716 0.815102 -0.550426 -0.180666 0.000000 0.000000
  17 -24.924321 -1.043136 -2.609862 0.702111 -0.591839 0.395937 0.000000 0.000000
  17 -25.014558 -1.183135 -2.628773 0.726129 -0.544683 0.419592 0.000000 0.000000
rubbergloveCHROME.bmp
  17 -24.924321 -1.043136 -2.609862 0.702111 -0.591839 0.395937 0.000000 0.000000
  17 -25.217200 -1.077598 -2.395539 0.241571 -0.366977 0.898316 0.000000 0.000000
  17 -25.014558 -1.183135 -2.628773 0.726129 -0.544683 0.419592 0.000000 0.000000
rubbergloveCHROME.bmp
  17 -25.014558 -1.183135 -2.628773 0.726129 -0.544683 0.419592 0.000000 0.000000
  17 -25.217200 -1.077598 -2.395539 0.241571 -0.366977 0.898316 0.000000 0.000000
  18 -25.152398 -1.352833 -2.644447 0.639511 -0.689745 0.339525 0.000000 0.000000
rubbergloveCHROME.bmp
  17 -25.217200 -1.077598 -2.395539 0.241571 -0.366977 0.898316 0.000000 0.000000
  18 -25.369952 -1.235704 -2.454575 0.059243 -0.378786 0.923586 0.000000 0.000000
  18 -25.152398 -1.352833 -2.644447 0.639511 -0.689745 0.339525 0.000000 0.000000
rubbergloveCHROME.bmp
  18 -25.152398 -1.352833 -2.644447 0.639511 -0.689745 0.339525 0.000000 0.000000
  18 -25.369952 -1.235704 -2.454575 0.059243 -0.378786 0.923586 0.000000 0.000000
  18 -25.255360 -1.457037 -2.711831 0.435745 -0.826406 0.356623 0.000000 0.000000
rubbergloveCHROME.bmp
  18 -25.369952 -1.235704 -2.454575 0.059243 -0.378786 0.923586 0.000000 0.000000
  18 -25.497915 -1.376819 -2.483069 0.002492 -0.508362 0.861140 0.000000 0.000000
  18 -25.255360 -1.457037 -2.711831 0.435745 -0.826406 0.356623 0.000000 0.000000
rubbergloveCHROME.bmp
  18 -25.255360 -1.457037 -2.711831 0.435745 -0.826406 0.356623 0.000000 0.000000
  18 -25.497915 -1.376819 -2.483069 0.002492 -0.508362 0.861140 0.000000 0.000000
  18 -25.638796 -1.628835 -2.830835 0.127091 -0.974353 0.185700 0.000000 0.000000
rubbergloveCHROME.bmp
  18 -25.497915 -1.376819 -2.483069 0.002492 -0.508362 0.861140 0.000000 0.000000
  18 -25.708482 -1.576193 -2.627678 -0.175238 -0.707364 0.684783 0.000000 0.000000
  18 -25.638796 -1.628835 -2.830835 0.127091 -0.974353 0.185700 0.000000 0.000000
rubbergloveCHROME.bmp
  18 -25.638796 -1.628835 -2.830835 0.127091 -0.974353 0.185700 0.000000 0.000000
  18 -25.708482 -1.576193 -2.627678 -0.175238 -0.707364 0.684783 0.000000 0.000000
  18 -25.824039 -1.583035 -2.752176 -0.065896 -0.958447 0.277557 0.000000 0.000000
rubbergloveCHROME.bmp
  18 -25.708482 -1.576193 -2.627678 -0.175238 -0.707364 0.684783 0.000000 0.000000
  18 -25.827402 -1.569000 -2.676732 -0.199725 -0.808370 0.553758 0.000000 0.000000
  18 -25.824039 -1.583035 -2.752176 -0.065896 -0.958447 0.277557 0.000000 0.000000
rubbergloveCHROME.bmp
  14 -25.937280 -1.505369 -1.394400 0.230895 -0.497109 0.836403 0.000000 0.000000
  15 -26.109468 -1.534553 -1.335289 0.212799 -0.407786 0.887934 0.000000 0.000000
  15 -26.037215 -1.604550 -1.405146 0.241388 -0.468946 0.849601 0.000000 0.000000
rubbergloveCHROME.bmp
  15 -26.037215 -1.604550 -1.405146 0.241388 -0.468946 0.849601 0.000000 0.000000
  15 -26.109468 -1.534553 -1.335289 0.212799 -0.407786 0.887934 0.000000 0.000000
  15 -26.250577 -1.852460 -1.453286 0.241388 -0.468946 0.849601 0.000000 0.000000
rubbergloveCHROME.bmp
  15 -26.109468 -1.534553 -1.335289 0.212799 -0.407786 0.887934 0.000000 0.000000
  15 -26.342703 -1.788669 -1.396334 0.212799 -0.407786 0.887934 0.000000 0.000000
  15 -26.250577 -1.852460 -1.453286 0.241388 -0.468946 0.849601 0.000000 0.000000
rubbergloveCHROME.bmp
  15 -26.250577 -1.852460 -1.453286 0.241388 -0.468946 0.849601 0.000000 0.000000
  15 -26.342703 -1.788669 -1.396334 0.212799 -0.407786 0.887934 0.000000 0.000000
  15 -26.420327 -1.998578 -1.516803 0.241388 -0.468946 0.849601 0.000000 0.000000
rubbergloveCHROME.bmp
  15 -26.342703 -1.788669 -1.396334 0.212799 -0.407786 0.887934 0.000000 0.000000
  15 -26.492372 -1.999932 -1.443948 0.299479 -0.471650 0.829373 0.000000 0.000000
  15 -26.420327 -1.998578 -1.516803 0.241388 -0.468946 0.849601 0.000000 0.000000
rubbergloveCHROME.bmp
  15 -26.420327 -1.998578 -1.516803 0.241388 -0.468946 0.849601 0.000000 0.000000
  15 -26.492372 -1.999932 -1.443948 0.299479 -0.471650 0.829373 0.000000 0.000000
  15 -26.551414 -2.133273 -1.544618 0.340911 -0.548432 0.763546 0.000000 0.000000
rubbergloveCHROME.bmp
  15 -26.492372 -1.999932 -1.443948 0.299479 -0.471650 0.829373 0.000000 0.000000
  15 -26.636432 -2.133744 -1.483204 0.223046 -0.537661 0.813124 0.000000 0.000000
  15 -26.551414 -2.133273 -1.544618 0.340911 -0.548432 0.763546 0.000000 0.000000
rubbergloveCHROME.bmp
  15 -26.551414 -2.133273 -1.544618 0.340911 -0.548432 0.763546 0.000000 0.000000
  15 -26.636432 -2.133744 -1.483204 0.223046 -0.537661 0.813124 0.000000 0.000000
  15 -26.725124 -2.326719 -1.633518 0.122867 -0.659790 0.741337 0.000000 0.000000
rubbergloveCHROME.bmp
  15 -26.636432 -2.133744 -1.483204 0.223046 -0.537661 0.813124 0.000000 0.000000
  15 -26.877940 -2.426392 -1.660209 -0.024191 -0.804851 0.592984 0.000000 0.000000
  15 -26.725124 -2.326719 -1.633518 0.122867 -0.659790 0.741337 0.000000 0.000000
rubbergloveCHROME.bmp
  15 -26.725124 -2.326719 -1.633518 0.122867 -0.659790 0.741337 0.000000 0.000000
  15 -26.877940 -2.426392 -1.660209 -0.024191 -0.804851 0.592984 0.000000 0.000000
  15 -26.765583 -2.383492 -1.714388 -0.025397 -0.912686 0.407871 0.000000 0.000000
rubbergloveCHROME.bmp
  15 -26.877940 -2.426392 -1.660209 -0.024191 -0.804851 0.592984 0.000000 0.000000
  15 -26.902273 -2.439029 -1.825885 -0.101260 -0.990243 0.095733 0.000000 0.000000
  15 -26.765583 -2.383492 -1.714388 -0.025397 -0.912686 0.407871 0.000000 0.000000
rubbergloveCHROME.bmp
  15 -26.765583 -2.383492 -1.714388 -0.025397 -0.912686 0.407871 0.000000 0.000000
  15 -26.902273 -2.439029 -1.825885 -0.101260 -0.990243 0.095733 0.000000 0.000000
  15 -26.786830 -2.421141 -1.841790 -0.101260 -0.990243 0.095733 0.000000 0.000000
rubbergloveCHROME.bmp
  15 -26.902273 -2.439029 -1.825885 -0.101260 -0.990243 0.095733 0.000000 0.000000
  15 -26.771158 -2.435438 -1.983034 -0.022242 -0.994936 -0.098017 0.000000 0.000000
  15 -26.786830 -2.421141 -1.841790 -0.101260 -0.990243 0.095733 0.000000 0.000000
rubbergloveCHROME.bmp
  12 -26.848323 -1.772660 -0.246861 -0.387309 0.191396 0.901864 0.000000 0.000000
  11 -26.610881 -1.528090 -0.120423 -0.350756 0.044874 0.935391 0.000000 0.000000
  11 -26.664927 -1.468482 -0.199958 -0.598319 0.207260 0.773988 0.000000 0.000000
rubbergloveCHROME.bmp
  11 -26.664927 -1.468482 -0.199958 -0.598319 0.207260 0.773988 0.000000 0.000000
  11 -26.610881 -1.528090 -0.120423 -0.350756 0.044874 0.935391 0.000000 0.000000
  11 -26.647452 -1.356014 -0.187894 -0.406135 0.232160 0.883830 0.000000 0.000000
rubbergloveCHROME.bmp
  11 -26.610881 -1.528090 -0.120423 -0.350756 0.044874 0.935391 0.000000 0.000000
  11 -26.543912 -1.410404 -0.087788 -0.220317 0.110416 0.969159 0.000000 0.000000
  11 -26.647452 -1.356014 -0.187894 -0.406135 0.232160 0.883830 0.000000 0.000000
rubbergloveCHROME.bmp
  11 -26.647452 -1.356014 -0.187894 -0.406135 0.232160 0.883830 0.000000 0.000000
  11 -26.543912 -1.410404 -0.087788 -0.220317 0.110416 0.969159 0.000000 0.000000
  11 -26.423323 -1.200005 -0.193100 -0.396595 0.359378 0.844725 0.000000 0.000000
rubbergloveCHROME.bmp
  11 -26.543912 -1.410404 -0.087788 -0.220317 0.110416 0.969159 0.000000 0.000000
  11 -26.319353 -1.240261 -0.092752 -0.188866 0.150375 0.970421 0.000000 0.000000
  11 -26.423323 -1.200005 -0.193100 -0.396595 0.359378 0.844725 0.000000 0.000000
rubbergloveCHROME.bmp
  11 -26.423323 -1.200005 -0.193100 -0.396595 0.359378 0.844725 0.000000 0.000000
  11 -26.319353 -1.240261 -0.092752 -0.188866 0.150375 0.970421 0.000000 0.000000
  11 -26.220332 -1.023157 -0.138149 -0.428926 0.412019 0.803905 0.000000 0.000000
rubbergloveCHROME.bmp
  11 -26.319353 -1.240261 -0.092752 -0.188866 0.150375 0.970421 0.000000 0.000000
  11 -26.180323 -1.082165 -0.068742 -0.032756 -0.037385 0.998764 0.000000 0.000000
  11 -26.220332 -1.023157 -0.138149 -0.428926 0.412019 0.803905 0.000000 0.000000
rubbergloveCHROME.bmp
  11 -26.220332 -1.023157 -0.138149 -0.428926 0.412019 0.803905 0.000000 0.000000
  11 -26.180323 -1.082165 -0.068742 -0.032756 -0.037385 0.998764 0.000000 0.000000
  11 -26.078038 -0.972289 -0.055900 -0.406135 0.232160 0.883830 0.000000 0.000000
rubbergloveCHROME.bmp
  11 -26.180323 -1.082165 -0.068742 -0.032756 -0.037385 0.998764 0.000000 0.000000
  10 -25.765936 -1.196902 -0.206687 0.258588 -0.434019 0.862995 0.000000 0.000000
  11 -26.078038 -0.972289 -0.055900 -0.406135 0.232160 0.883830 0.000000 0.000000
rubbergloveCHROME.bmp
  11 -26.078038 -0.972289 -0.055900 -0.406135 0.232160 0.883830 0.000000 0.000000
  10 -25.765936 -1.196902 -0.206687 0.258588 -0.434019 0.862995 0.000000 0.000000
  10 -25.901557 -0.809726 -0.041453 -0.213971 0.161001 0.963481 0.000000 0.000000
rubbergloveCHROME.bmp
  10 -25.765936 -1.196902 -0.206687 0.258588 -0.434019 0.862995 0.000000 0.000000
  10 -25.573231 -1.038247 -0.172145 0.261522 -0.374886 0.889419 0.000000 0.000000
  10 -25.901557 -0.809726 -0.041453 -0.213971 0.161001 0.963481 0.000000 0.000000
rubbergloveCHROME.bmp
  10 -25.901557 -0.809726 -0.041453 -0.213971 0.161001 0.963481 0.000000 0.000000
  10 -25.573231 -1.038247 -0.172145 0.261522 -0.374886 0.889419 0.000000 0.000000
  10 -25.803588 -0.708464 -0.068806 -0.040311 0.110928 0.993011 0.000000 0.000000
rubbergloveCHROME.bmp
  10 -25.573231 -1.038247 -0.172145 0.261522 -0.374886 0.889419 0.000000 0.000000
  10 -25.428667 -0.855485 -0.147665 0.284626 -0.257813 0.923320 0.000000 0.000000
  10 -25.803588 -0.708464 -0.068806 -0.040311 0.110928 0.993011 0.000000 0.000000
rubbergloveCHROME.bmp
  15 -27.043272 -2.329161 -2.103280 -0.500271 -0.857316 -0.121402 0.000000 0.000000
  15 -27.111743 -2.271588 -2.196000 -0.627287 -0.674716 -0.388935 0.000000 0.000000
  15 -27.021637 -2.322131 -2.170974 -0.480566 -0.807144 -0.342892 0.000000 0.000000
rubbergloveCHROME.bmp
  15 -27.021637 -2.322131 -2.170974 -0.480566 -0.807144 -0.342892 0.000000 0.000000
  15 -27.111743 -2.271588 -2.196000 -0.627287 -0.674716 -0.388935 0.000000 0.000000
  15 -27.025900 -2.256056 -2.265927 -0.357187 -0.674183 -0.646448 0.000000 0.000000
rubbergloveCHROME.bmp
  15 -27.111743 -2.271588 -2.196000 -0.627287 -0.674716 -0.388935 0.000000 0.000000
  15 -27.103807 -2.164179 -2.275375 -0.725772 -0.014508 -0.687783 0.000000 0.000000
  15 -27.025900 -2.256056 -2.265927 -0.357187 -0.674183 -0.646448 0.000000 0.000000
rubbergloveCHROME.bmp
  15 -27.025900 -2.256056 -2.265927 -0.357187 -0.674183 -0.646448 0.000000 0.000000
  15 -27.103807 -2.164179 -2.275375 -0.725772 -0.014508 -0.687783 0.000000 0.000000
  15 -26.997574 -2.170586 -2.335155 -0.244527 -0.265800 -0.932500 0.000000 0.000000
rubbergloveCHROME.bmp
  15 -27.103807 -2.164179 -2.275375 -0.725772 -0.014508 -0.687783 0.000000 0.000000
  15 -26.972249 -1.958299 -2.321265 -0.585320 0.404916 -0.702455 0.000000 0.000000
  15 -26.997574 -2.170586 -2.335155 -0.244527 -0.265800 -0.932500 0.000000 0.000000
rubbergloveCHROME.bmp
  15 -26.997574 -2.170586 -2.335155 -0.244527 -0.265800 -0.932500 0.000000 0.000000
  15 -26.972249 -1.958299 -2.321265 -0.585320 0.404916 -0.702455 0.000000 0.000000
  15 -26.825187 -1.951304 -2.365127 -0.102341 0.090428 -0.990631 0.000000 0.000000
rubbergloveCHROME.bmp
  15 -26.972249 -1.958299 -2.321265 -0.585320 0.404916 -0.702455 0.000000 0.000000
  15 -26.836637 -1.747142 -2.275200 -0.578459 0.494523 -0.648715 0.000000 0.000000
  15 -26.825187 -1.951304 -2.365127 -0.102341 0.090428 -0.990631 0.000000 0.000000
rubbergloveCHROME.bmp
  15 -26.825187 -1.951304 -2.365127 -0.102341 0.090428 -0.990631 0.000000 0.000000
  15 -26.836637 -1.747142 -2.275200 -0.578459 0.494523 -0.648715 0.000000 0.000000
  15 -26.707849 -1.773509 -2.344616 -0.071223 0.204851 -0.976198 0.000000 0.000000
rubbergloveCHROME.bmp
  15 -26.836637 -1.747142 -2.275200 -0.578459 0.494523 -0.648715 0.000000 0.000000
  15 -26.678986 -1.527801 -2.236013 -0.289280 0.776915 -0.559214 0.000000 0.000000
  15 -26.707849 -1.773509 -2.344616 -0.071223 0.204851 -0.976198 0.000000 0.000000
rubbergloveCHROME.bmp
  15 -26.707849 -1.773509 -2.344616 -0.071223 0.204851 -0.976198 0.000000 0.000000
  15 -26.678986 -1.527801 -2.236013 -0.289280 0.776915 -0.559214 0.000000 0.000000
  15 -26.607249 -1.569653 -2.303113 0.194180 0.564269 -0.802431 0.000000 0.000000
rubbergloveCHROME.bmp
  15 -26.678986 -1.527801 -2.236013 -0.289280 0.776915 -0.559214 0.000000 0.000000
  15 -26.580331 -1.541131 -2.226550 -0.059255 0.681242 -0.729656 0.000000 0.000000
  15 -26.607249 -1.569653 -2.303113 0.194180 0.564269 -0.802431 0.000000 0.000000
rubbergloveCHROME.bmp
  15 -26.607249 -1.569653 -2.303113 0.194180 0.564269 -0.802431 0.000000 0.000000
  15 -26.580331 -1.541131 -2.226550 -0.059255 0.681242 -0.729656 0.000000 0.000000
  15 -26.518175 -1.563906 -2.272571 0.152402 0.539574 -0.828030 0.000000 0.000000
rubbergloveCHROME.bmp
  15 -26.580331 -1.541131 -2.226550 -0.059255 0.681242 -0.729656 0.000000 0.000000
  15 -26.291324 -1.345024 -2.215748 -0.218133 0.289719 -0.931923 0.000000 0.000000
  15 -26.518175 -1.563906 -2.272571 0.152402 0.539574 -0.828030 0.000000 0.000000
rubbergloveCHROME.bmp
  8 -25.811043 -1.732019 0.974309 0.419234 -0.533158 0.734837 0.000000 0.000000
  8 -25.768658 -1.800493 0.944064 0.437498 -0.614983 0.656043 0.000000 0.000000
  8 -25.604099 -1.559244 1.012029 0.491979 -0.380924 0.782850 0.000000 0.000000
rubbergloveCHROME.bmp
  8 -25.604099 -1.559244 1.012029 0.491979 -0.380924 0.782850 0.000000 0.000000
  8 -25.768658 -1.800493 0.944064 0.437498 -0.614983 0.656043 0.000000 0.000000
  8 -25.510543 -1.620030 0.933592 0.582362 -0.486444 0.651327 0.000000 0.000000
rubbergloveCHROME.bmp
  8 -25.768658 -1.800493 0.944064 0.437498 -0.614983 0.656043 0.000000 0.000000
  8 -25.505083 -1.690648 0.787020 0.629813 -0.761171 0.154773 0.000000 0.000000
  8 -25.510543 -1.620030 0.933592 0.582362 -0.486444 0.651327 0.000000 0.000000
rubbergloveCHROME.bmp
  8 -25.510543 -1.620030 0.933592 0.582362 -0.486444 0.651327 0.000000 0.000000
  8 -25.505083 -1.690648 0.787020 0.629813 -0.761171 0.154773 0.000000 0.000000
  8 -25.341742 -1.500923 0.758322 0.740493 -0.600758 0.301264 0.000000 0.000000
rubbergloveCHROME.bmp
  8 -25.505083 -1.690648 0.787020 0.629813 -0.761171 0.154773 0.000000 0.000000
  8 -25.223580 -1.387124 0.580312 0.802568 -0.595016 -0.042888 0.000000 0.000000
  8 -25.341742 -1.500923 0.758322 0.740493 -0.600758 0.301264 0.000000 0.000000
rubbergloveCHROME.bmp
  8 -25.341742 -1.500923 0.758322 0.740493 -0.600758 0.301264 0.000000 0.000000
  8 -25.223580 -1.387124 0.580312 0.802568 -0.595016 -0.042888 0.000000 0.000000
  8 -25.194681 -1.366741 0.736675 0.827429 -0.486022 0.281325 0.000000 0.000000
rubbergloveCHROME.bmp
  8 -25.223580 -1.387124 0.580312 0.802568 -0.595016 -0.042888 0.000000 0.000000
  8 -25.121395 -1.213467 0.581639 0.732765 -0.680155 0.021079 0.000000 0.000000
  8 -25.194681 -1.366741 0.736675 0.827429 -0.486022 0.281325 0.000000 0.000000
rubbergloveCHROME.bmp
  8 -25.194681 -1.366741 0.736675 0.827429 -0.486022 0.281325 0.000000 0.000000
  8 -25.121395 -1.213467 0.581639 0.732765 -0.680155 0.021079 0.000000 0.000000
  8 -25.106708 -1.165062 0.727383 0.652928 -0.665156 0.362289 0.000000 0.000000
rubbergloveCHROME.bmp
  8 -25.121395 -1.213467 0.581639 0.732765 -0.680155 0.021079 0.000000 0.000000
  7 -25.074746 -1.198008 0.543521 0.266433 -0.955486 0.126727 0.000000 0.000000
  8 -25.106708 -1.165062 0.727383 0.652928 -0.665156 0.362289 0.000000 0.000000
rubbergloveCHROME.bmp
  8 -25.106708 -1.165062 0.727383 0.652928 -0.665156 0.362289 0.000000 0.000000
  7 -25.074746 -1.198008 0.543521 0.266433 -0.955486 0.126727 0.000000 0.000000
  7 -24.980157 -1.095333 0.714140 0.353192 -0.795103 0.493017 0.000000 0.000000
rubbergloveCHROME.bmp
  7 -25.074746 -1.198008 0.543521 0.266433 -0.955486 0.126727 0.000000 0.000000
  7 -25.008663 -1.194192 0.554408 0.348458 -0.917608 0.191240 0.000000 0.000000
  7 -24.980157 -1.095333 0.714140 0.353192 -0.795103 0.493017 0.000000 0.000000
rubbergloveCHROME.bmp
  7 -24.980157 -1.095333 0.714140 0.353192 -0.795103 0.493017 0.000000 0.000000
  7 -25.008663 -1.194192 0.554408 0.348458 -0.917608 0.191240 0.000000 0.000000
  7 -24.915852 -1.079184 0.703937 0.502855 -0.744745 0.438738 0.000000 0.000000
rubbergloveCHROME.bmp
  7 -25.008663 -1.194192 0.554408 0.348458 -0.917608 0.191240 0.000000 0.000000
  7 -24.935058 -1.143470 0.539930 0.577621 -0.815724 0.030814 0.000000 0.000000
  7 -24.915852 -1.079184 0.703937 0.502855 -0.744745 0.438738 0.000000 0.000000
rubbergloveCHROME.bmp
  6 -23.468111 -0.916103 1.351202 0.239868 -0.729153 -0.640936 0.000000 0.000000
  6 -23.552585 -1.057224 1.456316 0.248911 -0.768716 -0.589168 0.000000 0.000000
  6 -23.631815 -0.839065 1.260283 -0.105226 -0.602083 -0.791469 0.000000 0.000000
rubbergloveCHROME.bmp
  6 -23.631815 -0.839065 1.260283 -0.105226 -0.602083 -0.791469 0.000000 0.000000
  6 -23.552585 -1.057224 1.456316 0.248911 -0.768716 -0.589168 0.000000 0.000000
  6 -23.769670 -0.972117 1.356162 -0.069906 -0.621316 -0.780436 0.000000 0.000000
rubbergloveCHROME.bmp
  6 -23.552585 -1.057224 1.456316 0.248911 -0.768716 -0.589168 0.000000 0.000000
  6 -23.693739 -1.196900 1.619614 0.151536 -0.857892 -0.490977 0.000000 0.000000
  6 -23.769670 -0.972117 1.356162 -0.069906 -0.621316 -0.780436 0.000000 0.000000
rubbergloveCHROME.bmp
  6 -23.769670 -0.972117 1.356162 -0.069906 -0.621316 -0.780436 0.000000 0.000000
  6 -23.693739 -1.196900 1.619614 0.151536 -0.857892 -0.490977 0.000000 0.000000
  6 -23.911634 -1.115396 1.510167 -0.127641 -0.739068 -0.661428 0.000000 0.000000
rubbergloveCHROME.bmp
  6 -23.693739 -1.196900 1.619614 0.151536 -0.857892 -0.490977 0.000000 0.000000
  6 -23.944380 -1.333273 1.877260 0.022746 -0.929764 -0.367452 0.000000 0.000000
  6 -23.911634 -1.115396 1.510167 -0.127641 -0.739068 -0.661428 0.000000 0.000000
rubbergloveCHROME.bmp
  6 -23.911634 -1.115396 1.510167 -0.127641 -0.739068 -0.661428 0.000000 0.000000
  6 -23.944380 -1.333273 1.877260 0.022746 -0.929764 -0.367452 0.000000 0.000000
  6 -24.108084 -1.256235 1.786341 -0.286374 -0.829462 -0.479565 0.000000 0.000000
rubbergloveCHROME.bmp
  6 -23.944380 -1.333273 1.877260 0.022746 -0.929764 -0.367452 0.000000 0.000000
  6 -24.094405 -1.410136 2.049262 -0.184364 -0.967650 -0.172230 0.000000 0.000000
  6 -24.108084 -1.256235 1.786341 -0.286374 -0.829462 -0.479565 0.000000 0.000000
rubbergloveCHROME.bmp
  6 -24.108084 -1.256235 1.786341 -0.286374 -0.829462 -0.479565 0.000000 0.000000
  6 -24.094405 -1.410136 2.049262 -0.184364 -0.967650 -0.172230 0.000000 0.000000
  6 -24.268914 -1.330736 2.033693 -0.451067 -0.865171 -0.219131 0.000000 0.000000
rubbergloveCHROME.bmp
  6 -24.094405 -1.410136 2.049262 -0.184364 -0.967650 -0.172230 0.000000 0.000000
  6 -24.186664 -1.372584 2.247196 -0.340005 -0.915992 0.212967 0.000000 0.000000
  6 -24.268914 -1.330736 2.033693 -0.451067 -0.865171 -0.219131 0.000000 0.000000
rubbergloveCHROME.bmp
  6 -24.268914 -1.330736 2.033693 -0.451067 -0.865171 -0.219131 0.000000 0.000000
  6 -24.186664 -1.372584 2.247196 -0.340005 -0.915992 0.212967 0.000000 0.000000
  6 -24.324842 -1.317902 2.205761 -0.553033 -0.827200 0.099472 0.000000 0.000000
rubbergloveCHROME.bmp
  6 -24.186664 -1.372584 2.247196 -0.340005 -0.915992 0.212967 0.000000 0.000000
  6 -24.314310 -1.271066 2.326573 -0.596942 -0.738984 0.312350 0.000000 0.000000
  6 -24.324842 -1.317902 2.205761 -0.553033 -0.827200 0.099472 0.000000 0.000000
rubbergloveCHROME.bmp
  6 -24.324842 -1.317902 2.205761 -0.553033 -0.827200 0.099472 0.000000 0.000000
  6 -24.314310 -1.271066 2.326573 -0.596942 -0.738984 0.312350 0.000000 0.000000
  6 -24.404145 -1.263668 2.170128 -0.736361 -0.667963 0.107694 0.000000 0.000000
rubbergloveCHROME.bmp
  6 -24.314310 -1.271066 2.326573 -0.596942 -0.738984 0.312350 0.000000 0.000000
  6 -24.440852 -1.163920 2.274545 -0.760563 -0.606990 0.230451 0.000000 0.000000
  6 -24.404145 -1.263668 2.170128 -0.736361 -0.667963 0.107694 0.000000 0.000000
rubbergloveCHROME.bmp
  32 27.251657 -0.751811 -3.189052 0.006908 0.133825 -0.990981 0.000000 0.000000
  33 27.337941 -0.900611 -3.208744 -0.345660 0.813870 -0.467048 0.000000 0.000000
  33 27.294167 -0.926555 -3.182084 -0.513723 0.396154 -0.761020 0.000000 0.000000
rubbergloveCHROME.bmp
  33 27.294167 -0.926555 -3.182084 -0.513723 0.396154 -0.761020 0.000000 0.000000
  33 27.337941 -0.900611 -3.208744 -0.345660 0.813870 -0.467048 0.000000 0.000000
  33 27.318476 -0.913116 -3.290382 -0.601014 0.458088 -0.654933 0.000000 0.000000
rubbergloveCHROME.bmp
  33 27.337941 -0.900611 -3.208744 -0.345660 0.813870 -0.467048 0.000000 0.000000
  33 27.420845 -0.857756 -3.252224 -0.183062 0.833690 -0.521008 0.000000 0.000000
  33 27.318476 -0.913116 -3.290382 -0.601014 0.458088 -0.654933 0.000000 0.000000
rubbergloveCHROME.bmp
  33 27.318476 -0.913116 -3.290382 -0.601014 0.458088 -0.654933 0.000000 0.000000
  33 27.420845 -0.857756 -3.252224 -0.183062 0.833690 -0.521008 0.000000 0.000000
  33 27.496000 -1.116240 -3.301596 -0.223149 -0.080930 -0.971419 0.000000 0.000000
rubbergloveCHROME.bmp
  33 27.420845 -0.857756 -3.252224 -0.183062 0.833690 -0.521008 0.000000 0.000000
  33 27.581433 -1.100983 -3.277756 0.349589 0.311816 -0.883492 0.000000 0.000000
  33 27.496000 -1.116240 -3.301596 -0.223149 -0.080930 -0.971419 0.000000 0.000000
rubbergloveCHROME.bmp
  33 27.496000 -1.116240 -3.301596 -0.223149 -0.080930 -0.971419 0.000000 0.000000
  33 27.581433 -1.100983 -3.277756 0.349589 0.311816 -0.883492 0.000000 0.000000
  33 27.636952 -1.311459 -3.312651 -0.260448 -0.195066 -0.945577 0.000000 0.000000
rubbergloveCHROME.bmp
  33 27.581433 -1.100983 -3.277756 0.349589 0.311816 -0.883492 0.000000 0.000000
  33 27.724111 -1.313018 -3.313595 0.312930 0.244746 -0.917701 0.000000 0.000000
  33 27.636952 -1.311459 -3.312651 -0.260448 -0.195066 -0.945577 0.000000 0.000000
rubbergloveCHROME.bmp
  33 27.636952 -1.311459 -3.312651 -0.260448 -0.195066 -0.945577 0.000000 0.000000
  33 27.724111 -1.313018 -3.313595 0.312930 0.244746 -0.917701 0.000000 0.000000
  33 27.780823 -1.480829 -3.308762 -0.235844 -0.478463 -0.845843 0.000000 0.000000
rubbergloveCHROME.bmp
  33 27.724111 -1.313018 -3.313595 0.312930 0.244746 -0.917701 0.000000 0.000000
  33 27.886448 -1.485824 -3.293984 0.363867 -0.122533 -0.923356 0.000000 0.000000
  33 27.780823 -1.480829 -3.308762 -0.235844 -0.478463 -0.845843 0.000000 0.000000
rubbergloveCHROME.bmp
  33 27.780823 -1.480829 -3.308762 -0.235844 -0.478463 -0.845843 0.000000 0.000000
  33 27.886448 -1.485824 -3.293984 0.363867 -0.122533 -0.923356 0.000000 0.000000
  33 27.848849 -1.546275 -3.275760 -0.113211 -0.864947 -0.488927 0.000000 0.000000
rubbergloveCHROME.bmp
  33 27.886448 -1.485824 -3.293984 0.363867 -0.122533 -0.923356 0.000000 0.000000
  33 27.917709 -1.570088 -3.234634 0.229435 -0.843368 -0.485890 0.000000 0.000000
  33 27.848849 -1.546275 -3.275760 -0.113211 -0.864947 -0.488927 0.000000 0.000000
rubbergloveCHROME.bmp
  33 27.848849 -1.546275 -3.275760 -0.113211 -0.864947 -0.488927 0.000000 0.000000
  33 27.917709 -1.570088 -3.234634 0.229435 -0.843368 -0.485890 0.000000 0.000000
  33 27.843284 -1.549274 -3.149032 0.136327 -0.893717 -0.427416 0.000000 0.000000
rubbergloveCHROME.bmp
  33 27.917709 -1.570088 -3.234634 0.229435 -0.843368 -0.485890 0.000000 0.000000
  33 27.919234 -1.578806 -3.079322 0.207941 -0.954466 -0.213904 0.000000 0.000000
  33 27.843284 -1.549274 -3.149032 0.136327 -0.893717 -0.427416 0.000000 0.000000
rubbergloveCHROME.bmp
  33 27.705592 -1.619323 -3.034427 -0.182492 -0.968253 -0.170830 0.000000 0.000000
  33 27.536085 -1.632864 -2.984589 -0.383961 -0.855787 -0.346702 0.000000 0.000000
  33 27.559140 -1.562007 -3.091583 -0.479419 -0.777850 -0.406334 0.000000 0.000000
rubbergloveCHROME.bmp
  33 27.559140 -1.562007 -3.091583 -0.479419 -0.777850 -0.406334 0.000000 0.000000
  33 27.536085 -1.632864 -2.984589 -0.383961 -0.855787 -0.346702 0.000000 0.000000
  33 27.317096 -1.392328 -3.050063 -0.589966 -0.623370 -0.513177 0.000000 0.000000
rubbergloveCHROME.bmp
  33 27.536085 -1.632864 -2.984589 -0.383961 -0.855787 -0.346702 0.000000 0.000000
  33 27.223179 -1.436433 -2.962119 -0.605626 -0.680852 -0.411896 0.000000 0.000000
  33 27.317096 -1.392328 -3.050063 -0.589966 -0.623370 -0.513177 0.000000 0.000000
rubbergloveCHROME.bmp
  33 27.317096 -1.392328 -3.050063 -0.589966 -0.623370 -0.513177 0.000000 0.000000
  33 27.223179 -1.436433 -2.962119 -0.605626 -0.680852 -0.411896 0.000000 0.000000
  33 27.191219 -1.266997 -3.014749 -0.645972 -0.527028 -0.552233 0.000000 0.000000
rubbergloveCHROME.bmp
  33 27.223179 -1.436433 -2.962119 -0.605626 -0.680852 -0.411896 0.000000 0.000000
  33 27.108121 -1.336576 -2.945081 -0.676756 -0.554865 -0.483865 0.000000 0.000000
  33 27.191219 -1.266997 -3.014749 -0.645972 -0.527028 -0.552233 0.000000 0.000000
rubbergloveCHROME.bmp
  33 27.191219 -1.266997 -3.014749 -0.645972 -0.527028 -0.552233 0.000000 0.000000
  33 27.108121 -1.336576 -2.945081 -0.676756 -0.554865 -0.483865 0.000000 0.000000
  33 27.024599 -1.102192 -2.992916 -0.700126 -0.438388 -0.563595 0.000000 0.000000
rubbergloveCHROME.bmp
  33 27.108121 -1.336576 -2.945081 -0.676756 -0.554865 -0.483865 0.000000 0.000000
  33 26.976152 -1.189584 -2.872435 -0.815102 -0.550426 -0.180668 0.000000 0.000000
  33 27.024599 -1.102192 -2.992916 -0.700126 -0.438388 -0.563595 0.000000 0.000000
rubbergloveCHROME.bmp
  33 27.024599 -1.102192 -2.992916 -0.700126 -0.438388 -0.563595 0.000000 0.000000
  33 26.976152 -1.189584 -2.872435 -0.815102 -0.550426 -0.180668 0.000000 0.000000
  32 26.870086 -1.027062 -2.834595 -0.789410 -0.530832 -0.308302 0.000000 0.000000
rubbergloveCHROME.bmp
  33 26.976152 -1.189584 -2.872435 -0.815102 -0.550426 -0.180668 0.000000 0.000000
  32 26.926745 -1.058951 -2.603137 -0.702113 -0.591834 0.395942 0.000000 0.000000
  32 26.870086 -1.027062 -2.834595 -0.789410 -0.530832 -0.308302 0.000000 0.000000
rubbergloveCHROME.bmp
  32 26.870086 -1.027062 -2.834595 -0.789410 -0.530832 -0.308302 0.000000 0.000000
  32 26.926745 -1.058951 -2.603137 -0.702113 -0.591834 0.395942 0.000000 0.000000
  32 26.825201 -0.935448 -2.574225 -0.589754 -0.706497 0.391218 0.000000 0.000000
rubbergloveCHROME.bmp
  32 26.926745 -1.058951 -2.603137 -0.702113 -0.591834 0.395942 0.000000 0.000000
  32 27.099541 -0.952961 -2.372903 -0.292776 -0.433762 0.852134 0.000000 0.000000
  32 26.825201 -0.935448 -2.574225 -0.589754 -0.706497 0.391218 0.000000 0.000000
rubbergloveCHROME.bmp
  32 26.825201 -0.935448 -2.574225 -0.589754 -0.706497 0.391218 0.000000 0.000000
  32 27.099541 -0.952961 -2.372903 -0.292776 -0.433762 0.852134 0.000000 0.000000
  32 26.986550 -0.818227 -2.328409 -0.044873 -0.290784 0.955736 0.000000 0.000000
rubbergloveCHROME.bmp
  32 27.099541 -0.952961 -2.372903 -0.292776 -0.433762 0.852134 0.000000 0.000000
  32 27.231783 -0.816262 -2.367863 0.074944 -0.168101 0.982917 0.000000 0.000000
  32 26.986550 -0.818227 -2.328409 -0.044873 -0.290784 0.955736 0.000000 0.000000
rubbergloveCHROME.bmp
  30 28.773304 -2.437471 -1.963259 0.022242 -0.994936 -0.098016 0.000000 0.000000
  30 28.880215 -2.430900 -1.832773 0.101258 -0.990243 0.095735 0.000000 0.000000
  30 28.807251 -2.456536 -1.847569 0.101258 -0.990243 0.095735 0.000000 0.000000
rubbergloveCHROME.bmp
  30 28.807251 -2.456536 -1.847569 0.101258 -0.990243 0.095735 0.000000 0.000000
  30 28.880215 -2.430900 -1.832773 0.101258 -0.990243 0.095735 0.000000 0.000000
  30 28.779104 -2.411798 -1.718704 0.025397 -0.912687 0.407869 0.000000 0.000000
rubbergloveCHROME.bmp
  30 28.880215 -2.430900 -1.832773 0.101258 -0.990243 0.095735 0.000000 0.000000
  30 28.878179 -2.412375 -1.658840 0.024191 -0.804851 0.592984 0.000000 0.000000
  30 28.779104 -2.411798 -1.718704 0.025397 -0.912687 0.407869 0.000000 0.000000
rubbergloveCHROME.bmp
  30 28.779104 -2.411798 -1.718704 0.025397 -0.912687 0.407869 0.000000 0.000000
  30 28.878179 -2.412375 -1.658840 0.024191 -0.804851 0.592984 0.000000 0.000000
  30 28.738645 -2.355025 -1.637834 -0.122866 -0.659792 0.741336 0.000000 0.000000
rubbergloveCHROME.bmp
  30 28.878179 -2.412375 -1.658840 0.024191 -0.804851 0.592984 0.000000 0.000000
  30 28.636156 -2.147871 -1.484592 -0.223045 -0.537661 0.813125 0.000000 0.000000
  30 28.738645 -2.355025 -1.637834 -0.122866 -0.659792 0.741336 0.000000 0.000000
rubbergloveCHROME.bmp
  30 28.738645 -2.355025 -1.637834 -0.122866 -0.659792 0.741336 0.000000 0.000000
  30 28.636156 -2.147871 -1.484592 -0.223045 -0.537661 0.813125 0.000000 0.000000
  30 28.558036 -2.154489 -1.547470 -0.340910 -0.548431 0.763547 0.000000 0.000000
rubbergloveCHROME.bmp
  30 28.636156 -2.147871 -1.484592 -0.223045 -0.537661 0.813125 0.000000 0.000000
  30 28.499769 -1.978931 -1.442664 -0.299479 -0.471649 0.829373 0.000000 0.000000
  30 28.558036 -2.154489 -1.547470 -0.340910 -0.548431 0.763547 0.000000 0.000000
rubbergloveCHROME.bmp
  30 28.558036 -2.154489 -1.547470 -0.340910 -0.548431 0.763547 0.000000 0.000000
  30 28.499769 -1.978931 -1.442664 -0.299479 -0.471649 0.829373 0.000000 0.000000
  30 28.404087 -1.996548 -1.535047 -0.241383 -0.468951 0.849599 0.000000 0.000000
rubbergloveCHROME.bmp
  30 28.499769 -1.978931 -1.442664 -0.299479 -0.471649 0.829373 0.000000 0.000000
  30 28.335269 -1.809779 -1.397637 -0.212799 -0.407786 0.887934 0.000000 0.000000
  30 28.404087 -1.996548 -1.535047 -0.241383 -0.468951 0.849599 0.000000 0.000000
rubbergloveCHROME.bmp
  30 28.404087 -1.996548 -1.535047 -0.241383 -0.468951 0.849599 0.000000 0.000000
  30 28.335269 -1.809779 -1.397637 -0.212799 -0.407786 0.887934 0.000000 0.000000
  30 28.243660 -1.845425 -1.451832 -0.241383 -0.468951 0.849599 0.000000 0.000000
rubbergloveCHROME.bmp
  30 28.335269 -1.809779 -1.397637 -0.212799 -0.407786 0.887934 0.000000 0.000000
  30 28.102035 -1.555662 -1.336592 -0.212799 -0.407786 0.887934 0.000000 0.000000
  30 28.243660 -1.845425 -1.451832 -0.241383 -0.468951 0.849599 0.000000 0.000000
rubbergloveCHROME.bmp
  30 28.243660 -1.845425 -1.451832 -0.241383 -0.468951 0.849599 0.000000 0.000000
  30 28.102035 -1.555662 -1.336592 -0.212799 -0.407786 0.887934 0.000000 0.000000
  30 28.016500 -1.583336 -1.400764 -0.241383 -0.468951 0.849599 0.000000 0.000000
rubbergloveCHROME.bmp
  30 28.102035 -1.555662 -1.336592 -0.212799 -0.407786 0.887934 0.000000 0.000000
  29 27.916224 -1.512828 -1.392849 -0.230891 -0.497113 0.836402 0.000000 0.000000
  30 28.016500 -1.583336 -1.400764 -0.241383 -0.468951 0.849599 0.000000 0.000000
rubbergloveCHROME.bmp
  30 28.326836 -1.324234 -2.217561 0.218132 0.289721 -0.931923 0.000000 0.000000
  30 28.559358 -1.533990 -2.223546 0.059255 0.681245 -0.729654 0.000000 0.000000
  30 28.500192 -1.573805 -2.241270 -0.152400 0.539579 -0.828027 0.000000 0.000000
rubbergloveCHROME.bmp
  30 28.500192 -1.573805 -2.241270 -0.152400 0.539579 -0.828027 0.000000 0.000000
  30 28.559358 -1.533990 -2.223546 0.059255 0.681245 -0.729654 0.000000 0.000000
  30 28.607491 -1.555635 -2.301743 -0.194177 0.564274 -0.802428 0.000000 0.000000
rubbergloveCHROME.bmp
  30 28.559358 -1.533990 -2.223546 0.059255 0.681245 -0.729654 0.000000 0.000000
  30 28.672070 -1.520766 -2.234558 0.289281 0.776916 -0.559213 0.000000 0.000000
  30 28.607491 -1.555635 -2.301743 -0.194177 0.564274 -0.802428 0.000000 0.000000
rubbergloveCHROME.bmp
  30 28.607491 -1.555635 -2.301743 -0.194177 0.564274 -0.802428 0.000000 0.000000
  30 28.672070 -1.520766 -2.234558 0.289281 0.776916 -0.559213 0.000000 0.000000
  30 28.730387 -1.753603 -2.334988 0.071225 0.204852 -0.976198 0.000000 0.000000
rubbergloveCHROME.bmp
  30 28.672070 -1.520766 -2.234558 0.289281 0.776916 -0.559213 0.000000 0.000000
  30 28.822563 -1.747091 -2.273660 0.578458 0.494523 -0.648717 0.000000 0.000000
  30 28.730387 -1.753603 -2.334988 0.071225 0.204852 -0.976198 0.000000 0.000000
rubbergloveCHROME.bmp
  30 28.730387 -1.753603 -2.334988 0.071225 0.204852 -0.976198 0.000000 0.000000
  30 28.822563 -1.747091 -2.273660 0.578458 0.494523 -0.648717 0.000000 0.000000
  30 28.832069 -1.958448 -2.366599 0.102341 0.090430 -0.990630 0.000000 0.000000
rubbergloveCHROME.bmp
  30 28.822563 -1.747091 -2.273660 0.578458 0.494523 -0.648717 0.000000 0.000000
  30 28.979389 -1.951371 -2.321359 0.585321 0.404915 -0.702455 0.000000 0.000000
  30 28.832069 -1.958448 -2.366599 0.102341 0.090430 -0.990630 0.000000 0.000000
rubbergloveCHROME.bmp
  30 28.832069 -1.958448 -2.366599 0.102341 0.090430 -0.990630 0.000000 0.000000
  30 28.979389 -1.951371 -2.321359 0.585321 0.404915 -0.702455 0.000000 0.000000
  30 28.983499 -2.170535 -2.333615 0.244531 -0.265800 -0.932499 0.000000 0.000000
rubbergloveCHROME.bmp
  30 28.979389 -1.951371 -2.321359 0.585321 0.404915 -0.702455 0.000000 0.000000
  30 29.126085 -2.158347 -2.267126 0.725773 -0.014511 -0.687781 0.000000 0.000000
  30 28.983499 -2.170535 -2.333615 0.244531 -0.265800 -0.932499 0.000000 0.000000
rubbergloveCHROME.bmp
  30 28.983499 -2.170535 -2.333615 0.244531 -0.265800 -0.932499 0.000000 0.000000
  30 29.126085 -2.158347 -2.267126 0.725773 -0.014511 -0.687781 0.000000 0.000000
  30 29.032523 -2.277273 -2.268779 0.357197 -0.674184 -0.646441 0.000000 0.000000
rubbergloveCHROME.bmp
  30 29.126085 -2.158347 -2.267126 0.725773 -0.014511 -0.687781 0.000000 0.000000
  30 29.111725 -2.271644 -2.196009 0.627285 -0.674717 -0.388935 0.000000 0.000000
  30 29.032523 -2.277273 -2.268779 0.357197 -0.674184 -0.646441 0.000000 0.000000
rubbergloveCHROME.bmp
  30 29.032523 -2.277273 -2.268779 0.357197 -0.674184 -0.646441 0.000000 0.000000
  30 29.111725 -2.271644 -2.196009 0.627285 -0.674717 -0.388935 0.000000 0.000000
  30 29.014719 -2.315097 -2.169520 0.480568 -0.807144 -0.342890 0.000000 0.000000
rubbergloveCHROME.bmp
  30 29.111725 -2.271644 -2.196009 0.627285 -0.674717 -0.388935 0.000000 0.000000
  30 29.030537 -2.316027 -2.090469 0.500271 -0.857316 -0.121404 0.000000 0.000000
  30 29.014719 -2.315097 -2.169520 0.480568 -0.807144 -0.342890 0.000000 0.000000
rubbergloveCHROME.bmp
  27 28.806072 -1.773280 -0.226470 0.387301 0.191399 0.901867 0.000000 0.000000
  27 28.785620 -1.865806 -0.197824 0.238333 0.001079 0.971183 0.000000 0.000000
  27 28.969260 -1.976611 -0.281482 0.324086 0.088569 0.941873 0.000000 0.000000
rubbergloveCHROME.bmp
  27 28.969260 -1.976611 -0.281482 0.324086 0.088569 0.941873 0.000000 0.000000
  27 28.785620 -1.865806 -0.197824 0.238333 0.001079 0.971183 0.000000 0.000000
  27 28.913564 -2.034478 -0.221905 0.324086 0.088569 0.941873 0.000000 0.000000
rubbergloveCHROME.bmp
  27 28.785620 -1.865806 -0.197824 0.238333 0.001079 0.971183 0.000000 0.000000
  27 28.751189 -2.196935 -0.283079 -0.247908 -0.406399 0.879421 0.000000 0.000000
  27 28.913564 -2.034478 -0.221905 0.324086 0.088569 0.941873 0.000000 0.000000
rubbergloveCHROME.bmp
  27 28.913564 -2.034478 -0.221905 0.324086 0.088569 0.941873 0.000000 0.000000
  27 28.751189 -2.196935 -0.283079 -0.247908 -0.406399 0.879421 0.000000 0.000000
  27 29.006000 -2.154015 -0.234814 0.213457 -0.096811 0.972144 0.000000 0.000000
rubbergloveCHROME.bmp
  27 28.751189 -2.196935 -0.283079 -0.247908 -0.406399 0.879421 0.000000 0.000000
  27 28.907006 -2.322702 -0.326712 -0.150444 -0.581977 0.799168 0.000000 0.000000
  27 29.006000 -2.154015 -0.234814 0.213457 -0.096811 0.972144 0.000000 0.000000
rubbergloveCHROME.bmp
  27 29.006000 -2.154015 -0.234814 0.213457 -0.096811 0.972144 0.000000 0.000000
  27 28.907006 -2.322702 -0.326712 -0.150444 -0.581977 0.799168 0.000000 0.000000
  27 29.274847 -2.391128 -0.351429 0.244538 -0.427960 0.870087 0.000000 0.000000
rubbergloveCHROME.bmp
  27 28.907006 -2.322702 -0.326712 -0.150444 -0.581977 0.799168 0.000000 0.000000
  27 29.204090 -2.475498 -0.402173 0.173836 -0.796841 0.578642 0.000000 0.000000
  27 29.274847 -2.391128 -0.351429 0.244538 -0.427960 0.870087 0.000000 0.000000
rubbergloveCHROME.bmp
  27 29.274847 -2.391128 -0.351429 0.244538 -0.427960 0.870087 0.000000 0.000000
  27 29.204090 -2.475498 -0.402173 0.173836 -0.796841 0.578642 0.000000 0.000000
  27 29.373278 -2.431680 -0.433079 0.660238 -0.476812 0.580290 0.000000 0.000000
rubbergloveCHROME.bmp
  27 29.204090 -2.475498 -0.402173 0.173836 -0.796841 0.578642 0.000000 0.000000
  27 29.329570 -2.499742 -0.603834 0.356345 -0.909764 0.212948 0.000000 0.000000
  27 29.373278 -2.431680 -0.433079 0.660238 -0.476812 0.580290 0.000000 0.000000
rubbergloveCHROME.bmp
  27 29.373278 -2.431680 -0.433079 0.660238 -0.476812 0.580290 0.000000 0.000000
  27 29.329570 -2.499742 -0.603834 0.356345 -0.909764 0.212948 0.000000 0.000000
  27 29.443016 -2.429624 -0.533739 0.818343 -0.458652 0.346344 0.000000 0.000000
rubbergloveCHROME.bmp
  27 29.329570 -2.499742 -0.603834 0.356345 -0.909764 0.212948 0.000000 0.000000
  27 29.483891 -2.426708 -0.694116 0.856729 -0.500650 0.123958 0.000000 0.000000
  27 29.443016 -2.429624 -0.533739 0.818343 -0.458652 0.346344 0.000000 0.000000
rubbergloveCHROME.bmp
  27 29.443016 -2.429624 -0.533739 0.818343 -0.458652 0.346344 0.000000 0.000000
  27 29.483891 -2.426708 -0.694116 0.856729 -0.500650 0.123958 0.000000 0.000000
  27 29.435452 -2.351724 -0.542356 0.872831 -0.378278 0.308336 0.000000 0.000000
rubbergloveCHROME.bmp
  27 29.483891 -2.426708 -0.694116 0.856729 -0.500650 0.123958 0.000000 0.000000
  27 29.476255 -2.334668 -0.702494 0.935164 -0.344551 0.082173 0.000000 0.000000
  27 29.435452 -2.351724 -0.542356 0.872831 -0.378278 0.308336 0.000000 0.000000
rubbergloveCHROME.bmp
  24 28.529877 -1.694013 1.251710 -0.370965 0.445072 0.815044 0.000000 0.000000
  24 28.749872 -1.806100 1.230766 0.476289 0.462711 0.747695 0.000000 0.000000
  24 28.597141 -1.618254 1.213814 -0.065591 0.861886 0.502843 0.000000 0.000000
rubbergloveCHROME.bmp
  24 28.597141 -1.618254 1.213814 -0.065591 0.861886 0.502843 0.000000 0.000000
  24 28.749872 -1.806100 1.230766 0.476289 0.462711 0.747695 0.000000 0.000000
  24 28.663344 -1.581328 1.138622 0.124717 0.941423 0.313317 0.000000 0.000000
rubbergloveCHROME.bmp
  24 28.749872 -1.806100 1.230766 0.476289 0.462711 0.747695 0.000000 0.000000
  24 28.817425 -1.770031 1.145704 0.669162 0.570230 0.476508 0.000000 0.000000
  24 28.663344 -1.581328 1.138622 0.124717 0.941423 0.313317 0.000000 0.000000
rubbergloveCHROME.bmp
  24 28.663344 -1.581328 1.138622 0.124717 0.941423 0.313317 0.000000 0.000000
  24 28.817425 -1.770031 1.145704 0.669162 0.570230 0.476508 0.000000 0.000000
  24 28.737291 -1.546980 0.953280 0.220241 0.943911 0.246020 0.000000 0.000000
rubbergloveCHROME.bmp
  24 28.817425 -1.770031 1.145704 0.669162 0.570230 0.476508 0.000000 0.000000
  24 28.911147 -1.741294 0.973685 0.713149 0.565133 0.414780 0.000000 0.000000
  24 28.737291 -1.546980 0.953280 0.220241 0.943911 0.246020 0.000000 0.000000
rubbergloveCHROME.bmp
  24 28.737291 -1.546980 0.953280 0.220241 0.943911 0.246020 0.000000 0.000000
  24 28.911147 -1.741294 0.973685 0.713149 0.565133 0.414780 0.000000 0.000000
  24 28.985094 -1.706947 0.788342 0.724487 0.621422 0.298251 0.000000 0.000000
rubbergloveCHROME.bmp
  24 28.911147 -1.741294 0.973685 0.713149 0.565133 0.414780 0.000000 0.000000
  24 29.061681 -1.981200 0.964466 0.713149 0.565133 0.414780 0.000000 0.000000
  24 28.985094 -1.706947 0.788342 0.724487 0.621422 0.298251 0.000000 0.000000
rubbergloveCHROME.bmp
  24 28.985094 -1.706947 0.788342 0.724487 0.621422 0.298251 0.000000 0.000000
  24 29.061681 -1.981200 0.964466 0.713149 0.565133 0.414780 0.000000 0.000000
  24 29.121977 -1.949799 0.828164 0.757351 0.585180 0.289800 0.000000 0.000000
rubbergloveCHROME.bmp
  24 29.061681 -1.981200 0.964466 0.713149 0.565133 0.414780 0.000000 0.000000
  24 29.279335 -2.156866 0.867680 0.893365 0.285209 0.347211 0.000000 0.000000
  24 29.121977 -1.949799 0.828164 0.757351 0.585180 0.289800 0.000000 0.000000
rubbergloveCHROME.bmp
  24 29.121977 -1.949799 0.828164 0.757351 0.585180 0.289800 0.000000 0.000000
  24 29.279335 -2.156866 0.867680 0.893365 0.285209 0.347211 0.000000 0.000000
  24 29.327763 -2.157440 0.773052 0.946282 0.280822 0.160281 0.000000 0.000000
rubbergloveCHROME.bmp
  24 29.279335 -2.156866 0.867680 0.893365 0.285209 0.347211 0.000000 0.000000
  24 29.305178 -2.317418 0.814246 0.905312 -0.416691 0.082336 0.000000 0.000000
  24 29.327763 -2.157440 0.773052 0.946282 0.280822 0.160281 0.000000 0.000000
rubbergloveCHROME.bmp
  24 29.327763 -2.157440 0.773052 0.946282 0.280822 0.160281 0.000000 0.000000
  24 29.305178 -2.317418 0.814246 0.905312 -0.416691 0.082336 0.000000 0.000000
  24 29.278850 -2.275078 0.736053 0.841360 -0.449385 -0.300277 0.000000 0.000000
rubbergloveCHROME.bmp
  24 29.305178 -2.317418 0.814246 0.905312 -0.416691 0.082336 0.000000 0.000000
  24 29.225813 -2.364539 0.777086 0.670397 -0.735113 -0.100881 0.000000 0.000000
  24 29.278850 -2.275078 0.736053 0.841360 -0.449385 -0.300277 0.000000 0.000000
rubbergloveCHROME.bmp
  23 27.591403 -1.732375 0.528917 -0.517073 -0.814461 -0.263228 0.000000 0.000000
  23 27.842366 -1.855507 0.624606 -0.398168 -0.877647 -0.266831 0.000000 0.000000
  23 27.769256 -1.826314 0.895720 -0.471449 -0.879597 0.063606 0.000000 0.000000
rubbergloveCHROME.bmp
  23 27.769256 -1.826314 0.895720 -0.471449 -0.879597 0.063606 0.000000 0.000000
  23 27.842366 -1.855507 0.624606 -0.398168 -0.877647 -0.266831 0.000000 0.000000
  23 27.939906 -1.915092 0.936913 -0.454745 -0.729321 0.511173 0.000000 0.000000
rubbergloveCHROME.bmp
  23 27.842366 -1.855507 0.624606 -0.398168 -0.877647 -0.266831 0.000000 0.000000
  23 27.984445 -1.931691 0.660795 -0.579057 -0.775899 -0.250348 0.000000 0.000000
  23 27.939906 -1.915092 0.936913 -0.454745 -0.729321 0.511173 0.000000 0.000000
rubbergloveCHROME.bmp
  23 27.939906 -1.915092 0.936913 -0.454745 -0.729321 0.511173 0.000000 0.000000
  23 27.984445 -1.931691 0.660795 -0.579057 -0.775899 -0.250348 0.000000 0.000000
  24 28.166154 -2.148230 0.917207 -0.632354 -0.712709 0.303602 0.000000 0.000000
rubbergloveCHROME.bmp
  23 27.984445 -1.931691 0.660795 -0.579057 -0.775899 -0.250348 0.000000 0.000000
  24 28.181502 -2.164907 0.647232 -0.678596 -0.692894 -0.243731 0.000000 0.000000
  24 28.166154 -2.148230 0.917207 -0.632354 -0.712709 0.303602 0.000000 0.000000
rubbergloveCHROME.bmp
  24 28.166154 -2.148230 0.917207 -0.632354 -0.712709 0.303602 0.000000 0.000000
  24 28.181502 -2.164907 0.647232 -0.678596 -0.692894 -0.243731 0.000000 0.000000
  24 28.332951 -2.252041 0.918656 -0.590656 -0.692451 0.414291 0.000000 0.000000
rubbergloveCHROME.bmp
  24 28.181502 -2.164907 0.647232 -0.678596 -0.692894 -0.243731 0.000000 0.000000
  24 28.344894 -2.308401 0.682053 -0.587900 -0.771900 -0.241958 0.000000 0.000000
  24 28.332951 -2.252041 0.918656 -0.590656 -0.692451 0.414291 0.000000 0.000000
rubbergloveCHROME.bmp
  24 28.332951 -2.252041 0.918656 -0.590656 -0.692451 0.414291 0.000000 0.000000
  24 28.344894 -2.308401 0.682053 -0.587900 -0.771900 -0.241958 0.000000 0.000000
  24 28.534396 -2.417420 0.940324 -0.510679 -0.757059 0.407515 0.000000 0.000000
rubbergloveCHROME.bmp
  24 28.344894 -2.308401 0.682053 -0.587900 -0.771900 -0.241958 0.000000 0.000000
  24 28.548609 -2.447325 0.681473 -0.402976 -0.870965 -0.281124 0.000000 0.000000
  24 28.534396 -2.417420 0.940324 -0.510679 -0.757059 0.407515 0.000000 0.000000
rubbergloveCHROME.bmp
  24 28.534396 -2.417420 0.940324 -0.510679 -0.757059 0.407515 0.000000 0.000000
  24 28.548609 -2.447325 0.681473 -0.402976 -0.870965 -0.281124 0.000000 0.000000
  24 28.749980 -2.524370 0.898069 -0.141486 -0.956287 0.255924 0.000000 0.000000
rubbergloveCHROME.bmp
  24 28.548609 -2.447325 0.681473 -0.402976 -0.870965 -0.281124 0.000000 0.000000
  24 28.841504 -2.547694 0.699879 0.072598 -0.969491 -0.234128 0.000000 0.000000
  24 28.749980 -2.524370 0.898069 -0.141486 -0.956287 0.255924 0.000000 0.000000
rubbergloveCHROME.bmp
  24 28.749980 -2.524370 0.898069 -0.141486 -0.956287 0.255924 0.000000 0.000000
  24 28.841504 -2.547694 0.699879 0.072598 -0.969491 -0.234128 0.000000 0.000000
  24 28.923930 -2.504853 0.768221 0.040197 -0.991409 -0.124471 0.000000 0.000000
rubbergloveCHROME.bmp
  24 28.841504 -2.547694 0.699879 0.072598 -0.969491 -0.234128 0.000000 0.000000
  24 28.987271 -2.431204 0.547622 0.057860 -0.879848 -0.471719 0.000000 0.000000
  24 28.923930 -2.504853 0.768221 0.040197 -0.991409 -0.124471 0.000000 0.000000
rubbergloveCHROME.bmp
  21 26.434880 -1.148781 2.298083 0.760561 -0.606990 0.230458 0.000000 0.000000
  21 26.316241 -1.274411 2.325318 0.596940 -0.738985 0.312353 0.000000 0.000000
  21 26.405366 -1.266007 2.168518 0.736359 -0.667965 0.107693 0.000000 0.000000
rubbergloveCHROME.bmp
  21 26.405366 -1.266007 2.168518 0.736359 -0.667965 0.107693 0.000000 0.000000
  21 26.316241 -1.274411 2.325318 0.596940 -0.738985 0.312353 0.000000 0.000000
  21 26.308904 -1.293914 2.203392 0.553028 -0.827203 0.099472 0.000000 0.000000
rubbergloveCHROME.bmp
  21 26.316241 -1.274411 2.325318 0.596940 -0.738985 0.312353 0.000000 0.000000
  21 26.181088 -1.360493 2.261102 0.340006 -0.915991 0.212969 0.000000 0.000000
  21 26.308904 -1.293914 2.203392 0.553028 -0.827203 0.099472 0.000000 0.000000
rubbergloveCHROME.bmp
  21 26.308904 -1.293914 2.203392 0.553028 -0.827203 0.099472 0.000000 0.000000
  21 26.181088 -1.360493 2.261102 0.340006 -0.915991 0.212969 0.000000 0.000000
  21 26.283249 -1.334220 2.034226 0.451070 -0.865170 -0.219128 0.000000 0.000000
rubbergloveCHROME.bmp
  21 26.181088 -1.360493 2.261102 0.340006 -0.915991 0.212969 0.000000 0.000000
  21 26.096196 -1.391152 2.061970 0.184364 -0.967650 -0.172228 0.000000 0.000000
  21 26.283249 -1.334220 2.034226 0.451070 -0.865170 -0.219128 0.000000 0.000000
rubbergloveCHROME.bmp
  21 26.283249 -1.334220 2.034226 0.451070 -0.865170 -0.219128 0.000000 0.000000
  21 26.096196 -1.391152 2.061970 0.184364 -0.967650 -0.172228 0.000000 0.000000
  21 26.087481 -1.242059 1.790133 0.286373 -0.829463 -0.479565 0.000000 0.000000
rubbergloveCHROME.bmp
  21 26.096196 -1.391152 2.061970 0.184364 -0.967650 -0.172228 0.000000 0.000000
  21 25.909525 -1.313746 1.888585 -0.022748 -0.929764 -0.367452 0.000000 0.000000
  21 26.087481 -1.242059 1.790133 0.286373 -0.829463 -0.479565 0.000000 0.000000
rubbergloveCHROME.bmp
  21 26.087481 -1.242059 1.790133 0.286373 -0.829463 -0.479565 0.000000 0.000000
  21 25.909525 -1.313746 1.888585 -0.022748 -0.929764 -0.367452 0.000000 0.000000
  21 25.911305 -1.092389 1.525821 0.127640 -0.739068 -0.661428 0.000000 0.000000
rubbergloveCHROME.bmp
  21 25.909525 -1.313746 1.888585 -0.022748 -0.929764 -0.367452 0.000000 0.000000
  21 25.702898 -1.172573 1.625004 -0.151536 -0.857891 -0.490978 0.000000 0.000000
  21 25.911305 -1.092389 1.525821 0.127640 -0.739068 -0.661428 0.000000 0.000000
rubbergloveCHROME.bmp
  21 25.911305 -1.092389 1.525821 0.127640 -0.739068 -0.661428 0.000000 0.000000
  21 25.702898 -1.172573 1.625004 -0.151536 -0.857891 -0.490978 0.000000 0.000000
  21 25.754226 -0.942054 1.380819 0.069905 -0.621315 -0.780436 0.000000 0.000000
rubbergloveCHROME.bmp
  21 25.702898 -1.172573 1.625004 -0.151536 -0.857891 -0.490978 0.000000 0.000000
  21 25.557190 -1.031006 1.441351 -0.248916 -0.768714 -0.589168 0.000000 0.000000
  21 25.754226 -0.942054 1.380819 0.069905 -0.621315 -0.780436 0.000000 0.000000
rubbergloveCHROME.bmp
  21 25.754226 -0.942054 1.380819 0.069905 -0.621315 -0.780436 0.000000 0.000000
  21 25.557190 -1.031006 1.441351 -0.248916 -0.768714 -0.589168 0.000000 0.000000
  21 25.641138 -0.852917 1.262642 0.105223 -0.602080 -0.791472 0.000000 0.000000
rubbergloveCHROME.bmp
  21 25.557190 -1.031006 1.441351 -0.248916 -0.768714 -0.589168 0.000000 0.000000
  21 25.455004 -0.896273 1.349673 -0.239871 -0.729151 -0.640938 0.000000 0.000000
  21 25.641138 -0.852917 1.262642 0.105223 -0.602080 -0.791472 0.000000 0.000000
rubbergloveCHROME.bmp
  12 -27.112059 -2.524738 -0.442107 0.072924 -0.816629 0.572537 0.000000 0.000000
  12 -26.863533 -2.545233 -0.560068 0.303964 -0.873036 0.381332 0.000000 0.000000
  12 -26.913624 -2.398859 -0.418063 0.267308 -0.693999 0.668515 0.000000 0.000000
rubbergloveCHROME.bmp
  12 -26.913624 -2.398859 -0.418063 0.267308 -0.693999 0.668515 0.000000 0.000000
  12 -26.863533 -2.545233 -0.560068 0.303964 -0.873036 0.381332 0.000000 0.000000
  12 -26.658113 -2.398518 -0.515603 0.478134 -0.748090 0.460162 0.000000 0.000000
rubbergloveCHROME.bmp
  12 -26.863533 -2.545233 -0.560068 0.303964 -0.873036 0.381332 0.000000 0.000000
  12 -26.627627 -2.436880 -0.766000 0.572336 -0.810144 -0.126880 0.000000 0.000000
  12 -26.658113 -2.398518 -0.515603 0.478134 -0.748090 0.460162 0.000000 0.000000
rubbergloveCHROME.bmp
  12 -26.658113 -2.398518 -0.515603 0.478134 -0.748090 0.460162 0.000000 0.000000
  12 -26.627627 -2.436880 -0.766000 0.572336 -0.810144 -0.126880 0.000000 0.000000
  12 -26.457500 -2.296880 -0.731991 0.749313 -0.660882 -0.042020 0.000000 0.000000
rubbergloveCHROME.bmp
  12 -26.627627 -2.436880 -0.766000 0.572336 -0.810144 -0.126880 0.000000 0.000000
  12 -26.532653 -2.214830 -0.961381 0.627870 -0.465210 -0.623987 0.000000 0.000000
  12 -26.457500 -2.296880 -0.731991 0.749313 -0.660882 -0.042020 0.000000 0.000000
rubbergloveCHROME.bmp
  12 -26.457500 -2.296880 -0.731991 0.749313 -0.660882 -0.042020 0.000000 0.000000
  12 -26.532653 -2.214830 -0.961381 0.627870 -0.465210 -0.623987 0.000000 0.000000
  11 -26.184053 -1.863305 -0.722046 0.726113 -0.673729 -0.137295 0.000000 0.000000
rubbergloveCHROME.bmp
  12 -26.532653 -2.214830 -0.961381 0.627870 -0.465210 -0.623987 0.000000 0.000000
  11 -26.291372 -1.742743 -0.961101 0.390597 -0.511452 -0.765409 0.000000 0.000000
  11 -26.184053 -1.863305 -0.722046 0.726113 -0.673729 -0.137295 0.000000 0.000000
rubbergloveCHROME.bmp
  11 -26.184053 -1.863305 -0.722046 0.726113 -0.673729 -0.137295 0.000000 0.000000
  11 -26.291372 -1.742743 -0.961101 0.390597 -0.511452 -0.765409 0.000000 0.000000
  11 -26.103851 -1.787778 -0.730000 0.471110 -0.842969 -0.259729 0.000000 0.000000
rubbergloveCHROME.bmp
  11 -26.291372 -1.742743 -0.961101 0.390597 -0.511452 -0.765409 0.000000 0.000000
  11 -26.191278 -1.716994 -0.989704 0.272885 -0.601362 -0.750931 0.000000 0.000000
  11 -26.103851 -1.787778 -0.730000 0.471110 -0.842969 -0.259729 0.000000 0.000000
rubbergloveCHROME.bmp
  11 -26.103851 -1.787778 -0.730000 0.471110 -0.842969 -0.259729 0.000000 0.000000
  11 -26.191278 -1.716994 -0.989704 0.272885 -0.601362 -0.750931 0.000000 0.000000
  11 -26.010080 -1.573991 -0.985543 0.408087 -0.590275 -0.696449 0.000000 0.000000
rubbergloveCHROME.bmp
  11 -26.191278 -1.716994 -0.989704 0.272885 -0.601362 -0.750931 0.000000 0.000000
  11 -26.118851 -1.455953 -1.074626 0.333382 -0.472526 -0.815828 0.000000 0.000000
  11 -26.010080 -1.573991 -0.985543 0.408087 -0.590275 -0.696449 0.000000 0.000000
rubbergloveCHROME.bmp
  11 -26.010080 -1.573991 -0.985543 0.408087 -0.590275 -0.696449 0.000000 0.000000
  11 -26.118851 -1.455953 -1.074626 0.333382 -0.472526 -0.815828 0.000000 0.000000
  11 -25.923324 -1.313045 -1.090331 0.275031 -0.379699 -0.883282 0.000000 0.000000
rubbergloveCHROME.bmp
  12 -26.990601 -1.997648 -0.282031 -0.324083 0.088566 0.941874 0.000000 0.000000
  12 -26.963116 -2.041227 -0.222487 -0.324083 0.088566 0.941874 0.000000 0.000000
  12 -26.828040 -1.879494 -0.208456 -0.238330 0.001075 0.971184 0.000000 0.000000
rubbergloveCHROME.bmp
  12 -26.828040 -1.879494 -0.208456 -0.238330 0.001075 0.971184 0.000000 0.000000
  12 -26.963116 -2.041227 -0.222487 -0.324083 0.088566 0.941874 0.000000 0.000000
  12 -26.772628 -2.218141 -0.273630 0.247906 -0.406399 0.879422 0.000000 0.000000
rubbergloveCHROME.bmp
  12 -26.963116 -2.041227 -0.222487 -0.324083 0.088566 0.941874 0.000000 0.000000
  12 -27.020041 -2.167683 -0.255173 -0.213455 -0.096812 0.972144 0.000000 0.000000
  12 -26.772628 -2.218141 -0.273630 0.247906 -0.406399 0.879422 0.000000 0.000000
rubbergloveCHROME.bmp
  12 -26.772628 -2.218141 -0.273630 0.247906 -0.406399 0.879422 0.000000 0.000000
  12 -27.020041 -2.167683 -0.255173 -0.213455 -0.096812 0.972144 0.000000 0.000000
  12 -26.935648 -2.351108 -0.307452 0.150445 -0.581976 0.799168 0.000000 0.000000
rubbergloveCHROME.bmp
  12 -27.020041 -2.167683 -0.255173 -0.213455 -0.096812 0.972144 0.000000 0.000000
  12 -27.274869 -2.391066 -0.351417 -0.244536 -0.427962 0.870087 0.000000 0.000000
  12 -26.935648 -2.351108 -0.307452 0.150445 -0.581976 0.799168 0.000000 0.000000
rubbergloveCHROME.bmp
  12 -26.935648 -2.351108 -0.307452 0.150445 -0.581976 0.799168 0.000000 0.000000
  12 -27.274869 -2.391066 -0.351417 -0.244536 -0.427962 0.870087 0.000000 0.000000
  12 -27.232466 -2.489428 -0.402671 -0.173834 -0.796841 0.578642 0.000000 0.000000
rubbergloveCHROME.bmp
  12 -27.274869 -2.391066 -0.351417 -0.244536 -0.427962 0.870087 0.000000 0.000000
  12 -27.422758 -2.424287 -0.433423 -0.660238 -0.476812 0.580290 0.000000 0.000000
  12 -27.232466 -2.489428 -0.402671 -0.173834 -0.796841 0.578642 0.000000 0.000000
rubbergloveCHROME.bmp
  12 -27.232466 -2.489428 -0.402671 -0.173834 -0.796841 0.578642 0.000000 0.000000
  12 -27.422758 -2.424287 -0.433423 -0.660238 -0.476812 0.580290 0.000000 0.000000
  12 -27.336820 -2.492910 -0.583774 -0.356345 -0.909764 0.212949 0.000000 0.000000
rubbergloveCHROME.bmp
  12 -27.422758 -2.424287 -0.433423 -0.660238 -0.476812 0.580290 0.000000 0.000000
  12 -27.492569 -2.436372 -0.534321 -0.818343 -0.458650 0.346346 0.000000 0.000000
  12 -27.336820 -2.492910 -0.583774 -0.356345 -0.909764 0.212949 0.000000 0.000000
rubbergloveCHROME.bmp
  12 -27.336820 -2.492910 -0.583774 -0.356345 -0.909764 0.212949 0.000000 0.000000
  12 -27.492569 -2.436372 -0.534321 -0.818343 -0.458650 0.346346 0.000000 0.000000
  12 -27.526434 -2.426591 -0.684513 -0.856729 -0.500649 0.123958 0.000000 0.000000
rubbergloveCHROME.bmp
  12 -27.492569 -2.436372 -0.534321 -0.818343 -0.458650 0.346346 0.000000 0.000000
  12 -27.492039 -2.351364 -0.542887 -0.872831 -0.378277 0.308338 0.000000 0.000000
  12 -27.526434 -2.426591 -0.684513 -0.856729 -0.500649 0.123958 0.000000 0.000000
rubbergloveCHROME.bmp
  12 -27.526434 -2.426591 -0.684513 -0.856729 -0.500649 0.123958 0.000000 0.000000
  12 -27.492039 -2.351364 -0.542887 -0.872831 -0.378277 0.308338 0.000000 0.000000
  12 -27.504631 -2.348597 -0.702993 -0.935165 -0.344549 0.082173 0.000000 0.000000
rubbergloveCHROME.bmp
  12 -27.059543 -1.582471 -0.975843 -0.280661 0.952332 -0.119555 0.000000 0.000000
  12 -27.110622 -1.591972 -0.816467 -0.566710 0.822375 -0.050391 0.000000 0.000000
  12 -26.982092 -1.590455 -0.945222 -0.465980 0.878215 -0.107707 0.000000 0.000000
rubbergloveCHROME.bmp
  12 -26.982092 -1.590455 -0.945222 -0.465980 0.878215 -0.107707 0.000000 0.000000
  12 -27.110622 -1.591972 -0.816467 -0.566710 0.822375 -0.050391 0.000000 0.000000
  12 -27.032978 -1.599620 -0.805842 -0.465980 0.878215 -0.107707 0.000000 0.000000
rubbergloveCHROME.bmp
  12 -27.110622 -1.591972 -0.816467 -0.566710 0.822375 -0.050391 0.000000 0.000000
  12 -27.126337 -1.580619 -0.646396 -0.549117 0.830061 0.097307 0.000000 0.000000
  12 -27.032978 -1.599620 -0.805842 -0.465980 0.878215 -0.107707 0.000000 0.000000
rubbergloveCHROME.bmp
  12 -27.032978 -1.599620 -0.805842 -0.465980 0.878215 -0.107707 0.000000 0.000000
  12 -27.126337 -1.580619 -0.646396 -0.549117 0.830061 0.097307 0.000000 0.000000
  12 -27.041296 -1.580729 -0.665579 -0.610665 0.786511 0.092138 0.000000 0.000000
rubbergloveCHROME.bmp
  12 -27.126337 -1.580619 -0.646396 -0.549117 0.830061 0.097307 0.000000 0.000000
  12 -27.050677 -1.619744 -0.446285 -0.502482 0.807508 0.308937 0.000000 0.000000
  12 -27.041296 -1.580729 -0.665579 -0.610665 0.786511 0.092138 0.000000 0.000000
rubbergloveCHROME.bmp
  12 -27.041296 -1.580729 -0.665579 -0.610665 0.786511 0.092138 0.000000 0.000000
  12 -27.050677 -1.619744 -0.446285 -0.502482 0.807508 0.308937 0.000000 0.000000
  12 -26.979777 -1.619780 -0.465602 -0.502482 0.807508 0.308937 0.000000 0.000000
rubbergloveCHROME.bmp
  12 -27.050677 -1.619744 -0.446285 -0.502482 0.807508 0.308937 0.000000 0.000000
  12 -26.974412 -1.615776 -0.285449 -0.075852 0.907761 0.412572 0.000000 0.000000
  12 -26.979777 -1.619780 -0.465602 -0.502482 0.807508 0.308937 0.000000 0.000000
rubbergloveCHROME.bmp
  12 -26.979777 -1.619780 -0.465602 -0.502482 0.807508 0.308937 0.000000 0.000000
  12 -26.974412 -1.615776 -0.285449 -0.075852 0.907761 0.412572 0.000000 0.000000
  12 -26.924445 -1.636237 -0.345321 -0.485530 0.727387 0.484943 0.000000 0.000000
rubbergloveCHROME.bmp
  12 -26.974412 -1.615776 -0.285449 -0.075852 0.907761 0.412572 0.000000 0.000000
  12 -26.847358 -1.658867 -0.284944 -0.103751 0.613842 0.782582 0.000000 0.000000
  12 -26.924445 -1.636237 -0.345321 -0.485530 0.727387 0.484943 0.000000 0.000000
rubbergloveCHROME.bmp
  12 -26.924445 -1.636237 -0.345321 -0.485530 0.727387 0.484943 0.000000 0.000000
  12 -26.847358 -1.658867 -0.284944 -0.103751 0.613842 0.782582 0.000000 0.000000
  11 -26.775998 -1.407988 -0.230021 -0.598319 0.207260 0.773988 0.000000 0.000000
rubbergloveCHROME.bmp
  12 -26.847358 -1.658867 -0.284944 -0.103751 0.613842 0.782582 0.000000 0.000000
  11 -26.664927 -1.468482 -0.199958 -0.598319 0.207260 0.773988 0.000000 0.000000
  11 -26.775998 -1.407988 -0.230021 -0.598319 0.207260 0.773988 0.000000 0.000000
rubbergloveCHROME.bmp
  11 -26.775998 -1.407988 -0.230021 -0.598319 0.207260 0.773988 0.000000 0.000000
  11 -26.664927 -1.468482 -0.199958 -0.598319 0.207260 0.773988 0.000000 0.000000
  11 -26.647452 -1.356014 -0.187894 -0.406135 0.232160 0.883830 0.000000 0.000000
rubbergloveCHROME.bmp
  25 27.304850 -0.938526 -1.068049 -0.389975 -0.350416 -0.851544 0.000000 0.000000
  25 27.570997 -1.136433 -1.053953 -0.290786 -0.435453 -0.851953 0.000000 0.000000
  25 27.456276 -1.222471 -0.954272 -0.484195 -0.627840 -0.609403 0.000000 0.000000
rubbergloveCHROME.bmp
  25 27.456276 -1.222471 -0.954272 -0.484195 -0.627840 -0.609403 0.000000 0.000000
  25 27.570997 -1.136433 -1.053953 -0.290786 -0.435453 -0.851953 0.000000 0.000000
  26 27.641195 -1.322747 -1.027763 -0.377347 -0.579610 -0.722261 0.000000 0.000000
rubbergloveCHROME.bmp
  25 27.570997 -1.136433 -1.053953 -0.290786 -0.435453 -0.851953 0.000000 0.000000
  26 27.743930 -1.226798 -1.077152 -0.248399 -0.403224 -0.880743 0.000000 0.000000
  26 27.641195 -1.322747 -1.027763 -0.377347 -0.579610 -0.722261 0.000000 0.000000
rubbergloveCHROME.bmp
  26 27.641195 -1.322747 -1.027763 -0.377347 -0.579610 -0.722261 0.000000 0.000000
  26 27.743930 -1.226798 -1.077152 -0.248399 -0.403224 -0.880743 0.000000 0.000000
  26 27.807689 -1.438420 -1.001316 -0.390592 -0.511451 -0.765412 0.000000 0.000000
rubbergloveCHROME.bmp
  26 27.743930 -1.226798 -1.077152 -0.248399 -0.403224 -0.880743 0.000000 0.000000
  26 27.902325 -1.320814 -1.090270 -0.275029 -0.379699 -0.883282 0.000000 0.000000
  26 27.807689 -1.438420 -1.001316 -0.390592 -0.511451 -0.765412 0.000000 0.000000
rubbergloveCHROME.bmp
  26 27.807689 -1.438420 -1.001316 -0.390592 -0.511451 -0.765412 0.000000 0.000000
  26 27.902325 -1.320814 -1.090270 -0.275029 -0.379699 -0.883282 0.000000 0.000000
  26 27.967899 -1.589138 -1.005404 -0.408085 -0.590274 -0.696450 0.000000 0.000000
rubbergloveCHROME.bmp
  26 27.902325 -1.320814 -1.090270 -0.275029 -0.379699 -0.883282 0.000000 0.000000
  26 28.097519 -1.449757 -1.064325 -0.333387 -0.472524 -0.815827 0.000000 0.000000
  26 27.967899 -1.589138 -1.005404 -0.408085 -0.590274 -0.696450 0.000000 0.000000
rubbergloveCHROME.bmp
  26 27.967899 -1.589138 -1.005404 -0.408085 -0.590274 -0.696450 0.000000 0.000000
  26 28.097519 -1.449757 -1.064325 -0.333387 -0.472524 -0.815827 0.000000 0.000000
  26 28.155617 -1.710894 -0.999269 -0.272888 -0.601361 -0.750931 0.000000 0.000000
rubbergloveCHROME.bmp
  26 28.097519 -1.449757 -1.064325 -0.333387 -0.472524 -0.815827 0.000000 0.000000
  26 28.250114 -1.579659 -1.057987 -0.272888 -0.601361 -0.750931 0.000000 0.000000
  26 28.155617 -1.710894 -0.999269 -0.272888 -0.601361 -0.750931 0.000000 0.000000
rubbergloveCHROME.bmp
  26 28.155617 -1.710894 -0.999269 -0.272888 -0.601361 -0.750931 0.000000 0.000000
  26 28.250114 -1.579659 -1.057987 -0.272888 -0.601361 -0.750931 0.000000 0.000000
  26 28.248858 -1.743925 -0.970722 -0.390592 -0.511451 -0.765412 0.000000 0.000000
rubbergloveCHROME.bmp
  26 28.250114 -1.579659 -1.057987 -0.272888 -0.601361 -0.750931 0.000000 0.000000
  26 28.350638 -1.619541 -1.029626 -0.390592 -0.511451 -0.765412 0.000000 0.000000
  26 28.248858 -1.743925 -0.970722 -0.390592 -0.511451 -0.765412 0.000000 0.000000
rubbergloveCHROME.bmp
  26 28.248858 -1.743925 -0.970722 -0.390592 -0.511451 -0.765412 0.000000 0.000000
  26 28.350638 -1.619541 -1.029626 -0.390592 -0.511451 -0.765412 0.000000 0.000000
  27 28.600900 -2.000061 -1.098465 -0.497599 -0.302985 -0.812770 0.000000 0.000000
rubbergloveCHROME.bmp
  27 28.600900 -2.000061 -1.098465 -0.497599 -0.302985 -0.812770 0.000000 0.000000
  27 28.841321 -2.152988 -1.183381 -0.331783 -0.324806 -0.885676 0.000000 0.000000
  27 28.799792 -2.196809 -1.113704 -0.373456 -0.410270 -0.831991 0.000000 0.000000
rubbergloveCHROME.bmp
  27 28.799792 -2.196809 -1.113704 -0.373456 -0.410270 -0.831991 0.000000 0.000000
  27 28.841321 -2.152988 -1.183381 -0.331783 -0.324806 -0.885676 0.000000 0.000000
  27 28.977341 -2.330376 -1.107669 -0.349898 -0.589336 -0.728186 0.000000 0.000000
rubbergloveCHROME.bmp
  27 28.841321 -2.152988 -1.183381 -0.331783 -0.324806 -0.885676 0.000000 0.000000
  27 29.004801 -2.300769 -1.177450 -0.247274 -0.473288 -0.845490 0.000000 0.000000
  27 28.977341 -2.330376 -1.107669 -0.349898 -0.589336 -0.728186 0.000000 0.000000
rubbergloveCHROME.bmp
  27 28.977341 -2.330376 -1.107669 -0.349898 -0.589336 -0.728186 0.000000 0.000000
  27 29.004801 -2.300769 -1.177450 -0.247274 -0.473288 -0.845490 0.000000 0.000000
  27 29.168379 -2.392663 -1.130571 0.019613 -0.558185 -0.829485 0.000000 0.000000
rubbergloveCHROME.bmp
  27 29.004801 -2.300769 -1.177450 -0.247274 -0.473288 -0.845490 0.000000 0.000000
  27 29.081940 -2.194141 -1.186404 0.198880 0.061620 -0.978085 0.000000 0.000000
  27 29.168379 -2.392663 -1.130571 0.019613 -0.558185 -0.829485 0.000000 0.000000
rubbergloveCHROME.bmp
  27 29.168379 -2.392663 -1.130571 0.019613 -0.558185 -0.829485 0.000000 0.000000
  27 29.081940 -2.194141 -1.186404 0.198880 0.061620 -0.978085 0.000000 0.000000
  27 29.273848 -2.313998 -1.150272 0.436977 -0.188407 -0.879519 0.000000 0.000000
rubbergloveCHROME.bmp
  27 29.081940 -2.194141 -1.186404 0.198880 0.061620 -0.978085 0.000000 0.000000
  27 29.309264 -2.250855 -1.109544 0.421004 0.024104 -0.906738 0.000000 0.000000
  27 29.273848 -2.313998 -1.150272 0.436977 -0.188407 -0.879519 0.000000 0.000000
rubbergloveCHROME.bmp
  27 29.273848 -2.313998 -1.150272 0.436977 -0.188407 -0.879519 0.000000 0.000000
  27 29.309264 -2.250855 -1.109544 0.421004 0.024104 -0.906738 0.000000 0.000000
  27 29.430950 -2.371926 -1.022743 0.699085 -0.210675 -0.683298 0.000000 0.000000
rubbergloveCHROME.bmp
  27 29.309264 -2.250855 -1.109544 0.421004 0.024104 -0.906738 0.000000 0.000000
  27 29.430951 -2.315871 -0.991794 0.740489 -0.213161 -0.637368 0.000000 0.000000
  27 29.430950 -2.371926 -1.022743 0.699085 -0.210675 -0.683298 0.000000 0.000000
rubbergloveCHROME.bmp
  27 29.430950 -2.371926 -1.022743 0.699085 -0.210675 -0.683298 0.000000 0.000000
  27 29.430951 -2.315871 -0.991794 0.740489 -0.213161 -0.637368 0.000000 0.000000
  27 29.459885 -2.386926 -0.963264 0.877861 -0.329026 -0.347998 0.000000 0.000000
rubbergloveCHROME.bmp
  27 29.430951 -2.315871 -0.991794 0.740489 -0.213161 -0.637368 0.000000 0.000000
  27 29.452587 -2.323502 -0.952124 0.877861 -0.329026 -0.347998 0.000000 0.000000
  27 29.459885 -2.386926 -0.963264 0.877861 -0.329026 -0.347998 0.000000 0.000000
rubbergloveCHROME.bmp
  27 29.459885 -2.386926 -0.963264 0.877861 -0.329026 -0.347998 0.000000 0.000000
  27 29.452587 -2.323502 -0.952124 0.877861 -0.329026 -0.347998 0.000000 0.000000
  27 29.482031 -2.325373 -0.832418 0.936295 -0.320740 -0.143101 0.000000 0.000000
rubbergloveCHROME.bmp
  13 -24.595134 -0.778726 -1.579226 0.688923 -0.724677 0.015131 0.000000 0.000000
  13 -24.890796 -0.944245 -1.880866 0.599030 -0.661330 -0.451448 0.000000 0.000000
  13 -24.613048 -0.686632 -1.844928 0.531027 -0.502762 -0.682085 0.000000 0.000000
rubbergloveCHROME.bmp
  13 -24.613048 -0.686632 -1.844928 0.531027 -0.502762 -0.682085 0.000000 0.000000
  13 -24.890796 -0.944245 -1.880866 0.599030 -0.661330 -0.451448 0.000000 0.000000
  13 -24.976098 -0.805361 -2.027954 0.496273 -0.400011 -0.770522 0.000000 0.000000
rubbergloveCHROME.bmp
  13 -24.890796 -0.944245 -1.880866 0.599030 -0.661330 -0.451448 0.000000 0.000000
  14 -25.133623 -1.130438 -1.926060 0.617856 -0.665884 -0.418154 0.000000 0.000000
  13 -24.976098 -0.805361 -2.027954 0.496273 -0.400011 -0.770522 0.000000 0.000000
rubbergloveCHROME.bmp
  13 -24.976098 -0.805361 -2.027954 0.496273 -0.400011 -0.770522 0.000000 0.000000
  14 -25.133623 -1.130438 -1.926060 0.617856 -0.665884 -0.418154 0.000000 0.000000
  14 -25.244508 -1.043990 -2.071081 0.504597 -0.438400 -0.743765 0.000000 0.000000
rubbergloveCHROME.bmp
  14 -25.133623 -1.130438 -1.926060 0.617856 -0.665884 -0.418154 0.000000 0.000000
  14 -25.268007 -1.247666 -1.952489 0.679674 -0.559139 -0.474771 0.000000 0.000000
  14 -25.244508 -1.043990 -2.071081 0.504597 -0.438400 -0.743765 0.000000 0.000000
rubbergloveCHROME.bmp
  14 -25.244508 -1.043990 -2.071081 0.504597 -0.438400 -0.743765 0.000000 0.000000
  14 -25.268007 -1.247666 -1.952489 0.679674 -0.559139 -0.474771 0.000000 0.000000
  14 -25.385679 -1.125916 -2.094723 0.388687 -0.437668 -0.810783 0.000000 0.000000
rubbergloveCHROME.bmp
  14 -25.268007 -1.247666 -1.952489 0.679674 -0.559139 -0.474771 0.000000 0.000000
  14 -25.393343 -1.384146 -2.000071 0.558373 -0.568913 -0.603786 0.000000 0.000000
  14 -25.385679 -1.125916 -2.094723 0.388687 -0.437668 -0.810783 0.000000 0.000000
rubbergloveCHROME.bmp
  14 -25.385679 -1.125916 -2.094723 0.388687 -0.437668 -0.810783 0.000000 0.000000
  14 -25.393343 -1.384146 -2.000071 0.558373 -0.568913 -0.603786 0.000000 0.000000
  14 -25.544253 -1.224631 -2.091620 0.352867 -0.403684 -0.844112 0.000000 0.000000
rubbergloveCHROME.bmp
  14 -25.393343 -1.384146 -2.000071 0.558373 -0.568913 -0.603786 0.000000 0.000000
  14 -25.604114 -1.520117 -2.046844 0.547448 -0.513054 -0.661117 0.000000 0.000000
  14 -25.544253 -1.224631 -2.091620 0.352867 -0.403684 -0.844112 0.000000 0.000000
rubbergloveCHROME.bmp
  14 -25.544253 -1.224631 -2.091620 0.352867 -0.403684 -0.844112 0.000000 0.000000
  14 -25.604114 -1.520117 -2.046844 0.547448 -0.513054 -0.661117 0.000000 0.000000
  14 -25.705770 -1.354440 -2.132386 0.445423 -0.290703 -0.846812 0.000000 0.000000
rubbergloveCHROME.bmp
  14 -25.604114 -1.520117 -2.046844 0.547448 -0.513054 -0.661117 0.000000 0.000000
  15 -25.882491 -1.526868 -2.168969 0.457489 -0.314358 -0.831795 0.000000 0.000000
  14 -25.705770 -1.354440 -2.132386 0.445423 -0.290703 -0.846812 0.000000 0.000000
rubbergloveCHROME.bmp
  11 -26.278299 -1.578572 -1.068232 0.272885 -0.601362 -0.750931 0.000000 0.000000
  11 -26.291372 -1.742743 -0.961101 0.390597 -0.511452 -0.765409 0.000000 0.000000
  11 -26.364688 -1.618886 -1.039741 0.390597 -0.511452 -0.765409 0.000000 0.000000
rubbergloveCHROME.bmp
  11 -26.364688 -1.618886 -1.039741 0.390597 -0.511452 -0.765409 0.000000 0.000000
  11 -26.291372 -1.742743 -0.961101 0.390597 -0.511452 -0.765409 0.000000 0.000000
  12 -26.650476 -1.992839 -1.088810 0.497596 -0.302984 -0.812772 0.000000 0.000000
rubbergloveCHROME.bmp
  11 -26.291372 -1.742743 -0.961101 0.390597 -0.511452 -0.765409 0.000000 0.000000
  12 -26.532653 -2.214830 -0.961381 0.627870 -0.465210 -0.623987 0.000000 0.000000
  12 -26.650476 -1.992839 -1.088810 0.497596 -0.302984 -0.812772 0.000000 0.000000
rubbergloveCHROME.bmp
  12 -26.650476 -1.992839 -1.088810 0.497596 -0.302984 -0.812772 0.000000 0.000000
  12 -26.532653 -2.214830 -0.961381 0.627870 -0.465210 -0.623987 0.000000 0.000000
  12 -26.835105 -2.203465 -1.124148 0.373454 -0.410270 -0.831992 0.000000 0.000000
rubbergloveCHROME.bmp
  12 -26.532653 -2.214830 -0.961381 0.627870 -0.465210 -0.623987 0.000000 0.000000
  12 -26.660332 -2.369025 -1.005220 0.470535 -0.648846 -0.597993 0.000000 0.000000
  12 -26.835105 -2.203465 -1.124148 0.373454 -0.410270 -0.831992 0.000000 0.000000
rubbergloveCHROME.bmp
  12 -26.835105 -2.203465 -1.124148 0.373454 -0.410270 -0.831992 0.000000 0.000000
  12 -26.660332 -2.369025 -1.005220 0.470535 -0.648846 -0.597993 0.000000 0.000000
  12 -26.873054 -2.467055 -0.998928 0.274958 -0.671939 -0.687674 0.000000 0.000000
rubbergloveCHROME.bmp
  12 -26.660332 -2.369025 -1.005220 0.470535 -0.648846 -0.597993 0.000000 0.000000
  12 -26.826255 -2.563096 -0.770048 0.315620 -0.936282 -0.154142 0.000000 0.000000
  12 -26.873054 -2.467055 -0.998928 0.274958 -0.671939 -0.687674 0.000000 0.000000
rubbergloveCHROME.bmp
  12 -26.873054 -2.467055 -0.998928 0.274958 -0.671939 -0.687674 0.000000 0.000000
  12 -26.826255 -2.563096 -0.770048 0.315620 -0.936282 -0.154142 0.000000 0.000000
  12 -27.128683 -2.565702 -0.943052 -0.072927 -0.906501 -0.415858 0.000000 0.000000
rubbergloveCHROME.bmp
  12 -26.826255 -2.563096 -0.770048 0.315620 -0.936282 -0.154142 0.000000 0.000000
  12 -27.137871 -2.604380 -0.743754 -0.253704 -0.965202 -0.063397 0.000000 0.000000
  12 -27.128683 -2.565702 -0.943052 -0.072927 -0.906501 -0.415858 0.000000 0.000000
rubbergloveCHROME.bmp
  12 -27.128683 -2.565702 -0.943052 -0.072927 -0.906501 -0.415858 0.000000 0.000000
  12 -27.137871 -2.604380 -0.743754 -0.253704 -0.965202 -0.063397 0.000000 0.000000
  12 -27.263160 -2.516178 -0.903513 -0.279465 -0.921960 -0.268121 0.000000 0.000000
rubbergloveCHROME.bmp
  12 -27.137871 -2.604380 -0.743754 -0.253704 -0.965202 -0.063397 0.000000 0.000000
  12 -27.264781 -2.533010 -0.743782 -0.269806 -0.962637 -0.023108 0.000000 0.000000
  12 -27.263160 -2.516178 -0.903513 -0.279465 -0.921960 -0.268121 0.000000 0.000000
rubbergloveCHROME.bmp
  18 -26.004838 -1.554366 -2.843772 -0.588031 -0.807218 0.051171 0.000000 0.000000
  18 -25.965431 -1.585155 -2.829660 -0.542938 -0.822218 0.170811 0.000000 0.000000
  18 -26.010842 -1.528360 -2.756093 -0.642015 -0.658206 0.393168 0.000000 0.000000
rubbergloveCHROME.bmp
  18 -26.010842 -1.528360 -2.756093 -0.642015 -0.658206 0.393168 0.000000 0.000000
  18 -25.965431 -1.585155 -2.829660 -0.542938 -0.822218 0.170811 0.000000 0.000000
  18 -25.961614 -1.517733 -2.657789 -0.588405 -0.520212 0.618998 0.000000 0.000000
rubbergloveCHROME.bmp
  18 -25.965431 -1.585155 -2.829660 -0.542938 -0.822218 0.170811 0.000000 0.000000
  18 -25.896733 -1.552212 -2.659087 -0.181887 -0.756762 0.627877 0.000000 0.000000
  18 -25.961614 -1.517733 -2.657789 -0.588405 -0.520212 0.618998 0.000000 0.000000
rubbergloveCHROME.bmp
  18 -25.961614 -1.517733 -2.657789 -0.588405 -0.520212 0.618998 0.000000 0.000000
  18 -25.896733 -1.552212 -2.659087 -0.181887 -0.756762 0.627877 0.000000 0.000000
  18 -25.825638 -1.364865 -2.540990 -0.460767 -0.102871 0.881539 0.000000 0.000000
rubbergloveCHROME.bmp
  18 -25.896733 -1.552212 -2.659087 -0.181887 -0.756762 0.627877 0.000000 0.000000
  18 -25.756668 -1.380621 -2.527032 -0.056402 -0.358439 0.931848 0.000000 0.000000
  18 -25.825638 -1.364865 -2.540990 -0.460767 -0.102871 0.881539 0.000000 0.000000
rubbergloveCHROME.bmp
  18 -25.825638 -1.364865 -2.540990 -0.460767 -0.102871 0.881539 0.000000 0.000000
  18 -25.756668 -1.380621 -2.527032 -0.056402 -0.358439 0.931848 0.000000 0.000000
  18 -25.666386 -1.191901 -2.487866 -0.457093 0.078069 0.885986 0.000000 0.000000
rubbergloveCHROME.bmp
  18 -25.756668 -1.380621 -2.527032 -0.056402 -0.358439 0.931848 0.000000 0.000000
  18 -25.606787 -1.202437 -2.464692 -0.096766 -0.236010 0.966921 0.000000 0.000000
  18 -25.666386 -1.191901 -2.487866 -0.457093 0.078069 0.885986 0.000000 0.000000
rubbergloveCHROME.bmp
  18 -25.666386 -1.191901 -2.487866 -0.457093 0.078069 0.885986 0.000000 0.000000
  18 -25.606787 -1.202437 -2.464692 -0.096766 -0.236010 0.966921 0.000000 0.000000
  18 -25.493950 -0.991558 -2.425992 -0.410839 0.017890 0.911532 0.000000 0.000000
rubbergloveCHROME.bmp
  18 -25.606787 -1.202437 -2.464692 -0.096766 -0.236010 0.966921 0.000000 0.000000
  18 -25.470645 -1.023877 -2.405686 -0.096766 -0.236010 0.966921 0.000000 0.000000
  18 -25.493950 -0.991558 -2.425992 -0.410839 0.017890 0.911532 0.000000 0.000000
rubbergloveCHROME.bmp
  18 -25.493950 -0.991558 -2.425992 -0.410839 0.017890 0.911532 0.000000 0.000000
  18 -25.470645 -1.023877 -2.405686 -0.096766 -0.236010 0.966921 0.000000 0.000000
  17 -25.390037 -0.813945 -2.375170 -0.457357 0.106886 0.882836 0.000000 0.000000
rubbergloveCHROME.bmp
  18 -25.470645 -1.023877 -2.405686 -0.096766 -0.236010 0.966921 0.000000 0.000000
  17 -25.293849 -0.819030 -2.352324 -0.074940 -0.168102 0.982917 0.000000 0.000000
  17 -25.390037 -0.813945 -2.375170 -0.457357 0.106886 0.882836 0.000000 0.000000
rubbergloveCHROME.bmp
  9 -26.927238 -2.299908 0.436847 0.035885 -0.548769 -0.835204 0.000000 0.000000
  9 -26.897899 -2.455600 0.527397 -0.187483 -0.741198 -0.644574 0.000000 0.000000
  9 -26.997037 -2.414090 0.577880 -0.057859 -0.879849 -0.471718 0.000000 0.000000
rubbergloveCHROME.bmp
  9 -26.997037 -2.414090 0.577880 -0.057859 -0.879849 -0.471718 0.000000 0.000000
  9 -26.897899 -2.455600 0.527397 -0.187483 -0.741198 -0.644574 0.000000 0.000000
  9 -26.845507 -2.524586 0.718698 -0.072597 -0.969492 -0.234126 0.000000 0.000000
rubbergloveCHROME.bmp
  9 -26.897899 -2.455600 0.527397 -0.187483 -0.741198 -0.644574 0.000000 0.000000
  9 -26.749724 -2.324101 0.434917 0.111070 -0.617046 -0.779049 0.000000 0.000000
  9 -26.845507 -2.524586 0.718698 -0.072597 -0.969492 -0.234126 0.000000 0.000000
rubbergloveCHROME.bmp
  9 -26.845507 -2.524586 0.718698 -0.072597 -0.969492 -0.234126 0.000000 0.000000
  9 -26.749724 -2.324101 0.434917 0.111070 -0.617046 -0.779049 0.000000 0.000000
  9 -26.553963 -2.425075 0.690420 0.402974 -0.870966 -0.281122 0.000000 0.000000
rubbergloveCHROME.bmp
  9 -26.749724 -2.324101 0.434917 0.111070 -0.617046 -0.779049 0.000000 0.000000
  9 -26.527659 -2.206028 0.363883 0.189938 -0.492878 -0.849114 0.000000 0.000000
  9 -26.553963 -2.425075 0.690420 0.402974 -0.870966 -0.281122 0.000000 0.000000
rubbergloveCHROME.bmp
  9 -26.553963 -2.425075 0.690420 0.402974 -0.870966 -0.281122 0.000000 0.000000
  9 -26.527659 -2.206028 0.363883 0.189938 -0.492878 -0.849114 0.000000 0.000000
  9 -26.335175 -2.325366 0.651821 0.587900 -0.771900 -0.241957 0.000000 0.000000
rubbergloveCHROME.bmp
  9 -26.527659 -2.206028 0.363883 0.189938 -0.492878 -0.849114 0.000000 0.000000
  9 -26.358431 -2.030936 0.366042 0.369839 -0.496766 -0.785139 0.000000 0.000000
  9 -26.335175 -2.325366 0.651821 0.587900 -0.771900 -0.241957 0.000000 0.000000
rubbergloveCHROME.bmp
  9 -26.335175 -2.325366 0.651821 0.587900 -0.771900 -0.241957 0.000000 0.000000
  9 -26.358431 -2.030936 0.366042 0.369839 -0.496766 -0.785139 0.000000 0.000000
  9 -26.192618 -2.148652 0.667619 0.678593 -0.692897 -0.243733 0.000000 0.000000
rubbergloveCHROME.bmp
  9 -26.358431 -2.030936 0.366042 0.369839 -0.496766 -0.785139 0.000000 0.000000
  9 -26.176543 -1.857084 0.356445 0.378625 -0.562473 -0.735029 0.000000 0.000000
  9 -26.192618 -2.148652 0.667619 0.678593 -0.692897 -0.243733 0.000000 0.000000
rubbergloveCHROME.bmp
  9 -26.192618 -2.148652 0.667619 0.678593 -0.692897 -0.243733 0.000000 0.000000
  9 -26.176543 -1.857084 0.356445 0.378625 -0.562473 -0.735029 0.000000 0.000000
  8 -25.984456 -1.931631 0.660807 0.579047 -0.775907 -0.250347 0.000000 0.000000
rubbergloveCHROME.bmp
  9 -26.176543 -1.857084 0.356445 0.378625 -0.562473 -0.735029 0.000000 0.000000
  8 -26.041768 -1.754787 0.318986 0.262071 -0.649250 -0.713998 0.000000 0.000000
  8 -25.984456 -1.931631 0.660807 0.579047 -0.775907 -0.250347 0.000000 0.000000
rubbergloveCHROME.bmp
  32 27.323685 -0.819529 -2.349334 0.074944 -0.168101 0.982917 0.000000 0.000000
  33 27.473000 -1.025836 -2.396169 0.096770 -0.236005 0.966921 0.000000 0.000000
  32 27.392391 -0.815898 -2.365653 0.457355 0.106881 0.882838 0.000000 0.000000
rubbergloveCHROME.bmp
  32 27.392391 -0.815898 -2.365653 0.457355 0.106881 0.882838 0.000000 0.000000
  33 27.473000 -1.025836 -2.396169 0.096770 -0.236005 0.966921 0.000000 0.000000
  33 27.539606 -1.008173 -2.419655 0.410840 0.017891 0.911532 0.000000 0.000000
rubbergloveCHROME.bmp
  33 27.473000 -1.025836 -2.396169 0.096770 -0.236005 0.966921 0.000000 0.000000
  33 27.643349 -1.210395 -2.464862 0.096770 -0.236005 0.966921 0.000000 0.000000
  33 27.539606 -1.008173 -2.419655 0.410840 0.017891 0.911532 0.000000 0.000000
rubbergloveCHROME.bmp
  33 27.539606 -1.008173 -2.419655 0.410840 0.017891 0.911532 0.000000 0.000000
  33 27.643349 -1.210395 -2.464862 0.096770 -0.236005 0.966921 0.000000 0.000000
  33 27.654724 -1.208113 -2.477723 0.457095 0.078075 0.885984 0.000000 0.000000
rubbergloveCHROME.bmp
  33 27.643349 -1.210395 -2.464862 0.096770 -0.236005 0.966921 0.000000 0.000000
  33 27.759021 -1.382580 -2.517515 0.056403 -0.358435 0.931849 0.000000 0.000000
  33 27.654724 -1.208113 -2.477723 0.457095 0.078075 0.885984 0.000000 0.000000
rubbergloveCHROME.bmp
  33 27.654724 -1.208113 -2.477723 0.457095 0.078075 0.885984 0.000000 0.000000
  33 27.759021 -1.382580 -2.517515 0.056403 -0.358435 0.931849 0.000000 0.000000
  33 27.852550 -1.391922 -2.553083 0.460771 -0.102867 0.881538 0.000000 0.000000
rubbergloveCHROME.bmp
  33 27.759021 -1.382580 -2.517515 0.056403 -0.358435 0.931849 0.000000 0.000000
  33 27.908180 -1.562828 -2.643063 0.181888 -0.756762 0.627876 0.000000 0.000000
  33 27.852550 -1.391922 -2.553083 0.460771 -0.102867 0.881538 0.000000 0.000000
rubbergloveCHROME.bmp
  33 27.852550 -1.391922 -2.553083 0.460771 -0.102867 0.881538 0.000000 0.000000
  33 27.908180 -1.562828 -2.643063 0.181888 -0.756762 0.627876 0.000000 0.000000
  33 27.977428 -1.533195 -2.654313 0.588405 -0.520212 0.618998 0.000000 0.000000
rubbergloveCHROME.bmp
  33 27.908180 -1.562828 -2.643063 0.181888 -0.756762 0.627876 0.000000 0.000000
  33 27.988254 -1.593490 -2.826497 0.542938 -0.822218 0.170811 0.000000 0.000000
  33 27.977428 -1.533195 -2.654313 0.588405 -0.520212 0.618998 0.000000 0.000000
rubbergloveCHROME.bmp
  33 27.977428 -1.533195 -2.654313 0.588405 -0.520212 0.618998 0.000000 0.000000
  33 27.988254 -1.593490 -2.826497 0.542938 -0.822218 0.170811 0.000000 0.000000
  33 28.044762 -1.548290 -2.768498 0.642016 -0.658204 0.393170 0.000000 0.000000
rubbergloveCHROME.bmp
  33 27.988254 -1.593490 -2.826497 0.542938 -0.822218 0.170811 0.000000 0.000000
  33 27.997820 -1.561546 -2.843470 0.588032 -0.807218 0.051171 0.000000 0.000000
  33 28.044762 -1.548290 -2.768498 0.642016 -0.658204 0.393170 0.000000 0.000000
rubbergloveCHROME.bmp
  30 27.882474 -1.526921 -2.168979 -0.443072 -0.295759 -0.846294 0.000000 0.000000
  29 27.592301 -1.536463 -2.026975 -0.547447 -0.513058 -0.661115 0.000000 0.000000
  29 27.712832 -1.361399 -2.133863 -0.445421 -0.290702 -0.846813 0.000000 0.000000
rubbergloveCHROME.bmp
  29 27.712832 -1.361399 -2.133863 -0.445421 -0.290702 -0.846813 0.000000 0.000000
  29 27.592301 -1.536463 -2.026975 -0.547447 -0.513058 -0.661115 0.000000 0.000000
  29 27.538243 -1.218757 -2.080274 -0.352868 -0.403682 -0.844112 0.000000 0.000000
rubbergloveCHROME.bmp
  29 27.592301 -1.536463 -2.026975 -0.547447 -0.513058 -0.661115 0.000000 0.000000
  29 27.408566 -1.399003 -1.993122 -0.558374 -0.568912 -0.603786 0.000000 0.000000
  29 27.538243 -1.218757 -2.080274 -0.352868 -0.403682 -0.844112 0.000000 0.000000
rubbergloveCHROME.bmp
  29 27.538243 -1.218757 -2.080274 -0.352868 -0.403682 -0.844112 0.000000 0.000000
  29 27.408566 -1.399003 -1.993122 -0.558374 -0.568912 -0.603786 0.000000 0.000000
  29 27.378780 -1.147194 -2.096103 -0.388690 -0.437666 -0.810783 0.000000 0.000000
rubbergloveCHROME.bmp
  29 27.408566 -1.399003 -1.993122 -0.558374 -0.568912 -0.603786 0.000000 0.000000
  29 27.260914 -1.240802 -1.951034 -0.679674 -0.559138 -0.474771 0.000000 0.000000
  29 27.378780 -1.147194 -2.096103 -0.388690 -0.437666 -0.810783 0.000000 0.000000
rubbergloveCHROME.bmp
  29 27.378780 -1.147194 -2.096103 -0.388690 -0.437666 -0.810783 0.000000 0.000000
  29 27.260914 -1.240802 -1.951034 -0.679674 -0.559138 -0.474771 0.000000 0.000000
  29 27.237415 -1.037126 -2.069626 -0.504599 -0.438398 -0.743765 0.000000 0.000000
rubbergloveCHROME.bmp
  29 27.260914 -1.240802 -1.951034 -0.679674 -0.559138 -0.474771 0.000000 0.000000
  29 27.140588 -1.123325 -1.926119 -0.617859 -0.665881 -0.418155 0.000000 0.000000
  29 27.237415 -1.037126 -2.069626 -0.504599 -0.438398 -0.743765 0.000000 0.000000
rubbergloveCHROME.bmp
  29 27.237415 -1.037126 -2.069626 -0.504599 -0.438398 -0.743765 0.000000 0.000000
  29 27.140588 -1.123325 -1.926119 -0.617859 -0.665881 -0.418155 0.000000 0.000000
  28 26.989686 -0.790742 -2.027987 -0.496274 -0.400008 -0.770523 0.000000 0.000000
rubbergloveCHROME.bmp
  29 27.140588 -1.123325 -1.926119 -0.617859 -0.665881 -0.418155 0.000000 0.000000
  28 26.891237 -0.958351 -1.882333 -0.599034 -0.661327 -0.451447 0.000000 0.000000
  28 26.989686 -0.790742 -2.027987 -0.496274 -0.400008 -0.770523 0.000000 0.000000
rubbergloveCHROME.bmp
  28 26.989686 -0.790742 -2.027987 -0.496274 -0.400008 -0.770523 0.000000 0.000000
  28 26.891237 -0.958351 -1.882333 -0.599034 -0.661327 -0.451447 0.000000 0.000000
  28 26.597903 -0.686294 -1.853354 -0.531028 -0.502762 -0.682085 0.000000 0.000000
rubbergloveCHROME.bmp
  28 26.891237 -0.958351 -1.882333 -0.599034 -0.661327 -0.451447 0.000000 0.000000
  28 26.597110 -0.807880 -1.572256 -0.688924 -0.724675 0.015132 0.000000 0.000000
  28 26.597903 -0.686294 -1.853354 -0.531028 -0.502762 -0.682085 0.000000 0.000000
rubbergloveCHROME.bmp
  27 28.840327 -1.652063 -0.274771 0.103751 0.613835 0.782587 0.000000 0.000000
  27 28.867763 -1.636428 -0.354788 0.485536 0.727381 0.484945 0.000000 0.000000
  26 28.733484 -1.409172 -0.239642 0.598307 0.207252 0.773999 0.000000 0.000000
rubbergloveCHROME.bmp
  26 28.733484 -1.409172 -0.239642 0.598307 0.207252 0.773999 0.000000 0.000000
  27 28.867763 -1.636428 -0.354788 0.485536 0.727381 0.484945 0.000000 0.000000
  26 28.849000 -1.310435 -0.429135 0.801341 0.391028 0.452714 0.000000 0.000000
rubbergloveCHROME.bmp
  27 28.867763 -1.636428 -0.354788 0.485536 0.727381 0.484945 0.000000 0.000000
  27 28.944489 -1.599154 -0.444921 0.502487 0.807506 0.308934 0.000000 0.000000
  26 28.849000 -1.310435 -0.429135 0.801341 0.391028 0.452714 0.000000 0.000000
rubbergloveCHROME.bmp
  26 28.849000 -1.310435 -0.429135 0.801341 0.391028 0.452714 0.000000 0.000000
  27 28.944489 -1.599154 -0.444921 0.502487 0.807506 0.308934 0.000000 0.000000
  26 28.888609 -1.277507 -0.629002 0.882216 0.449644 0.139695 0.000000 0.000000
rubbergloveCHROME.bmp
  27 28.944489 -1.599154 -0.444921 0.502487 0.807506 0.308934 0.000000 0.000000
  27 28.991842 -1.574149 -0.654998 0.610671 0.786506 0.092134 0.000000 0.000000
  26 28.888609 -1.277507 -0.629002 0.882216 0.449644 0.139695 0.000000 0.000000
rubbergloveCHROME.bmp
  26 28.888609 -1.277507 -0.629002 0.882216 0.449644 0.139695 0.000000 0.000000
  27 28.991842 -1.574149 -0.654998 0.610671 0.786506 0.092134 0.000000 0.000000
  26 28.887254 -1.275151 -0.768975 0.891118 0.417815 -0.177028 0.000000 0.000000
rubbergloveCHROME.bmp
  27 28.991842 -1.574149 -0.654998 0.610671 0.786506 0.092134 0.000000 0.000000
  27 29.011710 -1.592723 -0.805531 0.472523 0.871618 -0.130401 0.000000 0.000000
  26 28.887254 -1.275151 -0.768975 0.891118 0.417815 -0.177028 0.000000 0.000000
rubbergloveCHROME.bmp
  26 28.887254 -1.275151 -0.768975 0.891118 0.417815 -0.177028 0.000000 0.000000
  27 29.011710 -1.592723 -0.805531 0.472523 0.871618 -0.130401 0.000000 0.000000
  27 28.960800 -1.597529 -0.955147 0.472523 0.871618 -0.130401 0.000000 0.000000
rubbergloveCHROME.bmp
  27 29.011710 -1.592723 -0.805531 0.472523 0.871618 -0.130401 0.000000 0.000000
  27 29.082417 -1.592350 -0.806210 0.566707 0.822377 -0.050386 0.000000 0.000000
  27 28.960800 -1.597529 -0.955147 0.472523 0.871618 -0.130401 0.000000 0.000000
rubbergloveCHROME.bmp
  27 28.960800 -1.597529 -0.955147 0.472523 0.871618 -0.130401 0.000000 0.000000
  27 29.082417 -1.592350 -0.806210 0.566707 0.822377 -0.050386 0.000000 0.000000
  27 29.024037 -1.575479 -0.985394 0.280656 0.952333 -0.119556 0.000000 0.000000
rubbergloveCHROME.bmp
  27 29.082417 -1.592350 -0.806210 0.566707 0.822377 -0.050386 0.000000 0.000000
  27 29.152367 -1.800880 -1.000432 0.770904 0.559425 -0.304549 0.000000 0.000000
  27 29.024037 -1.575479 -0.985394 0.280656 0.952333 -0.119556 0.000000 0.000000
rubbergloveCHROME.bmp
  24 28.258448 -1.967573 1.096496 -0.407918 -0.397780 0.821811 0.000000 0.000000
  24 28.028981 -1.802958 1.071060 -0.348628 -0.495681 0.795462 0.000000 0.000000
  24 28.211446 -2.056190 0.986325 -0.494724 -0.562126 0.662769 0.000000 0.000000
rubbergloveCHROME.bmp
  24 28.211446 -2.056190 0.986325 -0.494724 -0.562126 0.662769 0.000000 0.000000
  24 28.028981 -1.802958 1.071060 -0.348628 -0.495681 0.795462 0.000000 0.000000
  24 27.991290 -1.846367 0.988628 -0.390394 -0.596212 0.701515 0.000000 0.000000
rubbergloveCHROME.bmp
  24 28.028981 -1.802958 1.071060 -0.348628 -0.495681 0.795462 0.000000 0.000000
  23 27.840269 -1.696387 1.117025 -0.398094 -0.563333 0.724000 0.000000 0.000000
  24 27.991290 -1.846367 0.988628 -0.390394 -0.596212 0.701515 0.000000 0.000000
rubbergloveCHROME.bmp
  24 27.991290 -1.846367 0.988628 -0.390394 -0.596212 0.701515 0.000000 0.000000
  23 27.840269 -1.696387 1.117025 -0.398094 -0.563333 0.724000 0.000000 0.000000
  23 27.823683 -1.730483 0.986020 -0.419230 -0.533153 0.734843 0.000000 0.000000
rubbergloveCHROME.bmp
  23 27.840269 -1.696387 1.117025 -0.398094 -0.563333 0.724000 0.000000 0.000000
  23 27.655642 -1.500733 1.084899 -0.445819 -0.305286 0.841455 0.000000 0.000000
  23 27.823683 -1.730483 0.986020 -0.419230 -0.533153 0.734843 0.000000 0.000000
rubbergloveCHROME.bmp
  23 27.823683 -1.730483 0.986020 -0.419230 -0.533153 0.734843 0.000000 0.000000
  23 27.655642 -1.500733 1.084899 -0.445819 -0.305286 0.841455 0.000000 0.000000
  23 27.619651 -1.532138 0.991527 -0.491979 -0.380924 0.782850 0.000000 0.000000
rubbergloveCHROME.bmp
  23 27.655642 -1.500733 1.084899 -0.445819 -0.305286 0.841455 0.000000 0.000000
  23 27.449727 -1.299151 1.049345 -0.484049 -0.270721 0.832110 0.000000 0.000000
  23 27.619651 -1.532138 0.991527 -0.491979 -0.380924 0.782850 0.000000 0.000000
rubbergloveCHROME.bmp
  23 27.619651 -1.532138 0.991527 -0.491979 -0.380924 0.782850 0.000000 0.000000
  23 27.449727 -1.299151 1.049345 -0.484049 -0.270721 0.832110 0.000000 0.000000
  23 27.386516 -1.318819 0.941098 -0.570814 -0.382659 0.726460 0.000000 0.000000
rubbergloveCHROME.bmp
  23 27.449727 -1.299151 1.049345 -0.484049 -0.270721 0.832110 0.000000 0.000000
  23 27.349675 -1.113138 1.029630 -0.599172 -0.237512 0.764579 0.000000 0.000000
  23 27.386516 -1.318819 0.941098 -0.570814 -0.382659 0.726460 0.000000 0.000000
rubbergloveCHROME.bmp
  23 27.386516 -1.318819 0.941098 -0.570814 -0.382659 0.726460 0.000000 0.000000
  23 27.349675 -1.113138 1.029630 -0.599172 -0.237512 0.764579 0.000000 0.000000
  23 27.260172 -1.176495 0.921579 -0.634578 -0.243969 0.733342 0.000000 0.000000
rubbergloveCHROME.bmp
  23 27.349675 -1.113138 1.029630 -0.599172 -0.237512 0.764579 0.000000 0.000000
  23 27.217302 -1.027361 0.862239 -0.533751 -0.270976 0.801051 0.000000 0.000000
  23 27.260172 -1.176495 0.921579 -0.634578 -0.243969 0.733342 0.000000 0.000000
rubbergloveCHROME.bmp
  21 25.268391 -0.907365 1.928596 -0.740068 -0.497521 0.452518 0.000000 0.000000
  21 25.399112 -1.016458 2.002154 -0.682235 -0.471620 0.558686 0.000000 0.000000
  21 25.343699 -0.790986 2.040778 -0.574397 -0.200825 0.793560 0.000000 0.000000
rubbergloveCHROME.bmp
  21 25.343699 -0.790986 2.040778 -0.574397 -0.200825 0.793560 0.000000 0.000000
  21 25.399112 -1.016458 2.002154 -0.682235 -0.471620 0.558686 0.000000 0.000000
  21 25.514577 -0.926990 2.106381 -0.574718 -0.143495 0.805672 0.000000 0.000000
rubbergloveCHROME.bmp
  21 25.399112 -1.016458 2.002154 -0.682235 -0.471620 0.558686 0.000000 0.000000
  21 25.692158 -1.239755 2.175250 -0.695083 -0.595709 0.402481 0.000000 0.000000
  21 25.514577 -0.926990 2.106381 -0.574718 -0.143495 0.805672 0.000000 0.000000
rubbergloveCHROME.bmp
  21 25.514577 -0.926990 2.106381 -0.574718 -0.143495 0.805672 0.000000 0.000000
  21 25.692158 -1.239755 2.175250 -0.695083 -0.595709 0.402481 0.000000 0.000000
  21 25.725350 -1.173931 2.270987 -0.708619 -0.239377 0.663745 0.000000 0.000000
rubbergloveCHROME.bmp
  21 25.692158 -1.239755 2.175250 -0.695083 -0.595709 0.402481 0.000000 0.000000
  21 25.890061 -1.359643 2.322768 -0.488023 -0.811964 0.320232 0.000000 0.000000
  21 25.725350 -1.173931 2.270987 -0.708619 -0.239377 0.663745 0.000000 0.000000
rubbergloveCHROME.bmp
  21 25.725350 -1.173931 2.270987 -0.708619 -0.239377 0.663745 0.000000 0.000000
  21 25.890061 -1.359643 2.322768 -0.488023 -0.811964 0.320232 0.000000 0.000000
  21 25.885247 -1.311234 2.411274 -0.528805 -0.477913 0.701402 0.000000 0.000000
rubbergloveCHROME.bmp
  21 25.890061 -1.359643 2.322768 -0.488023 -0.811964 0.320232 0.000000 0.000000
  21 26.001883 -1.357678 2.352632 -0.063210 -0.942055 0.329449 0.000000 0.000000
  21 25.885247 -1.311234 2.411274 -0.528805 -0.477913 0.701402 0.000000 0.000000
rubbergloveCHROME.bmp
  21 25.885247 -1.311234 2.411274 -0.528805 -0.477913 0.701402 0.000000 0.000000
  21 26.001883 -1.357678 2.352632 -0.063210 -0.942055 0.329449 0.000000 0.000000
  21 25.993722 -1.345946 2.422602 -0.085337 -0.731430 0.676556 0.000000 0.000000
rubbergloveCHROME.bmp
  21 26.001883 -1.357678 2.352632 -0.063210 -0.942055 0.329449 0.000000 0.000000
  21 26.130870 -1.321305 2.403026 0.305267 -0.852502 0.424325 0.000000 0.000000
  21 25.993722 -1.345946 2.422602 -0.085337 -0.731430 0.676556 0.000000 0.000000
rubbergloveCHROME.bmp
  21 25.993722 -1.345946 2.422602 -0.085337 -0.731430 0.676556 0.000000 0.000000
  21 26.130870 -1.321305 2.403026 0.305267 -0.852502 0.424325 0.000000 0.000000
  21 26.147036 -1.256176 2.465451 0.226986 -0.562929 0.794725 0.000000 0.000000
rubbergloveCHROME.bmp
  11 -26.822409 -1.308333 -1.008940 -0.667946 0.343729 -0.660074 0.000000 0.000000
  11 -26.841423 -1.163322 -0.766639 -0.773357 0.621856 -0.123346 0.000000 0.000000
  11 -26.777759 -1.238793 -1.017340 -0.533925 0.342750 -0.772947 0.000000 0.000000
rubbergloveCHROME.bmp
  11 -26.777759 -1.238793 -1.017340 -0.533925 0.342750 -0.772947 0.000000 0.000000
  11 -26.841423 -1.163322 -0.766639 -0.773357 0.621856 -0.123346 0.000000 0.000000
  11 -26.622446 -1.010461 -0.991989 -0.607862 0.631875 -0.480872 0.000000 0.000000
rubbergloveCHROME.bmp
  11 -26.841423 -1.163322 -0.766639 -0.773357 0.621856 -0.123346 0.000000 0.000000
  11 -26.644898 -0.978519 -0.751623 -0.675921 0.736339 -0.030580 0.000000 0.000000
  11 -26.622446 -1.010461 -0.991989 -0.607862 0.631875 -0.480872 0.000000 0.000000
rubbergloveCHROME.bmp
  11 -26.622446 -1.010461 -0.991989 -0.607862 0.631875 -0.480872 0.000000 0.000000
  11 -26.644898 -0.978519 -0.751623 -0.675921 0.736339 -0.030580 0.000000 0.000000
  11 -26.455891 -0.814363 -0.757032 -0.634910 0.772545 0.007997 0.000000 0.000000
rubbergloveCHROME.bmp
  11 -26.644898 -0.978519 -0.751623 -0.675921 0.736339 -0.030580 0.000000 0.000000
  11 -26.646586 -0.994840 -0.621890 -0.646904 0.743202 0.170778 0.000000 0.000000
  11 -26.455891 -0.814363 -0.757032 -0.634910 0.772545 0.007997 0.000000 0.000000
rubbergloveCHROME.bmp
  11 -26.455891 -0.814363 -0.757032 -0.634910 0.772545 0.007997 0.000000 0.000000
  11 -26.646586 -0.994840 -0.621890 -0.646904 0.743202 0.170778 0.000000 0.000000
  11 -26.451253 -0.852268 -0.617599 -0.598607 0.767981 0.227761 0.000000 0.000000
rubbergloveCHROME.bmp
  11 -26.646586 -0.994840 -0.621890 -0.646904 0.743202 0.170778 0.000000 0.000000
  11 -26.628394 -1.034187 -0.422338 -0.578248 0.693390 0.429930 0.000000 0.000000
  11 -26.451253 -0.852268 -0.617599 -0.598607 0.767981 0.227761 0.000000 0.000000
rubbergloveCHROME.bmp
  11 -26.451253 -0.852268 -0.617599 -0.598607 0.767981 0.227761 0.000000 0.000000
  11 -26.628394 -1.034187 -0.422338 -0.578248 0.693390 0.429930 0.000000 0.000000
  11 -26.411547 -0.885029 -0.427730 -0.578248 0.693390 0.429930 0.000000 0.000000
rubbergloveCHROME.bmp
  11 -26.628394 -1.034187 -0.422338 -0.578248 0.693390 0.429930 0.000000 0.000000
  11 -26.512740 -1.119295 -0.202610 -0.402840 0.437538 0.803916 0.000000 0.000000
  11 -26.411547 -0.885029 -0.427730 -0.578248 0.693390 0.429930 0.000000 0.000000
rubbergloveCHROME.bmp
  11 -26.411547 -0.885029 -0.427730 -0.578248 0.693390 0.429930 0.000000 0.000000
  11 -26.512740 -1.119295 -0.202610 -0.402840 0.437538 0.803916 0.000000 0.000000
  11 -26.296086 -0.970473 -0.188005 -0.464286 0.468690 0.751511 0.000000 0.000000
rubbergloveCHROME.bmp
  12 -27.503325 -2.318298 -0.822493 -0.936294 -0.320742 -0.143101 0.000000 0.000000
  12 -27.504631 -2.348597 -0.702993 -0.935165 -0.344549 0.082173 0.000000 0.000000
  12 -27.631325 -2.234806 -0.702304 -0.957437 -0.288381 0.012306 0.000000 0.000000
rubbergloveCHROME.bmp
  12 -27.631325 -2.234806 -0.702304 -0.957437 -0.288381 0.012306 0.000000 0.000000
  12 -27.504631 -2.348597 -0.702993 -0.935165 -0.344549 0.082173 0.000000 0.000000
  12 -27.590885 -2.266507 -0.512410 -0.937437 -0.268256 0.221923 0.000000 0.000000
rubbergloveCHROME.bmp
  12 -27.504631 -2.348597 -0.702993 -0.935165 -0.344549 0.082173 0.000000 0.000000
  12 -27.492039 -2.351364 -0.542887 -0.872831 -0.378277 0.308338 0.000000 0.000000
  12 -27.590885 -2.266507 -0.512410 -0.937437 -0.268256 0.221923 0.000000 0.000000
rubbergloveCHROME.bmp
  12 -27.590885 -2.266507 -0.512410 -0.937437 -0.268256 0.221923 0.000000 0.000000
  12 -27.492039 -2.351364 -0.542887 -0.872831 -0.378277 0.308338 0.000000 0.000000
  12 -27.521122 -2.282534 -0.421988 -0.792769 -0.328951 0.513137 0.000000 0.000000
rubbergloveCHROME.bmp
  12 -27.492039 -2.351364 -0.542887 -0.872831 -0.378277 0.308338 0.000000 0.000000
  12 -27.443452 -2.360209 -0.452549 -0.667097 -0.510271 0.542775 0.000000 0.000000
  12 -27.521122 -2.282534 -0.421988 -0.792769 -0.328951 0.513137 0.000000 0.000000
rubbergloveCHROME.bmp
  12 -27.521122 -2.282534 -0.421988 -0.792769 -0.328951 0.513137 0.000000 0.000000
  12 -27.443452 -2.360209 -0.452549 -0.667097 -0.510271 0.542775 0.000000 0.000000
  12 -27.429966 -2.263323 -0.330765 -0.507051 -0.100232 0.856068 0.000000 0.000000
rubbergloveCHROME.bmp
  12 -27.443452 -2.360209 -0.452549 -0.667097 -0.510271 0.542775 0.000000 0.000000
  12 -27.345480 -2.334470 -0.331144 -0.410048 -0.185225 0.893058 0.000000 0.000000
  12 -27.429966 -2.263323 -0.330765 -0.507051 -0.100232 0.856068 0.000000 0.000000
rubbergloveCHROME.bmp
  12 -27.429966 -2.263323 -0.330765 -0.507051 -0.100232 0.856068 0.000000 0.000000
  12 -27.345480 -2.334470 -0.331144 -0.410048 -0.185225 0.893058 0.000000 0.000000
  12 -27.132062 -2.025015 -0.293864 -0.296538 0.137200 0.945115 0.000000 0.000000
rubbergloveCHROME.bmp
  12 -27.345480 -2.334470 -0.331144 -0.410048 -0.185225 0.893058 0.000000 0.000000
  12 -27.104309 -2.110172 -0.285026 -0.367972 0.161067 0.915781 0.000000 0.000000
  12 -27.132062 -2.025015 -0.293864 -0.296538 0.137200 0.945115 0.000000 0.000000
rubbergloveCHROME.bmp
  12 -27.132062 -2.025015 -0.293864 -0.296538 0.137200 0.945115 0.000000 0.000000
  12 -27.104309 -2.110172 -0.285026 -0.367972 0.161067 0.915781 0.000000 0.000000
  12 -26.990601 -1.997648 -0.282031 -0.324083 0.088566 0.941874 0.000000 0.000000
rubbergloveCHROME.bmp
  8 -26.557568 -1.455958 0.404141 -0.664880 0.598094 -0.447458 0.000000 0.000000
  8 -26.625996 -1.359389 0.496293 -0.697025 0.593493 -0.402395 0.000000 0.000000
  8 -26.410508 -1.321777 0.382494 -0.639642 0.562839 -0.523517 0.000000 0.000000
rubbergloveCHROME.bmp
  8 -26.410508 -1.321777 0.382494 -0.639642 0.562839 -0.523517 0.000000 0.000000
  8 -26.625996 -1.359389 0.496293 -0.697025 0.593493 -0.402395 0.000000 0.000000
  8 -26.478365 -1.211137 0.473346 -0.682106 0.662553 -0.309443 0.000000 0.000000
rubbergloveCHROME.bmp
  8 -26.625996 -1.359389 0.496293 -0.697025 0.593493 -0.402395 0.000000 0.000000
  8 -26.591694 -1.335578 0.692141 -0.674722 0.717180 0.174363 0.000000 0.000000
  8 -26.478365 -1.211137 0.473346 -0.682106 0.662553 -0.309443 0.000000 0.000000
rubbergloveCHROME.bmp
  8 -26.478365 -1.211137 0.473346 -0.682106 0.662553 -0.309443 0.000000 0.000000
  8 -26.591694 -1.335578 0.692141 -0.674722 0.717180 0.174363 0.000000 0.000000
  8 -26.409916 -1.210278 0.666515 -0.630709 0.749609 0.200728 0.000000 0.000000
rubbergloveCHROME.bmp
  8 -26.591694 -1.335578 0.692141 -0.674722 0.717180 0.174363 0.000000 0.000000
  8 -26.506581 -1.345433 0.853568 -0.645522 0.695277 0.316057 0.000000 0.000000
  8 -26.409916 -1.210278 0.666515 -0.630709 0.749609 0.200728 0.000000 0.000000
rubbergloveCHROME.bmp
  8 -26.409916 -1.210278 0.666515 -0.630709 0.749609 0.200728 0.000000 0.000000
  8 -26.506581 -1.345433 0.853568 -0.645522 0.695277 0.316057 0.000000 0.000000
  8 -26.334752 -1.216823 0.859407 -0.645522 0.695277 0.316057 0.000000 0.000000
rubbergloveCHROME.bmp
  8 -26.506581 -1.345433 0.853568 -0.645522 0.695277 0.316057 0.000000 0.000000
  8 -26.436360 -1.398285 1.081550 -0.554688 0.624113 0.550277 0.000000 0.000000
  8 -26.334752 -1.216823 0.859407 -0.645522 0.695277 0.316057 0.000000 0.000000
rubbergloveCHROME.bmp
  8 -26.334752 -1.216823 0.859407 -0.645522 0.695277 0.316057 0.000000 0.000000
  8 -26.436360 -1.398285 1.081550 -0.554688 0.624113 0.550277 0.000000 0.000000
  8 -26.255363 -1.259771 1.044752 -0.554688 0.624113 0.550277 0.000000 0.000000
rubbergloveCHROME.bmp
  8 -26.436360 -1.398285 1.081550 -0.554688 0.624113 0.550277 0.000000 0.000000
  8 -26.214001 -1.321314 1.166003 -0.191734 0.322881 0.926815 0.000000 0.000000
  8 -26.255363 -1.259771 1.044752 -0.554688 0.624113 0.550277 0.000000 0.000000
rubbergloveCHROME.bmp
  8 -26.255363 -1.259771 1.044752 -0.554688 0.624113 0.550277 0.000000 0.000000
  8 -26.214001 -1.321314 1.166003 -0.191734 0.322881 0.926815 0.000000 0.000000
  8 -26.060436 -1.167253 1.131609 -0.315243 0.431030 0.845479 0.000000 0.000000
rubbergloveCHROME.bmp
  14 -26.467464 -1.033449 -1.809606 -0.794455 0.606958 -0.021055 0.000000 0.000000
  15 -26.548136 -1.190651 -2.026232 -0.790311 0.531454 -0.304902 0.000000 0.000000
  15 -26.576121 -1.188389 -1.836992 -0.859827 0.510403 -0.013633 0.000000 0.000000
rubbergloveCHROME.bmp
  15 -26.576121 -1.188389 -1.836992 -0.859827 0.510403 -0.013633 0.000000 0.000000
  15 -26.548136 -1.190651 -2.026232 -0.790311 0.531454 -0.304902 0.000000 0.000000
  15 -26.746022 -1.506343 -1.887379 -0.412519 0.910949 0.000220 0.000000 0.000000
rubbergloveCHROME.bmp
  15 -26.548136 -1.190651 -2.026232 -0.790311 0.531454 -0.304902 0.000000 0.000000
  15 -26.707486 -1.497394 -2.044016 -0.353836 0.927754 -0.118631 0.000000 0.000000
  15 -26.746022 -1.506343 -1.887379 -0.412519 0.910949 0.000220 0.000000 0.000000
rubbergloveCHROME.bmp
  15 -26.746022 -1.506343 -1.887379 -0.412519 0.910949 0.000220 0.000000 0.000000
  15 -26.707486 -1.497394 -2.044016 -0.353836 0.927754 -0.118631 0.000000 0.000000
  15 -26.810488 -1.500773 -1.883768 -0.408880 0.911692 0.040437 0.000000 0.000000
rubbergloveCHROME.bmp
  15 -26.707486 -1.497394 -2.044016 -0.353836 0.927754 -0.118631 0.000000 0.000000
  15 -26.760207 -1.508923 -2.081266 -0.518806 0.821809 -0.235522 0.000000 0.000000
  15 -26.810488 -1.500773 -1.883768 -0.408880 0.911692 0.040437 0.000000 0.000000
rubbergloveCHROME.bmp
  15 -26.810488 -1.500773 -1.883768 -0.408880 0.911692 0.040437 0.000000 0.000000
  15 -26.760207 -1.508923 -2.081266 -0.518806 0.821809 -0.235522 0.000000 0.000000
  15 -26.988013 -1.726320 -1.935860 -0.812764 0.581770 -0.030953 0.000000 0.000000
rubbergloveCHROME.bmp
  15 -26.760207 -1.508923 -2.081266 -0.518806 0.821809 -0.235522 0.000000 0.000000
  15 -26.902719 -1.727169 -2.128795 -0.746124 0.588387 -0.311609 0.000000 0.000000
  15 -26.988013 -1.726320 -1.935860 -0.812764 0.581770 -0.030953 0.000000 0.000000
rubbergloveCHROME.bmp
  15 -26.988013 -1.726320 -1.935860 -0.812764 0.581770 -0.030953 0.000000 0.000000
  15 -26.902719 -1.727169 -2.128795 -0.746124 0.588387 -0.311609 0.000000 0.000000
  15 -27.124966 -1.924394 -1.970654 -0.851984 0.520863 -0.053156 0.000000 0.000000
rubbergloveCHROME.bmp
  15 -26.902719 -1.727169 -2.128795 -0.746124 0.588387 -0.311609 0.000000 0.000000
  15 -27.052388 -1.938432 -2.176410 -0.766070 0.507342 -0.394641 0.000000 0.000000
  15 -27.124966 -1.924394 -1.970654 -0.851984 0.520863 -0.053156 0.000000 0.000000
rubbergloveCHROME.bmp
  15 -27.124966 -1.924394 -1.970654 -0.851984 0.520863 -0.053156 0.000000 0.000000
  15 -27.052388 -1.938432 -2.176410 -0.766070 0.507342 -0.394641 0.000000 0.000000
  15 -27.157577 -2.132171 -2.176966 -0.929340 0.095071 -0.356775 0.000000 0.000000
rubbergloveCHROME.bmp
  15 -26.690488 -2.013622 -2.356616 -0.021484 0.044256 -0.998789 0.000000 0.000000
  15 -26.605027 -1.810862 -2.306770 -0.014986 0.154001 -0.987957 0.000000 0.000000
  15 -26.538704 -1.857660 -2.324410 0.003575 0.089338 -0.995995 0.000000 0.000000
rubbergloveCHROME.bmp
  15 -26.538704 -1.857660 -2.324410 0.003575 0.089338 -0.995995 0.000000 0.000000
  15 -26.605027 -1.810862 -2.306770 -0.014986 0.154001 -0.987957 0.000000 0.000000
  15 -26.406226 -1.678769 -2.312242 -0.114768 0.153182 -0.981511 0.000000 0.000000
rubbergloveCHROME.bmp
  15 -26.605027 -1.810862 -2.306770 -0.014986 0.154001 -0.987957 0.000000 0.000000
  15 -26.454842 -1.627744 -2.261914 -0.101597 0.337101 -0.935971 0.000000 0.000000
  15 -26.406226 -1.678769 -2.312242 -0.114768 0.153182 -0.981511 0.000000 0.000000
rubbergloveCHROME.bmp
  15 -26.406226 -1.678769 -2.312242 -0.114768 0.153182 -0.981511 0.000000 0.000000
  15 -26.454842 -1.627744 -2.261914 -0.101597 0.337101 -0.935971 0.000000 0.000000
  15 -26.197033 -1.406836 -2.292484 -0.121099 0.192408 -0.973814 0.000000 0.000000
rubbergloveCHROME.bmp
  15 -26.454842 -1.627744 -2.261914 -0.101597 0.337101 -0.935971 0.000000 0.000000
  15 -26.291324 -1.345024 -2.215748 -0.218133 0.289719 -0.931923 0.000000 0.000000
  15 -26.197033 -1.406836 -2.292484 -0.121099 0.192408 -0.973814 0.000000 0.000000
rubbergloveCHROME.bmp
  15 -26.197033 -1.406836 -2.292484 -0.121099 0.192408 -0.973814 0.000000 0.000000
  15 -26.291324 -1.345024 -2.215748 -0.218133 0.289719 -0.931923 0.000000 0.000000
  14 -26.102062 -1.252884 -2.266695 -0.064833 0.215910 -0.974258 0.000000 0.000000
rubbergloveCHROME.bmp
  15 -26.291324 -1.345024 -2.215748 -0.218133 0.289719 -0.931923 0.000000 0.000000
  14 -26.188496 -1.168954 -2.176778 -0.196026 0.328852 -0.923813 0.000000 0.000000
  14 -26.102062 -1.252884 -2.266695 -0.064833 0.215910 -0.974258 0.000000 0.000000
rubbergloveCHROME.bmp
  14 -26.102062 -1.252884 -2.266695 -0.064833 0.215910 -0.974258 0.000000 0.000000
  14 -26.188496 -1.168954 -2.176778 -0.196026 0.328852 -0.923813 0.000000 0.000000
  14 -25.967288 -1.079374 -2.234595 -0.215211 0.293397 -0.931452 0.000000 0.000000
rubbergloveCHROME.bmp
  14 -26.188496 -1.168954 -2.176778 -0.196026 0.328852 -0.923813 0.000000 0.000000
  14 -26.075941 -1.003094 -2.137766 -0.163534 0.252436 -0.953694 0.000000 0.000000
  14 -25.967288 -1.079374 -2.234595 -0.215211 0.293397 -0.931452 0.000000 0.000000
rubbergloveCHROME.bmp
  14 -25.967288 -1.079374 -2.234595 -0.215211 0.293397 -0.931452 0.000000 0.000000
  14 -26.075941 -1.003094 -2.137766 -0.163534 0.252436 -0.953694 0.000000 0.000000
  14 -25.928482 -0.789587 -2.150825 -0.181121 0.201637 -0.962568 0.000000 0.000000
rubbergloveCHROME.bmp
  9 -26.666134 -1.894537 1.287787 0.026787 0.112001 0.993347 0.000000 0.000000
  9 -26.926884 -2.030223 1.233948 -0.544118 0.433524 0.718326 0.000000 0.000000
  9 -26.872639 -2.107307 1.334524 -0.056997 -0.014616 0.998267 0.000000 0.000000
rubbergloveCHROME.bmp
  9 -26.872639 -2.107307 1.334524 -0.056997 -0.014616 0.998267 0.000000 0.000000
  9 -26.926884 -2.030223 1.233948 -0.544118 0.433524 0.718326 0.000000 0.000000
  9 -27.078265 -2.217211 1.260772 -0.635771 0.216675 0.740842 0.000000 0.000000
rubbergloveCHROME.bmp
  9 -26.926884 -2.030223 1.233948 -0.544118 0.433524 0.718326 0.000000 0.000000
  9 -26.969333 -2.010718 1.126627 -0.695218 0.526419 0.489444 0.000000 0.000000
  9 -27.078265 -2.217211 1.260772 -0.635771 0.216675 0.740842 0.000000 0.000000
rubbergloveCHROME.bmp
  9 -27.078265 -2.217211 1.260772 -0.635771 0.216675 0.740842 0.000000 0.000000
  9 -26.969333 -2.010718 1.126627 -0.695218 0.526419 0.489444 0.000000 0.000000
  9 -27.144755 -2.219974 1.138414 -0.775749 0.273658 0.568616 0.000000 0.000000
rubbergloveCHROME.bmp
  9 -26.969333 -2.010718 1.126627 -0.695218 0.526419 0.489444 0.000000 0.000000
  9 -27.047692 -1.981507 0.962595 -0.699888 0.587610 0.406043 0.000000 0.000000
  9 -27.144755 -2.219974 1.138414 -0.775749 0.273658 0.568616 0.000000 0.000000
rubbergloveCHROME.bmp
  9 -27.144755 -2.219974 1.138414 -0.775749 0.273658 0.568616 0.000000 0.000000
  9 -27.047692 -1.981507 0.962595 -0.699888 0.587610 0.406043 0.000000 0.000000
  9 -27.221907 -2.178386 1.033925 -0.863223 0.206425 0.460690 0.000000 0.000000
rubbergloveCHROME.bmp
  9 -27.047692 -1.981507 0.962595 -0.699888 0.587610 0.406043 0.000000 0.000000
  9 -27.285121 -2.162784 0.879133 -0.893364 0.285209 0.347212 0.000000 0.000000
  9 -27.221907 -2.178386 1.033925 -0.863223 0.206425 0.460690 0.000000 0.000000
rubbergloveCHROME.bmp
  9 -27.221907 -2.178386 1.033925 -0.863223 0.206425 0.460690 0.000000 0.000000
  9 -27.285121 -2.162784 0.879133 -0.893364 0.285209 0.347212 0.000000 0.000000
  9 -27.281031 -2.353122 0.895103 -0.794673 -0.584534 0.163755 0.000000 0.000000
rubbergloveCHROME.bmp
  9 -27.285121 -2.162784 0.879133 -0.893364 0.285209 0.347212 0.000000 0.000000
  9 -27.289839 -2.316868 0.822246 -0.905311 -0.416693 0.082333 0.000000 0.000000
  9 -27.281031 -2.353122 0.895103 -0.794673 -0.584534 0.163755 0.000000 0.000000
rubbergloveCHROME.bmp
  9 -27.281031 -2.353122 0.895103 -0.794673 -0.584534 0.163755 0.000000 0.000000
  9 -27.289839 -2.316868 0.822246 -0.905311 -0.416693 0.082333 0.000000 0.000000
  9 -27.225836 -2.364464 0.777099 -0.670396 -0.735113 -0.100883 0.000000 0.000000
rubbergloveCHROME.bmp
  6 -23.631815 -0.839065 1.260283 -0.105226 -0.602083 -0.791469 0.000000 0.000000
  6 -23.769670 -0.972117 1.356162 -0.069906 -0.621316 -0.780436 0.000000 0.000000
  6 -23.805672 -0.722441 1.240987 -0.311578 -0.353186 -0.882144 0.000000 0.000000
rubbergloveCHROME.bmp
  6 -23.805672 -0.722441 1.240987 -0.311578 -0.353186 -0.882144 0.000000 0.000000
  6 -23.769670 -0.972117 1.356162 -0.069906 -0.621316 -0.780436 0.000000 0.000000
  6 -23.927703 -0.869860 1.330296 -0.310580 -0.427725 -0.848877 0.000000 0.000000
rubbergloveCHROME.bmp
  6 -23.769670 -0.972117 1.356162 -0.069906 -0.621316 -0.780436 0.000000 0.000000
  6 -23.911634 -1.115396 1.510167 -0.127641 -0.739068 -0.661428 0.000000 0.000000
  6 -23.927703 -0.869860 1.330296 -0.310580 -0.427725 -0.848877 0.000000 0.000000
rubbergloveCHROME.bmp
  6 -23.927703 -0.869860 1.330296 -0.310580 -0.427725 -0.848877 0.000000 0.000000
  6 -23.911634 -1.115396 1.510167 -0.127641 -0.739068 -0.661428 0.000000 0.000000
  6 -24.042699 -1.045889 1.483885 -0.386287 -0.583457 -0.714395 0.000000 0.000000
rubbergloveCHROME.bmp
  6 -23.911634 -1.115396 1.510167 -0.127641 -0.739068 -0.661428 0.000000 0.000000
  6 -24.108084 -1.256235 1.786341 -0.286374 -0.829462 -0.479565 0.000000 0.000000
  6 -24.042699 -1.045889 1.483885 -0.386287 -0.583457 -0.714395 0.000000 0.000000
rubbergloveCHROME.bmp
  6 -24.042699 -1.045889 1.483885 -0.386287 -0.583457 -0.714395 0.000000 0.000000
  6 -24.108084 -1.256235 1.786341 -0.286374 -0.829462 -0.479565 0.000000 0.000000
  6 -24.254973 -1.172361 1.766630 -0.560725 -0.644823 -0.519413 0.000000 0.000000
rubbergloveCHROME.bmp
  6 -24.108084 -1.256235 1.786341 -0.286374 -0.829462 -0.479565 0.000000 0.000000
  6 -24.268914 -1.330736 2.033693 -0.451067 -0.865171 -0.219131 0.000000 0.000000
  6 -24.254973 -1.172361 1.766630 -0.560725 -0.644823 -0.519413 0.000000 0.000000
rubbergloveCHROME.bmp
  6 -24.254973 -1.172361 1.766630 -0.560725 -0.644823 -0.519413 0.000000 0.000000
  6 -24.268914 -1.330736 2.033693 -0.451067 -0.865171 -0.219131 0.000000 0.000000
  6 -24.378247 -1.240564 2.029787 -0.653892 -0.704502 -0.275866 0.000000 0.000000
rubbergloveCHROME.bmp
  6 -24.268914 -1.330736 2.033693 -0.451067 -0.865171 -0.219131 0.000000 0.000000
  6 -24.324842 -1.317902 2.205761 -0.553033 -0.827200 0.099472 0.000000 0.000000
  6 -24.378247 -1.240564 2.029787 -0.653892 -0.704502 -0.275866 0.000000 0.000000
rubbergloveCHROME.bmp
  6 -24.378247 -1.240564 2.029787 -0.653892 -0.704502 -0.275866 0.000000 0.000000
  6 -24.324842 -1.317902 2.205761 -0.553033 -0.827200 0.099472 0.000000 0.000000
  6 -24.404145 -1.263668 2.170128 -0.736361 -0.667963 0.107694 0.000000 0.000000
rubbergloveCHROME.bmp
  33 28.009395 -1.567362 -3.036426 0.644367 -0.748608 -0.156130 0.000000 0.000000
  33 28.105138 -1.430861 -2.896424 0.982534 -0.106035 -0.152918 0.000000 0.000000
  33 28.114376 -1.552446 -2.902052 0.677025 -0.735869 0.011569 0.000000 0.000000
rubbergloveCHROME.bmp
  33 28.114376 -1.552446 -2.902052 0.677025 -0.735869 0.011569 0.000000 0.000000
  33 28.105138 -1.430861 -2.896424 0.982534 -0.106035 -0.152918 0.000000 0.000000
  33 28.118654 -1.509624 -2.789589 0.767186 -0.585748 0.261389 0.000000 0.000000
rubbergloveCHROME.bmp
  33 28.105138 -1.430861 -2.896424 0.982534 -0.106035 -0.152918 0.000000 0.000000
  33 28.101853 -1.422920 -2.789064 0.977634 0.099660 0.185199 0.000000 0.000000
  33 28.118654 -1.509624 -2.789589 0.767186 -0.585748 0.261389 0.000000 0.000000
rubbergloveCHROME.bmp
  33 28.118654 -1.509624 -2.789589 0.767186 -0.585748 0.261389 0.000000 0.000000
  33 28.101853 -1.422920 -2.789064 0.977634 0.099660 0.185199 0.000000 0.000000
  33 28.065809 -1.439674 -2.699509 0.747303 -0.220002 0.627006 0.000000 0.000000
rubbergloveCHROME.bmp
  33 28.101853 -1.422920 -2.789064 0.977634 0.099660 0.185199 0.000000 0.000000
  33 27.997916 -1.247422 -2.717669 0.847527 0.462810 0.259818 0.000000 0.000000
  33 28.065809 -1.439674 -2.699509 0.747303 -0.220002 0.627006 0.000000 0.000000
rubbergloveCHROME.bmp
  33 28.065809 -1.439674 -2.699509 0.747303 -0.220002 0.627006 0.000000 0.000000
  33 27.997916 -1.247422 -2.717669 0.847527 0.462810 0.259818 0.000000 0.000000
  33 27.991713 -1.265330 -2.625252 0.648130 0.138716 0.748789 0.000000 0.000000
rubbergloveCHROME.bmp
  33 27.997916 -1.247422 -2.717669 0.847527 0.462810 0.259818 0.000000 0.000000
  33 27.852958 -1.046327 -2.662462 0.844669 0.493610 0.207085 0.000000 0.000000
  33 27.991713 -1.265330 -2.625252 0.648130 0.138716 0.748789 0.000000 0.000000
rubbergloveCHROME.bmp
  33 27.991713 -1.265330 -2.625252 0.648130 0.138716 0.748789 0.000000 0.000000
  33 27.852958 -1.046327 -2.662462 0.844669 0.493610 0.207085 0.000000 0.000000
  33 27.862579 -1.079644 -2.566558 0.620594 0.213601 0.754478 0.000000 0.000000
rubbergloveCHROME.bmp
  33 27.852958 -1.046327 -2.662462 0.844669 0.493610 0.207085 0.000000 0.000000
  33 27.713199 -0.808443 -2.611679 0.396087 0.844480 0.360512 0.000000 0.000000
  33 27.862579 -1.079644 -2.566558 0.620594 0.213601 0.754478 0.000000 0.000000
rubbergloveCHROME.bmp
  33 27.862579 -1.079644 -2.566558 0.620594 0.213601 0.754478 0.000000 0.000000
  33 27.713199 -0.808443 -2.611679 0.396087 0.844480 0.360512 0.000000 0.000000
  33 27.722265 -0.869515 -2.521192 0.157076 0.588271 0.793262 0.000000 0.000000
rubbergloveCHROME.bmp
  33 27.843284 -1.549274 -3.149032 0.136327 -0.893717 -0.427416 0.000000 0.000000
  33 27.769503 -1.548371 -3.183025 -0.156044 -0.725952 -0.669809 0.000000 0.000000
  33 27.848849 -1.546275 -3.275760 -0.113211 -0.864947 -0.488927 0.000000 0.000000
rubbergloveCHROME.bmp
  33 27.848849 -1.546275 -3.275760 -0.113211 -0.864947 -0.488927 0.000000 0.000000
  33 27.769503 -1.548371 -3.183025 -0.156044 -0.725952 -0.669809 0.000000 0.000000
  33 27.780823 -1.480829 -3.308762 -0.235844 -0.478463 -0.845843 0.000000 0.000000
rubbergloveCHROME.bmp
  33 27.769503 -1.548371 -3.183025 -0.156044 -0.725952 -0.669809 0.000000 0.000000
  33 27.676363 -1.485582 -3.199833 -0.366938 -0.510691 -0.777529 0.000000 0.000000
  33 27.780823 -1.480829 -3.308762 -0.235844 -0.478463 -0.845843 0.000000 0.000000
rubbergloveCHROME.bmp
  33 27.780823 -1.480829 -3.308762 -0.235844 -0.478463 -0.845843 0.000000 0.000000
  33 27.676363 -1.485582 -3.199833 -0.366938 -0.510691 -0.777529 0.000000 0.000000
  33 27.636952 -1.311459 -3.312651 -0.260448 -0.195066 -0.945577 0.000000 0.000000
rubbergloveCHROME.bmp
  33 27.676363 -1.485582 -3.199833 -0.366938 -0.510691 -0.777529 0.000000 0.000000
  33 27.507295 -1.306025 -3.216424 -0.382075 -0.308849 -0.870994 0.000000 0.000000
  33 27.636952 -1.311459 -3.312651 -0.260448 -0.195066 -0.945577 0.000000 0.000000
rubbergloveCHROME.bmp
  33 27.636952 -1.311459 -3.312651 -0.260448 -0.195066 -0.945577 0.000000 0.000000
  33 27.507295 -1.306025 -3.216424 -0.382075 -0.308849 -0.870994 0.000000 0.000000
  33 27.496000 -1.116240 -3.301596 -0.223149 -0.080930 -0.971419 0.000000 0.000000
rubbergloveCHROME.bmp
  33 27.507295 -1.306025 -3.216424 -0.382075 -0.308849 -0.870994 0.000000 0.000000
  33 27.388621 -1.146843 -3.207611 -0.360526 -0.217958 -0.906926 0.000000 0.000000
  33 27.496000 -1.116240 -3.301596 -0.223149 -0.080930 -0.971419 0.000000 0.000000
rubbergloveCHROME.bmp
  33 27.496000 -1.116240 -3.301596 -0.223149 -0.080930 -0.971419 0.000000 0.000000
  33 27.388621 -1.146843 -3.207611 -0.360526 -0.217958 -0.906926 0.000000 0.000000
  33 27.318476 -0.913116 -3.290382 -0.601014 0.458088 -0.654933 0.000000 0.000000
rubbergloveCHROME.bmp
  33 27.388621 -1.146843 -3.207611 -0.360526 -0.217958 -0.906926 0.000000 0.000000
  33 27.249755 -0.967409 -3.189736 -0.378765 0.111668 -0.918731 0.000000 0.000000
  33 27.318476 -0.913116 -3.290382 -0.601014 0.458088 -0.654933 0.000000 0.000000
rubbergloveCHROME.bmp
  33 27.318476 -0.913116 -3.290382 -0.601014 0.458088 -0.654933 0.000000 0.000000
  33 27.249755 -0.967409 -3.189736 -0.378765 0.111668 -0.918731 0.000000 0.000000
  33 27.294167 -0.926555 -3.182084 -0.513723 0.396154 -0.761020 0.000000 0.000000
rubbergloveCHROME.bmp
  33 27.820383 -1.576179 -2.676431 0.199724 -0.808371 0.553757 0.000000 0.000000
  33 27.710558 -1.592030 -2.620869 0.175237 -0.707365 0.684783 0.000000 0.000000
  33 27.835209 -1.607529 -2.738860 0.065896 -0.958447 0.277556 0.000000 0.000000
rubbergloveCHROME.bmp
  33 27.835209 -1.607529 -2.738860 0.065896 -0.958447 0.277556 0.000000 0.000000
  33 27.710558 -1.592030 -2.620869 0.175237 -0.707365 0.684783 0.000000 0.000000
  33 27.627133 -1.645047 -2.820693 -0.127091 -0.974353 0.185700 0.000000 0.000000
rubbergloveCHROME.bmp
  33 27.710558 -1.592030 -2.620869 0.175237 -0.707365 0.684783 0.000000 0.000000
  33 27.481803 -1.375341 -2.489275 -0.002490 -0.508359 0.861142 0.000000 0.000000
  33 27.627133 -1.645047 -2.820693 -0.127091 -0.974353 0.185700 0.000000 0.000000
rubbergloveCHROME.bmp
  33 27.627133 -1.645047 -2.820693 -0.127091 -0.974353 0.185700 0.000000 0.000000
  33 27.481803 -1.375341 -2.489275 -0.002490 -0.508359 0.861142 0.000000 0.000000
  33 27.292004 -1.477840 -2.683105 -0.435741 -0.826408 0.356623 0.000000 0.000000
rubbergloveCHROME.bmp
  33 27.481803 -1.375341 -2.489275 -0.002490 -0.508359 0.861142 0.000000 0.000000
  33 27.358567 -1.238038 -2.441725 -0.059235 -0.378783 0.923588 0.000000 0.000000
  33 27.292004 -1.477840 -2.683105 -0.435741 -0.826408 0.356623 0.000000 0.000000
rubbergloveCHROME.bmp
  33 27.292004 -1.477840 -2.683105 -0.435741 -0.826408 0.356623 0.000000 0.000000
  33 27.358567 -1.238038 -2.441725 -0.059235 -0.378783 0.923588 0.000000 0.000000
  33 27.119906 -1.363701 -2.659555 -0.639510 -0.689747 0.339524 0.000000 0.000000
rubbergloveCHROME.bmp
  33 27.358567 -1.238038 -2.441725 -0.059235 -0.378783 0.923588 0.000000 0.000000
  32 27.212719 -1.086845 -2.385786 -0.241574 -0.366971 0.898317 0.000000 0.000000
  33 27.119906 -1.363701 -2.659555 -0.639510 -0.689747 0.339524 0.000000 0.000000
rubbergloveCHROME.bmp
  33 27.119906 -1.363701 -2.659555 -0.639510 -0.689747 0.339524 0.000000 0.000000
  32 27.212719 -1.086845 -2.385786 -0.241574 -0.366971 0.898317 0.000000 0.000000
  32 27.010076 -1.192381 -2.619020 -0.726135 -0.544672 0.419596 0.000000 0.000000
rubbergloveCHROME.bmp
  32 27.212719 -1.086845 -2.385786 -0.241574 -0.366971 0.898317 0.000000 0.000000
  32 26.926745 -1.058951 -2.603137 -0.702113 -0.591834 0.395942 0.000000 0.000000
  32 27.010076 -1.192381 -2.619020 -0.726135 -0.544672 0.419596 0.000000 0.000000
rubbergloveCHROME.bmp
  32 27.010076 -1.192381 -2.619020 -0.726135 -0.544672 0.419596 0.000000 0.000000
  32 26.926745 -1.058951 -2.603137 -0.702113 -0.591834 0.395942 0.000000 0.000000
  33 26.976152 -1.189584 -2.872435 -0.815102 -0.550426 -0.180668 0.000000 0.000000
rubbergloveCHROME.bmp
  33 27.835209 -1.607529 -2.738860 0.065896 -0.958447 0.277556 0.000000 0.000000
  33 27.908180 -1.562828 -2.643063 0.181888 -0.756762 0.627876 0.000000 0.000000
  33 27.820383 -1.576179 -2.676431 0.199724 -0.808371 0.553757 0.000000 0.000000
rubbergloveCHROME.bmp
  33 27.820383 -1.576179 -2.676431 0.199724 -0.808371 0.553757 0.000000 0.000000
  33 27.908180 -1.562828 -2.643063 0.181888 -0.756762 0.627876 0.000000 0.000000
  33 27.762810 -1.502417 -2.605406 0.068175 -0.544315 0.836106 0.000000 0.000000
rubbergloveCHROME.bmp
  33 27.908180 -1.562828 -2.643063 0.181888 -0.756762 0.627876 0.000000 0.000000
  33 27.759021 -1.382580 -2.517515 0.056403 -0.358435 0.931849 0.000000 0.000000
  33 27.762810 -1.502417 -2.605406 0.068175 -0.544315 0.836106 0.000000 0.000000
rubbergloveCHROME.bmp
  33 27.762810 -1.502417 -2.605406 0.068175 -0.544315 0.836106 0.000000 0.000000
  33 27.759021 -1.382580 -2.517515 0.056403 -0.358435 0.931849 0.000000 0.000000
  33 27.633205 -1.357331 -2.523232 0.056403 -0.358435 0.931849 0.000000 0.000000
rubbergloveCHROME.bmp
  33 27.759021 -1.382580 -2.517515 0.056403 -0.358435 0.931849 0.000000 0.000000
  33 27.643349 -1.210395 -2.464862 0.096770 -0.236005 0.966921 0.000000 0.000000
  33 27.633205 -1.357331 -2.523232 0.056403 -0.358435 0.931849 0.000000 0.000000
rubbergloveCHROME.bmp
  33 27.633205 -1.357331 -2.523232 0.056403 -0.358435 0.931849 0.000000 0.000000
  33 27.643349 -1.210395 -2.464862 0.096770 -0.236005 0.966921 0.000000 0.000000
  33 27.489778 -1.199775 -2.466621 0.096770 -0.236005 0.966921 0.000000 0.000000
rubbergloveCHROME.bmp
  33 27.643349 -1.210395 -2.464862 0.096770 -0.236005 0.966921 0.000000 0.000000
  33 27.473000 -1.025836 -2.396169 0.096770 -0.236005 0.966921 0.000000 0.000000
  33 27.489778 -1.199775 -2.466621 0.096770 -0.236005 0.966921 0.000000 0.000000
rubbergloveCHROME.bmp
  33 27.489778 -1.199775 -2.466621 0.096770 -0.236005 0.966921 0.000000 0.000000
  33 27.473000 -1.025836 -2.396169 0.096770 -0.236005 0.966921 0.000000 0.000000
  33 27.381391 -1.006586 -2.411573 0.060788 -0.202542 0.977385 0.000000 0.000000
rubbergloveCHROME.bmp
  33 27.473000 -1.025836 -2.396169 0.096770 -0.236005 0.966921 0.000000 0.000000
  32 27.323685 -0.819529 -2.349334 0.074944 -0.168101 0.982917 0.000000 0.000000
  33 27.381391 -1.006586 -2.411573 0.060788 -0.202542 0.977385 0.000000 0.000000
rubbergloveCHROME.bmp
  33 27.381391 -1.006586 -2.411573 0.060788 -0.202542 0.977385 0.000000 0.000000
  32 27.323685 -0.819529 -2.349334 0.074944 -0.168101 0.982917 0.000000 0.000000
  32 27.231783 -0.816262 -2.367863 0.074944 -0.168101 0.982917 0.000000 0.000000
rubbergloveCHROME.bmp
  33 27.706874 -1.624325 -3.119711 -0.237283 -0.874556 -0.422905 0.000000 0.000000
  33 27.559140 -1.562007 -3.091583 -0.479419 -0.777850 -0.406334 0.000000 0.000000
  33 27.572713 -1.535940 -3.152708 -0.429725 -0.634279 -0.642671 0.000000 0.000000
rubbergloveCHROME.bmp
  33 27.572713 -1.535940 -3.152708 -0.429725 -0.634279 -0.642671 0.000000 0.000000
  33 27.559140 -1.562007 -3.091583 -0.479419 -0.777850 -0.406334 0.000000 0.000000
  33 27.362513 -1.370355 -3.130403 -0.535141 -0.556446 -0.635603 0.000000 0.000000
rubbergloveCHROME.bmp
  33 27.559140 -1.562007 -3.091583 -0.479419 -0.777850 -0.406334 0.000000 0.000000
  33 27.317096 -1.392328 -3.050063 -0.589966 -0.623370 -0.513177 0.000000 0.000000
  33 27.362513 -1.370355 -3.130403 -0.535141 -0.556446 -0.635603 0.000000 0.000000
rubbergloveCHROME.bmp
  33 27.362513 -1.370355 -3.130403 -0.535141 -0.556446 -0.635603 0.000000 0.000000
  33 27.317096 -1.392328 -3.050063 -0.589966 -0.623370 -0.513177 0.000000 0.000000
  33 27.220173 -1.244525 -3.132887 -0.605884 -0.494364 -0.623304 0.000000 0.000000
rubbergloveCHROME.bmp
  33 27.317096 -1.392328 -3.050063 -0.589966 -0.623370 -0.513177 0.000000 0.000000
  33 27.191219 -1.266997 -3.014749 -0.645972 -0.527028 -0.552233 0.000000 0.000000
  33 27.220173 -1.244525 -3.132887 -0.605884 -0.494364 -0.623304 0.000000 0.000000
rubbergloveCHROME.bmp
  33 27.220173 -1.244525 -3.132887 -0.605884 -0.494364 -0.623304 0.000000 0.000000
  33 27.191219 -1.266997 -3.014749 -0.645972 -0.527028 -0.552233 0.000000 0.000000
  33 27.083754 -1.079842 -3.076589 -0.656843 -0.427650 -0.621026 0.000000 0.000000
rubbergloveCHROME.bmp
  33 27.191219 -1.266997 -3.014749 -0.645972 -0.527028 -0.552233 0.000000 0.000000
  33 27.024599 -1.102192 -2.992916 -0.700126 -0.438388 -0.563595 0.000000 0.000000
  33 27.083754 -1.079842 -3.076589 -0.656843 -0.427650 -0.621026 0.000000 0.000000
rubbergloveCHROME.bmp
  33 27.083754 -1.079842 -3.076589 -0.656843 -0.427650 -0.621026 0.000000 0.000000
  33 27.024599 -1.102192 -2.992916 -0.700126 -0.438388 -0.563595 0.000000 0.000000
  32 26.934826 -0.929576 -3.030567 -0.698564 -0.466099 -0.542918 0.000000 0.000000
rubbergloveCHROME.bmp
  33 27.024599 -1.102192 -2.992916 -0.700126 -0.438388 -0.563595 0.000000 0.000000
  32 26.908040 -0.956207 -2.934790 -0.698564 -0.466099 -0.542918 0.000000 0.000000
  32 26.934826 -0.929576 -3.030567 -0.698564 -0.466099 -0.542918 0.000000 0.000000
rubbergloveCHROME.bmp
  32 26.934826 -0.929576 -3.030567 -0.698564 -0.466099 -0.542918 0.000000 0.000000
  32 26.908040 -0.956207 -2.934790 -0.698564 -0.466099 -0.542918 0.000000 0.000000
  32 26.792359 -0.792689 -2.925851 -0.662698 -0.563143 -0.493661 0.000000 0.000000
rubbergloveCHROME.bmp
  30 29.014719 -2.315097 -2.169520 0.480568 -0.807144 -0.342890 0.000000 0.000000
  30 28.992260 -2.293005 -2.245727 0.234404 -0.668201 -0.706089 0.000000 0.000000
  30 29.032523 -2.277273 -2.268779 0.357197 -0.674184 -0.646441 0.000000 0.000000
rubbergloveCHROME.bmp
  30 29.032523 -2.277273 -2.268779 0.357197 -0.674184 -0.646441 0.000000 0.000000
  30 28.992260 -2.293005 -2.245727 0.234404 -0.668201 -0.706089 0.000000 0.000000
  30 28.983499 -2.170535 -2.333615 0.244531 -0.265800 -0.932499 0.000000 0.000000
rubbergloveCHROME.bmp
  30 28.992260 -2.293005 -2.245727 0.234404 -0.668201 -0.706089 0.000000 0.000000
  30 28.885411 -2.212999 -2.317017 0.112092 -0.301020 -0.947007 0.000000 0.000000
  30 28.983499 -2.170535 -2.333615 0.244531 -0.265800 -0.932499 0.000000 0.000000
rubbergloveCHROME.bmp
  30 28.983499 -2.170535 -2.333615 0.244531 -0.265800 -0.932499 0.000000 0.000000
  30 28.885411 -2.212999 -2.317017 0.112092 -0.301020 -0.947007 0.000000 0.000000
  30 28.832069 -1.958448 -2.366599 0.102341 0.090430 -0.990630 0.000000 0.000000
rubbergloveCHROME.bmp
  30 28.885411 -2.212999 -2.317017 0.112092 -0.301020 -0.947007 0.000000 0.000000
  30 28.702216 -1.996578 -2.315764 -0.033940 0.041113 -0.998578 0.000000 0.000000
  30 28.832069 -1.958448 -2.366599 0.102341 0.090430 -0.990630 0.000000 0.000000
rubbergloveCHROME.bmp
  30 28.832069 -1.958448 -2.366599 0.102341 0.090430 -0.990630 0.000000 0.000000
  30 28.702216 -1.996578 -2.315764 -0.033940 0.041113 -0.998578 0.000000 0.000000
  30 28.730387 -1.753603 -2.334988 0.071225 0.204852 -0.976198 0.000000 0.000000
rubbergloveCHROME.bmp
  30 28.702216 -1.996578 -2.315764 -0.033940 0.041113 -0.998578 0.000000 0.000000
  30 28.568398 -1.830770 -2.314867 0.014989 0.154002 -0.987957 0.000000 0.000000
  30 28.730387 -1.753603 -2.334988 0.071225 0.204852 -0.976198 0.000000 0.000000
rubbergloveCHROME.bmp
  30 28.730387 -1.753603 -2.334988 0.071225 0.204852 -0.976198 0.000000 0.000000
  30 28.568398 -1.830770 -2.314867 0.014989 0.154002 -0.987957 0.000000 0.000000
  30 28.607491 -1.555635 -2.301743 -0.194177 0.564274 -0.802428 0.000000 0.000000
rubbergloveCHROME.bmp
  30 28.568398 -1.830770 -2.314867 0.014989 0.154002 -0.987957 0.000000 0.000000
  30 28.426711 -1.627586 -2.258825 0.101598 0.337102 -0.935970 0.000000 0.000000
  30 28.607491 -1.555635 -2.301743 -0.194177 0.564274 -0.802428 0.000000 0.000000
rubbergloveCHROME.bmp
  30 28.607491 -1.555635 -2.301743 -0.194177 0.564274 -0.802428 0.000000 0.000000
  30 28.426711 -1.627586 -2.258825 0.101598 0.337102 -0.935970 0.000000 0.000000
  30 28.500192 -1.573805 -2.241270 -0.152400 0.539579 -0.828027 0.000000 0.000000
rubbergloveCHROME.bmp
  30 27.882474 -1.526921 -2.168979 -0.443072 -0.295759 -0.846294 0.000000 0.000000
  30 28.030293 -1.478947 -2.251124 -0.346814 -0.159059 -0.924349 0.000000 0.000000
  30 27.924178 -1.612663 -2.172007 -0.443072 -0.295759 -0.846294 0.000000 0.000000
rubbergloveCHROME.bmp
  30 27.924178 -1.612663 -2.172007 -0.443072 -0.295759 -0.846294 0.000000 0.000000
  30 28.030293 -1.478947 -2.251124 -0.346814 -0.159059 -0.924349 0.000000 0.000000
  30 28.118748 -1.855356 -2.197350 -0.505478 -0.348200 -0.789461 0.000000 0.000000
rubbergloveCHROME.bmp
  30 28.030293 -1.478947 -2.251124 -0.346814 -0.159059 -0.924349 0.000000 0.000000
  30 28.250345 -1.805297 -2.297730 -0.346814 -0.159059 -0.924349 0.000000 0.000000
  30 28.118748 -1.855356 -2.197350 -0.505478 -0.348200 -0.789461 0.000000 0.000000
rubbergloveCHROME.bmp
  30 28.118748 -1.855356 -2.197350 -0.505478 -0.348200 -0.789461 0.000000 0.000000
  30 28.250345 -1.805297 -2.297730 -0.346814 -0.159059 -0.924349 0.000000 0.000000
  30 28.319601 -2.018726 -2.235668 -0.505478 -0.348200 -0.789461 0.000000 0.000000
rubbergloveCHROME.bmp
  30 28.250345 -1.805297 -2.297730 -0.346814 -0.159059 -0.924349 0.000000 0.000000
  30 28.389155 -1.962143 -2.318496 -0.308434 -0.212769 -0.927145 0.000000 0.000000
  30 28.319601 -2.018726 -2.235668 -0.505478 -0.348200 -0.789461 0.000000 0.000000
rubbergloveCHROME.bmp
  30 28.319601 -2.018726 -2.235668 -0.505478 -0.348200 -0.789461 0.000000 0.000000
  30 28.389155 -1.962143 -2.318496 -0.308434 -0.212769 -0.927145 0.000000 0.000000
  30 28.452594 -2.169472 -2.245078 -0.396233 -0.470696 -0.788318 0.000000 0.000000
rubbergloveCHROME.bmp
  30 28.389155 -1.962143 -2.318496 -0.308434 -0.212769 -0.927145 0.000000 0.000000
  30 28.516590 -2.092717 -2.315172 -0.312473 -0.313913 -0.896560 0.000000 0.000000
  30 28.452594 -2.169472 -2.245078 -0.396233 -0.470696 -0.788318 0.000000 0.000000
rubbergloveCHROME.bmp
  30 28.452594 -2.169472 -2.245078 -0.396233 -0.470696 -0.788318 0.000000 0.000000
  30 28.516590 -2.092717 -2.315172 -0.312473 -0.313913 -0.896560 0.000000 0.000000
  30 28.674515 -2.310739 -2.222835 -0.274325 -0.736737 -0.618033 0.000000 0.000000
rubbergloveCHROME.bmp
  30 28.516590 -2.092717 -2.315172 -0.312473 -0.313913 -0.896560 0.000000 0.000000
  30 28.744378 -2.297362 -2.299908 -0.202021 -0.540595 -0.816667 0.000000 0.000000
  30 28.674515 -2.310739 -2.222835 -0.274325 -0.736737 -0.618033 0.000000 0.000000
rubbergloveCHROME.bmp
  30 28.674515 -2.310739 -2.222835 -0.274325 -0.736737 -0.618033 0.000000 0.000000
  30 28.744378 -2.297362 -2.299908 -0.202021 -0.540595 -0.816667 0.000000 0.000000
  30 28.847575 -2.373246 -2.197479 -0.016368 -0.862458 -0.505865 0.000000 0.000000
rubbergloveCHROME.bmp
  29 27.587584 -1.220121 -1.357942 -0.260952 -0.380364 0.887258 0.000000 0.000000
  29 27.655687 -1.524469 -1.436265 -0.333545 -0.521112 0.785614 0.000000 0.000000
  29 27.782728 -1.368448 -1.353693 -0.306343 -0.437423 0.845468 0.000000 0.000000
rubbergloveCHROME.bmp
  29 27.782728 -1.368448 -1.353693 -0.306343 -0.437423 0.845468 0.000000 0.000000
  29 27.655687 -1.524469 -1.436265 -0.333545 -0.521112 0.785614 0.000000 0.000000
  29 27.916224 -1.512828 -1.392849 -0.230891 -0.497113 0.836402 0.000000 0.000000
rubbergloveCHROME.bmp
  29 27.655687 -1.524469 -1.436265 -0.333545 -0.521112 0.785614 0.000000 0.000000
  29 27.780925 -1.646879 -1.482430 -0.379452 -0.646983 0.661385 0.000000 0.000000
  29 27.916224 -1.512828 -1.392849 -0.230891 -0.497113 0.836402 0.000000 0.000000
rubbergloveCHROME.bmp
  29 27.916224 -1.512828 -1.392849 -0.230891 -0.497113 0.836402 0.000000 0.000000
  29 27.780925 -1.646879 -1.482430 -0.379452 -0.646983 0.661385 0.000000 0.000000
  30 28.016500 -1.583336 -1.400764 -0.241383 -0.468951 0.849599 0.000000 0.000000
rubbergloveCHROME.bmp
  29 27.780925 -1.646879 -1.482430 -0.379452 -0.646983 0.661385 0.000000 0.000000
  30 27.881626 -1.761531 -1.515024 -0.413586 -0.640407 0.647167 0.000000 0.000000
  30 28.016500 -1.583336 -1.400764 -0.241383 -0.468951 0.849599 0.000000 0.000000
rubbergloveCHROME.bmp
  30 28.016500 -1.583336 -1.400764 -0.241383 -0.468951 0.849599 0.000000 0.000000
  30 27.881626 -1.761531 -1.515024 -0.413586 -0.640407 0.647167 0.000000 0.000000
  30 28.243660 -1.845425 -1.451832 -0.241383 -0.468951 0.849599 0.000000 0.000000
rubbergloveCHROME.bmp
  30 27.881626 -1.761531 -1.515024 -0.413586 -0.640407 0.647167 0.000000 0.000000
  30 28.126039 -1.969415 -1.542341 -0.448751 -0.565115 0.692291 0.000000 0.000000
  30 28.243660 -1.845425 -1.451832 -0.241383 -0.468951 0.849599 0.000000 0.000000
rubbergloveCHROME.bmp
  30 28.243660 -1.845425 -1.451832 -0.241383 -0.468951 0.849599 0.000000 0.000000
  30 28.126039 -1.969415 -1.542341 -0.448751 -0.565115 0.692291 0.000000 0.000000
  30 28.404087 -1.996548 -1.535047 -0.241383 -0.468951 0.849599 0.000000 0.000000
rubbergloveCHROME.bmp
  30 28.126039 -1.969415 -1.542341 -0.448751 -0.565115 0.692291 0.000000 0.000000
  30 28.256609 -2.132255 -1.572914 -0.485120 -0.548120 0.681339 0.000000 0.000000
  30 28.404087 -1.996548 -1.535047 -0.241383 -0.468951 0.849599 0.000000 0.000000
rubbergloveCHROME.bmp
  30 28.404087 -1.996548 -1.535047 -0.241383 -0.468951 0.849599 0.000000 0.000000
  30 28.256609 -2.132255 -1.572914 -0.485120 -0.548120 0.681339 0.000000 0.000000
  30 28.393512 -2.273050 -1.612084 -0.277937 -0.598512 0.751355 0.000000 0.000000
rubbergloveCHROME.bmp
  22 27.037151 -0.859872 0.904085 -0.408757 -0.385640 0.827163 0.000000 0.000000
  22 26.947520 -0.953528 0.879692 -0.365663 -0.384172 0.847763 0.000000 0.000000
  23 27.217302 -1.027361 0.862239 -0.533751 -0.270976 0.801051 0.000000 0.000000
rubbergloveCHROME.bmp
  23 27.217302 -1.027361 0.862239 -0.533751 -0.270976 0.801051 0.000000 0.000000
  22 26.947520 -0.953528 0.879692 -0.365663 -0.384172 0.847763 0.000000 0.000000
  23 27.124067 -1.117811 0.847205 -0.570814 -0.382659 0.726460 0.000000 0.000000
rubbergloveCHROME.bmp
  22 26.947520 -0.953528 0.879692 -0.365663 -0.384172 0.847763 0.000000 0.000000
  22 26.916179 -0.988714 0.756893 -0.434738 -0.575584 0.692608 0.000000 0.000000
  23 27.124067 -1.117811 0.847205 -0.570814 -0.382659 0.726460 0.000000 0.000000
rubbergloveCHROME.bmp
  23 27.124067 -1.117811 0.847205 -0.570814 -0.382659 0.726460 0.000000 0.000000
  22 26.916179 -0.988714 0.756893 -0.434738 -0.575584 0.692608 0.000000 0.000000
  23 27.113415 -1.157716 0.727647 -0.652926 -0.665159 0.362286 0.000000 0.000000
rubbergloveCHROME.bmp
  22 26.916179 -0.988714 0.756893 -0.434738 -0.575584 0.692608 0.000000 0.000000
  22 26.980149 -1.095386 0.714127 -0.353208 -0.795101 0.493010 0.000000 0.000000
  23 27.113415 -1.157716 0.727647 -0.652926 -0.665159 0.362286 0.000000 0.000000
rubbergloveCHROME.bmp
  23 27.113415 -1.157716 0.727647 -0.652926 -0.665159 0.362286 0.000000 0.000000
  22 26.980149 -1.095386 0.714127 -0.353208 -0.795101 0.493010 0.000000 0.000000
  22 27.059405 -1.198298 0.551562 -0.266440 -0.955484 0.126727 0.000000 0.000000
rubbergloveCHROME.bmp
  22 26.980149 -1.095386 0.714127 -0.353208 -0.795101 0.493010 0.000000 0.000000
  22 27.017459 -1.201579 0.546107 -0.348465 -0.917605 0.191241 0.000000 0.000000
  22 27.059405 -1.198298 0.551562 -0.266440 -0.955484 0.126727 0.000000 0.000000
rubbergloveCHROME.bmp
  22 27.059405 -1.198298 0.551562 -0.266440 -0.955484 0.126727 0.000000 0.000000
  22 27.017459 -1.201579 0.546107 -0.348465 -0.917605 0.191241 0.000000 0.000000
  22 27.067238 -1.188061 0.430179 -0.143669 -0.956777 -0.252859 0.000000 0.000000
rubbergloveCHROME.bmp
  22 27.017459 -1.201579 0.546107 -0.348465 -0.917605 0.191241 0.000000 0.000000
  22 26.989806 -1.146624 0.395723 -0.499286 -0.796257 -0.341596 0.000000 0.000000
  22 27.067238 -1.188061 0.430179 -0.143669 -0.956777 -0.252859 0.000000 0.000000
rubbergloveCHROME.bmp
  22 27.067238 -1.188061 0.430179 -0.143669 -0.956777 -0.252859 0.000000 0.000000
  22 26.989806 -1.146624 0.395723 -0.499286 -0.796257 -0.341596 0.000000 0.000000
  22 27.077565 -1.058253 0.217709 -0.310269 -0.698315 -0.645050 0.000000 0.000000
rubbergloveCHROME.bmp
  22 27.340693 -0.897759 0.077691 -0.240968 -0.417153 -0.876309 0.000000 0.000000
  23 27.540277 -0.978302 0.020823 -0.000677 -0.197714 -0.980260 0.000000 0.000000
  23 27.464237 -1.060417 0.088462 -0.285697 -0.394030 -0.873566 0.000000 0.000000
rubbergloveCHROME.bmp
  23 27.464237 -1.060417 0.088462 -0.285697 -0.394030 -0.873566 0.000000 0.000000
  23 27.540277 -0.978302 0.020823 -0.000677 -0.197714 -0.980260 0.000000 0.000000
  23 27.612921 -1.072248 0.049053 -0.075592 -0.323972 -0.943042 0.000000 0.000000
rubbergloveCHROME.bmp
  23 27.540277 -0.978302 0.020823 -0.000677 -0.197714 -0.980260 0.000000 0.000000
  23 27.985910 -0.863321 0.223778 0.616865 0.152893 -0.772076 0.000000 0.000000
  23 27.612921 -1.072248 0.049053 -0.075592 -0.323972 -0.943042 0.000000 0.000000
rubbergloveCHROME.bmp
  23 27.612921 -1.072248 0.049053 -0.075592 -0.323972 -0.943042 0.000000 0.000000
  23 27.985910 -0.863321 0.223778 0.616865 0.152893 -0.772076 0.000000 0.000000
  23 27.766697 -1.199025 0.070976 0.135422 -0.201270 -0.970130 0.000000 0.000000
rubbergloveCHROME.bmp
  23 27.985910 -0.863321 0.223778 0.616865 0.152893 -0.772076 0.000000 0.000000
  23 28.078317 -1.001313 0.228146 0.606523 0.272314 -0.746977 0.000000 0.000000
  23 27.766697 -1.199025 0.070976 0.135422 -0.201270 -0.970130 0.000000 0.000000
rubbergloveCHROME.bmp
  23 27.766697 -1.199025 0.070976 0.135422 -0.201270 -0.970130 0.000000 0.000000
  23 28.078317 -1.001313 0.228146 0.606523 0.272314 -0.746977 0.000000 0.000000
  23 27.978718 -1.367441 0.155138 0.037337 -0.207224 -0.977581 0.000000 0.000000
rubbergloveCHROME.bmp
  23 28.078317 -1.001313 0.228146 0.606523 0.272314 -0.746977 0.000000 0.000000
  23 28.192543 -1.147613 0.286874 0.498220 0.375547 -0.781499 0.000000 0.000000
  23 27.978718 -1.367441 0.155138 0.037337 -0.207224 -0.977581 0.000000 0.000000
rubbergloveCHROME.bmp
  23 27.978718 -1.367441 0.155138 0.037337 -0.207224 -0.977581 0.000000 0.000000
  23 28.192543 -1.147613 0.286874 0.498220 0.375547 -0.781499 0.000000 0.000000
  23 28.246781 -1.544595 0.197075 0.105330 -0.080612 -0.991165 0.000000 0.000000
rubbergloveCHROME.bmp
  23 28.192543 -1.147613 0.286874 0.498220 0.375547 -0.781499 0.000000 0.000000
  23 28.410576 -1.345219 0.283219 0.557038 0.488233 -0.671816 0.000000 0.000000
  23 28.246781 -1.544595 0.197075 0.105330 -0.080612 -0.991165 0.000000 0.000000
rubbergloveCHROME.bmp
  23 28.246781 -1.544595 0.197075 0.105330 -0.080612 -0.991165 0.000000 0.000000
  23 28.410576 -1.345219 0.283219 0.557038 0.488233 -0.671816 0.000000 0.000000
  24 28.558439 -1.472541 0.304380 0.550161 0.481084 -0.682555 0.000000 0.000000
rubbergloveCHROME.bmp
  21 25.902650 -0.865286 1.342384 0.310578 -0.427724 -0.848878 0.000000 0.000000
  21 26.205766 -0.867344 1.496709 0.582684 -0.346085 -0.735326 0.000000 0.000000
  21 26.079806 -1.029076 1.483409 0.386286 -0.583458 -0.714395 0.000000 0.000000
rubbergloveCHROME.bmp
  21 26.079806 -1.029076 1.483409 0.386286 -0.583458 -0.714395 0.000000 0.000000
  21 26.205766 -0.867344 1.496709 0.582684 -0.346085 -0.735326 0.000000 0.000000
  21 26.284907 -1.163175 1.765635 0.560727 -0.644823 -0.519412 0.000000 0.000000
rubbergloveCHROME.bmp
  21 26.205766 -0.867344 1.496709 0.582684 -0.346085 -0.735326 0.000000 0.000000
  21 26.396287 -0.995637 1.786265 0.735631 -0.439822 -0.515174 0.000000 0.000000
  21 26.284907 -1.163175 1.765635 0.560727 -0.644823 -0.519412 0.000000 0.000000
rubbergloveCHROME.bmp
  21 26.284907 -1.163175 1.765635 0.560727 -0.644823 -0.519412 0.000000 0.000000
  21 26.396287 -0.995637 1.786265 0.735631 -0.439822 -0.515174 0.000000 0.000000
  21 26.387171 -1.236497 2.027104 0.653890 -0.704503 -0.275868 0.000000 0.000000
rubbergloveCHROME.bmp
  21 26.396287 -0.995637 1.786265 0.735631 -0.439822 -0.515174 0.000000 0.000000
  21 26.510546 -1.114979 2.012545 0.811371 -0.530092 -0.246334 0.000000 0.000000
  21 26.387171 -1.236497 2.027104 0.653890 -0.704503 -0.275868 0.000000 0.000000
rubbergloveCHROME.bmp
  21 26.387171 -1.236497 2.027104 0.653890 -0.704503 -0.275868 0.000000 0.000000
  21 26.510546 -1.114979 2.012545 0.811371 -0.530092 -0.246334 0.000000 0.000000
  21 26.405366 -1.266007 2.168518 0.736359 -0.667965 0.107693 0.000000 0.000000
rubbergloveCHROME.bmp
  21 26.510546 -1.114979 2.012545 0.811371 -0.530092 -0.246334 0.000000 0.000000
  21 26.537727 -1.081749 2.163067 0.904537 -0.397391 0.154572 0.000000 0.000000
  21 26.405366 -1.266007 2.168518 0.736359 -0.667965 0.107693 0.000000 0.000000
rubbergloveCHROME.bmp
  21 26.405366 -1.266007 2.168518 0.736359 -0.667965 0.107693 0.000000 0.000000
  21 26.537727 -1.081749 2.163067 0.904537 -0.397391 0.154572 0.000000 0.000000
  21 26.434880 -1.148781 2.298083 0.760561 -0.606990 0.230458 0.000000 0.000000
rubbergloveCHROME.bmp
  21 26.537727 -1.081749 2.163067 0.904537 -0.397391 0.154572 0.000000 0.000000
  21 26.515124 -1.030498 2.227584 0.926505 -0.356563 0.120212 0.000000 0.000000
  21 26.434880 -1.148781 2.298083 0.760561 -0.606990 0.230458 0.000000 0.000000
rubbergloveCHROME.bmp
  21 25.794965 -0.722903 1.247352 0.311576 -0.353185 -0.882146 0.000000 0.000000
  21 25.902650 -0.865286 1.342384 0.310578 -0.427724 -0.848878 0.000000 0.000000
  21 25.754226 -0.942054 1.380819 0.069905 -0.621315 -0.780436 0.000000 0.000000
rubbergloveCHROME.bmp
  21 25.754226 -0.942054 1.380819 0.069905 -0.621315 -0.780436 0.000000 0.000000
  21 25.902650 -0.865286 1.342384 0.310578 -0.427724 -0.848878 0.000000 0.000000
  21 25.911305 -1.092389 1.525821 0.127640 -0.739068 -0.661428 0.000000 0.000000
rubbergloveCHROME.bmp
  21 25.902650 -0.865286 1.342384 0.310578 -0.427724 -0.848878 0.000000 0.000000
  21 26.079806 -1.029076 1.483409 0.386286 -0.583458 -0.714395 0.000000 0.000000
  21 25.911305 -1.092389 1.525821 0.127640 -0.739068 -0.661428 0.000000 0.000000
rubbergloveCHROME.bmp
  21 25.911305 -1.092389 1.525821 0.127640 -0.739068 -0.661428 0.000000 0.000000
  21 26.079806 -1.029076 1.483409 0.386286 -0.583458 -0.714395 0.000000 0.000000
  21 26.087481 -1.242059 1.790133 0.286373 -0.829463 -0.479565 0.000000 0.000000
rubbergloveCHROME.bmp
  21 26.079806 -1.029076 1.483409 0.386286 -0.583458 -0.714395 0.000000 0.000000
  21 26.284907 -1.163175 1.765635 0.560727 -0.644823 -0.519412 0.000000 0.000000
  21 26.087481 -1.242059 1.790133 0.286373 -0.829463 -0.479565 0.000000 0.000000
rubbergloveCHROME.bmp
  21 26.087481 -1.242059 1.790133 0.286373 -0.829463 -0.479565 0.000000 0.000000
  21 26.284907 -1.163175 1.765635 0.560727 -0.644823 -0.519412 0.000000 0.000000
  21 26.283249 -1.334220 2.034226 0.451070 -0.865170 -0.219128 0.000000 0.000000
rubbergloveCHROME.bmp
  21 26.284907 -1.163175 1.765635 0.560727 -0.644823 -0.519412 0.000000 0.000000
  21 26.387171 -1.236497 2.027104 0.653890 -0.704503 -0.275868 0.000000 0.000000
  21 26.283249 -1.334220 2.034226 0.451070 -0.865170 -0.219128 0.000000 0.000000
rubbergloveCHROME.bmp
  21 26.283249 -1.334220 2.034226 0.451070 -0.865170 -0.219128 0.000000 0.000000
  21 26.387171 -1.236497 2.027104 0.653890 -0.704503 -0.275868 0.000000 0.000000
  21 26.308904 -1.293914 2.203392 0.553028 -0.827203 0.099472 0.000000 0.000000
rubbergloveCHROME.bmp
  21 26.387171 -1.236497 2.027104 0.653890 -0.704503 -0.275868 0.000000 0.000000
  21 26.405366 -1.266007 2.168518 0.736359 -0.667965 0.107693 0.000000 0.000000
  21 26.308904 -1.293914 2.203392 0.553028 -0.827203 0.099472 0.000000 0.000000
rubbergloveCHROME.bmp
  18 -25.579731 -1.528761 -3.153010 0.429726 -0.634282 -0.642668 0.000000 0.000000
  18 -25.376539 -1.356050 -3.131017 0.535137 -0.556447 -0.635607 0.000000 0.000000
  18 -25.552698 -1.541326 -3.085843 0.479417 -0.777849 -0.406337 0.000000 0.000000
rubbergloveCHROME.bmp
  18 -25.552698 -1.541326 -3.085843 0.479417 -0.777849 -0.406337 0.000000 0.000000
  18 -25.376539 -1.356050 -3.131017 0.535137 -0.556447 -0.635607 0.000000 0.000000
  18 -25.331122 -1.378024 -3.050677 0.589963 -0.623372 -0.513178 0.000000 0.000000
rubbergloveCHROME.bmp
  18 -25.376539 -1.356050 -3.131017 0.535137 -0.556447 -0.635607 0.000000 0.000000
  18 -25.220460 -1.230596 -3.130168 0.605886 -0.494363 -0.623303 0.000000 0.000000
  18 -25.331122 -1.378024 -3.050677 0.589963 -0.623372 -0.513178 0.000000 0.000000
rubbergloveCHROME.bmp
  18 -25.331122 -1.378024 -3.050677 0.589963 -0.623372 -0.513178 0.000000 0.000000
  18 -25.220460 -1.230596 -3.130168 0.605886 -0.494363 -0.623303 0.000000 0.000000
  18 -25.195873 -1.257913 -3.024578 0.645975 -0.527025 -0.552233 0.000000 0.000000
rubbergloveCHROME.bmp
  18 -25.220460 -1.230596 -3.130168 0.605886 -0.494363 -0.623303 0.000000 0.000000
  18 -25.069747 -1.094045 -3.075952 0.656846 -0.427645 -0.621026 0.000000 0.000000
  18 -25.195873 -1.257913 -3.024578 0.645975 -0.527025 -0.552233 0.000000 0.000000
rubbergloveCHROME.bmp
  18 -25.195873 -1.257913 -3.024578 0.645975 -0.527025 -0.552233 0.000000 0.000000
  18 -25.069747 -1.094045 -3.075952 0.656846 -0.427645 -0.621026 0.000000 0.000000
  18 -25.052085 -1.101390 -2.999571 0.700127 -0.438385 -0.563596 0.000000 0.000000
rubbergloveCHROME.bmp
  18 -25.069747 -1.094045 -3.075952 0.656846 -0.427645 -0.621026 0.000000 0.000000
  17 -24.925566 -0.921056 -3.037056 0.702370 -0.458456 -0.544513 0.000000 0.000000
  18 -25.052085 -1.101390 -2.999571 0.700127 -0.438385 -0.563596 0.000000 0.000000
rubbergloveCHROME.bmp
  18 -25.052085 -1.101390 -2.999571 0.700127 -0.438385 -0.563596 0.000000 0.000000
  17 -24.925566 -0.921056 -3.037056 0.702370 -0.458456 -0.544513 0.000000 0.000000
  17 -24.924154 -0.957342 -2.928514 0.702370 -0.458456 -0.544513 0.000000 0.000000
rubbergloveCHROME.bmp
  17 -24.925566 -0.921056 -3.037056 0.702370 -0.458456 -0.544513 0.000000 0.000000
  17 -24.810651 -0.796581 -2.941659 0.662698 -0.563144 -0.493659 0.000000 0.000000
  17 -24.924154 -0.957342 -2.928514 0.702370 -0.458456 -0.544513 0.000000 0.000000
rubbergloveCHROME.bmp
  17 -25.070946 -0.814756 -3.167306 0.311643 -0.106730 -0.944186 0.000000 0.000000
  18 -25.219646 -0.980080 -3.195294 0.349742 -0.084337 -0.933042 0.000000 0.000000
  17 -25.167180 -0.781095 -3.152959 0.216566 0.049380 -0.975018 0.000000 0.000000
rubbergloveCHROME.bmp
  17 -25.167180 -0.781095 -3.152959 0.216566 0.049380 -0.975018 0.000000 0.000000
  18 -25.219646 -0.980080 -3.195294 0.349742 -0.084337 -0.933042 0.000000 0.000000
  18 -25.233662 -0.965827 -3.195919 0.378765 0.111666 -0.918732 0.000000 0.000000
rubbergloveCHROME.bmp
  18 -25.219646 -0.980080 -3.195294 0.349742 -0.084337 -0.933042 0.000000 0.000000
  18 -25.333399 -1.162172 -3.196975 0.307085 -0.186768 -0.933176 0.000000 0.000000
  18 -25.233662 -0.965827 -3.195919 0.378765 0.111666 -0.918732 0.000000 0.000000
rubbergloveCHROME.bmp
  18 -25.233662 -0.965827 -3.195919 0.378765 0.111666 -0.918732 0.000000 0.000000
  18 -25.333399 -1.162172 -3.196975 0.307085 -0.186768 -0.933176 0.000000 0.000000
  18 -25.372528 -1.145261 -3.213794 0.360520 -0.217958 -0.906929 0.000000 0.000000
rubbergloveCHROME.bmp
  18 -25.333399 -1.162172 -3.196975 0.307085 -0.186768 -0.933176 0.000000 0.000000
  18 -25.461168 -1.330011 -3.199281 0.297411 -0.271792 -0.915246 0.000000 0.000000
  18 -25.372528 -1.145261 -3.213794 0.360520 -0.217958 -0.906929 0.000000 0.000000
rubbergloveCHROME.bmp
  18 -25.372528 -1.145261 -3.213794 0.360520 -0.217958 -0.906929 0.000000 0.000000
  18 -25.461168 -1.330011 -3.199281 0.297411 -0.271792 -0.915246 0.000000 0.000000
  18 -25.493844 -1.292471 -3.210372 0.382073 -0.308848 -0.870995 0.000000 0.000000
rubbergloveCHROME.bmp
  18 -25.461168 -1.330011 -3.199281 0.297411 -0.271792 -0.915246 0.000000 0.000000
  18 -25.625508 -1.505755 -3.201746 0.176222 -0.434815 -0.883109 0.000000 0.000000
  18 -25.493844 -1.292471 -3.210372 0.382073 -0.308848 -0.870995 0.000000 0.000000
rubbergloveCHROME.bmp
  18 -25.493844 -1.292471 -3.210372 0.382073 -0.308848 -0.870995 0.000000 0.000000
  18 -25.625508 -1.505755 -3.201746 0.176222 -0.434815 -0.883109 0.000000 0.000000
  18 -25.685662 -1.467464 -3.219503 0.366933 -0.510692 -0.777530 0.000000 0.000000
rubbergloveCHROME.bmp
  18 -25.625508 -1.505755 -3.201746 0.176222 -0.434815 -0.883109 0.000000 0.000000
  18 -25.758055 -1.537755 -3.199049 0.156037 -0.725948 -0.669815 0.000000 0.000000
  18 -25.685662 -1.467464 -3.219503 0.366933 -0.510692 -0.777530 0.000000 0.000000
rubbergloveCHROME.bmp
  18 -25.710844 -0.806484 -2.621196 -0.396090 0.844478 0.360513 0.000000 0.000000
  18 -25.852884 -1.033428 -2.691347 -0.844668 0.493609 0.207089 0.000000 0.000000
  18 -25.819287 -1.064934 -2.563368 -0.620595 0.213605 0.754476 0.000000 0.000000
rubbergloveCHROME.bmp
  18 -25.819287 -1.064934 -2.563368 -0.620595 0.213605 0.754476 0.000000 0.000000
  18 -25.852884 -1.033428 -2.691347 -0.844668 0.493609 0.207089 0.000000 0.000000
  18 -25.968890 -1.256995 -2.628415 -0.648130 0.138717 0.748789 0.000000 0.000000
rubbergloveCHROME.bmp
  18 -25.852884 -1.033428 -2.691347 -0.844668 0.493609 0.207089 0.000000 0.000000
  18 -26.011942 -1.233115 -2.718283 -0.847528 0.462811 0.259814 0.000000 0.000000
  18 -25.968890 -1.256995 -2.628415 -0.648130 0.138717 0.748789 0.000000 0.000000
rubbergloveCHROME.bmp
  18 -25.968890 -1.256995 -2.628415 -0.648130 0.138717 0.748789 0.000000 0.000000
  18 -26.011942 -1.233115 -2.718283 -0.847528 0.462811 0.259814 0.000000 0.000000
  18 -26.070463 -1.430587 -2.709339 -0.747303 -0.220004 0.627006 0.000000 0.000000
rubbergloveCHROME.bmp
  18 -26.011942 -1.233115 -2.718283 -0.847528 0.462811 0.259814 0.000000 0.000000
  18 -26.106508 -1.413834 -2.798894 -0.977635 0.099663 0.185195 0.000000 0.000000
  18 -26.070463 -1.430587 -2.709339 -0.747303 -0.220004 0.627006 0.000000 0.000000
rubbergloveCHROME.bmp
  18 -26.070463 -1.430587 -2.709339 -0.747303 -0.220004 0.627006 0.000000 0.000000
  18 -26.106508 -1.413834 -2.798894 -0.977635 0.099663 0.185195 0.000000 0.000000
  18 -26.075363 -1.494913 -2.786398 -0.767186 -0.585749 0.261387 0.000000 0.000000
rubbergloveCHROME.bmp
  18 -26.106508 -1.413834 -2.798894 -0.977635 0.099663 0.185195 0.000000 0.000000
  18 -26.136993 -1.434901 -2.915628 -0.982534 -0.106032 -0.152918 0.000000 0.000000
  18 -26.075363 -1.494913 -2.786398 -0.767186 -0.585749 0.261387 0.000000 0.000000
rubbergloveCHROME.bmp
  18 -26.075363 -1.494913 -2.786398 -0.767186 -0.585749 0.261387 0.000000 0.000000
  18 -26.136993 -1.434901 -2.915628 -0.982534 -0.106032 -0.152918 0.000000 0.000000
  18 -26.114387 -1.552393 -2.902041 -0.677025 -0.735869 0.011569 0.000000 0.000000
rubbergloveCHROME.bmp
  18 -26.136993 -1.434901 -2.915628 -0.982534 -0.106032 -0.152918 0.000000 0.000000
  18 -26.041249 -1.571402 -3.055630 -0.644365 -0.748610 -0.156131 0.000000 0.000000
  18 -26.114387 -1.552393 -2.902041 -0.677025 -0.735869 0.011569 0.000000 0.000000
rubbergloveCHROME.bmp
  18 -25.832757 -1.544692 -3.281943 0.113216 -0.864942 -0.488935 0.000000 0.000000
  18 -25.781111 -1.466899 -3.306043 0.235844 -0.478465 -0.845842 0.000000 0.000000
  18 -25.758055 -1.537755 -3.199049 0.156037 -0.725948 -0.669815 0.000000 0.000000
rubbergloveCHROME.bmp
  18 -25.758055 -1.537755 -3.199049 0.156037 -0.725948 -0.669815 0.000000 0.000000
  18 -25.781111 -1.466899 -3.306043 0.235844 -0.478465 -0.845842 0.000000 0.000000
  18 -25.685662 -1.467464 -3.219503 0.366933 -0.510692 -0.777530 0.000000 0.000000
rubbergloveCHROME.bmp
  18 -25.781111 -1.466899 -3.306043 0.235844 -0.478465 -0.845842 0.000000 0.000000
  18 -25.662075 -1.308749 -3.328834 0.260447 -0.195066 -0.945577 0.000000 0.000000
  18 -25.685662 -1.467464 -3.219503 0.366933 -0.510692 -0.777530 0.000000 0.000000
rubbergloveCHROME.bmp
  18 -25.685662 -1.467464 -3.219503 0.366933 -0.510692 -0.777530 0.000000 0.000000
  18 -25.662075 -1.308749 -3.328834 0.260447 -0.195066 -0.945577 0.000000 0.000000
  18 -25.493844 -1.292471 -3.210372 0.382073 -0.308848 -0.870995 0.000000 0.000000
rubbergloveCHROME.bmp
  18 -25.662075 -1.308749 -3.328834 0.260447 -0.195066 -0.945577 0.000000 0.000000
  18 -25.503017 -1.109062 -3.301898 0.223144 -0.080929 -0.971420 0.000000 0.000000
  18 -25.493844 -1.292471 -3.210372 0.382073 -0.308848 -0.870995 0.000000 0.000000
rubbergloveCHROME.bmp
  18 -25.493844 -1.292471 -3.210372 0.382073 -0.308848 -0.870995 0.000000 0.000000
  18 -25.503017 -1.109062 -3.301898 0.223144 -0.080929 -0.971420 0.000000 0.000000
  18 -25.372528 -1.145261 -3.213794 0.360520 -0.217958 -0.906929 0.000000 0.000000
rubbergloveCHROME.bmp
  18 -25.503017 -1.109062 -3.301898 0.223144 -0.080929 -0.971420 0.000000 0.000000
  18 -25.314118 -0.908220 -3.277823 0.601007 0.458085 -0.654942 0.000000 0.000000
  18 -25.372528 -1.145261 -3.213794 0.360520 -0.217958 -0.906929 0.000000 0.000000
rubbergloveCHROME.bmp
  18 -25.372528 -1.145261 -3.213794 0.360520 -0.217958 -0.906929 0.000000 0.000000
  18 -25.314118 -0.908220 -3.277823 0.601007 0.458085 -0.654942 0.000000 0.000000
  18 -25.233662 -0.965827 -3.195919 0.378765 0.111666 -0.918732 0.000000 0.000000
rubbergloveCHROME.bmp
  18 -25.314118 -0.908220 -3.277823 0.601007 0.458085 -0.654942 0.000000 0.000000
  18 -25.285359 -0.903969 -3.185873 0.513705 0.396156 -0.761030 0.000000 0.000000
  18 -25.233662 -0.965827 -3.195919 0.378765 0.111666 -0.918732 0.000000 0.000000
rubbergloveCHROME.bmp
  15 -26.264868 -2.126207 -1.563097 0.485119 -0.548121 0.681339 0.000000 0.000000
  15 -26.118334 -1.947211 -1.549381 0.448750 -0.565116 0.692292 0.000000 0.000000
  15 -26.420327 -1.998578 -1.516803 0.241388 -0.468946 0.849601 0.000000 0.000000
rubbergloveCHROME.bmp
  15 -26.420327 -1.998578 -1.516803 0.241388 -0.468946 0.849601 0.000000 0.000000
  15 -26.118334 -1.947211 -1.549381 0.448750 -0.565116 0.692292 0.000000 0.000000
  15 -26.250577 -1.852460 -1.453286 0.241388 -0.468946 0.849601 0.000000 0.000000
rubbergloveCHROME.bmp
  15 -26.118334 -1.947211 -1.549381 0.448750 -0.565116 0.692292 0.000000 0.000000
  15 -25.882160 -1.733333 -1.512256 0.413589 -0.640405 0.647168 0.000000 0.000000
  15 -26.250577 -1.852460 -1.453286 0.241388 -0.468946 0.849601 0.000000 0.000000
rubbergloveCHROME.bmp
  15 -26.250577 -1.852460 -1.453286 0.241388 -0.468946 0.849601 0.000000 0.000000
  15 -25.882160 -1.733333 -1.512256 0.413589 -0.640405 0.647168 0.000000 0.000000
  15 -26.037215 -1.604550 -1.405146 0.241388 -0.468946 0.849601 0.000000 0.000000
rubbergloveCHROME.bmp
  15 -25.882160 -1.733333 -1.512256 0.413589 -0.640405 0.647168 0.000000 0.000000
  14 -25.780942 -1.646830 -1.482419 0.379454 -0.646982 0.661384 0.000000 0.000000
  15 -26.037215 -1.604550 -1.405146 0.241388 -0.468946 0.849601 0.000000 0.000000
rubbergloveCHROME.bmp
  15 -26.037215 -1.604550 -1.405146 0.241388 -0.468946 0.849601 0.000000 0.000000
  14 -25.780942 -1.646830 -1.482419 0.379454 -0.646982 0.661384 0.000000 0.000000
  14 -25.937280 -1.505369 -1.394400 0.230895 -0.497109 0.836403 0.000000 0.000000
rubbergloveCHROME.bmp
  14 -25.780942 -1.646830 -1.482419 0.379454 -0.646982 0.661384 0.000000 0.000000
  14 -25.640562 -1.523681 -1.444632 0.333548 -0.521111 0.785614 0.000000 0.000000
  14 -25.937280 -1.505369 -1.394400 0.230895 -0.497109 0.836403 0.000000 0.000000
rubbergloveCHROME.bmp
  14 -25.937280 -1.505369 -1.394400 0.230895 -0.497109 0.836403 0.000000 0.000000
  14 -25.640562 -1.523681 -1.444632 0.333548 -0.521111 0.785614 0.000000 0.000000
  14 -25.774583 -1.360500 -1.362108 0.306341 -0.437419 0.845470 0.000000 0.000000
rubbergloveCHROME.bmp
  14 -25.640562 -1.523681 -1.444632 0.333548 -0.521111 0.785614 0.000000 0.000000
  14 -25.637936 -1.227224 -1.354045 0.260951 -0.380363 0.887259 0.000000 0.000000
  14 -25.774583 -1.360500 -1.362108 0.306341 -0.437419 0.845470 0.000000 0.000000
rubbergloveCHROME.bmp
  12 -26.996319 -2.038989 -1.182952 -0.168849 0.170244 -0.970828 0.000000 0.000000
  12 -26.855459 -2.166825 -1.193742 0.331785 -0.324807 -0.885674 0.000000 0.000000
  12 -27.117254 -2.200796 -1.196848 -0.198883 0.061621 -0.978084 0.000000 0.000000
rubbergloveCHROME.bmp
  12 -27.117254 -2.200796 -1.196848 -0.198883 0.061621 -0.978084 0.000000 0.000000
  12 -26.855459 -2.166825 -1.193742 0.331785 -0.324807 -0.885674 0.000000 0.000000
  12 -27.054353 -2.307517 -1.178032 0.247278 -0.473294 -0.845486 0.000000 0.000000
rubbergloveCHROME.bmp
  12 -26.855459 -2.166825 -1.193742 0.331785 -0.324807 -0.885674 0.000000 0.000000
  12 -27.019786 -2.330092 -1.108064 0.349900 -0.589338 -0.728183 0.000000 0.000000
  12 -27.054353 -2.307517 -1.178032 0.247278 -0.473294 -0.845486 0.000000 0.000000
rubbergloveCHROME.bmp
  12 -27.054353 -2.307517 -1.178032 0.247278 -0.473294 -0.845486 0.000000 0.000000
  12 -27.019786 -2.330092 -1.108064 0.349900 -0.589338 -0.728183 0.000000 0.000000
  12 -27.189649 -2.399560 -1.130882 -0.019615 -0.558186 -0.829484 0.000000 0.000000
rubbergloveCHROME.bmp
  12 -27.019786 -2.330092 -1.108064 0.349900 -0.589338 -0.728183 0.000000 0.000000
  12 -27.140795 -2.449984 -1.091250 0.016602 -0.754930 -0.655595 0.000000 0.000000
  12 -27.189649 -2.399560 -1.130882 -0.019615 -0.558186 -0.829484 0.000000 0.000000
rubbergloveCHROME.bmp
  12 -27.189649 -2.399560 -1.130882 -0.019615 -0.558186 -0.829484 0.000000 0.000000
  12 -27.140795 -2.449984 -1.091250 0.016602 -0.754930 -0.655595 0.000000 0.000000
  12 -27.325550 -2.478641 -1.013506 -0.343492 -0.792502 -0.503938 0.000000 0.000000
rubbergloveCHROME.bmp
  12 -27.140795 -2.449984 -1.091250 0.016602 -0.754930 -0.655595 0.000000 0.000000
  12 -27.263160 -2.516178 -0.903513 -0.279465 -0.921960 -0.268121 0.000000 0.000000
  12 -27.325550 -2.478641 -1.013506 -0.343492 -0.792502 -0.503938 0.000000 0.000000
rubbergloveCHROME.bmp
  12 -27.325550 -2.478641 -1.013506 -0.343492 -0.792502 -0.503938 0.000000 0.000000
  12 -27.263160 -2.516178 -0.903513 -0.279465 -0.921960 -0.268121 0.000000 0.000000
  12 -27.377258 -2.517264 -0.804617 -0.426433 -0.892256 -0.148437 0.000000 0.000000
rubbergloveCHROME.bmp
  12 -27.263160 -2.516178 -0.903513 -0.279465 -0.921960 -0.268121 0.000000 0.000000
  12 -27.264781 -2.533010 -0.743782 -0.269806 -0.962637 -0.023108 0.000000 0.000000
  12 -27.377258 -2.517264 -0.804617 -0.426433 -0.892256 -0.148437 0.000000 0.000000
rubbergloveCHROME.bmp
  15 -26.454842 -1.627744 -2.261914 -0.101597 0.337101 -0.935971 0.000000 0.000000
  15 -26.605027 -1.810862 -2.306770 -0.014986 0.154001 -0.987957 0.000000 0.000000
  15 -26.607249 -1.569653 -2.303113 0.194180 0.564269 -0.802431 0.000000 0.000000
rubbergloveCHROME.bmp
  15 -26.607249 -1.569653 -2.303113 0.194180 0.564269 -0.802431 0.000000 0.000000
  15 -26.605027 -1.810862 -2.306770 -0.014986 0.154001 -0.987957 0.000000 0.000000
  15 -26.707849 -1.773509 -2.344616 -0.071223 0.204851 -0.976198 0.000000 0.000000
rubbergloveCHROME.bmp
  15 -26.605027 -1.810862 -2.306770 -0.014986 0.154001 -0.987957 0.000000 0.000000
  15 -26.709133 -2.003612 -2.317219 0.033941 0.041113 -0.998578 0.000000 0.000000
  15 -26.707849 -1.773509 -2.344616 -0.071223 0.204851 -0.976198 0.000000 0.000000
rubbergloveCHROME.bmp
  15 -26.707849 -1.773509 -2.344616 -0.071223 0.204851 -0.976198 0.000000 0.000000
  15 -26.709133 -2.003612 -2.317219 0.033941 0.041113 -0.998578 0.000000 0.000000
  15 -26.825187 -1.951304 -2.365127 -0.102341 0.090428 -0.990631 0.000000 0.000000
rubbergloveCHROME.bmp
  15 -26.709133 -2.003612 -2.317219 0.033941 0.041113 -0.998578 0.000000 0.000000
  15 -26.878530 -2.205855 -2.315544 -0.112097 -0.301019 -0.947007 0.000000 0.000000
  15 -26.825187 -1.951304 -2.365127 -0.102341 0.090428 -0.990631 0.000000 0.000000
rubbergloveCHROME.bmp
  15 -26.825187 -1.951304 -2.365127 -0.102341 0.090428 -0.990631 0.000000 0.000000
  15 -26.878530 -2.205855 -2.315544 -0.112097 -0.301019 -0.947007 0.000000 0.000000
  15 -26.997574 -2.170586 -2.335155 -0.244527 -0.265800 -0.932500 0.000000 0.000000
rubbergloveCHROME.bmp
  15 -26.878530 -2.205855 -2.315544 -0.112097 -0.301019 -0.947007 0.000000 0.000000
  15 -26.992278 -2.292950 -2.245718 -0.234400 -0.668197 -0.706095 0.000000 0.000000
  15 -26.997574 -2.170586 -2.335155 -0.244527 -0.265800 -0.932500 0.000000 0.000000
rubbergloveCHROME.bmp
  15 -26.997574 -2.170586 -2.335155 -0.244527 -0.265800 -0.932500 0.000000 0.000000
  15 -26.992278 -2.292950 -2.245718 -0.234400 -0.668197 -0.706095 0.000000 0.000000
  15 -27.025900 -2.256056 -2.265927 -0.357187 -0.674183 -0.646448 0.000000 0.000000
rubbergloveCHROME.bmp
  15 -26.992278 -2.292950 -2.245718 -0.234400 -0.668197 -0.706095 0.000000 0.000000
  15 -27.021637 -2.322131 -2.170974 -0.480566 -0.807144 -0.342892 0.000000 0.000000
  15 -27.025900 -2.256056 -2.265927 -0.357187 -0.674183 -0.646448 0.000000 0.000000
rubbergloveCHROME.bmp
  17 -25.293849 -0.819030 -2.352324 -0.074940 -0.168102 0.982917 0.000000 0.000000
  18 -25.470645 -1.023877 -2.405686 -0.096766 -0.236010 0.966921 0.000000 0.000000
  18 -25.376673 -1.002722 -2.430618 -0.060784 -0.202547 0.977384 0.000000 0.000000
rubbergloveCHROME.bmp
  18 -25.376673 -1.002722 -2.430618 -0.060784 -0.202547 0.977384 0.000000 0.000000
  18 -25.470645 -1.023877 -2.405686 -0.096766 -0.236010 0.966921 0.000000 0.000000
  18 -25.512537 -1.195159 -2.492332 -0.096766 -0.236010 0.966921 0.000000 0.000000
rubbergloveCHROME.bmp
  18 -25.470645 -1.023877 -2.405686 -0.096766 -0.236010 0.966921 0.000000 0.000000
  18 -25.606787 -1.202437 -2.464692 -0.096766 -0.236010 0.966921 0.000000 0.000000
  18 -25.512537 -1.195159 -2.492332 -0.096766 -0.236010 0.966921 0.000000 0.000000
rubbergloveCHROME.bmp
  18 -25.512537 -1.195159 -2.492332 -0.096766 -0.236010 0.966921 0.000000 0.000000
  18 -25.606787 -1.202437 -2.464692 -0.096766 -0.236010 0.966921 0.000000 0.000000
  18 -25.644590 -1.354997 -2.536082 -0.056402 -0.358439 0.931848 0.000000 0.000000
rubbergloveCHROME.bmp
  18 -25.606787 -1.202437 -2.464692 -0.096766 -0.236010 0.966921 0.000000 0.000000
  18 -25.756668 -1.380621 -2.527032 -0.056402 -0.358439 0.931848 0.000000 0.000000
  18 -25.644590 -1.354997 -2.536082 -0.056402 -0.358439 0.931848 0.000000 0.000000
rubbergloveCHROME.bmp
  18 -25.644590 -1.354997 -2.536082 -0.056402 -0.358439 0.931848 0.000000 0.000000
  18 -25.756668 -1.380621 -2.527032 -0.056402 -0.358439 0.931848 0.000000 0.000000
  18 -25.749082 -1.502740 -2.602062 -0.068175 -0.544315 0.836106 0.000000 0.000000
rubbergloveCHROME.bmp
  18 -25.756668 -1.380621 -2.527032 -0.056402 -0.358439 0.931848 0.000000 0.000000
  18 -25.896733 -1.552212 -2.659087 -0.181887 -0.756762 0.627877 0.000000 0.000000
  18 -25.749082 -1.502740 -2.602062 -0.068175 -0.544315 0.836106 0.000000 0.000000
rubbergloveCHROME.bmp
  18 -25.749082 -1.502740 -2.602062 -0.068175 -0.544315 0.836106 0.000000 0.000000
  18 -25.896733 -1.552212 -2.659087 -0.181887 -0.756762 0.627877 0.000000 0.000000
  18 -25.827402 -1.569000 -2.676732 -0.199725 -0.808370 0.553758 0.000000 0.000000
rubbergloveCHROME.bmp
  18 -25.896733 -1.552212 -2.659087 -0.181887 -0.756762 0.627877 0.000000 0.000000
  18 -25.824039 -1.583035 -2.752176 -0.065896 -0.958447 0.277557 0.000000 0.000000
  18 -25.827402 -1.569000 -2.676732 -0.199725 -0.808370 0.553758 0.000000 0.000000
rubbergloveCHROME.bmp
  15 -25.944326 -1.604743 -2.183524 0.457489 -0.314358 -0.831795 0.000000 0.000000
  15 -26.139155 -1.833364 -2.207488 0.477318 -0.349227 -0.806355 0.000000 0.000000
  15 -26.037209 -1.485983 -2.252579 0.346813 -0.159058 -0.924349 0.000000 0.000000
rubbergloveCHROME.bmp
  15 -26.037209 -1.485983 -2.252579 0.346813 -0.159058 -0.924349 0.000000 0.000000
  15 -26.139155 -1.833364 -2.207488 0.477318 -0.349227 -0.806355 0.000000 0.000000
  15 -26.243464 -1.798155 -2.296257 0.346813 -0.159058 -0.924349 0.000000 0.000000
rubbergloveCHROME.bmp
  15 -26.139155 -1.833364 -2.207488 0.477318 -0.349227 -0.806355 0.000000 0.000000
  15 -26.327859 -2.012679 -2.225852 0.477318 -0.349227 -0.806355 0.000000 0.000000
  15 -26.243464 -1.798155 -2.296257 0.346813 -0.159058 -0.924349 0.000000 0.000000
rubbergloveCHROME.bmp
  15 -26.243464 -1.798155 -2.296257 0.346813 -0.159058 -0.924349 0.000000 0.000000
  15 -26.327859 -2.012679 -2.225852 0.477318 -0.349227 -0.806355 0.000000 0.000000
  15 -26.396331 -1.955106 -2.318572 0.308434 -0.212767 -0.927146 0.000000 0.000000
rubbergloveCHROME.bmp
  15 -26.327859 -2.012679 -2.225852 0.477318 -0.349227 -0.806355 0.000000 0.000000
  15 -26.439638 -2.170301 -2.233628 0.396233 -0.470697 -0.788317 0.000000 0.000000
  15 -26.396331 -1.955106 -2.318572 0.308434 -0.212767 -0.927146 0.000000 0.000000
rubbergloveCHROME.bmp
  15 -26.396331 -1.955106 -2.318572 0.308434 -0.212767 -0.927146 0.000000 0.000000
  15 -26.439638 -2.170301 -2.233628 0.396233 -0.470697 -0.788317 0.000000 0.000000
  15 -26.516608 -2.092662 -2.315162 0.312474 -0.313912 -0.896560 0.000000 0.000000
rubbergloveCHROME.bmp
  15 -26.439638 -2.170301 -2.233628 0.396233 -0.470697 -0.788317 0.000000 0.000000
  15 -26.659137 -2.323661 -2.232548 0.274326 -0.736737 -0.618032 0.000000 0.000000
  15 -26.516608 -2.092662 -2.315162 0.312474 -0.313912 -0.896560 0.000000 0.000000
rubbergloveCHROME.bmp
  15 -26.516608 -2.092662 -2.315162 0.312474 -0.313912 -0.896560 0.000000 0.000000
  15 -26.659137 -2.323661 -2.232548 0.274326 -0.736737 -0.618032 0.000000 0.000000
  15 -26.744655 -2.283235 -2.298520 0.202021 -0.540593 -0.816668 0.000000 0.000000
rubbergloveCHROME.bmp
  15 -26.659137 -2.323661 -2.232548 0.274326 -0.736737 -0.618032 0.000000 0.000000
  15 -26.847594 -2.373191 -2.197470 0.016368 -0.862457 -0.505865 0.000000 0.000000
  15 -26.744655 -2.283235 -2.298520 0.202021 -0.540593 -0.816668 0.000000 0.000000
rubbergloveCHROME.bmp
  8 -26.393882 -1.344182 0.301121 -0.557040 0.488238 -0.671811 0.000000 0.000000
  8 -26.188538 -1.156672 0.266867 -0.498219 0.375547 -0.781500 0.000000 0.000000
  8 -26.257348 -1.566986 0.180220 -0.105329 -0.080616 -0.991164 0.000000 0.000000
rubbergloveCHROME.bmp
  8 -26.257348 -1.566986 0.180220 -0.105329 -0.080616 -0.991164 0.000000 0.000000
  8 -26.188538 -1.156672 0.266867 -0.498219 0.375547 -0.781500 0.000000 0.000000
  8 -25.961493 -1.364025 0.122108 -0.037337 -0.207224 -0.977581 0.000000 0.000000
rubbergloveCHROME.bmp
  8 -26.188538 -1.156672 0.266867 -0.498219 0.375547 -0.781500 0.000000 0.000000
  8 -26.070260 -1.007800 0.237753 -0.606522 0.272316 -0.746977 0.000000 0.000000
  8 -25.961493 -1.364025 0.122108 -0.037337 -0.207224 -0.977581 0.000000 0.000000
rubbergloveCHROME.bmp
  8 -25.961493 -1.364025 0.122108 -0.037337 -0.207224 -0.977581 0.000000 0.000000
  8 -26.070260 -1.007800 0.237753 -0.606522 0.272316 -0.746977 0.000000 0.000000
  8 -25.757289 -1.204656 0.090454 -0.135421 -0.201268 -0.970130 0.000000 0.000000
rubbergloveCHROME.bmp
  8 -26.070260 -1.007800 0.237753 -0.606522 0.272316 -0.746977 0.000000 0.000000
  8 -25.995335 -0.857571 0.204323 -0.616858 0.152894 -0.772081 0.000000 0.000000
  8 -25.757289 -1.204656 0.090454 -0.135421 -0.201268 -0.970130 0.000000 0.000000
rubbergloveCHROME.bmp
  8 -25.757289 -1.204656 0.090454 -0.135421 -0.201268 -0.970130 0.000000 0.000000
  8 -25.995335 -0.857571 0.204323 -0.616858 0.152894 -0.772081 0.000000 0.000000
  8 -25.640151 -1.083926 0.063940 0.075588 -0.323966 -0.943044 0.000000 0.000000
rubbergloveCHROME.bmp
  8 -25.995335 -0.857571 0.204323 -0.616858 0.152894 -0.772081 0.000000 0.000000
  8 -25.546220 -0.984052 0.032282 0.000674 -0.197710 -0.980260 0.000000 0.000000
  8 -25.640151 -1.083926 0.063940 0.075588 -0.323966 -0.943044 0.000000 0.000000
rubbergloveCHROME.bmp
  8 -25.640151 -1.083926 0.063940 0.075588 -0.323966 -0.943044 0.000000 0.000000
  8 -25.546220 -0.984052 0.032282 0.000674 -0.197710 -0.980260 0.000000 0.000000
  8 -25.462895 -1.059501 0.098345 0.285694 -0.394028 -0.873568 0.000000 0.000000
rubbergloveCHROME.bmp
  8 -25.546220 -0.984052 0.032282 0.000674 -0.197710 -0.980260 0.000000 0.000000
  7 -25.340700 -0.897705 0.077703 0.240967 -0.417147 -0.876312 0.000000 0.000000
  8 -25.462895 -1.059501 0.098345 0.285694 -0.394028 -0.873568 0.000000 0.000000
rubbergloveCHROME.bmp
  9 -27.162984 -2.445359 0.836306 -0.589743 -0.796686 0.132265 0.000000 0.000000
  9 -27.111495 -2.440506 0.899752 -0.469260 -0.857972 0.208997 0.000000 0.000000
  9 -27.129486 -2.417090 0.920442 -0.580857 -0.774526 0.250429 0.000000 0.000000
rubbergloveCHROME.bmp
  9 -27.129486 -2.417090 0.920442 -0.580857 -0.774526 0.250429 0.000000 0.000000
  9 -27.111495 -2.440506 0.899752 -0.469260 -0.857972 0.208997 0.000000 0.000000
  9 -27.061717 -2.439074 1.004251 -0.488314 -0.775016 0.401124 0.000000 0.000000
rubbergloveCHROME.bmp
  9 -27.111495 -2.440506 0.899752 -0.469260 -0.857972 0.208997 0.000000 0.000000
  9 -26.918134 -2.519706 0.920692 -0.110957 -0.969156 0.220056 0.000000 0.000000
  9 -27.061717 -2.439074 1.004251 -0.488314 -0.775016 0.401124 0.000000 0.000000
rubbergloveCHROME.bmp
  9 -27.061717 -2.439074 1.004251 -0.488314 -0.775016 0.401124 0.000000 0.000000
  9 -26.918134 -2.519706 0.920692 -0.110957 -0.969156 0.220056 0.000000 0.000000
  9 -26.993444 -2.407284 1.133975 -0.278434 -0.726035 0.628767 0.000000 0.000000
rubbergloveCHROME.bmp
  9 -26.918134 -2.519706 0.920692 -0.110957 -0.969156 0.220056 0.000000 0.000000
  9 -26.796086 -2.462991 1.020631 0.194828 -0.802834 0.563471 0.000000 0.000000
  9 -26.993444 -2.407284 1.133975 -0.278434 -0.726035 0.628767 0.000000 0.000000
rubbergloveCHROME.bmp
  9 -26.993444 -2.407284 1.133975 -0.278434 -0.726035 0.628767 0.000000 0.000000
  9 -26.796086 -2.462991 1.020631 0.194828 -0.802834 0.563471 0.000000 0.000000
  9 -26.876368 -2.325827 1.191923 0.122944 -0.559765 0.819480 0.000000 0.000000
rubbergloveCHROME.bmp
  9 -26.796086 -2.462991 1.020631 0.194828 -0.802834 0.563471 0.000000 0.000000
  9 -26.665630 -2.314914 1.111485 0.390393 -0.596213 0.701515 0.000000 0.000000
  9 -26.876368 -2.325827 1.191923 0.122944 -0.559765 0.819480 0.000000 0.000000
rubbergloveCHROME.bmp
  9 -26.876368 -2.325827 1.191923 0.122944 -0.559765 0.819480 0.000000 0.000000
  9 -26.665630 -2.314914 1.111485 0.390393 -0.596213 0.701515 0.000000 0.000000
  9 -26.778202 -2.193643 1.258185 0.193204 -0.294507 0.935915 0.000000 0.000000
rubbergloveCHROME.bmp
  9 -26.665630 -2.314914 1.111485 0.390393 -0.596213 0.701515 0.000000 0.000000
  9 -26.443419 -2.145631 1.137289 0.463517 -0.527441 0.712010 0.000000 0.000000
  9 -26.778202 -2.193643 1.258185 0.193204 -0.294507 0.935915 0.000000 0.000000
rubbergloveCHROME.bmp
  8 -25.510543 -1.620030 0.933592 0.582362 -0.486444 0.651327 0.000000 0.000000
  8 -25.344749 -1.412996 0.862533 0.613226 -0.353179 0.706554 0.000000 0.000000
  8 -25.604099 -1.559244 1.012029 0.491979 -0.380924 0.782850 0.000000 0.000000
rubbergloveCHROME.bmp
  8 -25.604099 -1.559244 1.012029 0.491979 -0.380924 0.782850 0.000000 0.000000
  8 -25.344749 -1.412996 0.862533 0.613226 -0.353179 0.706554 0.000000 0.000000
  8 -25.396512 -1.327141 0.922943 0.570807 -0.382660 0.726464 0.000000 0.000000
rubbergloveCHROME.bmp
  8 -25.344749 -1.412996 0.862533 0.613226 -0.353179 0.706554 0.000000 0.000000
  8 -25.201912 -1.242412 0.848433 0.689113 -0.371264 0.622324 0.000000 0.000000
  8 -25.396512 -1.327141 0.922943 0.570807 -0.382660 0.726464 0.000000 0.000000
rubbergloveCHROME.bmp
  8 -25.396512 -1.327141 0.922943 0.570807 -0.382660 0.726464 0.000000 0.000000
  8 -25.201912 -1.242412 0.848433 0.689113 -0.371264 0.622324 0.000000 0.000000
  8 -25.261532 -1.177294 0.911720 0.634582 -0.243966 0.733339 0.000000 0.000000
rubbergloveCHROME.bmp
  8 -25.201912 -1.242412 0.848433 0.689113 -0.371264 0.622324 0.000000 0.000000
  8 -25.117360 -1.125157 0.846941 0.570807 -0.382660 0.726464 0.000000 0.000000
  8 -25.261532 -1.177294 0.911720 0.634582 -0.243966 0.733339 0.000000 0.000000
rubbergloveCHROME.bmp
  8 -25.261532 -1.177294 0.911720 0.634582 -0.243966 0.733339 0.000000 0.000000
  8 -25.117360 -1.125157 0.846941 0.570807 -0.382660 0.726464 0.000000 0.000000
  8 -25.196594 -1.035446 0.860123 0.533750 -0.270975 0.801051 0.000000 0.000000
rubbergloveCHROME.bmp
  8 -25.117360 -1.125157 0.846941 0.570807 -0.382660 0.726464 0.000000 0.000000
  7 -24.925596 -0.920853 0.863739 0.365661 -0.384176 0.847762 0.000000 0.000000
  8 -25.196594 -1.035446 0.860123 0.533750 -0.270975 0.801051 0.000000 0.000000
rubbergloveCHROME.bmp
  8 -25.196594 -1.035446 0.860123 0.533750 -0.270975 0.801051 0.000000 0.000000
  7 -24.925596 -0.920853 0.863739 0.365661 -0.384176 0.847762 0.000000 0.000000
  7 -25.030629 -0.867389 0.903861 0.408752 -0.385641 0.827165 0.000000 0.000000
rubbergloveCHROME.bmp
  7 -24.925596 -0.920853 0.863739 0.365661 -0.384176 0.847762 0.000000 0.000000
  7 -24.781058 -0.637889 0.870039 0.321829 -0.292168 0.900591 0.000000 0.000000
  7 -25.030629 -0.867389 0.903861 0.408752 -0.385641 0.827165 0.000000 0.000000
rubbergloveCHROME.bmp
  9 -26.997037 -2.414090 0.577880 -0.057859 -0.879849 -0.471718 0.000000 0.000000
  9 -26.845507 -2.524586 0.718698 -0.072597 -0.969492 -0.234126 0.000000 0.000000
  9 -26.920820 -2.474894 0.785471 -0.040196 -0.991409 -0.124471 0.000000 0.000000
rubbergloveCHROME.bmp
  9 -26.920820 -2.474894 0.785471 -0.040196 -0.991409 -0.124471 0.000000 0.000000
  9 -26.845507 -2.524586 0.718698 -0.072597 -0.969492 -0.234126 0.000000 0.000000
  9 -26.743106 -2.531529 0.897767 0.141489 -0.956287 0.255923 0.000000 0.000000
rubbergloveCHROME.bmp
  9 -26.845507 -2.524586 0.718698 -0.072597 -0.969492 -0.234126 0.000000 0.000000
  9 -26.553963 -2.425075 0.690420 0.402974 -0.870966 -0.281122 0.000000 0.000000
  9 -26.743106 -2.531529 0.897767 0.141489 -0.956287 0.255923 0.000000 0.000000
rubbergloveCHROME.bmp
  9 -26.743106 -2.531529 0.897767 0.141489 -0.956287 0.255923 0.000000 0.000000
  9 -26.553963 -2.425075 0.690420 0.402974 -0.870966 -0.281122 0.000000 0.000000
  9 -26.535554 -2.404119 0.929213 0.510677 -0.757060 0.407516 0.000000 0.000000
rubbergloveCHROME.bmp
  9 -26.553963 -2.425075 0.690420 0.402974 -0.870966 -0.281122 0.000000 0.000000
  9 -26.335175 -2.325366 0.651821 0.587900 -0.771900 -0.241957 0.000000 0.000000
  9 -26.535554 -2.404119 0.929213 0.510677 -0.757060 0.407516 0.000000 0.000000
rubbergloveCHROME.bmp
  9 -26.535554 -2.404119 0.929213 0.510677 -0.757060 0.407516 0.000000 0.000000
  9 -26.335175 -2.325366 0.651821 0.587900 -0.771900 -0.241957 0.000000 0.000000
  9 -26.345202 -2.222558 0.927919 0.590655 -0.692451 0.414292 0.000000 0.000000
rubbergloveCHROME.bmp
  9 -26.335175 -2.325366 0.651821 0.587900 -0.771900 -0.241957 0.000000 0.000000
  9 -26.192618 -2.148652 0.667619 0.678593 -0.692897 -0.243733 0.000000 0.000000
  9 -26.345202 -2.222558 0.927919 0.590655 -0.692451 0.414292 0.000000 0.000000
rubbergloveCHROME.bmp
  9 -26.345202 -2.222558 0.927919 0.590655 -0.692451 0.414292 0.000000 0.000000
  9 -26.192618 -2.148652 0.667619 0.678593 -0.692897 -0.243733 0.000000 0.000000
  9 -26.162900 -2.129792 0.884785 0.632349 -0.712712 0.303604 0.000000 0.000000
rubbergloveCHROME.bmp
  9 -26.192618 -2.148652 0.667619 0.678593 -0.692897 -0.243733 0.000000 0.000000
  8 -25.984456 -1.931631 0.660807 0.579047 -0.775907 -0.250347 0.000000 0.000000
  9 -26.162900 -2.129792 0.884785 0.632349 -0.712712 0.303604 0.000000 0.000000
rubbergloveCHROME.bmp
  6 -23.334214 -0.796197 2.035522 0.574395 -0.200830 0.793560 0.000000 0.000000
  6 -23.505754 -0.935134 2.093577 0.574722 -0.143495 0.805670 0.000000 0.000000
  6 -23.390872 -1.025474 1.989459 0.682232 -0.471619 0.558690 0.000000 0.000000
rubbergloveCHROME.bmp
  6 -23.390872 -1.025474 1.989459 0.682232 -0.471619 0.558690 0.000000 0.000000
  6 -23.505754 -0.935134 2.093577 0.574722 -0.143495 0.805670 0.000000 0.000000
  6 -23.674249 -1.248973 2.176129 0.695083 -0.595710 0.402480 0.000000 0.000000
rubbergloveCHROME.bmp
  6 -23.505754 -0.935134 2.093577 0.574722 -0.143495 0.805670 0.000000 0.000000
  6 -23.700228 -1.195020 2.254323 0.708619 -0.239377 0.663745 0.000000 0.000000
  6 -23.674249 -1.248973 2.176129 0.695083 -0.595710 0.402480 0.000000 0.000000
rubbergloveCHROME.bmp
  6 -23.674249 -1.248973 2.176129 0.695083 -0.595710 0.402480 0.000000 0.000000
  6 -23.700228 -1.195020 2.254323 0.708619 -0.239377 0.663745 0.000000 0.000000
  6 -23.875245 -1.358181 2.311311 0.488023 -0.811963 0.320232 0.000000 0.000000
rubbergloveCHROME.bmp
  6 -23.700228 -1.195020 2.254323 0.708619 -0.239377 0.663745 0.000000 0.000000
  6 -23.867954 -1.325756 2.394950 0.528807 -0.477910 0.701403 0.000000 0.000000
  6 -23.875245 -1.358181 2.311311 0.488023 -0.811963 0.320232 0.000000 0.000000
rubbergloveCHROME.bmp
  6 -23.875245 -1.358181 2.311311 0.488023 -0.811963 0.320232 0.000000 0.000000
  6 -23.867954 -1.325756 2.394950 0.528807 -0.477910 0.701403 0.000000 0.000000
  6 -23.989594 -1.376494 2.349899 0.063213 -0.942054 0.329451 0.000000 0.000000
rubbergloveCHROME.bmp
  6 -23.867954 -1.325756 2.394950 0.528807 -0.477910 0.701403 0.000000 0.000000
  6 -23.983923 -1.351275 2.414952 0.085339 -0.731428 0.676557 0.000000 0.000000
  6 -23.989594 -1.376494 2.349899 0.063213 -0.942054 0.329451 0.000000 0.000000
rubbergloveCHROME.bmp
  6 -23.989594 -1.376494 2.349899 0.063213 -0.942054 0.329451 0.000000 0.000000
  6 -23.983923 -1.351275 2.414952 0.085339 -0.731428 0.676557 0.000000 0.000000
  6 -24.147940 -1.327483 2.409265 -0.305264 -0.852500 0.424332 0.000000 0.000000
rubbergloveCHROME.bmp
  6 -23.983923 -1.351275 2.414952 0.085339 -0.731428 0.676557 0.000000 0.000000
  6 -24.133301 -1.270421 2.471952 -0.226984 -0.562926 0.794728 0.000000 0.000000
  6 -24.147940 -1.327483 2.409265 -0.305264 -0.852500 0.424332 0.000000 0.000000
rubbergloveCHROME.bmp
  6 -24.509330 -1.060826 2.219026 -0.926505 -0.356563 0.120211 0.000000 0.000000
  6 -24.514191 -1.082442 2.163267 -0.904536 -0.397391 0.154577 0.000000 0.000000
  6 -24.440852 -1.163920 2.274545 -0.760563 -0.606990 0.230451 0.000000 0.000000
rubbergloveCHROME.bmp
  6 -24.440852 -1.163920 2.274545 -0.760563 -0.606990 0.230451 0.000000 0.000000
  6 -24.514191 -1.082442 2.163267 -0.904536 -0.397391 0.154577 0.000000 0.000000
  6 -24.404145 -1.263668 2.170128 -0.736361 -0.667963 0.107694 0.000000 0.000000
rubbergloveCHROME.bmp
  6 -24.514191 -1.082442 2.163267 -0.904536 -0.397391 0.154577 0.000000 0.000000
  6 -24.480627 -1.101945 2.028015 -0.811370 -0.530093 -0.246333 0.000000 0.000000
  6 -24.404145 -1.263668 2.170128 -0.736361 -0.667963 0.107694 0.000000 0.000000
rubbergloveCHROME.bmp
  6 -24.404145 -1.263668 2.170128 -0.736361 -0.667963 0.107694 0.000000 0.000000
  6 -24.480627 -1.101945 2.028015 -0.811370 -0.530093 -0.246333 0.000000 0.000000
  6 -24.378247 -1.240564 2.029787 -0.653892 -0.704502 -0.275866 0.000000 0.000000
rubbergloveCHROME.bmp
  6 -24.480627 -1.101945 2.028015 -0.811370 -0.530093 -0.246333 0.000000 0.000000
  6 -24.424939 -1.004101 1.780779 -0.735629 -0.439821 -0.515177 0.000000 0.000000
  6 -24.378247 -1.240564 2.029787 -0.653892 -0.704502 -0.275866 0.000000 0.000000
rubbergloveCHROME.bmp
  6 -24.378247 -1.240564 2.029787 -0.653892 -0.704502 -0.275866 0.000000 0.000000
  6 -24.424939 -1.004101 1.780779 -0.735629 -0.439821 -0.515177 0.000000 0.000000
  6 -24.254973 -1.172361 1.766630 -0.560725 -0.644823 -0.519413 0.000000 0.000000
rubbergloveCHROME.bmp
  6 -24.424939 -1.004101 1.780779 -0.735629 -0.439821 -0.515177 0.000000 0.000000
  6 -24.185856 -0.876757 1.484599 -0.582684 -0.346086 -0.735326 0.000000 0.000000
  6 -24.254973 -1.172361 1.766630 -0.560725 -0.644823 -0.519413 0.000000 0.000000
rubbergloveCHROME.bmp
  6 -24.254973 -1.172361 1.766630 -0.560725 -0.644823 -0.519413 0.000000 0.000000
  6 -24.185856 -0.876757 1.484599 -0.582684 -0.346086 -0.735326 0.000000 0.000000
  6 -24.042699 -1.045889 1.483885 -0.386287 -0.583457 -0.714395 0.000000 0.000000
rubbergloveCHROME.bmp
  6 -24.185856 -0.876757 1.484599 -0.582684 -0.346086 -0.735326 0.000000 0.000000
  6 -23.927703 -0.869860 1.330296 -0.310580 -0.427725 -0.848877 0.000000 0.000000
  6 -24.042699 -1.045889 1.483885 -0.386287 -0.583457 -0.714395 0.000000 0.000000
rubbergloveCHROME.bmp
  32 27.099541 -0.952961 -2.372903 -0.292776 -0.433762 0.852134 0.000000 0.000000
  32 27.212719 -1.086845 -2.385786 -0.241574 -0.366971 0.898317 0.000000 0.000000
  32 27.231783 -0.816262 -2.367863 0.074944 -0.168101 0.982917 0.000000 0.000000
rubbergloveCHROME.bmp
  32 27.231783 -0.816262 -2.367863 0.074944 -0.168101 0.982917 0.000000 0.000000
  32 27.212719 -1.086845 -2.385786 -0.241574 -0.366971 0.898317 0.000000 0.000000
  33 27.381391 -1.006586 -2.411573 0.060788 -0.202542 0.977385 0.000000 0.000000
rubbergloveCHROME.bmp
  32 27.212719 -1.086845 -2.385786 -0.241574 -0.366971 0.898317 0.000000 0.000000
  33 27.358567 -1.238038 -2.441725 -0.059235 -0.378783 0.923588 0.000000 0.000000
  33 27.381391 -1.006586 -2.411573 0.060788 -0.202542 0.977385 0.000000 0.000000
rubbergloveCHROME.bmp
  33 27.381391 -1.006586 -2.411573 0.060788 -0.202542 0.977385 0.000000 0.000000
  33 27.358567 -1.238038 -2.441725 -0.059235 -0.378783 0.923588 0.000000 0.000000
  33 27.489778 -1.199775 -2.466621 0.096770 -0.236005 0.966921 0.000000 0.000000
rubbergloveCHROME.bmp
  33 27.358567 -1.238038 -2.441725 -0.059235 -0.378783 0.923588 0.000000 0.000000
  33 27.481803 -1.375341 -2.489275 -0.002490 -0.508359 0.861142 0.000000 0.000000
  33 27.489778 -1.199775 -2.466621 0.096770 -0.236005 0.966921 0.000000 0.000000
rubbergloveCHROME.bmp
  33 27.489778 -1.199775 -2.466621 0.096770 -0.236005 0.966921 0.000000 0.000000
  33 27.481803 -1.375341 -2.489275 -0.002490 -0.508359 0.861142 0.000000 0.000000
  33 27.633205 -1.357331 -2.523232 0.056403 -0.358435 0.931849 0.000000 0.000000
rubbergloveCHROME.bmp
  33 27.481803 -1.375341 -2.489275 -0.002490 -0.508359 0.861142 0.000000 0.000000
  33 27.710558 -1.592030 -2.620869 0.175237 -0.707365 0.684783 0.000000 0.000000
  33 27.633205 -1.357331 -2.523232 0.056403 -0.358435 0.931849 0.000000 0.000000
rubbergloveCHROME.bmp
  33 27.633205 -1.357331 -2.523232 0.056403 -0.358435 0.931849 0.000000 0.000000
  33 27.710558 -1.592030 -2.620869 0.175237 -0.707365 0.684783 0.000000 0.000000
  33 27.762810 -1.502417 -2.605406 0.068175 -0.544315 0.836106 0.000000 0.000000
rubbergloveCHROME.bmp
  33 27.710558 -1.592030 -2.620869 0.175237 -0.707365 0.684783 0.000000 0.000000
  33 27.820383 -1.576179 -2.676431 0.199724 -0.808371 0.553757 0.000000 0.000000
  33 27.762810 -1.502417 -2.605406 0.068175 -0.544315 0.836106 0.000000 0.000000
rubbergloveCHROME.bmp
  26 28.155617 -1.710894 -0.999269 -0.272888 -0.601361 -0.750931 0.000000 0.000000
  26 28.248858 -1.743925 -0.970722 -0.390592 -0.511451 -0.765412 0.000000 0.000000
  26 28.068716 -1.795979 -0.729809 -0.471108 -0.842970 -0.259729 0.000000 0.000000
rubbergloveCHROME.bmp
  26 28.068716 -1.795979 -0.729809 -0.471108 -0.842970 -0.259729 0.000000 0.000000
  26 28.248858 -1.743925 -0.970722 -0.390592 -0.511451 -0.765412 0.000000 0.000000
  26 28.163247 -1.871411 -0.701988 -0.726113 -0.673729 -0.137295 0.000000 0.000000
rubbergloveCHROME.bmp
  26 28.248858 -1.743925 -0.970722 -0.390592 -0.511451 -0.765412 0.000000 0.000000
  27 28.475970 -2.215019 -0.970849 -0.627873 -0.465207 -0.623986 0.000000 0.000000
  26 28.163247 -1.871411 -0.701988 -0.726113 -0.673729 -0.137295 0.000000 0.000000
rubbergloveCHROME.bmp
  26 28.163247 -1.871411 -0.701988 -0.726113 -0.673729 -0.137295 0.000000 0.000000
  27 28.475970 -2.215019 -0.970849 -0.627873 -0.465207 -0.623986 0.000000 0.000000
  27 28.414885 -2.282854 -0.741356 -0.749315 -0.660879 -0.042022 0.000000 0.000000
rubbergloveCHROME.bmp
  27 28.475970 -2.215019 -0.970849 -0.627873 -0.465207 -0.623986 0.000000 0.000000
  27 28.599323 -2.437088 -0.765741 -0.572337 -0.810143 -0.126879 0.000000 0.000000
  27 28.414885 -2.282854 -0.741356 -0.749315 -0.660879 -0.042022 0.000000 0.000000
rubbergloveCHROME.bmp
  27 28.414885 -2.282854 -0.741356 -0.749315 -0.660879 -0.042022 0.000000 0.000000
  27 28.599323 -2.437088 -0.765741 -0.572337 -0.810143 -0.126879 0.000000 0.000000
  27 28.629978 -2.413035 -0.505584 -0.478135 -0.748090 0.460161 0.000000 0.000000
rubbergloveCHROME.bmp
  27 28.599323 -2.437088 -0.765741 -0.572337 -0.810143 -0.126879 0.000000 0.000000
  27 28.821015 -2.531377 -0.559435 -0.303965 -0.873035 0.381333 0.000000 0.000000
  27 28.629978 -2.413035 -0.505584 -0.478135 -0.748090 0.460161 0.000000 0.000000
rubbergloveCHROME.bmp
  27 28.629978 -2.413035 -0.505584 -0.478135 -0.748090 0.460161 0.000000 0.000000
  27 28.821015 -2.531377 -0.559435 -0.303965 -0.873035 0.381333 0.000000 0.000000
  27 28.899461 -2.398994 -0.417940 -0.267310 -0.693999 0.668514 0.000000 0.000000
rubbergloveCHROME.bmp
  27 28.821015 -2.531377 -0.559435 -0.303965 -0.873035 0.381333 0.000000 0.000000
  27 29.076575 -2.503776 -0.441422 -0.072920 -0.816629 0.572539 0.000000 0.000000
  27 28.899461 -2.398994 -0.417940 -0.267310 -0.693999 0.668514 0.000000 0.000000
rubbergloveCHROME.bmp
  27 29.236670 -2.533557 -0.723526 0.269806 -0.962637 -0.023108 0.000000 0.000000
  27 29.109566 -2.604590 -0.743495 0.253706 -0.965201 -0.063398 0.000000 0.000000
  27 29.241890 -2.509280 -0.903202 0.279465 -0.921960 -0.268120 0.000000 0.000000
rubbergloveCHROME.bmp
  27 29.241890 -2.509280 -0.903202 0.279465 -0.921960 -0.268120 0.000000 0.000000
  27 29.109566 -2.604590 -0.743495 0.253706 -0.965201 -0.063398 0.000000 0.000000
  27 29.107510 -2.558973 -0.932743 0.072927 -0.906500 -0.415859 0.000000 0.000000
rubbergloveCHROME.bmp
  27 29.109566 -2.604590 -0.743495 0.253706 -0.965201 -0.063398 0.000000 0.000000
  27 28.797878 -2.549165 -0.769550 -0.315618 -0.936283 -0.154143 0.000000 0.000000
  27 29.107510 -2.558973 -0.932743 0.072927 -0.906500 -0.415859 0.000000 0.000000
rubbergloveCHROME.bmp
  27 29.107510 -2.558973 -0.932743 0.072927 -0.906500 -0.415859 0.000000 0.000000
  27 28.797878 -2.549165 -0.769550 -0.315618 -0.936283 -0.154143 0.000000 0.000000
  27 28.830705 -2.467507 -0.988535 -0.274957 -0.671940 -0.687674 0.000000 0.000000
rubbergloveCHROME.bmp
  27 28.797878 -2.549165 -0.769550 -0.315618 -0.936283 -0.154143 0.000000 0.000000
  27 28.653397 -2.362388 -0.985049 -0.470535 -0.648846 -0.597994 0.000000 0.000000
  27 28.830705 -2.467507 -0.988535 -0.274957 -0.671940 -0.687674 0.000000 0.000000
rubbergloveCHROME.bmp
  27 28.830705 -2.467507 -0.988535 -0.274957 -0.671940 -0.687674 0.000000 0.000000
  27 28.653397 -2.362388 -0.985049 -0.470535 -0.648846 -0.597994 0.000000 0.000000
  27 28.799792 -2.196809 -1.113704 -0.373456 -0.410270 -0.831991 0.000000 0.000000
rubbergloveCHROME.bmp
  27 28.653397 -2.362388 -0.985049 -0.470535 -0.648846 -0.597994 0.000000 0.000000
  27 28.475970 -2.215019 -0.970849 -0.627873 -0.465207 -0.623986 0.000000 0.000000
  27 28.799792 -2.196809 -1.113704 -0.373456 -0.410270 -0.831991 0.000000 0.000000
rubbergloveCHROME.bmp
  27 28.799792 -2.196809 -1.113704 -0.373456 -0.410270 -0.831991 0.000000 0.000000
  27 28.475970 -2.215019 -0.970849 -0.627873 -0.465207 -0.623986 0.000000 0.000000
  27 28.600900 -2.000061 -1.098465 -0.497599 -0.302985 -0.812770 0.000000 0.000000
rubbergloveCHROME.bmp
  27 28.475970 -2.215019 -0.970849 -0.627873 -0.465207 -0.623986 0.000000 0.000000
  26 28.248858 -1.743925 -0.970722 -0.390592 -0.511451 -0.765412 0.000000 0.000000
  27 28.600900 -2.000061 -1.098465 -0.497599 -0.302985 -0.812770 0.000000 0.000000
rubbergloveCHROME.bmp
  33 27.769503 -1.548371 -3.183025 -0.156044 -0.725952 -0.669809 0.000000 0.000000
  33 27.632228 -1.512558 -3.204777 -0.176222 -0.434813 -0.883110 0.000000 0.000000
  33 27.676363 -1.485582 -3.199833 -0.366938 -0.510691 -0.777529 0.000000 0.000000
rubbergloveCHROME.bmp
  33 27.676363 -1.485582 -3.199833 -0.366938 -0.510691 -0.777529 0.000000 0.000000
  33 27.632228 -1.512558 -3.204777 -0.176222 -0.434813 -0.883110 0.000000 0.000000
  33 27.507295 -1.306025 -3.216424 -0.382075 -0.308849 -0.870994 0.000000 0.000000
rubbergloveCHROME.bmp
  33 27.632228 -1.512558 -3.204777 -0.176222 -0.434813 -0.883110 0.000000 0.000000
  33 27.440689 -1.323687 -3.192938 -0.297413 -0.271790 -0.915246 0.000000 0.000000
  33 27.507295 -1.306025 -3.216424 -0.382075 -0.308849 -0.870994 0.000000 0.000000
rubbergloveCHROME.bmp
  33 27.507295 -1.306025 -3.216424 -0.382075 -0.308849 -0.870994 0.000000 0.000000
  33 27.440689 -1.323687 -3.192938 -0.297413 -0.271790 -0.915246 0.000000 0.000000
  33 27.388621 -1.146843 -3.207611 -0.360526 -0.217958 -0.906926 0.000000 0.000000
rubbergloveCHROME.bmp
  33 27.440689 -1.323687 -3.192938 -0.297413 -0.271790 -0.915246 0.000000 0.000000
  33 27.333112 -1.176101 -3.199694 -0.307088 -0.186768 -0.933175 0.000000 0.000000
  33 27.388621 -1.146843 -3.207611 -0.360526 -0.217958 -0.906926 0.000000 0.000000
rubbergloveCHROME.bmp
  33 27.388621 -1.146843 -3.207611 -0.360526 -0.217958 -0.906926 0.000000 0.000000
  33 27.333112 -1.176101 -3.199694 -0.307088 -0.186768 -0.933175 0.000000 0.000000
  33 27.249755 -0.967409 -3.189736 -0.378765 0.111668 -0.918731 0.000000 0.000000
rubbergloveCHROME.bmp
  33 27.333112 -1.176101 -3.199694 -0.307088 -0.186768 -0.933175 0.000000 0.000000
  33 27.210348 -0.998198 -3.175624 -0.349732 -0.084335 -0.933046 0.000000 0.000000
  33 27.249755 -0.967409 -3.189736 -0.378765 0.111668 -0.918731 0.000000 0.000000
rubbergloveCHROME.bmp
  33 27.249755 -0.967409 -3.189736 -0.378765 0.111668 -0.918731 0.000000 0.000000
  33 27.210348 -0.998198 -3.175624 -0.349732 -0.084335 -0.933046 0.000000 0.000000
  32 27.176440 -0.789615 -3.146469 -0.216563 0.049378 -0.975019 0.000000 0.000000
rubbergloveCHROME.bmp
  33 27.210348 -0.998198 -3.175624 -0.349732 -0.084335 -0.933046 0.000000 0.000000
  32 27.073370 -0.830571 -3.160581 -0.311637 -0.106730 -0.944188 0.000000 0.000000
  32 27.176440 -0.789615 -3.146469 -0.216563 0.049378 -0.975019 0.000000 0.000000
rubbergloveCHROME.bmp
  30 28.554890 -1.195320 -1.835367 0.859824 0.510408 -0.013633 0.000000 0.000000
  30 28.746005 -1.506397 -1.887388 0.412518 0.910950 0.000223 0.000000 0.000000
  30 28.516097 -1.200444 -1.993382 0.790310 0.531458 -0.304898 0.000000 0.000000
rubbergloveCHROME.bmp
  30 28.516097 -1.200444 -1.993382 0.790310 0.531458 -0.304898 0.000000 0.000000
  30 28.746005 -1.506397 -1.887388 0.412518 0.910950 0.000223 0.000000 0.000000
  30 28.672199 -1.504219 -2.040842 0.353836 0.927753 -0.118632 0.000000 0.000000
rubbergloveCHROME.bmp
  30 28.746005 -1.506397 -1.887388 0.412518 0.910950 0.000223 0.000000 0.000000
  30 28.831685 -1.493951 -1.885411 0.408880 0.911692 0.040437 0.000000 0.000000
  30 28.672199 -1.504219 -2.040842 0.353836 0.927753 -0.118632 0.000000 0.000000
rubbergloveCHROME.bmp
  30 28.672199 -1.504219 -2.040842 0.353836 0.927753 -0.118632 0.000000 0.000000
  30 28.831685 -1.493951 -1.885411 0.408880 0.911692 0.040437 0.000000 0.000000
  30 28.759108 -1.507988 -2.091167 0.518807 0.821808 -0.235523 0.000000 0.000000
rubbergloveCHROME.bmp
  30 28.831685 -1.493951 -1.885411 0.408880 0.911692 0.040437 0.000000 0.000000
  30 28.973939 -1.726269 -1.934319 0.812764 0.581770 -0.030953 0.000000 0.000000
  30 28.759108 -1.507988 -2.091167 0.518807 0.821808 -0.235523 0.000000 0.000000
rubbergloveCHROME.bmp
  30 28.759108 -1.507988 -2.091167 0.518807 0.821808 -0.235523 0.000000 0.000000
  30 28.973939 -1.726269 -1.934319 0.812764 0.581770 -0.030953 0.000000 0.000000
  30 28.895286 -1.748280 -2.130098 0.746124 0.588386 -0.311611 0.000000 0.000000
rubbergloveCHROME.bmp
  30 28.973939 -1.726269 -1.934319 0.812764 0.581770 -0.030953 0.000000 0.000000
  30 29.139005 -1.924555 -1.972212 0.851985 0.520862 -0.053155 0.000000 0.000000
  30 28.895286 -1.748280 -2.130098 0.746124 0.588386 -0.311611 0.000000 0.000000
rubbergloveCHROME.bmp
  30 28.895286 -1.748280 -2.130098 0.746124 0.588386 -0.311611 0.000000 0.000000
  30 29.139005 -1.924555 -1.972212 0.851985 0.520862 -0.053155 0.000000 0.000000
  30 29.052112 -1.952560 -2.177797 0.766070 0.507340 -0.394643 0.000000 0.000000
rubbergloveCHROME.bmp
  30 29.139005 -1.924555 -1.972212 0.851985 0.520862 -0.053155 0.000000 0.000000
  30 29.171873 -2.118261 -2.177145 0.929339 0.095065 -0.356779 0.000000 0.000000
  30 29.052112 -1.952560 -2.177797 0.766070 0.507340 -0.394643 0.000000 0.000000
rubbergloveCHROME.bmp
  30 28.531787 -1.850625 -2.322955 -0.003575 0.089336 -0.995995 0.000000 0.000000
  30 28.370938 -1.685594 -2.309068 0.114769 0.153182 -0.981511 0.000000 0.000000
  30 28.568398 -1.830770 -2.314867 0.014989 0.154002 -0.987957 0.000000 0.000000
rubbergloveCHROME.bmp
  30 28.568398 -1.830770 -2.314867 0.014989 0.154002 -0.987957 0.000000 0.000000
  30 28.370938 -1.685594 -2.309068 0.114769 0.153182 -0.981511 0.000000 0.000000
  30 28.426711 -1.627586 -2.258825 0.101598 0.337102 -0.935970 0.000000 0.000000
rubbergloveCHROME.bmp
  30 28.370938 -1.685594 -2.309068 0.114769 0.153182 -0.981511 0.000000 0.000000
  30 28.190117 -1.399801 -2.291029 0.121098 0.192407 -0.973815 0.000000 0.000000
  30 28.426711 -1.627586 -2.258825 0.101598 0.337102 -0.935970 0.000000 0.000000
rubbergloveCHROME.bmp
  30 28.426711 -1.627586 -2.258825 0.101598 0.337102 -0.935970 0.000000 0.000000
  30 28.190117 -1.399801 -2.291029 0.121098 0.192407 -0.973815 0.000000 0.000000
  30 28.326836 -1.324234 -2.217561 0.218132 0.289721 -0.931923 0.000000 0.000000
rubbergloveCHROME.bmp
  30 28.190117 -1.399801 -2.291029 0.121098 0.192407 -0.973815 0.000000 0.000000
  29 28.116105 -1.252683 -2.268219 0.064833 0.215915 -0.974257 0.000000 0.000000
  30 28.326836 -1.324234 -2.217561 0.218132 0.289721 -0.931923 0.000000 0.000000
rubbergloveCHROME.bmp
  30 28.326836 -1.324234 -2.217561 0.218132 0.289721 -0.931923 0.000000 0.000000
  29 28.116105 -1.252683 -2.268219 0.064833 0.215915 -0.974257 0.000000 0.000000
  29 28.194379 -1.160854 -2.186729 0.196023 0.328858 -0.923811 0.000000 0.000000
rubbergloveCHROME.bmp
  29 28.116105 -1.252683 -2.268219 0.064833 0.215915 -0.974257 0.000000 0.000000
  29 27.995391 -1.078924 -2.237633 0.215215 0.293400 -0.931450 0.000000 0.000000
  29 28.194379 -1.160854 -2.186729 0.196023 0.328858 -0.923811 0.000000 0.000000
rubbergloveCHROME.bmp
  29 28.194379 -1.160854 -2.186729 0.196023 0.328858 -0.923811 0.000000 0.000000
  29 27.995391 -1.078924 -2.237633 0.215215 0.293400 -0.931450 0.000000 0.000000
  29 28.074844 -1.002154 -2.147668 0.163532 0.252434 -0.953695 0.000000 0.000000
rubbergloveCHROME.bmp
  29 27.995391 -1.078924 -2.237633 0.215215 0.293400 -0.931450 0.000000 0.000000
  29 27.936628 -0.797535 -2.142409 0.181126 0.201637 -0.962567 0.000000 0.000000
  29 28.074844 -1.002154 -2.147668 0.163532 0.252434 -0.953695 0.000000 0.000000
rubbergloveCHROME.bmp
  26 28.456189 -1.121078 -0.202103 0.402843 0.437539 0.803914 0.000000 0.000000
  26 28.571746 -1.035802 -0.431830 0.579443 0.703588 0.411351 0.000000 0.000000
  26 28.362043 -0.879866 -0.407171 0.579443 0.703588 0.411351 0.000000 0.000000
rubbergloveCHROME.bmp
  26 28.362043 -0.879866 -0.407171 0.579443 0.703588 0.411351 0.000000 0.000000
  26 28.571746 -1.035802 -0.431830 0.579443 0.703588 0.411351 0.000000 0.000000
  26 28.415593 -0.846169 -0.627164 0.598600 0.767986 0.227763 0.000000 0.000000
rubbergloveCHROME.bmp
  26 28.571746 -1.035802 -0.431830 0.579443 0.703588 0.411351 0.000000 0.000000
  26 28.618305 -0.995759 -0.621642 0.646905 0.743201 0.170779 0.000000 0.000000
  26 28.415593 -0.846169 -0.627164 0.598600 0.767986 0.227763 0.000000 0.000000
rubbergloveCHROME.bmp
  26 28.415593 -0.846169 -0.627164 0.598600 0.767986 0.227763 0.000000 0.000000
  26 28.618305 -0.995759 -0.621642 0.646905 0.743201 0.170779 0.000000 0.000000
  26 28.441746 -0.814850 -0.756914 0.634904 0.772550 0.007995 0.000000 0.000000
rubbergloveCHROME.bmp
  26 28.618305 -0.995759 -0.621642 0.646905 0.743201 0.170779 0.000000 0.000000
  26 28.623900 -0.986289 -0.751562 0.675924 0.736336 -0.030582 0.000000 0.000000
  26 28.441746 -0.814850 -0.756914 0.634904 0.772550 0.007995 0.000000 0.000000
rubbergloveCHROME.bmp
  26 28.441746 -0.814850 -0.756914 0.634904 0.772550 0.007995 0.000000 0.000000
  26 28.623900 -0.986289 -0.751562 0.675924 0.736336 -0.030582 0.000000 0.000000
  26 28.608301 -1.010949 -0.991871 0.607861 0.631873 -0.480875 0.000000 0.000000
rubbergloveCHROME.bmp
  26 28.623900 -0.986289 -0.751562 0.675924 0.736336 -0.030582 0.000000 0.000000
  26 28.820328 -1.170925 -0.776575 0.773357 0.621855 -0.123348 0.000000 0.000000
  26 28.608301 -1.010949 -0.991871 0.607861 0.631873 -0.480875 0.000000 0.000000
rubbergloveCHROME.bmp
  26 28.608301 -1.010949 -0.991871 0.607861 0.631873 -0.480875 0.000000 0.000000
  26 28.820328 -1.170925 -0.776575 0.773357 0.621855 -0.123348 0.000000 0.000000
  26 28.748425 -1.211109 -1.036604 0.533937 0.342752 -0.772938 0.000000 0.000000
rubbergloveCHROME.bmp
  26 28.820328 -1.170925 -0.776575 0.773357 0.621855 -0.123348 0.000000 0.000000
  26 28.808263 -1.308822 -1.008823 0.667945 0.343728 -0.660077 0.000000 0.000000
  26 28.748425 -1.211109 -1.036604 0.533937 0.342752 -0.772938 0.000000 0.000000
rubbergloveCHROME.bmp
  27 29.054757 -2.103423 -0.284444 0.367972 0.161066 0.915781 0.000000 0.000000
  27 29.309972 -2.327480 -0.340696 0.410047 -0.185224 0.893059 0.000000 0.000000
  27 29.132041 -2.025076 -0.293875 0.296536 0.137197 0.945116 0.000000 0.000000
rubbergloveCHROME.bmp
  27 29.132041 -2.025076 -0.293875 0.296536 0.137197 0.945116 0.000000 0.000000
  27 29.309972 -2.327480 -0.340696 0.410047 -0.185224 0.893059 0.000000 0.000000
  27 29.408624 -2.242287 -0.330215 0.507051 -0.100231 0.856068 0.000000 0.000000
rubbergloveCHROME.bmp
  27 29.309972 -2.327480 -0.340696 0.410047 -0.185224 0.893059 0.000000 0.000000
  27 29.394093 -2.353798 -0.431970 0.667096 -0.510271 0.542777 0.000000 0.000000
  27 29.408624 -2.242287 -0.330215 0.507051 -0.100231 0.856068 0.000000 0.000000
rubbergloveCHROME.bmp
  27 29.408624 -2.242287 -0.330215 0.507051 -0.100231 0.856068 0.000000 0.000000
  27 29.394093 -2.353798 -0.431970 0.667096 -0.510271 0.542777 0.000000 0.000000
  27 29.492649 -2.268437 -0.431487 0.792769 -0.328948 0.513138 0.000000 0.000000
rubbergloveCHROME.bmp
  27 29.394093 -2.353798 -0.431970 0.667096 -0.510271 0.542777 0.000000 0.000000
  27 29.435452 -2.351724 -0.542356 0.872831 -0.378278 0.308336 0.000000 0.000000
  27 29.492649 -2.268437 -0.431487 0.792769 -0.328948 0.513138 0.000000 0.000000
rubbergloveCHROME.bmp
  27 29.492649 -2.268437 -0.431487 0.792769 -0.328948 0.513138 0.000000 0.000000
  27 29.435452 -2.351724 -0.542356 0.872831 -0.378278 0.308336 0.000000 0.000000
  27 29.534298 -2.266867 -0.511879 0.937436 -0.268259 0.221923 0.000000 0.000000
rubbergloveCHROME.bmp
  27 29.435452 -2.351724 -0.542356 0.872831 -0.378278 0.308336 0.000000 0.000000
  27 29.476255 -2.334668 -0.702494 0.935164 -0.344551 0.082173 0.000000 0.000000
  27 29.534298 -2.266867 -0.511879 0.937436 -0.268259 0.221923 0.000000 0.000000
rubbergloveCHROME.bmp
  27 29.534298 -2.266867 -0.511879 0.937436 -0.268259 0.221923 0.000000 0.000000
  27 29.476255 -2.334668 -0.702494 0.935164 -0.344551 0.082173 0.000000 0.000000
  27 29.574641 -2.234998 -0.711771 0.957435 -0.288386 0.012307 0.000000 0.000000
rubbergloveCHROME.bmp
  27 29.476255 -2.334668 -0.702494 0.935164 -0.344551 0.082173 0.000000 0.000000
  27 29.482031 -2.325373 -0.832418 0.936295 -0.320740 -0.143101 0.000000 0.000000
  27 29.574641 -2.234998 -0.711771 0.957435 -0.288386 0.012307 0.000000 0.000000
rubbergloveCHROME.bmp
  23 28.201342 -1.322971 1.154268 0.191736 0.322881 0.926815 0.000000 0.000000
  23 28.412971 -1.416465 1.049521 0.554691 0.624112 0.550274 0.000000 0.000000
  23 28.246147 -1.238238 1.051736 0.554691 0.624112 0.550274 0.000000 0.000000
rubbergloveCHROME.bmp
  23 28.246147 -1.238238 1.051736 0.554691 0.624112 0.550274 0.000000 0.000000
  23 28.412971 -1.416465 1.049521 0.554691 0.624112 0.550274 0.000000 0.000000
  23 28.356809 -1.209598 0.851652 0.636171 0.702169 0.319759 0.000000 0.000000
rubbergloveCHROME.bmp
  23 28.412971 -1.416465 1.049521 0.554691 0.624112 0.550274 0.000000 0.000000
  23 28.503870 -1.343780 0.873299 0.664710 0.681988 0.305045 0.000000 0.000000
  23 28.356809 -1.209598 0.851652 0.636171 0.702169 0.319759 0.000000 0.000000
rubbergloveCHROME.bmp
  23 28.356809 -1.209598 0.851652 0.636171 0.702169 0.319759 0.000000 0.000000
  23 28.503870 -1.343780 0.873299 0.664710 0.681988 0.305045 0.000000 0.000000
  23 28.423908 -1.209600 0.668355 0.630710 0.749608 0.200730 0.000000 0.000000
rubbergloveCHROME.bmp
  23 28.503870 -1.343780 0.873299 0.664710 0.681988 0.305045 0.000000 0.000000
  23 28.607036 -1.335758 0.684110 0.674730 0.717173 0.174363 0.000000 0.000000
  23 28.423908 -1.209600 0.668355 0.630710 0.749608 0.200730 0.000000 0.000000
rubbergloveCHROME.bmp
  23 28.423908 -1.209600 0.668355 0.630710 0.749608 0.200730 0.000000 0.000000
  23 28.607036 -1.335758 0.684110 0.674730 0.717173 0.174363 0.000000 0.000000
  23 28.477575 -1.224411 0.484506 0.682109 0.662550 -0.309444 0.000000 0.000000
rubbergloveCHROME.bmp
  23 28.607036 -1.335758 0.684110 0.674730 0.717173 0.174363 0.000000 0.000000
  23 28.614649 -1.350212 0.524319 0.697031 0.593484 -0.402398 0.000000 0.000000
  23 28.477575 -1.224411 0.484506 0.682109 0.662550 -0.309444 0.000000 0.000000
rubbergloveCHROME.bmp
  23 28.477575 -1.224411 0.484506 0.682109 0.662550 -0.309444 0.000000 0.000000
  23 28.614649 -1.350212 0.524319 0.697031 0.593484 -0.402398 0.000000 0.000000
  23 28.408577 -1.306910 0.391054 0.639641 0.562833 -0.523525 0.000000 0.000000
rubbergloveCHROME.bmp
  23 28.614649 -1.350212 0.524319 0.697031 0.593484 -0.402398 0.000000 0.000000
  23 28.588262 -1.456257 0.388091 0.664885 0.598086 -0.447460 0.000000 0.000000
  23 28.408577 -1.306910 0.391054 0.639641 0.562833 -0.523525 0.000000 0.000000
rubbergloveCHROME.bmp
  24 29.305178 -2.317418 0.814246 0.905312 -0.416691 0.082336 0.000000 0.000000
  24 29.279335 -2.156866 0.867680 0.893365 0.285209 0.347211 0.000000 0.000000
  24 29.281008 -2.353197 0.895090 0.794672 -0.584533 0.163758 0.000000 0.000000
rubbergloveCHROME.bmp
  24 29.281008 -2.353197 0.895090 0.794672 -0.584533 0.163758 0.000000 0.000000
  24 29.279335 -2.156866 0.867680 0.893365 0.285209 0.347211 0.000000 0.000000
  24 29.226153 -2.195118 1.005551 0.863223 0.206425 0.460690 0.000000 0.000000
rubbergloveCHROME.bmp
  24 29.279335 -2.156866 0.867680 0.893365 0.285209 0.347211 0.000000 0.000000
  24 29.061681 -1.981200 0.964466 0.713149 0.565133 0.414780 0.000000 0.000000
  24 29.226153 -2.195118 1.005551 0.863223 0.206425 0.460690 0.000000 0.000000
rubbergloveCHROME.bmp
  24 29.226153 -2.195118 1.005551 0.863223 0.206425 0.460690 0.000000 0.000000
  24 29.061681 -1.981200 0.964466 0.713149 0.565133 0.414780 0.000000 0.000000
  24 29.151414 -2.198731 1.137464 0.775749 0.273659 0.568616 0.000000 0.000000
rubbergloveCHROME.bmp
  24 29.061681 -1.981200 0.964466 0.713149 0.565133 0.414780 0.000000 0.000000
  24 28.987301 -1.987378 1.147304 0.695220 0.526419 0.489441 0.000000 0.000000
  24 29.151414 -2.198731 1.137464 0.775749 0.273659 0.568616 0.000000 0.000000
rubbergloveCHROME.bmp
  24 29.151414 -2.198731 1.137464 0.775749 0.273659 0.568616 0.000000 0.000000
  24 28.987301 -1.987378 1.147304 0.695220 0.526419 0.489441 0.000000 0.000000
  24 29.057333 -2.224902 1.258559 0.635772 0.216674 0.740841 0.000000 0.000000
rubbergloveCHROME.bmp
  24 28.987301 -1.987378 1.147304 0.695220 0.526419 0.489441 0.000000 0.000000
  24 28.925510 -2.029441 1.243806 0.544121 0.433524 0.718324 0.000000 0.000000
  24 29.057333 -2.224902 1.258559 0.635772 0.216674 0.740841 0.000000 0.000000
rubbergloveCHROME.bmp
  24 29.057333 -2.224902 1.258559 0.635772 0.216674 0.740841 0.000000 0.000000
  24 28.925510 -2.029441 1.243806 0.544121 0.433524 0.718324 0.000000 0.000000
  24 28.862658 -2.110336 1.303013 0.056993 -0.014620 0.998268 0.000000 0.000000
rubbergloveCHROME.bmp
  24 28.925510 -2.029441 1.243806 0.544121 0.433524 0.718324 0.000000 0.000000
  24 28.676989 -1.864344 1.306895 -0.026789 0.111999 0.993347 0.000000 0.000000
  24 28.862658 -2.110336 1.303013 0.056993 -0.014620 0.998268 0.000000 0.000000
rubbergloveCHROME.bmp
  18 -26.041249 -1.571402 -3.055630 -0.644365 -0.748610 -0.156131 0.000000 0.000000
  18 -26.077594 -1.453535 -3.072550 -0.910088 0.015046 -0.414142 0.000000 0.000000
  18 -25.991860 -1.569906 -3.169025 -0.602210 -0.718767 -0.347443 0.000000 0.000000
rubbergloveCHROME.bmp
  18 -25.991860 -1.569906 -3.169025 -0.602210 -0.718767 -0.347443 0.000000 0.000000
  18 -26.077594 -1.453535 -3.072550 -0.910088 0.015046 -0.414142 0.000000 0.000000
  18 -25.942134 -1.482205 -3.244098 -0.714243 0.003408 -0.699890 0.000000 0.000000
rubbergloveCHROME.bmp
  18 -26.077594 -1.453535 -3.072550 -0.910088 0.015046 -0.414142 0.000000 0.000000
  18 -25.973213 -1.266222 -3.061655 -0.718564 0.542970 -0.434567 0.000000 0.000000
  18 -25.942134 -1.482205 -3.244098 -0.714243 0.003408 -0.699890 0.000000 0.000000
rubbergloveCHROME.bmp
  18 -25.942134 -1.482205 -3.244098 -0.714243 0.003408 -0.699890 0.000000 0.000000
  18 -25.973213 -1.266222 -3.061655 -0.718564 0.542970 -0.434567 0.000000 0.000000
  18 -25.828381 -1.300114 -3.242417 -0.559303 0.436089 -0.704987 0.000000 0.000000
rubbergloveCHROME.bmp
  18 -25.973213 -1.266222 -3.061655 -0.718564 0.542970 -0.434567 0.000000 0.000000
  18 -25.821163 -1.059409 -3.035031 -0.718564 0.542970 -0.434567 0.000000 0.000000
  18 -25.828381 -1.300114 -3.242417 -0.559303 0.436089 -0.704987 0.000000 0.000000
rubbergloveCHROME.bmp
  18 -25.828381 -1.300114 -3.242417 -0.559303 0.436089 -0.704987 0.000000 0.000000
  18 -25.821163 -1.059409 -3.035031 -0.718564 0.542970 -0.434567 0.000000 0.000000
  18 -25.655862 -1.086924 -3.209440 -0.587117 0.461140 -0.665315 0.000000 0.000000
rubbergloveCHROME.bmp
  18 -25.821163 -1.059409 -3.035031 -0.718564 0.542970 -0.434567 0.000000 0.000000
  18 -25.631648 -0.786239 -2.975341 -0.340487 0.884865 -0.317934 0.000000 0.000000
  18 -25.655862 -1.086924 -3.209440 -0.587117 0.461140 -0.665315 0.000000 0.000000
rubbergloveCHROME.bmp
  18 -25.655862 -1.086924 -3.209440 -0.587117 0.461140 -0.665315 0.000000 0.000000
  18 -25.631648 -0.786239 -2.975341 -0.340487 0.884865 -0.317934 0.000000 0.000000
  18 -25.502835 -0.808815 -3.178804 -0.278811 0.799592 -0.531899 0.000000 0.000000
rubbergloveCHROME.bmp
  12 -27.196204 -2.537085 -0.523145 -0.242405 -0.911467 0.332366 0.000000 0.000000
  12 -27.336820 -2.492910 -0.583774 -0.356345 -0.909764 0.212949 0.000000 0.000000
  12 -27.230457 -2.527977 -0.633344 -0.371548 -0.918918 0.132444 0.000000 0.000000
rubbergloveCHROME.bmp
  12 -27.230457 -2.527977 -0.633344 -0.371548 -0.918918 0.132444 0.000000 0.000000
  12 -27.336820 -2.492910 -0.583774 -0.356345 -0.909764 0.212949 0.000000 0.000000
  12 -27.264781 -2.533010 -0.743782 -0.269806 -0.962637 -0.023108 0.000000 0.000000
rubbergloveCHROME.bmp
  12 -27.336820 -2.492910 -0.583774 -0.356345 -0.909764 0.212949 0.000000 0.000000
  12 -27.363891 -2.518685 -0.724496 -0.370955 -0.926645 0.061001 0.000000 0.000000
  12 -27.264781 -2.533010 -0.743782 -0.269806 -0.962637 -0.023108 0.000000 0.000000
rubbergloveCHROME.bmp
  12 -27.264781 -2.533010 -0.743782 -0.269806 -0.962637 -0.023108 0.000000 0.000000
  12 -27.363891 -2.518685 -0.724496 -0.370955 -0.926645 0.061001 0.000000 0.000000
  12 -27.377258 -2.517264 -0.804617 -0.426433 -0.892256 -0.148437 0.000000 0.000000
rubbergloveCHROME.bmp
  12 -27.363891 -2.518685 -0.724496 -0.370955 -0.926645 0.061001 0.000000 0.000000
  12 -27.526434 -2.426591 -0.684513 -0.856729 -0.500649 0.123958 0.000000 0.000000
  12 -27.377258 -2.517264 -0.804617 -0.426433 -0.892256 -0.148437 0.000000 0.000000
rubbergloveCHROME.bmp
  12 -27.377258 -2.517264 -0.804617 -0.426433 -0.892256 -0.148437 0.000000 0.000000
  12 -27.526434 -2.426591 -0.684513 -0.856729 -0.500649 0.123958 0.000000 0.000000
  12 -27.525200 -2.410432 -0.804251 -0.948974 -0.301893 -0.091158 0.000000 0.000000
rubbergloveCHROME.bmp
  12 -27.526434 -2.426591 -0.684513 -0.856729 -0.500649 0.123958 0.000000 0.000000
  12 -27.504631 -2.348597 -0.702993 -0.935165 -0.344549 0.082173 0.000000 0.000000
  12 -27.525200 -2.410432 -0.804251 -0.948974 -0.301893 -0.091158 0.000000 0.000000
rubbergloveCHROME.bmp
  12 -27.525200 -2.410432 -0.804251 -0.948974 -0.301893 -0.091158 0.000000 0.000000
  12 -27.504631 -2.348597 -0.702993 -0.935165 -0.344549 0.082173 0.000000 0.000000
  12 -27.503325 -2.318298 -0.822493 -0.936294 -0.320742 -0.143101 0.000000 0.000000
rubbergloveCHROME.bmp
  9 -26.731036 -1.628798 0.432760 -0.214756 0.872097 -0.439690 0.000000 0.000000
  9 -26.803646 -1.577391 0.519276 -0.333588 0.753941 -0.565943 0.000000 0.000000
  8 -26.557568 -1.455958 0.404141 -0.664880 0.598094 -0.447458 0.000000 0.000000
rubbergloveCHROME.bmp
  8 -26.557568 -1.455958 0.404141 -0.664880 0.598094 -0.447458 0.000000 0.000000
  9 -26.803646 -1.577391 0.519276 -0.333588 0.753941 -0.565943 0.000000 0.000000
  8 -26.625996 -1.359389 0.496293 -0.697025 0.593493 -0.402395 0.000000 0.000000
rubbergloveCHROME.bmp
  9 -26.803646 -1.577391 0.519276 -0.333588 0.753941 -0.565943 0.000000 0.000000
  9 -26.814883 -1.549689 0.589321 -0.154345 0.976788 -0.148538 0.000000 0.000000
  8 -26.625996 -1.359389 0.496293 -0.697025 0.593493 -0.402395 0.000000 0.000000
rubbergloveCHROME.bmp
  8 -26.625996 -1.359389 0.496293 -0.697025 0.593493 -0.402395 0.000000 0.000000
  9 -26.814883 -1.549689 0.589321 -0.154345 0.976788 -0.148538 0.000000 0.000000
  8 -26.591694 -1.335578 0.692141 -0.674722 0.717180 0.174363 0.000000 0.000000
rubbergloveCHROME.bmp
  9 -26.814883 -1.549689 0.589321 -0.154345 0.976788 -0.148538 0.000000 0.000000
  9 -26.759701 -1.544829 0.733305 -0.255723 0.956068 0.143316 0.000000 0.000000
  8 -26.591694 -1.335578 0.692141 -0.674722 0.717180 0.174363 0.000000 0.000000
rubbergloveCHROME.bmp
  8 -26.591694 -1.335578 0.692141 -0.674722 0.717180 0.174363 0.000000 0.000000
  9 -26.759701 -1.544829 0.733305 -0.255723 0.956068 0.143316 0.000000 0.000000
  8 -26.506581 -1.345433 0.853568 -0.645522 0.695277 0.316057 0.000000 0.000000
rubbergloveCHROME.bmp
  9 -26.759701 -1.544829 0.733305 -0.255723 0.956068 0.143316 0.000000 0.000000
  9 -26.675579 -1.568046 0.885898 -0.365065 0.879996 0.303866 0.000000 0.000000
  8 -26.506581 -1.345433 0.853568 -0.645522 0.695277 0.316057 0.000000 0.000000
rubbergloveCHROME.bmp
  8 -26.506581 -1.345433 0.853568 -0.645522 0.695277 0.316057 0.000000 0.000000
  9 -26.675579 -1.568046 0.885898 -0.365065 0.879996 0.303866 0.000000 0.000000
  8 -26.436360 -1.398285 1.081550 -0.554688 0.624113 0.550277 0.000000 0.000000
rubbergloveCHROME.bmp
  15 -26.697312 -1.580399 -1.485082 -0.011838 0.597127 0.802059 0.000000 0.000000
  15 -26.791070 -1.533979 -1.541248 -0.270311 0.867640 0.417293 0.000000 0.000000
  15 -26.736654 -1.591657 -1.450077 -0.116390 0.438883 0.890974 0.000000 0.000000
rubbergloveCHROME.bmp
  15 -26.736654 -1.591657 -1.450077 -0.116390 0.438883 0.890974 0.000000 0.000000
  15 -26.791070 -1.533979 -1.541248 -0.270311 0.867640 0.417293 0.000000 0.000000
  15 -26.900122 -1.817098 -1.500619 -0.499888 0.166928 0.849851 0.000000 0.000000
rubbergloveCHROME.bmp
  15 -26.791070 -1.533979 -1.541248 -0.270311 0.867640 0.417293 0.000000 0.000000
  15 -26.954279 -1.773492 -1.593169 -0.783901 0.459389 0.417686 0.000000 0.000000
  15 -26.900122 -1.817098 -1.500619 -0.499888 0.166928 0.849851 0.000000 0.000000
rubbergloveCHROME.bmp
  15 -26.900122 -1.817098 -1.500619 -0.499888 0.166928 0.849851 0.000000 0.000000
  15 -26.954279 -1.773492 -1.593169 -0.783901 0.459389 0.417686 0.000000 0.000000
  15 -27.043150 -2.007200 -1.545390 -0.524333 0.069242 0.848693 0.000000 0.000000
rubbergloveCHROME.bmp
  15 -26.954279 -1.773492 -1.593169 -0.783901 0.459389 0.417686 0.000000 0.000000
  15 -27.098132 -1.978655 -1.629427 -0.810004 0.383513 0.443634 0.000000 0.000000
  15 -27.043150 -2.007200 -1.545390 -0.524333 0.069242 0.848693 0.000000 0.000000
rubbergloveCHROME.bmp
  15 -27.043150 -2.007200 -1.545390 -0.524333 0.069242 0.848693 0.000000 0.000000
  15 -27.098132 -1.978655 -1.629427 -0.810004 0.383513 0.443634 0.000000 0.000000
  15 -27.127270 -2.223044 -1.606507 -0.573246 -0.291903 0.765625 0.000000 0.000000
rubbergloveCHROME.bmp
  15 -27.098132 -1.978655 -1.629427 -0.810004 0.383513 0.443634 0.000000 0.000000
  15 -27.197907 -2.167449 -1.679444 -0.891262 0.131662 0.433955 0.000000 0.000000
  15 -27.127270 -2.223044 -1.606507 -0.573246 -0.291903 0.765625 0.000000 0.000000
rubbergloveCHROME.bmp
  15 -27.127270 -2.223044 -1.606507 -0.573246 -0.291903 0.765625 0.000000 0.000000
  15 -27.197907 -2.167449 -1.679444 -0.891262 0.131662 0.433955 0.000000 0.000000
  15 -27.159489 -2.285811 -1.697184 -0.703157 -0.584837 0.404395 0.000000 0.000000
rubbergloveCHROME.bmp
  8 -26.063771 -1.455215 1.167203 -0.014631 0.031478 0.999397 0.000000 0.000000
  8 -25.648366 -1.494007 1.083335 0.445824 -0.305286 0.841452 0.000000 0.000000
  8 -25.868375 -1.264394 1.164415 -0.028516 0.202883 0.978788 0.000000 0.000000
rubbergloveCHROME.bmp
  8 -25.868375 -1.264394 1.164415 -0.028516 0.202883 0.978788 0.000000 0.000000
  8 -25.648366 -1.494007 1.083335 0.445824 -0.305286 0.841452 0.000000 0.000000
  8 -25.694304 -1.091192 1.115422 0.046480 0.224943 0.973263 0.000000 0.000000
rubbergloveCHROME.bmp
  8 -25.648366 -1.494007 1.083335 0.445824 -0.305286 0.841452 0.000000 0.000000
  8 -25.455672 -1.304901 1.060804 0.484045 -0.270720 0.832112 0.000000 0.000000
  8 -25.694304 -1.091192 1.115422 0.046480 0.224943 0.973263 0.000000 0.000000
rubbergloveCHROME.bmp
  8 -25.694304 -1.091192 1.115422 0.046480 0.224943 0.973263 0.000000 0.000000
  8 -25.455672 -1.304901 1.060804 0.484045 -0.270720 0.832112 0.000000 0.000000
  8 -25.597672 -0.989604 1.103507 -0.012084 0.072662 0.997283 0.000000 0.000000
rubbergloveCHROME.bmp
  8 -25.455672 -1.304901 1.060804 0.484045 -0.270720 0.832112 0.000000 0.000000
  8 -25.322823 -1.142697 1.028538 0.599170 -0.237511 0.764581 0.000000 0.000000
  8 -25.597672 -0.989604 1.103507 -0.012084 0.072662 0.997283 0.000000 0.000000
rubbergloveCHROME.bmp
  8 -25.597672 -0.989604 1.103507 -0.012084 0.072662 0.997283 0.000000 0.000000
  8 -25.322823 -1.142697 1.028538 0.599170 -0.237511 0.764581 0.000000 0.000000
  8 -25.246188 -0.950256 0.991208 0.445824 -0.305286 0.841452 0.000000 0.000000
rubbergloveCHROME.bmp
  8 -25.322823 -1.142697 1.028538 0.599170 -0.237511 0.764581 0.000000 0.000000
  8 -25.196594 -1.035446 0.860123 0.533750 -0.270975 0.801051 0.000000 0.000000
  8 -25.246188 -0.950256 0.991208 0.445824 -0.305286 0.841452 0.000000 0.000000
rubbergloveCHROME.bmp
  8 -25.246188 -0.950256 0.991208 0.445824 -0.305286 0.841452 0.000000 0.000000
  8 -25.196594 -1.035446 0.860123 0.533750 -0.270975 0.801051 0.000000 0.000000
  7 -25.030629 -0.867389 0.903861 0.408752 -0.385641 0.827165 0.000000 0.000000
rubbergloveCHROME.bmp
  30 28.564501 -1.658823 -1.458176 0.256866 0.383258 0.887205 0.000000 0.000000
  30 28.400468 -1.404248 -1.414768 0.450430 0.153653 0.879491 0.000000 0.000000
  30 28.567233 -1.689935 -1.431258 0.313754 0.341894 0.885814 0.000000 0.000000
rubbergloveCHROME.bmp
  30 28.567233 -1.689935 -1.431258 0.313754 0.341894 0.885814 0.000000 0.000000
  30 28.400468 -1.404248 -1.414768 0.450430 0.153653 0.879491 0.000000 0.000000
  30 28.317681 -1.475786 -1.321878 0.358173 0.063963 0.931462 0.000000 0.000000
rubbergloveCHROME.bmp
  30 28.400468 -1.404248 -1.414768 0.450430 0.153653 0.879491 0.000000 0.000000
  29 28.310185 -1.240475 -1.388512 0.424592 0.132077 0.895699 0.000000 0.000000
  30 28.317681 -1.475786 -1.321878 0.358173 0.063963 0.931462 0.000000 0.000000
rubbergloveCHROME.bmp
  30 28.317681 -1.475786 -1.321878 0.358173 0.063963 0.931462 0.000000 0.000000
  29 28.310185 -1.240475 -1.388512 0.424592 0.132077 0.895699 0.000000 0.000000
  29 28.200867 -1.314817 -1.292999 0.282612 -0.010448 0.959177 0.000000 0.000000
rubbergloveCHROME.bmp
  29 28.310185 -1.240475 -1.388512 0.424592 0.132077 0.895699 0.000000 0.000000
  29 28.161061 -1.025002 -1.350646 0.449863 0.216525 0.866453 0.000000 0.000000
  29 28.200867 -1.314817 -1.292999 0.282612 -0.010448 0.959177 0.000000 0.000000
rubbergloveCHROME.bmp
  29 28.200867 -1.314817 -1.292999 0.282612 -0.010448 0.959177 0.000000 0.000000
  29 28.161061 -1.025002 -1.350646 0.449863 0.216525 0.866453 0.000000 0.000000
  29 28.058821 -1.106255 -1.256598 0.281937 0.095724 0.954646 0.000000 0.000000
rubbergloveCHROME.bmp
  29 28.161061 -1.025002 -1.350646 0.449863 0.216525 0.866453 0.000000 0.000000
  29 28.024220 -0.863585 -1.339748 0.480754 0.279744 0.831035 0.000000 0.000000
  29 28.058821 -1.106255 -1.256598 0.281937 0.095724 0.954646 0.000000 0.000000
rubbergloveCHROME.bmp
  29 28.058821 -1.106255 -1.256598 0.281937 0.095724 0.954646 0.000000 0.000000
  29 28.024220 -0.863585 -1.339748 0.480754 0.279744 0.831035 0.000000 0.000000
  29 27.892780 -0.944347 -1.252564 0.281937 0.095724 0.954646 0.000000 0.000000
rubbergloveCHROME.bmp
  30 28.746514 -2.411423 -2.079034 0.020097 -0.956489 -0.291076 0.000000 0.000000
  30 28.614333 -2.419595 -2.115932 -0.208700 -0.837209 -0.505495 0.000000 0.000000
  30 28.674515 -2.310739 -2.222835 -0.274325 -0.736737 -0.618033 0.000000 0.000000
rubbergloveCHROME.bmp
  30 28.674515 -2.310739 -2.222835 -0.274325 -0.736737 -0.618033 0.000000 0.000000
  30 28.614333 -2.419595 -2.115932 -0.208700 -0.837209 -0.505495 0.000000 0.000000
  30 28.452594 -2.169472 -2.245078 -0.396233 -0.470696 -0.788318 0.000000 0.000000
rubbergloveCHROME.bmp
  30 28.614333 -2.419595 -2.115932 -0.208700 -0.837209 -0.505495 0.000000 0.000000
  30 28.328204 -2.269827 -2.140407 -0.466543 -0.598630 -0.651137 0.000000 0.000000
  30 28.452594 -2.169472 -2.245078 -0.396233 -0.470696 -0.788318 0.000000 0.000000
rubbergloveCHROME.bmp
  30 28.452594 -2.169472 -2.245078 -0.396233 -0.470696 -0.788318 0.000000 0.000000
  30 28.328204 -2.269827 -2.140407 -0.466543 -0.598630 -0.651137 0.000000 0.000000
  30 28.319601 -2.018726 -2.235668 -0.505478 -0.348200 -0.789461 0.000000 0.000000
rubbergloveCHROME.bmp
  30 28.328204 -2.269827 -2.140407 -0.466543 -0.598630 -0.651137 0.000000 0.000000
  30 28.210092 -2.134248 -2.124033 -0.686690 -0.559874 -0.463679 0.000000 0.000000
  30 28.319601 -2.018726 -2.235668 -0.505478 -0.348200 -0.789461 0.000000 0.000000
rubbergloveCHROME.bmp
  30 28.319601 -2.018726 -2.235668 -0.505478 -0.348200 -0.789461 0.000000 0.000000
  30 28.210092 -2.134248 -2.124033 -0.686690 -0.559874 -0.463679 0.000000 0.000000
  30 28.059649 -1.965202 -2.080555 -0.673423 -0.516017 -0.529365 0.000000 0.000000
rubbergloveCHROME.bmp
  30 28.210092 -2.134248 -2.124033 -0.686690 -0.559874 -0.463679 0.000000 0.000000
  30 28.026206 -2.042828 -1.862253 -0.768706 -0.634331 0.081948 0.000000 0.000000
  30 28.059649 -1.965202 -2.080555 -0.673423 -0.516017 -0.529365 0.000000 0.000000
rubbergloveCHROME.bmp
  30 28.059649 -1.965202 -2.080555 -0.673423 -0.516017 -0.529365 0.000000 0.000000
  30 28.026206 -2.042828 -1.862253 -0.768706 -0.634331 0.081948 0.000000 0.000000
  30 27.812587 -1.808990 -1.815492 -0.647624 -0.761923 -0.007451 0.000000 0.000000
rubbergloveCHROME.bmp
  26 28.441526 -1.154943 -1.142708 0.290010 0.245009 -0.925130 0.000000 0.000000
  26 28.311970 -1.541204 -1.127951 -0.164085 -0.425567 -0.889926 0.000000 0.000000
  26 28.145475 -1.425531 -1.154398 -0.329784 -0.410967 -0.849911 0.000000 0.000000
rubbergloveCHROME.bmp
  26 28.441526 -1.154943 -1.142708 0.290010 0.245009 -0.925130 0.000000 0.000000
  26 28.582037 -1.355776 -1.147449 0.330576 0.204952 -0.921257 0.000000 0.000000
  26 28.311970 -1.541204 -1.127951 -0.164085 -0.425567 -0.889926 0.000000 0.000000
rubbergloveCHROME.bmp
  26 28.441526 -1.154943 -1.142708 0.290010 0.245009 -0.925130 0.000000 0.000000
  26 28.644679 -1.291915 -1.046962 0.432350 0.258541 -0.863846 0.000000 0.000000
  26 28.582037 -1.355776 -1.147449 0.330576 0.204952 -0.921257 0.000000 0.000000
rubbergloveCHROME.bmp
  26 28.441526 -1.154943 -1.142708 0.290010 0.245009 -0.925130 0.000000 0.000000
  26 28.511020 -1.083799 -1.042165 0.347502 0.324308 -0.879811 0.000000 0.000000
  26 28.644679 -1.291915 -1.046962 0.432350 0.258541 -0.863846 0.000000 0.000000
rubbergloveCHROME.bmp
  26 28.441526 -1.154943 -1.142708 0.290010 0.245009 -0.925130 0.000000 0.000000
  26 28.336052 -0.919042 -1.057701 0.396258 0.388633 -0.831832 0.000000 0.000000
  26 28.511020 -1.083799 -1.042165 0.347502 0.324308 -0.879811 0.000000 0.000000
rubbergloveCHROME.bmp
  26 28.441526 -1.154943 -1.142708 0.290010 0.245009 -0.925130 0.000000 0.000000
  26 28.273174 -0.969107 -1.137950 0.308613 0.386311 -0.869208 0.000000 0.000000
  26 28.336052 -0.919042 -1.057701 0.396258 0.388633 -0.831832 0.000000 0.000000
rubbergloveCHROME.bmp
  26 28.441526 -1.154943 -1.142708 0.290010 0.245009 -0.925130 0.000000 0.000000
  26 27.984406 -1.246545 -1.149826 -0.174200 -0.202767 -0.963608 0.000000 0.000000
  26 28.273174 -0.969107 -1.137950 0.308613 0.386311 -0.869208 0.000000 0.000000
rubbergloveCHROME.bmp
  26 28.441526 -1.154943 -1.142708 0.290010 0.245009 -0.925130 0.000000 0.000000
  26 28.145475 -1.425531 -1.154398 -0.329784 -0.410967 -0.849911 0.000000 0.000000
  26 27.984406 -1.246545 -1.149826 -0.174200 -0.202767 -0.963608 0.000000 0.000000
rubbergloveCHROME.bmp
  24 29.162960 -2.445435 0.836293 0.589743 -0.796685 0.132274 0.000000 0.000000
  24 28.999890 -2.497415 0.838753 0.125100 -0.991771 0.027221 0.000000 0.000000
  24 29.020655 -2.501319 0.791281 0.110094 -0.981286 -0.157977 0.000000 0.000000
rubbergloveCHROME.bmp
  24 29.020655 -2.501319 0.791281 0.110094 -0.981286 -0.157977 0.000000 0.000000
  24 28.999890 -2.497415 0.838753 0.125100 -0.991771 0.027221 0.000000 0.000000
  24 28.923930 -2.504853 0.768221 0.040197 -0.991409 -0.124471 0.000000 0.000000
rubbergloveCHROME.bmp
  24 28.999890 -2.497415 0.838753 0.125100 -0.991771 0.027221 0.000000 0.000000
  24 28.931905 -2.505314 0.921310 0.110960 -0.969156 0.220055 0.000000 0.000000
  24 28.923930 -2.504853 0.768221 0.040197 -0.991409 -0.124471 0.000000 0.000000
rubbergloveCHROME.bmp
  24 28.923930 -2.504853 0.768221 0.040197 -0.991409 -0.124471 0.000000 0.000000
  24 28.931905 -2.505314 0.921310 0.110960 -0.969156 0.220055 0.000000 0.000000
  24 28.812921 -2.515607 0.905921 -0.062198 -0.951871 0.300122 0.000000 0.000000
rubbergloveCHROME.bmp
  24 28.931905 -2.505314 0.921310 0.110960 -0.969156 0.220055 0.000000 0.000000
  24 28.808507 -2.447741 1.031120 -0.194828 -0.802834 0.563471 0.000000 0.000000
  24 28.812921 -2.515607 0.905921 -0.062198 -0.951871 0.300122 0.000000 0.000000
rubbergloveCHROME.bmp
  24 28.812921 -2.515607 0.905921 -0.062198 -0.951871 0.300122 0.000000 0.000000
  24 28.808507 -2.447741 1.031120 -0.194828 -0.802834 0.563471 0.000000 0.000000
  24 28.629266 -2.359254 1.019168 -0.392123 -0.669732 0.630634 0.000000 0.000000
rubbergloveCHROME.bmp
  24 28.808507 -2.447741 1.031120 -0.194828 -0.802834 0.563471 0.000000 0.000000
  24 28.663121 -2.327359 1.132467 -0.390394 -0.596212 0.701515 0.000000 0.000000
  24 28.629266 -2.359254 1.019168 -0.392123 -0.669732 0.630634 0.000000 0.000000
rubbergloveCHROME.bmp
  24 28.629266 -2.359254 1.019168 -0.392123 -0.669732 0.630634 0.000000 0.000000
  24 28.663121 -2.327359 1.132467 -0.390394 -0.596212 0.701515 0.000000 0.000000
  24 28.445666 -2.119250 1.115028 -0.463517 -0.527439 0.712011 0.000000 0.000000
rubbergloveCHROME.bmp
  24 28.595066 -1.879387 0.273811 0.039147 -0.179668 -0.982948 0.000000 0.000000
  24 28.890356 -1.832524 0.350672 0.557608 0.367746 -0.744202 0.000000 0.000000
  24 28.725809 -2.004424 0.282300 -0.010150 -0.308243 -0.951253 0.000000 0.000000
rubbergloveCHROME.bmp
  24 28.725809 -2.004424 0.282300 -0.010150 -0.308243 -0.951253 0.000000 0.000000
  24 28.890356 -1.832524 0.350672 0.557608 0.367746 -0.744202 0.000000 0.000000
  24 28.865375 -2.139734 0.333411 0.065119 -0.300328 -0.951611 0.000000 0.000000
rubbergloveCHROME.bmp
  24 28.890356 -1.832524 0.350672 0.557608 0.367746 -0.744202 0.000000 0.000000
  24 29.096861 -2.045295 0.397409 0.677437 0.245432 -0.693428 0.000000 0.000000
  24 28.865375 -2.139734 0.333411 0.065119 -0.300328 -0.951611 0.000000 0.000000
rubbergloveCHROME.bmp
  24 28.865375 -2.139734 0.333411 0.065119 -0.300328 -0.951611 0.000000 0.000000
  24 29.096861 -2.045295 0.397409 0.677437 0.245432 -0.693428 0.000000 0.000000
  24 29.022446 -2.307111 0.420093 0.109539 -0.559979 -0.821234 0.000000 0.000000
rubbergloveCHROME.bmp
  24 29.096861 -2.045295 0.397409 0.677437 0.245432 -0.693428 0.000000 0.000000
  24 29.176636 -2.265780 0.538909 0.810192 -0.138832 -0.569486 0.000000 0.000000
  24 29.022446 -2.307111 0.420093 0.109539 -0.559979 -0.821234 0.000000 0.000000
rubbergloveCHROME.bmp
  24 29.022446 -2.307111 0.420093 0.109539 -0.559979 -0.821234 0.000000 0.000000
  24 29.176636 -2.265780 0.538909 0.810192 -0.138832 -0.569486 0.000000 0.000000
  24 29.081510 -2.440041 0.591677 0.307748 -0.843281 -0.440645 0.000000 0.000000
rubbergloveCHROME.bmp
  24 29.176636 -2.265780 0.538909 0.810192 -0.138832 -0.569486 0.000000 0.000000
  24 29.208238 -2.369597 0.643424 0.880686 -0.424529 -0.210161 0.000000 0.000000
  24 29.081510 -2.440041 0.591677 0.307748 -0.843281 -0.440645 0.000000 0.000000
rubbergloveCHROME.bmp
  24 29.081510 -2.440041 0.591677 0.307748 -0.843281 -0.440645 0.000000 0.000000
  24 29.208238 -2.369597 0.643424 0.880686 -0.424529 -0.210161 0.000000 0.000000
  24 29.198296 -2.419079 0.727404 0.756824 -0.653254 0.021838 0.000000 0.000000
rubbergloveCHROME.bmp
  21 26.268746 -1.161296 2.482318 0.331661 -0.332894 0.882713 0.000000 0.000000
  21 26.408852 -1.089910 2.445245 0.544152 -0.234840 0.805450 0.000000 0.000000
  21 26.206889 -1.052959 2.532685 0.107024 0.107484 0.988430 0.000000 0.000000
rubbergloveCHROME.bmp
  21 26.206889 -1.052959 2.532685 0.107024 0.107484 0.988430 0.000000 0.000000
  21 26.408852 -1.089910 2.445245 0.544152 -0.234840 0.805450 0.000000 0.000000
  21 26.397039 -0.915568 2.474661 0.318871 0.367090 0.873823 0.000000 0.000000
rubbergloveCHROME.bmp
  21 26.408852 -1.089910 2.445245 0.544152 -0.234840 0.805450 0.000000 0.000000
  21 26.510701 -0.992158 2.352125 0.796177 -0.039623 0.603765 0.000000 0.000000
  21 26.397039 -0.915568 2.474661 0.318871 0.367090 0.873823 0.000000 0.000000
rubbergloveCHROME.bmp
  21 26.397039 -0.915568 2.474661 0.318871 0.367090 0.873823 0.000000 0.000000
  21 26.510701 -0.992158 2.352125 0.796177 -0.039623 0.603765 0.000000 0.000000
  21 26.496442 -0.824317 2.340899 0.694550 0.462234 0.551308 0.000000 0.000000
rubbergloveCHROME.bmp
  21 26.510701 -0.992158 2.352125 0.796177 -0.039623 0.603765 0.000000 0.000000
  21 26.541620 -1.038027 2.286246 0.931611 -0.278560 0.233464 0.000000 0.000000
  21 26.496442 -0.824317 2.340899 0.694550 0.462234 0.551308 0.000000 0.000000
rubbergloveCHROME.bmp
  21 26.496442 -0.824317 2.340899 0.694550 0.462234 0.551308 0.000000 0.000000
  21 26.541620 -1.038027 2.286246 0.931611 -0.278560 0.233464 0.000000 0.000000
  21 26.567501 -0.880497 2.185675 0.962227 0.202553 0.181909 0.000000 0.000000
rubbergloveCHROME.bmp
  21 26.541620 -1.038027 2.286246 0.931611 -0.278560 0.233464 0.000000 0.000000
  21 26.515124 -1.030498 2.227584 0.926505 -0.356563 0.120212 0.000000 0.000000
  21 26.567501 -0.880497 2.185675 0.962227 0.202553 0.181909 0.000000 0.000000
rubbergloveCHROME.bmp
  21 26.567501 -0.880497 2.185675 0.962227 0.202553 0.181909 0.000000 0.000000
  21 26.515124 -1.030498 2.227584 0.926505 -0.356563 0.120212 0.000000 0.000000
  21 26.567346 -0.897611 2.117067 0.994058 0.088561 0.063292 0.000000 0.000000
rubbergloveCHROME.bmp
  21 26.515124 -1.030498 2.227584 0.926505 -0.356563 0.120212 0.000000 0.000000
  21 26.537727 -1.081749 2.163067 0.904537 -0.397391 0.154572 0.000000 0.000000
  21 26.567346 -0.897611 2.117067 0.994058 0.088561 0.063292 0.000000 0.000000
rubbergloveCHROME.bmp
  21 26.567346 -0.897611 2.117067 0.994058 0.088561 0.063292 0.000000 0.000000
  21 26.537727 -1.081749 2.163067 0.904537 -0.397391 0.154572 0.000000 0.000000
  21 26.592767 -0.935831 2.047835 0.999624 -0.019810 0.018951 0.000000 0.000000
rubbergloveCHROME.bmp
  21 26.537727 -1.081749 2.163067 0.904537 -0.397391 0.154572 0.000000 0.000000
  21 26.510546 -1.114979 2.012545 0.811371 -0.530092 -0.246334 0.000000 0.000000
  21 26.592767 -0.935831 2.047835 0.999624 -0.019810 0.018951 0.000000 0.000000
rubbergloveCHROME.bmp
  21 26.592767 -0.935831 2.047835 0.999624 -0.019810 0.018951 0.000000 0.000000
  21 26.510546 -1.114979 2.012545 0.811371 -0.530092 -0.246334 0.000000 0.000000
  21 26.544371 -0.958598 1.955969 0.894634 -0.286374 -0.342958 0.000000 0.000000
rubbergloveCHROME.bmp
  21 26.510546 -1.114979 2.012545 0.811371 -0.530092 -0.246334 0.000000 0.000000
  21 26.396287 -0.995637 1.786265 0.735631 -0.439822 -0.515174 0.000000 0.000000
  21 26.544371 -0.958598 1.955969 0.894634 -0.286374 -0.342958 0.000000 0.000000
rubbergloveCHROME.bmp
  21 26.544371 -0.958598 1.955969 0.894634 -0.286374 -0.342958 0.000000 0.000000
  21 26.396287 -0.995637 1.786265 0.735631 -0.439822 -0.515174 0.000000 0.000000
  21 26.523261 -0.881224 1.839060 0.858349 -0.137312 -0.494350 0.000000 0.000000
rubbergloveCHROME.bmp
  21 26.396287 -0.995637 1.786265 0.735631 -0.439822 -0.515174 0.000000 0.000000
  21 26.322939 -0.656629 1.576518 0.726165 -0.122188 -0.676576 0.000000 0.000000
  21 26.523261 -0.881224 1.839060 0.858349 -0.137312 -0.494350 0.000000 0.000000
rubbergloveCHROME.bmp
  21 25.557190 -1.031006 1.441351 -0.248916 -0.768714 -0.589168 0.000000 0.000000
  21 25.702898 -1.172573 1.625004 -0.151536 -0.857891 -0.490978 0.000000 0.000000
  21 25.516668 -1.155033 1.731825 -0.434607 -0.868849 -0.237104 0.000000 0.000000
rubbergloveCHROME.bmp
  21 25.516668 -1.155033 1.731825 -0.434607 -0.868849 -0.237104 0.000000 0.000000
  21 25.702898 -1.172573 1.625004 -0.151536 -0.857891 -0.490978 0.000000 0.000000
  21 25.808327 -1.337541 1.910783 -0.383795 -0.913662 -0.133878 0.000000 0.000000
rubbergloveCHROME.bmp
  21 25.702898 -1.172573 1.625004 -0.151536 -0.857891 -0.490978 0.000000 0.000000
  21 25.909525 -1.313746 1.888585 -0.022748 -0.929764 -0.367452 0.000000 0.000000
  21 25.808327 -1.337541 1.910783 -0.383795 -0.913662 -0.133878 0.000000 0.000000
rubbergloveCHROME.bmp
  21 25.808327 -1.337541 1.910783 -0.383795 -0.913662 -0.133878 0.000000 0.000000
  21 25.909525 -1.313746 1.888585 -0.022748 -0.929764 -0.367452 0.000000 0.000000
  21 25.960730 -1.405755 2.131510 -0.249401 -0.967578 -0.039896 0.000000 0.000000
rubbergloveCHROME.bmp
  21 25.909525 -1.313746 1.888585 -0.022748 -0.929764 -0.367452 0.000000 0.000000
  21 26.096196 -1.391152 2.061970 0.184364 -0.967650 -0.172228 0.000000 0.000000
  21 25.960730 -1.405755 2.131510 -0.249401 -0.967578 -0.039896 0.000000 0.000000
rubbergloveCHROME.bmp
  21 25.960730 -1.405755 2.131510 -0.249401 -0.967578 -0.039896 0.000000 0.000000
  21 26.096196 -1.391152 2.061970 0.184364 -0.967650 -0.172228 0.000000 0.000000
  21 25.995171 -1.414432 2.234167 -0.025789 -0.987807 0.153535 0.000000 0.000000
rubbergloveCHROME.bmp
  21 26.096196 -1.391152 2.061970 0.184364 -0.967650 -0.172228 0.000000 0.000000
  21 26.181088 -1.360493 2.261102 0.340006 -0.915991 0.212969 0.000000 0.000000
  21 25.995171 -1.414432 2.234167 -0.025789 -0.987807 0.153535 0.000000 0.000000
rubbergloveCHROME.bmp
  18 -25.631648 -0.786239 -2.975341 -0.340487 0.884865 -0.317934 0.000000 0.000000
  18 -25.821163 -1.059409 -3.035031 -0.718564 0.542970 -0.434567 0.000000 0.000000
  18 -25.700419 -0.762385 -2.809203 -0.535222 0.839877 -0.090247 0.000000 0.000000
rubbergloveCHROME.bmp
  18 -25.700419 -0.762385 -2.809203 -0.535222 0.839877 -0.090247 0.000000 0.000000
  18 -25.821163 -1.059409 -3.035031 -0.718564 0.542970 -0.434567 0.000000 0.000000
  18 -25.850804 -1.052465 -2.852074 -0.796932 0.583928 -0.154686 0.000000 0.000000
rubbergloveCHROME.bmp
  18 -25.821163 -1.059409 -3.035031 -0.718564 0.542970 -0.434567 0.000000 0.000000
  18 -25.973213 -1.266222 -3.061655 -0.718564 0.542970 -0.434567 0.000000 0.000000
  18 -25.850804 -1.052465 -2.852074 -0.796932 0.583928 -0.154686 0.000000 0.000000
rubbergloveCHROME.bmp
  18 -25.850804 -1.052465 -2.852074 -0.796932 0.583928 -0.154686 0.000000 0.000000
  18 -25.973213 -1.266222 -3.061655 -0.718564 0.542970 -0.434567 0.000000 0.000000
  18 -26.028245 -1.242744 -2.892184 -0.850138 0.503639 -0.153667 0.000000 0.000000
rubbergloveCHROME.bmp
  18 -25.973213 -1.266222 -3.061655 -0.718564 0.542970 -0.434567 0.000000 0.000000
  18 -26.077594 -1.453535 -3.072550 -0.910088 0.015046 -0.414142 0.000000 0.000000
  18 -26.028245 -1.242744 -2.892184 -0.850138 0.503639 -0.153667 0.000000 0.000000
rubbergloveCHROME.bmp
  18 -26.028245 -1.242744 -2.892184 -0.850138 0.503639 -0.153667 0.000000 0.000000
  18 -26.077594 -1.453535 -3.072550 -0.910088 0.015046 -0.414142 0.000000 0.000000
  18 -26.136993 -1.434901 -2.915628 -0.982534 -0.106032 -0.152918 0.000000 0.000000
rubbergloveCHROME.bmp
  18 -26.077594 -1.453535 -3.072550 -0.910088 0.015046 -0.414142 0.000000 0.000000
  18 -26.041249 -1.571402 -3.055630 -0.644365 -0.748610 -0.156131 0.000000 0.000000
  18 -26.136993 -1.434901 -2.915628 -0.982534 -0.106032 -0.152918 0.000000 0.000000
rubbergloveCHROME.bmp
  18 -24.976439 -1.175655 -2.869716 0.815102 -0.550426 -0.180666 0.000000 0.000000
  18 -25.152398 -1.352833 -2.644447 0.639511 -0.689745 0.339525 0.000000 0.000000
  18 -25.110773 -1.324553 -2.932834 0.676761 -0.554864 -0.483860 0.000000 0.000000
rubbergloveCHROME.bmp
  18 -25.110773 -1.324553 -2.932834 0.676761 -0.554864 -0.483860 0.000000 0.000000
  18 -25.152398 -1.352833 -2.644447 0.639511 -0.689745 0.339525 0.000000 0.000000
  18 -25.243935 -1.428880 -2.965753 0.605625 -0.680852 -0.411896 0.000000 0.000000
rubbergloveCHROME.bmp
  18 -25.152398 -1.352833 -2.644447 0.639511 -0.689745 0.339525 0.000000 0.000000
  18 -25.255360 -1.457037 -2.711831 0.435745 -0.826406 0.356623 0.000000 0.000000
  18 -25.243935 -1.428880 -2.965753 0.605625 -0.680852 -0.411896 0.000000 0.000000
rubbergloveCHROME.bmp
  18 -25.243935 -1.428880 -2.965753 0.605625 -0.680852 -0.411896 0.000000 0.000000
  18 -25.255360 -1.457037 -2.711831 0.435745 -0.826406 0.356623 0.000000 0.000000
  18 -25.536373 -1.618934 -2.981869 0.383960 -0.855787 -0.346703 0.000000 0.000000
rubbergloveCHROME.bmp
  18 -25.255360 -1.457037 -2.711831 0.435745 -0.826406 0.356623 0.000000 0.000000
  18 -25.638796 -1.628835 -2.830835 0.127091 -0.974353 0.185700 0.000000 0.000000
  18 -25.536373 -1.618934 -2.981869 0.383960 -0.855787 -0.346703 0.000000 0.000000
rubbergloveCHROME.bmp
  18 -25.536373 -1.618934 -2.981869 0.383960 -0.855787 -0.346703 0.000000 0.000000
  18 -25.638796 -1.628835 -2.830835 0.127091 -0.974353 0.185700 0.000000 0.000000
  18 -25.689500 -1.617740 -3.040611 0.182492 -0.968253 -0.170831 0.000000 0.000000
rubbergloveCHROME.bmp
  18 -25.638796 -1.628835 -2.830835 0.127091 -0.974353 0.185700 0.000000 0.000000
  18 -25.755075 -1.633613 -2.892125 0.077821 -0.991327 0.105898 0.000000 0.000000
  18 -25.689500 -1.617740 -3.040611 0.182492 -0.968253 -0.170831 0.000000 0.000000
rubbergloveCHROME.bmp
  18 -24.976439 -1.175655 -2.869716 0.815102 -0.550426 -0.180666 0.000000 0.000000
  18 -25.110773 -1.324553 -2.932834 0.676761 -0.554864 -0.483860 0.000000 0.000000
  18 -25.052085 -1.101390 -2.999571 0.700127 -0.438385 -0.563596 0.000000 0.000000
rubbergloveCHROME.bmp
  18 -25.052085 -1.101390 -2.999571 0.700127 -0.438385 -0.563596 0.000000 0.000000
  18 -25.110773 -1.324553 -2.932834 0.676761 -0.554864 -0.483860 0.000000 0.000000
  18 -25.195873 -1.257913 -3.024578 0.645975 -0.527025 -0.552233 0.000000 0.000000
rubbergloveCHROME.bmp
  18 -25.110773 -1.324553 -2.932834 0.676761 -0.554864 -0.483860 0.000000 0.000000
  18 -25.243935 -1.428880 -2.965753 0.605625 -0.680852 -0.411896 0.000000 0.000000
  18 -25.195873 -1.257913 -3.024578 0.645975 -0.527025 -0.552233 0.000000 0.000000
rubbergloveCHROME.bmp
  18 -25.195873 -1.257913 -3.024578 0.645975 -0.527025 -0.552233 0.000000 0.000000
  18 -25.243935 -1.428880 -2.965753 0.605625 -0.680852 -0.411896 0.000000 0.000000
  18 -25.331122 -1.378024 -3.050677 0.589963 -0.623372 -0.513178 0.000000 0.000000
rubbergloveCHROME.bmp
  18 -25.243935 -1.428880 -2.965753 0.605625 -0.680852 -0.411896 0.000000 0.000000
  18 -25.536373 -1.618934 -2.981869 0.383960 -0.855787 -0.346703 0.000000 0.000000
  18 -25.331122 -1.378024 -3.050677 0.589963 -0.623372 -0.513178 0.000000 0.000000
rubbergloveCHROME.bmp
  18 -25.331122 -1.378024 -3.050677 0.589963 -0.623372 -0.513178 0.000000 0.000000
  18 -25.536373 -1.618934 -2.981869 0.383960 -0.855787 -0.346703 0.000000 0.000000
  18 -25.552698 -1.541326 -3.085843 0.479417 -0.777849 -0.406337 0.000000 0.000000
rubbergloveCHROME.bmp
  18 -25.536373 -1.618934 -2.981869 0.383960 -0.855787 -0.346703 0.000000 0.000000
  18 -25.689500 -1.617740 -3.040611 0.182492 -0.968253 -0.170831 0.000000 0.000000
  18 -25.552698 -1.541326 -3.085843 0.479417 -0.777849 -0.406337 0.000000 0.000000
rubbergloveCHROME.bmp
  15 -26.574408 -1.682898 -1.431334 -0.313752 0.341896 0.885814 0.000000 0.000000
  15 -26.331755 -1.475838 -1.323418 -0.358165 0.063961 0.931465 0.000000 0.000000
  15 -26.379271 -1.411070 -1.413125 -0.450429 0.153652 0.879491 0.000000 0.000000
rubbergloveCHROME.bmp
  15 -26.379271 -1.411070 -1.413125 -0.450429 0.153652 0.879491 0.000000 0.000000
  15 -26.331755 -1.475838 -1.323418 -0.358165 0.063961 0.931465 0.000000 0.000000
  14 -26.282083 -1.240924 -1.385474 -0.424585 0.132074 0.895703 0.000000 0.000000
rubbergloveCHROME.bmp
  15 -26.331755 -1.475838 -1.323418 -0.358165 0.063961 0.931465 0.000000 0.000000
  14 -26.172765 -1.315267 -1.289961 -0.282609 -0.010450 0.959178 0.000000 0.000000
  14 -26.282083 -1.240924 -1.385474 -0.424585 0.132074 0.895703 0.000000 0.000000
rubbergloveCHROME.bmp
  14 -26.282083 -1.240924 -1.385474 -0.424585 0.132074 0.895703 0.000000 0.000000
  14 -26.172765 -1.315267 -1.289961 -0.282609 -0.010450 0.959178 0.000000 0.000000
  14 -26.176217 -1.025692 -1.342257 -0.449862 0.216522 0.866454 0.000000 0.000000
rubbergloveCHROME.bmp
  14 -26.172765 -1.315267 -1.289961 -0.282609 -0.010450 0.959178 0.000000 0.000000
  14 -26.030816 -1.120776 -1.254978 -0.281936 0.095721 0.954646 0.000000 0.000000
  14 -26.176217 -1.025692 -1.342257 -0.449862 0.216522 0.866454 0.000000 0.000000
rubbergloveCHROME.bmp
  14 -26.176217 -1.025692 -1.342257 -0.449862 0.216522 0.866454 0.000000 0.000000
  14 -26.030816 -1.120776 -1.254978 -0.281936 0.095721 0.954646 0.000000 0.000000
  14 -26.030132 -0.855386 -1.349677 -0.480754 0.279744 0.831035 0.000000 0.000000
rubbergloveCHROME.bmp
  14 -26.030816 -1.120776 -1.254978 -0.281936 0.095721 0.954646 0.000000 0.000000
  14 -25.891615 -0.929239 -1.261028 -0.281936 0.095721 0.954646 0.000000 0.000000
  14 -26.030132 -0.855386 -1.349677 -0.480754 0.279744 0.831035 0.000000 0.000000
rubbergloveCHROME.bmp
  15 -26.659137 -2.323661 -2.232548 0.274326 -0.736737 -0.618032 0.000000 0.000000
  15 -26.439638 -2.170301 -2.233628 0.396233 -0.470697 -0.788317 0.000000 0.000000
  15 -26.622334 -2.427619 -2.107495 0.208699 -0.837210 -0.505493 0.000000 0.000000
rubbergloveCHROME.bmp
  15 -26.622334 -2.427619 -2.107495 0.208699 -0.837210 -0.505493 0.000000 0.000000
  15 -26.439638 -2.170301 -2.233628 0.396233 -0.470697 -0.788317 0.000000 0.000000
  15 -26.341455 -2.254817 -2.150459 0.466542 -0.598631 -0.651137 0.000000 0.000000
rubbergloveCHROME.bmp
  15 -26.439638 -2.170301 -2.233628 0.396233 -0.470697 -0.788317 0.000000 0.000000
  15 -26.327859 -2.012679 -2.225852 0.477318 -0.349227 -0.806355 0.000000 0.000000
  15 -26.341455 -2.254817 -2.150459 0.466542 -0.598631 -0.651137 0.000000 0.000000
rubbergloveCHROME.bmp
  15 -26.341455 -2.254817 -2.150459 0.466542 -0.598631 -0.651137 0.000000 0.000000
  15 -26.327859 -2.012679 -2.225852 0.477318 -0.349227 -0.806355 0.000000 0.000000
  15 -26.210368 -2.120122 -2.122644 0.686690 -0.559874 -0.463679 0.000000 0.000000
rubbergloveCHROME.bmp
  15 -26.327859 -2.012679 -2.225852 0.477318 -0.349227 -0.806355 0.000000 0.000000
  15 -26.072899 -1.950193 -2.090608 0.673422 -0.516017 -0.529366 0.000000 0.000000
  15 -26.210368 -2.120122 -2.122644 0.686690 -0.559874 -0.463679 0.000000 0.000000
rubbergloveCHROME.bmp
  15 -26.210368 -2.120122 -2.122644 0.686690 -0.559874 -0.463679 0.000000 0.000000
  15 -26.072899 -1.950193 -2.090608 0.673422 -0.516017 -0.529366 0.000000 0.000000
  15 -26.020099 -1.993469 -1.856643 0.768704 -0.634333 0.081948 0.000000 0.000000
rubbergloveCHROME.bmp
  15 -26.072899 -1.950193 -2.090608 0.673422 -0.516017 -0.529366 0.000000 0.000000
  15 -25.798806 -1.794759 -1.812555 0.647626 -0.761922 -0.007452 0.000000 0.000000
  15 -26.020099 -1.993469 -1.856643 0.768704 -0.634333 0.081948 0.000000 0.000000
rubbergloveCHROME.bmp
  10 -25.765936 -1.196902 -0.206687 0.258588 -0.434019 0.862995 0.000000 0.000000
  11 -26.180323 -1.082165 -0.068742 -0.032756 -0.037385 0.998764 0.000000 0.000000
  11 -25.889910 -1.356744 -0.250585 0.416993 -0.442596 0.793867 0.000000 0.000000
rubbergloveCHROME.bmp
  11 -25.889910 -1.356744 -0.250585 0.416993 -0.442596 0.793867 0.000000 0.000000
  11 -26.180323 -1.082165 -0.068742 -0.032756 -0.037385 0.998764 0.000000 0.000000
  11 -26.050315 -1.507798 -0.234677 0.416993 -0.442596 0.793867 0.000000 0.000000
rubbergloveCHROME.bmp
  11 -26.180323 -1.082165 -0.068742 -0.032756 -0.037385 0.998764 0.000000 0.000000
  11 -26.319353 -1.240261 -0.092752 -0.188866 0.150375 0.970421 0.000000 0.000000
  11 -26.050315 -1.507798 -0.234677 0.416993 -0.442596 0.793867 0.000000 0.000000
rubbergloveCHROME.bmp
  11 -26.050315 -1.507798 -0.234677 0.416993 -0.442596 0.793867 0.000000 0.000000
  11 -26.319353 -1.240261 -0.092752 -0.188866 0.150375 0.970421 0.000000 0.000000
  11 -26.259547 -1.636140 -0.218859 0.319447 -0.487995 0.812290 0.000000 0.000000
rubbergloveCHROME.bmp
  11 -26.319353 -1.240261 -0.092752 -0.188866 0.150375 0.970421 0.000000 0.000000
  11 -26.543912 -1.410404 -0.087788 -0.220317 0.110416 0.969159 0.000000 0.000000
  11 -26.259547 -1.636140 -0.218859 0.319447 -0.487995 0.812290 0.000000 0.000000
rubbergloveCHROME.bmp
  11 -26.259547 -1.636140 -0.218859 0.319447 -0.487995 0.812290 0.000000 0.000000
  11 -26.543912 -1.410404 -0.087788 -0.220317 0.110416 0.969159 0.000000 0.000000
  11 -26.311285 -1.712195 -0.230642 0.347873 -0.456025 0.819162 0.000000 0.000000
rubbergloveCHROME.bmp
  11 -26.543912 -1.410404 -0.087788 -0.220317 0.110416 0.969159 0.000000 0.000000
  11 -26.610881 -1.528090 -0.120423 -0.350756 0.044874 0.935391 0.000000 0.000000
  11 -26.311285 -1.712195 -0.230642 0.347873 -0.456025 0.819162 0.000000 0.000000
rubbergloveCHROME.bmp
  11 -26.350197 -0.918555 -1.057819 -0.396251 0.388629 -0.831837 0.000000 0.000000
  11 -26.287319 -0.968620 -1.138068 -0.308610 0.386306 -0.869211 0.000000 0.000000
  11 -26.455671 -1.154456 -1.142826 -0.290006 0.245007 -0.925131 0.000000 0.000000
rubbergloveCHROME.bmp
  11 -26.455671 -1.154456 -1.142826 -0.290006 0.245007 -0.925131 0.000000 0.000000
  11 -26.287319 -0.968620 -1.138068 -0.308610 0.386306 -0.869211 0.000000 0.000000
  11 -25.991173 -1.239040 -1.159756 0.167270 -0.209751 -0.963341 0.000000 0.000000
rubbergloveCHROME.bmp
  11 -26.287319 -0.968620 -1.138068 -0.308610 0.386306 -0.869211 0.000000 0.000000
  11 -26.191832 -0.864753 -1.175403 -0.254977 0.390039 -0.884792 0.000000 0.000000
  11 -25.991173 -1.239040 -1.159756 0.167270 -0.209751 -0.963341 0.000000 0.000000
rubbergloveCHROME.bmp
  11 -25.991173 -1.239040 -1.159756 0.167270 -0.209751 -0.963341 0.000000 0.000000
  11 -26.191832 -0.864753 -1.175403 -0.254977 0.390039 -0.884792 0.000000 0.000000
  11 -25.861241 -1.144497 -1.126901 0.167270 -0.209751 -0.963341 0.000000 0.000000
rubbergloveCHROME.bmp
  11 -26.191832 -0.864753 -1.175403 -0.254977 0.390039 -0.884792 0.000000 0.000000
  10 -25.910121 -0.754737 -1.140818 -0.157584 0.289261 -0.944190 0.000000 0.000000
  11 -25.861241 -1.144497 -1.126901 0.167270 -0.209751 -0.963341 0.000000 0.000000
rubbergloveCHROME.bmp
  11 -25.861241 -1.144497 -1.126901 0.167270 -0.209751 -0.963341 0.000000 0.000000
  10 -25.910121 -0.754737 -1.140818 -0.157584 0.289261 -0.944190 0.000000 0.000000
  10 -25.601300 -1.055583 -1.122888 0.216284 -0.321065 -0.922030 0.000000 0.000000
rubbergloveCHROME.bmp
  10 -25.910121 -0.754737 -1.140818 -0.157584 0.289261 -0.944190 0.000000 0.000000
  10 -25.366139 -0.899127 -1.097974 0.197901 -0.169612 -0.965436 0.000000 0.000000
  10 -25.601300 -1.055583 -1.122888 0.216284 -0.321065 -0.922030 0.000000 0.000000
rubbergloveCHROME.bmp
  12 -27.276059 -1.897311 -0.693184 -0.681502 0.725281 0.097587 0.000000 0.000000
  12 -27.217705 -1.810414 -0.831183 -0.795146 0.602486 -0.068943 0.000000 0.000000
  12 -27.323944 -1.901260 -0.863746 -0.688726 0.714026 -0.125788 0.000000 0.000000
rubbergloveCHROME.bmp
  12 -27.276059 -1.897311 -0.693184 -0.681502 0.725281 0.097587 0.000000 0.000000
  12 -27.190874 -1.813087 -0.680940 -0.812869 0.569091 0.124016 0.000000 0.000000
  12 -27.217705 -1.810414 -0.831183 -0.795146 0.602486 -0.068943 0.000000 0.000000
rubbergloveCHROME.bmp
  12 -27.276059 -1.897311 -0.693184 -0.681502 0.725281 0.097587 0.000000 0.000000
  12 -27.285368 -1.922186 -0.473651 -0.652796 0.668948 0.355480 0.000000 0.000000
  12 -27.190874 -1.813087 -0.680940 -0.812869 0.569091 0.124016 0.000000 0.000000
rubbergloveCHROME.bmp
  12 -27.276059 -1.897311 -0.693184 -0.681502 0.725281 0.097587 0.000000 0.000000
  12 -27.505459 -2.153835 -0.509687 -0.773651 0.530770 0.346045 0.000000 0.000000
  12 -27.285368 -1.922186 -0.473651 -0.652796 0.668948 0.355480 0.000000 0.000000
rubbergloveCHROME.bmp
  12 -27.276059 -1.897311 -0.693184 -0.681502 0.725281 0.097587 0.000000 0.000000
  12 -27.553030 -2.115195 -0.689531 -0.878570 0.469594 0.087154 0.000000 0.000000
  12 -27.505459 -2.153835 -0.509687 -0.773651 0.530770 0.346045 0.000000 0.000000
rubbergloveCHROME.bmp
  12 -27.276059 -1.897311 -0.693184 -0.681502 0.725281 0.097587 0.000000 0.000000
  12 -27.544375 -2.105470 -0.849314 -0.825976 0.545718 -0.141264 0.000000 0.000000
  12 -27.553030 -2.115195 -0.689531 -0.878570 0.469594 0.087154 0.000000 0.000000
rubbergloveCHROME.bmp
  12 -27.276059 -1.897311 -0.693184 -0.681502 0.725281 0.097587 0.000000 0.000000
  12 -27.323944 -1.901260 -0.863746 -0.688726 0.714026 -0.125788 0.000000 0.000000
  12 -27.544375 -2.105470 -0.849314 -0.825976 0.545718 -0.141264 0.000000 0.000000
rubbergloveCHROME.bmp
  11 -26.775998 -1.407988 -0.230021 -0.598319 0.207260 0.773988 0.000000 0.000000
  11 -26.877475 -1.309852 -0.409386 -0.801341 0.391027 0.452714 0.000000 0.000000
  12 -26.924445 -1.636237 -0.345321 -0.485530 0.727387 0.484943 0.000000 0.000000
rubbergloveCHROME.bmp
  12 -26.924445 -1.636237 -0.345321 -0.485530 0.727387 0.484943 0.000000 0.000000
  11 -26.877475 -1.309852 -0.409386 -0.801341 0.391027 0.452714 0.000000 0.000000
  12 -26.979777 -1.619780 -0.465602 -0.502482 0.807508 0.308937 0.000000 0.000000
rubbergloveCHROME.bmp
  11 -26.877475 -1.309852 -0.409386 -0.801341 0.391027 0.452714 0.000000 0.000000
  11 -26.916987 -1.276755 -0.619251 -0.882213 0.449648 0.139701 0.000000 0.000000
  12 -26.979777 -1.619780 -0.465602 -0.502482 0.807508 0.308937 0.000000 0.000000
rubbergloveCHROME.bmp
  12 -26.979777 -1.619780 -0.465602 -0.502482 0.807508 0.308937 0.000000 0.000000
  11 -26.916987 -1.276755 -0.619251 -0.882213 0.449648 0.139701 0.000000 0.000000
  12 -27.041296 -1.580729 -0.665579 -0.610665 0.786511 0.092138 0.000000 0.000000
rubbergloveCHROME.bmp
  11 -26.916987 -1.276755 -0.619251 -0.882213 0.449648 0.139701 0.000000 0.000000
  11 -26.908156 -1.267212 -0.779035 -0.891115 0.417821 -0.177031 0.000000 0.000000
  12 -27.041296 -1.580729 -0.665579 -0.610665 0.786511 0.092138 0.000000 0.000000
rubbergloveCHROME.bmp
  12 -27.041296 -1.580729 -0.665579 -0.610665 0.786511 0.092138 0.000000 0.000000
  11 -26.908156 -1.267212 -0.779035 -0.891115 0.417821 -0.177031 0.000000 0.000000
  12 -27.032978 -1.599620 -0.805842 -0.465980 0.878215 -0.107707 0.000000 0.000000
rubbergloveCHROME.bmp
  11 -26.908156 -1.267212 -0.779035 -0.891115 0.417821 -0.177031 0.000000 0.000000
  12 -26.982092 -1.590455 -0.945222 -0.465980 0.878215 -0.107707 0.000000 0.000000
  12 -27.032978 -1.599620 -0.805842 -0.465980 0.878215 -0.107707 0.000000 0.000000
rubbergloveCHROME.bmp
  8 -26.410508 -1.321777 0.382494 -0.639642 0.562839 -0.523517 0.000000 0.000000
  8 -26.478365 -1.211137 0.473346 -0.682106 0.662553 -0.309443 0.000000 0.000000
  8 -26.247166 -1.132051 0.353796 -0.618389 0.479975 -0.622270 0.000000 0.000000
rubbergloveCHROME.bmp
  8 -26.247166 -1.132051 0.353796 -0.618389 0.479975 -0.622270 0.000000 0.000000
  8 -26.478365 -1.211137 0.473346 -0.682106 0.662553 -0.309443 0.000000 0.000000
  8 -26.322098 -1.055361 0.458695 -0.741469 0.659188 -0.125282 0.000000 0.000000
rubbergloveCHROME.bmp
  8 -26.478365 -1.211137 0.473346 -0.682106 0.662553 -0.309443 0.000000 0.000000
  8 -26.409916 -1.210278 0.666515 -0.630709 0.749609 0.200728 0.000000 0.000000
  8 -26.322098 -1.055361 0.458695 -0.741469 0.659188 -0.125282 0.000000 0.000000
rubbergloveCHROME.bmp
  8 -26.322098 -1.055361 0.458695 -0.741469 0.659188 -0.125282 0.000000 0.000000
  8 -26.409916 -1.210278 0.666515 -0.630709 0.749609 0.200728 0.000000 0.000000
  8 -26.256921 -1.070287 0.633421 -0.700891 0.683375 0.204329 0.000000 0.000000
rubbergloveCHROME.bmp
  8 -26.409916 -1.210278 0.666515 -0.630709 0.749609 0.200728 0.000000 0.000000
  8 -26.334752 -1.216823 0.859407 -0.645522 0.695277 0.316057 0.000000 0.000000
  8 -26.256921 -1.070287 0.633421 -0.700891 0.683375 0.204329 0.000000 0.000000
rubbergloveCHROME.bmp
  8 -26.256921 -1.070287 0.633421 -0.700891 0.683375 0.204329 0.000000 0.000000
  8 -26.334752 -1.216823 0.859407 -0.645522 0.695277 0.316057 0.000000 0.000000
  8 -26.209758 -1.075356 0.830017 -0.645522 0.695277 0.316057 0.000000 0.000000
rubbergloveCHROME.bmp
  8 -26.334752 -1.216823 0.859407 -0.645522 0.695277 0.316057 0.000000 0.000000
  8 -26.129229 -1.090163 1.012762 -0.614762 0.629603 0.475045 0.000000 0.000000
  8 -26.209758 -1.075356 0.830017 -0.645522 0.695277 0.316057 0.000000 0.000000
rubbergloveCHROME.bmp
  9 -26.890359 -2.134615 0.306010 -0.065120 -0.300326 -0.951611 0.000000 0.000000
  9 -26.904389 -1.832067 0.352569 -0.557609 0.367747 -0.744200 0.000000 0.000000
  9 -26.718718 -1.997498 0.280745 0.010148 -0.308242 -0.951254 0.000000 0.000000
rubbergloveCHROME.bmp
  9 -26.718718 -1.997498 0.280745 0.010148 -0.308242 -0.951254 0.000000 0.000000
  9 -26.904389 -1.832067 0.352569 -0.557609 0.367747 -0.744200 0.000000 0.000000
  9 -26.614718 -1.896445 0.237476 -0.039147 -0.179670 -0.982948 0.000000 0.000000
rubbergloveCHROME.bmp
  9 -26.904389 -1.832067 0.352569 -0.557609 0.367747 -0.744200 0.000000 0.000000
  9 -26.750738 -1.671535 0.347993 -0.528621 0.427920 -0.733106 0.000000 0.000000
  9 -26.614718 -1.896445 0.237476 -0.039147 -0.179670 -0.982948 0.000000 0.000000
rubbergloveCHROME.bmp
  9 -26.614718 -1.896445 0.237476 -0.039147 -0.179670 -0.982948 0.000000 0.000000
  9 -26.750738 -1.671535 0.347993 -0.528621 0.427920 -0.733106 0.000000 0.000000
  9 -26.421305 -1.710604 0.205000 -0.083806 -0.120586 -0.989159 0.000000 0.000000
rubbergloveCHROME.bmp
  9 -26.750738 -1.671535 0.347993 -0.528621 0.427920 -0.733106 0.000000 0.000000
  9 -26.527953 -1.485602 0.321620 -0.550160 0.481093 -0.682549 0.000000 0.000000
  9 -26.421305 -1.710604 0.205000 -0.083806 -0.120586 -0.989159 0.000000 0.000000
rubbergloveCHROME.bmp
  9 -26.421305 -1.710604 0.205000 -0.083806 -0.120586 -0.989159 0.000000 0.000000
  9 -26.527953 -1.485602 0.321620 -0.550160 0.481093 -0.682549 0.000000 0.000000
  8 -26.257348 -1.566986 0.180220 -0.105329 -0.080616 -0.991164 0.000000 0.000000
rubbergloveCHROME.bmp
  9 -26.527953 -1.485602 0.321620 -0.550160 0.481093 -0.682549 0.000000 0.000000
  8 -26.393882 -1.344182 0.301121 -0.557040 0.488238 -0.671811 0.000000 0.000000
  8 -26.257348 -1.566986 0.180220 -0.105329 -0.080616 -0.991164 0.000000 0.000000
rubbergloveCHROME.bmp
  9 -27.301349 -2.282328 0.729647 -0.841360 -0.449385 -0.300276 0.000000 0.000000
  9 -27.291516 -2.164506 0.778852 -0.946281 0.280823 0.160280 0.000000 0.000000
  9 -27.313488 -2.180787 0.671838 -0.909729 0.186254 -0.371084 0.000000 0.000000
rubbergloveCHROME.bmp
  9 -27.313488 -2.180787 0.671838 -0.909729 0.186254 -0.371084 0.000000 0.000000
  9 -27.291516 -2.164506 0.778852 -0.946281 0.280823 0.160280 0.000000 0.000000
  9 -27.176964 -1.940499 0.682940 -0.828248 0.559922 -0.022189 0.000000 0.000000
rubbergloveCHROME.bmp
  9 -27.291516 -2.164506 0.778852 -0.946281 0.280823 0.160280 0.000000 0.000000
  9 -27.156918 -1.941725 0.832261 -0.757350 0.585181 0.289800 0.000000 0.000000
  9 -27.176964 -1.940499 0.682940 -0.828248 0.559922 -0.022189 0.000000 0.000000
rubbergloveCHROME.bmp
  9 -27.176964 -1.940499 0.682940 -0.828248 0.559922 -0.022189 0.000000 0.000000
  9 -27.156918 -1.941725 0.832261 -0.757350 0.585181 0.289800 0.000000 0.000000
  9 -26.996914 -1.712022 0.648590 -0.777750 0.628568 -0.002593 0.000000 0.000000
rubbergloveCHROME.bmp
  9 -27.156918 -1.941725 0.832261 -0.757350 0.585181 0.289800 0.000000 0.000000
  9 -26.985116 -1.706872 0.788355 -0.724485 0.621423 0.298253 0.000000 0.000000
  9 -26.996914 -1.712022 0.648590 -0.777750 0.628568 -0.002593 0.000000 0.000000
rubbergloveCHROME.bmp
  9 -26.996914 -1.712022 0.648590 -0.777750 0.628568 -0.002593 0.000000 0.000000
  9 -26.985116 -1.706872 0.788355 -0.724485 0.621423 0.298253 0.000000 0.000000
  9 -26.869143 -1.519133 0.604223 -0.356623 0.931494 -0.071688 0.000000 0.000000
rubbergloveCHROME.bmp
  9 -26.985116 -1.706872 0.788355 -0.724485 0.621423 0.298253 0.000000 0.000000
  9 -26.807065 -1.521506 0.747892 -0.081212 0.994280 0.069375 0.000000 0.000000
  9 -26.869143 -1.519133 0.604223 -0.356623 0.931494 -0.071688 0.000000 0.000000
rubbergloveCHROME.bmp
  9 -26.872639 -2.107307 1.334524 -0.056997 -0.014616 0.998267 0.000000 0.000000
  9 -27.078265 -2.217211 1.260772 -0.635771 0.216675 0.740842 0.000000 0.000000
  9 -26.982331 -2.251480 1.291142 -0.125915 -0.333643 0.934253 0.000000 0.000000
rubbergloveCHROME.bmp
  9 -26.982331 -2.251480 1.291142 -0.125915 -0.333643 0.934253 0.000000 0.000000
  9 -27.078265 -2.217211 1.260772 -0.635771 0.216675 0.740842 0.000000 0.000000
  9 -27.092150 -2.337605 1.181953 -0.489678 -0.470252 0.734220 0.000000 0.000000
rubbergloveCHROME.bmp
  9 -27.078265 -2.217211 1.260772 -0.635771 0.216675 0.740842 0.000000 0.000000
  9 -27.144755 -2.219974 1.138414 -0.775749 0.273658 0.568616 0.000000 0.000000
  9 -27.092150 -2.337605 1.181953 -0.489678 -0.470252 0.734220 0.000000 0.000000
rubbergloveCHROME.bmp
  9 -27.092150 -2.337605 1.181953 -0.489678 -0.470252 0.734220 0.000000 0.000000
  9 -27.144755 -2.219974 1.138414 -0.775749 0.273658 0.568616 0.000000 0.000000
  9 -27.170598 -2.380526 1.084980 -0.664846 -0.502970 0.552268 0.000000 0.000000
rubbergloveCHROME.bmp
  9 -27.144755 -2.219974 1.138414 -0.775749 0.273658 0.568616 0.000000 0.000000
  9 -27.221907 -2.178386 1.033925 -0.863223 0.206425 0.460690 0.000000 0.000000
  9 -27.170598 -2.380526 1.084980 -0.664846 -0.502970 0.552268 0.000000 0.000000
rubbergloveCHROME.bmp
  9 -27.170598 -2.380526 1.084980 -0.664846 -0.502970 0.552268 0.000000 0.000000
  9 -27.221907 -2.178386 1.033925 -0.863223 0.206425 0.460690 0.000000 0.000000
  9 -27.239933 -2.373484 0.992552 -0.714655 -0.599695 0.360047 0.000000 0.000000
rubbergloveCHROME.bmp
  9 -27.221907 -2.178386 1.033925 -0.863223 0.206425 0.460690 0.000000 0.000000
  9 -27.281031 -2.353122 0.895103 -0.794673 -0.584534 0.163755 0.000000 0.000000
  9 -27.239933 -2.373484 0.992552 -0.714655 -0.599695 0.360047 0.000000 0.000000
rubbergloveCHROME.bmp
  9 -27.021813 -2.488016 0.780170 -0.110101 -0.981285 -0.157978 0.000000 0.000000
  9 -26.920820 -2.474894 0.785471 -0.040196 -0.991409 -0.124471 0.000000 0.000000
  9 -26.994151 -2.491346 0.827326 -0.125105 -0.991770 0.027216 0.000000 0.000000
rubbergloveCHROME.bmp
  9 -26.994151 -2.491346 0.827326 -0.125105 -0.991770 0.027216 0.000000 0.000000
  9 -26.920820 -2.474894 0.785471 -0.040196 -0.991409 -0.124471 0.000000 0.000000
  9 -26.918134 -2.519706 0.920692 -0.110957 -0.969156 0.220056 0.000000 0.000000
rubbergloveCHROME.bmp
  9 -26.920820 -2.474894 0.785471 -0.040196 -0.991409 -0.124471 0.000000 0.000000
  9 -26.811377 -2.500590 0.914553 0.062202 -0.951871 0.300121 0.000000 0.000000
  9 -26.918134 -2.519706 0.920692 -0.110957 -0.969156 0.220056 0.000000 0.000000
rubbergloveCHROME.bmp
  9 -26.918134 -2.519706 0.920692 -0.110957 -0.969156 0.220056 0.000000 0.000000
  9 -26.811377 -2.500590 0.914553 0.062202 -0.951871 0.300121 0.000000 0.000000
  9 -26.796086 -2.462991 1.020631 0.194828 -0.802834 0.563471 0.000000 0.000000
rubbergloveCHROME.bmp
  9 -26.811377 -2.500590 0.914553 0.062202 -0.951871 0.300121 0.000000 0.000000
  9 -26.626804 -2.371550 1.040177 0.392122 -0.669733 0.630633 0.000000 0.000000
  9 -26.796086 -2.462991 1.020631 0.194828 -0.802834 0.563471 0.000000 0.000000
rubbergloveCHROME.bmp
  9 -26.796086 -2.462991 1.020631 0.194828 -0.802834 0.563471 0.000000 0.000000
  9 -26.626804 -2.371550 1.040177 0.392122 -0.669733 0.630633 0.000000 0.000000
  9 -26.665630 -2.314914 1.111485 0.390393 -0.596213 0.701515 0.000000 0.000000
rubbergloveCHROME.bmp
  9 -26.626804 -2.371550 1.040177 0.392122 -0.669733 0.630633 0.000000 0.000000
  9 -26.443419 -2.145631 1.137289 0.463517 -0.527441 0.712010 0.000000 0.000000
  9 -26.665630 -2.314914 1.111485 0.390393 -0.596213 0.701515 0.000000 0.000000
rubbergloveCHROME.bmp
  8 -25.223580 -1.387124 0.580312 0.802568 -0.595016 -0.042888 0.000000 0.000000
  8 -25.171580 -1.239777 0.428703 0.705219 -0.647247 -0.289373 0.000000 0.000000
  8 -25.121395 -1.213467 0.581639 0.732765 -0.680155 0.021079 0.000000 0.000000
rubbergloveCHROME.bmp
  8 -25.121395 -1.213467 0.581639 0.732765 -0.680155 0.021079 0.000000 0.000000
  8 -25.171580 -1.239777 0.428703 0.705219 -0.647247 -0.289373 0.000000 0.000000
  7 -25.074746 -1.198008 0.543521 0.266433 -0.955486 0.126727 0.000000 0.000000
rubbergloveCHROME.bmp
  8 -25.171580 -1.239777 0.428703 0.705219 -0.647247 -0.289373 0.000000 0.000000
  7 -25.124952 -1.171299 0.416376 0.260341 -0.927439 -0.268476 0.000000 0.000000
  7 -25.074746 -1.198008 0.543521 0.266433 -0.955486 0.126727 0.000000 0.000000
rubbergloveCHROME.bmp
  7 -25.074746 -1.198008 0.543521 0.266433 -0.955486 0.126727 0.000000 0.000000
  7 -25.124952 -1.171299 0.416376 0.260341 -0.927439 -0.268476 0.000000 0.000000
  7 -25.069521 -1.202912 0.421666 0.143651 -0.956780 -0.252858 0.000000 0.000000
rubbergloveCHROME.bmp
  7 -25.124952 -1.171299 0.416376 0.260341 -0.927439 -0.268476 0.000000 0.000000
  7 -25.148476 -1.107207 0.251941 0.273460 -0.803882 -0.528199 0.000000 0.000000
  7 -25.069521 -1.202912 0.421666 0.143651 -0.956780 -0.252858 0.000000 0.000000
rubbergloveCHROME.bmp
  7 -25.069521 -1.202912 0.421666 0.143651 -0.956780 -0.252858 0.000000 0.000000
  7 -25.148476 -1.107207 0.251941 0.273460 -0.803882 -0.528199 0.000000 0.000000
  7 -25.075794 -1.070533 0.238810 0.310266 -0.698314 -0.645052 0.000000 0.000000
rubbergloveCHROME.bmp
  7 -25.148476 -1.107207 0.251941 0.273460 -0.803882 -0.528199 0.000000 0.000000
  7 -25.131024 -1.063967 0.195145 0.256236 -0.668788 -0.697901 0.000000 0.000000
  7 -25.075794 -1.070533 0.238810 0.310266 -0.698314 -0.645052 0.000000 0.000000
rubbergloveCHROME.bmp
  7 -24.925596 -0.920853 0.863739 0.365661 -0.384176 0.847762 0.000000 0.000000
  8 -25.117360 -1.125157 0.846941 0.570807 -0.382660 0.726464 0.000000 0.000000
  7 -24.936271 -0.993187 0.770177 0.434728 -0.575579 0.692618 0.000000 0.000000
rubbergloveCHROME.bmp
  7 -24.936271 -0.993187 0.770177 0.434728 -0.575579 0.692618 0.000000 0.000000
  8 -25.117360 -1.125157 0.846941 0.570807 -0.382660 0.726464 0.000000 0.000000
  8 -25.106708 -1.165062 0.727383 0.652928 -0.665156 0.362289 0.000000 0.000000
rubbergloveCHROME.bmp
  8 -25.117360 -1.125157 0.846941 0.570807 -0.382660 0.726464 0.000000 0.000000
  8 -25.201912 -1.242412 0.848433 0.689113 -0.371264 0.622324 0.000000 0.000000
  8 -25.106708 -1.165062 0.727383 0.652928 -0.665156 0.362289 0.000000 0.000000
rubbergloveCHROME.bmp
  8 -25.106708 -1.165062 0.727383 0.652928 -0.665156 0.362289 0.000000 0.000000
  8 -25.201912 -1.242412 0.848433 0.689113 -0.371264 0.622324 0.000000 0.000000
  8 -25.194681 -1.366741 0.736675 0.827429 -0.486022 0.281325 0.000000 0.000000
rubbergloveCHROME.bmp
  8 -25.201912 -1.242412 0.848433 0.689113 -0.371264 0.622324 0.000000 0.000000
  8 -25.344749 -1.412996 0.862533 0.613226 -0.353179 0.706554 0.000000 0.000000
  8 -25.194681 -1.366741 0.736675 0.827429 -0.486022 0.281325 0.000000 0.000000
rubbergloveCHROME.bmp
  8 -25.194681 -1.366741 0.736675 0.827429 -0.486022 0.281325 0.000000 0.000000
  8 -25.344749 -1.412996 0.862533 0.613226 -0.353179 0.706554 0.000000 0.000000
  8 -25.341742 -1.500923 0.758322 0.740493 -0.600758 0.301264 0.000000 0.000000
rubbergloveCHROME.bmp
  8 -25.344749 -1.412996 0.862533 0.613226 -0.353179 0.706554 0.000000 0.000000
  8 -25.510543 -1.620030 0.933592 0.582362 -0.486444 0.651327 0.000000 0.000000
  8 -25.341742 -1.500923 0.758322 0.740493 -0.600758 0.301264 0.000000 0.000000
rubbergloveCHROME.bmp
  8 -26.041768 -1.754787 0.318986 0.262071 -0.649250 -0.713998 0.000000 0.000000
  9 -26.176543 -1.857084 0.356445 0.378625 -0.562473 -0.735029 0.000000 0.000000
  8 -26.180948 -1.607746 0.234088 0.143859 -0.437046 -0.887860 0.000000 0.000000
rubbergloveCHROME.bmp
  8 -26.180948 -1.607746 0.234088 0.143859 -0.437046 -0.887860 0.000000 0.000000
  9 -26.176543 -1.857084 0.356445 0.378625 -0.562473 -0.735029 0.000000 0.000000
  9 -26.364270 -1.713842 0.258259 0.143320 -0.376151 -0.915407 0.000000 0.000000
rubbergloveCHROME.bmp
  9 -26.176543 -1.857084 0.356445 0.378625 -0.562473 -0.735029 0.000000 0.000000
  9 -26.358431 -2.030936 0.366042 0.369839 -0.496766 -0.785139 0.000000 0.000000
  9 -26.364270 -1.713842 0.258259 0.143320 -0.376151 -0.915407 0.000000 0.000000
rubbergloveCHROME.bmp
  9 -26.364270 -1.713842 0.258259 0.143320 -0.376151 -0.915407 0.000000 0.000000
  9 -26.358431 -2.030936 0.366042 0.369839 -0.496766 -0.785139 0.000000 0.000000
  9 -26.527392 -1.926902 0.309215 0.143320 -0.376151 -0.915407 0.000000 0.000000
rubbergloveCHROME.bmp
  9 -26.358431 -2.030936 0.366042 0.369839 -0.496766 -0.785139 0.000000 0.000000
  9 -26.527659 -2.206028 0.363883 0.189938 -0.492878 -0.849114 0.000000 0.000000
  9 -26.527392 -1.926902 0.309215 0.143320 -0.376151 -0.915407 0.000000 0.000000
rubbergloveCHROME.bmp
  9 -26.527392 -1.926902 0.309215 0.143320 -0.376151 -0.915407 0.000000 0.000000
  9 -26.527659 -2.206028 0.363883 0.189938 -0.492878 -0.849114 0.000000 0.000000
  9 -26.677261 -2.015296 0.327270 0.088557 -0.439650 -0.893793 0.000000 0.000000
rubbergloveCHROME.bmp
  9 -26.527659 -2.206028 0.363883 0.189938 -0.492878 -0.849114 0.000000 0.000000
  9 -26.793217 -2.156507 0.395923 0.088557 -0.439650 -0.893793 0.000000 0.000000
  9 -26.677261 -2.015296 0.327270 0.088557 -0.439650 -0.893793 0.000000 0.000000
rubbergloveCHROME.bmp
  7 -25.132873 -0.689971 0.010962 0.159966 -0.386370 -0.908366 0.000000 0.000000
  7 -25.194630 -1.077926 0.154409 0.259794 -0.531249 -0.806401 0.000000 0.000000
  7 -25.340700 -0.897705 0.077703 0.240967 -0.417147 -0.876312 0.000000 0.000000
rubbergloveCHROME.bmp
  7 -25.340700 -0.897705 0.077703 0.240967 -0.417147 -0.876312 0.000000 0.000000
  7 -25.194630 -1.077926 0.154409 0.259794 -0.531249 -0.806401 0.000000 0.000000
  8 -25.462895 -1.059501 0.098345 0.285694 -0.394028 -0.873568 0.000000 0.000000
rubbergloveCHROME.bmp
  7 -25.194630 -1.077926 0.154409 0.259794 -0.531249 -0.806401 0.000000 0.000000
  8 -25.309105 -1.181519 0.229723 0.471568 -0.508721 -0.720296 0.000000 0.000000
  8 -25.462895 -1.059501 0.098345 0.285694 -0.394028 -0.873568 0.000000 0.000000
rubbergloveCHROME.bmp
  8 -25.462895 -1.059501 0.098345 0.285694 -0.394028 -0.873568 0.000000 0.000000
  8 -25.309105 -1.181519 0.229723 0.471568 -0.508721 -0.720296 0.000000 0.000000
  8 -25.416505 -1.278275 0.212301 0.285694 -0.394028 -0.873568 0.000000 0.000000
rubbergloveCHROME.bmp
  8 -25.309105 -1.181519 0.229723 0.471568 -0.508721 -0.720296 0.000000 0.000000
  8 -25.312994 -1.364247 0.327168 0.591979 -0.557122 -0.582388 0.000000 0.000000
  8 -25.416505 -1.278275 0.212301 0.285694 -0.394028 -0.873568 0.000000 0.000000
rubbergloveCHROME.bmp
  8 -25.416505 -1.278275 0.212301 0.285694 -0.394028 -0.873568 0.000000 0.000000
  8 -25.312994 -1.364247 0.327168 0.591979 -0.557122 -0.582388 0.000000 0.000000
  8 -25.576614 -1.463906 0.209810 0.247277 -0.490029 -0.835898 0.000000 0.000000
rubbergloveCHROME.bmp
  8 -25.312994 -1.364247 0.327168 0.591979 -0.557122 -0.582388 0.000000 0.000000
  8 -25.800754 -1.628346 0.254763 0.295465 -0.652830 -0.697505 0.000000 0.000000
  8 -25.576614 -1.463906 0.209810 0.247277 -0.490029 -0.835898 0.000000 0.000000
rubbergloveCHROME.bmp
  6 -24.324152 -0.686009 1.541072 -0.726165 -0.122189 -0.676576 0.000000 0.000000
  6 -24.424939 -1.004101 1.780779 -0.735629 -0.439821 -0.515177 0.000000 0.000000
  6 -24.497921 -0.887423 1.806471 -0.858348 -0.137309 -0.494353 0.000000 0.000000
rubbergloveCHROME.bmp
  6 -24.497921 -0.887423 1.806471 -0.858348 -0.137309 -0.494353 0.000000 0.000000
  6 -24.424939 -1.004101 1.780779 -0.735629 -0.439821 -0.515177 0.000000 0.000000
  6 -24.545392 -0.964814 1.937457 -0.894633 -0.286369 -0.342964 0.000000 0.000000
rubbergloveCHROME.bmp
  6 -24.424939 -1.004101 1.780779 -0.735629 -0.439821 -0.515177 0.000000 0.000000
  6 -24.480627 -1.101945 2.028015 -0.811370 -0.530093 -0.246333 0.000000 0.000000
  6 -24.545392 -0.964814 1.937457 -0.894633 -0.286369 -0.342964 0.000000 0.000000
rubbergloveCHROME.bmp
  6 -24.545392 -0.964814 1.937457 -0.894633 -0.286369 -0.342964 0.000000 0.000000
  6 -24.480627 -1.101945 2.028015 -0.811370 -0.530093 -0.246333 0.000000 0.000000
  6 -24.584211 -0.943119 2.040035 -0.999624 -0.019806 0.018948 0.000000 0.000000
rubbergloveCHROME.bmp
  6 -24.480627 -1.101945 2.028015 -0.811370 -0.530093 -0.246333 0.000000 0.000000
  6 -24.514191 -1.082442 2.163267 -0.904536 -0.397391 0.154577 0.000000 0.000000
  6 -24.584211 -0.943119 2.040035 -0.999624 -0.019806 0.018948 0.000000 0.000000
rubbergloveCHROME.bmp
  6 -24.584211 -0.943119 2.040035 -0.999624 -0.019806 0.018948 0.000000 0.000000
  6 -24.514191 -1.082442 2.163267 -0.904536 -0.397391 0.154577 0.000000 0.000000
  6 -24.577731 -0.914297 2.114381 -0.994057 0.088564 0.063294 0.000000 0.000000
rubbergloveCHROME.bmp
  6 -24.514191 -1.082442 2.163267 -0.904536 -0.397391 0.154577 0.000000 0.000000
  6 -24.509330 -1.060826 2.219026 -0.926505 -0.356563 0.120211 0.000000 0.000000
  6 -24.577731 -0.914297 2.114381 -0.994057 0.088564 0.063294 0.000000 0.000000
rubbergloveCHROME.bmp
  6 -24.577731 -0.914297 2.114381 -0.994057 0.088564 0.063294 0.000000 0.000000
  6 -24.509330 -1.060826 2.219026 -0.926505 -0.356563 0.120211 0.000000 0.000000
  6 -24.579567 -0.880093 2.187365 -0.962227 0.202555 0.181908 0.000000 0.000000
rubbergloveCHROME.bmp
  6 -24.579567 -0.880093 2.187365 -0.962227 0.202555 0.181908 0.000000 0.000000
  6 -24.509330 -1.060826 2.219026 -0.926505 -0.356563 0.120211 0.000000 0.000000
  6 -24.531279 -1.040081 2.288221 -0.931612 -0.278562 0.233456 0.000000 0.000000
rubbergloveCHROME.bmp
  6 -24.509330 -1.060826 2.219026 -0.926505 -0.356563 0.120211 0.000000 0.000000
  6 -24.440852 -1.163920 2.274545 -0.760563 -0.606990 0.230451 0.000000 0.000000
  6 -24.531279 -1.040081 2.288221 -0.931612 -0.278562 0.233456 0.000000 0.000000
rubbergloveCHROME.bmp
  6 -24.531279 -1.040081 2.288221 -0.931612 -0.278562 0.233456 0.000000 0.000000
  6 -24.440852 -1.163920 2.274545 -0.760563 -0.606990 0.230451 0.000000 0.000000
  6 -24.422418 -1.149878 2.364339 -0.732160 -0.563001 0.383369 0.000000 0.000000
rubbergloveCHROME.bmp
  6 -24.440852 -1.163920 2.274545 -0.760563 -0.606990 0.230451 0.000000 0.000000
  6 -24.314310 -1.271066 2.326573 -0.596942 -0.738984 0.312350 0.000000 0.000000
  6 -24.422418 -1.149878 2.364339 -0.732160 -0.563001 0.383369 0.000000 0.000000
rubbergloveCHROME.bmp
  6 -24.422418 -1.149878 2.364339 -0.732160 -0.563001 0.383369 0.000000 0.000000
  6 -24.314310 -1.271066 2.326573 -0.596942 -0.738984 0.312350 0.000000 0.000000
  6 -24.318814 -1.257483 2.407784 -0.529671 -0.677555 0.510263 0.000000 0.000000
rubbergloveCHROME.bmp
  6 -24.314310 -1.271066 2.326573 -0.596942 -0.738984 0.312350 0.000000 0.000000
  6 -24.161929 -1.347321 2.342851 -0.349444 -0.886242 0.304078 0.000000 0.000000
  6 -24.318814 -1.257483 2.407784 -0.529671 -0.677555 0.510263 0.000000 0.000000
rubbergloveCHROME.bmp
  6 -24.186664 -1.372584 2.247196 -0.340005 -0.915992 0.212967 0.000000 0.000000
  6 -24.094405 -1.410136 2.049262 -0.184364 -0.967650 -0.172230 0.000000 0.000000
  6 -24.014745 -1.429170 2.221865 0.025790 -0.987807 0.153533 0.000000 0.000000
rubbergloveCHROME.bmp
  6 -24.014745 -1.429170 2.221865 0.025790 -0.987807 0.153533 0.000000 0.000000
  6 -24.094405 -1.410136 2.049262 -0.184364 -0.967650 -0.172230 0.000000 0.000000
  6 -23.944019 -1.418564 2.125504 0.249401 -0.967578 -0.039895 0.000000 0.000000
rubbergloveCHROME.bmp
  6 -24.094405 -1.410136 2.049262 -0.184364 -0.967650 -0.172230 0.000000 0.000000
  6 -23.944380 -1.333273 1.877260 0.022746 -0.929764 -0.367452 0.000000 0.000000
  6 -23.944019 -1.418564 2.125504 0.249401 -0.967578 -0.039895 0.000000 0.000000
rubbergloveCHROME.bmp
  6 -23.944019 -1.418564 2.125504 0.249401 -0.967578 -0.039895 0.000000 0.000000
  6 -23.944380 -1.333273 1.877260 0.022746 -0.929764 -0.367452 0.000000 0.000000
  6 -23.772441 -1.338636 1.907393 0.383794 -0.913662 -0.133878 0.000000 0.000000
rubbergloveCHROME.bmp
  6 -23.944380 -1.333273 1.877260 0.022746 -0.929764 -0.367452 0.000000 0.000000
  6 -23.693739 -1.196900 1.619614 0.151536 -0.857892 -0.490977 0.000000 0.000000
  6 -23.772441 -1.338636 1.907393 0.383794 -0.913662 -0.133878 0.000000 0.000000
rubbergloveCHROME.bmp
  6 -23.772441 -1.338636 1.907393 0.383794 -0.913662 -0.133878 0.000000 0.000000
  6 -23.693739 -1.196900 1.619614 0.151536 -0.857892 -0.490977 0.000000 0.000000
  6 -23.526302 -1.188680 1.730959 0.434601 -0.868852 -0.237103 0.000000 0.000000
rubbergloveCHROME.bmp
  6 -23.693739 -1.196900 1.619614 0.151536 -0.857892 -0.490977 0.000000 0.000000
  6 -23.552585 -1.057224 1.456316 0.248911 -0.768716 -0.589168 0.000000 0.000000
  6 -23.526302 -1.188680 1.730959 0.434601 -0.868852 -0.237103 0.000000 0.000000
rubbergloveCHROME.bmp
  33 28.009395 -1.567362 -3.036426 0.644367 -0.748608 -0.156130 0.000000 0.000000
  33 28.052193 -1.470123 -3.059075 0.910087 0.015045 -0.414144 0.000000 0.000000
  33 28.105138 -1.430861 -2.896424 0.982534 -0.106035 -0.152918 0.000000 0.000000
rubbergloveCHROME.bmp
  33 28.105138 -1.430861 -2.896424 0.982534 -0.106035 -0.152918 0.000000 0.000000
  33 28.052193 -1.470123 -3.059075 0.910087 0.015045 -0.414144 0.000000 0.000000
  33 28.009574 -1.266083 -2.881729 0.850139 0.503637 -0.153666 0.000000 0.000000
rubbergloveCHROME.bmp
  33 28.052193 -1.470123 -3.059075 0.910087 0.015045 -0.414144 0.000000 0.000000
  33 27.984661 -1.276839 -3.045630 0.730131 0.514470 -0.449700 0.000000 0.000000
  33 28.009574 -1.266083 -2.881729 0.850139 0.503637 -0.153666 0.000000 0.000000
rubbergloveCHROME.bmp
  33 28.009574 -1.266083 -2.881729 0.850139 0.503637 -0.153666 0.000000 0.000000
  33 27.984661 -1.276839 -3.045630 0.730131 0.514470 -0.449700 0.000000 0.000000
  33 27.860166 -1.047298 -2.842870 0.796930 0.583931 -0.154686 0.000000 0.000000
rubbergloveCHROME.bmp
  33 27.984661 -1.276839 -3.045630 0.730131 0.514470 -0.449700 0.000000 0.000000
  33 27.814506 -1.065556 -3.003125 0.730131 0.514470 -0.449700 0.000000 0.000000
  33 27.860166 -1.047298 -2.842870 0.796930 0.583931 -0.154686 0.000000 0.000000
rubbergloveCHROME.bmp
  33 27.860166 -1.047298 -2.842870 0.796930 0.583931 -0.154686 0.000000 0.000000
  33 27.814506 -1.065556 -3.003125 0.730131 0.514470 -0.449700 0.000000 0.000000
  33 27.730251 -0.763593 -2.806353 0.535216 0.839880 -0.090248 0.000000 0.000000
rubbergloveCHROME.bmp
  33 27.814506 -1.065556 -3.003125 0.730131 0.514470 -0.449700 0.000000 0.000000
  33 27.645378 -0.785916 -2.978684 0.340482 0.884869 -0.317930 0.000000 0.000000
  33 27.730251 -0.763593 -2.806353 0.535216 0.839880 -0.090248 0.000000 0.000000
rubbergloveCHROME.bmp
  33 27.989847 -1.567021 -3.146960 0.602212 -0.718764 -0.347448 0.000000 0.000000
  33 27.953304 -1.506700 -3.230781 0.714245 0.003407 -0.699887 0.000000 0.000000
  33 28.052193 -1.470123 -3.059075 0.910087 0.015045 -0.414144 0.000000 0.000000
rubbergloveCHROME.bmp
  33 28.052193 -1.470123 -3.059075 0.910087 0.015045 -0.414144 0.000000 0.000000
  33 27.953304 -1.506700 -3.230781 0.714245 0.003407 -0.699887 0.000000 0.000000
  33 27.984661 -1.276839 -3.045630 0.730131 0.514470 -0.449700 0.000000 0.000000
rubbergloveCHROME.bmp
  33 27.953304 -1.506700 -3.230781 0.714245 0.003407 -0.699887 0.000000 0.000000
  33 27.839551 -1.324607 -3.229101 0.559304 0.436089 -0.704986 0.000000 0.000000
  33 27.984661 -1.276839 -3.045630 0.730131 0.514470 -0.449700 0.000000 0.000000
rubbergloveCHROME.bmp
  33 27.984661 -1.276839 -3.045630 0.730131 0.514470 -0.449700 0.000000 0.000000
  33 27.839551 -1.324607 -3.229101 0.559304 0.436089 -0.704986 0.000000 0.000000
  33 27.814506 -1.065556 -3.003125 0.730131 0.514470 -0.449700 0.000000 0.000000
rubbergloveCHROME.bmp
  33 27.839551 -1.324607 -3.229101 0.559304 0.436089 -0.704986 0.000000 0.000000
  33 27.667310 -1.097540 -3.193415 0.587120 0.461140 -0.665312 0.000000 0.000000
  33 27.814506 -1.065556 -3.003125 0.730131 0.514470 -0.449700 0.000000 0.000000
rubbergloveCHROME.bmp
  33 27.814506 -1.065556 -3.003125 0.730131 0.514470 -0.449700 0.000000 0.000000
  33 27.667310 -1.097540 -3.193415 0.587120 0.461140 -0.665312 0.000000 0.000000
  33 27.645378 -0.785916 -2.978684 0.340482 0.884869 -0.317930 0.000000 0.000000
rubbergloveCHROME.bmp
  33 27.667310 -1.097540 -3.193415 0.587120 0.461140 -0.665312 0.000000 0.000000
  33 27.504913 -0.824651 -3.171995 0.278808 0.799597 -0.531893 0.000000 0.000000
  33 27.645378 -0.785916 -2.978684 0.340482 0.884869 -0.317930 0.000000 0.000000
rubbergloveCHROME.bmp
  33 27.750697 -1.628820 -2.879588 -0.077821 -0.991327 0.105898 0.000000 0.000000
  33 27.627133 -1.645047 -2.820693 -0.127091 -0.974353 0.185700 0.000000 0.000000
  33 27.705592 -1.619323 -3.034427 -0.182492 -0.968253 -0.170830 0.000000 0.000000
rubbergloveCHROME.bmp
  33 27.705592 -1.619323 -3.034427 -0.182492 -0.968253 -0.170830 0.000000 0.000000
  33 27.627133 -1.645047 -2.820693 -0.127091 -0.974353 0.185700 0.000000 0.000000
  33 27.536085 -1.632864 -2.984589 -0.383961 -0.855787 -0.346702 0.000000 0.000000
rubbergloveCHROME.bmp
  33 27.627133 -1.645047 -2.820693 -0.127091 -0.974353 0.185700 0.000000 0.000000
  33 27.292004 -1.477840 -2.683105 -0.435741 -0.826408 0.356623 0.000000 0.000000
  33 27.536085 -1.632864 -2.984589 -0.383961 -0.855787 -0.346702 0.000000 0.000000
rubbergloveCHROME.bmp
  33 27.536085 -1.632864 -2.984589 -0.383961 -0.855787 -0.346702 0.000000 0.000000
  33 27.292004 -1.477840 -2.683105 -0.435741 -0.826408 0.356623 0.000000 0.000000
  33 27.223179 -1.436433 -2.962119 -0.605626 -0.680852 -0.411896 0.000000 0.000000
rubbergloveCHROME.bmp
  33 27.292004 -1.477840 -2.683105 -0.435741 -0.826408 0.356623 0.000000 0.000000
  33 27.119906 -1.363701 -2.659555 -0.639510 -0.689747 0.339524 0.000000 0.000000
  33 27.223179 -1.436433 -2.962119 -0.605626 -0.680852 -0.411896 0.000000 0.000000
rubbergloveCHROME.bmp
  33 27.223179 -1.436433 -2.962119 -0.605626 -0.680852 -0.411896 0.000000 0.000000
  33 27.119906 -1.363701 -2.659555 -0.639510 -0.689747 0.339524 0.000000 0.000000
  33 27.108121 -1.336576 -2.945081 -0.676756 -0.554865 -0.483865 0.000000 0.000000
rubbergloveCHROME.bmp
  33 27.119906 -1.363701 -2.659555 -0.639510 -0.689747 0.339524 0.000000 0.000000
  33 26.976152 -1.189584 -2.872435 -0.815102 -0.550426 -0.180668 0.000000 0.000000
  33 27.108121 -1.336576 -2.945081 -0.676756 -0.554865 -0.483865 0.000000 0.000000
rubbergloveCHROME.bmp
  30 28.722580 -1.591606 -1.448537 0.116390 0.438884 0.890974 0.000000 0.000000
  30 28.886306 -1.802976 -1.497700 0.499888 0.166928 0.849851 0.000000 0.000000
  30 28.761856 -1.532833 -1.548051 0.270315 0.867638 0.417294 0.000000 0.000000
rubbergloveCHROME.bmp
  30 28.761856 -1.532833 -1.548051 0.270315 0.867638 0.417294 0.000000 0.000000
  30 28.886306 -1.802976 -1.497700 0.499888 0.166928 0.849851 0.000000 0.000000
  30 28.947104 -1.780531 -1.593093 0.783900 0.459389 0.417687 0.000000 0.000000
rubbergloveCHROME.bmp
  30 28.886306 -1.802976 -1.497700 0.499888 0.166928 0.849851 0.000000 0.000000
  30 29.043132 -2.007256 -1.545399 0.524332 0.069242 0.848694 0.000000 0.000000
  30 28.947104 -1.780531 -1.593093 0.783900 0.459389 0.417687 0.000000 0.000000
rubbergloveCHROME.bmp
  30 28.947104 -1.780531 -1.593093 0.783900 0.459389 0.417687 0.000000 0.000000
  30 29.043132 -2.007256 -1.545399 0.524332 0.069242 0.848694 0.000000 0.000000
  30 29.076899 -1.985588 -1.627802 0.810007 0.383511 0.443631 0.000000 0.000000
rubbergloveCHROME.bmp
  30 29.043132 -2.007256 -1.545399 0.524332 0.069242 0.848694 0.000000 0.000000
  30 29.127251 -2.223099 -1.606516 0.573249 -0.291901 0.765624 0.000000 0.000000
  30 29.076899 -1.985588 -1.627802 0.810007 0.383511 0.443631 0.000000 0.000000
rubbergloveCHROME.bmp
  30 29.076899 -1.985588 -1.627802 0.810007 0.383511 0.443631 0.000000 0.000000
  30 29.127251 -2.223099 -1.606516 0.573249 -0.291901 0.765624 0.000000 0.000000
  30 29.197888 -2.167505 -1.679453 0.891264 0.131666 0.433949 0.000000 0.000000
rubbergloveCHROME.bmp
  30 29.127251 -2.223099 -1.606516 0.573249 -0.291901 0.765624 0.000000 0.000000
  30 29.151230 -2.291861 -1.707000 0.703162 -0.584833 0.404394 0.000000 0.000000
  30 29.197888 -2.167505 -1.679453 0.891264 0.131666 0.433949 0.000000 0.000000
rubbergloveCHROME.bmp
  26 28.582695 -1.529179 -0.110178 0.350758 0.044874 0.935390 0.000000 0.000000
  26 28.501301 -1.411419 -0.107408 0.220324 0.110418 0.969157 0.000000 0.000000
  26 28.297234 -1.712850 -0.220526 -0.347871 -0.456021 0.819165 0.000000 0.000000
rubbergloveCHROME.bmp
  26 28.297234 -1.712850 -0.220526 -0.347871 -0.456021 0.819165 0.000000 0.000000
  26 28.501301 -1.411419 -0.107408 0.220324 0.110418 0.969157 0.000000 0.000000
  26 28.217129 -1.637491 -0.218482 -0.319442 -0.487994 0.812292 0.000000 0.000000
rubbergloveCHROME.bmp
  26 28.501301 -1.411419 -0.107408 0.220324 0.110418 0.969157 0.000000 0.000000
  26 28.312059 -1.233466 -0.092578 0.188866 0.150377 0.970421 0.000000 0.000000
  26 28.217129 -1.637491 -0.218482 -0.319442 -0.487994 0.812292 0.000000 0.000000
rubbergloveCHROME.bmp
  26 28.217129 -1.637491 -0.218482 -0.319442 -0.487994 0.812292 0.000000 0.000000
  26 28.312059 -1.233466 -0.092578 0.188866 0.150377 0.970421 0.000000 0.000000
  26 28.022129 -1.508885 -0.224432 -0.419518 -0.464877 0.779675 0.000000 0.000000
rubbergloveCHROME.bmp
  26 28.312059 -1.233466 -0.092578 0.188866 0.150377 0.970421 0.000000 0.000000
  26 28.137810 -1.083348 -0.078363 0.032757 -0.037383 0.998764 0.000000 0.000000
  26 28.022129 -1.508885 -0.224432 -0.419518 -0.464877 0.779675 0.000000 0.000000
rubbergloveCHROME.bmp
  26 28.022129 -1.508885 -0.224432 -0.419518 -0.464877 0.779675 0.000000 0.000000
  26 28.137810 -1.083348 -0.078363 0.032757 -0.037383 0.998764 0.000000 0.000000
  26 27.868148 -1.336414 -0.240042 -0.419518 -0.464877 0.779675 0.000000 0.000000
rubbergloveCHROME.bmp
  26 28.137810 -1.083348 -0.078363 0.032757 -0.037383 0.998764 0.000000 0.000000
  25 27.789073 -1.231064 -0.207497 -0.258585 -0.434020 0.862995 0.000000 0.000000
  26 27.868148 -1.336414 -0.240042 -0.419518 -0.464877 0.779675 0.000000 0.000000
rubbergloveCHROME.bmp
  27 29.236670 -2.533557 -0.723526 0.269806 -0.962637 -0.023108 0.000000 0.000000
  27 29.329570 -2.499742 -0.603834 0.356345 -0.909764 0.212948 0.000000 0.000000
  27 29.230434 -2.528039 -0.633356 0.371550 -0.918917 0.132444 0.000000 0.000000
rubbergloveCHROME.bmp
  27 29.230434 -2.528039 -0.633356 0.371550 -0.918917 0.132444 0.000000 0.000000
  27 29.329570 -2.499742 -0.603834 0.356345 -0.909764 0.212948 0.000000 0.000000
  27 29.175056 -2.516384 -0.502599 0.242412 -0.911466 0.332366 0.000000 0.000000
rubbergloveCHROME.bmp
  27 29.329570 -2.499742 -0.603834 0.356345 -0.909764 0.212948 0.000000 0.000000
  27 29.204090 -2.475498 -0.402173 0.173836 -0.796841 0.578642 0.000000 0.000000
  27 29.175056 -2.516384 -0.502599 0.242412 -0.911466 0.332366 0.000000 0.000000
rubbergloveCHROME.bmp
  27 29.175056 -2.516384 -0.502599 0.242412 -0.911466 0.332366 0.000000 0.000000
  27 29.204090 -2.475498 -0.402173 0.173836 -0.796841 0.578642 0.000000 0.000000
  27 29.076575 -2.503776 -0.441422 -0.072920 -0.816629 0.572539 0.000000 0.000000
rubbergloveCHROME.bmp
  27 29.204090 -2.475498 -0.402173 0.173836 -0.796841 0.578642 0.000000 0.000000
  27 28.907006 -2.322702 -0.326712 -0.150444 -0.581977 0.799168 0.000000 0.000000
  27 29.076575 -2.503776 -0.441422 -0.072920 -0.816629 0.572539 0.000000 0.000000
rubbergloveCHROME.bmp
  27 29.076575 -2.503776 -0.441422 -0.072920 -0.816629 0.572539 0.000000 0.000000
  27 28.907006 -2.322702 -0.326712 -0.150444 -0.581977 0.799168 0.000000 0.000000
  27 28.899461 -2.398994 -0.417940 -0.267310 -0.693999 0.668514 0.000000 0.000000
rubbergloveCHROME.bmp
  27 28.907006 -2.322702 -0.326712 -0.150444 -0.581977 0.799168 0.000000 0.000000
  27 28.715265 -2.273208 -0.384034 -0.372449 -0.600098 0.707930 0.000000 0.000000
  27 28.899461 -2.398994 -0.417940 -0.267310 -0.693999 0.668514 0.000000 0.000000
rubbergloveCHROME.bmp
  27 29.276135 -1.897541 -0.683197 0.681501 0.725282 0.097588 0.000000 0.000000
  27 29.274489 -1.894680 -0.853165 0.688726 0.714026 -0.125787 0.000000 0.000000
  27 29.182295 -1.803591 -0.830736 0.795148 0.602483 -0.068943 0.000000 0.000000
rubbergloveCHROME.bmp
  27 29.276135 -1.897541 -0.683197 0.681501 0.725282 0.097588 0.000000 0.000000
  27 29.516071 -2.105681 -0.849054 0.825976 0.545718 -0.141266 0.000000 0.000000
  27 29.274489 -1.894680 -0.853165 0.688726 0.714026 -0.125787 0.000000 0.000000
rubbergloveCHROME.bmp
  27 29.276135 -1.897541 -0.683197 0.681501 0.725282 0.097588 0.000000 0.000000
  27 29.524727 -2.115406 -0.689271 0.878572 0.469590 0.087153 0.000000 0.000000
  27 29.516071 -2.105681 -0.849054 0.825976 0.545718 -0.141266 0.000000 0.000000
rubbergloveCHROME.bmp
  27 29.276135 -1.897541 -0.683197 0.681501 0.725282 0.097588 0.000000 0.000000
  27 29.491321 -2.140000 -0.499326 0.773651 0.530772 0.346042 0.000000 0.000000
  27 29.524727 -2.115406 -0.689271 0.878572 0.469590 0.087153 0.000000 0.000000
rubbergloveCHROME.bmp
  27 29.276135 -1.897541 -0.683197 0.681501 0.725282 0.097588 0.000000 0.000000
  27 29.228685 -1.922377 -0.483118 0.652798 0.668947 0.355478 0.000000 0.000000
  27 29.491321 -2.140000 -0.499326 0.773651 0.530772 0.346042 0.000000 0.000000
rubbergloveCHROME.bmp
  27 29.276135 -1.897541 -0.683197 0.681501 0.725282 0.097588 0.000000 0.000000
  27 29.183844 -1.806284 -0.670766 0.812867 0.569093 0.124019 0.000000 0.000000
  27 29.228685 -1.922377 -0.483118 0.652798 0.668947 0.355478 0.000000 0.000000
rubbergloveCHROME.bmp
  27 29.276135 -1.897541 -0.683197 0.681501 0.725282 0.097588 0.000000 0.000000
  27 29.182295 -1.803591 -0.830736 0.795148 0.602483 -0.068943 0.000000 0.000000
  27 29.183844 -1.806284 -0.670766 0.812867 0.569093 0.124019 0.000000 0.000000
rubbergloveCHROME.bmp
  27 28.840327 -1.652063 -0.274771 0.103751 0.613835 0.782587 0.000000 0.000000
  27 28.917730 -1.615967 -0.294916 0.075858 0.907760 0.412574 0.000000 0.000000
  27 28.867763 -1.636428 -0.354788 0.485536 0.727381 0.484945 0.000000 0.000000
rubbergloveCHROME.bmp
  27 28.867763 -1.636428 -0.354788 0.485536 0.727381 0.484945 0.000000 0.000000
  27 28.917730 -1.615967 -0.294916 0.075858 0.907760 0.412574 0.000000 0.000000
  27 28.944489 -1.599154 -0.444921 0.502487 0.807506 0.308934 0.000000 0.000000
rubbergloveCHROME.bmp
  27 28.917730 -1.615967 -0.294916 0.075858 0.907760 0.412574 0.000000 0.000000
  27 29.008354 -1.606225 -0.425654 0.502487 0.807506 0.308934 0.000000 0.000000
  27 28.944489 -1.599154 -0.444921 0.502487 0.807506 0.308934 0.000000 0.000000
rubbergloveCHROME.bmp
  27 28.944489 -1.599154 -0.444921 0.502487 0.807506 0.308934 0.000000 0.000000
  27 29.008354 -1.606225 -0.425654 0.502487 0.807506 0.308934 0.000000 0.000000
  27 28.991842 -1.574149 -0.654998 0.610671 0.786506 0.092134 0.000000 0.000000
rubbergloveCHROME.bmp
  27 29.008354 -1.606225 -0.425654 0.502487 0.807506 0.308934 0.000000 0.000000
  27 29.069752 -1.580978 -0.645865 0.549112 0.830065 0.097307 0.000000 0.000000
  27 28.991842 -1.574149 -0.654998 0.610671 0.786506 0.092134 0.000000 0.000000
rubbergloveCHROME.bmp
  27 28.991842 -1.574149 -0.654998 0.610671 0.786506 0.092134 0.000000 0.000000
  27 29.069752 -1.580978 -0.645865 0.549112 0.830065 0.097307 0.000000 0.000000
  27 29.011710 -1.592723 -0.805531 0.472523 0.871618 -0.130401 0.000000 0.000000
rubbergloveCHROME.bmp
  27 29.069752 -1.580978 -0.645865 0.549112 0.830065 0.097307 0.000000 0.000000
  27 29.082417 -1.592350 -0.806210 0.566707 0.822377 -0.050386 0.000000 0.000000
  27 29.011710 -1.592723 -0.805531 0.472523 0.871618 -0.130401 0.000000 0.000000
rubbergloveCHROME.bmp
  30 29.014719 -2.315097 -2.169520 0.480568 -0.807144 -0.342890 0.000000 0.000000
  30 28.985669 -2.329122 -2.238508 0.394708 -0.696532 -0.599207 0.000000 0.000000
  30 28.992260 -2.293005 -2.245727 0.234404 -0.668201 -0.706089 0.000000 0.000000
rubbergloveCHROME.bmp
  30 28.992260 -2.293005 -2.245727 0.234404 -0.668201 -0.706089 0.000000 0.000000
  30 28.985669 -2.329122 -2.238508 0.394708 -0.696532 -0.599207 0.000000 0.000000
  30 28.885411 -2.212999 -2.317017 0.112092 -0.301020 -0.947007 0.000000 0.000000
rubbergloveCHROME.bmp
  30 28.985669 -2.329122 -2.238508 0.394708 -0.696532 -0.599207 0.000000 0.000000
  30 28.862031 -2.217898 -2.335166 0.151967 -0.294964 -0.943346 0.000000 0.000000
  30 28.885411 -2.212999 -2.317017 0.112092 -0.301020 -0.947007 0.000000 0.000000
rubbergloveCHROME.bmp
  30 28.885411 -2.212999 -2.317017 0.112092 -0.301020 -0.947007 0.000000 0.000000
  30 28.862031 -2.217898 -2.335166 0.151967 -0.294964 -0.943346 0.000000 0.000000
  30 28.702216 -1.996578 -2.315764 -0.033940 0.041113 -0.998578 0.000000 0.000000
rubbergloveCHROME.bmp
  30 28.862031 -2.217898 -2.335166 0.151967 -0.294964 -0.943346 0.000000 0.000000
  30 28.676413 -2.013571 -2.355076 0.021483 0.044254 -0.998789 0.000000 0.000000
  30 28.702216 -1.996578 -2.315764 -0.033940 0.041113 -0.998578 0.000000 0.000000
rubbergloveCHROME.bmp
  30 28.702216 -1.996578 -2.315764 -0.033940 0.041113 -0.998578 0.000000 0.000000
  30 28.676413 -2.013571 -2.355076 0.021483 0.044254 -0.998789 0.000000 0.000000
  30 28.568398 -1.830770 -2.314867 0.014989 0.154002 -0.987957 0.000000 0.000000
rubbergloveCHROME.bmp
  30 28.676413 -2.013571 -2.355076 0.021483 0.044254 -0.998789 0.000000 0.000000
  30 28.531787 -1.850625 -2.322955 -0.003575 0.089336 -0.995995 0.000000 0.000000
  30 28.568398 -1.830770 -2.314867 0.014989 0.154002 -0.987957 0.000000 0.000000
rubbergloveCHROME.bmp
  27 29.304377 -2.471913 -1.003197 0.343492 -0.792504 -0.503935 0.000000 0.000000
  27 29.119622 -2.443255 -1.080941 -0.016603 -0.754933 -0.655591 0.000000 0.000000
  27 29.168379 -2.392663 -1.130571 0.019613 -0.558185 -0.829485 0.000000 0.000000
rubbergloveCHROME.bmp
  27 29.304377 -2.471913 -1.003197 0.343492 -0.792504 -0.503935 0.000000 0.000000
  27 29.241890 -2.509280 -0.903202 0.279465 -0.921960 -0.268120 0.000000 0.000000
  27 29.119622 -2.443255 -1.080941 -0.016603 -0.754933 -0.655591 0.000000 0.000000
rubbergloveCHROME.bmp
  27 29.304377 -2.471913 -1.003197 0.343492 -0.792504 -0.503935 0.000000 0.000000
  27 29.355988 -2.510367 -0.804306 0.426433 -0.892256 -0.148437 0.000000 0.000000
  27 29.241890 -2.509280 -0.903202 0.279465 -0.921960 -0.268120 0.000000 0.000000
rubbergloveCHROME.bmp
  27 29.304377 -2.471913 -1.003197 0.343492 -0.792504 -0.503935 0.000000 0.000000
  27 29.459885 -2.386926 -0.963264 0.877861 -0.329026 -0.347998 0.000000 0.000000
  27 29.355988 -2.510367 -0.804306 0.426433 -0.892256 -0.148437 0.000000 0.000000
rubbergloveCHROME.bmp
  27 29.304377 -2.471913 -1.003197 0.343492 -0.792504 -0.503935 0.000000 0.000000
  27 29.430950 -2.371926 -1.022743 0.699085 -0.210675 -0.683298 0.000000 0.000000
  27 29.459885 -2.386926 -0.963264 0.877861 -0.329026 -0.347998 0.000000 0.000000
rubbergloveCHROME.bmp
  27 29.304377 -2.471913 -1.003197 0.343492 -0.792504 -0.503935 0.000000 0.000000
  27 29.273848 -2.313998 -1.150272 0.436977 -0.188407 -0.879519 0.000000 0.000000
  27 29.430950 -2.371926 -1.022743 0.699085 -0.210675 -0.683298 0.000000 0.000000
rubbergloveCHROME.bmp
  27 29.304377 -2.471913 -1.003197 0.343492 -0.792504 -0.503935 0.000000 0.000000
  27 29.168379 -2.392663 -1.130571 0.019613 -0.558185 -0.829485 0.000000 0.000000
  27 29.273848 -2.313998 -1.150272 0.436977 -0.188407 -0.879519 0.000000 0.000000
rubbergloveCHROME.bmp
  23 28.126557 -1.100200 0.982861 0.592294 0.632422 0.499229 0.000000 0.000000
  23 28.356809 -1.209598 0.851652 0.636171 0.702169 0.319759 0.000000 0.000000
  23 28.205165 -1.070465 0.808687 0.664710 0.681988 0.305045 0.000000 0.000000
rubbergloveCHROME.bmp
  23 28.205165 -1.070465 0.808687 0.664710 0.681988 0.305045 0.000000 0.000000
  23 28.356809 -1.209598 0.851652 0.636171 0.702169 0.319759 0.000000 0.000000
  23 28.263057 -1.048873 0.632385 0.700890 0.683376 0.204329 0.000000 0.000000
rubbergloveCHROME.bmp
  23 28.356809 -1.209598 0.851652 0.636171 0.702169 0.319759 0.000000 0.000000
  23 28.423908 -1.209600 0.668355 0.630710 0.749608 0.200730 0.000000 0.000000
  23 28.263057 -1.048873 0.632385 0.700890 0.683376 0.204329 0.000000 0.000000
rubbergloveCHROME.bmp
  23 28.263057 -1.048873 0.632385 0.700890 0.683376 0.204329 0.000000 0.000000
  23 28.423908 -1.209600 0.668355 0.630710 0.749608 0.200730 0.000000 0.000000
  23 28.306738 -1.055303 0.466703 0.741469 0.659188 -0.125282 0.000000 0.000000
rubbergloveCHROME.bmp
  23 28.423908 -1.209600 0.668355 0.630710 0.749608 0.200730 0.000000 0.000000
  23 28.477575 -1.224411 0.484506 0.682109 0.662550 -0.309444 0.000000 0.000000
  23 28.306738 -1.055303 0.466703 0.741469 0.659188 -0.125282 0.000000 0.000000
rubbergloveCHROME.bmp
  23 28.306738 -1.055303 0.466703 0.741469 0.659188 -0.125282 0.000000 0.000000
  23 28.477575 -1.224411 0.484506 0.682109 0.662550 -0.309444 0.000000 0.000000
  23 28.249859 -1.133826 0.334042 0.618389 0.479973 -0.622270 0.000000 0.000000
rubbergloveCHROME.bmp
  23 28.477575 -1.224411 0.484506 0.682109 0.662550 -0.309444 0.000000 0.000000
  23 28.408577 -1.306910 0.391054 0.639641 0.562833 -0.523525 0.000000 0.000000
  23 28.249859 -1.133826 0.334042 0.618389 0.479973 -0.622270 0.000000 0.000000
rubbergloveCHROME.bmp
  24 29.281008 -2.353197 0.895090 0.794672 -0.584533 0.163758 0.000000 0.000000
  24 29.226153 -2.195118 1.005551 0.863223 0.206425 0.460690 0.000000 0.000000
  24 29.234363 -2.381650 0.982352 0.714655 -0.599695 0.360048 0.000000 0.000000
rubbergloveCHROME.bmp
  24 29.234363 -2.381650 0.982352 0.714655 -0.599695 0.360048 0.000000 0.000000
  24 29.226153 -2.195118 1.005551 0.863223 0.206425 0.460690 0.000000 0.000000
  24 29.185863 -2.355472 1.125399 0.664846 -0.502970 0.552269 0.000000 0.000000
rubbergloveCHROME.bmp
  24 29.226153 -2.195118 1.005551 0.863223 0.206425 0.460690 0.000000 0.000000
  24 29.151414 -2.198731 1.137464 0.775749 0.273659 0.568616 0.000000 0.000000
  24 29.185863 -2.355472 1.125399 0.664846 -0.502970 0.552269 0.000000 0.000000
rubbergloveCHROME.bmp
  24 29.185863 -2.355472 1.125399 0.664846 -0.502970 0.552269 0.000000 0.000000
  24 29.151414 -2.198731 1.137464 0.775749 0.273659 0.568616 0.000000 0.000000
  24 29.104787 -2.336441 1.193695 0.489678 -0.470253 0.734219 0.000000 0.000000
rubbergloveCHROME.bmp
  24 29.151414 -2.198731 1.137464 0.775749 0.273659 0.568616 0.000000 0.000000
  24 29.057333 -2.224902 1.258559 0.635772 0.216674 0.740841 0.000000 0.000000
  24 29.104787 -2.336441 1.193695 0.489678 -0.470253 0.734219 0.000000 0.000000
rubbergloveCHROME.bmp
  24 29.104787 -2.336441 1.193695 0.489678 -0.470253 0.734219 0.000000 0.000000
  24 29.057333 -2.224902 1.258559 0.635772 0.216674 0.740841 0.000000 0.000000
  24 28.992339 -2.274205 1.274207 0.125914 -0.333643 0.934253 0.000000 0.000000
rubbergloveCHROME.bmp
  24 29.057333 -2.224902 1.258559 0.635772 0.216674 0.740841 0.000000 0.000000
  24 28.862658 -2.110336 1.303013 0.056993 -0.014620 0.998268 0.000000 0.000000
  24 28.992339 -2.274205 1.274207 0.125914 -0.333643 0.934253 0.000000 0.000000
rubbergloveCHROME.bmp
  24 28.807043 -1.521581 0.747879 0.081201 0.994281 0.069371 0.000000 0.000000
  24 28.985094 -1.706947 0.788342 0.724487 0.621422 0.298251 0.000000 0.000000
  24 28.851059 -1.517018 0.631940 0.356620 0.931495 -0.071692 0.000000 0.000000
rubbergloveCHROME.bmp
  24 28.851059 -1.517018 0.631940 0.356620 0.931495 -0.071692 0.000000 0.000000
  24 28.985094 -1.706947 0.788342 0.724487 0.621422 0.298251 0.000000 0.000000
  24 29.009552 -1.710857 0.660332 0.777750 0.628569 -0.002593 0.000000 0.000000
rubbergloveCHROME.bmp
  24 28.985094 -1.706947 0.788342 0.724487 0.621422 0.298251 0.000000 0.000000
  24 29.121977 -1.949799 0.828164 0.757351 0.585180 0.289800 0.000000 0.000000
  24 29.009552 -1.710857 0.660332 0.777750 0.628569 -0.002593 0.000000 0.000000
rubbergloveCHROME.bmp
  24 29.009552 -1.710857 0.660332 0.777750 0.628569 -0.002593 0.000000 0.000000
  24 29.121977 -1.949799 0.828164 0.757351 0.585180 0.289800 0.000000 0.000000
  24 29.177158 -1.954660 0.684180 0.828248 0.559922 -0.022189 0.000000 0.000000
rubbergloveCHROME.bmp
  24 29.121977 -1.949799 0.828164 0.757351 0.585180 0.289800 0.000000 0.000000
  24 29.327763 -2.157440 0.773052 0.946282 0.280822 0.160281 0.000000 0.000000
  24 29.177158 -1.954660 0.684180 0.828248 0.559922 -0.022189 0.000000 0.000000
rubbergloveCHROME.bmp
  24 29.177158 -1.954660 0.684180 0.828248 0.559922 -0.022189 0.000000 0.000000
  24 29.327763 -2.157440 0.773052 0.946282 0.280822 0.160281 0.000000 0.000000
  24 29.292341 -2.174394 0.668372 0.909729 0.186254 -0.371083 0.000000 0.000000
rubbergloveCHROME.bmp
  24 29.327763 -2.157440 0.773052 0.946282 0.280822 0.160281 0.000000 0.000000
  24 29.278850 -2.275078 0.736053 0.841360 -0.449385 -0.300277 0.000000 0.000000
  24 29.292341 -2.174394 0.668372 0.909729 0.186254 -0.371083 0.000000 0.000000
rubbergloveCHROME.bmp
  23 28.588262 -1.456257 0.388091 0.664885 0.598086 -0.447460 0.000000 0.000000
  23 28.614649 -1.350212 0.524319 0.697031 0.593484 -0.402398 0.000000 0.000000
  24 28.777170 -1.593173 0.506876 0.333601 0.753934 -0.565946 0.000000 0.000000
rubbergloveCHROME.bmp
  24 28.777170 -1.593173 0.506876 0.333601 0.753934 -0.565946 0.000000 0.000000
  23 28.614649 -1.350212 0.524319 0.697031 0.593484 -0.402398 0.000000 0.000000
  24 28.781436 -1.547100 0.625025 0.154346 0.976786 -0.148546 0.000000 0.000000
rubbergloveCHROME.bmp
  23 28.614649 -1.350212 0.524319 0.697031 0.593484 -0.402398 0.000000 0.000000
  23 28.607036 -1.335758 0.684110 0.674730 0.717173 0.174363 0.000000 0.000000
  24 28.781436 -1.547100 0.625025 0.154346 0.976786 -0.148546 0.000000 0.000000
rubbergloveCHROME.bmp
  24 28.781436 -1.547100 0.625025 0.154346 0.976786 -0.148546 0.000000 0.000000
  23 28.607036 -1.335758 0.684110 0.674730 0.717173 0.174363 0.000000 0.000000
  24 28.737421 -1.551662 0.740964 0.255718 0.956069 0.143320 0.000000 0.000000
rubbergloveCHROME.bmp
  23 28.607036 -1.335758 0.684110 0.674730 0.717173 0.174363 0.000000 0.000000
  23 28.503870 -1.343780 0.873299 0.664710 0.681988 0.305045 0.000000 0.000000
  24 28.737421 -1.551662 0.740964 0.255718 0.956069 0.143320 0.000000 0.000000
rubbergloveCHROME.bmp
  24 28.737421 -1.551662 0.740964 0.255718 0.956069 0.143320 0.000000 0.000000
  23 28.503870 -1.343780 0.873299 0.664710 0.681988 0.305045 0.000000 0.000000
  24 28.681320 -1.574115 0.897324 0.365070 0.879993 0.303867 0.000000 0.000000
rubbergloveCHROME.bmp
  23 28.503870 -1.343780 0.873299 0.664710 0.681988 0.305045 0.000000 0.000000
  23 28.412971 -1.416465 1.049521 0.554691 0.624112 0.550274 0.000000 0.000000
  24 28.681320 -1.574115 0.897324 0.365070 0.879993 0.303867 0.000000 0.000000
rubbergloveCHROME.bmp
  23 27.889082 -1.256311 1.166531 0.028516 0.202881 0.978788 0.000000 0.000000
  23 27.716151 -1.111250 1.120138 -0.046480 0.224941 0.973263 0.000000 0.000000
  23 27.655642 -1.500733 1.084899 -0.445819 -0.305286 0.841455 0.000000 0.000000
rubbergloveCHROME.bmp
  23 27.655642 -1.500733 1.084899 -0.445819 -0.305286 0.841455 0.000000 0.000000
  23 27.716151 -1.111250 1.120138 -0.046480 0.224941 0.973263 0.000000 0.000000
  23 27.449727 -1.299151 1.049345 -0.484049 -0.270721 0.832110 0.000000 0.000000
rubbergloveCHROME.bmp
  23 27.716151 -1.111250 1.120138 -0.046480 0.224941 0.973263 0.000000 0.000000
  23 27.591728 -0.983854 1.092048 0.012083 0.072668 0.997283 0.000000 0.000000
  23 27.449727 -1.299151 1.049345 -0.484049 -0.270721 0.832110 0.000000 0.000000
rubbergloveCHROME.bmp
  23 27.449727 -1.299151 1.049345 -0.484049 -0.270721 0.832110 0.000000 0.000000
  23 27.591728 -0.983854 1.092048 0.012083 0.072668 0.997283 0.000000 0.000000
  23 27.349675 -1.113138 1.029630 -0.599172 -0.237512 0.764579 0.000000 0.000000
rubbergloveCHROME.bmp
  23 27.591728 -0.983854 1.092048 0.012083 0.072668 0.997283 0.000000 0.000000
  23 27.272260 -0.933910 1.003471 -0.445819 -0.305286 0.841455 0.000000 0.000000
  23 27.349675 -1.113138 1.029630 -0.599172 -0.237512 0.764579 0.000000 0.000000
rubbergloveCHROME.bmp
  23 27.349675 -1.113138 1.029630 -0.599172 -0.237512 0.764579 0.000000 0.000000
  23 27.272260 -0.933910 1.003471 -0.445819 -0.305286 0.841455 0.000000 0.000000
  23 27.217302 -1.027361 0.862239 -0.533751 -0.270976 0.801051 0.000000 0.000000
rubbergloveCHROME.bmp
  23 27.272260 -0.933910 1.003471 -0.445819 -0.305286 0.841455 0.000000 0.000000
  22 27.037151 -0.859872 0.904085 -0.408757 -0.385640 0.827163 0.000000 0.000000
  23 27.217302 -1.027361 0.862239 -0.533751 -0.270976 0.801051 0.000000 0.000000
rubbergloveCHROME.bmp
  24 28.812921 -2.515607 0.905921 -0.062198 -0.951871 0.300122 0.000000 0.000000
  24 28.629266 -2.359254 1.019168 -0.392123 -0.669732 0.630634 0.000000 0.000000
  24 28.749980 -2.524370 0.898069 -0.141486 -0.956287 0.255924 0.000000 0.000000
rubbergloveCHROME.bmp
  24 28.749980 -2.524370 0.898069 -0.141486 -0.956287 0.255924 0.000000 0.000000
  24 28.629266 -2.359254 1.019168 -0.392123 -0.669732 0.630634 0.000000 0.000000
  24 28.534396 -2.417420 0.940324 -0.510679 -0.757059 0.407515 0.000000 0.000000
rubbergloveCHROME.bmp
  24 28.629266 -2.359254 1.019168 -0.392123 -0.669732 0.630634 0.000000 0.000000
  24 28.402860 -2.198919 1.024914 -0.494724 -0.562126 0.662769 0.000000 0.000000
  24 28.534396 -2.417420 0.940324 -0.510679 -0.757059 0.407515 0.000000 0.000000
rubbergloveCHROME.bmp
  24 28.534396 -2.417420 0.940324 -0.510679 -0.757059 0.407515 0.000000 0.000000
  24 28.402860 -2.198919 1.024914 -0.494724 -0.562126 0.662769 0.000000 0.000000
  24 28.332951 -2.252041 0.918656 -0.590656 -0.692451 0.414291 0.000000 0.000000
rubbergloveCHROME.bmp
  24 28.402860 -2.198919 1.024914 -0.494724 -0.562126 0.662769 0.000000 0.000000
  24 28.211446 -2.056190 0.986325 -0.494724 -0.562126 0.662769 0.000000 0.000000
  24 28.332951 -2.252041 0.918656 -0.590656 -0.692451 0.414291 0.000000 0.000000
rubbergloveCHROME.bmp
  24 28.332951 -2.252041 0.918656 -0.590656 -0.692451 0.414291 0.000000 0.000000
  24 28.211446 -2.056190 0.986325 -0.494724 -0.562126 0.662769 0.000000 0.000000
  24 28.166154 -2.148230 0.917207 -0.632354 -0.712709 0.303602 0.000000 0.000000
rubbergloveCHROME.bmp
  24 28.211446 -2.056190 0.986325 -0.494724 -0.562126 0.662769 0.000000 0.000000
  23 27.939906 -1.915092 0.936913 -0.454745 -0.729321 0.511173 0.000000 0.000000
  24 28.166154 -2.148230 0.917207 -0.632354 -0.712709 0.303602 0.000000 0.000000
rubbergloveCHROME.bmp
  17 -25.217200 -1.077598 -2.395539 0.241571 -0.366977 0.898316 0.000000 0.000000
  17 -24.924321 -1.043136 -2.609862 0.702111 -0.591839 0.395937 0.000000 0.000000
  17 -25.090282 -0.944440 -2.379392 0.292778 -0.433758 0.852136 0.000000 0.000000
rubbergloveCHROME.bmp
  17 -25.090282 -0.944440 -2.379392 0.292778 -0.433758 0.852136 0.000000 0.000000
  17 -24.924321 -1.043136 -2.609862 0.702111 -0.591839 0.395937 0.000000 0.000000
  17 -24.818235 -0.914971 -2.568395 0.589757 -0.706494 0.391219 0.000000 0.000000
rubbergloveCHROME.bmp
  17 -24.924321 -1.043136 -2.609862 0.702111 -0.591839 0.395937 0.000000 0.000000
  17 -24.870095 -1.027017 -2.834584 0.789411 -0.530829 -0.308304 0.000000 0.000000
  17 -24.818235 -0.914971 -2.568395 0.589757 -0.706494 0.391219 0.000000 0.000000
rubbergloveCHROME.bmp
  17 -24.818235 -0.914971 -2.568395 0.589757 -0.706494 0.391219 0.000000 0.000000
  17 -24.870095 -1.027017 -2.834584 0.789411 -0.530829 -0.308304 0.000000 0.000000
  17 -24.758956 -0.868162 -2.838201 0.659852 -0.638312 -0.396426 0.000000 0.000000
rubbergloveCHROME.bmp
  17 -24.870095 -1.027017 -2.834584 0.789411 -0.530829 -0.308304 0.000000 0.000000
  17 -24.924154 -0.957342 -2.928514 0.702370 -0.458456 -0.544513 0.000000 0.000000
  17 -24.758956 -0.868162 -2.838201 0.659852 -0.638312 -0.396426 0.000000 0.000000
rubbergloveCHROME.bmp
  17 -24.758956 -0.868162 -2.838201 0.659852 -0.638312 -0.396426 0.000000 0.000000
  17 -24.924154 -0.957342 -2.928514 0.702370 -0.458456 -0.544513 0.000000 0.000000
  17 -24.810651 -0.796581 -2.941659 0.662698 -0.563144 -0.493659 0.000000 0.000000
rubbergloveCHROME.bmp
  10 -25.171060 -1.105772 -0.429437 0.564668 -0.703309 0.431864 0.000000 0.000000
  10 -25.237312 -1.005019 -0.308360 0.407082 -0.414101 0.814128 0.000000 0.000000
  10 -25.423545 -1.171465 -0.322966 0.372033 -0.572149 0.730915 0.000000 0.000000
rubbergloveCHROME.bmp
  10 -25.171060 -1.105772 -0.429437 0.564668 -0.703309 0.431864 0.000000 0.000000
  10 -24.834287 -0.777968 -0.400655 0.431750 -0.538505 0.723605 0.000000 0.000000
  10 -25.237312 -1.005019 -0.308360 0.407082 -0.414101 0.814128 0.000000 0.000000
rubbergloveCHROME.bmp
  10 -25.171060 -1.105772 -0.429437 0.564668 -0.703309 0.431864 0.000000 0.000000
  10 -24.813247 -0.824021 -0.671277 0.649984 -0.757651 -0.059041 0.000000 0.000000
  10 -24.834287 -0.777968 -0.400655 0.431750 -0.538505 0.723605 0.000000 0.000000
rubbergloveCHROME.bmp
  10 -25.171060 -1.105772 -0.429437 0.564668 -0.703309 0.431864 0.000000 0.000000
  10 -25.104708 -1.098056 -0.678711 0.649984 -0.757651 -0.059041 0.000000 0.000000
  10 -24.813247 -0.824021 -0.671277 0.649984 -0.757651 -0.059041 0.000000 0.000000
rubbergloveCHROME.bmp
  10 -25.171060 -1.105772 -0.429437 0.564668 -0.703309 0.431864 0.000000 0.000000
  10 -25.413674 -1.268893 -0.454535 0.530866 -0.735017 0.421819 0.000000 0.000000
  10 -25.104708 -1.098056 -0.678711 0.649984 -0.757651 -0.059041 0.000000 0.000000
rubbergloveCHROME.bmp
  10 -25.171060 -1.105772 -0.429437 0.564668 -0.703309 0.431864 0.000000 0.000000
  10 -25.423545 -1.171465 -0.322966 0.372033 -0.572149 0.730915 0.000000 0.000000
  10 -25.413674 -1.268893 -0.454535 0.530866 -0.735017 0.421819 0.000000 0.000000
rubbergloveCHROME.bmp
  11 -25.676855 -1.328849 -1.018198 0.377351 -0.579613 -0.722257 0.000000 0.000000
  10 -25.599149 -1.134637 -1.064186 0.290788 -0.435453 -0.851953 0.000000 0.000000
  10 -25.448735 -1.215589 -0.964073 0.484195 -0.627841 -0.609403 0.000000 0.000000
rubbergloveCHROME.bmp
  11 -25.676855 -1.328849 -1.018198 0.377351 -0.579613 -0.722257 0.000000 0.000000
  11 -25.758506 -1.240446 -1.077512 0.248402 -0.403225 -0.880742 0.000000 0.000000
  10 -25.599149 -1.134637 -1.064186 0.290788 -0.435453 -0.851953 0.000000 0.000000
rubbergloveCHROME.bmp
  11 -25.676855 -1.328849 -1.018198 0.377351 -0.579613 -0.722257 0.000000 0.000000
  11 -25.843059 -1.444017 -1.021745 0.390597 -0.511452 -0.765409 0.000000 0.000000
  11 -25.758506 -1.240446 -1.077512 0.248402 -0.403225 -0.880742 0.000000 0.000000
rubbergloveCHROME.bmp
  11 -25.676855 -1.328849 -1.018198 0.377351 -0.579613 -0.722257 0.000000 0.000000
  11 -25.749639 -1.550350 -0.762582 0.567540 -0.767561 -0.297906 0.000000 0.000000
  11 -25.843059 -1.444017 -1.021745 0.390597 -0.511452 -0.765409 0.000000 0.000000
rubbergloveCHROME.bmp
  11 -25.676855 -1.328849 -1.018198 0.377351 -0.579613 -0.722257 0.000000 0.000000
  11 -25.583532 -1.435350 -0.749036 0.521197 -0.794927 -0.310555 0.000000 0.000000
  11 -25.749639 -1.550350 -0.762582 0.567540 -0.767561 -0.297906 0.000000 0.000000
rubbergloveCHROME.bmp
  11 -25.676855 -1.328849 -1.018198 0.377351 -0.579613 -0.722257 0.000000 0.000000
  10 -25.448735 -1.215589 -0.964073 0.484195 -0.627841 -0.609403 0.000000 0.000000
  11 -25.583532 -1.435350 -0.749036 0.521197 -0.794927 -0.310555 0.000000 0.000000
rubbergloveCHROME.bmp
  12 -26.532653 -2.214830 -0.961381 0.627870 -0.465210 -0.623987 0.000000 0.000000
  12 -26.627627 -2.436880 -0.766000 0.572336 -0.810144 -0.126880 0.000000 0.000000
  12 -26.660332 -2.369025 -1.005220 0.470535 -0.648846 -0.597993 0.000000 0.000000
rubbergloveCHROME.bmp
  12 -26.660332 -2.369025 -1.005220 0.470535 -0.648846 -0.597993 0.000000 0.000000
  12 -26.627627 -2.436880 -0.766000 0.572336 -0.810144 -0.126880 0.000000 0.000000
  12 -26.826255 -2.563096 -0.770048 0.315620 -0.936282 -0.154142 0.000000 0.000000
rubbergloveCHROME.bmp
  12 -26.627627 -2.436880 -0.766000 0.572336 -0.810144 -0.126880 0.000000 0.000000
  12 -26.863533 -2.545233 -0.560068 0.303964 -0.873036 0.381332 0.000000 0.000000
  12 -26.826255 -2.563096 -0.770048 0.315620 -0.936282 -0.154142 0.000000 0.000000
rubbergloveCHROME.bmp
  12 -26.826255 -2.563096 -0.770048 0.315620 -0.936282 -0.154142 0.000000 0.000000
  12 -26.863533 -2.545233 -0.560068 0.303964 -0.873036 0.381332 0.000000 0.000000
  12 -27.117784 -2.599442 -0.623454 -0.107323 -0.958817 0.262966 0.000000 0.000000
rubbergloveCHROME.bmp
  12 -26.863533 -2.545233 -0.560068 0.303964 -0.873036 0.381332 0.000000 0.000000
  12 -27.112059 -2.524738 -0.442107 0.072924 -0.816629 0.572537 0.000000 0.000000
  12 -27.117784 -2.599442 -0.623454 -0.107323 -0.958817 0.262966 0.000000 0.000000
rubbergloveCHROME.bmp
  12 -27.117784 -2.599442 -0.623454 -0.107323 -0.958817 0.262966 0.000000 0.000000
  12 -27.112059 -2.524738 -0.442107 0.072924 -0.816629 0.572537 0.000000 0.000000
  12 -27.196204 -2.537085 -0.523145 -0.242405 -0.911467 0.332366 0.000000 0.000000
rubbergloveCHROME.bmp
  15 -26.963633 -2.270089 -1.603412 -0.381614 -0.324391 0.865530 0.000000 0.000000
  15 -26.774122 -2.088465 -1.463418 -0.279485 -0.223997 0.933656 0.000000 0.000000
  15 -26.847748 -2.049911 -1.508057 -0.300190 -0.089840 0.949639 0.000000 0.000000
rubbergloveCHROME.bmp
  15 -26.847748 -2.049911 -1.508057 -0.300190 -0.089840 0.949639 0.000000 0.000000
  15 -26.774122 -2.088465 -1.463418 -0.279485 -0.223997 0.933656 0.000000 0.000000
  15 -26.710021 -1.894054 -1.477400 -0.298391 0.014842 0.954328 0.000000 0.000000
rubbergloveCHROME.bmp
  15 -26.774122 -2.088465 -1.463418 -0.279485 -0.223997 0.933656 0.000000 0.000000
  15 -26.641953 -1.952781 -1.445495 -0.208920 -0.083881 0.974329 0.000000 0.000000
  15 -26.710021 -1.894054 -1.477400 -0.298391 0.014842 0.954328 0.000000 0.000000
rubbergloveCHROME.bmp
  15 -26.710021 -1.894054 -1.477400 -0.298391 0.014842 0.954328 0.000000 0.000000
  15 -26.641953 -1.952781 -1.445495 -0.208920 -0.083881 0.974329 0.000000 0.000000
  15 -26.574408 -1.682898 -1.431334 -0.313752 0.341896 0.885814 0.000000 0.000000
rubbergloveCHROME.bmp
  15 -26.641953 -1.952781 -1.445495 -0.208920 -0.083881 0.974329 0.000000 0.000000
  15 -26.479876 -1.771535 -1.379305 -0.163987 -0.099031 0.981479 0.000000 0.000000
  15 -26.574408 -1.682898 -1.431334 -0.313752 0.341896 0.885814 0.000000 0.000000
rubbergloveCHROME.bmp
  15 -26.574408 -1.682898 -1.431334 -0.313752 0.341896 0.885814 0.000000 0.000000
  15 -26.479876 -1.771535 -1.379305 -0.163987 -0.099031 0.981479 0.000000 0.000000
  15 -26.331755 -1.475838 -1.323418 -0.358165 0.063961 0.931465 0.000000 0.000000
rubbergloveCHROME.bmp
  14 -26.188496 -1.168954 -2.176778 -0.196026 0.328852 -0.923813 0.000000 0.000000
  14 -26.302546 -1.084512 -2.160598 -0.372735 0.404329 -0.835216 0.000000 0.000000
  14 -26.075941 -1.003094 -2.137766 -0.163534 0.252436 -0.953694 0.000000 0.000000
rubbergloveCHROME.bmp
  14 -26.075941 -1.003094 -2.137766 -0.163534 0.252436 -0.953694 0.000000 0.000000
  14 -26.302546 -1.084512 -2.160598 -0.372735 0.404329 -0.835216 0.000000 0.000000
  14 -26.166496 -0.881871 -2.135555 -0.442719 0.456985 -0.771469 0.000000 0.000000
rubbergloveCHROME.bmp
  14 -26.302546 -1.084512 -2.160598 -0.372735 0.404329 -0.835216 0.000000 0.000000
  14 -26.405996 -1.044535 -1.985955 -0.725559 0.598455 -0.339729 0.000000 0.000000
  14 -26.166496 -0.881871 -2.135555 -0.442719 0.456985 -0.771469 0.000000 0.000000
rubbergloveCHROME.bmp
  14 -26.166496 -0.881871 -2.135555 -0.442719 0.456985 -0.771469 0.000000 0.000000
  14 -26.405996 -1.044535 -1.985955 -0.725559 0.598455 -0.339729 0.000000 0.000000
  14 -26.239177 -0.853511 -1.918269 -0.718436 0.669299 -0.189444 0.000000 0.000000
rubbergloveCHROME.bmp
  14 -26.405996 -1.044535 -1.985955 -0.725559 0.598455 -0.339729 0.000000 0.000000
  14 -26.467464 -1.033449 -1.809606 -0.794455 0.606958 -0.021055 0.000000 0.000000
  14 -26.239177 -0.853511 -1.918269 -0.718436 0.669299 -0.189444 0.000000 0.000000
rubbergloveCHROME.bmp
  14 -26.239177 -0.853511 -1.918269 -0.718436 0.669299 -0.189444 0.000000 0.000000
  14 -26.467464 -1.033449 -1.809606 -0.794455 0.606958 -0.021055 0.000000 0.000000
  14 -26.248338 -0.861438 -1.768425 -0.741508 0.668692 0.054926 0.000000 0.000000
rubbergloveCHROME.bmp
  18 -25.866065 -1.627511 -2.823979 -0.113983 -0.972011 0.205431 0.000000 0.000000
  18 -25.824039 -1.583035 -2.752176 -0.065896 -0.958447 0.277557 0.000000 0.000000
  18 -25.896733 -1.552212 -2.659087 -0.181887 -0.756762 0.627877 0.000000 0.000000
rubbergloveCHROME.bmp
  18 -25.866065 -1.627511 -2.823979 -0.113983 -0.972011 0.205431 0.000000 0.000000
  18 -25.755075 -1.633613 -2.892125 0.077821 -0.991327 0.105898 0.000000 0.000000
  18 -25.824039 -1.583035 -2.752176 -0.065896 -0.958447 0.277557 0.000000 0.000000
rubbergloveCHROME.bmp
  18 -25.866065 -1.627511 -2.823979 -0.113983 -0.972011 0.205431 0.000000 0.000000
  18 -25.823407 -1.632766 -2.940395 -0.127121 -0.991868 0.006192 0.000000 0.000000
  18 -25.755075 -1.633613 -2.892125 0.077821 -0.991327 0.105898 0.000000 0.000000
rubbergloveCHROME.bmp
  18 -25.866065 -1.627511 -2.823979 -0.113983 -0.972011 0.205431 0.000000 0.000000
  18 -25.935874 -1.604944 -2.983721 -0.474765 -0.873985 -0.103678 0.000000 0.000000
  18 -25.823407 -1.632766 -2.940395 -0.127121 -0.991868 0.006192 0.000000 0.000000
rubbergloveCHROME.bmp
  18 -25.866065 -1.627511 -2.823979 -0.113983 -0.972011 0.205431 0.000000 0.000000
  18 -25.965431 -1.585155 -2.829660 -0.542938 -0.822218 0.170811 0.000000 0.000000
  18 -25.935874 -1.604944 -2.983721 -0.474765 -0.873985 -0.103678 0.000000 0.000000
rubbergloveCHROME.bmp
  18 -25.866065 -1.627511 -2.823979 -0.113983 -0.972011 0.205431 0.000000 0.000000
  18 -25.896733 -1.552212 -2.659087 -0.181887 -0.756762 0.627877 0.000000 0.000000
  18 -25.965431 -1.585155 -2.829660 -0.542938 -0.822218 0.170811 0.000000 0.000000
rubbergloveCHROME.bmp
  9 -26.529683 -1.679854 1.250470 0.370975 0.445086 0.815031 0.000000 0.000000
  9 -26.768101 -1.796694 1.252722 -0.476287 0.462710 0.747696 0.000000 0.000000
  9 -26.666134 -1.894537 1.287787 0.026787 0.112001 0.993347 0.000000 0.000000
rubbergloveCHROME.bmp
  9 -26.666134 -1.894537 1.287787 0.026787 0.112001 0.993347 0.000000 0.000000
  9 -26.768101 -1.796694 1.252722 -0.476287 0.462710 0.747696 0.000000 0.000000
  9 -26.926884 -2.030223 1.233948 -0.544118 0.433524 0.718326 0.000000 0.000000
rubbergloveCHROME.bmp
  9 -26.768101 -1.796694 1.252722 -0.476287 0.462710 0.747696 0.000000 0.000000
  9 -26.824345 -1.762722 1.146033 -0.669160 0.570230 0.476511 0.000000 0.000000
  9 -26.926884 -2.030223 1.233948 -0.544118 0.433524 0.718326 0.000000 0.000000
rubbergloveCHROME.bmp
  9 -26.926884 -2.030223 1.233948 -0.544118 0.433524 0.718326 0.000000 0.000000
  9 -26.824345 -1.762722 1.146033 -0.669160 0.570230 0.476511 0.000000 0.000000
  9 -26.969333 -2.010718 1.126627 -0.695218 0.526419 0.489444 0.000000 0.000000
rubbergloveCHROME.bmp
  9 -26.824345 -1.762722 1.146033 -0.669160 0.570230 0.476511 0.000000 0.000000
  9 -26.883147 -1.741984 0.969930 -0.699888 0.587610 0.406043 0.000000 0.000000
  9 -26.969333 -2.010718 1.126627 -0.695218 0.526419 0.489444 0.000000 0.000000
rubbergloveCHROME.bmp
  9 -26.969333 -2.010718 1.126627 -0.695218 0.526419 0.489444 0.000000 0.000000
  9 -26.883147 -1.741984 0.969930 -0.699888 0.587610 0.406043 0.000000 0.000000
  9 -27.047692 -1.981507 0.962595 -0.699888 0.587610 0.406043 0.000000 0.000000
rubbergloveCHROME.bmp
  9 -26.560746 -1.985534 1.240746 0.243240 -0.120107 0.962501 0.000000 0.000000
  9 -26.243325 -1.981109 1.105750 0.407918 -0.397784 0.821809 0.000000 0.000000
  9 -26.396922 -1.813871 1.203419 0.125227 0.055012 0.990602 0.000000 0.000000
rubbergloveCHROME.bmp
  9 -26.396922 -1.813871 1.203419 0.125227 0.055012 0.990602 0.000000 0.000000
  9 -26.243325 -1.981109 1.105750 0.407918 -0.397784 0.821809 0.000000 0.000000
  9 -26.220364 -1.617843 1.202757 0.013777 0.020784 0.999689 0.000000 0.000000
rubbergloveCHROME.bmp
  9 -26.243325 -1.981109 1.105750 0.407918 -0.397784 0.821809 0.000000 0.000000
  9 -26.025167 -1.814398 1.101940 0.348626 -0.495684 0.795460 0.000000 0.000000
  9 -26.220364 -1.617843 1.202757 0.013777 0.020784 0.999689 0.000000 0.000000
rubbergloveCHROME.bmp
  9 -26.220364 -1.617843 1.202757 0.013777 0.020784 0.999689 0.000000 0.000000
  9 -26.025167 -1.814398 1.101940 0.348626 -0.495684 0.795460 0.000000 0.000000
  8 -26.063771 -1.455215 1.167203 -0.014631 0.031478 0.999397 0.000000 0.000000
rubbergloveCHROME.bmp
  9 -26.025167 -1.814398 1.101940 0.348626 -0.495684 0.795460 0.000000 0.000000
  8 -25.860996 -1.688184 1.119165 0.398094 -0.563340 0.723995 0.000000 0.000000
  8 -26.063771 -1.455215 1.167203 -0.014631 0.031478 0.999397 0.000000 0.000000
rubbergloveCHROME.bmp
  8 -26.063771 -1.455215 1.167203 -0.014631 0.031478 0.999397 0.000000 0.000000
  8 -25.860996 -1.688184 1.119165 0.398094 -0.563340 0.723995 0.000000 0.000000
  8 -25.648366 -1.494007 1.083335 0.445824 -0.305286 0.841452 0.000000 0.000000
rubbergloveCHROME.bmp
  6 -23.910712 -1.055705 2.401591 0.470132 0.237967 0.849910 0.000000 0.000000
  6 -24.042265 -1.177535 2.503331 0.187374 -0.066507 0.980035 0.000000 0.000000
  6 -23.867954 -1.325756 2.394950 0.528807 -0.477910 0.701403 0.000000 0.000000
rubbergloveCHROME.bmp
  6 -23.910712 -1.055705 2.401591 0.470132 0.237967 0.849910 0.000000 0.000000
  6 -24.075996 -0.883428 2.403014 0.207925 0.475117 0.855004 0.000000 0.000000
  6 -24.042265 -1.177535 2.503331 0.187374 -0.066507 0.980035 0.000000 0.000000
rubbergloveCHROME.bmp
  6 -23.910712 -1.055705 2.401591 0.470132 0.237967 0.849910 0.000000 0.000000
  6 -23.870716 -0.625903 2.166918 0.139156 0.419298 0.897120 0.000000 0.000000
  6 -24.075996 -0.883428 2.403014 0.207925 0.475117 0.855004 0.000000 0.000000
rubbergloveCHROME.bmp
  6 -23.910712 -1.055705 2.401591 0.470132 0.237967 0.849910 0.000000 0.000000
  6 -23.626052 -0.808979 2.152001 0.371601 0.149479 0.916280 0.000000 0.000000
  6 -23.870716 -0.625903 2.166918 0.139156 0.419298 0.897120 0.000000 0.000000
rubbergloveCHROME.bmp
  6 -23.910712 -1.055705 2.401591 0.470132 0.237967 0.849910 0.000000 0.000000
  6 -23.700228 -1.195020 2.254323 0.708619 -0.239377 0.663745 0.000000 0.000000
  6 -23.626052 -0.808979 2.152001 0.371601 0.149479 0.916280 0.000000 0.000000
rubbergloveCHROME.bmp
  6 -23.910712 -1.055705 2.401591 0.470132 0.237967 0.849910 0.000000 0.000000
  6 -23.867954 -1.325756 2.394950 0.528807 -0.477910 0.701403 0.000000 0.000000
  6 -23.700228 -1.195020 2.254323 0.708619 -0.239377 0.663745 0.000000 0.000000
rubbergloveCHROME.bmp
  6 -24.579567 -0.880093 2.187365 -0.962227 0.202555 0.181908 0.000000 0.000000
  6 -24.531279 -1.040081 2.288221 -0.931612 -0.278562 0.233456 0.000000 0.000000
  6 -24.474226 -0.834613 2.311199 -0.694544 0.462239 0.551311 0.000000 0.000000
rubbergloveCHROME.bmp
  6 -24.474226 -0.834613 2.311199 -0.694544 0.462239 0.551311 0.000000 0.000000
  6 -24.531279 -1.040081 2.288221 -0.931612 -0.278562 0.233456 0.000000 0.000000
  6 -24.506306 -1.005005 2.347770 -0.796176 -0.039618 0.603766 0.000000 0.000000
rubbergloveCHROME.bmp
  6 -24.531279 -1.040081 2.288221 -0.931612 -0.278562 0.233456 0.000000 0.000000
  6 -24.422418 -1.149878 2.364339 -0.732160 -0.563001 0.383369 0.000000 0.000000
  6 -24.506306 -1.005005 2.347770 -0.796176 -0.039618 0.603766 0.000000 0.000000
rubbergloveCHROME.bmp
  6 -24.506306 -1.005005 2.347770 -0.796176 -0.039618 0.603766 0.000000 0.000000
  6 -24.422418 -1.149878 2.364339 -0.732160 -0.563001 0.383369 0.000000 0.000000
  6 -24.397031 -1.087390 2.456267 -0.544151 -0.234837 0.805451 0.000000 0.000000
rubbergloveCHROME.bmp
  6 -24.422418 -1.149878 2.364339 -0.732160 -0.563001 0.383369 0.000000 0.000000
  6 -24.318814 -1.257483 2.407784 -0.529671 -0.677555 0.510263 0.000000 0.000000
  6 -24.397031 -1.087390 2.456267 -0.544151 -0.234837 0.805451 0.000000 0.000000
rubbergloveCHROME.bmp
  6 -24.397031 -1.087390 2.456267 -0.544151 -0.234837 0.805451 0.000000 0.000000
  6 -24.318814 -1.257483 2.407784 -0.529671 -0.677555 0.510263 0.000000 0.000000
  6 -24.273078 -1.171723 2.467395 -0.331658 -0.332893 0.882715 0.000000 0.000000
rubbergloveCHROME.bmp
  33 28.105138 -1.430861 -2.896424 0.982534 -0.106035 -0.152918 0.000000 0.000000
  33 28.009574 -1.266083 -2.881729 0.850139 0.503637 -0.153666 0.000000 0.000000
  33 28.101853 -1.422920 -2.789064 0.977634 0.099660 0.185199 0.000000 0.000000
rubbergloveCHROME.bmp
  33 28.101853 -1.422920 -2.789064 0.977634 0.099660 0.185199 0.000000 0.000000
  33 28.009574 -1.266083 -2.881729 0.850139 0.503637 -0.153666 0.000000 0.000000
  33 27.997916 -1.247422 -2.717669 0.847527 0.462810 0.259818 0.000000 0.000000
rubbergloveCHROME.bmp
  33 28.009574 -1.266083 -2.881729 0.850139 0.503637 -0.153666 0.000000 0.000000
  33 27.860166 -1.047298 -2.842870 0.796930 0.583931 -0.154686 0.000000 0.000000
  33 27.997916 -1.247422 -2.717669 0.847527 0.462810 0.259818 0.000000 0.000000
rubbergloveCHROME.bmp
  33 27.997916 -1.247422 -2.717669 0.847527 0.462810 0.259818 0.000000 0.000000
  33 27.860166 -1.047298 -2.842870 0.796930 0.583931 -0.154686 0.000000 0.000000
  33 27.852958 -1.046327 -2.662462 0.844669 0.493610 0.207085 0.000000 0.000000
rubbergloveCHROME.bmp
  33 27.860166 -1.047298 -2.842870 0.796930 0.583931 -0.154686 0.000000 0.000000
  33 27.730251 -0.763593 -2.806353 0.535216 0.839880 -0.090248 0.000000 0.000000
  33 27.852958 -1.046327 -2.662462 0.844669 0.493610 0.207085 0.000000 0.000000
rubbergloveCHROME.bmp
  33 27.852958 -1.046327 -2.662462 0.844669 0.493610 0.207085 0.000000 0.000000
  33 27.730251 -0.763593 -2.806353 0.535216 0.839880 -0.090248 0.000000 0.000000
  33 27.713199 -0.808443 -2.611679 0.396087 0.844480 0.360512 0.000000 0.000000
rubbergloveCHROME.bmp
  29 28.309610 -1.091471 -2.162074 0.372730 0.404332 -0.835217 0.000000 0.000000
  30 28.516097 -1.200444 -1.993382 0.790310 0.531458 -0.304898 0.000000 0.000000
  30 28.408815 -1.250387 -2.188821 0.389978 0.383259 -0.837275 0.000000 0.000000
rubbergloveCHROME.bmp
  29 28.309610 -1.091471 -2.162074 0.372730 0.404332 -0.835217 0.000000 0.000000
  29 28.422205 -1.046314 -1.967695 0.725557 0.598461 -0.339722 0.000000 0.000000
  30 28.516097 -1.200444 -1.993382 0.790310 0.531458 -0.304898 0.000000 0.000000
rubbergloveCHROME.bmp
  29 28.309610 -1.091471 -2.162074 0.372730 0.404332 -0.835217 0.000000 0.000000
  29 28.166676 -0.910062 -2.138400 0.442718 0.456986 -0.771469 0.000000 0.000000
  29 28.422205 -1.046314 -1.967695 0.725557 0.598461 -0.339722 0.000000 0.000000
rubbergloveCHROME.bmp
  29 28.309610 -1.091471 -2.162074 0.372730 0.404332 -0.835217 0.000000 0.000000
  29 28.074844 -1.002154 -2.147668 0.163532 0.252434 -0.953695 0.000000 0.000000
  29 28.166676 -0.910062 -2.138400 0.442718 0.456986 -0.771469 0.000000 0.000000
rubbergloveCHROME.bmp
  29 28.309610 -1.091471 -2.162074 0.372730 0.404332 -0.835217 0.000000 0.000000
  29 28.194379 -1.160854 -2.186729 0.196023 0.328858 -0.923811 0.000000 0.000000
  29 28.074844 -1.002154 -2.147668 0.163532 0.252434 -0.953695 0.000000 0.000000
rubbergloveCHROME.bmp
  29 28.309610 -1.091471 -2.162074 0.372730 0.404332 -0.835217 0.000000 0.000000
  30 28.408815 -1.250387 -2.188821 0.389978 0.383259 -0.837275 0.000000 0.000000
  29 28.194379 -1.160854 -2.186729 0.196023 0.328858 -0.923811 0.000000 0.000000
rubbergloveCHROME.bmp
  25 27.157718 -1.120728 -0.429571 -0.564669 -0.703308 0.431865 0.000000 0.000000
  25 26.836045 -0.806589 -0.381161 -0.431754 -0.538504 0.723603 0.000000 0.000000
  25 26.808437 -0.860264 -0.641846 -0.649988 -0.757648 -0.059038 0.000000 0.000000
rubbergloveCHROME.bmp
  25 27.157718 -1.120728 -0.429571 -0.564669 -0.703308 0.431865 0.000000 0.000000
  25 27.235826 -0.977001 -0.297883 -0.407083 -0.414102 0.814127 0.000000 0.000000
  25 26.836045 -0.806589 -0.381161 -0.431754 -0.538504 0.723603 0.000000 0.000000
rubbergloveCHROME.bmp
  25 27.157718 -1.120728 -0.429571 -0.564669 -0.703308 0.431865 0.000000 0.000000
  25 27.440112 -1.213248 -0.313839 -0.372033 -0.572152 0.730913 0.000000 0.000000
  25 27.235826 -0.977001 -0.297883 -0.407083 -0.414102 0.814127 0.000000 0.000000
rubbergloveCHROME.bmp
  25 27.157718 -1.120728 -0.429571 -0.564669 -0.703308 0.431865 0.000000 0.000000
  25 27.401215 -1.298136 -0.444916 -0.530865 -0.735018 0.421820 0.000000 0.000000
  25 27.440112 -1.213248 -0.313839 -0.372033 -0.572152 0.730913 0.000000 0.000000
rubbergloveCHROME.bmp
  25 27.157718 -1.120728 -0.429571 -0.564669 -0.703308 0.431865 0.000000 0.000000
  25 27.133725 -1.110645 -0.679216 -0.649988 -0.757648 -0.059038 0.000000 0.000000
  25 27.401215 -1.298136 -0.444916 -0.530865 -0.735018 0.421820 0.000000 0.000000
rubbergloveCHROME.bmp
  25 27.157718 -1.120728 -0.429571 -0.564669 -0.703308 0.431865 0.000000 0.000000
  25 26.808437 -0.860264 -0.641846 -0.649988 -0.757648 -0.059038 0.000000 0.000000
  25 27.133725 -1.110645 -0.679216 -0.649988 -0.757648 -0.059038 0.000000 0.000000
rubbergloveCHROME.bmp
  27 29.103452 -2.585269 -0.633090 0.107327 -0.958817 0.262966 0.000000 0.000000
  27 28.797878 -2.549165 -0.769550 -0.315618 -0.936283 -0.154143 0.000000 0.000000
  27 29.109566 -2.604590 -0.743495 0.253706 -0.965201 -0.063398 0.000000 0.000000
rubbergloveCHROME.bmp
  27 29.103452 -2.585269 -0.633090 0.107327 -0.958817 0.262966 0.000000 0.000000
  27 28.821015 -2.531377 -0.559435 -0.303965 -0.873035 0.381333 0.000000 0.000000
  27 28.797878 -2.549165 -0.769550 -0.315618 -0.936283 -0.154143 0.000000 0.000000
rubbergloveCHROME.bmp
  27 29.103452 -2.585269 -0.633090 0.107327 -0.958817 0.262966 0.000000 0.000000
  27 29.076575 -2.503776 -0.441422 -0.072920 -0.816629 0.572539 0.000000 0.000000
  27 28.821015 -2.531377 -0.559435 -0.303965 -0.873035 0.381333 0.000000 0.000000
rubbergloveCHROME.bmp
  27 29.103452 -2.585269 -0.633090 0.107327 -0.958817 0.262966 0.000000 0.000000
  27 29.175056 -2.516384 -0.502599 0.242412 -0.911466 0.332366 0.000000 0.000000
  27 29.076575 -2.503776 -0.441422 -0.072920 -0.816629 0.572539 0.000000 0.000000
rubbergloveCHROME.bmp
  27 29.103452 -2.585269 -0.633090 0.107327 -0.958817 0.262966 0.000000 0.000000
  27 29.230434 -2.528039 -0.633356 0.371550 -0.918917 0.132444 0.000000 0.000000
  27 29.175056 -2.516384 -0.502599 0.242412 -0.911466 0.332366 0.000000 0.000000
rubbergloveCHROME.bmp
  27 29.103452 -2.585269 -0.633090 0.107327 -0.958817 0.262966 0.000000 0.000000
  27 29.109566 -2.604590 -0.743495 0.253706 -0.965201 -0.063398 0.000000 0.000000
  27 29.230434 -2.528039 -0.633356 0.371550 -0.918917 0.132444 0.000000 0.000000
rubbergloveCHROME.bmp
  33 27.882157 -1.629095 -2.817795 0.113983 -0.972011 0.205431 0.000000 0.000000
  33 27.988254 -1.593490 -2.826497 0.542938 -0.822218 0.170811 0.000000 0.000000
  33 27.908180 -1.562828 -2.643063 0.181888 -0.756762 0.627876 0.000000 0.000000
rubbergloveCHROME.bmp
  33 27.882157 -1.629095 -2.817795 0.113983 -0.972011 0.205431 0.000000 0.000000
  33 27.949685 -1.617467 -2.958169 0.481043 -0.868967 -0.116162 0.000000 0.000000
  33 27.988254 -1.593490 -2.826497 0.542938 -0.822218 0.170811 0.000000 0.000000
rubbergloveCHROME.bmp
  33 27.882157 -1.629095 -2.817795 0.113983 -0.972011 0.205431 0.000000 0.000000
  33 27.848593 -1.643007 -2.927704 0.127121 -0.991868 0.006193 0.000000 0.000000
  33 27.949685 -1.617467 -2.958169 0.481043 -0.868967 -0.116162 0.000000 0.000000
rubbergloveCHROME.bmp
  33 27.882157 -1.629095 -2.817795 0.113983 -0.972011 0.205431 0.000000 0.000000
  33 27.750697 -1.628820 -2.879588 -0.077821 -0.991327 0.105898 0.000000 0.000000
  33 27.848593 -1.643007 -2.927704 0.127121 -0.991868 0.006193 0.000000 0.000000
rubbergloveCHROME.bmp
  33 27.882157 -1.629095 -2.817795 0.113983 -0.972011 0.205431 0.000000 0.000000
  33 27.835209 -1.607529 -2.738860 0.065896 -0.958447 0.277556 0.000000 0.000000
  33 27.750697 -1.628820 -2.879588 -0.077821 -0.991327 0.105898 0.000000 0.000000
rubbergloveCHROME.bmp
  33 27.882157 -1.629095 -2.817795 0.113983 -0.972011 0.205431 0.000000 0.000000
  33 27.908180 -1.562828 -2.643063 0.181888 -0.756762 0.627876 0.000000 0.000000
  33 27.835209 -1.607529 -2.738860 0.065896 -0.958447 0.277556 0.000000 0.000000
rubbergloveCHROME.bmp
  33 28.044762 -1.548290 -2.768498 0.642016 -0.658204 0.393170 0.000000 0.000000
  33 27.984908 -1.485467 -2.678106 0.594364 -0.242813 0.766664 0.000000 0.000000
  33 27.977428 -1.533195 -2.654313 0.588405 -0.520212 0.618998 0.000000 0.000000
rubbergloveCHROME.bmp
  33 27.977428 -1.533195 -2.654313 0.588405 -0.520212 0.618998 0.000000 0.000000
  33 27.984908 -1.485467 -2.678106 0.594364 -0.242813 0.766664 0.000000 0.000000
  33 27.852550 -1.391922 -2.553083 0.460771 -0.102867 0.881538 0.000000 0.000000
rubbergloveCHROME.bmp
  33 27.984908 -1.485467 -2.678106 0.594364 -0.242813 0.766664 0.000000 0.000000
  33 27.857944 -1.328410 -2.583696 0.492053 0.049910 0.869133 0.000000 0.000000
  33 27.852550 -1.391922 -2.553083 0.460771 -0.102867 0.881538 0.000000 0.000000
rubbergloveCHROME.bmp
  33 27.852550 -1.391922 -2.553083 0.460771 -0.102867 0.881538 0.000000 0.000000
  33 27.857944 -1.328410 -2.583696 0.492053 0.049910 0.869133 0.000000 0.000000
  33 27.654724 -1.208113 -2.477723 0.457095 0.078075 0.885984 0.000000 0.000000
rubbergloveCHROME.bmp
  33 27.857944 -1.328410 -2.583696 0.492053 0.049910 0.869133 0.000000 0.000000
  33 27.749002 -1.162976 -2.534064 0.426515 0.066705 0.902017 0.000000 0.000000
  33 27.654724 -1.208113 -2.477723 0.457095 0.078075 0.885984 0.000000 0.000000
rubbergloveCHROME.bmp
  33 27.654724 -1.208113 -2.477723 0.457095 0.078075 0.885984 0.000000 0.000000
  33 27.749002 -1.162976 -2.534064 0.426515 0.066705 0.902017 0.000000 0.000000
  33 27.570114 -0.942004 -2.466462 0.465802 0.371089 0.803319 0.000000 0.000000
rubbergloveCHROME.bmp
  29 28.200867 -1.314817 -1.292999 0.282612 -0.010448 0.959177 0.000000 0.000000
  29 28.058821 -1.106255 -1.256598 0.281937 0.095724 0.954646 0.000000 0.000000
  29 27.860113 -1.303771 -1.284930 -0.132273 -0.288653 0.948253 0.000000 0.000000
rubbergloveCHROME.bmp
  29 27.860113 -1.303771 -1.284930 -0.132273 -0.288653 0.948253 0.000000 0.000000
  29 28.058821 -1.106255 -1.256598 0.281937 0.095724 0.954646 0.000000 0.000000
  29 27.725340 -1.130261 -1.252830 -0.182700 -0.285279 0.940870 0.000000 0.000000
rubbergloveCHROME.bmp
  29 28.058821 -1.106255 -1.256598 0.281937 0.095724 0.954646 0.000000 0.000000
  29 27.892780 -0.944347 -1.252564 0.281937 0.095724 0.954646 0.000000 0.000000
  29 27.725340 -1.130261 -1.252830 -0.182700 -0.285279 0.940870 0.000000 0.000000
rubbergloveCHROME.bmp
  29 27.725340 -1.130261 -1.252830 -0.182700 -0.285279 0.940870 0.000000 0.000000
  29 27.892780 -0.944347 -1.252564 0.281937 0.095724 0.954646 0.000000 0.000000
  29 27.633229 -1.026354 -1.232359 -0.132273 -0.288653 0.948253 0.000000 0.000000
rubbergloveCHROME.bmp
  29 27.892780 -0.944347 -1.252564 0.281937 0.095724 0.954646 0.000000 0.000000
  29 27.843733 -0.812540 -1.223907 0.373232 0.110341 0.921153 0.000000 0.000000
  29 27.633229 -1.026354 -1.232359 -0.132273 -0.288653 0.948253 0.000000 0.000000
rubbergloveCHROME.bmp
  29 27.633229 -1.026354 -1.232359 -0.132273 -0.288653 0.948253 0.000000 0.000000
  29 27.843733 -0.812540 -1.223907 0.373232 0.110341 0.921153 0.000000 0.000000
  29 27.448216 -0.859764 -1.205563 -0.060722 -0.218782 0.973883 0.000000 0.000000
rubbergloveCHROME.bmp
  26 28.350638 -1.619541 -1.029626 -0.390592 -0.511451 -0.765412 0.000000 0.000000
  27 28.642357 -1.942100 -1.167904 -0.379261 -0.202929 -0.902763 0.000000 0.000000
  27 28.600900 -2.000061 -1.098465 -0.497599 -0.302985 -0.812770 0.000000 0.000000
rubbergloveCHROME.bmp
  27 28.600900 -2.000061 -1.098465 -0.497599 -0.302985 -0.812770 0.000000 0.000000
  27 28.642357 -1.942100 -1.167904 -0.379261 -0.202929 -0.902763 0.000000 0.000000
  27 28.841321 -2.152988 -1.183381 -0.331783 -0.324806 -0.885676 0.000000 0.000000
rubbergloveCHROME.bmp
  27 28.642357 -1.942100 -1.167904 -0.379261 -0.202929 -0.902763 0.000000 0.000000
  27 28.967919 -2.039030 -1.192691 0.178346 0.171173 -0.968965 0.000000 0.000000
  27 28.841321 -2.152988 -1.183381 -0.331783 -0.324806 -0.885676 0.000000 0.000000
rubbergloveCHROME.bmp
  27 28.841321 -2.152988 -1.183381 -0.331783 -0.324806 -0.885676 0.000000 0.000000
  27 28.967919 -2.039030 -1.192691 0.178346 0.171173 -0.968965 0.000000 0.000000
  27 29.081940 -2.194141 -1.186404 0.198880 0.061620 -0.978085 0.000000 0.000000
rubbergloveCHROME.bmp
  27 28.967919 -2.039030 -1.192691 0.178346 0.171173 -0.968965 0.000000 0.000000
  27 29.117308 -2.102887 -1.135201 0.272281 0.209618 -0.939108 0.000000 0.000000
  27 29.081940 -2.194141 -1.186404 0.198880 0.061620 -0.978085 0.000000 0.000000
rubbergloveCHROME.bmp
  27 29.081940 -2.194141 -1.186404 0.198880 0.061620 -0.978085 0.000000 0.000000
  27 29.117308 -2.102887 -1.135201 0.272281 0.209618 -0.939108 0.000000 0.000000
  27 29.309264 -2.250855 -1.109544 0.421004 0.024104 -0.906738 0.000000 0.000000
rubbergloveCHROME.bmp
  24 29.249319 -2.239978 0.577006 0.851482 -0.075250 -0.518956 0.000000 0.000000
  24 29.098714 -2.037197 0.488134 0.730794 0.329298 -0.597916 0.000000 0.000000
  24 29.194935 -1.979889 0.557107 0.762115 0.322524 -0.561391 0.000000 0.000000
rubbergloveCHROME.bmp
  24 29.194935 -1.979889 0.557107 0.762115 0.322524 -0.561391 0.000000 0.000000
  24 29.098714 -2.037197 0.488134 0.730794 0.329298 -0.597916 0.000000 0.000000
  24 29.010473 -1.746274 0.501446 0.693166 0.462549 -0.552783 0.000000 0.000000
rubbergloveCHROME.bmp
  24 29.098714 -2.037197 0.488134 0.730794 0.329298 -0.597916 0.000000 0.000000
  24 28.934242 -1.823279 0.447049 0.660459 0.451868 -0.599674 0.000000 0.000000
  24 29.010473 -1.746274 0.501446 0.693166 0.462549 -0.552783 0.000000 0.000000
rubbergloveCHROME.bmp
  24 29.010473 -1.746274 0.501446 0.693166 0.462549 -0.552783 0.000000 0.000000
  24 28.934242 -1.823279 0.447049 0.660459 0.451868 -0.599674 0.000000 0.000000
  24 28.820121 -1.564713 0.500152 0.197036 0.801073 -0.565207 0.000000 0.000000
rubbergloveCHROME.bmp
  24 28.934242 -1.823279 0.447049 0.660459 0.451868 -0.599674 0.000000 0.000000
  24 28.740829 -1.637438 0.414573 0.562756 0.692980 -0.450650 0.000000 0.000000
  24 28.820121 -1.564713 0.500152 0.197036 0.801073 -0.565207 0.000000 0.000000
rubbergloveCHROME.bmp
  24 28.820121 -1.564713 0.500152 0.197036 0.801073 -0.565207 0.000000 0.000000
  24 28.740829 -1.637438 0.414573 0.562756 0.692980 -0.450650 0.000000 0.000000
  24 28.734075 -1.633152 0.463929 0.214764 0.872092 -0.439696 0.000000 0.000000
rubbergloveCHROME.bmp
  23 27.196538 -1.250732 0.838274 -0.689113 -0.371268 0.622321 0.000000 0.000000
  23 27.386516 -1.318819 0.941098 -0.570814 -0.382659 0.726460 0.000000 0.000000
  23 27.260172 -1.176495 0.921579 -0.634578 -0.243969 0.733342 0.000000 0.000000
rubbergloveCHROME.bmp
  23 27.196538 -1.250732 0.838274 -0.689113 -0.371268 0.622321 0.000000 0.000000
  23 27.350673 -1.418864 0.873968 -0.613228 -0.353178 0.706553 0.000000 0.000000
  23 27.386516 -1.318819 0.941098 -0.570814 -0.382659 0.726460 0.000000 0.000000
rubbergloveCHROME.bmp
  23 27.196538 -1.250732 0.838274 -0.689113 -0.371268 0.622321 0.000000 0.000000
  23 27.187386 -1.360133 0.735087 -0.827430 -0.486014 0.281335 0.000000 0.000000
  23 27.350673 -1.418864 0.873968 -0.613228 -0.353178 0.706553 0.000000 0.000000
rubbergloveCHROME.bmp
  23 27.196538 -1.250732 0.838274 -0.689113 -0.371268 0.622321 0.000000 0.000000
  23 27.113415 -1.157716 0.727647 -0.652926 -0.665159 0.362286 0.000000 0.000000
  23 27.187386 -1.360133 0.735087 -0.827430 -0.486014 0.281335 0.000000 0.000000
rubbergloveCHROME.bmp
  23 27.196538 -1.250732 0.838274 -0.689113 -0.371268 0.622321 0.000000 0.000000
  23 27.124067 -1.117811 0.847205 -0.570814 -0.382659 0.726460 0.000000 0.000000
  23 27.113415 -1.157716 0.727647 -0.652926 -0.665159 0.362286 0.000000 0.000000
rubbergloveCHROME.bmp
  23 27.196538 -1.250732 0.838274 -0.689113 -0.371268 0.622321 0.000000 0.000000
  23 27.260172 -1.176495 0.921579 -0.634578 -0.243969 0.733342 0.000000 0.000000
  23 27.124067 -1.117811 0.847205 -0.570814 -0.382659 0.726460 0.000000 0.000000
rubbergloveCHROME.bmp
  21 25.514577 -0.926990 2.106381 -0.574718 -0.143495 0.805672 0.000000 0.000000
  21 25.725350 -1.173931 2.270987 -0.708619 -0.239377 0.663745 0.000000 0.000000
  21 25.636052 -0.804928 2.155823 -0.371600 0.149476 0.916281 0.000000 0.000000
rubbergloveCHROME.bmp
  21 25.636052 -0.804928 2.155823 -0.371600 0.149476 0.916281 0.000000 0.000000
  21 25.725350 -1.173931 2.270987 -0.708619 -0.239377 0.663745 0.000000 0.000000
  21 25.917355 -1.025986 2.412925 -0.470132 0.237967 0.849910 0.000000 0.000000
rubbergloveCHROME.bmp
  21 25.725350 -1.173931 2.270987 -0.708619 -0.239377 0.663745 0.000000 0.000000
  21 25.885247 -1.311234 2.411274 -0.528805 -0.477913 0.701402 0.000000 0.000000
  21 25.917355 -1.025986 2.412925 -0.470132 0.237967 0.849910 0.000000 0.000000
rubbergloveCHROME.bmp
  21 25.917355 -1.025986 2.412925 -0.470132 0.237967 0.849910 0.000000 0.000000
  21 25.885247 -1.311234 2.411274 -0.528805 -0.477913 0.701402 0.000000 0.000000
  21 26.060990 -1.167523 2.510579 -0.187373 -0.066507 0.980035 0.000000 0.000000
rubbergloveCHROME.bmp
  21 25.885247 -1.311234 2.411274 -0.528805 -0.477913 0.701402 0.000000 0.000000
  21 25.993722 -1.345946 2.422602 -0.085337 -0.731430 0.676556 0.000000 0.000000
  21 26.060990 -1.167523 2.510579 -0.187373 -0.066507 0.980035 0.000000 0.000000
rubbergloveCHROME.bmp
  21 26.060990 -1.167523 2.510579 -0.187373 -0.066507 0.980035 0.000000 0.000000
  21 25.993722 -1.345946 2.422602 -0.085337 -0.731430 0.676556 0.000000 0.000000
  21 26.147036 -1.256176 2.465451 0.226986 -0.562929 0.794725 0.000000 0.000000
rubbergloveCHROME.bmp
  21 26.427482 -1.140587 2.358730 0.732159 -0.563001 0.383372 0.000000 0.000000
  21 26.316241 -1.274411 2.325318 0.596940 -0.738985 0.312353 0.000000 0.000000
  21 26.434880 -1.148781 2.298083 0.760561 -0.606990 0.230458 0.000000 0.000000
rubbergloveCHROME.bmp
  21 26.427482 -1.140587 2.358730 0.732159 -0.563001 0.383372 0.000000 0.000000
  21 26.308608 -1.239034 2.418539 0.529674 -0.677556 0.510258 0.000000 0.000000
  21 26.316241 -1.274411 2.325318 0.596940 -0.738985 0.312353 0.000000 0.000000
rubbergloveCHROME.bmp
  21 26.427482 -1.140587 2.358730 0.732159 -0.563001 0.383372 0.000000 0.000000
  21 26.408852 -1.089910 2.445245 0.544152 -0.234840 0.805450 0.000000 0.000000
  21 26.308608 -1.239034 2.418539 0.529674 -0.677556 0.510258 0.000000 0.000000
rubbergloveCHROME.bmp
  21 26.427482 -1.140587 2.358730 0.732159 -0.563001 0.383372 0.000000 0.000000
  21 26.510701 -0.992158 2.352125 0.796177 -0.039623 0.603765 0.000000 0.000000
  21 26.408852 -1.089910 2.445245 0.544152 -0.234840 0.805450 0.000000 0.000000
rubbergloveCHROME.bmp
  21 26.427482 -1.140587 2.358730 0.732159 -0.563001 0.383372 0.000000 0.000000
  21 26.541620 -1.038027 2.286246 0.931611 -0.278560 0.233464 0.000000 0.000000
  21 26.510701 -0.992158 2.352125 0.796177 -0.039623 0.603765 0.000000 0.000000
rubbergloveCHROME.bmp
  21 26.427482 -1.140587 2.358730 0.732159 -0.563001 0.383372 0.000000 0.000000
  21 26.434880 -1.148781 2.298083 0.760561 -0.606990 0.230458 0.000000 0.000000
  21 26.541620 -1.038027 2.286246 0.931611 -0.278560 0.233464 0.000000 0.000000
rubbergloveCHROME.bmp
  9 -26.890359 -2.134615 0.306010 -0.065120 -0.300326 -0.951611 0.000000 0.000000
  9 -27.008458 -2.307419 0.418222 -0.109540 -0.559978 -0.821234 0.000000 0.000000
  9 -27.057696 -2.036562 0.421699 -0.677436 0.245434 -0.693428 0.000000 0.000000
rubbergloveCHROME.bmp
  9 -27.057696 -2.036562 0.421699 -0.677436 0.245434 -0.693428 0.000000 0.000000
  9 -27.008458 -2.307419 0.418222 -0.109540 -0.559978 -0.821234 0.000000 0.000000
  9 -27.229857 -2.273981 0.516529 -0.810192 -0.138831 -0.569486 0.000000 0.000000
rubbergloveCHROME.bmp
  9 -27.008458 -2.307419 0.418222 -0.109540 -0.559978 -0.821234 0.000000 0.000000
  9 -27.087296 -2.445960 0.603130 -0.307749 -0.843283 -0.440641 0.000000 0.000000
  9 -27.229857 -2.273981 0.516529 -0.810192 -0.138831 -0.569486 0.000000 0.000000
rubbergloveCHROME.bmp
  9 -27.229857 -2.273981 0.516529 -0.810192 -0.138831 -0.569486 0.000000 0.000000
  9 -27.087296 -2.445960 0.603130 -0.307749 -0.843283 -0.440641 0.000000 0.000000
  9 -27.247233 -2.364095 0.617907 -0.880686 -0.424530 -0.210158 0.000000 0.000000
rubbergloveCHROME.bmp
  9 -27.087296 -2.445960 0.603130 -0.307749 -0.843283 -0.440641 0.000000 0.000000
  9 -27.164894 -2.416339 0.763134 -0.756823 -0.653255 0.021840 0.000000 0.000000
  9 -27.247233 -2.364095 0.617907 -0.880686 -0.424530 -0.210158 0.000000 0.000000
rubbergloveCHROME.bmp
  27 29.236670 -2.533557 -0.723526 0.269806 -0.962637 -0.023108 0.000000 0.000000
  27 29.355988 -2.510367 -0.804306 0.426433 -0.892256 -0.148437 0.000000 0.000000
  27 29.349728 -2.518821 -0.724373 0.370955 -0.926645 0.061001 0.000000 0.000000
rubbergloveCHROME.bmp
  27 29.349728 -2.518821 -0.724373 0.370955 -0.926645 0.061001 0.000000 0.000000
  27 29.355988 -2.510367 -0.804306 0.426433 -0.892256 -0.148437 0.000000 0.000000
  27 29.483891 -2.426708 -0.694116 0.856729 -0.500650 0.123958 0.000000 0.000000
rubbergloveCHROME.bmp
  27 29.355988 -2.510367 -0.804306 0.426433 -0.892256 -0.148437 0.000000 0.000000
  27 29.489789 -2.403610 -0.803805 0.948974 -0.301893 -0.091158 0.000000 0.000000
  27 29.483891 -2.426708 -0.694116 0.856729 -0.500650 0.123958 0.000000 0.000000
rubbergloveCHROME.bmp
  27 29.483891 -2.426708 -0.694116 0.856729 -0.500650 0.123958 0.000000 0.000000
  27 29.489789 -2.403610 -0.803805 0.948974 -0.301893 -0.091158 0.000000 0.000000
  27 29.476255 -2.334668 -0.702494 0.935164 -0.344551 0.082173 0.000000 0.000000
rubbergloveCHROME.bmp
  27 29.489789 -2.403610 -0.803805 0.948974 -0.301893 -0.091158 0.000000 0.000000
  27 29.482031 -2.325373 -0.832418 0.936295 -0.320740 -0.143101 0.000000 0.000000
  27 29.476255 -2.334668 -0.702494 0.935164 -0.344551 0.082173 0.000000 0.000000
rubbergloveCHROME.bmp
  18 -25.823407 -1.632766 -2.940395 -0.127121 -0.991868 0.006192 0.000000 0.000000
  18 -25.817681 -1.644895 -3.025366 0.010423 -0.989897 -0.141408 0.000000 0.000000
  18 -25.755075 -1.633613 -2.892125 0.077821 -0.991327 0.105898 0.000000 0.000000
rubbergloveCHROME.bmp
  18 -25.755075 -1.633613 -2.892125 0.077821 -0.991327 0.105898 0.000000 0.000000
  18 -25.817681 -1.644895 -3.025366 0.010423 -0.989897 -0.141408 0.000000 0.000000
  18 -25.689500 -1.617740 -3.040611 0.182492 -0.968253 -0.170831 0.000000 0.000000
rubbergloveCHROME.bmp
  18 -25.817681 -1.644895 -3.025366 0.010423 -0.989897 -0.141408 0.000000 0.000000
  18 -25.720901 -1.610019 -3.120325 0.237285 -0.874557 -0.422901 0.000000 0.000000
  18 -25.689500 -1.617740 -3.040611 0.182492 -0.968253 -0.170831 0.000000 0.000000
rubbergloveCHROME.bmp
  18 -25.689500 -1.617740 -3.040611 0.182492 -0.968253 -0.170831 0.000000 0.000000
  18 -25.720901 -1.610019 -3.120325 0.237285 -0.874557 -0.422901 0.000000 0.000000
  18 -25.552698 -1.541326 -3.085843 0.479417 -0.777849 -0.406337 0.000000 0.000000
rubbergloveCHROME.bmp
  18 -25.720901 -1.610019 -3.120325 0.237285 -0.874557 -0.422901 0.000000 0.000000
  18 -25.579731 -1.528761 -3.153010 0.429726 -0.634282 -0.642668 0.000000 0.000000
  18 -25.552698 -1.541326 -3.085843 0.479417 -0.777849 -0.406337 0.000000 0.000000
rubbergloveCHROME.bmp
  18 -25.625508 -1.505755 -3.201746 0.176222 -0.434815 -0.883109 0.000000 0.000000
  18 -25.778136 -1.597577 -3.153026 -0.173834 -0.712954 -0.679322 0.000000 0.000000
  18 -25.758055 -1.537755 -3.199049 0.156037 -0.725948 -0.669815 0.000000 0.000000
rubbergloveCHROME.bmp
  18 -25.758055 -1.537755 -3.199049 0.156037 -0.725948 -0.669815 0.000000 0.000000
  18 -25.778136 -1.597577 -3.153026 -0.173834 -0.712954 -0.679322 0.000000 0.000000
  18 -25.840930 -1.547315 -3.158548 -0.136328 -0.893716 -0.427418 0.000000 0.000000
rubbergloveCHROME.bmp
  18 -25.778136 -1.597577 -3.153026 -0.173834 -0.712954 -0.679322 0.000000 0.000000
  18 -25.870271 -1.641486 -3.048226 -0.396250 -0.848477 -0.350817 0.000000 0.000000
  18 -25.840930 -1.547315 -3.158548 -0.136328 -0.893716 -0.427418 0.000000 0.000000
rubbergloveCHROME.bmp
  18 -25.840930 -1.547315 -3.158548 -0.136328 -0.893716 -0.427418 0.000000 0.000000
  18 -25.870271 -1.641486 -3.048226 -0.396250 -0.848477 -0.350817 0.000000 0.000000
  18 -25.910150 -1.570096 -3.085818 -0.207936 -0.954468 -0.213901 0.000000 0.000000
rubbergloveCHROME.bmp
  18 -25.870271 -1.641486 -3.048226 -0.396250 -0.848477 -0.350817 0.000000 0.000000
  18 -25.980202 -1.551244 -3.004965 -0.474765 -0.873985 -0.103678 0.000000 0.000000
  18 -25.910150 -1.570096 -3.085818 -0.207936 -0.954468 -0.213901 0.000000 0.000000
rubbergloveCHROME.bmp
  18 -26.106508 -1.413834 -2.798894 -0.977635 0.099663 0.185195 0.000000 0.000000
  18 -26.011942 -1.233115 -2.718283 -0.847528 0.462811 0.259814 0.000000 0.000000
  18 -26.028245 -1.242744 -2.892184 -0.850138 0.503639 -0.153667 0.000000 0.000000
rubbergloveCHROME.bmp
  18 -26.028245 -1.242744 -2.892184 -0.850138 0.503639 -0.153667 0.000000 0.000000
  18 -26.011942 -1.233115 -2.718283 -0.847528 0.462811 0.259814 0.000000 0.000000
  18 -25.850804 -1.052465 -2.852074 -0.796932 0.583928 -0.154686 0.000000 0.000000
rubbergloveCHROME.bmp
  18 -26.011942 -1.233115 -2.718283 -0.847528 0.462811 0.259814 0.000000 0.000000
  18 -25.852884 -1.033428 -2.691347 -0.844668 0.493609 0.207089 0.000000 0.000000
  18 -25.850804 -1.052465 -2.852074 -0.796932 0.583928 -0.154686 0.000000 0.000000
rubbergloveCHROME.bmp
  18 -25.850804 -1.052465 -2.852074 -0.796932 0.583928 -0.154686 0.000000 0.000000
  18 -25.852884 -1.033428 -2.691347 -0.844668 0.493609 0.207089 0.000000 0.000000
  18 -25.700419 -0.762385 -2.809203 -0.535222 0.839877 -0.090247 0.000000 0.000000
rubbergloveCHROME.bmp
  18 -25.852884 -1.033428 -2.691347 -0.844668 0.493609 0.207089 0.000000 0.000000
  18 -25.710844 -0.806484 -2.621196 -0.396090 0.844478 0.360513 0.000000 0.000000
  18 -25.700419 -0.762385 -2.809203 -0.535222 0.839877 -0.090247 0.000000 0.000000
rubbergloveCHROME.bmp
  14 -25.837910 -1.296072 -1.291832 0.132272 -0.288650 0.948254 0.000000 0.000000
  14 -25.723287 -1.142305 -1.274021 0.182700 -0.285280 0.940870 0.000000 0.000000
  14 -26.030816 -1.120776 -1.254978 -0.281936 0.095721 0.954646 0.000000 0.000000
rubbergloveCHROME.bmp
  14 -26.030816 -1.120776 -1.254978 -0.281936 0.095721 0.954646 0.000000 0.000000
  14 -25.723287 -1.142305 -1.274021 0.182700 -0.285280 0.940870 0.000000 0.000000
  14 -25.891615 -0.929239 -1.261028 -0.281936 0.095721 0.954646 0.000000 0.000000
rubbergloveCHROME.bmp
  14 -25.723287 -1.142305 -1.274021 0.182700 -0.285280 0.940870 0.000000 0.000000
  14 -25.618006 -1.011496 -1.239309 0.132272 -0.288650 0.948254 0.000000 0.000000
  14 -25.891615 -0.929239 -1.261028 -0.281936 0.095721 0.954646 0.000000 0.000000
rubbergloveCHROME.bmp
  14 -25.891615 -0.929239 -1.261028 -0.281936 0.095721 0.954646 0.000000 0.000000
  14 -25.618006 -1.011496 -1.239309 0.132272 -0.288650 0.948254 0.000000 0.000000
  14 -25.857806 -0.812241 -1.225410 -0.373232 0.110345 0.921152 0.000000 0.000000
rubbergloveCHROME.bmp
  14 -25.618006 -1.011496 -1.239309 0.132272 -0.288650 0.948254 0.000000 0.000000
  14 -25.474086 -0.843168 -1.226945 0.060722 -0.218783 0.973882 0.000000 0.000000
  14 -25.857806 -0.812241 -1.225410 -0.373232 0.110345 0.921152 0.000000 0.000000
rubbergloveCHROME.bmp
  15 -26.210368 -2.120122 -2.122644 0.686690 -0.559874 -0.463679 0.000000 0.000000
  15 -26.290562 -2.314143 -1.898090 0.538800 -0.842419 0.004914 0.000000 0.000000
  15 -26.341455 -2.254817 -2.150459 0.466542 -0.598631 -0.651137 0.000000 0.000000
rubbergloveCHROME.bmp
  15 -26.341455 -2.254817 -2.150459 0.466542 -0.598631 -0.651137 0.000000 0.000000
  15 -26.290562 -2.314143 -1.898090 0.538800 -0.842419 0.004914 0.000000 0.000000
  15 -26.622334 -2.427619 -2.107495 0.208699 -0.837210 -0.505493 0.000000 0.000000
rubbergloveCHROME.bmp
  15 -26.290562 -2.314143 -1.898090 0.538800 -0.842419 0.004914 0.000000 0.000000
  15 -26.619266 -2.465384 -1.939077 0.008530 -0.997956 -0.063329 0.000000 0.000000
  15 -26.622334 -2.427619 -2.107495 0.208699 -0.837210 -0.505493 0.000000 0.000000
rubbergloveCHROME.bmp
  15 -26.622334 -2.427619 -2.107495 0.208699 -0.837210 -0.505493 0.000000 0.000000
  15 -26.619266 -2.465384 -1.939077 0.008530 -0.997956 -0.063329 0.000000 0.000000
  15 -26.780721 -2.403608 -2.092100 -0.020095 -0.956489 -0.291075 0.000000 0.000000
rubbergloveCHROME.bmp
  15 -26.619266 -2.465384 -1.939077 0.008530 -0.997956 -0.063329 0.000000 0.000000
  15 -26.771158 -2.435438 -1.983034 -0.022242 -0.994936 -0.098017 0.000000 0.000000
  15 -26.780721 -2.403608 -2.092100 -0.020095 -0.956489 -0.291075 0.000000 0.000000
rubbergloveCHROME.bmp
  15 -26.786830 -2.421141 -1.841790 -0.101260 -0.990243 0.095733 0.000000 0.000000
  15 -26.666412 -2.424967 -1.707682 -0.002534 -0.889873 0.456202 0.000000 0.000000
  15 -26.765583 -2.383492 -1.714388 -0.025397 -0.912686 0.407871 0.000000 0.000000
rubbergloveCHROME.bmp
  15 -26.765583 -2.383492 -1.714388 -0.025397 -0.912686 0.407871 0.000000 0.000000
  15 -26.666412 -2.424967 -1.707682 -0.002534 -0.889873 0.456202 0.000000 0.000000
  15 -26.725124 -2.326719 -1.633518 0.122867 -0.659790 0.741337 0.000000 0.000000
rubbergloveCHROME.bmp
  15 -26.666412 -2.424967 -1.707682 -0.002534 -0.889873 0.456202 0.000000 0.000000
  15 -26.400430 -2.280085 -1.613539 0.277938 -0.598512 0.751355 0.000000 0.000000
  15 -26.725124 -2.326719 -1.633518 0.122867 -0.659790 0.741337 0.000000 0.000000
rubbergloveCHROME.bmp
  15 -26.725124 -2.326719 -1.633518 0.122867 -0.659790 0.741337 0.000000 0.000000
  15 -26.400430 -2.280085 -1.613539 0.277938 -0.598512 0.751355 0.000000 0.000000
  15 -26.551414 -2.133273 -1.544618 0.340911 -0.548432 0.763546 0.000000 0.000000
rubbergloveCHROME.bmp
  15 -26.400430 -2.280085 -1.613539 0.277938 -0.598512 0.751355 0.000000 0.000000
  15 -26.420327 -1.998578 -1.516803 0.241388 -0.468946 0.849601 0.000000 0.000000
  15 -26.551414 -2.133273 -1.544618 0.340911 -0.548432 0.763546 0.000000 0.000000
rubbergloveCHROME.bmp
  14 -25.522248 -1.592021 -1.762015 0.624915 -0.774865 0.095212 0.000000 0.000000
  14 -25.387669 -1.446653 -1.732750 0.726062 -0.684767 0.062680 0.000000 0.000000
  14 -25.461739 -1.391154 -1.432028 0.505039 -0.590774 0.629224 0.000000 0.000000
rubbergloveCHROME.bmp
  14 -25.461739 -1.391154 -1.432028 0.505039 -0.590774 0.629224 0.000000 0.000000
  14 -25.387669 -1.446653 -1.732750 0.726062 -0.684767 0.062680 0.000000 0.000000
  14 -25.344258 -1.290701 -1.449564 0.505039 -0.590774 0.629224 0.000000 0.000000
rubbergloveCHROME.bmp
  14 -25.387669 -1.446653 -1.732750 0.726062 -0.684767 0.062680 0.000000 0.000000
  14 -25.253090 -1.301284 -1.703486 0.726062 -0.684767 0.062680 0.000000 0.000000
  14 -25.344258 -1.290701 -1.449564 0.505039 -0.590774 0.629224 0.000000 0.000000
rubbergloveCHROME.bmp
  14 -25.344258 -1.290701 -1.449564 0.505039 -0.590774 0.629224 0.000000 0.000000
  14 -25.253090 -1.301284 -1.703486 0.726062 -0.684767 0.062680 0.000000 0.000000
  14 -25.229928 -1.179145 -1.436006 0.453276 -0.735252 0.503930 0.000000 0.000000
rubbergloveCHROME.bmp
  14 -25.253090 -1.301284 -1.703486 0.726062 -0.684767 0.062680 0.000000 0.000000
  14 -25.153804 -1.176397 -1.680132 0.608543 -0.793260 0.020348 0.000000 0.000000
  14 -25.229928 -1.179145 -1.436006 0.453276 -0.735252 0.503930 0.000000 0.000000
rubbergloveCHROME.bmp
  12 -26.545139 -1.978955 -0.267402 0.361732 -0.427852 0.828307 0.000000 0.000000
  12 -26.772628 -2.218141 -0.273630 0.247906 -0.406399 0.879422 0.000000 0.000000
  12 -26.509505 -2.055733 -0.338362 0.500802 -0.486169 0.716126 0.000000 0.000000
rubbergloveCHROME.bmp
  12 -26.509505 -2.055733 -0.338362 0.500802 -0.486169 0.716126 0.000000 0.000000
  12 -26.772628 -2.218141 -0.273630 0.247906 -0.406399 0.879422 0.000000 0.000000
  12 -26.722490 -2.280349 -0.374211 0.372448 -0.600097 0.707931 0.000000 0.000000
rubbergloveCHROME.bmp
  12 -26.772628 -2.218141 -0.273630 0.247906 -0.406399 0.879422 0.000000 0.000000
  12 -26.935648 -2.351108 -0.307452 0.150445 -0.581976 0.799168 0.000000 0.000000
  12 -26.722490 -2.280349 -0.374211 0.372448 -0.600097 0.707931 0.000000 0.000000
rubbergloveCHROME.bmp
  12 -26.722490 -2.280349 -0.374211 0.372448 -0.600097 0.707931 0.000000 0.000000
  12 -26.935648 -2.351108 -0.307452 0.150445 -0.581976 0.799168 0.000000 0.000000
  12 -26.913624 -2.398859 -0.418063 0.267308 -0.693999 0.668515 0.000000 0.000000
rubbergloveCHROME.bmp
  12 -26.935648 -2.351108 -0.307452 0.150445 -0.581976 0.799168 0.000000 0.000000
  12 -27.112059 -2.524738 -0.442107 0.072924 -0.816629 0.572537 0.000000 0.000000
  12 -26.913624 -2.398859 -0.418063 0.267308 -0.693999 0.668515 0.000000 0.000000
rubbergloveCHROME.bmp
  12 -26.990601 -1.997648 -0.282031 -0.324083 0.088566 0.941874 0.000000 0.000000
  12 -27.104309 -2.110172 -0.285026 -0.367972 0.161067 0.915781 0.000000 0.000000
  12 -26.963116 -2.041227 -0.222487 -0.324083 0.088566 0.941874 0.000000 0.000000
rubbergloveCHROME.bmp
  12 -26.963116 -2.041227 -0.222487 -0.324083 0.088566 0.941874 0.000000 0.000000
  12 -27.104309 -2.110172 -0.285026 -0.367972 0.161067 0.915781 0.000000 0.000000
  12 -27.020041 -2.167683 -0.255173 -0.213455 -0.096812 0.972144 0.000000 0.000000
rubbergloveCHROME.bmp
  12 -27.104309 -2.110172 -0.285026 -0.367972 0.161067 0.915781 0.000000 0.000000
  12 -27.345480 -2.334470 -0.331144 -0.410048 -0.185225 0.893058 0.000000 0.000000
  12 -27.020041 -2.167683 -0.255173 -0.213455 -0.096812 0.972144 0.000000 0.000000
rubbergloveCHROME.bmp
  12 -27.020041 -2.167683 -0.255173 -0.213455 -0.096812 0.972144 0.000000 0.000000
  12 -27.345480 -2.334470 -0.331144 -0.410048 -0.185225 0.893058 0.000000 0.000000
  12 -27.274869 -2.391066 -0.351417 -0.244536 -0.427962 0.870087 0.000000 0.000000
rubbergloveCHROME.bmp
  12 -27.345480 -2.334470 -0.331144 -0.410048 -0.185225 0.893058 0.000000 0.000000
  12 -27.422758 -2.424287 -0.433423 -0.660238 -0.476812 0.580290 0.000000 0.000000
  12 -27.274869 -2.391066 -0.351417 -0.244536 -0.427962 0.870087 0.000000 0.000000
rubbergloveCHROME.bmp
  11 -26.691283 -1.458483 -1.150224 -0.365624 0.257673 -0.894384 0.000000 0.000000
  11 -26.588901 -1.348438 -1.147381 -0.330577 0.204953 -0.921256 0.000000 0.000000
  11 -26.426447 -1.580262 -1.119704 0.218034 -0.234352 -0.947386 0.000000 0.000000
rubbergloveCHROME.bmp
  11 -26.426447 -1.580262 -1.119704 0.218034 -0.234352 -0.947386 0.000000 0.000000
  11 -26.588901 -1.348438 -1.147381 -0.330577 0.204953 -0.921256 0.000000 0.000000
  11 -26.318834 -1.533866 -1.127883 0.164091 -0.425566 -0.889926 0.000000 0.000000
rubbergloveCHROME.bmp
  11 -26.588901 -1.348438 -1.147381 -0.330577 0.204953 -0.921256 0.000000 0.000000
  11 -26.455671 -1.154456 -1.142826 -0.290006 0.245007 -0.925131 0.000000 0.000000
  11 -26.318834 -1.533866 -1.127883 0.164091 -0.425566 -0.889926 0.000000 0.000000
rubbergloveCHROME.bmp
  11 -26.318834 -1.533866 -1.127883 0.164091 -0.425566 -0.889926 0.000000 0.000000
  11 -26.455671 -1.154456 -1.142826 -0.290006 0.245007 -0.925131 0.000000 0.000000
  11 -26.173521 -1.410815 -1.134407 0.329784 -0.410971 -0.849909 0.000000 0.000000
rubbergloveCHROME.bmp
  11 -26.455671 -1.154456 -1.142826 -0.290006 0.245007 -0.925131 0.000000 0.000000
  11 -25.991173 -1.239040 -1.159756 0.167270 -0.209751 -0.963341 0.000000 0.000000
  11 -26.173521 -1.410815 -1.134407 0.329784 -0.410971 -0.849909 0.000000 0.000000
rubbergloveCHROME.bmp
  11 -26.512740 -1.119295 -0.202610 -0.402840 0.437538 0.803916 0.000000 0.000000
  11 -26.628394 -1.034187 -0.422338 -0.578248 0.693390 0.429930 0.000000 0.000000
  11 -26.688374 -1.311981 -0.207553 -0.492926 0.391684 0.776922 0.000000 0.000000
rubbergloveCHROME.bmp
  11 -26.688374 -1.311981 -0.207553 -0.492926 0.391684 0.776922 0.000000 0.000000
  11 -26.628394 -1.034187 -0.422338 -0.578248 0.693390 0.429930 0.000000 0.000000
  11 -26.817927 -1.212645 -0.407173 -0.665818 0.593967 0.451541 0.000000 0.000000
rubbergloveCHROME.bmp
  11 -26.628394 -1.034187 -0.422338 -0.578248 0.693390 0.429930 0.000000 0.000000
  11 -26.646586 -0.994840 -0.621890 -0.646904 0.743202 0.170778 0.000000 0.000000
  11 -26.817927 -1.212645 -0.407173 -0.665818 0.593967 0.451541 0.000000 0.000000
rubbergloveCHROME.bmp
  11 -26.817927 -1.212645 -0.407173 -0.665818 0.593967 0.451541 0.000000 0.000000
  11 -26.646586 -0.994840 -0.621890 -0.646904 0.743202 0.170778 0.000000 0.000000
  11 -26.836259 -1.186926 -0.636961 -0.735071 0.653231 0.181551 0.000000 0.000000
rubbergloveCHROME.bmp
  11 -26.646586 -0.994840 -0.621890 -0.646904 0.743202 0.170778 0.000000 0.000000
  11 -26.841423 -1.163322 -0.766639 -0.773357 0.621856 -0.123346 0.000000 0.000000
  11 -26.836259 -1.186926 -0.636961 -0.735071 0.653231 0.181551 0.000000 0.000000
rubbergloveCHROME.bmp
  15 -26.548136 -1.190651 -2.026232 -0.790311 0.531454 -0.304902 0.000000 0.000000
  15 -26.628946 -1.490105 -2.176221 -0.413118 0.805069 -0.425673 0.000000 0.000000
  15 -26.707486 -1.497394 -2.044016 -0.353836 0.927754 -0.118631 0.000000 0.000000
rubbergloveCHROME.bmp
  15 -26.548136 -1.190651 -2.026232 -0.790311 0.531454 -0.304902 0.000000 0.000000
  15 -26.394775 -1.250226 -2.187263 -0.389982 0.383260 -0.837273 0.000000 0.000000
  15 -26.628946 -1.490105 -2.176221 -0.413118 0.805069 -0.425673 0.000000 0.000000
rubbergloveCHROME.bmp
  15 -26.548136 -1.190651 -2.026232 -0.790311 0.531454 -0.304902 0.000000 0.000000
  14 -26.302546 -1.084512 -2.160598 -0.372735 0.404329 -0.835216 0.000000 0.000000
  15 -26.394775 -1.250226 -2.187263 -0.389982 0.383260 -0.837273 0.000000 0.000000
rubbergloveCHROME.bmp
  15 -26.548136 -1.190651 -2.026232 -0.790311 0.531454 -0.304902 0.000000 0.000000
  14 -26.405996 -1.044535 -1.985955 -0.725559 0.598455 -0.339729 0.000000 0.000000
  14 -26.302546 -1.084512 -2.160598 -0.372735 0.404329 -0.835216 0.000000 0.000000
rubbergloveCHROME.bmp
  15 -26.548136 -1.190651 -2.026232 -0.790311 0.531454 -0.304902 0.000000 0.000000
  14 -26.467464 -1.033449 -1.809606 -0.794455 0.606958 -0.021055 0.000000 0.000000
  14 -26.405996 -1.044535 -1.985955 -0.725559 0.598455 -0.339729 0.000000 0.000000
rubbergloveCHROME.bmp
  18 -25.961614 -1.517733 -2.657789 -0.588405 -0.520212 0.618998 0.000000 0.000000
  18 -25.825638 -1.364865 -2.540990 -0.460767 -0.102871 0.881539 0.000000 0.000000
  18 -26.025857 -1.498165 -2.690802 -0.594363 -0.242815 0.766664 0.000000 0.000000
rubbergloveCHROME.bmp
  18 -26.025857 -1.498165 -2.690802 -0.594363 -0.242815 0.766664 0.000000 0.000000
  18 -25.825638 -1.364865 -2.540990 -0.460767 -0.102871 0.881539 0.000000 0.000000
  18 -25.842129 -1.312949 -2.587172 -0.492053 0.049908 0.869134 0.000000 0.000000
rubbergloveCHROME.bmp
  18 -25.825638 -1.364865 -2.540990 -0.460767 -0.102871 0.881539 0.000000 0.000000
  18 -25.666386 -1.191901 -2.487866 -0.457093 0.078069 0.885986 0.000000 0.000000
  18 -25.842129 -1.312949 -2.587172 -0.492053 0.049908 0.869134 0.000000 0.000000
rubbergloveCHROME.bmp
  18 -25.842129 -1.312949 -2.587172 -0.492053 0.049908 0.869134 0.000000 0.000000
  18 -25.666386 -1.191901 -2.487866 -0.457093 0.078069 0.885986 0.000000 0.000000
  18 -25.712718 -1.141140 -2.531186 -0.426516 0.066705 0.902017 0.000000 0.000000
rubbergloveCHROME.bmp
  18 -25.666386 -1.191901 -2.487866 -0.457093 0.078069 0.885986 0.000000 0.000000
  18 -25.560751 -0.947172 -2.475666 -0.465791 0.371091 0.803324 0.000000 0.000000
  18 -25.712718 -1.141140 -2.531186 -0.426516 0.066705 0.902017 0.000000 0.000000
rubbergloveCHROME.bmp
  14 -25.788271 -0.918706 -2.219156 -0.095255 0.140289 -0.985518 0.000000 0.000000
  14 -25.967288 -1.079374 -2.234595 -0.215211 0.293397 -0.931452 0.000000 0.000000
  14 -25.928482 -0.789587 -2.150825 -0.181121 0.201637 -0.962568 0.000000 0.000000
rubbergloveCHROME.bmp
  14 -25.788271 -0.918706 -2.219156 -0.095255 0.140289 -0.985518 0.000000 0.000000
  14 -25.773605 -1.225554 -2.207797 0.221836 -0.081320 -0.971687 0.000000 0.000000
  14 -25.967288 -1.079374 -2.234595 -0.215211 0.293397 -0.931452 0.000000 0.000000
rubbergloveCHROME.bmp
  14 -25.788271 -0.918706 -2.219156 -0.095255 0.140289 -0.985518 0.000000 0.000000
  14 -25.601957 -1.114008 -2.198076 0.278478 -0.293282 -0.914569 0.000000 0.000000
  14 -25.773605 -1.225554 -2.207797 0.221836 -0.081320 -0.971687 0.000000 0.000000
rubbergloveCHROME.bmp
  14 -25.788271 -0.918706 -2.219156 -0.095255 0.140289 -0.985518 0.000000 0.000000
  14 -25.507973 -1.050335 -2.201642 0.217914 -0.304945 -0.927104 0.000000 0.000000
  14 -25.601957 -1.114008 -2.198076 0.278478 -0.293282 -0.914569 0.000000 0.000000
rubbergloveCHROME.bmp
  14 -25.788271 -0.918706 -2.219156 -0.095255 0.140289 -0.985518 0.000000 0.000000
  14 -25.678756 -0.798012 -2.225430 -0.163534 0.252436 -0.953694 0.000000 0.000000
  14 -25.507973 -1.050335 -2.201642 0.217914 -0.304945 -0.927104 0.000000 0.000000
rubbergloveCHROME.bmp
  15 -26.878530 -2.205855 -2.315544 -0.112097 -0.301019 -0.947007 0.000000 0.000000
  15 -26.985946 -2.314995 -2.237120 -0.394710 -0.696528 -0.599210 0.000000 0.000000
  15 -26.992278 -2.292950 -2.245718 -0.234400 -0.668197 -0.706095 0.000000 0.000000
rubbergloveCHROME.bmp
  15 -26.992278 -2.292950 -2.245718 -0.234400 -0.668197 -0.706095 0.000000 0.000000
  15 -26.985946 -2.314995 -2.237120 -0.394710 -0.696528 -0.599210 0.000000 0.000000
  15 -27.021637 -2.322131 -2.170974 -0.480566 -0.807144 -0.342892 0.000000 0.000000
rubbergloveCHROME.bmp
  15 -26.985946 -2.314995 -2.237120 -0.394710 -0.696528 -0.599210 0.000000 0.000000
  15 -27.025047 -2.353077 -2.073349 -0.604679 -0.767529 -0.212749 0.000000 0.000000
  15 -27.021637 -2.322131 -2.170974 -0.480566 -0.807144 -0.342892 0.000000 0.000000
rubbergloveCHROME.bmp
  15 -27.021637 -2.322131 -2.170974 -0.480566 -0.807144 -0.342892 0.000000 0.000000
  15 -27.025047 -2.353077 -2.073349 -0.604679 -0.767529 -0.212749 0.000000 0.000000
  15 -27.043272 -2.329161 -2.103280 -0.500271 -0.857316 -0.121402 0.000000 0.000000
rubbergloveCHROME.bmp
  15 -27.025047 -2.353077 -2.073349 -0.604679 -0.767529 -0.212749 0.000000 0.000000
  15 -27.073001 -2.314970 -1.963585 -0.596555 -0.799046 -0.075151 0.000000 0.000000
  15 -27.043272 -2.329161 -2.103280 -0.500271 -0.857316 -0.121402 0.000000 0.000000
rubbergloveCHROME.bmp
  9 -26.756212 -1.637839 0.406599 -0.562756 0.692983 -0.450645 0.000000 0.000000
  9 -26.881066 -1.814929 0.469455 -0.660457 0.451868 -0.599676 0.000000 0.000000
  9 -26.820143 -1.564638 0.500165 -0.197033 0.801074 -0.565206 0.000000 0.000000
rubbergloveCHROME.bmp
  9 -26.820143 -1.564638 0.500165 -0.197033 0.801074 -0.565206 0.000000 0.000000
  9 -26.881066 -1.814929 0.469455 -0.660457 0.451868 -0.599676 0.000000 0.000000
  9 -27.024506 -1.745817 0.503343 -0.693166 0.462549 -0.552784 0.000000 0.000000
rubbergloveCHROME.bmp
  9 -26.881066 -1.814929 0.469455 -0.660457 0.451868 -0.599676 0.000000 0.000000
  9 -27.108336 -2.031603 0.468720 -0.730793 0.329298 -0.597917 0.000000 0.000000
  9 -27.024506 -1.745817 0.503343 -0.693166 0.462549 -0.552784 0.000000 0.000000
rubbergloveCHROME.bmp
  9 -27.024506 -1.745817 0.503343 -0.693166 0.462549 -0.552784 0.000000 0.000000
  9 -27.108336 -2.031603 0.468720 -0.730793 0.329298 -0.597917 0.000000 0.000000
  9 -27.155770 -1.971155 0.581397 -0.762115 0.322524 -0.561391 0.000000 0.000000
rubbergloveCHROME.bmp
  9 -27.108336 -2.031603 0.468720 -0.730793 0.329298 -0.597917 0.000000 0.000000
  9 -27.204608 -2.239335 0.591109 -0.851482 -0.075250 -0.518956 0.000000 0.000000
  9 -27.155770 -1.971155 0.581397 -0.762115 0.322524 -0.561391 0.000000 0.000000
rubbergloveCHROME.bmp
  33 27.024599 -1.102192 -2.992916 -0.700126 -0.438388 -0.563595 0.000000 0.000000
  32 26.870086 -1.027062 -2.834595 -0.789410 -0.530832 -0.308302 0.000000 0.000000
  32 26.908040 -0.956207 -2.934790 -0.698564 -0.466099 -0.542918 0.000000 0.000000
rubbergloveCHROME.bmp
  32 26.908040 -0.956207 -2.934790 -0.698564 -0.466099 -0.542918 0.000000 0.000000
  32 26.870086 -1.027062 -2.834595 -0.789410 -0.530832 -0.308302 0.000000 0.000000
  32 26.768216 -0.876682 -2.831711 -0.659851 -0.638312 -0.396428 0.000000 0.000000
rubbergloveCHROME.bmp
  32 26.870086 -1.027062 -2.834595 -0.789410 -0.530832 -0.308302 0.000000 0.000000
  32 26.825201 -0.935448 -2.574225 -0.589754 -0.706497 0.391218 0.000000 0.000000
  32 26.768216 -0.876682 -2.831711 -0.659851 -0.638312 -0.396428 0.000000 0.000000
rubbergloveCHROME.bmp
  32 26.768216 -0.876682 -2.831711 -0.659851 -0.638312 -0.396428 0.000000 0.000000
  32 26.825201 -0.935448 -2.574225 -0.589754 -0.706497 0.391218 0.000000 0.000000
  32 26.627328 -0.789302 -2.516885 -0.489140 -0.810221 0.322932 0.000000 0.000000
rubbergloveCHROME.bmp
  32 26.825201 -0.935448 -2.574225 -0.589754 -0.706497 0.391218 0.000000 0.000000
  32 26.836876 -0.690335 -2.286679 -0.084880 -0.475881 0.875404 0.000000 0.000000
  32 26.627328 -0.789302 -2.516885 -0.489140 -0.810221 0.322932 0.000000 0.000000
rubbergloveCHROME.bmp
  30 28.812459 -2.056737 -1.504883 0.300190 -0.089840 0.949639 0.000000 0.000000
  30 28.738116 -1.894322 -1.480507 0.298393 0.014843 0.954328 0.000000 0.000000
  30 28.780744 -2.109682 -1.466270 0.279487 -0.223997 0.933655 0.000000 0.000000
rubbergloveCHROME.bmp
  30 28.780744 -2.109682 -1.466270 0.279487 -0.223997 0.933655 0.000000 0.000000
  30 28.738116 -1.894322 -1.480507 0.298393 0.014843 0.954328 0.000000 0.000000
  30 28.652081 -1.962893 -1.417292 0.208921 -0.083880 0.974329 0.000000 0.000000
rubbergloveCHROME.bmp
  30 28.738116 -1.894322 -1.480507 0.298393 0.014843 0.954328 0.000000 0.000000
  30 28.567233 -1.689935 -1.431258 0.313754 0.341894 0.885814 0.000000 0.000000
  30 28.652081 -1.962893 -1.417292 0.208921 -0.083880 0.974329 0.000000 0.000000
rubbergloveCHROME.bmp
  30 28.652081 -1.962893 -1.417292 0.208921 -0.083880 0.974329 0.000000 0.000000
  30 28.567233 -1.689935 -1.431258 0.313754 0.341894 0.885814 0.000000 0.000000
  30 28.487015 -1.764607 -1.379400 0.163987 -0.099032 0.981479 0.000000 0.000000
rubbergloveCHROME.bmp
  30 28.567233 -1.689935 -1.431258 0.313754 0.341894 0.885814 0.000000 0.000000
  30 28.317681 -1.475786 -1.321878 0.358173 0.063963 0.931462 0.000000 0.000000
  30 28.487015 -1.764607 -1.379400 0.163987 -0.099032 0.981479 0.000000 0.000000
rubbergloveCHROME.bmp
  33 27.991650 -1.561861 -2.988941 0.481043 -0.868967 -0.116162 0.000000 0.000000
  33 27.872902 -1.629567 -3.036002 0.396250 -0.848477 -0.350818 0.000000 0.000000
  33 27.919234 -1.578806 -3.079322 0.207941 -0.954466 -0.213904 0.000000 0.000000
rubbergloveCHROME.bmp
  33 27.919234 -1.578806 -3.079322 0.207941 -0.954466 -0.213904 0.000000 0.000000
  33 27.872902 -1.629567 -3.036002 0.396250 -0.848477 -0.350818 0.000000 0.000000
  33 27.843284 -1.549274 -3.149032 0.136327 -0.893717 -0.427416 0.000000 0.000000
rubbergloveCHROME.bmp
  33 27.872902 -1.629567 -3.036002 0.396250 -0.848477 -0.350818 0.000000 0.000000
  33 27.787497 -1.592409 -3.143822 0.173828 -0.712957 -0.679320 0.000000 0.000000
  33 27.843284 -1.549274 -3.149032 0.136327 -0.893717 -0.427416 0.000000 0.000000
rubbergloveCHROME.bmp
  33 27.843284 -1.549274 -3.149032 0.136327 -0.893717 -0.427416 0.000000 0.000000
  33 27.787497 -1.592409 -3.143822 0.173828 -0.712957 -0.679320 0.000000 0.000000
  33 27.769503 -1.548371 -3.183025 -0.156044 -0.725952 -0.669809 0.000000 0.000000
rubbergloveCHROME.bmp
  33 27.787497 -1.592409 -3.143822 0.173828 -0.712957 -0.679320 0.000000 0.000000
  33 27.632228 -1.512558 -3.204777 -0.176222 -0.434813 -0.883110 0.000000 0.000000
  33 27.769503 -1.548371 -3.183025 -0.156044 -0.725952 -0.669809 0.000000 0.000000
rubbergloveCHROME.bmp
  29 27.802315 -0.918504 -2.220680 0.095251 0.140289 -0.985518 0.000000 0.000000
  29 27.487904 -1.044711 -2.188782 -0.217916 -0.304942 -0.927105 0.000000 0.000000
  29 27.678547 -0.769918 -2.222605 0.163532 0.252434 -0.953695 0.000000 0.000000
rubbergloveCHROME.bmp
  29 27.802315 -0.918504 -2.220680 0.095251 0.140289 -0.985518 0.000000 0.000000
  29 27.609020 -1.120966 -2.199552 -0.278480 -0.293278 -0.914569 0.000000 0.000000
  29 27.487904 -1.044711 -2.188782 -0.217916 -0.304942 -0.927105 0.000000 0.000000
rubbergloveCHROME.bmp
  29 27.802315 -0.918504 -2.220680 0.095251 0.140289 -0.985518 0.000000 0.000000
  29 27.776532 -1.256697 -2.251676 -0.221834 -0.081319 -0.971688 0.000000 0.000000
  29 27.609020 -1.120966 -2.199552 -0.278480 -0.293278 -0.914569 0.000000 0.000000
rubbergloveCHROME.bmp
  29 27.802315 -0.918504 -2.220680 0.095251 0.140289 -0.985518 0.000000 0.000000
  29 27.995391 -1.078924 -2.237633 0.215215 0.293400 -0.931450 0.000000 0.000000
  29 27.776532 -1.256697 -2.251676 -0.221834 -0.081319 -0.971688 0.000000 0.000000
rubbergloveCHROME.bmp
  29 27.802315 -0.918504 -2.220680 0.095251 0.140289 -0.985518 0.000000 0.000000
  29 27.936628 -0.797535 -2.142409 0.181126 0.201637 -0.962567 0.000000 0.000000
  29 27.995391 -1.078924 -2.237633 0.215215 0.293400 -0.931450 0.000000 0.000000
rubbergloveCHROME.bmp
  30 28.404087 -1.996548 -1.535047 -0.241383 -0.468951 0.849599 0.000000 0.000000
  30 28.393512 -2.273050 -1.612084 -0.277937 -0.598512 0.751355 0.000000 0.000000
  30 28.558036 -2.154489 -1.547470 -0.340910 -0.548431 0.763547 0.000000 0.000000
rubbergloveCHROME.bmp
  30 28.558036 -2.154489 -1.547470 -0.340910 -0.548431 0.763547 0.000000 0.000000
  30 28.393512 -2.273050 -1.612084 -0.277937 -0.598512 0.751355 0.000000 0.000000
  30 28.738645 -2.355025 -1.637834 -0.122866 -0.659792 0.741336 0.000000 0.000000
rubbergloveCHROME.bmp
  30 28.393512 -2.273050 -1.612084 -0.277937 -0.598512 0.751355 0.000000 0.000000
  30 28.646261 -2.432888 -1.696165 0.002534 -0.889873 0.456201 0.000000 0.000000
  30 28.738645 -2.355025 -1.637834 -0.122866 -0.659792 0.741336 0.000000 0.000000
rubbergloveCHROME.bmp
  30 28.738645 -2.355025 -1.637834 -0.122866 -0.659792 0.741336 0.000000 0.000000
  30 28.646261 -2.432888 -1.696165 0.002534 -0.889873 0.456201 0.000000 0.000000
  30 28.779104 -2.411798 -1.718704 0.025397 -0.912687 0.407869 0.000000 0.000000
rubbergloveCHROME.bmp
  30 28.646261 -2.432888 -1.696165 0.002534 -0.889873 0.456201 0.000000 0.000000
  30 28.807251 -2.456536 -1.847569 0.101258 -0.990243 0.095735 0.000000 0.000000
  30 28.779104 -2.411798 -1.718704 0.025397 -0.912687 0.407869 0.000000 0.000000
rubbergloveCHROME.bmp
  30 28.773304 -2.437471 -1.963259 0.022242 -0.994936 -0.098016 0.000000 0.000000
  30 28.611831 -2.486494 -1.940380 -0.008529 -0.997956 -0.063329 0.000000 0.000000
  30 28.746514 -2.411423 -2.079034 0.020097 -0.956489 -0.291076 0.000000 0.000000
rubbergloveCHROME.bmp
  30 28.746514 -2.411423 -2.079034 0.020097 -0.956489 -0.291076 0.000000 0.000000
  30 28.611831 -2.486494 -1.940380 -0.008529 -0.997956 -0.063329 0.000000 0.000000
  30 28.614333 -2.419595 -2.115932 -0.208700 -0.837209 -0.505495 0.000000 0.000000
rubbergloveCHROME.bmp
  30 28.611831 -2.486494 -1.940380 -0.008529 -0.997956 -0.063329 0.000000 0.000000
  30 28.292192 -2.344320 -1.881073 -0.538801 -0.842419 0.004914 0.000000 0.000000
  30 28.614333 -2.419595 -2.115932 -0.208700 -0.837209 -0.505495 0.000000 0.000000
rubbergloveCHROME.bmp
  30 28.614333 -2.419595 -2.115932 -0.208700 -0.837209 -0.505495 0.000000 0.000000
  30 28.292192 -2.344320 -1.881073 -0.538801 -0.842419 0.004914 0.000000 0.000000
  30 28.328204 -2.269827 -2.140407 -0.466543 -0.598630 -0.651137 0.000000 0.000000
rubbergloveCHROME.bmp
  30 28.292192 -2.344320 -1.881073 -0.538801 -0.842419 0.004914 0.000000 0.000000
  30 28.210092 -2.134248 -2.124033 -0.686690 -0.559874 -0.463679 0.000000 0.000000
  30 28.328204 -2.269827 -2.140407 -0.466543 -0.598630 -0.651137 0.000000 0.000000
rubbergloveCHROME.bmp
  27 29.373278 -2.431680 -0.433079 0.660238 -0.476812 0.580290 0.000000 0.000000
  27 29.309972 -2.327480 -0.340696 0.410047 -0.185224 0.893059 0.000000 0.000000
  27 29.274847 -2.391128 -0.351429 0.244538 -0.427960 0.870087 0.000000 0.000000
rubbergloveCHROME.bmp
  27 29.274847 -2.391128 -0.351429 0.244538 -0.427960 0.870087 0.000000 0.000000
  27 29.309972 -2.327480 -0.340696 0.410047 -0.185224 0.893059 0.000000 0.000000
  27 29.006000 -2.154015 -0.234814 0.213457 -0.096811 0.972144 0.000000 0.000000
rubbergloveCHROME.bmp
  27 29.309972 -2.327480 -0.340696 0.410047 -0.185224 0.893059 0.000000 0.000000
  27 29.054757 -2.103423 -0.284444 0.367972 0.161066 0.915781 0.000000 0.000000
  27 29.006000 -2.154015 -0.234814 0.213457 -0.096811 0.972144 0.000000 0.000000
rubbergloveCHROME.bmp
  27 29.006000 -2.154015 -0.234814 0.213457 -0.096811 0.972144 0.000000 0.000000
  27 29.054757 -2.103423 -0.284444 0.367972 0.161066 0.915781 0.000000 0.000000
  27 28.913564 -2.034478 -0.221905 0.324086 0.088569 0.941873 0.000000 0.000000
rubbergloveCHROME.bmp
  27 29.054757 -2.103423 -0.284444 0.367972 0.161066 0.915781 0.000000 0.000000
  27 28.969260 -1.976611 -0.281482 0.324086 0.088569 0.941873 0.000000 0.000000
  27 28.913564 -2.034478 -0.221905 0.324086 0.088569 0.941873 0.000000 0.000000
rubbergloveCHROME.bmp
  26 28.820328 -1.170925 -0.776575 0.773357 0.621855 -0.123348 0.000000 0.000000
  26 28.618305 -0.995759 -0.621642 0.646905 0.743201 0.170779 0.000000 0.000000
  26 28.814927 -1.180732 -0.626659 0.735069 0.653233 0.181551 0.000000 0.000000
rubbergloveCHROME.bmp
  26 28.814927 -1.180732 -0.626659 0.735069 0.653233 0.181551 0.000000 0.000000
  26 28.618305 -0.995759 -0.621642 0.646905 0.743201 0.170779 0.000000 0.000000
  26 28.775414 -1.213828 -0.416794 0.665813 0.593971 0.451543 0.000000 0.000000
rubbergloveCHROME.bmp
  26 28.618305 -0.995759 -0.621642 0.646905 0.743201 0.170779 0.000000 0.000000
  26 28.571746 -1.035802 -0.431830 0.579443 0.703588 0.411351 0.000000 0.000000
  26 28.775414 -1.213828 -0.416794 0.665813 0.593971 0.451543 0.000000 0.000000
rubbergloveCHROME.bmp
  26 28.775414 -1.213828 -0.416794 0.665813 0.593971 0.451543 0.000000 0.000000
  26 28.571746 -1.035802 -0.431830 0.579443 0.703588 0.411351 0.000000 0.000000
  26 28.660093 -1.312901 -0.207306 0.492920 0.391685 0.776925 0.000000 0.000000
rubbergloveCHROME.bmp
  26 28.571746 -1.035802 -0.431830 0.579443 0.703588 0.411351 0.000000 0.000000
  26 28.456189 -1.121078 -0.202103 0.402843 0.437539 0.803914 0.000000 0.000000
  26 28.660093 -1.312901 -0.207306 0.492920 0.391685 0.776925 0.000000 0.000000
rubbergloveCHROME.bmp
  27 29.400616 -2.158293 -1.118873 0.580505 0.088357 -0.809448 0.000000 0.000000
  27 29.479471 -2.124721 -0.989046 0.779148 0.493279 -0.386787 0.000000 0.000000
  27 29.493827 -2.223121 -1.020847 0.796338 -0.227335 -0.560504 0.000000 0.000000
rubbergloveCHROME.bmp
  27 29.493827 -2.223121 -1.020847 0.796338 -0.227335 -0.560504 0.000000 0.000000
  27 29.479471 -2.124721 -0.989046 0.779148 0.493279 -0.386787 0.000000 0.000000
  27 29.522691 -2.223982 -0.961130 0.934786 -0.154019 -0.320082 0.000000 0.000000
rubbergloveCHROME.bmp
  27 29.479471 -2.124721 -0.989046 0.779148 0.493279 -0.386787 0.000000 0.000000
  27 29.516071 -2.105681 -0.849054 0.825976 0.545718 -0.141266 0.000000 0.000000
  27 29.522691 -2.223982 -0.961130 0.934786 -0.154019 -0.320082 0.000000 0.000000
rubbergloveCHROME.bmp
  27 29.522691 -2.223982 -0.961130 0.934786 -0.154019 -0.320082 0.000000 0.000000
  27 29.516071 -2.105681 -0.849054 0.825976 0.545718 -0.141266 0.000000 0.000000
  27 29.552232 -2.226021 -0.831426 0.988951 -0.043164 -0.141823 0.000000 0.000000
rubbergloveCHROME.bmp
  27 29.516071 -2.105681 -0.849054 0.825976 0.545718 -0.141266 0.000000 0.000000
  27 29.524727 -2.115406 -0.689271 0.878572 0.469590 0.087153 0.000000 0.000000
  27 29.552232 -2.226021 -0.831426 0.988951 -0.043164 -0.141823 0.000000 0.000000
rubbergloveCHROME.bmp
  29 27.139730 -1.176693 -1.678629 -0.608549 -0.793255 0.020349 0.000000 0.000000
  29 27.267133 -1.301081 -1.705010 -0.726063 -0.684766 0.062679 0.000000 0.000000
  29 27.216048 -1.207583 -1.437338 -0.453281 -0.735248 0.503931 0.000000 0.000000
rubbergloveCHROME.bmp
  29 27.216048 -1.207583 -1.437338 -0.453281 -0.735248 0.503931 0.000000 0.000000
  29 27.267133 -1.301081 -1.705010 -0.726063 -0.684766 0.062679 0.000000 0.000000
  29 27.372360 -1.290249 -1.452602 -0.497431 -0.589371 0.636556 0.000000 0.000000
rubbergloveCHROME.bmp
  29 27.267133 -1.301081 -1.705010 -0.726063 -0.684766 0.062679 0.000000 0.000000
  29 27.394634 -1.439540 -1.732809 -0.726063 -0.684766 0.062679 0.000000 0.000000
  29 27.372360 -1.290249 -1.452602 -0.497431 -0.589371 0.636556 0.000000 0.000000
rubbergloveCHROME.bmp
  29 27.372360 -1.290249 -1.452602 -0.497431 -0.589371 0.636556 0.000000 0.000000
  29 27.394634 -1.439540 -1.732809 -0.726063 -0.684766 0.062679 0.000000 0.000000
  29 27.461820 -1.405272 -1.433457 -0.497431 -0.589371 0.636556 0.000000 0.000000
rubbergloveCHROME.bmp
  29 27.394634 -1.439540 -1.732809 -0.726063 -0.684766 0.062679 0.000000 0.000000
  29 27.536291 -1.591819 -1.763539 -0.624913 -0.774867 0.095214 0.000000 0.000000
  29 27.461820 -1.405272 -1.433457 -0.497431 -0.589371 0.636556 0.000000 0.000000
rubbergloveCHROME.bmp
  25 27.372700 -0.891554 -1.107923 -0.197902 -0.169614 -0.965436 0.000000 0.000000
  25 27.889423 -0.763198 -1.130769 0.157586 0.289263 -0.944189 0.000000 0.000000
  25 27.602175 -1.069919 -1.113147 -0.216285 -0.321069 -0.922028 0.000000 0.000000
rubbergloveCHROME.bmp
  25 27.602175 -1.069919 -1.113147 -0.216285 -0.321069 -0.922028 0.000000 0.000000
  25 27.889423 -0.763198 -1.130769 0.157586 0.289263 -0.944189 0.000000 0.000000
  26 27.832767 -1.145079 -1.146650 -0.174200 -0.202767 -0.963608 0.000000 0.000000
rubbergloveCHROME.bmp
  25 27.889423 -0.763198 -1.130769 0.157586 0.289263 -0.944189 0.000000 0.000000
  26 28.135573 -0.867040 -1.144902 0.254972 0.390041 -0.884792 0.000000 0.000000
  26 27.832767 -1.145079 -1.146650 -0.174200 -0.202767 -0.963608 0.000000 0.000000
rubbergloveCHROME.bmp
  26 27.832767 -1.145079 -1.146650 -0.174200 -0.202767 -0.963608 0.000000 0.000000
  26 28.135573 -0.867040 -1.144902 0.254972 0.390041 -0.884792 0.000000 0.000000
  26 27.984406 -1.246545 -1.149826 -0.174200 -0.202767 -0.963608 0.000000 0.000000
rubbergloveCHROME.bmp
  26 28.135573 -0.867040 -1.144902 0.254972 0.390041 -0.884792 0.000000 0.000000
  26 28.273174 -0.969107 -1.137950 0.308613 0.386311 -0.869208 0.000000 0.000000
  26 27.984406 -1.246545 -1.149826 -0.174200 -0.202767 -0.963608 0.000000 0.000000
rubbergloveCHROME.bmp
  26 28.311970 -1.541204 -1.127951 -0.164085 -0.425567 -0.889926 0.000000 0.000000
  26 28.582037 -1.355776 -1.147449 0.330576 0.204952 -0.921257 0.000000 0.000000
  26 28.412300 -1.580750 -1.119587 -0.218036 -0.234354 -0.947385 0.000000 0.000000
rubbergloveCHROME.bmp
  26 28.412300 -1.580750 -1.119587 -0.218036 -0.234354 -0.947385 0.000000 0.000000
  26 28.582037 -1.355776 -1.147449 0.330576 0.204952 -0.921257 0.000000 0.000000
  26 28.655622 -1.452383 -1.159789 0.365619 0.257670 -0.894387 0.000000 0.000000
rubbergloveCHROME.bmp
  26 28.582037 -1.355776 -1.147449 0.330576 0.204952 -0.921257 0.000000 0.000000
  26 28.704559 -1.403087 -1.059415 0.533937 0.342752 -0.772938 0.000000 0.000000
  26 28.655622 -1.452383 -1.159789 0.365619 0.257670 -0.894387 0.000000 0.000000
rubbergloveCHROME.bmp
  26 28.655622 -1.452383 -1.159789 0.365619 0.257670 -0.894387 0.000000 0.000000
  26 28.704559 -1.403087 -1.059415 0.533937 0.342752 -0.772938 0.000000 0.000000
  27 28.811165 -1.673389 -1.115006 0.351266 0.420320 -0.836626 0.000000 0.000000
rubbergloveCHROME.bmp
  26 28.704559 -1.403087 -1.059415 0.533937 0.342752 -0.772938 0.000000 0.000000
  27 28.818321 -1.652478 -1.094719 0.096320 0.791459 -0.603585 0.000000 0.000000
  27 28.811165 -1.673389 -1.115006 0.351266 0.420320 -0.836626 0.000000 0.000000
rubbergloveCHROME.bmp
  24 28.529877 -1.694013 1.251710 -0.370965 0.445072 0.815044 0.000000 0.000000
  24 28.597141 -1.618254 1.213814 -0.065591 0.861886 0.502843 0.000000 0.000000
  24 28.507962 -1.656809 1.194828 -0.362293 0.529980 0.766724 0.000000 0.000000
rubbergloveCHROME.bmp
  24 28.507962 -1.656809 1.194828 -0.362293 0.529980 0.766724 0.000000 0.000000
  24 28.597141 -1.618254 1.213814 -0.065591 0.861886 0.502843 0.000000 0.000000
  24 28.578791 -1.639105 1.142200 0.033334 0.888655 0.457363 0.000000 0.000000
rubbergloveCHROME.bmp
  24 28.597141 -1.618254 1.213814 -0.065591 0.861886 0.502843 0.000000 0.000000
  24 28.663344 -1.581328 1.138622 0.124717 0.941423 0.313317 0.000000 0.000000
  24 28.578791 -1.639105 1.142200 0.033334 0.888655 0.457363 0.000000 0.000000
rubbergloveCHROME.bmp
  24 28.578791 -1.639105 1.142200 0.033334 0.888655 0.457363 0.000000 0.000000
  24 28.663344 -1.581328 1.138622 0.124717 0.941423 0.313317 0.000000 0.000000
  24 28.585114 -1.615221 1.090339 0.015836 0.973860 0.226597 0.000000 0.000000
rubbergloveCHROME.bmp
  24 28.663344 -1.581328 1.138622 0.124717 0.941423 0.313317 0.000000 0.000000
  24 28.737291 -1.546980 0.953280 0.220241 0.943911 0.246020 0.000000 0.000000
  24 28.585114 -1.615221 1.090339 0.015836 0.973860 0.226597 0.000000 0.000000
rubbergloveCHROME.bmp
  24 28.676989 -1.864344 1.306895 -0.026789 0.111999 0.993347 0.000000 0.000000
  24 28.925510 -2.029441 1.243806 0.544121 0.433524 0.718324 0.000000 0.000000
  24 28.749872 -1.806100 1.230766 0.476289 0.462711 0.747695 0.000000 0.000000
rubbergloveCHROME.bmp
  24 28.749872 -1.806100 1.230766 0.476289 0.462711 0.747695 0.000000 0.000000
  24 28.925510 -2.029441 1.243806 0.544121 0.433524 0.718324 0.000000 0.000000
  24 28.817425 -1.770031 1.145704 0.669162 0.570230 0.476508 0.000000 0.000000
rubbergloveCHROME.bmp
  24 28.925510 -2.029441 1.243806 0.544121 0.433524 0.718324 0.000000 0.000000
  24 28.987301 -1.987378 1.147304 0.695220 0.526419 0.489441 0.000000 0.000000
  24 28.817425 -1.770031 1.145704 0.669162 0.570230 0.476508 0.000000 0.000000
rubbergloveCHROME.bmp
  24 28.817425 -1.770031 1.145704 0.669162 0.570230 0.476508 0.000000 0.000000
  24 28.987301 -1.987378 1.147304 0.695220 0.526419 0.489441 0.000000 0.000000
  24 28.911147 -1.741294 0.973685 0.713149 0.565133 0.414780 0.000000 0.000000
rubbergloveCHROME.bmp
  24 28.987301 -1.987378 1.147304 0.695220 0.526419 0.489441 0.000000 0.000000
  24 29.061681 -1.981200 0.964466 0.713149 0.565133 0.414780 0.000000 0.000000
  24 28.911147 -1.741294 0.973685 0.713149 0.565133 0.414780 0.000000 0.000000
rubbergloveCHROME.bmp
  27 28.907006 -2.322702 -0.326712 -0.150444 -0.581977 0.799168 0.000000 0.000000
  27 28.751189 -2.196935 -0.283079 -0.247908 -0.406399 0.879421 0.000000 0.000000
  27 28.715265 -2.273208 -0.384034 -0.372449 -0.600098 0.707930 0.000000 0.000000
rubbergloveCHROME.bmp
  27 28.715265 -2.273208 -0.384034 -0.372449 -0.600098 0.707930 0.000000 0.000000
  27 28.751189 -2.196935 -0.283079 -0.247908 -0.406399 0.879421 0.000000 0.000000
  27 28.509484 -2.055792 -0.338374 -0.500804 -0.486168 0.716126 0.000000 0.000000
rubbergloveCHROME.bmp
  27 28.751189 -2.196935 -0.283079 -0.247908 -0.406399 0.879421 0.000000 0.000000
  27 28.523991 -1.958253 -0.246856 -0.361734 -0.427850 0.828307 0.000000 0.000000
  27 28.509484 -2.055792 -0.338374 -0.500804 -0.486168 0.716126 0.000000 0.000000
rubbergloveCHROME.bmp
  27 28.509484 -2.055792 -0.338374 -0.500804 -0.486168 0.716126 0.000000 0.000000
  27 28.523991 -1.958253 -0.246856 -0.361734 -0.427850 0.828307 0.000000 0.000000
  26 28.262100 -1.747749 -0.310791 -0.477700 -0.634625 0.607498 0.000000 0.000000
rubbergloveCHROME.bmp
  20 25.112552 -0.704605 1.484249 -0.790832 -0.569857 -0.223266 0.000000 0.000000
  21 25.255600 -0.930316 1.539354 -0.623823 -0.705633 -0.336045 0.000000 0.000000
  21 25.207966 -0.850915 1.709138 -0.834199 -0.550027 -0.039778 0.000000 0.000000
rubbergloveCHROME.bmp
  21 25.207966 -0.850915 1.709138 -0.834199 -0.550027 -0.039778 0.000000 0.000000
  21 25.255600 -0.930316 1.539354 -0.623823 -0.705633 -0.336045 0.000000 0.000000
  21 25.292893 -0.959161 1.800078 -0.736090 -0.674051 0.061867 0.000000 0.000000
rubbergloveCHROME.bmp
  21 25.255600 -0.930316 1.539354 -0.623823 -0.705633 -0.336045 0.000000 0.000000
  21 25.386711 -1.049478 1.648946 -0.558898 -0.801425 -0.212959 0.000000 0.000000
  21 25.292893 -0.959161 1.800078 -0.736090 -0.674051 0.061867 0.000000 0.000000
rubbergloveCHROME.bmp
  21 25.292893 -0.959161 1.800078 -0.736090 -0.674051 0.061867 0.000000 0.000000
  21 25.386711 -1.049478 1.648946 -0.558898 -0.801425 -0.212959 0.000000 0.000000
  21 25.439347 -1.087666 1.893018 -0.649359 -0.749762 0.127239 0.000000 0.000000
rubbergloveCHROME.bmp
  13 -24.949762 -1.053111 -1.635364 0.559312 -0.827397 0.050832 0.000000 0.000000
  13 -24.710386 -0.789719 -1.299769 0.452909 -0.518297 0.725425 0.000000 0.000000
  13 -24.975016 -1.021600 -1.382245 0.346227 -0.700122 0.624465 0.000000 0.000000
rubbergloveCHROME.bmp
  13 -24.949762 -1.053111 -1.635364 0.559312 -0.827397 0.050832 0.000000 0.000000
  13 -24.595134 -0.778726 -1.579226 0.688923 -0.724677 0.015131 0.000000 0.000000
  13 -24.710386 -0.789719 -1.299769 0.452909 -0.518297 0.725425 0.000000 0.000000
rubbergloveCHROME.bmp
  13 -24.949762 -1.053111 -1.635364 0.559312 -0.827397 0.050832 0.000000 0.000000
  13 -24.890796 -0.944245 -1.880866 0.599030 -0.661330 -0.451448 0.000000 0.000000
  13 -24.595134 -0.778726 -1.579226 0.688923 -0.724677 0.015131 0.000000 0.000000
rubbergloveCHROME.bmp
  13 -24.949762 -1.053111 -1.635364 0.559312 -0.827397 0.050832 0.000000 0.000000
  14 -25.133623 -1.130438 -1.926060 0.617856 -0.665884 -0.418154 0.000000 0.000000
  13 -24.890796 -0.944245 -1.880866 0.599030 -0.661330 -0.451448 0.000000 0.000000
rubbergloveCHROME.bmp
  11 -25.758506 -1.240446 -1.077512 0.248402 -0.403225 -0.880742 0.000000 0.000000
  11 -25.843059 -1.444017 -1.021745 0.390597 -0.511452 -0.765409 0.000000 0.000000
  11 -25.923324 -1.313045 -1.090331 0.275031 -0.379699 -0.883282 0.000000 0.000000
rubbergloveCHROME.bmp
  11 -25.923324 -1.313045 -1.090331 0.275031 -0.379699 -0.883282 0.000000 0.000000
  11 -25.843059 -1.444017 -1.021745 0.390597 -0.511452 -0.765409 0.000000 0.000000
  11 -26.010080 -1.573991 -0.985543 0.408087 -0.590275 -0.696449 0.000000 0.000000
rubbergloveCHROME.bmp
  11 -25.843059 -1.444017 -1.021745 0.390597 -0.511452 -0.765409 0.000000 0.000000
  11 -25.749639 -1.550350 -0.762582 0.567540 -0.767561 -0.297906 0.000000 0.000000
  11 -26.010080 -1.573991 -0.985543 0.408087 -0.590275 -0.696449 0.000000 0.000000
rubbergloveCHROME.bmp
  11 -26.010080 -1.573991 -0.985543 0.408087 -0.590275 -0.696449 0.000000 0.000000
  11 -25.749639 -1.550350 -0.762582 0.567540 -0.767561 -0.297906 0.000000 0.000000
  11 -25.889152 -1.709287 -0.736602 0.609231 -0.768165 -0.196876 0.000000 0.000000
rubbergloveCHROME.bmp
  11 -26.184053 -1.863305 -0.722046 0.726113 -0.673729 -0.137295 0.000000 0.000000
  12 -26.509161 -2.251336 -0.481677 0.647550 -0.585857 0.487289 0.000000 0.000000
  12 -26.457500 -2.296880 -0.731991 0.749313 -0.660882 -0.042020 0.000000 0.000000
rubbergloveCHROME.bmp
  12 -26.457500 -2.296880 -0.731991 0.749313 -0.660882 -0.042020 0.000000 0.000000
  12 -26.509161 -2.251336 -0.481677 0.647550 -0.585857 0.487289 0.000000 0.000000
  12 -26.658113 -2.398518 -0.515603 0.478134 -0.748090 0.460162 0.000000 0.000000
rubbergloveCHROME.bmp
  12 -26.509161 -2.251336 -0.481677 0.647550 -0.585857 0.487289 0.000000 0.000000
  12 -26.722490 -2.280349 -0.374211 0.372448 -0.600097 0.707931 0.000000 0.000000
  12 -26.658113 -2.398518 -0.515603 0.478134 -0.748090 0.460162 0.000000 0.000000
rubbergloveCHROME.bmp
  12 -26.658113 -2.398518 -0.515603 0.478134 -0.748090 0.460162 0.000000 0.000000
  12 -26.722490 -2.280349 -0.374211 0.372448 -0.600097 0.707931 0.000000 0.000000
  12 -26.913624 -2.398859 -0.418063 0.267308 -0.693999 0.668515 0.000000 0.000000
rubbergloveCHROME.bmp
  12 -26.835105 -2.203465 -1.124148 0.373454 -0.410270 -0.831992 0.000000 0.000000
  12 -26.873054 -2.467055 -0.998928 0.274958 -0.671939 -0.687674 0.000000 0.000000
  12 -27.019786 -2.330092 -1.108064 0.349900 -0.589338 -0.728183 0.000000 0.000000
rubbergloveCHROME.bmp
  12 -27.019786 -2.330092 -1.108064 0.349900 -0.589338 -0.728183 0.000000 0.000000
  12 -26.873054 -2.467055 -0.998928 0.274958 -0.671939 -0.687674 0.000000 0.000000
  12 -27.140795 -2.449984 -1.091250 0.016602 -0.754930 -0.655595 0.000000 0.000000
rubbergloveCHROME.bmp
  12 -26.873054 -2.467055 -0.998928 0.274958 -0.671939 -0.687674 0.000000 0.000000
  12 -27.128683 -2.565702 -0.943052 -0.072927 -0.906501 -0.415858 0.000000 0.000000
  12 -27.140795 -2.449984 -1.091250 0.016602 -0.754930 -0.655595 0.000000 0.000000
rubbergloveCHROME.bmp
  12 -27.140795 -2.449984 -1.091250 0.016602 -0.754930 -0.655595 0.000000 0.000000
  12 -27.128683 -2.565702 -0.943052 -0.072927 -0.906501 -0.415858 0.000000 0.000000
  12 -27.263160 -2.516178 -0.903513 -0.279465 -0.921960 -0.268121 0.000000 0.000000
rubbergloveCHROME.bmp
  15 -27.080596 -2.334646 -1.764198 -0.599042 -0.788794 0.137670 0.000000 0.000000
  15 -27.025064 -2.365830 -1.943206 -0.596555 -0.799046 -0.075151 0.000000 0.000000
  15 -27.030494 -2.383528 -1.763603 -0.590776 -0.762979 0.262386 0.000000 0.000000
rubbergloveCHROME.bmp
  15 -27.030494 -2.383528 -1.763603 -0.590776 -0.762979 0.262386 0.000000 0.000000
  15 -27.025064 -2.365830 -1.943206 -0.596555 -0.799046 -0.075151 0.000000 0.000000
  15 -26.902273 -2.439029 -1.825885 -0.101260 -0.990243 0.095733 0.000000 0.000000
rubbergloveCHROME.bmp
  15 -27.025064 -2.365830 -1.943206 -0.596555 -0.799046 -0.075151 0.000000 0.000000
  15 -26.874143 -2.426064 -1.952930 -0.184506 -0.978189 -0.095417 0.000000 0.000000
  15 -26.902273 -2.439029 -1.825885 -0.101260 -0.990243 0.095733 0.000000 0.000000
rubbergloveCHROME.bmp
  15 -26.902273 -2.439029 -1.825885 -0.101260 -0.990243 0.095733 0.000000 0.000000
  15 -26.874143 -2.426064 -1.952930 -0.184506 -0.978189 -0.095417 0.000000 0.000000
  15 -26.771158 -2.435438 -1.983034 -0.022242 -0.994936 -0.098017 0.000000 0.000000
rubbergloveCHROME.bmp
  15 -26.139155 -1.833364 -2.207488 0.477318 -0.349227 -0.806355 0.000000 0.000000
  15 -25.944326 -1.604743 -2.183524 0.457489 -0.314358 -0.831795 0.000000 0.000000
  15 -25.850215 -1.707288 -2.062167 0.580738 -0.549924 -0.600272 0.000000 0.000000
rubbergloveCHROME.bmp
  15 -25.850215 -1.707288 -2.062167 0.580738 -0.549924 -0.600272 0.000000 0.000000
  15 -25.944326 -1.604743 -2.183524 0.457489 -0.314358 -0.831795 0.000000 0.000000
  15 -25.758409 -1.670429 -2.058543 0.554832 -0.599599 -0.576752 0.000000 0.000000
rubbergloveCHROME.bmp
  15 -25.944326 -1.604743 -2.183524 0.457489 -0.314358 -0.831795 0.000000 0.000000
  15 -25.882491 -1.526868 -2.168969 0.457489 -0.314358 -0.831795 0.000000 0.000000
  15 -25.758409 -1.670429 -2.058543 0.554832 -0.599599 -0.576752 0.000000 0.000000
rubbergloveCHROME.bmp
  15 -25.758409 -1.670429 -2.058543 0.554832 -0.599599 -0.576752 0.000000 0.000000
  15 -25.882491 -1.526868 -2.168969 0.457489 -0.314358 -0.831795 0.000000 0.000000
  14 -25.604114 -1.520117 -2.046844 0.547448 -0.513054 -0.661117 0.000000 0.000000
rubbergloveCHROME.bmp
  11 -26.078038 -0.972289 -0.055900 -0.406135 0.232160 0.883830 0.000000 0.000000
  11 -26.097198 -0.934624 -0.155470 -0.600625 0.068723 0.796572 0.000000 0.000000
  11 -26.220332 -1.023157 -0.138149 -0.428926 0.412019 0.803905 0.000000 0.000000
rubbergloveCHROME.bmp
  11 -26.078038 -0.972289 -0.055900 -0.406135 0.232160 0.883830 0.000000 0.000000
  11 -26.089444 -0.900179 -0.114808 -0.545604 0.024576 0.837683 0.000000 0.000000
  11 -26.097198 -0.934624 -0.155470 -0.600625 0.068723 0.796572 0.000000 0.000000
rubbergloveCHROME.bmp
  11 -26.078038 -0.972289 -0.055900 -0.406135 0.232160 0.883830 0.000000 0.000000
  11 -26.038565 -0.852392 -0.103509 -0.282533 0.191159 0.940018 0.000000 0.000000
  11 -26.089444 -0.900179 -0.114808 -0.545604 0.024576 0.837683 0.000000 0.000000
rubbergloveCHROME.bmp
  11 -26.078038 -0.972289 -0.055900 -0.406135 0.232160 0.883830 0.000000 0.000000
  10 -25.901557 -0.809726 -0.041453 -0.213971 0.161001 0.963481 0.000000 0.000000
  11 -26.038565 -0.852392 -0.103509 -0.282533 0.191159 0.940018 0.000000 0.000000
rubbergloveCHROME.bmp
  12 -27.019786 -2.330092 -1.108064 0.349900 -0.589338 -0.728183 0.000000 0.000000
  12 -26.855459 -2.166825 -1.193742 0.331785 -0.324807 -0.885674 0.000000 0.000000
  12 -26.835105 -2.203465 -1.124148 0.373454 -0.410270 -0.831992 0.000000 0.000000
rubbergloveCHROME.bmp
  12 -26.835105 -2.203465 -1.124148 0.373454 -0.410270 -0.831992 0.000000 0.000000
  12 -26.855459 -2.166825 -1.193742 0.331785 -0.324807 -0.885674 0.000000 0.000000
  12 -26.650476 -1.992839 -1.088810 0.497596 -0.302984 -0.812772 0.000000 0.000000
rubbergloveCHROME.bmp
  12 -26.855459 -2.166825 -1.193742 0.331785 -0.324807 -0.885674 0.000000 0.000000
  12 -26.677961 -1.949261 -1.148354 0.379259 -0.202928 -0.902764 0.000000 0.000000
  12 -26.650476 -1.992839 -1.088810 0.497596 -0.302984 -0.812772 0.000000 0.000000
rubbergloveCHROME.bmp
  12 -26.650476 -1.992839 -1.088810 0.497596 -0.302984 -0.812772 0.000000 0.000000
  12 -26.677961 -1.949261 -1.148354 0.379259 -0.202928 -0.902764 0.000000 0.000000
  11 -26.364688 -1.618886 -1.039741 0.390597 -0.511452 -0.765409 0.000000 0.000000
rubbergloveCHROME.bmp
  12 -27.488214 -2.372744 -0.953287 -0.873561 -0.325704 -0.361675 0.000000 0.000000
  12 -27.459255 -2.315660 -0.992054 -0.740490 -0.213159 -0.637367 0.000000 0.000000
  12 -27.459351 -2.371884 -1.013005 -0.699082 -0.210673 -0.683301 0.000000 0.000000
rubbergloveCHROME.bmp
  12 -27.488214 -2.372744 -0.953287 -0.873561 -0.325704 -0.361675 0.000000 0.000000
  12 -27.488022 -2.316353 -0.942334 -0.873561 -0.325704 -0.361675 0.000000 0.000000
  12 -27.459255 -2.315660 -0.992054 -0.740490 -0.213159 -0.637367 0.000000 0.000000
rubbergloveCHROME.bmp
  12 -27.488214 -2.372744 -0.953287 -0.873561 -0.325704 -0.361675 0.000000 0.000000
  12 -27.503325 -2.318298 -0.822493 -0.936294 -0.320742 -0.143101 0.000000 0.000000
  12 -27.488022 -2.316353 -0.942334 -0.873561 -0.325704 -0.361675 0.000000 0.000000
rubbergloveCHROME.bmp
  12 -27.488214 -2.372744 -0.953287 -0.873561 -0.325704 -0.361675 0.000000 0.000000
  12 -27.525200 -2.410432 -0.804251 -0.948974 -0.301893 -0.091158 0.000000 0.000000
  12 -27.503325 -2.318298 -0.822493 -0.936294 -0.320742 -0.143101 0.000000 0.000000
rubbergloveCHROME.bmp
  12 -27.553030 -2.115195 -0.689531 -0.878570 0.469594 0.087154 0.000000 0.000000
  12 -27.544375 -2.105470 -0.849314 -0.825976 0.545718 -0.141264 0.000000 0.000000
  12 -27.580439 -2.225641 -0.841683 -0.988951 -0.043163 -0.141821 0.000000 0.000000
rubbergloveCHROME.bmp
  12 -27.580439 -2.225641 -0.841683 -0.988951 -0.043163 -0.141821 0.000000 0.000000
  12 -27.544375 -2.105470 -0.849314 -0.825976 0.545718 -0.141264 0.000000 0.000000
  12 -27.551091 -2.223939 -0.951391 -0.934785 -0.154021 -0.320084 0.000000 0.000000
rubbergloveCHROME.bmp
  12 -27.544375 -2.105470 -0.849314 -0.825976 0.545718 -0.141264 0.000000 0.000000
  12 -27.507581 -2.124174 -1.009302 -0.779147 0.493279 -0.386788 0.000000 0.000000
  12 -27.551091 -2.223939 -0.951391 -0.934785 -0.154021 -0.320084 0.000000 0.000000
rubbergloveCHROME.bmp
  12 -27.551091 -2.223939 -0.951391 -0.934785 -0.154021 -0.320084 0.000000 0.000000
  12 -27.507581 -2.124174 -1.009302 -0.779147 0.493279 -0.386788 0.000000 0.000000
  12 -27.515121 -2.216046 -1.010922 -0.796338 -0.227333 -0.560504 0.000000 0.000000
rubbergloveCHROME.bmp
  12 -27.285368 -1.922186 -0.473651 -0.652796 0.668948 0.355480 0.000000 0.000000
  12 -27.207290 -1.844995 -0.461594 -0.773651 0.530770 0.346045 0.000000 0.000000
  12 -27.190874 -1.813087 -0.680940 -0.812869 0.569091 0.124016 0.000000 0.000000
rubbergloveCHROME.bmp
  12 -27.285368 -1.922186 -0.473651 -0.652796 0.668948 0.355480 0.000000 0.000000
  12 -27.230156 -1.980895 -0.364084 -0.581257 0.532251 0.615507 0.000000 0.000000
  12 -27.207290 -1.844995 -0.461594 -0.773651 0.530770 0.346045 0.000000 0.000000
rubbergloveCHROME.bmp
  12 -27.285368 -1.922186 -0.473651 -0.652796 0.668948 0.355480 0.000000 0.000000
  12 -27.457307 -2.191465 -0.389831 -0.675072 0.408842 0.614106 0.000000 0.000000
  12 -27.230156 -1.980895 -0.364084 -0.581257 0.532251 0.615507 0.000000 0.000000
rubbergloveCHROME.bmp
  12 -27.285368 -1.922186 -0.473651 -0.652796 0.668948 0.355480 0.000000 0.000000
  12 -27.505459 -2.153835 -0.509687 -0.773651 0.530770 0.346045 0.000000 0.000000
  12 -27.457307 -2.191465 -0.389831 -0.675072 0.408842 0.614106 0.000000 0.000000
rubbergloveCHROME.bmp
  15 -26.791070 -1.533979 -1.541248 -0.270311 0.867640 0.417293 0.000000 0.000000
  15 -26.697312 -1.580399 -1.485082 -0.011838 0.597127 0.802059 0.000000 0.000000
  15 -26.718363 -1.545543 -1.554666 -0.479306 0.789359 0.383638 0.000000 0.000000
rubbergloveCHROME.bmp
  15 -26.718363 -1.545543 -1.554666 -0.479306 0.789359 0.383638 0.000000 0.000000
  15 -26.697312 -1.580399 -1.485082 -0.011838 0.597127 0.802059 0.000000 0.000000
  15 -26.499606 -1.305440 -1.425842 -0.539149 0.255455 0.802534 0.000000 0.000000
rubbergloveCHROME.bmp
  15 -26.697312 -1.580399 -1.485082 -0.011838 0.597127 0.802059 0.000000 0.000000
  15 -26.379271 -1.411070 -1.413125 -0.450429 0.153652 0.879491 0.000000 0.000000
  15 -26.499606 -1.305440 -1.425842 -0.539149 0.255455 0.802534 0.000000 0.000000
rubbergloveCHROME.bmp
  15 -26.499606 -1.305440 -1.425842 -0.539149 0.255455 0.802534 0.000000 0.000000
  15 -26.379271 -1.411070 -1.413125 -0.450429 0.153652 0.879491 0.000000 0.000000
  14 -26.282083 -1.240924 -1.385474 -0.424585 0.132074 0.895703 0.000000 0.000000
rubbergloveCHROME.bmp
  15 -26.659137 -2.323661 -2.232548 0.274326 -0.736737 -0.618032 0.000000 0.000000
  15 -26.780721 -2.403608 -2.092100 -0.020095 -0.956489 -0.291075 0.000000 0.000000
  15 -26.847594 -2.373191 -2.197470 0.016368 -0.862457 -0.505865 0.000000 0.000000
rubbergloveCHROME.bmp
  15 -26.847594 -2.373191 -2.197470 0.016368 -0.862457 -0.505865 0.000000 0.000000
  15 -26.780721 -2.403608 -2.092100 -0.020095 -0.956489 -0.291075 0.000000 0.000000
  15 -26.906569 -2.417480 -2.046604 -0.197335 -0.957094 -0.212203 0.000000 0.000000
rubbergloveCHROME.bmp
  15 -26.780721 -2.403608 -2.092100 -0.020095 -0.956489 -0.291075 0.000000 0.000000
  15 -26.771158 -2.435438 -1.983034 -0.022242 -0.994936 -0.098017 0.000000 0.000000
  15 -26.906569 -2.417480 -2.046604 -0.197335 -0.957094 -0.212203 0.000000 0.000000
rubbergloveCHROME.bmp
  15 -26.906569 -2.417480 -2.046604 -0.197335 -0.957094 -0.212203 0.000000 0.000000
  15 -26.771158 -2.435438 -1.983034 -0.022242 -0.994936 -0.098017 0.000000 0.000000
  15 -26.874143 -2.426064 -1.952930 -0.184506 -0.978189 -0.095417 0.000000 0.000000
rubbergloveCHROME.bmp
  9 -26.489993 -1.680151 1.174151 0.362303 0.529990 0.766712 0.000000 0.000000
  9 -26.565018 -1.653498 1.141582 -0.033330 0.888657 0.457360 0.000000 0.000000
  9 -26.600081 -1.633979 1.195337 0.065597 0.861888 0.502839 0.000000 0.000000
rubbergloveCHROME.bmp
  9 -26.600081 -1.633979 1.195337 0.065597 0.861888 0.502839 0.000000 0.000000
  9 -26.565018 -1.653498 1.141582 -0.033330 0.888657 0.457360 0.000000 0.000000
  9 -26.680078 -1.582586 1.120777 -0.124719 0.941422 0.313319 0.000000 0.000000
rubbergloveCHROME.bmp
  9 -26.565018 -1.653498 1.141582 -0.033330 0.888657 0.457360 0.000000 0.000000
  9 -26.622756 -1.608863 1.074693 -0.015837 0.973860 0.226597 0.000000 0.000000
  9 -26.680078 -1.582586 1.120777 -0.124719 0.941422 0.313319 0.000000 0.000000
rubbergloveCHROME.bmp
  9 -26.680078 -1.582586 1.120777 -0.124719 0.941422 0.313319 0.000000 0.000000
  9 -26.622756 -1.608863 1.074693 -0.015837 0.973860 0.226597 0.000000 0.000000
  9 -26.754241 -1.562323 0.936687 -0.220246 0.943910 0.246020 0.000000 0.000000
rubbergloveCHROME.bmp
  8 -25.312994 -1.364247 0.327168 0.591979 -0.557122 -0.582388 0.000000 0.000000
  8 -25.591414 -1.732316 0.528929 0.517073 -0.814462 -0.263225 0.000000 0.000000
  8 -25.800754 -1.628346 0.254763 0.295465 -0.652830 -0.697505 0.000000 0.000000
rubbergloveCHROME.bmp
  8 -25.800754 -1.628346 0.254763 0.295465 -0.652830 -0.697505 0.000000 0.000000
  8 -25.591414 -1.732316 0.528929 0.517073 -0.814462 -0.263225 0.000000 0.000000
  8 -25.859079 -1.856423 0.606727 0.398166 -0.877648 -0.266829 0.000000 0.000000
rubbergloveCHROME.bmp
  8 -25.591414 -1.732316 0.528929 0.517073 -0.814462 -0.263225 0.000000 0.000000
  8 -25.762551 -1.833659 0.895456 0.471448 -0.879596 0.063623 0.000000 0.000000
  8 -25.859079 -1.856423 0.606727 0.398166 -0.877648 -0.266829 0.000000 0.000000
rubbergloveCHROME.bmp
  8 -25.859079 -1.856423 0.606727 0.398166 -0.877648 -0.266829 0.000000 0.000000
  8 -25.762551 -1.833659 0.895456 0.471448 -0.879596 0.063623 0.000000 0.000000
  8 -25.930711 -1.893438 0.943920 0.454739 -0.729319 0.511181 0.000000 0.000000
rubbergloveCHROME.bmp
  25 27.456276 -1.222471 -0.954272 -0.484195 -0.627840 -0.609403 0.000000 0.000000
  26 27.641195 -1.322747 -1.027763 -0.377347 -0.579610 -0.722261 0.000000 0.000000
  26 27.541115 -1.436700 -0.748659 -0.521195 -0.794929 -0.310553 0.000000 0.000000
rubbergloveCHROME.bmp
  26 27.541115 -1.436700 -0.748659 -0.521195 -0.794929 -0.310553 0.000000 0.000000
  26 27.641195 -1.322747 -1.027763 -0.377347 -0.579610 -0.722261 0.000000 0.000000
  26 27.721218 -1.537639 -0.732098 -0.567537 -0.767564 -0.297904 0.000000 0.000000
rubbergloveCHROME.bmp
  26 27.641195 -1.322747 -1.027763 -0.377347 -0.579610 -0.722261 0.000000 0.000000
  26 27.807689 -1.438420 -1.001316 -0.390592 -0.511451 -0.765412 0.000000 0.000000
  26 27.721218 -1.537639 -0.732098 -0.567537 -0.767564 -0.297904 0.000000 0.000000
rubbergloveCHROME.bmp
  26 27.721218 -1.537639 -0.732098 -0.567537 -0.767564 -0.297904 0.000000 0.000000
  26 27.807689 -1.438420 -1.001316 -0.390592 -0.511451 -0.765412 0.000000 0.000000
  26 27.967899 -1.589138 -1.005404 -0.408085 -0.590274 -0.696450 0.000000 0.000000
rubbergloveCHROME.bmp
  30 29.031686 -2.387047 -1.946058 0.596557 -0.799044 -0.075153 0.000000 0.000000
  30 28.880215 -2.430900 -1.832773 0.101258 -0.990243 0.095735 0.000000 0.000000
  30 28.887664 -2.454370 -1.957246 0.184505 -0.978189 -0.095418 0.000000 0.000000
rubbergloveCHROME.bmp
  30 29.031686 -2.387047 -1.946058 0.596557 -0.799044 -0.075153 0.000000 0.000000
  30 29.023059 -2.404640 -1.764906 0.590775 -0.762980 0.262387 0.000000 0.000000
  30 28.880215 -2.430900 -1.832773 0.101258 -0.990243 0.095735 0.000000 0.000000
rubbergloveCHROME.bmp
  30 29.031686 -2.387047 -1.946058 0.596557 -0.799044 -0.075153 0.000000 0.000000
  30 29.071254 -2.339707 -1.783906 0.599043 -0.788793 0.137667 0.000000 0.000000
  30 29.023059 -2.404640 -1.764906 0.590775 -0.762980 0.262387 0.000000 0.000000
rubbergloveCHROME.bmp
  30 29.031686 -2.387047 -1.946058 0.596557 -0.799044 -0.075153 0.000000 0.000000
  30 29.080963 -2.323104 -1.955166 0.596557 -0.799044 -0.075153 0.000000 0.000000
  30 29.071254 -2.339707 -1.783906 0.599043 -0.788793 0.137667 0.000000 0.000000
rubbergloveCHROME.bmp
  30 28.559237 -1.212029 -1.665655 0.833039 0.496327 0.244349 0.000000 0.000000
  29 28.457833 -1.064884 -1.639845 0.776526 0.584160 0.236145 0.000000 0.000000
  29 28.368486 -1.143936 -1.425677 0.638355 0.346943 0.687120 0.000000 0.000000
rubbergloveCHROME.bmp
  29 28.368486 -1.143936 -1.425677 0.638355 0.346943 0.687120 0.000000 0.000000
  29 28.457833 -1.064884 -1.639845 0.776526 0.584160 0.236145 0.000000 0.000000
  29 28.296928 -0.962267 -1.399679 0.604004 0.394618 0.692427 0.000000 0.000000
rubbergloveCHROME.bmp
  29 28.457833 -1.064884 -1.639845 0.776526 0.584160 0.236145 0.000000 0.000000
  29 28.286781 -0.883974 -1.613144 0.731620 0.648416 0.210449 0.000000 0.000000
  29 28.296928 -0.962267 -1.399679 0.604004 0.394618 0.692427 0.000000 0.000000
rubbergloveCHROME.bmp
  29 28.296928 -0.962267 -1.399679 0.604004 0.394618 0.692427 0.000000 0.000000
  29 28.286781 -0.883974 -1.613144 0.731620 0.648416 0.210449 0.000000 0.000000
  29 28.102673 -0.786788 -1.391201 0.574270 0.420286 0.702548 0.000000 0.000000
rubbergloveCHROME.bmp
  29 28.453390 -1.033749 -1.808103 0.794452 0.606961 -0.021056 0.000000 0.000000
  29 28.260202 -0.846151 -1.919841 0.718437 0.669298 -0.189442 0.000000 0.000000
  29 28.262479 -0.875308 -1.771367 0.741509 0.668691 0.054924 0.000000 0.000000
rubbergloveCHROME.bmp
  29 28.453390 -1.033749 -1.808103 0.794452 0.606961 -0.021056 0.000000 0.000000
  29 28.422205 -1.046314 -1.967695 0.725557 0.598461 -0.339722 0.000000 0.000000
  29 28.260202 -0.846151 -1.919841 0.718437 0.669298 -0.189442 0.000000 0.000000
rubbergloveCHROME.bmp
  29 28.453390 -1.033749 -1.808103 0.794452 0.606961 -0.021056 0.000000 0.000000
  30 28.516097 -1.200444 -1.993382 0.790310 0.531458 -0.304898 0.000000 0.000000
  29 28.422205 -1.046314 -1.967695 0.725557 0.598461 -0.339722 0.000000 0.000000
rubbergloveCHROME.bmp
  29 28.453390 -1.033749 -1.808103 0.794452 0.606961 -0.021056 0.000000 0.000000
  30 28.554890 -1.195320 -1.835367 0.859824 0.510408 -0.013633 0.000000 0.000000
  30 28.516097 -1.200444 -1.993382 0.790310 0.531458 -0.304898 0.000000 0.000000
rubbergloveCHROME.bmp
  30 28.683238 -1.580348 -1.483542 0.011845 0.597120 0.802065 0.000000 0.000000
  30 28.506488 -1.312583 -1.427314 0.539146 0.255454 0.802536 0.000000 0.000000
  30 28.400468 -1.404248 -1.414768 0.450430 0.153653 0.879491 0.000000 0.000000
rubbergloveCHROME.bmp
  30 28.683238 -1.580348 -1.483542 0.011845 0.597120 0.802065 0.000000 0.000000
  30 28.704289 -1.545492 -1.553126 0.479312 0.789355 0.383639 0.000000 0.000000
  30 28.506488 -1.312583 -1.427314 0.539146 0.255454 0.802536 0.000000 0.000000
rubbergloveCHROME.bmp
  30 28.683238 -1.580348 -1.483542 0.011845 0.597120 0.802065 0.000000 0.000000
  30 28.761856 -1.532833 -1.548051 0.270315 0.867638 0.417294 0.000000 0.000000
  30 28.704289 -1.545492 -1.553126 0.479312 0.789355 0.383639 0.000000 0.000000
rubbergloveCHROME.bmp
  30 28.683238 -1.580348 -1.483542 0.011845 0.597120 0.802065 0.000000 0.000000
  30 28.722580 -1.591606 -1.448537 0.116390 0.438884 0.890974 0.000000 0.000000
  30 28.761856 -1.532833 -1.548051 0.270315 0.867638 0.417294 0.000000 0.000000
rubbergloveCHROME.bmp
  30 28.885336 -2.424413 -2.044979 0.197333 -0.957094 -0.212204 0.000000 0.000000
  30 28.746514 -2.411423 -2.079034 0.020097 -0.956489 -0.291076 0.000000 0.000000
  30 28.847575 -2.373246 -2.197479 -0.016368 -0.862458 -0.505865 0.000000 0.000000
rubbergloveCHROME.bmp
  30 28.885336 -2.424413 -2.044979 0.197333 -0.957094 -0.212204 0.000000 0.000000
  30 28.773304 -2.437471 -1.963259 0.022242 -0.994936 -0.098016 0.000000 0.000000
  30 28.746514 -2.411423 -2.079034 0.020097 -0.956489 -0.291076 0.000000 0.000000
rubbergloveCHROME.bmp
  30 28.885336 -2.424413 -2.044979 0.197333 -0.957094 -0.212204 0.000000 0.000000
  30 28.887664 -2.454370 -1.957246 0.184505 -0.978189 -0.095418 0.000000 0.000000
  30 28.773304 -2.437471 -1.963259 0.022242 -0.994936 -0.098016 0.000000 0.000000
rubbergloveCHROME.bmp
  30 28.885336 -2.424413 -2.044979 0.197333 -0.957094 -0.212204 0.000000 0.000000
  30 29.031686 -2.387047 -1.946058 0.596557 -0.799044 -0.075153 0.000000 0.000000
  30 28.887664 -2.454370 -1.957246 0.184505 -0.978189 -0.095418 0.000000 0.000000
rubbergloveCHROME.bmp
  26 28.035429 -0.973303 -0.075519 0.406137 0.232160 0.883829 0.000000 0.000000
  26 27.996149 -0.853742 -0.103132 0.282536 0.191162 0.940016 0.000000 0.000000
  25 27.859589 -0.825589 -0.081332 0.213969 0.161008 0.963480 0.000000 0.000000
rubbergloveCHROME.bmp
  26 28.035429 -0.973303 -0.075519 0.406137 0.232160 0.883829 0.000000 0.000000
  26 28.046835 -0.901193 -0.134427 0.545604 0.024582 0.837682 0.000000 0.000000
  26 27.996149 -0.853742 -0.103132 0.282536 0.191162 0.940016 0.000000 0.000000
rubbergloveCHROME.bmp
  26 28.035429 -0.973303 -0.075519 0.406137 0.232160 0.883829 0.000000 0.000000
  26 28.082720 -0.921146 -0.145112 0.600624 0.068728 0.796572 0.000000 0.000000
  26 28.046835 -0.901193 -0.134427 0.545604 0.024582 0.837682 0.000000 0.000000
rubbergloveCHROME.bmp
  26 28.035429 -0.973303 -0.075519 0.406137 0.232160 0.883829 0.000000 0.000000
  26 28.191954 -1.023908 -0.147900 0.428926 0.412019 0.803905 0.000000 0.000000
  26 28.082720 -0.921146 -0.145112 0.600624 0.068728 0.796572 0.000000 0.000000
rubbergloveCHROME.bmp
  27 29.095348 -1.875783 -0.351019 0.671718 0.411919 0.615725 0.000000 0.000000
  27 29.194746 -1.974073 -0.363637 0.581260 0.532252 0.615504 0.000000 0.000000
  27 29.150607 -1.845186 -0.471061 0.773651 0.530772 0.346042 0.000000 0.000000
rubbergloveCHROME.bmp
  27 29.150607 -1.845186 -0.471061 0.773651 0.530772 0.346042 0.000000 0.000000
  27 29.194746 -1.974073 -0.363637 0.581260 0.532252 0.615504 0.000000 0.000000
  27 29.228685 -1.922377 -0.483118 0.652798 0.668947 0.355478 0.000000 0.000000
rubbergloveCHROME.bmp
  27 29.194746 -1.974073 -0.363637 0.581260 0.532252 0.615504 0.000000 0.000000
  27 29.457382 -2.191695 -0.379845 0.671718 0.411919 0.615725 0.000000 0.000000
  27 29.228685 -1.922377 -0.483118 0.652798 0.668947 0.355478 0.000000 0.000000
rubbergloveCHROME.bmp
  27 29.228685 -1.922377 -0.483118 0.652798 0.668947 0.355478 0.000000 0.000000
  27 29.457382 -2.191695 -0.379845 0.671718 0.411919 0.615725 0.000000 0.000000
  27 29.491321 -2.140000 -0.499326 0.773651 0.530772 0.346042 0.000000 0.000000
rubbergloveCHROME.bmp
  28 26.941868 -1.059500 -1.645256 -0.559318 -0.827393 0.050833 0.000000 0.000000
  28 26.891237 -0.958351 -1.882333 -0.599034 -0.661327 -0.451447 0.000000 0.000000
  29 27.140588 -1.123325 -1.926119 -0.617859 -0.665881 -0.418155 0.000000 0.000000
rubbergloveCHROME.bmp
  28 26.941868 -1.059500 -1.645256 -0.559318 -0.827393 0.050833 0.000000 0.000000
  28 26.597110 -0.807880 -1.572256 -0.688924 -0.724675 0.015132 0.000000 0.000000
  28 26.891237 -0.958351 -1.882333 -0.599034 -0.661327 -0.451447 0.000000 0.000000
rubbergloveCHROME.bmp
  28 26.941868 -1.059500 -1.645256 -0.559318 -0.827393 0.050833 0.000000 0.000000
  28 26.704480 -0.825217 -1.302680 -0.452911 -0.518294 0.725426 0.000000 0.000000
  28 26.597110 -0.807880 -1.572256 -0.688924 -0.724675 0.015132 0.000000 0.000000
rubbergloveCHROME.bmp
  28 26.941868 -1.059500 -1.645256 -0.559318 -0.827393 0.050833 0.000000 0.000000
  28 26.998296 -1.056877 -1.378219 -0.346233 -0.700118 0.624466 0.000000 0.000000
  28 26.704480 -0.825217 -1.302680 -0.452911 -0.518294 0.725426 0.000000 0.000000
rubbergloveCHROME.bmp
  23 28.047628 -1.468370 1.186382 0.014630 0.031475 0.999397 0.000000 0.000000
  24 28.028981 -1.802958 1.071060 -0.348628 -0.495681 0.795462 0.000000 0.000000
  24 28.201920 -1.613162 1.179548 -0.013777 0.020780 0.999689 0.000000 0.000000
rubbergloveCHROME.bmp
  23 28.047628 -1.468370 1.186382 0.014630 0.031475 0.999397 0.000000 0.000000
  23 27.840269 -1.696387 1.117025 -0.398094 -0.563333 0.724000 0.000000 0.000000
  24 28.028981 -1.802958 1.071060 -0.348628 -0.495681 0.795462 0.000000 0.000000
rubbergloveCHROME.bmp
  23 28.047628 -1.468370 1.186382 0.014630 0.031475 0.999397 0.000000 0.000000
  23 27.655642 -1.500733 1.084899 -0.445819 -0.305286 0.841455 0.000000 0.000000
  23 27.840269 -1.696387 1.117025 -0.398094 -0.563333 0.724000 0.000000 0.000000
rubbergloveCHROME.bmp
  23 28.047628 -1.468370 1.186382 0.014630 0.031475 0.999397 0.000000 0.000000
  23 27.889082 -1.256311 1.166531 0.028516 0.202881 0.978788 0.000000 0.000000
  23 27.655642 -1.500733 1.084899 -0.445819 -0.305286 0.841455 0.000000 0.000000
rubbergloveCHROME.bmp
  22 26.989806 -1.146624 0.395723 -0.499286 -0.796257 -0.341596 0.000000 0.000000
  22 27.017459 -1.201579 0.546107 -0.348465 -0.917605 0.191241 0.000000 0.000000
  22 26.934126 -1.129476 0.538572 -0.577615 -0.815727 0.030822 0.000000 0.000000
rubbergloveCHROME.bmp
  22 26.934126 -1.129476 0.538572 -0.577615 -0.815727 0.030822 0.000000 0.000000
  22 27.017459 -1.201579 0.546107 -0.348465 -0.917605 0.191241 0.000000 0.000000
  22 26.926697 -1.089619 0.736704 -0.502862 -0.744743 0.438734 0.000000 0.000000
rubbergloveCHROME.bmp
  22 27.017459 -1.201579 0.546107 -0.348465 -0.917605 0.191241 0.000000 0.000000
  22 26.980149 -1.095386 0.714127 -0.353208 -0.795101 0.493010 0.000000 0.000000
  22 26.926697 -1.089619 0.736704 -0.502862 -0.744743 0.438734 0.000000 0.000000
rubbergloveCHROME.bmp
  22 26.926697 -1.089619 0.736704 -0.502862 -0.744743 0.438734 0.000000 0.000000
  22 26.980149 -1.095386 0.714127 -0.353208 -0.795101 0.493010 0.000000 0.000000
  22 26.916179 -0.988714 0.756893 -0.434738 -0.575584 0.692608 0.000000 0.000000
rubbergloveCHROME.bmp
  23 27.464237 -1.060417 0.088462 -0.285697 -0.394030 -0.873566 0.000000 0.000000
  23 27.612921 -1.072248 0.049053 -0.075592 -0.323972 -0.943042 0.000000 0.000000
  23 27.549742 -1.125483 0.115944 -0.210754 -0.428869 -0.878438 0.000000 0.000000
rubbergloveCHROME.bmp
  23 27.549742 -1.125483 0.115944 -0.210754 -0.428869 -0.878438 0.000000 0.000000
  23 27.612921 -1.072248 0.049053 -0.075592 -0.323972 -0.943042 0.000000 0.000000
  23 27.708101 -1.257212 0.159185 -0.179857 -0.445892 -0.876830 0.000000 0.000000
rubbergloveCHROME.bmp
  23 27.612921 -1.072248 0.049053 -0.075592 -0.323972 -0.943042 0.000000 0.000000
  23 27.766697 -1.199025 0.070976 0.135422 -0.201270 -0.970130 0.000000 0.000000
  23 27.708101 -1.257212 0.159185 -0.179857 -0.445892 -0.876830 0.000000 0.000000
rubbergloveCHROME.bmp
  23 27.708101 -1.257212 0.159185 -0.179857 -0.445892 -0.876830 0.000000 0.000000
  23 27.766697 -1.199025 0.070976 0.135422 -0.201270 -0.970130 0.000000 0.000000
  23 27.978718 -1.367441 0.155138 0.037337 -0.207224 -0.977581 0.000000 0.000000
rubbergloveCHROME.bmp
  15 -26.878530 -2.205855 -2.315544 -0.112097 -0.301019 -0.947007 0.000000 0.000000
  15 -26.709133 -2.003612 -2.317219 0.033941 0.041113 -0.998578 0.000000 0.000000
  15 -26.855151 -2.210753 -2.333693 -0.151970 -0.294961 -0.943347 0.000000 0.000000
rubbergloveCHROME.bmp
  15 -26.855151 -2.210753 -2.333693 -0.151970 -0.294961 -0.943347 0.000000 0.000000
  15 -26.709133 -2.003612 -2.317219 0.033941 0.041113 -0.998578 0.000000 0.000000
  15 -26.690488 -2.013622 -2.356616 -0.021484 0.044256 -0.998789 0.000000 0.000000
rubbergloveCHROME.bmp
  15 -26.709133 -2.003612 -2.317219 0.033941 0.041113 -0.998578 0.000000 0.000000
  15 -26.605027 -1.810862 -2.306770 -0.014986 0.154001 -0.987957 0.000000 0.000000
  15 -26.690488 -2.013622 -2.356616 -0.021484 0.044256 -0.998789 0.000000 0.000000
rubbergloveCHROME.bmp
  12 -26.826255 -2.563096 -0.770048 0.315620 -0.936282 -0.154142 0.000000 0.000000
  12 -27.117784 -2.599442 -0.623454 -0.107323 -0.958817 0.262966 0.000000 0.000000
  12 -27.137871 -2.604380 -0.743754 -0.253704 -0.965202 -0.063397 0.000000 0.000000
rubbergloveCHROME.bmp
  12 -27.137871 -2.604380 -0.743754 -0.253704 -0.965202 -0.063397 0.000000 0.000000
  12 -27.117784 -2.599442 -0.623454 -0.107323 -0.958817 0.262966 0.000000 0.000000
  12 -27.230457 -2.527977 -0.633344 -0.371548 -0.918918 0.132444 0.000000 0.000000
rubbergloveCHROME.bmp
  12 -27.117784 -2.599442 -0.623454 -0.107323 -0.958817 0.262966 0.000000 0.000000
  12 -27.196204 -2.537085 -0.523145 -0.242405 -0.911467 0.332366 0.000000 0.000000
  12 -27.230457 -2.527977 -0.633344 -0.371548 -0.918918 0.132444 0.000000 0.000000
rubbergloveCHROME.bmp
  12 -26.935648 -2.351108 -0.307452 0.150445 -0.581976 0.799168 0.000000 0.000000
  12 -27.232466 -2.489428 -0.402671 -0.173834 -0.796841 0.578642 0.000000 0.000000
  12 -27.112059 -2.524738 -0.442107 0.072924 -0.816629 0.572537 0.000000 0.000000
rubbergloveCHROME.bmp
  12 -27.112059 -2.524738 -0.442107 0.072924 -0.816629 0.572537 0.000000 0.000000
  12 -27.232466 -2.489428 -0.402671 -0.173834 -0.796841 0.578642 0.000000 0.000000
  12 -27.196204 -2.537085 -0.523145 -0.242405 -0.911467 0.332366 0.000000 0.000000
rubbergloveCHROME.bmp
  12 -27.232466 -2.489428 -0.402671 -0.173834 -0.796841 0.578642 0.000000 0.000000
  12 -27.336820 -2.492910 -0.583774 -0.356345 -0.909764 0.212949 0.000000 0.000000
  12 -27.196204 -2.537085 -0.523145 -0.242405 -0.911467 0.332366 0.000000 0.000000
rubbergloveCHROME.bmp
  12 -27.492569 -2.436372 -0.534321 -0.818343 -0.458650 0.346346 0.000000 0.000000
  12 -27.422758 -2.424287 -0.433423 -0.660238 -0.476812 0.580290 0.000000 0.000000
  12 -27.492039 -2.351364 -0.542887 -0.872831 -0.378277 0.308338 0.000000 0.000000
rubbergloveCHROME.bmp
  12 -27.492039 -2.351364 -0.542887 -0.872831 -0.378277 0.308338 0.000000 0.000000
  12 -27.422758 -2.424287 -0.433423 -0.660238 -0.476812 0.580290 0.000000 0.000000
  12 -27.443452 -2.360209 -0.452549 -0.667097 -0.510271 0.542775 0.000000 0.000000
rubbergloveCHROME.bmp
  12 -27.422758 -2.424287 -0.433423 -0.660238 -0.476812 0.580290 0.000000 0.000000
  12 -27.345480 -2.334470 -0.331144 -0.410048 -0.185225 0.893058 0.000000 0.000000
  12 -27.443452 -2.360209 -0.452549 -0.667097 -0.510271 0.542775 0.000000 0.000000
rubbergloveCHROME.bmp
  12 -27.054353 -2.307517 -1.178032 0.247278 -0.473294 -0.845486 0.000000 0.000000
  12 -27.189649 -2.399560 -1.130882 -0.019615 -0.558186 -0.829484 0.000000 0.000000
  12 -27.117254 -2.200796 -1.196848 -0.198883 0.061621 -0.978084 0.000000 0.000000
rubbergloveCHROME.bmp
  12 -27.117254 -2.200796 -1.196848 -0.198883 0.061621 -0.978084 0.000000 0.000000
  12 -27.189649 -2.399560 -1.130882 -0.019615 -0.558186 -0.829484 0.000000 0.000000
  12 -27.302225 -2.327928 -1.150770 -0.436976 -0.188408 -0.879519 0.000000 0.000000
rubbergloveCHROME.bmp
  12 -27.189649 -2.399560 -1.130882 -0.019615 -0.558186 -0.829484 0.000000 0.000000
  12 -27.325550 -2.478641 -1.013506 -0.343492 -0.792502 -0.503938 0.000000 0.000000
  12 -27.302225 -2.327928 -1.150770 -0.436976 -0.188408 -0.879519 0.000000 0.000000
rubbergloveCHROME.bmp
  9 -26.756212 -1.637839 0.406599 -0.562756 0.692983 -0.450645 0.000000 0.000000
  9 -26.820143 -1.564638 0.500165 -0.197033 0.801074 -0.565206 0.000000 0.000000
  9 -26.731036 -1.628798 0.432760 -0.214756 0.872097 -0.439690 0.000000 0.000000
rubbergloveCHROME.bmp
  9 -26.731036 -1.628798 0.432760 -0.214756 0.872097 -0.439690 0.000000 0.000000
  9 -26.820143 -1.564638 0.500165 -0.197033 0.801074 -0.565206 0.000000 0.000000
  9 -26.803646 -1.577391 0.519276 -0.333588 0.753941 -0.565943 0.000000 0.000000
rubbergloveCHROME.bmp
  9 -26.820143 -1.564638 0.500165 -0.197033 0.801074 -0.565206 0.000000 0.000000
  9 -26.814883 -1.549689 0.589321 -0.154345 0.976788 -0.148538 0.000000 0.000000
  9 -26.803646 -1.577391 0.519276 -0.333588 0.753941 -0.565943 0.000000 0.000000
rubbergloveCHROME.bmp
  8 -25.991931 -1.240441 1.138721 -0.028516 0.202883 0.978788 0.000000 0.000000
  8 -25.805780 -1.082906 1.079305 0.015290 0.252258 0.967539 0.000000 0.000000
  8 -25.906871 -1.013193 1.097215 -0.239281 0.386814 0.890573 0.000000 0.000000
rubbergloveCHROME.bmp
  8 -25.906871 -1.013193 1.097215 -0.239281 0.386814 0.890573 0.000000 0.000000
  8 -25.805780 -1.082906 1.079305 0.015290 0.252258 0.967539 0.000000 0.000000
  8 -25.792645 -0.866893 1.038487 -0.485509 0.066577 0.871693 0.000000 0.000000
rubbergloveCHROME.bmp
  8 -25.805780 -1.082906 1.079305 0.015290 0.252258 0.967539 0.000000 0.000000
  8 -25.672759 -0.959677 1.009878 -0.128698 -0.084713 0.988059 0.000000 0.000000
  8 -25.792645 -0.866893 1.038487 -0.485509 0.066577 0.871693 0.000000 0.000000
rubbergloveCHROME.bmp
  14 -26.286796 -0.883924 -1.613134 -0.731621 0.648415 0.210448 0.000000 0.000000
  14 -26.471906 -1.064585 -1.641348 -0.776527 0.584158 0.236146 0.000000 0.000000
  14 -26.281802 -0.961478 -1.408047 -0.604005 0.394618 0.692427 0.000000 0.000000
rubbergloveCHROME.bmp
  14 -26.281802 -0.961478 -1.408047 -0.604005 0.394618 0.692427 0.000000 0.000000
  14 -26.471906 -1.064585 -1.641348 -0.776527 0.584158 0.236146 0.000000 0.000000
  14 -26.382560 -1.143636 -1.427180 -0.638359 0.346939 0.687118 0.000000 0.000000
rubbergloveCHROME.bmp
  14 -26.471906 -1.064585 -1.641348 -0.776527 0.584158 0.236146 0.000000 0.000000
  15 -26.559254 -1.211975 -1.665647 -0.833040 0.496322 0.244353 0.000000 0.000000
  14 -26.382560 -1.143636 -1.427180 -0.638359 0.346939 0.687118 0.000000 0.000000
rubbergloveCHROME.bmp
  15 -27.199202 -2.272717 -1.983281 -0.748418 -0.661183 -0.052029 0.000000 0.000000
  15 -27.220574 -2.137211 -1.992288 -0.996471 0.044580 -0.071119 0.000000 0.000000
  15 -27.179458 -2.268986 -2.162714 -0.778644 -0.583434 -0.230906 0.000000 0.000000
rubbergloveCHROME.bmp
  15 -27.179458 -2.268986 -2.162714 -0.778644 -0.583434 -0.230906 0.000000 0.000000
  15 -27.220574 -2.137211 -1.992288 -0.996471 0.044580 -0.071119 0.000000 0.000000
  15 -27.157577 -2.132171 -2.176966 -0.929340 0.095071 -0.356775 0.000000 0.000000
rubbergloveCHROME.bmp
  15 -27.220574 -2.137211 -1.992288 -0.996471 0.044580 -0.071119 0.000000 0.000000
  15 -27.124966 -1.924394 -1.970654 -0.851984 0.520863 -0.053156 0.000000 0.000000
  15 -27.157577 -2.132171 -2.176966 -0.929340 0.095071 -0.356775 0.000000 0.000000
rubbergloveCHROME.bmp
  14 -25.705770 -1.354440 -2.132386 0.445423 -0.290703 -0.846812 0.000000 0.000000
  15 -25.882491 -1.526868 -2.168969 0.457489 -0.314358 -0.831795 0.000000 0.000000
  14 -25.901203 -1.378083 -2.237013 0.348609 -0.159345 -0.923624 0.000000 0.000000
rubbergloveCHROME.bmp
  14 -25.901203 -1.378083 -2.237013 0.348609 -0.159345 -0.923624 0.000000 0.000000
  15 -25.882491 -1.526868 -2.168969 0.457489 -0.314358 -0.831795 0.000000 0.000000
  15 -26.037209 -1.485983 -2.252579 0.346813 -0.159058 -0.924349 0.000000 0.000000
rubbergloveCHROME.bmp
  15 -25.882491 -1.526868 -2.168969 0.457489 -0.314358 -0.831795 0.000000 0.000000
  15 -25.944326 -1.604743 -2.183524 0.457489 -0.314358 -0.831795 0.000000 0.000000
  15 -26.037209 -1.485983 -2.252579 0.346813 -0.159058 -0.924349 0.000000 0.000000
rubbergloveCHROME.bmp
  8 -25.757289 -1.204656 0.090454 -0.135421 -0.201268 -0.970130 0.000000 0.000000
  8 -25.640151 -1.083926 0.063940 0.075588 -0.323966 -0.943044 0.000000 0.000000
  8 -25.726164 -1.258986 0.131435 0.179854 -0.445892 -0.876831 0.000000 0.000000
rubbergloveCHROME.bmp
  8 -25.726164 -1.258986 0.131435 0.179854 -0.445892 -0.876831 0.000000 0.000000
  8 -25.640151 -1.083926 0.063940 0.075588 -0.323966 -0.943044 0.000000 0.000000
  8 -25.562229 -1.162804 0.090518 0.210751 -0.428864 -0.878442 0.000000 0.000000
rubbergloveCHROME.bmp
  8 -25.640151 -1.083926 0.063940 0.075588 -0.323966 -0.943044 0.000000 0.000000
  8 -25.462895 -1.059501 0.098345 0.285694 -0.394028 -0.873568 0.000000 0.000000
  8 -25.562229 -1.162804 0.090518 0.210751 -0.428864 -0.878442 0.000000 0.000000
rubbergloveCHROME.bmp
  7 -25.340700 -0.897705 0.077703 0.240967 -0.417147 -0.876312 0.000000 0.000000
  8 -25.546220 -0.984052 0.032282 0.000674 -0.197710 -0.980260 0.000000 0.000000
  7 -25.390612 -0.818711 -0.023632 -0.026301 -0.141364 -0.989608 0.000000 0.000000
rubbergloveCHROME.bmp
  7 -25.390612 -0.818711 -0.023632 -0.026301 -0.141364 -0.989608 0.000000 0.000000
  8 -25.546220 -0.984052 0.032282 0.000674 -0.197710 -0.980260 0.000000 0.000000
  7 -25.778229 -0.577231 0.150267 -0.617033 0.528326 -0.583217 0.000000 0.000000
rubbergloveCHROME.bmp
  8 -25.546220 -0.984052 0.032282 0.000674 -0.197710 -0.980260 0.000000 0.000000
  8 -25.995335 -0.857571 0.204323 -0.616858 0.152894 -0.772081 0.000000 0.000000
  7 -25.778229 -0.577231 0.150267 -0.617033 0.528326 -0.583217 0.000000 0.000000
rubbergloveCHROME.bmp
  9 -27.021813 -2.488016 0.780170 -0.110101 -0.981285 -0.157978 0.000000 0.000000
  9 -26.994151 -2.491346 0.827326 -0.125105 -0.991770 0.027216 0.000000 0.000000
  9 -27.162984 -2.445359 0.836306 -0.589743 -0.796686 0.132265 0.000000 0.000000
rubbergloveCHROME.bmp
  9 -27.162984 -2.445359 0.836306 -0.589743 -0.796686 0.132265 0.000000 0.000000
  9 -26.994151 -2.491346 0.827326 -0.125105 -0.991770 0.027216 0.000000 0.000000
  9 -27.111495 -2.440506 0.899752 -0.469260 -0.857972 0.208997 0.000000 0.000000
rubbergloveCHROME.bmp
  9 -26.994151 -2.491346 0.827326 -0.125105 -0.991770 0.027216 0.000000 0.000000
  9 -26.918134 -2.519706 0.920692 -0.110957 -0.969156 0.220056 0.000000 0.000000
  9 -27.111495 -2.440506 0.899752 -0.469260 -0.857972 0.208997 0.000000 0.000000
rubbergloveCHROME.bmp
  9 -26.527659 -2.206028 0.363883 0.189938 -0.492878 -0.849114 0.000000 0.000000
  9 -26.749724 -2.324101 0.434917 0.111070 -0.617046 -0.779049 0.000000 0.000000
  9 -26.793217 -2.156507 0.395923 0.088557 -0.439650 -0.893793 0.000000 0.000000
rubbergloveCHROME.bmp
  9 -26.793217 -2.156507 0.395923 0.088557 -0.439650 -0.893793 0.000000 0.000000
  9 -26.749724 -2.324101 0.434917 0.111070 -0.617046 -0.779049 0.000000 0.000000
  9 -26.927238 -2.299908 0.436847 0.035885 -0.548769 -0.835204 0.000000 0.000000
rubbergloveCHROME.bmp
  9 -26.749724 -2.324101 0.434917 0.111070 -0.617046 -0.779049 0.000000 0.000000
  9 -26.897899 -2.455600 0.527397 -0.187483 -0.741198 -0.644574 0.000000 0.000000
  9 -26.927238 -2.299908 0.436847 0.035885 -0.548769 -0.835204 0.000000 0.000000
rubbergloveCHROME.bmp
  7 -24.935058 -1.143470 0.539930 0.577621 -0.815724 0.030814 0.000000 0.000000
  7 -25.008663 -1.194192 0.554408 0.348458 -0.917608 0.191240 0.000000 0.000000
  7 -25.003369 -1.158667 0.408771 0.499289 -0.796255 -0.341596 0.000000 0.000000
rubbergloveCHROME.bmp
  7 -25.003369 -1.158667 0.408771 0.499289 -0.796255 -0.341596 0.000000 0.000000
  7 -25.008663 -1.194192 0.554408 0.348458 -0.917608 0.191240 0.000000 0.000000
  7 -25.069521 -1.202912 0.421666 0.143651 -0.956780 -0.252858 0.000000 0.000000
rubbergloveCHROME.bmp
  7 -25.008663 -1.194192 0.554408 0.348458 -0.917608 0.191240 0.000000 0.000000
  7 -25.074746 -1.198008 0.543521 0.266433 -0.955486 0.126727 0.000000 0.000000
  7 -25.069521 -1.202912 0.421666 0.143651 -0.956780 -0.252858 0.000000 0.000000
rubbergloveCHROME.bmp
  6 -23.186263 -0.856396 1.701626 0.834200 -0.550026 -0.039773 0.000000 0.000000
  6 -23.274373 -0.988118 1.792653 0.736092 -0.674048 0.061868 0.000000 0.000000
  6 -23.268688 -0.952639 1.530911 0.623823 -0.705633 -0.336047 0.000000 0.000000
rubbergloveCHROME.bmp
  6 -23.268688 -0.952639 1.530911 0.623823 -0.705633 -0.336047 0.000000 0.000000
  6 -23.274373 -0.988118 1.792653 0.736092 -0.674048 0.061868 0.000000 0.000000
  6 -23.403877 -1.065071 1.618564 0.558892 -0.801429 -0.212960 0.000000 0.000000
rubbergloveCHROME.bmp
  6 -23.274373 -0.988118 1.792653 0.736092 -0.674048 0.061868 0.000000 0.000000
  6 -23.411577 -1.083946 1.884805 0.649354 -0.749766 0.127245 0.000000 0.000000
  6 -23.403877 -1.065071 1.618564 0.558892 -0.801429 -0.212960 0.000000 0.000000
rubbergloveCHROME.bmp
  6 -24.506306 -1.005005 2.347770 -0.796176 -0.039618 0.603766 0.000000 0.000000
  6 -24.397031 -1.087390 2.456267 -0.544151 -0.234837 0.805451 0.000000 0.000000
  6 -24.359695 -0.919192 2.452369 -0.318869 0.367094 0.873822 0.000000 0.000000
rubbergloveCHROME.bmp
  6 -24.359695 -0.919192 2.452369 -0.318869 0.367094 0.873822 0.000000 0.000000
  6 -24.397031 -1.087390 2.456267 -0.544151 -0.234837 0.805451 0.000000 0.000000
  6 -24.199883 -1.047866 2.509843 -0.107023 0.107487 0.988429 0.000000 0.000000
rubbergloveCHROME.bmp
  6 -24.397031 -1.087390 2.456267 -0.544151 -0.234837 0.805451 0.000000 0.000000
  6 -24.273078 -1.171723 2.467395 -0.331658 -0.332893 0.882715 0.000000 0.000000
  6 -24.199883 -1.047866 2.509843 -0.107023 0.107487 0.988429 0.000000 0.000000
rubbergloveCHROME.bmp
  26 27.721218 -1.537639 -0.732098 -0.567537 -0.767564 -0.297904 0.000000 0.000000
  26 27.967899 -1.589138 -1.005404 -0.408085 -0.590274 -0.696450 0.000000 0.000000
  26 27.860440 -1.696072 -0.736113 -0.609233 -0.768164 -0.196876 0.000000 0.000000
rubbergloveCHROME.bmp
  26 27.860440 -1.696072 -0.736113 -0.609233 -0.768164 -0.196876 0.000000 0.000000
  26 27.967899 -1.589138 -1.005404 -0.408085 -0.590274 -0.696450 0.000000 0.000000
  26 28.068716 -1.795979 -0.729809 -0.471108 -0.842970 -0.259729 0.000000 0.000000
rubbergloveCHROME.bmp
  26 27.967899 -1.589138 -1.005404 -0.408085 -0.590274 -0.696450 0.000000 0.000000
  26 28.155617 -1.710894 -0.999269 -0.272888 -0.601361 -0.750931 0.000000 0.000000
  26 28.068716 -1.795979 -0.729809 -0.471108 -0.842970 -0.259729 0.000000 0.000000
rubbergloveCHROME.bmp
  27 28.821015 -2.531377 -0.559435 -0.303965 -0.873035 0.381333 0.000000 0.000000
  27 28.599323 -2.437088 -0.765741 -0.572337 -0.810143 -0.126879 0.000000 0.000000
  27 28.797878 -2.549165 -0.769550 -0.315618 -0.936283 -0.154143 0.000000 0.000000
rubbergloveCHROME.bmp
  27 28.797878 -2.549165 -0.769550 -0.315618 -0.936283 -0.154143 0.000000 0.000000
  27 28.599323 -2.437088 -0.765741 -0.572337 -0.810143 -0.126879 0.000000 0.000000
  27 28.653397 -2.362388 -0.985049 -0.470535 -0.648846 -0.597994 0.000000 0.000000
rubbergloveCHROME.bmp
  27 28.599323 -2.437088 -0.765741 -0.572337 -0.810143 -0.126879 0.000000 0.000000
  27 28.475970 -2.215019 -0.970849 -0.627873 -0.465207 -0.623986 0.000000 0.000000
  27 28.653397 -2.362388 -0.985049 -0.470535 -0.648846 -0.597994 0.000000 0.000000
rubbergloveCHROME.bmp
  27 28.414885 -2.282854 -0.741356 -0.749315 -0.660879 -0.042022 0.000000 0.000000
  27 28.629978 -2.413035 -0.505584 -0.478135 -0.748090 0.460161 0.000000 0.000000
  27 28.459512 -2.244418 -0.491094 -0.647552 -0.585856 0.487287 0.000000 0.000000
rubbergloveCHROME.bmp
  27 28.459512 -2.244418 -0.491094 -0.647552 -0.585856 0.487287 0.000000 0.000000
  27 28.629978 -2.413035 -0.505584 -0.478135 -0.748090 0.460161 0.000000 0.000000
  27 28.715265 -2.273208 -0.384034 -0.372449 -0.600098 0.707930 0.000000 0.000000
rubbergloveCHROME.bmp
  27 28.629978 -2.413035 -0.505584 -0.478135 -0.748090 0.460161 0.000000 0.000000
  27 28.899461 -2.398994 -0.417940 -0.267310 -0.693999 0.668514 0.000000 0.000000
  27 28.715265 -2.273208 -0.384034 -0.372449 -0.600098 0.707930 0.000000 0.000000
rubbergloveCHROME.bmp
  27 28.977341 -2.330376 -1.107669 -0.349898 -0.589336 -0.728186 0.000000 0.000000
  27 29.119622 -2.443255 -1.080941 -0.016603 -0.754933 -0.655591 0.000000 0.000000
  27 28.830705 -2.467507 -0.988535 -0.274957 -0.671940 -0.687674 0.000000 0.000000
rubbergloveCHROME.bmp
  27 28.830705 -2.467507 -0.988535 -0.274957 -0.671940 -0.687674 0.000000 0.000000
  27 29.119622 -2.443255 -1.080941 -0.016603 -0.754933 -0.655591 0.000000 0.000000
  27 29.107510 -2.558973 -0.932743 0.072927 -0.906500 -0.415859 0.000000 0.000000
rubbergloveCHROME.bmp
  27 29.119622 -2.443255 -1.080941 -0.016603 -0.754933 -0.655591 0.000000 0.000000
  27 29.241890 -2.509280 -0.903202 0.279465 -0.921960 -0.268120 0.000000 0.000000
  27 29.107510 -2.558973 -0.932743 0.072927 -0.906500 -0.415859 0.000000 0.000000
rubbergloveCHROME.bmp
  30 29.002166 -2.310866 -1.702696 0.530092 -0.650023 0.544493 0.000000 0.000000
  30 28.984570 -2.277339 -1.606434 0.381615 -0.324389 0.865530 0.000000 0.000000
  30 28.988013 -2.352812 -1.634576 0.495608 -0.506652 0.705462 0.000000 0.000000
rubbergloveCHROME.bmp
  30 28.988013 -2.352812 -1.634576 0.495608 -0.506652 0.705462 0.000000 0.000000
  30 28.984570 -2.277339 -1.606434 0.381615 -0.324389 0.865530 0.000000 0.000000
  30 28.780744 -2.109682 -1.466270 0.279487 -0.223997 0.933655 0.000000 0.000000
rubbergloveCHROME.bmp
  30 28.984570 -2.277339 -1.606434 0.381615 -0.324389 0.865530 0.000000 0.000000
  30 28.812459 -2.056737 -1.504883 0.300190 -0.089840 0.949639 0.000000 0.000000
  30 28.780744 -2.109682 -1.466270 0.279487 -0.223997 0.933655 0.000000 0.000000
rubbergloveCHROME.bmp
  33 27.706874 -1.624325 -3.119711 -0.237283 -0.874556 -0.422905 0.000000 0.000000
  33 27.799287 -1.654356 -3.012203 -0.010424 -0.989896 -0.141409 0.000000 0.000000
  33 27.705592 -1.619323 -3.034427 -0.182492 -0.968253 -0.170830 0.000000 0.000000
rubbergloveCHROME.bmp
  33 27.705592 -1.619323 -3.034427 -0.182492 -0.968253 -0.170830 0.000000 0.000000
  33 27.799287 -1.654356 -3.012203 -0.010424 -0.989896 -0.141409 0.000000 0.000000
  33 27.750697 -1.628820 -2.879588 -0.077821 -0.991327 0.105898 0.000000 0.000000
rubbergloveCHROME.bmp
  33 27.799287 -1.654356 -3.012203 -0.010424 -0.989896 -0.141409 0.000000 0.000000
  33 27.848593 -1.643007 -2.927704 0.127121 -0.991868 0.006193 0.000000 0.000000
  33 27.750697 -1.628820 -2.879588 -0.077821 -0.991327 0.105898 0.000000 0.000000
rubbergloveCHROME.bmp
  30 28.759108 -1.507988 -2.091167 0.518807 0.821808 -0.235523 0.000000 0.000000
  30 28.622855 -1.498132 -2.166253 0.413118 0.805068 -0.425675 0.000000 0.000000
  30 28.672199 -1.504219 -2.040842 0.353836 0.927753 -0.118632 0.000000 0.000000
rubbergloveCHROME.bmp
  30 28.672199 -1.504219 -2.040842 0.353836 0.927753 -0.118632 0.000000 0.000000
  30 28.622855 -1.498132 -2.166253 0.413118 0.805068 -0.425675 0.000000 0.000000
  30 28.516097 -1.200444 -1.993382 0.790310 0.531458 -0.304898 0.000000 0.000000
rubbergloveCHROME.bmp
  30 28.622855 -1.498132 -2.166253 0.413118 0.805068 -0.425675 0.000000 0.000000
  30 28.408815 -1.250387 -2.188821 0.389978 0.383259 -0.837275 0.000000 0.000000
  30 28.516097 -1.200444 -1.993382 0.790310 0.531458 -0.304898 0.000000 0.000000
rubbergloveCHROME.bmp
  30 27.863996 -1.721519 -2.065104 -0.580741 -0.549924 -0.600270 0.000000 0.000000
  30 27.759474 -1.671471 -2.048660 -0.554829 -0.599603 -0.576750 0.000000 0.000000
  30 27.924178 -1.612663 -2.172007 -0.443072 -0.295759 -0.846294 0.000000 0.000000
rubbergloveCHROME.bmp
  30 27.924178 -1.612663 -2.172007 -0.443072 -0.295759 -0.846294 0.000000 0.000000
  30 27.759474 -1.671471 -2.048660 -0.554829 -0.599603 -0.576750 0.000000 0.000000
  30 27.882474 -1.526921 -2.168979 -0.443072 -0.295759 -0.846294 0.000000 0.000000
rubbergloveCHROME.bmp
  30 27.759474 -1.671471 -2.048660 -0.554829 -0.599603 -0.576750 0.000000 0.000000
  29 27.592301 -1.536463 -2.026975 -0.547447 -0.513058 -0.661115 0.000000 0.000000
  30 27.882474 -1.526921 -2.168979 -0.443072 -0.295759 -0.846294 0.000000 0.000000
rubbergloveCHROME.bmp
  27 29.309972 -2.327480 -0.340696 0.410047 -0.185224 0.893059 0.000000 0.000000
  27 29.373278 -2.431680 -0.433079 0.660238 -0.476812 0.580290 0.000000 0.000000
  27 29.394093 -2.353798 -0.431970 0.667096 -0.510271 0.542777 0.000000 0.000000
rubbergloveCHROME.bmp
  27 29.394093 -2.353798 -0.431970 0.667096 -0.510271 0.542777 0.000000 0.000000
  27 29.373278 -2.431680 -0.433079 0.660238 -0.476812 0.580290 0.000000 0.000000
  27 29.435452 -2.351724 -0.542356 0.872831 -0.378278 0.308336 0.000000 0.000000
rubbergloveCHROME.bmp
  27 29.373278 -2.431680 -0.433079 0.660238 -0.476812 0.580290 0.000000 0.000000
  27 29.443016 -2.429624 -0.533739 0.818343 -0.458652 0.346344 0.000000 0.000000
  27 29.435452 -2.351724 -0.542356 0.872831 -0.378278 0.308336 0.000000 0.000000
rubbergloveCHROME.bmp
  26 28.137251 -0.862379 -0.174657 0.712076 -0.057167 0.699771 0.000000 0.000000
  26 28.253477 -0.971488 -0.207624 0.464286 0.468692 0.751510 0.000000 0.000000
  26 28.252711 -0.776935 -0.414382 0.911116 0.102892 0.399100 0.000000 0.000000
rubbergloveCHROME.bmp
  26 28.252711 -0.776935 -0.414382 0.911116 0.102892 0.399100 0.000000 0.000000
  26 28.253477 -0.971488 -0.207624 0.464286 0.468692 0.751510 0.000000 0.000000
  26 28.362043 -0.879866 -0.407171 0.579443 0.703588 0.411351 0.000000 0.000000
rubbergloveCHROME.bmp
  26 28.253477 -0.971488 -0.207624 0.464286 0.468692 0.751510 0.000000 0.000000
  26 28.456189 -1.121078 -0.202103 0.402843 0.437539 0.803914 0.000000 0.000000
  26 28.362043 -0.879866 -0.407171 0.579443 0.703588 0.411351 0.000000 0.000000
rubbergloveCHROME.bmp
  27 28.806072 -1.773280 -0.226470 0.387301 0.191399 0.901867 0.000000 0.000000
  27 28.969260 -1.976611 -0.281482 0.324086 0.088569 0.941873 0.000000 0.000000
  27 29.046809 -1.912740 -0.271156 0.324086 0.088569 0.941873 0.000000 0.000000
rubbergloveCHROME.bmp
  27 29.046809 -1.912740 -0.271156 0.324086 0.088569 0.941873 0.000000 0.000000
  27 28.969260 -1.976611 -0.281482 0.324086 0.088569 0.941873 0.000000 0.000000
  27 29.132041 -2.025076 -0.293875 0.296536 0.137197 0.945116 0.000000 0.000000
rubbergloveCHROME.bmp
  27 28.969260 -1.976611 -0.281482 0.324086 0.088569 0.941873 0.000000 0.000000
  27 29.054757 -2.103423 -0.284444 0.367972 0.161066 0.915781 0.000000 0.000000
  27 29.132041 -2.025076 -0.293875 0.296536 0.137197 0.945116 0.000000 0.000000
rubbergloveCHROME.bmp
  30 29.080963 -2.323104 -1.955166 0.596557 -0.799044 -0.075153 0.000000 0.000000
  30 29.039909 -2.368300 -2.066394 0.604680 -0.767529 -0.212748 0.000000 0.000000
  30 29.030537 -2.316027 -2.090469 0.500271 -0.857316 -0.121404 0.000000 0.000000
rubbergloveCHROME.bmp
  30 29.030537 -2.316027 -2.090469 0.500271 -0.857316 -0.121404 0.000000 0.000000
  30 29.039909 -2.368300 -2.066394 0.604680 -0.767529 -0.212748 0.000000 0.000000
  30 29.014719 -2.315097 -2.169520 0.480568 -0.807144 -0.342890 0.000000 0.000000
rubbergloveCHROME.bmp
  30 29.039909 -2.368300 -2.066394 0.604680 -0.767529 -0.212748 0.000000 0.000000
  30 28.985669 -2.329122 -2.238508 0.394708 -0.696532 -0.599207 0.000000 0.000000
  30 29.014719 -2.315097 -2.169520 0.480568 -0.807144 -0.342890 0.000000 0.000000
rubbergloveCHROME.bmp
  27 29.010562 -1.969116 -1.131916 0.218779 0.222251 -0.950126 0.000000 0.000000
  27 28.761487 -1.750409 -1.175832 0.178346 0.171173 -0.968965 0.000000 0.000000
  27 28.811165 -1.673389 -1.115006 0.351266 0.420320 -0.836626 0.000000 0.000000
rubbergloveCHROME.bmp
  27 28.811165 -1.673389 -1.115006 0.351266 0.420320 -0.836626 0.000000 0.000000
  27 28.761487 -1.750409 -1.175832 0.178346 0.171173 -0.968965 0.000000 0.000000
  26 28.655622 -1.452383 -1.159789 0.365619 0.257670 -0.894387 0.000000 0.000000
rubbergloveCHROME.bmp
  27 28.761487 -1.750409 -1.175832 0.178346 0.171173 -0.968965 0.000000 0.000000
  26 28.412300 -1.580750 -1.119587 -0.218036 -0.234354 -0.947385 0.000000 0.000000
  26 28.655622 -1.452383 -1.159789 0.365619 0.257670 -0.894387 0.000000 0.000000
rubbergloveCHROME.bmp
  23 28.201342 -1.322971 1.154268 0.191736 0.322881 0.926815 0.000000 0.000000
  23 28.246147 -1.238238 1.051736 0.554691 0.624112 0.550274 0.000000 0.000000
  23 28.068493 -1.160767 1.122002 0.315245 0.431032 0.845477 0.000000 0.000000
rubbergloveCHROME.bmp
  23 28.068493 -1.160767 1.122002 0.315245 0.431032 0.845477 0.000000 0.000000
  23 28.246147 -1.238238 1.051736 0.554691 0.624112 0.550274 0.000000 0.000000
  23 28.126557 -1.100200 0.982861 0.592294 0.632422 0.499229 0.000000 0.000000
rubbergloveCHROME.bmp
  23 28.246147 -1.238238 1.051736 0.554691 0.624112 0.550274 0.000000 0.000000
  23 28.356809 -1.209598 0.851652 0.636171 0.702169 0.319759 0.000000 0.000000
  23 28.126557 -1.100200 0.982861 0.592294 0.632422 0.499229 0.000000 0.000000
rubbergloveCHROME.bmp
  23 27.999643 -0.943805 0.962042 0.592294 0.632422 0.499229 0.000000 0.000000
  23 27.809300 -0.856238 1.070217 0.485504 0.066567 0.871697 0.000000 0.000000
  23 27.914358 -0.992635 1.086308 0.239283 0.386815 0.890572 0.000000 0.000000
rubbergloveCHROME.bmp
  23 27.914358 -0.992635 1.086308 0.239283 0.386815 0.890572 0.000000 0.000000
  23 27.809300 -0.856238 1.070217 0.485504 0.066567 0.871697 0.000000 0.000000
  23 27.833773 -1.081489 1.082997 -0.015291 0.252257 0.967539 0.000000 0.000000
rubbergloveCHROME.bmp
  23 27.809300 -0.856238 1.070217 0.485504 0.066567 0.871697 0.000000 0.000000
  23 27.695349 -0.954831 1.053055 0.128688 -0.084704 0.988061 0.000000 0.000000
  23 27.833773 -1.081489 1.082997 -0.015291 0.252257 0.967539 0.000000 0.000000
rubbergloveCHROME.bmp
  23 28.588262 -1.456257 0.388091 0.664885 0.598086 -0.447460 0.000000 0.000000
  24 28.777170 -1.593173 0.506876 0.333601 0.753934 -0.565946 0.000000 0.000000
  24 28.734075 -1.633152 0.463929 0.214764 0.872092 -0.439696 0.000000 0.000000
rubbergloveCHROME.bmp
  24 28.734075 -1.633152 0.463929 0.214764 0.872092 -0.439696 0.000000 0.000000
  24 28.777170 -1.593173 0.506876 0.333601 0.753934 -0.565946 0.000000 0.000000
  24 28.820121 -1.564713 0.500152 0.197036 0.801073 -0.565207 0.000000 0.000000
rubbergloveCHROME.bmp
  24 28.777170 -1.593173 0.506876 0.333601 0.753934 -0.565946 0.000000 0.000000
  24 28.781436 -1.547100 0.625025 0.154346 0.976786 -0.148546 0.000000 0.000000
  24 28.820121 -1.564713 0.500152 0.197036 0.801073 -0.565207 0.000000 0.000000
rubbergloveCHROME.bmp
  24 28.629266 -2.359254 1.019168 -0.392123 -0.669732 0.630634 0.000000 0.000000
  24 28.445666 -2.119250 1.115028 -0.463517 -0.527439 0.712011 0.000000 0.000000
  24 28.402860 -2.198919 1.024914 -0.494724 -0.562126 0.662769 0.000000 0.000000
rubbergloveCHROME.bmp
  24 28.402860 -2.198919 1.024914 -0.494724 -0.562126 0.662769 0.000000 0.000000
  24 28.445666 -2.119250 1.115028 -0.463517 -0.527439 0.712011 0.000000 0.000000
  24 28.211446 -2.056190 0.986325 -0.494724 -0.562126 0.662769 0.000000 0.000000
rubbergloveCHROME.bmp
  24 28.445666 -2.119250 1.115028 -0.463517 -0.527439 0.712011 0.000000 0.000000
  24 28.258448 -1.967573 1.096496 -0.407918 -0.397780 0.821811 0.000000 0.000000
  24 28.211446 -2.056190 0.986325 -0.494724 -0.562126 0.662769 0.000000 0.000000
rubbergloveCHROME.bmp
  24 28.828114 -2.148583 0.399994 -0.121535 -0.443934 -0.887779 0.000000 0.000000
  24 28.947907 -2.278282 0.437781 -0.035885 -0.548768 -0.835204 0.000000 0.000000
  24 28.728577 -2.317707 0.431451 -0.111072 -0.617045 -0.779050 0.000000 0.000000
rubbergloveCHROME.bmp
  24 28.728577 -2.317707 0.431451 -0.111072 -0.617045 -0.779050 0.000000 0.000000
  24 28.947907 -2.278282 0.437781 -0.035885 -0.548768 -0.835204 0.000000 0.000000
  24 28.897659 -2.441590 0.526131 0.187485 -0.741195 -0.644577 0.000000 0.000000
rubbergloveCHROME.bmp
  24 28.947907 -2.278282 0.437781 -0.035885 -0.548768 -0.835204 0.000000 0.000000
  24 28.987271 -2.431204 0.547622 0.057860 -0.879848 -0.471719 0.000000 0.000000
  24 28.897659 -2.441590 0.526131 0.187485 -0.741195 -0.644577 0.000000 0.000000
rubbergloveCHROME.bmp
  23 27.202854 -1.395325 0.578172 -0.802572 -0.595012 -0.042885 0.000000 0.000000
  23 27.524439 -1.681707 0.799007 -0.629813 -0.761172 0.154769 0.000000 0.000000
  23 27.326950 -1.514933 0.767629 -0.740492 -0.600756 0.301272 0.000000 0.000000
rubbergloveCHROME.bmp
  23 27.326950 -1.514933 0.767629 -0.740492 -0.600756 0.301272 0.000000 0.000000
  23 27.524439 -1.681707 0.799007 -0.629813 -0.761172 0.154769 0.000000 0.000000
  23 27.523963 -1.605280 0.934132 -0.582366 -0.486444 0.651324 0.000000 0.000000
rubbergloveCHROME.bmp
  23 27.524439 -1.681707 0.799007 -0.629813 -0.761172 0.154769 0.000000 0.000000
  23 27.735281 -1.810291 0.930201 -0.437501 -0.614991 0.656032 0.000000 0.000000
  23 27.523963 -1.605280 0.934132 -0.582366 -0.486444 0.651324 0.000000 0.000000
rubbergloveCHROME.bmp
  23 27.549742 -1.125483 0.115944 -0.210754 -0.428869 -0.878438 0.000000 0.000000
  23 27.708101 -1.257212 0.159185 -0.179857 -0.445892 -0.876830 0.000000 0.000000
  23 27.425132 -1.285857 0.203994 -0.285697 -0.394030 -0.873566 0.000000 0.000000
rubbergloveCHROME.bmp
  23 27.425132 -1.285857 0.203994 -0.285697 -0.394030 -0.873566 0.000000 0.000000
  23 27.708101 -1.257212 0.159185 -0.179857 -0.445892 -0.876830 0.000000 0.000000
  23 27.569318 -1.457299 0.208222 -0.247279 -0.490030 -0.835897 0.000000 0.000000
rubbergloveCHROME.bmp
  23 27.708101 -1.257212 0.159185 -0.179857 -0.445892 -0.876830 0.000000 0.000000
  23 27.938995 -1.425939 0.154782 -0.128489 -0.385711 -0.913629 0.000000 0.000000
  23 27.569318 -1.457299 0.208222 -0.247279 -0.490030 -0.835897 0.000000 0.000000
rubbergloveCHROME.bmp
  23 27.985910 -0.863321 0.223778 0.616865 0.152893 -0.772076 0.000000 0.000000
  23 27.540277 -0.978302 0.020823 -0.000677 -0.197714 -0.980260 0.000000 0.000000
  22 27.808888 -0.576813 0.134150 0.617034 0.528307 -0.583233 0.000000 0.000000
rubbergloveCHROME.bmp
  22 27.808888 -0.576813 0.134150 0.617034 0.528307 -0.583233 0.000000 0.000000
  23 27.540277 -0.978302 0.020823 -0.000677 -0.197714 -0.980260 0.000000 0.000000
  22 27.390605 -0.818765 -0.023644 0.026301 -0.141370 -0.989607 0.000000 0.000000
rubbergloveCHROME.bmp
  23 27.540277 -0.978302 0.020823 -0.000677 -0.197714 -0.980260 0.000000 0.000000
  22 27.340693 -0.897759 0.077691 -0.240968 -0.417153 -0.876309 0.000000 0.000000
  22 27.390605 -0.818765 -0.023644 0.026301 -0.141370 -0.989607 0.000000 0.000000
rubbergloveCHROME.bmp
  24 28.558439 -1.472541 0.304380 0.550161 0.481084 -0.682555 0.000000 0.000000
  24 28.704416 -1.656100 0.370689 0.528620 0.427916 -0.733109 0.000000 0.000000
  24 28.410117 -1.701255 0.233032 0.083804 -0.120585 -0.989159 0.000000 0.000000
rubbergloveCHROME.bmp
  24 28.410117 -1.701255 0.233032 0.083804 -0.120585 -0.989159 0.000000 0.000000
  24 28.704416 -1.656100 0.370689 0.528620 0.427916 -0.733109 0.000000 0.000000
  24 28.595066 -1.879387 0.273811 0.039147 -0.179668 -0.982948 0.000000 0.000000
rubbergloveCHROME.bmp
  24 28.704416 -1.656100 0.370689 0.528620 0.427916 -0.733109 0.000000 0.000000
  24 28.890356 -1.832524 0.350672 0.557608 0.367746 -0.744202 0.000000 0.000000
  24 28.595066 -1.879387 0.273811 0.039147 -0.179668 -0.982948 0.000000 0.000000
rubbergloveCHROME.bmp
  21 25.636052 -0.804928 2.155823 -0.371600 0.149476 0.916281 0.000000 0.000000
  21 25.917355 -1.025986 2.412925 -0.470132 0.237967 0.849910 0.000000 0.000000
  21 25.867182 -0.619975 2.168922 -0.139154 0.419297 0.897121 0.000000 0.000000
rubbergloveCHROME.bmp
  21 25.867182 -0.619975 2.168922 -0.139154 0.419297 0.897121 0.000000 0.000000
  21 25.917355 -1.025986 2.412925 -0.470132 0.237967 0.849910 0.000000 0.000000
  21 26.085527 -0.874595 2.422879 -0.207926 0.475116 0.855004 0.000000 0.000000
rubbergloveCHROME.bmp
  21 25.917355 -1.025986 2.412925 -0.470132 0.237967 0.849910 0.000000 0.000000
  21 26.060990 -1.167523 2.510579 -0.187373 -0.066507 0.980035 0.000000 0.000000
  21 26.085527 -0.874595 2.422879 -0.207926 0.475116 0.855004 0.000000 0.000000
rubbergloveCHROME.bmp
  27 29.236670 -2.533557 -0.723526 0.269806 -0.962637 -0.023108 0.000000 0.000000
  27 29.349728 -2.518821 -0.724373 0.370955 -0.926645 0.061001 0.000000 0.000000
  27 29.329570 -2.499742 -0.603834 0.356345 -0.909764 0.212948 0.000000 0.000000
rubbergloveCHROME.bmp
  27 29.329570 -2.499742 -0.603834 0.356345 -0.909764 0.212948 0.000000 0.000000
  27 29.349728 -2.518821 -0.724373 0.370955 -0.926645 0.061001 0.000000 0.000000
  27 29.483891 -2.426708 -0.694116 0.856729 -0.500650 0.123958 0.000000 0.000000
rubbergloveCHROME.bmp
  21 26.592767 -0.935831 2.047835 0.999624 -0.019810 0.018951 0.000000 0.000000
  21 26.544371 -0.958598 1.955969 0.894634 -0.286374 -0.342958 0.000000 0.000000
  21 26.578726 -0.778573 1.922644 0.945116 0.300858 -0.127440 0.000000 0.000000
rubbergloveCHROME.bmp
  21 26.578726 -0.778573 1.922644 0.945116 0.300858 -0.127440 0.000000 0.000000
  21 26.544371 -0.958598 1.955969 0.894634 -0.286374 -0.342958 0.000000 0.000000
  21 26.523261 -0.881224 1.839060 0.858349 -0.137312 -0.494350 0.000000 0.000000
rubbergloveCHROME.bmp
  11 -26.118851 -1.455953 -1.074626 0.333382 -0.472526 -0.815828 0.000000 0.000000
  11 -26.191278 -1.716994 -0.989704 0.272885 -0.601362 -0.750931 0.000000 0.000000
  11 -26.278299 -1.578572 -1.068232 0.272885 -0.601362 -0.750931 0.000000 0.000000
rubbergloveCHROME.bmp
  11 -26.278299 -1.578572 -1.068232 0.272885 -0.601362 -0.750931 0.000000 0.000000
  11 -26.191278 -1.716994 -0.989704 0.272885 -0.601362 -0.750931 0.000000 0.000000
  11 -26.291372 -1.742743 -0.961101 0.390597 -0.511452 -0.765409 0.000000 0.000000
rubbergloveCHROME.bmp
  15 -27.039362 -2.320090 -1.687465 -0.530093 -0.650024 0.544491 0.000000 0.000000
  15 -26.974750 -2.310433 -1.628881 -0.495607 -0.506654 0.705461 0.000000 0.000000
  15 -26.963633 -2.270089 -1.603412 -0.381614 -0.324391 0.865530 0.000000 0.000000
rubbergloveCHROME.bmp
  15 -26.963633 -2.270089 -1.603412 -0.381614 -0.324391 0.865530 0.000000 0.000000
  15 -26.974750 -2.310433 -1.628881 -0.495607 -0.506654 0.705461 0.000000 0.000000
  15 -26.774122 -2.088465 -1.463418 -0.279485 -0.223997 0.933656 0.000000 0.000000
rubbergloveCHROME.bmp
  15 -26.109468 -1.534553 -1.335289 0.212799 -0.407786 0.887934 0.000000 0.000000
  14 -25.937280 -1.505369 -1.394400 0.230895 -0.497109 0.836403 0.000000 0.000000
  14 -25.986450 -1.427121 -1.321192 0.182408 -0.430072 0.884175 0.000000 0.000000
rubbergloveCHROME.bmp
  14 -25.986450 -1.427121 -1.321192 0.182408 -0.430072 0.884175 0.000000 0.000000
  14 -25.937280 -1.505369 -1.394400 0.230895 -0.497109 0.836403 0.000000 0.000000
  14 -25.774583 -1.360500 -1.362108 0.306341 -0.437419 0.845470 0.000000 0.000000
rubbergloveCHROME.bmp
  15 -26.020099 -1.993469 -1.856643 0.768704 -0.634333 0.081948 0.000000 0.000000
  15 -26.138004 -2.200398 -1.870020 0.722613 -0.673780 0.154438 0.000000 0.000000
  15 -26.210368 -2.120122 -2.122644 0.686690 -0.559874 -0.463679 0.000000 0.000000
rubbergloveCHROME.bmp
  15 -26.210368 -2.120122 -2.122644 0.686690 -0.559874 -0.463679 0.000000 0.000000
  15 -26.138004 -2.200398 -1.870020 0.722613 -0.673780 0.154438 0.000000 0.000000
  15 -26.290562 -2.314143 -1.898090 0.538800 -0.842419 0.004914 0.000000 0.000000
rubbergloveCHROME.bmp
  11 -26.191832 -0.864753 -1.175403 -0.254977 0.390039 -0.884792 0.000000 0.000000
  11 -26.287319 -0.968620 -1.138068 -0.308610 0.386306 -0.869211 0.000000 0.000000
  11 -26.234110 -0.823076 -1.055088 -0.431709 0.249082 -0.866940 0.000000 0.000000
rubbergloveCHROME.bmp
  11 -26.234110 -0.823076 -1.055088 -0.431709 0.249082 -0.866940 0.000000 0.000000
  11 -26.287319 -0.968620 -1.138068 -0.308610 0.386306 -0.869211 0.000000 0.000000
  11 -26.350197 -0.918555 -1.057819 -0.396251 0.388629 -0.831837 0.000000 0.000000
rubbergloveCHROME.bmp
  12 -26.848323 -1.772660 -0.246861 -0.387309 0.191396 0.901864 0.000000 0.000000
  12 -27.060946 -1.926576 -0.281516 -0.324083 0.088566 0.941874 0.000000 0.000000
  12 -26.990601 -1.997648 -0.282031 -0.324083 0.088566 0.941874 0.000000 0.000000
rubbergloveCHROME.bmp
  12 -26.990601 -1.997648 -0.282031 -0.324083 0.088566 0.941874 0.000000 0.000000
  12 -27.060946 -1.926576 -0.281516 -0.324083 0.088566 0.941874 0.000000 0.000000
  12 -27.132062 -2.025015 -0.293864 -0.296538 0.137200 0.945115 0.000000 0.000000
rubbergloveCHROME.bmp
  11 -26.193801 -0.860596 -0.175164 -0.712069 -0.057177 0.699777 0.000000 0.000000
  11 -26.288274 -0.782867 -0.414815 -0.911117 0.102890 0.399099 0.000000 0.000000
  11 -26.296086 -0.970473 -0.188005 -0.464286 0.468690 0.751511 0.000000 0.000000
rubbergloveCHROME.bmp
  11 -26.296086 -0.970473 -0.188005 -0.464286 0.468690 0.751511 0.000000 0.000000
  11 -26.288274 -0.782867 -0.414815 -0.911117 0.102890 0.399099 0.000000 0.000000
  11 -26.411547 -0.885029 -0.427730 -0.578248 0.693390 0.429930 0.000000 0.000000
rubbergloveCHROME.bmp
  8 -26.247166 -1.132051 0.353796 -0.618389 0.479975 -0.622270 0.000000 0.000000
  8 -26.169884 -0.902158 0.414430 -0.776177 0.492560 -0.393617 0.000000 0.000000
  8 -26.107601 -0.977252 0.321254 -0.655931 0.414972 -0.630518 0.000000 0.000000
rubbergloveCHROME.bmp
  8 -26.107601 -0.977252 0.321254 -0.655931 0.414972 -0.630518 0.000000 0.000000
  8 -26.169884 -0.902158 0.414430 -0.776177 0.492560 -0.393617 0.000000 0.000000
  8 -26.024611 -0.833570 0.297419 -0.792645 0.199272 -0.576198 0.000000 0.000000
rubbergloveCHROME.bmp
  17 -25.390037 -0.813945 -2.375170 -0.457357 0.106886 0.882836 0.000000 0.000000
  18 -25.560751 -0.947172 -2.475666 -0.465791 0.371091 0.803324 0.000000 0.000000
  18 -25.493950 -0.991558 -2.425992 -0.410839 0.017890 0.911532 0.000000 0.000000
rubbergloveCHROME.bmp
  18 -25.493950 -0.991558 -2.425992 -0.410839 0.017890 0.911532 0.000000 0.000000
  18 -25.560751 -0.947172 -2.475666 -0.465791 0.371091 0.803324 0.000000 0.000000
  18 -25.666386 -1.191901 -2.487866 -0.457093 0.078069 0.885986 0.000000 0.000000
rubbergloveCHROME.bmp
  18 -25.965431 -1.585155 -2.829660 -0.542938 -0.822218 0.170811 0.000000 0.000000
  18 -26.004838 -1.554366 -2.843772 -0.588031 -0.807218 0.051171 0.000000 0.000000
  18 -25.935874 -1.604944 -2.983721 -0.474765 -0.873985 -0.103678 0.000000 0.000000
rubbergloveCHROME.bmp
  18 -25.935874 -1.604944 -2.983721 -0.474765 -0.873985 -0.103678 0.000000 0.000000
  18 -26.004838 -1.554366 -2.843772 -0.588031 -0.807218 0.051171 0.000000 0.000000
  18 -25.980202 -1.551244 -3.004965 -0.474765 -0.873985 -0.103678 0.000000 0.000000
rubbergloveCHROME.bmp
  8 -26.060436 -1.167253 1.131609 -0.315243 0.431030 0.845479 0.000000 0.000000
  8 -26.129229 -1.090163 1.012762 -0.614762 0.629603 0.475045 0.000000 0.000000
  8 -26.255363 -1.259771 1.044752 -0.554688 0.624113 0.550277 0.000000 0.000000
rubbergloveCHROME.bmp
  8 -26.255363 -1.259771 1.044752 -0.554688 0.624113 0.550277 0.000000 0.000000
  8 -26.129229 -1.090163 1.012762 -0.614762 0.629603 0.475045 0.000000 0.000000
  8 -26.334752 -1.216823 0.859407 -0.645522 0.695277 0.316057 0.000000 0.000000
rubbergloveCHROME.bmp
  9 -26.993444 -2.407284 1.133975 -0.278434 -0.726035 0.628767 0.000000 0.000000
  9 -27.083472 -2.378541 1.042493 -0.489107 -0.744426 0.454538 0.000000 0.000000
  9 -27.061717 -2.439074 1.004251 -0.488314 -0.775016 0.401124 0.000000 0.000000
rubbergloveCHROME.bmp
  9 -27.061717 -2.439074 1.004251 -0.488314 -0.775016 0.401124 0.000000 0.000000
  9 -27.083472 -2.378541 1.042493 -0.489107 -0.744426 0.454538 0.000000 0.000000
  9 -27.129486 -2.417090 0.920442 -0.580857 -0.774526 0.250429 0.000000 0.000000
rubbergloveCHROME.bmp
  9 -26.222778 -2.054020 1.007965 0.481737 -0.557822 0.675843 0.000000 0.000000
  9 -26.443419 -2.145631 1.137289 0.463517 -0.527441 0.712010 0.000000 0.000000
  9 -26.401532 -2.197988 1.034799 0.481737 -0.557822 0.675843 0.000000 0.000000
rubbergloveCHROME.bmp
  9 -26.401532 -2.197988 1.034799 0.481737 -0.557822 0.675843 0.000000 0.000000
  9 -26.443419 -2.145631 1.137289 0.463517 -0.527441 0.712010 0.000000 0.000000
  9 -26.626804 -2.371550 1.040177 0.392122 -0.669733 0.630633 0.000000 0.000000
rubbergloveCHROME.bmp
  8 -25.246188 -0.950256 0.991208 0.445824 -0.305286 0.841452 0.000000 0.000000
  7 -25.419603 -0.773098 1.100859 -0.088583 -0.052020 0.994709 0.000000 0.000000
  8 -25.597672 -0.989604 1.103507 -0.012084 0.072662 0.997283 0.000000 0.000000
rubbergloveCHROME.bmp
  8 -25.597672 -0.989604 1.103507 -0.012084 0.072662 0.997283 0.000000 0.000000
  7 -25.419603 -0.773098 1.100859 -0.088583 -0.052020 0.994709 0.000000 0.000000
  8 -25.598155 -0.839112 1.039851 0.185400 -0.136121 0.973190 0.000000 0.000000
rubbergloveCHROME.bmp
  8 -25.171580 -1.239777 0.428703 0.705219 -0.647247 -0.289373 0.000000 0.000000
  8 -25.245355 -1.220684 0.295314 0.607408 -0.644676 -0.464164 0.000000 0.000000
  7 -25.124952 -1.171299 0.416376 0.260341 -0.927439 -0.268476 0.000000 0.000000
rubbergloveCHROME.bmp
  7 -25.124952 -1.171299 0.416376 0.260341 -0.927439 -0.268476 0.000000 0.000000
  8 -25.245355 -1.220684 0.295314 0.607408 -0.644676 -0.464164 0.000000 0.000000
  7 -25.148476 -1.107207 0.251941 0.273460 -0.803882 -0.528199 0.000000 0.000000
rubbergloveCHROME.bmp
  8 -25.106708 -1.165062 0.727383 0.652928 -0.665156 0.362289 0.000000 0.000000
  7 -24.980157 -1.095333 0.714140 0.353192 -0.795103 0.493017 0.000000 0.000000
  7 -24.936271 -0.993187 0.770177 0.434728 -0.575579 0.692618 0.000000 0.000000
rubbergloveCHROME.bmp
  7 -24.936271 -0.993187 0.770177 0.434728 -0.575579 0.692618 0.000000 0.000000
  7 -24.980157 -1.095333 0.714140 0.353192 -0.795103 0.493017 0.000000 0.000000
  7 -24.915852 -1.079184 0.703937 0.502855 -0.744745 0.438738 0.000000 0.000000
rubbergloveCHROME.bmp
  6 -24.133301 -1.270421 2.471952 -0.226984 -0.562926 0.794728 0.000000 0.000000
  6 -23.983923 -1.351275 2.414952 0.085339 -0.731428 0.676557 0.000000 0.000000
  6 -24.042265 -1.177535 2.503331 0.187374 -0.066507 0.980035 0.000000 0.000000
rubbergloveCHROME.bmp
  6 -24.042265 -1.177535 2.503331 0.187374 -0.066507 0.980035 0.000000 0.000000
  6 -23.983923 -1.351275 2.414952 0.085339 -0.731428 0.676557 0.000000 0.000000
  6 -23.867954 -1.325756 2.394950 0.528807 -0.477910 0.701403 0.000000 0.000000
rubbergloveCHROME.bmp
  6 -24.497921 -0.887423 1.806471 -0.858348 -0.137309 -0.494353 0.000000 0.000000
  6 -24.545392 -0.964814 1.937457 -0.894633 -0.286369 -0.342964 0.000000 0.000000
  6 -24.561437 -0.788547 1.924324 -0.945114 0.300864 -0.127441 0.000000 0.000000
rubbergloveCHROME.bmp
  6 -24.561437 -0.788547 1.924324 -0.945114 0.300864 -0.127441 0.000000 0.000000
  6 -24.545392 -0.964814 1.937457 -0.894633 -0.286369 -0.342964 0.000000 0.000000
  6 -24.584211 -0.943119 2.040035 -0.999624 -0.019806 0.018948 0.000000 0.000000
rubbergloveCHROME.bmp
  25 27.304850 -0.938526 -1.068049 -0.389975 -0.350416 -0.851544 0.000000 0.000000
  25 27.147564 -1.013824 -0.907763 -0.595338 -0.620668 -0.510240 0.000000 0.000000
  25 26.988367 -0.588866 -1.009090 -0.377927 -0.265521 -0.886944 0.000000 0.000000
rubbergloveCHROME.bmp
  25 26.988367 -0.588866 -1.009090 -0.377927 -0.265521 -0.886944 0.000000 0.000000
  25 27.147564 -1.013824 -0.907763 -0.595338 -0.620668 -0.510240 0.000000 0.000000
  25 26.821682 -0.749661 -0.850153 -0.487247 -0.595704 -0.638535 0.000000 0.000000
rubbergloveCHROME.bmp
  33 27.988254 -1.593490 -2.826497 0.542938 -0.822218 0.170811 0.000000 0.000000
  33 27.949685 -1.617467 -2.958169 0.481043 -0.868967 -0.116162 0.000000 0.000000
  33 27.997820 -1.561546 -2.843470 0.588032 -0.807218 0.051171 0.000000 0.000000
rubbergloveCHROME.bmp
  33 27.997820 -1.561546 -2.843470 0.588032 -0.807218 0.051171 0.000000 0.000000
  33 27.949685 -1.617467 -2.958169 0.481043 -0.868967 -0.116162 0.000000 0.000000
  33 27.991650 -1.561861 -2.988941 0.481043 -0.868967 -0.116162 0.000000 0.000000
rubbergloveCHROME.bmp
  32 27.392391 -0.815898 -2.365653 0.457355 0.106881 0.882838 0.000000 0.000000
  33 27.539606 -1.008173 -2.419655 0.410840 0.017891 0.911532 0.000000 0.000000
  33 27.570114 -0.942004 -2.466462 0.465802 0.371089 0.803319 0.000000 0.000000
rubbergloveCHROME.bmp
  33 27.570114 -0.942004 -2.466462 0.465802 0.371089 0.803319 0.000000 0.000000
  33 27.539606 -1.008173 -2.419655 0.410840 0.017891 0.911532 0.000000 0.000000
  33 27.654724 -1.208113 -2.477723 0.457095 0.078075 0.885984 0.000000 0.000000
rubbergloveCHROME.bmp
  29 27.782728 -1.368448 -1.353693 -0.306343 -0.437423 0.845468 0.000000 0.000000
  29 27.916224 -1.512828 -1.392849 -0.230891 -0.497113 0.836402 0.000000 0.000000
  29 28.000687 -1.455061 -1.325552 -0.193071 -0.457299 0.868102 0.000000 0.000000
rubbergloveCHROME.bmp
  29 28.000687 -1.455061 -1.325552 -0.193071 -0.457299 0.868102 0.000000 0.000000
  29 27.916224 -1.512828 -1.392849 -0.230891 -0.497113 0.836402 0.000000 0.000000
  30 28.102035 -1.555662 -1.336592 -0.212799 -0.407786 0.887934 0.000000 0.000000
rubbergloveCHROME.bmp
  30 29.139005 -1.924555 -1.972212 0.851985 0.520862 -0.053155 0.000000 0.000000
  30 29.234612 -2.137373 -1.993846 0.996471 0.044577 -0.071117 0.000000 0.000000
  30 29.171873 -2.118261 -2.177145 0.929339 0.095065 -0.356779 0.000000 0.000000
rubbergloveCHROME.bmp
  30 29.171873 -2.118261 -2.177145 0.929339 0.095065 -0.356779 0.000000 0.000000
  30 29.234612 -2.137373 -1.993846 0.996471 0.044577 -0.071117 0.000000 0.000000
  30 29.154573 -2.271797 -2.129949 0.778642 -0.583436 -0.230909 0.000000 0.000000
rubbergloveCHROME.bmp
  29 27.712832 -1.361399 -2.133863 -0.445421 -0.290702 -0.846813 0.000000 0.000000
  29 27.922324 -1.384792 -2.240003 -0.348605 -0.159344 -0.923626 0.000000 0.000000
  30 27.882474 -1.526921 -2.168979 -0.443072 -0.295759 -0.846294 0.000000 0.000000
rubbergloveCHROME.bmp
  30 27.882474 -1.526921 -2.168979 -0.443072 -0.295759 -0.846294 0.000000 0.000000
  29 27.922324 -1.384792 -2.240003 -0.348605 -0.159344 -0.923626 0.000000 0.000000
  30 28.030293 -1.478947 -2.251124 -0.346814 -0.159059 -0.924349 0.000000 0.000000
rubbergloveCHROME.bmp
  30 28.026206 -2.042828 -1.862253 -0.768706 -0.634331 0.081948 0.000000 0.000000
  30 28.210092 -2.134248 -2.124033 -0.686690 -0.559874 -0.463679 0.000000 0.000000
  30 28.152608 -2.229691 -1.864444 -0.722613 -0.673780 0.154438 0.000000 0.000000
rubbergloveCHROME.bmp
  30 28.152608 -2.229691 -1.864444 -0.722613 -0.673780 0.154438 0.000000 0.000000
  30 28.210092 -2.134248 -2.124033 -0.686690 -0.559874 -0.463679 0.000000 0.000000
  30 28.292192 -2.344320 -1.881073 -0.538801 -0.842419 0.004914 0.000000 0.000000
rubbergloveCHROME.bmp
  27 28.840327 -1.652063 -0.274771 0.103751 0.613835 0.782587 0.000000 0.000000
  26 28.733484 -1.409172 -0.239642 0.598307 0.207252 0.773999 0.000000 0.000000
  26 28.643928 -1.476253 -0.199897 0.598307 0.207252 0.773999 0.000000 0.000000
rubbergloveCHROME.bmp
  26 28.643928 -1.476253 -0.199897 0.598307 0.207252 0.773999 0.000000 0.000000
  26 28.733484 -1.409172 -0.239642 0.598307 0.207252 0.773999 0.000000 0.000000
  26 28.590900 -1.357798 -0.187388 0.406137 0.232160 0.883829 0.000000 0.000000
rubbergloveCHROME.bmp
  26 28.135573 -0.867040 -1.144902 0.254972 0.390041 -0.884792 0.000000 0.000000
  26 28.198977 -0.831277 -1.054897 0.432350 0.258541 -0.863846 0.000000 0.000000
  26 28.273174 -0.969107 -1.137950 0.308613 0.386311 -0.869208 0.000000 0.000000
rubbergloveCHROME.bmp
  26 28.273174 -0.969107 -1.137950 0.308613 0.386311 -0.869208 0.000000 0.000000
  26 28.198977 -0.831277 -1.054897 0.432350 0.258541 -0.863846 0.000000 0.000000
  26 28.336052 -0.919042 -1.057701 0.396258 0.388633 -0.831832 0.000000 0.000000
rubbergloveCHROME.bmp
  27 29.482031 -2.325373 -0.832418 0.936295 -0.320740 -0.143101 0.000000 0.000000
  27 29.489789 -2.403610 -0.803805 0.948974 -0.301893 -0.091158 0.000000 0.000000
  27 29.459885 -2.386926 -0.963264 0.877861 -0.329026 -0.347998 0.000000 0.000000
rubbergloveCHROME.bmp
  27 29.459885 -2.386926 -0.963264 0.877861 -0.329026 -0.347998 0.000000 0.000000
  27 29.489789 -2.403610 -0.803805 0.948974 -0.301893 -0.091158 0.000000 0.000000
  27 29.355988 -2.510367 -0.804306 0.426433 -0.892256 -0.148437 0.000000 0.000000
rubbergloveCHROME.bmp
  24 28.931905 -2.505314 0.921310 0.110960 -0.969156 0.220055 0.000000 0.000000
  24 28.999890 -2.497415 0.838753 0.125100 -0.991771 0.027221 0.000000 0.000000
  24 29.111256 -2.426496 0.898486 0.469257 -0.857972 0.209001 0.000000 0.000000
rubbergloveCHROME.bmp
  24 29.111256 -2.426496 0.898486 0.469257 -0.857972 0.209001 0.000000 0.000000
  24 28.999890 -2.497415 0.838753 0.125100 -0.991771 0.027221 0.000000 0.000000
  24 29.162960 -2.445435 0.836293 0.589743 -0.796685 0.132274 0.000000 0.000000
rubbergloveCHROME.bmp
  24 28.987874 -2.415450 1.123775 0.278436 -0.726033 0.628768 0.000000 0.000000
  24 29.060343 -2.438292 1.014109 0.488315 -0.775015 0.401125 0.000000 0.000000
  24 29.089427 -2.398695 1.055173 0.489106 -0.744425 0.454540 0.000000 0.000000
rubbergloveCHROME.bmp
  24 29.089427 -2.398695 1.055173 0.489106 -0.744425 0.454540 0.000000 0.000000
  24 29.060343 -2.438292 1.014109 0.488315 -0.775015 0.401125 0.000000 0.000000
  24 29.140988 -2.429154 0.943308 0.580857 -0.774525 0.250432 0.000000 0.000000
rubbergloveCHROME.bmp
  23 27.272260 -0.933910 1.003471 -0.445819 -0.305286 0.841455 0.000000 0.000000
  23 27.591728 -0.983854 1.092048 0.012083 0.072668 0.997283 0.000000 0.000000
  22 27.415341 -0.795628 1.092086 0.088585 -0.052008 0.994710 0.000000 0.000000
rubbergloveCHROME.bmp
  22 27.415341 -0.795628 1.092086 0.088585 -0.052008 0.994710 0.000000 0.000000
  23 27.591728 -0.983854 1.092048 0.012083 0.072668 0.997283 0.000000 0.000000
  23 27.614810 -0.828457 1.071581 -0.185400 -0.136106 0.973192 0.000000 0.000000
rubbergloveCHROME.bmp
  23 27.187386 -1.360133 0.735087 -0.827430 -0.486014 0.281335 0.000000 0.000000
  23 27.113415 -1.157716 0.727647 -0.652926 -0.665159 0.362286 0.000000 0.000000
  23 27.135387 -1.212787 0.583479 -0.732770 -0.680150 0.021087 0.000000 0.000000
rubbergloveCHROME.bmp
  23 27.135387 -1.212787 0.583479 -0.732770 -0.680150 0.021087 0.000000 0.000000
  23 27.113415 -1.157716 0.727647 -0.652926 -0.665159 0.362286 0.000000 0.000000
  22 27.059405 -1.198298 0.551562 -0.266440 -0.955484 0.126727 0.000000 0.000000
rubbergloveCHROME.bmp
  23 27.823683 -1.730483 0.986020 -0.419230 -0.533153 0.734843 0.000000 0.000000
  23 27.939906 -1.915092 0.936913 -0.454745 -0.729321 0.511173 0.000000 0.000000
  24 27.991290 -1.846367 0.988628 -0.390394 -0.596212 0.701515 0.000000 0.000000
rubbergloveCHROME.bmp
  24 27.991290 -1.846367 0.988628 -0.390394 -0.596212 0.701515 0.000000 0.000000
  23 27.939906 -1.915092 0.936913 -0.454745 -0.729321 0.511173 0.000000 0.000000
  24 28.211446 -2.056190 0.986325 -0.494724 -0.562126 0.662769 0.000000 0.000000
rubbergloveCHROME.bmp
  22 27.139237 -1.113116 0.271435 -0.273457 -0.803882 -0.528200 0.000000 0.000000
  23 27.243995 -1.219885 0.305173 -0.607402 -0.644679 -0.464168 0.000000 0.000000
  22 27.109184 -1.184780 0.435634 -0.260348 -0.927437 -0.268477 0.000000 0.000000
rubbergloveCHROME.bmp
  22 27.109184 -1.184780 0.435634 -0.260348 -0.927437 -0.268477 0.000000 0.000000
  23 27.243995 -1.219885 0.305173 -0.607402 -0.644679 -0.464168 0.000000 0.000000
  23 27.152948 -1.223931 0.455153 -0.705217 -0.647246 -0.289381 0.000000 0.000000
rubbergloveCHROME.bmp
  9 -27.057696 -2.036562 0.421699 -0.677436 0.245434 -0.693428 0.000000 0.000000
  9 -26.904389 -1.832067 0.352569 -0.557609 0.367747 -0.744200 0.000000 0.000000
  9 -26.890359 -2.134615 0.306010 -0.065120 -0.300326 -0.951611 0.000000 0.000000
rubbergloveCHROME.bmp
  15 -26.855151 -2.210753 -2.333693 -0.151970 -0.294961 -0.943347 0.000000 0.000000
  15 -26.985946 -2.314995 -2.237120 -0.394710 -0.696528 -0.599210 0.000000 0.000000
  15 -26.878530 -2.205855 -2.315544 -0.112097 -0.301019 -0.947007 0.000000 0.000000
rubbergloveCHROME.bmp
  21 26.396287 -0.995637 1.786265 0.735631 -0.439822 -0.515174 0.000000 0.000000
  21 26.205766 -0.867344 1.496709 0.582684 -0.346085 -0.735326 0.000000 0.000000
  21 26.322939 -0.656629 1.576518 0.726165 -0.122188 -0.676576 0.000000 0.000000
rubbergloveCHROME.bmp
  21 26.567346 -0.897611 2.117067 0.994058 0.088561 0.063292 0.000000 0.000000
  21 26.592767 -0.935831 2.047835 0.999624 -0.019810 0.018951 0.000000 0.000000
  21 26.494067 -0.730708 1.961911 0.878562 0.474458 0.054940 0.000000 0.000000
rubbergloveCHROME.bmp
  21 25.641138 -0.852917 1.262642 0.105223 -0.602080 -0.791472 0.000000 0.000000
  21 25.794965 -0.722903 1.247352 0.311576 -0.353185 -0.882146 0.000000 0.000000
  21 25.754226 -0.942054 1.380819 0.069905 -0.621315 -0.780436 0.000000 0.000000
rubbergloveCHROME.bmp
  21 25.455004 -0.896273 1.349673 -0.239871 -0.729151 -0.640938 0.000000 0.000000
  21 25.255600 -0.930316 1.539354 -0.623823 -0.705633 -0.336045 0.000000 0.000000
  20 25.292620 -0.716844 1.213831 -0.430584 -0.645187 -0.631135 0.000000 0.000000
rubbergloveCHROME.bmp
  18 -25.870271 -1.641486 -3.048226 -0.396250 -0.848477 -0.350817 0.000000 0.000000
  18 -25.935874 -1.604944 -2.983721 -0.474765 -0.873985 -0.103678 0.000000 0.000000
  18 -25.980202 -1.551244 -3.004965 -0.474765 -0.873985 -0.103678 0.000000 0.000000
rubbergloveCHROME.bmp
  18 -25.233662 -0.965827 -3.195919 0.378765 0.111666 -0.918732 0.000000 0.000000
  18 -25.285359 -0.903969 -3.185873 0.513705 0.396156 -0.761030 0.000000 0.000000
  17 -25.167180 -0.781095 -3.152959 0.216566 0.049380 -0.975018 0.000000 0.000000
rubbergloveCHROME.bmp
  18 -25.685980 -0.847679 -2.518314 -0.157075 0.588277 0.793257 0.000000 0.000000
  18 -25.710844 -0.806484 -2.621196 -0.396090 0.844478 0.360513 0.000000 0.000000
  18 -25.819287 -1.064934 -2.563368 -0.620595 0.213605 0.754476 0.000000 0.000000
rubbergloveCHROME.bmp
  18 -26.028245 -1.242744 -2.892184 -0.850138 0.503639 -0.153667 0.000000 0.000000
  18 -26.136993 -1.434901 -2.915628 -0.982534 -0.106032 -0.152918 0.000000 0.000000
  18 -26.106508 -1.413834 -2.798894 -0.977635 0.099663 0.185195 0.000000 0.000000
rubbergloveCHROME.bmp
  18 -25.832757 -1.544692 -3.281943 0.113216 -0.864942 -0.488935 0.000000 0.000000
  18 -25.758055 -1.537755 -3.199049 0.156037 -0.725948 -0.669815 0.000000 0.000000
  18 -25.840930 -1.547315 -3.158548 -0.136328 -0.893716 -0.427418 0.000000 0.000000
rubbergloveCHROME.bmp
  18 -24.976439 -1.175655 -2.869716 0.815102 -0.550426 -0.180666 0.000000 0.000000
  17 -25.014558 -1.183135 -2.628773 0.726129 -0.544683 0.419592 0.000000 0.000000
  18 -25.152398 -1.352833 -2.644447 0.639511 -0.689745 0.339525 0.000000 0.000000
rubbergloveCHROME.bmp
  18 -25.824039 -1.583035 -2.752176 -0.065896 -0.958447 0.277557 0.000000 0.000000
  18 -25.755075 -1.633613 -2.892125 0.077821 -0.991327 0.105898 0.000000 0.000000
  18 -25.638796 -1.628835 -2.830835 0.127091 -0.974353 0.185700 0.000000 0.000000
rubbergloveCHROME.bmp
  17 -24.818235 -0.914971 -2.568395 0.589757 -0.706494 0.391219 0.000000 0.000000
  17 -24.758956 -0.868162 -2.838201 0.659852 -0.638312 -0.396426 0.000000 0.000000
  17 -24.618068 -0.780783 -2.523374 0.489140 -0.810221 0.322929 0.000000 0.000000
rubbergloveCHROME.bmp
  10 -24.834287 -0.777968 -0.400655 0.431750 -0.538505 0.723605 0.000000 0.000000
  10 -25.004178 -0.635498 -0.309885 0.383443 -0.360751 0.850194 0.000000 0.000000
  10 -25.237312 -1.005019 -0.308360 0.407082 -0.414101 0.814128 0.000000 0.000000
rubbergloveCHROME.bmp
  10 -25.003088 -0.601810 -1.029443 0.377927 -0.265522 -0.886944 0.000000 0.000000
  10 -24.842380 -0.741202 -0.860201 0.487246 -0.595705 -0.638535 0.000000 0.000000
  10 -25.154433 -1.006658 -0.887694 0.595338 -0.620669 -0.510237 0.000000 0.000000
rubbergloveCHROME.bmp
  10 -25.448735 -1.215589 -0.964073 0.484195 -0.627841 -0.609403 0.000000 0.000000
  10 -25.599149 -1.134637 -1.064186 0.290788 -0.435453 -0.851953 0.000000 0.000000
  10 -25.276619 -0.940055 -1.067790 0.389974 -0.350416 -0.851545 0.000000 0.000000
rubbergloveCHROME.bmp
  10 -25.423545 -1.171465 -0.322966 0.372033 -0.572149 0.730915 0.000000 0.000000
  11 -25.682482 -1.311856 -0.347840 0.343429 -0.590457 0.730354 0.000000 0.000000
  10 -25.413674 -1.268893 -0.454535 0.530866 -0.735017 0.421819 0.000000 0.000000
rubbergloveCHROME.bmp
  11 -26.010080 -1.573991 -0.985543 0.408087 -0.590275 -0.696449 0.000000 0.000000
  11 -25.889152 -1.709287 -0.736602 0.609231 -0.768165 -0.196876 0.000000 0.000000
  11 -26.103851 -1.787778 -0.730000 0.471110 -0.842969 -0.259729 0.000000 0.000000
rubbergloveCHROME.bmp
  12 -27.230457 -2.527977 -0.633344 -0.371548 -0.918918 0.132444 0.000000 0.000000
  12 -27.264781 -2.533010 -0.743782 -0.269806 -0.962637 -0.023108 0.000000 0.000000
  12 -27.137871 -2.604380 -0.743754 -0.253704 -0.965202 -0.063397 0.000000 0.000000
rubbergloveCHROME.bmp
  15 -26.379271 -1.411070 -1.413125 -0.450429 0.153652 0.879491 0.000000 0.000000
  15 -26.578576 -1.658875 -1.459716 -0.256866 0.383271 0.887200 0.000000 0.000000
  15 -26.574408 -1.682898 -1.431334 -0.313752 0.341896 0.885814 0.000000 0.000000
rubbergloveCHROME.bmp
  15 -27.080596 -2.334646 -1.764198 -0.599042 -0.788794 0.137670 0.000000 0.000000
  15 -27.073001 -2.314970 -1.963585 -0.596555 -0.799046 -0.075151 0.000000 0.000000
  15 -27.025064 -2.365830 -1.943206 -0.596555 -0.799046 -0.075151 0.000000 0.000000
rubbergloveCHROME.bmp
  15 -27.030494 -2.383528 -1.763603 -0.590776 -0.762979 0.262386 0.000000 0.000000
  15 -26.902273 -2.439029 -1.825885 -0.101260 -0.990243 0.095733 0.000000 0.000000
  15 -26.877940 -2.426392 -1.660209 -0.024191 -0.804851 0.592984 0.000000 0.000000
rubbergloveCHROME.bmp
  14 -25.837910 -1.296072 -1.291832 0.132272 -0.288650 0.948254 0.000000 0.000000
  14 -26.030816 -1.120776 -1.254978 -0.281936 0.095721 0.954646 0.000000 0.000000
  14 -26.172765 -1.315267 -1.289961 -0.282609 -0.010450 0.959178 0.000000 0.000000
rubbergloveCHROME.bmp
  15 -26.622334 -2.427619 -2.107495 0.208699 -0.837210 -0.505493 0.000000 0.000000
  15 -26.780721 -2.403608 -2.092100 -0.020095 -0.956489 -0.291075 0.000000 0.000000
  15 -26.659137 -2.323661 -2.232548 0.274326 -0.736737 -0.618032 0.000000 0.000000
rubbergloveCHROME.bmp
  15 -26.400430 -2.280085 -1.613539 0.277938 -0.598512 0.751355 0.000000 0.000000
  15 -26.264868 -2.126207 -1.563097 0.485119 -0.548121 0.681339 0.000000 0.000000
  15 -26.420327 -1.998578 -1.516803 0.241388 -0.468946 0.849601 0.000000 0.000000
rubbergloveCHROME.bmp
  15 -26.139155 -1.833364 -2.207488 0.477318 -0.349227 -0.806355 0.000000 0.000000
  15 -26.072899 -1.950193 -2.090608 0.673422 -0.516017 -0.529366 0.000000 0.000000
  15 -26.327859 -2.012679 -2.225852 0.477318 -0.349227 -0.806355 0.000000 0.000000
rubbergloveCHROME.bmp
  11 -26.664927 -1.468482 -0.199958 -0.598319 0.207260 0.773988 0.000000 0.000000
  12 -26.840878 -1.737010 -0.266193 -0.061486 0.474311 0.878208 0.000000 0.000000
  12 -26.848323 -1.772660 -0.246861 -0.387309 0.191396 0.901864 0.000000 0.000000
rubbergloveCHROME.bmp
  12 -26.545139 -1.978955 -0.267402 0.361732 -0.427852 0.828307 0.000000 0.000000
  12 -26.828040 -1.879494 -0.208456 -0.238330 0.001075 0.971184 0.000000 0.000000
  12 -26.772628 -2.218141 -0.273630 0.247906 -0.406399 0.879422 0.000000 0.000000
rubbergloveCHROME.bmp
  12 -26.509505 -2.055733 -0.338362 0.500802 -0.486169 0.716126 0.000000 0.000000
  11 -26.290382 -1.746830 -0.311038 0.477702 -0.634628 0.607494 0.000000 0.000000
  12 -26.545139 -1.978955 -0.267402 0.361732 -0.427852 0.828307 0.000000 0.000000
rubbergloveCHROME.bmp
  12 -27.363891 -2.518685 -0.724496 -0.370955 -0.926645 0.061001 0.000000 0.000000
  12 -27.336820 -2.492910 -0.583774 -0.356345 -0.909764 0.212949 0.000000 0.000000
  12 -27.526434 -2.426591 -0.684513 -0.856729 -0.500649 0.123958 0.000000 0.000000
rubbergloveCHROME.bmp
  10 -25.276619 -0.940055 -1.067790 0.389974 -0.350416 -0.851545 0.000000 0.000000
  10 -25.366139 -0.899127 -1.097974 0.197901 -0.169612 -0.965436 0.000000 0.000000
  10 -25.070538 -0.541392 -1.029079 0.248120 -0.066667 -0.966433 0.000000 0.000000
rubbergloveCHROME.bmp
  12 -26.677961 -1.949261 -1.148354 0.379259 -0.202928 -0.902764 0.000000 0.000000
  12 -26.855459 -2.166825 -1.193742 0.331785 -0.324807 -0.885674 0.000000 0.000000
  12 -26.996319 -2.038989 -1.182952 -0.168849 0.170244 -0.970828 0.000000 0.000000
rubbergloveCHROME.bmp
  12 -26.796993 -1.757402 -1.166281 -0.168849 0.170244 -0.970828 0.000000 0.000000
  11 -26.691283 -1.458483 -1.150224 -0.365624 0.257673 -0.894384 0.000000 0.000000
  11 -26.426447 -1.580262 -1.119704 0.218034 -0.234352 -0.947386 0.000000 0.000000
rubbergloveCHROME.bmp
  12 -27.459255 -2.315660 -0.992054 -0.740490 -0.213159 -0.637367 0.000000 0.000000
  12 -27.344674 -2.257678 -1.109991 -0.421004 0.024106 -0.906738 0.000000 0.000000
  12 -27.459351 -2.371884 -1.013005 -0.699082 -0.210673 -0.683301 0.000000 0.000000
rubbergloveCHROME.bmp
  12 -26.839467 -1.673180 -1.115265 -0.351258 0.420323 -0.836628 0.000000 0.000000
  12 -26.867774 -1.659059 -1.105300 -0.096301 0.791453 -0.603596 0.000000 0.000000
  11 -26.739790 -1.395053 -1.049608 -0.533925 0.342750 -0.772947 0.000000 0.000000
rubbergloveCHROME.bmp
  11 -26.644898 -0.978519 -0.751623 -0.675921 0.736339 -0.030580 0.000000 0.000000
  11 -26.841423 -1.163322 -0.766639 -0.773357 0.621856 -0.123346 0.000000 0.000000
  11 -26.646586 -0.994840 -0.621890 -0.646904 0.743202 0.170778 0.000000 0.000000
rubbergloveCHROME.bmp
  11 -26.350197 -0.918555 -1.057819 -0.396251 0.388629 -0.831837 0.000000 0.000000
  11 -26.567184 -1.081342 -1.082664 -0.347502 0.324309 -0.879810 0.000000 0.000000
  11 -26.426157 -0.839455 -0.997212 -0.556965 0.599464 -0.574832 0.000000 0.000000
rubbergloveCHROME.bmp
  12 -27.110622 -1.591972 -0.816467 -0.566710 0.822375 -0.050391 0.000000 0.000000
  12 -27.059543 -1.582471 -0.975843 -0.280661 0.952332 -0.119555 0.000000 0.000000
  12 -27.180767 -1.800838 -0.990694 -0.770904 0.559425 -0.304548 0.000000 0.000000
rubbergloveCHROME.bmp
  12 -27.544375 -2.105470 -0.849314 -0.825976 0.545718 -0.141264 0.000000 0.000000
  12 -27.323944 -1.901260 -0.863746 -0.688726 0.714026 -0.125788 0.000000 0.000000
  12 -27.507581 -2.124174 -1.009302 -0.779147 0.493279 -0.386788 0.000000 0.000000
rubbergloveCHROME.bmp
  11 -26.097198 -0.934624 -0.155470 -0.600625 0.068723 0.796572 0.000000 0.000000
  11 -26.089444 -0.900179 -0.114808 -0.545604 0.024576 0.837683 0.000000 0.000000
  11 -26.158206 -0.841149 -0.134484 -0.506026 -0.351536 0.787629 0.000000 0.000000
rubbergloveCHROME.bmp
  12 -27.230156 -1.980895 -0.364084 -0.581257 0.532251 0.615507 0.000000 0.000000
  12 -27.137865 -1.889638 -0.351653 -0.675072 0.408842 0.614106 0.000000 0.000000
  12 -27.207290 -1.844995 -0.461594 -0.773651 0.530770 0.346045 0.000000 0.000000
rubbergloveCHROME.bmp
  8 -26.045704 -0.781044 0.549006 -0.931607 0.258668 0.255342 0.000000 0.000000
  8 -26.147490 -0.901655 0.583540 -0.761283 0.615333 0.204486 0.000000 0.000000
  8 -26.076948 -0.924843 0.748119 -0.717822 0.623063 0.310684 0.000000 0.000000
rubbergloveCHROME.bmp
  8 -26.010951 -0.941292 0.983648 -0.614762 0.629603 0.475045 0.000000 0.000000
  8 -25.916661 -0.800063 0.938219 -0.835968 0.239663 0.493679 0.000000 0.000000
  8 -26.076948 -0.924843 0.748119 -0.717822 0.623063 0.310684 0.000000 0.000000
rubbergloveCHROME.bmp
  8 -25.672759 -0.959677 1.009878 -0.128698 -0.084713 0.988059 0.000000 0.000000
  8 -25.652215 -0.928845 1.044911 -0.001594 -0.220956 0.975282 0.000000 0.000000
  8 -25.755188 -0.862369 1.103882 -0.090285 -0.403975 0.910304 0.000000 0.000000
rubbergloveCHROME.bmp
  14 -26.075941 -1.003094 -2.137766 -0.163534 0.252436 -0.953694 0.000000 0.000000
  14 -26.166496 -0.881871 -2.135555 -0.442719 0.456985 -0.771469 0.000000 0.000000
  14 -25.928482 -0.789587 -2.150825 -0.181121 0.201637 -0.962568 0.000000 0.000000
rubbergloveCHROME.bmp
  14 -26.176217 -1.025692 -1.342257 -0.449862 0.216522 0.866454 0.000000 0.000000
  14 -26.030132 -0.855386 -1.349677 -0.480754 0.279744 0.831035 0.000000 0.000000
  14 -26.102687 -0.786739 -1.391190 -0.574269 0.420287 0.702548 0.000000 0.000000
rubbergloveCHROME.bmp
  14 -26.286796 -0.883924 -1.613134 -0.731621 0.648415 0.210448 0.000000 0.000000
  14 -26.281802 -0.961478 -1.408047 -0.604005 0.394618 0.692427 0.000000 0.000000
  14 -26.102687 -0.786739 -1.391190 -0.574269 0.420287 0.702548 0.000000 0.000000
rubbergloveCHROME.bmp
  15 -27.170702 -2.284104 -1.789224 -0.688349 -0.720076 0.087562 0.000000 0.000000
  15 -27.209378 -2.151670 -1.770105 -0.981176 0.081194 0.175220 0.000000 0.000000
  15 -27.199202 -2.272717 -1.983281 -0.748418 -0.661183 -0.052029 0.000000 0.000000
rubbergloveCHROME.bmp
  15 -26.760207 -1.508923 -2.081266 -0.518806 0.821809 -0.235522 0.000000 0.000000
  15 -26.707486 -1.497394 -2.044016 -0.353836 0.927754 -0.118631 0.000000 0.000000
  15 -26.628946 -1.490105 -2.176221 -0.413118 0.805069 -0.425673 0.000000 0.000000
rubbergloveCHROME.bmp
  15 -26.394775 -1.250226 -2.187263 -0.389982 0.383260 -0.837273 0.000000 0.000000
  14 -26.302546 -1.084512 -2.160598 -0.372735 0.404329 -0.835216 0.000000 0.000000
  14 -26.188496 -1.168954 -2.176778 -0.196026 0.328852 -0.923813 0.000000 0.000000
rubbergloveCHROME.bmp
  15 -26.454842 -1.627744 -2.261914 -0.101597 0.337101 -0.935971 0.000000 0.000000
  15 -26.607249 -1.569653 -2.303113 0.194180 0.564269 -0.802431 0.000000 0.000000
  15 -26.518175 -1.563906 -2.272571 0.152402 0.539574 -0.828030 0.000000 0.000000
rubbergloveCHROME.bmp
  17 -25.441732 -0.742364 -2.478629 -0.655649 0.287092 0.698357 0.000000 0.000000
  18 -25.551851 -0.911791 -2.508362 -0.530557 0.466447 0.707769 0.000000 0.000000
  18 -25.560751 -0.947172 -2.475666 -0.465791 0.371091 0.803324 0.000000 0.000000
rubbergloveCHROME.bmp
  17 -25.213324 -0.813129 -2.383644 -0.074940 -0.168102 0.982917 0.000000 0.000000
  17 -25.293849 -0.819030 -2.352324 -0.074940 -0.168102 0.982917 0.000000 0.000000
  18 -25.376673 -1.002722 -2.430618 -0.060784 -0.202547 0.977384 0.000000 0.000000
rubbergloveCHROME.bmp
  18 -25.961614 -1.517733 -2.657789 -0.588405 -0.520212 0.618998 0.000000 0.000000
  18 -26.025857 -1.498165 -2.690802 -0.594363 -0.242815 0.766664 0.000000 0.000000
  18 -26.010842 -1.528360 -2.756093 -0.642015 -0.658206 0.393168 0.000000 0.000000
rubbergloveCHROME.bmp
  14 -25.507973 -1.050335 -2.201642 0.217914 -0.304945 -0.927104 0.000000 0.000000
  14 -25.678756 -0.798012 -2.225430 -0.163534 0.252436 -0.953694 0.000000 0.000000
  14 -25.310276 -0.927196 -2.167693 0.316967 -0.224565 -0.921468 0.000000 0.000000
rubbergloveCHROME.bmp
  14 -25.967288 -1.079374 -2.234595 -0.215211 0.293397 -0.931452 0.000000 0.000000
  14 -25.773605 -1.225554 -2.207797 0.221836 -0.081320 -0.971687 0.000000 0.000000
  14 -26.102062 -1.252884 -2.266695 -0.064833 0.215910 -0.974258 0.000000 0.000000
rubbergloveCHROME.bmp
  15 -26.454842 -1.627744 -2.261914 -0.101597 0.337101 -0.935971 0.000000 0.000000
  15 -26.518175 -1.563906 -2.272571 0.152402 0.539574 -0.828030 0.000000 0.000000
  15 -26.291324 -1.345024 -2.215748 -0.218133 0.289719 -0.931923 0.000000 0.000000
rubbergloveCHROME.bmp
  15 -26.906569 -2.417480 -2.046604 -0.197335 -0.957094 -0.212203 0.000000 0.000000
  15 -26.874143 -2.426064 -1.952930 -0.184506 -0.978189 -0.095417 0.000000 0.000000
  15 -27.025064 -2.365830 -1.943206 -0.596555 -0.799046 -0.075151 0.000000 0.000000
rubbergloveCHROME.bmp
  9 -26.731036 -1.628798 0.432760 -0.214756 0.872097 -0.439690 0.000000 0.000000
  8 -26.557568 -1.455958 0.404141 -0.664880 0.598094 -0.447458 0.000000 0.000000
  9 -26.756212 -1.637839 0.406599 -0.562756 0.692983 -0.450645 0.000000 0.000000
rubbergloveCHROME.bmp
  9 -26.997037 -2.414090 0.577880 -0.057859 -0.879849 -0.471718 0.000000 0.000000
  9 -26.920820 -2.474894 0.785471 -0.040196 -0.991409 -0.124471 0.000000 0.000000
  9 -27.021813 -2.488016 0.780170 -0.110101 -0.981285 -0.157978 0.000000 0.000000
rubbergloveCHROME.bmp
  8 -25.961493 -1.364025 0.122108 -0.037337 -0.207224 -0.977581 0.000000 0.000000
  8 -25.757289 -1.204656 0.090454 -0.135421 -0.201268 -0.970130 0.000000 0.000000
  8 -25.726164 -1.258986 0.131435 0.179854 -0.445892 -0.876831 0.000000 0.000000
rubbergloveCHROME.bmp
  8 -25.906871 -1.013193 1.097215 -0.239281 0.386814 0.890573 0.000000 0.000000
  8 -25.792645 -0.866893 1.038487 -0.485509 0.066577 0.871693 0.000000 0.000000
  8 -26.010951 -0.941292 0.983648 -0.614762 0.629603 0.475045 0.000000 0.000000
rubbergloveCHROME.bmp
  8 -26.436360 -1.398285 1.081550 -0.554688 0.624113 0.550277 0.000000 0.000000
  8 -26.346889 -1.495209 1.148637 -0.117965 0.242450 0.962965 0.000000 0.000000
  8 -26.214001 -1.321314 1.166003 -0.191734 0.322881 0.926815 0.000000 0.000000
rubbergloveCHROME.bmp
  9 -26.754241 -1.562323 0.936687 -0.220246 0.943910 0.246020 0.000000 0.000000
  9 -26.807065 -1.521506 0.747892 -0.081212 0.994280 0.069375 0.000000 0.000000
  9 -26.985116 -1.706872 0.788355 -0.724485 0.621423 0.298253 0.000000 0.000000
rubbergloveCHROME.bmp
  8 -26.298320 -1.573467 1.169048 0.014243 0.142175 0.989739 0.000000 0.000000
  9 -26.429267 -1.746111 1.161439 0.484611 0.344351 0.804098 0.000000 0.000000
  9 -26.436955 -1.769612 1.215185 0.240838 0.163264 0.956735 0.000000 0.000000
rubbergloveCHROME.bmp
  9 -27.184954 -2.398911 0.875801 -0.683760 -0.723537 0.094693 0.000000 0.000000
  9 -27.162984 -2.445359 0.836306 -0.589743 -0.796686 0.132265 0.000000 0.000000
  9 -27.129486 -2.417090 0.920442 -0.580857 -0.774526 0.250429 0.000000 0.000000
rubbergloveCHROME.bmp
  7 -25.030629 -0.867389 0.903861 0.408752 -0.385641 0.827165 0.000000 0.000000
  7 -25.072615 -0.721300 0.988094 0.383117 -0.270088 0.883331 0.000000 0.000000
  8 -25.246188 -0.950256 0.991208 0.445824 -0.305286 0.841452 0.000000 0.000000
rubbergloveCHROME.bmp
  8 -25.312994 -1.364247 0.327168 0.591979 -0.557122 -0.582388 0.000000 0.000000
  8 -25.220955 -1.408791 0.500790 0.761472 -0.571301 -0.306227 0.000000 0.000000
  8 -25.591414 -1.732316 0.528929 0.517073 -0.814462 -0.263225 0.000000 0.000000
rubbergloveCHROME.bmp
  8 -25.930711 -1.893438 0.943920 0.454739 -0.729319 0.511181 0.000000 0.000000
  9 -25.998641 -1.867230 0.991463 0.390393 -0.596213 0.701515 0.000000 0.000000
  9 -26.222778 -2.054020 1.007965 0.481737 -0.557822 0.675843 0.000000 0.000000
rubbergloveCHROME.bmp
  8 -26.180948 -1.607746 0.234088 0.143859 -0.437046 -0.887860 0.000000 0.000000
  8 -25.943018 -1.416760 0.174812 0.128488 -0.385711 -0.913629 0.000000 0.000000
  8 -26.041768 -1.754787 0.318986 0.262071 -0.649250 -0.713998 0.000000 0.000000
rubbergloveCHROME.bmp
  7 -25.075794 -1.070533 0.238810 0.310266 -0.698314 -0.645052 0.000000 0.000000
  7 -25.003369 -1.158667 0.408771 0.499289 -0.796255 -0.341596 0.000000 0.000000
  7 -25.069521 -1.202912 0.421666 0.143651 -0.956780 -0.252858 0.000000 0.000000
rubbergloveCHROME.bmp
  7 -24.702349 -0.922924 0.326844 0.580205 -0.700235 -0.415973 0.000000 0.000000
  1 -24.403704 -0.590867 0.286280 0.416241 -0.893356 -0.169290 0.000000 0.000000
  7 -24.646243 -0.918966 0.480911 0.680722 -0.731862 0.031569 0.000000 0.000000
rubbergloveCHROME.bmp
  7 -24.702349 -0.922924 0.326844 0.580205 -0.700235 -0.415973 0.000000 0.000000
  7 -24.897282 -0.861469 0.165834 0.423807 -0.578365 -0.697052 0.000000 0.000000
  7 -24.552740 -0.616292 0.137915 0.262026 -0.870060 -0.417538 0.000000 0.000000
rubbergloveCHROME.bmp
  7 -24.918220 -0.839614 0.156671 0.288386 -0.466071 -0.836428 0.000000 0.000000
  7 -25.194630 -1.077926 0.154409 0.259794 -0.531249 -0.806401 0.000000 0.000000
  7 -25.132873 -0.689971 0.010962 0.159966 -0.386370 -0.908366 0.000000 0.000000
rubbergloveCHROME.bmp
  6 -23.268688 -0.952639 1.530911 0.623823 -0.705633 -0.336047 0.000000 0.000000
  5 -23.105444 -0.713903 1.477283 0.790831 -0.569859 -0.223265 0.000000 0.000000
  6 -23.186263 -0.856396 1.701626 0.834200 -0.550026 -0.039773 0.000000 0.000000
rubbergloveCHROME.bmp
  6 -23.390872 -1.025474 1.989459 0.682232 -0.471619 0.558690 0.000000 0.000000
  6 -23.268682 -0.911677 1.913170 0.740067 -0.497517 0.452523 0.000000 0.000000
  6 -23.334214 -0.796197 2.035522 0.574395 -0.200830 0.793560 0.000000 0.000000
rubbergloveCHROME.bmp
  6 -23.700228 -1.195020 2.254323 0.708619 -0.239377 0.663745 0.000000 0.000000
  6 -23.505754 -0.935134 2.093577 0.574722 -0.143495 0.805670 0.000000 0.000000
  6 -23.626052 -0.808979 2.152001 0.371601 0.149479 0.916280 0.000000 0.000000
rubbergloveCHROME.bmp
  6 -24.577731 -0.914297 2.114381 -0.994057 0.088564 0.063294 0.000000 0.000000
  6 -24.504974 -0.748583 1.957711 -0.878560 0.474462 0.054939 0.000000 0.000000
  6 -24.584211 -0.943119 2.040035 -0.999624 -0.019806 0.018948 0.000000 0.000000
rubbergloveCHROME.bmp
  6 -24.185856 -0.876757 1.484599 -0.582684 -0.346086 -0.735326 0.000000 0.000000
  6 -24.424939 -1.004101 1.780779 -0.735629 -0.439821 -0.515177 0.000000 0.000000
  6 -24.324152 -0.686009 1.541072 -0.726165 -0.122189 -0.676576 0.000000 0.000000
rubbergloveCHROME.bmp
  6 -24.359695 -0.919192 2.452369 -0.318869 0.367094 0.873822 0.000000 0.000000
  6 -24.474226 -0.834613 2.311199 -0.694544 0.462239 0.551311 0.000000 0.000000
  6 -24.506306 -1.005005 2.347770 -0.796176 -0.039618 0.603766 0.000000 0.000000
rubbergloveCHROME.bmp
  33 28.052193 -1.470123 -3.059075 0.910087 0.015045 -0.414144 0.000000 0.000000
  33 28.009395 -1.567362 -3.036426 0.644367 -0.748608 -0.156130 0.000000 0.000000
  33 27.989847 -1.567021 -3.146960 0.602212 -0.718764 -0.347448 0.000000 0.000000
rubbergloveCHROME.bmp
  29 28.260202 -0.846151 -1.919841 0.718437 0.669298 -0.189442 0.000000 0.000000
  29 28.422205 -1.046314 -1.967695 0.725557 0.598461 -0.339722 0.000000 0.000000
  29 28.166676 -0.910062 -2.138400 0.442718 0.456986 -0.771469 0.000000 0.000000
rubbergloveCHROME.bmp
  29 28.074844 -1.002154 -2.147668 0.163532 0.252434 -0.953695 0.000000 0.000000
  29 27.936628 -0.797535 -2.142409 0.181126 0.201637 -0.962567 0.000000 0.000000
  29 28.166676 -0.910062 -2.138400 0.442718 0.456986 -0.771469 0.000000 0.000000
rubbergloveCHROME.bmp
  33 27.627133 -1.645047 -2.820693 -0.127091 -0.974353 0.185700 0.000000 0.000000
  33 27.750697 -1.628820 -2.879588 -0.077821 -0.991327 0.105898 0.000000 0.000000
  33 27.835209 -1.607529 -2.738860 0.065896 -0.958447 0.277556 0.000000 0.000000
rubbergloveCHROME.bmp
  32 27.099541 -0.952961 -2.372903 -0.292776 -0.433762 0.852134 0.000000 0.000000
  32 26.926745 -1.058951 -2.603137 -0.702113 -0.591834 0.395942 0.000000 0.000000
  32 27.212719 -1.086845 -2.385786 -0.241574 -0.366971 0.898317 0.000000 0.000000
rubbergloveCHROME.bmp
  32 27.010076 -1.192381 -2.619020 -0.726135 -0.544672 0.419596 0.000000 0.000000
  33 26.976152 -1.189584 -2.872435 -0.815102 -0.550426 -0.180668 0.000000 0.000000
  33 27.119906 -1.363701 -2.659555 -0.639510 -0.689747 0.339524 0.000000 0.000000
rubbergloveCHROME.bmp
  32 26.986550 -0.818227 -2.328409 -0.044873 -0.290784 0.955736 0.000000 0.000000
  32 26.836876 -0.690335 -2.286679 -0.084880 -0.475881 0.875404 0.000000 0.000000
  32 26.825201 -0.935448 -2.574225 -0.589754 -0.706497 0.391218 0.000000 0.000000
rubbergloveCHROME.bmp
  32 26.768216 -0.876682 -2.831711 -0.659851 -0.638312 -0.396428 0.000000 0.000000
  32 26.792359 -0.792689 -2.925851 -0.662698 -0.563143 -0.493661 0.000000 0.000000
  32 26.908040 -0.956207 -2.934790 -0.698564 -0.466099 -0.542918 0.000000 0.000000
rubbergloveCHROME.bmp
  25 27.005053 -0.649833 -0.300144 -0.383448 -0.360749 0.850193 0.000000 0.000000
  25 26.836045 -0.806589 -0.381161 -0.431754 -0.538504 0.723603 0.000000 0.000000
  25 27.235826 -0.977001 -0.297883 -0.407083 -0.414102 0.814127 0.000000 0.000000
rubbergloveCHROME.bmp
  25 27.440112 -1.213248 -0.313839 -0.372033 -0.572152 0.730913 0.000000 0.000000
  25 27.401215 -1.298136 -0.444916 -0.530865 -0.735018 0.421820 0.000000 0.000000
  26 27.640065 -1.313206 -0.347463 -0.343429 -0.590459 0.730352 0.000000 0.000000
rubbergloveCHROME.bmp
  26 28.163247 -1.871411 -0.701988 -0.726113 -0.673729 -0.137295 0.000000 0.000000
  27 28.414885 -2.282854 -0.741356 -0.749315 -0.660879 -0.042022 0.000000 0.000000
  27 28.459512 -2.244418 -0.491094 -0.647552 -0.585856 0.487287 0.000000 0.000000
rubbergloveCHROME.bmp
  27 29.109566 -2.604590 -0.743495 0.253706 -0.965201 -0.063398 0.000000 0.000000
  27 29.236670 -2.533557 -0.723526 0.269806 -0.962637 -0.023108 0.000000 0.000000
  27 29.230434 -2.528039 -0.633356 0.371550 -0.918917 0.132444 0.000000 0.000000
rubbergloveCHROME.bmp
  27 28.977341 -2.330376 -1.107669 -0.349898 -0.589336 -0.728186 0.000000 0.000000
  27 28.830705 -2.467507 -0.988535 -0.274957 -0.671940 -0.687674 0.000000 0.000000
  27 28.799792 -2.196809 -1.113704 -0.373456 -0.410270 -0.831991 0.000000 0.000000
rubbergloveCHROME.bmp
  33 27.556569 -0.915656 -2.489317 0.530583 0.466447 0.707749 0.000000 0.000000
  32 27.455650 -0.740834 -2.450292 0.655658 0.287092 0.698349 0.000000 0.000000
  33 27.570114 -0.942004 -2.466462 0.465802 0.371089 0.803319 0.000000 0.000000
rubbergloveCHROME.bmp
  30 28.878179 -2.412375 -1.658840 0.024191 -0.804851 0.592984 0.000000 0.000000
  30 28.880215 -2.430900 -1.832773 0.101258 -0.990243 0.095735 0.000000 0.000000
  30 29.023059 -2.404640 -1.764906 0.590775 -0.762980 0.262387 0.000000 0.000000
rubbergloveCHROME.bmp
  30 28.880215 -2.430900 -1.832773 0.101258 -0.990243 0.095735 0.000000 0.000000
  30 28.773304 -2.437471 -1.963259 0.022242 -0.994936 -0.098016 0.000000 0.000000
  30 28.887664 -2.454370 -1.957246 0.184505 -0.978189 -0.095418 0.000000 0.000000
rubbergloveCHROME.bmp
  33 27.705592 -1.619323 -3.034427 -0.182492 -0.968253 -0.170830 0.000000 0.000000
  33 27.559140 -1.562007 -3.091583 -0.479419 -0.777850 -0.406334 0.000000 0.000000
  33 27.706874 -1.624325 -3.119711 -0.237283 -0.874556 -0.422905 0.000000 0.000000
rubbergloveCHROME.bmp
  33 27.991650 -1.561861 -2.988941 0.481043 -0.868967 -0.116162 0.000000 0.000000
  33 27.949685 -1.617467 -2.958169 0.481043 -0.868967 -0.116162 0.000000 0.000000
  33 27.872902 -1.629567 -3.036002 0.396250 -0.848477 -0.350818 0.000000 0.000000
rubbergloveCHROME.bmp
  33 27.294167 -0.926555 -3.182084 -0.513723 0.396154 -0.761020 0.000000 0.000000
  33 27.249755 -0.967409 -3.189736 -0.378765 0.111668 -0.918731 0.000000 0.000000
  32 27.176440 -0.789615 -3.146469 -0.216563 0.049378 -0.975019 0.000000 0.000000
rubbergloveCHROME.bmp
  30 28.400468 -1.404248 -1.414768 0.450430 0.153653 0.879491 0.000000 0.000000
  30 28.506488 -1.312583 -1.427314 0.539146 0.255454 0.802536 0.000000 0.000000
  29 28.310185 -1.240475 -1.388512 0.424592 0.132077 0.895699 0.000000 0.000000
rubbergloveCHROME.bmp
  30 29.156626 -2.284054 -1.787684 0.688351 -0.720075 0.087554 0.000000 0.000000
  30 29.199183 -2.272773 -1.983290 0.748418 -0.661184 -0.052026 0.000000 0.000000
  30 29.223416 -2.151832 -1.771663 0.981175 0.081195 0.175221 0.000000 0.000000
rubbergloveCHROME.bmp
  30 28.746514 -2.411423 -2.079034 0.020097 -0.956489 -0.291076 0.000000 0.000000
  30 28.674515 -2.310739 -2.222835 -0.274325 -0.736737 -0.618033 0.000000 0.000000
  30 28.847575 -2.373246 -2.197479 -0.016368 -0.862458 -0.505865 0.000000 0.000000
rubbergloveCHROME.bmp
  28 26.989686 -0.790742 -2.027987 -0.496274 -0.400008 -0.770523 0.000000 0.000000
  28 27.034339 -0.723180 -2.117101 -0.404442 -0.190770 -0.894446 0.000000 0.000000
  29 27.237415 -1.037126 -2.069626 -0.504599 -0.438398 -0.743765 0.000000 0.000000
rubbergloveCHROME.bmp
  29 27.678547 -0.769918 -2.222605 0.163532 0.252434 -0.953695 0.000000 0.000000
  29 27.487904 -1.044711 -2.188782 -0.217916 -0.304942 -0.927105 0.000000 0.000000
  29 27.309178 -0.926254 -2.177595 -0.316969 -0.224566 -0.921467 0.000000 0.000000
rubbergloveCHROME.bmp
  29 27.995391 -1.078924 -2.237633 0.215215 0.293400 -0.931450 0.000000 0.000000
  29 28.116105 -1.252683 -2.268219 0.064833 0.215915 -0.974257 0.000000 0.000000
  29 27.776532 -1.256697 -2.251676 -0.221834 -0.081319 -0.971688 0.000000 0.000000
rubbergloveCHROME.bmp
  30 28.500192 -1.573805 -2.241270 -0.152400 0.539579 -0.828027 0.000000 0.000000
  30 28.426711 -1.627586 -2.258825 0.101598 0.337102 -0.935970 0.000000 0.000000
  30 28.326836 -1.324234 -2.217561 0.218132 0.289721 -0.931923 0.000000 0.000000
rubbergloveCHROME.bmp
  30 27.924178 -1.612663 -2.172007 -0.443072 -0.295759 -0.846294 0.000000 0.000000
  30 28.118748 -1.855356 -2.197350 -0.505478 -0.348200 -0.789461 0.000000 0.000000
  30 27.863996 -1.721519 -2.065104 -0.580741 -0.549924 -0.600270 0.000000 0.000000
rubbergloveCHROME.bmp
  27 28.523991 -1.958253 -0.246856 -0.361734 -0.427850 0.828307 0.000000 0.000000
  27 28.751189 -2.196935 -0.283079 -0.247908 -0.406399 0.879421 0.000000 0.000000
  27 28.785620 -1.865806 -0.197824 0.238333 0.001079 0.971183 0.000000 0.000000
rubbergloveCHROME.bmp
  26 28.046835 -0.901193 -0.134427 0.545604 0.024582 0.837682 0.000000 0.000000
  26 28.082720 -0.921146 -0.145112 0.600624 0.068728 0.796572 0.000000 0.000000
  26 28.115985 -0.842836 -0.114111 0.506037 -0.351533 0.787624 0.000000 0.000000
rubbergloveCHROME.bmp
  26 28.511020 -1.083799 -1.042165 0.347502 0.324308 -0.879811 0.000000 0.000000
  26 28.336052 -0.919042 -1.057701 0.396258 0.388633 -0.831832 0.000000 0.000000
  26 28.412109 -0.840111 -0.987096 0.556959 0.599468 -0.574835 0.000000 0.000000
rubbergloveCHROME.bmp
  26 28.623900 -0.986289 -0.751562 0.675924 0.736336 -0.030582 0.000000 0.000000
  26 28.618305 -0.995759 -0.621642 0.646905 0.743201 0.170779 0.000000 0.000000
  26 28.820328 -1.170925 -0.776575 0.773357 0.621855 -0.123348 0.000000 0.000000
rubbergloveCHROME.bmp
  27 29.516071 -2.105681 -0.849054 0.825976 0.545718 -0.141266 0.000000 0.000000
  27 29.479471 -2.124721 -0.989046 0.779148 0.493279 -0.386787 0.000000 0.000000
  27 29.274489 -1.894680 -0.853165 0.688726 0.714026 -0.125787 0.000000 0.000000
rubbergloveCHROME.bmp
  27 29.183844 -1.806284 -0.670766 0.812867 0.569093 0.124019 0.000000 0.000000
  27 29.150607 -1.845186 -0.471061 0.773651 0.530772 0.346042 0.000000 0.000000
  27 29.228685 -1.922377 -0.483118 0.652798 0.668947 0.355478 0.000000 0.000000
rubbergloveCHROME.bmp
  26 28.582037 -1.355776 -1.147449 0.330576 0.204952 -0.921257 0.000000 0.000000
  26 28.644679 -1.291915 -1.046962 0.432350 0.258541 -0.863846 0.000000 0.000000
  26 28.704559 -1.403087 -1.059415 0.533937 0.342752 -0.772938 0.000000 0.000000
rubbergloveCHROME.bmp
  27 29.004801 -2.300769 -1.177450 -0.247274 -0.473288 -0.845490 0.000000 0.000000
  27 28.841321 -2.152988 -1.183381 -0.331783 -0.324806 -0.885676 0.000000 0.000000
  27 29.081940 -2.194141 -1.186404 0.198880 0.061620 -0.978085 0.000000 0.000000
rubbergloveCHROME.bmp
  27 29.119622 -2.443255 -1.080941 -0.016603 -0.754933 -0.655591 0.000000 0.000000
  27 28.977341 -2.330376 -1.107669 -0.349898 -0.589336 -0.728186 0.000000 0.000000
  27 29.168379 -2.392663 -1.130571 0.019613 -0.558185 -0.829485 0.000000 0.000000
rubbergloveCHROME.bmp
  27 29.241890 -2.509280 -0.903202 0.279465 -0.921960 -0.268120 0.000000 0.000000
  27 29.355988 -2.510367 -0.804306 0.426433 -0.892256 -0.148437 0.000000 0.000000
  27 29.236670 -2.533557 -0.723526 0.269806 -0.962637 -0.023108 0.000000 0.000000
rubbergloveCHROME.bmp
  23 28.336111 -1.500103 1.177963 0.117969 0.242446 0.962966 0.000000 0.000000
  23 28.412971 -1.416465 1.049521 0.554691 0.624112 0.550274 0.000000 0.000000
  23 28.201342 -1.322971 1.154268 0.191736 0.322881 0.926815 0.000000 0.000000
rubbergloveCHROME.bmp
  24 28.529877 -1.694013 1.251710 -0.370965 0.445072 0.815044 0.000000 0.000000
  24 28.676989 -1.864344 1.306895 -0.026789 0.111999 0.993347 0.000000 0.000000
  24 28.749872 -1.806100 1.230766 0.476289 0.462711 0.747695 0.000000 0.000000
rubbergloveCHROME.bmp
  24 29.225813 -2.364539 0.777086 0.670397 -0.735113 -0.100881 0.000000 0.000000
  24 29.305178 -2.317418 0.814246 0.905312 -0.416691 0.082336 0.000000 0.000000
  24 29.281008 -2.353197 0.895090 0.794672 -0.584533 0.163758 0.000000 0.000000
rubbergloveCHROME.bmp
  23 28.066952 -0.916523 0.766274 0.717824 0.623060 0.310683 0.000000 0.000000
  23 28.130779 -0.900739 0.601419 0.761284 0.615330 0.204488 0.000000 0.000000
  23 28.064491 -0.758034 0.559694 0.931609 0.258662 0.255339 0.000000 0.000000
rubbergloveCHROME.bmp
  23 28.192512 -0.909003 0.407975 0.776177 0.492559 -0.393618 0.000000 0.000000
  23 28.090890 -0.976336 0.339133 0.655929 0.414972 -0.630520 0.000000 0.000000
  23 28.009251 -0.833511 0.305427 0.792652 0.199258 -0.576194 0.000000 0.000000
rubbergloveCHROME.bmp
  24 28.807043 -1.521581 0.747879 0.081201 0.994281 0.069371 0.000000 0.000000
  24 28.737291 -1.546980 0.953280 0.220241 0.943911 0.246020 0.000000 0.000000
  24 28.985094 -1.706947 0.788342 0.724487 0.621422 0.298251 0.000000 0.000000
rubbergloveCHROME.bmp
  23 27.915302 -0.799265 0.948079 0.835972 0.239661 0.493674 0.000000 0.000000
  23 27.999643 -0.943805 0.962042 0.592294 0.632422 0.499229 0.000000 0.000000
  23 28.066952 -0.916523 0.766274 0.717824 0.623060 0.310683 0.000000 0.000000
rubbergloveCHROME.bmp
  23 27.914358 -0.992635 1.086308 0.239283 0.386815 0.890572 0.000000 0.000000
  23 27.833773 -1.081489 1.082997 -0.015291 0.252257 0.967539 0.000000 0.000000
  23 28.005922 -1.239763 1.140561 0.028516 0.202881 0.978788 0.000000 0.000000
rubbergloveCHROME.bmp
  23 27.737125 -0.860595 1.131632 0.090269 -0.403975 0.910305 0.000000 0.000000
  23 27.628218 -0.921262 1.061214 0.001589 -0.220948 0.975284 0.000000 0.000000
  23 27.695349 -0.954831 1.053055 0.128688 -0.084704 0.988061 0.000000 0.000000
rubbergloveCHROME.bmp
  24 28.440338 -1.730003 1.181800 -0.484595 0.344340 0.804113 0.000000 0.000000
  23 28.278374 -1.568458 1.155737 -0.014240 0.142175 0.989739 0.000000 0.000000
  24 28.444047 -1.776537 1.216740 -0.240829 0.163264 0.956737 0.000000 0.000000
rubbergloveCHROME.bmp
  24 28.201920 -1.613162 1.179548 -0.013777 0.020780 0.999689 0.000000 0.000000
  24 28.028981 -1.802958 1.071060 -0.348628 -0.495681 0.795462 0.000000 0.000000
  24 28.258448 -1.967573 1.096496 -0.407918 -0.397780 0.821811 0.000000 0.000000
rubbergloveCHROME.bmp
  23 27.272260 -0.933910 1.003471 -0.445819 -0.305286 0.841455 0.000000 0.000000
  22 27.082964 -0.704498 1.008296 -0.383116 -0.270082 0.883333 0.000000 0.000000
  22 27.037151 -0.859872 0.904085 -0.408757 -0.385640 0.827163 0.000000 0.000000
rubbergloveCHROME.bmp
  24 28.728577 -2.317707 0.431451 -0.111072 -0.617045 -0.779050 0.000000 0.000000
  24 28.527637 -2.206102 0.363870 -0.189938 -0.492879 -0.849114 0.000000 0.000000
  24 28.828114 -2.148583 0.399994 -0.121535 -0.443934 -0.887779 0.000000 0.000000
rubbergloveCHROME.bmp
  24 28.812921 -2.515607 0.905921 -0.062198 -0.951871 0.300122 0.000000 0.000000
  24 28.749980 -2.524370 0.898069 -0.141486 -0.956287 0.255924 0.000000 0.000000
  24 28.923930 -2.504853 0.768221 0.040197 -0.991409 -0.124471 0.000000 0.000000
rubbergloveCHROME.bmp
  23 27.619651 -1.532138 0.991527 -0.491979 -0.380924 0.782850 0.000000 0.000000
  23 27.386516 -1.318819 0.941098 -0.570814 -0.382659 0.726460 0.000000 0.000000
  23 27.350673 -1.418864 0.873968 -0.613228 -0.353178 0.706553 0.000000 0.000000
rubbergloveCHROME.bmp
  23 27.217302 -1.027361 0.862239 -0.533751 -0.270976 0.801051 0.000000 0.000000
  23 27.124067 -1.117811 0.847205 -0.570814 -0.382659 0.726460 0.000000 0.000000
  23 27.260172 -1.176495 0.921579 -0.634578 -0.243969 0.733342 0.000000 0.000000
rubbergloveCHROME.bmp
  22 27.037151 -0.859872 0.904085 -0.408757 -0.385640 0.827163 0.000000 0.000000
  22 26.779700 -0.637085 0.879898 -0.321827 -0.292168 0.900592 0.000000 0.000000
  22 26.947520 -0.953528 0.879692 -0.365663 -0.384172 0.847763 0.000000 0.000000
rubbergloveCHROME.bmp
  22 26.715400 -0.907835 0.327304 -0.580205 -0.700234 -0.415974 0.000000 0.000000
  22 26.647159 -0.933066 0.482245 -0.680723 -0.731860 0.031576 0.000000 0.000000
  3 26.403913 -0.590911 0.276271 -0.416238 -0.893357 -0.169287 0.000000 0.000000
rubbergloveCHROME.bmp
  22 26.552734 -0.616344 0.137903 -0.262022 -0.870063 -0.417534 0.000000 0.000000
  22 26.902453 -0.853094 0.175929 -0.423807 -0.578367 -0.697051 0.000000 0.000000
  22 26.715400 -0.907835 0.327304 -0.580205 -0.700234 -0.415974 0.000000 0.000000
rubbergloveCHROME.bmp
  22 27.211935 -1.040363 0.163630 -0.259785 -0.531248 -0.806404 0.000000 0.000000
  22 26.914386 -0.848952 0.136680 -0.288383 -0.466071 -0.836429 0.000000 0.000000
  22 27.126337 -0.697595 0.010714 -0.159963 -0.386372 -0.908366 0.000000 0.000000
rubbergloveCHROME.bmp
  23 27.549742 -1.125483 0.115944 -0.210754 -0.428869 -0.878438 0.000000 0.000000
  23 27.425132 -1.285857 0.203994 -0.285697 -0.394030 -0.873566 0.000000 0.000000
  23 27.464237 -1.060417 0.088462 -0.285697 -0.394030 -0.873566 0.000000 0.000000
rubbergloveCHROME.bmp
  24 28.410117 -1.701255 0.233032 0.083804 -0.120585 -0.989159 0.000000 0.000000
  23 28.246781 -1.544595 0.197075 0.105330 -0.080612 -0.991165 0.000000 0.000000
  24 28.558439 -1.472541 0.304380 0.550161 0.481084 -0.682555 0.000000 0.000000
rubbergloveCHROME.bmp
  23 28.588262 -1.456257 0.388091 0.664885 0.598086 -0.447460 0.000000 0.000000
  24 28.734075 -1.633152 0.463929 0.214764 0.872092 -0.439696 0.000000 0.000000
  24 28.740829 -1.637438 0.414573 0.562756 0.692980 -0.450650 0.000000 0.000000
rubbergloveCHROME.bmp
  24 29.020655 -2.501319 0.791281 0.110094 -0.981286 -0.157977 0.000000 0.000000
  24 28.923930 -2.504853 0.768221 0.040197 -0.991409 -0.124471 0.000000 0.000000
  24 28.987271 -2.431204 0.547622 0.057860 -0.879848 -0.471719 0.000000 0.000000
rubbergloveCHROME.bmp
  21 26.316241 -1.274411 2.325318 0.596940 -0.738985 0.312353 0.000000 0.000000
  21 26.308608 -1.239034 2.418539 0.529674 -0.677556 0.510258 0.000000 0.000000
  21 26.193533 -1.338571 2.350346 0.349446 -0.886243 0.304075 0.000000 0.000000
rubbergloveCHROME.bmp
  21 26.268746 -1.161296 2.482318 0.331661 -0.332894 0.882713 0.000000 0.000000
  21 26.308608 -1.239034 2.418539 0.529674 -0.677556 0.510258 0.000000 0.000000
  21 26.408852 -1.089910 2.445245 0.544152 -0.234840 0.805450 0.000000 0.000000
rubbergloveCHROME.bmp
  21 26.515124 -1.030498 2.227584 0.926505 -0.356563 0.120212 0.000000 0.000000
  21 26.541620 -1.038027 2.286246 0.931611 -0.278560 0.233464 0.000000 0.000000
  21 26.434880 -1.148781 2.298083 0.760561 -0.606990 0.230458 0.000000 0.000000
end
