version 1
nodes
  0 "v_weapon.Bip01_R_Forearm" -1
  1 "v_weapon.Bip01_R_Hand" 0
  2 "v_weapon.Bip01_L_Forearm" -1
  3 "v_weapon.Bip01_L_Hand" 2
  4 "v_weapon.Bip01_R_Finger0" 1
  5 "v_weapon.Bip01_R_Finger01" 4
  6 "v_weapon.Bip01_R_Finger02" 5
  7 "v_weapon.Bip01_R_Finger1" 1
  8 "v_weapon.Bip01_R_Finger11" 7
  9 "v_weapon.Bip01_R_Finger12" 8
  10 "v_weapon.Bip01_R_Finger2" 1
  11 "v_weapon.Bip01_R_Finger21" 10
  12 "v_weapon.Bip01_R_Finger22" 11
  13 "v_weapon.Bip01_R_Finger3" 1
  14 "v_weapon.Bip01_R_Finger31" 13
  15 "v_weapon.Bip01_R_Finger32" 14
  16 "v_weapon.Bip01_R_Finger4" 1
  17 "v_weapon.Bip01_R_Finger41" 16
  18 "v_weapon.Bip01_R_Finger42" 17
  19 "v_weapon.Bip01_L_Finger0" 3
  20 "v_weapon.Bip01_L_Finger01" 19
  21 "v_weapon.Bip01_L_Finger02" 20
  22 "v_weapon.Bip01_L_Finger1" 3
  23 "v_weapon.Bip01_L_Finger11" 22
  24 "v_weapon.Bip01_L_Finger12" 23
  25 "v_weapon.Bip01_L_Finger2" 3
  26 "v_weapon.Bip01_L_Finger21" 25
  27 "v_weapon.Bip01_L_Finger22" 26
  28 "v_weapon.Bip01_L_Finger3" 3
  29 "v_weapon.Bip01_L_Finger31" 28
  30 "v_weapon.Bip01_L_Finger32" 29
  31 "v_weapon.Bip01_L_Finger4" 3
  32 "v_weapon.Bip01_L_Finger41" 31
  33 "v_weapon.Bip01_L_Finger42" 32
  34 "v_weapon.Bip01_L_ForeTwist" -1
  35 "v_weapon.Bip01_R_ForeTwist" -1
  36 "v_weapon" -1
  37 "v_weapon.knife" 36
  38 "v_weapon.front" 37
  39 "v_weapon.blade1" 38
  40 "v_weapon.rear" 39
  41 "v_weapon.lock" 40
end
skeleton
  time 0
    0 -14.099445 9.668668 -0.697999 -1.578642 0.005462 -2.390729
    1 10.295578 0.000000 0.000002 1.563506 0.043612 -0.021680
    2 16.099459 9.668652 -0.698009 -1.562950 0.005462 -0.750866
    3 10.295582 0.000001 -0.000006 -1.563506 -0.043612 -0.021680
    4 1.149520 0.416502 1.414117 -1.407288 -0.320852 0.235478
    5 1.263885 0.000000 -0.000008 0.000000 0.000000 -0.008520
    6 1.188939 -0.000002 0.000010 0.000000 0.000000 -0.008520
    7 3.773755 0.133215 0.970575 -0.009201 -0.142462 0.005942
    8 1.433456 0.000000 0.000000 0.000000 0.000000 0.025279
    9 1.019165 -0.000006 0.000001 0.000000 0.000000 0.025279
    10 3.799514 0.014957 0.039959 0.008703 0.034651 0.022689
    11 1.774878 0.000000 0.000000 0.000000 0.000000 0.025279
    12 1.008844 -0.000004 0.000000 0.000000 0.000000 0.025279
    13 3.632766 0.059052 -0.757493 0.016389 0.163096 0.042929
    14 1.500137 0.000002 0.000000 0.000000 0.000000 0.025279
    15 0.905666 -0.000002 -0.000001 0.000000 0.000000 0.025279
    16 3.323331 0.233744 -1.479075 0.032424 0.324218 0.031462
    17 0.963100 0.000011 0.000000 0.000000 0.000000 0.025279
    18 0.682894 -0.000006 -0.000001 0.000000 0.000000 0.025279
    19 1.149529 0.416498 -1.414117 1.407288 0.320852 0.235478
    20 1.263884 0.000001 0.000000 0.000000 0.000000 0.000000
    21 1.188946 0.000000 0.000002 0.000000 0.000000 -0.008520
    22 3.773762 0.133217 -0.970574 0.009201 0.142462 0.005942
    23 1.433458 0.000004 0.000000 0.000000 0.000000 0.025279
    24 1.019165 0.000011 0.000000 0.000000 0.000000 0.025279
    25 3.799517 0.014957 -0.039958 -0.008703 -0.034651 0.022689
    26 1.774879 0.000004 0.000000 0.000000 0.000000 0.025279
    27 1.008841 0.000004 0.000000 0.000000 0.000000 0.025279
    28 3.632765 0.059053 0.757493 -0.016389 -0.163096 0.042929
    29 1.500135 0.000004 0.000000 0.000000 0.000000 0.025279
    30 0.905668 0.000002 -0.000001 0.000000 0.000000 0.025279
    31 3.323332 0.233744 1.479075 -0.032424 -0.324218 0.031462
    32 0.963099 0.000010 0.000000 0.000000 0.000000 0.025279
    33 0.682898 -0.000002 0.000000 0.000000 0.000000 0.025279
    34 16.099459 9.668652 -0.698009 -1.556120 0.005462 -0.750865
    35 -14.099445 9.668668 -0.697999 -1.585472 0.005462 -2.390729
    36 1.000000 0.000000 1.000000 1.570796 0.000000 0.000000
    37 0.000000 0.000000 0.000000 1.570796 0.000000 0.000000
    38 -0.021929 2.029111 -0.137266 -1.570805 0.000001 0.000000
    39 0.000000 0.000000 0.000000 0.000007 0.000000 0.000001
    40 0.021929 -0.669111 0.409449 1.570796 0.000000 0.000000
    41 -0.021934 -6.213634 0.929182 -1.570796 0.000000 0.000000
end
triangles
knife_butterfly.bmp
  40 0.660003 3.791436 -0.441859 -0.266142 -0.849019 -0.456438 0.596869 0.796477
  40 0.660003 3.791436 -0.431859 -0.266138 -0.641704 -0.719296 0.596869 0.796477
  40 0.620003 3.801436 -0.431860 -0.266142 -0.849019 -0.456438 0.598826 0.796477
knife_butterfly.bmp
  40 0.620003 3.801436 -0.431860 -0.266142 -0.849019 -0.456438 0.598826 0.796477
  40 0.660003 3.791436 -0.431859 -0.266138 -0.641704 -0.719296 0.596869 0.796477
  40 0.620003 3.791436 -0.421860 -0.266138 -0.641704 -0.719296 0.596869 0.796477
knife_butterfly.bmp
  40 0.660003 3.791436 -0.431859 -0.266138 -0.641704 -0.719296 0.596869 0.796477
  40 0.660003 3.781436 -0.421859 -0.266146 -0.357025 -0.895377 0.596869 0.796477
  40 0.620003 3.791436 -0.421860 -0.266138 -0.641704 -0.719296 0.596869 0.796477
knife_butterfly.bmp
  40 0.620003 3.791436 -0.421860 -0.266138 -0.641704 -0.719296 0.596869 0.796477
  40 0.660003 3.781436 -0.421859 -0.266146 -0.357025 -0.895377 0.596869 0.796477
  40 0.620003 3.781436 -0.411860 -0.266146 -0.357025 -0.895377 0.596869 0.796477
knife_butterfly.bmp
  40 0.660003 3.781436 -0.421859 -0.266146 -0.357025 -0.895377 0.596869 0.796477
  40 0.660003 3.771436 -0.421859 -0.266138 -0.029233 -0.963492 0.596869 0.796477
  40 0.620003 3.781436 -0.411860 -0.266146 -0.357025 -0.895377 0.596869 0.796477
knife_butterfly.bmp
  40 0.620003 3.781436 -0.411860 -0.266146 -0.357025 -0.895377 0.596869 0.796477
  40 0.660003 3.771436 -0.421859 -0.266138 -0.029233 -0.963492 0.596869 0.796477
  40 0.620003 3.771436 -0.411859 -0.266138 -0.029233 -0.963492 0.596869 0.796477
knife_butterfly.bmp
  40 0.660003 3.771436 -0.421859 -0.266138 -0.029233 -0.963492 0.596869 0.796477
  40 0.660003 3.761436 -0.421859 -0.266143 0.302089 -0.915374 0.596869 0.796477
  40 0.620003 3.771436 -0.411859 -0.266138 -0.029233 -0.963492 0.596869 0.796477
knife_butterfly.bmp
  40 0.620003 3.771436 -0.411859 -0.266138 -0.029233 -0.963492 0.596869 0.796477
  40 0.660003 3.761436 -0.421859 -0.266143 0.302089 -0.915374 0.596869 0.796477
  40 0.620003 3.751436 -0.411859 -0.266143 0.302089 -0.915374 0.596869 0.796477
knife_butterfly.bmp
  40 0.660003 3.761436 -0.421859 -0.266143 0.302089 -0.915374 0.596869 0.796477
  40 0.660003 3.751436 -0.421859 -0.266144 0.596942 -0.756854 0.596869 0.796477
  40 0.620003 3.751436 -0.411859 -0.266143 0.302089 -0.915374 0.596869 0.796477
knife_butterfly.bmp
  40 0.620003 3.751436 -0.411859 -0.266143 0.302089 -0.915374 0.596869 0.796477
  40 0.660003 3.751436 -0.421859 -0.266144 0.596942 -0.756854 0.596869 0.796477
  40 0.620003 3.741436 -0.421859 -0.266144 0.596942 -0.756854 0.594912 0.796477
knife_butterfly.bmp
  40 0.660003 3.751436 -0.421859 -0.266144 0.596942 -0.756854 0.596869 0.796477
  40 0.660003 3.741436 -0.411859 -0.266137 0.819780 -0.507082 0.596869 0.796477
  40 0.620003 3.741436 -0.421859 -0.266144 0.596942 -0.756854 0.594912 0.796477
knife_butterfly.bmp
  40 0.620003 3.741436 -0.421859 -0.266144 0.596942 -0.756854 0.594912 0.796477
  40 0.660003 3.741436 -0.411859 -0.266137 0.819780 -0.507082 0.596869 0.796477
  40 0.620003 3.731436 -0.431859 -0.266137 0.819780 -0.507082 0.594912 0.796477
knife_butterfly.bmp
  40 0.660003 3.741436 -0.411859 -0.266137 0.819780 -0.507082 0.596869 0.796477
  40 0.660003 3.741436 -0.441859 -0.266148 0.943770 -0.196120 0.596869 0.796477
  40 0.620003 3.731436 -0.431859 -0.266137 0.819780 -0.507082 0.594912 0.796477
knife_butterfly.bmp
  40 0.620003 3.731436 -0.431859 -0.266137 0.819780 -0.507082 0.594912 0.796477
  40 0.660003 3.741436 -0.441859 -0.266148 0.943770 -0.196120 0.596869 0.796477
  40 0.620003 3.731436 -0.441859 -0.266148 0.943770 -0.196120 0.594912 0.796477
knife_butterfly.bmp
  40 0.660003 3.741436 -0.441859 -0.266148 0.943770 -0.196120 0.596869 0.796477
  40 0.660003 3.741436 -0.451859 -0.266169 0.953926 0.138488 0.596869 0.796477
  40 0.620003 3.731436 -0.441859 -0.266148 0.943770 -0.196120 0.594912 0.796477
knife_butterfly.bmp
  40 0.620003 3.731436 -0.441859 -0.266148 0.943770 -0.196120 0.594912 0.796477
  40 0.660003 3.741436 -0.451859 -0.266169 0.953926 0.138488 0.596869 0.796477
  40 0.620003 3.731436 -0.451859 -0.266169 0.953926 0.138488 0.594912 0.796477
knife_butterfly.bmp
  40 0.660003 3.741436 -0.451859 -0.266169 0.953926 0.138488 0.596869 0.796477
  40 0.660003 3.741436 -0.451859 -0.266165 0.849040 0.456385 0.596869 0.796477
  40 0.620003 3.731436 -0.451859 -0.266169 0.953926 0.138488 0.594912 0.796477
knife_butterfly.bmp
  40 0.620003 3.731436 -0.451859 -0.266169 0.953926 0.138488 0.594912 0.796477
  40 0.660003 3.741436 -0.451859 -0.266165 0.849040 0.456385 0.596869 0.796477
  40 0.620003 3.731436 -0.471859 -0.266165 0.849040 0.456385 0.594912 0.798434
knife_butterfly.bmp
  40 0.660003 3.741436 -0.451859 -0.266165 0.849040 0.456385 0.596869 0.796477
  40 0.660003 3.751436 -0.461859 -0.266180 0.641745 0.719244 0.596869 0.798434
  40 0.620003 3.731436 -0.471859 -0.266165 0.849040 0.456385 0.594912 0.798434
knife_butterfly.bmp
  40 0.620003 3.731436 -0.471859 -0.266165 0.849040 0.456385 0.594912 0.798434
  40 0.660003 3.751436 -0.461859 -0.266180 0.641745 0.719244 0.596869 0.798434
  40 0.620003 3.741436 -0.481859 -0.266180 0.641745 0.719244 0.594912 0.798434
knife_butterfly.bmp
  40 0.660003 3.751436 -0.461859 -0.266180 0.641745 0.719244 0.596869 0.798434
  40 0.660003 3.761436 -0.481859 -0.266182 0.357003 0.895375 0.596869 0.798434
  40 0.620003 3.741436 -0.481859 -0.266180 0.641745 0.719244 0.594912 0.798434
knife_butterfly.bmp
  40 0.620003 3.741436 -0.481859 -0.266180 0.641745 0.719244 0.594912 0.798434
  40 0.660003 3.761436 -0.481859 -0.266182 0.357003 0.895375 0.596869 0.798434
  40 0.620003 3.751436 -0.481859 -0.266182 0.357003 0.895375 0.596869 0.798434
knife_butterfly.bmp
  40 0.660003 3.761436 -0.481859 -0.266182 0.357003 0.895375 0.596869 0.798434
  40 0.660003 3.771436 -0.481859 -0.266180 0.029240 0.963480 0.596869 0.798434
  40 0.620003 3.751436 -0.481859 -0.266182 0.357003 0.895375 0.596869 0.798434
knife_butterfly.bmp
  40 0.620003 3.751436 -0.481859 -0.266182 0.357003 0.895375 0.596869 0.798434
  40 0.660003 3.771436 -0.481859 -0.266180 0.029240 0.963480 0.596869 0.798434
  40 0.620003 3.771436 -0.491859 -0.266180 0.029240 0.963480 0.596869 0.798434
knife_butterfly.bmp
  40 0.660003 3.771436 -0.481859 -0.266180 0.029240 0.963480 0.596869 0.798434
  40 0.660003 3.781436 -0.481859 -0.266175 -0.302065 0.915373 0.596869 0.798434
  40 0.620003 3.771436 -0.491859 -0.266180 0.029240 0.963480 0.596869 0.798434
knife_butterfly.bmp
  40 0.620003 3.771436 -0.491859 -0.266180 0.029240 0.963480 0.596869 0.798434
  40 0.660003 3.781436 -0.481859 -0.266175 -0.302065 0.915373 0.596869 0.798434
  40 0.620003 3.781436 -0.481860 -0.266175 -0.302065 0.915373 0.596869 0.798434
knife_butterfly.bmp
  40 0.660003 3.781436 -0.481859 -0.266175 -0.302065 0.915373 0.596869 0.798434
  40 0.660003 3.781436 -0.471859 -0.266163 -0.596920 0.756864 0.596869 0.798434
  40 0.620003 3.781436 -0.481860 -0.266175 -0.302065 0.915373 0.596869 0.798434
knife_butterfly.bmp
  40 0.620003 3.781436 -0.481860 -0.266175 -0.302065 0.915373 0.596869 0.798434
  40 0.660003 3.781436 -0.471859 -0.266163 -0.596920 0.756864 0.596869 0.798434
  40 0.620003 3.791436 -0.481860 -0.266163 -0.596920 0.756864 0.596869 0.798434
knife_butterfly.bmp
  40 0.660003 3.781436 -0.471859 -0.266163 -0.596920 0.756864 0.596869 0.798434
  40 0.660003 3.791436 -0.461859 -0.266181 -0.819763 0.507086 0.596869 0.798434
  40 0.620003 3.791436 -0.481860 -0.266163 -0.596920 0.756864 0.596869 0.798434
knife_butterfly.bmp
  40 0.620003 3.791436 -0.481860 -0.266163 -0.596920 0.756864 0.596869 0.798434
  40 0.660003 3.791436 -0.461859 -0.266181 -0.819763 0.507086 0.596869 0.798434
  40 0.620003 3.801436 -0.471860 -0.266181 -0.819763 0.507086 0.598826 0.798434
knife_butterfly.bmp
  40 0.660003 3.791436 -0.461859 -0.266181 -0.819763 0.507086 0.596869 0.798434
  40 0.660003 3.791436 -0.451859 -0.266174 -0.943771 0.196082 0.596869 0.796477
  40 0.620003 3.801436 -0.471860 -0.266181 -0.819763 0.507086 0.598826 0.798434
knife_butterfly.bmp
  40 0.620003 3.801436 -0.471860 -0.266181 -0.819763 0.507086 0.598826 0.798434
  40 0.660003 3.791436 -0.451859 -0.266174 -0.943771 0.196082 0.596869 0.796477
  40 0.620003 3.801436 -0.461860 -0.266174 -0.943771 0.196082 0.598826 0.798434
knife_butterfly.bmp
  40 0.660003 3.791436 -0.451859 -0.266174 -0.943771 0.196082 0.596869 0.796477
  40 0.660003 3.791436 -0.441859 -0.266144 -0.953924 -0.138551 0.596869 0.796477
  40 0.620003 3.801436 -0.461860 -0.266174 -0.943771 0.196082 0.598826 0.798434
knife_butterfly.bmp
  40 0.620003 3.801436 -0.461860 -0.266174 -0.943771 0.196082 0.598826 0.798434
  40 0.660003 3.791436 -0.441859 -0.266144 -0.953924 -0.138551 0.596869 0.796477
  40 0.620003 3.801436 -0.441860 -0.266144 -0.953924 -0.138551 0.598826 0.796477
knife_butterfly.bmp
  40 0.660003 3.791436 -0.441859 -0.266144 -0.953924 -0.138551 0.596869 0.796477
  40 0.660003 3.791436 -0.441859 -0.266142 -0.849019 -0.456438 0.596869 0.796477
  40 0.620003 3.801436 -0.441860 -0.266144 -0.953924 -0.138551 0.598826 0.796477
knife_butterfly.bmp
  40 0.620003 3.801436 -0.441860 -0.266144 -0.953924 -0.138551 0.598826 0.796477
  40 0.660003 3.791436 -0.441859 -0.266142 -0.849019 -0.456438 0.596869 0.796477
  40 0.620003 3.801436 -0.431860 -0.266142 -0.849019 -0.456438 0.598826 0.796477
knife_butterfly.bmp
  40 0.630003 3.721436 -0.491859 -0.618401 -0.523168 -0.586409 0.594912 0.800391
  40 0.630003 3.711436 -0.461859 -0.618426 -0.692173 -0.372083 0.592955 0.798434
  40 0.620003 3.731436 -0.481859 -0.880307 -0.315824 -0.353999 0.594912 0.798434
knife_butterfly.bmp
  40 0.620003 3.731436 -0.481859 -0.880307 -0.315824 -0.353999 0.594912 0.798434
  40 0.630003 3.711436 -0.461859 -0.618426 -0.692173 -0.372083 0.592955 0.798434
  40 0.620003 3.721436 -0.471859 -0.880312 -0.417846 -0.224624 0.594912 0.798434
knife_butterfly.bmp
  40 0.630003 3.711436 -0.461859 -0.618426 -0.692173 -0.372083 0.592955 0.798434
  40 0.630003 3.701436 -0.441859 -0.618409 -0.777701 -0.112921 0.592955 0.796477
  40 0.620003 3.721436 -0.471859 -0.880312 -0.417846 -0.224624 0.594912 0.798434
knife_butterfly.bmp
  40 0.620003 3.721436 -0.471859 -0.880312 -0.417846 -0.224624 0.594912 0.798434
  40 0.630003 3.701436 -0.441859 -0.618409 -0.777701 -0.112921 0.592955 0.796477
  40 0.620003 3.711436 -0.451859 -0.880291 -0.469508 -0.068188 0.594912 0.796477
knife_butterfly.bmp
  40 0.630003 3.701436 -0.441859 -0.618409 -0.777701 -0.112921 0.592955 0.796477
  40 0.630003 3.701436 -0.411859 -0.618399 -0.769428 0.159883 0.592955 0.796477
  40 0.620003 3.711436 -0.451859 -0.880291 -0.469508 -0.068188 0.594912 0.796477
knife_butterfly.bmp
  40 0.620003 3.711436 -0.451859 -0.880291 -0.469508 -0.068188 0.594912 0.796477
  40 0.630003 3.701436 -0.411859 -0.618399 -0.769428 0.159883 0.592955 0.796477
  40 0.620003 3.711436 -0.441859 -0.880310 -0.464479 0.096507 0.594912 0.796477
knife_butterfly.bmp
  40 0.630003 3.701436 -0.411859 -0.618399 -0.769428 0.159883 0.592955 0.796477
  40 0.630003 3.711437 -0.391859 -0.618375 -0.668371 0.413392 0.594912 0.794521
  40 0.620003 3.711436 -0.441859 -0.880310 -0.464479 0.096507 0.594912 0.796477
knife_butterfly.bmp
  40 0.620003 3.711436 -0.441859 -0.880310 -0.464479 0.096507 0.594912 0.796477
  40 0.630003 3.711437 -0.391859 -0.618375 -0.668371 0.413392 0.594912 0.794521
  40 0.620003 3.721436 -0.421859 -0.880297 -0.403485 0.249553 0.594912 0.796477
knife_butterfly.bmp
  40 0.630003 3.711437 -0.391859 -0.618375 -0.668371 0.413392 0.594912 0.794521
  40 0.630003 3.721436 -0.391859 -0.618365 -0.486678 0.617065 0.594912 0.794521
  40 0.620003 3.721436 -0.421859 -0.880297 -0.403485 0.249553 0.594912 0.796477
knife_butterfly.bmp
  40 0.620003 3.721436 -0.421859 -0.880297 -0.403485 0.249553 0.594912 0.796477
  40 0.630003 3.721436 -0.391859 -0.618365 -0.486678 0.617065 0.594912 0.794521
  40 0.620003 3.731436 -0.401859 -0.880295 -0.293797 0.372510 0.594912 0.794521
knife_butterfly.bmp
  40 0.630003 3.721436 -0.391859 -0.618365 -0.486678 0.617065 0.594912 0.794521
  40 0.630003 3.751437 -0.381859 -0.618396 -0.246248 0.746290 0.596869 0.794521
  40 0.620003 3.731436 -0.401859 -0.880295 -0.293797 0.372510 0.594912 0.794521
knife_butterfly.bmp
  40 0.620003 3.731436 -0.401859 -0.880295 -0.293797 0.372510 0.594912 0.794521
  40 0.630003 3.751437 -0.381859 -0.618396 -0.246248 0.746290 0.596869 0.794521
  40 0.620003 3.751437 -0.391859 -0.880311 -0.148643 0.450509 0.596869 0.794521
knife_butterfly.bmp
  40 0.630003 3.751437 -0.381859 -0.618396 -0.246248 0.746290 0.596869 0.794521
  40 0.630003 3.771437 -0.381859 -0.618399 0.023855 0.785502 0.596869 0.794521
  40 0.620003 3.751437 -0.391859 -0.880311 -0.148643 0.450509 0.596869 0.794521
knife_butterfly.bmp
  40 0.620003 3.751437 -0.391859 -0.880311 -0.148643 0.450509 0.596869 0.794521
  40 0.630003 3.771437 -0.381859 -0.618399 0.023855 0.785502 0.596869 0.794521
  40 0.620003 3.771436 -0.391860 -0.880306 0.014401 0.474187 0.596869 0.794521
knife_butterfly.bmp
  40 0.630003 3.771437 -0.381859 -0.618399 0.023855 0.785502 0.596869 0.794521
  40 0.630003 3.791436 -0.381860 -0.618378 0.291065 0.729993 0.598826 0.794521
  40 0.620003 3.771436 -0.391860 -0.880306 0.014401 0.474187 0.596869 0.794521
knife_butterfly.bmp
  40 0.620003 3.771436 -0.391860 -0.880306 0.014401 0.474187 0.596869 0.794521
  40 0.630003 3.791436 -0.381860 -0.618378 0.291065 0.729993 0.598826 0.794521
  40 0.620003 3.791436 -0.401860 -0.880301 0.175709 0.440677 0.596869 0.794521
knife_butterfly.bmp
  40 0.630003 3.791436 -0.381860 -0.618378 0.291065 0.729993 0.598826 0.794521
  40 0.630003 3.811436 -0.401860 -0.618381 0.523184 0.586415 0.598826 0.794521
  40 0.620003 3.791436 -0.401860 -0.880301 0.175709 0.440677 0.596869 0.794521
knife_butterfly.bmp
  40 0.620003 3.791436 -0.401860 -0.880301 0.175709 0.440677 0.596869 0.794521
  40 0.630003 3.811436 -0.401860 -0.618381 0.523184 0.586415 0.598826 0.794521
  40 0.620003 3.801436 -0.411860 -0.880301 0.315832 0.354007 0.598826 0.796477
knife_butterfly.bmp
  40 0.630003 3.811436 -0.401860 -0.618381 0.523184 0.586415 0.598826 0.794521
  40 0.630003 3.831436 -0.421860 -0.618365 0.692202 0.372131 0.598826 0.796477
  40 0.620003 3.801436 -0.411860 -0.880301 0.315832 0.354007 0.598826 0.796477
knife_butterfly.bmp
  40 0.620003 3.801436 -0.411860 -0.880301 0.315832 0.354007 0.598826 0.796477
  40 0.630003 3.831436 -0.421860 -0.618365 0.692202 0.372131 0.598826 0.796477
  40 0.620003 3.821437 -0.421860 -0.880297 0.417873 0.224633 0.598826 0.796477
knife_butterfly.bmp
  40 0.630003 3.831436 -0.421860 -0.618365 0.692202 0.372131 0.598826 0.796477
  40 0.630003 3.841437 -0.441860 -0.618401 0.777706 0.112927 0.600783 0.796477
  40 0.620003 3.821437 -0.421860 -0.880297 0.417873 0.224633 0.598826 0.796477
knife_butterfly.bmp
  40 0.620003 3.821437 -0.421860 -0.880297 0.417873 0.224633 0.598826 0.796477
  40 0.630003 3.841437 -0.441860 -0.618401 0.777706 0.112927 0.600783 0.796477
  40 0.620003 3.821437 -0.441860 -0.880321 0.469458 0.068142 0.598826 0.796477
knife_butterfly.bmp
  40 0.630003 3.841437 -0.441860 -0.618401 0.777706 0.112927 0.600783 0.796477
  40 0.630003 3.831436 -0.461860 -0.618423 0.769413 -0.159867 0.600783 0.798434
  40 0.620003 3.821437 -0.441860 -0.880321 0.469458 0.068142 0.598826 0.796477
knife_butterfly.bmp
  40 0.620003 3.821437 -0.441860 -0.880321 0.469458 0.068142 0.598826 0.796477
  40 0.630003 3.831436 -0.461860 -0.618423 0.769413 -0.159867 0.600783 0.798434
  40 0.620003 3.821436 -0.461860 -0.880310 0.464475 -0.096529 0.598826 0.798434
knife_butterfly.bmp
  40 0.630003 3.831436 -0.461860 -0.618423 0.769413 -0.159867 0.600783 0.798434
  40 0.630003 3.831436 -0.491860 -0.618435 0.668314 -0.413394 0.598826 0.798434
  40 0.620003 3.821436 -0.461860 -0.880310 0.464475 -0.096529 0.598826 0.798434
knife_butterfly.bmp
  40 0.620003 3.821436 -0.461860 -0.880310 0.464475 -0.096529 0.598826 0.798434
  40 0.630003 3.831436 -0.491860 -0.618435 0.668314 -0.413394 0.598826 0.798434
  40 0.620003 3.821436 -0.481860 -0.880320 0.403433 -0.249555 0.598826 0.798434
knife_butterfly.bmp
  40 0.630003 3.831436 -0.491860 -0.618435 0.668314 -0.413394 0.598826 0.798434
  40 0.630003 3.811436 -0.501860 -0.618431 0.486620 -0.617044 0.598826 0.800391
  40 0.620003 3.821436 -0.481860 -0.880320 0.403433 -0.249555 0.598826 0.798434
knife_butterfly.bmp
  40 0.620003 3.821436 -0.481860 -0.880320 0.403433 -0.249555 0.598826 0.798434
  40 0.630003 3.811436 -0.501860 -0.618431 0.486620 -0.617044 0.598826 0.800391
  40 0.620003 3.801436 -0.491860 -0.880316 0.293759 -0.372490 0.598826 0.798434
knife_butterfly.bmp
  40 0.630003 3.811436 -0.501860 -0.618431 0.486620 -0.617044 0.598826 0.800391
  40 0.630003 3.791436 -0.511860 -0.618421 0.246241 -0.746271 0.596869 0.800391
  40 0.620003 3.801436 -0.491860 -0.880316 0.293759 -0.372490 0.598826 0.798434
knife_butterfly.bmp
  40 0.620003 3.801436 -0.491860 -0.880316 0.293759 -0.372490 0.598826 0.798434
  40 0.630003 3.791436 -0.511860 -0.618421 0.246241 -0.746271 0.596869 0.800391
  40 0.620003 3.781436 -0.501860 -0.880315 0.148652 -0.450498 0.596869 0.800391
knife_butterfly.bmp
  40 0.630003 3.791436 -0.511860 -0.618421 0.246241 -0.746271 0.596869 0.800391
  40 0.630003 3.761436 -0.521859 -0.618391 -0.023829 -0.785509 0.596869 0.800391
  40 0.620003 3.781436 -0.501860 -0.880315 0.148652 -0.450498 0.596869 0.800391
knife_butterfly.bmp
  40 0.620003 3.781436 -0.501860 -0.880315 0.148652 -0.450498 0.596869 0.800391
  40 0.630003 3.761436 -0.521859 -0.618391 -0.023829 -0.785509 0.596869 0.800391
  40 0.620003 3.771436 -0.511860 -0.880299 -0.014380 -0.474202 0.596869 0.800391
knife_butterfly.bmp
  40 0.630003 3.761436 -0.521859 -0.618391 -0.023829 -0.785509 0.596869 0.800391
  40 0.630003 3.741436 -0.511859 -0.618395 -0.291057 -0.729981 0.594912 0.800391
  40 0.620003 3.771436 -0.511860 -0.880299 -0.014380 -0.474202 0.596869 0.800391
knife_butterfly.bmp
  40 0.620003 3.771436 -0.511860 -0.880299 -0.014380 -0.474202 0.596869 0.800391
  40 0.630003 3.741436 -0.511859 -0.618395 -0.291057 -0.729981 0.594912 0.800391
  40 0.620003 3.751436 -0.501859 -0.880309 -0.175704 -0.440663 0.594912 0.798434
knife_butterfly.bmp
  40 0.630003 3.741436 -0.511859 -0.618395 -0.291057 -0.729981 0.594912 0.800391
  40 0.630003 3.721436 -0.491859 -0.618401 -0.523168 -0.586409 0.594912 0.800391
  40 0.620003 3.751436 -0.501859 -0.880309 -0.175704 -0.440663 0.594912 0.798434
knife_butterfly.bmp
  40 0.620003 3.751436 -0.501859 -0.880309 -0.175704 -0.440663 0.594912 0.798434
  40 0.630003 3.721436 -0.491859 -0.618401 -0.523168 -0.586409 0.594912 0.800391
  40 0.620003 3.731436 -0.481859 -0.880307 -0.315824 -0.353999 0.594912 0.798434
knife_butterfly.bmp
  40 0.620003 3.731436 -0.481859 -0.880307 -0.315824 -0.353999 0.594912 0.798434
  40 0.620003 3.721436 -0.471859 -0.880312 -0.417846 -0.224624 0.594912 0.798434
  40 0.620003 3.741436 -0.481859 -1.000000 -0.000001 -0.000026 0.594912 0.798434
knife_butterfly.bmp
  40 0.620003 3.741436 -0.481859 -1.000000 -0.000001 -0.000026 0.594912 0.798434
  40 0.620003 3.721436 -0.471859 -0.880312 -0.417846 -0.224624 0.594912 0.798434
  40 0.620003 3.731436 -0.471859 -1.000000 -0.000001 -0.000026 0.594912 0.798434
knife_butterfly.bmp
  40 0.620003 3.721436 -0.471859 -0.880312 -0.417846 -0.224624 0.594912 0.798434
  40 0.620003 3.711436 -0.451859 -0.880291 -0.469508 -0.068188 0.594912 0.796477
  40 0.620003 3.731436 -0.471859 -1.000000 -0.000001 -0.000026 0.594912 0.798434
knife_butterfly.bmp
  40 0.620003 3.731436 -0.471859 -1.000000 -0.000001 -0.000026 0.594912 0.798434
  40 0.620003 3.711436 -0.451859 -0.880291 -0.469508 -0.068188 0.594912 0.796477
  40 0.620003 3.731436 -0.451859 -1.000000 -0.000001 -0.000026 0.594912 0.796477
knife_butterfly.bmp
  40 0.620003 3.711436 -0.451859 -0.880291 -0.469508 -0.068188 0.594912 0.796477
  40 0.620003 3.711436 -0.441859 -0.880310 -0.464479 0.096507 0.594912 0.796477
  40 0.620003 3.731436 -0.451859 -1.000000 -0.000001 -0.000026 0.594912 0.796477
knife_butterfly.bmp
  40 0.620003 3.731436 -0.451859 -1.000000 -0.000001 -0.000026 0.594912 0.796477
  40 0.620003 3.711436 -0.441859 -0.880310 -0.464479 0.096507 0.594912 0.796477
  40 0.620003 3.731436 -0.441859 -1.000000 -0.000001 -0.000026 0.594912 0.796477
knife_butterfly.bmp
  40 0.620003 3.711436 -0.441859 -0.880310 -0.464479 0.096507 0.594912 0.796477
  40 0.620003 3.721436 -0.421859 -0.880297 -0.403485 0.249553 0.594912 0.796477
  40 0.620003 3.731436 -0.441859 -1.000000 -0.000001 -0.000026 0.594912 0.796477
knife_butterfly.bmp
  40 0.620003 3.731436 -0.441859 -1.000000 -0.000001 -0.000026 0.594912 0.796477
  40 0.620003 3.721436 -0.421859 -0.880297 -0.403485 0.249553 0.594912 0.796477
  40 0.620003 3.731436 -0.431859 -1.000000 -0.000001 -0.000026 0.594912 0.796477
knife_butterfly.bmp
  40 0.620003 3.721436 -0.421859 -0.880297 -0.403485 0.249553 0.594912 0.796477
  40 0.620003 3.731436 -0.401859 -0.880295 -0.293797 0.372510 0.594912 0.794521
  40 0.620003 3.731436 -0.431859 -1.000000 -0.000001 -0.000026 0.594912 0.796477
knife_butterfly.bmp
  40 0.620003 3.731436 -0.431859 -1.000000 -0.000001 -0.000026 0.594912 0.796477
  40 0.620003 3.731436 -0.401859 -0.880295 -0.293797 0.372510 0.594912 0.794521
  40 0.620003 3.741436 -0.421859 -1.000000 -0.000001 -0.000026 0.594912 0.796477
knife_butterfly.bmp
  40 0.620003 3.731436 -0.401859 -0.880295 -0.293797 0.372510 0.594912 0.794521
  40 0.620003 3.751437 -0.391859 -0.880311 -0.148643 0.450509 0.596869 0.794521
  40 0.620003 3.741436 -0.421859 -1.000000 -0.000001 -0.000026 0.594912 0.796477
knife_butterfly.bmp
  40 0.620003 3.741436 -0.421859 -1.000000 -0.000001 -0.000026 0.594912 0.796477
  40 0.620003 3.751437 -0.391859 -0.880311 -0.148643 0.450509 0.596869 0.794521
  40 0.620003 3.751436 -0.411859 -1.000000 -0.000001 -0.000026 0.596869 0.796477
knife_butterfly.bmp
  40 0.620003 3.751437 -0.391859 -0.880311 -0.148643 0.450509 0.596869 0.794521
  40 0.620003 3.771436 -0.391860 -0.880306 0.014401 0.474187 0.596869 0.794521
  40 0.620003 3.751436 -0.411859 -1.000000 -0.000001 -0.000026 0.596869 0.796477
knife_butterfly.bmp
  40 0.620003 3.751436 -0.411859 -1.000000 -0.000001 -0.000026 0.596869 0.796477
  40 0.620003 3.771436 -0.391860 -0.880306 0.014401 0.474187 0.596869 0.794521
  40 0.620003 3.771436 -0.411859 -1.000000 -0.000001 -0.000026 0.596869 0.796477
knife_butterfly.bmp
  40 0.620003 3.771436 -0.391860 -0.880306 0.014401 0.474187 0.596869 0.794521
  40 0.620003 3.791436 -0.401860 -0.880301 0.175709 0.440677 0.596869 0.794521
  40 0.620003 3.771436 -0.411859 -1.000000 -0.000001 -0.000026 0.596869 0.796477
knife_butterfly.bmp
  40 0.620003 3.771436 -0.411859 -1.000000 -0.000001 -0.000026 0.596869 0.796477
  40 0.620003 3.791436 -0.401860 -0.880301 0.175709 0.440677 0.596869 0.794521
  40 0.620003 3.781436 -0.411860 -1.000000 -0.000001 -0.000026 0.596869 0.796477
knife_butterfly.bmp
  40 0.620003 3.791436 -0.401860 -0.880301 0.175709 0.440677 0.596869 0.794521
  40 0.620003 3.801436 -0.411860 -0.880301 0.315832 0.354007 0.598826 0.796477
  40 0.620003 3.781436 -0.411860 -1.000000 -0.000001 -0.000026 0.596869 0.796477
knife_butterfly.bmp
  40 0.620003 3.781436 -0.411860 -1.000000 -0.000001 -0.000026 0.596869 0.796477
  40 0.620003 3.801436 -0.411860 -0.880301 0.315832 0.354007 0.598826 0.796477
  40 0.620003 3.791436 -0.421860 -1.000000 -0.000001 -0.000026 0.596869 0.796477
knife_butterfly.bmp
  40 0.620003 3.801436 -0.411860 -0.880301 0.315832 0.354007 0.598826 0.796477
  40 0.620003 3.821437 -0.421860 -0.880297 0.417873 0.224633 0.598826 0.796477
  40 0.620003 3.791436 -0.421860 -1.000000 -0.000001 -0.000026 0.596869 0.796477
knife_butterfly.bmp
  40 0.620003 3.791436 -0.421860 -1.000000 -0.000001 -0.000026 0.596869 0.796477
  40 0.620003 3.821437 -0.421860 -0.880297 0.417873 0.224633 0.598826 0.796477
  40 0.620003 3.801436 -0.431860 -1.000000 -0.000001 -0.000026 0.598826 0.796477
knife_butterfly.bmp
  40 0.620003 3.821437 -0.421860 -0.880297 0.417873 0.224633 0.598826 0.796477
  40 0.620003 3.821437 -0.441860 -0.880321 0.469458 0.068142 0.598826 0.796477
  40 0.620003 3.801436 -0.431860 -1.000000 -0.000001 -0.000026 0.598826 0.796477
knife_butterfly.bmp
  40 0.620003 3.801436 -0.431860 -1.000000 -0.000001 -0.000026 0.598826 0.796477
  40 0.620003 3.821437 -0.441860 -0.880321 0.469458 0.068142 0.598826 0.796477
  40 0.620003 3.801436 -0.441860 -1.000000 -0.000001 -0.000026 0.598826 0.796477
knife_butterfly.bmp
  40 0.620003 3.821437 -0.441860 -0.880321 0.469458 0.068142 0.598826 0.796477
  40 0.620003 3.821436 -0.461860 -0.880310 0.464475 -0.096529 0.598826 0.798434
  40 0.620003 3.801436 -0.441860 -1.000000 -0.000001 -0.000026 0.598826 0.796477
knife_butterfly.bmp
  40 0.620003 3.801436 -0.441860 -1.000000 -0.000001 -0.000026 0.598826 0.796477
  40 0.620003 3.821436 -0.461860 -0.880310 0.464475 -0.096529 0.598826 0.798434
  40 0.620003 3.801436 -0.461860 -1.000000 -0.000001 -0.000026 0.598826 0.798434
knife_butterfly.bmp
  40 0.620003 3.821436 -0.461860 -0.880310 0.464475 -0.096529 0.598826 0.798434
  40 0.620003 3.821436 -0.481860 -0.880320 0.403433 -0.249555 0.598826 0.798434
  40 0.620003 3.801436 -0.461860 -1.000000 -0.000001 -0.000026 0.598826 0.798434
knife_butterfly.bmp
  40 0.620003 3.801436 -0.461860 -1.000000 -0.000001 -0.000026 0.598826 0.798434
  40 0.620003 3.821436 -0.481860 -0.880320 0.403433 -0.249555 0.598826 0.798434
  40 0.620003 3.801436 -0.471860 -1.000000 -0.000001 -0.000026 0.598826 0.798434
knife_butterfly.bmp
  40 0.620003 3.821436 -0.481860 -0.880320 0.403433 -0.249555 0.598826 0.798434
  40 0.620003 3.801436 -0.491860 -0.880316 0.293759 -0.372490 0.598826 0.798434
  40 0.620003 3.801436 -0.471860 -1.000000 -0.000001 -0.000026 0.598826 0.798434
knife_butterfly.bmp
  40 0.620003 3.801436 -0.471860 -1.000000 -0.000001 -0.000026 0.598826 0.798434
  40 0.620003 3.801436 -0.491860 -0.880316 0.293759 -0.372490 0.598826 0.798434
  40 0.620003 3.791436 -0.481860 -1.000000 -0.000001 -0.000026 0.596869 0.798434
knife_butterfly.bmp
  40 0.620003 3.801436 -0.491860 -0.880316 0.293759 -0.372490 0.598826 0.798434
  40 0.620003 3.781436 -0.501860 -0.880315 0.148652 -0.450498 0.596869 0.800391
  40 0.620003 3.791436 -0.481860 -1.000000 -0.000001 -0.000026 0.596869 0.798434
knife_butterfly.bmp
  40 0.620003 3.791436 -0.481860 -1.000000 -0.000001 -0.000026 0.596869 0.798434
  40 0.620003 3.781436 -0.501860 -0.880315 0.148652 -0.450498 0.596869 0.800391
  40 0.620003 3.781436 -0.481860 -1.000000 -0.000001 -0.000026 0.596869 0.798434
knife_butterfly.bmp
  40 0.620003 3.781436 -0.501860 -0.880315 0.148652 -0.450498 0.596869 0.800391
  40 0.620003 3.771436 -0.511860 -0.880299 -0.014380 -0.474202 0.596869 0.800391
  40 0.620003 3.781436 -0.481860 -1.000000 -0.000001 -0.000026 0.596869 0.798434
knife_butterfly.bmp
  40 0.620003 3.781436 -0.481860 -1.000000 -0.000001 -0.000026 0.596869 0.798434
  40 0.620003 3.771436 -0.511860 -0.880299 -0.014380 -0.474202 0.596869 0.800391
  40 0.620003 3.771436 -0.491859 -1.000000 -0.000001 -0.000026 0.596869 0.798434
knife_butterfly.bmp
  40 0.620003 3.771436 -0.511860 -0.880299 -0.014380 -0.474202 0.596869 0.800391
  40 0.620003 3.751436 -0.501859 -0.880309 -0.175704 -0.440663 0.594912 0.798434
  40 0.620003 3.771436 -0.491859 -1.000000 -0.000001 -0.000026 0.596869 0.798434
knife_butterfly.bmp
  40 0.620003 3.771436 -0.491859 -1.000000 -0.000001 -0.000026 0.596869 0.798434
  40 0.620003 3.751436 -0.501859 -0.880309 -0.175704 -0.440663 0.594912 0.798434
  40 0.620003 3.751436 -0.481859 -1.000000 -0.000001 -0.000026 0.596869 0.798434
knife_butterfly.bmp
  40 0.620003 3.751436 -0.501859 -0.880309 -0.175704 -0.440663 0.594912 0.798434
  40 0.620003 3.731436 -0.481859 -0.880307 -0.315824 -0.353999 0.594912 0.798434
  40 0.620003 3.751436 -0.481859 -1.000000 -0.000001 -0.000026 0.596869 0.798434
knife_butterfly.bmp
  40 0.620003 3.751436 -0.481859 -1.000000 -0.000001 -0.000026 0.596869 0.798434
  40 0.620003 3.731436 -0.481859 -0.880307 -0.315824 -0.353999 0.594912 0.798434
  40 0.620003 3.741436 -0.481859 -1.000000 -0.000001 -0.000026 0.594912 0.798434
knife_butterfly.bmp
  40 0.630003 3.811436 -0.501860 0.000002 0.619242 -0.785200 0.592955 0.800391
  40 0.630003 3.831436 -0.491860 0.000000 0.850456 -0.526047 0.594912 0.800391
  40 0.990003 3.811436 -0.501859 0.000002 0.619242 -0.785200 0.592955 0.819961
knife_butterfly.bmp
  40 0.990003 3.811436 -0.501859 0.000002 0.619242 -0.785200 0.592955 0.819961
  40 0.630003 3.831436 -0.491860 0.000000 0.850456 -0.526047 0.594912 0.800391
  40 0.990003 3.831436 -0.471859 0.000000 0.850456 -0.526047 0.594912 0.819961
knife_butterfly.bmp
  40 0.630003 3.831436 -0.491860 0.000000 0.850456 -0.526047 0.594912 0.800391
  40 0.630003 3.831436 -0.461860 -0.000003 0.979089 -0.203433 0.596869 0.800391
  40 0.990003 3.831436 -0.471859 0.000000 0.850456 -0.526047 0.594912 0.819961
knife_butterfly.bmp
  40 0.990003 3.831436 -0.471859 0.000000 0.850456 -0.526047 0.594912 0.819961
  40 0.630003 3.831436 -0.461860 -0.000003 0.979089 -0.203433 0.596869 0.800391
  40 0.990003 3.831436 -0.461859 -0.000003 0.979089 -0.203433 0.596869 0.819961
knife_butterfly.bmp
  40 0.630003 3.831436 -0.461860 -0.000003 0.979089 -0.203433 0.596869 0.800391
  40 0.630003 3.841437 -0.441860 -0.000005 0.989621 0.143703 0.596869 0.800391
  40 0.990003 3.831436 -0.461859 -0.000003 0.979089 -0.203433 0.596869 0.819961
knife_butterfly.bmp
  40 0.990003 3.831436 -0.461859 -0.000003 0.979089 -0.203433 0.596869 0.819961
  40 0.630003 3.841437 -0.441860 -0.000005 0.989621 0.143703 0.596869 0.800391
  40 0.990003 3.841437 -0.431859 -0.000005 0.989621 0.143703 0.596869 0.819961
knife_butterfly.bmp
  40 0.630003 3.841437 -0.441860 -0.000005 0.989621 0.143703 0.596869 0.800391
  40 0.630003 3.831436 -0.421860 -0.000005 0.880788 0.473510 0.598826 0.800391
  40 0.990003 3.841437 -0.431859 -0.000005 0.989621 0.143703 0.596869 0.819961
knife_butterfly.bmp
  40 0.990003 3.841437 -0.431859 -0.000005 0.989621 0.143703 0.596869 0.819961
  40 0.630003 3.831436 -0.421860 -0.000005 0.880788 0.473510 0.598826 0.800391
  40 0.990003 3.831436 -0.421859 -0.000005 0.880788 0.473510 0.598826 0.819961
knife_butterfly.bmp
  40 0.630003 3.831436 -0.421860 -0.000005 0.880788 0.473510 0.598826 0.800391
  40 0.630003 3.811436 -0.401860 -0.000003 0.665738 0.746186 0.600783 0.800391
  40 0.990003 3.831436 -0.421859 -0.000005 0.880788 0.473510 0.598826 0.819961
knife_butterfly.bmp
  40 0.990003 3.831436 -0.421859 -0.000005 0.880788 0.473510 0.598826 0.819961
  40 0.630003 3.811436 -0.401860 -0.000003 0.665738 0.746186 0.600783 0.800391
  40 0.990003 3.811436 -0.401859 -0.000003 0.665738 0.746186 0.598826 0.819961
knife_butterfly.bmp
  40 0.630003 3.811436 -0.401860 -0.000003 0.665738 0.746186 0.600783 0.800391
  40 0.630003 3.791436 -0.381860 -0.000005 0.370356 0.928890 0.600783 0.800391
  40 0.990003 3.811436 -0.401859 -0.000003 0.665738 0.746186 0.598826 0.819961
knife_butterfly.bmp
  40 0.990003 3.811436 -0.401859 -0.000003 0.665738 0.746186 0.598826 0.819961
  40 0.630003 3.791436 -0.381860 -0.000005 0.370356 0.928890 0.600783 0.800391
  40 0.990003 3.791436 -0.381859 -0.000005 0.370356 0.928890 0.600783 0.819961
knife_butterfly.bmp
  40 0.630003 3.791436 -0.381860 -0.000005 0.370356 0.928890 0.600783 0.800391
  40 0.630003 3.771437 -0.381859 -0.000004 0.030327 0.999540 0.602740 0.800391
  40 0.990003 3.791436 -0.381859 -0.000005 0.370356 0.928890 0.600783 0.819961
knife_butterfly.bmp
  40 0.990003 3.791436 -0.381859 -0.000005 0.370356 0.928890 0.600783 0.819961
  40 0.630003 3.771437 -0.381859 -0.000004 0.030327 0.999540 0.602740 0.800391
  40 0.990003 3.771437 -0.381859 -0.000004 0.030327 0.999540 0.602740 0.819961
knife_butterfly.bmp
  40 0.630003 3.771437 -0.381859 -0.000004 0.030327 0.999540 0.602740 0.800391
  40 0.630003 3.751437 -0.381859 -0.000003 -0.313357 0.949635 0.602740 0.800391
  40 0.990003 3.771437 -0.381859 -0.000004 0.030327 0.999540 0.602740 0.819961
knife_butterfly.bmp
  40 0.990003 3.771437 -0.381859 -0.000004 0.030327 0.999540 0.602740 0.819961
  40 0.630003 3.751437 -0.381859 -0.000003 -0.313357 0.949635 0.602740 0.800391
  40 0.990003 3.751437 -0.381859 -0.000003 -0.313357 0.949635 0.602740 0.819961
knife_butterfly.bmp
  40 0.630003 3.751437 -0.381859 -0.000003 -0.313357 0.949635 0.602740 0.800391
  40 0.630003 3.721436 -0.391859 -0.000001 -0.619256 0.785189 0.604697 0.800391
  40 0.990003 3.751437 -0.381859 -0.000003 -0.313357 0.949635 0.602740 0.819961
knife_butterfly.bmp
  40 0.990003 3.751437 -0.381859 -0.000003 -0.313357 0.949635 0.602740 0.819961
  40 0.630003 3.721436 -0.391859 -0.000001 -0.619256 0.785189 0.604697 0.800391
  40 0.990003 3.721436 -0.391859 -0.000001 -0.619256 0.785189 0.604697 0.819961
knife_butterfly.bmp
  40 0.630003 3.721436 -0.391859 -0.000001 -0.619256 0.785189 0.604697 0.800391
  40 0.630003 3.711437 -0.391859 0.000001 -0.850456 0.526046 0.606654 0.800391
  40 0.990003 3.721436 -0.391859 -0.000001 -0.619256 0.785189 0.604697 0.819961
knife_butterfly.bmp
  40 0.990003 3.721436 -0.391859 -0.000001 -0.619256 0.785189 0.604697 0.819961
  40 0.630003 3.711437 -0.391859 0.000001 -0.850456 0.526046 0.606654 0.800391
  40 0.990003 3.711436 -0.411859 0.000001 -0.850456 0.526046 0.606654 0.819961
knife_butterfly.bmp
  40 0.630003 3.711437 -0.391859 0.000001 -0.850456 0.526046 0.606654 0.800391
  40 0.630003 3.701436 -0.411859 0.000002 -0.979085 0.203450 0.606654 0.800391
  40 0.990003 3.711436 -0.411859 0.000001 -0.850456 0.526046 0.606654 0.819961
knife_butterfly.bmp
  40 0.990003 3.711436 -0.411859 0.000001 -0.850456 0.526046 0.606654 0.819961
  40 0.630003 3.701436 -0.411859 0.000002 -0.979085 0.203450 0.606654 0.800391
  40 0.990003 3.701436 -0.431859 0.000002 -0.979085 0.203450 0.606654 0.819961
knife_butterfly.bmp
  40 0.630003 3.701436 -0.411859 0.000002 -0.979085 0.203450 0.606654 0.800391
  40 0.630003 3.701436 -0.441859 0.000001 -0.989622 -0.143698 0.608611 0.800391
  40 0.990003 3.701436 -0.431859 0.000002 -0.979085 0.203450 0.606654 0.819961
knife_butterfly.bmp
  40 0.990003 3.701436 -0.431859 0.000002 -0.979085 0.203450 0.606654 0.819961
  40 0.630003 3.701436 -0.441859 0.000001 -0.989622 -0.143698 0.608611 0.800391
  40 0.990003 3.701436 -0.461859 0.000001 -0.989622 -0.143698 0.608611 0.819961
knife_butterfly.bmp
  40 0.630003 3.701436 -0.441859 0.000001 -0.989622 -0.143698 0.608611 0.800391
  40 0.630003 3.711436 -0.461859 0.000002 -0.880790 -0.473507 0.610568 0.800391
  40 0.990003 3.701436 -0.461859 0.000001 -0.989622 -0.143698 0.608611 0.819961
knife_butterfly.bmp
  40 0.990003 3.701436 -0.461859 0.000001 -0.989622 -0.143698 0.608611 0.819961
  40 0.630003 3.711436 -0.461859 0.000002 -0.880790 -0.473507 0.610568 0.800391
  40 0.990003 3.711436 -0.481859 0.000002 -0.880790 -0.473507 0.610568 0.819961
knife_butterfly.bmp
  40 0.630003 3.711436 -0.461859 0.000002 -0.880790 -0.473507 0.610568 0.800391
  40 0.630003 3.721436 -0.491859 0.000004 -0.665724 -0.746198 0.610568 0.800391
  40 0.990003 3.711436 -0.481859 0.000002 -0.880790 -0.473507 0.610568 0.819961
knife_butterfly.bmp
  40 0.990003 3.711436 -0.481859 0.000002 -0.880790 -0.473507 0.610568 0.819961
  40 0.630003 3.721436 -0.491859 0.000004 -0.665724 -0.746198 0.610568 0.800391
  40 0.990003 3.721436 -0.501859 0.000004 -0.665724 -0.746198 0.610568 0.819961
knife_butterfly.bmp
  40 0.630003 3.721436 -0.491859 0.000004 -0.665724 -0.746198 0.610568 0.800391
  40 0.630003 3.741436 -0.511859 0.000002 -0.370364 -0.928887 0.612524 0.800391
  40 0.990003 3.721436 -0.501859 0.000004 -0.665724 -0.746198 0.610568 0.819961
knife_butterfly.bmp
  40 0.990003 3.721436 -0.501859 0.000004 -0.665724 -0.746198 0.610568 0.819961
  40 0.630003 3.741436 -0.511859 0.000002 -0.370364 -0.928887 0.612524 0.800391
  40 0.990003 3.741436 -0.511859 0.000002 -0.370364 -0.928887 0.612524 0.819961
knife_butterfly.bmp
  40 0.630003 3.741436 -0.511859 0.000002 -0.370364 -0.928887 0.612524 0.800391
  40 0.630003 3.761436 -0.521859 0.000003 -0.030331 -0.999540 0.614481 0.800391
  40 0.990003 3.741436 -0.511859 0.000002 -0.370364 -0.928887 0.612524 0.819961
knife_butterfly.bmp
  40 0.990003 3.741436 -0.511859 0.000002 -0.370364 -0.928887 0.612524 0.819961
  40 0.630003 3.761436 -0.521859 0.000003 -0.030331 -0.999540 0.614481 0.800391
  40 0.990003 3.761436 -0.521859 0.000003 -0.030331 -0.999540 0.614481 0.819961
knife_butterfly.bmp
  40 0.630003 3.761436 -0.521859 0.000003 -0.030331 -0.999540 0.614481 0.800391
  40 0.630003 3.791436 -0.511860 0.000003 0.313363 -0.949633 0.614481 0.800391
  40 0.990003 3.761436 -0.521859 0.000003 -0.030331 -0.999540 0.614481 0.819961
knife_butterfly.bmp
  40 0.990003 3.761436 -0.521859 0.000003 -0.030331 -0.999540 0.614481 0.819961
  40 0.630003 3.791436 -0.511860 0.000003 0.313363 -0.949633 0.614481 0.800391
  40 0.990003 3.791436 -0.511859 0.000003 0.313363 -0.949633 0.614481 0.819961
knife_butterfly.bmp
  40 0.630003 3.791436 -0.511860 0.000003 0.313363 -0.949633 0.614481 0.800391
  40 0.630003 3.811436 -0.501860 0.000002 0.619242 -0.785200 0.616438 0.800391
  40 0.990003 3.791436 -0.511859 0.000003 0.313363 -0.949633 0.614481 0.819961
knife_butterfly.bmp
  40 0.990003 3.791436 -0.511859 0.000003 0.313363 -0.949633 0.614481 0.819961
  40 0.630003 3.811436 -0.501860 0.000002 0.619242 -0.785200 0.616438 0.800391
  40 0.990003 3.811436 -0.501859 0.000002 0.619242 -0.785200 0.616438 0.819961
knife_butterfly.bmp
  40 1.330003 3.801436 -0.411858 0.266157 -0.849014 -0.456437 0.596869 0.841487
  40 1.330003 3.791436 -0.401858 0.266141 -0.641715 -0.719285 0.596869 0.843444
  40 1.300003 3.791436 -0.411858 0.266141 -0.641715 -0.719285 0.596869 0.841487
knife_butterfly.bmp
  40 1.300003 3.791436 -0.411858 0.266141 -0.641715 -0.719285 0.596869 0.841487
  40 1.330003 3.791436 -0.401858 0.266141 -0.641715 -0.719285 0.596869 0.843444
  40 1.300003 3.781436 -0.401858 0.266145 -0.357006 -0.895385 0.596869 0.841487
knife_butterfly.bmp
  40 1.330003 3.791436 -0.401858 0.266141 -0.641715 -0.719285 0.596869 0.843444
  40 1.330003 3.781436 -0.391858 0.266145 -0.357006 -0.895385 0.596869 0.843444
  40 1.300003 3.781436 -0.401858 0.266145 -0.357006 -0.895385 0.596869 0.841487
knife_butterfly.bmp
  40 1.300003 3.781436 -0.401858 0.266145 -0.357006 -0.895385 0.596869 0.841487
  40 1.330003 3.781436 -0.391858 0.266145 -0.357006 -0.895385 0.596869 0.843444
  40 1.300003 3.771436 -0.401858 0.266148 -0.029239 -0.963489 0.596869 0.841487
knife_butterfly.bmp
  40 1.330003 3.781436 -0.391858 0.266145 -0.357006 -0.895385 0.596869 0.843444
  40 1.330003 3.771436 -0.391858 0.266148 -0.029239 -0.963489 0.596869 0.843444
  40 1.300003 3.771436 -0.401858 0.266148 -0.029239 -0.963489 0.596869 0.841487
knife_butterfly.bmp
  40 1.300003 3.771436 -0.401858 0.266148 -0.029239 -0.963489 0.596869 0.841487
  40 1.330003 3.771436 -0.391858 0.266148 -0.029239 -0.963489 0.596869 0.843444
  40 1.300003 3.761436 -0.401858 0.266146 0.302031 -0.915393 0.596869 0.841487
knife_butterfly.bmp
  40 1.330003 3.771436 -0.391858 0.266148 -0.029239 -0.963489 0.596869 0.843444
  40 1.330003 3.751437 -0.391858 0.266146 0.302031 -0.915393 0.596869 0.843444
  40 1.300003 3.761436 -0.401858 0.266146 0.302031 -0.915393 0.596869 0.841487
knife_butterfly.bmp
  40 1.300003 3.761436 -0.401858 0.266146 0.302031 -0.915393 0.596869 0.841487
  40 1.330003 3.751437 -0.391858 0.266146 0.302031 -0.915393 0.596869 0.843444
  40 1.300003 3.751436 -0.411858 0.266150 0.596907 -0.756879 0.594912 0.841487
knife_butterfly.bmp
  40 1.330003 3.751437 -0.391858 0.266146 0.302031 -0.915393 0.596869 0.843444
  40 1.330003 3.741436 -0.401858 0.266150 0.596907 -0.756879 0.594912 0.843444
  40 1.300003 3.751436 -0.411858 0.266150 0.596907 -0.756879 0.594912 0.841487
knife_butterfly.bmp
  40 1.300003 3.751436 -0.411858 0.266150 0.596907 -0.756879 0.594912 0.841487
  40 1.330003 3.741436 -0.401858 0.266150 0.596907 -0.756879 0.594912 0.843444
  40 1.300003 3.741436 -0.411858 0.266147 0.819789 -0.507062 0.594912 0.841487
knife_butterfly.bmp
  40 1.330003 3.741436 -0.401858 0.266150 0.596907 -0.756879 0.594912 0.843444
  40 1.330003 3.731436 -0.411858 0.266147 0.819789 -0.507062 0.594912 0.843444
  40 1.300003 3.741436 -0.411858 0.266147 0.819789 -0.507062 0.594912 0.841487
knife_butterfly.bmp
  40 1.300003 3.741436 -0.411858 0.266147 0.819789 -0.507062 0.594912 0.841487
  40 1.330003 3.731436 -0.411858 0.266147 0.819789 -0.507062 0.594912 0.843444
  40 1.300003 3.741436 -0.421858 0.266147 0.943779 -0.196077 0.594912 0.841487
knife_butterfly.bmp
  40 1.330003 3.731436 -0.411858 0.266147 0.819789 -0.507062 0.594912 0.843444
  40 1.330003 3.731436 -0.421858 0.266147 0.943779 -0.196077 0.594912 0.843444
  40 1.300003 3.741436 -0.421858 0.266147 0.943779 -0.196077 0.594912 0.841487
knife_butterfly.bmp
  40 1.300003 3.741436 -0.421858 0.266147 0.943779 -0.196077 0.594912 0.841487
  40 1.330003 3.731436 -0.421858 0.266147 0.943779 -0.196077 0.594912 0.843444
  40 1.300003 3.741436 -0.431858 0.266163 0.953927 0.138495 0.594912 0.841487
knife_butterfly.bmp
  40 1.330003 3.731436 -0.421858 0.266147 0.943779 -0.196077 0.594912 0.843444
  40 1.330003 3.731436 -0.451858 0.266163 0.953927 0.138495 0.594912 0.841487
  40 1.300003 3.741436 -0.431858 0.266163 0.953927 0.138495 0.594912 0.841487
knife_butterfly.bmp
  40 1.300003 3.741436 -0.431858 0.266163 0.953927 0.138495 0.594912 0.841487
  40 1.330003 3.731436 -0.451858 0.266163 0.953927 0.138495 0.594912 0.841487
  40 1.300003 3.741436 -0.441858 0.266152 0.849015 0.456439 0.594912 0.841487
knife_butterfly.bmp
  40 1.330003 3.731436 -0.451858 0.266163 0.953927 0.138495 0.594912 0.841487
  40 1.330003 3.731436 -0.461858 0.266152 0.849015 0.456439 0.594912 0.841487
  40 1.300003 3.741436 -0.441858 0.266152 0.849015 0.456439 0.594912 0.841487
knife_butterfly.bmp
  40 1.300003 3.741436 -0.441858 0.266152 0.849015 0.456439 0.594912 0.841487
  40 1.330003 3.731436 -0.461858 0.266152 0.849015 0.456439 0.594912 0.841487
  40 1.300003 3.751436 -0.451858 0.266153 0.641707 0.719288 0.594912 0.841487
knife_butterfly.bmp
  40 1.330003 3.731436 -0.461858 0.266152 0.849015 0.456439 0.594912 0.841487
  40 1.330003 3.741436 -0.461858 0.266153 0.641707 0.719288 0.594912 0.841487
  40 1.300003 3.751436 -0.451858 0.266153 0.641707 0.719288 0.594912 0.841487
knife_butterfly.bmp
  40 1.300003 3.751436 -0.451858 0.266153 0.641707 0.719288 0.594912 0.841487
  40 1.330003 3.741436 -0.461858 0.266153 0.641707 0.719288 0.594912 0.841487
  40 1.300003 3.761436 -0.461858 0.266155 0.357028 0.895373 0.594912 0.841487
knife_butterfly.bmp
  40 1.330003 3.741436 -0.461858 0.266153 0.641707 0.719288 0.594912 0.841487
  40 1.330003 3.751436 -0.461858 0.266155 0.357028 0.895373 0.594912 0.841487
  40 1.300003 3.761436 -0.461858 0.266155 0.357028 0.895373 0.594912 0.841487
knife_butterfly.bmp
  40 1.300003 3.761436 -0.461858 0.266155 0.357028 0.895373 0.594912 0.841487
  40 1.330003 3.751436 -0.461858 0.266155 0.357028 0.895373 0.594912 0.841487
  40 1.300003 3.771436 -0.461858 0.266144 0.029243 0.963490 0.596869 0.841487
knife_butterfly.bmp
  40 1.330003 3.751436 -0.461858 0.266155 0.357028 0.895373 0.594912 0.841487
  40 1.330003 3.771436 -0.471858 0.266144 0.029243 0.963490 0.594912 0.839530
  40 1.300003 3.771436 -0.461858 0.266144 0.029243 0.963490 0.596869 0.841487
knife_butterfly.bmp
  40 1.300003 3.771436 -0.461858 0.266144 0.029243 0.963490 0.596869 0.841487
  40 1.330003 3.771436 -0.471858 0.266144 0.029243 0.963490 0.594912 0.839530
  40 1.300003 3.781436 -0.461858 0.266148 -0.302038 0.915390 0.596869 0.841487
knife_butterfly.bmp
  40 1.330003 3.771436 -0.471858 0.266144 0.029243 0.963490 0.594912 0.839530
  40 1.330003 3.781436 -0.461858 0.266148 -0.302038 0.915390 0.596869 0.839530
  40 1.300003 3.781436 -0.461858 0.266148 -0.302038 0.915390 0.596869 0.841487
knife_butterfly.bmp
  40 1.300003 3.781436 -0.461858 0.266148 -0.302038 0.915390 0.596869 0.841487
  40 1.330003 3.781436 -0.461858 0.266148 -0.302038 0.915390 0.596869 0.839530
  40 1.300003 3.781436 -0.451858 0.266149 -0.596903 0.756883 0.596869 0.841487
knife_butterfly.bmp
  40 1.330003 3.781436 -0.461858 0.266148 -0.302038 0.915390 0.596869 0.839530
  40 1.330003 3.791436 -0.461858 0.266149 -0.596903 0.756883 0.596869 0.841487
  40 1.300003 3.781436 -0.451858 0.266149 -0.596903 0.756883 0.596869 0.841487
knife_butterfly.bmp
  40 1.300003 3.781436 -0.451858 0.266149 -0.596903 0.756883 0.596869 0.841487
  40 1.330003 3.791436 -0.461858 0.266149 -0.596903 0.756883 0.596869 0.841487
  40 1.300003 3.791436 -0.441858 0.266144 -0.819794 0.507055 0.596869 0.841487
knife_butterfly.bmp
  40 1.330003 3.791436 -0.461858 0.266149 -0.596903 0.756883 0.596869 0.841487
  40 1.330003 3.801436 -0.451858 0.266144 -0.819794 0.507055 0.596869 0.841487
  40 1.300003 3.791436 -0.441858 0.266144 -0.819794 0.507055 0.596869 0.841487
knife_butterfly.bmp
  40 1.300003 3.791436 -0.441858 0.266144 -0.819794 0.507055 0.596869 0.841487
  40 1.330003 3.801436 -0.451858 0.266144 -0.819794 0.507055 0.596869 0.841487
  40 1.300003 3.791436 -0.431858 0.266164 -0.943773 0.196085 0.596869 0.841487
knife_butterfly.bmp
  40 1.330003 3.801436 -0.451858 0.266144 -0.819794 0.507055 0.596869 0.841487
  40 1.330003 3.801436 -0.441858 0.266164 -0.943773 0.196085 0.596869 0.841487
  40 1.300003 3.791436 -0.431858 0.266164 -0.943773 0.196085 0.596869 0.841487
knife_butterfly.bmp
  40 1.300003 3.791436 -0.431858 0.266164 -0.943773 0.196085 0.596869 0.841487
  40 1.330003 3.801436 -0.441858 0.266164 -0.943773 0.196085 0.596869 0.841487
  40 1.300003 3.791436 -0.421858 0.266175 -0.953920 -0.138522 0.596869 0.841487
knife_butterfly.bmp
  40 1.330003 3.801436 -0.441858 0.266164 -0.943773 0.196085 0.596869 0.841487
  40 1.330003 3.801436 -0.421858 0.266175 -0.953920 -0.138522 0.596869 0.841487
  40 1.300003 3.791436 -0.421858 0.266175 -0.953920 -0.138522 0.596869 0.841487
knife_butterfly.bmp
  40 1.300003 3.791436 -0.421858 0.266175 -0.953920 -0.138522 0.596869 0.841487
  40 1.330003 3.801436 -0.421858 0.266175 -0.953920 -0.138522 0.596869 0.841487
  40 1.300003 3.791436 -0.421858 0.266157 -0.849014 -0.456437 0.596869 0.841487
knife_butterfly.bmp
  40 1.330003 3.801436 -0.421858 0.266175 -0.953920 -0.138522 0.596869 0.841487
  40 1.330003 3.801436 -0.411858 0.266157 -0.849014 -0.456437 0.596869 0.841487
  40 1.300003 3.791436 -0.421858 0.266157 -0.849014 -0.456437 0.596869 0.841487
knife_butterfly.bmp
  40 1.300003 3.791436 -0.421858 0.266157 -0.849014 -0.456437 0.596869 0.841487
  40 1.330003 3.801436 -0.411858 0.266157 -0.849014 -0.456437 0.596869 0.841487
  40 1.300003 3.791436 -0.411858 0.266141 -0.641715 -0.719285 0.596869 0.841487
knife_butterfly.bmp
  40 1.330003 3.821437 -0.401858 0.880306 0.417849 0.224643 0.598826 0.843444
  40 1.330003 3.801436 -0.391858 0.880317 0.315812 0.353983 0.598826 0.843444
  40 1.330003 3.791436 -0.401858 1.000000 0.000000 0.000002 0.596869 0.843444
knife_butterfly.bmp
  40 1.330003 3.791436 -0.401858 1.000000 0.000000 0.000002 0.596869 0.843444
  40 1.330003 3.801436 -0.391858 0.880317 0.315812 0.353983 0.598826 0.843444
  40 1.330003 3.781436 -0.391858 1.000000 0.000000 0.000002 0.596869 0.843444
knife_butterfly.bmp
  40 1.330003 3.801436 -0.391858 0.880317 0.315812 0.353983 0.598826 0.843444
  40 1.330003 3.791436 -0.381858 0.880318 0.175704 0.440645 0.596869 0.843444
  40 1.330003 3.781436 -0.391858 1.000000 0.000000 0.000002 0.596869 0.843444
knife_butterfly.bmp
  40 1.330003 3.781436 -0.391858 1.000000 0.000000 0.000002 0.596869 0.843444
  40 1.330003 3.791436 -0.381858 0.880318 0.175704 0.440645 0.596869 0.843444
  40 1.330003 3.771436 -0.391858 1.000000 0.000000 0.000002 0.596869 0.843444
knife_butterfly.bmp
  40 1.330003 3.791436 -0.381858 0.880318 0.175704 0.440645 0.596869 0.843444
  40 1.340003 3.771437 -0.371858 0.880315 0.014393 0.474171 0.596869 0.843444
  40 1.330003 3.771436 -0.391858 1.000000 0.000000 0.000002 0.596869 0.843444
knife_butterfly.bmp
  40 1.330003 3.771436 -0.391858 1.000000 0.000000 0.000002 0.596869 0.843444
  40 1.340003 3.771437 -0.371858 0.880315 0.014393 0.474171 0.596869 0.843444
  40 1.330003 3.751437 -0.391858 1.000000 0.000000 0.000002 0.596869 0.843444
knife_butterfly.bmp
  40 1.340003 3.771437 -0.371858 0.880315 0.014393 0.474171 0.596869 0.843444
  40 1.340003 3.751437 -0.371858 0.880314 -0.148650 0.450501 0.594912 0.843444
  40 1.330003 3.751437 -0.391858 1.000000 0.000000 0.000002 0.596869 0.843444
knife_butterfly.bmp
  40 1.330003 3.751437 -0.391858 1.000000 0.000000 0.000002 0.596869 0.843444
  40 1.340003 3.751437 -0.371858 0.880314 -0.148650 0.450501 0.594912 0.843444
  40 1.330003 3.741436 -0.401858 1.000000 0.000000 0.000002 0.594912 0.843444
knife_butterfly.bmp
  40 1.340003 3.751437 -0.371858 0.880314 -0.148650 0.450501 0.594912 0.843444
  40 1.330003 3.731437 -0.381858 0.880308 -0.293782 0.372491 0.594912 0.843444
  40 1.330003 3.741436 -0.401858 1.000000 0.000000 0.000002 0.594912 0.843444
knife_butterfly.bmp
  40 1.330003 3.741436 -0.401858 1.000000 0.000000 0.000002 0.594912 0.843444
  40 1.330003 3.731437 -0.381858 0.880308 -0.293782 0.372491 0.594912 0.843444
  40 1.330003 3.731436 -0.411858 1.000000 0.000000 0.000002 0.594912 0.843444
knife_butterfly.bmp
  40 1.330003 3.731437 -0.381858 0.880308 -0.293782 0.372491 0.594912 0.843444
  40 1.330003 3.721436 -0.401858 0.880320 -0.403439 0.249546 0.594912 0.843444
  40 1.330003 3.731436 -0.411858 1.000000 0.000000 0.000002 0.594912 0.843444
knife_butterfly.bmp
  40 1.330003 3.731436 -0.411858 1.000000 0.000000 0.000002 0.594912 0.843444
  40 1.330003 3.721436 -0.401858 0.880320 -0.403439 0.249546 0.594912 0.843444
  40 1.330003 3.731436 -0.421858 1.000000 0.000000 0.000002 0.594912 0.843444
knife_butterfly.bmp
  40 1.330003 3.721436 -0.401858 0.880320 -0.403439 0.249546 0.594912 0.843444
  40 1.330003 3.711436 -0.441858 0.880318 -0.464463 0.096514 0.592955 0.843444
  40 1.330003 3.731436 -0.421858 1.000000 0.000000 0.000002 0.594912 0.843444
knife_butterfly.bmp
  40 1.330003 3.731436 -0.421858 1.000000 0.000000 0.000002 0.594912 0.843444
  40 1.330003 3.711436 -0.441858 0.880318 -0.464463 0.096514 0.592955 0.843444
  40 1.330003 3.731436 -0.451858 1.000000 0.000000 0.000002 0.594912 0.841487
knife_butterfly.bmp
  40 1.330003 3.711436 -0.441858 0.880318 -0.464463 0.096514 0.592955 0.843444
  40 1.330003 3.711436 -0.461858 0.880316 -0.469464 -0.068168 0.592955 0.841487
  40 1.330003 3.731436 -0.451858 1.000000 0.000000 0.000002 0.594912 0.841487
knife_butterfly.bmp
  40 1.330003 3.731436 -0.451858 1.000000 0.000000 0.000002 0.594912 0.841487
  40 1.330003 3.711436 -0.461858 0.880316 -0.469464 -0.068168 0.592955 0.841487
  40 1.330003 3.731436 -0.461858 1.000000 0.000000 0.000002 0.594912 0.841487
knife_butterfly.bmp
  40 1.330003 3.711436 -0.461858 0.880316 -0.469464 -0.068168 0.592955 0.841487
  40 1.330003 3.721436 -0.471858 0.880320 -0.417829 -0.224622 0.592955 0.841487
  40 1.330003 3.731436 -0.461858 1.000000 0.000000 0.000002 0.594912 0.841487
knife_butterfly.bmp
  40 1.330003 3.731436 -0.461858 1.000000 0.000000 0.000002 0.594912 0.841487
  40 1.330003 3.721436 -0.471858 0.880320 -0.417829 -0.224622 0.592955 0.841487
  40 1.330003 3.741436 -0.461858 1.000000 0.000000 0.000002 0.594912 0.841487
knife_butterfly.bmp
  40 1.330003 3.721436 -0.471858 0.880320 -0.417829 -0.224622 0.592955 0.841487
  40 1.330003 3.731436 -0.471858 0.880320 -0.315817 -0.353973 0.594912 0.839530
  40 1.330003 3.741436 -0.461858 1.000000 0.000000 0.000002 0.594912 0.841487
knife_butterfly.bmp
  40 1.330003 3.741436 -0.461858 1.000000 0.000000 0.000002 0.594912 0.841487
  40 1.330003 3.731436 -0.471858 0.880320 -0.315817 -0.353973 0.594912 0.839530
  40 1.330003 3.751436 -0.461858 1.000000 0.000000 0.000002 0.594912 0.841487
knife_butterfly.bmp
  40 1.330003 3.731436 -0.471858 0.880320 -0.315817 -0.353973 0.594912 0.839530
  40 1.330003 3.751436 -0.481858 0.880310 -0.175696 -0.440665 0.594912 0.839530
  40 1.330003 3.751436 -0.461858 1.000000 0.000000 0.000002 0.594912 0.841487
knife_butterfly.bmp
  40 1.330003 3.751436 -0.461858 1.000000 0.000000 0.000002 0.594912 0.841487
  40 1.330003 3.751436 -0.481858 0.880310 -0.175696 -0.440665 0.594912 0.839530
  40 1.330003 3.771436 -0.471858 1.000000 0.000000 0.000002 0.594912 0.839530
knife_butterfly.bmp
  40 1.330003 3.751436 -0.481858 0.880310 -0.175696 -0.440665 0.594912 0.839530
  40 1.330003 3.771436 -0.491858 0.880317 -0.014387 -0.474167 0.594912 0.839530
  40 1.330003 3.771436 -0.471858 1.000000 0.000000 0.000002 0.594912 0.839530
knife_butterfly.bmp
  40 1.330003 3.771436 -0.471858 1.000000 0.000000 0.000002 0.594912 0.839530
  40 1.330003 3.771436 -0.491858 0.880317 -0.014387 -0.474167 0.594912 0.839530
  40 1.330003 3.781436 -0.461858 1.000000 0.000000 0.000002 0.596869 0.839530
knife_butterfly.bmp
  40 1.330003 3.771436 -0.491858 0.880317 -0.014387 -0.474167 0.594912 0.839530
  40 1.330003 3.781436 -0.481858 0.880315 0.148652 -0.450498 0.596869 0.839530
  40 1.330003 3.781436 -0.461858 1.000000 0.000000 0.000002 0.596869 0.839530
knife_butterfly.bmp
  40 1.330003 3.781436 -0.461858 1.000000 0.000000 0.000002 0.596869 0.839530
  40 1.330003 3.781436 -0.481858 0.880315 0.148652 -0.450498 0.596869 0.839530
  40 1.330003 3.791436 -0.461858 1.000000 0.000000 0.000002 0.596869 0.841487
knife_butterfly.bmp
  40 1.330003 3.781436 -0.481858 0.880315 0.148652 -0.450498 0.596869 0.839530
  40 1.330003 3.801436 -0.471858 0.880312 0.293770 -0.372491 0.596869 0.839530
  40 1.330003 3.791436 -0.461858 1.000000 0.000000 0.000002 0.596869 0.841487
knife_butterfly.bmp
  40 1.330003 3.791436 -0.461858 1.000000 0.000000 0.000002 0.596869 0.841487
  40 1.330003 3.801436 -0.471858 0.880312 0.293770 -0.372491 0.596869 0.839530
  40 1.330003 3.801436 -0.451858 1.000000 0.000000 0.000002 0.596869 0.841487
knife_butterfly.bmp
  40 1.330003 3.801436 -0.471858 0.880312 0.293770 -0.372491 0.596869 0.839530
  40 1.330003 3.821436 -0.461858 0.880317 0.403447 -0.249546 0.598826 0.839530
  40 1.330003 3.801436 -0.451858 1.000000 0.000000 0.000002 0.596869 0.841487
knife_butterfly.bmp
  40 1.330003 3.801436 -0.451858 1.000000 0.000000 0.000002 0.596869 0.841487
  40 1.330003 3.821436 -0.461858 0.880317 0.403447 -0.249546 0.598826 0.839530
  40 1.330003 3.801436 -0.441858 1.000000 0.000000 0.000002 0.596869 0.841487
knife_butterfly.bmp
  40 1.330003 3.821436 -0.461858 0.880317 0.403447 -0.249546 0.598826 0.839530
  40 1.330003 3.821437 -0.441858 0.880319 0.464463 -0.096497 0.598826 0.841487
  40 1.330003 3.801436 -0.441858 1.000000 0.000000 0.000002 0.596869 0.841487
knife_butterfly.bmp
  40 1.330003 3.801436 -0.441858 1.000000 0.000000 0.000002 0.596869 0.841487
  40 1.330003 3.821437 -0.441858 0.880319 0.464463 -0.096497 0.598826 0.841487
  40 1.330003 3.801436 -0.421858 1.000000 0.000000 0.000002 0.596869 0.841487
knife_butterfly.bmp
  40 1.330003 3.821437 -0.441858 0.880319 0.464463 -0.096497 0.598826 0.841487
  40 1.330003 3.821437 -0.421858 0.880322 0.469455 0.068156 0.598826 0.841487
  40 1.330003 3.801436 -0.421858 1.000000 0.000000 0.000002 0.596869 0.841487
knife_butterfly.bmp
  40 1.330003 3.801436 -0.421858 1.000000 0.000000 0.000002 0.596869 0.841487
  40 1.330003 3.821437 -0.421858 0.880322 0.469455 0.068156 0.598826 0.841487
  40 1.330003 3.801436 -0.411858 1.000000 0.000000 0.000002 0.596869 0.841487
knife_butterfly.bmp
  40 1.330003 3.821437 -0.421858 0.880322 0.469455 0.068156 0.598826 0.841487
  40 1.330003 3.821437 -0.401858 0.880306 0.417849 0.224643 0.598826 0.843444
  40 1.330003 3.801436 -0.411858 1.000000 0.000000 0.000002 0.596869 0.841487
knife_butterfly.bmp
  40 1.330003 3.801436 -0.411858 1.000000 0.000000 0.000002 0.596869 0.841487
  40 1.330003 3.821437 -0.401858 0.880306 0.417849 0.224643 0.598826 0.843444
  40 1.330003 3.791436 -0.401858 1.000000 0.000000 0.000002 0.596869 0.843444
knife_butterfly.bmp
  40 1.320003 3.831436 -0.401858 0.618405 0.692171 0.372121 0.598826 0.843444
  40 1.320003 3.811436 -0.381858 0.618429 0.523160 0.586387 0.598826 0.843444
  40 1.330003 3.801436 -0.391858 0.880317 0.315812 0.353983 0.598826 0.843444
knife_butterfly.bmp
  40 1.330003 3.801436 -0.391858 0.880317 0.315812 0.353983 0.598826 0.843444
  40 1.320003 3.811436 -0.381858 0.618429 0.523160 0.586387 0.598826 0.843444
  40 1.330003 3.791436 -0.381858 0.880318 0.175704 0.440645 0.596869 0.843444
knife_butterfly.bmp
  40 1.320003 3.811436 -0.381858 0.618429 0.523160 0.586387 0.598826 0.843444
  40 1.340003 3.791437 -0.361858 0.618428 0.291050 0.729956 0.596869 0.845401
  40 1.330003 3.791436 -0.381858 0.880318 0.175704 0.440645 0.596869 0.843444
knife_butterfly.bmp
  40 1.330003 3.791436 -0.381858 0.880318 0.175704 0.440645 0.596869 0.843444
  40 1.340003 3.791437 -0.361858 0.618428 0.291050 0.729956 0.596869 0.845401
  40 1.340003 3.771437 -0.371858 0.880315 0.014393 0.474171 0.596869 0.843444
knife_butterfly.bmp
  40 1.340003 3.791437 -0.361858 0.618428 0.291050 0.729956 0.596869 0.845401
  40 1.340003 3.771437 -0.361858 0.618420 0.023835 0.785486 0.596869 0.845401
  40 1.340003 3.771437 -0.371858 0.880315 0.014393 0.474171 0.596869 0.843444
knife_butterfly.bmp
  40 1.340003 3.771437 -0.371858 0.880315 0.014393 0.474171 0.596869 0.843444
  40 1.340003 3.771437 -0.361858 0.618420 0.023835 0.785486 0.596869 0.845401
  40 1.340003 3.751437 -0.371858 0.880314 -0.148650 0.450501 0.594912 0.843444
knife_butterfly.bmp
  40 1.340003 3.771437 -0.361858 0.618420 0.023835 0.785486 0.596869 0.845401
  40 1.340003 3.751437 -0.361858 0.618416 -0.246251 0.746272 0.594912 0.845401
  40 1.340003 3.751437 -0.371858 0.880314 -0.148650 0.450501 0.594912 0.843444
knife_butterfly.bmp
  40 1.340003 3.751437 -0.371858 0.880314 -0.148650 0.450501 0.594912 0.843444
  40 1.340003 3.751437 -0.361858 0.618416 -0.246251 0.746272 0.594912 0.845401
  40 1.330003 3.731437 -0.381858 0.880308 -0.293782 0.372491 0.594912 0.843444
knife_butterfly.bmp
  40 1.340003 3.751437 -0.361858 0.618416 -0.246251 0.746272 0.594912 0.845401
  40 1.330003 3.721436 -0.371858 0.618412 -0.486652 0.617038 0.594912 0.845401
  40 1.330003 3.731437 -0.381858 0.880308 -0.293782 0.372491 0.594912 0.843444
knife_butterfly.bmp
  40 1.330003 3.731437 -0.381858 0.880308 -0.293782 0.372491 0.594912 0.843444
  40 1.330003 3.721436 -0.371858 0.618412 -0.486652 0.617038 0.594912 0.845401
  40 1.330003 3.721436 -0.401858 0.880320 -0.403439 0.249546 0.594912 0.843444
knife_butterfly.bmp
  40 1.330003 3.721436 -0.371858 0.618412 -0.486652 0.617038 0.594912 0.845401
  40 1.320003 3.711437 -0.401858 0.618438 -0.668316 0.413387 0.592955 0.843444
  40 1.330003 3.721436 -0.401858 0.880320 -0.403439 0.249546 0.594912 0.843444
knife_butterfly.bmp
  40 1.330003 3.721436 -0.401858 0.880320 -0.403439 0.249546 0.594912 0.843444
  40 1.320003 3.711437 -0.401858 0.618438 -0.668316 0.413387 0.592955 0.843444
  40 1.330003 3.711436 -0.441858 0.880318 -0.464463 0.096514 0.592955 0.843444
knife_butterfly.bmp
  40 1.320003 3.711437 -0.401858 0.618438 -0.668316 0.413387 0.592955 0.843444
  40 1.320003 3.701436 -0.431858 0.618432 -0.769403 0.159881 0.592955 0.843444
  40 1.330003 3.711436 -0.441858 0.880318 -0.464463 0.096514 0.592955 0.843444
knife_butterfly.bmp
  40 1.330003 3.711436 -0.441858 0.880318 -0.464463 0.096514 0.592955 0.843444
  40 1.320003 3.701436 -0.431858 0.618432 -0.769403 0.159881 0.592955 0.843444
  40 1.330003 3.711436 -0.461858 0.880316 -0.469464 -0.068168 0.592955 0.841487
knife_butterfly.bmp
  40 1.320003 3.701436 -0.431858 0.618432 -0.769403 0.159881 0.592955 0.843444
  40 1.320003 3.701436 -0.461858 0.618434 -0.777681 -0.112923 0.592955 0.841487
  40 1.330003 3.711436 -0.461858 0.880316 -0.469464 -0.068168 0.592955 0.841487
knife_butterfly.bmp
  40 1.330003 3.711436 -0.461858 0.880316 -0.469464 -0.068168 0.592955 0.841487
  40 1.320003 3.701436 -0.461858 0.618434 -0.777681 -0.112923 0.592955 0.841487
  40 1.330003 3.721436 -0.471858 0.880320 -0.417829 -0.224622 0.592955 0.841487
knife_butterfly.bmp
  40 1.320003 3.701436 -0.461858 0.618434 -0.777681 -0.112923 0.592955 0.841487
  40 1.320003 3.711436 -0.481858 0.618434 -0.692159 -0.372096 0.592955 0.841487
  40 1.330003 3.721436 -0.471858 0.880320 -0.417829 -0.224622 0.592955 0.841487
knife_butterfly.bmp
  40 1.330003 3.721436 -0.471858 0.880320 -0.417829 -0.224622 0.592955 0.841487
  40 1.320003 3.711436 -0.481858 0.618434 -0.692159 -0.372096 0.592955 0.841487
  40 1.330003 3.731436 -0.471858 0.880320 -0.315817 -0.353973 0.594912 0.839530
knife_butterfly.bmp
  40 1.320003 3.711436 -0.481858 0.618434 -0.692159 -0.372096 0.592955 0.841487
  40 1.320003 3.721436 -0.481858 0.618428 -0.523163 -0.586385 0.592955 0.839530
  40 1.330003 3.731436 -0.471858 0.880320 -0.315817 -0.353973 0.594912 0.839530
knife_butterfly.bmp
  40 1.330003 3.731436 -0.471858 0.880320 -0.315817 -0.353973 0.594912 0.839530
  40 1.320003 3.721436 -0.481858 0.618428 -0.523163 -0.586385 0.592955 0.839530
  40 1.330003 3.751436 -0.481858 0.880310 -0.175696 -0.440665 0.594912 0.839530
knife_butterfly.bmp
  40 1.320003 3.721436 -0.481858 0.618428 -0.523163 -0.586385 0.592955 0.839530
  40 1.320003 3.741436 -0.491858 0.618418 -0.291050 -0.729965 0.594912 0.839530
  40 1.330003 3.751436 -0.481858 0.880310 -0.175696 -0.440665 0.594912 0.839530
knife_butterfly.bmp
  40 1.330003 3.751436 -0.481858 0.880310 -0.175696 -0.440665 0.594912 0.839530
  40 1.320003 3.741436 -0.491858 0.618418 -0.291050 -0.729965 0.594912 0.839530
  40 1.330003 3.771436 -0.491858 0.880317 -0.014387 -0.474167 0.594912 0.839530
knife_butterfly.bmp
  40 1.320003 3.741436 -0.491858 0.618418 -0.291050 -0.729965 0.594912 0.839530
  40 1.320003 3.761436 -0.501858 0.618423 -0.023836 -0.785484 0.594912 0.839530
  40 1.330003 3.771436 -0.491858 0.880317 -0.014387 -0.474167 0.594912 0.839530
knife_butterfly.bmp
  40 1.330003 3.771436 -0.491858 0.880317 -0.014387 -0.474167 0.594912 0.839530
  40 1.320003 3.761436 -0.501858 0.618423 -0.023836 -0.785484 0.594912 0.839530
  40 1.330003 3.781436 -0.481858 0.880315 0.148652 -0.450498 0.596869 0.839530
knife_butterfly.bmp
  40 1.320003 3.761436 -0.501858 0.618423 -0.023836 -0.785484 0.594912 0.839530
  40 1.320003 3.791436 -0.491858 0.618418 0.246252 -0.746270 0.596869 0.839530
  40 1.330003 3.781436 -0.481858 0.880315 0.148652 -0.450498 0.596869 0.839530
knife_butterfly.bmp
  40 1.330003 3.781436 -0.481858 0.880315 0.148652 -0.450498 0.596869 0.839530
  40 1.320003 3.791436 -0.491858 0.618418 0.246252 -0.746270 0.596869 0.839530
  40 1.330003 3.801436 -0.471858 0.880312 0.293770 -0.372491 0.596869 0.839530
knife_butterfly.bmp
  40 1.320003 3.791436 -0.491858 0.618418 0.246252 -0.746270 0.596869 0.839530
  40 1.320003 3.811436 -0.481858 0.618413 0.486641 -0.617046 0.596869 0.839530
  40 1.330003 3.801436 -0.471858 0.880312 0.293770 -0.372491 0.596869 0.839530
knife_butterfly.bmp
  40 1.330003 3.801436 -0.471858 0.880312 0.293770 -0.372491 0.596869 0.839530
  40 1.320003 3.811436 -0.481858 0.618413 0.486641 -0.617046 0.596869 0.839530
  40 1.330003 3.821436 -0.461858 0.880317 0.403447 -0.249546 0.598826 0.839530
knife_butterfly.bmp
  40 1.320003 3.811436 -0.481858 0.618413 0.486641 -0.617046 0.596869 0.839530
  40 1.320003 3.831436 -0.471858 0.618441 0.668315 -0.413383 0.598826 0.839530
  40 1.330003 3.821436 -0.461858 0.880317 0.403447 -0.249546 0.598826 0.839530
knife_butterfly.bmp
  40 1.330003 3.821436 -0.461858 0.880317 0.403447 -0.249546 0.598826 0.839530
  40 1.320003 3.831436 -0.471858 0.618441 0.668315 -0.413383 0.598826 0.839530
  40 1.330003 3.821437 -0.441858 0.880319 0.464463 -0.096497 0.598826 0.841487
knife_butterfly.bmp
  40 1.320003 3.831436 -0.471858 0.618441 0.668315 -0.413383 0.598826 0.839530
  40 1.320003 3.831436 -0.441858 0.618434 0.769404 -0.159864 0.598826 0.841487
  40 1.330003 3.821437 -0.441858 0.880319 0.464463 -0.096497 0.598826 0.841487
knife_butterfly.bmp
  40 1.330003 3.821437 -0.441858 0.880319 0.464463 -0.096497 0.598826 0.841487
  40 1.320003 3.831436 -0.441858 0.618434 0.769404 -0.159864 0.598826 0.841487
  40 1.330003 3.821437 -0.421858 0.880322 0.469455 0.068156 0.598826 0.841487
knife_butterfly.bmp
  40 1.320003 3.831436 -0.441858 0.618434 0.769404 -0.159864 0.598826 0.841487
  40 1.320003 3.841437 -0.421858 0.618432 0.777683 0.112918 0.598826 0.841487
  40 1.330003 3.821437 -0.421858 0.880322 0.469455 0.068156 0.598826 0.841487
knife_butterfly.bmp
  40 1.330003 3.821437 -0.421858 0.880322 0.469455 0.068156 0.598826 0.841487
  40 1.320003 3.841437 -0.421858 0.618432 0.777683 0.112918 0.598826 0.841487
  40 1.330003 3.821437 -0.401858 0.880306 0.417849 0.224643 0.598826 0.843444
knife_butterfly.bmp
  40 1.320003 3.841437 -0.421858 0.618432 0.777683 0.112918 0.598826 0.841487
  40 1.320003 3.831436 -0.401858 0.618405 0.692171 0.372121 0.598826 0.843444
  40 1.330003 3.821437 -0.401858 0.880306 0.417849 0.224643 0.598826 0.843444
knife_butterfly.bmp
  40 1.330003 3.821437 -0.401858 0.880306 0.417849 0.224643 0.598826 0.843444
  40 1.320003 3.831436 -0.401858 0.618405 0.692171 0.372121 0.598826 0.843444
  40 1.330003 3.801436 -0.391858 0.880317 0.315812 0.353983 0.598826 0.843444
knife_butterfly.bmp
  37 0.680000 4.139999 0.029997 -0.266172 -0.859682 -0.436003 0.495108 0.833659
  37 0.680000 4.130000 0.039997 -0.266173 -0.658752 -0.703703 0.495108 0.833659
  37 0.630000 4.149999 0.029997 -0.266172 -0.859682 -0.436003 0.497065 0.835616
knife_butterfly.bmp
  37 0.630000 4.149999 0.029997 -0.266172 -0.859682 -0.436003 0.497065 0.835616
  37 0.680000 4.130000 0.039997 -0.266173 -0.658752 -0.703703 0.495108 0.833659
  37 0.630000 4.139999 0.039997 -0.266173 -0.658752 -0.703703 0.497065 0.835616
knife_butterfly.bmp
  37 0.680000 4.130000 0.039997 -0.266173 -0.658752 -0.703703 0.495108 0.833659
  37 0.680000 4.130000 0.039997 -0.266144 -0.378289 -0.886603 0.495108 0.833659
  37 0.630000 4.139999 0.039997 -0.266173 -0.658752 -0.703703 0.497065 0.835616
knife_butterfly.bmp
  37 0.630000 4.139999 0.039997 -0.266173 -0.658752 -0.703703 0.497065 0.835616
  37 0.680000 4.130000 0.039997 -0.266144 -0.378289 -0.886603 0.495108 0.833659
  37 0.630000 4.130000 0.049997 -0.266144 -0.378289 -0.886603 0.497065 0.833659
knife_butterfly.bmp
  37 0.680000 4.130000 0.039997 -0.266144 -0.378289 -0.886603 0.495108 0.833659
  37 0.680000 4.119999 0.039997 -0.266152 -0.052262 -0.962513 0.495108 0.833659
  37 0.630000 4.130000 0.049997 -0.266144 -0.378289 -0.886603 0.497065 0.833659
knife_butterfly.bmp
  37 0.630000 4.130000 0.049997 -0.266144 -0.378289 -0.886603 0.497065 0.833659
  37 0.680000 4.119999 0.039997 -0.266152 -0.052262 -0.962513 0.495108 0.833659
  37 0.630000 4.119999 0.049997 -0.266152 -0.052262 -0.962513 0.497065 0.833659
knife_butterfly.bmp
  37 0.680000 4.119999 0.039997 -0.266152 -0.052262 -0.962513 0.495108 0.833659
  37 0.680000 4.110000 0.039997 -0.266146 0.280109 -0.922337 0.495108 0.833659
  37 0.630000 4.119999 0.049997 -0.266152 -0.052262 -0.962513 0.497065 0.833659
knife_butterfly.bmp
  37 0.630000 4.119999 0.049997 -0.266152 -0.052262 -0.962513 0.497065 0.833659
  37 0.680000 4.110000 0.039997 -0.266146 0.280109 -0.922337 0.495108 0.833659
  37 0.630000 4.099999 0.049997 -0.266146 0.280109 -0.922337 0.497065 0.831703
knife_butterfly.bmp
  37 0.680000 4.110000 0.039997 -0.266146 0.280109 -0.922337 0.495108 0.833659
  37 0.680000 4.099999 0.039997 -0.266152 0.578669 -0.770912 0.493151 0.833659
  37 0.630000 4.099999 0.049997 -0.266146 0.280109 -0.922337 0.497065 0.831703
knife_butterfly.bmp
  37 0.630000 4.099999 0.049997 -0.266146 0.280109 -0.922337 0.497065 0.831703
  37 0.680000 4.099999 0.039997 -0.266152 0.578669 -0.770912 0.493151 0.833659
  37 0.630000 4.090000 0.049997 -0.266152 0.578669 -0.770912 0.495108 0.831703
knife_butterfly.bmp
  37 0.680000 4.099999 0.039997 -0.266152 0.578669 -0.770912 0.493151 0.833659
  37 0.680000 4.090000 0.029997 -0.266148 0.807431 -0.526517 0.493151 0.833659
  37 0.630000 4.090000 0.049997 -0.266152 0.578669 -0.770912 0.495108 0.831703
knife_butterfly.bmp
  37 0.630000 4.090000 0.049997 -0.266152 0.578669 -0.770912 0.495108 0.831703
  37 0.680000 4.090000 0.029997 -0.266148 0.807431 -0.526517 0.493151 0.833659
  37 0.630000 4.079999 0.039997 -0.266148 0.807431 -0.526517 0.495108 0.831703
knife_butterfly.bmp
  37 0.680000 4.090000 0.029997 -0.266148 0.807431 -0.526517 0.493151 0.833659
  37 0.680000 4.090000 0.019997 -0.266143 0.938828 -0.218561 0.493151 0.833659
  37 0.630000 4.079999 0.039997 -0.266148 0.807431 -0.526517 0.495108 0.831703
knife_butterfly.bmp
  37 0.630000 4.079999 0.039997 -0.266148 0.807431 -0.526517 0.495108 0.831703
  37 0.680000 4.090000 0.019997 -0.266143 0.938828 -0.218561 0.493151 0.833659
  37 0.630000 4.079999 0.019997 -0.266143 0.938828 -0.218561 0.493151 0.831703
knife_butterfly.bmp
  37 0.680000 4.090000 0.019997 -0.266143 0.938828 -0.218561 0.493151 0.833659
  37 0.680000 4.090000 0.009997 -0.266140 0.956967 0.115687 0.493151 0.835616
  37 0.630000 4.079999 0.019997 -0.266143 0.938828 -0.218561 0.493151 0.831703
knife_butterfly.bmp
  37 0.630000 4.079999 0.019997 -0.266143 0.938828 -0.218561 0.493151 0.831703
  37 0.680000 4.090000 0.009997 -0.266140 0.956967 0.115687 0.493151 0.835616
  37 0.630000 4.079999 0.009997 -0.266140 0.956967 0.115687 0.493151 0.833659
knife_butterfly.bmp
  37 0.680000 4.090000 0.009997 -0.266140 0.956967 0.115687 0.493151 0.835616
  37 0.680000 4.090000 -0.000003 -0.266155 0.859701 0.435976 0.493151 0.835616
  37 0.630000 4.079999 0.009997 -0.266140 0.956967 0.115687 0.493151 0.833659
knife_butterfly.bmp
  37 0.630000 4.079999 0.009997 -0.266140 0.956967 0.115687 0.493151 0.833659
  37 0.680000 4.090000 -0.000003 -0.266155 0.859701 0.435976 0.493151 0.835616
  37 0.630000 4.079999 -0.000003 -0.266155 0.859701 0.435976 0.493151 0.833659
knife_butterfly.bmp
  37 0.680000 4.090000 -0.000003 -0.266155 0.859701 0.435976 0.493151 0.835616
  37 0.680000 4.090000 -0.010003 -0.266157 0.658725 0.703734 0.493151 0.835616
  37 0.630000 4.079999 -0.000003 -0.266155 0.859701 0.435976 0.493151 0.833659
knife_butterfly.bmp
  37 0.630000 4.079999 -0.000003 -0.266155 0.859701 0.435976 0.493151 0.833659
  37 0.680000 4.090000 -0.010003 -0.266157 0.658725 0.703734 0.493151 0.835616
  37 0.630000 4.090000 -0.010003 -0.266157 0.658725 0.703734 0.493151 0.835616
knife_butterfly.bmp
  37 0.680000 4.090000 -0.010003 -0.266157 0.658725 0.703734 0.493151 0.835616
  37 0.680000 4.099999 -0.010003 -0.266162 0.378293 0.886596 0.495108 0.835616
  37 0.630000 4.090000 -0.010003 -0.266157 0.658725 0.703734 0.493151 0.835616
knife_butterfly.bmp
  37 0.630000 4.090000 -0.010003 -0.266157 0.658725 0.703734 0.493151 0.835616
  37 0.680000 4.099999 -0.010003 -0.266162 0.378293 0.886596 0.495108 0.835616
  37 0.630000 4.099999 -0.020003 -0.266162 0.378293 0.886596 0.493151 0.835616
knife_butterfly.bmp
  37 0.680000 4.099999 -0.010003 -0.266162 0.378293 0.886596 0.495108 0.835616
  37 0.680000 4.109999 -0.010003 -0.266161 0.052243 0.962512 0.495108 0.835616
  37 0.630000 4.099999 -0.020003 -0.266162 0.378293 0.886596 0.493151 0.835616
knife_butterfly.bmp
  37 0.630000 4.099999 -0.020003 -0.266162 0.378293 0.886596 0.493151 0.835616
  37 0.680000 4.109999 -0.010003 -0.266161 0.052243 0.962512 0.495108 0.835616
  37 0.630000 4.109999 -0.020003 -0.266161 0.052243 0.962512 0.493151 0.835616
knife_butterfly.bmp
  37 0.680000 4.109999 -0.010003 -0.266161 0.052243 0.962512 0.495108 0.835616
  37 0.680000 4.119999 -0.010003 -0.266162 -0.280080 0.922341 0.495108 0.835616
  37 0.630000 4.109999 -0.020003 -0.266161 0.052243 0.962512 0.493151 0.835616
knife_butterfly.bmp
  37 0.630000 4.109999 -0.020003 -0.266161 0.052243 0.962512 0.493151 0.835616
  37 0.680000 4.119999 -0.010003 -0.266162 -0.280080 0.922341 0.495108 0.835616
  37 0.630000 4.129999 -0.020003 -0.266162 -0.280080 0.922341 0.493151 0.837573
knife_butterfly.bmp
  37 0.680000 4.119999 -0.010003 -0.266162 -0.280080 0.922341 0.495108 0.835616
  37 0.680000 4.129999 -0.010003 -0.266175 -0.578655 0.770914 0.495108 0.835616
  37 0.630000 4.129999 -0.020003 -0.266162 -0.280080 0.922341 0.493151 0.837573
knife_butterfly.bmp
  37 0.630000 4.129999 -0.020003 -0.266162 -0.280080 0.922341 0.493151 0.837573
  37 0.680000 4.129999 -0.010003 -0.266175 -0.578655 0.770914 0.495108 0.835616
  37 0.630000 4.139999 -0.020003 -0.266175 -0.578655 0.770914 0.495108 0.837573
knife_butterfly.bmp
  37 0.680000 4.129999 -0.010003 -0.266175 -0.578655 0.770914 0.495108 0.835616
  37 0.680000 4.139999 -0.000003 -0.266154 -0.807444 0.526494 0.495108 0.835616
  37 0.630000 4.139999 -0.020003 -0.266175 -0.578655 0.770914 0.495108 0.837573
knife_butterfly.bmp
  37 0.630000 4.139999 -0.020003 -0.266175 -0.578655 0.770914 0.495108 0.837573
  37 0.680000 4.139999 -0.000003 -0.266154 -0.807444 0.526494 0.495108 0.835616
  37 0.630000 4.149999 -0.010003 -0.266154 -0.807444 0.526494 0.495108 0.837573
knife_butterfly.bmp
  37 0.680000 4.139999 -0.000003 -0.266154 -0.807444 0.526494 0.495108 0.835616
  37 0.680000 4.139999 0.009997 -0.266163 -0.938807 0.218629 0.497065 0.835616
  37 0.630000 4.149999 -0.010003 -0.266154 -0.807444 0.526494 0.495108 0.837573
knife_butterfly.bmp
  37 0.630000 4.149999 -0.010003 -0.266154 -0.807444 0.526494 0.495108 0.837573
  37 0.680000 4.139999 0.009997 -0.266163 -0.938807 0.218629 0.497065 0.835616
  37 0.630000 4.149999 0.009997 -0.266163 -0.938807 0.218629 0.495108 0.837573
knife_butterfly.bmp
  37 0.680000 4.139999 0.009997 -0.266163 -0.938807 0.218629 0.497065 0.835616
  37 0.680000 4.139999 0.019997 -0.266184 -0.956961 -0.115636 0.497065 0.835616
  37 0.630000 4.149999 0.009997 -0.266163 -0.938807 0.218629 0.495108 0.837573
knife_butterfly.bmp
  37 0.630000 4.149999 0.009997 -0.266163 -0.938807 0.218629 0.495108 0.837573
  37 0.680000 4.139999 0.019997 -0.266184 -0.956961 -0.115636 0.497065 0.835616
  37 0.630000 4.149999 0.019997 -0.266184 -0.956961 -0.115636 0.497065 0.835616
knife_butterfly.bmp
  37 0.680000 4.139999 0.019997 -0.266184 -0.956961 -0.115636 0.497065 0.835616
  37 0.680000 4.139999 0.029997 -0.266172 -0.859682 -0.436003 0.495108 0.833659
  37 0.630000 4.149999 0.019997 -0.266184 -0.956961 -0.115636 0.497065 0.835616
knife_butterfly.bmp
  37 0.630000 4.149999 0.019997 -0.266184 -0.956961 -0.115636 0.497065 0.835616
  37 0.680000 4.139999 0.029997 -0.266172 -0.859682 -0.436003 0.495108 0.833659
  37 0.630000 4.149999 0.029997 -0.266172 -0.859682 -0.436003 0.497065 0.835616
knife_butterfly.bmp
  37 0.630000 4.070000 -0.040003 -0.618438 -0.537019 -0.573712 0.491194 0.833659
  37 0.630000 4.050000 -0.020003 -0.618406 -0.700868 -0.355470 0.491194 0.833659
  37 0.630000 4.070000 -0.030003 -0.880308 -0.324176 -0.346364 0.491194 0.835616
knife_butterfly.bmp
  37 0.630000 4.070000 -0.030003 -0.880308 -0.324176 -0.346364 0.491194 0.835616
  37 0.630000 4.050000 -0.020003 -0.618406 -0.700868 -0.355470 0.491194 0.833659
  37 0.630000 4.059999 -0.010003 -0.880305 -0.423094 -0.214602 0.491194 0.833659
knife_butterfly.bmp
  37 0.630000 4.050000 -0.020003 -0.618406 -0.700868 -0.355470 0.491194 0.833659
  37 0.630000 4.050000 0.009997 -0.618393 -0.780190 -0.094308 0.491194 0.831703
  37 0.630000 4.059999 -0.010003 -0.880305 -0.423094 -0.214602 0.491194 0.833659
knife_butterfly.bmp
  37 0.630000 4.059999 -0.010003 -0.880305 -0.423094 -0.214602 0.491194 0.833659
  37 0.630000 4.050000 0.009997 -0.618393 -0.780190 -0.094308 0.491194 0.831703
  37 0.630000 4.059999 0.009997 -0.880304 -0.470982 -0.056932 0.491194 0.831703
knife_butterfly.bmp
  37 0.630000 4.050000 0.009997 -0.618393 -0.780190 -0.094308 0.491194 0.831703
  37 0.630000 4.050000 0.029997 -0.618388 -0.765398 0.178218 0.493151 0.831703
  37 0.630000 4.059999 0.009997 -0.880304 -0.470982 -0.056932 0.491194 0.831703
knife_butterfly.bmp
  37 0.630000 4.059999 0.009997 -0.880304 -0.470982 -0.056932 0.491194 0.831703
  37 0.630000 4.050000 0.029997 -0.618388 -0.765398 0.178218 0.493151 0.831703
  37 0.630000 4.059999 0.029997 -0.880305 -0.462048 0.107588 0.493151 0.831703
knife_butterfly.bmp
  37 0.630000 4.050000 0.029997 -0.618388 -0.765398 0.178218 0.493151 0.831703
  37 0.630000 4.059999 0.049997 -0.618404 -0.658275 0.429244 0.495108 0.829746
  37 0.630000 4.059999 0.029997 -0.880305 -0.462048 0.107588 0.493151 0.831703
knife_butterfly.bmp
  37 0.630000 4.059999 0.029997 -0.880305 -0.462048 0.107588 0.493151 0.831703
  37 0.630000 4.059999 0.049997 -0.618404 -0.658275 0.429244 0.495108 0.829746
  37 0.630000 4.070000 0.049997 -0.880312 -0.397372 0.259125 0.495108 0.831703
knife_butterfly.bmp
  37 0.630000 4.059999 0.049997 -0.618404 -0.658275 0.429244 0.495108 0.829746
  37 0.630000 4.070000 0.069997 -0.618386 -0.471778 0.628510 0.495108 0.829746
  37 0.630000 4.070000 0.049997 -0.880312 -0.397372 0.259125 0.495108 0.831703
knife_butterfly.bmp
  37 0.630000 4.070000 0.049997 -0.880312 -0.397372 0.259125 0.495108 0.831703
  37 0.630000 4.070000 0.069997 -0.618386 -0.471778 0.628510 0.495108 0.829746
  37 0.630000 4.079999 0.059997 -0.880299 -0.284807 0.379419 0.495108 0.831703
knife_butterfly.bmp
  37 0.630000 4.070000 0.069997 -0.618386 -0.471778 0.628510 0.495108 0.829746
  37 0.630000 4.090000 0.079997 -0.618395 -0.228342 0.751963 0.497065 0.831703
  37 0.630000 4.079999 0.059997 -0.880299 -0.284807 0.379419 0.495108 0.831703
knife_butterfly.bmp
  37 0.630000 4.079999 0.059997 -0.880299 -0.284807 0.379419 0.495108 0.831703
  37 0.630000 4.090000 0.079997 -0.618395 -0.228342 0.751963 0.497065 0.831703
  37 0.630000 4.099999 0.069997 -0.880308 -0.137836 0.453938 0.497065 0.831703
knife_butterfly.bmp
  37 0.630000 4.090000 0.079997 -0.618395 -0.228342 0.751963 0.497065 0.831703
  37 0.630000 4.119999 0.079997 -0.618392 0.042605 0.784714 0.499022 0.831703
  37 0.630000 4.099999 0.069997 -0.880308 -0.137836 0.453938 0.497065 0.831703
knife_butterfly.bmp
  37 0.630000 4.099999 0.069997 -0.880308 -0.137836 0.453938 0.497065 0.831703
  37 0.630000 4.119999 0.079997 -0.618392 0.042605 0.784714 0.499022 0.831703
  37 0.630000 4.119999 0.069997 -0.880306 0.025716 0.473708 0.497065 0.831703
knife_butterfly.bmp
  37 0.630000 4.119999 0.079997 -0.618392 0.042605 0.784714 0.499022 0.831703
  37 0.630000 4.139999 0.079997 -0.618391 0.308413 0.722823 0.499022 0.833659
  37 0.630000 4.119999 0.069997 -0.880306 0.025716 0.473708 0.497065 0.831703
knife_butterfly.bmp
  37 0.630000 4.119999 0.069997 -0.880306 0.025716 0.473708 0.497065 0.831703
  37 0.630000 4.139999 0.079997 -0.618391 0.308413 0.722823 0.499022 0.833659
  37 0.630000 4.139999 0.069997 -0.880303 0.186177 0.436354 0.499022 0.833659
knife_butterfly.bmp
  37 0.630000 4.139999 0.079997 -0.618391 0.308413 0.722823 0.499022 0.833659
  37 0.630000 4.159999 0.069997 -0.618390 0.537041 0.573743 0.499022 0.835616
  37 0.630000 4.139999 0.069997 -0.880303 0.186177 0.436354 0.499022 0.833659
knife_butterfly.bmp
  37 0.630000 4.139999 0.069997 -0.880303 0.186177 0.436354 0.499022 0.833659
  37 0.630000 4.159999 0.069997 -0.618390 0.537041 0.573743 0.499022 0.835616
  37 0.630000 4.150000 0.059997 -0.880303 0.324200 0.346353 0.499022 0.835616
knife_butterfly.bmp
  37 0.630000 4.159999 0.069997 -0.618390 0.537041 0.573743 0.499022 0.835616
  37 0.630000 4.179999 0.049997 -0.618393 0.700877 0.355473 0.499022 0.835616
  37 0.630000 4.150000 0.059997 -0.880303 0.324200 0.346353 0.499022 0.835616
knife_butterfly.bmp
  37 0.630000 4.150000 0.059997 -0.880303 0.324200 0.346353 0.499022 0.835616
  37 0.630000 4.179999 0.049997 -0.618393 0.700877 0.355473 0.499022 0.835616
  37 0.630000 4.169999 0.039997 -0.880321 0.423087 0.214550 0.499022 0.835616
knife_butterfly.bmp
  37 0.630000 4.179999 0.049997 -0.618393 0.700877 0.355473 0.499022 0.835616
  37 0.630000 4.179999 0.019997 -0.618437 0.780155 0.094303 0.499022 0.837573
  37 0.630000 4.169999 0.039997 -0.880321 0.423087 0.214550 0.499022 0.835616
knife_butterfly.bmp
  37 0.630000 4.169999 0.039997 -0.880321 0.423087 0.214550 0.499022 0.835616
  37 0.630000 4.179999 0.019997 -0.618437 0.780155 0.094303 0.499022 0.837573
  37 0.630000 4.169999 0.019997 -0.880323 0.470948 0.056914 0.497065 0.837573
knife_butterfly.bmp
  37 0.630000 4.179999 0.019997 -0.618437 0.780155 0.094303 0.499022 0.837573
  37 0.630000 4.179999 -0.000003 -0.618433 0.765359 -0.178230 0.497065 0.839530
  37 0.630000 4.169999 0.019997 -0.880323 0.470948 0.056914 0.497065 0.837573
knife_butterfly.bmp
  37 0.630000 4.169999 0.019997 -0.880323 0.470948 0.056914 0.497065 0.837573
  37 0.630000 4.179999 -0.000003 -0.618433 0.765359 -0.178230 0.497065 0.839530
  37 0.630000 4.169999 -0.000003 -0.880313 0.462033 -0.107588 0.497065 0.837573
knife_butterfly.bmp
  37 0.630000 4.179999 -0.000003 -0.618433 0.765359 -0.178230 0.497065 0.839530
  37 0.630000 4.169999 -0.020003 -0.618403 0.658276 -0.429244 0.495108 0.839530
  37 0.630000 4.169999 -0.000003 -0.880313 0.462033 -0.107588 0.497065 0.837573
knife_butterfly.bmp
  37 0.630000 4.169999 -0.000003 -0.880313 0.462033 -0.107588 0.497065 0.837573
  37 0.630000 4.169999 -0.020003 -0.618403 0.658276 -0.429244 0.495108 0.839530
  37 0.630000 4.159999 -0.020003 -0.880310 0.397381 -0.259118 0.495108 0.837573
knife_butterfly.bmp
  37 0.630000 4.169999 -0.020003 -0.618403 0.658276 -0.429244 0.495108 0.839530
  37 0.630000 4.159999 -0.040003 -0.618405 0.471768 -0.628499 0.493151 0.839530
  37 0.630000 4.159999 -0.020003 -0.880310 0.397381 -0.259118 0.495108 0.837573
knife_butterfly.bmp
  37 0.630000 4.159999 -0.020003 -0.880310 0.397381 -0.259118 0.495108 0.837573
  37 0.630000 4.159999 -0.040003 -0.618405 0.471768 -0.628499 0.493151 0.839530
  37 0.630000 4.149999 -0.030003 -0.880306 0.284796 -0.379411 0.493151 0.837573
knife_butterfly.bmp
  37 0.630000 4.159999 -0.040003 -0.618405 0.471768 -0.628499 0.493151 0.839530
  37 0.630000 4.129999 -0.050003 -0.618412 0.228340 -0.751949 0.493151 0.839530
  37 0.630000 4.149999 -0.030003 -0.880306 0.284796 -0.379411 0.493151 0.837573
knife_butterfly.bmp
  37 0.630000 4.149999 -0.030003 -0.880306 0.284796 -0.379411 0.493151 0.837573
  37 0.630000 4.129999 -0.050003 -0.618412 0.228340 -0.751949 0.493151 0.839530
  37 0.630000 4.129999 -0.040003 -0.880314 0.137846 -0.453922 0.493151 0.837573
knife_butterfly.bmp
  37 0.630000 4.129999 -0.050003 -0.618412 0.228340 -0.751949 0.493151 0.839530
  37 0.630000 4.109999 -0.050003 -0.618421 -0.042612 -0.784691 0.491194 0.837573
  37 0.630000 4.129999 -0.040003 -0.880314 0.137846 -0.453922 0.493151 0.837573
knife_butterfly.bmp
  37 0.630000 4.129999 -0.040003 -0.880314 0.137846 -0.453922 0.493151 0.837573
  37 0.630000 4.109999 -0.050003 -0.618421 -0.042612 -0.784691 0.491194 0.837573
  37 0.630000 4.109999 -0.040003 -0.880310 -0.025708 -0.473701 0.491194 0.837573
knife_butterfly.bmp
  37 0.630000 4.109999 -0.050003 -0.618421 -0.042612 -0.784691 0.491194 0.837573
  37 0.630000 4.089999 -0.050003 -0.618430 -0.308422 -0.722787 0.491194 0.835616
  37 0.630000 4.109999 -0.040003 -0.880310 -0.025708 -0.473701 0.491194 0.837573
knife_butterfly.bmp
  37 0.630000 4.109999 -0.040003 -0.880310 -0.025708 -0.473701 0.491194 0.837573
  37 0.630000 4.089999 -0.050003 -0.618430 -0.308422 -0.722787 0.491194 0.835616
  37 0.630000 4.089999 -0.040003 -0.880317 -0.186177 -0.436325 0.491194 0.835616
knife_butterfly.bmp
  37 0.630000 4.089999 -0.050003 -0.618430 -0.308422 -0.722787 0.491194 0.835616
  37 0.630000 4.070000 -0.040003 -0.618438 -0.537019 -0.573712 0.491194 0.833659
  37 0.630000 4.089999 -0.040003 -0.880317 -0.186177 -0.436325 0.491194 0.835616
knife_butterfly.bmp
  37 0.630000 4.089999 -0.040003 -0.880317 -0.186177 -0.436325 0.491194 0.835616
  37 0.630000 4.070000 -0.040003 -0.618438 -0.537019 -0.573712 0.491194 0.833659
  37 0.630000 4.070000 -0.030003 -0.880308 -0.324176 -0.346364 0.491194 0.835616
knife_butterfly.bmp
  37 0.630000 4.070000 -0.030003 -0.880308 -0.324176 -0.346364 0.491194 0.835616
  37 0.630000 4.059999 -0.010003 -0.880305 -0.423094 -0.214602 0.491194 0.833659
  37 0.630000 4.090000 -0.010003 -1.000000 0.000000 0.000000 0.493151 0.835616
knife_butterfly.bmp
  37 0.630000 4.090000 -0.010003 -1.000000 0.000000 0.000000 0.493151 0.835616
  37 0.630000 4.059999 -0.010003 -0.880305 -0.423094 -0.214602 0.491194 0.833659
  37 0.630000 4.079999 -0.000003 -1.000000 0.000000 0.000000 0.493151 0.833659
knife_butterfly.bmp
  37 0.630000 4.059999 -0.010003 -0.880305 -0.423094 -0.214602 0.491194 0.833659
  37 0.630000 4.059999 0.009997 -0.880304 -0.470982 -0.056932 0.491194 0.831703
  37 0.630000 4.079999 -0.000003 -1.000000 0.000000 0.000000 0.493151 0.833659
knife_butterfly.bmp
  37 0.630000 4.079999 -0.000003 -1.000000 0.000000 0.000000 0.493151 0.833659
  37 0.630000 4.059999 0.009997 -0.880304 -0.470982 -0.056932 0.491194 0.831703
  37 0.630000 4.079999 0.009997 -1.000000 0.000000 0.000000 0.493151 0.833659
knife_butterfly.bmp
  37 0.630000 4.059999 0.009997 -0.880304 -0.470982 -0.056932 0.491194 0.831703
  37 0.630000 4.059999 0.029997 -0.880305 -0.462048 0.107588 0.493151 0.831703
  37 0.630000 4.079999 0.009997 -1.000000 0.000000 0.000000 0.493151 0.833659
knife_butterfly.bmp
  37 0.630000 4.079999 0.009997 -1.000000 0.000000 0.000000 0.493151 0.833659
  37 0.630000 4.059999 0.029997 -0.880305 -0.462048 0.107588 0.493151 0.831703
  37 0.630000 4.079999 0.019997 -1.000000 0.000000 0.000000 0.493151 0.831703
knife_butterfly.bmp
  37 0.630000 4.059999 0.029997 -0.880305 -0.462048 0.107588 0.493151 0.831703
  37 0.630000 4.070000 0.049997 -0.880312 -0.397372 0.259125 0.495108 0.831703
  37 0.630000 4.079999 0.019997 -1.000000 0.000000 0.000000 0.493151 0.831703
knife_butterfly.bmp
  37 0.630000 4.079999 0.019997 -1.000000 0.000000 0.000000 0.493151 0.831703
  37 0.630000 4.070000 0.049997 -0.880312 -0.397372 0.259125 0.495108 0.831703
  37 0.630000 4.079999 0.039997 -1.000000 0.000000 0.000000 0.495108 0.831703
knife_butterfly.bmp
  37 0.630000 4.070000 0.049997 -0.880312 -0.397372 0.259125 0.495108 0.831703
  37 0.630000 4.079999 0.059997 -0.880299 -0.284807 0.379419 0.495108 0.831703
  37 0.630000 4.079999 0.039997 -1.000000 0.000000 0.000000 0.495108 0.831703
knife_butterfly.bmp
  37 0.630000 4.079999 0.039997 -1.000000 0.000000 0.000000 0.495108 0.831703
  37 0.630000 4.079999 0.059997 -0.880299 -0.284807 0.379419 0.495108 0.831703
  37 0.630000 4.090000 0.049997 -1.000000 0.000000 0.000000 0.495108 0.831703
knife_butterfly.bmp
  37 0.630000 4.079999 0.059997 -0.880299 -0.284807 0.379419 0.495108 0.831703
  37 0.630000 4.099999 0.069997 -0.880308 -0.137836 0.453938 0.497065 0.831703
  37 0.630000 4.090000 0.049997 -1.000000 0.000000 0.000000 0.495108 0.831703
knife_butterfly.bmp
  37 0.630000 4.090000 0.049997 -1.000000 0.000000 0.000000 0.495108 0.831703
  37 0.630000 4.099999 0.069997 -0.880308 -0.137836 0.453938 0.497065 0.831703
  37 0.630000 4.099999 0.049997 -1.000000 0.000000 0.000000 0.497065 0.831703
knife_butterfly.bmp
  37 0.630000 4.099999 0.069997 -0.880308 -0.137836 0.453938 0.497065 0.831703
  37 0.630000 4.119999 0.069997 -0.880306 0.025716 0.473708 0.497065 0.831703
  37 0.630000 4.099999 0.049997 -1.000000 0.000000 0.000000 0.497065 0.831703
knife_butterfly.bmp
  37 0.630000 4.099999 0.049997 -1.000000 0.000000 0.000000 0.497065 0.831703
  37 0.630000 4.119999 0.069997 -0.880306 0.025716 0.473708 0.497065 0.831703
  37 0.630000 4.119999 0.049997 -1.000000 0.000000 0.000000 0.497065 0.833659
knife_butterfly.bmp
  37 0.630000 4.119999 0.069997 -0.880306 0.025716 0.473708 0.497065 0.831703
  37 0.630000 4.139999 0.069997 -0.880303 0.186177 0.436354 0.499022 0.833659
  37 0.630000 4.119999 0.049997 -1.000000 0.000000 0.000000 0.497065 0.833659
knife_butterfly.bmp
  37 0.630000 4.119999 0.049997 -1.000000 0.000000 0.000000 0.497065 0.833659
  37 0.630000 4.139999 0.069997 -0.880303 0.186177 0.436354 0.499022 0.833659
  37 0.630000 4.130000 0.049997 -1.000000 0.000000 0.000000 0.497065 0.833659
knife_butterfly.bmp
  37 0.630000 4.139999 0.069997 -0.880303 0.186177 0.436354 0.499022 0.833659
  37 0.630000 4.150000 0.059997 -0.880303 0.324200 0.346353 0.499022 0.835616
  37 0.630000 4.130000 0.049997 -1.000000 0.000000 0.000000 0.497065 0.833659
knife_butterfly.bmp
  37 0.630000 4.130000 0.049997 -1.000000 0.000000 0.000000 0.497065 0.833659
  37 0.630000 4.150000 0.059997 -0.880303 0.324200 0.346353 0.499022 0.835616
  37 0.630000 4.139999 0.039997 -1.000000 0.000000 0.000000 0.497065 0.835616
knife_butterfly.bmp
  37 0.630000 4.150000 0.059997 -0.880303 0.324200 0.346353 0.499022 0.835616
  37 0.630000 4.169999 0.039997 -0.880321 0.423087 0.214550 0.499022 0.835616
  37 0.630000 4.139999 0.039997 -1.000000 0.000000 0.000000 0.497065 0.835616
knife_butterfly.bmp
  37 0.630000 4.139999 0.039997 -1.000000 0.000000 0.000000 0.497065 0.835616
  37 0.630000 4.169999 0.039997 -0.880321 0.423087 0.214550 0.499022 0.835616
  37 0.630000 4.149999 0.029997 -1.000000 0.000000 0.000000 0.497065 0.835616
knife_butterfly.bmp
  37 0.630000 4.169999 0.039997 -0.880321 0.423087 0.214550 0.499022 0.835616
  37 0.630000 4.169999 0.019997 -0.880323 0.470948 0.056914 0.497065 0.837573
  37 0.630000 4.149999 0.029997 -1.000000 0.000000 0.000000 0.497065 0.835616
knife_butterfly.bmp
  37 0.630000 4.149999 0.029997 -1.000000 0.000000 0.000000 0.497065 0.835616
  37 0.630000 4.169999 0.019997 -0.880323 0.470948 0.056914 0.497065 0.837573
  37 0.630000 4.149999 0.019997 -1.000000 0.000000 0.000000 0.497065 0.835616
knife_butterfly.bmp
  37 0.630000 4.169999 0.019997 -0.880323 0.470948 0.056914 0.497065 0.837573
  37 0.630000 4.169999 -0.000003 -0.880313 0.462033 -0.107588 0.497065 0.837573
  37 0.630000 4.149999 0.019997 -1.000000 0.000000 0.000000 0.497065 0.835616
knife_butterfly.bmp
  37 0.630000 4.149999 0.019997 -1.000000 0.000000 0.000000 0.497065 0.835616
  37 0.630000 4.169999 -0.000003 -0.880313 0.462033 -0.107588 0.497065 0.837573
  37 0.630000 4.149999 0.009997 -1.000000 0.000000 0.000000 0.495108 0.837573
knife_butterfly.bmp
  37 0.630000 4.169999 -0.000003 -0.880313 0.462033 -0.107588 0.497065 0.837573
  37 0.630000 4.159999 -0.020003 -0.880310 0.397381 -0.259118 0.495108 0.837573
  37 0.630000 4.149999 0.009997 -1.000000 0.000000 0.000000 0.495108 0.837573
knife_butterfly.bmp
  37 0.630000 4.149999 0.009997 -1.000000 0.000000 0.000000 0.495108 0.837573
  37 0.630000 4.159999 -0.020003 -0.880310 0.397381 -0.259118 0.495108 0.837573
  37 0.630000 4.149999 -0.010003 -1.000000 0.000000 0.000000 0.495108 0.837573
knife_butterfly.bmp
  37 0.630000 4.159999 -0.020003 -0.880310 0.397381 -0.259118 0.495108 0.837573
  37 0.630000 4.149999 -0.030003 -0.880306 0.284796 -0.379411 0.493151 0.837573
  37 0.630000 4.149999 -0.010003 -1.000000 0.000000 0.000000 0.495108 0.837573
knife_butterfly.bmp
  37 0.630000 4.149999 -0.010003 -1.000000 0.000000 0.000000 0.495108 0.837573
  37 0.630000 4.149999 -0.030003 -0.880306 0.284796 -0.379411 0.493151 0.837573
  37 0.630000 4.139999 -0.020003 -1.000000 0.000000 0.000000 0.495108 0.837573
knife_butterfly.bmp
  37 0.630000 4.149999 -0.030003 -0.880306 0.284796 -0.379411 0.493151 0.837573
  37 0.630000 4.129999 -0.040003 -0.880314 0.137846 -0.453922 0.493151 0.837573
  37 0.630000 4.139999 -0.020003 -1.000000 0.000000 0.000000 0.495108 0.837573
knife_butterfly.bmp
  37 0.630000 4.139999 -0.020003 -1.000000 0.000000 0.000000 0.495108 0.837573
  37 0.630000 4.129999 -0.040003 -0.880314 0.137846 -0.453922 0.493151 0.837573
  37 0.630000 4.129999 -0.020003 -1.000000 0.000000 0.000000 0.493151 0.837573
knife_butterfly.bmp
  37 0.630000 4.129999 -0.040003 -0.880314 0.137846 -0.453922 0.493151 0.837573
  37 0.630000 4.109999 -0.040003 -0.880310 -0.025708 -0.473701 0.491194 0.837573
  37 0.630000 4.129999 -0.020003 -1.000000 0.000000 0.000000 0.493151 0.837573
knife_butterfly.bmp
  37 0.630000 4.129999 -0.020003 -1.000000 0.000000 0.000000 0.493151 0.837573
  37 0.630000 4.109999 -0.040003 -0.880310 -0.025708 -0.473701 0.491194 0.837573
  37 0.630000 4.109999 -0.020003 -1.000000 0.000000 0.000000 0.493151 0.835616
knife_butterfly.bmp
  37 0.630000 4.109999 -0.040003 -0.880310 -0.025708 -0.473701 0.491194 0.837573
  37 0.630000 4.089999 -0.040003 -0.880317 -0.186177 -0.436325 0.491194 0.835616
  37 0.630000 4.109999 -0.020003 -1.000000 0.000000 0.000000 0.493151 0.835616
knife_butterfly.bmp
  37 0.630000 4.109999 -0.020003 -1.000000 0.000000 0.000000 0.493151 0.835616
  37 0.630000 4.089999 -0.040003 -0.880317 -0.186177 -0.436325 0.491194 0.835616
  37 0.630000 4.099999 -0.020003 -1.000000 0.000000 0.000000 0.493151 0.835616
knife_butterfly.bmp
  37 0.630000 4.089999 -0.040003 -0.880317 -0.186177 -0.436325 0.491194 0.835616
  37 0.630000 4.070000 -0.030003 -0.880308 -0.324176 -0.346364 0.491194 0.835616
  37 0.630000 4.099999 -0.020003 -1.000000 0.000000 0.000000 0.493151 0.835616
knife_butterfly.bmp
  37 0.630000 4.099999 -0.020003 -1.000000 0.000000 0.000000 0.493151 0.835616
  37 0.630000 4.070000 -0.030003 -0.880308 -0.324176 -0.346364 0.491194 0.835616
  37 0.630000 4.090000 -0.010003 -1.000000 0.000000 0.000000 0.493151 0.835616
knife_butterfly.bmp
  37 0.630000 4.070000 0.069997 -0.000001 -0.600309 0.799768 0.487280 0.841487
  37 0.630000 4.059999 0.049997 0.000000 -0.837651 0.546206 0.487280 0.841487
  37 1.000000 4.070000 0.069997 -0.000001 -0.600309 0.799768 0.487280 0.864971
knife_butterfly.bmp
  37 1.000000 4.070000 0.069997 -0.000001 -0.600309 0.799768 0.487280 0.864971
  37 0.630000 4.059999 0.049997 0.000000 -0.837651 0.546206 0.487280 0.841487
  37 1.000000 4.059999 0.049997 0.000000 -0.837651 0.546206 0.487280 0.864971
knife_butterfly.bmp
  37 0.630000 4.059999 0.049997 0.000000 -0.837651 0.546206 0.487280 0.841487
  37 0.630000 4.050000 0.029997 0.000001 -0.973947 0.226777 0.489237 0.841487
  37 1.000000 4.059999 0.049997 0.000000 -0.837651 0.546206 0.487280 0.864971
knife_butterfly.bmp
  37 1.000000 4.059999 0.049997 0.000000 -0.837651 0.546206 0.487280 0.864971
  37 0.630000 4.050000 0.029997 0.000001 -0.973947 0.226777 0.489237 0.841487
  37 1.000000 4.050000 0.029997 0.000001 -0.973947 0.226777 0.489237 0.864971
knife_butterfly.bmp
  37 0.630000 4.050000 0.029997 0.000001 -0.973947 0.226777 0.489237 0.841487
  37 0.630000 4.050000 0.009997 0.000000 -0.992773 -0.120004 0.491194 0.841487
  37 1.000000 4.050000 0.029997 0.000001 -0.973947 0.226777 0.489237 0.864971
knife_butterfly.bmp
  37 1.000000 4.050000 0.029997 0.000001 -0.973947 0.226777 0.489237 0.864971
  37 0.630000 4.050000 0.009997 0.000000 -0.992773 -0.120004 0.491194 0.841487
  37 1.000000 4.050000 0.009997 0.000000 -0.992773 -0.120004 0.491194 0.864971
knife_butterfly.bmp
  37 0.630000 4.050000 0.009997 0.000000 -0.992773 -0.120004 0.491194 0.841487
  37 0.630000 4.050000 -0.020003 0.000000 -0.891857 -0.452318 0.493151 0.841487
  37 1.000000 4.050000 0.009997 0.000000 -0.992773 -0.120004 0.491194 0.864971
knife_butterfly.bmp
  37 1.000000 4.050000 0.009997 0.000000 -0.992773 -0.120004 0.491194 0.864971
  37 0.630000 4.050000 -0.020003 0.000000 -0.891857 -0.452318 0.493151 0.841487
  37 1.000000 4.050000 -0.020003 0.000000 -0.891857 -0.452318 0.493151 0.864971
knife_butterfly.bmp
  37 0.630000 4.050000 -0.020003 0.000000 -0.891857 -0.452318 0.493151 0.841487
  37 0.630000 4.070000 -0.040003 0.000000 -0.699917 -0.714224 0.495108 0.841487
  37 1.000000 4.050000 -0.020003 0.000000 -0.891857 -0.452318 0.493151 0.864971
knife_butterfly.bmp
  37 1.000000 4.050000 -0.020003 0.000000 -0.891857 -0.452318 0.493151 0.864971
  37 0.630000 4.070000 -0.040003 0.000000 -0.699917 -0.714224 0.495108 0.841487
  37 1.000000 4.070000 -0.040003 0.000000 -0.699917 -0.714224 0.495108 0.864971
knife_butterfly.bmp
  37 0.630000 4.070000 -0.040003 0.000000 -0.699917 -0.714224 0.495108 0.841487
  37 0.630000 4.089999 -0.050003 0.000000 -0.369678 -0.929160 0.497065 0.841487
  37 1.000000 4.070000 -0.040003 0.000000 -0.699917 -0.714224 0.495108 0.864971
knife_butterfly.bmp
  37 1.000000 4.070000 -0.040003 0.000000 -0.699917 -0.714224 0.495108 0.864971
  37 0.630000 4.089999 -0.050003 0.000000 -0.369678 -0.929160 0.497065 0.841487
  37 1.000000 4.089999 -0.050003 0.000000 -0.369678 -0.929160 0.497065 0.864971
knife_butterfly.bmp
  37 0.630000 4.089999 -0.050003 0.000000 -0.369678 -0.929160 0.497065 0.841487
  37 0.630000 4.109999 -0.050003 0.000000 -0.054198 -0.998530 0.499022 0.841487
  37 1.000000 4.089999 -0.050003 0.000000 -0.369678 -0.929160 0.497065 0.864971
knife_butterfly.bmp
  37 1.000000 4.089999 -0.050003 0.000000 -0.369678 -0.929160 0.497065 0.864971
  37 0.630000 4.109999 -0.050003 0.000000 -0.054198 -0.998530 0.499022 0.841487
  37 1.000000 4.109999 -0.050003 0.000000 -0.054198 -0.998530 0.499022 0.864971
knife_butterfly.bmp
  37 0.630000 4.109999 -0.050003 0.000000 -0.054198 -0.998530 0.499022 0.841487
  37 0.630000 4.129999 -0.050003 0.000000 0.290579 -0.956851 0.499022 0.841487
  37 1.000000 4.109999 -0.050003 0.000000 -0.054198 -0.998530 0.499022 0.864971
knife_butterfly.bmp
  37 1.000000 4.109999 -0.050003 0.000000 -0.054198 -0.998530 0.499022 0.864971
  37 0.630000 4.129999 -0.050003 0.000000 0.290579 -0.956851 0.499022 0.841487
  37 1.000000 4.129999 -0.050003 0.000000 0.290579 -0.956851 0.499022 0.864971
knife_butterfly.bmp
  37 0.630000 4.129999 -0.050003 0.000000 0.290579 -0.956851 0.499022 0.841487
  37 0.630000 4.159999 -0.040003 -0.000002 0.591572 -0.806252 0.500978 0.841487
  37 1.000000 4.129999 -0.050003 0.000000 0.290579 -0.956851 0.499022 0.864971
knife_butterfly.bmp
  37 1.000000 4.129999 -0.050003 0.000000 0.290579 -0.956851 0.499022 0.864971
  37 0.630000 4.159999 -0.040003 -0.000002 0.591572 -0.806252 0.500978 0.841487
  37 1.000000 4.159999 -0.040003 -0.000002 0.591572 -0.806252 0.500978 0.864971
knife_butterfly.bmp
  37 0.630000 4.159999 -0.040003 -0.000002 0.591572 -0.806252 0.500978 0.841487
  37 0.630000 4.169999 -0.020003 0.000000 0.837632 -0.546235 0.502935 0.841487
  37 1.000000 4.159999 -0.040003 -0.000002 0.591572 -0.806252 0.500978 0.864971
knife_butterfly.bmp
  37 1.000000 4.159999 -0.040003 -0.000002 0.591572 -0.806252 0.500978 0.864971
  37 0.630000 4.169999 -0.020003 0.000000 0.837632 -0.546235 0.502935 0.841487
  37 1.000000 4.169999 -0.020003 0.000000 0.837632 -0.546235 0.502935 0.864971
knife_butterfly.bmp
  37 0.630000 4.169999 -0.020003 0.000000 0.837632 -0.546235 0.502935 0.841487
  37 0.630000 4.179999 -0.000003 -0.000001 0.973940 -0.226804 0.504892 0.841487
  37 1.000000 4.169999 -0.020003 0.000000 0.837632 -0.546235 0.502935 0.864971
knife_butterfly.bmp
  37 1.000000 4.169999 -0.020003 0.000000 0.837632 -0.546235 0.502935 0.864971
  37 0.630000 4.179999 -0.000003 -0.000001 0.973940 -0.226804 0.504892 0.841487
  37 1.000000 4.179999 -0.000003 -0.000001 0.973940 -0.226804 0.504892 0.864971
knife_butterfly.bmp
  37 0.630000 4.179999 -0.000003 -0.000001 0.973940 -0.226804 0.504892 0.841487
  37 0.630000 4.179999 0.019997 -0.000003 0.992771 0.120022 0.506849 0.841487
  37 1.000000 4.179999 -0.000003 -0.000001 0.973940 -0.226804 0.504892 0.864971
knife_butterfly.bmp
  37 1.000000 4.179999 -0.000003 -0.000001 0.973940 -0.226804 0.504892 0.864971
  37 0.630000 4.179999 0.019997 -0.000003 0.992771 0.120022 0.506849 0.841487
  37 1.000000 4.179999 0.019997 -0.000003 0.992771 0.120022 0.506849 0.864971
knife_butterfly.bmp
  37 0.630000 4.179999 0.019997 -0.000003 0.992771 0.120022 0.506849 0.841487
  37 0.630000 4.179999 0.049997 -0.000001 0.891849 0.452333 0.508806 0.841487
  37 1.000000 4.179999 0.019997 -0.000003 0.992771 0.120022 0.506849 0.864971
knife_butterfly.bmp
  37 1.000000 4.179999 0.019997 -0.000003 0.992771 0.120022 0.506849 0.864971
  37 0.630000 4.179999 0.049997 -0.000001 0.891849 0.452333 0.508806 0.841487
  37 1.000000 4.179999 0.049997 -0.000001 0.891849 0.452333 0.508806 0.864971
knife_butterfly.bmp
  37 0.630000 4.179999 0.049997 -0.000001 0.891849 0.452333 0.508806 0.841487
  37 0.630000 4.159999 0.069997 0.000000 0.690988 0.722866 0.508806 0.841487
  37 1.000000 4.179999 0.049997 -0.000001 0.891849 0.452333 0.508806 0.864971
knife_butterfly.bmp
  37 1.000000 4.179999 0.049997 -0.000001 0.891849 0.452333 0.508806 0.864971
  37 0.630000 4.159999 0.069997 0.000000 0.690988 0.722866 0.508806 0.841487
  37 1.000000 4.159999 0.069997 0.000000 0.690988 0.722866 0.508806 0.864971
knife_butterfly.bmp
  37 0.630000 4.159999 0.069997 0.000000 0.690988 0.722866 0.508806 0.841487
  37 0.630000 4.139999 0.079997 0.000000 0.392669 0.919680 0.510763 0.841487
  37 1.000000 4.159999 0.069997 0.000000 0.690988 0.722866 0.508806 0.864971
knife_butterfly.bmp
  37 1.000000 4.159999 0.069997 0.000000 0.690988 0.722866 0.508806 0.864971
  37 0.630000 4.139999 0.079997 0.000000 0.392669 0.919680 0.510763 0.841487
  37 1.000000 4.139999 0.079997 0.000000 0.392669 0.919680 0.510763 0.864971
knife_butterfly.bmp
  37 0.630000 4.139999 0.079997 0.000000 0.392669 0.919680 0.510763 0.841487
  37 0.630000 4.119999 0.079997 0.000001 0.054214 0.998529 0.512720 0.841487
  37 1.000000 4.139999 0.079997 0.000000 0.392669 0.919680 0.510763 0.864971
knife_butterfly.bmp
  37 1.000000 4.139999 0.079997 0.000000 0.392669 0.919680 0.510763 0.864971
  37 0.630000 4.119999 0.079997 0.000001 0.054214 0.998529 0.512720 0.841487
  37 1.000000 4.119999 0.079997 0.000001 0.054214 0.998529 0.512720 0.864971
knife_butterfly.bmp
  37 0.630000 4.119999 0.079997 0.000001 0.054214 0.998529 0.512720 0.841487
  37 0.630000 4.090000 0.079997 0.000000 -0.290575 0.956852 0.514677 0.841487
  37 1.000000 4.119999 0.079997 0.000001 0.054214 0.998529 0.512720 0.864971
knife_butterfly.bmp
  37 1.000000 4.119999 0.079997 0.000001 0.054214 0.998529 0.512720 0.864971
  37 0.630000 4.090000 0.079997 0.000000 -0.290575 0.956852 0.514677 0.841487
  37 1.000000 4.090000 0.079997 0.000000 -0.290575 0.956852 0.514677 0.864971
knife_butterfly.bmp
  37 0.630000 4.090000 0.079997 0.000000 -0.290575 0.956852 0.514677 0.841487
  37 0.630000 4.070000 0.069997 -0.000001 -0.600309 0.799768 0.516634 0.841487
  37 1.000000 4.090000 0.079997 0.000000 -0.290575 0.956852 0.514677 0.864971
knife_butterfly.bmp
  37 1.000000 4.090000 0.079997 0.000000 -0.290575 0.956852 0.514677 0.864971
  37 0.630000 4.070000 0.069997 -0.000001 -0.600309 0.799768 0.516634 0.841487
  37 1.000000 4.070000 0.069997 -0.000001 -0.600309 0.799768 0.516634 0.864971
knife_butterfly.bmp
  37 1.350000 4.149999 0.029997 0.266162 -0.859682 -0.436009 0.497065 0.894325
  37 1.350000 4.139999 0.039997 0.266158 -0.658726 -0.703733 0.497065 0.894325
  37 1.320000 4.130000 0.039997 0.266158 -0.658726 -0.703733 0.495108 0.896282
knife_butterfly.bmp
  37 1.320000 4.130000 0.039997 0.266158 -0.658726 -0.703733 0.495108 0.896282
  37 1.350000 4.139999 0.039997 0.266158 -0.658726 -0.703733 0.497065 0.894325
  37 1.320000 4.130000 0.039997 0.266158 -0.378329 -0.886582 0.495108 0.896282
knife_butterfly.bmp
  37 1.350000 4.139999 0.039997 0.266158 -0.658726 -0.703733 0.497065 0.894325
  37 1.350000 4.130000 0.049997 0.266158 -0.378329 -0.886582 0.497065 0.894325
  37 1.320000 4.130000 0.039997 0.266158 -0.378329 -0.886582 0.495108 0.896282
knife_butterfly.bmp
  37 1.320000 4.130000 0.039997 0.266158 -0.378329 -0.886582 0.495108 0.896282
  37 1.350000 4.130000 0.049997 0.266158 -0.378329 -0.886582 0.497065 0.894325
  37 1.320000 4.119999 0.039997 0.266149 -0.052253 -0.962515 0.495108 0.896282
knife_butterfly.bmp
  37 1.350000 4.130000 0.049997 0.266158 -0.378329 -0.886582 0.497065 0.894325
  37 1.350000 4.119999 0.049997 0.266149 -0.052253 -0.962515 0.497065 0.896282
  37 1.320000 4.119999 0.039997 0.266149 -0.052253 -0.962515 0.495108 0.896282
knife_butterfly.bmp
  37 1.320000 4.119999 0.039997 0.266149 -0.052253 -0.962515 0.495108 0.896282
  37 1.350000 4.119999 0.049997 0.266149 -0.052253 -0.962515 0.497065 0.896282
  37 1.320000 4.110000 0.039997 0.266139 0.280132 -0.922332 0.495108 0.896282
knife_butterfly.bmp
  37 1.350000 4.119999 0.049997 0.266149 -0.052253 -0.962515 0.497065 0.896282
  37 1.350000 4.099999 0.049997 0.266139 0.280132 -0.922332 0.497065 0.896282
  37 1.320000 4.110000 0.039997 0.266139 0.280132 -0.922332 0.495108 0.896282
knife_butterfly.bmp
  37 1.320000 4.110000 0.039997 0.266139 0.280132 -0.922332 0.495108 0.896282
  37 1.350000 4.099999 0.049997 0.266139 0.280132 -0.922332 0.497065 0.896282
  37 1.320000 4.099999 0.039997 0.266159 0.578643 -0.770929 0.493151 0.896282
knife_butterfly.bmp
  37 1.350000 4.099999 0.049997 0.266139 0.280132 -0.922332 0.497065 0.896282
  37 1.350000 4.090000 0.049997 0.266159 0.578643 -0.770929 0.495108 0.896282
  37 1.320000 4.099999 0.039997 0.266159 0.578643 -0.770929 0.493151 0.896282
knife_butterfly.bmp
  37 1.320000 4.099999 0.039997 0.266159 0.578643 -0.770929 0.493151 0.896282
  37 1.350000 4.090000 0.049997 0.266159 0.578643 -0.770929 0.495108 0.896282
  37 1.320000 4.090000 0.029997 0.266155 0.807417 -0.526535 0.493151 0.896282
knife_butterfly.bmp
  37 1.350000 4.090000 0.049997 0.266159 0.578643 -0.770929 0.495108 0.896282
  37 1.350000 4.079999 0.039997 0.266155 0.807417 -0.526535 0.495108 0.896282
  37 1.320000 4.090000 0.029997 0.266155 0.807417 -0.526535 0.493151 0.896282
knife_butterfly.bmp
  37 1.320000 4.090000 0.029997 0.266155 0.807417 -0.526535 0.493151 0.896282
  37 1.350000 4.079999 0.039997 0.266155 0.807417 -0.526535 0.495108 0.896282
  37 1.320000 4.090000 0.019997 0.266147 0.938825 -0.218571 0.493151 0.894325
knife_butterfly.bmp
  37 1.350000 4.079999 0.039997 0.266155 0.807417 -0.526535 0.495108 0.896282
  37 1.350000 4.079999 0.019997 0.266147 0.938825 -0.218571 0.493151 0.896282
  37 1.320000 4.090000 0.019997 0.266147 0.938825 -0.218571 0.493151 0.894325
knife_butterfly.bmp
  37 1.320000 4.090000 0.019997 0.266147 0.938825 -0.218571 0.493151 0.894325
  37 1.350000 4.079999 0.019997 0.266147 0.938825 -0.218571 0.493151 0.896282
  37 1.320000 4.090000 0.009997 0.266154 0.956961 0.115702 0.493151 0.894325
knife_butterfly.bmp
  37 1.350000 4.079999 0.019997 0.266147 0.938825 -0.218571 0.493151 0.896282
  37 1.350000 4.079999 0.009997 0.266154 0.956961 0.115702 0.493151 0.896282
  37 1.320000 4.090000 0.009997 0.266154 0.956961 0.115702 0.493151 0.894325
knife_butterfly.bmp
  37 1.320000 4.090000 0.009997 0.266154 0.956961 0.115702 0.493151 0.894325
  37 1.350000 4.079999 0.009997 0.266154 0.956961 0.115702 0.493151 0.896282
  37 1.320000 4.090000 -0.000003 0.266156 0.859681 0.436015 0.493151 0.894325
knife_butterfly.bmp
  37 1.350000 4.079999 0.009997 0.266154 0.956961 0.115702 0.493151 0.896282
  37 1.350000 4.079999 -0.000003 0.266156 0.859681 0.436015 0.493151 0.896282
  37 1.320000 4.090000 -0.000003 0.266156 0.859681 0.436015 0.493151 0.894325
knife_butterfly.bmp
  37 1.320000 4.090000 -0.000003 0.266156 0.859681 0.436015 0.493151 0.894325
  37 1.350000 4.079999 -0.000003 0.266156 0.859681 0.436015 0.493151 0.896282
  37 1.320000 4.090000 -0.010003 0.266164 0.658713 0.703743 0.493151 0.894325
knife_butterfly.bmp
  37 1.350000 4.079999 -0.000003 0.266156 0.859681 0.436015 0.493151 0.896282
  37 1.350000 4.090000 -0.010003 0.266164 0.658713 0.703743 0.493151 0.894325
  37 1.320000 4.090000 -0.010003 0.266164 0.658713 0.703743 0.493151 0.894325
knife_butterfly.bmp
  37 1.320000 4.090000 -0.010003 0.266164 0.658713 0.703743 0.493151 0.894325
  37 1.350000 4.090000 -0.010003 0.266164 0.658713 0.703743 0.493151 0.894325
  37 1.320000 4.099999 -0.010003 0.299406 0.373054 0.878172 0.495108 0.892368
knife_butterfly.bmp
  37 1.350000 4.090000 -0.010003 0.266164 0.658713 0.703743 0.493151 0.894325
  37 1.350000 4.099999 -0.020003 0.299406 0.373054 0.878172 0.493151 0.894325
  37 1.320000 4.099999 -0.010003 0.299406 0.373054 0.878172 0.495108 0.892368
knife_butterfly.bmp
  37 1.320000 4.099999 -0.010003 0.299406 0.373054 0.878172 0.495108 0.892368
  37 1.350000 4.099999 -0.020003 0.299406 0.373054 0.878172 0.493151 0.894325
  37 1.320000 4.109999 -0.010003 0.266160 0.052250 0.962512 0.495108 0.892368
knife_butterfly.bmp
  37 1.350000 4.099999 -0.020003 0.299406 0.373054 0.878172 0.493151 0.894325
  37 1.350000 4.109999 -0.020003 0.266160 0.052250 0.962512 0.493151 0.892368
  37 1.320000 4.109999 -0.010003 0.266160 0.052250 0.962512 0.495108 0.892368
knife_butterfly.bmp
  37 1.320000 4.109999 -0.010003 0.266160 0.052250 0.962512 0.495108 0.892368
  37 1.350000 4.109999 -0.020003 0.266160 0.052250 0.962512 0.493151 0.892368
  37 1.320000 4.119999 -0.010003 0.266165 -0.280084 0.922339 0.495108 0.892368
knife_butterfly.bmp
  37 1.350000 4.109999 -0.020003 0.266160 0.052250 0.962512 0.493151 0.892368
  37 1.350000 4.129999 -0.020003 0.266165 -0.280084 0.922339 0.493151 0.892368
  37 1.320000 4.119999 -0.010003 0.266165 -0.280084 0.922339 0.495108 0.892368
knife_butterfly.bmp
  37 1.320000 4.119999 -0.010003 0.266165 -0.280084 0.922339 0.495108 0.892368
  37 1.350000 4.129999 -0.020003 0.266165 -0.280084 0.922339 0.493151 0.892368
  37 1.320000 4.129999 -0.010003 0.266163 -0.578638 0.770931 0.495108 0.894325
knife_butterfly.bmp
  37 1.350000 4.129999 -0.020003 0.266165 -0.280084 0.922339 0.493151 0.892368
  37 1.350000 4.139999 -0.020003 0.266163 -0.578638 0.770931 0.495108 0.892368
  37 1.320000 4.129999 -0.010003 0.266163 -0.578638 0.770931 0.495108 0.894325
knife_butterfly.bmp
  37 1.320000 4.129999 -0.010003 0.266163 -0.578638 0.770931 0.495108 0.894325
  37 1.350000 4.139999 -0.020003 0.266163 -0.578638 0.770931 0.495108 0.892368
  37 1.320000 4.139999 -0.000003 0.266153 -0.807429 0.526518 0.495108 0.894325
knife_butterfly.bmp
  37 1.350000 4.139999 -0.020003 0.266163 -0.578638 0.770931 0.495108 0.892368
  37 1.350000 4.149999 -0.010003 0.266153 -0.807429 0.526518 0.495108 0.892368
  37 1.320000 4.139999 -0.000003 0.266153 -0.807429 0.526518 0.495108 0.894325
knife_butterfly.bmp
  37 1.320000 4.139999 -0.000003 0.266153 -0.807429 0.526518 0.495108 0.894325
  37 1.350000 4.149999 -0.010003 0.266153 -0.807429 0.526518 0.495108 0.892368
  37 1.320000 4.139999 0.009997 0.266144 -0.938827 0.218566 0.497065 0.894325
knife_butterfly.bmp
  37 1.350000 4.149999 -0.010003 0.266153 -0.807429 0.526518 0.495108 0.892368
  37 1.350000 4.149999 0.009997 0.266144 -0.938827 0.218566 0.495108 0.892368
  37 1.320000 4.139999 0.009997 0.266144 -0.938827 0.218566 0.497065 0.894325
knife_butterfly.bmp
  37 1.320000 4.139999 0.009997 0.266144 -0.938827 0.218566 0.497065 0.894325
  37 1.350000 4.149999 0.009997 0.266144 -0.938827 0.218566 0.495108 0.892368
  37 1.320000 4.139999 0.019997 0.266163 -0.956963 -0.115667 0.497065 0.894325
knife_butterfly.bmp
  37 1.350000 4.149999 0.009997 0.266144 -0.938827 0.218566 0.495108 0.892368
  37 1.350000 4.149999 0.019997 0.266163 -0.956963 -0.115667 0.497065 0.892368
  37 1.320000 4.139999 0.019997 0.266163 -0.956963 -0.115667 0.497065 0.894325
knife_butterfly.bmp
  37 1.320000 4.139999 0.019997 0.266163 -0.956963 -0.115667 0.497065 0.894325
  37 1.350000 4.149999 0.019997 0.266163 -0.956963 -0.115667 0.497065 0.892368
  37 1.320000 4.139999 0.029997 0.266162 -0.859682 -0.436009 0.497065 0.894325
knife_butterfly.bmp
  37 1.350000 4.149999 0.019997 0.266163 -0.956963 -0.115667 0.497065 0.892368
  37 1.350000 4.149999 0.029997 0.266162 -0.859682 -0.436009 0.497065 0.894325
  37 1.320000 4.139999 0.029997 0.266162 -0.859682 -0.436009 0.497065 0.894325
knife_butterfly.bmp
  37 1.320000 4.139999 0.029997 0.266162 -0.859682 -0.436009 0.497065 0.894325
  37 1.350000 4.149999 0.029997 0.266162 -0.859682 -0.436009 0.497065 0.894325
  37 1.320000 4.130000 0.039997 0.266158 -0.658726 -0.703733 0.495108 0.896282
knife_butterfly.bmp
  37 1.350000 4.169999 0.039997 0.880312 0.423089 0.214586 0.499022 0.892368
  37 1.350000 4.150000 0.059997 0.865292 0.353877 0.355023 0.499022 0.894325
  37 1.350000 4.139999 0.039997 1.000000 0.000000 0.000000 0.497065 0.894325
knife_butterfly.bmp
  37 1.350000 4.139999 0.039997 1.000000 0.000000 0.000000 0.497065 0.894325
  37 1.350000 4.150000 0.059997 0.865292 0.353877 0.355023 0.499022 0.894325
  37 1.350000 4.130000 0.049997 1.000000 0.000000 0.000000 0.497065 0.894325
knife_butterfly.bmp
  37 1.350000 4.150000 0.059997 0.865292 0.353877 0.355023 0.499022 0.894325
  37 1.350000 4.139999 0.069997 0.880314 0.186181 0.436330 0.499022 0.896282
  37 1.350000 4.130000 0.049997 1.000000 0.000000 0.000000 0.497065 0.894325
knife_butterfly.bmp
  37 1.350000 4.130000 0.049997 1.000000 0.000000 0.000000 0.497065 0.894325
  37 1.350000 4.139999 0.069997 0.880314 0.186181 0.436330 0.499022 0.896282
  37 1.350000 4.119999 0.049997 1.000000 0.000000 0.000000 0.497065 0.896282
knife_butterfly.bmp
  37 1.350000 4.139999 0.069997 0.880314 0.186181 0.436330 0.499022 0.896282
  37 1.350000 4.119999 0.069997 0.880310 0.025715 0.473702 0.497065 0.896282
  37 1.350000 4.119999 0.049997 1.000000 0.000000 0.000000 0.497065 0.896282
knife_butterfly.bmp
  37 1.350000 4.119999 0.049997 1.000000 0.000000 0.000000 0.497065 0.896282
  37 1.350000 4.119999 0.069997 0.880310 0.025715 0.473702 0.497065 0.896282
  37 1.350000 4.099999 0.049997 1.000000 0.000000 0.000000 0.497065 0.896282
knife_butterfly.bmp
  37 1.350000 4.119999 0.069997 0.880310 0.025715 0.473702 0.497065 0.896282
  37 1.350000 4.099999 0.069997 0.880314 -0.137850 0.453921 0.497065 0.898239
  37 1.350000 4.099999 0.049997 1.000000 0.000000 0.000000 0.497065 0.896282
knife_butterfly.bmp
  37 1.350000 4.099999 0.049997 1.000000 0.000000 0.000000 0.497065 0.896282
  37 1.350000 4.099999 0.069997 0.880314 -0.137850 0.453921 0.497065 0.898239
  37 1.350000 4.090000 0.049997 1.000000 0.000000 0.000000 0.495108 0.896282
knife_butterfly.bmp
  37 1.350000 4.099999 0.069997 0.880314 -0.137850 0.453921 0.497065 0.898239
  37 1.350000 4.079999 0.059997 0.880312 -0.284790 0.379401 0.495108 0.898239
  37 1.350000 4.090000 0.049997 1.000000 0.000000 0.000000 0.495108 0.896282
knife_butterfly.bmp
  37 1.350000 4.090000 0.049997 1.000000 0.000000 0.000000 0.495108 0.896282
  37 1.350000 4.079999 0.059997 0.880312 -0.284790 0.379401 0.495108 0.898239
  37 1.350000 4.079999 0.039997 1.000000 0.000000 0.000000 0.495108 0.896282
knife_butterfly.bmp
  37 1.350000 4.079999 0.059997 0.880312 -0.284790 0.379401 0.495108 0.898239
  37 1.350000 4.070000 0.049997 0.880327 -0.397347 0.259112 0.495108 0.898239
  37 1.350000 4.079999 0.039997 1.000000 0.000000 0.000000 0.495108 0.896282
knife_butterfly.bmp
  37 1.350000 4.079999 0.039997 1.000000 0.000000 0.000000 0.495108 0.896282
  37 1.350000 4.070000 0.049997 0.880327 -0.397347 0.259112 0.495108 0.898239
  37 1.350000 4.079999 0.019997 1.000000 0.000000 0.000000 0.493151 0.896282
knife_butterfly.bmp
  37 1.350000 4.070000 0.049997 0.880327 -0.397347 0.259112 0.495108 0.898239
  37 1.350000 4.059999 0.029997 0.880313 -0.462033 0.107587 0.493151 0.898239
  37 1.350000 4.079999 0.019997 1.000000 0.000000 0.000000 0.493151 0.896282
knife_butterfly.bmp
  37 1.350000 4.079999 0.019997 1.000000 0.000000 0.000000 0.493151 0.896282
  37 1.350000 4.059999 0.029997 0.880313 -0.462033 0.107587 0.493151 0.898239
  37 1.350000 4.079999 0.009997 1.000000 0.000000 0.000000 0.493151 0.896282
knife_butterfly.bmp
  37 1.350000 4.059999 0.029997 0.880313 -0.462033 0.107587 0.493151 0.898239
  37 1.350000 4.059999 0.009997 0.880313 -0.470966 -0.056926 0.493151 0.896282
  37 1.350000 4.079999 0.009997 1.000000 0.000000 0.000000 0.493151 0.896282
knife_butterfly.bmp
  37 1.350000 4.079999 0.009997 1.000000 0.000000 0.000000 0.493151 0.896282
  37 1.350000 4.059999 0.009997 0.880313 -0.470966 -0.056926 0.493151 0.896282
  37 1.350000 4.079999 -0.000003 1.000000 0.000000 0.000000 0.493151 0.896282
knife_butterfly.bmp
  37 1.350000 4.059999 0.009997 0.880313 -0.470966 -0.056926 0.493151 0.896282
  37 1.350000 4.059999 -0.010003 0.880309 -0.423095 -0.214585 0.491194 0.896282
  37 1.350000 4.079999 -0.000003 1.000000 0.000000 0.000000 0.493151 0.896282
knife_butterfly.bmp
  37 1.350000 4.079999 -0.000003 1.000000 0.000000 0.000000 0.493151 0.896282
  37 1.350000 4.059999 -0.010003 0.880309 -0.423095 -0.214585 0.491194 0.896282
  37 1.350000 4.090000 -0.010003 1.000000 0.000000 0.000000 0.493151 0.894325
knife_butterfly.bmp
  37 1.350000 4.059999 -0.010003 0.880309 -0.423095 -0.214585 0.491194 0.896282
  37 1.350000 4.070000 -0.030003 0.880309 -0.324181 -0.346357 0.491194 0.894325
  37 1.350000 4.090000 -0.010003 1.000000 0.000000 0.000000 0.493151 0.894325
knife_butterfly.bmp
  37 1.350000 4.090000 -0.010003 1.000000 0.000000 0.000000 0.493151 0.894325
  37 1.350000 4.070000 -0.030003 0.880309 -0.324181 -0.346357 0.491194 0.894325
  37 1.350000 4.099999 -0.020003 1.000000 0.000000 0.000000 0.493151 0.894325
knife_butterfly.bmp
  37 1.350000 4.070000 -0.030003 0.880309 -0.324181 -0.346357 0.491194 0.894325
  37 1.350000 4.089999 -0.040003 0.880325 -0.186177 -0.436309 0.491194 0.894325
  37 1.350000 4.099999 -0.020003 1.000000 0.000000 0.000000 0.493151 0.894325
knife_butterfly.bmp
  37 1.350000 4.099999 -0.020003 1.000000 0.000000 0.000000 0.493151 0.894325
  37 1.350000 4.089999 -0.040003 0.880325 -0.186177 -0.436309 0.491194 0.894325
  37 1.350000 4.109999 -0.020003 1.000000 0.000000 0.000000 0.493151 0.892368
knife_butterfly.bmp
  37 1.350000 4.089999 -0.040003 0.880325 -0.186177 -0.436309 0.491194 0.894325
  37 1.350000 4.109999 -0.040003 0.880311 -0.025710 -0.473699 0.491194 0.892368
  37 1.350000 4.109999 -0.020003 1.000000 0.000000 0.000000 0.493151 0.892368
knife_butterfly.bmp
  37 1.350000 4.109999 -0.020003 1.000000 0.000000 0.000000 0.493151 0.892368
  37 1.350000 4.109999 -0.040003 0.880311 -0.025710 -0.473699 0.491194 0.892368
  37 1.350000 4.129999 -0.020003 1.000000 0.000000 0.000000 0.493151 0.892368
knife_butterfly.bmp
  37 1.350000 4.109999 -0.040003 0.880311 -0.025710 -0.473699 0.491194 0.892368
  37 1.350000 4.129999 -0.040003 0.880314 0.137847 -0.453923 0.493151 0.892368
  37 1.350000 4.129999 -0.020003 1.000000 0.000000 0.000000 0.493151 0.892368
knife_butterfly.bmp
  37 1.350000 4.129999 -0.020003 1.000000 0.000000 0.000000 0.493151 0.892368
  37 1.350000 4.129999 -0.040003 0.880314 0.137847 -0.453923 0.493151 0.892368
  37 1.350000 4.139999 -0.020003 1.000000 0.000000 0.000000 0.495108 0.892368
knife_butterfly.bmp
  37 1.350000 4.129999 -0.040003 0.880314 0.137847 -0.453923 0.493151 0.892368
  37 1.350000 4.149999 -0.030003 0.880301 0.284806 -0.379415 0.493151 0.890411
  37 1.350000 4.139999 -0.020003 1.000000 0.000000 0.000000 0.495108 0.892368
knife_butterfly.bmp
  37 1.350000 4.139999 -0.020003 1.000000 0.000000 0.000000 0.495108 0.892368
  37 1.350000 4.149999 -0.030003 0.880301 0.284806 -0.379415 0.493151 0.890411
  37 1.350000 4.149999 -0.010003 1.000000 0.000000 0.000000 0.495108 0.892368
knife_butterfly.bmp
  37 1.350000 4.149999 -0.030003 0.880301 0.284806 -0.379415 0.493151 0.890411
  37 1.350000 4.159999 -0.020003 0.880312 0.397374 -0.259122 0.495108 0.890411
  37 1.350000 4.149999 -0.010003 1.000000 0.000000 0.000000 0.495108 0.892368
knife_butterfly.bmp
  37 1.350000 4.149999 -0.010003 1.000000 0.000000 0.000000 0.495108 0.892368
  37 1.350000 4.159999 -0.020003 0.880312 0.397374 -0.259122 0.495108 0.890411
  37 1.350000 4.149999 0.009997 1.000000 0.000000 0.000000 0.495108 0.892368
knife_butterfly.bmp
  37 1.350000 4.159999 -0.020003 0.880312 0.397374 -0.259122 0.495108 0.890411
  37 1.350000 4.169999 -0.000003 0.880313 0.462032 -0.107586 0.497065 0.890411
  37 1.350000 4.149999 0.009997 1.000000 0.000000 0.000000 0.495108 0.892368
knife_butterfly.bmp
  37 1.350000 4.149999 0.009997 1.000000 0.000000 0.000000 0.495108 0.892368
  37 1.350000 4.169999 -0.000003 0.880313 0.462032 -0.107586 0.497065 0.890411
  37 1.350000 4.149999 0.019997 1.000000 0.000000 0.000000 0.497065 0.892368
knife_butterfly.bmp
  37 1.350000 4.169999 -0.000003 0.880313 0.462032 -0.107586 0.497065 0.890411
  37 1.350000 4.169999 0.019997 0.880323 0.470947 0.056927 0.497065 0.892368
  37 1.350000 4.149999 0.019997 1.000000 0.000000 0.000000 0.497065 0.892368
knife_butterfly.bmp
  37 1.350000 4.149999 0.019997 1.000000 0.000000 0.000000 0.497065 0.892368
  37 1.350000 4.169999 0.019997 0.880323 0.470947 0.056927 0.497065 0.892368
  37 1.350000 4.149999 0.029997 1.000000 0.000000 0.000000 0.497065 0.894325
knife_butterfly.bmp
  37 1.350000 4.169999 0.019997 0.880323 0.470947 0.056927 0.497065 0.892368
  37 1.350000 4.169999 0.039997 0.880312 0.423089 0.214586 0.499022 0.892368
  37 1.350000 4.149999 0.029997 1.000000 0.000000 0.000000 0.497065 0.894325
knife_butterfly.bmp
  37 1.350000 4.149999 0.029997 1.000000 0.000000 0.000000 0.497065 0.894325
  37 1.350000 4.169999 0.039997 0.880312 0.423089 0.214586 0.499022 0.892368
  37 1.350000 4.139999 0.039997 1.000000 0.000000 0.000000 0.497065 0.894325
knife_butterfly.bmp
  37 1.340000 4.179999 0.049997 0.618408 0.700866 0.355470 0.499022 0.892368
  37 1.340000 4.159999 0.069997 0.597998 0.536621 0.595345 0.499022 0.894325
  37 1.350000 4.150000 0.059997 0.865292 0.353877 0.355023 0.499022 0.894325
knife_butterfly.bmp
  37 1.350000 4.150000 0.059997 0.865292 0.353877 0.355023 0.499022 0.894325
  37 1.340000 4.159999 0.069997 0.597998 0.536621 0.595345 0.499022 0.894325
  37 1.350000 4.139999 0.069997 0.880314 0.186181 0.436330 0.499022 0.896282
knife_butterfly.bmp
  37 1.340000 4.159999 0.069997 0.597998 0.536621 0.595345 0.499022 0.894325
  37 1.340000 4.139999 0.079997 0.618415 0.308420 0.722800 0.499022 0.896282
  37 1.350000 4.139999 0.069997 0.880314 0.186181 0.436330 0.499022 0.896282
knife_butterfly.bmp
  37 1.350000 4.139999 0.069997 0.880314 0.186181 0.436330 0.499022 0.896282
  37 1.340000 4.139999 0.079997 0.618415 0.308420 0.722800 0.499022 0.896282
  37 1.350000 4.119999 0.069997 0.880310 0.025715 0.473702 0.497065 0.896282
knife_butterfly.bmp
  37 1.340000 4.139999 0.079997 0.618415 0.308420 0.722800 0.499022 0.896282
  37 1.340000 4.119999 0.079997 0.618416 0.042603 0.784695 0.499022 0.898239
  37 1.350000 4.119999 0.069997 0.880310 0.025715 0.473702 0.497065 0.896282
knife_butterfly.bmp
  37 1.350000 4.119999 0.069997 0.880310 0.025715 0.473702 0.497065 0.896282
  37 1.340000 4.119999 0.079997 0.618416 0.042603 0.784695 0.499022 0.898239
  37 1.350000 4.099999 0.069997 0.880314 -0.137850 0.453921 0.497065 0.898239
knife_butterfly.bmp
  37 1.340000 4.119999 0.079997 0.618416 0.042603 0.784695 0.499022 0.898239
  37 1.340000 4.090000 0.079997 0.618417 -0.228348 0.751942 0.497065 0.898239
  37 1.350000 4.099999 0.069997 0.880314 -0.137850 0.453921 0.497065 0.898239
knife_butterfly.bmp
  37 1.350000 4.099999 0.069997 0.880314 -0.137850 0.453921 0.497065 0.898239
  37 1.340000 4.090000 0.079997 0.618417 -0.228348 0.751942 0.497065 0.898239
  37 1.350000 4.079999 0.059997 0.880312 -0.284790 0.379401 0.495108 0.898239
knife_butterfly.bmp
  37 1.340000 4.090000 0.079997 0.618417 -0.228348 0.751942 0.497065 0.898239
  37 1.340000 4.070000 0.069997 0.618430 -0.471755 0.628484 0.495108 0.898239
  37 1.350000 4.079999 0.059997 0.880312 -0.284790 0.379401 0.495108 0.898239
knife_butterfly.bmp
  37 1.350000 4.079999 0.059997 0.880312 -0.284790 0.379401 0.495108 0.898239
  37 1.340000 4.070000 0.069997 0.618430 -0.471755 0.628484 0.495108 0.898239
  37 1.350000 4.070000 0.049997 0.880327 -0.397347 0.259112 0.495108 0.898239
knife_butterfly.bmp
  37 1.340000 4.070000 0.069997 0.618430 -0.471755 0.628484 0.495108 0.898239
  37 1.340000 4.059999 0.049997 0.618444 -0.658244 0.429233 0.495108 0.898239
  37 1.350000 4.070000 0.049997 0.880327 -0.397347 0.259112 0.495108 0.898239
knife_butterfly.bmp
  37 1.350000 4.070000 0.049997 0.880327 -0.397347 0.259112 0.495108 0.898239
  37 1.340000 4.059999 0.049997 0.618444 -0.658244 0.429233 0.495108 0.898239
  37 1.350000 4.059999 0.029997 0.880313 -0.462033 0.107587 0.493151 0.898239
knife_butterfly.bmp
  37 1.340000 4.059999 0.049997 0.618444 -0.658244 0.429233 0.495108 0.898239
  37 1.340000 4.050000 0.029997 0.618413 -0.765379 0.178213 0.493151 0.898239
  37 1.350000 4.059999 0.029997 0.880313 -0.462033 0.107587 0.493151 0.898239
knife_butterfly.bmp
  37 1.350000 4.059999 0.029997 0.880313 -0.462033 0.107587 0.493151 0.898239
  37 1.340000 4.050000 0.029997 0.618413 -0.765379 0.178213 0.493151 0.898239
  37 1.350000 4.059999 0.009997 0.880313 -0.470966 -0.056926 0.493151 0.896282
knife_butterfly.bmp
  37 1.340000 4.050000 0.029997 0.618413 -0.765379 0.178213 0.493151 0.898239
  37 1.340000 4.050000 0.009997 0.618416 -0.780172 -0.094303 0.491194 0.898239
  37 1.350000 4.059999 0.009997 0.880313 -0.470966 -0.056926 0.493151 0.896282
knife_butterfly.bmp
  37 1.350000 4.059999 0.009997 0.880313 -0.470966 -0.056926 0.493151 0.896282
  37 1.340000 4.050000 0.009997 0.618416 -0.780172 -0.094303 0.491194 0.898239
  37 1.350000 4.059999 -0.010003 0.880309 -0.423095 -0.214585 0.491194 0.896282
knife_butterfly.bmp
  37 1.340000 4.050000 0.009997 0.618416 -0.780172 -0.094303 0.491194 0.898239
  37 1.340000 4.050000 -0.020003 0.618409 -0.700870 -0.355459 0.491194 0.896282
  37 1.350000 4.059999 -0.010003 0.880309 -0.423095 -0.214585 0.491194 0.896282
knife_butterfly.bmp
  37 1.350000 4.059999 -0.010003 0.880309 -0.423095 -0.214585 0.491194 0.896282
  37 1.340000 4.050000 -0.020003 0.618409 -0.700870 -0.355459 0.491194 0.896282
  37 1.350000 4.070000 -0.030003 0.880309 -0.324181 -0.346357 0.491194 0.894325
knife_butterfly.bmp
  37 1.340000 4.050000 -0.020003 0.618409 -0.700870 -0.355459 0.491194 0.896282
  37 1.340000 4.070000 -0.040003 0.618424 -0.537029 -0.573718 0.491194 0.894325
  37 1.350000 4.070000 -0.030003 0.880309 -0.324181 -0.346357 0.491194 0.894325
knife_butterfly.bmp
  37 1.350000 4.070000 -0.030003 0.880309 -0.324181 -0.346357 0.491194 0.894325
  37 1.340000 4.070000 -0.040003 0.618424 -0.537029 -0.573718 0.491194 0.894325
  37 1.350000 4.089999 -0.040003 0.880325 -0.186177 -0.436309 0.491194 0.894325
knife_butterfly.bmp
  37 1.340000 4.070000 -0.040003 0.618424 -0.537029 -0.573718 0.491194 0.894325
  37 1.340000 4.089999 -0.050003 0.618449 -0.308424 -0.722769 0.491194 0.892368
  37 1.350000 4.089999 -0.040003 0.880325 -0.186177 -0.436309 0.491194 0.894325
knife_butterfly.bmp
  37 1.350000 4.089999 -0.040003 0.880325 -0.186177 -0.436309 0.491194 0.894325
  37 1.340000 4.089999 -0.050003 0.618449 -0.308424 -0.722769 0.491194 0.892368
  37 1.350000 4.109999 -0.040003 0.880311 -0.025710 -0.473699 0.491194 0.892368
knife_butterfly.bmp
  37 1.340000 4.089999 -0.050003 0.618449 -0.308424 -0.722769 0.491194 0.892368
  37 1.340000 4.109999 -0.050003 0.618416 -0.042593 -0.784695 0.491194 0.892368
  37 1.350000 4.109999 -0.040003 0.880311 -0.025710 -0.473699 0.491194 0.892368
knife_butterfly.bmp
  37 1.350000 4.109999 -0.040003 0.880311 -0.025710 -0.473699 0.491194 0.892368
  37 1.340000 4.109999 -0.050003 0.618416 -0.042593 -0.784695 0.491194 0.892368
  37 1.350000 4.129999 -0.040003 0.880314 0.137847 -0.453923 0.493151 0.892368
knife_butterfly.bmp
  37 1.340000 4.109999 -0.050003 0.618416 -0.042593 -0.784695 0.491194 0.892368
  37 1.340000 4.129999 -0.050003 0.618408 0.228346 -0.751951 0.493151 0.890411
  37 1.350000 4.129999 -0.040003 0.880314 0.137847 -0.453923 0.493151 0.892368
knife_butterfly.bmp
  37 1.350000 4.129999 -0.040003 0.880314 0.137847 -0.453923 0.493151 0.892368
  37 1.340000 4.129999 -0.050003 0.618408 0.228346 -0.751951 0.493151 0.890411
  37 1.350000 4.149999 -0.030003 0.880301 0.284806 -0.379415 0.493151 0.890411
knife_butterfly.bmp
  37 1.340000 4.129999 -0.050003 0.618408 0.228346 -0.751951 0.493151 0.890411
  37 1.340000 4.159999 -0.040003 0.618394 0.471767 -0.628510 0.493151 0.890411
  37 1.350000 4.149999 -0.030003 0.880301 0.284806 -0.379415 0.493151 0.890411
knife_butterfly.bmp
  37 1.350000 4.149999 -0.030003 0.880301 0.284806 -0.379415 0.493151 0.890411
  37 1.340000 4.159999 -0.040003 0.618394 0.471767 -0.628510 0.493151 0.890411
  37 1.350000 4.159999 -0.020003 0.880312 0.397374 -0.259122 0.495108 0.890411
knife_butterfly.bmp
  37 1.340000 4.159999 -0.040003 0.618394 0.471767 -0.628510 0.493151 0.890411
  37 1.340000 4.169999 -0.020003 0.618417 0.658255 -0.429257 0.495108 0.890411
  37 1.350000 4.159999 -0.020003 0.880312 0.397374 -0.259122 0.495108 0.890411
knife_butterfly.bmp
  37 1.350000 4.159999 -0.020003 0.880312 0.397374 -0.259122 0.495108 0.890411
  37 1.340000 4.169999 -0.020003 0.618417 0.658255 -0.429257 0.495108 0.890411
  37 1.350000 4.169999 -0.000003 0.880313 0.462032 -0.107586 0.497065 0.890411
knife_butterfly.bmp
  37 1.340000 4.169999 -0.020003 0.618417 0.658255 -0.429257 0.495108 0.890411
  37 1.340000 4.179999 -0.000003 0.618432 0.765361 -0.178225 0.497065 0.890411
  37 1.350000 4.169999 -0.000003 0.880313 0.462032 -0.107586 0.497065 0.890411
knife_butterfly.bmp
  37 1.350000 4.169999 -0.000003 0.880313 0.462032 -0.107586 0.497065 0.890411
  37 1.340000 4.179999 -0.000003 0.618432 0.765361 -0.178225 0.497065 0.890411
  37 1.350000 4.169999 0.019997 0.880323 0.470947 0.056927 0.497065 0.892368
knife_butterfly.bmp
  37 1.340000 4.179999 -0.000003 0.618432 0.765361 -0.178225 0.497065 0.890411
  37 1.340000 4.179999 0.019997 0.618441 0.780152 0.094307 0.499022 0.892368
  37 1.350000 4.169999 0.019997 0.880323 0.470947 0.056927 0.497065 0.892368
knife_butterfly.bmp
  37 1.350000 4.169999 0.019997 0.880323 0.470947 0.056927 0.497065 0.892368
  37 1.340000 4.179999 0.019997 0.618441 0.780152 0.094307 0.499022 0.892368
  37 1.350000 4.169999 0.039997 0.880312 0.423089 0.214586 0.499022 0.892368
knife_butterfly.bmp
  37 1.340000 4.179999 0.019997 0.618441 0.780152 0.094307 0.499022 0.892368
  37 1.340000 4.179999 0.049997 0.618408 0.700866 0.355470 0.499022 0.892368
  37 1.350000 4.169999 0.039997 0.880312 0.423089 0.214586 0.499022 0.892368
knife_butterfly.bmp
  37 1.350000 4.169999 0.039997 0.880312 0.423089 0.214586 0.499022 0.892368
  37 1.340000 4.179999 0.049997 0.618408 0.700866 0.355470 0.499022 0.892368
  37 1.350000 4.150000 0.059997 0.865292 0.353877 0.355023 0.499022 0.894325
knife_butterfly.bmp
  40 0.990003 3.811436 -0.501859 0.000002 0.619242 -0.785200 0.592955 0.819961
  40 0.990003 3.831436 -0.471859 0.000000 0.850456 -0.526047 0.594912 0.819961
  40 1.320003 3.831436 -0.471858 0.000000 0.850456 -0.526047 0.594912 0.837573
knife_butterfly.bmp
  40 1.320003 3.831436 -0.471858 0.000000 0.850456 -0.526047 0.594912 0.837573
  40 0.990003 3.831436 -0.471859 0.000000 0.850456 -0.526047 0.594912 0.819961
  40 1.320003 3.831436 -0.441858 -0.000003 0.979089 -0.203433 0.596869 0.837573
knife_butterfly.bmp
  40 0.990003 3.831436 -0.471859 0.000000 0.850456 -0.526047 0.594912 0.819961
  40 0.990003 3.831436 -0.461859 -0.000003 0.979089 -0.203433 0.596869 0.819961
  40 1.320003 3.831436 -0.441858 -0.000003 0.979089 -0.203433 0.596869 0.837573
knife_butterfly.bmp
  40 1.320003 3.831436 -0.441858 -0.000003 0.979089 -0.203433 0.596869 0.837573
  40 0.990003 3.831436 -0.461859 -0.000003 0.979089 -0.203433 0.596869 0.819961
  40 1.320003 3.841437 -0.421858 -0.000005 0.989621 0.143703 0.596869 0.837573
knife_butterfly.bmp
  40 0.990003 3.831436 -0.461859 -0.000003 0.979089 -0.203433 0.596869 0.819961
  40 0.990003 3.841437 -0.431859 -0.000005 0.989621 0.143703 0.596869 0.819961
  40 1.320003 3.841437 -0.421858 -0.000005 0.989621 0.143703 0.596869 0.837573
knife_butterfly.bmp
  40 1.320003 3.841437 -0.421858 -0.000005 0.989621 0.143703 0.596869 0.837573
  40 0.990003 3.841437 -0.431859 -0.000005 0.989621 0.143703 0.596869 0.819961
  40 1.320003 3.831436 -0.401858 -0.000005 0.880788 0.473510 0.598826 0.837573
knife_butterfly.bmp
  40 0.990003 3.841437 -0.431859 -0.000005 0.989621 0.143703 0.596869 0.819961
  40 0.990003 3.831436 -0.421859 -0.000005 0.880788 0.473510 0.598826 0.819961
  40 1.320003 3.831436 -0.401858 -0.000005 0.880788 0.473510 0.598826 0.837573
knife_butterfly.bmp
  40 1.320003 3.831436 -0.401858 -0.000005 0.880788 0.473510 0.598826 0.837573
  40 0.990003 3.831436 -0.421859 -0.000005 0.880788 0.473510 0.598826 0.819961
  40 1.320003 3.811436 -0.381858 -0.000003 0.665738 0.746186 0.598826 0.837573
knife_butterfly.bmp
  40 0.990003 3.831436 -0.421859 -0.000005 0.880788 0.473510 0.598826 0.819961
  40 0.990003 3.811436 -0.401859 -0.000003 0.665738 0.746186 0.598826 0.819961
  40 1.320003 3.811436 -0.381858 -0.000003 0.665738 0.746186 0.598826 0.837573
knife_butterfly.bmp
  40 1.320003 3.811436 -0.381858 -0.000003 0.665738 0.746186 0.598826 0.837573
  40 0.990003 3.811436 -0.401859 -0.000003 0.665738 0.746186 0.598826 0.819961
  40 1.340003 3.791437 -0.361858 -0.000005 0.370356 0.928890 0.600783 0.837573
knife_butterfly.bmp
  40 0.990003 3.811436 -0.401859 -0.000003 0.665738 0.746186 0.598826 0.819961
  40 0.990003 3.791436 -0.381859 -0.000005 0.370356 0.928890 0.600783 0.819961
  40 1.340003 3.791437 -0.361858 -0.000005 0.370356 0.928890 0.600783 0.837573
knife_butterfly.bmp
  40 1.340003 3.791437 -0.361858 -0.000005 0.370356 0.928890 0.600783 0.837573
  40 0.990003 3.791436 -0.381859 -0.000005 0.370356 0.928890 0.600783 0.819961
  40 1.340003 3.771437 -0.361858 -0.000004 0.030327 0.999540 0.602740 0.837573
knife_butterfly.bmp
  40 0.990003 3.791436 -0.381859 -0.000005 0.370356 0.928890 0.600783 0.819961
  40 0.990003 3.771437 -0.381859 -0.000004 0.030327 0.999540 0.602740 0.819961
  40 1.340003 3.771437 -0.361858 -0.000004 0.030327 0.999540 0.602740 0.837573
knife_butterfly.bmp
  40 1.340003 3.771437 -0.361858 -0.000004 0.030327 0.999540 0.602740 0.837573
  40 0.990003 3.771437 -0.381859 -0.000004 0.030327 0.999540 0.602740 0.819961
  40 1.340003 3.751437 -0.361858 -0.000003 -0.313357 0.949635 0.602740 0.837573
knife_butterfly.bmp
  40 0.990003 3.771437 -0.381859 -0.000004 0.030327 0.999540 0.602740 0.819961
  40 0.990003 3.751437 -0.381859 -0.000003 -0.313357 0.949635 0.602740 0.819961
  40 1.340003 3.751437 -0.361858 -0.000003 -0.313357 0.949635 0.602740 0.837573
knife_butterfly.bmp
  40 1.340003 3.751437 -0.361858 -0.000003 -0.313357 0.949635 0.602740 0.837573
  40 0.990003 3.751437 -0.381859 -0.000003 -0.313357 0.949635 0.602740 0.819961
  40 1.330003 3.721436 -0.371858 -0.000001 -0.619256 0.785189 0.604697 0.837573
knife_butterfly.bmp
  40 0.990003 3.751437 -0.381859 -0.000003 -0.313357 0.949635 0.602740 0.819961
  40 0.990003 3.721436 -0.391859 -0.000001 -0.619256 0.785189 0.604697 0.819961
  40 1.330003 3.721436 -0.371858 -0.000001 -0.619256 0.785189 0.604697 0.837573
knife_butterfly.bmp
  40 1.330003 3.721436 -0.371858 -0.000001 -0.619256 0.785189 0.604697 0.837573
  40 0.990003 3.721436 -0.391859 -0.000001 -0.619256 0.785189 0.604697 0.819961
  40 1.320003 3.711437 -0.401858 0.000001 -0.850456 0.526046 0.606654 0.837573
knife_butterfly.bmp
  40 0.990003 3.721436 -0.391859 -0.000001 -0.619256 0.785189 0.604697 0.819961
  40 0.990003 3.711436 -0.411859 0.000001 -0.850456 0.526046 0.606654 0.819961
  40 1.320003 3.711437 -0.401858 0.000001 -0.850456 0.526046 0.606654 0.837573
knife_butterfly.bmp
  40 1.320003 3.711437 -0.401858 0.000001 -0.850456 0.526046 0.606654 0.837573
  40 0.990003 3.711436 -0.411859 0.000001 -0.850456 0.526046 0.606654 0.819961
  40 1.320003 3.701436 -0.431858 0.000002 -0.979085 0.203450 0.606654 0.837573
knife_butterfly.bmp
  40 0.990003 3.711436 -0.411859 0.000001 -0.850456 0.526046 0.606654 0.819961
  40 0.990003 3.701436 -0.431859 0.000002 -0.979085 0.203450 0.606654 0.819961
  40 1.320003 3.701436 -0.431858 0.000002 -0.979085 0.203450 0.606654 0.837573
knife_butterfly.bmp
  40 1.320003 3.701436 -0.431858 0.000002 -0.979085 0.203450 0.606654 0.837573
  40 0.990003 3.701436 -0.431859 0.000002 -0.979085 0.203450 0.606654 0.819961
  40 1.320003 3.701436 -0.461858 0.000001 -0.989622 -0.143698 0.608611 0.837573
knife_butterfly.bmp
  40 0.990003 3.701436 -0.431859 0.000002 -0.979085 0.203450 0.606654 0.819961
  40 0.990003 3.701436 -0.461859 0.000001 -0.989622 -0.143698 0.608611 0.819961
  40 1.320003 3.701436 -0.461858 0.000001 -0.989622 -0.143698 0.608611 0.837573
knife_butterfly.bmp
  40 1.320003 3.701436 -0.461858 0.000001 -0.989622 -0.143698 0.608611 0.837573
  40 0.990003 3.701436 -0.461859 0.000001 -0.989622 -0.143698 0.608611 0.819961
  40 1.320003 3.711436 -0.481858 0.000002 -0.880790 -0.473507 0.610568 0.837573
knife_butterfly.bmp
  40 0.990003 3.701436 -0.461859 0.000001 -0.989622 -0.143698 0.608611 0.819961
  40 0.990003 3.711436 -0.481859 0.000002 -0.880790 -0.473507 0.610568 0.819961
  40 1.320003 3.711436 -0.481858 0.000002 -0.880790 -0.473507 0.610568 0.837573
knife_butterfly.bmp
  40 1.320003 3.711436 -0.481858 0.000002 -0.880790 -0.473507 0.610568 0.837573
  40 0.990003 3.711436 -0.481859 0.000002 -0.880790 -0.473507 0.610568 0.819961
  40 1.320003 3.721436 -0.481858 0.000004 -0.665724 -0.746198 0.610568 0.837573
knife_butterfly.bmp
  40 0.990003 3.711436 -0.481859 0.000002 -0.880790 -0.473507 0.610568 0.819961
  40 0.990003 3.721436 -0.501859 0.000004 -0.665724 -0.746198 0.610568 0.819961
  40 1.320003 3.721436 -0.481858 0.000004 -0.665724 -0.746198 0.610568 0.837573
knife_butterfly.bmp
  40 1.320003 3.721436 -0.481858 0.000004 -0.665724 -0.746198 0.610568 0.837573
  40 0.990003 3.721436 -0.501859 0.000004 -0.665724 -0.746198 0.610568 0.819961
  40 1.320003 3.741436 -0.491858 0.000002 -0.370364 -0.928887 0.612524 0.837573
knife_butterfly.bmp
  40 0.990003 3.721436 -0.501859 0.000004 -0.665724 -0.746198 0.610568 0.819961
  40 0.990003 3.741436 -0.511859 0.000002 -0.370364 -0.928887 0.612524 0.819961
  40 1.320003 3.741436 -0.491858 0.000002 -0.370364 -0.928887 0.612524 0.837573
knife_butterfly.bmp
  40 1.320003 3.741436 -0.491858 0.000002 -0.370364 -0.928887 0.612524 0.837573
  40 0.990003 3.741436 -0.511859 0.000002 -0.370364 -0.928887 0.612524 0.819961
  40 1.320003 3.761436 -0.501858 0.000003 -0.030331 -0.999540 0.614481 0.837573
knife_butterfly.bmp
  40 0.990003 3.741436 -0.511859 0.000002 -0.370364 -0.928887 0.612524 0.819961
  40 0.990003 3.761436 -0.521859 0.000003 -0.030331 -0.999540 0.614481 0.819961
  40 1.320003 3.761436 -0.501858 0.000003 -0.030331 -0.999540 0.614481 0.837573
knife_butterfly.bmp
  40 1.320003 3.761436 -0.501858 0.000003 -0.030331 -0.999540 0.614481 0.837573
  40 0.990003 3.761436 -0.521859 0.000003 -0.030331 -0.999540 0.614481 0.819961
  40 1.320003 3.791436 -0.491858 0.000003 0.313363 -0.949633 0.614481 0.839530
knife_butterfly.bmp
  40 0.990003 3.761436 -0.521859 0.000003 -0.030331 -0.999540 0.614481 0.819961
  40 0.990003 3.791436 -0.511859 0.000003 0.313363 -0.949633 0.614481 0.819961
  40 1.320003 3.791436 -0.491858 0.000003 0.313363 -0.949633 0.614481 0.839530
knife_butterfly.bmp
  40 1.320003 3.791436 -0.491858 0.000003 0.313363 -0.949633 0.614481 0.839530
  40 0.990003 3.791436 -0.511859 0.000003 0.313363 -0.949633 0.614481 0.819961
  40 1.320003 3.811436 -0.481858 0.000002 0.619242 -0.785200 0.616438 0.839530
knife_butterfly.bmp
  40 0.990003 3.791436 -0.511859 0.000003 0.313363 -0.949633 0.614481 0.819961
  40 0.990003 3.811436 -0.501859 0.000002 0.619242 -0.785200 0.616438 0.819961
  40 1.320003 3.811436 -0.481858 0.000002 0.619242 -0.785200 0.616438 0.839530
knife_butterfly.bmp
  37 1.000000 4.070000 0.069997 -0.000001 -0.600309 0.799768 0.487280 0.864971
  37 1.000000 4.059999 0.049997 0.000000 -0.837651 0.546206 0.487280 0.864971
  37 1.340000 4.059999 0.049997 0.000000 -0.837651 0.546206 0.487280 0.890411
knife_butterfly.bmp
  37 1.340000 4.059999 0.049997 0.000000 -0.837651 0.546206 0.487280 0.890411
  37 1.000000 4.059999 0.049997 0.000000 -0.837651 0.546206 0.487280 0.864971
  37 1.340000 4.050000 0.029997 0.000001 -0.973947 0.226777 0.489237 0.890411
knife_butterfly.bmp
  37 1.000000 4.059999 0.049997 0.000000 -0.837651 0.546206 0.487280 0.864971
  37 1.000000 4.050000 0.029997 0.000001 -0.973947 0.226777 0.489237 0.864971
  37 1.340000 4.050000 0.029997 0.000001 -0.973947 0.226777 0.489237 0.890411
knife_butterfly.bmp
  37 1.340000 4.050000 0.029997 0.000001 -0.973947 0.226777 0.489237 0.890411
  37 1.000000 4.050000 0.029997 0.000001 -0.973947 0.226777 0.489237 0.864971
  37 1.340000 4.050000 0.009997 0.000000 -0.992773 -0.120004 0.491194 0.890411
knife_butterfly.bmp
  37 1.000000 4.050000 0.029997 0.000001 -0.973947 0.226777 0.489237 0.864971
  37 1.000000 4.050000 0.009997 0.000000 -0.992773 -0.120004 0.491194 0.864971
  37 1.340000 4.050000 0.009997 0.000000 -0.992773 -0.120004 0.491194 0.890411
knife_butterfly.bmp
  37 1.340000 4.050000 0.009997 0.000000 -0.992773 -0.120004 0.491194 0.890411
  37 1.000000 4.050000 0.009997 0.000000 -0.992773 -0.120004 0.491194 0.864971
  37 1.340000 4.050000 -0.020003 0.000000 -0.891857 -0.452318 0.493151 0.890411
knife_butterfly.bmp
  37 1.000000 4.050000 0.009997 0.000000 -0.992773 -0.120004 0.491194 0.864971
  37 1.000000 4.050000 -0.020003 0.000000 -0.891857 -0.452318 0.493151 0.864971
  37 1.340000 4.050000 -0.020003 0.000000 -0.891857 -0.452318 0.493151 0.890411
knife_butterfly.bmp
  37 1.340000 4.050000 -0.020003 0.000000 -0.891857 -0.452318 0.493151 0.890411
  37 1.000000 4.050000 -0.020003 0.000000 -0.891857 -0.452318 0.493151 0.864971
  37 1.340000 4.070000 -0.040003 0.000000 -0.699917 -0.714224 0.495108 0.890411
knife_butterfly.bmp
  37 1.000000 4.050000 -0.020003 0.000000 -0.891857 -0.452318 0.493151 0.864971
  37 1.000000 4.070000 -0.040003 0.000000 -0.699917 -0.714224 0.495108 0.864971
  37 1.340000 4.070000 -0.040003 0.000000 -0.699917 -0.714224 0.495108 0.890411
knife_butterfly.bmp
  37 1.340000 4.070000 -0.040003 0.000000 -0.699917 -0.714224 0.495108 0.890411
  37 1.000000 4.070000 -0.040003 0.000000 -0.699917 -0.714224 0.495108 0.864971
  37 1.340000 4.089999 -0.050003 0.000000 -0.369678 -0.929160 0.497065 0.890411
knife_butterfly.bmp
  37 1.000000 4.070000 -0.040003 0.000000 -0.699917 -0.714224 0.495108 0.864971
  37 1.000000 4.089999 -0.050003 0.000000 -0.369678 -0.929160 0.497065 0.864971
  37 1.340000 4.089999 -0.050003 0.000000 -0.369678 -0.929160 0.497065 0.890411
knife_butterfly.bmp
  37 1.340000 4.089999 -0.050003 0.000000 -0.369678 -0.929160 0.497065 0.890411
  37 1.000000 4.089999 -0.050003 0.000000 -0.369678 -0.929160 0.497065 0.864971
  37 1.340000 4.109999 -0.050003 0.000000 -0.054198 -0.998530 0.499022 0.890411
knife_butterfly.bmp
  37 1.000000 4.089999 -0.050003 0.000000 -0.369678 -0.929160 0.497065 0.864971
  37 1.000000 4.109999 -0.050003 0.000000 -0.054198 -0.998530 0.499022 0.864971
  37 1.340000 4.109999 -0.050003 0.000000 -0.054198 -0.998530 0.499022 0.890411
knife_butterfly.bmp
  37 1.340000 4.109999 -0.050003 0.000000 -0.054198 -0.998530 0.499022 0.890411
  37 1.000000 4.109999 -0.050003 0.000000 -0.054198 -0.998530 0.499022 0.864971
  37 1.340000 4.129999 -0.050003 0.000000 0.290579 -0.956851 0.499022 0.890411
knife_butterfly.bmp
  37 1.000000 4.109999 -0.050003 0.000000 -0.054198 -0.998530 0.499022 0.864971
  37 1.000000 4.129999 -0.050003 0.000000 0.290579 -0.956851 0.499022 0.864971
  37 1.340000 4.129999 -0.050003 0.000000 0.290579 -0.956851 0.499022 0.890411
knife_butterfly.bmp
  37 1.340000 4.129999 -0.050003 0.000000 0.290579 -0.956851 0.499022 0.890411
  37 1.000000 4.129999 -0.050003 0.000000 0.290579 -0.956851 0.499022 0.864971
  37 1.340000 4.159999 -0.040003 -0.000002 0.591572 -0.806252 0.500978 0.890411
knife_butterfly.bmp
  37 1.000000 4.129999 -0.050003 0.000000 0.290579 -0.956851 0.499022 0.864971
  37 1.000000 4.159999 -0.040003 -0.000002 0.591572 -0.806252 0.500978 0.864971
  37 1.340000 4.159999 -0.040003 -0.000002 0.591572 -0.806252 0.500978 0.890411
knife_butterfly.bmp
  37 1.340000 4.159999 -0.040003 -0.000002 0.591572 -0.806252 0.500978 0.890411
  37 1.000000 4.159999 -0.040003 -0.000002 0.591572 -0.806252 0.500978 0.864971
  37 1.340000 4.169999 -0.020003 0.000000 0.837632 -0.546235 0.502935 0.890411
knife_butterfly.bmp
  37 1.000000 4.159999 -0.040003 -0.000002 0.591572 -0.806252 0.500978 0.864971
  37 1.000000 4.169999 -0.020003 0.000000 0.837632 -0.546235 0.502935 0.864971
  37 1.340000 4.169999 -0.020003 0.000000 0.837632 -0.546235 0.502935 0.890411
knife_butterfly.bmp
  37 1.340000 4.169999 -0.020003 0.000000 0.837632 -0.546235 0.502935 0.890411
  37 1.000000 4.169999 -0.020003 0.000000 0.837632 -0.546235 0.502935 0.864971
  37 1.340000 4.179999 -0.000003 -0.000001 0.973940 -0.226804 0.504892 0.890411
knife_butterfly.bmp
  37 1.000000 4.169999 -0.020003 0.000000 0.837632 -0.546235 0.502935 0.864971
  37 1.000000 4.179999 -0.000003 -0.000001 0.973940 -0.226804 0.504892 0.864971
  37 1.340000 4.179999 -0.000003 -0.000001 0.973940 -0.226804 0.504892 0.890411
knife_butterfly.bmp
  37 1.340000 4.179999 -0.000003 -0.000001 0.973940 -0.226804 0.504892 0.890411
  37 1.000000 4.179999 -0.000003 -0.000001 0.973940 -0.226804 0.504892 0.864971
  37 1.340000 4.179999 0.019997 -0.000003 0.992771 0.120022 0.506849 0.890411
knife_butterfly.bmp
  37 1.000000 4.179999 -0.000003 -0.000001 0.973940 -0.226804 0.504892 0.864971
  37 1.000000 4.179999 0.019997 -0.000003 0.992771 0.120022 0.506849 0.864971
  37 1.340000 4.179999 0.019997 -0.000003 0.992771 0.120022 0.506849 0.890411
knife_butterfly.bmp
  37 1.340000 4.179999 0.019997 -0.000003 0.992771 0.120022 0.506849 0.890411
  37 1.000000 4.179999 0.019997 -0.000003 0.992771 0.120022 0.506849 0.864971
  37 1.340000 4.179999 0.049997 -0.000001 0.891849 0.452333 0.508806 0.890411
knife_butterfly.bmp
  37 1.000000 4.179999 0.019997 -0.000003 0.992771 0.120022 0.506849 0.864971
  37 1.000000 4.179999 0.049997 -0.000001 0.891849 0.452333 0.508806 0.864971
  37 1.340000 4.179999 0.049997 -0.000001 0.891849 0.452333 0.508806 0.890411
knife_butterfly.bmp
  37 1.340000 4.179999 0.049997 -0.000001 0.891849 0.452333 0.508806 0.890411
  37 1.000000 4.179999 0.049997 -0.000001 0.891849 0.452333 0.508806 0.864971
  37 1.340000 4.159999 0.069997 0.000000 0.690988 0.722866 0.508806 0.890411
knife_butterfly.bmp
  37 1.000000 4.179999 0.049997 -0.000001 0.891849 0.452333 0.508806 0.864971
  37 1.000000 4.159999 0.069997 0.000000 0.690988 0.722866 0.508806 0.864971
  37 1.340000 4.159999 0.069997 0.000000 0.690988 0.722866 0.508806 0.890411
knife_butterfly.bmp
  37 1.340000 4.159999 0.069997 0.000000 0.690988 0.722866 0.508806 0.890411
  37 1.000000 4.159999 0.069997 0.000000 0.690988 0.722866 0.508806 0.864971
  37 1.340000 4.139999 0.079997 0.000000 0.392669 0.919680 0.510763 0.890411
knife_butterfly.bmp
  37 1.000000 4.159999 0.069997 0.000000 0.690988 0.722866 0.508806 0.864971
  37 1.000000 4.139999 0.079997 0.000000 0.392669 0.919680 0.510763 0.864971
  37 1.340000 4.139999 0.079997 0.000000 0.392669 0.919680 0.510763 0.890411
knife_butterfly.bmp
  37 1.340000 4.139999 0.079997 0.000000 0.392669 0.919680 0.510763 0.890411
  37 1.000000 4.139999 0.079997 0.000000 0.392669 0.919680 0.510763 0.864971
  37 1.340000 4.119999 0.079997 0.000001 0.054214 0.998529 0.512720 0.890411
knife_butterfly.bmp
  37 1.000000 4.139999 0.079997 0.000000 0.392669 0.919680 0.510763 0.864971
  37 1.000000 4.119999 0.079997 0.000001 0.054214 0.998529 0.512720 0.864971
  37 1.340000 4.119999 0.079997 0.000001 0.054214 0.998529 0.512720 0.890411
knife_butterfly.bmp
  37 1.340000 4.119999 0.079997 0.000001 0.054214 0.998529 0.512720 0.890411
  37 1.000000 4.119999 0.079997 0.000001 0.054214 0.998529 0.512720 0.864971
  37 1.340000 4.090000 0.079997 0.000000 -0.290575 0.956852 0.514677 0.890411
knife_butterfly.bmp
  37 1.000000 4.119999 0.079997 0.000001 0.054214 0.998529 0.512720 0.864971
  37 1.000000 4.090000 0.079997 0.000000 -0.290575 0.956852 0.514677 0.864971
  37 1.340000 4.090000 0.079997 0.000000 -0.290575 0.956852 0.514677 0.890411
knife_butterfly.bmp
  37 1.340000 4.090000 0.079997 0.000000 -0.290575 0.956852 0.514677 0.890411
  37 1.000000 4.090000 0.079997 0.000000 -0.290575 0.956852 0.514677 0.864971
  37 1.340000 4.070000 0.069997 -0.000001 -0.600309 0.799768 0.516634 0.890411
knife_butterfly.bmp
  37 1.000000 4.090000 0.079997 0.000000 -0.290575 0.956852 0.514677 0.864971
  37 1.000000 4.070000 0.069997 -0.000001 -0.600309 0.799768 0.516634 0.864971
  37 1.340000 4.070000 0.069997 -0.000001 -0.600309 0.799768 0.516634 0.890411
knife_butterfly.bmp
  37 1.280000 4.530000 0.299997 0.913309 0.401091 -0.070664 0.354207 0.181996
  37 1.270000 4.530000 0.329997 0.700095 0.534366 0.473624 0.358121 0.181996
  37 1.280000 4.520000 0.319997 0.870696 0.423377 0.250280 0.356164 0.181996
knife_butterfly.bmp
  37 1.280000 4.520000 0.319997 0.870696 0.423377 0.250280 0.356164 0.181996
  37 1.270000 4.530000 0.329997 0.700095 0.534366 0.473624 0.358121 0.181996
  37 1.270000 4.500000 0.379997 0.581275 0.666832 0.466320 0.363992 0.185910
knife_butterfly.bmp
  37 1.270000 4.530000 0.329997 0.700095 0.534366 0.473624 0.358121 0.181996
  37 1.250000 4.500000 0.379997 0.272351 0.794501 0.542764 0.363992 0.185910
  37 1.270000 4.500000 0.379997 0.581275 0.666832 0.466320 0.363992 0.185910
knife_butterfly.bmp
  37 1.270000 4.500000 0.379997 0.581275 0.666832 0.466320 0.363992 0.185910
  37 1.250000 4.500000 0.379997 0.272351 0.794501 0.542764 0.363992 0.185910
  37 1.270000 4.469999 0.429997 0.595236 0.632054 0.496188 0.369863 0.189824
knife_butterfly.bmp
  37 1.250000 4.500000 0.379997 0.272351 0.794501 0.542764 0.363992 0.185910
  37 1.250000 4.469999 0.439997 0.199201 0.751734 0.628661 0.371820 0.189824
  37 1.270000 4.469999 0.429997 0.595236 0.632054 0.496188 0.369863 0.189824
knife_butterfly.bmp
  37 1.270000 4.469999 0.429997 0.595236 0.632054 0.496188 0.369863 0.189824
  37 1.250000 4.469999 0.439997 0.199201 0.751734 0.628661 0.371820 0.189824
  37 1.270000 4.410000 0.489997 0.597998 0.536621 0.595345 0.377691 0.195695
knife_butterfly.bmp
  37 1.250000 4.469999 0.439997 0.199201 0.751734 0.628661 0.371820 0.189824
  37 1.250000 4.410000 0.499997 0.202819 0.662538 0.721046 0.377691 0.195695
  37 1.270000 4.410000 0.489997 0.597998 0.536621 0.595345 0.377691 0.195695
knife_butterfly.bmp
  37 1.270000 4.410000 0.489997 0.597998 0.536621 0.595345 0.377691 0.195695
  37 1.250000 4.410000 0.499997 0.202819 0.662538 0.721046 0.377691 0.195695
  37 1.270000 4.370000 0.519997 0.659793 0.451856 0.600415 0.381605 0.201566
knife_butterfly.bmp
  37 1.250000 4.410000 0.499997 0.202819 0.662538 0.721046 0.377691 0.195695
  37 1.250000 4.370000 0.529997 0.269883 0.585373 0.764527 0.381605 0.201566
  37 1.270000 4.370000 0.519997 0.659793 0.451856 0.600415 0.381605 0.201566
knife_butterfly.bmp
  37 1.270000 4.370000 0.519997 0.659793 0.451856 0.600415 0.381605 0.201566
  37 1.250000 4.370000 0.529997 0.269883 0.585373 0.764527 0.381605 0.201566
  37 1.270000 4.290000 0.579997 0.698225 0.372873 0.611103 0.387476 0.211350
knife_butterfly.bmp
  37 1.250000 4.370000 0.529997 0.269883 0.585373 0.764527 0.381605 0.201566
  37 1.250000 4.290000 0.589997 0.315576 0.532420 0.785456 0.387476 0.209393
  37 1.270000 4.290000 0.579997 0.698225 0.372873 0.611103 0.387476 0.211350
knife_butterfly.bmp
  37 1.270000 4.290000 0.579997 0.698225 0.372873 0.611103 0.387476 0.211350
  37 1.250000 4.290000 0.589997 0.315576 0.532420 0.785456 0.387476 0.209393
  37 1.270000 4.070000 0.739997 0.698225 0.372873 0.611103 0.405088 0.238748
knife_butterfly.bmp
  37 1.250000 4.290000 0.589997 0.315576 0.532420 0.785456 0.387476 0.209393
  37 1.250000 4.070000 0.749997 0.310868 0.493290 0.812420 0.407045 0.238748
  37 1.270000 4.070000 0.739997 0.698225 0.372873 0.611103 0.405088 0.238748
knife_butterfly.bmp
  37 1.270000 4.070000 0.739997 0.698225 0.372873 0.611103 0.405088 0.238748
  37 1.250000 4.070000 0.749997 0.310868 0.493290 0.812420 0.407045 0.238748
  37 1.270000 3.850000 0.849998 0.692308 0.328553 0.642466 0.418787 0.260274
knife_butterfly.bmp
  37 1.250000 4.070000 0.749997 0.310868 0.493290 0.812420 0.407045 0.238748
  37 1.250000 3.850000 0.859998 0.303715 0.431370 0.849516 0.418787 0.260274
  37 1.270000 3.850000 0.849998 0.692308 0.328553 0.642466 0.418787 0.260274
knife_butterfly.bmp
  37 1.270000 3.850000 0.849998 0.692308 0.328553 0.642466 0.418787 0.260274
  37 1.250000 3.850000 0.859998 0.303715 0.431370 0.849516 0.418787 0.260274
  37 1.270000 3.670000 0.939998 0.690203 0.284411 0.665380 0.428571 0.283757
knife_butterfly.bmp
  37 1.250000 3.850000 0.859998 0.303715 0.431370 0.849516 0.418787 0.260274
  37 1.250000 3.670000 0.949998 0.299406 0.373054 0.878172 0.430528 0.283757
  37 1.270000 3.670000 0.939998 0.690203 0.284411 0.665380 0.428571 0.283757
knife_butterfly.bmp
  37 1.270000 3.670000 0.939998 0.690203 0.284411 0.665380 0.428571 0.283757
  37 1.250000 3.670000 0.949998 0.299406 0.373054 0.878172 0.430528 0.283757
  37 1.270000 3.470000 0.999998 0.696844 0.230046 0.679329 0.438356 0.307241
knife_butterfly.bmp
  37 1.250000 3.670000 0.949998 0.299406 0.373054 0.878172 0.430528 0.283757
  37 1.250000 3.470000 0.999998 0.304675 0.321334 0.896614 0.440313 0.307241
  37 1.270000 3.470000 0.999998 0.696844 0.230046 0.679329 0.438356 0.307241
knife_butterfly.bmp
  37 1.270000 3.470000 0.999998 0.696844 0.230046 0.679329 0.438356 0.307241
  37 1.250000 3.470000 0.999998 0.304675 0.321334 0.896614 0.440313 0.307241
  37 1.270000 3.250000 1.079998 0.696844 0.230046 0.679329 0.446184 0.330724
knife_butterfly.bmp
  37 1.250000 3.470000 0.999998 0.304675 0.321334 0.896614 0.440313 0.307241
  37 1.250000 3.250000 1.089998 0.304675 0.321334 0.896614 0.448141 0.330724
  37 1.270000 3.250000 1.079998 0.696844 0.230046 0.679329 0.446184 0.330724
knife_butterfly.bmp
  37 1.270000 3.250000 1.079998 0.696844 0.230046 0.679329 0.446184 0.330724
  37 1.250000 3.250000 1.089998 0.304675 0.321334 0.896614 0.448141 0.330724
  37 1.270000 3.050000 1.129998 0.696844 0.230046 0.679329 0.455969 0.354207
knife_butterfly.bmp
  37 1.250000 3.250000 1.089998 0.304675 0.321334 0.896614 0.448141 0.330724
  37 1.250000 3.050000 1.139998 0.304675 0.321334 0.896614 0.455969 0.354207
  37 1.270000 3.050000 1.129998 0.696844 0.230046 0.679329 0.455969 0.354207
knife_butterfly.bmp
  37 1.270000 3.050000 1.129998 0.696844 0.230046 0.679329 0.455969 0.354207
  37 1.250000 3.050000 1.139998 0.304675 0.321334 0.896614 0.455969 0.354207
  37 1.270000 2.850000 1.199998 0.696844 0.230046 0.679329 0.461840 0.377691
knife_butterfly.bmp
  37 1.250000 3.050000 1.139998 0.304675 0.321334 0.896614 0.455969 0.354207
  37 1.250000 2.850000 1.209998 0.309228 0.265131 0.913282 0.463796 0.377691
  37 1.270000 2.850000 1.199998 0.696844 0.230046 0.679329 0.461840 0.377691
knife_butterfly.bmp
  37 1.270000 2.850000 1.199998 0.696844 0.230046 0.679329 0.461840 0.377691
  37 1.250000 2.850000 1.209998 0.309228 0.265131 0.913282 0.463796 0.377691
  37 1.270000 2.640000 1.249998 0.702909 0.176628 0.689000 0.469667 0.401174
knife_butterfly.bmp
  37 1.250000 2.850000 1.209998 0.309228 0.265131 0.913282 0.463796 0.377691
  37 1.250000 2.650000 1.259998 0.309228 0.265131 0.913282 0.469667 0.401174
  37 1.270000 2.640000 1.249998 0.702909 0.176628 0.689000 0.469667 0.401174
knife_butterfly.bmp
  37 0.710000 2.650000 1.259998 -0.312088 0.235776 0.920332 0.467710 0.401174
  37 0.710000 2.850000 1.209998 -0.312088 0.235776 0.920332 0.461840 0.377691
  37 0.690000 2.640000 1.249998 -0.702907 0.176630 0.689002 0.467710 0.401174
knife_butterfly.bmp
  37 0.690000 2.640000 1.249998 -0.702907 0.176630 0.689002 0.467710 0.401174
  37 0.710000 2.850000 1.209998 -0.312088 0.235776 0.920332 0.461840 0.377691
  37 0.690000 2.850000 1.199998 -0.702907 0.176630 0.689002 0.461840 0.377691
knife_butterfly.bmp
  37 0.710000 2.850000 1.209998 -0.312088 0.235776 0.920332 0.461840 0.377691
  37 0.710000 3.050000 1.139998 -0.306020 0.304532 0.902004 0.454012 0.354207
  37 0.690000 2.850000 1.199998 -0.702907 0.176630 0.689002 0.461840 0.377691
knife_butterfly.bmp
  37 0.690000 2.850000 1.199998 -0.702907 0.176630 0.689002 0.461840 0.377691
  37 0.710000 3.050000 1.139998 -0.306020 0.304532 0.902004 0.454012 0.354207
  37 0.690000 3.050000 1.129998 -0.696847 0.230047 0.679325 0.454012 0.354207
knife_butterfly.bmp
  37 0.710000 3.050000 1.139998 -0.306020 0.304532 0.902004 0.454012 0.354207
  37 0.710000 3.250000 1.089998 -0.306020 0.304532 0.902004 0.446184 0.330724
  37 0.690000 3.050000 1.129998 -0.696847 0.230047 0.679325 0.454012 0.354207
knife_butterfly.bmp
  37 0.690000 3.050000 1.129998 -0.696847 0.230047 0.679325 0.454012 0.354207
  37 0.710000 3.250000 1.089998 -0.306020 0.304532 0.902004 0.446184 0.330724
  37 0.690000 3.250000 1.079998 -0.696847 0.230047 0.679325 0.446184 0.330724
knife_butterfly.bmp
  37 0.710000 3.250000 1.089998 -0.306020 0.304532 0.902004 0.446184 0.330724
  37 0.710000 3.470000 0.999998 -0.306020 0.304532 0.902004 0.438356 0.307241
  37 0.690000 3.250000 1.079998 -0.696847 0.230047 0.679325 0.446184 0.330724
knife_butterfly.bmp
  37 0.690000 3.250000 1.079998 -0.696847 0.230047 0.679325 0.446184 0.330724
  37 0.710000 3.470000 0.999998 -0.306020 0.304532 0.902004 0.438356 0.307241
  37 0.690000 3.470000 0.999998 -0.690220 0.284407 0.665364 0.436399 0.307241
knife_butterfly.bmp
  37 0.710000 3.470000 0.999998 -0.306020 0.304532 0.902004 0.438356 0.307241
  37 0.710000 3.670000 0.949998 -0.266162 0.378293 0.886596 0.428571 0.283757
  37 0.690000 3.470000 0.999998 -0.690220 0.284407 0.665364 0.436399 0.307241
knife_butterfly.bmp
  37 0.690000 3.470000 0.999998 -0.690220 0.284407 0.665364 0.436399 0.307241
  37 0.710000 3.670000 0.949998 -0.266162 0.378293 0.886596 0.428571 0.283757
  37 0.690000 3.670000 0.939998 -0.690220 0.284407 0.665364 0.428571 0.283757
knife_butterfly.bmp
  37 0.710000 3.670000 0.949998 -0.266162 0.378293 0.886596 0.428571 0.283757
  37 0.710000 3.850000 0.859998 -0.303680 0.431373 0.849527 0.418787 0.260274
  37 0.690000 3.670000 0.939998 -0.690220 0.284407 0.665364 0.428571 0.283757
knife_butterfly.bmp
  37 0.690000 3.670000 0.939998 -0.690220 0.284407 0.665364 0.428571 0.283757
  37 0.710000 3.850000 0.859998 -0.303680 0.431373 0.849527 0.418787 0.260274
  37 0.690000 3.850000 0.849998 -0.692310 0.328550 0.642466 0.416830 0.260274
knife_butterfly.bmp
  37 0.710000 3.850000 0.859998 -0.303680 0.431373 0.849527 0.418787 0.260274
  37 0.710000 4.070000 0.749997 -0.310883 0.493288 0.812415 0.405088 0.238748
  37 0.690000 3.850000 0.849998 -0.692310 0.328550 0.642466 0.416830 0.260274
knife_butterfly.bmp
  37 0.690000 3.850000 0.849998 -0.692310 0.328550 0.642466 0.416830 0.260274
  37 0.710000 4.070000 0.749997 -0.310883 0.493288 0.812415 0.405088 0.238748
  37 0.690000 4.070000 0.739997 -0.698244 0.372865 0.611086 0.405088 0.238748
knife_butterfly.bmp
  37 0.710000 4.070000 0.749997 -0.310883 0.493288 0.812415 0.405088 0.238748
  37 0.710000 4.290000 0.589997 -0.315603 0.532414 0.785449 0.387476 0.209393
  37 0.690000 4.070000 0.739997 -0.698244 0.372865 0.611086 0.405088 0.238748
knife_butterfly.bmp
  37 0.690000 4.070000 0.739997 -0.698244 0.372865 0.611086 0.405088 0.238748
  37 0.710000 4.290000 0.589997 -0.315603 0.532414 0.785449 0.387476 0.209393
  37 0.690000 4.290000 0.579997 -0.698244 0.372865 0.611086 0.385519 0.211350
knife_butterfly.bmp
  37 0.710000 4.290000 0.589997 -0.315603 0.532414 0.785449 0.387476 0.209393
  37 0.710000 4.370000 0.529997 -0.269926 0.585370 0.764514 0.379648 0.201566
  37 0.690000 4.290000 0.579997 -0.698244 0.372865 0.611086 0.385519 0.211350
knife_butterfly.bmp
  37 0.690000 4.290000 0.579997 -0.698244 0.372865 0.611086 0.385519 0.211350
  37 0.710000 4.370000 0.529997 -0.269926 0.585370 0.764514 0.379648 0.201566
  37 0.690000 4.370000 0.519997 -0.659807 0.451849 0.600406 0.379648 0.201566
knife_butterfly.bmp
  37 0.710000 4.370000 0.529997 -0.269926 0.585370 0.764514 0.379648 0.201566
  37 0.710000 4.410000 0.499997 -0.202829 0.662532 0.721049 0.375734 0.195695
  37 0.690000 4.370000 0.519997 -0.659807 0.451849 0.600406 0.379648 0.201566
knife_butterfly.bmp
  37 0.690000 4.370000 0.519997 -0.659807 0.451849 0.600406 0.379648 0.201566
  37 0.710000 4.410000 0.499997 -0.202829 0.662532 0.721049 0.375734 0.195695
  37 0.690000 4.410000 0.489997 -0.618390 0.537041 0.573743 0.375734 0.195695
knife_butterfly.bmp
  37 0.710000 4.410000 0.499997 -0.202829 0.662532 0.721049 0.375734 0.195695
  37 0.710000 4.469999 0.439997 -0.199201 0.751734 0.628661 0.369863 0.189824
  37 0.690000 4.410000 0.489997 -0.618390 0.537041 0.573743 0.375734 0.195695
knife_butterfly.bmp
  37 0.690000 4.410000 0.489997 -0.618390 0.537041 0.573743 0.375734 0.195695
  37 0.710000 4.469999 0.439997 -0.199201 0.751734 0.628661 0.369863 0.189824
  37 0.690000 4.469999 0.429997 -0.595235 0.632054 0.496188 0.367906 0.189824
knife_butterfly.bmp
  37 0.710000 4.469999 0.439997 -0.199201 0.751734 0.628661 0.369863 0.189824
  37 0.710000 4.500000 0.379997 -0.272342 0.794504 0.542764 0.363992 0.185910
  37 0.690000 4.469999 0.429997 -0.595235 0.632054 0.496188 0.367906 0.189824
knife_butterfly.bmp
  37 0.690000 4.469999 0.429997 -0.595235 0.632054 0.496188 0.367906 0.189824
  37 0.710000 4.500000 0.379997 -0.272342 0.794504 0.542764 0.363992 0.185910
  37 0.690000 4.500000 0.379997 -0.581272 0.666835 0.466320 0.362035 0.185910
knife_butterfly.bmp
  37 0.710000 4.500000 0.379997 -0.272342 0.794504 0.542764 0.363992 0.185910
  37 0.690000 4.530000 0.329997 -0.700093 0.534370 0.473623 0.358121 0.181996
  37 0.690000 4.500000 0.379997 -0.581272 0.666835 0.466320 0.362035 0.185910
knife_butterfly.bmp
  37 0.690000 4.500000 0.379997 -0.581272 0.666835 0.466320 0.362035 0.185910
  37 0.690000 4.530000 0.329997 -0.700093 0.534370 0.473623 0.358121 0.181996
  37 0.690000 4.520000 0.319997 -0.870714 0.423345 0.250273 0.356164 0.181996
knife_butterfly.bmp
  37 0.690000 4.530000 0.329997 -0.700093 0.534370 0.473623 0.358121 0.181996
  37 0.690000 4.530000 0.299997 -0.913301 0.401106 -0.070682 0.354207 0.181996
  37 0.690000 4.520000 0.319997 -0.870714 0.423345 0.250273 0.356164 0.181996
knife_butterfly.bmp
  37 1.280000 4.520000 0.319997 0.870696 0.423377 0.250280 0.356164 0.181996
  37 1.270000 4.500000 0.379997 0.581275 0.666832 0.466320 0.363992 0.185910
  37 1.280000 4.500000 0.359997 0.793734 0.497364 0.350166 0.362035 0.185910
knife_butterfly.bmp
  37 1.280000 4.500000 0.359997 0.793734 0.497364 0.350166 0.362035 0.185910
  37 1.270000 4.500000 0.379997 0.581275 0.666832 0.466320 0.363992 0.185910
  37 1.280000 4.469999 0.399997 0.867636 0.408928 0.282816 0.365949 0.189824
knife_butterfly.bmp
  37 1.270000 4.500000 0.379997 0.581275 0.666832 0.466320 0.363992 0.185910
  37 1.270000 4.469999 0.429997 0.595236 0.632054 0.496188 0.369863 0.189824
  37 1.280000 4.469999 0.399997 0.867636 0.408928 0.282816 0.365949 0.189824
knife_butterfly.bmp
  37 1.280000 4.469999 0.399997 0.867636 0.408928 0.282816 0.365949 0.189824
  37 1.270000 4.469999 0.429997 0.595236 0.632054 0.496188 0.369863 0.189824
  37 1.280000 4.410000 0.459997 0.865292 0.353877 0.355023 0.373777 0.195695
knife_butterfly.bmp
  37 1.270000 4.469999 0.429997 0.595236 0.632054 0.496188 0.369863 0.189824
  37 1.270000 4.410000 0.489997 0.597998 0.536621 0.595345 0.377691 0.195695
  37 1.280000 4.410000 0.459997 0.865292 0.353877 0.355023 0.373777 0.195695
knife_butterfly.bmp
  37 1.280000 4.410000 0.459997 0.865292 0.353877 0.355023 0.373777 0.195695
  37 1.270000 4.410000 0.489997 0.597998 0.536621 0.595345 0.377691 0.195695
  37 1.280000 4.360000 0.499997 0.925098 0.223708 0.306836 0.377691 0.201566
knife_butterfly.bmp
  37 1.270000 4.410000 0.489997 0.597998 0.536621 0.595345 0.377691 0.195695
  37 1.270000 4.370000 0.519997 0.659793 0.451856 0.600415 0.381605 0.201566
  37 1.280000 4.360000 0.499997 0.925098 0.223708 0.306836 0.377691 0.201566
knife_butterfly.bmp
  37 1.280000 4.360000 0.499997 0.925098 0.223708 0.306836 0.377691 0.201566
  37 1.270000 4.370000 0.519997 0.659793 0.451856 0.600415 0.381605 0.201566
  37 1.280000 4.270000 0.559997 0.947391 0.177191 0.266558 0.383562 0.211350
knife_butterfly.bmp
  37 1.270000 4.370000 0.519997 0.659793 0.451856 0.600415 0.381605 0.201566
  37 1.270000 4.290000 0.579997 0.698225 0.372873 0.611103 0.387476 0.211350
  37 1.280000 4.270000 0.559997 0.947391 0.177191 0.266558 0.383562 0.211350
knife_butterfly.bmp
  37 1.280000 4.270000 0.559997 0.947391 0.177191 0.266558 0.383562 0.211350
  37 1.270000 4.290000 0.579997 0.698225 0.372873 0.611103 0.387476 0.211350
  37 1.280000 4.050000 0.709997 0.947391 0.177191 0.266558 0.403131 0.238748
knife_butterfly.bmp
  37 1.270000 4.290000 0.579997 0.698225 0.372873 0.611103 0.387476 0.211350
  37 1.270000 4.070000 0.739997 0.698225 0.372873 0.611103 0.405088 0.238748
  37 1.280000 4.050000 0.709997 0.947391 0.177191 0.266558 0.403131 0.238748
knife_butterfly.bmp
  37 1.280000 4.050000 0.709997 0.947391 0.177191 0.266558 0.403131 0.238748
  37 1.270000 4.070000 0.739997 0.698225 0.372873 0.611103 0.405088 0.238748
  37 1.280000 3.850000 0.819998 0.944300 0.152328 0.291708 0.414873 0.262231
knife_butterfly.bmp
  37 1.270000 4.070000 0.739997 0.698225 0.372873 0.611103 0.405088 0.238748
  37 1.270000 3.850000 0.849998 0.692308 0.328553 0.642466 0.418787 0.260274
  37 1.280000 3.850000 0.819998 0.944300 0.152328 0.291708 0.414873 0.262231
knife_butterfly.bmp
  37 1.280000 3.850000 0.819998 0.944300 0.152328 0.291708 0.414873 0.262231
  37 1.270000 3.850000 0.849998 0.692308 0.328553 0.642466 0.418787 0.260274
  37 1.280000 3.670000 0.909998 0.944300 0.152328 0.291708 0.426614 0.283757
knife_butterfly.bmp
  37 1.270000 3.850000 0.849998 0.692308 0.328553 0.642466 0.418787 0.260274
  37 1.270000 3.670000 0.939998 0.690203 0.284411 0.665380 0.428571 0.283757
  37 1.280000 3.670000 0.909998 0.944300 0.152328 0.291708 0.426614 0.283757
knife_butterfly.bmp
  37 1.280000 3.670000 0.909998 0.944300 0.152328 0.291708 0.426614 0.283757
  37 1.270000 3.670000 0.939998 0.690203 0.284411 0.665380 0.428571 0.283757
  37 1.280000 3.470000 0.989998 0.946171 0.091595 0.310436 0.434442 0.307241
knife_butterfly.bmp
  37 1.270000 3.670000 0.939998 0.690203 0.284411 0.665380 0.428571 0.283757
  37 1.270000 3.470000 0.999998 0.696844 0.230046 0.679329 0.438356 0.307241
  37 1.280000 3.470000 0.989998 0.946171 0.091595 0.310436 0.434442 0.307241
knife_butterfly.bmp
  37 1.280000 3.470000 0.989998 0.946171 0.091595 0.310436 0.434442 0.307241
  37 1.270000 3.470000 0.999998 0.696844 0.230046 0.679329 0.438356 0.307241
  37 1.280000 3.250000 1.049998 0.946171 0.091595 0.310436 0.444227 0.330724
knife_butterfly.bmp
  37 1.270000 3.470000 0.999998 0.696844 0.230046 0.679329 0.438356 0.307241
  37 1.270000 3.250000 1.079998 0.696844 0.230046 0.679329 0.446184 0.330724
  37 1.280000 3.250000 1.049998 0.946171 0.091595 0.310436 0.444227 0.330724
knife_butterfly.bmp
  37 1.280000 3.250000 1.049998 0.946171 0.091595 0.310436 0.444227 0.330724
  37 1.270000 3.250000 1.079998 0.696844 0.230046 0.679329 0.446184 0.330724
  37 1.280000 3.050000 1.109998 0.946171 0.091595 0.310436 0.452055 0.354207
knife_butterfly.bmp
  37 1.270000 3.250000 1.079998 0.696844 0.230046 0.679329 0.446184 0.330724
  37 1.270000 3.050000 1.129998 0.696844 0.230046 0.679329 0.455969 0.354207
  37 1.280000 3.050000 1.109998 0.946171 0.091595 0.310436 0.452055 0.354207
knife_butterfly.bmp
  37 1.280000 3.050000 1.109998 0.946171 0.091595 0.310436 0.452055 0.354207
  37 1.270000 3.050000 1.129998 0.696844 0.230046 0.679329 0.455969 0.354207
  37 1.280000 2.840000 1.169998 0.946171 0.091595 0.310436 0.459883 0.377691
knife_butterfly.bmp
  37 1.270000 3.050000 1.129998 0.696844 0.230046 0.679329 0.455969 0.354207
  37 1.270000 2.850000 1.199998 0.696844 0.230046 0.679329 0.461840 0.377691
  37 1.280000 2.840000 1.169998 0.946171 0.091595 0.310436 0.459883 0.377691
knife_butterfly.bmp
  37 1.280000 2.840000 1.169998 0.946171 0.091595 0.310436 0.459883 0.377691
  37 1.270000 2.850000 1.199998 0.696844 0.230046 0.679329 0.461840 0.377691
  37 1.280000 2.640000 1.219998 0.946171 0.091595 0.310436 0.465753 0.401174
knife_butterfly.bmp
  37 1.270000 2.850000 1.199998 0.696844 0.230046 0.679329 0.461840 0.377691
  37 1.270000 2.640000 1.249998 0.702909 0.176628 0.689000 0.469667 0.401174
  37 1.280000 2.640000 1.219998 0.946171 0.091595 0.310436 0.465753 0.401174
knife_butterfly.bmp
  37 0.880000 3.680000 0.599998 0.000002 -0.760551 -0.649278 0.812133 0.273973
  37 0.880000 3.650000 0.619998 0.000002 -0.533886 -0.845556 0.812133 0.275930
  37 0.690000 3.680000 0.599998 0.000002 -0.760551 -0.649278 0.798434 0.273973
knife_butterfly.bmp
  37 0.690000 3.680000 0.599998 0.000002 -0.760551 -0.649278 0.798434 0.273973
  37 0.880000 3.650000 0.619998 0.000002 -0.533886 -0.845556 0.812133 0.275930
  37 0.690000 3.650000 0.619998 0.000002 -0.533886 -0.845556 0.798434 0.275930
knife_butterfly.bmp
  37 0.880000 3.650000 0.619998 0.000002 -0.533886 -0.845556 0.812133 0.275930
  37 0.880000 3.630000 0.629998 0.000000 -0.369678 -0.929160 0.812133 0.277886
  37 0.690000 3.650000 0.619998 0.000002 -0.533886 -0.845556 0.798434 0.275930
knife_butterfly.bmp
  37 0.690000 3.650000 0.619998 0.000002 -0.533886 -0.845556 0.798434 0.275930
  37 0.880000 3.630000 0.629998 0.000000 -0.369678 -0.929160 0.812133 0.277886
  37 0.690000 3.630000 0.629998 0.000000 -0.369678 -0.929160 0.798434 0.277886
knife_butterfly.bmp
  37 0.880000 3.630000 0.629998 0.000000 -0.369678 -0.929160 0.812133 0.277886
  37 0.880000 3.610000 0.629998 0.000005 -0.197140 -0.980375 0.812133 0.277886
  37 0.690000 3.630000 0.629998 0.000000 -0.369678 -0.929160 0.798434 0.277886
knife_butterfly.bmp
  37 0.690000 3.630000 0.629998 0.000000 -0.369678 -0.929160 0.798434 0.277886
  37 0.880000 3.610000 0.629998 0.000005 -0.197140 -0.980375 0.812133 0.277886
  37 0.690000 3.610000 0.629998 0.000005 -0.197140 -0.980375 0.798434 0.277886
knife_butterfly.bmp
  37 0.880000 3.610000 0.629998 0.000005 -0.197140 -0.980375 0.812133 0.277886
  37 0.880000 3.580000 0.639998 0.000003 0.150066 -0.988676 0.812133 0.281800
  37 0.690000 3.610000 0.629998 0.000005 -0.197140 -0.980375 0.798434 0.277886
knife_butterfly.bmp
  37 0.690000 3.610000 0.629998 0.000005 -0.197140 -0.980375 0.798434 0.277886
  37 0.880000 3.580000 0.639998 0.000003 0.150066 -0.988676 0.812133 0.281800
  37 0.690000 3.580000 0.639998 0.000003 0.150066 -0.988676 0.798434 0.281800
knife_butterfly.bmp
  37 0.880000 3.580000 0.639998 0.000003 0.150066 -0.988676 0.812133 0.281800
  37 0.880000 3.540000 0.619998 0.000002 0.479155 -0.877730 0.812133 0.283757
  37 0.690000 3.580000 0.639998 0.000003 0.150066 -0.988676 0.798434 0.281800
knife_butterfly.bmp
  37 0.690000 3.580000 0.639998 0.000003 0.150066 -0.988676 0.798434 0.281800
  37 0.880000 3.540000 0.619998 0.000002 0.479155 -0.877730 0.812133 0.283757
  37 0.690000 3.540000 0.619998 0.000002 0.479155 -0.877730 0.798434 0.283757
knife_butterfly.bmp
  37 0.880000 3.540000 0.619998 0.000002 0.479155 -0.877730 0.812133 0.283757
  37 0.880000 3.510000 0.599998 -0.000001 0.733595 -0.679587 0.812133 0.287671
  37 0.690000 3.540000 0.619998 0.000002 0.479155 -0.877730 0.798434 0.283757
knife_butterfly.bmp
  37 0.690000 3.540000 0.619998 0.000002 0.479155 -0.877730 0.798434 0.283757
  37 0.880000 3.510000 0.599998 -0.000001 0.733595 -0.679587 0.812133 0.287671
  37 0.690000 3.510000 0.599998 -0.000001 0.733595 -0.679587 0.798434 0.287671
knife_butterfly.bmp
  37 0.880000 3.510000 0.599998 -0.000001 0.733595 -0.679587 0.812133 0.287671
  37 0.880000 3.490000 0.569998 0.000000 0.931250 -0.364380 0.812133 0.289628
  37 0.690000 3.510000 0.599998 -0.000001 0.733595 -0.679587 0.798434 0.287671
knife_butterfly.bmp
  37 0.690000 3.510000 0.599998 -0.000001 0.733595 -0.679587 0.798434 0.287671
  37 0.880000 3.490000 0.569998 0.000000 0.931250 -0.364380 0.812133 0.289628
  37 0.690000 3.490000 0.569998 0.000000 0.931250 -0.364380 0.798434 0.289628
knife_butterfly.bmp
  37 0.880000 3.490000 0.569998 0.000000 0.931250 -0.364380 0.812133 0.289628
  37 0.880000 3.480000 0.529998 0.000000 0.999714 -0.023896 0.812133 0.291585
  37 0.690000 3.490000 0.569998 0.000000 0.931250 -0.364380 0.798434 0.289628
knife_butterfly.bmp
  37 0.690000 3.490000 0.569998 0.000000 0.931250 -0.364380 0.798434 0.289628
  37 0.880000 3.480000 0.529998 0.000000 0.999714 -0.023896 0.812133 0.291585
  37 0.690000 3.480000 0.529998 0.000000 0.999714 -0.023896 0.798434 0.291585
knife_butterfly.bmp
  37 0.880000 3.480000 0.529998 0.000000 0.999714 -0.023896 0.812133 0.291585
  37 0.880000 3.490000 0.489998 0.000000 0.947601 0.319456 0.812133 0.295499
  37 0.690000 3.480000 0.529998 0.000000 0.999714 -0.023896 0.798434 0.291585
knife_butterfly.bmp
  37 0.690000 3.480000 0.529998 0.000000 0.999714 -0.023896 0.798434 0.291585
  37 0.880000 3.490000 0.489998 0.000000 0.947601 0.319456 0.812133 0.295499
  37 0.690000 3.490000 0.489998 0.000000 0.947601 0.319456 0.798434 0.295499
knife_butterfly.bmp
  37 0.880000 3.490000 0.489998 0.000000 0.947601 0.319456 0.812133 0.295499
  37 0.880000 3.510000 0.459998 0.000000 0.769964 0.638087 0.812133 0.297456
  37 0.690000 3.490000 0.489998 0.000000 0.947601 0.319456 0.798434 0.295499
knife_butterfly.bmp
  37 0.690000 3.490000 0.489998 0.000000 0.947601 0.319456 0.798434 0.295499
  37 0.880000 3.510000 0.459998 0.000000 0.769964 0.638087 0.812133 0.297456
  37 0.690000 3.510000 0.459998 0.000000 0.769964 0.638087 0.798434 0.297456
knife_butterfly.bmp
  37 0.880000 3.510000 0.459998 0.000000 0.769964 0.638087 0.812133 0.297456
  37 0.880000 3.540000 0.429998 -0.000001 0.519445 0.854504 0.812133 0.299413
  37 0.690000 3.510000 0.459998 0.000000 0.769964 0.638087 0.798434 0.297456
knife_butterfly.bmp
  37 0.690000 3.510000 0.459998 0.000000 0.769964 0.638087 0.798434 0.297456
  37 0.880000 3.540000 0.429998 -0.000001 0.519445 0.854504 0.812133 0.299413
  37 0.690000 3.540000 0.429998 -0.000001 0.519445 0.854504 0.798434 0.299413
knife_butterfly.bmp
  37 0.880000 3.540000 0.429998 -0.000001 0.519445 0.854504 0.812133 0.299413
  37 0.880000 3.570000 0.419998 0.000000 0.197138 0.980376 0.812133 0.303327
  37 0.690000 3.540000 0.429998 -0.000001 0.519445 0.854504 0.798434 0.299413
knife_butterfly.bmp
  37 0.690000 3.540000 0.429998 -0.000001 0.519445 0.854504 0.798434 0.299413
  37 0.880000 3.570000 0.419998 0.000000 0.197138 0.980376 0.812133 0.303327
  37 0.690000 3.570000 0.419998 0.000000 0.197138 0.980376 0.798434 0.303327
knife_butterfly.bmp
  37 0.880000 3.570000 0.419998 0.000000 0.197138 0.980376 0.812133 0.303327
  37 0.690000 3.610000 0.419998 0.000000 -0.150063 0.988676 0.798434 0.305284
  37 0.690000 3.570000 0.419998 0.000000 0.197138 0.980376 0.798434 0.303327
knife_butterfly.bmp
  37 0.690000 2.640000 1.249998 -0.702907 0.176630 0.689002 0.467710 0.401174
  37 0.690000 2.850000 1.199998 -0.702907 0.176630 0.689002 0.461840 0.377691
  37 0.690000 2.640000 1.219998 -0.947231 0.079765 0.310470 0.463796 0.401174
knife_butterfly.bmp
  37 0.690000 2.640000 1.219998 -0.947231 0.079765 0.310470 0.463796 0.401174
  37 0.690000 2.850000 1.199998 -0.702907 0.176630 0.689002 0.461840 0.377691
  37 0.690000 2.840000 1.169998 -0.947231 0.079765 0.310470 0.457926 0.377691
knife_butterfly.bmp
  37 0.690000 2.850000 1.199998 -0.702907 0.176630 0.689002 0.461840 0.377691
  37 0.690000 3.050000 1.129998 -0.696847 0.230047 0.679325 0.454012 0.354207
  37 0.690000 2.840000 1.169998 -0.947231 0.079765 0.310470 0.457926 0.377691
knife_butterfly.bmp
  37 0.690000 2.840000 1.169998 -0.947231 0.079765 0.310470 0.457926 0.377691
  37 0.690000 3.050000 1.129998 -0.696847 0.230047 0.679325 0.454012 0.354207
  37 0.690000 3.050000 1.109998 -0.947231 0.079765 0.310470 0.450098 0.354207
knife_butterfly.bmp
  37 0.690000 3.050000 1.129998 -0.696847 0.230047 0.679325 0.454012 0.354207
  37 0.690000 3.250000 1.079998 -0.696847 0.230047 0.679325 0.446184 0.330724
  37 0.690000 3.050000 1.109998 -0.947231 0.079765 0.310470 0.450098 0.354207
knife_butterfly.bmp
  37 0.690000 3.050000 1.109998 -0.947231 0.079765 0.310470 0.450098 0.354207
  37 0.690000 3.250000 1.079998 -0.696847 0.230047 0.679325 0.446184 0.330724
  37 0.690000 3.250000 1.049998 -0.947231 0.079765 0.310470 0.442270 0.330724
knife_butterfly.bmp
  37 0.690000 3.250000 1.079998 -0.696847 0.230047 0.679325 0.446184 0.330724
  37 0.690000 3.470000 0.999998 -0.690220 0.284407 0.665364 0.436399 0.307241
  37 0.690000 3.250000 1.049998 -0.947231 0.079765 0.310470 0.442270 0.330724
knife_butterfly.bmp
  37 0.690000 3.250000 1.049998 -0.947231 0.079765 0.310470 0.442270 0.330724
  37 0.690000 3.470000 0.999998 -0.690220 0.284407 0.665364 0.436399 0.307241
  37 0.690000 3.470000 0.989998 -0.943451 0.117415 0.310021 0.434442 0.307241
knife_butterfly.bmp
  37 0.690000 3.470000 0.999998 -0.690220 0.284407 0.665364 0.436399 0.307241
  37 0.690000 3.670000 0.939998 -0.690220 0.284407 0.665364 0.428571 0.283757
  37 0.690000 3.470000 0.989998 -0.943451 0.117415 0.310021 0.434442 0.307241
knife_butterfly.bmp
  37 0.690000 3.470000 0.989998 -0.943451 0.117415 0.310021 0.434442 0.307241
  37 0.690000 3.670000 0.939998 -0.690220 0.284407 0.665364 0.428571 0.283757
  37 0.690000 3.670000 0.909998 -0.943451 0.117415 0.310021 0.424658 0.283757
knife_butterfly.bmp
  37 0.690000 3.670000 0.939998 -0.690220 0.284407 0.665364 0.428571 0.283757
  37 0.690000 3.850000 0.849998 -0.692310 0.328550 0.642466 0.416830 0.260274
  37 0.690000 3.670000 0.909998 -0.943451 0.117415 0.310021 0.424658 0.283757
knife_butterfly.bmp
  37 0.690000 3.670000 0.909998 -0.943451 0.117415 0.310021 0.424658 0.283757
  37 0.690000 3.850000 0.849998 -0.692310 0.328550 0.642466 0.416830 0.260274
  37 0.690000 3.850000 0.819998 -0.944315 0.152309 0.291670 0.414873 0.262231
knife_butterfly.bmp
  37 0.690000 3.850000 0.849998 -0.692310 0.328550 0.642466 0.416830 0.260274
  37 0.690000 4.070000 0.739997 -0.698244 0.372865 0.611086 0.405088 0.238748
  37 0.690000 3.850000 0.819998 -0.944315 0.152309 0.291670 0.414873 0.262231
knife_butterfly.bmp
  37 0.690000 3.850000 0.819998 -0.944315 0.152309 0.291670 0.414873 0.262231
  37 0.690000 4.070000 0.739997 -0.698244 0.372865 0.611086 0.405088 0.238748
  37 0.690000 4.050000 0.709997 -0.947389 0.177194 0.266562 0.401174 0.238748
knife_butterfly.bmp
  37 0.690000 4.070000 0.739997 -0.698244 0.372865 0.611086 0.405088 0.238748
  37 0.690000 4.290000 0.579997 -0.698244 0.372865 0.611086 0.385519 0.211350
  37 0.690000 4.050000 0.709997 -0.947389 0.177194 0.266562 0.401174 0.238748
knife_butterfly.bmp
  37 0.690000 4.050000 0.709997 -0.947389 0.177194 0.266562 0.401174 0.238748
  37 0.690000 4.290000 0.579997 -0.698244 0.372865 0.611086 0.385519 0.211350
  37 0.690000 4.270000 0.559997 -0.947389 0.177194 0.266562 0.383562 0.211350
knife_butterfly.bmp
  37 0.690000 4.290000 0.579997 -0.698244 0.372865 0.611086 0.385519 0.211350
  37 0.690000 4.370000 0.519997 -0.659807 0.451849 0.600406 0.379648 0.201566
  37 0.690000 4.270000 0.559997 -0.947389 0.177194 0.266562 0.383562 0.211350
knife_butterfly.bmp
  37 0.690000 4.270000 0.559997 -0.947389 0.177194 0.266562 0.383562 0.211350
  37 0.690000 4.370000 0.519997 -0.659807 0.451849 0.600406 0.379648 0.201566
  37 0.690000 4.360000 0.499997 -0.925096 0.223710 0.306842 0.375734 0.201566
knife_butterfly.bmp
  37 0.690000 4.370000 0.519997 -0.659807 0.451849 0.600406 0.379648 0.201566
  37 0.690000 4.410000 0.489997 -0.618390 0.537041 0.573743 0.375734 0.195695
  37 0.690000 4.360000 0.499997 -0.925096 0.223710 0.306842 0.375734 0.201566
knife_butterfly.bmp
  37 0.690000 4.360000 0.499997 -0.925096 0.223710 0.306842 0.375734 0.201566
  37 0.690000 4.410000 0.489997 -0.618390 0.537041 0.573743 0.375734 0.195695
  37 0.690000 4.410000 0.459997 -0.880303 0.324200 0.346353 0.371820 0.195695
knife_butterfly.bmp
  37 0.690000 4.410000 0.489997 -0.618390 0.537041 0.573743 0.375734 0.195695
  37 0.690000 4.469999 0.429997 -0.595235 0.632054 0.496188 0.367906 0.189824
  37 0.690000 4.410000 0.459997 -0.880303 0.324200 0.346353 0.371820 0.195695
knife_butterfly.bmp
  37 0.690000 4.410000 0.459997 -0.880303 0.324200 0.346353 0.371820 0.195695
  37 0.690000 4.469999 0.429997 -0.595235 0.632054 0.496188 0.367906 0.189824
  37 0.690000 4.469999 0.399997 -0.867635 0.408932 0.282815 0.363992 0.189824
knife_butterfly.bmp
  37 0.690000 4.469999 0.429997 -0.595235 0.632054 0.496188 0.367906 0.189824
  37 0.690000 4.500000 0.379997 -0.581272 0.666835 0.466320 0.362035 0.185910
  37 0.690000 4.469999 0.399997 -0.867635 0.408932 0.282815 0.363992 0.189824
knife_butterfly.bmp
  37 0.690000 4.469999 0.399997 -0.867635 0.408932 0.282815 0.363992 0.189824
  37 0.690000 4.500000 0.379997 -0.581272 0.666835 0.466320 0.362035 0.185910
  37 0.690000 4.500000 0.359997 -0.793732 0.497368 0.350164 0.360078 0.185910
knife_butterfly.bmp
  37 0.690000 4.500000 0.379997 -0.581272 0.666835 0.466320 0.362035 0.185910
  37 0.690000 4.520000 0.319997 -0.870714 0.423345 0.250273 0.356164 0.181996
  37 0.690000 4.500000 0.359997 -0.793732 0.497368 0.350164 0.360078 0.185910
knife_butterfly.bmp
  40 1.280003 3.211437 -0.121857 -0.000003 -0.167258 0.985913 0.776908 0.197652
  40 1.100002 3.171437 -0.101857 -0.000002 0.180034 0.983660 0.780822 0.183953
  40 1.280003 3.171437 -0.121857 -0.000002 0.180034 0.983660 0.780822 0.197652
knife_butterfly.bmp
  40 1.280003 3.171437 -0.121857 -0.000002 0.180034 0.983660 0.780822 0.197652
  40 1.100002 3.171437 -0.101857 -0.000002 0.180034 0.983660 0.780822 0.183953
  40 1.280002 3.141437 -0.111857 -0.000002 0.505610 0.862762 0.782779 0.197652
knife_butterfly.bmp
  40 1.100002 3.171437 -0.101857 -0.000002 0.180034 0.983660 0.780822 0.183953
  40 1.090002 3.141437 -0.091857 -0.000002 0.505610 0.862762 0.782779 0.183953
  40 1.280002 3.141437 -0.111857 -0.000002 0.505610 0.862762 0.782779 0.197652
knife_butterfly.bmp
  40 1.280002 3.141437 -0.111857 -0.000002 0.505610 0.862762 0.782779 0.197652
  40 1.090002 3.141437 -0.091857 -0.000002 0.505610 0.862762 0.782779 0.183953
  40 1.280002 3.111437 -0.081856 -0.000001 0.770197 0.637806 0.784736 0.197652
knife_butterfly.bmp
  40 1.090002 3.141437 -0.091857 -0.000002 0.505610 0.862762 0.782779 0.183953
  40 1.080002 3.111437 -0.081857 -0.000001 0.770197 0.637806 0.784736 0.183953
  40 1.280002 3.111437 -0.081856 -0.000001 0.770197 0.637806 0.784736 0.197652
knife_butterfly.bmp
  40 1.280002 3.111437 -0.081856 -0.000001 0.770197 0.637806 0.784736 0.197652
  40 1.080002 3.111437 -0.081857 -0.000001 0.770197 0.637806 0.784736 0.183953
  40 1.280002 3.091438 -0.051856 -0.000002 0.941888 0.335927 0.788650 0.197652
knife_butterfly.bmp
  40 1.080002 3.111437 -0.081857 -0.000001 0.770197 0.637806 0.784736 0.183953
  40 1.080002 3.091438 -0.051857 -0.000002 0.941888 0.335927 0.788650 0.183953
  40 1.280002 3.091438 -0.051856 -0.000002 0.941888 0.335927 0.788650 0.197652
knife_butterfly.bmp
  40 1.280002 3.091438 -0.051856 -0.000002 0.941888 0.335927 0.788650 0.197652
  40 1.080002 3.091438 -0.051857 -0.000002 0.941888 0.335927 0.788650 0.183953
  40 1.280002 3.081437 -0.011856 0.000000 0.999979 -0.006476 0.790607 0.197652
knife_butterfly.bmp
  40 1.080002 3.091438 -0.051857 -0.000002 0.941888 0.335927 0.788650 0.183953
  40 1.080002 3.081437 -0.011857 0.000000 0.999979 -0.006476 0.790607 0.183953
  40 1.280002 3.081437 -0.011856 0.000000 0.999979 -0.006476 0.790607 0.197652
knife_butterfly.bmp
  40 1.280002 3.081437 -0.011856 0.000000 0.999979 -0.006476 0.790607 0.197652
  40 1.080002 3.081437 -0.011857 0.000000 0.999979 -0.006476 0.790607 0.183953
  40 1.280002 3.091438 0.018144 -0.000001 0.937452 -0.348115 0.794521 0.197652
knife_butterfly.bmp
  40 1.080002 3.081437 -0.011857 0.000000 0.999979 -0.006476 0.790607 0.183953
  40 1.080002 3.091438 0.018143 -0.000001 0.937452 -0.348115 0.794521 0.183953
  40 1.280002 3.091438 0.018144 -0.000001 0.937452 -0.348115 0.794521 0.197652
knife_butterfly.bmp
  40 1.280002 3.091438 0.018144 -0.000001 0.937452 -0.348115 0.794521 0.197652
  40 1.080002 3.091438 0.018143 -0.000001 0.937452 -0.348115 0.794521 0.183953
  40 1.280002 3.111438 0.058144 0.000001 0.745318 -0.666709 0.796477 0.197652
knife_butterfly.bmp
  40 1.080002 3.091438 0.018143 -0.000001 0.937452 -0.348115 0.794521 0.183953
  40 1.080002 3.111438 0.058143 0.000001 0.745318 -0.666709 0.796477 0.183953
  40 1.280002 3.111438 0.058144 0.000001 0.745318 -0.666709 0.796477 0.197652
knife_butterfly.bmp
  40 1.280002 3.111438 0.058144 0.000001 0.745318 -0.666709 0.796477 0.197652
  40 1.080002 3.111438 0.058143 0.000001 0.745318 -0.666709 0.796477 0.183953
  40 1.280002 3.141438 0.078143 0.000001 0.494375 -0.869249 0.798434 0.197652
knife_butterfly.bmp
  40 1.080002 3.111438 0.058143 0.000001 0.745318 -0.666709 0.796477 0.183953
  40 1.080002 3.141438 0.098143 0.000001 0.494375 -0.869249 0.798434 0.183953
  40 1.280002 3.141438 0.078143 0.000001 0.494375 -0.869249 0.798434 0.197652
knife_butterfly.bmp
  40 1.280002 3.141438 0.078143 0.000001 0.494375 -0.869249 0.798434 0.197652
  40 1.080002 3.141438 0.098143 0.000001 0.494375 -0.869249 0.798434 0.183953
  40 1.280002 3.171438 0.088143 0.000001 0.167242 -0.985916 0.802348 0.197652
knife_butterfly.bmp
  40 1.080002 3.141438 0.098143 0.000001 0.494375 -0.869249 0.798434 0.183953
  40 1.080002 3.171438 0.108143 0.000001 0.167242 -0.985916 0.802348 0.183953
  40 1.280002 3.171438 0.088143 0.000001 0.167242 -0.985916 0.802348 0.197652
knife_butterfly.bmp
  40 1.280002 3.171438 0.088143 0.000001 0.167242 -0.985916 0.802348 0.197652
  40 1.080002 3.171438 0.108143 0.000001 0.167242 -0.985916 0.802348 0.183953
  40 1.280002 3.211438 0.088143 0.000008 -0.180022 -0.983663 0.804305 0.197652
knife_butterfly.bmp
  40 1.080002 3.171438 0.108143 0.000001 0.167242 -0.985916 0.802348 0.183953
  40 1.080002 3.211438 0.108143 0.000008 -0.180022 -0.983663 0.804305 0.183953
  40 1.280002 3.211438 0.088143 0.000008 -0.180022 -0.983663 0.804305 0.197652
knife_butterfly.bmp
  40 1.280002 3.211438 0.088143 0.000008 -0.180022 -0.983663 0.804305 0.197652
  40 1.080002 3.211438 0.108143 0.000008 -0.180022 -0.983663 0.804305 0.183953
  40 1.280002 3.241437 0.078143 0.000002 -0.370364 -0.928887 0.806262 0.197652
knife_butterfly.bmp
  40 1.080002 3.211438 0.108143 0.000008 -0.180022 -0.983663 0.804305 0.183953
  40 1.080002 3.241438 0.098143 0.000002 -0.370364 -0.928887 0.806262 0.183953
  40 1.280002 3.241437 0.078143 0.000002 -0.370364 -0.928887 0.806262 0.197652
knife_butterfly.bmp
  40 1.280002 3.241437 0.078143 0.000002 -0.370364 -0.928887 0.806262 0.197652
  40 1.080002 3.241438 0.098143 0.000002 -0.370364 -0.928887 0.806262 0.183953
  40 1.280002 3.251438 0.078143 0.000002 -0.505224 -0.862988 0.806262 0.197652
knife_butterfly.bmp
  40 1.080002 3.241438 0.098143 0.000002 -0.370364 -0.928887 0.806262 0.183953
  40 1.080002 3.251438 0.098143 0.000002 -0.505224 -0.862988 0.806262 0.183953
  40 1.280002 3.251438 0.078143 0.000002 -0.505224 -0.862988 0.806262 0.197652
knife_butterfly.bmp
  40 1.280002 3.251438 0.078143 0.000002 -0.505224 -0.862988 0.806262 0.197652
  40 1.080002 3.251438 0.098143 0.000002 -0.505224 -0.862988 0.806262 0.183953
  40 1.080002 3.281437 0.058143 0.000006 -0.770196 -0.637807 0.810176 0.183953
knife_butterfly.bmp
  40 1.300003 4.151437 -0.231859 0.914491 0.384470 -0.126054 0.573386 0.168297
  40 1.290003 4.151437 -0.181859 0.738831 0.482473 0.470476 0.579256 0.168297
  40 1.300003 4.141437 -0.201859 0.943978 0.284108 0.167894 0.577299 0.168297
knife_butterfly.bmp
  40 1.300003 4.141437 -0.201859 0.943978 0.284108 0.167894 0.577299 0.168297
  40 1.290003 4.151437 -0.181859 0.738831 0.482473 0.470476 0.579256 0.168297
  40 1.290003 4.121437 -0.151859 0.639770 0.573837 0.511278 0.583170 0.170254
knife_butterfly.bmp
  40 1.290003 4.151437 -0.181859 0.738831 0.482473 0.470476 0.579256 0.168297
  40 1.250003 4.121437 -0.141859 0.290442 0.706907 0.644923 0.585127 0.170254
  40 1.290003 4.121437 -0.151859 0.639770 0.573837 0.511278 0.583170 0.170254
knife_butterfly.bmp
  40 1.290003 4.121437 -0.151859 0.639770 0.573837 0.511278 0.583170 0.170254
  40 1.250003 4.121437 -0.141859 0.290442 0.706907 0.644923 0.585127 0.170254
  40 1.270002 4.081437 -0.101859 0.631055 0.545050 0.551987 0.589041 0.176125
knife_butterfly.bmp
  40 1.250003 4.121437 -0.141859 0.290442 0.706907 0.644923 0.585127 0.170254
  40 1.250002 4.081437 -0.101859 0.217040 0.687724 0.692770 0.589041 0.176125
  40 1.270002 4.081437 -0.101859 0.631055 0.545050 0.551987 0.589041 0.176125
knife_butterfly.bmp
  40 1.270002 4.081437 -0.101859 0.631055 0.545050 0.551987 0.589041 0.176125
  40 1.250002 4.081437 -0.101859 0.217040 0.687724 0.692770 0.589041 0.176125
  40 1.270002 4.021437 -0.071859 0.649700 0.484455 0.585827 0.594912 0.181996
knife_butterfly.bmp
  40 1.250002 4.081437 -0.101859 0.217040 0.687724 0.692770 0.589041 0.176125
  40 1.240002 4.021437 -0.061859 0.212178 0.609177 0.764123 0.596869 0.183953
  40 1.270002 4.021437 -0.071859 0.649700 0.484455 0.585827 0.594912 0.181996
knife_butterfly.bmp
  40 1.270002 4.021437 -0.071859 0.649700 0.484455 0.585827 0.594912 0.181996
  40 1.240002 4.021437 -0.061859 0.212178 0.609177 0.764123 0.596869 0.183953
  40 1.270002 3.901438 0.018141 0.697189 0.379877 0.607965 0.606654 0.197652
knife_butterfly.bmp
  40 1.240002 4.021437 -0.061859 0.212178 0.609177 0.764123 0.596869 0.183953
  40 1.240002 3.901438 0.028141 0.317387 0.505818 0.802131 0.606654 0.197652
  40 1.270002 3.901438 0.018141 0.697189 0.379877 0.607965 0.606654 0.197652
knife_butterfly.bmp
  40 1.270002 3.901438 0.018141 0.697189 0.379877 0.607965 0.606654 0.197652
  40 1.240002 3.901438 0.028141 0.317387 0.505818 0.802131 0.606654 0.197652
  40 1.270002 3.761438 0.118142 0.719885 0.320783 0.615519 0.614481 0.215264
knife_butterfly.bmp
  40 1.240002 3.901438 0.028141 0.317387 0.505818 0.802131 0.606654 0.197652
  40 1.250002 3.761438 0.118142 0.339345 0.434234 0.834437 0.616438 0.213307
  40 1.270002 3.761438 0.118142 0.719885 0.320783 0.615519 0.614481 0.215264
knife_butterfly.bmp
  40 1.270002 3.761438 0.118142 0.719885 0.320783 0.615519 0.614481 0.215264
  40 1.250002 3.761438 0.118142 0.339345 0.434234 0.834437 0.616438 0.213307
  40 1.290002 3.611438 0.168142 0.708887 0.295575 0.640402 0.624266 0.230920
knife_butterfly.bmp
  40 1.250002 3.761438 0.118142 0.339345 0.434234 0.834437 0.616438 0.213307
  40 1.260002 3.611438 0.178142 0.324200 0.394498 0.859805 0.624266 0.230920
  40 1.290002 3.611438 0.168142 0.708887 0.295575 0.640402 0.624266 0.230920
knife_butterfly.bmp
  40 1.290002 3.611438 0.168142 0.708887 0.295575 0.640402 0.624266 0.230920
  40 1.260002 3.611438 0.178142 0.324200 0.394498 0.859805 0.624266 0.230920
  40 1.290002 3.441438 0.238143 0.708887 0.295575 0.640402 0.632094 0.252446
knife_butterfly.bmp
  40 1.260002 3.611438 0.178142 0.324200 0.394498 0.859805 0.624266 0.230920
  40 1.260002 3.441438 0.248143 0.297859 0.371718 0.879264 0.634051 0.252446
  40 1.290002 3.441438 0.238143 0.708887 0.295575 0.640402 0.632094 0.252446
knife_butterfly.bmp
  40 1.290002 3.441438 0.238143 0.708887 0.295575 0.640402 0.632094 0.252446
  40 1.260002 3.441438 0.248143 0.297859 0.371718 0.879264 0.634051 0.252446
  40 1.290002 3.251438 0.318143 0.708887 0.295575 0.640402 0.641879 0.273973
knife_butterfly.bmp
  40 1.260002 3.441438 0.248143 0.297859 0.371718 0.879264 0.634051 0.252446
  40 1.260002 3.251438 0.328143 0.297859 0.371718 0.879264 0.643836 0.273973
  40 1.290002 3.251438 0.318143 0.708887 0.295575 0.640402 0.641879 0.273973
knife_butterfly.bmp
  40 1.290002 3.251438 0.318143 0.708887 0.295575 0.640402 0.641879 0.273973
  40 1.260002 3.251438 0.328143 0.297859 0.371718 0.879264 0.643836 0.273973
  40 1.270001 3.051438 0.408144 0.691732 0.274300 0.668032 0.651663 0.297456
knife_butterfly.bmp
  40 1.260002 3.251438 0.328143 0.297859 0.371718 0.879264 0.643836 0.273973
  40 1.240001 3.051438 0.408144 0.266155 0.357028 0.895373 0.653620 0.297456
  40 1.270001 3.051438 0.408144 0.691732 0.274300 0.668032 0.651663 0.297456
knife_butterfly.bmp
  40 1.270001 3.051438 0.408144 0.691732 0.274300 0.668032 0.651663 0.297456
  40 1.240001 3.051438 0.408144 0.266155 0.357028 0.895373 0.653620 0.297456
  40 1.270001 2.851439 0.468144 0.691732 0.274300 0.668032 0.661448 0.322896
knife_butterfly.bmp
  40 1.240001 3.051438 0.408144 0.266155 0.357028 0.895373 0.653620 0.297456
  40 1.240001 2.851439 0.468144 0.301916 0.334965 0.892550 0.663405 0.322896
  40 1.270001 2.851439 0.468144 0.691732 0.274300 0.668032 0.661448 0.322896
knife_butterfly.bmp
  40 1.270001 2.851439 0.468144 0.691732 0.274300 0.668032 0.661448 0.322896
  40 1.240001 2.851439 0.468144 0.301916 0.334965 0.892550 0.663405 0.322896
  40 1.270001 2.651439 0.528145 0.696374 0.227855 0.680548 0.669276 0.346380
knife_butterfly.bmp
  40 1.240001 2.851439 0.468144 0.301916 0.334965 0.892550 0.663405 0.322896
  40 1.240001 2.651439 0.538145 0.305156 0.301615 0.903276 0.671233 0.346380
  40 1.270001 2.651439 0.528145 0.696374 0.227855 0.680548 0.669276 0.346380
knife_butterfly.bmp
  40 0.870002 3.251438 0.078142 0.000002 -0.505224 -0.862988 0.810176 0.181996
  40 0.870002 3.241437 0.078142 0.000002 -0.370364 -0.928887 0.808219 0.181996
  40 0.670002 3.251438 0.098142 0.000002 -0.505224 -0.862988 0.810176 0.168297
knife_butterfly.bmp
  40 0.670002 3.251438 0.098142 0.000002 -0.505224 -0.862988 0.810176 0.168297
  40 0.870002 3.241437 0.078142 0.000002 -0.370364 -0.928887 0.808219 0.181996
  40 0.670002 3.241438 0.098142 0.000002 -0.370364 -0.928887 0.808219 0.168297
knife_butterfly.bmp
  40 0.870002 3.241437 0.078142 0.000002 -0.370364 -0.928887 0.808219 0.181996
  40 0.870002 3.211438 0.088142 0.000008 -0.180022 -0.983663 0.806262 0.181996
  40 0.670002 3.241438 0.098142 0.000002 -0.370364 -0.928887 0.808219 0.168297
knife_butterfly.bmp
  40 0.670002 3.241438 0.098142 0.000002 -0.370364 -0.928887 0.808219 0.168297
  40 0.870002 3.211438 0.088142 0.000008 -0.180022 -0.983663 0.806262 0.181996
  40 0.670002 3.211438 0.108142 0.000008 -0.180022 -0.983663 0.806262 0.168297
knife_butterfly.bmp
  40 0.870002 3.211438 0.088142 0.000008 -0.180022 -0.983663 0.806262 0.181996
  40 0.870002 3.171438 0.088143 0.000001 0.167242 -0.985916 0.804305 0.181996
  40 0.670002 3.211438 0.108142 0.000008 -0.180022 -0.983663 0.806262 0.168297
knife_butterfly.bmp
  40 0.670002 3.211438 0.108142 0.000008 -0.180022 -0.983663 0.806262 0.168297
  40 0.870002 3.171438 0.088143 0.000001 0.167242 -0.985916 0.804305 0.181996
  40 0.670002 3.171438 0.088142 0.000001 0.167242 -0.985916 0.804305 0.168297
knife_butterfly.bmp
  40 0.870002 3.171438 0.088143 0.000001 0.167242 -0.985916 0.804305 0.181996
  40 0.870002 3.141438 0.078143 0.000001 0.494375 -0.869249 0.802348 0.181996
  40 0.670002 3.171438 0.088142 0.000001 0.167242 -0.985916 0.804305 0.168297
knife_butterfly.bmp
  40 0.670002 3.171438 0.088142 0.000001 0.167242 -0.985916 0.804305 0.168297
  40 0.870002 3.141438 0.078143 0.000001 0.494375 -0.869249 0.802348 0.181996
  40 0.670002 3.141438 0.078142 0.000001 0.494375 -0.869249 0.800391 0.168297
knife_butterfly.bmp
  40 0.870002 3.141438 0.078143 0.000001 0.494375 -0.869249 0.802348 0.181996
  40 0.870002 3.111438 0.068143 0.000001 0.745318 -0.666709 0.798434 0.181996
  40 0.670002 3.141438 0.078142 0.000001 0.494375 -0.869249 0.800391 0.168297
knife_butterfly.bmp
  40 0.670002 3.141438 0.078142 0.000001 0.494375 -0.869249 0.800391 0.168297
  40 0.870002 3.111438 0.068143 0.000001 0.745318 -0.666709 0.798434 0.181996
  40 0.670002 3.111438 0.058142 0.000001 0.745318 -0.666709 0.798434 0.168297
knife_butterfly.bmp
  40 0.870002 3.111438 0.068143 0.000001 0.745318 -0.666709 0.798434 0.181996
  40 0.870002 3.091438 0.038143 -0.000001 0.937452 -0.348115 0.796477 0.181996
  40 0.670002 3.111438 0.058142 0.000001 0.745318 -0.666709 0.798434 0.168297
knife_butterfly.bmp
  40 0.670002 3.111438 0.058142 0.000001 0.745318 -0.666709 0.798434 0.168297
  40 0.870002 3.091438 0.038143 -0.000001 0.937452 -0.348115 0.796477 0.181996
  40 0.670002 3.091438 0.018142 -0.000001 0.937452 -0.348115 0.796477 0.168297
knife_butterfly.bmp
  40 0.870002 3.091438 0.038143 -0.000001 0.937452 -0.348115 0.796477 0.181996
  40 0.870002 3.081437 0.008143 0.000000 0.999979 -0.006476 0.792564 0.181996
  40 0.670002 3.091438 0.018142 -0.000001 0.937452 -0.348115 0.796477 0.168297
knife_butterfly.bmp
  40 0.670002 3.091438 0.018142 -0.000001 0.937452 -0.348115 0.796477 0.168297
  40 0.870002 3.081437 0.008143 0.000000 0.999979 -0.006476 0.792564 0.181996
  40 0.670002 3.081437 -0.011858 0.000000 0.999979 -0.006476 0.792564 0.168297
knife_butterfly.bmp
  40 0.870002 3.081437 0.008143 0.000000 0.999979 -0.006476 0.792564 0.181996
  40 0.870002 3.091438 -0.031857 -0.000002 0.941888 0.335927 0.790607 0.181996
  40 0.670002 3.081437 -0.011858 0.000000 0.999979 -0.006476 0.792564 0.168297
knife_butterfly.bmp
  40 0.670002 3.081437 -0.011858 0.000000 0.999979 -0.006476 0.792564 0.168297
  40 0.870002 3.091438 -0.031857 -0.000002 0.941888 0.335927 0.790607 0.181996
  40 0.670002 3.091438 -0.051858 -0.000002 0.941888 0.335927 0.790607 0.168297
knife_butterfly.bmp
  40 0.870002 3.091438 -0.031857 -0.000002 0.941888 0.335927 0.790607 0.181996
  40 0.870002 3.111437 -0.061857 -0.000001 0.770197 0.637806 0.788650 0.181996
  40 0.670002 3.091438 -0.051858 -0.000002 0.941888 0.335927 0.790607 0.168297
knife_butterfly.bmp
  40 0.670002 3.091438 -0.051858 -0.000002 0.941888 0.335927 0.790607 0.168297
  40 0.870002 3.111437 -0.061857 -0.000001 0.770197 0.637806 0.788650 0.181996
  40 0.670002 3.111437 -0.081858 -0.000001 0.770197 0.637806 0.788650 0.168297
knife_butterfly.bmp
  40 0.870002 3.111437 -0.061857 -0.000001 0.770197 0.637806 0.788650 0.181996
  40 0.870003 3.141437 -0.111857 -0.000002 0.505610 0.862762 0.784736 0.181996
  40 0.670002 3.111437 -0.081858 -0.000001 0.770197 0.637806 0.788650 0.168297
knife_butterfly.bmp
  40 0.670002 3.111437 -0.081858 -0.000001 0.770197 0.637806 0.788650 0.168297
  40 0.870003 3.141437 -0.111857 -0.000002 0.505610 0.862762 0.784736 0.181996
  40 0.670002 3.141437 -0.111858 -0.000002 0.505610 0.862762 0.784736 0.168297
knife_butterfly.bmp
  40 0.870003 3.141437 -0.111857 -0.000002 0.505610 0.862762 0.784736 0.181996
  40 0.880003 3.171437 -0.121857 -0.000002 0.180034 0.983660 0.782779 0.181996
  40 0.670002 3.141437 -0.111858 -0.000002 0.505610 0.862762 0.784736 0.168297
knife_butterfly.bmp
  40 0.670002 3.141437 -0.111858 -0.000002 0.505610 0.862762 0.784736 0.168297
  40 0.880003 3.171437 -0.121857 -0.000002 0.180034 0.983660 0.782779 0.181996
  40 0.670003 3.171437 -0.121858 -0.000002 0.180034 0.983660 0.782779 0.168297
knife_butterfly.bmp
  40 0.880003 3.171437 -0.121857 -0.000002 0.180034 0.983660 0.782779 0.181996
  40 0.670002 3.211437 -0.101858 -0.000003 -0.167258 0.985913 0.780822 0.168297
  40 0.670003 3.171437 -0.121858 -0.000002 0.180034 0.983660 0.782779 0.168297
knife_butterfly.bmp
  40 0.710001 2.651439 0.538144 -0.305150 0.301617 0.903278 0.671233 0.346380
  40 0.710001 2.851439 0.488143 -0.301928 0.334967 0.892545 0.663405 0.322896
  40 0.680001 2.651439 0.528144 -0.696384 0.227853 0.680538 0.669276 0.346380
knife_butterfly.bmp
  40 0.680001 2.651439 0.528144 -0.696384 0.227853 0.680538 0.669276 0.346380
  40 0.710001 2.851439 0.488143 -0.301928 0.334967 0.892545 0.663405 0.322896
  40 0.680001 2.851439 0.478143 -0.696384 0.227853 0.680538 0.661448 0.322896
knife_butterfly.bmp
  40 0.710001 2.851439 0.488143 -0.301928 0.334967 0.892545 0.663405 0.322896
  40 0.710001 3.051438 0.408143 -0.266182 0.357003 0.895375 0.653620 0.297456
  40 0.680001 2.851439 0.478143 -0.696384 0.227853 0.680538 0.661448 0.322896
knife_butterfly.bmp
  40 0.680001 2.851439 0.478143 -0.696384 0.227853 0.680538 0.661448 0.322896
  40 0.710001 3.051438 0.408143 -0.266182 0.357003 0.895375 0.653620 0.297456
  40 0.680001 3.051438 0.408142 -0.691741 0.274297 0.668024 0.651663 0.297456
knife_butterfly.bmp
  40 0.710001 3.051438 0.408143 -0.266182 0.357003 0.895375 0.653620 0.297456
  40 0.730002 3.251438 0.348142 -0.297847 0.371717 0.879269 0.643836 0.273973
  40 0.680001 3.051438 0.408142 -0.691741 0.274297 0.668024 0.651663 0.297456
knife_butterfly.bmp
  40 0.680001 3.051438 0.408142 -0.691741 0.274297 0.668024 0.651663 0.297456
  40 0.730002 3.251438 0.348142 -0.297847 0.371717 0.879269 0.643836 0.273973
  40 0.700002 3.251438 0.338142 -0.691741 0.274297 0.668024 0.641879 0.273973
knife_butterfly.bmp
  40 0.730002 3.251438 0.348142 -0.297847 0.371717 0.879269 0.643836 0.273973
  40 0.730002 3.441438 0.248142 -0.297847 0.371717 0.879269 0.634051 0.252446
  40 0.700002 3.251438 0.338142 -0.691741 0.274297 0.668024 0.641879 0.273973
knife_butterfly.bmp
  40 0.700002 3.251438 0.338142 -0.691741 0.274297 0.668024 0.641879 0.273973
  40 0.730002 3.441438 0.248142 -0.297847 0.371717 0.879269 0.634051 0.252446
  40 0.700002 3.441438 0.238142 -0.691741 0.274297 0.668024 0.632094 0.252446
knife_butterfly.bmp
  40 0.730002 3.441438 0.248142 -0.297847 0.371717 0.879269 0.634051 0.252446
  40 0.730002 3.611438 0.188141 -0.324205 0.394500 0.859803 0.624266 0.230920
  40 0.700002 3.441438 0.238142 -0.691741 0.274297 0.668024 0.632094 0.252446
knife_butterfly.bmp
  40 0.700002 3.441438 0.238142 -0.691741 0.274297 0.668024 0.632094 0.252446
  40 0.730002 3.611438 0.188141 -0.324205 0.394500 0.859803 0.624266 0.230920
  40 0.700002 3.611438 0.188141 -0.708902 0.295571 0.640387 0.624266 0.230920
knife_butterfly.bmp
  40 0.730002 3.611438 0.188141 -0.324205 0.394500 0.859803 0.624266 0.230920
  40 0.710002 3.761438 0.098141 -0.339365 0.434233 0.834430 0.616438 0.213307
  40 0.700002 3.611438 0.188141 -0.708902 0.295571 0.640387 0.624266 0.230920
knife_butterfly.bmp
  40 0.700002 3.611438 0.188141 -0.708902 0.295571 0.640387 0.624266 0.230920
  40 0.710002 3.761438 0.098141 -0.339365 0.434233 0.834430 0.616438 0.213307
  40 0.680002 3.761438 0.098141 -0.719900 0.320776 0.615505 0.614481 0.215264
knife_butterfly.bmp
  40 0.710002 3.761438 0.098141 -0.339365 0.434233 0.834430 0.616438 0.213307
  40 0.710002 3.901438 0.028140 -0.317392 0.505816 0.802130 0.606654 0.197652
  40 0.680002 3.761438 0.098141 -0.719900 0.320776 0.615505 0.614481 0.215264
knife_butterfly.bmp
  40 0.680002 3.761438 0.098141 -0.719900 0.320776 0.615505 0.614481 0.215264
  40 0.710002 3.901438 0.028140 -0.317392 0.505816 0.802130 0.606654 0.197652
  40 0.680002 3.901438 0.018140 -0.697204 0.379869 0.607952 0.606654 0.197652
knife_butterfly.bmp
  40 0.710002 3.901438 0.028140 -0.317392 0.505816 0.802130 0.606654 0.197652
  40 0.710002 4.021437 -0.041860 -0.212186 0.609175 0.764122 0.596869 0.183953
  40 0.680002 3.901438 0.018140 -0.697204 0.379869 0.607952 0.606654 0.197652
knife_butterfly.bmp
  40 0.680002 3.901438 0.018140 -0.697204 0.379869 0.607952 0.606654 0.197652
  40 0.710002 4.021437 -0.041860 -0.212186 0.609175 0.764122 0.596869 0.183953
  40 0.680002 4.021437 -0.051860 -0.649717 0.484452 0.585810 0.594912 0.181996
knife_butterfly.bmp
  40 0.710002 4.021437 -0.041860 -0.212186 0.609175 0.764122 0.596869 0.183953
  40 0.710002 4.081437 -0.101860 -0.217105 0.687724 0.692749 0.589041 0.176125
  40 0.680002 4.021437 -0.051860 -0.649717 0.484452 0.585810 0.594912 0.181996
knife_butterfly.bmp
  40 0.680002 4.021437 -0.051860 -0.649717 0.484452 0.585810 0.594912 0.181996
  40 0.710002 4.081437 -0.101860 -0.217105 0.687724 0.692749 0.589041 0.176125
  40 0.690002 4.081437 -0.101860 -0.631076 0.545042 0.551971 0.589041 0.176125
knife_butterfly.bmp
  40 0.710002 4.081437 -0.101860 -0.217105 0.687724 0.692749 0.589041 0.176125
  40 0.730003 4.121437 -0.141860 -0.290436 0.706905 0.644928 0.585127 0.170254
  40 0.690002 4.081437 -0.101860 -0.631076 0.545042 0.551971 0.589041 0.176125
knife_butterfly.bmp
  40 0.690002 4.081437 -0.101860 -0.631076 0.545042 0.551971 0.589041 0.176125
  40 0.730003 4.121437 -0.141860 -0.290436 0.706905 0.644928 0.585127 0.170254
  40 0.700003 4.121437 -0.161860 -0.639756 0.573843 0.511289 0.583170 0.170254
knife_butterfly.bmp
  40 0.730003 4.121437 -0.141860 -0.290436 0.706905 0.644928 0.585127 0.170254
  40 0.700003 4.151437 -0.201860 -0.738843 0.482468 0.470463 0.579256 0.168297
  40 0.700003 4.121437 -0.161860 -0.639756 0.573843 0.511289 0.583170 0.170254
knife_butterfly.bmp
  40 0.700003 4.121437 -0.161860 -0.639756 0.573843 0.511289 0.583170 0.170254
  40 0.700003 4.151437 -0.201860 -0.738843 0.482468 0.470463 0.579256 0.168297
  40 0.690003 4.141437 -0.221860 -0.943974 0.284121 0.167895 0.577299 0.168297
knife_butterfly.bmp
  40 0.700003 4.151437 -0.201860 -0.738843 0.482468 0.470463 0.579256 0.168297
  40 0.690003 4.151437 -0.251860 -0.914482 0.384482 -0.126078 0.573386 0.168297
  40 0.690003 4.141437 -0.221860 -0.943974 0.284121 0.167895 0.577299 0.168297
knife_butterfly.bmp
  37 1.110000 2.820000 0.649998 -0.496210 -0.292216 -0.817548 0.399217 0.115460
  37 1.070000 3.030000 0.589998 -0.743829 -0.256577 -0.617160 0.377691 0.117417
  37 1.110000 3.030000 0.569998 -0.496153 -0.333304 -0.801711 0.377691 0.113503
knife_butterfly.bmp
  37 1.110000 3.030000 0.569998 -0.496153 -0.333304 -0.801711 0.377691 0.113503
  37 1.070000 3.030000 0.589998 -0.743829 -0.256577 -0.617160 0.377691 0.117417
  37 1.070000 3.240000 0.519998 -0.743829 -0.256577 -0.617160 0.354207 0.115460
knife_butterfly.bmp
  37 1.070000 3.030000 0.589998 -0.743829 -0.256577 -0.617160 0.377691 0.117417
  37 1.030000 3.260000 0.559998 -0.960727 -0.106522 -0.256234 0.354207 0.121331
  37 1.070000 3.240000 0.519998 -0.743829 -0.256577 -0.617160 0.354207 0.115460
knife_butterfly.bmp
  37 1.070000 3.240000 0.519998 -0.743829 -0.256577 -0.617160 0.354207 0.115460
  37 1.030000 3.260000 0.559998 -0.960727 -0.106522 -0.256234 0.354207 0.121331
  37 1.030000 3.270000 0.549998 -0.965779 -0.037197 -0.256686 0.352250 0.121331
knife_butterfly.bmp
  37 1.030000 3.260000 0.559998 -0.960727 -0.106522 -0.256234 0.354207 0.121331
  37 1.010000 3.270000 0.749998 -0.998405 0.055005 -0.012731 0.360078 0.138943
  37 1.030000 3.270000 0.549998 -0.965779 -0.037197 -0.256686 0.352250 0.121331
knife_butterfly.bmp
  37 1.030000 3.270000 0.549998 -0.965779 -0.037197 -0.256686 0.352250 0.121331
  37 1.010000 3.270000 0.749998 -0.998405 0.055005 -0.012731 0.360078 0.138943
  37 1.030000 3.430000 0.669998 -0.964014 0.263625 -0.034333 0.342466 0.136986
knife_butterfly.bmp
  37 1.010000 3.270000 0.749998 -0.998405 0.055005 -0.012731 0.360078 0.138943
  37 1.030000 3.420000 0.729998 -0.957867 0.282917 0.049485 0.344423 0.142857
  37 1.030000 3.430000 0.669998 -0.964014 0.263625 -0.034333 0.342466 0.136986
knife_butterfly.bmp
  37 1.030000 3.430000 0.669998 -0.964014 0.263625 -0.034333 0.342466 0.136986
  37 1.030000 3.420000 0.729998 -0.957867 0.282917 0.049485 0.344423 0.142857
  37 1.070000 3.470000 0.729998 -0.738004 0.669042 0.087937 0.338552 0.144814
knife_butterfly.bmp
  37 1.030000 3.420000 0.729998 -0.957867 0.282917 0.049485 0.344423 0.142857
  37 1.070000 3.470000 0.799998 -0.737927 0.620063 0.266432 0.342466 0.150685
  37 1.070000 3.470000 0.729998 -0.738004 0.669042 0.087937 0.338552 0.144814
knife_butterfly.bmp
  37 1.070000 3.470000 0.729998 -0.738004 0.669042 0.087937 0.338552 0.144814
  37 1.070000 3.470000 0.799998 -0.737927 0.620063 0.266432 0.342466 0.150685
  37 1.110000 3.490000 0.799998 -0.507889 0.796969 0.326940 0.338552 0.152642
knife_butterfly.bmp
  37 1.070000 3.470000 0.799998 -0.737927 0.620063 0.266432 0.342466 0.150685
  37 1.070000 3.420000 0.889998 -0.738841 0.510820 0.439519 0.350294 0.158513
  37 1.110000 3.490000 0.799998 -0.507889 0.796969 0.326940 0.338552 0.152642
knife_butterfly.bmp
  37 1.110000 3.490000 0.799998 -0.507889 0.796969 0.326940 0.338552 0.152642
  37 1.070000 3.420000 0.889998 -0.738841 0.510820 0.439519 0.350294 0.158513
  37 1.110000 3.430000 0.909998 -0.511982 0.644951 0.567374 0.348337 0.162427
knife_butterfly.bmp
  37 1.070000 3.420000 0.889998 -0.738841 0.510820 0.439519 0.350294 0.158513
  37 1.070000 3.320000 0.979998 -0.738836 0.339709 0.581996 0.360078 0.162427
  37 1.110000 3.430000 0.909998 -0.511982 0.644951 0.567374 0.348337 0.162427
knife_butterfly.bmp
  37 1.110000 3.430000 0.909998 -0.511982 0.644951 0.567374 0.348337 0.162427
  37 1.070000 3.320000 0.979998 -0.738836 0.339709 0.581996 0.360078 0.162427
  37 1.110000 3.330000 0.989998 -0.511967 0.441165 0.737064 0.358121 0.166341
knife_butterfly.bmp
  37 1.070000 3.320000 0.979998 -0.738836 0.339709 0.581996 0.360078 0.162427
  37 1.070000 3.280000 0.989998 -0.741975 0.229315 0.629990 0.363992 0.162427
  37 1.110000 3.330000 0.989998 -0.511967 0.441165 0.737064 0.358121 0.166341
knife_butterfly.bmp
  37 1.110000 3.330000 0.989998 -0.511967 0.441165 0.737064 0.358121 0.166341
  37 1.070000 3.280000 0.989998 -0.741975 0.229315 0.629990 0.363992 0.162427
  37 1.110000 3.290000 0.999998 -0.496224 0.296964 0.815827 0.362035 0.166341
knife_butterfly.bmp
  37 1.070000 3.280000 0.989998 -0.741975 0.229315 0.629990 0.363992 0.162427
  37 1.070000 3.080000 1.009998 -0.741975 0.229315 0.629990 0.385519 0.164384
  37 1.110000 3.290000 0.999998 -0.496224 0.296964 0.815827 0.362035 0.166341
knife_butterfly.bmp
  37 1.110000 3.290000 0.999998 -0.496224 0.296964 0.815827 0.362035 0.166341
  37 1.070000 3.080000 1.009998 -0.741975 0.229315 0.629990 0.385519 0.164384
  37 1.110000 3.090000 1.029998 -0.496224 0.296964 0.815827 0.383562 0.168297
knife_butterfly.bmp
  37 1.070000 3.080000 1.009998 -0.741975 0.229315 0.629990 0.385519 0.164384
  37 1.070000 2.900000 1.069998 -0.741975 0.229315 0.629990 0.405088 0.166341
  37 1.110000 3.090000 1.029998 -0.496224 0.296964 0.815827 0.383562 0.168297
knife_butterfly.bmp
  37 1.110000 3.090000 1.029998 -0.496224 0.296964 0.815827 0.383562 0.168297
  37 1.070000 2.900000 1.069998 -0.741975 0.229315 0.629990 0.405088 0.166341
  37 1.110000 2.910000 1.089998 -0.496192 0.234022 0.836078 0.405088 0.170254
knife_butterfly.bmp
  37 1.070000 2.900000 1.069998 -0.741975 0.229315 0.629990 0.405088 0.166341
  37 1.070000 2.700000 1.129998 -0.742343 0.180600 0.645221 0.426614 0.166341
  37 1.110000 2.910000 1.089998 -0.496192 0.234022 0.836078 0.405088 0.170254
knife_butterfly.bmp
  37 1.110000 2.910000 1.089998 -0.496192 0.234022 0.836078 0.405088 0.170254
  37 1.070000 2.700000 1.129998 -0.742343 0.180600 0.645221 0.426614 0.166341
  37 1.110000 2.710000 1.149998 -0.496192 0.234022 0.836078 0.426614 0.170254
knife_butterfly.bmp
  37 1.070000 2.700000 1.129998 -0.742343 0.180600 0.645221 0.426614 0.166341
  37 1.070000 2.900000 1.069998 -0.741975 0.229315 0.629990 0.405088 0.166341
  37 1.030000 2.690000 1.089998 -0.961399 0.074095 0.264995 0.426614 0.160470
knife_butterfly.bmp
  37 1.030000 2.690000 1.089998 -0.961399 0.074095 0.264995 0.426614 0.160470
  37 1.070000 2.900000 1.069998 -0.741975 0.229315 0.629990 0.405088 0.166341
  37 1.030000 2.890000 1.029998 -0.961399 0.074095 0.264995 0.405088 0.160470
knife_butterfly.bmp
  37 1.070000 2.900000 1.069998 -0.741975 0.229315 0.629990 0.405088 0.166341
  37 1.070000 3.080000 1.009998 -0.741975 0.229315 0.629990 0.385519 0.164384
  37 1.030000 2.890000 1.029998 -0.961399 0.074095 0.264995 0.405088 0.160470
knife_butterfly.bmp
  37 1.030000 2.890000 1.029998 -0.961399 0.074095 0.264995 0.405088 0.160470
  37 1.070000 3.080000 1.009998 -0.741975 0.229315 0.629990 0.385519 0.164384
  37 1.030000 3.070000 0.999998 -0.961399 0.074095 0.264995 0.385519 0.160470
knife_butterfly.bmp
  37 1.070000 3.080000 1.009998 -0.741975 0.229315 0.629990 0.385519 0.164384
  37 1.070000 3.280000 0.989998 -0.741975 0.229315 0.629990 0.363992 0.162427
  37 1.030000 3.070000 0.999998 -0.961399 0.074095 0.264995 0.385519 0.160470
knife_butterfly.bmp
  37 1.030000 3.070000 0.999998 -0.961399 0.074095 0.264995 0.385519 0.160470
  37 1.070000 3.280000 0.989998 -0.741975 0.229315 0.629990 0.363992 0.162427
  37 1.030000 3.260000 0.949998 -0.961399 0.074095 0.264995 0.363992 0.158513
knife_butterfly.bmp
  37 1.070000 3.280000 0.989998 -0.741975 0.229315 0.629990 0.363992 0.162427
  37 1.070000 3.320000 0.979998 -0.738836 0.339709 0.581996 0.360078 0.162427
  37 1.030000 3.260000 0.949998 -0.961399 0.074095 0.264995 0.363992 0.158513
knife_butterfly.bmp
  37 1.030000 3.260000 0.949998 -0.961399 0.074095 0.264995 0.363992 0.158513
  37 1.070000 3.320000 0.979998 -0.738836 0.339709 0.581996 0.360078 0.162427
  37 1.030000 3.290000 0.939998 -0.976029 0.106858 0.189600 0.362035 0.158513
knife_butterfly.bmp
  37 1.070000 3.320000 0.979998 -0.738836 0.339709 0.581996 0.360078 0.162427
  37 1.070000 3.420000 0.889998 -0.738841 0.510820 0.439519 0.350294 0.158513
  37 1.030000 3.290000 0.939998 -0.976029 0.106858 0.189600 0.362035 0.158513
knife_butterfly.bmp
  37 1.030000 3.290000 0.939998 -0.976029 0.106858 0.189600 0.362035 0.158513
  37 1.070000 3.420000 0.889998 -0.738841 0.510820 0.439519 0.350294 0.158513
  37 1.030000 3.390000 0.869998 -0.957783 0.220151 0.184892 0.352250 0.152642
knife_butterfly.bmp
  37 1.070000 3.420000 0.889998 -0.738841 0.510820 0.439519 0.350294 0.158513
  37 1.070000 3.470000 0.799998 -0.737927 0.620063 0.266432 0.342466 0.150685
  37 1.030000 3.390000 0.869998 -0.957783 0.220151 0.184892 0.352250 0.152642
knife_butterfly.bmp
  37 1.030000 3.390000 0.869998 -0.957783 0.220151 0.184892 0.352250 0.152642
  37 1.070000 3.470000 0.799998 -0.737927 0.620063 0.266432 0.342466 0.150685
  37 1.030000 3.430000 0.789998 -0.976605 0.194969 0.090721 0.346380 0.148728
knife_butterfly.bmp
  37 1.070000 3.470000 0.799998 -0.737927 0.620063 0.266432 0.342466 0.150685
  37 1.030000 3.420000 0.729998 -0.957867 0.282917 0.049485 0.344423 0.142857
  37 1.030000 3.430000 0.789998 -0.976605 0.194969 0.090721 0.346380 0.148728
knife_butterfly.bmp
  37 1.030000 3.430000 0.789998 -0.976605 0.194969 0.090721 0.346380 0.148728
  37 1.030000 3.420000 0.729998 -0.957867 0.282917 0.049485 0.344423 0.142857
  37 1.030000 3.390000 0.869998 -0.957783 0.220151 0.184892 0.352250 0.152642
knife_butterfly.bmp
  37 1.030000 3.420000 0.729998 -0.957867 0.282917 0.049485 0.344423 0.142857
  37 1.010000 3.270000 0.749998 -0.998405 0.055005 -0.012731 0.360078 0.138943
  37 1.030000 3.390000 0.869998 -0.957783 0.220151 0.184892 0.352250 0.152642
knife_butterfly.bmp
  37 1.030000 3.390000 0.869998 -0.957783 0.220151 0.184892 0.352250 0.152642
  37 1.010000 3.270000 0.749998 -0.998405 0.055005 -0.012731 0.360078 0.138943
  37 1.030000 3.260000 0.949998 -0.961399 0.074095 0.264995 0.363992 0.158513
knife_butterfly.bmp
  37 1.010000 3.270000 0.749998 -0.998405 0.055005 -0.012731 0.360078 0.138943
  37 1.010000 3.060000 0.809998 -1.000000 0.000000 0.000000 0.381605 0.140900
  37 1.030000 3.260000 0.949998 -0.961399 0.074095 0.264995 0.363992 0.158513
knife_butterfly.bmp
  37 1.030000 3.260000 0.949998 -0.961399 0.074095 0.264995 0.363992 0.158513
  37 1.010000 3.060000 0.809998 -1.000000 0.000000 0.000000 0.381605 0.140900
  37 1.030000 3.070000 0.999998 -0.961399 0.074095 0.264995 0.385519 0.160470
knife_butterfly.bmp
  37 1.010000 3.060000 0.809998 -1.000000 0.000000 0.000000 0.381605 0.140900
  37 1.010000 2.850000 0.879998 -1.000000 0.000000 0.000000 0.403131 0.142857
  37 1.030000 3.070000 0.999998 -0.961399 0.074095 0.264995 0.385519 0.160470
knife_butterfly.bmp
  37 1.030000 3.070000 0.999998 -0.961399 0.074095 0.264995 0.385519 0.160470
  37 1.010000 2.850000 0.879998 -1.000000 0.000000 0.000000 0.403131 0.142857
  37 1.030000 2.890000 1.029998 -0.961399 0.074095 0.264995 0.405088 0.160470
knife_butterfly.bmp
  37 1.010000 2.850000 0.879998 -1.000000 0.000000 0.000000 0.403131 0.142857
  37 1.010000 2.680000 0.939998 -1.000000 0.000000 0.000000 0.422701 0.142857
  37 1.030000 2.890000 1.029998 -0.961399 0.074095 0.264995 0.405088 0.160470
knife_butterfly.bmp
  37 1.030000 2.890000 1.029998 -0.961399 0.074095 0.264995 0.405088 0.160470
  37 1.010000 2.680000 0.939998 -1.000000 0.000000 0.000000 0.422701 0.142857
  37 1.030000 2.690000 1.089998 -0.961399 0.074095 0.264995 0.426614 0.160470
knife_butterfly.bmp
  37 0.700000 2.820000 0.649998 -0.496210 -0.292216 -0.817548 0.399217 0.115460
  37 0.680000 3.030000 0.589998 -0.743829 -0.256577 -0.617160 0.377691 0.117417
  37 0.700000 3.030000 0.569998 -0.496153 -0.333304 -0.801711 0.377691 0.113503
knife_butterfly.bmp
  37 0.700000 3.030000 0.569998 -0.496153 -0.333304 -0.801711 0.377691 0.113503
  37 0.680000 3.030000 0.589998 -0.743829 -0.256577 -0.617160 0.377691 0.117417
  37 0.680000 3.240000 0.519998 -0.743829 -0.256577 -0.617160 0.354207 0.115460
knife_butterfly.bmp
  37 0.680000 3.030000 0.589998 -0.743829 -0.256577 -0.617160 0.377691 0.117417
  37 0.640000 3.260000 0.559998 -0.960727 -0.106522 -0.256234 0.354207 0.121331
  37 0.680000 3.240000 0.519998 -0.743829 -0.256577 -0.617160 0.354207 0.115460
knife_butterfly.bmp
  37 0.680000 3.240000 0.519998 -0.743829 -0.256577 -0.617160 0.354207 0.115460
  37 0.640000 3.260000 0.559998 -0.960727 -0.106522 -0.256234 0.354207 0.121331
  37 0.640000 3.270000 0.549998 -0.965779 -0.037197 -0.256686 0.352250 0.121331
knife_butterfly.bmp
  37 0.640000 3.260000 0.559998 -0.960727 -0.106522 -0.256234 0.354207 0.121331
  37 0.630000 3.270000 0.749998 -0.998405 0.055005 -0.012731 0.360078 0.138943
  37 0.640000 3.270000 0.549998 -0.965779 -0.037197 -0.256686 0.352250 0.121331
knife_butterfly.bmp
  37 0.640000 3.270000 0.549998 -0.965779 -0.037197 -0.256686 0.352250 0.121331
  37 0.630000 3.270000 0.749998 -0.998405 0.055005 -0.012731 0.360078 0.138943
  37 0.640000 3.430000 0.669998 -0.964014 0.263625 -0.034333 0.342466 0.136986
knife_butterfly.bmp
  37 0.630000 3.270000 0.749998 -0.998405 0.055005 -0.012731 0.360078 0.138943
  37 0.640000 3.420000 0.729998 -0.957867 0.282917 0.049485 0.344423 0.142857
  37 0.640000 3.430000 0.669998 -0.964014 0.263625 -0.034333 0.342466 0.136986
knife_butterfly.bmp
  37 0.640000 3.430000 0.669998 -0.964014 0.263625 -0.034333 0.342466 0.136986
  37 0.640000 3.420000 0.729998 -0.957867 0.282917 0.049485 0.344423 0.142857
  37 0.680000 3.470000 0.729998 -0.738004 0.669042 0.087937 0.338552 0.144814
knife_butterfly.bmp
  37 0.640000 3.420000 0.729998 -0.957867 0.282917 0.049485 0.344423 0.142857
  37 0.680000 3.470000 0.799998 -0.737927 0.620063 0.266432 0.342466 0.150685
  37 0.680000 3.470000 0.729998 -0.738004 0.669042 0.087937 0.338552 0.144814
knife_butterfly.bmp
  37 0.680000 3.470000 0.729998 -0.738004 0.669042 0.087937 0.338552 0.144814
  37 0.680000 3.470000 0.799998 -0.737927 0.620063 0.266432 0.342466 0.150685
  37 0.700000 3.490000 0.799998 -0.507889 0.796969 0.326940 0.338552 0.152642
knife_butterfly.bmp
  37 0.680000 3.470000 0.799998 -0.737927 0.620063 0.266432 0.342466 0.150685
  37 0.680000 3.420000 0.889998 -0.738841 0.510820 0.439519 0.350294 0.158513
  37 0.700000 3.490000 0.799998 -0.507889 0.796969 0.326940 0.338552 0.152642
knife_butterfly.bmp
  37 0.700000 3.490000 0.799998 -0.507889 0.796969 0.326940 0.338552 0.152642
  37 0.680000 3.420000 0.889998 -0.738841 0.510820 0.439519 0.350294 0.158513
  37 0.700000 3.430000 0.909998 -0.511982 0.644951 0.567374 0.348337 0.162427
knife_butterfly.bmp
  37 0.680000 3.420000 0.889998 -0.738841 0.510820 0.439519 0.350294 0.158513
  37 0.680000 3.320000 0.979998 -0.738836 0.339709 0.581996 0.360078 0.162427
  37 0.700000 3.430000 0.909998 -0.511982 0.644951 0.567374 0.348337 0.162427
knife_butterfly.bmp
  37 0.700000 3.430000 0.909998 -0.511982 0.644951 0.567374 0.348337 0.162427
  37 0.680000 3.320000 0.979998 -0.738836 0.339709 0.581996 0.360078 0.162427
  37 0.700000 3.330000 0.989998 -0.511967 0.441165 0.737064 0.358121 0.166341
knife_butterfly.bmp
  37 0.680000 3.320000 0.979998 -0.738836 0.339709 0.581996 0.360078 0.162427
  37 0.680000 3.280000 0.989998 -0.741975 0.229315 0.629990 0.363992 0.162427
  37 0.700000 3.330000 0.989998 -0.511967 0.441165 0.737064 0.358121 0.166341
knife_butterfly.bmp
  37 0.700000 3.330000 0.989998 -0.511967 0.441165 0.737064 0.358121 0.166341
  37 0.680000 3.280000 0.989998 -0.741975 0.229315 0.629990 0.363992 0.162427
  37 0.700000 3.290000 0.999998 -0.496224 0.296964 0.815827 0.362035 0.166341
knife_butterfly.bmp
  37 0.680000 3.280000 0.989998 -0.741975 0.229315 0.629990 0.363992 0.162427
  37 0.680000 3.080000 1.009998 -0.741975 0.229315 0.629990 0.385519 0.164384
  37 0.700000 3.290000 0.999998 -0.496224 0.296964 0.815827 0.362035 0.166341
knife_butterfly.bmp
  37 0.700000 3.290000 0.999998 -0.496224 0.296964 0.815827 0.362035 0.166341
  37 0.680000 3.080000 1.009998 -0.741975 0.229315 0.629990 0.385519 0.164384
  37 0.700000 3.090000 1.029998 -0.496224 0.296964 0.815827 0.383562 0.168297
knife_butterfly.bmp
  37 0.680000 3.080000 1.009998 -0.741975 0.229315 0.629990 0.385519 0.164384
  37 0.680000 2.900000 1.069998 -0.741975 0.229315 0.629990 0.405088 0.166341
  37 0.700000 3.090000 1.029998 -0.496224 0.296964 0.815827 0.383562 0.168297
knife_butterfly.bmp
  37 0.700000 3.090000 1.029998 -0.496224 0.296964 0.815827 0.383562 0.168297
  37 0.680000 2.900000 1.069998 -0.741975 0.229315 0.629990 0.405088 0.166341
  37 0.700000 2.910000 1.089998 -0.496192 0.234022 0.836078 0.405088 0.170254
knife_butterfly.bmp
  37 0.680000 2.900000 1.069998 -0.741975 0.229315 0.629990 0.405088 0.166341
  37 0.680000 2.700000 1.129998 -0.742343 0.180600 0.645221 0.426614 0.166341
  37 0.700000 2.910000 1.089998 -0.496192 0.234022 0.836078 0.405088 0.170254
knife_butterfly.bmp
  37 0.700000 2.910000 1.089998 -0.496192 0.234022 0.836078 0.405088 0.170254
  37 0.680000 2.700000 1.129998 -0.742343 0.180600 0.645221 0.426614 0.166341
  37 0.700000 2.710000 1.149998 -0.496192 0.234022 0.836078 0.426614 0.170254
knife_butterfly.bmp
  37 0.680000 2.700000 1.129998 -0.742343 0.180600 0.645221 0.426614 0.166341
  37 0.680000 2.900000 1.069998 -0.741975 0.229315 0.629990 0.405088 0.166341
  37 0.640000 2.690000 1.089998 -0.961399 0.074095 0.264995 0.426614 0.160470
knife_butterfly.bmp
  37 0.640000 2.690000 1.089998 -0.961399 0.074095 0.264995 0.426614 0.160470
  37 0.680000 2.900000 1.069998 -0.741975 0.229315 0.629990 0.405088 0.166341
  37 0.640000 2.890000 1.029998 -0.961399 0.074095 0.264995 0.405088 0.160470
knife_butterfly.bmp
  37 0.680000 2.900000 1.069998 -0.741975 0.229315 0.629990 0.405088 0.166341
  37 0.680000 3.080000 1.009998 -0.741975 0.229315 0.629990 0.385519 0.164384
  37 0.640000 2.890000 1.029998 -0.961399 0.074095 0.264995 0.405088 0.160470
knife_butterfly.bmp
  37 0.640000 2.890000 1.029998 -0.961399 0.074095 0.264995 0.405088 0.160470
  37 0.680000 3.080000 1.009998 -0.741975 0.229315 0.629990 0.385519 0.164384
  37 0.640000 3.070000 0.999998 -0.961399 0.074095 0.264995 0.385519 0.160470
knife_butterfly.bmp
  37 0.680000 3.080000 1.009998 -0.741975 0.229315 0.629990 0.385519 0.164384
  37 0.680000 3.280000 0.989998 -0.741975 0.229315 0.629990 0.363992 0.162427
  37 0.640000 3.070000 0.999998 -0.961399 0.074095 0.264995 0.385519 0.160470
knife_butterfly.bmp
  37 0.640000 3.070000 0.999998 -0.961399 0.074095 0.264995 0.385519 0.160470
  37 0.680000 3.280000 0.989998 -0.741975 0.229315 0.629990 0.363992 0.162427
  37 0.640000 3.260000 0.949998 -0.961399 0.074095 0.264995 0.363992 0.158513
knife_butterfly.bmp
  37 0.680000 3.280000 0.989998 -0.741975 0.229315 0.629990 0.363992 0.162427
  37 0.680000 3.320000 0.979998 -0.738836 0.339709 0.581996 0.360078 0.162427
  37 0.640000 3.260000 0.949998 -0.961399 0.074095 0.264995 0.363992 0.158513
knife_butterfly.bmp
  37 0.640000 3.260000 0.949998 -0.961399 0.074095 0.264995 0.363992 0.158513
  37 0.680000 3.320000 0.979998 -0.738836 0.339709 0.581996 0.360078 0.162427
  37 0.640000 3.290000 0.939998 -0.976029 0.106858 0.189600 0.362035 0.158513
knife_butterfly.bmp
  37 0.680000 3.320000 0.979998 -0.738836 0.339709 0.581996 0.360078 0.162427
  37 0.680000 3.420000 0.889998 -0.738841 0.510820 0.439519 0.350294 0.158513
  37 0.640000 3.290000 0.939998 -0.976029 0.106858 0.189600 0.362035 0.158513
knife_butterfly.bmp
  37 0.640000 3.290000 0.939998 -0.976029 0.106858 0.189600 0.362035 0.158513
  37 0.680000 3.420000 0.889998 -0.738841 0.510820 0.439519 0.350294 0.158513
  37 0.640000 3.390000 0.869998 -0.957783 0.220151 0.184892 0.352250 0.152642
knife_butterfly.bmp
  37 0.680000 3.420000 0.889998 -0.738841 0.510820 0.439519 0.350294 0.158513
  37 0.680000 3.470000 0.799998 -0.737927 0.620063 0.266432 0.342466 0.150685
  37 0.640000 3.390000 0.869998 -0.957783 0.220151 0.184892 0.352250 0.152642
knife_butterfly.bmp
  37 0.640000 3.390000 0.869998 -0.957783 0.220151 0.184892 0.352250 0.152642
  37 0.680000 3.470000 0.799998 -0.737927 0.620063 0.266432 0.342466 0.150685
  37 0.640000 3.430000 0.789998 -0.976605 0.194969 0.090721 0.346380 0.148728
knife_butterfly.bmp
  37 0.680000 3.470000 0.799998 -0.737927 0.620063 0.266432 0.342466 0.150685
  37 0.640000 3.420000 0.729998 -0.957867 0.282917 0.049485 0.344423 0.142857
  37 0.640000 3.430000 0.789998 -0.976605 0.194969 0.090721 0.346380 0.148728
knife_butterfly.bmp
  37 0.640000 3.430000 0.789998 -0.976605 0.194969 0.090721 0.346380 0.148728
  37 0.640000 3.420000 0.729998 -0.957867 0.282917 0.049485 0.344423 0.142857
  37 0.640000 3.390000 0.869998 -0.957783 0.220151 0.184892 0.352250 0.152642
knife_butterfly.bmp
  37 0.640000 3.420000 0.729998 -0.957867 0.282917 0.049485 0.344423 0.142857
  37 0.630000 3.270000 0.749998 -0.998405 0.055005 -0.012731 0.360078 0.138943
  37 0.640000 3.390000 0.869998 -0.957783 0.220151 0.184892 0.352250 0.152642
knife_butterfly.bmp
  37 0.640000 3.390000 0.869998 -0.957783 0.220151 0.184892 0.352250 0.152642
  37 0.630000 3.270000 0.749998 -0.998405 0.055005 -0.012731 0.360078 0.138943
  37 0.640000 3.260000 0.949998 -0.961399 0.074095 0.264995 0.363992 0.158513
knife_butterfly.bmp
  37 0.630000 3.270000 0.749998 -0.998405 0.055005 -0.012731 0.360078 0.138943
  37 0.630000 3.060000 0.809998 -1.000000 0.000000 0.000000 0.381605 0.140900
  37 0.640000 3.260000 0.949998 -0.961399 0.074095 0.264995 0.363992 0.158513
knife_butterfly.bmp
  37 0.640000 3.260000 0.949998 -0.961399 0.074095 0.264995 0.363992 0.158513
  37 0.630000 3.060000 0.809998 -1.000000 0.000000 0.000000 0.381605 0.140900
  37 0.640000 3.070000 0.999998 -0.961399 0.074095 0.264995 0.385519 0.160470
knife_butterfly.bmp
  37 0.630000 3.060000 0.809998 -1.000000 0.000000 0.000000 0.381605 0.140900
  37 0.630000 2.850000 0.879998 -1.000000 0.000000 0.000000 0.403131 0.142857
  37 0.640000 3.070000 0.999998 -0.961399 0.074095 0.264995 0.385519 0.160470
knife_butterfly.bmp
  37 0.640000 3.070000 0.999998 -0.961399 0.074095 0.264995 0.385519 0.160470
  37 0.630000 2.850000 0.879998 -1.000000 0.000000 0.000000 0.403131 0.142857
  37 0.640000 2.890000 1.029998 -0.961399 0.074095 0.264995 0.405088 0.160470
knife_butterfly.bmp
  37 0.630000 2.850000 0.879998 -1.000000 0.000000 0.000000 0.403131 0.142857
  37 0.630000 2.680000 0.939998 -1.000000 0.000000 0.000000 0.422701 0.142857
  37 0.640000 2.890000 1.029998 -0.961399 0.074095 0.264995 0.405088 0.160470
knife_butterfly.bmp
  37 0.640000 2.890000 1.029998 -0.961399 0.074095 0.264995 0.405088 0.160470
  37 0.630000 2.680000 0.939998 -1.000000 0.000000 0.000000 0.422701 0.142857
  37 0.640000 2.690000 1.089998 -0.961399 0.074095 0.264995 0.426614 0.160470
knife_butterfly.bmp
  40 1.280002 2.801437 0.038144 -0.000002 0.180034 0.983660 0.761252 0.215264
  40 1.080002 2.771438 0.068144 -0.000002 0.505610 0.862762 0.747554 0.211350
  40 1.280002 2.771438 0.048144 -0.000002 0.505610 0.862762 0.761252 0.213307
knife_butterfly.bmp
  40 1.280002 2.771438 0.048144 -0.000002 0.505610 0.862762 0.761252 0.213307
  40 1.080002 2.771438 0.068144 -0.000002 0.505610 0.862762 0.747554 0.211350
  40 1.280002 2.741437 0.078144 -0.000001 0.770197 0.637806 0.761252 0.209393
knife_butterfly.bmp
  40 1.080002 2.771438 0.068144 -0.000002 0.505610 0.862762 0.747554 0.211350
  40 1.080002 2.741437 0.078144 -0.000001 0.770197 0.637806 0.747554 0.209393
  40 1.280002 2.741437 0.078144 -0.000001 0.770197 0.637806 0.761252 0.209393
knife_butterfly.bmp
  40 1.280002 2.741437 0.078144 -0.000001 0.770197 0.637806 0.761252 0.209393
  40 1.080002 2.741437 0.078144 -0.000001 0.770197 0.637806 0.747554 0.209393
  40 1.280002 2.721438 0.108145 -0.000002 0.941888 0.335927 0.761252 0.207436
knife_butterfly.bmp
  40 1.080002 2.741437 0.078144 -0.000001 0.770197 0.637806 0.747554 0.209393
  40 1.100002 2.721438 0.108144 -0.000002 0.941888 0.335927 0.747554 0.207436
  40 1.280002 2.721438 0.108145 -0.000002 0.941888 0.335927 0.761252 0.207436
knife_butterfly.bmp
  40 1.280002 2.721438 0.108145 -0.000002 0.941888 0.335927 0.761252 0.207436
  40 1.100002 2.721438 0.108144 -0.000002 0.941888 0.335927 0.747554 0.207436
  40 1.300002 2.711438 0.148145 0.000000 0.999979 -0.006476 0.761252 0.203523
knife_butterfly.bmp
  40 1.100002 2.721438 0.108144 -0.000002 0.941888 0.335927 0.747554 0.207436
  40 1.100002 2.711438 0.148144 0.000000 0.999979 -0.006476 0.747554 0.203523
  40 1.300002 2.711438 0.148145 0.000000 0.999979 -0.006476 0.761252 0.203523
knife_butterfly.bmp
  40 1.300002 2.711438 0.148145 0.000000 0.999979 -0.006476 0.761252 0.203523
  40 1.100002 2.711438 0.148144 0.000000 0.999979 -0.006476 0.747554 0.203523
  40 1.300002 2.721438 0.188145 -0.000001 0.937452 -0.348115 0.761252 0.201566
knife_butterfly.bmp
  40 1.100002 2.711438 0.148144 0.000000 0.999979 -0.006476 0.747554 0.203523
  40 1.100002 2.721438 0.188144 -0.000001 0.937452 -0.348115 0.747554 0.201566
  40 1.300002 2.721438 0.188145 -0.000001 0.937452 -0.348115 0.761252 0.201566
knife_butterfly.bmp
  40 1.300002 2.721438 0.188145 -0.000001 0.937452 -0.348115 0.761252 0.201566
  40 1.100002 2.721438 0.188144 -0.000001 0.937452 -0.348115 0.747554 0.201566
  40 1.300002 2.741438 0.218145 0.000001 0.745318 -0.666709 0.761252 0.199609
knife_butterfly.bmp
  40 1.100002 2.721438 0.188144 -0.000001 0.937452 -0.348115 0.747554 0.201566
  40 1.100002 2.741438 0.218144 0.000001 0.745318 -0.666709 0.747554 0.199609
  40 1.300002 2.741438 0.218145 0.000001 0.745318 -0.666709 0.761252 0.199609
knife_butterfly.bmp
  40 1.300002 2.741438 0.218145 0.000001 0.745318 -0.666709 0.761252 0.199609
  40 1.100002 2.741438 0.218144 0.000001 0.745318 -0.666709 0.747554 0.199609
  40 1.300002 2.771438 0.248144 0.000001 0.494375 -0.869249 0.761252 0.195695
knife_butterfly.bmp
  40 1.100002 2.741438 0.218144 0.000001 0.745318 -0.666709 0.747554 0.199609
  40 1.100002 2.771438 0.268144 0.000001 0.494375 -0.869249 0.747554 0.195695
  40 1.300002 2.771438 0.248144 0.000001 0.494375 -0.869249 0.761252 0.195695
knife_butterfly.bmp
  40 1.300002 2.771438 0.248144 0.000001 0.494375 -0.869249 0.761252 0.195695
  40 1.100002 2.771438 0.268144 0.000001 0.494375 -0.869249 0.747554 0.195695
  40 1.300002 2.801438 0.258144 0.000001 0.167242 -0.985916 0.761252 0.193738
knife_butterfly.bmp
  40 1.100002 2.771438 0.268144 0.000001 0.494375 -0.869249 0.747554 0.195695
  40 1.100002 2.801438 0.278144 0.000001 0.167242 -0.985916 0.747554 0.193738
  40 1.300002 2.801438 0.258144 0.000001 0.167242 -0.985916 0.761252 0.193738
knife_butterfly.bmp
  40 1.300002 2.801438 0.258144 0.000001 0.167242 -0.985916 0.761252 0.193738
  40 1.100002 2.801438 0.278144 0.000001 0.167242 -0.985916 0.747554 0.193738
  40 1.300002 2.841438 0.258144 0.000003 -0.030331 -0.999540 0.761252 0.191781
knife_butterfly.bmp
  40 1.100002 2.801438 0.278144 0.000001 0.167242 -0.985916 0.747554 0.193738
  40 1.100002 2.841438 0.278144 0.000003 -0.030331 -0.999540 0.747554 0.191781
  40 1.300002 2.841438 0.258144 0.000003 -0.030331 -0.999540 0.761252 0.191781
knife_butterfly.bmp
  40 1.300002 2.841438 0.258144 0.000003 -0.030331 -0.999540 0.761252 0.191781
  40 1.100002 2.841438 0.278144 0.000003 -0.030331 -0.999540 0.747554 0.191781
  40 1.300002 2.841438 0.258144 0.000008 -0.180022 -0.983663 0.761252 0.191781
knife_butterfly.bmp
  40 1.100002 2.841438 0.278144 0.000003 -0.030331 -0.999540 0.747554 0.191781
  40 1.100002 2.841438 0.278144 0.000008 -0.180022 -0.983663 0.747554 0.191781
  40 1.300002 2.841438 0.258144 0.000008 -0.180022 -0.983663 0.761252 0.191781
knife_butterfly.bmp
  40 1.300002 2.841438 0.258144 0.000008 -0.180022 -0.983663 0.761252 0.191781
  40 1.100002 2.841438 0.278144 0.000008 -0.180022 -0.983663 0.747554 0.191781
  40 1.300002 2.881438 0.248144 0.000002 -0.505224 -0.862988 0.761252 0.187867
knife_butterfly.bmp
  40 1.100002 2.841438 0.278144 0.000008 -0.180022 -0.983663 0.747554 0.191781
  40 1.100002 2.881438 0.268144 0.000002 -0.505224 -0.862988 0.747554 0.187867
  40 1.300002 2.881438 0.248144 0.000002 -0.505224 -0.862988 0.761252 0.187867
knife_butterfly.bmp
  40 1.300002 2.881438 0.248144 0.000002 -0.505224 -0.862988 0.761252 0.187867
  40 1.100002 2.881438 0.268144 0.000002 -0.505224 -0.862988 0.747554 0.187867
  40 1.100002 2.911438 0.218144 0.000006 -0.770196 -0.637807 0.747554 0.185910
knife_butterfly.bmp
  40 1.300003 4.141437 -0.201859 0.943978 0.284108 0.167894 0.577299 0.168297
  40 1.290003 4.121437 -0.151859 0.639770 0.573837 0.511278 0.583170 0.170254
  40 1.300003 4.111437 -0.171859 0.874943 0.380973 0.298888 0.581213 0.172211
knife_butterfly.bmp
  40 1.300003 4.111437 -0.171859 0.874943 0.380973 0.298888 0.581213 0.172211
  40 1.290003 4.121437 -0.151859 0.639770 0.573837 0.511278 0.583170 0.170254
  40 1.300003 4.081437 -0.141859 0.893353 0.323919 0.311444 0.585127 0.176125
knife_butterfly.bmp
  40 1.290003 4.121437 -0.151859 0.639770 0.573837 0.511278 0.583170 0.170254
  40 1.270002 4.081437 -0.101859 0.631055 0.545050 0.551987 0.589041 0.176125
  40 1.300003 4.081437 -0.141859 0.893353 0.323919 0.311444 0.585127 0.176125
knife_butterfly.bmp
  40 1.300003 4.081437 -0.141859 0.893353 0.323919 0.311444 0.585127 0.176125
  40 1.270002 4.081437 -0.101859 0.631055 0.545050 0.551987 0.589041 0.176125
  40 1.280002 4.011437 -0.091859 0.941963 0.216538 0.256549 0.592955 0.183953
knife_butterfly.bmp
  40 1.270002 4.081437 -0.101859 0.631055 0.545050 0.551987 0.589041 0.176125
  40 1.270002 4.021437 -0.071859 0.649700 0.484455 0.585827 0.594912 0.181996
  40 1.280002 4.011437 -0.091859 0.941963 0.216538 0.256549 0.592955 0.183953
knife_butterfly.bmp
  40 1.280002 4.011437 -0.091859 0.941963 0.216538 0.256549 0.592955 0.183953
  40 1.270002 4.021437 -0.071859 0.649700 0.484455 0.585827 0.594912 0.181996
  40 1.280002 3.881438 -0.001858 0.951083 0.131313 0.279638 0.602740 0.199609
knife_butterfly.bmp
  40 1.270002 4.021437 -0.071859 0.649700 0.484455 0.585827 0.594912 0.181996
  40 1.270002 3.901438 0.018141 0.697189 0.379877 0.607965 0.606654 0.197652
  40 1.280002 3.881438 -0.001858 0.951083 0.131313 0.279638 0.602740 0.199609
knife_butterfly.bmp
  40 1.280002 3.881438 -0.001858 0.951083 0.131313 0.279638 0.602740 0.199609
  40 1.270002 3.901438 0.018141 0.697189 0.379877 0.607965 0.606654 0.197652
  40 1.280002 3.741438 0.088142 0.951083 0.131313 0.279638 0.612524 0.215264
knife_butterfly.bmp
  40 1.270002 3.901438 0.018141 0.697189 0.379877 0.607965 0.606654 0.197652
  40 1.270002 3.761438 0.118142 0.719885 0.320783 0.615519 0.614481 0.215264
  40 1.280002 3.741438 0.088142 0.951083 0.131313 0.279638 0.612524 0.215264
knife_butterfly.bmp
  40 1.280002 3.741438 0.088142 0.951083 0.131313 0.279638 0.612524 0.215264
  40 1.270002 3.761438 0.118142 0.719885 0.320783 0.615519 0.614481 0.215264
  40 1.300002 3.601438 0.138142 0.951083 0.131313 0.279638 0.620352 0.232877
knife_butterfly.bmp
  40 1.270002 3.761438 0.118142 0.719885 0.320783 0.615519 0.614481 0.215264
  40 1.290002 3.611438 0.168142 0.708887 0.295575 0.640402 0.624266 0.230920
  40 1.300002 3.601438 0.138142 0.951083 0.131313 0.279638 0.620352 0.232877
knife_butterfly.bmp
  40 1.300002 3.601438 0.138142 0.951083 0.131313 0.279638 0.620352 0.232877
  40 1.290002 3.611438 0.168142 0.708887 0.295575 0.640402 0.624266 0.230920
  40 1.300002 3.431438 0.218143 0.951083 0.131313 0.279638 0.630137 0.252446
knife_butterfly.bmp
  40 1.290002 3.611438 0.168142 0.708887 0.295575 0.640402 0.624266 0.230920
  40 1.290002 3.441438 0.238143 0.708887 0.295575 0.640402 0.632094 0.252446
  40 1.300002 3.431438 0.218143 0.951083 0.131313 0.279638 0.630137 0.252446
knife_butterfly.bmp
  40 1.300002 3.431438 0.218143 0.951083 0.131313 0.279638 0.630137 0.252446
  40 1.290002 3.441438 0.238143 0.708887 0.295575 0.640402 0.632094 0.252446
  40 1.300002 3.251438 0.288143 0.951083 0.131313 0.279638 0.637965 0.273973
knife_butterfly.bmp
  40 1.290002 3.441438 0.238143 0.708887 0.295575 0.640402 0.632094 0.252446
  40 1.290002 3.251438 0.318143 0.708887 0.295575 0.640402 0.641879 0.273973
  40 1.300002 3.251438 0.288143 0.951083 0.131313 0.279638 0.637965 0.273973
knife_butterfly.bmp
  40 1.300002 3.251438 0.288143 0.951083 0.131313 0.279638 0.637965 0.273973
  40 1.290002 3.251438 0.318143 0.708887 0.295575 0.640402 0.641879 0.273973
  40 1.300002 3.051438 0.378144 0.951083 0.131313 0.279638 0.647750 0.297456
knife_butterfly.bmp
  40 1.290002 3.251438 0.318143 0.708887 0.295575 0.640402 0.641879 0.273973
  40 1.270001 3.051438 0.408144 0.691732 0.274300 0.668032 0.651663 0.297456
  40 1.300002 3.051438 0.378144 0.951083 0.131313 0.279638 0.647750 0.297456
knife_butterfly.bmp
  40 1.300002 3.051438 0.378144 0.951083 0.131313 0.279638 0.647750 0.297456
  40 1.270001 3.051438 0.408144 0.691732 0.274300 0.668032 0.651663 0.297456
  40 1.280001 2.851439 0.458144 0.951083 0.131313 0.279638 0.657534 0.322896
knife_butterfly.bmp
  40 1.270001 3.051438 0.408144 0.691732 0.274300 0.668032 0.651663 0.297456
  40 1.270001 2.851439 0.468144 0.691732 0.274300 0.668032 0.661448 0.322896
  40 1.280001 2.851439 0.458144 0.951083 0.131313 0.279638 0.657534 0.322896
knife_butterfly.bmp
  40 1.280001 2.851439 0.458144 0.951083 0.131313 0.279638 0.657534 0.322896
  40 1.270001 2.851439 0.468144 0.691732 0.274300 0.668032 0.661448 0.322896
  40 1.280001 2.651439 0.498145 0.944499 0.105085 0.311253 0.667319 0.346380
knife_butterfly.bmp
  40 1.270001 2.851439 0.468144 0.691732 0.274300 0.668032 0.661448 0.322896
  40 1.270001 2.651439 0.528145 0.696374 0.227855 0.680548 0.669276 0.346380
  40 1.280001 2.651439 0.498145 0.944499 0.105085 0.311253 0.667319 0.346380
knife_butterfly.bmp
  37 1.250000 3.030000 0.569998 0.496180 -0.320979 -0.806708 0.379648 0.093933
  37 1.290000 3.240000 0.519998 0.743831 -0.256579 -0.617156 0.356164 0.093933
  37 1.290000 3.030000 0.589998 0.743831 -0.256579 -0.617156 0.379648 0.090020
knife_butterfly.bmp
  37 1.290000 3.030000 0.589998 0.743831 -0.256579 -0.617156 0.379648 0.090020
  37 1.290000 3.240000 0.519998 0.743831 -0.256579 -0.617156 0.356164 0.093933
  37 1.330000 3.260000 0.559998 0.960729 -0.106530 -0.256224 0.356164 0.090020
knife_butterfly.bmp
  37 1.290000 3.240000 0.519998 0.743831 -0.256579 -0.617156 0.356164 0.093933
  37 1.330000 3.270000 0.549998 0.965779 -0.037204 -0.256685 0.354207 0.090020
  37 1.330000 3.260000 0.559998 0.960729 -0.106530 -0.256224 0.356164 0.090020
knife_butterfly.bmp
  37 1.330000 3.260000 0.559998 0.960729 -0.106530 -0.256224 0.356164 0.090020
  37 1.330000 3.270000 0.549998 0.965779 -0.037204 -0.256685 0.354207 0.090020
  37 1.360000 3.270000 0.749998 0.998405 0.055003 -0.012731 0.360078 0.070450
knife_butterfly.bmp
  37 1.330000 3.270000 0.549998 0.965779 -0.037204 -0.256685 0.354207 0.090020
  37 1.330000 3.430000 0.669998 0.964011 0.263636 -0.034328 0.342466 0.074364
  37 1.360000 3.270000 0.749998 0.998405 0.055003 -0.012731 0.360078 0.070450
knife_butterfly.bmp
  37 1.360000 3.270000 0.749998 0.998405 0.055003 -0.012731 0.360078 0.070450
  37 1.330000 3.430000 0.669998 0.964011 0.263636 -0.034328 0.342466 0.074364
  37 1.330000 3.420000 0.729998 0.957865 0.282925 0.049487 0.344423 0.068493
knife_butterfly.bmp
  37 1.330000 3.430000 0.669998 0.964011 0.263636 -0.034328 0.342466 0.074364
  37 1.290000 3.470000 0.729998 0.738011 0.669034 0.087940 0.338552 0.066536
  37 1.330000 3.420000 0.729998 0.957865 0.282925 0.049487 0.344423 0.068493
knife_butterfly.bmp
  37 1.330000 3.420000 0.729998 0.957865 0.282925 0.049487 0.344423 0.068493
  37 1.290000 3.470000 0.729998 0.738011 0.669034 0.087940 0.338552 0.066536
  37 1.290000 3.470000 0.799998 0.737918 0.620075 0.266428 0.342466 0.060665
knife_butterfly.bmp
  37 1.290000 3.470000 0.729998 0.738011 0.669034 0.087940 0.338552 0.066536
  37 1.250000 3.490000 0.799998 0.507889 0.796971 0.326936 0.338552 0.058708
  37 1.290000 3.470000 0.799998 0.737918 0.620075 0.266428 0.342466 0.060665
knife_butterfly.bmp
  37 1.290000 3.470000 0.799998 0.737918 0.620075 0.266428 0.342466 0.060665
  37 1.250000 3.490000 0.799998 0.507889 0.796971 0.326936 0.338552 0.058708
  37 1.290000 3.420000 0.889998 0.738830 0.510826 0.439531 0.348337 0.052838
knife_butterfly.bmp
  37 1.250000 3.490000 0.799998 0.507889 0.796971 0.326936 0.338552 0.058708
  37 1.250000 3.430000 0.909998 0.511973 0.644953 0.567379 0.346380 0.048924
  37 1.290000 3.420000 0.889998 0.738830 0.510826 0.439531 0.348337 0.052838
knife_butterfly.bmp
  37 1.290000 3.420000 0.889998 0.738830 0.510826 0.439531 0.348337 0.052838
  37 1.250000 3.430000 0.909998 0.511973 0.644953 0.567379 0.346380 0.048924
  37 1.290000 3.320000 0.979998 0.738833 0.339718 0.581995 0.358121 0.046967
knife_butterfly.bmp
  37 1.250000 3.430000 0.909998 0.511973 0.644953 0.567379 0.346380 0.048924
  37 1.250000 3.330000 0.989998 0.511969 0.441165 0.737063 0.356164 0.043053
  37 1.290000 3.320000 0.979998 0.738833 0.339718 0.581995 0.358121 0.046967
knife_butterfly.bmp
  37 1.290000 3.320000 0.979998 0.738833 0.339718 0.581995 0.358121 0.046967
  37 1.250000 3.330000 0.989998 0.511969 0.441165 0.737063 0.356164 0.043053
  37 1.290000 3.280000 0.989998 0.741966 0.229319 0.629999 0.362035 0.046967
knife_butterfly.bmp
  37 1.250000 3.330000 0.989998 0.511969 0.441165 0.737063 0.356164 0.043053
  37 1.250000 3.290000 0.999998 0.496213 0.296962 0.815835 0.362035 0.041096
  37 1.290000 3.280000 0.989998 0.741966 0.229319 0.629999 0.362035 0.046967
knife_butterfly.bmp
  37 1.290000 3.280000 0.989998 0.741966 0.229319 0.629999 0.362035 0.046967
  37 1.250000 3.290000 0.999998 0.496213 0.296962 0.815835 0.362035 0.041096
  37 1.290000 3.080000 1.009998 0.741966 0.229319 0.629999 0.383562 0.043053
knife_butterfly.bmp
  37 1.250000 3.290000 0.999998 0.496213 0.296962 0.815835 0.362035 0.041096
  37 1.250000 3.090000 1.029998 0.496213 0.296962 0.815835 0.383562 0.039139
  37 1.290000 3.080000 1.009998 0.741966 0.229319 0.629999 0.383562 0.043053
knife_butterfly.bmp
  37 1.290000 3.080000 1.009998 0.741966 0.229319 0.629999 0.383562 0.043053
  37 1.250000 3.090000 1.029998 0.496213 0.296962 0.815835 0.383562 0.039139
  37 1.290000 2.900000 1.069998 0.741966 0.229319 0.629999 0.405088 0.041096
knife_butterfly.bmp
  37 1.250000 3.090000 1.029998 0.496213 0.296962 0.815835 0.383562 0.039139
  37 1.250000 2.910000 1.089998 0.496156 0.254620 0.830059 0.403131 0.037182
  37 1.290000 2.900000 1.069998 0.741966 0.229319 0.629999 0.405088 0.041096
knife_butterfly.bmp
  37 1.290000 2.900000 1.069998 0.741966 0.229319 0.629999 0.405088 0.041096
  37 1.250000 2.910000 1.089998 0.496156 0.254620 0.830059 0.403131 0.037182
  37 1.290000 2.700000 1.129998 0.742344 0.180599 0.645220 0.424658 0.039139
knife_butterfly.bmp
  37 1.250000 2.910000 1.089998 0.496156 0.254620 0.830059 0.403131 0.037182
  37 1.250000 2.710000 1.149998 0.496156 0.254620 0.830059 0.424658 0.035225
  37 1.290000 2.700000 1.129998 0.742344 0.180599 0.645220 0.424658 0.039139
knife_butterfly.bmp
  37 1.330000 2.690000 1.089998 0.961766 0.099482 0.255164 0.426614 0.043053
  37 1.330000 2.890000 1.029998 0.961766 0.099482 0.255164 0.405088 0.045010
  37 1.290000 2.900000 1.069998 0.741966 0.229319 0.629999 0.405088 0.041096
knife_butterfly.bmp
  37 1.290000 2.900000 1.069998 0.741966 0.229319 0.629999 0.405088 0.041096
  37 1.330000 2.890000 1.029998 0.961766 0.099482 0.255164 0.405088 0.045010
  37 1.290000 3.080000 1.009998 0.741966 0.229319 0.629999 0.383562 0.043053
knife_butterfly.bmp
  37 1.330000 2.890000 1.029998 0.961766 0.099482 0.255164 0.405088 0.045010
  37 1.330000 3.070000 0.999998 0.961766 0.099482 0.255164 0.383562 0.048924
  37 1.290000 3.080000 1.009998 0.741966 0.229319 0.629999 0.383562 0.043053
knife_butterfly.bmp
  37 1.290000 3.080000 1.009998 0.741966 0.229319 0.629999 0.383562 0.043053
  37 1.330000 3.070000 0.999998 0.961766 0.099482 0.255164 0.383562 0.048924
  37 1.290000 3.280000 0.989998 0.741966 0.229319 0.629999 0.362035 0.046967
knife_butterfly.bmp
  37 1.330000 3.070000 0.999998 0.961766 0.099482 0.255164 0.383562 0.048924
  37 1.330000 3.260000 0.949998 0.961766 0.099482 0.255164 0.363992 0.050881
  37 1.290000 3.280000 0.989998 0.741966 0.229319 0.629999 0.362035 0.046967
knife_butterfly.bmp
  37 1.290000 3.280000 0.989998 0.741966 0.229319 0.629999 0.362035 0.046967
  37 1.330000 3.260000 0.949998 0.961766 0.099482 0.255164 0.363992 0.050881
  37 1.290000 3.320000 0.979998 0.738833 0.339718 0.581995 0.358121 0.046967
knife_butterfly.bmp
  37 1.330000 3.260000 0.949998 0.961766 0.099482 0.255164 0.363992 0.050881
  37 1.330000 3.290000 0.939998 0.976027 0.106863 0.189611 0.360078 0.050881
  37 1.290000 3.320000 0.979998 0.738833 0.339718 0.581995 0.358121 0.046967
knife_butterfly.bmp
  37 1.290000 3.320000 0.979998 0.738833 0.339718 0.581995 0.358121 0.046967
  37 1.330000 3.290000 0.939998 0.976027 0.106863 0.189611 0.360078 0.050881
  37 1.290000 3.420000 0.889998 0.738830 0.510826 0.439531 0.348337 0.052838
knife_butterfly.bmp
  37 1.330000 3.290000 0.939998 0.976027 0.106863 0.189611 0.360078 0.050881
  37 1.330000 3.390000 0.869998 0.957779 0.220160 0.184900 0.352250 0.056751
  37 1.290000 3.420000 0.889998 0.738830 0.510826 0.439531 0.348337 0.052838
knife_butterfly.bmp
  37 1.290000 3.420000 0.889998 0.738830 0.510826 0.439531 0.348337 0.052838
  37 1.330000 3.390000 0.869998 0.957779 0.220160 0.184900 0.352250 0.056751
  37 1.290000 3.470000 0.799998 0.737918 0.620075 0.266428 0.342466 0.060665
knife_butterfly.bmp
  37 1.330000 3.390000 0.869998 0.957779 0.220160 0.184900 0.352250 0.056751
  37 1.330000 3.430000 0.789998 0.976604 0.194974 0.090718 0.346380 0.062622
  37 1.290000 3.470000 0.799998 0.737918 0.620075 0.266428 0.342466 0.060665
knife_butterfly.bmp
  37 1.290000 3.470000 0.799998 0.737918 0.620075 0.266428 0.342466 0.060665
  37 1.330000 3.430000 0.789998 0.976604 0.194974 0.090718 0.346380 0.062622
  37 1.330000 3.420000 0.729998 0.957865 0.282925 0.049487 0.344423 0.068493
knife_butterfly.bmp
  37 1.330000 3.430000 0.789998 0.976604 0.194974 0.090718 0.346380 0.062622
  37 1.330000 3.390000 0.869998 0.957779 0.220160 0.184900 0.352250 0.056751
  37 1.330000 3.420000 0.729998 0.957865 0.282925 0.049487 0.344423 0.068493
knife_butterfly.bmp
  37 1.330000 3.420000 0.729998 0.957865 0.282925 0.049487 0.344423 0.068493
  37 1.330000 3.390000 0.869998 0.957779 0.220160 0.184900 0.352250 0.056751
  37 1.360000 3.270000 0.749998 0.998405 0.055003 -0.012731 0.360078 0.070450
knife_butterfly.bmp
  37 1.330000 3.390000 0.869998 0.957779 0.220160 0.184900 0.352250 0.056751
  37 1.330000 3.260000 0.949998 0.961766 0.099482 0.255164 0.363992 0.050881
  37 1.360000 3.270000 0.749998 0.998405 0.055003 -0.012731 0.360078 0.070450
knife_butterfly.bmp
  37 1.360000 3.270000 0.749998 0.998405 0.055003 -0.012731 0.360078 0.070450
  37 1.330000 3.260000 0.949998 0.961766 0.099482 0.255164 0.363992 0.050881
  37 1.360000 3.060000 0.809998 1.000000 0.000000 0.000000 0.381605 0.066536
knife_butterfly.bmp
  37 1.330000 3.260000 0.949998 0.961766 0.099482 0.255164 0.363992 0.050881
  37 1.330000 3.070000 0.999998 0.961766 0.099482 0.255164 0.383562 0.048924
  37 1.360000 3.060000 0.809998 1.000000 0.000000 0.000000 0.381605 0.066536
knife_butterfly.bmp
  37 1.360000 3.060000 0.809998 1.000000 0.000000 0.000000 0.381605 0.066536
  37 1.330000 3.070000 0.999998 0.961766 0.099482 0.255164 0.383562 0.048924
  37 1.360000 2.850000 0.879998 1.000000 0.000000 0.000000 0.403131 0.064579
knife_butterfly.bmp
  37 1.330000 3.070000 0.999998 0.961766 0.099482 0.255164 0.383562 0.048924
  37 1.330000 2.890000 1.029998 0.961766 0.099482 0.255164 0.405088 0.045010
  37 1.360000 2.850000 0.879998 1.000000 0.000000 0.000000 0.403131 0.064579
knife_butterfly.bmp
  37 1.360000 2.850000 0.879998 1.000000 0.000000 0.000000 0.403131 0.064579
  37 1.330000 2.890000 1.029998 0.961766 0.099482 0.255164 0.405088 0.045010
  37 1.360000 2.680000 0.939998 1.000000 0.000000 0.000000 0.422701 0.060665
knife_butterfly.bmp
  37 1.330000 2.890000 1.029998 0.961766 0.099482 0.255164 0.405088 0.045010
  37 1.330000 2.690000 1.089998 0.961766 0.099482 0.255164 0.426614 0.043053
  37 1.360000 2.680000 0.939998 1.000000 0.000000 0.000000 0.422701 0.060665
knife_butterfly.bmp
  37 0.940000 2.680000 0.939998 1.000000 0.000000 0.000000 0.422701 0.060665
  37 0.940000 2.850000 0.879998 1.000000 0.000000 0.000000 0.403131 0.064579
  37 0.940000 2.890000 1.029998 0.961766 0.099482 0.255164 0.405088 0.045010
knife_butterfly.bmp
  37 0.940000 2.890000 1.029998 0.961766 0.099482 0.255164 0.405088 0.045010
  37 0.940000 2.850000 0.879998 1.000000 0.000000 0.000000 0.403131 0.064579
  37 0.940000 3.070000 0.999998 0.961766 0.099482 0.255164 0.383562 0.048924
knife_butterfly.bmp
  37 0.940000 2.850000 0.879998 1.000000 0.000000 0.000000 0.403131 0.064579
  37 0.940000 3.060000 0.809998 1.000000 0.000000 0.000000 0.381605 0.066536
  37 0.940000 3.070000 0.999998 0.961766 0.099482 0.255164 0.383562 0.048924
knife_butterfly.bmp
  37 0.940000 3.070000 0.999998 0.961766 0.099482 0.255164 0.383562 0.048924
  37 0.940000 3.060000 0.809998 1.000000 0.000000 0.000000 0.381605 0.066536
  37 0.940000 3.260000 0.949998 0.961766 0.099482 0.255164 0.363992 0.050881
knife_butterfly.bmp
  37 0.940000 3.060000 0.809998 1.000000 0.000000 0.000000 0.381605 0.066536
  37 0.950000 3.270000 0.749998 0.998405 0.055003 -0.012731 0.360078 0.070450
  37 0.940000 3.260000 0.949998 0.961766 0.099482 0.255164 0.363992 0.050881
knife_butterfly.bmp
  37 0.940000 3.260000 0.949998 0.961766 0.099482 0.255164 0.363992 0.050881
  37 0.950000 3.270000 0.749998 0.998405 0.055003 -0.012731 0.360078 0.070450
  37 0.940000 3.390000 0.869998 0.957779 0.220160 0.184900 0.352250 0.056751
knife_butterfly.bmp
  37 0.950000 3.270000 0.749998 0.998405 0.055003 -0.012731 0.360078 0.070450
  37 0.940000 3.420000 0.729998 0.957865 0.282925 0.049487 0.344423 0.068493
  37 0.940000 3.390000 0.869998 0.957779 0.220160 0.184900 0.352250 0.056751
knife_butterfly.bmp
  37 0.940000 3.390000 0.869998 0.957779 0.220160 0.184900 0.352250 0.056751
  37 0.940000 3.420000 0.729998 0.957865 0.282925 0.049487 0.344423 0.068493
  37 0.940000 3.430000 0.789998 0.976604 0.194974 0.090718 0.346380 0.062622
knife_butterfly.bmp
  37 0.940000 3.420000 0.729998 0.957865 0.282925 0.049487 0.344423 0.068493
  37 0.900000 3.470000 0.799998 0.737918 0.620075 0.266428 0.342466 0.060665
  37 0.940000 3.430000 0.789998 0.976604 0.194974 0.090718 0.346380 0.062622
knife_butterfly.bmp
  37 0.940000 3.430000 0.789998 0.976604 0.194974 0.090718 0.346380 0.062622
  37 0.900000 3.470000 0.799998 0.737918 0.620075 0.266428 0.342466 0.060665
  37 0.940000 3.390000 0.869998 0.957779 0.220160 0.184900 0.352250 0.056751
knife_butterfly.bmp
  37 0.900000 3.470000 0.799998 0.737918 0.620075 0.266428 0.342466 0.060665
  37 0.900000 3.420000 0.889998 0.738830 0.510826 0.439531 0.348337 0.052838
  37 0.940000 3.390000 0.869998 0.957779 0.220160 0.184900 0.352250 0.056751
knife_butterfly.bmp
  37 0.940000 3.390000 0.869998 0.957779 0.220160 0.184900 0.352250 0.056751
  37 0.900000 3.420000 0.889998 0.738830 0.510826 0.439531 0.348337 0.052838
  37 0.940000 3.290000 0.939998 0.976027 0.106863 0.189611 0.360078 0.050881
knife_butterfly.bmp
  37 0.900000 3.420000 0.889998 0.738830 0.510826 0.439531 0.348337 0.052838
  37 0.900000 3.320000 0.979998 0.738833 0.339718 0.581995 0.358121 0.046967
  37 0.940000 3.290000 0.939998 0.976027 0.106863 0.189611 0.360078 0.050881
knife_butterfly.bmp
  37 0.940000 3.290000 0.939998 0.976027 0.106863 0.189611 0.360078 0.050881
  37 0.900000 3.320000 0.979998 0.738833 0.339718 0.581995 0.358121 0.046967
  37 0.940000 3.260000 0.949998 0.961766 0.099482 0.255164 0.363992 0.050881
knife_butterfly.bmp
  37 0.900000 3.320000 0.979998 0.738833 0.339718 0.581995 0.358121 0.046967
  37 0.900000 3.280000 0.989998 0.741966 0.229319 0.629999 0.362035 0.046967
  37 0.940000 3.260000 0.949998 0.961766 0.099482 0.255164 0.363992 0.050881
knife_butterfly.bmp
  37 0.940000 3.260000 0.949998 0.961766 0.099482 0.255164 0.363992 0.050881
  37 0.900000 3.280000 0.989998 0.741966 0.229319 0.629999 0.362035 0.046967
  37 0.940000 3.070000 0.999998 0.961766 0.099482 0.255164 0.383562 0.048924
knife_butterfly.bmp
  37 0.900000 3.280000 0.989998 0.741966 0.229319 0.629999 0.362035 0.046967
  37 0.900000 3.080000 1.009998 0.741966 0.229319 0.629999 0.383562 0.043053
  37 0.940000 3.070000 0.999998 0.961766 0.099482 0.255164 0.383562 0.048924
knife_butterfly.bmp
  37 0.940000 3.070000 0.999998 0.961766 0.099482 0.255164 0.383562 0.048924
  37 0.900000 3.080000 1.009998 0.741966 0.229319 0.629999 0.383562 0.043053
  37 0.940000 2.890000 1.029998 0.961766 0.099482 0.255164 0.405088 0.045010
knife_butterfly.bmp
  37 0.900000 3.080000 1.009998 0.741966 0.229319 0.629999 0.383562 0.043053
  37 0.900000 2.900000 1.069998 0.741966 0.229319 0.629999 0.405088 0.041096
  37 0.940000 2.890000 1.029998 0.961766 0.099482 0.255164 0.405088 0.045010
knife_butterfly.bmp
  37 0.940000 2.890000 1.029998 0.961766 0.099482 0.255164 0.405088 0.045010
  37 0.900000 2.900000 1.069998 0.741966 0.229319 0.629999 0.405088 0.041096
  37 0.940000 2.690000 1.089998 0.961766 0.099482 0.255164 0.426614 0.043053
knife_butterfly.bmp
  37 0.900000 2.900000 1.069998 0.741966 0.229319 0.629999 0.405088 0.041096
  37 0.900000 2.700000 1.129998 0.742344 0.180599 0.645220 0.424658 0.039139
  37 0.940000 2.690000 1.089998 0.961766 0.099482 0.255164 0.426614 0.043053
knife_butterfly.bmp
  37 0.900000 2.700000 1.129998 0.742344 0.180599 0.645220 0.424658 0.039139
  37 0.900000 2.900000 1.069998 0.741966 0.229319 0.629999 0.405088 0.041096
  37 0.880000 2.910000 1.089998 0.496156 0.254620 0.830059 0.403131 0.037182
knife_butterfly.bmp
  37 0.880000 2.910000 1.089998 0.496156 0.254620 0.830059 0.403131 0.037182
  37 0.900000 2.900000 1.069998 0.741966 0.229319 0.629999 0.405088 0.041096
  37 0.880000 3.090000 1.029998 0.496213 0.296962 0.815835 0.383562 0.039139
knife_butterfly.bmp
  37 0.900000 2.900000 1.069998 0.741966 0.229319 0.629999 0.405088 0.041096
  37 0.900000 3.080000 1.009998 0.741966 0.229319 0.629999 0.383562 0.043053
  37 0.880000 3.090000 1.029998 0.496213 0.296962 0.815835 0.383562 0.039139
knife_butterfly.bmp
  37 0.880000 3.090000 1.029998 0.496213 0.296962 0.815835 0.383562 0.039139
  37 0.900000 3.080000 1.009998 0.741966 0.229319 0.629999 0.383562 0.043053
  37 0.880000 3.290000 0.999998 0.496213 0.296962 0.815835 0.362035 0.041096
knife_butterfly.bmp
  37 0.900000 3.080000 1.009998 0.741966 0.229319 0.629999 0.383562 0.043053
  37 0.900000 3.280000 0.989998 0.741966 0.229319 0.629999 0.362035 0.046967
  37 0.880000 3.290000 0.999998 0.496213 0.296962 0.815835 0.362035 0.041096
knife_butterfly.bmp
  37 0.880000 3.290000 0.999998 0.496213 0.296962 0.815835 0.362035 0.041096
  37 0.900000 3.280000 0.989998 0.741966 0.229319 0.629999 0.362035 0.046967
  37 0.880000 3.330000 0.989998 0.511969 0.441165 0.737063 0.356164 0.043053
knife_butterfly.bmp
  37 0.900000 3.280000 0.989998 0.741966 0.229319 0.629999 0.362035 0.046967
  37 0.900000 3.320000 0.979998 0.738833 0.339718 0.581995 0.358121 0.046967
  37 0.880000 3.330000 0.989998 0.511969 0.441165 0.737063 0.356164 0.043053
knife_butterfly.bmp
  37 0.880000 3.330000 0.989998 0.511969 0.441165 0.737063 0.356164 0.043053
  37 0.900000 3.320000 0.979998 0.738833 0.339718 0.581995 0.358121 0.046967
  37 0.880000 3.430000 0.909998 0.511973 0.644953 0.567379 0.346380 0.048924
knife_butterfly.bmp
  37 0.900000 3.320000 0.979998 0.738833 0.339718 0.581995 0.358121 0.046967
  37 0.900000 3.420000 0.889998 0.738830 0.510826 0.439531 0.348337 0.052838
  37 0.880000 3.430000 0.909998 0.511973 0.644953 0.567379 0.346380 0.048924
knife_butterfly.bmp
  37 0.880000 3.430000 0.909998 0.511973 0.644953 0.567379 0.346380 0.048924
  37 0.900000 3.420000 0.889998 0.738830 0.510826 0.439531 0.348337 0.052838
  37 0.880000 3.490000 0.799998 0.507889 0.796971 0.326936 0.338552 0.058708
knife_butterfly.bmp
  37 0.900000 3.420000 0.889998 0.738830 0.510826 0.439531 0.348337 0.052838
  37 0.900000 3.470000 0.799998 0.737918 0.620075 0.266428 0.342466 0.060665
  37 0.880000 3.490000 0.799998 0.507889 0.796971 0.326936 0.338552 0.058708
knife_butterfly.bmp
  37 0.880000 3.490000 0.799998 0.507889 0.796971 0.326936 0.338552 0.058708
  37 0.900000 3.470000 0.799998 0.737918 0.620075 0.266428 0.342466 0.060665
  37 0.900000 3.470000 0.729998 0.738011 0.669034 0.087940 0.338552 0.066536
knife_butterfly.bmp
  37 0.900000 3.470000 0.799998 0.737918 0.620075 0.266428 0.342466 0.060665
  37 0.940000 3.420000 0.729998 0.957865 0.282925 0.049487 0.344423 0.068493
  37 0.900000 3.470000 0.729998 0.738011 0.669034 0.087940 0.338552 0.066536
knife_butterfly.bmp
  37 0.900000 3.470000 0.729998 0.738011 0.669034 0.087940 0.338552 0.066536
  37 0.940000 3.420000 0.729998 0.957865 0.282925 0.049487 0.344423 0.068493
  37 0.940000 3.430000 0.669998 0.964011 0.263636 -0.034328 0.342466 0.074364
knife_butterfly.bmp
  37 0.940000 3.420000 0.729998 0.957865 0.282925 0.049487 0.344423 0.068493
  37 0.950000 3.270000 0.749998 0.998405 0.055003 -0.012731 0.360078 0.070450
  37 0.940000 3.430000 0.669998 0.964011 0.263636 -0.034328 0.342466 0.074364
knife_butterfly.bmp
  37 0.940000 3.430000 0.669998 0.964011 0.263636 -0.034328 0.342466 0.074364
  37 0.950000 3.270000 0.749998 0.998405 0.055003 -0.012731 0.360078 0.070450
  37 0.940000 3.270000 0.549998 0.965779 -0.037204 -0.256685 0.354207 0.090020
knife_butterfly.bmp
  37 0.950000 3.270000 0.749998 0.998405 0.055003 -0.012731 0.360078 0.070450
  37 0.940000 3.260000 0.559998 0.960729 -0.106530 -0.256224 0.356164 0.090020
  37 0.940000 3.270000 0.549998 0.965779 -0.037204 -0.256685 0.354207 0.090020
knife_butterfly.bmp
  37 0.940000 3.270000 0.549998 0.965779 -0.037204 -0.256685 0.354207 0.090020
  37 0.940000 3.260000 0.559998 0.960729 -0.106530 -0.256224 0.356164 0.090020
  37 0.900000 3.240000 0.519998 0.743831 -0.256579 -0.617156 0.356164 0.093933
knife_butterfly.bmp
  37 0.940000 3.260000 0.559998 0.960729 -0.106530 -0.256224 0.356164 0.090020
  37 0.900000 3.030000 0.589998 0.743831 -0.256579 -0.617156 0.379648 0.090020
  37 0.900000 3.240000 0.519998 0.743831 -0.256579 -0.617156 0.356164 0.093933
knife_butterfly.bmp
  37 0.900000 3.240000 0.519998 0.743831 -0.256579 -0.617156 0.356164 0.093933
  37 0.900000 3.030000 0.589998 0.743831 -0.256579 -0.617156 0.379648 0.090020
  37 0.880000 3.030000 0.569998 0.496180 -0.320979 -0.806708 0.379648 0.093933
knife_butterfly.bmp
  37 0.900000 3.030000 0.589998 0.743831 -0.256579 -0.617156 0.379648 0.090020
  37 0.880000 2.820000 0.649998 0.496180 -0.320979 -0.806708 0.401174 0.090020
  37 0.880000 3.030000 0.569998 0.496180 -0.320979 -0.806708 0.379648 0.093933
knife_butterfly.bmp
  40 0.890002 2.881438 0.248143 0.000002 -0.505224 -0.862988 0.743640 0.183953
  40 0.890002 2.841438 0.258143 0.000008 -0.180022 -0.983663 0.743640 0.187867
  40 0.690002 2.881438 0.268143 0.000002 -0.505224 -0.862988 0.729941 0.185910
knife_butterfly.bmp
  40 0.690002 2.881438 0.268143 0.000002 -0.505224 -0.862988 0.729941 0.185910
  40 0.890002 2.841438 0.258143 0.000008 -0.180022 -0.983663 0.743640 0.187867
  40 0.690002 2.841438 0.278143 0.000008 -0.180022 -0.983663 0.729941 0.187867
knife_butterfly.bmp
  40 0.890002 2.841438 0.258143 0.000008 -0.180022 -0.983663 0.743640 0.187867
  40 0.890002 2.841438 0.258143 0.000003 -0.030331 -0.999540 0.743640 0.187867
  40 0.690002 2.841438 0.278143 0.000008 -0.180022 -0.983663 0.729941 0.187867
knife_butterfly.bmp
  40 0.690002 2.841438 0.278143 0.000008 -0.180022 -0.983663 0.729941 0.187867
  40 0.890002 2.841438 0.258143 0.000003 -0.030331 -0.999540 0.743640 0.187867
  40 0.690002 2.841438 0.278143 0.000003 -0.030331 -0.999540 0.729941 0.187867
knife_butterfly.bmp
  40 0.890002 2.841438 0.258143 0.000003 -0.030331 -0.999540 0.743640 0.187867
  40 0.890002 2.801438 0.258144 0.000001 0.167242 -0.985916 0.743640 0.189824
  40 0.690002 2.841438 0.278143 0.000003 -0.030331 -0.999540 0.729941 0.187867
knife_butterfly.bmp
  40 0.690002 2.841438 0.278143 0.000003 -0.030331 -0.999540 0.729941 0.187867
  40 0.890002 2.801438 0.258144 0.000001 0.167242 -0.985916 0.743640 0.189824
  40 0.690002 2.801438 0.268143 0.000001 0.167242 -0.985916 0.729941 0.189824
knife_butterfly.bmp
  40 0.890002 2.801438 0.258144 0.000001 0.167242 -0.985916 0.743640 0.189824
  40 0.890002 2.771438 0.248144 0.000001 0.494375 -0.869249 0.743640 0.193738
  40 0.690002 2.801438 0.268143 0.000001 0.167242 -0.985916 0.729941 0.189824
knife_butterfly.bmp
  40 0.690002 2.801438 0.268143 0.000001 0.167242 -0.985916 0.729941 0.189824
  40 0.890002 2.771438 0.248144 0.000001 0.494375 -0.869249 0.743640 0.193738
  40 0.690002 2.771438 0.248143 0.000001 0.494375 -0.869249 0.729941 0.193738
knife_butterfly.bmp
  40 0.890002 2.771438 0.248144 0.000001 0.494375 -0.869249 0.743640 0.193738
  40 0.890002 2.741438 0.218144 0.000001 0.745318 -0.666709 0.743640 0.195695
  40 0.690002 2.771438 0.248143 0.000001 0.494375 -0.869249 0.729941 0.193738
knife_butterfly.bmp
  40 0.690002 2.771438 0.248143 0.000001 0.494375 -0.869249 0.729941 0.193738
  40 0.890002 2.741438 0.218144 0.000001 0.745318 -0.666709 0.743640 0.195695
  40 0.690002 2.741438 0.218143 0.000001 0.745318 -0.666709 0.729941 0.195695
knife_butterfly.bmp
  40 0.890002 2.741438 0.218144 0.000001 0.745318 -0.666709 0.743640 0.195695
  40 0.890002 2.721438 0.198144 -0.000001 0.937452 -0.348115 0.743640 0.197652
  40 0.690002 2.741438 0.218143 0.000001 0.745318 -0.666709 0.729941 0.195695
knife_butterfly.bmp
  40 0.690002 2.741438 0.218143 0.000001 0.745318 -0.666709 0.729941 0.195695
  40 0.890002 2.721438 0.198144 -0.000001 0.937452 -0.348115 0.743640 0.197652
  40 0.690002 2.721438 0.188143 -0.000001 0.937452 -0.348115 0.729941 0.197652
knife_butterfly.bmp
  40 0.890002 2.721438 0.198144 -0.000001 0.937452 -0.348115 0.743640 0.197652
  40 0.890002 2.711438 0.168144 0.000000 0.999979 -0.006476 0.743640 0.201566
  40 0.690002 2.721438 0.188143 -0.000001 0.937452 -0.348115 0.729941 0.197652
knife_butterfly.bmp
  40 0.690002 2.721438 0.188143 -0.000001 0.937452 -0.348115 0.729941 0.197652
  40 0.890002 2.711438 0.168144 0.000000 0.999979 -0.006476 0.743640 0.201566
  40 0.690002 2.711438 0.148143 0.000000 0.999979 -0.006476 0.729941 0.201566
knife_butterfly.bmp
  40 0.890002 2.711438 0.168144 0.000000 0.999979 -0.006476 0.743640 0.201566
  40 0.870002 2.721438 0.128144 -0.000002 0.941888 0.335927 0.743640 0.203523
  40 0.690002 2.711438 0.148143 0.000000 0.999979 -0.006476 0.729941 0.201566
knife_butterfly.bmp
  40 0.690002 2.711438 0.148143 0.000000 0.999979 -0.006476 0.729941 0.201566
  40 0.870002 2.721438 0.128144 -0.000002 0.941888 0.335927 0.743640 0.203523
  40 0.670002 2.721438 0.108143 -0.000002 0.941888 0.335927 0.729941 0.203523
knife_butterfly.bmp
  40 0.870002 2.721438 0.128144 -0.000002 0.941888 0.335927 0.743640 0.203523
  40 0.870002 2.741438 0.088144 -0.000001 0.770197 0.637806 0.743640 0.205479
  40 0.670002 2.721438 0.108143 -0.000002 0.941888 0.335927 0.729941 0.203523
knife_butterfly.bmp
  40 0.670002 2.721438 0.108143 -0.000002 0.941888 0.335927 0.729941 0.203523
  40 0.870002 2.741438 0.088144 -0.000001 0.770197 0.637806 0.743640 0.205479
  40 0.670002 2.741437 0.078143 -0.000001 0.770197 0.637806 0.729941 0.205479
knife_butterfly.bmp
  40 0.870002 2.741438 0.088144 -0.000001 0.770197 0.637806 0.743640 0.205479
  40 0.870002 2.771438 0.048144 -0.000002 0.505610 0.862762 0.743640 0.209393
  40 0.670002 2.741437 0.078143 -0.000001 0.770197 0.637806 0.729941 0.205479
knife_butterfly.bmp
  40 0.670002 2.741437 0.078143 -0.000001 0.770197 0.637806 0.729941 0.205479
  40 0.870002 2.771438 0.048144 -0.000002 0.505610 0.862762 0.743640 0.209393
  40 0.670002 2.771438 0.048143 -0.000002 0.505610 0.862762 0.729941 0.209393
knife_butterfly.bmp
  40 0.870002 2.771438 0.048144 -0.000002 0.505610 0.862762 0.743640 0.209393
  40 0.670002 2.801437 0.038143 -0.000002 0.180034 0.983660 0.729941 0.211350
  40 0.670002 2.771438 0.048143 -0.000002 0.505610 0.862762 0.729941 0.209393
knife_butterfly.bmp
  40 0.680001 2.651439 0.528144 -0.696384 0.227853 0.680538 0.669276 0.346380
  40 0.680001 2.851439 0.478143 -0.696384 0.227853 0.680538 0.661448 0.322896
  40 0.670001 2.651439 0.498143 -0.944511 0.105076 0.311221 0.667319 0.346380
knife_butterfly.bmp
  40 0.670001 2.651439 0.498143 -0.944511 0.105076 0.311221 0.667319 0.346380
  40 0.680001 2.851439 0.478143 -0.696384 0.227853 0.680538 0.661448 0.322896
  40 0.670001 2.851439 0.468143 -0.944511 0.105076 0.311221 0.657534 0.322896
knife_butterfly.bmp
  40 0.680001 2.851439 0.478143 -0.696384 0.227853 0.680538 0.661448 0.322896
  40 0.680001 3.051438 0.408142 -0.691741 0.274297 0.668024 0.651663 0.297456
  40 0.670001 2.851439 0.468143 -0.944511 0.105076 0.311221 0.657534 0.322896
knife_butterfly.bmp
  40 0.670001 2.851439 0.468143 -0.944511 0.105076 0.311221 0.657534 0.322896
  40 0.680001 3.051438 0.408142 -0.691741 0.274297 0.668024 0.651663 0.297456
  40 0.680002 3.051438 0.378142 -0.944511 0.105076 0.311221 0.647750 0.297456
knife_butterfly.bmp
  40 0.680001 3.051438 0.408142 -0.691741 0.274297 0.668024 0.651663 0.297456
  40 0.700002 3.251438 0.338142 -0.691741 0.274297 0.668024 0.641879 0.273973
  40 0.680002 3.051438 0.378142 -0.944511 0.105076 0.311221 0.647750 0.297456
knife_butterfly.bmp
  40 0.680002 3.051438 0.378142 -0.944511 0.105076 0.311221 0.647750 0.297456
  40 0.700002 3.251438 0.338142 -0.691741 0.274297 0.668024 0.641879 0.273973
  40 0.690002 3.251438 0.308142 -0.944511 0.105076 0.311221 0.637965 0.273973
knife_butterfly.bmp
  40 0.700002 3.251438 0.338142 -0.691741 0.274297 0.668024 0.641879 0.273973
  40 0.700002 3.441438 0.238142 -0.691741 0.274297 0.668024 0.632094 0.252446
  40 0.690002 3.251438 0.308142 -0.944511 0.105076 0.311221 0.637965 0.273973
knife_butterfly.bmp
  40 0.690002 3.251438 0.308142 -0.944511 0.105076 0.311221 0.637965 0.273973
  40 0.700002 3.441438 0.238142 -0.691741 0.274297 0.668024 0.632094 0.252446
  40 0.690002 3.431438 0.218142 -0.944511 0.105076 0.311221 0.630137 0.252446
knife_butterfly.bmp
  40 0.700002 3.441438 0.238142 -0.691741 0.274297 0.668024 0.632094 0.252446
  40 0.700002 3.611438 0.188141 -0.708902 0.295571 0.640387 0.624266 0.230920
  40 0.690002 3.431438 0.218142 -0.944511 0.105076 0.311221 0.630137 0.252446
knife_butterfly.bmp
  40 0.690002 3.431438 0.218142 -0.944511 0.105076 0.311221 0.630137 0.252446
  40 0.700002 3.611438 0.188141 -0.708902 0.295571 0.640387 0.624266 0.230920
  40 0.690002 3.601438 0.158141 -0.951095 0.131299 0.279604 0.620352 0.232877
knife_butterfly.bmp
  40 0.700002 3.611438 0.188141 -0.708902 0.295571 0.640387 0.624266 0.230920
  40 0.680002 3.761438 0.098141 -0.719900 0.320776 0.615505 0.614481 0.215264
  40 0.690002 3.601438 0.158141 -0.951095 0.131299 0.279604 0.620352 0.232877
knife_butterfly.bmp
  40 0.690002 3.601438 0.158141 -0.951095 0.131299 0.279604 0.620352 0.232877
  40 0.680002 3.761438 0.098141 -0.719900 0.320776 0.615505 0.614481 0.215264
  40 0.670002 3.741437 0.068141 -0.951095 0.131299 0.279604 0.612524 0.215264
knife_butterfly.bmp
  40 0.680002 3.761438 0.098141 -0.719900 0.320776 0.615505 0.614481 0.215264
  40 0.680002 3.901438 0.018140 -0.697204 0.379869 0.607952 0.606654 0.197652
  40 0.670002 3.741437 0.068141 -0.951095 0.131299 0.279604 0.612524 0.215264
knife_butterfly.bmp
  40 0.670002 3.741437 0.068141 -0.951095 0.131299 0.279604 0.612524 0.215264
  40 0.680002 3.901438 0.018140 -0.697204 0.379869 0.607952 0.606654 0.197652
  40 0.670002 3.881438 -0.001860 -0.951095 0.131299 0.279604 0.602740 0.199609
knife_butterfly.bmp
  40 0.680002 3.901438 0.018140 -0.697204 0.379869 0.607952 0.606654 0.197652
  40 0.680002 4.021437 -0.051860 -0.649717 0.484452 0.585810 0.594912 0.181996
  40 0.670002 3.881438 -0.001860 -0.951095 0.131299 0.279604 0.602740 0.199609
knife_butterfly.bmp
  40 0.670002 3.881438 -0.001860 -0.951095 0.131299 0.279604 0.602740 0.199609
  40 0.680002 4.021437 -0.051860 -0.649717 0.484452 0.585810 0.594912 0.181996
  40 0.670002 4.011437 -0.071860 -0.941972 0.216530 0.256523 0.592955 0.183953
knife_butterfly.bmp
  40 0.680002 4.021437 -0.051860 -0.649717 0.484452 0.585810 0.594912 0.181996
  40 0.690002 4.081437 -0.101860 -0.631076 0.545042 0.551971 0.589041 0.176125
  40 0.670002 4.011437 -0.071860 -0.941972 0.216530 0.256523 0.592955 0.183953
knife_butterfly.bmp
  40 0.670002 4.011437 -0.071860 -0.941972 0.216530 0.256523 0.592955 0.183953
  40 0.690002 4.081437 -0.101860 -0.631076 0.545042 0.551971 0.589041 0.176125
  40 0.690003 4.081437 -0.131860 -0.893346 0.323924 0.311459 0.585127 0.176125
knife_butterfly.bmp
  40 0.690002 4.081437 -0.101860 -0.631076 0.545042 0.551971 0.589041 0.176125
  40 0.700003 4.121437 -0.161860 -0.639756 0.573843 0.511289 0.583170 0.170254
  40 0.690003 4.081437 -0.131860 -0.893346 0.323924 0.311459 0.585127 0.176125
knife_butterfly.bmp
  40 0.690003 4.081437 -0.131860 -0.893346 0.323924 0.311459 0.585127 0.176125
  40 0.700003 4.121437 -0.161860 -0.639756 0.573843 0.511289 0.583170 0.170254
  40 0.690003 4.111437 -0.191860 -0.874945 0.380971 0.298886 0.581213 0.172211
knife_butterfly.bmp
  40 0.700003 4.121437 -0.161860 -0.639756 0.573843 0.511289 0.583170 0.170254
  40 0.690003 4.141437 -0.221860 -0.943974 0.284121 0.167895 0.577299 0.168297
  40 0.690003 4.111437 -0.191860 -0.874945 0.380971 0.298886 0.581213 0.172211
knife_butterfly.bmp
  37 1.280000 4.030000 0.259997 0.000000 0.197138 0.980376 0.829746 0.250489
  37 1.100000 3.990000 0.269997 -0.000001 0.519445 0.854504 0.814090 0.246575
  37 1.280000 3.990000 0.269997 -0.000001 0.519445 0.854504 0.829746 0.246575
knife_butterfly.bmp
  37 1.280000 3.990000 0.269997 -0.000001 0.519445 0.854504 0.829746 0.246575
  37 1.100000 3.990000 0.269997 -0.000001 0.519445 0.854504 0.814090 0.246575
  37 1.280000 3.960000 0.299998 0.000000 0.769964 0.638087 0.829746 0.244618
knife_butterfly.bmp
  37 1.100000 3.990000 0.269997 -0.000001 0.519445 0.854504 0.814090 0.246575
  37 1.100000 3.960000 0.299998 0.000000 0.769964 0.638087 0.814090 0.244618
  37 1.280000 3.960000 0.299998 0.000000 0.769964 0.638087 0.829746 0.244618
knife_butterfly.bmp
  37 1.280000 3.960000 0.299998 0.000000 0.769964 0.638087 0.829746 0.244618
  37 1.100000 3.960000 0.299998 0.000000 0.769964 0.638087 0.814090 0.244618
  37 1.280000 3.940000 0.329998 0.000000 0.947601 0.319456 0.829746 0.242661
knife_butterfly.bmp
  37 1.100000 3.960000 0.299998 0.000000 0.769964 0.638087 0.814090 0.244618
  37 1.100000 3.940000 0.329998 0.000000 0.947601 0.319456 0.814090 0.242661
  37 1.280000 3.940000 0.329998 0.000000 0.947601 0.319456 0.829746 0.242661
knife_butterfly.bmp
  37 1.280000 3.940000 0.329998 0.000000 0.947601 0.319456 0.829746 0.242661
  37 1.100000 3.940000 0.329998 0.000000 0.947601 0.319456 0.814090 0.242661
  37 1.280000 3.940000 0.369998 0.000000 0.999714 -0.023896 0.829746 0.238748
knife_butterfly.bmp
  37 1.100000 3.940000 0.329998 0.000000 0.947601 0.319456 0.814090 0.242661
  37 1.100000 3.940000 0.369998 0.000000 0.999714 -0.023896 0.814090 0.238748
  37 1.280000 3.940000 0.369998 0.000000 0.999714 -0.023896 0.829746 0.238748
knife_butterfly.bmp
  37 1.280000 3.940000 0.369998 0.000000 0.999714 -0.023896 0.829746 0.238748
  37 1.100000 3.940000 0.369998 0.000000 0.999714 -0.023896 0.814090 0.238748
  37 1.280000 3.950000 0.409998 0.000000 0.931250 -0.364380 0.829746 0.236791
knife_butterfly.bmp
  37 1.100000 3.940000 0.369998 0.000000 0.999714 -0.023896 0.814090 0.238748
  37 1.100000 3.950000 0.409998 0.000000 0.931250 -0.364380 0.814090 0.236791
  37 1.280000 3.950000 0.409998 0.000000 0.931250 -0.364380 0.829746 0.236791
knife_butterfly.bmp
  37 1.280000 3.950000 0.409998 0.000000 0.931250 -0.364380 0.829746 0.236791
  37 1.100000 3.950000 0.409998 0.000000 0.931250 -0.364380 0.814090 0.236791
  37 1.280000 3.970000 0.439998 -0.000001 0.733595 -0.679587 0.829746 0.232877
knife_butterfly.bmp
  37 1.100000 3.950000 0.409998 0.000000 0.931250 -0.364380 0.814090 0.236791
  37 1.100000 3.970000 0.439998 -0.000001 0.733595 -0.679587 0.814090 0.232877
  37 1.280000 3.970000 0.439998 -0.000001 0.733595 -0.679587 0.829746 0.232877
knife_butterfly.bmp
  37 1.280000 3.970000 0.439998 -0.000001 0.733595 -0.679587 0.829746 0.232877
  37 1.100000 3.970000 0.439998 -0.000001 0.733595 -0.679587 0.814090 0.232877
  37 1.280000 4.000000 0.459997 0.000002 0.479155 -0.877730 0.829746 0.230920
knife_butterfly.bmp
  37 1.100000 3.970000 0.439998 -0.000001 0.733595 -0.679587 0.814090 0.232877
  37 1.100000 4.000000 0.459997 0.000002 0.479155 -0.877730 0.814090 0.230920
  37 1.280000 4.000000 0.459997 0.000002 0.479155 -0.877730 0.829746 0.230920
knife_butterfly.bmp
  37 1.280000 4.000000 0.459997 0.000002 0.479155 -0.877730 0.829746 0.230920
  37 1.100000 4.000000 0.459997 0.000002 0.479155 -0.877730 0.814090 0.230920
  37 1.280000 4.030000 0.479997 0.000003 0.150066 -0.988676 0.829746 0.228963
knife_butterfly.bmp
  37 1.100000 4.000000 0.459997 0.000002 0.479155 -0.877730 0.814090 0.230920
  37 1.100000 4.030000 0.479997 0.000003 0.150066 -0.988676 0.814090 0.228963
  37 1.280000 4.030000 0.479997 0.000003 0.150066 -0.988676 0.829746 0.228963
knife_butterfly.bmp
  37 1.280000 4.030000 0.479997 0.000003 0.150066 -0.988676 0.829746 0.228963
  37 1.100000 4.030000 0.479997 0.000003 0.150066 -0.988676 0.814090 0.228963
  37 1.280000 4.070000 0.479997 0.000005 -0.197140 -0.980375 0.829746 0.225049
knife_butterfly.bmp
  37 1.100000 4.030000 0.479997 0.000003 0.150066 -0.988676 0.814090 0.228963
  37 1.100000 4.070000 0.479997 0.000005 -0.197140 -0.980375 0.814090 0.225049
  37 1.280000 4.070000 0.479997 0.000005 -0.197140 -0.980375 0.829746 0.225049
knife_butterfly.bmp
  37 1.280000 4.070000 0.479997 0.000005 -0.197140 -0.980375 0.829746 0.225049
  37 1.100000 4.070000 0.479997 0.000005 -0.197140 -0.980375 0.814090 0.225049
  37 1.280000 4.100000 0.459997 0.000002 -0.533886 -0.845556 0.829746 0.223092
knife_butterfly.bmp
  37 1.100000 4.070000 0.479997 0.000005 -0.197140 -0.980375 0.814090 0.225049
  37 1.100000 4.100000 0.459997 0.000002 -0.533886 -0.845556 0.814090 0.223092
  37 1.280000 4.100000 0.459997 0.000002 -0.533886 -0.845556 0.829746 0.223092
knife_butterfly.bmp
  37 1.280000 4.100000 0.459997 0.000002 -0.533886 -0.845556 0.829746 0.223092
  37 1.100000 4.100000 0.459997 0.000002 -0.533886 -0.845556 0.814090 0.223092
  37 1.100000 4.130000 0.439997 0.000002 -0.760551 -0.649278 0.814090 0.219178
knife_butterfly.bmp
  37 1.250000 3.989999 -0.080003 0.138258 -0.755277 -0.640657 0.311155 0.244618
  37 1.270000 3.979999 -0.050002 0.682426 -0.533777 -0.499376 0.313112 0.246575
  37 1.250000 3.959999 -0.050002 0.149151 -0.693454 -0.704894 0.313112 0.248532
knife_butterfly.bmp
  37 1.250000 3.959999 -0.050002 0.149151 -0.693454 -0.704894 0.313112 0.248532
  37 1.270000 3.979999 -0.050002 0.682426 -0.533777 -0.499376 0.313112 0.246575
  37 1.270000 3.949999 -0.030002 0.714481 -0.438239 -0.545402 0.317025 0.248532
knife_butterfly.bmp
  37 1.270000 3.979999 -0.050002 0.682426 -0.533777 -0.499376 0.313112 0.246575
  37 1.280000 3.959999 -0.010002 0.945156 -0.208363 -0.251526 0.318982 0.248532
  37 1.270000 3.949999 -0.030002 0.714481 -0.438239 -0.545402 0.317025 0.248532
knife_butterfly.bmp
  37 1.270000 3.949999 -0.030002 0.714481 -0.438239 -0.545402 0.317025 0.248532
  37 1.280000 3.959999 -0.010002 0.945156 -0.208363 -0.251526 0.318982 0.248532
  37 1.270000 3.819999 0.059998 0.707509 -0.376183 -0.598261 0.326810 0.264188
knife_butterfly.bmp
  37 1.280000 3.959999 -0.010002 0.945156 -0.208363 -0.251526 0.318982 0.248532
  37 1.280000 3.829999 0.079998 0.946514 -0.169721 -0.274421 0.328767 0.264188
  37 1.270000 3.819999 0.059998 0.707509 -0.376183 -0.598261 0.326810 0.264188
knife_butterfly.bmp
  37 1.270000 3.819999 0.059998 0.707509 -0.376183 -0.598261 0.326810 0.264188
  37 1.280000 3.829999 0.079998 0.946514 -0.169721 -0.274421 0.328767 0.264188
  37 1.270000 3.719999 0.119998 0.698853 -0.344486 -0.626844 0.332681 0.275930
knife_butterfly.bmp
  37 1.280000 3.829999 0.079998 0.946514 -0.169721 -0.274421 0.328767 0.264188
  37 1.280000 3.719999 0.139998 0.940497 -0.148700 -0.305538 0.336595 0.275930
  37 1.270000 3.719999 0.119998 0.698853 -0.344486 -0.626844 0.332681 0.275930
knife_butterfly.bmp
  37 1.270000 3.719999 0.119998 0.698853 -0.344486 -0.626844 0.332681 0.275930
  37 1.280000 3.719999 0.139998 0.940497 -0.148700 -0.305538 0.336595 0.275930
  37 1.270000 3.609999 0.169998 0.690999 -0.299057 -0.658092 0.340509 0.289628
knife_butterfly.bmp
  37 1.280000 3.719999 0.139998 0.940497 -0.148700 -0.305538 0.336595 0.275930
  37 1.280000 3.609999 0.199998 0.940497 -0.148700 -0.305538 0.342466 0.289628
  37 1.270000 3.609999 0.169998 0.690999 -0.299057 -0.658092 0.340509 0.289628
knife_butterfly.bmp
  37 1.270000 3.609999 0.169998 0.690999 -0.299057 -0.658092 0.340509 0.289628
  37 1.280000 3.609999 0.199998 0.940497 -0.148700 -0.305538 0.342466 0.289628
  37 1.270000 3.410000 0.289998 0.690999 -0.299057 -0.658092 0.350294 0.311155
knife_butterfly.bmp
  37 1.280000 3.609999 0.199998 0.940497 -0.148700 -0.305538 0.342466 0.289628
  37 1.280000 3.410000 0.309998 0.944466 -0.113114 -0.308527 0.354207 0.311155
  37 1.270000 3.410000 0.289998 0.690999 -0.299057 -0.658092 0.350294 0.311155
knife_butterfly.bmp
  37 1.270000 3.410000 0.289998 0.690999 -0.299057 -0.658092 0.350294 0.311155
  37 1.280000 3.410000 0.309998 0.944466 -0.113114 -0.308527 0.354207 0.311155
  37 1.270000 3.210000 0.379998 0.698177 -0.264694 -0.665196 0.362035 0.334638
knife_butterfly.bmp
  37 1.280000 3.410000 0.309998 0.944466 -0.113114 -0.308527 0.354207 0.311155
  37 1.280000 3.210000 0.379998 0.944466 -0.113114 -0.308527 0.363992 0.334638
  37 1.270000 3.210000 0.379998 0.698177 -0.264694 -0.665196 0.362035 0.334638
knife_butterfly.bmp
  37 1.270000 3.210000 0.379998 0.698177 -0.264694 -0.665196 0.362035 0.334638
  37 1.280000 3.210000 0.379998 0.944466 -0.113114 -0.308527 0.363992 0.334638
  37 1.270000 3.010000 0.439998 0.698177 -0.264694 -0.665196 0.371820 0.358121
knife_butterfly.bmp
  37 1.280000 3.210000 0.379998 0.944466 -0.113114 -0.308527 0.363992 0.334638
  37 1.280000 3.010000 0.469998 0.944466 -0.113114 -0.308527 0.373777 0.358121
  37 1.270000 3.010000 0.439998 0.698177 -0.264694 -0.665196 0.371820 0.358121
knife_butterfly.bmp
  37 1.270000 3.010000 0.439998 0.698177 -0.264694 -0.665196 0.371820 0.358121
  37 1.280000 3.010000 0.469998 0.944466 -0.113114 -0.308527 0.373777 0.358121
  37 1.270000 2.810000 0.519998 0.703764 -0.225531 -0.673685 0.379648 0.381605
knife_butterfly.bmp
  37 1.280000 3.010000 0.469998 0.944466 -0.113114 -0.308527 0.373777 0.358121
  37 1.280000 2.810000 0.539998 0.944466 -0.113114 -0.308527 0.383562 0.381605
  37 1.270000 2.810000 0.519998 0.703764 -0.225531 -0.673685 0.379648 0.381605
knife_butterfly.bmp
  37 1.270000 2.810000 0.519998 0.703764 -0.225531 -0.673685 0.379648 0.381605
  37 1.280000 2.810000 0.539998 0.944466 -0.113114 -0.308527 0.383562 0.381605
  37 1.270000 2.600000 0.589998 0.703764 -0.225531 -0.673685 0.389432 0.407045
knife_butterfly.bmp
  37 1.280000 2.810000 0.539998 0.944466 -0.113114 -0.308527 0.383562 0.381605
  37 1.280000 2.600000 0.619998 0.944466 -0.113114 -0.308527 0.391389 0.407045
  37 1.270000 2.600000 0.589998 0.703764 -0.225531 -0.673685 0.389432 0.407045
knife_butterfly.bmp
  37 0.880000 4.100000 0.459997 0.000002 -0.533886 -0.845556 0.812133 0.223092
  37 0.880000 4.070000 0.479997 0.000005 -0.197140 -0.980375 0.812133 0.225049
  37 0.690000 4.100000 0.459997 0.000002 -0.533886 -0.845556 0.798434 0.223092
knife_butterfly.bmp
  37 0.690000 4.100000 0.459997 0.000002 -0.533886 -0.845556 0.798434 0.223092
  37 0.880000 4.070000 0.479997 0.000005 -0.197140 -0.980375 0.812133 0.225049
  37 0.690000 4.070000 0.479997 0.000005 -0.197140 -0.980375 0.798434 0.225049
knife_butterfly.bmp
  37 0.880000 4.070000 0.479997 0.000005 -0.197140 -0.980375 0.812133 0.225049
  37 0.880000 4.030000 0.479997 0.000003 0.150066 -0.988676 0.812133 0.228963
  37 0.690000 4.070000 0.479997 0.000005 -0.197140 -0.980375 0.798434 0.225049
knife_butterfly.bmp
  37 0.690000 4.070000 0.479997 0.000005 -0.197140 -0.980375 0.798434 0.225049
  37 0.880000 4.030000 0.479997 0.000003 0.150066 -0.988676 0.812133 0.228963
  37 0.690000 4.030000 0.479997 0.000003 0.150066 -0.988676 0.798434 0.227006
knife_butterfly.bmp
  37 0.880000 4.030000 0.479997 0.000003 0.150066 -0.988676 0.812133 0.228963
  37 0.880000 4.000000 0.459997 0.000002 0.479155 -0.877730 0.812133 0.230920
  37 0.690000 4.030000 0.479997 0.000003 0.150066 -0.988676 0.798434 0.227006
knife_butterfly.bmp
  37 0.690000 4.030000 0.479997 0.000003 0.150066 -0.988676 0.798434 0.227006
  37 0.880000 4.000000 0.459997 0.000002 0.479155 -0.877730 0.812133 0.230920
  37 0.690000 4.000000 0.459997 0.000002 0.479155 -0.877730 0.798434 0.230920
knife_butterfly.bmp
  37 0.880000 4.000000 0.459997 0.000002 0.479155 -0.877730 0.812133 0.230920
  37 0.880000 3.970000 0.439998 -0.000001 0.733595 -0.679587 0.812133 0.232877
  37 0.690000 4.000000 0.459997 0.000002 0.479155 -0.877730 0.798434 0.230920
knife_butterfly.bmp
  37 0.690000 4.000000 0.459997 0.000002 0.479155 -0.877730 0.798434 0.230920
  37 0.880000 3.970000 0.439998 -0.000001 0.733595 -0.679587 0.812133 0.232877
  37 0.690000 3.970000 0.439998 -0.000001 0.733595 -0.679587 0.798434 0.232877
knife_butterfly.bmp
  37 0.880000 3.970000 0.439998 -0.000001 0.733595 -0.679587 0.812133 0.232877
  37 0.880000 3.950000 0.409998 0.000000 0.931250 -0.364380 0.812133 0.236791
  37 0.690000 3.970000 0.439998 -0.000001 0.733595 -0.679587 0.798434 0.232877
knife_butterfly.bmp
  37 0.690000 3.970000 0.439998 -0.000001 0.733595 -0.679587 0.798434 0.232877
  37 0.880000 3.950000 0.409998 0.000000 0.931250 -0.364380 0.812133 0.236791
  37 0.690000 3.950000 0.409998 0.000000 0.931250 -0.364380 0.796477 0.236791
knife_butterfly.bmp
  37 0.880000 3.950000 0.409998 0.000000 0.931250 -0.364380 0.812133 0.236791
  37 0.880000 3.940000 0.369998 0.000000 0.999714 -0.023896 0.812133 0.238748
  37 0.690000 3.950000 0.409998 0.000000 0.931250 -0.364380 0.796477 0.236791
knife_butterfly.bmp
  37 0.690000 3.950000 0.409998 0.000000 0.931250 -0.364380 0.796477 0.236791
  37 0.880000 3.940000 0.369998 0.000000 0.999714 -0.023896 0.812133 0.238748
  37 0.690000 3.940000 0.369998 0.000000 0.999714 -0.023896 0.796477 0.238748
knife_butterfly.bmp
  37 0.880000 3.940000 0.369998 0.000000 0.999714 -0.023896 0.812133 0.238748
  37 0.880000 3.940000 0.329998 0.000000 0.947601 0.319456 0.812133 0.240705
  37 0.690000 3.940000 0.369998 0.000000 0.999714 -0.023896 0.796477 0.238748
knife_butterfly.bmp
  37 0.690000 3.940000 0.369998 0.000000 0.999714 -0.023896 0.796477 0.238748
  37 0.880000 3.940000 0.329998 0.000000 0.947601 0.319456 0.812133 0.240705
  37 0.690000 3.940000 0.329998 0.000000 0.947601 0.319456 0.796477 0.240705
knife_butterfly.bmp
  37 0.880000 3.940000 0.329998 0.000000 0.947601 0.319456 0.812133 0.240705
  37 0.880000 3.960000 0.299998 0.000000 0.769964 0.638087 0.812133 0.244618
  37 0.690000 3.940000 0.329998 0.000000 0.947601 0.319456 0.796477 0.240705
knife_butterfly.bmp
  37 0.690000 3.940000 0.329998 0.000000 0.947601 0.319456 0.796477 0.240705
  37 0.880000 3.960000 0.299998 0.000000 0.769964 0.638087 0.812133 0.244618
  37 0.690000 3.960000 0.299998 0.000000 0.769964 0.638087 0.796477 0.244618
knife_butterfly.bmp
  37 0.880000 3.960000 0.299998 0.000000 0.769964 0.638087 0.812133 0.244618
  37 0.880000 3.990000 0.269997 -0.000001 0.519445 0.854504 0.812133 0.246575
  37 0.690000 3.960000 0.299998 0.000000 0.769964 0.638087 0.796477 0.244618
knife_butterfly.bmp
  37 0.690000 3.960000 0.299998 0.000000 0.769964 0.638087 0.796477 0.244618
  37 0.880000 3.990000 0.269997 -0.000001 0.519445 0.854504 0.812133 0.246575
  37 0.690000 3.990000 0.269997 -0.000001 0.519445 0.854504 0.796477 0.246575
knife_butterfly.bmp
  37 0.880000 3.990000 0.269997 -0.000001 0.519445 0.854504 0.812133 0.246575
  37 0.690000 4.030000 0.259997 0.000000 0.197138 0.980376 0.796477 0.250489
  37 0.690000 3.990000 0.269997 -0.000001 0.519445 0.854504 0.796477 0.246575
knife_butterfly.bmp
  37 0.690000 2.600000 0.619998 -0.944467 -0.113114 -0.308523 0.389432 0.407045
  37 0.690000 2.810000 0.539998 -0.944467 -0.113114 -0.308523 0.381605 0.381605
  37 0.690000 2.600000 0.589998 -0.699053 -0.247101 -0.671019 0.387476 0.407045
knife_butterfly.bmp
  37 0.690000 2.600000 0.589998 -0.699053 -0.247101 -0.671019 0.387476 0.407045
  37 0.690000 2.810000 0.539998 -0.944467 -0.113114 -0.308523 0.381605 0.381605
  37 0.690000 2.810000 0.519998 -0.699053 -0.247101 -0.671019 0.377691 0.381605
knife_butterfly.bmp
  37 0.690000 2.810000 0.539998 -0.944467 -0.113114 -0.308523 0.381605 0.381605
  37 0.690000 3.010000 0.469998 -0.940500 -0.148697 -0.305529 0.371820 0.358121
  37 0.690000 2.810000 0.519998 -0.699053 -0.247101 -0.671019 0.377691 0.381605
knife_butterfly.bmp
  37 0.690000 2.810000 0.519998 -0.699053 -0.247101 -0.671019 0.377691 0.381605
  37 0.690000 3.010000 0.469998 -0.940500 -0.148697 -0.305529 0.371820 0.358121
  37 0.690000 3.010000 0.439998 -0.699053 -0.247101 -0.671019 0.369863 0.358121
knife_butterfly.bmp
  37 0.690000 3.010000 0.469998 -0.940500 -0.148697 -0.305529 0.371820 0.358121
  37 0.690000 3.210000 0.379998 -0.940500 -0.148697 -0.305529 0.363992 0.334638
  37 0.690000 3.010000 0.439998 -0.699053 -0.247101 -0.671019 0.369863 0.358121
knife_butterfly.bmp
  37 0.690000 3.010000 0.439998 -0.699053 -0.247101 -0.671019 0.369863 0.358121
  37 0.690000 3.210000 0.379998 -0.940500 -0.148697 -0.305529 0.363992 0.334638
  37 0.690000 3.210000 0.379998 -0.691010 -0.299054 -0.658082 0.360078 0.334638
knife_butterfly.bmp
  37 0.690000 3.210000 0.379998 -0.940500 -0.148697 -0.305529 0.363992 0.334638
  37 0.690000 3.410000 0.309998 -0.940500 -0.148697 -0.305529 0.352250 0.311155
  37 0.690000 3.210000 0.379998 -0.691010 -0.299054 -0.658082 0.360078 0.334638
knife_butterfly.bmp
  37 0.690000 3.210000 0.379998 -0.691010 -0.299054 -0.658082 0.360078 0.334638
  37 0.690000 3.410000 0.309998 -0.940500 -0.148697 -0.305529 0.352250 0.311155
  37 0.690000 3.410000 0.289998 -0.691010 -0.299054 -0.658082 0.350294 0.311155
knife_butterfly.bmp
  37 0.690000 3.410000 0.309998 -0.940500 -0.148697 -0.305529 0.352250 0.311155
  37 0.690000 3.609999 0.199998 -0.940500 -0.148697 -0.305529 0.342466 0.289628
  37 0.690000 3.410000 0.289998 -0.691010 -0.299054 -0.658082 0.350294 0.311155
knife_butterfly.bmp
  37 0.690000 3.410000 0.289998 -0.691010 -0.299054 -0.658082 0.350294 0.311155
  37 0.690000 3.609999 0.199998 -0.940500 -0.148697 -0.305529 0.342466 0.289628
  37 0.690000 3.609999 0.169998 -0.698853 -0.344488 -0.626843 0.338552 0.289628
knife_butterfly.bmp
  37 0.690000 3.609999 0.199998 -0.940500 -0.148697 -0.305529 0.342466 0.289628
  37 0.690000 3.719999 0.139998 -0.946518 -0.169712 -0.274410 0.334638 0.275930
  37 0.690000 3.609999 0.169998 -0.698853 -0.344488 -0.626843 0.338552 0.289628
knife_butterfly.bmp
  37 0.690000 3.609999 0.169998 -0.698853 -0.344488 -0.626843 0.338552 0.289628
  37 0.690000 3.719999 0.139998 -0.946518 -0.169712 -0.274410 0.334638 0.275930
  37 0.690000 3.719999 0.119998 -0.698853 -0.344488 -0.626843 0.332681 0.275930
knife_butterfly.bmp
  37 0.690000 3.719999 0.139998 -0.946518 -0.169712 -0.274410 0.334638 0.275930
  37 0.690000 3.829999 0.079998 -0.946518 -0.169712 -0.274410 0.328767 0.264188
  37 0.690000 3.719999 0.119998 -0.698853 -0.344488 -0.626843 0.332681 0.275930
knife_butterfly.bmp
  37 0.690000 3.719999 0.119998 -0.698853 -0.344488 -0.626843 0.332681 0.275930
  37 0.690000 3.829999 0.079998 -0.946518 -0.169712 -0.274410 0.328767 0.264188
  37 0.690000 3.819999 0.059998 -0.707507 -0.376183 -0.598264 0.324853 0.264188
knife_butterfly.bmp
  37 0.690000 3.829999 0.079998 -0.946518 -0.169712 -0.274410 0.328767 0.264188
  37 0.690000 3.959999 -0.010002 -0.945158 -0.208356 -0.251524 0.317025 0.248532
  37 0.690000 3.819999 0.059998 -0.707507 -0.376183 -0.598264 0.324853 0.264188
knife_butterfly.bmp
  37 0.690000 3.819999 0.059998 -0.707507 -0.376183 -0.598264 0.324853 0.264188
  37 0.690000 3.959999 -0.010002 -0.945158 -0.208356 -0.251524 0.317025 0.248532
  37 0.690000 3.949999 -0.030002 -0.714471 -0.438242 -0.545413 0.315068 0.248532
knife_butterfly.bmp
  37 0.690000 3.959999 -0.010002 -0.945158 -0.208356 -0.251524 0.317025 0.248532
  37 0.690000 3.979999 -0.050002 -0.682430 -0.533770 -0.499378 0.311155 0.246575
  37 0.690000 3.949999 -0.030002 -0.714471 -0.438242 -0.545413 0.315068 0.248532
knife_butterfly.bmp
  37 0.690000 3.949999 -0.030002 -0.714471 -0.438242 -0.545413 0.315068 0.248532
  37 0.690000 3.979999 -0.050002 -0.682430 -0.533770 -0.499378 0.311155 0.246575
  37 0.710000 3.959999 -0.050002 -0.149144 -0.693460 -0.704890 0.313112 0.248532
knife_butterfly.bmp
  37 0.690000 3.979999 -0.050002 -0.682430 -0.533770 -0.499378 0.311155 0.246575
  37 0.710000 3.989999 -0.080003 -0.138260 -0.755279 -0.640654 0.309198 0.244618
  37 0.710000 3.959999 -0.050002 -0.149144 -0.693460 -0.704890 0.313112 0.248532
knife_butterfly.bmp
  40 1.260004 3.611436 -0.651858 0.146128 -0.885770 -0.440521 0.526419 0.230920
  40 1.270004 3.611436 -0.611858 0.700009 -0.625369 -0.344821 0.530333 0.230920
  40 1.240003 3.601436 -0.611858 0.139708 -0.852438 -0.503817 0.532290 0.232877
knife_butterfly.bmp
  40 1.240003 3.601436 -0.611858 0.139708 -0.852438 -0.503817 0.532290 0.232877
  40 1.270004 3.611436 -0.611858 0.700009 -0.625369 -0.344821 0.530333 0.230920
  40 1.270003 3.561436 -0.561858 0.711964 -0.458803 -0.531608 0.536204 0.236791
knife_butterfly.bmp
  40 1.270004 3.611436 -0.611858 0.700009 -0.625369 -0.344821 0.530333 0.230920
  40 1.280003 3.581436 -0.541858 0.944081 -0.218336 -0.247063 0.540117 0.234834
  40 1.270003 3.561436 -0.561858 0.711964 -0.458803 -0.531608 0.536204 0.236791
knife_butterfly.bmp
  40 1.270003 3.561436 -0.561858 0.711964 -0.458803 -0.531608 0.536204 0.236791
  40 1.280003 3.581436 -0.541858 0.944081 -0.218336 -0.247063 0.540117 0.234834
  40 1.270003 3.501436 -0.511858 0.703564 -0.375051 -0.603601 0.542074 0.244618
knife_butterfly.bmp
  40 1.280003 3.581436 -0.541858 0.944081 -0.218336 -0.247063 0.540117 0.234834
  40 1.280003 3.511436 -0.491857 0.948934 -0.176940 -0.261184 0.545988 0.242661
  40 1.270003 3.501436 -0.511858 0.703564 -0.375051 -0.603601 0.542074 0.244618
knife_butterfly.bmp
  40 1.270003 3.501436 -0.511858 0.703564 -0.375051 -0.603601 0.542074 0.244618
  40 1.280003 3.511436 -0.491857 0.948934 -0.176940 -0.261184 0.545988 0.242661
  40 1.270003 3.421436 -0.441857 0.703564 -0.375051 -0.603601 0.547945 0.254403
knife_butterfly.bmp
  40 1.280003 3.511436 -0.491857 0.948934 -0.176940 -0.261184 0.545988 0.242661
  40 1.280003 3.431436 -0.421857 0.941222 -0.166610 -0.293840 0.551859 0.252446
  40 1.270003 3.421436 -0.441857 0.703564 -0.375051 -0.603601 0.547945 0.254403
knife_butterfly.bmp
  40 1.270003 3.421436 -0.441857 0.703564 -0.375051 -0.603601 0.547945 0.254403
  40 1.280003 3.431436 -0.421857 0.941222 -0.166610 -0.293840 0.551859 0.252446
  40 1.270003 3.331436 -0.391857 0.690004 -0.333283 -0.642508 0.555773 0.266145
knife_butterfly.bmp
  40 1.280003 3.431436 -0.421857 0.941222 -0.166610 -0.293840 0.551859 0.252446
  40 1.300003 3.331437 -0.361857 0.941222 -0.166610 -0.293840 0.557730 0.264188
  40 1.270003 3.331436 -0.391857 0.690004 -0.333283 -0.642508 0.555773 0.266145
knife_butterfly.bmp
  40 1.270003 3.331436 -0.391857 0.690004 -0.333283 -0.642508 0.555773 0.266145
  40 1.300003 3.331437 -0.361857 0.941222 -0.166610 -0.293840 0.557730 0.264188
  40 1.280003 3.231437 -0.351857 0.690004 -0.333283 -0.642508 0.561644 0.277886
knife_butterfly.bmp
  40 1.300003 3.331437 -0.361857 0.941222 -0.166610 -0.293840 0.557730 0.264188
  40 1.300003 3.231437 -0.321857 0.943039 -0.122232 -0.309414 0.565558 0.277886
  40 1.280003 3.231437 -0.351857 0.690004 -0.333283 -0.642508 0.561644 0.277886
knife_butterfly.bmp
  40 1.280003 3.231437 -0.351857 0.690004 -0.333283 -0.642508 0.561644 0.277886
  40 1.300003 3.231437 -0.321857 0.943039 -0.122232 -0.309414 0.565558 0.277886
  40 1.290003 3.031437 -0.231856 0.691648 -0.296970 -0.658355 0.573386 0.301370
knife_butterfly.bmp
  40 1.300003 3.231437 -0.321857 0.943039 -0.122232 -0.309414 0.565558 0.277886
  40 1.300003 3.031437 -0.211856 0.943039 -0.122232 -0.309414 0.577299 0.301370
  40 1.290003 3.031437 -0.231856 0.691648 -0.296970 -0.658355 0.573386 0.301370
knife_butterfly.bmp
  40 1.290003 3.031437 -0.231856 0.691648 -0.296970 -0.658355 0.573386 0.301370
  40 1.300003 3.031437 -0.211856 0.943039 -0.122232 -0.309414 0.577299 0.301370
  40 1.290003 2.821437 -0.171856 0.699369 -0.243937 -0.671846 0.583170 0.324853
knife_butterfly.bmp
  40 1.300003 3.031437 -0.211856 0.943039 -0.122232 -0.309414 0.577299 0.301370
  40 1.300003 2.821437 -0.141856 0.943039 -0.122232 -0.309414 0.587084 0.324853
  40 1.290003 2.821437 -0.171856 0.699369 -0.243937 -0.671846 0.583170 0.324853
knife_butterfly.bmp
  40 1.290003 2.821437 -0.171856 0.699369 -0.243937 -0.671846 0.583170 0.324853
  40 1.300003 2.821437 -0.141856 0.943039 -0.122232 -0.309414 0.587084 0.324853
  40 1.270002 2.621437 -0.071855 0.699369 -0.243937 -0.671846 0.592955 0.348337
knife_butterfly.bmp
  40 1.300003 2.821437 -0.141856 0.943039 -0.122232 -0.309414 0.587084 0.324853
  40 1.280002 2.621437 -0.051855 0.943039 -0.122232 -0.309414 0.596869 0.348337
  40 1.270002 2.621437 -0.071855 0.699369 -0.243937 -0.671846 0.592955 0.348337
knife_butterfly.bmp
  37 1.250000 3.959999 -0.050002 0.149151 -0.693454 -0.704894 0.313112 0.248532
  37 1.270000 3.949999 -0.030002 0.714481 -0.438239 -0.545402 0.317025 0.248532
  37 1.250000 3.949999 -0.040002 0.160111 -0.608367 -0.777338 0.315068 0.250489
knife_butterfly.bmp
  37 1.250000 3.949999 -0.040002 0.160111 -0.608367 -0.777338 0.315068 0.250489
  37 1.270000 3.949999 -0.030002 0.714481 -0.438239 -0.545402 0.317025 0.248532
  37 1.250000 3.819999 0.049998 0.157888 -0.527464 -0.834777 0.324853 0.264188
knife_butterfly.bmp
  37 1.270000 3.949999 -0.030002 0.714481 -0.438239 -0.545402 0.317025 0.248532
  37 1.270000 3.819999 0.059998 0.707509 -0.376183 -0.598261 0.326810 0.264188
  37 1.250000 3.819999 0.049998 0.157888 -0.527464 -0.834777 0.324853 0.264188
knife_butterfly.bmp
  37 1.250000 3.819999 0.049998 0.157888 -0.527464 -0.834777 0.324853 0.264188
  37 1.270000 3.819999 0.059998 0.707509 -0.376183 -0.598261 0.326810 0.264188
  37 1.250000 3.709999 0.109998 0.153024 -0.478974 -0.864388 0.332681 0.275930
knife_butterfly.bmp
  37 1.270000 3.819999 0.059998 0.707509 -0.376183 -0.598261 0.326810 0.264188
  37 1.270000 3.719999 0.119998 0.698853 -0.344486 -0.626844 0.332681 0.275930
  37 1.250000 3.709999 0.109998 0.153024 -0.478974 -0.864388 0.332681 0.275930
knife_butterfly.bmp
  37 1.250000 3.709999 0.109998 0.153024 -0.478974 -0.864388 0.332681 0.275930
  37 1.270000 3.719999 0.119998 0.698853 -0.344486 -0.626844 0.332681 0.275930
  37 1.250000 3.609999 0.159998 0.148894 -0.441444 -0.884849 0.338552 0.289628
knife_butterfly.bmp
  37 1.270000 3.719999 0.119998 0.698853 -0.344486 -0.626844 0.332681 0.275930
  37 1.270000 3.609999 0.169998 0.690999 -0.299057 -0.658092 0.340509 0.289628
  37 1.250000 3.609999 0.159998 0.148894 -0.441444 -0.884849 0.338552 0.289628
knife_butterfly.bmp
  37 1.250000 3.609999 0.159998 0.148894 -0.441444 -0.884849 0.338552 0.289628
  37 1.270000 3.609999 0.169998 0.690999 -0.299057 -0.658092 0.340509 0.289628
  37 1.250000 3.410000 0.279998 0.148172 -0.409882 -0.900023 0.350294 0.311155
knife_butterfly.bmp
  37 1.270000 3.609999 0.169998 0.690999 -0.299057 -0.658092 0.340509 0.289628
  37 1.270000 3.410000 0.289998 0.690999 -0.299057 -0.658092 0.350294 0.311155
  37 1.250000 3.410000 0.279998 0.148172 -0.409882 -0.900023 0.350294 0.311155
knife_butterfly.bmp
  37 1.250000 3.410000 0.279998 0.148172 -0.409882 -0.900023 0.350294 0.311155
  37 1.270000 3.410000 0.289998 0.690999 -0.299057 -0.658092 0.350294 0.311155
  37 1.250000 3.210000 0.369998 0.148172 -0.409882 -0.900023 0.360078 0.334638
knife_butterfly.bmp
  37 1.270000 3.410000 0.289998 0.690999 -0.299057 -0.658092 0.350294 0.311155
  37 1.270000 3.210000 0.379998 0.698177 -0.264694 -0.665196 0.362035 0.334638
  37 1.250000 3.210000 0.369998 0.148172 -0.409882 -0.900023 0.360078 0.334638
knife_butterfly.bmp
  37 1.250000 3.210000 0.369998 0.148172 -0.409882 -0.900023 0.360078 0.334638
  37 1.270000 3.210000 0.379998 0.698177 -0.264694 -0.665196 0.362035 0.334638
  37 1.250000 3.010000 0.429998 0.152736 -0.365817 -0.918068 0.369863 0.358121
knife_butterfly.bmp
  37 1.270000 3.210000 0.379998 0.698177 -0.264694 -0.665196 0.362035 0.334638
  37 1.270000 3.010000 0.439998 0.698177 -0.264694 -0.665196 0.371820 0.358121
  37 1.250000 3.010000 0.429998 0.152736 -0.365817 -0.918068 0.369863 0.358121
knife_butterfly.bmp
  37 1.250000 3.010000 0.429998 0.152736 -0.365817 -0.918068 0.369863 0.358121
  37 1.270000 3.010000 0.439998 0.698177 -0.264694 -0.665196 0.371820 0.358121
  37 1.250000 2.810000 0.509998 0.152736 -0.365817 -0.918068 0.379648 0.381605
knife_butterfly.bmp
  37 1.270000 3.010000 0.439998 0.698177 -0.264694 -0.665196 0.371820 0.358121
  37 1.270000 2.810000 0.519998 0.703764 -0.225531 -0.673685 0.379648 0.381605
  37 1.250000 2.810000 0.509998 0.152736 -0.365817 -0.918068 0.379648 0.381605
knife_butterfly.bmp
  37 1.250000 2.810000 0.509998 0.152736 -0.365817 -0.918068 0.379648 0.381605
  37 1.270000 2.810000 0.519998 0.703764 -0.225531 -0.673685 0.379648 0.381605
  37 1.250000 2.600000 0.579998 0.156119 -0.313799 -0.936567 0.387476 0.407045
knife_butterfly.bmp
  37 1.270000 2.810000 0.519998 0.703764 -0.225531 -0.673685 0.379648 0.381605
  37 1.270000 2.600000 0.589998 0.703764 -0.225531 -0.673685 0.389432 0.407045
  37 1.250000 2.600000 0.579998 0.156119 -0.313799 -0.936567 0.387476 0.407045
knife_butterfly.bmp
  40 0.670002 2.621437 -0.071856 -0.943024 -0.122244 -0.309454 0.596869 0.348337
  40 0.690003 2.821437 -0.121857 -0.943024 -0.122244 -0.309454 0.587084 0.324853
  40 0.680002 2.621437 -0.091856 -0.699363 -0.243939 -0.671852 0.592955 0.348337
knife_butterfly.bmp
  40 0.680002 2.621437 -0.091856 -0.699363 -0.243939 -0.671852 0.592955 0.348337
  40 0.690003 2.821437 -0.121857 -0.943024 -0.122244 -0.309454 0.587084 0.324853
  40 0.700003 2.821437 -0.151857 -0.699363 -0.243939 -0.671852 0.583170 0.324853
knife_butterfly.bmp
  40 0.690003 2.821437 -0.121857 -0.943024 -0.122244 -0.309454 0.587084 0.324853
  40 0.690003 3.031437 -0.231857 -0.941210 -0.166622 -0.293873 0.577299 0.301370
  40 0.700003 2.821437 -0.151857 -0.699363 -0.243939 -0.671852 0.583170 0.324853
knife_butterfly.bmp
  40 0.700003 2.821437 -0.151857 -0.699363 -0.243939 -0.671852 0.583170 0.324853
  40 0.690003 3.031437 -0.231857 -0.941210 -0.166622 -0.293873 0.577299 0.301370
  40 0.700003 3.031437 -0.251857 -0.691648 -0.296970 -0.658355 0.573386 0.301370
knife_butterfly.bmp
  40 0.690003 3.031437 -0.231857 -0.941210 -0.166622 -0.293873 0.577299 0.301370
  40 0.690003 3.231437 -0.301858 -0.941210 -0.166622 -0.293873 0.565558 0.277886
  40 0.700003 3.031437 -0.251857 -0.691648 -0.296970 -0.658355 0.573386 0.301370
knife_butterfly.bmp
  40 0.700003 3.031437 -0.251857 -0.691648 -0.296970 -0.658355 0.573386 0.301370
  40 0.690003 3.231437 -0.301858 -0.941210 -0.166622 -0.293873 0.565558 0.277886
  40 0.700003 3.231437 -0.341858 -0.694245 -0.360705 -0.622829 0.561644 0.277886
knife_butterfly.bmp
  40 0.690003 3.231437 -0.301858 -0.941210 -0.166622 -0.293873 0.565558 0.277886
  40 0.680003 3.331437 -0.361858 -0.941210 -0.166622 -0.293873 0.557730 0.264188
  40 0.700003 3.231437 -0.341858 -0.694245 -0.360705 -0.622829 0.561644 0.277886
knife_butterfly.bmp
  40 0.700003 3.231437 -0.341858 -0.694245 -0.360705 -0.622829 0.561644 0.277886
  40 0.680003 3.331437 -0.361858 -0.941210 -0.166622 -0.293873 0.557730 0.264188
  40 0.680003 3.331436 -0.391858 -0.694245 -0.360705 -0.622829 0.555773 0.266145
knife_butterfly.bmp
  40 0.680003 3.331437 -0.361858 -0.941210 -0.166622 -0.293873 0.557730 0.264188
  40 0.670003 3.431436 -0.441859 -0.948931 -0.176943 -0.261193 0.551859 0.252446
  40 0.680003 3.331436 -0.391858 -0.694245 -0.360705 -0.622829 0.555773 0.266145
knife_butterfly.bmp
  40 0.680003 3.331436 -0.391858 -0.694245 -0.360705 -0.622829 0.555773 0.266145
  40 0.670003 3.431436 -0.441859 -0.948931 -0.176943 -0.261193 0.551859 0.252446
  40 0.680003 3.421436 -0.461858 -0.712943 -0.396114 -0.578624 0.547945 0.254403
knife_butterfly.bmp
  40 0.670003 3.431436 -0.441859 -0.948931 -0.176943 -0.261193 0.551859 0.252446
  40 0.670003 3.511436 -0.491859 -0.948931 -0.176943 -0.261193 0.545988 0.242661
  40 0.680003 3.421436 -0.461858 -0.712943 -0.396114 -0.578624 0.547945 0.254403
knife_butterfly.bmp
  40 0.680003 3.421436 -0.461858 -0.712943 -0.396114 -0.578624 0.547945 0.254403
  40 0.670003 3.511436 -0.491859 -0.948931 -0.176943 -0.261193 0.545988 0.242661
  40 0.680003 3.501436 -0.511859 -0.712943 -0.396114 -0.578624 0.542074 0.244618
knife_butterfly.bmp
  40 0.670003 3.511436 -0.491859 -0.948931 -0.176943 -0.261193 0.545988 0.242661
  40 0.670003 3.581436 -0.531859 -0.944079 -0.218338 -0.247068 0.540117 0.234834
  40 0.680003 3.501436 -0.511859 -0.712943 -0.396114 -0.578624 0.542074 0.244618
knife_butterfly.bmp
  40 0.680003 3.501436 -0.511859 -0.712943 -0.396114 -0.578624 0.542074 0.244618
  40 0.670003 3.581436 -0.531859 -0.944079 -0.218338 -0.247068 0.540117 0.234834
  40 0.680003 3.561436 -0.561859 -0.711957 -0.458804 -0.531616 0.536204 0.236791
knife_butterfly.bmp
  40 0.670003 3.581436 -0.531859 -0.944079 -0.218338 -0.247068 0.540117 0.234834
  40 0.680003 3.611436 -0.591859 -0.700017 -0.625364 -0.344813 0.530333 0.230920
  40 0.680003 3.561436 -0.561859 -0.711957 -0.458804 -0.531616 0.536204 0.236791
knife_butterfly.bmp
  40 0.680003 3.561436 -0.561859 -0.711957 -0.458804 -0.531616 0.536204 0.236791
  40 0.680003 3.611436 -0.591859 -0.700017 -0.625364 -0.344813 0.530333 0.230920
  40 0.710004 3.601436 -0.611859 -0.139711 -0.852438 -0.503815 0.532290 0.232877
knife_butterfly.bmp
  40 0.680003 3.611436 -0.591859 -0.700017 -0.625364 -0.344813 0.530333 0.230920
  40 0.730004 3.611436 -0.641859 -0.146129 -0.885769 -0.440522 0.526419 0.230920
  40 0.710004 3.601436 -0.611859 -0.139711 -0.852438 -0.503815 0.532290 0.232877
knife_butterfly.bmp
  37 0.690000 2.600000 0.589998 -0.699053 -0.247101 -0.671019 0.387476 0.407045
  37 0.690000 2.810000 0.519998 -0.699053 -0.247101 -0.671019 0.377691 0.381605
  37 0.710000 2.600000 0.579998 -0.153955 -0.341598 -0.927151 0.385519 0.407045
knife_butterfly.bmp
  37 0.710000 2.600000 0.579998 -0.153955 -0.341598 -0.927151 0.385519 0.407045
  37 0.690000 2.810000 0.519998 -0.699053 -0.247101 -0.671019 0.377691 0.381605
  37 0.710000 2.810000 0.509998 -0.153955 -0.341598 -0.927151 0.377691 0.381605
knife_butterfly.bmp
  37 0.690000 2.810000 0.519998 -0.699053 -0.247101 -0.671019 0.377691 0.381605
  37 0.690000 3.010000 0.439998 -0.699053 -0.247101 -0.671019 0.369863 0.358121
  37 0.710000 2.810000 0.509998 -0.153955 -0.341598 -0.927151 0.377691 0.381605
knife_butterfly.bmp
  37 0.710000 2.810000 0.509998 -0.153955 -0.341598 -0.927151 0.377691 0.381605
  37 0.690000 3.010000 0.439998 -0.699053 -0.247101 -0.671019 0.369863 0.358121
  37 0.710000 3.010000 0.429998 -0.153955 -0.341598 -0.927151 0.367906 0.358121
knife_butterfly.bmp
  37 0.690000 3.010000 0.439998 -0.699053 -0.247101 -0.671019 0.369863 0.358121
  37 0.690000 3.210000 0.379998 -0.691010 -0.299054 -0.658082 0.360078 0.334638
  37 0.710000 3.010000 0.429998 -0.153955 -0.341598 -0.927151 0.367906 0.358121
knife_butterfly.bmp
  37 0.710000 3.010000 0.429998 -0.153955 -0.341598 -0.927151 0.367906 0.358121
  37 0.690000 3.210000 0.379998 -0.691010 -0.299054 -0.658082 0.360078 0.334638
  37 0.710000 3.210000 0.369998 -0.148183 -0.409883 -0.900021 0.358121 0.334638
knife_butterfly.bmp
  37 0.690000 3.210000 0.379998 -0.691010 -0.299054 -0.658082 0.360078 0.334638
  37 0.690000 3.410000 0.289998 -0.691010 -0.299054 -0.658082 0.350294 0.311155
  37 0.710000 3.210000 0.369998 -0.148183 -0.409883 -0.900021 0.358121 0.334638
knife_butterfly.bmp
  37 0.710000 3.210000 0.369998 -0.148183 -0.409883 -0.900021 0.358121 0.334638
  37 0.690000 3.410000 0.289998 -0.691010 -0.299054 -0.658082 0.350294 0.311155
  37 0.710000 3.410000 0.279998 -0.148183 -0.409883 -0.900021 0.348337 0.311155
knife_butterfly.bmp
  37 0.690000 3.410000 0.289998 -0.691010 -0.299054 -0.658082 0.350294 0.311155
  37 0.690000 3.609999 0.169998 -0.698853 -0.344488 -0.626843 0.338552 0.289628
  37 0.710000 3.410000 0.279998 -0.148183 -0.409883 -0.900021 0.348337 0.311155
knife_butterfly.bmp
  37 0.710000 3.410000 0.279998 -0.148183 -0.409883 -0.900021 0.348337 0.311155
  37 0.690000 3.609999 0.169998 -0.698853 -0.344488 -0.626843 0.338552 0.289628
  37 0.710000 3.609999 0.159998 -0.148882 -0.441445 -0.884850 0.338552 0.289628
knife_butterfly.bmp
  37 0.690000 3.609999 0.169998 -0.698853 -0.344488 -0.626843 0.338552 0.289628
  37 0.690000 3.719999 0.119998 -0.698853 -0.344488 -0.626843 0.332681 0.275930
  37 0.710000 3.609999 0.159998 -0.148882 -0.441445 -0.884850 0.338552 0.289628
knife_butterfly.bmp
  37 0.710000 3.609999 0.159998 -0.148882 -0.441445 -0.884850 0.338552 0.289628
  37 0.690000 3.719999 0.119998 -0.698853 -0.344488 -0.626843 0.332681 0.275930
  37 0.710000 3.709999 0.109998 -0.153022 -0.478977 -0.864387 0.330724 0.275930
knife_butterfly.bmp
  37 0.690000 3.719999 0.119998 -0.698853 -0.344488 -0.626843 0.332681 0.275930
  37 0.690000 3.819999 0.059998 -0.707507 -0.376183 -0.598264 0.324853 0.264188
  37 0.710000 3.709999 0.109998 -0.153022 -0.478977 -0.864387 0.330724 0.275930
knife_butterfly.bmp
  37 0.710000 3.709999 0.109998 -0.153022 -0.478977 -0.864387 0.330724 0.275930
  37 0.690000 3.819999 0.059998 -0.707507 -0.376183 -0.598264 0.324853 0.264188
  37 0.710000 3.819999 0.049998 -0.157874 -0.527463 -0.834780 0.324853 0.264188
knife_butterfly.bmp
  37 0.690000 3.819999 0.059998 -0.707507 -0.376183 -0.598264 0.324853 0.264188
  37 0.690000 3.949999 -0.030002 -0.714471 -0.438242 -0.545413 0.315068 0.248532
  37 0.710000 3.819999 0.049998 -0.157874 -0.527463 -0.834780 0.324853 0.264188
knife_butterfly.bmp
  37 0.710000 3.819999 0.049998 -0.157874 -0.527463 -0.834780 0.324853 0.264188
  37 0.690000 3.949999 -0.030002 -0.714471 -0.438242 -0.545413 0.315068 0.248532
  37 0.710000 3.949999 -0.040002 -0.160088 -0.608379 -0.777333 0.315068 0.250489
knife_butterfly.bmp
  37 0.690000 3.949999 -0.030002 -0.714471 -0.438242 -0.545413 0.315068 0.248532
  37 0.710000 3.959999 -0.050002 -0.149144 -0.693460 -0.704890 0.313112 0.248532
  37 0.710000 3.949999 -0.040002 -0.160088 -0.608379 -0.777333 0.315068 0.250489
knife_butterfly.bmp
  40 0.710001 2.851439 0.488143 -0.000005 0.370356 0.928890 0.888454 0.369863
  40 0.870001 3.051438 0.428143 -0.000005 0.370356 0.928890 0.870841 0.346380
  40 0.710001 3.051438 0.408143 -0.000005 0.370356 0.928890 0.888454 0.346380
knife_butterfly.bmp
  40 0.710001 3.051438 0.408143 -0.000005 0.370356 0.928890 0.888454 0.346380
  40 0.870001 3.051438 0.428143 -0.000005 0.370356 0.928890 0.870841 0.346380
  40 0.730002 3.251438 0.348142 -0.000005 0.370356 0.928890 0.888454 0.322896
knife_butterfly.bmp
  40 0.870001 3.051438 0.428143 -0.000005 0.370356 0.928890 0.870841 0.346380
  40 0.890002 3.251438 0.328142 -0.000005 0.370356 0.928890 0.870841 0.322896
  40 0.730002 3.251438 0.348142 -0.000005 0.370356 0.928890 0.888454 0.322896
knife_butterfly.bmp
  40 0.730002 3.251438 0.348142 -0.000005 0.370356 0.928890 0.888454 0.322896
  40 0.890002 3.251438 0.328142 -0.000005 0.370356 0.928890 0.870841 0.322896
  40 0.730002 3.441438 0.248142 -0.000005 0.370356 0.928890 0.888454 0.301370
knife_butterfly.bmp
  40 0.890002 3.251438 0.328142 -0.000005 0.370356 0.928890 0.870841 0.322896
  40 0.890002 3.441438 0.268142 -0.000005 0.370356 0.928890 0.870841 0.301370
  40 0.730002 3.441438 0.248142 -0.000005 0.370356 0.928890 0.888454 0.301370
knife_butterfly.bmp
  40 0.730002 3.441438 0.248142 -0.000005 0.370356 0.928890 0.888454 0.301370
  40 0.890002 3.441438 0.268142 -0.000005 0.370356 0.928890 0.870841 0.301370
  40 0.730002 3.611438 0.188141 -0.000001 0.416364 0.909198 0.888454 0.281800
knife_butterfly.bmp
  40 0.890002 3.441438 0.268142 -0.000005 0.370356 0.928890 0.870841 0.301370
  40 0.890002 3.611438 0.178141 -0.000001 0.416364 0.909198 0.870841 0.281800
  40 0.730002 3.611438 0.188141 -0.000001 0.416364 0.909198 0.888454 0.281800
knife_butterfly.bmp
  40 0.730002 3.611438 0.188141 -0.000001 0.416364 0.909198 0.888454 0.281800
  40 0.890002 3.611438 0.178141 -0.000001 0.416364 0.909198 0.870841 0.281800
  40 0.710002 3.761438 0.098141 0.000001 0.460516 0.887651 0.888454 0.264188
knife_butterfly.bmp
  40 0.890002 3.611438 0.178141 -0.000001 0.416364 0.909198 0.870841 0.281800
  40 0.870002 3.761438 0.118141 0.000001 0.460516 0.887651 0.870841 0.264188
  40 0.710002 3.761438 0.098141 0.000001 0.460516 0.887651 0.888454 0.264188
knife_butterfly.bmp
  40 0.710002 3.761438 0.098141 0.000001 0.460516 0.887651 0.888454 0.264188
  40 0.870002 3.761438 0.118141 0.000001 0.460516 0.887651 0.870841 0.264188
  40 0.710002 3.901438 0.028140 0.000000 0.535658 0.844435 0.888454 0.248532
knife_butterfly.bmp
  40 0.870002 3.761438 0.118141 0.000001 0.460516 0.887651 0.870841 0.264188
  40 0.870002 3.901438 0.028141 0.000000 0.535658 0.844435 0.870841 0.248532
  40 0.710002 3.901438 0.028140 0.000000 0.535658 0.844435 0.888454 0.248532
knife_butterfly.bmp
  40 0.710002 3.901438 0.028140 0.000000 0.535658 0.844435 0.888454 0.248532
  40 0.870002 3.901438 0.028141 0.000000 0.535658 0.844435 0.870841 0.248532
  40 0.710002 4.021437 -0.041860 -0.000002 0.638808 0.769366 0.888454 0.232877
knife_butterfly.bmp
  40 0.870002 3.901438 0.028141 0.000000 0.535658 0.844435 0.870841 0.248532
  40 0.870002 4.021437 -0.061860 -0.000002 0.638808 0.769366 0.870841 0.232877
  40 0.710002 4.021437 -0.041860 -0.000002 0.638808 0.769366 0.888454 0.232877
knife_butterfly.bmp
  40 0.710002 4.021437 -0.041860 -0.000002 0.638808 0.769366 0.888454 0.232877
  40 0.870002 4.021437 -0.061860 -0.000002 0.638808 0.769366 0.870841 0.232877
  40 0.710002 4.081437 -0.101860 -0.000003 0.701999 0.712178 0.888454 0.223092
knife_butterfly.bmp
  40 0.870002 4.021437 -0.061860 -0.000002 0.638808 0.769366 0.870841 0.232877
  40 0.880003 4.081437 -0.121860 -0.000003 0.701999 0.712178 0.870841 0.223092
  40 0.710002 4.081437 -0.101860 -0.000003 0.701999 0.712178 0.888454 0.223092
knife_butterfly.bmp
  40 0.710002 4.081437 -0.101860 -0.000003 0.701999 0.712178 0.888454 0.223092
  40 0.880003 4.081437 -0.121860 -0.000003 0.701999 0.712178 0.870841 0.223092
  40 0.890003 4.121437 -0.151860 -0.000006 0.733496 0.679694 0.870841 0.217221
knife_butterfly.bmp
  40 1.240003 3.601436 -0.611858 0.139708 -0.852438 -0.503817 0.532290 0.232877
  40 1.270003 3.561436 -0.561858 0.711964 -0.458803 -0.531608 0.536204 0.236791
  40 1.240003 3.561436 -0.571858 0.158964 -0.635928 -0.755199 0.536204 0.238748
knife_butterfly.bmp
  40 1.240003 3.561436 -0.571858 0.158964 -0.635928 -0.755199 0.536204 0.238748
  40 1.270003 3.561436 -0.561858 0.711964 -0.458803 -0.531608 0.536204 0.236791
  40 1.240003 3.501436 -0.521858 0.162237 -0.557823 -0.813949 0.542074 0.244618
knife_butterfly.bmp
  40 1.270003 3.561436 -0.561858 0.711964 -0.458803 -0.531608 0.536204 0.236791
  40 1.270003 3.501436 -0.511858 0.703564 -0.375051 -0.603601 0.542074 0.244618
  40 1.240003 3.501436 -0.521858 0.162237 -0.557823 -0.813949 0.542074 0.244618
knife_butterfly.bmp
  40 1.240003 3.501436 -0.521858 0.162237 -0.557823 -0.813949 0.542074 0.244618
  40 1.270003 3.501436 -0.511858 0.703564 -0.375051 -0.603601 0.542074 0.244618
  40 1.240003 3.421436 -0.451857 0.157559 -0.524185 -0.836902 0.547945 0.254403
knife_butterfly.bmp
  40 1.270003 3.501436 -0.511858 0.703564 -0.375051 -0.603601 0.542074 0.244618
  40 1.270003 3.421436 -0.441857 0.703564 -0.375051 -0.603601 0.547945 0.254403
  40 1.240003 3.421436 -0.451857 0.157559 -0.524185 -0.836902 0.547945 0.254403
knife_butterfly.bmp
  40 1.240003 3.421436 -0.451857 0.157559 -0.524185 -0.836902 0.547945 0.254403
  40 1.270003 3.421436 -0.441857 0.703564 -0.375051 -0.603601 0.547945 0.254403
  40 1.240003 3.321437 -0.401857 0.125900 -0.511302 -0.850129 0.553816 0.266145
knife_butterfly.bmp
  40 1.270003 3.421436 -0.441857 0.703564 -0.375051 -0.603601 0.547945 0.254403
  40 1.270003 3.331436 -0.391857 0.690004 -0.333283 -0.642508 0.555773 0.266145
  40 1.240003 3.321437 -0.401857 0.125900 -0.511302 -0.850129 0.553816 0.266145
knife_butterfly.bmp
  40 1.240003 3.321437 -0.401857 0.125900 -0.511302 -0.850129 0.553816 0.266145
  40 1.270003 3.331436 -0.391857 0.690004 -0.333283 -0.642508 0.555773 0.266145
  40 1.250003 3.231437 -0.361857 0.146754 -0.458463 -0.876513 0.561644 0.277886
knife_butterfly.bmp
  40 1.270003 3.331436 -0.391857 0.690004 -0.333283 -0.642508 0.555773 0.266145
  40 1.280003 3.231437 -0.351857 0.690004 -0.333283 -0.642508 0.561644 0.277886
  40 1.250003 3.231437 -0.361857 0.146754 -0.458463 -0.876513 0.561644 0.277886
knife_butterfly.bmp
  40 1.250003 3.231437 -0.361857 0.146754 -0.458463 -0.876513 0.561644 0.277886
  40 1.280003 3.231437 -0.351857 0.690004 -0.333283 -0.642508 0.561644 0.277886
  40 1.260003 3.031437 -0.241856 0.147610 -0.407698 -0.901107 0.571429 0.301370
knife_butterfly.bmp
  40 1.280003 3.231437 -0.351857 0.690004 -0.333283 -0.642508 0.561644 0.277886
  40 1.290003 3.031437 -0.231856 0.691648 -0.296970 -0.658355 0.573386 0.301370
  40 1.260003 3.031437 -0.241856 0.147610 -0.407698 -0.901107 0.571429 0.301370
knife_butterfly.bmp
  40 1.260003 3.031437 -0.241856 0.147610 -0.407698 -0.901107 0.571429 0.301370
  40 1.290003 3.031437 -0.231856 0.691648 -0.296970 -0.658355 0.573386 0.301370
  40 1.260003 2.821437 -0.181856 0.151889 -0.366012 -0.918131 0.583170 0.324853
knife_butterfly.bmp
  40 1.290003 3.031437 -0.231856 0.691648 -0.296970 -0.658355 0.573386 0.301370
  40 1.290003 2.821437 -0.171856 0.699369 -0.243937 -0.671846 0.583170 0.324853
  40 1.260003 2.821437 -0.181856 0.151889 -0.366012 -0.918131 0.583170 0.324853
knife_butterfly.bmp
  40 1.260003 2.821437 -0.181856 0.151889 -0.366012 -0.918131 0.583170 0.324853
  40 1.290003 2.821437 -0.171856 0.699369 -0.243937 -0.671846 0.583170 0.324853
  40 1.240002 2.621437 -0.081855 0.151889 -0.366012 -0.918131 0.590998 0.348337
knife_butterfly.bmp
  40 1.290003 2.821437 -0.171856 0.699369 -0.243937 -0.671846 0.583170 0.324853
  40 1.270002 2.621437 -0.071855 0.699369 -0.243937 -0.671846 0.592955 0.348337
  40 1.240002 2.621437 -0.081855 0.151889 -0.366012 -0.918131 0.590998 0.348337
knife_butterfly.bmp
  40 1.240001 3.051438 0.408144 -0.000005 0.370356 0.928890 0.853229 0.346380
  40 1.260002 3.251438 0.328143 -0.000005 0.370356 0.928890 0.853229 0.322896
  40 1.080001 3.051438 0.408143 -0.000005 0.370356 0.928890 0.870841 0.346380
knife_butterfly.bmp
  40 1.080001 3.051438 0.408143 -0.000005 0.370356 0.928890 0.870841 0.346380
  40 1.260002 3.251438 0.328143 -0.000005 0.370356 0.928890 0.853229 0.322896
  40 1.100002 3.251438 0.338143 -0.000005 0.370356 0.928890 0.870841 0.322896
knife_butterfly.bmp
  40 1.260002 3.251438 0.328143 -0.000005 0.370356 0.928890 0.853229 0.322896
  40 1.260002 3.441438 0.248143 -0.000005 0.370356 0.928890 0.853229 0.301370
  40 1.100002 3.251438 0.338143 -0.000005 0.370356 0.928890 0.870841 0.322896
knife_butterfly.bmp
  40 1.100002 3.251438 0.338143 -0.000005 0.370356 0.928890 0.870841 0.322896
  40 1.260002 3.441438 0.248143 -0.000005 0.370356 0.928890 0.853229 0.301370
  40 1.100002 3.441438 0.248142 -0.000005 0.370356 0.928890 0.870841 0.301370
knife_butterfly.bmp
  40 1.260002 3.441438 0.248143 -0.000005 0.370356 0.928890 0.853229 0.301370
  40 1.260002 3.611438 0.178142 -0.000001 0.416364 0.909198 0.853229 0.281800
  40 1.100002 3.441438 0.248142 -0.000005 0.370356 0.928890 0.870841 0.301370
knife_butterfly.bmp
  40 1.100002 3.441438 0.248142 -0.000005 0.370356 0.928890 0.870841 0.301370
  40 1.260002 3.611438 0.178142 -0.000001 0.416364 0.909198 0.853229 0.281800
  40 1.100002 3.611438 0.198142 -0.000001 0.416364 0.909198 0.870841 0.281800
knife_butterfly.bmp
  40 1.260002 3.611438 0.178142 -0.000001 0.416364 0.909198 0.853229 0.281800
  40 1.250002 3.761438 0.118142 0.000001 0.460516 0.887651 0.853229 0.264188
  40 1.100002 3.611438 0.198142 -0.000001 0.416364 0.909198 0.870841 0.281800
knife_butterfly.bmp
  40 1.100002 3.611438 0.198142 -0.000001 0.416364 0.909198 0.870841 0.281800
  40 1.250002 3.761438 0.118142 0.000001 0.460516 0.887651 0.853229 0.264188
  40 1.100002 3.761438 0.098141 0.000001 0.460516 0.887651 0.870841 0.264188
knife_butterfly.bmp
  40 1.250002 3.761438 0.118142 0.000001 0.460516 0.887651 0.853229 0.264188
  40 1.240002 3.901438 0.028141 0.000000 0.535658 0.844435 0.853229 0.248532
  40 1.100002 3.761438 0.098141 0.000001 0.460516 0.887651 0.870841 0.264188
knife_butterfly.bmp
  40 1.100002 3.761438 0.098141 0.000001 0.460516 0.887651 0.870841 0.264188
  40 1.240002 3.901438 0.028141 0.000000 0.535658 0.844435 0.853229 0.248532
  40 1.080002 3.901438 0.028141 0.000000 0.535658 0.844435 0.870841 0.248532
knife_butterfly.bmp
  40 1.240002 3.901438 0.028141 0.000000 0.535658 0.844435 0.853229 0.248532
  40 1.240002 4.021437 -0.061859 -0.000002 0.638808 0.769366 0.853229 0.232877
  40 1.080002 3.901438 0.028141 0.000000 0.535658 0.844435 0.870841 0.248532
knife_butterfly.bmp
  40 1.080002 3.901438 0.028141 0.000000 0.535658 0.844435 0.870841 0.248532
  40 1.240002 4.021437 -0.061859 -0.000002 0.638808 0.769366 0.853229 0.232877
  40 1.080002 4.021437 -0.041859 -0.000002 0.638808 0.769366 0.870841 0.232877
knife_butterfly.bmp
  40 1.240002 4.021437 -0.061859 -0.000002 0.638808 0.769366 0.853229 0.232877
  40 1.250002 4.081437 -0.101859 -0.000003 0.701999 0.712178 0.853229 0.223092
  40 1.080002 4.021437 -0.041859 -0.000002 0.638808 0.769366 0.870841 0.232877
knife_butterfly.bmp
  40 1.080002 4.021437 -0.041859 -0.000002 0.638808 0.769366 0.870841 0.232877
  40 1.250002 4.081437 -0.101859 -0.000003 0.701999 0.712178 0.853229 0.223092
  40 1.100003 4.081437 -0.121859 -0.000003 0.701999 0.712178 0.870841 0.223092
knife_butterfly.bmp
  40 1.250002 4.081437 -0.101859 -0.000003 0.701999 0.712178 0.853229 0.223092
  40 1.100003 4.121437 -0.161859 -0.000006 0.733496 0.679694 0.870841 0.217221
  40 1.100003 4.081437 -0.121859 -0.000003 0.701999 0.712178 0.870841 0.223092
knife_butterfly.bmp
  40 1.300002 3.051438 0.378144 1.000000 0.000000 0.000002 0.647750 0.297456
  40 1.280002 3.211438 0.088143 1.000000 0.000000 0.000002 0.614481 0.279843
  40 1.300002 3.251438 0.288143 1.000000 0.000000 0.000002 0.637965 0.273973
knife_butterfly.bmp
  40 1.300002 3.051438 0.378144 1.000000 0.000000 0.000002 0.647750 0.297456
  40 1.280002 3.171438 0.088143 1.000000 0.000000 0.000002 0.614481 0.283757
  40 1.280002 3.211438 0.088143 1.000000 0.000000 0.000002 0.614481 0.279843
knife_butterfly.bmp
  40 1.300002 3.051438 0.378144 1.000000 0.000000 0.000002 0.647750 0.297456
  40 1.280002 3.141438 0.078143 1.000000 0.000000 0.000002 0.612524 0.287671
  40 1.280002 3.171438 0.088143 1.000000 0.000000 0.000002 0.614481 0.283757
knife_butterfly.bmp
  40 1.300002 3.051438 0.378144 1.000000 0.000000 0.000002 0.647750 0.297456
  40 1.280002 3.111438 0.058144 1.000000 0.000000 0.000002 0.610568 0.291585
  40 1.280002 3.141438 0.078143 1.000000 0.000000 0.000002 0.612524 0.287671
knife_butterfly.bmp
  40 1.300002 3.051438 0.378144 1.000000 0.000000 0.000002 0.647750 0.297456
  40 1.280002 3.091438 0.018144 1.000000 0.000000 0.000002 0.606654 0.293542
  40 1.280002 3.111438 0.058144 1.000000 0.000000 0.000002 0.610568 0.291585
knife_butterfly.bmp
  40 1.300002 3.051438 0.378144 1.000000 0.000000 0.000002 0.647750 0.297456
  40 1.300003 3.031437 -0.211856 1.000000 0.000000 0.000002 0.577299 0.301370
  40 1.280002 3.091438 0.018144 1.000000 0.000000 0.000002 0.606654 0.293542
knife_butterfly.bmp
  40 1.300002 3.051438 0.378144 1.000000 0.000000 0.000002 0.647750 0.297456
  40 1.300003 2.821437 -0.141856 1.000000 0.000000 0.000002 0.587084 0.324853
  40 1.300003 3.031437 -0.211856 1.000000 0.000000 0.000002 0.577299 0.301370
knife_butterfly.bmp
  40 1.300002 3.051438 0.378144 1.000000 0.000000 0.000002 0.647750 0.297456
  40 1.280002 2.931438 0.128144 1.000000 0.000000 0.000002 0.616438 0.313112
  40 1.300003 2.821437 -0.141856 1.000000 0.000000 0.000002 0.587084 0.324853
knife_butterfly.bmp
  40 1.300002 3.051438 0.378144 1.000000 0.000000 0.000002 0.647750 0.297456
  40 1.300002 2.931438 0.168144 1.000000 0.000000 0.000002 0.622309 0.313112
  40 1.280002 2.931438 0.128144 1.000000 0.000000 0.000002 0.616438 0.313112
knife_butterfly.bmp
  40 1.300002 3.051438 0.378144 1.000000 0.000000 0.000002 0.647750 0.297456
  40 1.300002 2.931438 0.208144 1.000000 0.000000 0.000002 0.626223 0.313112
  40 1.300002 2.931438 0.168144 1.000000 0.000000 0.000002 0.622309 0.313112
knife_butterfly.bmp
  40 1.300002 3.051438 0.378144 1.000000 0.000000 0.000002 0.647750 0.297456
  40 1.300002 2.911438 0.238144 1.000000 0.000000 0.000002 0.630137 0.315068
  40 1.300002 2.931438 0.208144 1.000000 0.000000 0.000002 0.626223 0.313112
knife_butterfly.bmp
  40 1.300002 3.051438 0.378144 1.000000 0.000000 0.000002 0.647750 0.297456
  40 1.300002 2.881438 0.248144 1.000000 0.000000 0.000002 0.632094 0.318982
  40 1.300002 2.911438 0.238144 1.000000 0.000000 0.000002 0.630137 0.315068
knife_butterfly.bmp
  40 1.300002 3.051438 0.378144 1.000000 0.000000 0.000002 0.647750 0.297456
  40 1.300002 2.841438 0.258144 1.000000 0.000000 0.000002 0.634051 0.322896
  40 1.300002 2.881438 0.248144 1.000000 0.000000 0.000002 0.632094 0.318982
knife_butterfly.bmp
  40 1.300002 3.051438 0.378144 1.000000 0.000000 0.000002 0.647750 0.297456
  40 1.300002 2.841438 0.258144 1.000000 0.000000 0.000002 0.634051 0.322896
  40 1.300002 2.841438 0.258144 1.000000 0.000000 0.000002 0.634051 0.322896
knife_butterfly.bmp
  40 1.300002 3.051438 0.378144 1.000000 0.000000 0.000002 0.647750 0.297456
  40 1.280001 2.851439 0.458144 1.000000 0.000000 0.000002 0.657534 0.322896
  40 1.300002 2.841438 0.258144 1.000000 0.000000 0.000002 0.634051 0.322896
knife_butterfly.bmp
  40 0.680002 3.051438 0.378142 -1.000000 -0.000001 -0.000026 0.647750 0.297456
  40 0.690002 2.841438 0.278143 -1.000000 -0.000001 -0.000026 0.634051 0.322896
  40 0.670001 2.851439 0.468143 -1.000000 -0.000001 -0.000026 0.657534 0.322896
knife_butterfly.bmp
  40 0.680002 3.051438 0.378142 -1.000000 -0.000001 -0.000026 0.647750 0.297456
  40 0.690002 2.841438 0.278143 -1.000000 -0.000001 -0.000026 0.634051 0.322896
  40 0.690002 2.841438 0.278143 -1.000000 -0.000001 -0.000026 0.634051 0.322896
knife_butterfly.bmp
  40 0.680002 3.051438 0.378142 -1.000000 -0.000001 -0.000026 0.647750 0.297456
  40 0.690002 2.881438 0.268143 -1.000000 -0.000001 -0.000026 0.632094 0.318982
  40 0.690002 2.841438 0.278143 -1.000000 -0.000001 -0.000026 0.634051 0.322896
knife_butterfly.bmp
  40 0.680002 3.051438 0.378142 -1.000000 -0.000001 -0.000026 0.647750 0.297456
  40 0.690002 2.911438 0.238143 -1.000000 -0.000001 -0.000026 0.630137 0.315068
  40 0.690002 2.881438 0.268143 -1.000000 -0.000001 -0.000026 0.632094 0.318982
knife_butterfly.bmp
  40 0.680002 3.051438 0.378142 -1.000000 -0.000001 -0.000026 0.647750 0.297456
  40 0.690002 2.931438 0.208143 -1.000000 -0.000001 -0.000026 0.626223 0.313112
  40 0.690002 2.911438 0.238143 -1.000000 -0.000001 -0.000026 0.630137 0.315068
knife_butterfly.bmp
  40 0.680002 3.051438 0.378142 -1.000000 -0.000001 -0.000026 0.647750 0.297456
  40 0.690002 2.931438 0.168143 -1.000000 -0.000001 -0.000026 0.622309 0.313112
  40 0.690002 2.931438 0.208143 -1.000000 -0.000001 -0.000026 0.626223 0.313112
knife_butterfly.bmp
  40 0.680002 3.051438 0.378142 -1.000000 -0.000001 -0.000026 0.647750 0.297456
  40 0.670002 2.931438 0.128143 -1.000000 -0.000001 -0.000026 0.616438 0.313112
  40 0.690002 2.931438 0.168143 -1.000000 -0.000001 -0.000026 0.622309 0.313112
knife_butterfly.bmp
  40 0.680002 3.051438 0.378142 -1.000000 -0.000001 -0.000026 0.647750 0.297456
  40 0.690003 2.821437 -0.121857 -1.000000 -0.000001 -0.000026 0.587084 0.324853
  40 0.670002 2.931438 0.128143 -1.000000 -0.000001 -0.000026 0.616438 0.313112
knife_butterfly.bmp
  40 0.680002 3.051438 0.378142 -1.000000 -0.000001 -0.000026 0.647750 0.297456
  40 0.690003 3.031437 -0.231857 -1.000000 -0.000001 -0.000026 0.577299 0.301370
  40 0.690003 2.821437 -0.121857 -1.000000 -0.000001 -0.000026 0.587084 0.324853
knife_butterfly.bmp
  40 0.680002 3.051438 0.378142 -1.000000 -0.000001 -0.000026 0.647750 0.297456
  40 0.670002 3.091438 0.018142 -1.000000 -0.000001 -0.000026 0.606654 0.293542
  40 0.690003 3.031437 -0.231857 -1.000000 -0.000001 -0.000026 0.577299 0.301370
knife_butterfly.bmp
  40 0.680002 3.051438 0.378142 -1.000000 -0.000001 -0.000026 0.647750 0.297456
  40 0.670002 3.111438 0.058142 -1.000000 -0.000001 -0.000026 0.610568 0.291585
  40 0.670002 3.091438 0.018142 -1.000000 -0.000001 -0.000026 0.606654 0.293542
knife_butterfly.bmp
  40 0.680002 3.051438 0.378142 -1.000000 -0.000001 -0.000026 0.647750 0.297456
  40 0.670002 3.141438 0.078142 -1.000000 -0.000001 -0.000026 0.612524 0.287671
  40 0.670002 3.111438 0.058142 -1.000000 -0.000001 -0.000026 0.610568 0.291585
knife_butterfly.bmp
  40 0.680002 3.051438 0.378142 -1.000000 -0.000001 -0.000026 0.647750 0.297456
  40 0.670002 3.171438 0.088142 -1.000000 -0.000001 -0.000026 0.614481 0.283757
  40 0.670002 3.141438 0.078142 -1.000000 -0.000001 -0.000026 0.612524 0.287671
knife_butterfly.bmp
  40 0.680002 3.051438 0.378142 -1.000000 -0.000001 -0.000026 0.647750 0.297456
  40 0.670002 3.211438 0.108142 -1.000000 -0.000001 -0.000026 0.614481 0.279843
  40 0.670002 3.171438 0.088142 -1.000000 -0.000001 -0.000026 0.614481 0.283757
knife_butterfly.bmp
  40 0.680002 3.051438 0.378142 -1.000000 -0.000001 -0.000026 0.647750 0.297456
  40 0.690002 3.251438 0.308142 -1.000000 -0.000001 -0.000026 0.637965 0.273973
  40 0.670002 3.211438 0.108142 -1.000000 -0.000001 -0.000026 0.614481 0.279843
knife_butterfly.bmp
  40 0.680002 2.621437 -0.091856 -0.699363 -0.243939 -0.671852 0.592955 0.348337
  40 0.700003 2.821437 -0.151857 -0.699363 -0.243939 -0.671852 0.583170 0.324853
  40 0.710002 2.621437 -0.081856 -0.153638 -0.337494 -0.928705 0.590998 0.348337
knife_butterfly.bmp
  40 0.710002 2.621437 -0.081856 -0.153638 -0.337494 -0.928705 0.590998 0.348337
  40 0.700003 2.821437 -0.151857 -0.699363 -0.243939 -0.671852 0.583170 0.324853
  40 0.730003 2.821437 -0.181857 -0.153638 -0.337494 -0.928705 0.583170 0.324853
knife_butterfly.bmp
  40 0.700003 2.821437 -0.151857 -0.699363 -0.243939 -0.671852 0.583170 0.324853
  40 0.700003 3.031437 -0.251857 -0.691648 -0.296970 -0.658355 0.573386 0.301370
  40 0.730003 2.821437 -0.181857 -0.153638 -0.337494 -0.928705 0.583170 0.324853
knife_butterfly.bmp
  40 0.730003 2.821437 -0.181857 -0.153638 -0.337494 -0.928705 0.583170 0.324853
  40 0.700003 3.031437 -0.251857 -0.691648 -0.296970 -0.658355 0.573386 0.301370
  40 0.730003 3.031437 -0.261857 -0.147604 -0.407700 -0.901107 0.571429 0.301370
knife_butterfly.bmp
  40 0.700003 3.031437 -0.251857 -0.691648 -0.296970 -0.658355 0.573386 0.301370
  40 0.700003 3.231437 -0.341858 -0.694245 -0.360705 -0.622829 0.561644 0.277886
  40 0.730003 3.031437 -0.261857 -0.147604 -0.407700 -0.901107 0.571429 0.301370
knife_butterfly.bmp
  40 0.730003 3.031437 -0.261857 -0.147604 -0.407700 -0.901107 0.571429 0.301370
  40 0.700003 3.231437 -0.341858 -0.694245 -0.360705 -0.622829 0.561644 0.277886
  40 0.730003 3.231437 -0.351858 -0.146769 -0.458459 -0.876512 0.561644 0.277886
knife_butterfly.bmp
  40 0.700003 3.231437 -0.341858 -0.694245 -0.360705 -0.622829 0.561644 0.277886
  40 0.680003 3.331436 -0.391858 -0.694245 -0.360705 -0.622829 0.555773 0.266145
  40 0.730003 3.231437 -0.351858 -0.146769 -0.458459 -0.876512 0.561644 0.277886
knife_butterfly.bmp
  40 0.730003 3.231437 -0.351858 -0.146769 -0.458459 -0.876512 0.561644 0.277886
  40 0.680003 3.331436 -0.391858 -0.694245 -0.360705 -0.622829 0.555773 0.266145
  40 0.710003 3.321437 -0.401858 -0.125899 -0.511296 -0.850133 0.553816 0.266145
knife_butterfly.bmp
  40 0.680003 3.331436 -0.391858 -0.694245 -0.360705 -0.622829 0.555773 0.266145
  40 0.680003 3.421436 -0.461858 -0.712943 -0.396114 -0.578624 0.547945 0.254403
  40 0.710003 3.321437 -0.401858 -0.125899 -0.511296 -0.850133 0.553816 0.266145
knife_butterfly.bmp
  40 0.710003 3.321437 -0.401858 -0.125899 -0.511296 -0.850133 0.553816 0.266145
  40 0.680003 3.421436 -0.461858 -0.712943 -0.396114 -0.578624 0.547945 0.254403
  40 0.710003 3.421436 -0.471858 -0.157539 -0.524186 -0.836905 0.547945 0.254403
knife_butterfly.bmp
  40 0.680003 3.421436 -0.461858 -0.712943 -0.396114 -0.578624 0.547945 0.254403
  40 0.680003 3.501436 -0.511859 -0.712943 -0.396114 -0.578624 0.542074 0.244618
  40 0.710003 3.421436 -0.471858 -0.157539 -0.524186 -0.836905 0.547945 0.254403
knife_butterfly.bmp
  40 0.710003 3.421436 -0.471858 -0.157539 -0.524186 -0.836905 0.547945 0.254403
  40 0.680003 3.501436 -0.511859 -0.712943 -0.396114 -0.578624 0.542074 0.244618
  40 0.710003 3.501436 -0.521859 -0.162233 -0.557823 -0.813949 0.542074 0.244618
knife_butterfly.bmp
  40 0.680003 3.501436 -0.511859 -0.712943 -0.396114 -0.578624 0.542074 0.244618
  40 0.680003 3.561436 -0.561859 -0.711957 -0.458804 -0.531616 0.536204 0.236791
  40 0.710003 3.501436 -0.521859 -0.162233 -0.557823 -0.813949 0.542074 0.244618
knife_butterfly.bmp
  40 0.710003 3.501436 -0.521859 -0.162233 -0.557823 -0.813949 0.542074 0.244618
  40 0.680003 3.561436 -0.561859 -0.711957 -0.458804 -0.531616 0.536204 0.236791
  40 0.710003 3.561436 -0.571859 -0.158950 -0.635931 -0.755200 0.536204 0.238748
knife_butterfly.bmp
  40 0.680003 3.561436 -0.561859 -0.711957 -0.458804 -0.531616 0.536204 0.236791
  40 0.710004 3.601436 -0.611859 -0.139711 -0.852438 -0.503815 0.532290 0.232877
  40 0.710003 3.561436 -0.571859 -0.158950 -0.635931 -0.755200 0.536204 0.238748
knife_butterfly.bmp
  37 1.280000 3.610000 0.419998 0.000000 -0.150063 0.988676 0.816047 0.289628
  37 1.100000 3.570000 0.419998 0.000000 0.197138 0.980376 0.829746 0.293542
  37 1.280000 3.570000 0.419998 0.000000 0.197138 0.980376 0.816047 0.293542
knife_butterfly.bmp
  37 1.280000 3.570000 0.419998 0.000000 0.197138 0.980376 0.816047 0.293542
  37 1.100000 3.570000 0.419998 0.000000 0.197138 0.980376 0.829746 0.293542
  37 1.280000 3.540000 0.429998 -0.000001 0.519445 0.854504 0.816047 0.295499
knife_butterfly.bmp
  37 1.100000 3.570000 0.419998 0.000000 0.197138 0.980376 0.829746 0.293542
  37 1.100000 3.540000 0.429998 -0.000001 0.519445 0.854504 0.829746 0.295499
  37 1.280000 3.540000 0.429998 -0.000001 0.519445 0.854504 0.816047 0.295499
knife_butterfly.bmp
  37 1.280000 3.540000 0.429998 -0.000001 0.519445 0.854504 0.816047 0.295499
  37 1.100000 3.540000 0.429998 -0.000001 0.519445 0.854504 0.829746 0.295499
  37 1.280000 3.510000 0.459998 0.000000 0.769964 0.638087 0.816047 0.297456
knife_butterfly.bmp
  37 1.100000 3.540000 0.429998 -0.000001 0.519445 0.854504 0.829746 0.295499
  37 1.100000 3.510000 0.459998 0.000000 0.769964 0.638087 0.829746 0.297456
  37 1.280000 3.510000 0.459998 0.000000 0.769964 0.638087 0.816047 0.297456
knife_butterfly.bmp
  37 1.280000 3.510000 0.459998 0.000000 0.769964 0.638087 0.816047 0.297456
  37 1.100000 3.510000 0.459998 0.000000 0.769964 0.638087 0.829746 0.297456
  37 1.280000 3.490000 0.489998 0.000000 0.947601 0.319456 0.816047 0.301370
knife_butterfly.bmp
  37 1.100000 3.510000 0.459998 0.000000 0.769964 0.638087 0.829746 0.297456
  37 1.100000 3.490000 0.489998 0.000000 0.947601 0.319456 0.829746 0.301370
  37 1.280000 3.490000 0.489998 0.000000 0.947601 0.319456 0.816047 0.301370
knife_butterfly.bmp
  37 1.280000 3.490000 0.489998 0.000000 0.947601 0.319456 0.816047 0.301370
  37 1.100000 3.490000 0.489998 0.000000 0.947601 0.319456 0.829746 0.301370
  37 1.280000 3.480000 0.529998 0.000000 0.999714 -0.023896 0.816047 0.303327
knife_butterfly.bmp
  37 1.100000 3.490000 0.489998 0.000000 0.947601 0.319456 0.829746 0.301370
  37 1.100000 3.480000 0.529998 0.000000 0.999714 -0.023896 0.829746 0.303327
  37 1.280000 3.480000 0.529998 0.000000 0.999714 -0.023896 0.816047 0.303327
knife_butterfly.bmp
  37 1.280000 3.480000 0.529998 0.000000 0.999714 -0.023896 0.816047 0.303327
  37 1.100000 3.480000 0.529998 0.000000 0.999714 -0.023896 0.829746 0.303327
  37 1.280000 3.490000 0.569998 0.000000 0.931250 -0.364380 0.816047 0.307241
knife_butterfly.bmp
  37 1.100000 3.480000 0.529998 0.000000 0.999714 -0.023896 0.829746 0.303327
  37 1.100000 3.490000 0.569998 0.000000 0.931250 -0.364380 0.829746 0.307241
  37 1.280000 3.490000 0.569998 0.000000 0.931250 -0.364380 0.816047 0.307241
knife_butterfly.bmp
  37 1.280000 3.490000 0.569998 0.000000 0.931250 -0.364380 0.816047 0.307241
  37 1.100000 3.490000 0.569998 0.000000 0.931250 -0.364380 0.829746 0.307241
  37 1.280000 3.510000 0.599998 -0.000001 0.733595 -0.679587 0.816047 0.309198
knife_butterfly.bmp
  37 1.100000 3.490000 0.569998 0.000000 0.931250 -0.364380 0.829746 0.307241
  37 1.100000 3.510000 0.599998 -0.000001 0.733595 -0.679587 0.829746 0.309198
  37 1.280000 3.510000 0.599998 -0.000001 0.733595 -0.679587 0.816047 0.309198
knife_butterfly.bmp
  37 1.280000 3.510000 0.599998 -0.000001 0.733595 -0.679587 0.816047 0.309198
  37 1.100000 3.510000 0.599998 -0.000001 0.733595 -0.679587 0.829746 0.309198
  37 1.280000 3.540000 0.619998 0.000002 0.479155 -0.877730 0.816047 0.311155
knife_butterfly.bmp
  37 1.100000 3.510000 0.599998 -0.000001 0.733595 -0.679587 0.829746 0.309198
  37 1.100000 3.540000 0.619998 0.000002 0.479155 -0.877730 0.829746 0.311155
  37 1.280000 3.540000 0.619998 0.000002 0.479155 -0.877730 0.816047 0.311155
knife_butterfly.bmp
  40 1.280003 3.211437 -0.121857 -0.000003 -0.167258 0.985913 0.825832 0.197652
  40 1.280003 3.231437 -0.121857 -0.000003 -0.313357 0.949635 0.823875 0.197652
  40 1.100002 3.211437 -0.101857 -0.000003 -0.167258 0.985913 0.825832 0.183953
knife_butterfly.bmp
  40 1.100002 3.211437 -0.101857 -0.000003 -0.167258 0.985913 0.825832 0.183953
  40 1.280003 3.231437 -0.121857 -0.000003 -0.313357 0.949635 0.823875 0.197652
  40 1.100002 3.231437 -0.101857 -0.000003 -0.313357 0.949635 0.823875 0.183953
knife_butterfly.bmp
  40 1.280003 3.231437 -0.121857 -0.000003 -0.313357 0.949635 0.823875 0.197652
  40 1.280002 3.251437 -0.111857 -0.000004 -0.494375 0.869249 0.823875 0.197652
  40 1.100002 3.231437 -0.101857 -0.000003 -0.313357 0.949635 0.823875 0.183953
knife_butterfly.bmp
  40 1.100002 3.231437 -0.101857 -0.000003 -0.313357 0.949635 0.823875 0.183953
  40 1.280002 3.251437 -0.111857 -0.000004 -0.494375 0.869249 0.823875 0.197652
  40 1.090002 3.251437 -0.091857 -0.000004 -0.494375 0.869249 0.823875 0.183953
knife_butterfly.bmp
  40 1.280002 3.251437 -0.111857 -0.000004 -0.494375 0.869249 0.823875 0.197652
  40 1.280002 3.281437 -0.091857 -0.000001 -0.761861 0.647741 0.819961 0.197652
  40 1.090002 3.251437 -0.091857 -0.000004 -0.494375 0.869249 0.823875 0.183953
knife_butterfly.bmp
  40 1.090002 3.251437 -0.091857 -0.000004 -0.494375 0.869249 0.823875 0.183953
  40 1.280002 3.281437 -0.091857 -0.000001 -0.761861 0.647741 0.819961 0.197652
  40 1.080002 3.281437 -0.071857 -0.000001 -0.761861 0.647741 0.819961 0.183953
knife_butterfly.bmp
  40 1.280002 3.281437 -0.091857 -0.000001 -0.761861 0.647741 0.819961 0.197652
  40 1.280002 3.301437 -0.031857 -0.000001 -0.937456 0.348103 0.818004 0.197652
  40 1.080002 3.281437 -0.071857 -0.000001 -0.761861 0.647741 0.819961 0.183953
knife_butterfly.bmp
  40 1.080002 3.281437 -0.071857 -0.000001 -0.761861 0.647741 0.819961 0.183953
  40 1.280002 3.301437 -0.031857 -0.000001 -0.937456 0.348103 0.818004 0.197652
  40 1.080002 3.301437 -0.051857 -0.000001 -0.937456 0.348103 0.818004 0.183953
knife_butterfly.bmp
  40 1.280002 3.301437 -0.031857 -0.000001 -0.937456 0.348103 0.818004 0.197652
  40 1.280002 3.301437 -0.001857 0.000000 -0.999979 0.006503 0.816047 0.197652
  40 1.080002 3.301437 -0.051857 -0.000001 -0.937456 0.348103 0.818004 0.183953
knife_butterfly.bmp
  40 1.080002 3.301437 -0.051857 -0.000001 -0.937456 0.348103 0.818004 0.183953
  40 1.280002 3.301437 -0.001857 0.000000 -0.999979 0.006503 0.816047 0.197652
  40 1.080002 3.301437 -0.021857 0.000000 -0.999979 0.006503 0.816047 0.183953
knife_butterfly.bmp
  40 1.280002 3.301437 -0.001857 0.000000 -0.999979 0.006503 0.816047 0.197652
  40 1.280002 3.301437 0.038143 0.000003 -0.941897 -0.335902 0.812133 0.197652
  40 1.080002 3.301437 -0.021857 0.000000 -0.999979 0.006503 0.816047 0.183953
knife_butterfly.bmp
  40 1.080002 3.301437 -0.021857 0.000000 -0.999979 0.006503 0.816047 0.183953
  40 1.280002 3.301437 0.038143 0.000003 -0.941897 -0.335902 0.812133 0.197652
  40 1.080002 3.301437 0.018143 0.000003 -0.941897 -0.335902 0.812133 0.183953
knife_butterfly.bmp
  40 1.280002 3.301437 0.038143 0.000003 -0.941897 -0.335902 0.812133 0.197652
  40 1.280002 3.281437 0.058143 0.000006 -0.770196 -0.637807 0.810176 0.197652
  40 1.080002 3.301437 0.018143 0.000003 -0.941897 -0.335902 0.812133 0.183953
knife_butterfly.bmp
  40 1.080002 3.301437 0.018143 0.000003 -0.941897 -0.335902 0.812133 0.183953
  40 1.280002 3.281437 0.058143 0.000006 -0.770196 -0.637807 0.810176 0.197652
  40 1.080002 3.281437 0.058143 0.000006 -0.770196 -0.637807 0.810176 0.183953
knife_butterfly.bmp
  40 1.280002 3.281437 0.058143 0.000006 -0.770196 -0.637807 0.810176 0.197652
  40 1.280002 3.251438 0.078143 0.000002 -0.505224 -0.862988 0.806262 0.197652
  40 1.080002 3.281437 0.058143 0.000006 -0.770196 -0.637807 0.810176 0.183953
knife_butterfly.bmp
  40 1.080001 3.051438 0.408143 -1.000000 -0.000001 -0.000026 0.759295 0.297456
  40 1.100002 2.841438 0.278144 -1.000000 -0.000001 -0.000026 0.741683 0.322896
  40 1.080001 2.851439 0.488144 -1.000000 -0.000001 -0.000026 0.769080 0.322896
knife_butterfly.bmp
  40 1.080001 3.051438 0.408143 -1.000000 -0.000001 -0.000026 0.759295 0.297456
  40 1.100002 2.841438 0.278144 -1.000000 -0.000001 -0.000026 0.741683 0.322896
  40 1.100002 2.841438 0.278144 -1.000000 -0.000001 -0.000026 0.741683 0.322896
knife_butterfly.bmp
  40 1.080001 3.051438 0.408143 -1.000000 -0.000001 -0.000026 0.759295 0.297456
  40 1.100002 2.881438 0.268144 -1.000000 -0.000001 -0.000026 0.739726 0.318982
  40 1.100002 2.841438 0.278144 -1.000000 -0.000001 -0.000026 0.741683 0.322896
knife_butterfly.bmp
  40 1.080001 3.051438 0.408143 -1.000000 -0.000001 -0.000026 0.759295 0.297456
  40 1.100002 2.911438 0.218144 -1.000000 -0.000001 -0.000026 0.737769 0.315068
  40 1.100002 2.881438 0.268144 -1.000000 -0.000001 -0.000026 0.739726 0.318982
knife_butterfly.bmp
  40 1.080001 3.051438 0.408143 -1.000000 -0.000001 -0.000026 0.759295 0.297456
  40 1.100002 2.931438 0.188144 -1.000000 -0.000001 -0.000026 0.733855 0.313112
  40 1.100002 2.911438 0.218144 -1.000000 -0.000001 -0.000026 0.737769 0.315068
knife_butterfly.bmp
  40 1.080001 3.051438 0.408143 -1.000000 -0.000001 -0.000026 0.759295 0.297456
  40 1.100002 2.931438 0.148144 -1.000000 -0.000001 -0.000026 0.727984 0.313112
  40 1.100002 2.931438 0.188144 -1.000000 -0.000001 -0.000026 0.733855 0.313112
knife_butterfly.bmp
  40 1.080001 3.051438 0.408143 -1.000000 -0.000001 -0.000026 0.759295 0.297456
  40 1.100002 2.931438 0.108144 -1.000000 -0.000001 -0.000026 0.724070 0.313112
  40 1.100002 2.931438 0.148144 -1.000000 -0.000001 -0.000026 0.727984 0.313112
knife_butterfly.bmp
  40 1.080001 3.051438 0.408143 -1.000000 -0.000001 -0.000026 0.759295 0.297456
  40 1.100003 2.821437 -0.161856 -1.000000 -0.000001 -0.000026 0.688845 0.324853
  40 1.100002 2.931438 0.108144 -1.000000 -0.000001 -0.000026 0.724070 0.313112
knife_butterfly.bmp
  40 1.080001 3.051438 0.408143 -1.000000 -0.000001 -0.000026 0.759295 0.297456
  40 1.100003 3.031437 -0.261857 -1.000000 -0.000001 -0.000026 0.679061 0.301370
  40 1.100003 2.821437 -0.161856 -1.000000 -0.000001 -0.000026 0.688845 0.324853
knife_butterfly.bmp
  40 1.080001 3.051438 0.408143 -1.000000 -0.000001 -0.000026 0.759295 0.297456
  40 1.080002 3.091438 0.018143 -1.000000 -0.000001 -0.000026 0.714286 0.293542
  40 1.100003 3.031437 -0.261857 -1.000000 -0.000001 -0.000026 0.679061 0.301370
knife_butterfly.bmp
  40 1.080001 3.051438 0.408143 -1.000000 -0.000001 -0.000026 0.759295 0.297456
  40 1.080002 3.111438 0.058143 -1.000000 -0.000001 -0.000026 0.718200 0.291585
  40 1.080002 3.091438 0.018143 -1.000000 -0.000001 -0.000026 0.714286 0.293542
knife_butterfly.bmp
  40 1.080001 3.051438 0.408143 -1.000000 -0.000001 -0.000026 0.759295 0.297456
  40 1.080002 3.141438 0.098143 -1.000000 -0.000001 -0.000026 0.720157 0.287671
  40 1.080002 3.111438 0.058143 -1.000000 -0.000001 -0.000026 0.718200 0.291585
knife_butterfly.bmp
  40 1.080001 3.051438 0.408143 -1.000000 -0.000001 -0.000026 0.759295 0.297456
  40 1.080002 3.171438 0.108143 -1.000000 -0.000001 -0.000026 0.722114 0.283757
  40 1.080002 3.141438 0.098143 -1.000000 -0.000001 -0.000026 0.720157 0.287671
knife_butterfly.bmp
  40 1.080001 3.051438 0.408143 -1.000000 -0.000001 -0.000026 0.759295 0.297456
  40 1.100002 3.251438 0.338143 -1.000000 -0.000001 -0.000026 0.749511 0.273973
  40 1.080002 3.171438 0.108143 -1.000000 -0.000001 -0.000026 0.722114 0.283757
knife_butterfly.bmp
  40 0.870001 3.051438 0.428143 1.000000 0.000000 0.000002 0.759295 0.297456
  40 0.870002 3.171438 0.088143 1.000000 0.000000 0.000002 0.722114 0.283757
  40 0.890002 3.251438 0.328142 1.000000 0.000000 0.000002 0.749511 0.273973
knife_butterfly.bmp
  40 0.870001 3.051438 0.428143 1.000000 0.000000 0.000002 0.759295 0.297456
  40 0.870002 3.141438 0.078143 1.000000 0.000000 0.000002 0.720157 0.287671
  40 0.870002 3.171438 0.088143 1.000000 0.000000 0.000002 0.722114 0.283757
knife_butterfly.bmp
  40 0.870001 3.051438 0.428143 1.000000 0.000000 0.000002 0.759295 0.297456
  40 0.870002 3.111438 0.068143 1.000000 0.000000 0.000002 0.718200 0.291585
  40 0.870002 3.141438 0.078143 1.000000 0.000000 0.000002 0.720157 0.287671
knife_butterfly.bmp
  40 0.870001 3.051438 0.428143 1.000000 0.000000 0.000002 0.759295 0.297456
  40 0.870002 3.091438 0.038143 1.000000 0.000000 0.000002 0.714286 0.293542
  40 0.870002 3.111438 0.068143 1.000000 0.000000 0.000002 0.718200 0.291585
knife_butterfly.bmp
  40 0.870001 3.051438 0.428143 1.000000 0.000000 0.000002 0.759295 0.297456
  40 0.890003 3.031437 -0.241857 1.000000 0.000000 0.000002 0.679061 0.301370
  40 0.870002 3.091438 0.038143 1.000000 0.000000 0.000002 0.714286 0.293542
knife_butterfly.bmp
  40 0.870001 3.051438 0.428143 1.000000 0.000000 0.000002 0.759295 0.297456
  40 0.890003 2.821437 -0.181856 1.000000 0.000000 0.000002 0.688845 0.324853
  40 0.890003 3.031437 -0.241857 1.000000 0.000000 0.000002 0.679061 0.301370
knife_butterfly.bmp
  40 0.870001 3.051438 0.428143 1.000000 0.000000 0.000002 0.759295 0.297456
  40 0.870002 2.931438 0.108143 1.000000 0.000000 0.000002 0.724070 0.313112
  40 0.890003 2.821437 -0.181856 1.000000 0.000000 0.000002 0.688845 0.324853
knife_butterfly.bmp
  40 0.870001 3.051438 0.428143 1.000000 0.000000 0.000002 0.759295 0.297456
  40 0.890002 2.931438 0.148143 1.000000 0.000000 0.000002 0.727984 0.313112
  40 0.870002 2.931438 0.108143 1.000000 0.000000 0.000002 0.724070 0.313112
knife_butterfly.bmp
  40 0.870001 3.051438 0.428143 1.000000 0.000000 0.000002 0.759295 0.297456
  40 0.890002 2.931438 0.188143 1.000000 0.000000 0.000002 0.733855 0.313112
  40 0.890002 2.931438 0.148143 1.000000 0.000000 0.000002 0.727984 0.313112
knife_butterfly.bmp
  40 0.870001 3.051438 0.428143 1.000000 0.000000 0.000002 0.759295 0.297456
  40 0.890002 2.911438 0.218143 1.000000 0.000000 0.000002 0.737769 0.315068
  40 0.890002 2.931438 0.188143 1.000000 0.000000 0.000002 0.733855 0.313112
knife_butterfly.bmp
  40 0.870001 3.051438 0.428143 1.000000 0.000000 0.000002 0.759295 0.297456
  40 0.890002 2.881438 0.248143 1.000000 0.000000 0.000002 0.739726 0.318982
  40 0.890002 2.911438 0.218143 1.000000 0.000000 0.000002 0.737769 0.315068
knife_butterfly.bmp
  40 0.870001 3.051438 0.428143 1.000000 0.000000 0.000002 0.759295 0.297456
  40 0.890002 2.841438 0.258143 1.000000 0.000000 0.000002 0.741683 0.322896
  40 0.890002 2.881438 0.248143 1.000000 0.000000 0.000002 0.739726 0.318982
knife_butterfly.bmp
  40 0.870001 3.051438 0.428143 1.000000 0.000000 0.000002 0.759295 0.297456
  40 0.890002 2.841438 0.258143 1.000000 0.000000 0.000002 0.741683 0.322896
  40 0.890002 2.841438 0.258143 1.000000 0.000000 0.000002 0.741683 0.322896
knife_butterfly.bmp
  40 0.870001 3.051438 0.428143 1.000000 0.000000 0.000002 0.759295 0.297456
  40 0.870001 2.851439 0.468143 1.000000 0.000000 0.000002 0.769080 0.322896
  40 0.890002 2.841438 0.258143 1.000000 0.000000 0.000002 0.741683 0.322896
knife_butterfly.bmp
  40 1.250003 4.121437 -0.141859 0.290442 0.706907 0.644923 0.585127 0.170254
  40 1.290003 4.151437 -0.181859 0.738831 0.482473 0.470476 0.579256 0.168297
  40 1.260003 4.151437 -0.171859 0.290442 0.706907 0.644923 0.581213 0.166341
knife_butterfly.bmp
  40 1.260003 4.151437 -0.171859 0.290442 0.706907 0.644923 0.581213 0.166341
  40 1.290003 4.151437 -0.181859 0.738831 0.482473 0.470476 0.579256 0.168297
  40 1.290003 4.171437 -0.201859 0.650003 0.692376 0.313228 0.577299 0.164384
knife_butterfly.bmp
  40 1.290003 4.151437 -0.181859 0.738831 0.482473 0.470476 0.579256 0.168297
  40 1.300003 4.151437 -0.231859 0.914491 0.384470 -0.126054 0.573386 0.168297
  40 1.290003 4.171437 -0.201859 0.650003 0.692376 0.313228 0.577299 0.164384
knife_butterfly.bmp
  40 1.290003 4.171437 -0.201859 0.650003 0.692376 0.313228 0.577299 0.164384
  40 1.300003 4.151437 -0.231859 0.914491 0.384470 -0.126054 0.573386 0.168297
  40 1.290003 4.171437 -0.231859 0.618434 0.769404 -0.159864 0.573386 0.164384
knife_butterfly.bmp
  40 1.300003 4.151437 -0.231859 0.914491 0.384470 -0.126054 0.573386 0.168297
  40 1.300003 4.141437 -0.251859 0.862599 0.401097 -0.308292 0.571429 0.168297
  40 1.290003 4.171437 -0.231859 0.618434 0.769404 -0.159864 0.573386 0.164384
knife_butterfly.bmp
  40 1.290003 4.171437 -0.231859 0.618434 0.769404 -0.159864 0.573386 0.164384
  40 1.300003 4.141437 -0.251859 0.862599 0.401097 -0.308292 0.571429 0.168297
  40 1.290003 4.141437 -0.271859 0.595442 0.615912 -0.515850 0.569472 0.168297
knife_butterfly.bmp
  40 1.300003 4.141437 -0.251859 0.862599 0.401097 -0.308292 0.571429 0.168297
  40 1.300003 4.091437 -0.301859 0.910802 0.302673 -0.280764 0.565558 0.174168
  40 1.290003 4.141437 -0.271859 0.595442 0.615912 -0.515850 0.569472 0.168297
knife_butterfly.bmp
  40 1.290003 4.141437 -0.271859 0.595442 0.615912 -0.515850 0.569472 0.168297
  40 1.300003 4.091437 -0.301859 0.910802 0.302673 -0.280764 0.565558 0.174168
  40 1.280003 4.091437 -0.331859 0.653777 0.555970 -0.513297 0.561644 0.174168
knife_butterfly.bmp
  40 1.300003 4.091437 -0.301859 0.910802 0.302673 -0.280764 0.565558 0.174168
  40 1.300003 4.031436 -0.381859 0.910802 0.302673 -0.280764 0.557730 0.181996
  40 1.280003 4.091437 -0.331859 0.653777 0.555970 -0.513297 0.561644 0.174168
knife_butterfly.bmp
  40 1.280003 4.091437 -0.331859 0.653777 0.555970 -0.513297 0.561644 0.174168
  40 1.300003 4.031436 -0.381859 0.910802 0.302673 -0.280764 0.557730 0.181996
  40 1.270003 4.031436 -0.401859 0.653777 0.555970 -0.513297 0.555773 0.181996
knife_butterfly.bmp
  40 1.300003 4.031436 -0.381859 0.910802 0.302673 -0.280764 0.557730 0.181996
  40 1.270003 3.941436 -0.511859 0.680756 0.544546 -0.489940 0.542074 0.191781
  40 1.270003 4.031436 -0.401859 0.653777 0.555970 -0.513297 0.555773 0.181996
knife_butterfly.bmp
  40 1.270003 4.031436 -0.401859 0.653777 0.555970 -0.513297 0.555773 0.181996
  40 1.270003 3.941436 -0.511859 0.680756 0.544546 -0.489940 0.542074 0.191781
  40 1.240003 3.951436 -0.511859 0.146657 0.731102 -0.666319 0.542074 0.191781
knife_butterfly.bmp
  40 1.270003 3.941436 -0.511859 0.680756 0.544546 -0.489940 0.542074 0.191781
  40 1.260004 3.831436 -0.641858 0.133366 0.607624 -0.782947 0.526419 0.205479
  40 1.240003 3.951436 -0.511859 0.146657 0.731102 -0.666319 0.542074 0.191781
knife_butterfly.bmp
  40 1.100003 4.121437 -0.161859 -1.000000 -0.000001 -0.000026 0.690802 0.170254
  40 1.100003 4.071437 -0.281859 -1.000000 -0.000001 -0.000026 0.679061 0.178082
  40 1.100003 4.081437 -0.121859 -1.000000 -0.000001 -0.000026 0.696673 0.176125
knife_butterfly.bmp
  40 1.100003 4.081437 -0.121859 -1.000000 -0.000001 -0.000026 0.696673 0.176125
  40 1.100003 4.071437 -0.281859 -1.000000 -0.000001 -0.000026 0.679061 0.178082
  40 1.080002 4.021437 -0.041859 -1.000000 -0.000001 -0.000026 0.704501 0.183953
knife_butterfly.bmp
  40 1.100003 4.071437 -0.281859 -1.000000 -0.000001 -0.000026 0.679061 0.178082
  40 1.080003 3.561436 -0.551858 -1.000000 -0.000001 -0.000026 0.643836 0.238748
  40 1.080002 4.021437 -0.041859 -1.000000 -0.000001 -0.000026 0.704501 0.183953
knife_butterfly.bmp
  40 1.080002 4.021437 -0.041859 -1.000000 -0.000001 -0.000026 0.704501 0.183953
  40 1.080003 3.561436 -0.551858 -1.000000 -0.000001 -0.000026 0.643836 0.238748
  40 1.080002 3.901438 0.028141 -1.000000 -0.000001 -0.000026 0.714286 0.197652
knife_butterfly.bmp
  40 1.080003 3.561436 -0.551858 -1.000000 -0.000001 -0.000026 0.643836 0.238748
  40 1.080003 3.501436 -0.521858 -1.000000 -0.000001 -0.000026 0.647750 0.244618
  40 1.080002 3.901438 0.028141 -1.000000 -0.000001 -0.000026 0.714286 0.197652
knife_butterfly.bmp
  40 1.080002 3.901438 0.028141 -1.000000 -0.000001 -0.000026 0.714286 0.197652
  40 1.080003 3.501436 -0.521858 -1.000000 -0.000001 -0.000026 0.647750 0.244618
  40 1.100002 3.761438 0.098141 -1.000000 -0.000001 -0.000026 0.724070 0.213307
knife_butterfly.bmp
  40 1.080003 3.501436 -0.521858 -1.000000 -0.000001 -0.000026 0.647750 0.244618
  40 1.080003 3.421436 -0.471858 -1.000000 -0.000001 -0.000026 0.655577 0.254403
  40 1.100002 3.761438 0.098141 -1.000000 -0.000001 -0.000026 0.724070 0.213307
knife_butterfly.bmp
  40 1.100002 3.761438 0.098141 -1.000000 -0.000001 -0.000026 0.724070 0.213307
  40 1.080003 3.421436 -0.471858 -1.000000 -0.000001 -0.000026 0.655577 0.254403
  40 1.100002 3.611438 0.198142 -1.000000 -0.000001 -0.000026 0.731898 0.230920
knife_butterfly.bmp
  40 1.080003 3.421436 -0.471858 -1.000000 -0.000001 -0.000026 0.655577 0.254403
  40 1.080003 3.321437 -0.411857 -1.000000 -0.000001 -0.000026 0.661448 0.266145
  40 1.100002 3.611438 0.198142 -1.000000 -0.000001 -0.000026 0.731898 0.230920
knife_butterfly.bmp
  40 1.100002 3.611438 0.198142 -1.000000 -0.000001 -0.000026 0.731898 0.230920
  40 1.080003 3.321437 -0.411857 -1.000000 -0.000001 -0.000026 0.661448 0.266145
  40 1.100002 3.441438 0.248142 -1.000000 -0.000001 -0.000026 0.741683 0.252446
knife_butterfly.bmp
  40 1.080003 3.321437 -0.411857 -1.000000 -0.000001 -0.000026 0.661448 0.266145
  40 1.100003 3.231437 -0.341857 -1.000000 -0.000001 -0.000026 0.667319 0.277886
  40 1.100002 3.441438 0.248142 -1.000000 -0.000001 -0.000026 0.741683 0.252446
knife_butterfly.bmp
  40 1.100002 3.441438 0.248142 -1.000000 -0.000001 -0.000026 0.741683 0.252446
  40 1.100003 3.231437 -0.341857 -1.000000 -0.000001 -0.000026 0.667319 0.277886
  40 1.080002 3.301437 -0.051857 -1.000000 -0.000001 -0.000026 0.704501 0.268102
knife_butterfly.bmp
  40 1.100003 3.231437 -0.341857 -1.000000 -0.000001 -0.000026 0.667319 0.277886
  40 1.080002 3.281437 -0.071857 -1.000000 -0.000001 -0.000026 0.700587 0.272016
  40 1.080002 3.301437 -0.051857 -1.000000 -0.000001 -0.000026 0.704501 0.268102
knife_butterfly.bmp
  40 1.280002 3.281437 -0.091857 1.000000 0.000000 0.000002 0.592955 0.272016
  40 1.300003 3.231437 -0.321857 1.000000 0.000000 0.000002 0.565558 0.277886
  40 1.280002 3.301437 -0.031857 1.000000 0.000000 0.000002 0.596869 0.268102
knife_butterfly.bmp
  40 1.280002 3.301437 -0.031857 1.000000 0.000000 0.000002 0.596869 0.268102
  40 1.300003 3.231437 -0.321857 1.000000 0.000000 0.000002 0.565558 0.277886
  40 1.300002 3.431438 0.218143 1.000000 0.000000 0.000002 0.630137 0.252446
knife_butterfly.bmp
  40 1.300003 3.231437 -0.321857 1.000000 0.000000 0.000002 0.565558 0.277886
  40 1.300003 3.331437 -0.361857 1.000000 0.000000 0.000002 0.557730 0.264188
  40 1.300002 3.431438 0.218143 1.000000 0.000000 0.000002 0.630137 0.252446
knife_butterfly.bmp
  40 1.300002 3.431438 0.218143 1.000000 0.000000 0.000002 0.630137 0.252446
  40 1.300003 3.331437 -0.361857 1.000000 0.000000 0.000002 0.557730 0.264188
  40 1.300002 3.601438 0.138142 1.000000 0.000000 0.000002 0.620352 0.232877
knife_butterfly.bmp
  40 1.300003 3.331437 -0.361857 1.000000 0.000000 0.000002 0.557730 0.264188
  40 1.280003 3.431436 -0.421857 1.000000 0.000000 0.000002 0.551859 0.252446
  40 1.300002 3.601438 0.138142 1.000000 0.000000 0.000002 0.620352 0.232877
knife_butterfly.bmp
  40 1.300002 3.601438 0.138142 1.000000 0.000000 0.000002 0.620352 0.232877
  40 1.280003 3.431436 -0.421857 1.000000 0.000000 0.000002 0.551859 0.252446
  40 1.280002 3.741438 0.088142 1.000000 0.000000 0.000002 0.612524 0.215264
knife_butterfly.bmp
  40 1.280003 3.431436 -0.421857 1.000000 0.000000 0.000002 0.551859 0.252446
  40 1.280003 3.511436 -0.491857 1.000000 0.000000 0.000002 0.545988 0.242661
  40 1.280002 3.741438 0.088142 1.000000 0.000000 0.000002 0.612524 0.215264
knife_butterfly.bmp
  40 1.280002 3.741438 0.088142 1.000000 0.000000 0.000002 0.612524 0.215264
  40 1.280003 3.511436 -0.491857 1.000000 0.000000 0.000002 0.545988 0.242661
  40 1.280002 3.881438 -0.001858 1.000000 0.000000 0.000002 0.602740 0.199609
knife_butterfly.bmp
  40 1.280003 3.511436 -0.491857 1.000000 0.000000 0.000002 0.545988 0.242661
  40 1.280003 3.581436 -0.541858 1.000000 0.000000 0.000002 0.540117 0.234834
  40 1.280002 3.881438 -0.001858 1.000000 0.000000 0.000002 0.602740 0.199609
knife_butterfly.bmp
  40 1.280002 3.881438 -0.001858 1.000000 0.000000 0.000002 0.602740 0.199609
  40 1.280003 3.581436 -0.541858 1.000000 0.000000 0.000002 0.540117 0.234834
  40 1.280002 4.011437 -0.091859 1.000000 0.000000 0.000002 0.592955 0.183953
knife_butterfly.bmp
  40 1.280003 3.581436 -0.541858 1.000000 0.000000 0.000002 0.540117 0.234834
  40 1.300003 4.071437 -0.281859 1.000000 0.000000 0.000002 0.571429 0.178082
  40 1.280002 4.011437 -0.091859 1.000000 0.000000 0.000002 0.592955 0.183953
knife_butterfly.bmp
  40 1.280002 4.011437 -0.091859 1.000000 0.000000 0.000002 0.592955 0.183953
  40 1.300003 4.071437 -0.281859 1.000000 0.000000 0.000002 0.571429 0.178082
  40 1.300003 4.081437 -0.141859 1.000000 0.000000 0.000002 0.585127 0.176125
knife_butterfly.bmp
  40 1.300003 4.071437 -0.281859 1.000000 0.000000 0.000002 0.571429 0.178082
  40 1.300003 4.111437 -0.171859 1.000000 0.000000 0.000002 0.581213 0.172211
  40 1.300003 4.081437 -0.141859 1.000000 0.000000 0.000002 0.585127 0.176125
knife_butterfly.bmp
  40 0.870002 3.281437 -0.091858 1.000000 0.000000 0.000002 0.700587 0.272016
  40 0.890003 3.231437 -0.361858 1.000000 0.000000 0.000002 0.667319 0.277886
  40 0.870002 3.301437 -0.051858 1.000000 0.000000 0.000002 0.704501 0.268102
knife_butterfly.bmp
  40 0.870002 3.301437 -0.051858 1.000000 0.000000 0.000002 0.704501 0.268102
  40 0.890003 3.231437 -0.361858 1.000000 0.000000 0.000002 0.667319 0.277886
  40 0.890002 3.441438 0.268142 1.000000 0.000000 0.000002 0.741683 0.252446
knife_butterfly.bmp
  40 0.890003 3.231437 -0.361858 1.000000 0.000000 0.000002 0.667319 0.277886
  40 0.870003 3.321437 -0.421858 1.000000 0.000000 0.000002 0.661448 0.266145
  40 0.890002 3.441438 0.268142 1.000000 0.000000 0.000002 0.741683 0.252446
knife_butterfly.bmp
  40 0.890002 3.441438 0.268142 1.000000 0.000000 0.000002 0.741683 0.252446
  40 0.870003 3.321437 -0.421858 1.000000 0.000000 0.000002 0.661448 0.266145
  40 0.890002 3.611438 0.178141 1.000000 0.000000 0.000002 0.731898 0.230920
knife_butterfly.bmp
  40 0.870003 3.321437 -0.421858 1.000000 0.000000 0.000002 0.661448 0.266145
  40 0.870003 3.421436 -0.451858 1.000000 0.000000 0.000002 0.655577 0.254403
  40 0.890002 3.611438 0.178141 1.000000 0.000000 0.000002 0.731898 0.230920
knife_butterfly.bmp
  40 0.890002 3.611438 0.178141 1.000000 0.000000 0.000002 0.731898 0.230920
  40 0.870003 3.421436 -0.451858 1.000000 0.000000 0.000002 0.655577 0.254403
  40 0.870002 3.761438 0.118141 1.000000 0.000000 0.000002 0.724070 0.213307
knife_butterfly.bmp
  40 0.870003 3.421436 -0.451858 1.000000 0.000000 0.000002 0.655577 0.254403
  40 0.870003 3.501436 -0.501858 1.000000 0.000000 0.000002 0.647750 0.244618
  40 0.870002 3.761438 0.118141 1.000000 0.000000 0.000002 0.724070 0.213307
knife_butterfly.bmp
  40 0.870002 3.761438 0.118141 1.000000 0.000000 0.000002 0.724070 0.213307
  40 0.870003 3.501436 -0.501858 1.000000 0.000000 0.000002 0.647750 0.244618
  40 0.870002 3.901438 0.028141 1.000000 0.000000 0.000002 0.714286 0.197652
knife_butterfly.bmp
  40 0.870003 3.501436 -0.501858 1.000000 0.000000 0.000002 0.647750 0.244618
  40 0.870003 3.561436 -0.571858 1.000000 0.000000 0.000002 0.643836 0.238748
  40 0.870002 3.901438 0.028141 1.000000 0.000000 0.000002 0.714286 0.197652
knife_butterfly.bmp
  40 0.870002 3.901438 0.028141 1.000000 0.000000 0.000002 0.714286 0.197652
  40 0.870003 3.561436 -0.571858 1.000000 0.000000 0.000002 0.643836 0.238748
  40 0.870002 4.021437 -0.061860 1.000000 0.000000 0.000002 0.704501 0.183953
knife_butterfly.bmp
  40 0.870003 3.561436 -0.571858 1.000000 0.000000 0.000002 0.643836 0.238748
  40 0.890003 4.071437 -0.281860 1.000000 0.000000 0.000002 0.679061 0.178082
  40 0.870002 4.021437 -0.061860 1.000000 0.000000 0.000002 0.704501 0.183953
knife_butterfly.bmp
  40 0.870002 4.021437 -0.061860 1.000000 0.000000 0.000002 0.704501 0.183953
  40 0.890003 4.071437 -0.281860 1.000000 0.000000 0.000002 0.679061 0.178082
  40 0.880003 4.081437 -0.121860 1.000000 0.000000 0.000002 0.696673 0.176125
knife_butterfly.bmp
  40 0.890003 4.071437 -0.281860 1.000000 0.000000 0.000002 0.679061 0.178082
  40 0.890003 4.121437 -0.151860 1.000000 0.000000 0.000002 0.690802 0.170254
  40 0.880003 4.081437 -0.121860 1.000000 0.000000 0.000002 0.696673 0.176125
knife_butterfly.bmp
  40 0.690003 4.111437 -0.191860 -1.000000 -0.000001 -0.000026 0.581213 0.172211
  40 0.690003 4.071437 -0.261860 -1.000000 -0.000001 -0.000026 0.571429 0.178082
  40 0.690003 4.081437 -0.131860 -1.000000 -0.000001 -0.000026 0.585127 0.176125
knife_butterfly.bmp
  40 0.690003 4.081437 -0.131860 -1.000000 -0.000001 -0.000026 0.585127 0.176125
  40 0.690003 4.071437 -0.261860 -1.000000 -0.000001 -0.000026 0.571429 0.178082
  40 0.670002 4.011437 -0.071860 -1.000000 -0.000001 -0.000026 0.592955 0.183953
knife_butterfly.bmp
  40 0.690003 4.071437 -0.261860 -1.000000 -0.000001 -0.000026 0.571429 0.178082
  40 0.670003 3.581436 -0.531859 -1.000000 -0.000001 -0.000026 0.540117 0.234834
  40 0.670002 4.011437 -0.071860 -1.000000 -0.000001 -0.000026 0.592955 0.183953
knife_butterfly.bmp
  40 0.670002 4.011437 -0.071860 -1.000000 -0.000001 -0.000026 0.592955 0.183953
  40 0.670003 3.581436 -0.531859 -1.000000 -0.000001 -0.000026 0.540117 0.234834
  40 0.670002 3.881438 -0.001860 -1.000000 -0.000001 -0.000026 0.602740 0.199609
knife_butterfly.bmp
  40 0.670003 3.581436 -0.531859 -1.000000 -0.000001 -0.000026 0.540117 0.234834
  40 0.670003 3.511436 -0.491859 -1.000000 -0.000001 -0.000026 0.545988 0.242661
  40 0.670002 3.881438 -0.001860 -1.000000 -0.000001 -0.000026 0.602740 0.199609
knife_butterfly.bmp
  40 0.670002 3.881438 -0.001860 -1.000000 -0.000001 -0.000026 0.602740 0.199609
  40 0.670003 3.511436 -0.491859 -1.000000 -0.000001 -0.000026 0.545988 0.242661
  40 0.670002 3.741437 0.068141 -1.000000 -0.000001 -0.000026 0.612524 0.215264
knife_butterfly.bmp
  40 0.670003 3.511436 -0.491859 -1.000000 -0.000001 -0.000026 0.545988 0.242661
  40 0.670003 3.431436 -0.441859 -1.000000 -0.000001 -0.000026 0.551859 0.252446
  40 0.670002 3.741437 0.068141 -1.000000 -0.000001 -0.000026 0.612524 0.215264
knife_butterfly.bmp
  40 0.670002 3.741437 0.068141 -1.000000 -0.000001 -0.000026 0.612524 0.215264
  40 0.670003 3.431436 -0.441859 -1.000000 -0.000001 -0.000026 0.551859 0.252446
  40 0.690002 3.601438 0.158141 -1.000000 -0.000001 -0.000026 0.620352 0.232877
knife_butterfly.bmp
  40 0.670003 3.431436 -0.441859 -1.000000 -0.000001 -0.000026 0.551859 0.252446
  40 0.680003 3.331437 -0.361858 -1.000000 -0.000001 -0.000026 0.557730 0.264188
  40 0.690002 3.601438 0.158141 -1.000000 -0.000001 -0.000026 0.620352 0.232877
knife_butterfly.bmp
  40 0.690002 3.601438 0.158141 -1.000000 -0.000001 -0.000026 0.620352 0.232877
  40 0.680003 3.331437 -0.361858 -1.000000 -0.000001 -0.000026 0.557730 0.264188
  40 0.690002 3.431438 0.218142 -1.000000 -0.000001 -0.000026 0.630137 0.252446
knife_butterfly.bmp
  40 0.680003 3.331437 -0.361858 -1.000000 -0.000001 -0.000026 0.557730 0.264188
  40 0.690003 3.231437 -0.301858 -1.000000 -0.000001 -0.000026 0.565558 0.277886
  40 0.690002 3.431438 0.218142 -1.000000 -0.000001 -0.000026 0.630137 0.252446
knife_butterfly.bmp
  40 0.690002 3.431438 0.218142 -1.000000 -0.000001 -0.000026 0.630137 0.252446
  40 0.690003 3.231437 -0.301858 -1.000000 -0.000001 -0.000026 0.565558 0.277886
  40 0.670002 3.301437 -0.031858 -1.000000 -0.000001 -0.000026 0.596869 0.268102
knife_butterfly.bmp
  40 0.690003 3.231437 -0.301858 -1.000000 -0.000001 -0.000026 0.565558 0.277886
  40 0.670002 3.281437 -0.071858 -1.000000 -0.000001 -0.000026 0.592955 0.272016
  40 0.670002 3.301437 -0.031858 -1.000000 -0.000001 -0.000026 0.596869 0.268102
knife_butterfly.bmp
  37 1.250000 4.500000 0.379997 0.272351 0.794501 0.542764 0.363992 0.185910
  37 1.270000 4.530000 0.329997 0.700095 0.534366 0.473624 0.358121 0.181996
  37 1.250000 4.530000 0.339997 0.313505 0.701120 0.640426 0.360078 0.181996
knife_butterfly.bmp
  37 1.250000 4.530000 0.339997 0.313505 0.701120 0.640426 0.360078 0.181996
  37 1.270000 4.530000 0.329997 0.700095 0.534366 0.473624 0.358121 0.181996
  37 1.270000 4.550000 0.319997 0.621993 0.650610 0.435697 0.356164 0.180039
knife_butterfly.bmp
  37 1.270000 4.530000 0.329997 0.700095 0.534366 0.473624 0.358121 0.181996
  37 1.280000 4.530000 0.299997 0.913309 0.401091 -0.070664 0.354207 0.181996
  37 1.270000 4.550000 0.319997 0.621993 0.650610 0.435697 0.356164 0.180039
knife_butterfly.bmp
  37 1.270000 4.550000 0.319997 0.621993 0.650610 0.435697 0.356164 0.180039
  37 1.280000 4.530000 0.299997 0.913309 0.401091 -0.070664 0.354207 0.181996
  37 1.270000 4.550000 0.299997 0.602797 0.795956 -0.055592 0.354207 0.180039
knife_butterfly.bmp
  37 1.280000 4.530000 0.299997 0.913309 0.401091 -0.070664 0.354207 0.181996
  37 1.280000 4.520000 0.279997 0.890591 0.360997 -0.276637 0.352250 0.183953
  37 1.270000 4.550000 0.299997 0.602797 0.795956 -0.055592 0.354207 0.180039
knife_butterfly.bmp
  37 1.270000 4.550000 0.299997 0.602797 0.795956 -0.055592 0.354207 0.180039
  37 1.280000 4.520000 0.279997 0.890591 0.360997 -0.276637 0.352250 0.183953
  37 1.270000 4.530000 0.269997 0.604630 0.611031 -0.510944 0.350294 0.181996
knife_butterfly.bmp
  37 1.280000 4.520000 0.279997 0.890591 0.360997 -0.276637 0.352250 0.183953
  37 1.280000 4.469999 0.229997 0.887671 0.317392 -0.333619 0.346380 0.189824
  37 1.270000 4.530000 0.269997 0.604630 0.611031 -0.510944 0.350294 0.181996
knife_butterfly.bmp
  37 1.270000 4.530000 0.269997 0.604630 0.611031 -0.510944 0.350294 0.181996
  37 1.280000 4.469999 0.229997 0.887671 0.317392 -0.333619 0.346380 0.189824
  37 1.270000 4.480000 0.209997 0.642288 0.543160 -0.540781 0.344423 0.187867
knife_butterfly.bmp
  37 1.280000 4.469999 0.229997 0.887671 0.317392 -0.333619 0.346380 0.189824
  37 1.280000 4.409999 0.179997 0.937357 0.255974 -0.236304 0.340509 0.195695
  37 1.270000 4.480000 0.209997 0.642288 0.543160 -0.540781 0.344423 0.187867
knife_butterfly.bmp
  37 1.270000 4.480000 0.209997 0.642288 0.543160 -0.540781 0.344423 0.187867
  37 1.280000 4.409999 0.179997 0.937357 0.255974 -0.236304 0.340509 0.195695
  37 1.270000 4.420000 0.149997 0.695761 0.522606 -0.492747 0.338552 0.195695
knife_butterfly.bmp
  37 1.280000 4.409999 0.179997 0.937357 0.255974 -0.236304 0.340509 0.195695
  37 1.270000 4.320000 0.049997 0.695761 0.522606 -0.492747 0.324853 0.205479
  37 1.270000 4.420000 0.149997 0.695761 0.522606 -0.492747 0.338552 0.195695
knife_butterfly.bmp
  37 1.270000 4.420000 0.149997 0.695761 0.522606 -0.492747 0.338552 0.195695
  37 1.270000 4.320000 0.049997 0.695761 0.522606 -0.492747 0.324853 0.205479
  37 1.250000 4.329999 0.039997 0.151725 0.719425 -0.677796 0.324853 0.205479
knife_butterfly.bmp
  37 1.270000 4.320000 0.049997 0.695761 0.522606 -0.492747 0.324853 0.205479
  37 1.250000 4.209999 -0.090003 0.133377 0.593895 -0.793410 0.309198 0.219178
  37 1.250000 4.329999 0.039997 0.151725 0.719425 -0.677796 0.324853 0.205479
knife_butterfly.bmp
  40 0.730004 3.831436 -0.651859 -0.133367 0.607622 -0.782948 0.526419 0.205479
  40 0.680003 3.941436 -0.511860 -0.680753 0.544543 -0.489947 0.542074 0.191781
  40 0.710003 3.951436 -0.511860 -0.146644 0.731098 -0.666326 0.542074 0.191781
knife_butterfly.bmp
  40 0.710003 3.951436 -0.511860 -0.146644 0.731098 -0.666326 0.542074 0.191781
  40 0.680003 3.941436 -0.511860 -0.680753 0.544543 -0.489947 0.542074 0.191781
  40 0.680003 4.031436 -0.381860 -0.653770 0.555971 -0.513304 0.555773 0.181996
knife_butterfly.bmp
  40 0.680003 3.941436 -0.511860 -0.680753 0.544543 -0.489947 0.542074 0.191781
  40 0.680003 4.031436 -0.361860 -0.916548 0.286923 -0.278595 0.557730 0.181996
  40 0.680003 4.031436 -0.381860 -0.653770 0.555971 -0.513304 0.555773 0.181996
knife_butterfly.bmp
  40 0.680003 4.031436 -0.381860 -0.653770 0.555971 -0.513304 0.555773 0.181996
  40 0.680003 4.031436 -0.361860 -0.916548 0.286923 -0.278595 0.557730 0.181996
  40 0.700003 4.091437 -0.331860 -0.653770 0.555971 -0.513304 0.561644 0.174168
knife_butterfly.bmp
  40 0.680003 4.031436 -0.361860 -0.916548 0.286923 -0.278595 0.557730 0.181996
  40 0.690003 4.091437 -0.301860 -0.916548 0.286923 -0.278595 0.565558 0.174168
  40 0.700003 4.091437 -0.331860 -0.653770 0.555971 -0.513304 0.561644 0.174168
knife_butterfly.bmp
  40 0.700003 4.091437 -0.331860 -0.653770 0.555971 -0.513304 0.561644 0.174168
  40 0.690003 4.091437 -0.301860 -0.916548 0.286923 -0.278595 0.565558 0.174168
  40 0.700003 4.141437 -0.291860 -0.595452 0.615911 -0.515840 0.569472 0.168297
knife_butterfly.bmp
  40 0.690003 4.091437 -0.301860 -0.916548 0.286923 -0.278595 0.565558 0.174168
  40 0.690003 4.141437 -0.271860 -0.862604 0.401087 -0.308291 0.571429 0.168297
  40 0.700003 4.141437 -0.291860 -0.595452 0.615911 -0.515840 0.569472 0.168297
knife_butterfly.bmp
  40 0.700003 4.141437 -0.291860 -0.595452 0.615911 -0.515840 0.569472 0.168297
  40 0.690003 4.141437 -0.271860 -0.862604 0.401087 -0.308291 0.571429 0.168297
  40 0.700003 4.171437 -0.251860 -0.618423 0.769413 -0.159867 0.573386 0.164384
knife_butterfly.bmp
  40 0.690003 4.141437 -0.271860 -0.862604 0.401087 -0.308291 0.571429 0.168297
  40 0.690003 4.151437 -0.251860 -0.914482 0.384482 -0.126078 0.573386 0.168297
  40 0.700003 4.171437 -0.251860 -0.618423 0.769413 -0.159867 0.573386 0.164384
knife_butterfly.bmp
  40 0.700003 4.171437 -0.251860 -0.618423 0.769413 -0.159867 0.573386 0.164384
  40 0.690003 4.151437 -0.251860 -0.914482 0.384482 -0.126078 0.573386 0.168297
  40 0.700003 4.171437 -0.221860 -0.650018 0.692363 0.313226 0.577299 0.164384
knife_butterfly.bmp
  40 0.690003 4.151437 -0.251860 -0.914482 0.384482 -0.126078 0.573386 0.168297
  40 0.700003 4.151437 -0.201860 -0.738843 0.482468 0.470463 0.579256 0.168297
  40 0.700003 4.171437 -0.221860 -0.650018 0.692363 0.313226 0.577299 0.164384
knife_butterfly.bmp
  40 0.700003 4.171437 -0.221860 -0.650018 0.692363 0.313226 0.577299 0.164384
  40 0.700003 4.151437 -0.201860 -0.738843 0.482468 0.470463 0.579256 0.168297
  40 0.730003 4.151437 -0.191860 -0.290436 0.706905 0.644928 0.581213 0.166341
knife_butterfly.bmp
  40 0.700003 4.151437 -0.201860 -0.738843 0.482468 0.470463 0.579256 0.168297
  40 0.730003 4.121437 -0.141860 -0.290436 0.706905 0.644928 0.585127 0.170254
  40 0.730003 4.151437 -0.191860 -0.290436 0.706905 0.644928 0.581213 0.166341
knife_butterfly.bmp
  37 0.710000 4.209999 -0.090003 -0.133383 0.593896 -0.793408 0.309198 0.219178
  37 0.690000 4.320000 0.049997 -0.695741 0.522616 -0.492764 0.324853 0.205479
  37 0.710000 4.329999 0.039997 -0.147260 0.718665 -0.679584 0.322896 0.205479
knife_butterfly.bmp
  37 0.710000 4.329999 0.039997 -0.147260 0.718665 -0.679584 0.322896 0.205479
  37 0.690000 4.320000 0.049997 -0.695741 0.522616 -0.492764 0.324853 0.205479
  37 0.690000 4.420000 0.149997 -0.695741 0.522616 -0.492764 0.336595 0.195695
knife_butterfly.bmp
  37 0.690000 4.320000 0.049997 -0.695741 0.522616 -0.492764 0.324853 0.205479
  37 0.690000 4.409999 0.179997 -0.937344 0.255998 -0.236327 0.338552 0.195695
  37 0.690000 4.420000 0.149997 -0.695741 0.522616 -0.492764 0.336595 0.195695
knife_butterfly.bmp
  37 0.690000 4.420000 0.149997 -0.695741 0.522616 -0.492764 0.336595 0.195695
  37 0.690000 4.409999 0.179997 -0.937344 0.255998 -0.236327 0.338552 0.195695
  37 0.690000 4.480000 0.209997 -0.642284 0.543160 -0.540785 0.342466 0.187867
knife_butterfly.bmp
  37 0.690000 4.409999 0.179997 -0.937344 0.255998 -0.236327 0.338552 0.195695
  37 0.690000 4.469999 0.229997 -0.887663 0.317406 -0.333629 0.346380 0.189824
  37 0.690000 4.480000 0.209997 -0.642284 0.543160 -0.540785 0.342466 0.187867
knife_butterfly.bmp
  37 0.690000 4.480000 0.209997 -0.642284 0.543160 -0.540785 0.342466 0.187867
  37 0.690000 4.469999 0.229997 -0.887663 0.317406 -0.333629 0.346380 0.189824
  37 0.690000 4.530000 0.269997 -0.604639 0.611027 -0.510938 0.350294 0.181996
knife_butterfly.bmp
  37 0.690000 4.469999 0.229997 -0.887663 0.317406 -0.333629 0.346380 0.189824
  37 0.690000 4.520000 0.279997 -0.890577 0.361019 -0.276653 0.352250 0.183953
  37 0.690000 4.530000 0.269997 -0.604639 0.611027 -0.510938 0.350294 0.181996
knife_butterfly.bmp
  37 0.690000 4.530000 0.269997 -0.604639 0.611027 -0.510938 0.350294 0.181996
  37 0.690000 4.520000 0.279997 -0.890577 0.361019 -0.276653 0.352250 0.183953
  37 0.690000 4.550000 0.299997 -0.602807 0.795948 -0.055596 0.354207 0.180039
knife_butterfly.bmp
  37 0.690000 4.520000 0.279997 -0.890577 0.361019 -0.276653 0.352250 0.183953
  37 0.690000 4.530000 0.299997 -0.913301 0.401106 -0.070682 0.354207 0.181996
  37 0.690000 4.550000 0.299997 -0.602807 0.795948 -0.055596 0.354207 0.180039
knife_butterfly.bmp
  37 0.690000 4.550000 0.299997 -0.602807 0.795948 -0.055596 0.354207 0.180039
  37 0.690000 4.530000 0.299997 -0.913301 0.401106 -0.070682 0.354207 0.181996
  37 0.690000 4.550000 0.319997 -0.621995 0.650617 0.435683 0.356164 0.180039
knife_butterfly.bmp
  37 0.690000 4.530000 0.299997 -0.913301 0.401106 -0.070682 0.354207 0.181996
  37 0.690000 4.530000 0.329997 -0.700093 0.534370 0.473623 0.358121 0.181996
  37 0.690000 4.550000 0.319997 -0.621995 0.650617 0.435683 0.356164 0.180039
knife_butterfly.bmp
  37 0.690000 4.550000 0.319997 -0.621995 0.650617 0.435683 0.356164 0.180039
  37 0.690000 4.530000 0.329997 -0.700093 0.534370 0.473623 0.358121 0.181996
  37 0.710000 4.530000 0.339997 -0.313498 0.701118 0.640431 0.358121 0.181996
knife_butterfly.bmp
  37 0.690000 4.530000 0.329997 -0.700093 0.534370 0.473623 0.358121 0.181996
  37 0.710000 4.500000 0.379997 -0.272342 0.794504 0.542764 0.363992 0.185910
  37 0.710000 4.530000 0.339997 -0.313498 0.701118 0.640431 0.358121 0.181996
knife_butterfly.bmp
  40 1.280002 2.841438 0.038144 -0.000003 -0.167258 0.985913 0.761252 0.170254
  40 1.280002 2.881438 0.048144 -0.000004 -0.494375 0.869249 0.761252 0.172211
  40 1.080002 2.841438 0.058144 -0.000003 -0.167258 0.985913 0.747554 0.170254
knife_butterfly.bmp
  40 1.080002 2.841438 0.058144 -0.000003 -0.167258 0.985913 0.747554 0.170254
  40 1.280002 2.881438 0.048144 -0.000004 -0.494375 0.869249 0.761252 0.172211
  40 1.080002 2.881438 0.068144 -0.000004 -0.494375 0.869249 0.747554 0.172211
knife_butterfly.bmp
  40 1.280002 2.881438 0.048144 -0.000004 -0.494375 0.869249 0.761252 0.172211
  40 1.280002 2.911438 0.098144 -0.000001 -0.761861 0.647741 0.761252 0.174168
  40 1.080002 2.881438 0.068144 -0.000004 -0.494375 0.869249 0.747554 0.172211
knife_butterfly.bmp
  40 1.080002 2.881438 0.068144 -0.000004 -0.494375 0.869249 0.747554 0.172211
  40 1.280002 2.911438 0.098144 -0.000001 -0.761861 0.647741 0.761252 0.174168
  40 1.080002 2.911438 0.078144 -0.000001 -0.761861 0.647741 0.747554 0.174168
knife_butterfly.bmp
  40 1.280002 2.911438 0.098144 -0.000001 -0.761861 0.647741 0.761252 0.174168
  40 1.280002 2.931438 0.128144 -0.000001 -0.937456 0.348103 0.761252 0.178082
  40 1.080002 2.911438 0.078144 -0.000001 -0.761861 0.647741 0.747554 0.174168
knife_butterfly.bmp
  40 1.080002 2.911438 0.078144 -0.000001 -0.761861 0.647741 0.747554 0.174168
  40 1.280002 2.931438 0.128144 -0.000001 -0.937456 0.348103 0.761252 0.178082
  40 1.100002 2.931438 0.108144 -0.000001 -0.937456 0.348103 0.747554 0.178082
knife_butterfly.bmp
  40 1.280002 2.931438 0.128144 -0.000001 -0.937456 0.348103 0.761252 0.178082
  40 1.300002 2.931438 0.168144 0.000000 -0.999979 0.006503 0.761252 0.180039
  40 1.100002 2.931438 0.108144 -0.000001 -0.937456 0.348103 0.747554 0.178082
knife_butterfly.bmp
  40 1.100002 2.931438 0.108144 -0.000001 -0.937456 0.348103 0.747554 0.178082
  40 1.300002 2.931438 0.168144 0.000000 -0.999979 0.006503 0.761252 0.180039
  40 1.100002 2.931438 0.148144 0.000000 -0.999979 0.006503 0.747554 0.180039
knife_butterfly.bmp
  40 1.300002 2.931438 0.168144 0.000000 -0.999979 0.006503 0.761252 0.180039
  40 1.300002 2.931438 0.208144 0.000003 -0.941897 -0.335902 0.761252 0.183953
  40 1.100002 2.931438 0.148144 0.000000 -0.999979 0.006503 0.747554 0.180039
knife_butterfly.bmp
  40 1.100002 2.931438 0.148144 0.000000 -0.999979 0.006503 0.747554 0.180039
  40 1.300002 2.931438 0.208144 0.000003 -0.941897 -0.335902 0.761252 0.183953
  40 1.100002 2.931438 0.188144 0.000003 -0.941897 -0.335902 0.747554 0.181996
knife_butterfly.bmp
  40 1.300002 2.931438 0.208144 0.000003 -0.941897 -0.335902 0.761252 0.183953
  40 1.300002 2.911438 0.238144 0.000006 -0.770196 -0.637807 0.761252 0.185910
  40 1.100002 2.931438 0.188144 0.000003 -0.941897 -0.335902 0.747554 0.181996
knife_butterfly.bmp
  40 1.100002 2.931438 0.188144 0.000003 -0.941897 -0.335902 0.747554 0.181996
  40 1.300002 2.911438 0.238144 0.000006 -0.770196 -0.637807 0.761252 0.185910
  40 1.100002 2.911438 0.218144 0.000006 -0.770196 -0.637807 0.747554 0.185910
knife_butterfly.bmp
  40 1.300002 2.911438 0.238144 0.000006 -0.770196 -0.637807 0.761252 0.185910
  40 1.300002 2.881438 0.248144 0.000002 -0.505224 -0.862988 0.761252 0.187867
  40 1.100002 2.911438 0.218144 0.000006 -0.770196 -0.637807 0.747554 0.185910
knife_butterfly.bmp
  37 0.690000 4.280000 0.059997 -1.000000 0.000000 0.000000 0.324853 0.211350
  37 0.690000 4.360000 0.499997 -1.000000 0.000000 0.000000 0.375734 0.201566
  37 0.690000 4.400000 0.189997 -1.000000 0.000000 0.000000 0.340509 0.197652
knife_butterfly.bmp
  37 0.690000 4.280000 0.059997 -1.000000 0.000000 0.000000 0.324853 0.211350
  37 0.690000 4.159999 0.359997 -1.000000 0.000000 0.000000 0.360078 0.225049
  37 0.690000 4.360000 0.499997 -1.000000 0.000000 0.000000 0.375734 0.201566
knife_butterfly.bmp
  37 0.690000 4.280000 0.059997 -1.000000 0.000000 0.000000 0.324853 0.211350
  37 0.690000 4.150000 0.329997 -1.000000 0.000000 0.000000 0.356164 0.227006
  37 0.690000 4.159999 0.359997 -1.000000 0.000000 0.000000 0.360078 0.225049
knife_butterfly.bmp
  37 0.690000 4.280000 0.059997 -1.000000 0.000000 0.000000 0.324853 0.211350
  37 0.690000 4.130000 0.299997 -1.000000 0.000000 0.000000 0.352250 0.228963
  37 0.690000 4.150000 0.329997 -1.000000 0.000000 0.000000 0.356164 0.227006
knife_butterfly.bmp
  37 0.690000 4.280000 0.059997 -1.000000 0.000000 0.000000 0.324853 0.211350
  37 0.690000 4.099999 0.269997 -1.000000 0.000000 0.000000 0.350294 0.230920
  37 0.690000 4.130000 0.299997 -1.000000 0.000000 0.000000 0.352250 0.228963
knife_butterfly.bmp
  37 0.690000 4.280000 0.059997 -1.000000 0.000000 0.000000 0.324853 0.211350
  37 0.690000 3.959999 -0.010002 -1.000000 0.000000 0.000000 0.317025 0.248532
  37 0.690000 4.099999 0.269997 -1.000000 0.000000 0.000000 0.350294 0.230920
knife_butterfly.bmp
  37 0.690000 4.280000 0.059997 -1.000000 0.000000 0.000000 0.324853 0.211350
  37 0.690000 4.010000 -0.050002 -1.000000 0.000000 0.000000 0.313112 0.242661
  37 0.690000 3.959999 -0.010002 -1.000000 0.000000 0.000000 0.317025 0.248532
knife_butterfly.bmp
  37 0.690000 4.280000 0.059997 -1.000000 0.000000 0.000000 0.324853 0.211350
  37 0.690000 4.149999 -0.070003 -1.000000 0.000000 0.000000 0.311155 0.225049
  37 0.690000 4.010000 -0.050002 -1.000000 0.000000 0.000000 0.313112 0.242661
knife_butterfly.bmp
  37 0.690000 4.280000 0.059997 -1.000000 0.000000 0.000000 0.324853 0.211350
  37 0.690000 4.169999 -0.070003 -1.000000 0.000000 0.000000 0.309198 0.223092
  37 0.690000 4.149999 -0.070003 -1.000000 0.000000 0.000000 0.311155 0.225049
knife_butterfly.bmp
  37 0.690000 4.280000 0.059997 -1.000000 0.000000 0.000000 0.324853 0.211350
  37 0.690000 4.300000 0.049997 -1.000000 0.000000 0.000000 0.324853 0.209393
  37 0.690000 4.169999 -0.070003 -1.000000 0.000000 0.000000 0.309198 0.223092
knife_butterfly.bmp
  37 0.690000 4.280000 0.059997 -1.000000 0.000000 0.000000 0.324853 0.211350
  37 0.690000 4.409999 0.179997 -1.000000 0.000000 0.000000 0.338552 0.195695
  37 0.690000 4.300000 0.049997 -1.000000 0.000000 0.000000 0.324853 0.209393
knife_butterfly.bmp
  37 0.690000 4.280000 0.059997 -1.000000 0.000000 0.000000 0.324853 0.211350
  37 0.690000 4.400000 0.189997 -1.000000 0.000000 0.000000 0.340509 0.197652
  37 0.690000 4.409999 0.179997 -1.000000 0.000000 0.000000 0.338552 0.195695
knife_butterfly.bmp
  37 1.110000 3.280000 0.479998 -0.529795 -0.122333 -0.839257 0.350294 0.111546
  37 1.070000 3.280000 0.509998 -0.743850 -0.112749 -0.658768 0.350294 0.115460
  37 1.070000 3.380000 0.509998 -0.743844 0.205745 -0.635897 0.342466 0.119374
knife_butterfly.bmp
  37 1.070000 3.380000 0.509998 -0.743844 0.205745 -0.635897 0.342466 0.119374
  37 1.070000 3.280000 0.509998 -0.743850 -0.112749 -0.658768 0.350294 0.115460
  37 1.030000 3.370000 0.559998 -0.975803 0.073829 -0.205810 0.344423 0.123288
knife_butterfly.bmp
  37 1.070000 3.280000 0.509998 -0.743850 -0.112749 -0.658768 0.350294 0.115460
  37 1.030000 3.270000 0.549998 -0.965779 -0.037197 -0.256686 0.352250 0.121331
  37 1.030000 3.370000 0.559998 -0.975803 0.073829 -0.205810 0.344423 0.123288
knife_butterfly.bmp
  37 1.030000 3.370000 0.559998 -0.975803 0.073829 -0.205810 0.344423 0.123288
  37 1.030000 3.270000 0.549998 -0.965779 -0.037197 -0.256686 0.352250 0.121331
  37 1.030000 3.380000 0.569998 -0.975467 0.149403 -0.161689 0.342466 0.125245
knife_butterfly.bmp
  37 1.030000 3.270000 0.549998 -0.965779 -0.037197 -0.256686 0.352250 0.121331
  37 1.030000 3.430000 0.669998 -0.964014 0.263625 -0.034333 0.342466 0.136986
  37 1.030000 3.380000 0.569998 -0.975467 0.149403 -0.161689 0.342466 0.125245
knife_butterfly.bmp
  37 1.030000 3.380000 0.569998 -0.975467 0.149403 -0.161689 0.342466 0.125245
  37 1.030000 3.430000 0.669998 -0.964014 0.263625 -0.034333 0.342466 0.136986
  37 1.030000 3.420000 0.609998 -0.976608 0.201144 -0.076014 0.340509 0.131115
knife_butterfly.bmp
  37 1.030000 3.430000 0.669998 -0.964014 0.263625 -0.034333 0.342466 0.136986
  37 1.070000 3.460000 0.579998 -0.744409 0.630113 -0.220936 0.336595 0.129159
  37 1.030000 3.420000 0.609998 -0.976608 0.201144 -0.076014 0.340509 0.131115
knife_butterfly.bmp
  37 1.030000 3.420000 0.609998 -0.976608 0.201144 -0.076014 0.340509 0.131115
  37 1.070000 3.460000 0.579998 -0.744409 0.630113 -0.220936 0.336595 0.129159
  37 1.030000 3.380000 0.569998 -0.975467 0.149403 -0.161689 0.342466 0.125245
knife_butterfly.bmp
  37 1.070000 3.460000 0.579998 -0.744409 0.630113 -0.220936 0.336595 0.129159
  37 1.070000 3.420000 0.539998 -0.742080 0.475066 -0.472895 0.338552 0.123288
  37 1.030000 3.380000 0.569998 -0.975467 0.149403 -0.161689 0.342466 0.125245
knife_butterfly.bmp
  37 1.030000 3.380000 0.569998 -0.975467 0.149403 -0.161689 0.342466 0.125245
  37 1.070000 3.420000 0.539998 -0.742080 0.475066 -0.472895 0.338552 0.123288
  37 1.070000 3.380000 0.509998 -0.743844 0.205745 -0.635897 0.342466 0.119374
knife_butterfly.bmp
  37 1.070000 3.420000 0.539998 -0.742080 0.475066 -0.472895 0.338552 0.123288
  37 1.110000 3.380000 0.489998 -0.529786 0.241030 -0.813161 0.340509 0.115460
  37 1.070000 3.380000 0.509998 -0.743844 0.205745 -0.635897 0.342466 0.119374
knife_butterfly.bmp
  37 1.070000 3.380000 0.509998 -0.743844 0.205745 -0.635897 0.342466 0.119374
  37 1.110000 3.380000 0.489998 -0.529786 0.241030 -0.813161 0.340509 0.115460
  37 1.110000 3.280000 0.479998 -0.529795 -0.122333 -0.839257 0.350294 0.111546
knife_butterfly.bmp
  37 1.250000 3.380000 0.489998 0.529786 0.241025 -0.813163 0.342466 0.095890
  37 1.290000 3.420000 0.539998 0.742080 0.475062 -0.472899 0.340509 0.088063
  37 1.290000 3.380000 0.509998 0.743845 0.205741 -0.635898 0.344423 0.091977
knife_butterfly.bmp
  37 1.290000 3.380000 0.509998 0.743845 0.205741 -0.635898 0.344423 0.091977
  37 1.290000 3.420000 0.539998 0.742080 0.475062 -0.472899 0.340509 0.088063
  37 1.330000 3.380000 0.569998 0.975466 0.149400 -0.161694 0.344423 0.086106
knife_butterfly.bmp
  37 1.290000 3.420000 0.539998 0.742080 0.475062 -0.472899 0.340509 0.088063
  37 1.290000 3.460000 0.579998 0.744418 0.630104 -0.220932 0.336595 0.082192
  37 1.330000 3.380000 0.569998 0.975466 0.149400 -0.161694 0.344423 0.086106
knife_butterfly.bmp
  37 1.330000 3.380000 0.569998 0.975466 0.149400 -0.161694 0.344423 0.086106
  37 1.290000 3.460000 0.579998 0.744418 0.630104 -0.220932 0.336595 0.082192
  37 1.330000 3.420000 0.609998 0.976608 0.201143 -0.076014 0.342466 0.080235
knife_butterfly.bmp
  37 1.290000 3.460000 0.579998 0.744418 0.630104 -0.220932 0.336595 0.082192
  37 1.330000 3.430000 0.669998 0.964011 0.263636 -0.034328 0.342466 0.074364
  37 1.330000 3.420000 0.609998 0.976608 0.201143 -0.076014 0.342466 0.080235
knife_butterfly.bmp
  37 1.330000 3.420000 0.609998 0.976608 0.201143 -0.076014 0.342466 0.080235
  37 1.330000 3.430000 0.669998 0.964011 0.263636 -0.034328 0.342466 0.074364
  37 1.330000 3.380000 0.569998 0.975466 0.149400 -0.161694 0.344423 0.086106
knife_butterfly.bmp
  37 1.330000 3.430000 0.669998 0.964011 0.263636 -0.034328 0.342466 0.074364
  37 1.330000 3.270000 0.549998 0.965779 -0.037204 -0.256685 0.354207 0.090020
  37 1.330000 3.380000 0.569998 0.975466 0.149400 -0.161694 0.344423 0.086106
knife_butterfly.bmp
  37 1.330000 3.380000 0.569998 0.975466 0.149400 -0.161694 0.344423 0.086106
  37 1.330000 3.270000 0.549998 0.965779 -0.037204 -0.256685 0.354207 0.090020
  37 1.330000 3.370000 0.559998 0.975805 0.073817 -0.205807 0.344423 0.086106
knife_butterfly.bmp
  37 1.330000 3.270000 0.549998 0.965779 -0.037204 -0.256685 0.354207 0.090020
  37 1.290000 3.280000 0.509998 0.743845 -0.112744 -0.658774 0.352250 0.093933
  37 1.330000 3.370000 0.559998 0.975805 0.073817 -0.205807 0.344423 0.086106
knife_butterfly.bmp
  37 1.330000 3.370000 0.559998 0.975805 0.073817 -0.205807 0.344423 0.086106
  37 1.290000 3.280000 0.509998 0.743845 -0.112744 -0.658774 0.352250 0.093933
  37 1.290000 3.380000 0.509998 0.743845 0.205741 -0.635898 0.344423 0.091977
knife_butterfly.bmp
  37 1.290000 3.280000 0.509998 0.743845 -0.112744 -0.658774 0.352250 0.093933
  37 1.250000 3.280000 0.479998 0.529783 -0.122325 -0.839266 0.352250 0.097847
  37 1.290000 3.380000 0.509998 0.743845 0.205741 -0.635898 0.344423 0.091977
knife_butterfly.bmp
  37 1.290000 3.380000 0.509998 0.743845 0.205741 -0.635898 0.344423 0.091977
  37 1.250000 3.280000 0.479998 0.529783 -0.122325 -0.839266 0.352250 0.097847
  37 1.250000 3.380000 0.489998 0.529786 0.241025 -0.813163 0.342466 0.095890
knife_butterfly.bmp
  37 0.880000 3.380000 0.489998 0.529786 0.241025 -0.813163 0.342466 0.095890
  37 0.900000 3.420000 0.539998 0.742080 0.475062 -0.472899 0.340509 0.088063
  37 0.900000 3.380000 0.509998 0.743845 0.205741 -0.635898 0.344423 0.091977
knife_butterfly.bmp
  37 0.900000 3.380000 0.509998 0.743845 0.205741 -0.635898 0.344423 0.091977
  37 0.900000 3.420000 0.539998 0.742080 0.475062 -0.472899 0.340509 0.088063
  37 0.940000 3.380000 0.569998 0.975466 0.149400 -0.161694 0.344423 0.086106
knife_butterfly.bmp
  37 0.900000 3.420000 0.539998 0.742080 0.475062 -0.472899 0.340509 0.088063
  37 0.900000 3.460000 0.579998 0.744418 0.630104 -0.220932 0.336595 0.082192
  37 0.940000 3.380000 0.569998 0.975466 0.149400 -0.161694 0.344423 0.086106
knife_butterfly.bmp
  37 0.940000 3.380000 0.569998 0.975466 0.149400 -0.161694 0.344423 0.086106
  37 0.900000 3.460000 0.579998 0.744418 0.630104 -0.220932 0.336595 0.082192
  37 0.940000 3.420000 0.609998 0.976608 0.201143 -0.076014 0.342466 0.080235
knife_butterfly.bmp
  37 0.900000 3.460000 0.579998 0.744418 0.630104 -0.220932 0.336595 0.082192
  37 0.940000 3.430000 0.669998 0.964011 0.263636 -0.034328 0.342466 0.074364
  37 0.940000 3.420000 0.609998 0.976608 0.201143 -0.076014 0.342466 0.080235
knife_butterfly.bmp
  37 0.940000 3.420000 0.609998 0.976608 0.201143 -0.076014 0.342466 0.080235
  37 0.940000 3.430000 0.669998 0.964011 0.263636 -0.034328 0.342466 0.074364
  37 0.940000 3.380000 0.569998 0.975466 0.149400 -0.161694 0.344423 0.086106
knife_butterfly.bmp
  37 0.940000 3.430000 0.669998 0.964011 0.263636 -0.034328 0.342466 0.074364
  37 0.940000 3.270000 0.549998 0.965779 -0.037204 -0.256685 0.354207 0.090020
  37 0.940000 3.380000 0.569998 0.975466 0.149400 -0.161694 0.344423 0.086106
knife_butterfly.bmp
  37 0.940000 3.380000 0.569998 0.975466 0.149400 -0.161694 0.344423 0.086106
  37 0.940000 3.270000 0.549998 0.965779 -0.037204 -0.256685 0.354207 0.090020
  37 0.940000 3.370000 0.559998 0.975805 0.073817 -0.205807 0.344423 0.086106
knife_butterfly.bmp
  37 0.940000 3.270000 0.549998 0.965779 -0.037204 -0.256685 0.354207 0.090020
  37 0.900000 3.280000 0.509998 0.743845 -0.112744 -0.658774 0.352250 0.093933
  37 0.940000 3.370000 0.559998 0.975805 0.073817 -0.205807 0.344423 0.086106
knife_butterfly.bmp
  37 0.940000 3.370000 0.559998 0.975805 0.073817 -0.205807 0.344423 0.086106
  37 0.900000 3.280000 0.509998 0.743845 -0.112744 -0.658774 0.352250 0.093933
  37 0.900000 3.380000 0.509998 0.743845 0.205741 -0.635898 0.344423 0.091977
knife_butterfly.bmp
  37 0.900000 3.280000 0.509998 0.743845 -0.112744 -0.658774 0.352250 0.093933
  37 0.880000 3.280000 0.479998 0.529783 -0.122325 -0.839266 0.352250 0.097847
  37 0.900000 3.380000 0.509998 0.743845 0.205741 -0.635898 0.344423 0.091977
knife_butterfly.bmp
  37 0.900000 3.380000 0.509998 0.743845 0.205741 -0.635898 0.344423 0.091977
  37 0.880000 3.280000 0.479998 0.529783 -0.122325 -0.839266 0.352250 0.097847
  37 0.880000 3.380000 0.489998 0.529786 0.241025 -0.813163 0.342466 0.095890
knife_butterfly.bmp
  37 1.280000 4.280000 0.059997 1.000000 0.000000 0.000000 0.326810 0.211350
  37 1.280000 4.400000 0.189997 1.000000 0.000000 0.000000 0.342466 0.197652
  37 1.280000 4.360000 0.499997 1.000000 0.000000 0.000000 0.377691 0.201566
knife_butterfly.bmp
  37 1.280000 4.280000 0.059997 1.000000 0.000000 0.000000 0.326810 0.211350
  37 1.280000 4.409999 0.179997 1.000000 0.000000 0.000000 0.340509 0.195695
  37 1.280000 4.400000 0.189997 1.000000 0.000000 0.000000 0.342466 0.197652
knife_butterfly.bmp
  37 1.280000 4.280000 0.059997 1.000000 0.000000 0.000000 0.326810 0.211350
  37 1.280000 4.300000 0.049997 1.000000 0.000000 0.000000 0.326810 0.209393
  37 1.280000 4.409999 0.179997 1.000000 0.000000 0.000000 0.340509 0.195695
knife_butterfly.bmp
  37 1.280000 4.280000 0.059997 1.000000 0.000000 0.000000 0.326810 0.211350
  37 1.280000 4.169999 -0.070003 1.000000 0.000000 0.000000 0.311155 0.223092
  37 1.280000 4.300000 0.049997 1.000000 0.000000 0.000000 0.326810 0.209393
knife_butterfly.bmp
  37 1.280000 4.280000 0.059997 1.000000 0.000000 0.000000 0.326810 0.211350
  37 1.280000 4.149999 -0.070003 1.000000 0.000000 0.000000 0.311155 0.225049
  37 1.280000 4.169999 -0.070003 1.000000 0.000000 0.000000 0.311155 0.223092
knife_butterfly.bmp
  37 1.280000 4.280000 0.059997 1.000000 0.000000 0.000000 0.326810 0.211350
  37 1.280000 4.010000 -0.050002 1.000000 0.000000 0.000000 0.313112 0.242661
  37 1.280000 4.149999 -0.070003 1.000000 0.000000 0.000000 0.311155 0.225049
knife_butterfly.bmp
  37 1.280000 4.280000 0.059997 1.000000 0.000000 0.000000 0.326810 0.211350
  37 1.280000 3.959999 -0.010002 1.000000 0.000000 0.000000 0.318982 0.248532
  37 1.280000 4.010000 -0.050002 1.000000 0.000000 0.000000 0.313112 0.242661
knife_butterfly.bmp
  37 1.280000 4.280000 0.059997 1.000000 0.000000 0.000000 0.326810 0.211350
  37 1.280000 4.099999 0.269997 1.000000 0.000000 0.000000 0.352250 0.230920
  37 1.280000 3.959999 -0.010002 1.000000 0.000000 0.000000 0.318982 0.248532
knife_butterfly.bmp
  37 1.280000 4.280000 0.059997 1.000000 0.000000 0.000000 0.326810 0.211350
  37 1.280000 4.130000 0.299997 1.000000 0.000000 0.000000 0.354207 0.228963
  37 1.280000 4.099999 0.269997 1.000000 0.000000 0.000000 0.352250 0.230920
knife_butterfly.bmp
  37 1.280000 4.280000 0.059997 1.000000 0.000000 0.000000 0.326810 0.211350
  37 1.280000 4.150000 0.329997 1.000000 0.000000 0.000000 0.358121 0.227006
  37 1.280000 4.130000 0.299997 1.000000 0.000000 0.000000 0.354207 0.228963
knife_butterfly.bmp
  37 1.280000 4.280000 0.059997 1.000000 0.000000 0.000000 0.326810 0.211350
  37 1.280000 4.159999 0.359997 1.000000 0.000000 0.000000 0.362035 0.225049
  37 1.280000 4.150000 0.329997 1.000000 0.000000 0.000000 0.358121 0.227006
knife_butterfly.bmp
  37 1.280000 4.280000 0.059997 1.000000 0.000000 0.000000 0.326810 0.211350
  37 1.280000 4.360000 0.499997 1.000000 0.000000 0.000000 0.377691 0.201566
  37 1.280000 4.159999 0.359997 1.000000 0.000000 0.000000 0.362035 0.225049
knife_butterfly.bmp
  37 0.700000 3.280000 0.479998 -0.529795 -0.122333 -0.839257 0.350294 0.111546
  37 0.680000 3.280000 0.509998 -0.743850 -0.112749 -0.658768 0.350294 0.115460
  37 0.680000 3.380000 0.509998 -0.743844 0.205745 -0.635897 0.342466 0.119374
knife_butterfly.bmp
  37 0.680000 3.380000 0.509998 -0.743844 0.205745 -0.635897 0.342466 0.119374
  37 0.680000 3.280000 0.509998 -0.743850 -0.112749 -0.658768 0.350294 0.115460
  37 0.640000 3.370000 0.559998 -0.975803 0.073829 -0.205810 0.344423 0.123288
knife_butterfly.bmp
  37 0.680000 3.280000 0.509998 -0.743850 -0.112749 -0.658768 0.350294 0.115460
  37 0.640000 3.270000 0.549998 -0.965779 -0.037197 -0.256686 0.352250 0.121331
  37 0.640000 3.370000 0.559998 -0.975803 0.073829 -0.205810 0.344423 0.123288
knife_butterfly.bmp
  37 0.640000 3.370000 0.559998 -0.975803 0.073829 -0.205810 0.344423 0.123288
  37 0.640000 3.270000 0.549998 -0.965779 -0.037197 -0.256686 0.352250 0.121331
  37 0.640000 3.380000 0.569998 -0.975467 0.149403 -0.161689 0.342466 0.125245
knife_butterfly.bmp
  37 0.640000 3.270000 0.549998 -0.965779 -0.037197 -0.256686 0.352250 0.121331
  37 0.640000 3.430000 0.669998 -0.964014 0.263625 -0.034333 0.342466 0.136986
  37 0.640000 3.380000 0.569998 -0.975467 0.149403 -0.161689 0.342466 0.125245
knife_butterfly.bmp
  37 0.640000 3.380000 0.569998 -0.975467 0.149403 -0.161689 0.342466 0.125245
  37 0.640000 3.430000 0.669998 -0.964014 0.263625 -0.034333 0.342466 0.136986
  37 0.640000 3.420000 0.609998 -0.976608 0.201144 -0.076014 0.340509 0.131115
knife_butterfly.bmp
  37 0.640000 3.430000 0.669998 -0.964014 0.263625 -0.034333 0.342466 0.136986
  37 0.680000 3.460000 0.579998 -0.744409 0.630113 -0.220936 0.336595 0.129159
  37 0.640000 3.420000 0.609998 -0.976608 0.201144 -0.076014 0.340509 0.131115
knife_butterfly.bmp
  37 0.640000 3.420000 0.609998 -0.976608 0.201144 -0.076014 0.340509 0.131115
  37 0.680000 3.460000 0.579998 -0.744409 0.630113 -0.220936 0.336595 0.129159
  37 0.640000 3.380000 0.569998 -0.975467 0.149403 -0.161689 0.342466 0.125245
knife_butterfly.bmp
  37 0.680000 3.460000 0.579998 -0.744409 0.630113 -0.220936 0.336595 0.129159
  37 0.680000 3.420000 0.539998 -0.742080 0.475066 -0.472895 0.338552 0.123288
  37 0.640000 3.380000 0.569998 -0.975467 0.149403 -0.161689 0.342466 0.125245
knife_butterfly.bmp
  37 0.640000 3.380000 0.569998 -0.975467 0.149403 -0.161689 0.342466 0.125245
  37 0.680000 3.420000 0.539998 -0.742080 0.475066 -0.472895 0.338552 0.123288
  37 0.680000 3.380000 0.509998 -0.743844 0.205745 -0.635897 0.342466 0.119374
knife_butterfly.bmp
  37 0.680000 3.420000 0.539998 -0.742080 0.475066 -0.472895 0.338552 0.123288
  37 0.700000 3.380000 0.489998 -0.529786 0.241030 -0.813161 0.340509 0.115460
  37 0.680000 3.380000 0.509998 -0.743844 0.205745 -0.635897 0.342466 0.119374
knife_butterfly.bmp
  37 0.680000 3.380000 0.509998 -0.743844 0.205745 -0.635897 0.342466 0.119374
  37 0.700000 3.380000 0.489998 -0.529786 0.241030 -0.813161 0.340509 0.115460
  37 0.700000 3.280000 0.479998 -0.529795 -0.122333 -0.839257 0.350294 0.111546
knife_butterfly.bmp
  37 0.880000 3.850000 0.859998 -0.000002 0.453906 0.891049 0.929550 0.299413
  37 0.710000 3.670000 0.949998 0.000000 0.392669 0.919680 0.947162 0.322896
  37 0.880000 3.670000 0.949998 0.000000 0.392669 0.919680 0.929550 0.322896
knife_butterfly.bmp
  37 0.880000 3.670000 0.949998 0.000000 0.392669 0.919680 0.929550 0.322896
  37 0.710000 3.670000 0.949998 0.000000 0.392669 0.919680 0.947162 0.322896
  37 0.880000 3.470000 0.999998 0.000001 0.351744 0.936096 0.929550 0.346380
knife_butterfly.bmp
  37 0.710000 3.670000 0.949998 0.000000 0.392669 0.919680 0.947162 0.322896
  37 0.710000 3.470000 0.999998 0.000001 0.351744 0.936096 0.947162 0.346380
  37 0.880000 3.470000 0.999998 0.000001 0.351744 0.936096 0.929550 0.346380
knife_butterfly.bmp
  37 0.880000 3.470000 0.999998 0.000001 0.351744 0.936096 0.929550 0.346380
  37 0.710000 3.470000 0.999998 0.000001 0.351744 0.936096 0.947162 0.346380
  37 0.880000 3.250000 1.089998 0.000001 0.351744 0.936096 0.929550 0.367906
knife_butterfly.bmp
  37 0.710000 3.470000 0.999998 0.000001 0.351744 0.936096 0.947162 0.346380
  37 0.710000 3.250000 1.089998 0.000001 0.351744 0.936096 0.947162 0.367906
  37 0.880000 3.250000 1.089998 0.000001 0.351744 0.936096 0.929550 0.367906
knife_butterfly.bmp
  37 0.880000 3.250000 1.089998 0.000001 0.351744 0.936096 0.929550 0.367906
  37 0.710000 3.250000 1.089998 0.000001 0.351744 0.936096 0.947162 0.367906
  37 0.880000 3.050000 1.139998 0.000001 0.351744 0.936096 0.929550 0.391389
knife_butterfly.bmp
  37 0.710000 3.250000 1.089998 0.000001 0.351744 0.936096 0.947162 0.367906
  37 0.710000 3.050000 1.139998 0.000001 0.351744 0.936096 0.947162 0.391389
  37 0.880000 3.050000 1.139998 0.000001 0.351744 0.936096 0.929550 0.391389
knife_butterfly.bmp
  37 0.880000 3.050000 1.139998 0.000001 0.351744 0.936096 0.929550 0.391389
  37 0.710000 3.050000 1.139998 0.000001 0.351744 0.936096 0.947162 0.391389
  37 0.880000 2.850000 1.209998 -0.000003 0.279938 0.960018 0.929550 0.412916
knife_butterfly.bmp
  37 0.710000 3.050000 1.139998 0.000001 0.351744 0.936096 0.947162 0.391389
  37 0.710000 2.850000 1.209998 -0.000003 0.279938 0.960018 0.947162 0.412916
  37 0.880000 2.850000 1.209998 -0.000003 0.279938 0.960018 0.929550 0.412916
knife_butterfly.bmp
  37 0.880000 2.850000 1.209998 -0.000003 0.279938 0.960018 0.929550 0.412916
  37 0.710000 2.850000 1.209998 -0.000003 0.279938 0.960018 0.947162 0.412916
  37 0.880000 2.650000 1.259998 -0.000003 0.279938 0.960018 0.929550 0.434442
knife_butterfly.bmp
  37 0.710000 2.850000 1.209998 -0.000003 0.279938 0.960018 0.947162 0.412916
  37 0.710000 2.650000 1.259998 -0.000003 0.279938 0.960018 0.947162 0.434442
  37 0.880000 2.650000 1.259998 -0.000003 0.279938 0.960018 0.929550 0.434442
knife_butterfly.bmp
  37 0.880000 3.609999 0.159998 1.000000 0.000000 0.000000 0.442270 0.289628
  37 0.880000 3.490000 0.489998 1.000000 0.000000 0.000000 0.481409 0.303327
  37 0.880000 3.410000 0.279998 1.000000 0.000000 0.000000 0.454012 0.311155
knife_butterfly.bmp
  37 0.880000 3.609999 0.159998 1.000000 0.000000 0.000000 0.442270 0.289628
  37 0.880000 3.510000 0.459998 1.000000 0.000000 0.000000 0.477495 0.301370
  37 0.880000 3.490000 0.489998 1.000000 0.000000 0.000000 0.481409 0.303327
knife_butterfly.bmp
  37 0.880000 3.609999 0.159998 1.000000 0.000000 0.000000 0.442270 0.289628
  37 0.880000 3.540000 0.429998 1.000000 0.000000 0.000000 0.473581 0.297456
  37 0.880000 3.510000 0.459998 1.000000 0.000000 0.000000 0.477495 0.301370
knife_butterfly.bmp
  37 0.880000 3.609999 0.159998 1.000000 0.000000 0.000000 0.442270 0.289628
  37 0.880000 3.570000 0.419998 1.000000 0.000000 0.000000 0.471624 0.293542
  37 0.880000 3.540000 0.429998 1.000000 0.000000 0.000000 0.473581 0.297456
knife_butterfly.bmp
  37 0.880000 3.609999 0.159998 1.000000 0.000000 0.000000 0.442270 0.289628
  37 0.880000 3.610000 0.419998 1.000000 0.000000 0.000000 0.471624 0.289628
  37 0.880000 3.570000 0.419998 1.000000 0.000000 0.000000 0.471624 0.293542
knife_butterfly.bmp
  37 0.880000 3.609999 0.159998 1.000000 0.000000 0.000000 0.442270 0.289628
  37 0.880000 3.620000 0.419998 1.000000 0.000000 0.000000 0.473581 0.287671
  37 0.880000 3.610000 0.419998 1.000000 0.000000 0.000000 0.471624 0.289628
knife_butterfly.bmp
  37 0.880000 3.609999 0.159998 1.000000 0.000000 0.000000 0.442270 0.289628
  37 0.880000 3.650000 0.429998 1.000000 0.000000 0.000000 0.473581 0.285714
  37 0.880000 3.620000 0.419998 1.000000 0.000000 0.000000 0.473581 0.287671
knife_butterfly.bmp
  37 0.880000 3.609999 0.159998 1.000000 0.000000 0.000000 0.442270 0.289628
  37 0.880000 3.680000 0.459998 1.000000 0.000000 0.000000 0.475538 0.281800
  37 0.880000 3.650000 0.429998 1.000000 0.000000 0.000000 0.473581 0.285714
knife_butterfly.bmp
  37 0.880000 3.609999 0.159998 1.000000 0.000000 0.000000 0.442270 0.289628
  37 0.880000 3.700000 0.489998 1.000000 0.000000 0.000000 0.479452 0.279843
  37 0.880000 3.680000 0.459998 1.000000 0.000000 0.000000 0.475538 0.281800
knife_butterfly.bmp
  37 0.880000 3.609999 0.159998 1.000000 0.000000 0.000000 0.442270 0.289628
  37 0.880000 3.850000 0.859998 1.000000 0.000000 0.000000 0.522505 0.260274
  37 0.880000 3.700000 0.489998 1.000000 0.000000 0.000000 0.479452 0.279843
knife_butterfly.bmp
  37 0.880000 3.609999 0.159998 1.000000 0.000000 0.000000 0.442270 0.289628
  37 0.880000 3.709999 0.109998 1.000000 0.000000 0.000000 0.436399 0.275930
  37 0.880000 3.850000 0.859998 1.000000 0.000000 0.000000 0.522505 0.260274
knife_butterfly.bmp
  37 1.250000 2.650000 1.259998 -0.000003 0.279938 0.960018 0.968689 0.434442
  37 1.250000 2.850000 1.209998 -0.000003 0.279938 0.960018 0.968689 0.412916
  37 1.100000 2.650000 1.259998 -0.000003 0.279938 0.960018 0.986301 0.434442
knife_butterfly.bmp
  37 1.100000 2.650000 1.259998 -0.000003 0.279938 0.960018 0.986301 0.434442
  37 1.250000 2.850000 1.209998 -0.000003 0.279938 0.960018 0.968689 0.412916
  37 1.100000 2.850000 1.209998 -0.000003 0.279938 0.960018 0.986301 0.412916
knife_butterfly.bmp
  37 1.250000 2.850000 1.209998 -0.000003 0.279938 0.960018 0.968689 0.412916
  37 1.250000 3.050000 1.139998 0.000001 0.351744 0.936096 0.968689 0.391389
  37 1.100000 2.850000 1.209998 -0.000003 0.279938 0.960018 0.986301 0.412916
knife_butterfly.bmp
  37 1.100000 2.850000 1.209998 -0.000003 0.279938 0.960018 0.986301 0.412916
  37 1.250000 3.050000 1.139998 0.000001 0.351744 0.936096 0.968689 0.391389
  37 1.100000 3.050000 1.139998 0.000001 0.351744 0.936096 0.986301 0.391389
knife_butterfly.bmp
  37 1.250000 3.050000 1.139998 0.000001 0.351744 0.936096 0.968689 0.391389
  37 1.250000 3.250000 1.089998 0.000001 0.351744 0.936096 0.968689 0.367906
  37 1.100000 3.050000 1.139998 0.000001 0.351744 0.936096 0.986301 0.391389
knife_butterfly.bmp
  37 1.100000 3.050000 1.139998 0.000001 0.351744 0.936096 0.986301 0.391389
  37 1.250000 3.250000 1.089998 0.000001 0.351744 0.936096 0.968689 0.367906
  37 1.100000 3.250000 1.089998 0.000001 0.351744 0.936096 0.986301 0.367906
knife_butterfly.bmp
  37 1.250000 3.250000 1.089998 0.000001 0.351744 0.936096 0.968689 0.367906
  37 1.250000 3.470000 0.999998 0.000001 0.351744 0.936096 0.968689 0.346380
  37 1.100000 3.250000 1.089998 0.000001 0.351744 0.936096 0.986301 0.367906
knife_butterfly.bmp
  37 1.100000 3.250000 1.089998 0.000001 0.351744 0.936096 0.986301 0.367906
  37 1.250000 3.470000 0.999998 0.000001 0.351744 0.936096 0.968689 0.346380
  37 1.100000 3.470000 0.999998 0.000001 0.351744 0.936096 0.986301 0.346380
knife_butterfly.bmp
  37 1.250000 3.470000 0.999998 0.000001 0.351744 0.936096 0.968689 0.346380
  37 1.250000 3.670000 0.949998 0.000000 0.392669 0.919680 0.968689 0.322896
  37 1.100000 3.470000 0.999998 0.000001 0.351744 0.936096 0.986301 0.346380
knife_butterfly.bmp
  37 1.100000 3.470000 0.999998 0.000001 0.351744 0.936096 0.986301 0.346380
  37 1.250000 3.670000 0.949998 0.000000 0.392669 0.919680 0.968689 0.322896
  37 1.100000 3.670000 0.949998 0.000000 0.392669 0.919680 0.986301 0.322896
knife_butterfly.bmp
  37 1.250000 3.670000 0.949998 0.000000 0.392669 0.919680 0.968689 0.322896
  37 1.100000 3.850000 0.859998 -0.000002 0.453906 0.891049 0.986301 0.299413
  37 1.100000 3.670000 0.949998 0.000000 0.392669 0.919680 0.986301 0.322896
knife_butterfly.bmp
  37 1.100000 3.609999 0.159998 -1.000000 0.000000 0.000000 0.442270 0.289628
  37 1.100000 3.850000 0.859998 -1.000000 0.000000 0.000000 0.522505 0.260274
  37 1.100000 3.709999 0.109998 -1.000000 0.000000 0.000000 0.436399 0.275930
knife_butterfly.bmp
  37 1.100000 3.609999 0.159998 -1.000000 0.000000 0.000000 0.442270 0.289628
  37 1.100000 3.700000 0.489998 -1.000000 0.000000 0.000000 0.479452 0.279843
  37 1.100000 3.850000 0.859998 -1.000000 0.000000 0.000000 0.522505 0.260274
knife_butterfly.bmp
  37 1.100000 3.609999 0.159998 -1.000000 0.000000 0.000000 0.442270 0.289628
  37 1.100000 3.680000 0.459998 -1.000000 0.000000 0.000000 0.475538 0.281800
  37 1.100000 3.700000 0.489998 -1.000000 0.000000 0.000000 0.479452 0.279843
knife_butterfly.bmp
  37 1.100000 3.609999 0.159998 -1.000000 0.000000 0.000000 0.442270 0.289628
  37 1.100000 3.650000 0.429998 -1.000000 0.000000 0.000000 0.473581 0.285714
  37 1.100000 3.680000 0.459998 -1.000000 0.000000 0.000000 0.475538 0.281800
knife_butterfly.bmp
  37 1.100000 3.609999 0.159998 -1.000000 0.000000 0.000000 0.442270 0.289628
  37 1.100000 3.620000 0.419998 -1.000000 0.000000 0.000000 0.473581 0.287671
  37 1.100000 3.650000 0.429998 -1.000000 0.000000 0.000000 0.473581 0.285714
knife_butterfly.bmp
  37 1.100000 3.609999 0.159998 -1.000000 0.000000 0.000000 0.442270 0.289628
  37 1.100000 3.610000 0.419998 -1.000000 0.000000 0.000000 0.471624 0.289628
  37 1.100000 3.620000 0.419998 -1.000000 0.000000 0.000000 0.473581 0.287671
knife_butterfly.bmp
  37 1.100000 3.609999 0.159998 -1.000000 0.000000 0.000000 0.442270 0.289628
  37 1.100000 3.570000 0.419998 -1.000000 0.000000 0.000000 0.471624 0.293542
  37 1.100000 3.610000 0.419998 -1.000000 0.000000 0.000000 0.471624 0.289628
knife_butterfly.bmp
  37 1.100000 3.609999 0.159998 -1.000000 0.000000 0.000000 0.442270 0.289628
  37 1.100000 3.540000 0.429998 -1.000000 0.000000 0.000000 0.473581 0.297456
  37 1.100000 3.570000 0.419998 -1.000000 0.000000 0.000000 0.471624 0.293542
knife_butterfly.bmp
  37 1.100000 3.609999 0.159998 -1.000000 0.000000 0.000000 0.442270 0.289628
  37 1.100000 3.510000 0.459998 -1.000000 0.000000 0.000000 0.477495 0.301370
  37 1.100000 3.540000 0.429998 -1.000000 0.000000 0.000000 0.473581 0.297456
knife_butterfly.bmp
  37 1.100000 3.609999 0.159998 -1.000000 0.000000 0.000000 0.442270 0.289628
  37 1.100000 3.490000 0.489998 -1.000000 0.000000 0.000000 0.481409 0.303327
  37 1.100000 3.510000 0.459998 -1.000000 0.000000 0.000000 0.477495 0.301370
knife_butterfly.bmp
  37 1.100000 3.609999 0.159998 -1.000000 0.000000 0.000000 0.442270 0.289628
  37 1.100000 3.410000 0.279998 -1.000000 0.000000 0.000000 0.454012 0.311155
  37 1.100000 3.490000 0.489998 -1.000000 0.000000 0.000000 0.481409 0.303327
knife_butterfly.bmp
  40 0.870002 2.881438 0.048143 -0.000004 -0.494375 0.869249 0.743640 0.168297
  40 0.870002 2.911438 0.078143 -0.000001 -0.761861 0.647741 0.743640 0.172211
  40 0.670002 2.911438 0.098143 -0.000001 -0.761861 0.647741 0.729941 0.172211
knife_butterfly.bmp
  40 0.670002 2.911438 0.098143 -0.000001 -0.761861 0.647741 0.729941 0.172211
  40 0.870002 2.911438 0.078143 -0.000001 -0.761861 0.647741 0.743640 0.172211
  40 0.670002 2.931438 0.128143 -0.000001 -0.937456 0.348103 0.729941 0.174168
knife_butterfly.bmp
  40 0.870002 2.911438 0.078143 -0.000001 -0.761861 0.647741 0.743640 0.172211
  40 0.870002 2.931438 0.108143 -0.000001 -0.937456 0.348103 0.743640 0.174168
  40 0.670002 2.931438 0.128143 -0.000001 -0.937456 0.348103 0.729941 0.174168
knife_butterfly.bmp
  40 0.670002 2.931438 0.128143 -0.000001 -0.937456 0.348103 0.729941 0.174168
  40 0.870002 2.931438 0.108143 -0.000001 -0.937456 0.348103 0.743640 0.174168
  40 0.690002 2.931438 0.168143 0.000000 -0.999979 0.006503 0.729941 0.176125
knife_butterfly.bmp
  40 0.870002 2.931438 0.108143 -0.000001 -0.937456 0.348103 0.743640 0.174168
  40 0.890002 2.931438 0.148143 0.000000 -0.999979 0.006503 0.743640 0.176125
  40 0.690002 2.931438 0.168143 0.000000 -0.999979 0.006503 0.729941 0.176125
knife_butterfly.bmp
  40 0.690002 2.931438 0.168143 0.000000 -0.999979 0.006503 0.729941 0.176125
  40 0.890002 2.931438 0.148143 0.000000 -0.999979 0.006503 0.743640 0.176125
  40 0.690002 2.931438 0.208143 0.000003 -0.941897 -0.335902 0.729941 0.180039
knife_butterfly.bmp
  40 0.890002 2.931438 0.148143 0.000000 -0.999979 0.006503 0.743640 0.176125
  40 0.890002 2.931438 0.188143 0.000003 -0.941897 -0.335902 0.743640 0.180039
  40 0.690002 2.931438 0.208143 0.000003 -0.941897 -0.335902 0.729941 0.180039
knife_butterfly.bmp
  40 0.690002 2.931438 0.208143 0.000003 -0.941897 -0.335902 0.729941 0.180039
  40 0.890002 2.931438 0.188143 0.000003 -0.941897 -0.335902 0.743640 0.180039
  40 0.690002 2.911438 0.238143 0.000006 -0.770196 -0.637807 0.729941 0.181996
knife_butterfly.bmp
  40 0.890002 2.931438 0.188143 0.000003 -0.941897 -0.335902 0.743640 0.180039
  40 0.890002 2.911438 0.218143 0.000006 -0.770196 -0.637807 0.743640 0.181996
  40 0.690002 2.911438 0.238143 0.000006 -0.770196 -0.637807 0.729941 0.181996
knife_butterfly.bmp
  40 0.690002 2.911438 0.238143 0.000006 -0.770196 -0.637807 0.729941 0.181996
  40 0.890002 2.911438 0.218143 0.000006 -0.770196 -0.637807 0.743640 0.181996
  40 0.690002 2.881438 0.268143 0.000002 -0.505224 -0.862988 0.729941 0.185910
knife_butterfly.bmp
  40 0.890002 2.911438 0.218143 0.000006 -0.770196 -0.637807 0.743640 0.181996
  40 0.890002 2.881438 0.248143 0.000002 -0.505224 -0.862988 0.743640 0.183953
  40 0.690002 2.881438 0.268143 0.000002 -0.505224 -0.862988 0.729941 0.185910
knife_butterfly.bmp
  40 0.870003 3.251437 -0.111858 -0.000004 -0.494375 0.869249 0.825832 0.181996
  40 0.870002 3.281437 -0.091858 -0.000001 -0.761861 0.647741 0.823875 0.181996
  40 0.670002 3.281437 -0.071858 -0.000001 -0.761861 0.647741 0.821918 0.168297
knife_butterfly.bmp
  40 0.670002 3.281437 -0.071858 -0.000001 -0.761861 0.647741 0.821918 0.168297
  40 0.870002 3.281437 -0.091858 -0.000001 -0.761861 0.647741 0.823875 0.181996
  40 0.670002 3.301437 -0.031858 -0.000001 -0.937456 0.348103 0.819961 0.168297
knife_butterfly.bmp
  40 0.870002 3.281437 -0.091858 -0.000001 -0.761861 0.647741 0.823875 0.181996
  40 0.870002 3.301437 -0.051858 -0.000001 -0.937456 0.348103 0.819961 0.181996
  40 0.670002 3.301437 -0.031858 -0.000001 -0.937456 0.348103 0.819961 0.168297
knife_butterfly.bmp
  40 0.670002 3.301437 -0.031858 -0.000001 -0.937456 0.348103 0.819961 0.168297
  40 0.870002 3.301437 -0.051858 -0.000001 -0.937456 0.348103 0.819961 0.181996
  40 0.670002 3.301437 -0.001858 0.000000 -0.999979 0.006503 0.818004 0.168297
knife_butterfly.bmp
  40 0.870002 3.301437 -0.051858 -0.000001 -0.937456 0.348103 0.819961 0.181996
  40 0.870002 3.301437 -0.021858 0.000000 -0.999979 0.006503 0.818004 0.181996
  40 0.670002 3.301437 -0.001858 0.000000 -0.999979 0.006503 0.818004 0.168297
knife_butterfly.bmp
  40 0.670002 3.301437 -0.001858 0.000000 -0.999979 0.006503 0.818004 0.168297
  40 0.870002 3.301437 -0.021858 0.000000 -0.999979 0.006503 0.818004 0.181996
  40 0.670002 3.301437 0.038142 0.000003 -0.941897 -0.335902 0.814090 0.168297
knife_butterfly.bmp
  40 0.870002 3.301437 -0.021858 0.000000 -0.999979 0.006503 0.818004 0.181996
  40 0.870002 3.301437 0.018142 0.000003 -0.941897 -0.335902 0.814090 0.181996
  40 0.670002 3.301437 0.038142 0.000003 -0.941897 -0.335902 0.814090 0.168297
knife_butterfly.bmp
  40 0.670002 3.301437 0.038142 0.000003 -0.941897 -0.335902 0.814090 0.168297
  40 0.870002 3.301437 0.018142 0.000003 -0.941897 -0.335902 0.814090 0.181996
  40 0.670002 3.281437 0.078142 0.000006 -0.770196 -0.637807 0.812133 0.168297
knife_butterfly.bmp
  40 0.870002 3.301437 0.018142 0.000003 -0.941897 -0.335902 0.814090 0.181996
  40 0.870002 3.281437 0.058142 0.000006 -0.770196 -0.637807 0.812133 0.181996
  40 0.670002 3.281437 0.078142 0.000006 -0.770196 -0.637807 0.812133 0.168297
knife_butterfly.bmp
  40 0.670002 3.281437 0.078142 0.000006 -0.770196 -0.637807 0.812133 0.168297
  40 0.870002 3.281437 0.058142 0.000006 -0.770196 -0.637807 0.812133 0.181996
  40 0.670002 3.251438 0.098142 0.000002 -0.505224 -0.862988 0.810176 0.168297
knife_butterfly.bmp
  40 0.870002 3.281437 0.058142 0.000006 -0.770196 -0.637807 0.812133 0.181996
  40 0.870002 3.251438 0.078142 0.000002 -0.505224 -0.862988 0.810176 0.181996
  40 0.670002 3.251438 0.098142 0.000002 -0.505224 -0.862988 0.810176 0.168297
knife_butterfly.bmp
  37 1.280000 3.650000 0.429998 0.000001 -0.479133 0.877742 0.816047 0.287671
  37 1.280000 3.680000 0.459998 -0.000001 -0.750465 0.660910 0.816047 0.283757
  37 1.100000 3.650000 0.429998 0.000001 -0.479133 0.877742 0.829746 0.287671
knife_butterfly.bmp
  37 1.100000 3.650000 0.429998 0.000001 -0.479133 0.877742 0.829746 0.287671
  37 1.280000 3.680000 0.459998 -0.000001 -0.750465 0.660910 0.816047 0.283757
  37 1.100000 3.680000 0.459998 -0.000001 -0.750465 0.660910 0.829746 0.283757
knife_butterfly.bmp
  37 1.280000 3.680000 0.459998 -0.000001 -0.750465 0.660910 0.816047 0.283757
  37 1.280000 3.700000 0.489998 0.000001 -0.931247 0.364389 0.816047 0.281800
  37 1.100000 3.680000 0.459998 -0.000001 -0.750465 0.660910 0.829746 0.283757
knife_butterfly.bmp
  37 1.100000 3.680000 0.459998 -0.000001 -0.750465 0.660910 0.829746 0.283757
  37 1.280000 3.700000 0.489998 0.000001 -0.931247 0.364389 0.816047 0.281800
  37 1.100000 3.700000 0.489998 0.000001 -0.931247 0.364389 0.829746 0.281800
knife_butterfly.bmp
  37 1.280000 3.700000 0.489998 0.000001 -0.931247 0.364389 0.816047 0.281800
  37 1.280000 3.700000 0.519998 0.000000 -0.999752 0.022287 0.816047 0.279843
  37 1.100000 3.700000 0.489998 0.000001 -0.931247 0.364389 0.829746 0.281800
knife_butterfly.bmp
  37 1.100000 3.700000 0.489998 0.000001 -0.931247 0.364389 0.829746 0.281800
  37 1.280000 3.700000 0.519998 0.000000 -0.999752 0.022287 0.816047 0.279843
  37 1.100000 3.700000 0.519998 0.000000 -0.999752 0.022287 0.829746 0.279843
knife_butterfly.bmp
  37 1.280000 3.700000 0.519998 0.000000 -0.999752 0.022287 0.816047 0.279843
  37 1.280000 3.700000 0.559998 0.000001 -0.947602 -0.319454 0.816047 0.275930
  37 1.100000 3.700000 0.519998 0.000000 -0.999752 0.022287 0.829746 0.279843
knife_butterfly.bmp
  37 1.100000 3.700000 0.519998 0.000000 -0.999752 0.022287 0.829746 0.279843
  37 1.280000 3.700000 0.559998 0.000001 -0.947602 -0.319454 0.816047 0.275930
  37 1.100000 3.700000 0.559998 0.000001 -0.947602 -0.319454 0.829746 0.275930
knife_butterfly.bmp
  37 1.280000 3.700000 0.559998 0.000001 -0.947602 -0.319454 0.816047 0.275930
  37 1.280000 3.680000 0.599998 0.000002 -0.760551 -0.649278 0.816047 0.273973
  37 1.100000 3.700000 0.559998 0.000001 -0.947602 -0.319454 0.829746 0.275930
knife_butterfly.bmp
  37 1.100000 3.700000 0.559998 0.000001 -0.947602 -0.319454 0.829746 0.275930
  37 1.280000 3.680000 0.599998 0.000002 -0.760551 -0.649278 0.816047 0.273973
  37 1.100000 3.680000 0.599998 0.000002 -0.760551 -0.649278 0.829746 0.273973
knife_butterfly.bmp
  37 1.280000 3.680000 0.599998 0.000002 -0.760551 -0.649278 0.816047 0.273973
  37 1.100000 3.650000 0.619998 0.000002 -0.533886 -0.845556 0.829746 0.270059
  37 1.100000 3.680000 0.599998 0.000002 -0.760551 -0.649278 0.829746 0.273973
knife_butterfly.bmp
  37 0.710000 3.670000 0.949998 0.000000 0.392669 0.919680 0.947162 0.322896
  37 0.880000 3.850000 0.859998 -0.000002 0.453906 0.891049 0.929550 0.299413
  37 0.710000 3.850000 0.859998 -0.000002 0.453906 0.891049 0.947162 0.299413
knife_butterfly.bmp
  37 0.710000 3.850000 0.859998 -0.000002 0.453906 0.891049 0.947162 0.299413
  37 0.880000 3.850000 0.859998 -0.000002 0.453906 0.891049 0.929550 0.299413
  37 0.710000 4.070000 0.749997 -0.000001 0.519445 0.854504 0.947162 0.275930
knife_butterfly.bmp
  37 0.880000 3.850000 0.859998 -0.000002 0.453906 0.891049 0.929550 0.299413
  37 0.880000 4.070000 0.749997 -0.000001 0.519445 0.854504 0.929550 0.275930
  37 0.710000 4.070000 0.749997 -0.000001 0.519445 0.854504 0.947162 0.275930
knife_butterfly.bmp
  37 0.710000 4.070000 0.749997 -0.000001 0.519445 0.854504 0.947162 0.275930
  37 0.880000 4.070000 0.749997 -0.000001 0.519445 0.854504 0.929550 0.275930
  37 0.710000 4.290000 0.589997 -0.000003 0.560917 0.827872 0.947162 0.244618
knife_butterfly.bmp
  37 0.880000 4.070000 0.749997 -0.000001 0.519445 0.854504 0.929550 0.275930
  37 0.880000 4.290000 0.589997 -0.000003 0.560917 0.827872 0.929550 0.244618
  37 0.710000 4.290000 0.589997 -0.000003 0.560917 0.827872 0.947162 0.244618
knife_butterfly.bmp
  37 0.710000 4.290000 0.589997 -0.000003 0.560917 0.827872 0.947162 0.244618
  37 0.880000 4.290000 0.589997 -0.000003 0.560917 0.827872 0.929550 0.244618
  37 0.710000 4.370000 0.529997 -0.000001 0.616819 0.787105 0.947162 0.234834
knife_butterfly.bmp
  37 0.880000 4.290000 0.589997 -0.000003 0.560917 0.827872 0.929550 0.244618
  37 0.880000 4.370000 0.529997 -0.000001 0.616819 0.787105 0.929550 0.234834
  37 0.710000 4.370000 0.529997 -0.000001 0.616819 0.787105 0.947162 0.234834
knife_butterfly.bmp
  37 0.710000 4.370000 0.529997 -0.000001 0.616819 0.787105 0.947162 0.234834
  37 0.880000 4.370000 0.529997 -0.000001 0.616819 0.787105 0.929550 0.234834
  37 0.710000 4.410000 0.499997 0.000000 0.690988 0.722866 0.947162 0.228963
knife_butterfly.bmp
  37 0.880000 4.370000 0.529997 -0.000001 0.616819 0.787105 0.929550 0.234834
  37 0.880000 4.410000 0.499997 0.000000 0.690988 0.722866 0.929550 0.228963
  37 0.710000 4.410000 0.499997 0.000000 0.690988 0.722866 0.947162 0.228963
knife_butterfly.bmp
  37 0.710000 4.410000 0.499997 0.000000 0.690988 0.722866 0.947162 0.228963
  37 0.880000 4.410000 0.499997 0.000000 0.690988 0.722866 0.929550 0.228963
  37 0.880000 4.469999 0.439997 0.000000 0.769964 0.638087 0.929550 0.221135
knife_butterfly.bmp
  37 0.880000 4.280000 0.059997 1.000000 0.000000 0.000000 0.430528 0.211350
  37 0.880000 4.420000 0.139997 1.000000 0.000000 0.000000 0.440313 0.193738
  37 0.880000 4.400000 0.189997 1.000000 0.000000 0.000000 0.446184 0.197652
knife_butterfly.bmp
  37 0.880000 4.280000 0.059997 1.000000 0.000000 0.000000 0.430528 0.211350
  37 0.880000 4.329999 0.039997 1.000000 0.000000 0.000000 0.428571 0.205479
  37 0.880000 4.420000 0.139997 1.000000 0.000000 0.000000 0.440313 0.193738
knife_butterfly.bmp
  37 0.880000 4.280000 0.059997 1.000000 0.000000 0.000000 0.430528 0.211350
  37 0.880000 4.209999 -0.090003 1.000000 0.000000 0.000000 0.412916 0.219178
  37 0.880000 4.329999 0.039997 1.000000 0.000000 0.000000 0.428571 0.205479
knife_butterfly.bmp
  37 0.880000 4.280000 0.059997 1.000000 0.000000 0.000000 0.430528 0.211350
  37 0.880000 4.149999 -0.070003 1.000000 0.000000 0.000000 0.414873 0.225049
  37 0.880000 4.209999 -0.090003 1.000000 0.000000 0.000000 0.412916 0.219178
knife_butterfly.bmp
  37 0.880000 4.280000 0.059997 1.000000 0.000000 0.000000 0.430528 0.211350
  37 0.880000 3.959999 -0.050002 1.000000 0.000000 0.000000 0.416830 0.248532
  37 0.880000 4.149999 -0.070003 1.000000 0.000000 0.000000 0.414873 0.225049
knife_butterfly.bmp
  37 0.880000 4.280000 0.059997 1.000000 0.000000 0.000000 0.430528 0.211350
  37 0.880000 3.949999 -0.040002 1.000000 0.000000 0.000000 0.418787 0.250489
  37 0.880000 3.959999 -0.050002 1.000000 0.000000 0.000000 0.416830 0.248532
knife_butterfly.bmp
  37 0.880000 4.280000 0.059997 1.000000 0.000000 0.000000 0.430528 0.211350
  37 0.880000 4.099999 0.269997 1.000000 0.000000 0.000000 0.455969 0.230920
  37 0.880000 3.949999 -0.040002 1.000000 0.000000 0.000000 0.418787 0.250489
knife_butterfly.bmp
  37 0.880000 4.280000 0.059997 1.000000 0.000000 0.000000 0.430528 0.211350
  37 0.880000 4.130000 0.299997 1.000000 0.000000 0.000000 0.457926 0.228963
  37 0.880000 4.099999 0.269997 1.000000 0.000000 0.000000 0.455969 0.230920
knife_butterfly.bmp
  37 0.880000 4.280000 0.059997 1.000000 0.000000 0.000000 0.430528 0.211350
  37 0.880000 4.150000 0.329997 1.000000 0.000000 0.000000 0.461840 0.227006
  37 0.880000 4.130000 0.299997 1.000000 0.000000 0.000000 0.457926 0.228963
knife_butterfly.bmp
  37 0.880000 4.280000 0.059997 1.000000 0.000000 0.000000 0.430528 0.211350
  37 0.880000 4.400000 0.189997 1.000000 0.000000 0.000000 0.446184 0.197652
  37 0.880000 4.150000 0.329997 1.000000 0.000000 0.000000 0.461840 0.227006
knife_butterfly.bmp
  37 0.880000 4.070000 0.749997 1.000000 0.000000 0.000000 0.510763 0.238748
  37 0.880000 4.130000 0.439997 1.000000 0.000000 0.000000 0.473581 0.228963
  37 0.880000 4.290000 0.589997 1.000000 0.000000 0.000000 0.491194 0.209393
knife_butterfly.bmp
  37 0.880000 4.070000 0.749997 1.000000 0.000000 0.000000 0.510763 0.238748
  37 0.880000 4.100000 0.459997 1.000000 0.000000 0.000000 0.477495 0.230920
  37 0.880000 4.130000 0.439997 1.000000 0.000000 0.000000 0.473581 0.228963
knife_butterfly.bmp
  37 0.880000 4.070000 0.749997 1.000000 0.000000 0.000000 0.510763 0.238748
  37 0.880000 4.070000 0.479997 1.000000 0.000000 0.000000 0.479452 0.234834
  37 0.880000 4.100000 0.459997 1.000000 0.000000 0.000000 0.477495 0.230920
knife_butterfly.bmp
  37 0.880000 4.070000 0.749997 1.000000 0.000000 0.000000 0.510763 0.238748
  37 0.880000 4.030000 0.479997 1.000000 0.000000 0.000000 0.479452 0.240705
  37 0.880000 4.070000 0.479997 1.000000 0.000000 0.000000 0.479452 0.234834
knife_butterfly.bmp
  37 0.880000 4.070000 0.749997 1.000000 0.000000 0.000000 0.510763 0.238748
  37 0.880000 4.000000 0.459997 1.000000 0.000000 0.000000 0.477495 0.244618
  37 0.880000 4.030000 0.479997 1.000000 0.000000 0.000000 0.479452 0.240705
knife_butterfly.bmp
  37 0.880000 4.070000 0.749997 1.000000 0.000000 0.000000 0.510763 0.238748
  37 0.880000 3.970000 0.439998 1.000000 0.000000 0.000000 0.475538 0.248532
  37 0.880000 4.000000 0.459997 1.000000 0.000000 0.000000 0.477495 0.244618
knife_butterfly.bmp
  37 0.880000 4.070000 0.749997 1.000000 0.000000 0.000000 0.510763 0.238748
  37 0.880000 3.950000 0.409998 1.000000 0.000000 0.000000 0.471624 0.250489
  37 0.880000 3.970000 0.439998 1.000000 0.000000 0.000000 0.475538 0.248532
knife_butterfly.bmp
  37 0.880000 4.070000 0.749997 1.000000 0.000000 0.000000 0.510763 0.238748
  37 0.880000 3.819999 0.049998 1.000000 0.000000 0.000000 0.428571 0.264188
  37 0.880000 3.950000 0.409998 1.000000 0.000000 0.000000 0.471624 0.250489
knife_butterfly.bmp
  37 0.880000 4.070000 0.749997 1.000000 0.000000 0.000000 0.510763 0.238748
  37 0.880000 3.709999 0.109998 1.000000 0.000000 0.000000 0.436399 0.275930
  37 0.880000 3.819999 0.049998 1.000000 0.000000 0.000000 0.428571 0.264188
knife_butterfly.bmp
  37 0.880000 4.070000 0.749997 1.000000 0.000000 0.000000 0.510763 0.238748
  37 0.880000 3.850000 0.859998 1.000000 0.000000 0.000000 0.522505 0.260274
  37 0.880000 3.709999 0.109998 1.000000 0.000000 0.000000 0.436399 0.275930
knife_butterfly.bmp
  37 0.690000 4.050000 0.709997 -1.000000 0.000000 0.000000 0.401174 0.238748
  37 0.690000 3.719999 0.139998 -1.000000 0.000000 0.000000 0.334638 0.275930
  37 0.690000 3.850000 0.819998 -1.000000 0.000000 0.000000 0.414873 0.262231
knife_butterfly.bmp
  37 0.690000 4.050000 0.709997 -1.000000 0.000000 0.000000 0.401174 0.238748
  37 0.690000 3.829999 0.079998 -1.000000 0.000000 0.000000 0.328767 0.264188
  37 0.690000 3.719999 0.139998 -1.000000 0.000000 0.000000 0.334638 0.275930
knife_butterfly.bmp
  37 0.690000 4.050000 0.709997 -1.000000 0.000000 0.000000 0.401174 0.238748
  37 0.690000 3.950000 0.409998 -1.000000 0.000000 0.000000 0.365949 0.250489
  37 0.690000 3.829999 0.079998 -1.000000 0.000000 0.000000 0.328767 0.264188
knife_butterfly.bmp
  37 0.690000 4.050000 0.709997 -1.000000 0.000000 0.000000 0.401174 0.238748
  37 0.690000 3.970000 0.439998 -1.000000 0.000000 0.000000 0.369863 0.248532
  37 0.690000 3.950000 0.409998 -1.000000 0.000000 0.000000 0.365949 0.250489
knife_butterfly.bmp
  37 0.690000 4.050000 0.709997 -1.000000 0.000000 0.000000 0.401174 0.238748
  37 0.690000 4.000000 0.459997 -1.000000 0.000000 0.000000 0.371820 0.244618
  37 0.690000 3.970000 0.439998 -1.000000 0.000000 0.000000 0.369863 0.248532
knife_butterfly.bmp
  37 0.690000 4.050000 0.709997 -1.000000 0.000000 0.000000 0.401174 0.238748
  37 0.690000 4.030000 0.479997 -1.000000 0.000000 0.000000 0.373777 0.240705
  37 0.690000 4.000000 0.459997 -1.000000 0.000000 0.000000 0.371820 0.244618
knife_butterfly.bmp
  37 0.690000 4.050000 0.709997 -1.000000 0.000000 0.000000 0.401174 0.238748
  37 0.690000 4.070000 0.479997 -1.000000 0.000000 0.000000 0.373777 0.234834
  37 0.690000 4.030000 0.479997 -1.000000 0.000000 0.000000 0.373777 0.240705
knife_butterfly.bmp
  37 0.690000 4.050000 0.709997 -1.000000 0.000000 0.000000 0.401174 0.238748
  37 0.690000 4.100000 0.459997 -1.000000 0.000000 0.000000 0.371820 0.230920
  37 0.690000 4.070000 0.479997 -1.000000 0.000000 0.000000 0.373777 0.234834
knife_butterfly.bmp
  37 0.690000 4.050000 0.709997 -1.000000 0.000000 0.000000 0.401174 0.238748
  37 0.690000 4.130000 0.439997 -1.000000 0.000000 0.000000 0.369863 0.228963
  37 0.690000 4.100000 0.459997 -1.000000 0.000000 0.000000 0.371820 0.230920
knife_butterfly.bmp
  37 0.690000 4.050000 0.709997 -1.000000 0.000000 0.000000 0.401174 0.238748
  37 0.690000 4.270000 0.559997 -1.000000 0.000000 0.000000 0.383562 0.211350
  37 0.690000 4.130000 0.439997 -1.000000 0.000000 0.000000 0.369863 0.228963
knife_butterfly.bmp
  37 0.690000 2.640000 1.219998 -1.000000 0.000000 0.000000 0.463796 0.401174
  37 0.690000 2.840000 1.169998 -1.000000 0.000000 0.000000 0.457926 0.377691
  37 0.690000 2.600000 0.619998 -1.000000 0.000000 0.000000 0.389432 0.407045
knife_butterfly.bmp
  37 0.690000 2.600000 0.619998 -1.000000 0.000000 0.000000 0.389432 0.407045
  37 0.690000 2.840000 1.169998 -1.000000 0.000000 0.000000 0.457926 0.377691
  37 0.690000 2.810000 0.539998 -1.000000 0.000000 0.000000 0.381605 0.381605
knife_butterfly.bmp
  37 0.690000 2.840000 1.169998 -1.000000 0.000000 0.000000 0.457926 0.377691
  37 0.690000 3.050000 1.109998 -1.000000 0.000000 0.000000 0.450098 0.354207
  37 0.690000 2.810000 0.539998 -1.000000 0.000000 0.000000 0.381605 0.381605
knife_butterfly.bmp
  37 0.690000 2.810000 0.539998 -1.000000 0.000000 0.000000 0.381605 0.381605
  37 0.690000 3.050000 1.109998 -1.000000 0.000000 0.000000 0.450098 0.354207
  37 0.690000 3.010000 0.469998 -1.000000 0.000000 0.000000 0.371820 0.358121
knife_butterfly.bmp
  37 0.690000 3.050000 1.109998 -1.000000 0.000000 0.000000 0.450098 0.354207
  37 0.690000 3.250000 1.049998 -1.000000 0.000000 0.000000 0.442270 0.330724
  37 0.690000 3.010000 0.469998 -1.000000 0.000000 0.000000 0.371820 0.358121
knife_butterfly.bmp
  37 0.690000 3.010000 0.469998 -1.000000 0.000000 0.000000 0.371820 0.358121
  37 0.690000 3.250000 1.049998 -1.000000 0.000000 0.000000 0.442270 0.330724
  37 0.690000 3.210000 0.379998 -1.000000 0.000000 0.000000 0.363992 0.334638
knife_butterfly.bmp
  37 0.690000 3.250000 1.049998 -1.000000 0.000000 0.000000 0.442270 0.330724
  37 0.690000 3.470000 0.989998 -1.000000 0.000000 0.000000 0.434442 0.307241
  37 0.690000 3.210000 0.379998 -1.000000 0.000000 0.000000 0.363992 0.334638
knife_butterfly.bmp
  37 0.690000 3.210000 0.379998 -1.000000 0.000000 0.000000 0.363992 0.334638
  37 0.690000 3.470000 0.989998 -1.000000 0.000000 0.000000 0.434442 0.307241
  37 0.690000 3.410000 0.309998 -1.000000 0.000000 0.000000 0.352250 0.311155
knife_butterfly.bmp
  37 0.690000 3.470000 0.989998 -1.000000 0.000000 0.000000 0.434442 0.307241
  37 0.690000 3.480000 0.529998 -1.000000 0.000000 0.000000 0.379648 0.303327
  37 0.690000 3.410000 0.309998 -1.000000 0.000000 0.000000 0.352250 0.311155
knife_butterfly.bmp
  37 0.690000 3.410000 0.309998 -1.000000 0.000000 0.000000 0.352250 0.311155
  37 0.690000 3.480000 0.529998 -1.000000 0.000000 0.000000 0.379648 0.303327
  37 0.690000 3.490000 0.489998 -1.000000 0.000000 0.000000 0.375734 0.303327
knife_butterfly.bmp
  37 1.100000 4.280000 0.059997 -1.000000 0.000000 0.000000 0.430528 0.211350
  37 1.100000 4.400000 0.189997 -1.000000 0.000000 0.000000 0.446184 0.197652
  37 1.100000 4.420000 0.139997 -1.000000 0.000000 0.000000 0.440313 0.193738
knife_butterfly.bmp
  37 1.100000 4.280000 0.059997 -1.000000 0.000000 0.000000 0.430528 0.211350
  37 1.100000 4.150000 0.329997 -1.000000 0.000000 0.000000 0.461840 0.227006
  37 1.100000 4.400000 0.189997 -1.000000 0.000000 0.000000 0.446184 0.197652
knife_butterfly.bmp
  37 1.100000 4.280000 0.059997 -1.000000 0.000000 0.000000 0.430528 0.211350
  37 1.100000 4.130000 0.299997 -1.000000 0.000000 0.000000 0.457926 0.228963
  37 1.100000 4.150000 0.329997 -1.000000 0.000000 0.000000 0.461840 0.227006
knife_butterfly.bmp
  37 1.100000 4.280000 0.059997 -1.000000 0.000000 0.000000 0.430528 0.211350
  37 1.100000 4.099999 0.269997 -1.000000 0.000000 0.000000 0.455969 0.230920
  37 1.100000 4.130000 0.299997 -1.000000 0.000000 0.000000 0.457926 0.228963
knife_butterfly.bmp
  37 1.100000 4.280000 0.059997 -1.000000 0.000000 0.000000 0.430528 0.211350
  37 1.100000 3.949999 -0.040002 -1.000000 0.000000 0.000000 0.418787 0.250489
  37 1.100000 4.099999 0.269997 -1.000000 0.000000 0.000000 0.455969 0.230920
knife_butterfly.bmp
  37 1.100000 4.280000 0.059997 -1.000000 0.000000 0.000000 0.430528 0.211350
  37 1.100000 3.959999 -0.050002 -1.000000 0.000000 0.000000 0.416830 0.248532
  37 1.100000 3.949999 -0.040002 -1.000000 0.000000 0.000000 0.418787 0.250489
knife_butterfly.bmp
  37 1.100000 4.280000 0.059997 -1.000000 0.000000 0.000000 0.430528 0.211350
  37 1.100000 4.149999 -0.070003 -1.000000 0.000000 0.000000 0.414873 0.225049
  37 1.100000 3.959999 -0.050002 -1.000000 0.000000 0.000000 0.416830 0.248532
knife_butterfly.bmp
  37 1.100000 4.280000 0.059997 -1.000000 0.000000 0.000000 0.430528 0.211350
  37 1.100000 4.209999 -0.090003 -1.000000 0.000000 0.000000 0.412916 0.219178
  37 1.100000 4.149999 -0.070003 -1.000000 0.000000 0.000000 0.414873 0.225049
knife_butterfly.bmp
  37 1.100000 4.280000 0.059997 -1.000000 0.000000 0.000000 0.430528 0.211350
  37 1.100000 4.329999 0.039997 -1.000000 0.000000 0.000000 0.428571 0.205479
  37 1.100000 4.209999 -0.090003 -1.000000 0.000000 0.000000 0.412916 0.219178
knife_butterfly.bmp
  37 1.100000 4.280000 0.059997 -1.000000 0.000000 0.000000 0.430528 0.211350
  37 1.100000 4.420000 0.139997 -1.000000 0.000000 0.000000 0.440313 0.193738
  37 1.100000 4.329999 0.039997 -1.000000 0.000000 0.000000 0.428571 0.205479
knife_butterfly.bmp
  37 1.100000 4.070000 0.749997 -1.000000 0.000000 0.000000 0.510763 0.238748
  37 1.100000 3.709999 0.109998 -1.000000 0.000000 0.000000 0.436399 0.275930
  37 1.100000 3.850000 0.859998 -1.000000 0.000000 0.000000 0.522505 0.260274
knife_butterfly.bmp
  37 1.100000 4.070000 0.749997 -1.000000 0.000000 0.000000 0.510763 0.238748
  37 1.100000 3.819999 0.049998 -1.000000 0.000000 0.000000 0.428571 0.264188
  37 1.100000 3.709999 0.109998 -1.000000 0.000000 0.000000 0.436399 0.275930
knife_butterfly.bmp
  37 1.100000 4.070000 0.749997 -1.000000 0.000000 0.000000 0.510763 0.238748
  37 1.100000 3.950000 0.409998 -1.000000 0.000000 0.000000 0.471624 0.250489
  37 1.100000 3.819999 0.049998 -1.000000 0.000000 0.000000 0.428571 0.264188
knife_butterfly.bmp
  37 1.100000 4.070000 0.749997 -1.000000 0.000000 0.000000 0.510763 0.238748
  37 1.100000 3.970000 0.439998 -1.000000 0.000000 0.000000 0.475538 0.248532
  37 1.100000 3.950000 0.409998 -1.000000 0.000000 0.000000 0.471624 0.250489
knife_butterfly.bmp
  37 1.100000 4.070000 0.749997 -1.000000 0.000000 0.000000 0.510763 0.238748
  37 1.100000 4.000000 0.459997 -1.000000 0.000000 0.000000 0.477495 0.244618
  37 1.100000 3.970000 0.439998 -1.000000 0.000000 0.000000 0.475538 0.248532
knife_butterfly.bmp
  37 1.100000 4.070000 0.749997 -1.000000 0.000000 0.000000 0.510763 0.238748
  37 1.100000 4.030000 0.479997 -1.000000 0.000000 0.000000 0.479452 0.240705
  37 1.100000 4.000000 0.459997 -1.000000 0.000000 0.000000 0.477495 0.244618
knife_butterfly.bmp
  37 1.100000 4.070000 0.749997 -1.000000 0.000000 0.000000 0.510763 0.238748
  37 1.100000 4.070000 0.479997 -1.000000 0.000000 0.000000 0.479452 0.234834
  37 1.100000 4.030000 0.479997 -1.000000 0.000000 0.000000 0.479452 0.240705
knife_butterfly.bmp
  37 1.100000 4.070000 0.749997 -1.000000 0.000000 0.000000 0.510763 0.238748
  37 1.100000 4.100000 0.459997 -1.000000 0.000000 0.000000 0.477495 0.230920
  37 1.100000 4.070000 0.479997 -1.000000 0.000000 0.000000 0.479452 0.234834
knife_butterfly.bmp
  37 1.100000 4.070000 0.749997 -1.000000 0.000000 0.000000 0.510763 0.238748
  37 1.100000 4.130000 0.439997 -1.000000 0.000000 0.000000 0.473581 0.228963
  37 1.100000 4.100000 0.459997 -1.000000 0.000000 0.000000 0.477495 0.230920
knife_butterfly.bmp
  37 1.100000 4.070000 0.749997 -1.000000 0.000000 0.000000 0.510763 0.238748
  37 1.100000 4.290000 0.589997 -1.000000 0.000000 0.000000 0.491194 0.209393
  37 1.100000 4.130000 0.439997 -1.000000 0.000000 0.000000 0.473581 0.228963
knife_butterfly.bmp
  37 1.100000 2.650000 1.259998 -1.000000 0.000000 0.000000 0.573386 0.401174
  37 1.100000 2.850000 1.209998 -1.000000 0.000000 0.000000 0.567515 0.377691
  37 1.100000 2.600000 0.579998 -1.000000 0.000000 0.000000 0.491194 0.407045
knife_butterfly.bmp
  37 1.100000 2.600000 0.579998 -1.000000 0.000000 0.000000 0.491194 0.407045
  37 1.100000 2.850000 1.209998 -1.000000 0.000000 0.000000 0.567515 0.377691
  37 1.100000 2.810000 0.509998 -1.000000 0.000000 0.000000 0.483366 0.381605
knife_butterfly.bmp
  37 1.100000 2.850000 1.209998 -1.000000 0.000000 0.000000 0.567515 0.377691
  37 1.100000 3.050000 1.139998 -1.000000 0.000000 0.000000 0.559687 0.354207
  37 1.100000 2.810000 0.509998 -1.000000 0.000000 0.000000 0.483366 0.381605
knife_butterfly.bmp
  37 1.100000 2.810000 0.509998 -1.000000 0.000000 0.000000 0.483366 0.381605
  37 1.100000 3.050000 1.139998 -1.000000 0.000000 0.000000 0.559687 0.354207
  37 1.100000 3.010000 0.429998 -1.000000 0.000000 0.000000 0.473581 0.358121
knife_butterfly.bmp
  37 1.100000 3.050000 1.139998 -1.000000 0.000000 0.000000 0.559687 0.354207
  37 1.100000 3.250000 1.089998 -1.000000 0.000000 0.000000 0.551859 0.330724
  37 1.100000 3.010000 0.429998 -1.000000 0.000000 0.000000 0.473581 0.358121
knife_butterfly.bmp
  37 1.100000 3.010000 0.429998 -1.000000 0.000000 0.000000 0.473581 0.358121
  37 1.100000 3.250000 1.089998 -1.000000 0.000000 0.000000 0.551859 0.330724
  37 1.100000 3.210000 0.369998 -1.000000 0.000000 0.000000 0.463796 0.334638
knife_butterfly.bmp
  37 1.100000 3.250000 1.089998 -1.000000 0.000000 0.000000 0.551859 0.330724
  37 1.100000 3.470000 0.999998 -1.000000 0.000000 0.000000 0.544031 0.307241
  37 1.100000 3.210000 0.369998 -1.000000 0.000000 0.000000 0.463796 0.334638
knife_butterfly.bmp
  37 1.100000 3.210000 0.369998 -1.000000 0.000000 0.000000 0.463796 0.334638
  37 1.100000 3.470000 0.999998 -1.000000 0.000000 0.000000 0.544031 0.307241
  37 1.100000 3.410000 0.279998 -1.000000 0.000000 0.000000 0.454012 0.311155
knife_butterfly.bmp
  37 1.100000 3.470000 0.999998 -1.000000 0.000000 0.000000 0.544031 0.307241
  37 1.100000 3.490000 0.569998 -1.000000 0.000000 0.000000 0.489237 0.303327
  37 1.100000 3.410000 0.279998 -1.000000 0.000000 0.000000 0.454012 0.311155
knife_butterfly.bmp
  37 1.100000 3.410000 0.279998 -1.000000 0.000000 0.000000 0.454012 0.311155
  37 1.100000 3.490000 0.569998 -1.000000 0.000000 0.000000 0.489237 0.303327
  37 1.100000 3.480000 0.529998 -1.000000 0.000000 0.000000 0.485323 0.303327
knife_butterfly.bmp
  37 1.280000 4.050000 0.709997 1.000000 0.000000 0.000000 0.403131 0.238748
  37 1.280000 4.130000 0.439997 1.000000 0.000000 0.000000 0.369863 0.228963
  37 1.280000 4.270000 0.559997 1.000000 0.000000 0.000000 0.383562 0.211350
knife_butterfly.bmp
  37 1.280000 4.050000 0.709997 1.000000 0.000000 0.000000 0.403131 0.238748
  37 1.280000 4.100000 0.459997 1.000000 0.000000 0.000000 0.373777 0.230920
  37 1.280000 4.130000 0.439997 1.000000 0.000000 0.000000 0.369863 0.228963
knife_butterfly.bmp
  37 1.280000 4.050000 0.709997 1.000000 0.000000 0.000000 0.403131 0.238748
  37 1.280000 4.070000 0.479997 1.000000 0.000000 0.000000 0.375734 0.234834
  37 1.280000 4.100000 0.459997 1.000000 0.000000 0.000000 0.373777 0.230920
knife_butterfly.bmp
  37 1.280000 4.050000 0.709997 1.000000 0.000000 0.000000 0.403131 0.238748
  37 1.280000 4.030000 0.479997 1.000000 0.000000 0.000000 0.375734 0.240705
  37 1.280000 4.070000 0.479997 1.000000 0.000000 0.000000 0.375734 0.234834
knife_butterfly.bmp
  37 1.280000 4.050000 0.709997 1.000000 0.000000 0.000000 0.403131 0.238748
  37 1.280000 4.000000 0.459997 1.000000 0.000000 0.000000 0.373777 0.244618
  37 1.280000 4.030000 0.479997 1.000000 0.000000 0.000000 0.375734 0.240705
knife_butterfly.bmp
  37 1.280000 4.050000 0.709997 1.000000 0.000000 0.000000 0.403131 0.238748
  37 1.280000 3.970000 0.439998 1.000000 0.000000 0.000000 0.371820 0.248532
  37 1.280000 4.000000 0.459997 1.000000 0.000000 0.000000 0.373777 0.244618
knife_butterfly.bmp
  37 1.280000 4.050000 0.709997 1.000000 0.000000 0.000000 0.403131 0.238748
  37 1.280000 3.950000 0.409998 1.000000 0.000000 0.000000 0.367906 0.250489
  37 1.280000 3.970000 0.439998 1.000000 0.000000 0.000000 0.371820 0.248532
knife_butterfly.bmp
  37 1.280000 4.050000 0.709997 1.000000 0.000000 0.000000 0.403131 0.238748
  37 1.280000 3.829999 0.079998 1.000000 0.000000 0.000000 0.328767 0.264188
  37 1.280000 3.950000 0.409998 1.000000 0.000000 0.000000 0.367906 0.250489
knife_butterfly.bmp
  37 1.280000 4.050000 0.709997 1.000000 0.000000 0.000000 0.403131 0.238748
  37 1.280000 3.719999 0.139998 1.000000 0.000000 0.000000 0.336595 0.275930
  37 1.280000 3.829999 0.079998 1.000000 0.000000 0.000000 0.328767 0.264188
knife_butterfly.bmp
  37 1.280000 4.050000 0.709997 1.000000 0.000000 0.000000 0.403131 0.238748
  37 1.280000 3.850000 0.819998 1.000000 0.000000 0.000000 0.414873 0.262231
  37 1.280000 3.719999 0.139998 1.000000 0.000000 0.000000 0.336595 0.275930
knife_butterfly.bmp
  40 0.690004 3.791436 -0.641859 -0.908586 0.219265 -0.355520 0.528376 0.209393
  40 0.700004 3.771436 -0.661859 -0.598998 0.306641 -0.739711 0.524462 0.213307
  40 0.690004 3.761436 -0.651859 -0.818995 0.255016 -0.514017 0.526419 0.213307
knife_butterfly.bmp
  40 0.690004 3.761436 -0.651859 -0.818995 0.255016 -0.514017 0.526419 0.213307
  40 0.700004 3.771436 -0.661859 -0.598998 0.306641 -0.739711 0.524462 0.213307
  40 0.690004 3.731436 -0.651859 -0.803051 0.158616 -0.574413 0.524462 0.217221
knife_butterfly.bmp
  40 0.700004 3.771436 -0.661859 -0.598998 0.306641 -0.739711 0.524462 0.213307
  40 0.700004 3.711436 -0.671859 -0.563482 0.068741 -0.823264 0.522505 0.221135
  40 0.690004 3.731436 -0.651859 -0.803051 0.158616 -0.574413 0.524462 0.217221
knife_butterfly.bmp
  40 0.690004 3.731436 -0.651859 -0.803051 0.158616 -0.574413 0.524462 0.217221
  40 0.700004 3.711436 -0.671859 -0.563482 0.068741 -0.823264 0.522505 0.221135
  40 0.690004 3.681436 -0.651859 -0.889582 -0.111963 -0.442841 0.524462 0.223092
knife_butterfly.bmp
  40 0.700004 3.711436 -0.671859 -0.563482 0.068741 -0.823264 0.522505 0.221135
  40 0.700004 3.651436 -0.661859 -0.611826 -0.372555 -0.697762 0.522505 0.227006
  40 0.690004 3.681436 -0.651859 -0.889582 -0.111963 -0.442841 0.524462 0.223092
knife_butterfly.bmp
  40 0.690004 3.681436 -0.651859 -0.889582 -0.111963 -0.442841 0.524462 0.223092
  40 0.700004 3.651436 -0.661859 -0.611826 -0.372555 -0.697762 0.522505 0.227006
  40 0.690004 3.651436 -0.621859 -0.939719 -0.284990 -0.188968 0.526419 0.227006
knife_butterfly.bmp
  40 0.700004 3.651436 -0.661859 -0.611826 -0.372555 -0.697762 0.522505 0.227006
  40 0.700004 3.621436 -0.621859 -0.662851 -0.662431 -0.349019 0.526419 0.230920
  40 0.690004 3.651436 -0.621859 -0.939719 -0.284990 -0.188968 0.526419 0.227006
knife_butterfly.bmp
  40 0.690004 3.651436 -0.621859 -0.939719 -0.284990 -0.188968 0.526419 0.227006
  40 0.700004 3.621436 -0.621859 -0.662851 -0.662431 -0.349019 0.526419 0.230920
  40 0.670003 3.641436 -0.591859 -0.934913 -0.324010 -0.144760 0.530333 0.228963
knife_butterfly.bmp
  40 0.700004 3.621436 -0.621859 -0.662851 -0.662431 -0.349019 0.526419 0.230920
  40 0.680003 3.611436 -0.591859 -0.700017 -0.625364 -0.344813 0.530333 0.230920
  40 0.670003 3.641436 -0.591859 -0.934913 -0.324010 -0.144760 0.530333 0.228963
knife_butterfly.bmp
  40 0.670003 3.641436 -0.591859 -0.934913 -0.324010 -0.144760 0.530333 0.228963
  40 0.680003 3.611436 -0.591859 -0.700017 -0.625364 -0.344813 0.530333 0.230920
  40 0.670003 3.581436 -0.531859 -0.944079 -0.218338 -0.247068 0.540117 0.234834
knife_butterfly.bmp
  40 0.670003 3.911436 -0.501860 -0.936679 0.258654 -0.236075 0.544031 0.195695
  40 0.700004 3.821436 -0.641859 -0.643832 0.456275 -0.614242 0.526419 0.207436
  40 0.690004 3.791436 -0.641859 -0.908586 0.219265 -0.355520 0.528376 0.209393
knife_butterfly.bmp
  40 0.690004 3.791436 -0.641859 -0.908586 0.219265 -0.355520 0.528376 0.209393
  40 0.700004 3.821436 -0.641859 -0.643832 0.456275 -0.614242 0.526419 0.207436
  40 0.700004 3.771436 -0.661859 -0.598998 0.306641 -0.739711 0.524462 0.213307
knife_butterfly.bmp
  40 0.700004 3.821436 -0.641859 -0.643832 0.456275 -0.614242 0.526419 0.207436
  40 0.730004 3.771436 -0.661859 -0.142506 0.344735 -0.927820 0.522505 0.213307
  40 0.700004 3.771436 -0.661859 -0.598998 0.306641 -0.739711 0.524462 0.213307
knife_butterfly.bmp
  40 0.700004 3.771436 -0.661859 -0.598998 0.306641 -0.739711 0.524462 0.213307
  40 0.730004 3.771436 -0.661859 -0.142506 0.344735 -0.927820 0.522505 0.213307
  40 0.700004 3.711436 -0.671859 -0.563482 0.068741 -0.823264 0.522505 0.221135
knife_butterfly.bmp
  40 0.730004 3.771436 -0.661859 -0.142506 0.344735 -0.927820 0.522505 0.213307
  40 0.730004 3.701436 -0.671859 -0.097634 0.029754 -0.994778 0.520548 0.221135
  40 0.700004 3.711436 -0.671859 -0.563482 0.068741 -0.823264 0.522505 0.221135
knife_butterfly.bmp
  40 0.700004 3.711436 -0.671859 -0.563482 0.068741 -0.823264 0.522505 0.221135
  40 0.730004 3.701436 -0.671859 -0.097634 0.029754 -0.994778 0.520548 0.221135
  40 0.700004 3.651436 -0.661859 -0.611826 -0.372555 -0.697762 0.522505 0.227006
knife_butterfly.bmp
  40 0.730004 3.701436 -0.671859 -0.097634 0.029754 -0.994778 0.520548 0.221135
  40 0.730004 3.641436 -0.671859 -0.125899 -0.511296 -0.850133 0.522505 0.227006
  40 0.700004 3.651436 -0.661859 -0.611826 -0.372555 -0.697762 0.522505 0.227006
knife_butterfly.bmp
  40 0.700004 3.651436 -0.661859 -0.611826 -0.372555 -0.697762 0.522505 0.227006
  40 0.730004 3.641436 -0.671859 -0.125899 -0.511296 -0.850133 0.522505 0.227006
  40 0.700004 3.621436 -0.621859 -0.662851 -0.662431 -0.349019 0.526419 0.230920
knife_butterfly.bmp
  40 0.730004 3.641436 -0.671859 -0.125899 -0.511296 -0.850133 0.522505 0.227006
  40 0.730004 3.611436 -0.641859 -0.146129 -0.885769 -0.440522 0.526419 0.230920
  40 0.700004 3.621436 -0.621859 -0.662851 -0.662431 -0.349019 0.526419 0.230920
knife_butterfly.bmp
  40 0.700004 3.621436 -0.621859 -0.662851 -0.662431 -0.349019 0.526419 0.230920
  40 0.730004 3.611436 -0.641859 -0.146129 -0.885769 -0.440522 0.526419 0.230920
  40 0.680003 3.611436 -0.591859 -0.700017 -0.625364 -0.344813 0.530333 0.230920
knife_butterfly.bmp
  37 0.690000 3.959999 -0.010002 -0.945158 -0.208356 -0.251524 0.317025 0.248532
  37 0.690000 4.010000 -0.050002 -0.930341 -0.279358 -0.237539 0.313112 0.242661
  37 0.690000 3.979999 -0.050002 -0.682430 -0.533770 -0.499378 0.311155 0.246575
knife_butterfly.bmp
  37 0.690000 3.979999 -0.050002 -0.682430 -0.533770 -0.499378 0.311155 0.246575
  37 0.690000 4.010000 -0.050002 -0.930341 -0.279358 -0.237539 0.313112 0.242661
  37 0.690000 3.999999 -0.080003 -0.669936 -0.572127 -0.473136 0.309198 0.244618
knife_butterfly.bmp
  37 0.690000 4.010000 -0.050002 -0.930341 -0.279358 -0.237539 0.313112 0.242661
  37 0.690000 4.030000 -0.080003 -0.930341 -0.279358 -0.237539 0.309198 0.240705
  37 0.690000 3.999999 -0.080003 -0.669936 -0.572127 -0.473136 0.309198 0.244618
knife_butterfly.bmp
  37 0.690000 3.999999 -0.080003 -0.669936 -0.572127 -0.473136 0.309198 0.244618
  37 0.690000 4.030000 -0.080003 -0.930341 -0.279358 -0.237539 0.309198 0.240705
  37 0.690000 4.030000 -0.120003 -0.611835 -0.384636 -0.691168 0.305284 0.240705
knife_butterfly.bmp
  37 0.690000 4.030000 -0.080003 -0.930341 -0.279358 -0.237539 0.309198 0.240705
  37 0.690000 4.049999 -0.110003 -0.889612 -0.119640 -0.440769 0.305284 0.236791
  37 0.690000 4.030000 -0.120003 -0.611835 -0.384636 -0.691168 0.305284 0.240705
knife_butterfly.bmp
  37 0.690000 4.030000 -0.120003 -0.611835 -0.384636 -0.691168 0.305284 0.240705
  37 0.690000 4.049999 -0.110003 -0.889612 -0.119640 -0.440769 0.305284 0.236791
  37 0.690000 4.079999 -0.130003 -0.563489 0.054400 -0.824330 0.303327 0.234834
knife_butterfly.bmp
  37 0.690000 4.049999 -0.110003 -0.889612 -0.119640 -0.440769 0.305284 0.236791
  37 0.690000 4.099999 -0.110003 -0.807824 0.150035 -0.570009 0.305284 0.230920
  37 0.690000 4.079999 -0.130003 -0.563489 0.054400 -0.824330 0.303327 0.234834
knife_butterfly.bmp
  37 0.690000 4.079999 -0.130003 -0.563489 0.054400 -0.824330 0.303327 0.234834
  37 0.690000 4.099999 -0.110003 -0.807824 0.150035 -0.570009 0.305284 0.230920
  37 0.690000 4.139999 -0.110003 -0.612943 0.287790 -0.735851 0.305284 0.227006
knife_butterfly.bmp
  37 0.690000 4.099999 -0.110003 -0.807824 0.150035 -0.570009 0.305284 0.230920
  37 0.690000 4.139999 -0.090003 -0.844169 0.240424 -0.479141 0.307241 0.227006
  37 0.690000 4.139999 -0.110003 -0.612943 0.287790 -0.735851 0.305284 0.227006
knife_butterfly.bmp
  37 0.690000 4.139999 -0.110003 -0.612943 0.287790 -0.735851 0.305284 0.227006
  37 0.690000 4.139999 -0.090003 -0.844169 0.240424 -0.479141 0.307241 0.227006
  37 0.690000 4.169999 -0.070003 -0.909879 0.210212 -0.357675 0.309198 0.223092
knife_butterfly.bmp
  37 0.690000 3.979999 -0.050002 -0.682430 -0.533770 -0.499378 0.311155 0.246575
  37 0.690000 3.999999 -0.080003 -0.669936 -0.572127 -0.473136 0.309198 0.244618
  37 0.710000 3.989999 -0.080003 -0.138260 -0.755279 -0.640654 0.309198 0.244618
knife_butterfly.bmp
  37 0.710000 3.989999 -0.080003 -0.138260 -0.755279 -0.640654 0.309198 0.244618
  37 0.690000 3.999999 -0.080003 -0.669936 -0.572127 -0.473136 0.309198 0.244618
  37 0.710000 4.019999 -0.120003 -0.157874 -0.527463 -0.834780 0.305284 0.240705
knife_butterfly.bmp
  37 0.690000 3.999999 -0.080003 -0.669936 -0.572127 -0.473136 0.309198 0.244618
  37 0.690000 4.030000 -0.120003 -0.611835 -0.384636 -0.691168 0.305284 0.240705
  37 0.710000 4.019999 -0.120003 -0.157874 -0.527463 -0.834780 0.305284 0.240705
knife_butterfly.bmp
  37 0.710000 4.019999 -0.120003 -0.157874 -0.527463 -0.834780 0.305284 0.240705
  37 0.690000 4.030000 -0.120003 -0.611835 -0.384636 -0.691168 0.305284 0.240705
  37 0.710000 4.079999 -0.130003 -0.097615 0.012428 -0.995147 0.303327 0.234834
knife_butterfly.bmp
  37 0.690000 4.030000 -0.120003 -0.611835 -0.384636 -0.691168 0.305284 0.240705
  37 0.690000 4.079999 -0.130003 -0.563489 0.054400 -0.824330 0.303327 0.234834
  37 0.710000 4.079999 -0.130003 -0.097615 0.012428 -0.995147 0.303327 0.234834
knife_butterfly.bmp
  37 0.710000 4.079999 -0.130003 -0.097615 0.012428 -0.995147 0.303327 0.234834
  37 0.690000 4.079999 -0.130003 -0.563489 0.054400 -0.824330 0.303327 0.234834
  37 0.710000 4.149999 -0.120003 -0.142501 0.328523 -0.933684 0.305284 0.227006
knife_butterfly.bmp
  37 0.690000 4.079999 -0.130003 -0.563489 0.054400 -0.824330 0.303327 0.234834
  37 0.690000 4.139999 -0.110003 -0.612943 0.287790 -0.735851 0.305284 0.227006
  37 0.710000 4.149999 -0.120003 -0.142501 0.328523 -0.933684 0.305284 0.227006
knife_butterfly.bmp
  37 0.710000 4.149999 -0.120003 -0.142501 0.328523 -0.933684 0.305284 0.227006
  37 0.690000 4.139999 -0.110003 -0.612943 0.287790 -0.735851 0.305284 0.227006
  37 0.690000 4.199999 -0.080003 -0.643851 0.445498 -0.622083 0.309198 0.221135
knife_butterfly.bmp
  37 0.690000 4.139999 -0.110003 -0.612943 0.287790 -0.735851 0.305284 0.227006
  37 0.690000 4.169999 -0.070003 -0.909879 0.210212 -0.357675 0.309198 0.223092
  37 0.690000 4.199999 -0.080003 -0.643851 0.445498 -0.622083 0.309198 0.221135
knife_butterfly.bmp
  37 0.690000 4.199999 -0.080003 -0.643851 0.445498 -0.622083 0.309198 0.221135
  37 0.690000 4.169999 -0.070003 -0.909879 0.210212 -0.357675 0.309198 0.223092
  37 0.690000 4.300000 0.049997 -0.937344 0.255998 -0.236327 0.324853 0.209393
knife_butterfly.bmp
  37 0.880000 3.010000 0.429998 0.000000 -0.369678 -0.929160 0.927593 0.328767
  37 0.710000 3.210000 0.369998 -0.148183 -0.409883 -0.900021 0.909980 0.307241
  37 0.880000 3.210000 0.369998 0.000000 -0.369678 -0.929160 0.927593 0.307241
knife_butterfly.bmp
  37 0.880000 3.210000 0.369998 0.000000 -0.369678 -0.929160 0.927593 0.307241
  37 0.710000 3.210000 0.369998 -0.148183 -0.409883 -0.900021 0.909980 0.307241
  37 0.880000 3.410000 0.279998 0.000000 -0.414080 -0.910240 0.927593 0.283757
knife_butterfly.bmp
  37 0.710000 3.210000 0.369998 -0.148183 -0.409883 -0.900021 0.909980 0.307241
  37 0.710000 3.410000 0.279998 -0.148183 -0.409883 -0.900021 0.909980 0.283757
  37 0.880000 3.410000 0.279998 0.000000 -0.414080 -0.910240 0.927593 0.283757
knife_butterfly.bmp
  37 0.880000 3.410000 0.279998 0.000000 -0.414080 -0.910240 0.927593 0.283757
  37 0.710000 3.410000 0.279998 -0.148183 -0.409883 -0.900021 0.909980 0.283757
  37 0.880000 3.609999 0.159998 0.000000 -0.446354 -0.894856 0.927593 0.260274
knife_butterfly.bmp
  37 0.710000 3.410000 0.279998 -0.148183 -0.409883 -0.900021 0.909980 0.283757
  37 0.710000 3.609999 0.159998 -0.148882 -0.441445 -0.884850 0.909980 0.260274
  37 0.880000 3.609999 0.159998 0.000000 -0.446354 -0.894856 0.927593 0.260274
knife_butterfly.bmp
  37 0.880000 3.609999 0.159998 0.000000 -0.446354 -0.894856 0.927593 0.260274
  37 0.710000 3.609999 0.159998 -0.148882 -0.441445 -0.884850 0.909980 0.260274
  37 0.880000 3.709999 0.109998 0.000000 -0.484794 -0.874628 0.927593 0.248532
knife_butterfly.bmp
  37 0.710000 3.609999 0.159998 -0.148882 -0.441445 -0.884850 0.909980 0.260274
  37 0.710000 3.709999 0.109998 -0.153022 -0.478977 -0.864387 0.909980 0.248532
  37 0.880000 3.709999 0.109998 0.000000 -0.484794 -0.874628 0.927593 0.248532
knife_butterfly.bmp
  37 0.880000 3.709999 0.109998 0.000000 -0.484794 -0.874628 0.927593 0.248532
  37 0.710000 3.709999 0.109998 -0.153022 -0.478977 -0.864387 0.909980 0.248532
  37 0.880000 3.819999 0.049998 0.000002 -0.533886 -0.845556 0.927593 0.234834
knife_butterfly.bmp
  37 0.710000 3.709999 0.109998 -0.153022 -0.478977 -0.864387 0.909980 0.248532
  37 0.710000 3.819999 0.049998 -0.157874 -0.527463 -0.834780 0.909980 0.234834
  37 0.880000 3.819999 0.049998 0.000002 -0.533886 -0.845556 0.927593 0.234834
knife_butterfly.bmp
  37 0.880000 3.819999 0.049998 0.000002 -0.533886 -0.845556 0.927593 0.234834
  37 0.710000 3.819999 0.049998 -0.157874 -0.527463 -0.834780 0.909980 0.234834
  37 0.710000 3.949999 -0.040002 -0.160088 -0.608379 -0.777333 0.909980 0.219178
knife_butterfly.bmp
  37 0.880000 3.470000 0.999998 1.000000 0.000000 0.000000 0.544031 0.307241
  37 0.880000 3.630000 0.629998 1.000000 0.000000 0.000000 0.497065 0.285714
  37 0.880000 3.670000 0.949998 1.000000 0.000000 0.000000 0.534247 0.283757
knife_butterfly.bmp
  37 0.880000 3.470000 0.999998 1.000000 0.000000 0.000000 0.544031 0.307241
  37 0.880000 3.610000 0.629998 1.000000 0.000000 0.000000 0.497065 0.287671
  37 0.880000 3.630000 0.629998 1.000000 0.000000 0.000000 0.497065 0.285714
knife_butterfly.bmp
  37 0.880000 3.470000 0.999998 1.000000 0.000000 0.000000 0.544031 0.307241
  37 0.880000 3.580000 0.639998 1.000000 0.000000 0.000000 0.497065 0.293542
  37 0.880000 3.610000 0.629998 1.000000 0.000000 0.000000 0.497065 0.287671
knife_butterfly.bmp
  37 0.880000 3.470000 0.999998 1.000000 0.000000 0.000000 0.544031 0.307241
  37 0.880000 3.540000 0.619998 1.000000 0.000000 0.000000 0.497065 0.297456
  37 0.880000 3.580000 0.639998 1.000000 0.000000 0.000000 0.497065 0.293542
knife_butterfly.bmp
  37 0.880000 3.470000 0.999998 1.000000 0.000000 0.000000 0.544031 0.307241
  37 0.880000 3.510000 0.599998 1.000000 0.000000 0.000000 0.493151 0.301370
  37 0.880000 3.540000 0.619998 1.000000 0.000000 0.000000 0.497065 0.297456
knife_butterfly.bmp
  37 0.880000 3.470000 0.999998 1.000000 0.000000 0.000000 0.544031 0.307241
  37 0.880000 3.490000 0.569998 1.000000 0.000000 0.000000 0.489237 0.303327
  37 0.880000 3.510000 0.599998 1.000000 0.000000 0.000000 0.493151 0.301370
knife_butterfly.bmp
  37 0.880000 3.470000 0.999998 1.000000 0.000000 0.000000 0.544031 0.307241
  37 0.880000 3.410000 0.279998 1.000000 0.000000 0.000000 0.454012 0.311155
  37 0.880000 3.490000 0.569998 1.000000 0.000000 0.000000 0.489237 0.303327
knife_butterfly.bmp
  37 0.880000 3.470000 0.999998 1.000000 0.000000 0.000000 0.544031 0.307241
  37 0.880000 3.210000 0.369998 1.000000 0.000000 0.000000 0.463796 0.334638
  37 0.880000 3.410000 0.279998 1.000000 0.000000 0.000000 0.454012 0.311155
knife_butterfly.bmp
  37 0.880000 3.470000 0.999998 1.000000 0.000000 0.000000 0.544031 0.307241
  37 0.880000 3.250000 1.089998 1.000000 0.000000 0.000000 0.551859 0.330724
  37 0.880000 3.210000 0.369998 1.000000 0.000000 0.000000 0.463796 0.334638
knife_butterfly.bmp
  40 0.910002 2.621438 0.348144 0.976605 0.188943 0.102683 0.675147 0.050881
  40 0.910002 2.651438 0.298144 0.957868 0.279285 0.067000 0.671233 0.056751
  40 0.890002 2.671439 0.368144 0.737920 0.602282 0.304517 0.669276 0.048924
knife_butterfly.bmp
  40 0.890002 2.671439 0.368144 0.737920 0.602282 0.304517 0.669276 0.048924
  40 0.910002 2.651438 0.298144 0.957868 0.279285 0.067000 0.671233 0.056751
  40 0.890002 2.691438 0.298144 0.738008 0.662265 0.129418 0.667319 0.054795
knife_butterfly.bmp
  40 0.910002 2.651438 0.298144 0.957868 0.279285 0.067000 0.671233 0.056751
  40 0.910002 2.651438 0.228144 0.964015 0.265247 -0.017848 0.669276 0.062622
  40 0.890002 2.691438 0.298144 0.738008 0.662265 0.129418 0.667319 0.054795
knife_butterfly.bmp
  40 0.890002 2.691438 0.298144 0.738008 0.662265 0.129418 0.667319 0.054795
  40 0.910002 2.651438 0.228144 0.964015 0.265247 -0.017848 0.669276 0.062622
  40 0.890002 2.691438 0.228144 0.736996 0.675891 -0.002770 0.665362 0.062622
knife_butterfly.bmp
  40 0.910002 2.651438 0.228144 0.964015 0.265247 -0.017848 0.669276 0.062622
  40 0.880002 2.691438 0.148144 0.744406 0.642646 -0.181287 0.663405 0.070450
  40 0.890002 2.691438 0.228144 0.736996 0.675891 -0.002770 0.665362 0.062622
knife_butterfly.bmp
  40 0.890002 2.691438 0.228144 0.736996 0.675891 -0.002770 0.665362 0.062622
  40 0.880002 2.691438 0.148144 0.744406 0.642646 -0.181287 0.663405 0.070450
  40 0.850002 2.711438 0.138144 0.523402 0.820955 -0.228217 0.659491 0.070450
knife_butterfly.bmp
  40 0.880002 2.691438 0.148144 0.744406 0.642646 -0.181287 0.663405 0.070450
  40 0.870002 2.661438 0.088144 0.742078 0.503580 -0.442412 0.665362 0.076321
  40 0.850002 2.711438 0.138144 0.523402 0.820955 -0.228217 0.659491 0.070450
knife_butterfly.bmp
  40 0.850002 2.711438 0.138144 0.523402 0.820955 -0.228217 0.659491 0.070450
  40 0.870002 2.661438 0.088144 0.742078 0.503580 -0.442412 0.665362 0.076321
  40 0.840002 2.681438 0.078144 0.532086 0.651682 -0.540550 0.661448 0.078278
knife_butterfly.bmp
  40 0.870002 2.661438 0.088144 0.742078 0.503580 -0.442412 0.665362 0.076321
  40 0.840002 2.611438 0.028144 0.529782 0.291182 -0.796582 0.667319 0.084149
  40 0.840002 2.681438 0.078144 0.532086 0.651682 -0.540550 0.661448 0.078278
knife_butterfly.bmp
  40 1.110002 2.611438 0.008144 -0.529799 0.291169 -0.796576 0.673190 0.097847
  40 1.070002 2.661438 0.068144 -0.742081 0.503575 -0.442411 0.671233 0.105675
  40 1.110002 2.681437 0.058144 -0.532094 0.651675 -0.540551 0.667319 0.103718
knife_butterfly.bmp
  40 1.110002 2.681437 0.058144 -0.532094 0.651675 -0.540551 0.667319 0.103718
  40 1.070002 2.661438 0.068144 -0.742081 0.503575 -0.442411 0.671233 0.105675
  40 1.130002 2.711438 0.128144 -0.523412 0.820948 -0.228219 0.663405 0.111546
knife_butterfly.bmp
  40 1.070002 2.661438 0.068144 -0.742081 0.503575 -0.442411 0.671233 0.105675
  40 1.070002 2.691438 0.128144 -0.744406 0.642646 -0.181292 0.667319 0.111546
  40 1.130002 2.711438 0.128144 -0.523412 0.820948 -0.228219 0.663405 0.111546
knife_butterfly.bmp
  40 1.130002 2.711438 0.128144 -0.523412 0.820948 -0.228219 0.663405 0.111546
  40 1.070002 2.691438 0.128144 -0.744406 0.642646 -0.181292 0.667319 0.111546
  40 1.090002 2.691438 0.208144 -0.736992 0.675896 -0.002774 0.669276 0.119374
knife_butterfly.bmp
  40 1.070002 2.691438 0.128144 -0.744406 0.642646 -0.181292 0.667319 0.111546
  40 1.070002 2.651438 0.208144 -0.964014 0.265253 -0.017855 0.673190 0.119374
  40 1.090002 2.691438 0.208144 -0.736992 0.675896 -0.002774 0.669276 0.119374
knife_butterfly.bmp
  40 1.090002 2.691438 0.208144 -0.736992 0.675896 -0.002774 0.669276 0.119374
  40 1.070002 2.651438 0.208144 -0.964014 0.265253 -0.017855 0.673190 0.119374
  40 1.090002 2.691438 0.278144 -0.738004 0.662271 0.129410 0.669276 0.127202
knife_butterfly.bmp
  40 1.070002 2.651438 0.208144 -0.964014 0.265253 -0.017855 0.673190 0.119374
  40 1.070002 2.651438 0.278144 -0.957869 0.279281 0.066997 0.675147 0.125245
  40 1.090002 2.691438 0.278144 -0.738004 0.662271 0.129410 0.669276 0.127202
knife_butterfly.bmp
  40 1.090002 2.691438 0.278144 -0.738004 0.662271 0.129410 0.669276 0.127202
  40 1.070002 2.651438 0.278144 -0.957869 0.279281 0.066997 0.675147 0.125245
  40 1.090002 2.671438 0.348144 -0.737923 0.602282 0.304511 0.673190 0.133072
knife_butterfly.bmp
  40 1.070002 2.651438 0.278144 -0.957869 0.279281 0.066997 0.675147 0.125245
  40 1.070002 2.621438 0.328144 -0.976605 0.188942 0.102678 0.677104 0.131115
  40 1.090002 2.671438 0.348144 -0.737923 0.602282 0.304511 0.673190 0.133072
knife_butterfly.bmp
  40 1.320002 2.621438 0.348145 0.976605 0.188943 0.102683 0.675147 0.050881
  40 1.320002 2.651438 0.298145 0.957868 0.279285 0.067000 0.671233 0.056751
  40 1.300002 2.671438 0.348145 0.737920 0.602282 0.304517 0.669276 0.048924
knife_butterfly.bmp
  40 1.300002 2.671438 0.348145 0.737920 0.602282 0.304517 0.669276 0.048924
  40 1.320002 2.651438 0.298145 0.957868 0.279285 0.067000 0.671233 0.056751
  40 1.300002 2.691438 0.278145 0.738008 0.662265 0.129418 0.667319 0.054795
knife_butterfly.bmp
  40 1.320002 2.651438 0.298145 0.957868 0.279285 0.067000 0.671233 0.056751
  40 1.320002 2.651438 0.228145 0.964015 0.265247 -0.017848 0.669276 0.062622
  40 1.300002 2.691438 0.278145 0.738008 0.662265 0.129418 0.667319 0.054795
knife_butterfly.bmp
  40 1.300002 2.691438 0.278145 0.738008 0.662265 0.129418 0.667319 0.054795
  40 1.320002 2.651438 0.228145 0.964015 0.265247 -0.017848 0.669276 0.062622
  40 1.300002 2.691438 0.208145 0.736996 0.675891 -0.002770 0.665362 0.062622
knife_butterfly.bmp
  40 1.320002 2.651438 0.228145 0.964015 0.265247 -0.017848 0.669276 0.062622
  40 1.280002 2.691438 0.128145 0.744406 0.642646 -0.181287 0.663405 0.070450
  40 1.300002 2.691438 0.208145 0.736996 0.675891 -0.002770 0.665362 0.062622
knife_butterfly.bmp
  40 1.300002 2.691438 0.208145 0.736996 0.675891 -0.002770 0.665362 0.062622
  40 1.280002 2.691438 0.128145 0.744406 0.642646 -0.181287 0.663405 0.070450
  40 1.260002 2.711438 0.128145 0.523402 0.820955 -0.228217 0.659491 0.070450
knife_butterfly.bmp
  40 1.280002 2.691438 0.128145 0.744406 0.642646 -0.181287 0.663405 0.070450
  40 1.280002 2.661438 0.088145 0.742078 0.503580 -0.442412 0.665362 0.076321
  40 1.260002 2.711438 0.128145 0.523402 0.820955 -0.228217 0.659491 0.070450
knife_butterfly.bmp
  40 1.260002 2.711438 0.128145 0.523402 0.820955 -0.228217 0.659491 0.070450
  40 1.280002 2.661438 0.088145 0.742078 0.503580 -0.442412 0.665362 0.076321
  40 1.240002 2.681437 0.058145 0.532086 0.651682 -0.540550 0.661448 0.078278
knife_butterfly.bmp
  40 1.280002 2.661438 0.088145 0.742078 0.503580 -0.442412 0.665362 0.076321
  40 1.240002 2.611438 0.028145 0.529782 0.291182 -0.796582 0.667319 0.084149
  40 1.240002 2.681437 0.058145 0.532086 0.651682 -0.540550 0.661448 0.078278
knife_butterfly.bmp
  40 1.260004 3.611436 -0.651858 0.146128 -0.885770 -0.440521 0.526419 0.230920
  40 1.260004 3.641436 -0.671858 0.125900 -0.511302 -0.850129 0.522505 0.227006
  40 1.290004 3.621436 -0.641858 0.662852 -0.662430 -0.349019 0.526419 0.230920
knife_butterfly.bmp
  40 1.290004 3.621436 -0.641858 0.662852 -0.662430 -0.349019 0.526419 0.230920
  40 1.260004 3.641436 -0.671858 0.125900 -0.511302 -0.850129 0.522505 0.227006
  40 1.290004 3.651436 -0.661858 0.611822 -0.372554 -0.697766 0.522505 0.227006
knife_butterfly.bmp
  40 1.260004 3.641436 -0.671858 0.125900 -0.511302 -0.850129 0.522505 0.227006
  40 1.260004 3.701436 -0.671858 0.097621 0.029751 -0.994779 0.520548 0.221135
  40 1.290004 3.651436 -0.661858 0.611822 -0.372554 -0.697766 0.522505 0.227006
knife_butterfly.bmp
  40 1.290004 3.651436 -0.661858 0.611822 -0.372554 -0.697766 0.522505 0.227006
  40 1.260004 3.701436 -0.671858 0.097621 0.029751 -0.994779 0.520548 0.221135
  40 1.290004 3.711436 -0.671858 0.563471 0.068741 -0.823271 0.522505 0.221135
knife_butterfly.bmp
  40 1.260004 3.701436 -0.671858 0.097621 0.029751 -0.994779 0.520548 0.221135
  40 1.260004 3.771436 -0.661858 0.142502 0.344735 -0.927821 0.522505 0.213307
  40 1.290004 3.711436 -0.671858 0.563471 0.068741 -0.823271 0.522505 0.221135
knife_butterfly.bmp
  40 1.290004 3.711436 -0.671858 0.563471 0.068741 -0.823271 0.522505 0.221135
  40 1.260004 3.771436 -0.661858 0.142502 0.344735 -0.927821 0.522505 0.213307
  40 1.290004 3.771436 -0.651858 0.599005 0.306639 -0.739706 0.524462 0.213307
knife_butterfly.bmp
  40 1.260004 3.771436 -0.661858 0.142502 0.344735 -0.927821 0.522505 0.213307
  40 1.290004 3.821436 -0.621858 0.643827 0.456278 -0.614245 0.526419 0.207436
  40 1.290004 3.771436 -0.651858 0.599005 0.306639 -0.739706 0.524462 0.213307
knife_butterfly.bmp
  40 1.290004 3.771436 -0.651858 0.599005 0.306639 -0.739706 0.524462 0.213307
  40 1.290004 3.821436 -0.621858 0.643827 0.456278 -0.614245 0.526419 0.207436
  40 1.300004 3.791436 -0.621858 0.908586 0.219267 -0.355518 0.528376 0.209393
knife_butterfly.bmp
  40 1.290004 3.821436 -0.621858 0.643827 0.456278 -0.614245 0.526419 0.207436
  40 1.280003 3.911436 -0.501859 0.936687 0.258643 -0.236055 0.544031 0.195695
  40 1.300004 3.791436 -0.621858 0.908586 0.219267 -0.355518 0.528376 0.209393
knife_butterfly.bmp
  40 1.270004 3.611436 -0.611858 0.700009 -0.625369 -0.344821 0.530333 0.230920
  40 1.290004 3.621436 -0.641858 0.662852 -0.662430 -0.349019 0.526419 0.230920
  40 1.300004 3.641436 -0.611858 0.934910 -0.324018 -0.144760 0.530333 0.228963
knife_butterfly.bmp
  40 1.300004 3.641436 -0.611858 0.934910 -0.324018 -0.144760 0.530333 0.228963
  40 1.290004 3.621436 -0.641858 0.662852 -0.662430 -0.349019 0.526419 0.230920
  40 1.300004 3.651436 -0.641858 0.939718 -0.284994 -0.188966 0.526419 0.227006
knife_butterfly.bmp
  40 1.290004 3.621436 -0.641858 0.662852 -0.662430 -0.349019 0.526419 0.230920
  40 1.290004 3.651436 -0.661858 0.611822 -0.372554 -0.697766 0.522505 0.227006
  40 1.300004 3.651436 -0.641858 0.939718 -0.284994 -0.188966 0.526419 0.227006
knife_butterfly.bmp
  40 1.300004 3.651436 -0.641858 0.939718 -0.284994 -0.188966 0.526419 0.227006
  40 1.290004 3.651436 -0.661858 0.611822 -0.372554 -0.697766 0.522505 0.227006
  40 1.300004 3.681436 -0.651858 0.889594 -0.111955 -0.442819 0.524462 0.223092
knife_butterfly.bmp
  40 1.290004 3.651436 -0.661858 0.611822 -0.372554 -0.697766 0.522505 0.227006
  40 1.290004 3.711436 -0.671858 0.563471 0.068741 -0.823271 0.522505 0.221135
  40 1.300004 3.681436 -0.651858 0.889594 -0.111955 -0.442819 0.524462 0.223092
knife_butterfly.bmp
  40 1.300004 3.681436 -0.651858 0.889594 -0.111955 -0.442819 0.524462 0.223092
  40 1.290004 3.711436 -0.671858 0.563471 0.068741 -0.823271 0.522505 0.221135
  40 1.300004 3.731436 -0.651858 0.803063 0.158613 -0.574397 0.524462 0.217221
knife_butterfly.bmp
  40 1.290004 3.711436 -0.671858 0.563471 0.068741 -0.823271 0.522505 0.221135
  40 1.290004 3.771436 -0.651858 0.599005 0.306639 -0.739706 0.524462 0.213307
  40 1.300004 3.731436 -0.651858 0.803063 0.158613 -0.574397 0.524462 0.217221
knife_butterfly.bmp
  40 1.300004 3.731436 -0.651858 0.803063 0.158613 -0.574397 0.524462 0.217221
  40 1.290004 3.771436 -0.651858 0.599005 0.306639 -0.739706 0.524462 0.213307
  40 1.300004 3.761436 -0.641858 0.819019 0.255002 -0.513986 0.526419 0.213307
knife_butterfly.bmp
  40 1.290004 3.771436 -0.651858 0.599005 0.306639 -0.739706 0.524462 0.213307
  40 1.300004 3.791436 -0.621858 0.908586 0.219267 -0.355518 0.528376 0.209393
  40 1.300004 3.761436 -0.641858 0.819019 0.255002 -0.513986 0.526419 0.213307
knife_butterfly.bmp
  40 0.690002 2.611438 0.008144 -0.529799 0.291169 -0.796576 0.673190 0.097847
  40 0.650002 2.661438 0.068143 -0.742081 0.503575 -0.442411 0.671233 0.105675
  40 0.690002 2.681437 0.058143 -0.532094 0.651675 -0.540551 0.667319 0.103718
knife_butterfly.bmp
  40 0.690002 2.681437 0.058143 -0.532094 0.651675 -0.540551 0.667319 0.103718
  40 0.650002 2.661438 0.068143 -0.742081 0.503575 -0.442411 0.671233 0.105675
  40 0.710002 2.711438 0.128143 -0.523412 0.820948 -0.228219 0.663405 0.111546
knife_butterfly.bmp
  40 0.650002 2.661438 0.068143 -0.742081 0.503575 -0.442411 0.671233 0.105675
  40 0.660002 2.691438 0.128143 -0.744406 0.642646 -0.181292 0.667319 0.111546
  40 0.710002 2.711438 0.128143 -0.523412 0.820948 -0.228219 0.663405 0.111546
knife_butterfly.bmp
  40 0.710002 2.711438 0.128143 -0.523412 0.820948 -0.228219 0.663405 0.111546
  40 0.660002 2.691438 0.128143 -0.744406 0.642646 -0.181292 0.667319 0.111546
  40 0.670002 2.691438 0.208143 -0.736992 0.675896 -0.002774 0.669276 0.119374
knife_butterfly.bmp
  40 0.660002 2.691438 0.128143 -0.744406 0.642646 -0.181292 0.667319 0.111546
  40 0.650002 2.651438 0.208143 -0.964014 0.265253 -0.017855 0.673190 0.119374
  40 0.670002 2.691438 0.208143 -0.736992 0.675896 -0.002774 0.669276 0.119374
knife_butterfly.bmp
  40 0.670002 2.691438 0.208143 -0.736992 0.675896 -0.002774 0.669276 0.119374
  40 0.650002 2.651438 0.208143 -0.964014 0.265253 -0.017855 0.673190 0.119374
  40 0.670002 2.691438 0.278143 -0.738004 0.662271 0.129410 0.669276 0.127202
knife_butterfly.bmp
  40 0.650002 2.651438 0.208143 -0.964014 0.265253 -0.017855 0.673190 0.119374
  40 0.650002 2.651438 0.278143 -0.957869 0.279281 0.066997 0.675147 0.125245
  40 0.670002 2.691438 0.278143 -0.738004 0.662271 0.129410 0.669276 0.127202
knife_butterfly.bmp
  40 0.670002 2.691438 0.278143 -0.738004 0.662271 0.129410 0.669276 0.127202
  40 0.650002 2.651438 0.278143 -0.957869 0.279281 0.066997 0.675147 0.125245
  40 0.670002 2.671438 0.348143 -0.737923 0.602282 0.304511 0.673190 0.133072
knife_butterfly.bmp
  40 0.650002 2.651438 0.278143 -0.957869 0.279281 0.066997 0.675147 0.125245
  40 0.650002 2.621438 0.328144 -0.976605 0.188942 0.102678 0.677104 0.131115
  40 0.670002 2.671438 0.348143 -0.737923 0.602282 0.304511 0.673190 0.133072
knife_butterfly.bmp
  37 1.250000 3.989999 -0.080003 0.138258 -0.755277 -0.640657 0.311155 0.244618
  37 1.250000 4.019999 -0.120003 0.157888 -0.527464 -0.834777 0.305284 0.240705
  37 1.270000 3.999999 -0.080003 0.669928 -0.572129 -0.473143 0.311155 0.244618
knife_butterfly.bmp
  37 1.270000 3.999999 -0.080003 0.669928 -0.572129 -0.473143 0.311155 0.244618
  37 1.250000 4.019999 -0.120003 0.157888 -0.527464 -0.834777 0.305284 0.240705
  37 1.270000 4.030000 -0.120003 0.611835 -0.384635 -0.691169 0.305284 0.240705
knife_butterfly.bmp
  37 1.250000 4.019999 -0.120003 0.157888 -0.527464 -0.834777 0.305284 0.240705
  37 1.250000 4.079999 -0.130003 0.097630 0.012432 -0.995145 0.305284 0.234834
  37 1.270000 4.030000 -0.120003 0.611835 -0.384635 -0.691169 0.305284 0.240705
knife_butterfly.bmp
  37 1.270000 4.030000 -0.120003 0.611835 -0.384635 -0.691169 0.305284 0.240705
  37 1.250000 4.079999 -0.130003 0.097630 0.012432 -0.995145 0.305284 0.234834
  37 1.270000 4.079999 -0.130003 0.563496 0.054398 -0.824326 0.305284 0.234834
knife_butterfly.bmp
  37 1.250000 4.079999 -0.130003 0.097630 0.012432 -0.995145 0.305284 0.234834
  37 1.250000 4.149999 -0.120003 0.142501 0.328523 -0.933684 0.307241 0.227006
  37 1.270000 4.079999 -0.130003 0.563496 0.054398 -0.824326 0.305284 0.234834
knife_butterfly.bmp
  37 1.270000 4.079999 -0.130003 0.563496 0.054398 -0.824326 0.305284 0.234834
  37 1.250000 4.149999 -0.120003 0.142501 0.328523 -0.933684 0.307241 0.227006
  37 1.270000 4.139999 -0.110003 0.612943 0.287790 -0.735852 0.307241 0.227006
knife_butterfly.bmp
  37 1.250000 4.149999 -0.120003 0.142501 0.328523 -0.933684 0.307241 0.227006
  37 1.270000 4.199999 -0.080003 0.643851 0.445492 -0.622088 0.309198 0.221135
  37 1.270000 4.139999 -0.110003 0.612943 0.287790 -0.735852 0.307241 0.227006
knife_butterfly.bmp
  37 1.270000 4.139999 -0.110003 0.612943 0.287790 -0.735852 0.307241 0.227006
  37 1.270000 4.199999 -0.080003 0.643851 0.445492 -0.622088 0.309198 0.221135
  37 1.280000 4.169999 -0.070003 0.909885 0.210204 -0.357665 0.311155 0.223092
knife_butterfly.bmp
  37 1.270000 4.199999 -0.080003 0.643851 0.445492 -0.622088 0.309198 0.221135
  37 1.280000 4.300000 0.049997 0.937357 0.255974 -0.236304 0.326810 0.209393
  37 1.280000 4.169999 -0.070003 0.909885 0.210204 -0.357665 0.311155 0.223092
knife_butterfly.bmp
  37 1.270000 3.979999 -0.050002 0.682426 -0.533777 -0.499376 0.313112 0.246575
  37 1.270000 3.999999 -0.080003 0.669928 -0.572129 -0.473143 0.311155 0.244618
  37 1.280000 4.010000 -0.050002 0.928570 -0.282586 -0.240632 0.313112 0.242661
knife_butterfly.bmp
  37 1.280000 4.010000 -0.050002 0.928570 -0.282586 -0.240632 0.313112 0.242661
  37 1.270000 3.999999 -0.080003 0.669928 -0.572129 -0.473143 0.311155 0.244618
  37 1.280000 4.030000 -0.080003 0.928570 -0.282586 -0.240632 0.311155 0.240705
knife_butterfly.bmp
  37 1.270000 3.999999 -0.080003 0.669928 -0.572129 -0.473143 0.311155 0.244618
  37 1.270000 4.030000 -0.120003 0.611835 -0.384635 -0.691169 0.305284 0.240705
  37 1.280000 4.030000 -0.080003 0.928570 -0.282586 -0.240632 0.311155 0.240705
knife_butterfly.bmp
  37 1.280000 4.030000 -0.080003 0.928570 -0.282586 -0.240632 0.311155 0.240705
  37 1.270000 4.030000 -0.120003 0.611835 -0.384635 -0.691169 0.305284 0.240705
  37 1.280000 4.049999 -0.110003 0.889609 -0.119643 -0.440773 0.307241 0.236791
knife_butterfly.bmp
  37 1.270000 4.030000 -0.120003 0.611835 -0.384635 -0.691169 0.305284 0.240705
  37 1.270000 4.079999 -0.130003 0.563496 0.054398 -0.824326 0.305284 0.234834
  37 1.280000 4.049999 -0.110003 0.889609 -0.119643 -0.440773 0.307241 0.236791
knife_butterfly.bmp
  37 1.280000 4.049999 -0.110003 0.889609 -0.119643 -0.440773 0.307241 0.236791
  37 1.270000 4.079999 -0.130003 0.563496 0.054398 -0.824326 0.305284 0.234834
  37 1.280000 4.099999 -0.110003 0.807798 0.150046 -0.570042 0.307241 0.230920
knife_butterfly.bmp
  37 1.270000 4.079999 -0.130003 0.563496 0.054398 -0.824326 0.305284 0.234834
  37 1.270000 4.139999 -0.110003 0.612943 0.287790 -0.735852 0.307241 0.227006
  37 1.280000 4.099999 -0.110003 0.807798 0.150046 -0.570042 0.307241 0.230920
knife_butterfly.bmp
  37 1.280000 4.099999 -0.110003 0.807798 0.150046 -0.570042 0.307241 0.230920
  37 1.270000 4.139999 -0.110003 0.612943 0.287790 -0.735852 0.307241 0.227006
  37 1.280000 4.139999 -0.090003 0.844168 0.240430 -0.479138 0.309198 0.227006
knife_butterfly.bmp
  37 1.270000 4.139999 -0.110003 0.612943 0.287790 -0.735852 0.307241 0.227006
  37 1.280000 4.169999 -0.070003 0.909885 0.210204 -0.357665 0.311155 0.223092
  37 1.280000 4.139999 -0.090003 0.844168 0.240430 -0.479138 0.309198 0.227006
knife_butterfly.bmp
  37 1.100000 3.210000 0.369998 0.000000 -0.369678 -0.929160 0.949119 0.307241
  37 1.100000 3.410000 0.279998 0.000000 -0.414080 -0.910240 0.949119 0.283757
  37 1.250000 3.210000 0.369998 0.148172 -0.409882 -0.900023 0.966732 0.307241
knife_butterfly.bmp
  37 1.250000 3.210000 0.369998 0.148172 -0.409882 -0.900023 0.966732 0.307241
  37 1.100000 3.410000 0.279998 0.000000 -0.414080 -0.910240 0.949119 0.283757
  37 1.250000 3.410000 0.279998 0.148172 -0.409882 -0.900023 0.966732 0.283757
knife_butterfly.bmp
  37 1.100000 3.410000 0.279998 0.000000 -0.414080 -0.910240 0.949119 0.283757
  37 1.100000 3.609999 0.159998 0.000000 -0.446354 -0.894856 0.949119 0.260274
  37 1.250000 3.410000 0.279998 0.148172 -0.409882 -0.900023 0.966732 0.283757
knife_butterfly.bmp
  37 1.250000 3.410000 0.279998 0.148172 -0.409882 -0.900023 0.966732 0.283757
  37 1.100000 3.609999 0.159998 0.000000 -0.446354 -0.894856 0.949119 0.260274
  37 1.250000 3.609999 0.159998 0.148894 -0.441444 -0.884849 0.966732 0.260274
knife_butterfly.bmp
  37 1.100000 3.609999 0.159998 0.000000 -0.446354 -0.894856 0.949119 0.260274
  37 1.100000 3.709999 0.109998 0.000000 -0.484794 -0.874628 0.949119 0.246575
  37 1.250000 3.609999 0.159998 0.148894 -0.441444 -0.884849 0.966732 0.260274
knife_butterfly.bmp
  37 1.250000 3.609999 0.159998 0.148894 -0.441444 -0.884849 0.966732 0.260274
  37 1.100000 3.709999 0.109998 0.000000 -0.484794 -0.874628 0.949119 0.246575
  37 1.250000 3.709999 0.109998 0.153024 -0.478974 -0.864388 0.966732 0.246575
knife_butterfly.bmp
  37 1.100000 3.709999 0.109998 0.000000 -0.484794 -0.874628 0.949119 0.246575
  37 1.100000 3.819999 0.049998 0.000002 -0.533886 -0.845556 0.949119 0.234834
  37 1.250000 3.709999 0.109998 0.153024 -0.478974 -0.864388 0.966732 0.246575
knife_butterfly.bmp
  37 1.250000 3.709999 0.109998 0.153024 -0.478974 -0.864388 0.966732 0.246575
  37 1.100000 3.819999 0.049998 0.000002 -0.533886 -0.845556 0.949119 0.234834
  37 1.250000 3.819999 0.049998 0.157888 -0.527464 -0.834777 0.966732 0.234834
knife_butterfly.bmp
  37 1.100000 3.819999 0.049998 0.000002 -0.533886 -0.845556 0.949119 0.234834
  37 1.250000 3.949999 -0.040002 0.160111 -0.608367 -0.777338 0.966732 0.217221
  37 1.250000 3.819999 0.049998 0.157888 -0.527464 -0.834777 0.966732 0.234834
knife_butterfly.bmp
  37 1.100000 4.370000 0.529997 -0.000001 0.616819 0.787105 0.986301 0.234834
  37 1.250000 4.410000 0.499997 0.000000 0.690988 0.722866 0.968689 0.228963
  37 1.100000 4.410000 0.499997 0.000000 0.690988 0.722866 0.986301 0.228963
knife_butterfly.bmp
  37 1.100000 4.410000 0.499997 0.000000 0.690988 0.722866 0.986301 0.228963
  37 1.250000 4.410000 0.499997 0.000000 0.690988 0.722866 0.968689 0.228963
  37 1.100000 4.469999 0.439997 0.000000 0.769964 0.638087 0.986301 0.221135
knife_butterfly.bmp
  37 1.250000 4.410000 0.499997 0.000000 0.690988 0.722866 0.968689 0.228963
  37 1.250000 4.469999 0.439997 0.000000 0.769964 0.638087 0.968689 0.221135
  37 1.100000 4.469999 0.439997 0.000000 0.769964 0.638087 0.986301 0.221135
knife_butterfly.bmp
  37 1.100000 4.469999 0.439997 0.000000 0.769964 0.638087 0.986301 0.221135
  37 1.250000 4.469999 0.439997 0.000000 0.769964 0.638087 0.968689 0.221135
  37 1.100000 4.500000 0.379997 0.000000 0.811508 0.584341 0.986301 0.213307
knife_butterfly.bmp
  37 1.250000 4.469999 0.439997 0.000000 0.769964 0.638087 0.968689 0.221135
  37 1.250000 4.500000 0.379997 0.000000 0.811508 0.584341 0.968689 0.213307
  37 1.100000 4.500000 0.379997 0.000000 0.811508 0.584341 0.986301 0.213307
knife_butterfly.bmp
  37 1.100000 4.500000 0.379997 0.000000 0.811508 0.584341 0.986301 0.213307
  37 1.250000 4.500000 0.379997 0.000000 0.811508 0.584341 0.968689 0.213307
  37 1.100000 4.530000 0.339997 0.000000 0.740860 0.671660 0.986301 0.207436
knife_butterfly.bmp
  37 1.250000 4.500000 0.379997 0.000000 0.811508 0.584341 0.968689 0.213307
  37 1.250000 4.530000 0.339997 0.000000 0.740860 0.671660 0.968689 0.207436
  37 1.100000 4.530000 0.339997 0.000000 0.740860 0.671660 0.986301 0.207436
knife_butterfly.bmp
  37 1.100000 4.530000 0.339997 0.000000 0.740860 0.671660 0.986301 0.207436
  37 1.250000 4.530000 0.339997 0.000000 0.740860 0.671660 0.968689 0.207436
  37 1.100000 4.550000 0.329997 0.000000 0.665266 0.746606 0.986301 0.205479
knife_butterfly.bmp
  37 1.250000 4.530000 0.339997 0.000000 0.740860 0.671660 0.968689 0.207436
  37 1.250000 4.550000 0.329997 0.000000 0.665266 0.746606 0.968689 0.205479
  37 1.100000 4.550000 0.329997 0.000000 0.665266 0.746606 0.986301 0.205479
knife_butterfly.bmp
  37 1.280000 2.600000 0.619998 1.000000 0.000000 0.000000 0.391389 0.407045
  37 1.280000 2.810000 0.539998 1.000000 0.000000 0.000000 0.383562 0.381605
  37 1.280000 2.840000 1.169998 1.000000 0.000000 0.000000 0.459883 0.377691
knife_butterfly.bmp
  37 1.280000 2.840000 1.169998 1.000000 0.000000 0.000000 0.459883 0.377691
  37 1.280000 2.810000 0.539998 1.000000 0.000000 0.000000 0.383562 0.381605
  37 1.280000 3.050000 1.109998 1.000000 0.000000 0.000000 0.452055 0.354207
knife_butterfly.bmp
  37 1.280000 2.810000 0.539998 1.000000 0.000000 0.000000 0.383562 0.381605
  37 1.280000 3.010000 0.469998 1.000000 0.000000 0.000000 0.373777 0.358121
  37 1.280000 3.050000 1.109998 1.000000 0.000000 0.000000 0.452055 0.354207
knife_butterfly.bmp
  37 1.280000 3.050000 1.109998 1.000000 0.000000 0.000000 0.452055 0.354207
  37 1.280000 3.010000 0.469998 1.000000 0.000000 0.000000 0.373777 0.358121
  37 1.280000 3.250000 1.049998 1.000000 0.000000 0.000000 0.444227 0.330724
knife_butterfly.bmp
  37 1.280000 3.010000 0.469998 1.000000 0.000000 0.000000 0.373777 0.358121
  37 1.280000 3.210000 0.379998 1.000000 0.000000 0.000000 0.363992 0.334638
  37 1.280000 3.250000 1.049998 1.000000 0.000000 0.000000 0.444227 0.330724
knife_butterfly.bmp
  37 1.280000 3.250000 1.049998 1.000000 0.000000 0.000000 0.444227 0.330724
  37 1.280000 3.210000 0.379998 1.000000 0.000000 0.000000 0.363992 0.334638
  37 1.280000 3.470000 0.989998 1.000000 0.000000 0.000000 0.434442 0.307241
knife_butterfly.bmp
  37 1.280000 3.210000 0.379998 1.000000 0.000000 0.000000 0.363992 0.334638
  37 1.280000 3.410000 0.309998 1.000000 0.000000 0.000000 0.354207 0.311155
  37 1.280000 3.470000 0.989998 1.000000 0.000000 0.000000 0.434442 0.307241
knife_butterfly.bmp
  37 1.280000 3.470000 0.989998 1.000000 0.000000 0.000000 0.434442 0.307241
  37 1.280000 3.410000 0.309998 1.000000 0.000000 0.000000 0.354207 0.311155
  37 1.280000 3.480000 0.529998 1.000000 0.000000 0.000000 0.381605 0.303327
knife_butterfly.bmp
  37 1.280000 3.410000 0.309998 1.000000 0.000000 0.000000 0.354207 0.311155
  37 1.280000 3.490000 0.489998 1.000000 0.000000 0.000000 0.377691 0.303327
  37 1.280000 3.480000 0.529998 1.000000 0.000000 0.000000 0.381605 0.303327
knife_butterfly.bmp
  37 0.690000 4.150000 0.329997 0.000001 -0.931247 0.364389 0.798434 0.211350
  37 0.880000 4.159999 0.359997 0.000001 -0.973947 0.226777 0.812133 0.215264
  37 0.690000 4.159999 0.359997 0.000001 -0.973947 0.226777 0.798434 0.215264
knife_butterfly.bmp
  37 0.690000 4.159999 0.359997 0.000001 -0.973947 0.226777 0.798434 0.215264
  37 0.880000 4.159999 0.359997 0.000001 -0.973947 0.226777 0.812133 0.215264
  37 0.690000 4.159999 0.359997 0.000000 -0.999752 0.022287 0.798434 0.215264
knife_butterfly.bmp
  37 0.880000 4.159999 0.359997 0.000001 -0.973947 0.226777 0.812133 0.215264
  37 0.880000 4.159999 0.359997 0.000000 -0.999752 0.022287 0.812133 0.215264
  37 0.690000 4.159999 0.359997 0.000000 -0.999752 0.022287 0.798434 0.215264
knife_butterfly.bmp
  37 0.690000 4.159999 0.359997 0.000000 -0.999752 0.022287 0.798434 0.215264
  37 0.880000 4.159999 0.359997 0.000000 -0.999752 0.022287 0.812133 0.215264
  37 0.690000 4.150000 0.399997 0.000001 -0.947602 -0.319454 0.798434 0.217221
knife_butterfly.bmp
  37 0.880000 4.159999 0.359997 0.000000 -0.999752 0.022287 0.812133 0.215264
  37 0.880000 4.150000 0.399997 0.000001 -0.947602 -0.319454 0.812133 0.217221
  37 0.690000 4.150000 0.399997 0.000001 -0.947602 -0.319454 0.798434 0.217221
knife_butterfly.bmp
  37 0.690000 4.150000 0.399997 0.000001 -0.947602 -0.319454 0.798434 0.217221
  37 0.880000 4.150000 0.399997 0.000001 -0.947602 -0.319454 0.812133 0.217221
  37 0.690000 4.130000 0.439997 0.000002 -0.760551 -0.649278 0.798434 0.219178
knife_butterfly.bmp
  37 0.880000 4.150000 0.399997 0.000001 -0.947602 -0.319454 0.812133 0.217221
  37 0.880000 4.130000 0.439997 0.000002 -0.760551 -0.649278 0.812133 0.219178
  37 0.690000 4.130000 0.439997 0.000002 -0.760551 -0.649278 0.798434 0.219178
knife_butterfly.bmp
  37 0.690000 4.130000 0.439997 0.000002 -0.760551 -0.649278 0.798434 0.219178
  37 0.880000 4.130000 0.439997 0.000002 -0.760551 -0.649278 0.812133 0.219178
  37 0.690000 4.100000 0.459997 0.000002 -0.533886 -0.845556 0.798434 0.223092
knife_butterfly.bmp
  37 0.880000 4.130000 0.439997 0.000002 -0.760551 -0.649278 0.812133 0.219178
  37 0.880000 4.100000 0.459997 0.000002 -0.533886 -0.845556 0.812133 0.223092
  37 0.690000 4.100000 0.459997 0.000002 -0.533886 -0.845556 0.798434 0.223092
knife_butterfly.bmp
  37 1.280000 3.680000 0.599998 0.000002 -0.760551 -0.649278 0.816047 0.273973
  37 1.280000 3.650000 0.619998 0.000002 -0.533886 -0.845556 0.816047 0.270059
  37 1.100000 3.650000 0.619998 0.000002 -0.533886 -0.845556 0.829746 0.270059
knife_butterfly.bmp
  37 1.100000 3.650000 0.619998 0.000002 -0.533886 -0.845556 0.829746 0.270059
  37 1.280000 3.650000 0.619998 0.000002 -0.533886 -0.845556 0.816047 0.270059
  37 1.100000 3.630000 0.629998 0.000000 -0.369678 -0.929160 0.829746 0.270059
knife_butterfly.bmp
  37 1.280000 3.650000 0.619998 0.000002 -0.533886 -0.845556 0.816047 0.270059
  37 1.280000 3.630000 0.629998 0.000000 -0.369678 -0.929160 0.816047 0.270059
  37 1.100000 3.630000 0.629998 0.000000 -0.369678 -0.929160 0.829746 0.270059
knife_butterfly.bmp
  37 1.100000 3.630000 0.629998 0.000000 -0.369678 -0.929160 0.829746 0.270059
  37 1.280000 3.630000 0.629998 0.000000 -0.369678 -0.929160 0.816047 0.270059
  37 1.100000 3.610000 0.629998 0.000005 -0.197140 -0.980375 0.829746 0.268102
knife_butterfly.bmp
  37 1.280000 3.630000 0.629998 0.000000 -0.369678 -0.929160 0.816047 0.270059
  37 1.280000 3.610000 0.629998 0.000005 -0.197140 -0.980375 0.816047 0.268102
  37 1.100000 3.610000 0.629998 0.000005 -0.197140 -0.980375 0.829746 0.268102
knife_butterfly.bmp
  37 1.100000 3.610000 0.629998 0.000005 -0.197140 -0.980375 0.829746 0.268102
  37 1.280000 3.610000 0.629998 0.000005 -0.197140 -0.980375 0.816047 0.268102
  37 1.100000 3.580000 0.639998 0.000003 0.150066 -0.988676 0.829746 0.266145
knife_butterfly.bmp
  37 1.280000 3.610000 0.629998 0.000005 -0.197140 -0.980375 0.816047 0.268102
  37 1.280000 3.580000 0.639998 0.000003 0.150066 -0.988676 0.816047 0.266145
  37 1.100000 3.580000 0.639998 0.000003 0.150066 -0.988676 0.829746 0.266145
knife_butterfly.bmp
  37 1.100000 3.580000 0.639998 0.000003 0.150066 -0.988676 0.829746 0.266145
  37 1.280000 3.580000 0.639998 0.000003 0.150066 -0.988676 0.816047 0.266145
  37 1.100000 3.540000 0.619998 0.000002 0.479155 -0.877730 0.829746 0.262231
knife_butterfly.bmp
  37 1.280000 3.580000 0.639998 0.000003 0.150066 -0.988676 0.816047 0.266145
  37 1.280000 3.540000 0.619998 0.000002 0.479155 -0.877730 0.816047 0.262231
  37 1.100000 3.540000 0.619998 0.000002 0.479155 -0.877730 0.829746 0.262231
knife_butterfly.bmp
  37 0.880000 4.449999 0.279997 1.000000 0.000000 0.000000 0.455969 0.191781
  37 0.880000 4.159999 0.359997 1.000000 0.000000 0.000000 0.465753 0.225049
  37 0.880000 4.400000 0.189997 1.000000 0.000000 0.000000 0.446184 0.197652
knife_butterfly.bmp
  37 0.880000 4.449999 0.279997 1.000000 0.000000 0.000000 0.455969 0.191781
  37 0.880000 4.410000 0.499997 1.000000 0.000000 0.000000 0.481409 0.195695
  37 0.880000 4.159999 0.359997 1.000000 0.000000 0.000000 0.465753 0.225049
knife_butterfly.bmp
  37 0.880000 4.449999 0.279997 1.000000 0.000000 0.000000 0.455969 0.191781
  37 0.880000 4.469999 0.439997 1.000000 0.000000 0.000000 0.475538 0.189824
  37 0.880000 4.410000 0.499997 1.000000 0.000000 0.000000 0.481409 0.195695
knife_butterfly.bmp
  37 0.880000 4.449999 0.279997 1.000000 0.000000 0.000000 0.455969 0.191781
  37 0.880000 4.500000 0.379997 1.000000 0.000000 0.000000 0.467710 0.185910
  37 0.880000 4.469999 0.439997 1.000000 0.000000 0.000000 0.475538 0.189824
knife_butterfly.bmp
  37 0.880000 4.449999 0.279997 1.000000 0.000000 0.000000 0.455969 0.191781
  37 0.880000 4.530000 0.339997 1.000000 0.000000 0.000000 0.463796 0.181996
  37 0.880000 4.500000 0.379997 1.000000 0.000000 0.000000 0.467710 0.185910
knife_butterfly.bmp
  37 0.880000 4.449999 0.279997 1.000000 0.000000 0.000000 0.455969 0.191781
  37 0.880000 4.530000 0.259997 1.000000 0.000000 0.000000 0.454012 0.181996
  37 0.880000 4.530000 0.339997 1.000000 0.000000 0.000000 0.463796 0.181996
knife_butterfly.bmp
  37 0.880000 4.449999 0.279997 1.000000 0.000000 0.000000 0.455969 0.191781
  37 0.880000 4.480000 0.199997 1.000000 0.000000 0.000000 0.448141 0.187867
  37 0.880000 4.530000 0.259997 1.000000 0.000000 0.000000 0.454012 0.181996
knife_butterfly.bmp
  37 0.880000 4.449999 0.279997 1.000000 0.000000 0.000000 0.455969 0.191781
  37 0.880000 4.400000 0.189997 1.000000 0.000000 0.000000 0.446184 0.197652
  37 0.880000 4.480000 0.199997 1.000000 0.000000 0.000000 0.448141 0.187867
knife_butterfly.bmp
  37 0.690000 3.850000 0.819998 -1.000000 0.000000 0.000000 0.414873 0.262231
  37 0.690000 3.630000 0.629998 -1.000000 0.000000 0.000000 0.391389 0.285714
  37 0.690000 3.670000 0.909998 -1.000000 0.000000 0.000000 0.424658 0.283757
knife_butterfly.bmp
  37 0.690000 3.850000 0.819998 -1.000000 0.000000 0.000000 0.414873 0.262231
  37 0.690000 3.650000 0.619998 -1.000000 0.000000 0.000000 0.391389 0.283757
  37 0.690000 3.630000 0.629998 -1.000000 0.000000 0.000000 0.391389 0.285714
knife_butterfly.bmp
  37 0.690000 3.850000 0.819998 -1.000000 0.000000 0.000000 0.414873 0.262231
  37 0.690000 3.680000 0.599998 -1.000000 0.000000 0.000000 0.387476 0.281800
  37 0.690000 3.650000 0.619998 -1.000000 0.000000 0.000000 0.391389 0.283757
knife_butterfly.bmp
  37 0.690000 3.850000 0.819998 -1.000000 0.000000 0.000000 0.414873 0.262231
  37 0.690000 3.700000 0.559998 -1.000000 0.000000 0.000000 0.383562 0.279843
  37 0.690000 3.680000 0.599998 -1.000000 0.000000 0.000000 0.387476 0.281800
knife_butterfly.bmp
  37 0.690000 3.850000 0.819998 -1.000000 0.000000 0.000000 0.414873 0.262231
  37 0.690000 3.700000 0.519998 -1.000000 0.000000 0.000000 0.379648 0.277886
  37 0.690000 3.700000 0.559998 -1.000000 0.000000 0.000000 0.383562 0.279843
knife_butterfly.bmp
  37 0.690000 3.850000 0.819998 -1.000000 0.000000 0.000000 0.414873 0.262231
  37 0.690000 3.700000 0.489998 -1.000000 0.000000 0.000000 0.375734 0.279843
  37 0.690000 3.700000 0.519998 -1.000000 0.000000 0.000000 0.379648 0.277886
knife_butterfly.bmp
  37 0.690000 3.850000 0.819998 -1.000000 0.000000 0.000000 0.414873 0.262231
  37 0.690000 3.609999 0.199998 -1.000000 0.000000 0.000000 0.342466 0.289628
  37 0.690000 3.700000 0.489998 -1.000000 0.000000 0.000000 0.375734 0.279843
knife_butterfly.bmp
  37 0.690000 3.850000 0.819998 -1.000000 0.000000 0.000000 0.414873 0.262231
  37 0.690000 3.719999 0.139998 -1.000000 0.000000 0.000000 0.334638 0.275930
  37 0.690000 3.609999 0.199998 -1.000000 0.000000 0.000000 0.342466 0.289628
knife_butterfly.bmp
  40 1.100004 3.831436 -0.651859 0.000002 0.619242 -0.785200 0.835616 0.185910
  40 1.260004 3.771436 -0.661858 0.142502 0.344735 -0.927821 0.853229 0.193738
  40 1.100004 3.771436 -0.681859 0.000003 0.313363 -0.949633 0.835616 0.193738
knife_butterfly.bmp
  40 1.100004 3.771436 -0.681859 0.000003 0.313363 -0.949633 0.835616 0.193738
  40 1.260004 3.771436 -0.661858 0.142502 0.344735 -0.927821 0.853229 0.193738
  40 1.100004 3.701436 -0.671858 0.000008 0.037284 -0.999305 0.835616 0.201566
knife_butterfly.bmp
  40 1.260004 3.771436 -0.661858 0.142502 0.344735 -0.927821 0.853229 0.193738
  40 1.260004 3.701436 -0.671858 0.097621 0.029751 -0.994779 0.853229 0.201566
  40 1.100004 3.701436 -0.671858 0.000008 0.037284 -0.999305 0.835616 0.201566
knife_butterfly.bmp
  40 1.100004 3.701436 -0.671858 0.000008 0.037284 -0.999305 0.835616 0.201566
  40 1.260004 3.701436 -0.671858 0.097621 0.029751 -0.994779 0.853229 0.201566
  40 1.100004 3.641436 -0.671858 0.000002 -0.505224 -0.862988 0.835616 0.207436
knife_butterfly.bmp
  40 1.260004 3.701436 -0.671858 0.097621 0.029751 -0.994779 0.853229 0.201566
  40 1.260004 3.641436 -0.671858 0.125900 -0.511302 -0.850129 0.853229 0.207436
  40 1.100004 3.641436 -0.671858 0.000002 -0.505224 -0.862988 0.835616 0.207436
knife_butterfly.bmp
  40 1.100004 3.641436 -0.671858 0.000002 -0.505224 -0.862988 0.835616 0.207436
  40 1.260004 3.641436 -0.671858 0.125900 -0.511302 -0.850129 0.853229 0.207436
  40 1.090004 3.611436 -0.631858 0.000002 -0.880790 -0.473507 0.835616 0.213307
knife_butterfly.bmp
  40 1.260004 3.641436 -0.671858 0.125900 -0.511302 -0.850129 0.853229 0.207436
  40 1.260004 3.611436 -0.651858 0.146128 -0.885770 -0.440521 0.853229 0.213307
  40 1.090004 3.611436 -0.631858 0.000002 -0.880790 -0.473507 0.835616 0.213307
knife_butterfly.bmp
  40 1.090004 3.611436 -0.631858 0.000002 -0.880790 -0.473507 0.835616 0.213307
  40 1.260004 3.611436 -0.651858 0.146128 -0.885770 -0.440521 0.853229 0.213307
  40 1.240003 3.601436 -0.611858 0.139708 -0.852438 -0.503817 0.853229 0.217221
knife_butterfly.bmp
  40 1.100004 3.831436 -0.651859 -1.000000 -0.000001 -0.000026 0.634051 0.205479
  40 1.080003 3.891436 -0.501859 -1.000000 -0.000001 -0.000026 0.651663 0.197652
  40 1.080003 3.951436 -0.491859 -1.000000 -0.000001 -0.000026 0.649706 0.191781
knife_butterfly.bmp
  40 1.080003 3.951436 -0.491859 -1.000000 -0.000001 -0.000026 0.649706 0.191781
  40 1.080003 3.891436 -0.501859 -1.000000 -0.000001 -0.000026 0.651663 0.197652
  40 1.080003 4.041436 -0.391859 -1.000000 -0.000001 -0.000026 0.661448 0.180039
knife_butterfly.bmp
  40 1.080003 3.891436 -0.501859 -1.000000 -0.000001 -0.000026 0.651663 0.197652
  40 1.100003 4.021437 -0.351859 -1.000000 -0.000001 -0.000026 0.667319 0.181996
  40 1.080003 4.041436 -0.391859 -1.000000 -0.000001 -0.000026 0.661448 0.180039
knife_butterfly.bmp
  40 1.080003 4.041436 -0.391859 -1.000000 -0.000001 -0.000026 0.661448 0.180039
  40 1.100003 4.021437 -0.351859 -1.000000 -0.000001 -0.000026 0.667319 0.181996
  40 1.100003 4.101437 -0.351859 -1.000000 -0.000001 -0.000026 0.669276 0.174168
knife_butterfly.bmp
  40 1.100003 4.021437 -0.351859 -1.000000 -0.000001 -0.000026 0.667319 0.181996
  40 1.100003 4.071437 -0.281859 -1.000000 -0.000001 -0.000026 0.679061 0.178082
  40 1.100003 4.101437 -0.351859 -1.000000 -0.000001 -0.000026 0.669276 0.174168
knife_butterfly.bmp
  40 1.100003 4.101437 -0.351859 -1.000000 -0.000001 -0.000026 0.669276 0.174168
  40 1.100003 4.071437 -0.281859 -1.000000 -0.000001 -0.000026 0.679061 0.178082
  40 1.100003 4.141437 -0.301859 -1.000000 -0.000001 -0.000026 0.675147 0.168297
knife_butterfly.bmp
  40 1.100003 4.071437 -0.281859 -1.000000 -0.000001 -0.000026 0.679061 0.178082
  40 1.100003 4.151437 -0.191860 -1.000000 -0.000001 -0.000026 0.686888 0.166341
  40 1.100003 4.141437 -0.301859 -1.000000 -0.000001 -0.000026 0.675147 0.168297
knife_butterfly.bmp
  40 1.100003 4.141437 -0.301859 -1.000000 -0.000001 -0.000026 0.675147 0.168297
  40 1.100003 4.151437 -0.191860 -1.000000 -0.000001 -0.000026 0.686888 0.166341
  40 1.100003 4.181437 -0.221860 -1.000000 -0.000001 -0.000026 0.684932 0.164384
knife_butterfly.bmp
  40 1.100003 3.031437 -0.261857 -1.000000 -0.000001 -0.000026 0.679061 0.301370
  40 1.100002 3.231437 -0.101857 -1.000000 -0.000001 -0.000026 0.696673 0.275930
  40 1.100003 3.231437 -0.341857 -1.000000 -0.000001 -0.000026 0.667319 0.277886
knife_butterfly.bmp
  40 1.100003 3.031437 -0.261857 -1.000000 -0.000001 -0.000026 0.679061 0.301370
  40 1.100002 3.211437 -0.101857 -1.000000 -0.000001 -0.000026 0.696673 0.279843
  40 1.100002 3.231437 -0.101857 -1.000000 -0.000001 -0.000026 0.696673 0.275930
knife_butterfly.bmp
  40 1.100003 3.031437 -0.261857 -1.000000 -0.000001 -0.000026 0.679061 0.301370
  40 1.100002 3.171437 -0.101857 -1.000000 -0.000001 -0.000026 0.696673 0.283757
  40 1.100002 3.211437 -0.101857 -1.000000 -0.000001 -0.000026 0.696673 0.279843
knife_butterfly.bmp
  40 1.100003 3.031437 -0.261857 -1.000000 -0.000001 -0.000026 0.679061 0.301370
  40 1.090002 3.141437 -0.091857 -1.000000 -0.000001 -0.000026 0.698630 0.287671
  40 1.100002 3.171437 -0.101857 -1.000000 -0.000001 -0.000026 0.696673 0.283757
knife_butterfly.bmp
  40 1.100003 3.031437 -0.261857 -1.000000 -0.000001 -0.000026 0.679061 0.301370
  40 1.080002 3.111437 -0.081857 -1.000000 -0.000001 -0.000026 0.700587 0.291585
  40 1.090002 3.141437 -0.091857 -1.000000 -0.000001 -0.000026 0.698630 0.287671
knife_butterfly.bmp
  40 1.100003 3.031437 -0.261857 -1.000000 -0.000001 -0.000026 0.679061 0.301370
  40 1.080002 3.091438 -0.051857 -1.000000 -0.000001 -0.000026 0.704501 0.293542
  40 1.080002 3.111437 -0.081857 -1.000000 -0.000001 -0.000026 0.700587 0.291585
knife_butterfly.bmp
  40 1.100003 3.031437 -0.261857 -1.000000 -0.000001 -0.000026 0.679061 0.301370
  40 1.080002 3.081437 -0.011857 -1.000000 -0.000001 -0.000026 0.708415 0.293542
  40 1.080002 3.091438 -0.051857 -1.000000 -0.000001 -0.000026 0.704501 0.293542
knife_butterfly.bmp
  40 1.100003 3.031437 -0.261857 -1.000000 -0.000001 -0.000026 0.679061 0.301370
  40 1.080002 3.091438 0.018143 -1.000000 -0.000001 -0.000026 0.714286 0.293542
  40 1.080002 3.081437 -0.011857 -1.000000 -0.000001 -0.000026 0.708415 0.293542
knife_butterfly.bmp
  40 1.300003 4.141437 -0.251859 1.000000 0.000000 0.000002 0.571429 0.168297
  40 1.300003 4.071437 -0.281859 1.000000 0.000000 0.000002 0.571429 0.178082
  40 1.300003 4.091437 -0.301859 1.000000 0.000000 0.000002 0.565558 0.174168
knife_butterfly.bmp
  40 1.300003 4.091437 -0.301859 1.000000 0.000000 0.000002 0.565558 0.174168
  40 1.300003 4.071437 -0.281859 1.000000 0.000000 0.000002 0.571429 0.178082
  40 1.300003 4.021437 -0.371859 1.000000 0.000000 0.000002 0.559687 0.181996
knife_butterfly.bmp
  40 1.300003 4.071437 -0.281859 1.000000 0.000000 0.000002 0.571429 0.178082
  40 1.280003 3.581436 -0.541858 1.000000 0.000000 0.000002 0.540117 0.234834
  40 1.300003 4.021437 -0.371859 1.000000 0.000000 0.000002 0.559687 0.181996
knife_butterfly.bmp
  40 1.300003 4.021437 -0.371859 1.000000 0.000000 0.000002 0.559687 0.181996
  40 1.280003 3.581436 -0.541858 1.000000 0.000000 0.000002 0.540117 0.234834
  40 1.280003 3.891436 -0.501859 1.000000 0.000000 0.000002 0.544031 0.197652
knife_butterfly.bmp
  40 1.280003 3.581436 -0.541858 1.000000 0.000000 0.000002 0.540117 0.234834
  40 1.300004 3.641436 -0.611858 1.000000 0.000000 0.000002 0.530333 0.228963
  40 1.280003 3.891436 -0.501859 1.000000 0.000000 0.000002 0.544031 0.197652
knife_butterfly.bmp
  40 1.280003 3.891436 -0.501859 1.000000 0.000000 0.000002 0.544031 0.197652
  40 1.300004 3.641436 -0.611858 1.000000 0.000000 0.000002 0.530333 0.228963
  40 1.300004 3.771436 -0.611858 1.000000 0.000000 0.000002 0.528376 0.211350
knife_butterfly.bmp
  40 1.300004 3.641436 -0.611858 1.000000 0.000000 0.000002 0.530333 0.228963
  40 1.300004 3.651436 -0.641858 1.000000 0.000000 0.000002 0.526419 0.227006
  40 1.300004 3.771436 -0.611858 1.000000 0.000000 0.000002 0.528376 0.211350
knife_butterfly.bmp
  40 1.300004 3.771436 -0.611858 1.000000 0.000000 0.000002 0.528376 0.211350
  40 1.300004 3.651436 -0.641858 1.000000 0.000000 0.000002 0.526419 0.227006
  40 1.300004 3.681436 -0.651858 1.000000 0.000000 0.000002 0.524462 0.223092
knife_butterfly.bmp
  40 1.300003 3.031437 -0.211856 1.000000 0.000000 0.000002 0.577299 0.301370
  40 1.280002 3.081437 -0.011856 1.000000 0.000000 0.000002 0.602740 0.293542
  40 1.280002 3.091438 0.018144 1.000000 0.000000 0.000002 0.606654 0.293542
knife_butterfly.bmp
  40 1.300003 3.031437 -0.211856 1.000000 0.000000 0.000002 0.577299 0.301370
  40 1.280002 3.091438 -0.051856 1.000000 0.000000 0.000002 0.596869 0.293542
  40 1.280002 3.081437 -0.011856 1.000000 0.000000 0.000002 0.602740 0.293542
knife_butterfly.bmp
  40 1.300003 3.031437 -0.211856 1.000000 0.000000 0.000002 0.577299 0.301370
  40 1.280002 3.111437 -0.081856 1.000000 0.000000 0.000002 0.592955 0.291585
  40 1.280002 3.091438 -0.051856 1.000000 0.000000 0.000002 0.596869 0.293542
knife_butterfly.bmp
  40 1.300003 3.031437 -0.211856 1.000000 0.000000 0.000002 0.577299 0.301370
  40 1.280002 3.141437 -0.111857 1.000000 0.000000 0.000002 0.590998 0.287671
  40 1.280002 3.111437 -0.081856 1.000000 0.000000 0.000002 0.592955 0.291585
knife_butterfly.bmp
  40 1.300003 3.031437 -0.211856 1.000000 0.000000 0.000002 0.577299 0.301370
  40 1.280003 3.171437 -0.121857 1.000000 0.000000 0.000002 0.589041 0.283757
  40 1.280002 3.141437 -0.111857 1.000000 0.000000 0.000002 0.590998 0.287671
knife_butterfly.bmp
  40 1.300003 3.031437 -0.211856 1.000000 0.000000 0.000002 0.577299 0.301370
  40 1.280003 3.211437 -0.121857 1.000000 0.000000 0.000002 0.589041 0.279843
  40 1.280003 3.171437 -0.121857 1.000000 0.000000 0.000002 0.589041 0.283757
knife_butterfly.bmp
  40 1.300003 3.031437 -0.211856 1.000000 0.000000 0.000002 0.577299 0.301370
  40 1.280003 3.231437 -0.121857 1.000000 0.000000 0.000002 0.589041 0.275930
  40 1.280003 3.211437 -0.121857 1.000000 0.000000 0.000002 0.589041 0.279843
knife_butterfly.bmp
  40 1.300003 3.031437 -0.211856 1.000000 0.000000 0.000002 0.577299 0.301370
  40 1.300003 3.231437 -0.321857 1.000000 0.000000 0.000002 0.565558 0.277886
  40 1.280003 3.231437 -0.121857 1.000000 0.000000 0.000002 0.589041 0.275930
knife_butterfly.bmp
  40 0.890003 4.141437 -0.281860 1.000000 0.000000 0.000002 0.675147 0.168297
  40 0.890003 4.071437 -0.281860 1.000000 0.000000 0.000002 0.679061 0.178082
  40 0.890003 4.101437 -0.351860 1.000000 0.000000 0.000002 0.669276 0.174168
knife_butterfly.bmp
  40 0.890003 4.101437 -0.351860 1.000000 0.000000 0.000002 0.669276 0.174168
  40 0.890003 4.071437 -0.281860 1.000000 0.000000 0.000002 0.679061 0.178082
  40 0.870003 4.021437 -0.371860 1.000000 0.000000 0.000002 0.667319 0.181996
knife_butterfly.bmp
  40 0.890003 4.071437 -0.281860 1.000000 0.000000 0.000002 0.679061 0.178082
  40 0.870003 3.561436 -0.571858 1.000000 0.000000 0.000002 0.643836 0.238748
  40 0.870003 4.021437 -0.371860 1.000000 0.000000 0.000002 0.667319 0.181996
knife_butterfly.bmp
  40 0.870003 4.021437 -0.371860 1.000000 0.000000 0.000002 0.667319 0.181996
  40 0.870003 3.561436 -0.571858 1.000000 0.000000 0.000002 0.643836 0.238748
  40 0.870003 3.891436 -0.481859 1.000000 0.000000 0.000002 0.651663 0.197652
knife_butterfly.bmp
  40 0.870003 3.561436 -0.571858 1.000000 0.000000 0.000002 0.643836 0.238748
  40 0.870004 3.601436 -0.611859 1.000000 0.000000 0.000002 0.637965 0.232877
  40 0.870003 3.891436 -0.481859 1.000000 0.000000 0.000002 0.651663 0.197652
knife_butterfly.bmp
  40 0.870003 3.891436 -0.481859 1.000000 0.000000 0.000002 0.651663 0.197652
  40 0.870004 3.601436 -0.611859 1.000000 0.000000 0.000002 0.637965 0.232877
  40 0.890003 3.771436 -0.611859 1.000000 0.000000 0.000002 0.636008 0.211350
knife_butterfly.bmp
  40 0.870004 3.601436 -0.611859 1.000000 0.000000 0.000002 0.637965 0.232877
  40 0.890004 3.611436 -0.651859 1.000000 0.000000 0.000002 0.634051 0.230920
  40 0.890003 3.771436 -0.611859 1.000000 0.000000 0.000002 0.636008 0.211350
knife_butterfly.bmp
  40 0.890003 3.771436 -0.611859 1.000000 0.000000 0.000002 0.636008 0.211350
  40 0.890004 3.611436 -0.651859 1.000000 0.000000 0.000002 0.634051 0.230920
  40 0.890004 3.641436 -0.691859 1.000000 0.000000 0.000002 0.630137 0.227006
knife_butterfly.bmp
  40 0.890003 3.031437 -0.241857 1.000000 0.000000 0.000002 0.679061 0.301370
  40 0.870002 3.081437 0.008143 1.000000 0.000000 0.000002 0.708415 0.293542
  40 0.870002 3.091438 0.038143 1.000000 0.000000 0.000002 0.714286 0.293542
knife_butterfly.bmp
  40 0.890003 3.031437 -0.241857 1.000000 0.000000 0.000002 0.679061 0.301370
  40 0.870002 3.091438 -0.031857 1.000000 0.000000 0.000002 0.704501 0.293542
  40 0.870002 3.081437 0.008143 1.000000 0.000000 0.000002 0.708415 0.293542
knife_butterfly.bmp
  40 0.890003 3.031437 -0.241857 1.000000 0.000000 0.000002 0.679061 0.301370
  40 0.870002 3.111437 -0.061857 1.000000 0.000000 0.000002 0.700587 0.291585
  40 0.870002 3.091438 -0.031857 1.000000 0.000000 0.000002 0.704501 0.293542
knife_butterfly.bmp
  40 0.890003 3.031437 -0.241857 1.000000 0.000000 0.000002 0.679061 0.301370
  40 0.870003 3.141437 -0.111857 1.000000 0.000000 0.000002 0.698630 0.287671
  40 0.870002 3.111437 -0.061857 1.000000 0.000000 0.000002 0.700587 0.291585
knife_butterfly.bmp
  40 0.890003 3.031437 -0.241857 1.000000 0.000000 0.000002 0.679061 0.301370
  40 0.880003 3.171437 -0.121857 1.000000 0.000000 0.000002 0.696673 0.283757
  40 0.870003 3.141437 -0.111857 1.000000 0.000000 0.000002 0.698630 0.287671
knife_butterfly.bmp
  40 0.890003 3.031437 -0.241857 1.000000 0.000000 0.000002 0.679061 0.301370
  40 0.880003 3.211437 -0.121858 1.000000 0.000000 0.000002 0.696673 0.279843
  40 0.880003 3.171437 -0.121857 1.000000 0.000000 0.000002 0.696673 0.283757
knife_butterfly.bmp
  40 0.890003 3.031437 -0.241857 1.000000 0.000000 0.000002 0.679061 0.301370
  40 0.880003 3.231437 -0.121858 1.000000 0.000000 0.000002 0.696673 0.275930
  40 0.880003 3.211437 -0.121858 1.000000 0.000000 0.000002 0.696673 0.279843
knife_butterfly.bmp
  40 0.890003 3.031437 -0.241857 1.000000 0.000000 0.000002 0.679061 0.301370
  40 0.890003 3.231437 -0.361858 1.000000 0.000000 0.000002 0.667319 0.277886
  40 0.880003 3.231437 -0.121858 1.000000 0.000000 0.000002 0.696673 0.275930
knife_butterfly.bmp
  40 0.690004 3.791436 -0.641859 -1.000000 -0.000001 -0.000026 0.528376 0.209393
  40 0.670003 3.891436 -0.501860 -1.000000 -0.000001 -0.000026 0.544031 0.197652
  40 0.670003 3.911436 -0.501860 -1.000000 -0.000001 -0.000026 0.544031 0.195695
knife_butterfly.bmp
  40 0.670003 3.911436 -0.501860 -1.000000 -0.000001 -0.000026 0.544031 0.195695
  40 0.670003 3.891436 -0.501860 -1.000000 -0.000001 -0.000026 0.544031 0.197652
  40 0.680003 4.031436 -0.361860 -1.000000 -0.000001 -0.000026 0.557730 0.181996
knife_butterfly.bmp
  40 0.670003 3.891436 -0.501860 -1.000000 -0.000001 -0.000026 0.544031 0.197652
  40 0.690003 4.021437 -0.351860 -1.000000 -0.000001 -0.000026 0.559687 0.181996
  40 0.680003 4.031436 -0.361860 -1.000000 -0.000001 -0.000026 0.557730 0.181996
knife_butterfly.bmp
  40 0.680003 4.031436 -0.361860 -1.000000 -0.000001 -0.000026 0.557730 0.181996
  40 0.690003 4.021437 -0.351860 -1.000000 -0.000001 -0.000026 0.559687 0.181996
  40 0.690003 4.091437 -0.301860 -1.000000 -0.000001 -0.000026 0.565558 0.174168
knife_butterfly.bmp
  40 0.690003 4.021437 -0.351860 -1.000000 -0.000001 -0.000026 0.559687 0.181996
  40 0.690003 4.071437 -0.261860 -1.000000 -0.000001 -0.000026 0.571429 0.178082
  40 0.690003 4.091437 -0.301860 -1.000000 -0.000001 -0.000026 0.565558 0.174168
knife_butterfly.bmp
  40 0.690003 4.091437 -0.301860 -1.000000 -0.000001 -0.000026 0.565558 0.174168
  40 0.690003 4.071437 -0.261860 -1.000000 -0.000001 -0.000026 0.571429 0.178082
  40 0.690003 4.141437 -0.271860 -1.000000 -0.000001 -0.000026 0.571429 0.168297
knife_butterfly.bmp
  40 0.690003 4.071437 -0.261860 -1.000000 -0.000001 -0.000026 0.571429 0.178082
  40 0.690003 4.141437 -0.221860 -1.000000 -0.000001 -0.000026 0.577299 0.168297
  40 0.690003 4.141437 -0.271860 -1.000000 -0.000001 -0.000026 0.571429 0.168297
knife_butterfly.bmp
  40 0.690003 4.141437 -0.271860 -1.000000 -0.000001 -0.000026 0.571429 0.168297
  40 0.690003 4.141437 -0.221860 -1.000000 -0.000001 -0.000026 0.577299 0.168297
  40 0.690003 4.151437 -0.251860 -1.000000 -0.000001 -0.000026 0.573386 0.168297
knife_butterfly.bmp
  40 0.690003 3.031437 -0.231857 -1.000000 -0.000001 -0.000026 0.577299 0.301370
  40 0.670002 3.231437 -0.101858 -1.000000 -0.000001 -0.000026 0.589041 0.275930
  40 0.690003 3.231437 -0.301858 -1.000000 -0.000001 -0.000026 0.565558 0.277886
knife_butterfly.bmp
  40 0.690003 3.031437 -0.231857 -1.000000 -0.000001 -0.000026 0.577299 0.301370
  40 0.670002 3.211437 -0.101858 -1.000000 -0.000001 -0.000026 0.589041 0.279843
  40 0.670002 3.231437 -0.101858 -1.000000 -0.000001 -0.000026 0.589041 0.275930
knife_butterfly.bmp
  40 0.690003 3.031437 -0.231857 -1.000000 -0.000001 -0.000026 0.577299 0.301370
  40 0.670003 3.171437 -0.121858 -1.000000 -0.000001 -0.000026 0.589041 0.283757
  40 0.670002 3.211437 -0.101858 -1.000000 -0.000001 -0.000026 0.589041 0.279843
knife_butterfly.bmp
  40 0.690003 3.031437 -0.231857 -1.000000 -0.000001 -0.000026 0.577299 0.301370
  40 0.670002 3.141437 -0.111858 -1.000000 -0.000001 -0.000026 0.590998 0.287671
  40 0.670003 3.171437 -0.121858 -1.000000 -0.000001 -0.000026 0.589041 0.283757
knife_butterfly.bmp
  40 0.690003 3.031437 -0.231857 -1.000000 -0.000001 -0.000026 0.577299 0.301370
  40 0.670002 3.111437 -0.081858 -1.000000 -0.000001 -0.000026 0.592955 0.291585
  40 0.670002 3.141437 -0.111858 -1.000000 -0.000001 -0.000026 0.590998 0.287671
knife_butterfly.bmp
  40 0.690003 3.031437 -0.231857 -1.000000 -0.000001 -0.000026 0.577299 0.301370
  40 0.670002 3.091438 -0.051858 -1.000000 -0.000001 -0.000026 0.596869 0.293542
  40 0.670002 3.111437 -0.081858 -1.000000 -0.000001 -0.000026 0.592955 0.291585
knife_butterfly.bmp
  40 0.690003 3.031437 -0.231857 -1.000000 -0.000001 -0.000026 0.577299 0.301370
  40 0.670002 3.081437 -0.011858 -1.000000 -0.000001 -0.000026 0.602740 0.293542
  40 0.670002 3.091438 -0.051858 -1.000000 -0.000001 -0.000026 0.596869 0.293542
knife_butterfly.bmp
  40 0.690003 3.031437 -0.231857 -1.000000 -0.000001 -0.000026 0.577299 0.301370
  40 0.670002 3.091438 0.018142 -1.000000 -0.000001 -0.000026 0.606654 0.293542
  40 0.670002 3.081437 -0.011858 -1.000000 -0.000001 -0.000026 0.602740 0.293542
knife_butterfly.bmp
  37 1.250000 3.959999 -0.050002 0.149151 -0.693454 -0.704894 0.966732 0.215264
  37 1.100000 3.989999 -0.080003 0.000002 -0.760551 -0.649278 0.949119 0.211350
  37 1.250000 3.989999 -0.080003 0.138258 -0.755277 -0.640657 0.966732 0.211350
knife_butterfly.bmp
  37 1.250000 3.989999 -0.080003 0.138258 -0.755277 -0.640657 0.966732 0.211350
  37 1.100000 3.989999 -0.080003 0.000002 -0.760551 -0.649278 0.949119 0.211350
  37 1.250000 4.019999 -0.120003 0.157888 -0.527464 -0.834777 0.966732 0.205479
knife_butterfly.bmp
  37 1.100000 3.989999 -0.080003 0.000002 -0.760551 -0.649278 0.949119 0.211350
  37 1.100000 4.019999 -0.120003 0.000002 -0.533886 -0.845556 0.949119 0.205479
  37 1.250000 4.019999 -0.120003 0.157888 -0.527464 -0.834777 0.966732 0.205479
knife_butterfly.bmp
  37 1.250000 4.019999 -0.120003 0.157888 -0.527464 -0.834777 0.966732 0.205479
  37 1.100000 4.019999 -0.120003 0.000002 -0.533886 -0.845556 0.949119 0.205479
  37 1.250000 4.079999 -0.130003 0.097630 0.012432 -0.995145 0.966732 0.199609
knife_butterfly.bmp
  37 1.100000 4.019999 -0.120003 0.000002 -0.533886 -0.845556 0.949119 0.205479
  37 1.100000 4.079999 -0.130003 0.000000 0.019891 -0.999802 0.949119 0.199609
  37 1.250000 4.079999 -0.130003 0.097630 0.012432 -0.995145 0.966732 0.199609
knife_butterfly.bmp
  37 1.250000 4.079999 -0.130003 0.097630 0.012432 -0.995145 0.966732 0.199609
  37 1.100000 4.079999 -0.130003 0.000000 0.019891 -0.999802 0.949119 0.199609
  37 1.250000 4.149999 -0.120003 0.142501 0.328523 -0.933684 0.966732 0.191781
knife_butterfly.bmp
  37 1.100000 4.079999 -0.130003 0.000000 0.019891 -0.999802 0.949119 0.199609
  37 1.100000 4.149999 -0.120003 0.000000 0.326347 -0.945250 0.949119 0.191781
  37 1.250000 4.149999 -0.120003 0.142501 0.328523 -0.933684 0.966732 0.191781
knife_butterfly.bmp
  37 1.250000 4.149999 -0.120003 0.142501 0.328523 -0.933684 0.966732 0.191781
  37 1.100000 4.149999 -0.120003 0.000000 0.326347 -0.945250 0.949119 0.191781
  37 1.100000 4.209999 -0.090003 -0.000002 0.591572 -0.806252 0.949119 0.185910
knife_butterfly.bmp
  37 1.100000 4.449999 0.279997 -1.000000 0.000000 0.000000 0.455969 0.191781
  37 1.100000 4.400000 0.189997 -1.000000 0.000000 0.000000 0.446184 0.197652
  37 1.100000 4.159999 0.359997 -1.000000 0.000000 0.000000 0.465753 0.225049
knife_butterfly.bmp
  37 1.100000 4.449999 0.279997 -1.000000 0.000000 0.000000 0.455969 0.191781
  37 1.100000 4.480000 0.199997 -1.000000 0.000000 0.000000 0.448141 0.187867
  37 1.100000 4.400000 0.189997 -1.000000 0.000000 0.000000 0.446184 0.197652
knife_butterfly.bmp
  37 1.100000 4.449999 0.279997 -1.000000 0.000000 0.000000 0.455969 0.191781
  37 1.100000 4.530000 0.259997 -1.000000 0.000000 0.000000 0.454012 0.181996
  37 1.100000 4.480000 0.199997 -1.000000 0.000000 0.000000 0.448141 0.187867
knife_butterfly.bmp
  37 1.100000 4.449999 0.279997 -1.000000 0.000000 0.000000 0.455969 0.191781
  37 1.100000 4.530000 0.339997 -1.000000 0.000000 0.000000 0.463796 0.181996
  37 1.100000 4.530000 0.259997 -1.000000 0.000000 0.000000 0.454012 0.181996
knife_butterfly.bmp
  37 1.100000 4.449999 0.279997 -1.000000 0.000000 0.000000 0.455969 0.191781
  37 1.100000 4.500000 0.379997 -1.000000 0.000000 0.000000 0.467710 0.185910
  37 1.100000 4.530000 0.339997 -1.000000 0.000000 0.000000 0.463796 0.181996
knife_butterfly.bmp
  37 1.100000 4.449999 0.279997 -1.000000 0.000000 0.000000 0.455969 0.191781
  37 1.100000 4.469999 0.439997 -1.000000 0.000000 0.000000 0.475538 0.189824
  37 1.100000 4.500000 0.379997 -1.000000 0.000000 0.000000 0.467710 0.185910
knife_butterfly.bmp
  37 1.100000 4.449999 0.279997 -1.000000 0.000000 0.000000 0.455969 0.191781
  37 1.100000 4.410000 0.499997 -1.000000 0.000000 0.000000 0.481409 0.195695
  37 1.100000 4.469999 0.439997 -1.000000 0.000000 0.000000 0.475538 0.189824
knife_butterfly.bmp
  37 1.100000 4.449999 0.279997 -1.000000 0.000000 0.000000 0.455969 0.191781
  37 1.100000 4.159999 0.359997 -1.000000 0.000000 0.000000 0.465753 0.225049
  37 1.100000 4.410000 0.499997 -1.000000 0.000000 0.000000 0.481409 0.195695
knife_butterfly.bmp
  37 1.280000 3.850000 0.819998 1.000000 0.000000 0.000000 0.414873 0.262231
  37 1.280000 3.609999 0.199998 1.000000 0.000000 0.000000 0.342466 0.289628
  37 1.280000 3.719999 0.139998 1.000000 0.000000 0.000000 0.336595 0.275930
knife_butterfly.bmp
  37 1.280000 3.850000 0.819998 1.000000 0.000000 0.000000 0.414873 0.262231
  37 1.280000 3.700000 0.489998 1.000000 0.000000 0.000000 0.375734 0.279843
  37 1.280000 3.609999 0.199998 1.000000 0.000000 0.000000 0.342466 0.289628
knife_butterfly.bmp
  37 1.280000 3.850000 0.819998 1.000000 0.000000 0.000000 0.414873 0.262231
  37 1.280000 3.700000 0.519998 1.000000 0.000000 0.000000 0.381605 0.277886
  37 1.280000 3.700000 0.489998 1.000000 0.000000 0.000000 0.375734 0.279843
knife_butterfly.bmp
  37 1.280000 3.850000 0.819998 1.000000 0.000000 0.000000 0.414873 0.262231
  37 1.280000 3.700000 0.559998 1.000000 0.000000 0.000000 0.385519 0.279843
  37 1.280000 3.700000 0.519998 1.000000 0.000000 0.000000 0.381605 0.277886
knife_butterfly.bmp
  37 1.280000 3.850000 0.819998 1.000000 0.000000 0.000000 0.414873 0.262231
  37 1.280000 3.680000 0.599998 1.000000 0.000000 0.000000 0.389432 0.281800
  37 1.280000 3.700000 0.559998 1.000000 0.000000 0.000000 0.385519 0.279843
knife_butterfly.bmp
  37 1.280000 3.850000 0.819998 1.000000 0.000000 0.000000 0.414873 0.262231
  37 1.280000 3.650000 0.619998 1.000000 0.000000 0.000000 0.391389 0.283757
  37 1.280000 3.680000 0.599998 1.000000 0.000000 0.000000 0.389432 0.281800
knife_butterfly.bmp
  37 1.280000 3.850000 0.819998 1.000000 0.000000 0.000000 0.414873 0.262231
  37 1.280000 3.630000 0.629998 1.000000 0.000000 0.000000 0.393346 0.285714
  37 1.280000 3.650000 0.619998 1.000000 0.000000 0.000000 0.391389 0.283757
knife_butterfly.bmp
  37 1.280000 3.850000 0.819998 1.000000 0.000000 0.000000 0.414873 0.262231
  37 1.280000 3.670000 0.909998 1.000000 0.000000 0.000000 0.426614 0.283757
  37 1.280000 3.630000 0.629998 1.000000 0.000000 0.000000 0.393346 0.285714
knife_butterfly.bmp
  40 0.700003 4.171437 -0.221860 -0.650018 0.692363 0.313226 0.577299 0.164384
  40 0.730003 4.181437 -0.251860 -0.138778 0.953194 -0.268631 0.573386 0.164384
  40 0.700003 4.171437 -0.251860 -0.618423 0.769413 -0.159867 0.573386 0.164384
knife_butterfly.bmp
  40 0.700003 4.171437 -0.251860 -0.618423 0.769413 -0.159867 0.573386 0.164384
  40 0.730003 4.181437 -0.251860 -0.138778 0.953194 -0.268631 0.573386 0.164384
  40 0.700003 4.141437 -0.291860 -0.595452 0.615911 -0.515840 0.569472 0.168297
knife_butterfly.bmp
  40 0.730003 4.181437 -0.251860 -0.138778 0.953194 -0.268631 0.573386 0.164384
  40 0.730003 4.141437 -0.281860 -0.105296 0.767164 -0.632750 0.567515 0.168297
  40 0.700003 4.141437 -0.291860 -0.595452 0.615911 -0.515840 0.569472 0.168297
knife_butterfly.bmp
  40 0.700003 4.141437 -0.291860 -0.595452 0.615911 -0.515840 0.569472 0.168297
  40 0.730003 4.141437 -0.281860 -0.105296 0.767164 -0.632750 0.567515 0.168297
  40 0.700003 4.091437 -0.331860 -0.653770 0.555971 -0.513304 0.561644 0.174168
knife_butterfly.bmp
  40 0.730003 4.141437 -0.281860 -0.105296 0.767164 -0.632750 0.567515 0.168297
  40 0.730003 4.101437 -0.331860 -0.146644 0.731098 -0.666326 0.561644 0.174168
  40 0.700003 4.091437 -0.331860 -0.653770 0.555971 -0.513304 0.561644 0.174168
knife_butterfly.bmp
  40 0.700003 4.091437 -0.331860 -0.653770 0.555971 -0.513304 0.561644 0.174168
  40 0.730003 4.101437 -0.331860 -0.146644 0.731098 -0.666326 0.561644 0.174168
  40 0.680003 4.031436 -0.381860 -0.653770 0.555971 -0.513304 0.555773 0.181996
knife_butterfly.bmp
  40 0.730003 4.101437 -0.331860 -0.146644 0.731098 -0.666326 0.561644 0.174168
  40 0.710003 4.041436 -0.391860 -0.146644 0.731098 -0.666326 0.553816 0.180039
  40 0.680003 4.031436 -0.381860 -0.653770 0.555971 -0.513304 0.555773 0.181996
knife_butterfly.bmp
  40 0.680003 4.031436 -0.381860 -0.653770 0.555971 -0.513304 0.555773 0.181996
  40 0.710003 4.041436 -0.391860 -0.146644 0.731098 -0.666326 0.553816 0.180039
  40 0.710003 3.951436 -0.511860 -0.146644 0.731098 -0.666326 0.542074 0.191781
knife_butterfly.bmp
  37 0.690000 4.550000 0.319997 -0.621995 0.650617 0.435683 0.356164 0.180039
  37 0.710000 4.560000 0.299997 -0.139828 0.973372 -0.181644 0.354207 0.178082
  37 0.690000 4.550000 0.299997 -0.602807 0.795948 -0.055596 0.354207 0.180039
knife_butterfly.bmp
  37 0.690000 4.550000 0.299997 -0.602807 0.795948 -0.055596 0.354207 0.180039
  37 0.710000 4.560000 0.299997 -0.139828 0.973372 -0.181644 0.354207 0.178082
  37 0.690000 4.530000 0.269997 -0.604639 0.611027 -0.510938 0.350294 0.181996
knife_butterfly.bmp
  37 0.710000 4.560000 0.299997 -0.139828 0.973372 -0.181644 0.354207 0.178082
  37 0.710000 4.530000 0.259997 -0.106170 0.750626 -0.652141 0.348337 0.181996
  37 0.690000 4.530000 0.269997 -0.604639 0.611027 -0.510938 0.350294 0.181996
knife_butterfly.bmp
  37 0.690000 4.530000 0.269997 -0.604639 0.611027 -0.510938 0.350294 0.181996
  37 0.710000 4.530000 0.259997 -0.106170 0.750626 -0.652141 0.348337 0.181996
  37 0.690000 4.480000 0.209997 -0.642284 0.543160 -0.540785 0.342466 0.187867
knife_butterfly.bmp
  37 0.710000 4.530000 0.259997 -0.106170 0.750626 -0.652141 0.348337 0.181996
  37 0.710000 4.480000 0.199997 -0.147260 0.718665 -0.679584 0.342466 0.187867
  37 0.690000 4.480000 0.209997 -0.642284 0.543160 -0.540785 0.342466 0.187867
knife_butterfly.bmp
  37 0.690000 4.480000 0.209997 -0.642284 0.543160 -0.540785 0.342466 0.187867
  37 0.710000 4.480000 0.199997 -0.147260 0.718665 -0.679584 0.342466 0.187867
  37 0.690000 4.420000 0.149997 -0.695741 0.522616 -0.492764 0.336595 0.195695
knife_butterfly.bmp
  37 0.710000 4.480000 0.199997 -0.147260 0.718665 -0.679584 0.342466 0.187867
  37 0.710000 4.420000 0.139997 -0.147260 0.718665 -0.679584 0.334638 0.193738
  37 0.690000 4.420000 0.149997 -0.695741 0.522616 -0.492764 0.336595 0.195695
knife_butterfly.bmp
  37 0.690000 4.420000 0.149997 -0.695741 0.522616 -0.492764 0.336595 0.195695
  37 0.710000 4.420000 0.139997 -0.147260 0.718665 -0.679584 0.334638 0.193738
  37 0.710000 4.329999 0.039997 -0.147260 0.718665 -0.679584 0.322896 0.205479
knife_butterfly.bmp
  40 0.730003 4.181437 -0.221860 -0.196744 0.928764 0.314147 0.888454 0.209393
  40 0.890003 4.181437 -0.231860 -0.000001 0.961112 -0.276158 0.870841 0.205479
  40 0.730003 4.181437 -0.251860 -0.138778 0.953194 -0.268631 0.888454 0.205479
knife_butterfly.bmp
  40 0.730003 4.181437 -0.251860 -0.138778 0.953194 -0.268631 0.888454 0.205479
  40 0.890003 4.181437 -0.231860 -0.000001 0.961112 -0.276158 0.870841 0.205479
  40 0.730003 4.141437 -0.281860 -0.105296 0.767164 -0.632750 0.888454 0.199609
knife_butterfly.bmp
  40 0.890003 4.181437 -0.231860 -0.000001 0.961112 -0.276158 0.870841 0.205479
  40 0.890003 4.141437 -0.281860 -0.000003 0.776332 -0.630325 0.870841 0.199609
  40 0.730003 4.141437 -0.281860 -0.105296 0.767164 -0.632750 0.888454 0.199609
knife_butterfly.bmp
  40 0.730003 4.141437 -0.281860 -0.105296 0.767164 -0.632750 0.888454 0.199609
  40 0.890003 4.141437 -0.281860 -0.000003 0.776332 -0.630325 0.870841 0.199609
  40 0.730003 4.101437 -0.331860 -0.146644 0.731098 -0.666326 0.888454 0.191781
knife_butterfly.bmp
  40 0.890003 4.141437 -0.281860 -0.000003 0.776332 -0.630325 0.870841 0.199609
  40 0.890003 4.101437 -0.351860 0.000001 0.745318 -0.666709 0.870841 0.191781
  40 0.730003 4.101437 -0.331860 -0.146644 0.731098 -0.666326 0.888454 0.191781
knife_butterfly.bmp
  40 0.730003 4.101437 -0.331860 -0.146644 0.731098 -0.666326 0.888454 0.191781
  40 0.890003 4.101437 -0.351860 0.000001 0.745318 -0.666709 0.870841 0.191781
  40 0.710003 4.041436 -0.391860 -0.146644 0.731098 -0.666326 0.888454 0.181996
knife_butterfly.bmp
  40 0.890003 4.101437 -0.351860 0.000001 0.745318 -0.666709 0.870841 0.191781
  40 0.870003 4.041436 -0.411860 0.000001 0.745318 -0.666709 0.870841 0.181996
  40 0.710003 4.041436 -0.391860 -0.146644 0.731098 -0.666326 0.888454 0.181996
knife_butterfly.bmp
  40 0.710003 4.041436 -0.391860 -0.146644 0.731098 -0.666326 0.888454 0.181996
  40 0.870003 4.041436 -0.411860 0.000001 0.745318 -0.666709 0.870841 0.181996
  40 0.870003 3.951436 -0.511859 0.000001 0.745318 -0.666709 0.870841 0.168297
knife_butterfly.bmp
  37 0.710000 4.550000 0.329997 -0.199336 0.878609 0.433949 0.947162 0.205479
  37 0.880000 4.560000 0.299997 -0.000004 0.981503 -0.191448 0.929550 0.203523
  37 0.710000 4.560000 0.299997 -0.139828 0.973372 -0.181644 0.947162 0.203523
knife_butterfly.bmp
  37 0.710000 4.560000 0.299997 -0.139828 0.973372 -0.181644 0.947162 0.203523
  37 0.880000 4.560000 0.299997 -0.000004 0.981503 -0.191448 0.929550 0.203523
  37 0.710000 4.530000 0.259997 -0.106170 0.750626 -0.652141 0.947162 0.197652
knife_butterfly.bmp
  37 0.880000 4.560000 0.299997 -0.000004 0.981503 -0.191448 0.929550 0.203523
  37 0.880000 4.530000 0.259997 0.000000 0.761838 -0.647767 0.929550 0.197652
  37 0.710000 4.530000 0.259997 -0.106170 0.750626 -0.652141 0.947162 0.197652
knife_butterfly.bmp
  37 0.710000 4.530000 0.259997 -0.106170 0.750626 -0.652141 0.947162 0.197652
  37 0.880000 4.530000 0.259997 0.000000 0.761838 -0.647767 0.929550 0.197652
  37 0.710000 4.480000 0.199997 -0.147260 0.718665 -0.679584 0.947162 0.189824
knife_butterfly.bmp
  37 0.880000 4.530000 0.259997 0.000000 0.761838 -0.647767 0.929550 0.197652
  37 0.880000 4.480000 0.199997 -0.000001 0.733595 -0.679587 0.929550 0.189824
  37 0.710000 4.480000 0.199997 -0.147260 0.718665 -0.679584 0.947162 0.189824
knife_butterfly.bmp
  37 0.710000 4.480000 0.199997 -0.147260 0.718665 -0.679584 0.947162 0.189824
  37 0.880000 4.480000 0.199997 -0.000001 0.733595 -0.679587 0.929550 0.189824
  37 0.710000 4.420000 0.139997 -0.147260 0.718665 -0.679584 0.947162 0.181996
knife_butterfly.bmp
  37 0.880000 4.480000 0.199997 -0.000001 0.733595 -0.679587 0.929550 0.189824
  37 0.880000 4.420000 0.139997 -0.000001 0.733595 -0.679587 0.929550 0.181996
  37 0.710000 4.420000 0.139997 -0.147260 0.718665 -0.679584 0.947162 0.181996
knife_butterfly.bmp
  37 0.710000 4.420000 0.139997 -0.147260 0.718665 -0.679584 0.947162 0.181996
  37 0.880000 4.420000 0.139997 -0.000001 0.733595 -0.679587 0.929550 0.181996
  37 0.880000 4.329999 0.039997 -0.000001 0.733595 -0.679587 0.929550 0.166341
knife_butterfly.bmp
  37 1.100000 4.370000 0.529997 -0.000001 0.616819 0.787105 0.986301 0.234834
  37 1.100000 4.290000 0.589997 -0.000003 0.560917 0.827872 0.986301 0.244618
  37 1.250000 4.370000 0.529997 -0.000001 0.616819 0.787105 0.968689 0.234834
knife_butterfly.bmp
  37 1.250000 4.370000 0.529997 -0.000001 0.616819 0.787105 0.968689 0.234834
  37 1.100000 4.290000 0.589997 -0.000003 0.560917 0.827872 0.986301 0.244618
  37 1.250000 4.290000 0.589997 -0.000003 0.560917 0.827872 0.968689 0.244618
knife_butterfly.bmp
  37 1.100000 4.290000 0.589997 -0.000003 0.560917 0.827872 0.986301 0.244618
  37 1.100000 4.070000 0.749997 -0.000001 0.519445 0.854504 0.986301 0.275930
  37 1.250000 4.290000 0.589997 -0.000003 0.560917 0.827872 0.968689 0.244618
knife_butterfly.bmp
  37 1.250000 4.290000 0.589997 -0.000003 0.560917 0.827872 0.968689 0.244618
  37 1.100000 4.070000 0.749997 -0.000001 0.519445 0.854504 0.986301 0.275930
  37 1.250000 4.070000 0.749997 -0.000001 0.519445 0.854504 0.968689 0.275930
knife_butterfly.bmp
  37 1.100000 4.070000 0.749997 -0.000001 0.519445 0.854504 0.986301 0.275930
  37 1.100000 3.850000 0.859998 -0.000002 0.453906 0.891049 0.986301 0.299413
  37 1.250000 4.070000 0.749997 -0.000001 0.519445 0.854504 0.968689 0.275930
knife_butterfly.bmp
  37 1.250000 4.070000 0.749997 -0.000001 0.519445 0.854504 0.968689 0.275930
  37 1.100000 3.850000 0.859998 -0.000002 0.453906 0.891049 0.986301 0.299413
  37 1.250000 3.850000 0.859998 -0.000002 0.453906 0.891049 0.968689 0.299413
knife_butterfly.bmp
  37 1.100000 3.850000 0.859998 -0.000002 0.453906 0.891049 0.986301 0.299413
  37 1.250000 3.670000 0.949998 0.000000 0.392669 0.919680 0.968689 0.322896
  37 1.250000 3.850000 0.859998 -0.000002 0.453906 0.891049 0.968689 0.299413
knife_butterfly.bmp
  37 0.710000 4.550000 0.329997 0.000000 0.665266 0.746606 0.947162 0.205479
  37 0.710000 4.530000 0.339997 0.000000 0.740860 0.671660 0.947162 0.209393
  37 0.880000 4.550000 0.329997 0.000000 0.665266 0.746606 0.929550 0.205479
knife_butterfly.bmp
  37 0.880000 4.550000 0.329997 0.000000 0.665266 0.746606 0.929550 0.205479
  37 0.710000 4.530000 0.339997 0.000000 0.740860 0.671660 0.947162 0.209393
  37 0.880000 4.530000 0.339997 0.000000 0.740860 0.671660 0.929550 0.209393
knife_butterfly.bmp
  37 0.710000 4.530000 0.339997 0.000000 0.740860 0.671660 0.947162 0.209393
  37 0.710000 4.500000 0.379997 0.000000 0.811508 0.584341 0.947162 0.213307
  37 0.880000 4.530000 0.339997 0.000000 0.740860 0.671660 0.929550 0.209393
knife_butterfly.bmp
  37 0.880000 4.530000 0.339997 0.000000 0.740860 0.671660 0.929550 0.209393
  37 0.710000 4.500000 0.379997 0.000000 0.811508 0.584341 0.947162 0.213307
  37 0.880000 4.500000 0.379997 0.000000 0.811508 0.584341 0.929550 0.213307
knife_butterfly.bmp
  37 0.710000 4.500000 0.379997 0.000000 0.811508 0.584341 0.947162 0.213307
  37 0.710000 4.469999 0.439997 0.000000 0.769964 0.638087 0.947162 0.221135
  37 0.880000 4.500000 0.379997 0.000000 0.811508 0.584341 0.929550 0.213307
knife_butterfly.bmp
  37 0.880000 4.500000 0.379997 0.000000 0.811508 0.584341 0.929550 0.213307
  37 0.710000 4.469999 0.439997 0.000000 0.769964 0.638087 0.947162 0.221135
  37 0.880000 4.469999 0.439997 0.000000 0.769964 0.638087 0.929550 0.221135
knife_butterfly.bmp
  37 0.710000 4.469999 0.439997 0.000000 0.769964 0.638087 0.947162 0.221135
  37 0.710000 4.410000 0.499997 0.000000 0.690988 0.722866 0.947162 0.228963
  37 0.880000 4.469999 0.439997 0.000000 0.769964 0.638087 0.929550 0.221135
knife_butterfly.bmp
  37 0.690000 4.449999 0.279997 -1.000000 0.000000 0.000000 0.350294 0.191781
  37 0.690000 4.520000 0.279997 -1.000000 0.000000 0.000000 0.352250 0.183953
  37 0.690000 4.469999 0.229997 -1.000000 0.000000 0.000000 0.346380 0.189824
knife_butterfly.bmp
  37 0.690000 4.449999 0.279997 -1.000000 0.000000 0.000000 0.350294 0.191781
  37 0.690000 4.520000 0.319997 -1.000000 0.000000 0.000000 0.356164 0.181996
  37 0.690000 4.520000 0.279997 -1.000000 0.000000 0.000000 0.352250 0.183953
knife_butterfly.bmp
  37 0.690000 4.449999 0.279997 -1.000000 0.000000 0.000000 0.350294 0.191781
  37 0.690000 4.500000 0.359997 -1.000000 0.000000 0.000000 0.360078 0.185910
  37 0.690000 4.520000 0.319997 -1.000000 0.000000 0.000000 0.356164 0.181996
knife_butterfly.bmp
  37 0.690000 4.449999 0.279997 -1.000000 0.000000 0.000000 0.350294 0.191781
  37 0.690000 4.469999 0.399997 -1.000000 0.000000 0.000000 0.363992 0.189824
  37 0.690000 4.500000 0.359997 -1.000000 0.000000 0.000000 0.360078 0.185910
knife_butterfly.bmp
  37 0.690000 4.449999 0.279997 -1.000000 0.000000 0.000000 0.350294 0.191781
  37 0.690000 4.410000 0.459997 -1.000000 0.000000 0.000000 0.371820 0.195695
  37 0.690000 4.469999 0.399997 -1.000000 0.000000 0.000000 0.363992 0.189824
knife_butterfly.bmp
  37 0.690000 4.449999 0.279997 -1.000000 0.000000 0.000000 0.350294 0.191781
  37 0.690000 4.400000 0.189997 -1.000000 0.000000 0.000000 0.340509 0.197652
  37 0.690000 4.410000 0.459997 -1.000000 0.000000 0.000000 0.371820 0.195695
knife_butterfly.bmp
  37 0.690000 4.449999 0.279997 -1.000000 0.000000 0.000000 0.350294 0.191781
  37 0.690000 4.469999 0.229997 -1.000000 0.000000 0.000000 0.346380 0.189824
  37 0.690000 4.400000 0.189997 -1.000000 0.000000 0.000000 0.340509 0.197652
knife_butterfly.bmp
  40 0.660003 3.741436 -0.451859 -1.000000 -0.000001 -0.000026 0.596869 0.796477
  40 0.660003 3.741436 -0.451859 -1.000000 -0.000001 -0.000026 0.596869 0.796477
  40 0.660003 3.751436 -0.461859 -1.000000 -0.000001 -0.000026 0.596869 0.798434
knife_butterfly.bmp
  40 0.660003 3.751436 -0.461859 -1.000000 -0.000001 -0.000026 0.596869 0.798434
  40 0.660003 3.741436 -0.451859 -1.000000 -0.000001 -0.000026 0.596869 0.796477
  40 0.660003 3.771436 -0.481859 -1.000000 -0.000001 -0.000026 0.596869 0.798434
knife_butterfly.bmp
  40 0.660003 3.741436 -0.451859 -1.000000 -0.000001 -0.000026 0.596869 0.796477
  40 0.660003 3.741436 -0.411859 -1.000000 -0.000001 -0.000026 0.596869 0.796477
  40 0.660003 3.771436 -0.481859 -1.000000 -0.000001 -0.000026 0.596869 0.798434
knife_butterfly.bmp
  40 0.660003 3.771436 -0.481859 -1.000000 -0.000001 -0.000026 0.596869 0.798434
  40 0.660003 3.741436 -0.411859 -1.000000 -0.000001 -0.000026 0.596869 0.796477
  40 0.660003 3.791436 -0.451859 -1.000000 -0.000001 -0.000026 0.596869 0.796477
knife_butterfly.bmp
  40 0.660003 3.741436 -0.411859 -1.000000 -0.000001 -0.000026 0.596869 0.796477
  40 0.660003 3.781436 -0.421859 -1.000000 -0.000001 -0.000026 0.596869 0.796477
  40 0.660003 3.791436 -0.451859 -1.000000 -0.000001 -0.000026 0.596869 0.796477
knife_butterfly.bmp
  40 0.660003 3.791436 -0.451859 -1.000000 -0.000001 -0.000026 0.596869 0.796477
  40 0.660003 3.781436 -0.421859 -1.000000 -0.000001 -0.000026 0.596869 0.796477
  40 0.660003 3.791436 -0.441859 -1.000000 -0.000001 -0.000026 0.596869 0.796477
knife_butterfly.bmp
  40 0.660003 3.781436 -0.421859 -1.000000 -0.000001 -0.000026 0.596869 0.796477
  40 0.660003 3.791436 -0.431859 -1.000000 -0.000001 -0.000026 0.596869 0.796477
  40 0.660003 3.791436 -0.441859 -1.000000 -0.000001 -0.000026 0.596869 0.796477
knife_butterfly.bmp
  40 1.300003 3.791436 -0.411858 1.000000 0.000000 0.000002 0.596869 0.841487
  40 1.300003 3.781436 -0.401858 1.000000 0.000000 0.000002 0.596869 0.841487
  40 1.300003 3.791436 -0.421858 1.000000 0.000000 0.000002 0.596869 0.841487
knife_butterfly.bmp
  40 1.300003 3.791436 -0.421858 1.000000 0.000000 0.000002 0.596869 0.841487
  40 1.300003 3.781436 -0.401858 1.000000 0.000000 0.000002 0.596869 0.841487
  40 1.300003 3.791436 -0.431858 1.000000 0.000000 0.000002 0.596869 0.841487
knife_butterfly.bmp
  40 1.300003 3.781436 -0.401858 1.000000 0.000000 0.000002 0.596869 0.841487
  40 1.300003 3.741436 -0.411858 1.000000 0.000000 0.000002 0.594912 0.841487
  40 1.300003 3.791436 -0.431858 1.000000 0.000000 0.000002 0.596869 0.841487
knife_butterfly.bmp
  40 1.300003 3.791436 -0.431858 1.000000 0.000000 0.000002 0.596869 0.841487
  40 1.300003 3.741436 -0.411858 1.000000 0.000000 0.000002 0.594912 0.841487
  40 1.300003 3.771436 -0.461858 1.000000 0.000000 0.000002 0.596869 0.841487
knife_butterfly.bmp
  40 1.300003 3.741436 -0.411858 1.000000 0.000000 0.000002 0.594912 0.841487
  40 1.300003 3.741436 -0.431858 1.000000 0.000000 0.000002 0.594912 0.841487
  40 1.300003 3.771436 -0.461858 1.000000 0.000000 0.000002 0.596869 0.841487
knife_butterfly.bmp
  40 1.300003 3.771436 -0.461858 1.000000 0.000000 0.000002 0.596869 0.841487
  40 1.300003 3.741436 -0.431858 1.000000 0.000000 0.000002 0.594912 0.841487
  40 1.300003 3.751436 -0.451858 1.000000 0.000000 0.000002 0.594912 0.841487
knife_butterfly.bmp
  40 1.300003 3.741436 -0.431858 1.000000 0.000000 0.000002 0.594912 0.841487
  40 1.300003 3.741436 -0.441858 1.000000 0.000000 0.000002 0.594912 0.841487
  40 1.300003 3.751436 -0.451858 1.000000 0.000000 0.000002 0.594912 0.841487
knife_butterfly.bmp
  40 1.290003 4.171437 -0.231859 0.618434 0.769404 -0.159864 0.573386 0.164384
  40 1.290003 4.141437 -0.271859 0.595442 0.615912 -0.515850 0.569472 0.168297
  40 1.260003 4.181437 -0.251859 0.138765 0.953196 -0.268628 0.573386 0.164384
knife_butterfly.bmp
  40 1.260003 4.181437 -0.251859 0.138765 0.953196 -0.268628 0.573386 0.164384
  40 1.290003 4.141437 -0.271859 0.595442 0.615912 -0.515850 0.569472 0.168297
  40 1.260003 4.141437 -0.281859 0.105293 0.767161 -0.632753 0.567515 0.168297
knife_butterfly.bmp
  40 1.290003 4.141437 -0.271859 0.595442 0.615912 -0.515850 0.569472 0.168297
  40 1.280003 4.091437 -0.331859 0.653777 0.555970 -0.513297 0.561644 0.174168
  40 1.260003 4.141437 -0.281859 0.105293 0.767161 -0.632753 0.567515 0.168297
knife_butterfly.bmp
  40 1.260003 4.141437 -0.281859 0.105293 0.767161 -0.632753 0.567515 0.168297
  40 1.280003 4.091437 -0.331859 0.653777 0.555970 -0.513297 0.561644 0.174168
  40 1.260003 4.101437 -0.331859 0.146657 0.731102 -0.666319 0.561644 0.174168
knife_butterfly.bmp
  40 1.280003 4.091437 -0.331859 0.653777 0.555970 -0.513297 0.561644 0.174168
  40 1.270003 4.031436 -0.401859 0.653777 0.555970 -0.513297 0.555773 0.181996
  40 1.260003 4.101437 -0.331859 0.146657 0.731102 -0.666319 0.561644 0.174168
knife_butterfly.bmp
  40 1.260003 4.101437 -0.331859 0.146657 0.731102 -0.666319 0.561644 0.174168
  40 1.270003 4.031436 -0.401859 0.653777 0.555970 -0.513297 0.555773 0.181996
  40 1.240003 4.041436 -0.411859 0.146657 0.731102 -0.666319 0.553816 0.180039
knife_butterfly.bmp
  40 1.270003 4.031436 -0.401859 0.653777 0.555970 -0.513297 0.555773 0.181996
  40 1.240003 3.951436 -0.511859 0.146657 0.731102 -0.666319 0.542074 0.191781
  40 1.240003 4.041436 -0.411859 0.146657 0.731102 -0.666319 0.553816 0.180039
knife_butterfly.bmp
  40 1.080003 4.041436 -0.391859 0.000001 0.745318 -0.666709 0.870841 0.181996
  40 1.100003 4.101437 -0.351859 0.000001 0.745318 -0.666709 0.870841 0.191781
  40 1.240003 4.041436 -0.411859 0.146657 0.731102 -0.666319 0.853229 0.181996
knife_butterfly.bmp
  40 1.240003 4.041436 -0.411859 0.146657 0.731102 -0.666319 0.853229 0.181996
  40 1.100003 4.101437 -0.351859 0.000001 0.745318 -0.666709 0.870841 0.191781
  40 1.260003 4.101437 -0.331859 0.146657 0.731102 -0.666319 0.853229 0.191781
knife_butterfly.bmp
  40 1.100003 4.101437 -0.351859 0.000001 0.745318 -0.666709 0.870841 0.191781
  40 1.100003 4.141437 -0.301859 -0.000003 0.776332 -0.630325 0.870841 0.199609
  40 1.260003 4.101437 -0.331859 0.146657 0.731102 -0.666319 0.853229 0.191781
knife_butterfly.bmp
  40 1.260003 4.101437 -0.331859 0.146657 0.731102 -0.666319 0.853229 0.191781
  40 1.100003 4.141437 -0.301859 -0.000003 0.776332 -0.630325 0.870841 0.199609
  40 1.260003 4.141437 -0.281859 0.105293 0.767161 -0.632753 0.853229 0.199609
knife_butterfly.bmp
  40 1.100003 4.141437 -0.301859 -0.000003 0.776332 -0.630325 0.870841 0.199609
  40 1.100003 4.181437 -0.251860 -0.000001 0.961112 -0.276158 0.870841 0.205479
  40 1.260003 4.141437 -0.281859 0.105293 0.767161 -0.632753 0.853229 0.199609
knife_butterfly.bmp
  40 1.260003 4.141437 -0.281859 0.105293 0.767161 -0.632753 0.853229 0.199609
  40 1.100003 4.181437 -0.251860 -0.000001 0.961112 -0.276158 0.870841 0.205479
  40 1.260003 4.181437 -0.251859 0.138765 0.953196 -0.268628 0.853229 0.205479
knife_butterfly.bmp
  40 1.100003 4.181437 -0.251860 -0.000001 0.961112 -0.276158 0.870841 0.205479
  40 1.260003 4.181437 -0.221859 0.196707 0.928768 0.314159 0.853229 0.209393
  40 1.260003 4.181437 -0.251859 0.138765 0.953196 -0.268628 0.853229 0.205479
knife_butterfly.bmp
  40 1.080002 2.621437 -0.101856 -1.000000 -0.000001 -0.000026 0.698630 0.348337
  40 1.080002 2.831438 0.058144 -1.000000 -0.000001 -0.000026 0.716243 0.324853
  40 1.100003 2.821437 -0.161856 -1.000000 -0.000001 -0.000026 0.688845 0.324853
knife_butterfly.bmp
  40 1.080002 2.621437 -0.101856 -1.000000 -0.000001 -0.000026 0.698630 0.348337
  40 1.080002 2.801437 0.058144 -1.000000 -0.000001 -0.000026 0.716243 0.326810
  40 1.080002 2.831438 0.058144 -1.000000 -0.000001 -0.000026 0.716243 0.324853
knife_butterfly.bmp
  40 1.080002 2.621437 -0.101856 -1.000000 -0.000001 -0.000026 0.698630 0.348337
  40 1.080002 2.771438 0.068144 -1.000000 -0.000001 -0.000026 0.718200 0.332681
  40 1.080002 2.801437 0.058144 -1.000000 -0.000001 -0.000026 0.716243 0.326810
knife_butterfly.bmp
  40 1.080002 2.621437 -0.101856 -1.000000 -0.000001 -0.000026 0.698630 0.348337
  40 1.080002 2.741437 0.078144 -1.000000 -0.000001 -0.000026 0.720157 0.334638
  40 1.080002 2.771438 0.068144 -1.000000 -0.000001 -0.000026 0.718200 0.332681
knife_butterfly.bmp
  40 1.080002 2.621437 -0.101856 -1.000000 -0.000001 -0.000026 0.698630 0.348337
  40 1.100002 2.721438 0.108144 -1.000000 -0.000001 -0.000026 0.724070 0.338552
  40 1.080002 2.741437 0.078144 -1.000000 -0.000001 -0.000026 0.720157 0.334638
knife_butterfly.bmp
  40 1.080002 2.621437 -0.101856 -1.000000 -0.000001 -0.000026 0.698630 0.348337
  40 1.100002 2.711438 0.148144 -1.000000 -0.000001 -0.000026 0.727984 0.338552
  40 1.100002 2.721438 0.108144 -1.000000 -0.000001 -0.000026 0.724070 0.338552
knife_butterfly.bmp
  40 1.080002 2.621437 -0.101856 -1.000000 -0.000001 -0.000026 0.698630 0.348337
  40 1.080001 2.651439 0.538144 -1.000000 -0.000001 -0.000026 0.778865 0.346380
  40 1.100002 2.711438 0.148144 -1.000000 -0.000001 -0.000026 0.727984 0.338552
knife_butterfly.bmp
  40 1.080004 3.771436 -0.631859 -1.000000 -0.000001 -0.000026 0.636008 0.211350
  40 1.080003 3.601436 -0.591858 -1.000000 -0.000001 -0.000026 0.637965 0.232877
  40 1.080003 3.891436 -0.501859 -1.000000 -0.000001 -0.000026 0.651663 0.197652
knife_butterfly.bmp
  40 1.080004 3.771436 -0.631859 -1.000000 -0.000001 -0.000026 0.636008 0.211350
  40 1.090004 3.611436 -0.631858 -1.000000 -0.000001 -0.000026 0.634051 0.230920
  40 1.080003 3.601436 -0.591858 -1.000000 -0.000001 -0.000026 0.637965 0.232877
knife_butterfly.bmp
  40 1.080004 3.771436 -0.631859 -1.000000 -0.000001 -0.000026 0.636008 0.211350
  40 1.100004 3.641436 -0.671858 -1.000000 -0.000001 -0.000026 0.630137 0.227006
  40 1.090004 3.611436 -0.631858 -1.000000 -0.000001 -0.000026 0.634051 0.230920
knife_butterfly.bmp
  40 1.080004 3.771436 -0.631859 -1.000000 -0.000001 -0.000026 0.636008 0.211350
  40 1.100004 3.701436 -0.671858 -1.000000 -0.000001 -0.000026 0.628180 0.221135
  40 1.100004 3.641436 -0.671858 -1.000000 -0.000001 -0.000026 0.630137 0.227006
knife_butterfly.bmp
  40 1.080004 3.771436 -0.631859 -1.000000 -0.000001 -0.000026 0.636008 0.211350
  40 1.100004 3.771436 -0.681859 -1.000000 -0.000001 -0.000026 0.630137 0.213307
  40 1.100004 3.701436 -0.671858 -1.000000 -0.000001 -0.000026 0.628180 0.221135
knife_butterfly.bmp
  40 1.080004 3.771436 -0.631859 -1.000000 -0.000001 -0.000026 0.636008 0.211350
  40 1.100004 3.831436 -0.651859 -1.000000 -0.000001 -0.000026 0.634051 0.205479
  40 1.100004 3.771436 -0.681859 -1.000000 -0.000001 -0.000026 0.630137 0.213307
knife_butterfly.bmp
  40 1.080004 3.771436 -0.631859 -1.000000 -0.000001 -0.000026 0.636008 0.211350
  40 1.080003 3.891436 -0.501859 -1.000000 -0.000001 -0.000026 0.651663 0.197652
  40 1.100004 3.831436 -0.651859 -1.000000 -0.000001 -0.000026 0.634051 0.205479
knife_butterfly.bmp
  40 1.280001 2.651439 0.498145 1.000000 0.000000 0.000002 0.667319 0.346380
  40 1.300002 2.801438 0.258144 1.000000 0.000000 0.000002 0.634051 0.326810
  40 1.280001 2.851439 0.458144 1.000000 0.000000 0.000002 0.657534 0.322896
knife_butterfly.bmp
  40 1.280001 2.651439 0.498145 1.000000 0.000000 0.000002 0.667319 0.346380
  40 1.300002 2.771438 0.248144 1.000000 0.000000 0.000002 0.632094 0.332681
  40 1.300002 2.801438 0.258144 1.000000 0.000000 0.000002 0.634051 0.326810
knife_butterfly.bmp
  40 1.280001 2.651439 0.498145 1.000000 0.000000 0.000002 0.667319 0.346380
  40 1.300002 2.741438 0.218145 1.000000 0.000000 0.000002 0.630137 0.334638
  40 1.300002 2.771438 0.248144 1.000000 0.000000 0.000002 0.632094 0.332681
knife_butterfly.bmp
  40 1.280001 2.651439 0.498145 1.000000 0.000000 0.000002 0.667319 0.346380
  40 1.300002 2.721438 0.188145 1.000000 0.000000 0.000002 0.626223 0.338552
  40 1.300002 2.741438 0.218145 1.000000 0.000000 0.000002 0.630137 0.334638
knife_butterfly.bmp
  40 1.280001 2.651439 0.498145 1.000000 0.000000 0.000002 0.667319 0.346380
  40 1.300002 2.711438 0.148145 1.000000 0.000000 0.000002 0.622309 0.338552
  40 1.300002 2.721438 0.188145 1.000000 0.000000 0.000002 0.626223 0.338552
knife_butterfly.bmp
  40 1.280001 2.651439 0.498145 1.000000 0.000000 0.000002 0.667319 0.346380
  40 1.280002 2.721438 0.108145 1.000000 0.000000 0.000002 0.616438 0.338552
  40 1.300002 2.711438 0.148145 1.000000 0.000000 0.000002 0.622309 0.338552
knife_butterfly.bmp
  40 1.280001 2.651439 0.498145 1.000000 0.000000 0.000002 0.667319 0.346380
  40 1.280002 2.621437 -0.051855 1.000000 0.000000 0.000002 0.596869 0.348337
  40 1.280002 2.721438 0.108145 1.000000 0.000000 0.000002 0.616438 0.338552
knife_butterfly.bmp
  40 0.670001 2.651439 0.498143 -1.000000 -0.000001 -0.000026 0.667319 0.346380
  40 0.670002 2.721438 0.108143 -1.000000 -0.000001 -0.000026 0.616438 0.338552
  40 0.670002 2.621437 -0.071856 -1.000000 -0.000001 -0.000026 0.596869 0.348337
knife_butterfly.bmp
  40 0.670001 2.651439 0.498143 -1.000000 -0.000001 -0.000026 0.667319 0.346380
  40 0.690002 2.711438 0.148143 -1.000000 -0.000001 -0.000026 0.622309 0.338552
  40 0.670002 2.721438 0.108143 -1.000000 -0.000001 -0.000026 0.616438 0.338552
knife_butterfly.bmp
  40 0.670001 2.651439 0.498143 -1.000000 -0.000001 -0.000026 0.667319 0.346380
  40 0.690002 2.721438 0.188143 -1.000000 -0.000001 -0.000026 0.626223 0.338552
  40 0.690002 2.711438 0.148143 -1.000000 -0.000001 -0.000026 0.622309 0.338552
knife_butterfly.bmp
  40 0.670001 2.651439 0.498143 -1.000000 -0.000001 -0.000026 0.667319 0.346380
  40 0.690002 2.741438 0.218143 -1.000000 -0.000001 -0.000026 0.630137 0.334638
  40 0.690002 2.721438 0.188143 -1.000000 -0.000001 -0.000026 0.626223 0.338552
knife_butterfly.bmp
  40 0.670001 2.651439 0.498143 -1.000000 -0.000001 -0.000026 0.667319 0.346380
  40 0.690002 2.771438 0.248143 -1.000000 -0.000001 -0.000026 0.632094 0.332681
  40 0.690002 2.741438 0.218143 -1.000000 -0.000001 -0.000026 0.630137 0.334638
knife_butterfly.bmp
  40 0.670001 2.651439 0.498143 -1.000000 -0.000001 -0.000026 0.667319 0.346380
  40 0.690002 2.801438 0.268143 -1.000000 -0.000001 -0.000026 0.634051 0.326810
  40 0.690002 2.771438 0.248143 -1.000000 -0.000001 -0.000026 0.632094 0.332681
knife_butterfly.bmp
  40 0.670001 2.651439 0.498143 -1.000000 -0.000001 -0.000026 0.667319 0.346380
  40 0.670001 2.851439 0.468143 -1.000000 -0.000001 -0.000026 0.657534 0.322896
  40 0.690002 2.801438 0.268143 -1.000000 -0.000001 -0.000026 0.634051 0.326810
knife_butterfly.bmp
  40 0.670004 3.771436 -0.631859 -1.000000 -0.000001 -0.000026 0.528376 0.211350
  40 0.670003 3.641436 -0.591859 -1.000000 -0.000001 -0.000026 0.530333 0.228963
  40 0.670003 3.891436 -0.501860 -1.000000 -0.000001 -0.000026 0.544031 0.197652
knife_butterfly.bmp
  40 0.670004 3.771436 -0.631859 -1.000000 -0.000001 -0.000026 0.528376 0.211350
  40 0.690004 3.651436 -0.621859 -1.000000 -0.000001 -0.000026 0.526419 0.227006
  40 0.670003 3.641436 -0.591859 -1.000000 -0.000001 -0.000026 0.530333 0.228963
knife_butterfly.bmp
  40 0.670004 3.771436 -0.631859 -1.000000 -0.000001 -0.000026 0.528376 0.211350
  40 0.690004 3.681436 -0.651859 -1.000000 -0.000001 -0.000026 0.524462 0.223092
  40 0.690004 3.651436 -0.621859 -1.000000 -0.000001 -0.000026 0.526419 0.227006
knife_butterfly.bmp
  40 0.670004 3.771436 -0.631859 -1.000000 -0.000001 -0.000026 0.528376 0.211350
  40 0.690004 3.731436 -0.651859 -1.000000 -0.000001 -0.000026 0.524462 0.217221
  40 0.690004 3.681436 -0.651859 -1.000000 -0.000001 -0.000026 0.524462 0.223092
knife_butterfly.bmp
  40 0.670004 3.771436 -0.631859 -1.000000 -0.000001 -0.000026 0.528376 0.211350
  40 0.690004 3.761436 -0.651859 -1.000000 -0.000001 -0.000026 0.526419 0.213307
  40 0.690004 3.731436 -0.651859 -1.000000 -0.000001 -0.000026 0.524462 0.217221
knife_butterfly.bmp
  40 0.670004 3.771436 -0.631859 -1.000000 -0.000001 -0.000026 0.528376 0.211350
  40 0.690004 3.791436 -0.641859 -1.000000 -0.000001 -0.000026 0.528376 0.209393
  40 0.690004 3.761436 -0.651859 -1.000000 -0.000001 -0.000026 0.526419 0.213307
knife_butterfly.bmp
  40 0.670004 3.771436 -0.631859 -1.000000 -0.000001 -0.000026 0.528376 0.211350
  40 0.670003 3.891436 -0.501860 -1.000000 -0.000001 -0.000026 0.544031 0.197652
  40 0.690004 3.791436 -0.641859 -1.000000 -0.000001 -0.000026 0.528376 0.209393
knife_butterfly.bmp
  37 1.250000 4.420000 0.139997 0.151725 0.719425 -0.677796 0.336595 0.193738
  37 1.250000 4.480000 0.199997 0.151725 0.719425 -0.677796 0.344423 0.187867
  37 1.270000 4.420000 0.149997 0.695761 0.522606 -0.492747 0.338552 0.195695
knife_butterfly.bmp
  37 1.270000 4.420000 0.149997 0.695761 0.522606 -0.492747 0.338552 0.195695
  37 1.250000 4.480000 0.199997 0.151725 0.719425 -0.677796 0.344423 0.187867
  37 1.270000 4.480000 0.209997 0.642288 0.543160 -0.540781 0.344423 0.187867
knife_butterfly.bmp
  37 1.250000 4.480000 0.199997 0.151725 0.719425 -0.677796 0.344423 0.187867
  37 1.250000 4.530000 0.259997 0.106151 0.750628 -0.652142 0.350294 0.181996
  37 1.270000 4.480000 0.209997 0.642288 0.543160 -0.540781 0.344423 0.187867
knife_butterfly.bmp
  37 1.270000 4.480000 0.209997 0.642288 0.543160 -0.540781 0.344423 0.187867
  37 1.250000 4.530000 0.259997 0.106151 0.750628 -0.652142 0.350294 0.181996
  37 1.270000 4.530000 0.269997 0.604630 0.611031 -0.510944 0.350294 0.181996
knife_butterfly.bmp
  37 1.250000 4.530000 0.259997 0.106151 0.750628 -0.652142 0.350294 0.181996
  37 1.250000 4.560000 0.299997 0.139813 0.973376 -0.181634 0.354207 0.178082
  37 1.270000 4.530000 0.269997 0.604630 0.611031 -0.510944 0.350294 0.181996
knife_butterfly.bmp
  37 1.270000 4.530000 0.269997 0.604630 0.611031 -0.510944 0.350294 0.181996
  37 1.250000 4.560000 0.299997 0.139813 0.973376 -0.181634 0.354207 0.178082
  37 1.270000 4.550000 0.299997 0.602797 0.795956 -0.055592 0.354207 0.180039
knife_butterfly.bmp
  37 1.250000 4.560000 0.299997 0.139813 0.973376 -0.181634 0.354207 0.178082
  37 1.270000 4.550000 0.319997 0.621993 0.650610 0.435697 0.356164 0.180039
  37 1.270000 4.550000 0.299997 0.602797 0.795956 -0.055592 0.354207 0.180039
knife_butterfly.bmp
  37 1.100000 4.420000 0.139997 -0.000001 0.733595 -0.679587 0.986301 0.180039
  37 1.100000 4.480000 0.199997 -0.000001 0.733595 -0.679587 0.986301 0.189824
  37 1.250000 4.420000 0.139997 0.151725 0.719425 -0.677796 0.968689 0.180039
knife_butterfly.bmp
  37 1.250000 4.420000 0.139997 0.151725 0.719425 -0.677796 0.968689 0.180039
  37 1.100000 4.480000 0.199997 -0.000001 0.733595 -0.679587 0.986301 0.189824
  37 1.250000 4.480000 0.199997 0.151725 0.719425 -0.677796 0.968689 0.189824
knife_butterfly.bmp
  37 1.100000 4.480000 0.199997 -0.000001 0.733595 -0.679587 0.986301 0.189824
  37 1.100000 4.530000 0.259997 0.000000 0.761838 -0.647767 0.986301 0.197652
  37 1.250000 4.480000 0.199997 0.151725 0.719425 -0.677796 0.968689 0.189824
knife_butterfly.bmp
  37 1.250000 4.480000 0.199997 0.151725 0.719425 -0.677796 0.968689 0.189824
  37 1.100000 4.530000 0.259997 0.000000 0.761838 -0.647767 0.986301 0.197652
  37 1.250000 4.530000 0.259997 0.106151 0.750628 -0.652142 0.968689 0.197652
knife_butterfly.bmp
  37 1.100000 4.530000 0.259997 0.000000 0.761838 -0.647767 0.986301 0.197652
  37 1.100000 4.560000 0.299997 -0.000004 0.981503 -0.191448 0.986301 0.201566
  37 1.250000 4.530000 0.259997 0.106151 0.750628 -0.652142 0.968689 0.197652
knife_butterfly.bmp
  37 1.250000 4.530000 0.259997 0.106151 0.750628 -0.652142 0.968689 0.197652
  37 1.100000 4.560000 0.299997 -0.000004 0.981503 -0.191448 0.986301 0.201566
  37 1.250000 4.560000 0.299997 0.139813 0.973376 -0.181634 0.968689 0.201566
knife_butterfly.bmp
  37 1.100000 4.560000 0.299997 -0.000004 0.981503 -0.191448 0.986301 0.201566
  37 1.250000 4.550000 0.329997 0.199324 0.878613 0.433946 0.968689 0.205479
  37 1.250000 4.560000 0.299997 0.139813 0.973376 -0.181634 0.968689 0.201566
knife_butterfly.bmp
  37 0.680000 4.090000 -0.000003 -1.000000 0.000000 0.000000 0.493151 0.835616
  37 0.680000 4.090000 0.009997 -1.000000 0.000000 0.000000 0.493151 0.835616
  37 0.680000 4.090000 -0.010003 -1.000000 0.000000 0.000000 0.493151 0.835616
knife_butterfly.bmp
  37 0.680000 4.090000 -0.010003 -1.000000 0.000000 0.000000 0.493151 0.835616
  37 0.680000 4.090000 0.009997 -1.000000 0.000000 0.000000 0.493151 0.835616
  37 0.680000 4.109999 -0.010003 -1.000000 0.000000 0.000000 0.495108 0.835616
knife_butterfly.bmp
  37 0.680000 4.090000 0.009997 -1.000000 0.000000 0.000000 0.493151 0.835616
  37 0.680000 4.090000 0.029997 -1.000000 0.000000 0.000000 0.493151 0.833659
  37 0.680000 4.109999 -0.010003 -1.000000 0.000000 0.000000 0.495108 0.835616
knife_butterfly.bmp
  37 0.680000 4.109999 -0.010003 -1.000000 0.000000 0.000000 0.495108 0.835616
  37 0.680000 4.090000 0.029997 -1.000000 0.000000 0.000000 0.493151 0.833659
  37 0.680000 4.139999 0.009997 -1.000000 0.000000 0.000000 0.497065 0.835616
knife_butterfly.bmp
  37 0.680000 4.090000 0.029997 -1.000000 0.000000 0.000000 0.493151 0.833659
  37 0.680000 4.130000 0.039997 -1.000000 0.000000 0.000000 0.495108 0.833659
  37 0.680000 4.139999 0.009997 -1.000000 0.000000 0.000000 0.497065 0.835616
knife_butterfly.bmp
  37 0.680000 4.139999 0.009997 -1.000000 0.000000 0.000000 0.497065 0.835616
  37 0.680000 4.130000 0.039997 -1.000000 0.000000 0.000000 0.495108 0.833659
  37 0.680000 4.139999 0.029997 -1.000000 0.000000 0.000000 0.495108 0.833659
knife_butterfly.bmp
  37 0.680000 4.130000 0.039997 -1.000000 0.000000 0.000000 0.495108 0.833659
  37 0.680000 4.130000 0.039997 -1.000000 0.000000 0.000000 0.495108 0.833659
  37 0.680000 4.139999 0.029997 -1.000000 0.000000 0.000000 0.495108 0.833659
knife_butterfly.bmp
  37 1.280000 4.449999 0.279997 1.000000 0.000000 0.000000 0.352250 0.191781
  37 1.280000 4.400000 0.189997 1.000000 0.000000 0.000000 0.342466 0.197652
  37 1.280000 4.469999 0.229997 1.000000 0.000000 0.000000 0.346380 0.189824
knife_butterfly.bmp
  37 1.280000 4.449999 0.279997 1.000000 0.000000 0.000000 0.352250 0.191781
  37 1.280000 4.410000 0.459997 1.000000 0.000000 0.000000 0.373777 0.195695
  37 1.280000 4.400000 0.189997 1.000000 0.000000 0.000000 0.342466 0.197652
knife_butterfly.bmp
  37 1.280000 4.449999 0.279997 1.000000 0.000000 0.000000 0.352250 0.191781
  37 1.280000 4.469999 0.399997 1.000000 0.000000 0.000000 0.365949 0.189824
  37 1.280000 4.410000 0.459997 1.000000 0.000000 0.000000 0.373777 0.195695
knife_butterfly.bmp
  37 1.280000 4.449999 0.279997 1.000000 0.000000 0.000000 0.352250 0.191781
  37 1.280000 4.500000 0.359997 1.000000 0.000000 0.000000 0.362035 0.185910
  37 1.280000 4.469999 0.399997 1.000000 0.000000 0.000000 0.365949 0.189824
knife_butterfly.bmp
  37 1.280000 4.449999 0.279997 1.000000 0.000000 0.000000 0.352250 0.191781
  37 1.280000 4.520000 0.319997 1.000000 0.000000 0.000000 0.356164 0.181996
  37 1.280000 4.500000 0.359997 1.000000 0.000000 0.000000 0.362035 0.185910
knife_butterfly.bmp
  37 1.280000 4.449999 0.279997 1.000000 0.000000 0.000000 0.352250 0.191781
  37 1.280000 4.520000 0.279997 1.000000 0.000000 0.000000 0.352250 0.183953
  37 1.280000 4.520000 0.319997 1.000000 0.000000 0.000000 0.356164 0.181996
knife_butterfly.bmp
  37 1.280000 4.449999 0.279997 1.000000 0.000000 0.000000 0.352250 0.191781
  37 1.280000 4.469999 0.229997 1.000000 0.000000 0.000000 0.346380 0.189824
  37 1.280000 4.520000 0.279997 1.000000 0.000000 0.000000 0.352250 0.183953
knife_butterfly.bmp
  37 1.320000 4.130000 0.039997 1.000000 0.000000 0.000000 0.495108 0.896282
  37 1.320000 4.130000 0.039997 1.000000 0.000000 0.000000 0.495108 0.896282
  37 1.320000 4.139999 0.029997 1.000000 0.000000 0.000000 0.497065 0.894325
knife_butterfly.bmp
  37 1.320000 4.139999 0.029997 1.000000 0.000000 0.000000 0.497065 0.894325
  37 1.320000 4.130000 0.039997 1.000000 0.000000 0.000000 0.495108 0.896282
  37 1.320000 4.139999 0.009997 1.000000 0.000000 0.000000 0.497065 0.894325
knife_butterfly.bmp
  37 1.320000 4.130000 0.039997 1.000000 0.000000 0.000000 0.495108 0.896282
  37 1.320000 4.090000 0.029997 1.000000 0.000000 0.000000 0.493151 0.896282
  37 1.320000 4.139999 0.009997 1.000000 0.000000 0.000000 0.497065 0.894325
knife_butterfly.bmp
  37 1.320000 4.139999 0.009997 1.000000 0.000000 0.000000 0.497065 0.894325
  37 1.320000 4.090000 0.029997 1.000000 0.000000 0.000000 0.493151 0.896282
  37 1.320000 4.109999 -0.010003 1.000000 0.000000 0.000000 0.495108 0.892368
knife_butterfly.bmp
  37 1.320000 4.090000 0.029997 1.000000 0.000000 0.000000 0.493151 0.896282
  37 1.320000 4.090000 0.009997 1.000000 0.000000 0.000000 0.493151 0.894325
  37 1.320000 4.109999 -0.010003 1.000000 0.000000 0.000000 0.495108 0.892368
knife_butterfly.bmp
  37 1.320000 4.109999 -0.010003 1.000000 0.000000 0.000000 0.495108 0.892368
  37 1.320000 4.090000 0.009997 1.000000 0.000000 0.000000 0.493151 0.894325
  37 1.320000 4.090000 -0.010003 1.000000 0.000000 0.000000 0.493151 0.894325
knife_butterfly.bmp
  37 1.320000 4.090000 0.009997 1.000000 0.000000 0.000000 0.493151 0.894325
  37 1.320000 4.090000 -0.000003 1.000000 0.000000 0.000000 0.493151 0.894325
  37 1.320000 4.090000 -0.010003 1.000000 0.000000 0.000000 0.493151 0.894325
knife_butterfly.bmp
  40 0.870002 2.771438 0.048144 -0.000002 0.505610 0.862762 0.743640 0.209393
  40 0.870002 2.801437 0.038143 -0.000002 0.180034 0.983660 0.743640 0.211350
  40 0.670002 2.801437 0.038143 -0.000002 0.180034 0.983660 0.729941 0.211350
knife_butterfly.bmp
  40 0.670002 2.801437 0.038143 -0.000002 0.180034 0.983660 0.729941 0.211350
  40 0.870002 2.801437 0.038143 -0.000002 0.180034 0.983660 0.743640 0.211350
  40 0.670002 2.831438 0.058143 -0.000004 0.030327 0.999540 0.729941 0.213307
knife_butterfly.bmp
  40 0.870002 2.801437 0.038143 -0.000002 0.180034 0.983660 0.743640 0.211350
  40 0.870002 2.831438 0.038143 -0.000004 0.030327 0.999540 0.743640 0.213307
  40 0.670002 2.831438 0.058143 -0.000004 0.030327 0.999540 0.729941 0.213307
knife_butterfly.bmp
  40 0.670002 2.831438 0.058143 -0.000004 0.030327 0.999540 0.729941 0.213307
  40 0.870002 2.831438 0.038143 -0.000004 0.030327 0.999540 0.743640 0.213307
  40 0.670002 2.841438 0.058143 -0.000003 -0.167258 0.985913 0.729941 0.215264
knife_butterfly.bmp
  40 0.870002 2.831438 0.038143 -0.000004 0.030327 0.999540 0.743640 0.213307
  40 0.870002 2.841438 0.038143 -0.000003 -0.167258 0.985913 0.743640 0.213307
  40 0.670002 2.841438 0.058143 -0.000003 -0.167258 0.985913 0.729941 0.215264
knife_butterfly.bmp
  40 0.670002 2.841438 0.058143 -0.000003 -0.167258 0.985913 0.729941 0.215264
  40 0.870002 2.841438 0.038143 -0.000003 -0.167258 0.985913 0.743640 0.213307
  40 0.670002 2.881438 0.068143 -0.000004 -0.494375 0.869249 0.729941 0.217221
knife_butterfly.bmp
  40 0.870002 2.841438 0.038143 -0.000003 -0.167258 0.985913 0.743640 0.213307
  40 0.870002 2.881438 0.048143 -0.000004 -0.494375 0.869249 0.743640 0.217221
  40 0.670002 2.881438 0.068143 -0.000004 -0.494375 0.869249 0.729941 0.217221
knife_butterfly.bmp
  37 0.690000 3.680000 0.599998 0.000002 -0.760551 -0.649278 0.798434 0.273973
  37 0.690000 3.700000 0.559998 0.000001 -0.947602 -0.319454 0.798434 0.270059
  37 0.880000 3.700000 0.559998 0.000001 -0.947602 -0.319454 0.812133 0.270059
knife_butterfly.bmp
  37 0.880000 3.700000 0.559998 0.000001 -0.947602 -0.319454 0.812133 0.270059
  37 0.690000 3.700000 0.559998 0.000001 -0.947602 -0.319454 0.798434 0.270059
  37 0.880000 3.700000 0.519998 0.000000 -0.999752 0.022287 0.812133 0.268102
knife_butterfly.bmp
  37 0.690000 3.700000 0.559998 0.000001 -0.947602 -0.319454 0.798434 0.270059
  37 0.690000 3.700000 0.519998 0.000000 -0.999752 0.022287 0.798434 0.268102
  37 0.880000 3.700000 0.519998 0.000000 -0.999752 0.022287 0.812133 0.268102
knife_butterfly.bmp
  37 0.880000 3.700000 0.519998 0.000000 -0.999752 0.022287 0.812133 0.268102
  37 0.690000 3.700000 0.519998 0.000000 -0.999752 0.022287 0.798434 0.268102
  37 0.880000 3.700000 0.489998 0.000001 -0.931247 0.364389 0.812133 0.264188
knife_butterfly.bmp
  37 0.690000 3.700000 0.519998 0.000000 -0.999752 0.022287 0.798434 0.268102
  37 0.690000 3.700000 0.489998 0.000001 -0.931247 0.364389 0.798434 0.264188
  37 0.880000 3.700000 0.489998 0.000001 -0.931247 0.364389 0.812133 0.264188
knife_butterfly.bmp
  37 0.880000 3.700000 0.489998 0.000001 -0.931247 0.364389 0.812133 0.264188
  37 0.690000 3.700000 0.489998 0.000001 -0.931247 0.364389 0.798434 0.264188
  37 0.880000 3.680000 0.459998 -0.000001 -0.750465 0.660910 0.812133 0.262231
knife_butterfly.bmp
  37 0.690000 3.700000 0.489998 0.000001 -0.931247 0.364389 0.798434 0.264188
  37 0.690000 3.680000 0.459998 -0.000001 -0.750465 0.660910 0.798434 0.262231
  37 0.880000 3.680000 0.459998 -0.000001 -0.750465 0.660910 0.812133 0.262231
knife_butterfly.bmp
  37 1.280000 4.159999 0.359997 0.000001 -0.973947 0.226777 0.829746 0.215264
  37 1.280000 4.159999 0.359997 0.000000 -0.999752 0.022287 0.829746 0.215264
  37 1.100000 4.159999 0.359997 0.000001 -0.973947 0.226777 0.814090 0.215264
knife_butterfly.bmp
  37 1.100000 4.159999 0.359997 0.000001 -0.973947 0.226777 0.814090 0.215264
  37 1.280000 4.159999 0.359997 0.000000 -0.999752 0.022287 0.829746 0.215264
  37 1.100000 4.159999 0.359997 0.000000 -0.999752 0.022287 0.814090 0.215264
knife_butterfly.bmp
  37 1.280000 4.159999 0.359997 0.000000 -0.999752 0.022287 0.829746 0.215264
  37 1.280000 4.150000 0.399997 0.000001 -0.947602 -0.319454 0.829746 0.217221
  37 1.100000 4.159999 0.359997 0.000000 -0.999752 0.022287 0.814090 0.215264
knife_butterfly.bmp
  37 1.100000 4.159999 0.359997 0.000000 -0.999752 0.022287 0.814090 0.215264
  37 1.280000 4.150000 0.399997 0.000001 -0.947602 -0.319454 0.829746 0.217221
  37 1.100000 4.150000 0.399997 0.000001 -0.947602 -0.319454 0.814090 0.217221
knife_butterfly.bmp
  37 1.280000 4.150000 0.399997 0.000001 -0.947602 -0.319454 0.829746 0.217221
  37 1.280000 4.130000 0.439997 0.000002 -0.760551 -0.649278 0.829746 0.219178
  37 1.100000 4.150000 0.399997 0.000001 -0.947602 -0.319454 0.814090 0.217221
knife_butterfly.bmp
  37 1.100000 4.150000 0.399997 0.000001 -0.947602 -0.319454 0.814090 0.217221
  37 1.280000 4.130000 0.439997 0.000002 -0.760551 -0.649278 0.829746 0.219178
  37 1.100000 4.130000 0.439997 0.000002 -0.760551 -0.649278 0.814090 0.219178
knife_butterfly.bmp
  37 1.280000 4.130000 0.439997 0.000002 -0.760551 -0.649278 0.829746 0.219178
  37 1.280000 4.100000 0.459997 0.000002 -0.533886 -0.845556 0.829746 0.223092
  37 1.100000 4.130000 0.439997 0.000002 -0.760551 -0.649278 0.814090 0.219178
knife_butterfly.bmp
  40 0.890004 3.771436 -0.661859 0.000003 0.313363 -0.949633 0.908023 0.193738
  40 0.890004 3.701436 -0.691859 0.000008 0.037284 -0.999305 0.908023 0.201566
  40 0.730004 3.771436 -0.661859 -0.142506 0.344735 -0.927820 0.890411 0.193738
knife_butterfly.bmp
  40 0.730004 3.771436 -0.661859 -0.142506 0.344735 -0.927820 0.890411 0.193738
  40 0.890004 3.701436 -0.691859 0.000008 0.037284 -0.999305 0.908023 0.201566
  40 0.730004 3.701436 -0.671859 -0.097634 0.029754 -0.994778 0.890411 0.201566
knife_butterfly.bmp
  40 0.890004 3.701436 -0.691859 0.000008 0.037284 -0.999305 0.908023 0.201566
  40 0.890004 3.641436 -0.691859 0.000002 -0.505224 -0.862988 0.908023 0.207436
  40 0.730004 3.701436 -0.671859 -0.097634 0.029754 -0.994778 0.890411 0.201566
knife_butterfly.bmp
  40 0.730004 3.701436 -0.671859 -0.097634 0.029754 -0.994778 0.890411 0.201566
  40 0.890004 3.641436 -0.691859 0.000002 -0.505224 -0.862988 0.908023 0.207436
  40 0.730004 3.641436 -0.671859 -0.125899 -0.511296 -0.850133 0.890411 0.207436
knife_butterfly.bmp
  40 0.890004 3.641436 -0.691859 0.000002 -0.505224 -0.862988 0.908023 0.207436
  40 0.890004 3.611436 -0.651859 0.000002 -0.880790 -0.473507 0.908023 0.213307
  40 0.730004 3.641436 -0.671859 -0.125899 -0.511296 -0.850133 0.890411 0.207436
knife_butterfly.bmp
  40 0.730004 3.641436 -0.671859 -0.125899 -0.511296 -0.850133 0.890411 0.207436
  40 0.890004 3.611436 -0.651859 0.000002 -0.880790 -0.473507 0.908023 0.213307
  40 0.730004 3.611436 -0.641859 -0.146129 -0.885769 -0.440522 0.890411 0.213307
knife_butterfly.bmp
  40 0.890004 3.611436 -0.651859 0.000002 -0.880790 -0.473507 0.908023 0.213307
  40 0.710004 3.601436 -0.611859 -0.139711 -0.852438 -0.503815 0.890411 0.217221
  40 0.730004 3.611436 -0.641859 -0.146129 -0.885769 -0.440522 0.890411 0.213307
knife_butterfly.bmp
  37 0.880000 4.149999 -0.120003 0.000000 0.326347 -0.945250 0.927593 0.193738
  37 0.880000 4.079999 -0.130003 0.000000 0.019891 -0.999802 0.927593 0.201566
  37 0.710000 4.149999 -0.120003 -0.142501 0.328523 -0.933684 0.909980 0.193738
knife_butterfly.bmp
  37 0.710000 4.149999 -0.120003 -0.142501 0.328523 -0.933684 0.909980 0.193738
  37 0.880000 4.079999 -0.130003 0.000000 0.019891 -0.999802 0.927593 0.201566
  37 0.710000 4.079999 -0.130003 -0.097615 0.012428 -0.995147 0.909980 0.201566
knife_butterfly.bmp
  37 0.880000 4.079999 -0.130003 0.000000 0.019891 -0.999802 0.927593 0.201566
  37 0.880000 4.019999 -0.120003 0.000002 -0.533886 -0.845556 0.927593 0.207436
  37 0.710000 4.079999 -0.130003 -0.097615 0.012428 -0.995147 0.909980 0.201566
knife_butterfly.bmp
  37 0.710000 4.079999 -0.130003 -0.097615 0.012428 -0.995147 0.909980 0.201566
  37 0.880000 4.019999 -0.120003 0.000002 -0.533886 -0.845556 0.927593 0.207436
  37 0.710000 4.019999 -0.120003 -0.157874 -0.527463 -0.834780 0.909980 0.207436
knife_butterfly.bmp
  37 0.880000 4.019999 -0.120003 0.000002 -0.533886 -0.845556 0.927593 0.207436
  37 0.880000 3.989999 -0.080003 0.000002 -0.760551 -0.649278 0.927593 0.211350
  37 0.710000 4.019999 -0.120003 -0.157874 -0.527463 -0.834780 0.909980 0.207436
knife_butterfly.bmp
  37 0.710000 4.019999 -0.120003 -0.157874 -0.527463 -0.834780 0.909980 0.207436
  37 0.880000 3.989999 -0.080003 0.000002 -0.760551 -0.649278 0.927593 0.211350
  37 0.710000 3.989999 -0.080003 -0.138260 -0.755279 -0.640654 0.909980 0.211350
knife_butterfly.bmp
  37 0.880000 3.989999 -0.080003 0.000002 -0.760551 -0.649278 0.927593 0.211350
  37 0.710000 3.959999 -0.050002 -0.149144 -0.693460 -0.704890 0.909980 0.215264
  37 0.710000 3.989999 -0.080003 -0.138260 -0.755279 -0.640654 0.909980 0.211350
knife_butterfly.bmp
  37 0.880000 3.819999 0.049998 1.000000 0.000000 0.000000 0.428571 0.264188
  37 0.880000 3.940000 0.369998 1.000000 0.000000 0.000000 0.465753 0.250489
  37 0.880000 3.950000 0.409998 1.000000 0.000000 0.000000 0.471624 0.250489
knife_butterfly.bmp
  37 0.880000 3.819999 0.049998 1.000000 0.000000 0.000000 0.428571 0.264188
  37 0.880000 3.940000 0.329998 1.000000 0.000000 0.000000 0.461840 0.250489
  37 0.880000 3.940000 0.369998 1.000000 0.000000 0.000000 0.465753 0.250489
knife_butterfly.bmp
  37 0.880000 3.819999 0.049998 1.000000 0.000000 0.000000 0.428571 0.264188
  37 0.880000 3.960000 0.299998 1.000000 0.000000 0.000000 0.457926 0.248532
  37 0.880000 3.940000 0.329998 1.000000 0.000000 0.000000 0.461840 0.250489
knife_butterfly.bmp
  37 0.880000 3.819999 0.049998 1.000000 0.000000 0.000000 0.428571 0.264188
  37 0.880000 3.990000 0.269997 1.000000 0.000000 0.000000 0.455969 0.244618
  37 0.880000 3.960000 0.299998 1.000000 0.000000 0.000000 0.457926 0.248532
knife_butterfly.bmp
  37 0.880000 3.819999 0.049998 1.000000 0.000000 0.000000 0.428571 0.264188
  37 0.880000 4.030000 0.259997 1.000000 0.000000 0.000000 0.454012 0.240705
  37 0.880000 3.990000 0.269997 1.000000 0.000000 0.000000 0.455969 0.244618
knife_butterfly.bmp
  37 0.880000 3.819999 0.049998 1.000000 0.000000 0.000000 0.428571 0.264188
  37 0.880000 3.949999 -0.040002 1.000000 0.000000 0.000000 0.418787 0.250489
  37 0.880000 4.030000 0.259997 1.000000 0.000000 0.000000 0.454012 0.240705
knife_butterfly.bmp
  37 0.690000 3.829999 0.079998 -1.000000 0.000000 0.000000 0.328767 0.264188
  37 0.690000 4.030000 0.259997 -1.000000 0.000000 0.000000 0.348337 0.240705
  37 0.690000 3.959999 -0.010002 -1.000000 0.000000 0.000000 0.317025 0.248532
knife_butterfly.bmp
  37 0.690000 3.829999 0.079998 -1.000000 0.000000 0.000000 0.328767 0.264188
  37 0.690000 3.990000 0.269997 -1.000000 0.000000 0.000000 0.350294 0.244618
  37 0.690000 4.030000 0.259997 -1.000000 0.000000 0.000000 0.348337 0.240705
knife_butterfly.bmp
  37 0.690000 3.829999 0.079998 -1.000000 0.000000 0.000000 0.328767 0.264188
  37 0.690000 3.960000 0.299998 -1.000000 0.000000 0.000000 0.354207 0.248532
  37 0.690000 3.990000 0.269997 -1.000000 0.000000 0.000000 0.350294 0.244618
knife_butterfly.bmp
  37 0.690000 3.829999 0.079998 -1.000000 0.000000 0.000000 0.328767 0.264188
  37 0.690000 3.940000 0.329998 -1.000000 0.000000 0.000000 0.358121 0.250489
  37 0.690000 3.960000 0.299998 -1.000000 0.000000 0.000000 0.354207 0.248532
knife_butterfly.bmp
  37 0.690000 3.829999 0.079998 -1.000000 0.000000 0.000000 0.328767 0.264188
  37 0.690000 3.940000 0.369998 -1.000000 0.000000 0.000000 0.362035 0.250489
  37 0.690000 3.940000 0.329998 -1.000000 0.000000 0.000000 0.358121 0.250489
knife_butterfly.bmp
  37 0.690000 3.829999 0.079998 -1.000000 0.000000 0.000000 0.328767 0.264188
  37 0.690000 3.950000 0.409998 -1.000000 0.000000 0.000000 0.365949 0.250489
  37 0.690000 3.940000 0.369998 -1.000000 0.000000 0.000000 0.362035 0.250489
knife_butterfly.bmp
  37 0.690000 3.670000 0.909998 -1.000000 0.000000 0.000000 0.424658 0.283757
  37 0.690000 3.490000 0.569998 -1.000000 0.000000 0.000000 0.383562 0.303327
  37 0.690000 3.470000 0.989998 -1.000000 0.000000 0.000000 0.434442 0.307241
knife_butterfly.bmp
  37 0.690000 3.670000 0.909998 -1.000000 0.000000 0.000000 0.424658 0.283757
  37 0.690000 3.510000 0.599998 -1.000000 0.000000 0.000000 0.387476 0.301370
  37 0.690000 3.490000 0.569998 -1.000000 0.000000 0.000000 0.383562 0.303327
knife_butterfly.bmp
  37 0.690000 3.670000 0.909998 -1.000000 0.000000 0.000000 0.424658 0.283757
  37 0.690000 3.540000 0.619998 -1.000000 0.000000 0.000000 0.391389 0.297456
  37 0.690000 3.510000 0.599998 -1.000000 0.000000 0.000000 0.387476 0.301370
knife_butterfly.bmp
  37 0.690000 3.670000 0.909998 -1.000000 0.000000 0.000000 0.424658 0.283757
  37 0.690000 3.580000 0.639998 -1.000000 0.000000 0.000000 0.393346 0.293542
  37 0.690000 3.540000 0.619998 -1.000000 0.000000 0.000000 0.391389 0.297456
knife_butterfly.bmp
  37 0.690000 3.670000 0.909998 -1.000000 0.000000 0.000000 0.424658 0.283757
  37 0.690000 3.610000 0.629998 -1.000000 0.000000 0.000000 0.391389 0.287671
  37 0.690000 3.580000 0.639998 -1.000000 0.000000 0.000000 0.393346 0.293542
knife_butterfly.bmp
  37 0.690000 3.670000 0.909998 -1.000000 0.000000 0.000000 0.424658 0.283757
  37 0.690000 3.630000 0.629998 -1.000000 0.000000 0.000000 0.391389 0.285714
  37 0.690000 3.610000 0.629998 -1.000000 0.000000 0.000000 0.391389 0.287671
knife_butterfly.bmp
  41 0.978069 4.635070 -0.501043 0.000014 -0.053502 -0.998568 0.021526 0.273973
  41 1.128069 4.695070 -0.501043 0.000014 -0.053502 -0.998568 0.005871 0.277886
  41 1.128069 4.635070 -0.501042 0.000014 -0.053502 -0.998568 0.005871 0.273973
knife_butterfly.bmp
  41 0.978069 4.635070 -0.501043 0.000014 -0.053502 -0.998568 0.021526 0.273973
  41 0.978069 4.695070 -0.501043 0.000014 -0.053502 -0.998568 0.021526 0.277886
  41 1.128069 4.695070 -0.501043 0.000014 -0.053502 -0.998568 0.005871 0.277886
knife_butterfly.bmp
  41 0.978069 4.635070 -0.501043 0.000014 -0.053502 -0.998568 0.021526 0.273973
  41 0.928069 4.695070 -0.501043 0.000014 -0.053502 -0.998568 0.027397 0.277886
  41 0.978069 4.695070 -0.501043 0.000014 -0.053502 -0.998568 0.021526 0.277886
knife_butterfly.bmp
  41 0.978069 4.635070 -0.501043 0.000014 -0.053502 -0.998568 0.021526 0.273973
  41 0.928069 4.635070 -0.501043 0.000014 -0.053502 -0.998568 0.027397 0.273973
  41 0.928069 4.695070 -0.501043 0.000014 -0.053502 -0.998568 0.027397 0.277886
knife_butterfly.bmp
  41 0.978069 4.635070 -0.501043 0.000014 -0.053502 -0.998568 0.021526 0.273973
  41 0.928069 3.765070 -0.461041 0.000014 -0.053502 -0.998568 0.027397 0.205479
  41 0.928069 4.635070 -0.501043 0.000014 -0.053502 -0.998568 0.027397 0.273973
knife_butterfly.bmp
  41 0.978069 4.635070 -0.501043 0.000014 -0.053502 -0.998568 0.021526 0.273973
  41 0.978069 3.765070 -0.461041 0.000014 -0.053502 -0.998568 0.021526 0.205479
  41 0.928069 3.765070 -0.461041 0.000014 -0.053502 -0.998568 0.027397 0.205479
knife_butterfly.bmp
  41 1.128069 4.695070 -0.501043 0.000002 0.998567 -0.053516 0.005871 0.277886
  41 0.978069 4.695070 -0.501043 0.000002 0.998567 -0.053516 0.021526 0.277886
  41 1.118069 4.695070 -0.451043 0.000002 0.998567 -0.053516 0.007828 0.285714
knife_butterfly.bmp
  41 1.118069 4.695070 -0.451043 0.000002 0.998567 -0.053516 0.007828 0.285714
  41 0.978069 4.695070 -0.501043 0.000002 0.998567 -0.053516 0.021526 0.277886
  41 0.978069 4.695070 -0.461043 0.000002 0.998567 -0.053516 0.021526 0.283757
knife_butterfly.bmp
  41 0.978069 4.695070 -0.501043 0.000002 0.998567 -0.053516 0.021526 0.277886
  41 0.928069 4.695070 -0.501043 0.000002 0.998567 -0.053516 0.027397 0.277886
  41 0.978069 4.695070 -0.461043 0.000002 0.998567 -0.053516 0.021526 0.283757
knife_butterfly.bmp
  41 0.978069 4.695070 -0.461043 0.000002 0.998567 -0.053516 0.021526 0.283757
  41 0.928069 4.695070 -0.501043 0.000002 0.998567 -0.053516 0.027397 0.277886
  41 0.928069 4.695070 -0.461043 0.000002 0.998567 -0.053516 0.027397 0.283757
knife_butterfly.bmp
  41 0.928069 4.695070 -0.501043 0.000002 0.998567 -0.053516 0.027397 0.277886
  41 0.778069 4.695070 -0.481043 0.000002 0.998567 -0.053516 0.043053 0.277886
  41 0.928069 4.695070 -0.461043 0.000002 0.998567 -0.053516 0.027397 0.283757
knife_butterfly.bmp
  41 0.928069 4.695070 -0.461043 0.000002 0.998567 -0.053516 0.027397 0.283757
  41 0.778069 4.695070 -0.481043 0.000002 0.998567 -0.053516 0.043053 0.277886
  41 0.788069 4.695070 -0.431043 0.000002 0.998567 -0.053516 0.041096 0.285714
knife_butterfly.bmp
  40 0.890002 2.611438 0.108144 0.975467 0.159179 -0.152073 0.671233 0.074364
  40 0.910002 2.641438 0.168144 0.976606 0.205498 -0.063337 0.669276 0.068493
  40 0.910002 2.651438 0.228144 0.964015 0.265247 -0.017848 0.669276 0.062622
knife_butterfly.bmp
  40 0.910002 2.651438 0.228144 0.964015 0.265247 -0.017848 0.669276 0.062622
  40 0.910002 2.641438 0.168144 0.976606 0.205498 -0.063337 0.669276 0.068493
  40 0.880002 2.691438 0.148144 0.744406 0.642646 -0.181287 0.663405 0.070450
knife_butterfly.bmp
  40 0.910002 2.641438 0.168144 0.976606 0.205498 -0.063337 0.669276 0.068493
  40 0.890002 2.611438 0.108144 0.975467 0.159179 -0.152073 0.671233 0.074364
  40 0.880002 2.691438 0.148144 0.744406 0.642646 -0.181287 0.663405 0.070450
knife_butterfly.bmp
  40 0.880002 2.691438 0.148144 0.744406 0.642646 -0.181287 0.663405 0.070450
  40 0.890002 2.611438 0.108144 0.975467 0.159179 -0.152073 0.671233 0.074364
  40 0.870002 2.661438 0.088144 0.742078 0.503580 -0.442412 0.665362 0.076321
knife_butterfly.bmp
  40 0.890002 2.611438 0.108144 0.975467 0.159179 -0.152073 0.671233 0.074364
  40 0.870002 2.611438 0.058144 0.743841 0.244938 -0.621857 0.669276 0.080235
  40 0.870002 2.661438 0.088144 0.742078 0.503580 -0.442412 0.665362 0.076321
knife_butterfly.bmp
  40 0.870002 2.661438 0.088144 0.742078 0.503580 -0.442412 0.665362 0.076321
  40 0.870002 2.611438 0.058144 0.743841 0.244938 -0.621857 0.669276 0.080235
  40 0.840002 2.611438 0.028144 0.529782 0.291182 -0.796582 0.667319 0.084149
knife_butterfly.bmp
  40 1.130002 2.711438 0.128144 -0.523412 0.820948 -0.228219 0.663405 0.111546
  40 1.090002 2.691438 0.208144 -0.736992 0.675896 -0.002774 0.669276 0.119374
  40 1.130002 2.721438 0.208144 -0.494946 0.868901 -0.006312 0.663405 0.119374
knife_butterfly.bmp
  40 1.130002 2.721438 0.208144 -0.494946 0.868901 -0.006312 0.663405 0.119374
  40 1.090002 2.691438 0.208144 -0.736992 0.675896 -0.002774 0.669276 0.119374
  40 1.130002 2.711438 0.278144 -0.501690 0.850957 0.155495 0.665362 0.129159
knife_butterfly.bmp
  40 1.090002 2.691438 0.208144 -0.736992 0.675896 -0.002774 0.669276 0.119374
  40 1.090002 2.691438 0.278144 -0.738004 0.662271 0.129410 0.669276 0.127202
  40 1.130002 2.711438 0.278144 -0.501690 0.850957 0.155495 0.665362 0.129159
knife_butterfly.bmp
  40 1.130002 2.711438 0.278144 -0.501690 0.850957 0.155495 0.665362 0.129159
  40 1.090002 2.691438 0.278144 -0.738004 0.662271 0.129410 0.669276 0.127202
  40 1.130002 2.691438 0.348144 -0.507875 0.775081 0.375914 0.669276 0.135029
knife_butterfly.bmp
  40 1.090002 2.691438 0.278144 -0.738004 0.662271 0.129410 0.669276 0.127202
  40 1.090002 2.671438 0.348144 -0.737923 0.602282 0.304511 0.673190 0.133072
  40 1.130002 2.691438 0.348144 -0.507875 0.775081 0.375914 0.669276 0.135029
knife_butterfly.bmp
  40 1.130002 2.691438 0.348144 -0.507875 0.775081 0.375914 0.669276 0.135029
  40 1.090002 2.671438 0.348144 -0.737923 0.602282 0.304511 0.673190 0.133072
  40 1.070001 2.611439 0.428144 -0.738843 0.482468 0.470463 0.681018 0.140900
knife_butterfly.bmp
  40 1.300002 2.611438 0.108145 0.975467 0.159179 -0.152073 0.671233 0.074364
  40 1.320002 2.641438 0.168145 0.976606 0.205498 -0.063337 0.669276 0.068493
  40 1.320002 2.651438 0.228145 0.964015 0.265247 -0.017848 0.669276 0.062622
knife_butterfly.bmp
  40 1.320002 2.651438 0.228145 0.964015 0.265247 -0.017848 0.669276 0.062622
  40 1.320002 2.641438 0.168145 0.976606 0.205498 -0.063337 0.669276 0.068493
  40 1.280002 2.691438 0.128145 0.744406 0.642646 -0.181287 0.663405 0.070450
knife_butterfly.bmp
  40 1.320002 2.641438 0.168145 0.976606 0.205498 -0.063337 0.669276 0.068493
  40 1.300002 2.611438 0.108145 0.975467 0.159179 -0.152073 0.671233 0.074364
  40 1.280002 2.691438 0.128145 0.744406 0.642646 -0.181287 0.663405 0.070450
knife_butterfly.bmp
  40 1.280002 2.691438 0.128145 0.744406 0.642646 -0.181287 0.663405 0.070450
  40 1.300002 2.611438 0.108145 0.975467 0.159179 -0.152073 0.671233 0.074364
  40 1.280002 2.661438 0.088145 0.742078 0.503580 -0.442412 0.665362 0.076321
knife_butterfly.bmp
  40 1.300002 2.611438 0.108145 0.975467 0.159179 -0.152073 0.671233 0.074364
  40 1.280002 2.611438 0.058145 0.743841 0.244938 -0.621857 0.669276 0.080235
  40 1.280002 2.661438 0.088145 0.742078 0.503580 -0.442412 0.665362 0.076321
knife_butterfly.bmp
  40 1.280002 2.661438 0.088145 0.742078 0.503580 -0.442412 0.665362 0.076321
  40 1.280002 2.611438 0.058145 0.743841 0.244938 -0.621857 0.669276 0.080235
  40 1.240002 2.611438 0.028145 0.529782 0.291182 -0.796582 0.667319 0.084149
knife_butterfly.bmp
  40 1.080003 3.421436 -0.471858 0.000002 -0.505224 -0.862988 0.835616 0.240705
  40 1.240003 3.321437 -0.401857 0.125900 -0.511302 -0.850129 0.853229 0.252446
  40 1.080003 3.321437 -0.411857 0.000002 -0.505224 -0.862988 0.835616 0.252446
knife_butterfly.bmp
  40 1.080003 3.321437 -0.411857 0.000002 -0.505224 -0.862988 0.835616 0.252446
  40 1.240003 3.321437 -0.401857 0.125900 -0.511302 -0.850129 0.853229 0.252446
  40 1.100003 3.231437 -0.341857 0.000002 -0.463071 -0.886321 0.835616 0.264188
knife_butterfly.bmp
  40 1.240003 3.321437 -0.401857 0.125900 -0.511302 -0.850129 0.853229 0.252446
  40 1.250003 3.231437 -0.361857 0.146754 -0.458463 -0.876513 0.853229 0.264188
  40 1.100003 3.231437 -0.341857 0.000002 -0.463071 -0.886321 0.835616 0.264188
knife_butterfly.bmp
  40 1.100003 3.231437 -0.341857 0.000002 -0.463071 -0.886321 0.835616 0.264188
  40 1.250003 3.231437 -0.361857 0.146754 -0.458463 -0.876513 0.853229 0.264188
  40 1.100003 3.031437 -0.261857 0.000002 -0.411377 -0.911465 0.835616 0.287671
knife_butterfly.bmp
  40 1.250003 3.231437 -0.361857 0.146754 -0.458463 -0.876513 0.853229 0.264188
  40 1.260003 3.031437 -0.241856 0.147610 -0.407698 -0.901107 0.853229 0.287671
  40 1.100003 3.031437 -0.261857 0.000002 -0.411377 -0.911465 0.835616 0.287671
knife_butterfly.bmp
  40 1.100003 3.031437 -0.261857 0.000002 -0.411377 -0.911465 0.835616 0.287671
  40 1.260003 3.031437 -0.241856 0.147610 -0.407698 -0.901107 0.853229 0.287671
  40 1.260003 2.821437 -0.181856 0.151889 -0.366012 -0.918131 0.853229 0.311155
knife_butterfly.bmp
  40 1.100002 3.441438 0.248142 -1.000000 -0.000001 -0.000026 0.741683 0.252446
  40 1.080002 3.241438 0.098143 -1.000000 -0.000001 -0.000026 0.720157 0.275930
  40 1.100002 3.251438 0.338143 -1.000000 -0.000001 -0.000026 0.749511 0.273973
knife_butterfly.bmp
  40 1.100002 3.441438 0.248142 -1.000000 -0.000001 -0.000026 0.741683 0.252446
  40 1.080002 3.251438 0.098143 -1.000000 -0.000001 -0.000026 0.720157 0.273973
  40 1.080002 3.241438 0.098143 -1.000000 -0.000001 -0.000026 0.720157 0.275930
knife_butterfly.bmp
  40 1.100002 3.441438 0.248142 -1.000000 -0.000001 -0.000026 0.741683 0.252446
  40 1.080002 3.281437 0.058143 -1.000000 -0.000001 -0.000026 0.718200 0.272016
  40 1.080002 3.251438 0.098143 -1.000000 -0.000001 -0.000026 0.720157 0.273973
knife_butterfly.bmp
  40 1.100002 3.441438 0.248142 -1.000000 -0.000001 -0.000026 0.741683 0.252446
  40 1.080002 3.301437 0.018143 -1.000000 -0.000001 -0.000026 0.714286 0.268102
  40 1.080002 3.281437 0.058143 -1.000000 -0.000001 -0.000026 0.718200 0.272016
knife_butterfly.bmp
  40 1.100002 3.441438 0.248142 -1.000000 -0.000001 -0.000026 0.741683 0.252446
  40 1.080002 3.301437 -0.021857 -1.000000 -0.000001 -0.000026 0.708415 0.268102
  40 1.080002 3.301437 0.018143 -1.000000 -0.000001 -0.000026 0.714286 0.268102
knife_butterfly.bmp
  40 1.100002 3.441438 0.248142 -1.000000 -0.000001 -0.000026 0.741683 0.252446
  40 1.080002 3.301437 -0.051857 -1.000000 -0.000001 -0.000026 0.704501 0.268102
  40 1.080002 3.301437 -0.021857 -1.000000 -0.000001 -0.000026 0.708415 0.268102
knife_butterfly.bmp
  40 1.300002 3.431438 0.218143 1.000000 0.000000 0.000002 0.630137 0.252446
  40 1.280002 3.301437 -0.001857 1.000000 0.000000 0.000002 0.602740 0.268102
  40 1.280002 3.301437 -0.031857 1.000000 0.000000 0.000002 0.596869 0.268102
knife_butterfly.bmp
  40 1.300002 3.431438 0.218143 1.000000 0.000000 0.000002 0.630137 0.252446
  40 1.280002 3.301437 0.038143 1.000000 0.000000 0.000002 0.606654 0.268102
  40 1.280002 3.301437 -0.001857 1.000000 0.000000 0.000002 0.602740 0.268102
knife_butterfly.bmp
  40 1.300002 3.431438 0.218143 1.000000 0.000000 0.000002 0.630137 0.252446
  40 1.280002 3.281437 0.058143 1.000000 0.000000 0.000002 0.610568 0.272016
  40 1.280002 3.301437 0.038143 1.000000 0.000000 0.000002 0.606654 0.268102
knife_butterfly.bmp
  40 1.300002 3.431438 0.218143 1.000000 0.000000 0.000002 0.630137 0.252446
  40 1.280002 3.251438 0.078143 1.000000 0.000000 0.000002 0.612524 0.273973
  40 1.280002 3.281437 0.058143 1.000000 0.000000 0.000002 0.610568 0.272016
knife_butterfly.bmp
  40 1.300002 3.431438 0.218143 1.000000 0.000000 0.000002 0.630137 0.252446
  40 1.280002 3.241437 0.078143 1.000000 0.000000 0.000002 0.614481 0.275930
  40 1.280002 3.251438 0.078143 1.000000 0.000000 0.000002 0.612524 0.273973
knife_butterfly.bmp
  40 1.300002 3.431438 0.218143 1.000000 0.000000 0.000002 0.630137 0.252446
  40 1.300002 3.251438 0.288143 1.000000 0.000000 0.000002 0.637965 0.273973
  40 1.280002 3.241437 0.078143 1.000000 0.000000 0.000002 0.614481 0.275930
knife_butterfly.bmp
  40 0.710002 2.711438 0.128143 -0.523412 0.820948 -0.228219 0.663405 0.111546
  40 0.670002 2.691438 0.208143 -0.736992 0.675896 -0.002774 0.669276 0.119374
  40 0.710002 2.721438 0.208143 -0.494946 0.868901 -0.006312 0.663405 0.119374
knife_butterfly.bmp
  40 0.710002 2.721438 0.208143 -0.494946 0.868901 -0.006312 0.663405 0.119374
  40 0.670002 2.691438 0.208143 -0.736992 0.675896 -0.002774 0.669276 0.119374
  40 0.710002 2.711438 0.278143 -0.501690 0.850957 0.155495 0.665362 0.129159
knife_butterfly.bmp
  40 0.670002 2.691438 0.208143 -0.736992 0.675896 -0.002774 0.669276 0.119374
  40 0.670002 2.691438 0.278143 -0.738004 0.662271 0.129410 0.669276 0.127202
  40 0.710002 2.711438 0.278143 -0.501690 0.850957 0.155495 0.665362 0.129159
knife_butterfly.bmp
  40 0.710002 2.711438 0.278143 -0.501690 0.850957 0.155495 0.665362 0.129159
  40 0.670002 2.691438 0.278143 -0.738004 0.662271 0.129410 0.669276 0.127202
  40 0.710002 2.691438 0.348143 -0.507875 0.775081 0.375914 0.669276 0.135029
knife_butterfly.bmp
  40 0.670002 2.691438 0.278143 -0.738004 0.662271 0.129410 0.669276 0.127202
  40 0.670002 2.671438 0.348143 -0.737923 0.602282 0.304511 0.673190 0.133072
  40 0.710002 2.691438 0.348143 -0.507875 0.775081 0.375914 0.669276 0.135029
knife_butterfly.bmp
  40 0.710002 2.691438 0.348143 -0.507875 0.775081 0.375914 0.669276 0.135029
  40 0.670002 2.671438 0.348143 -0.737923 0.602282 0.304511 0.673190 0.133072
  40 0.650001 2.611439 0.428144 -0.738843 0.482468 0.470463 0.681018 0.140900
knife_butterfly.bmp
  40 0.890002 3.441438 0.268142 1.000000 0.000000 0.000002 0.741683 0.252446
  40 0.870002 3.301437 -0.021858 1.000000 0.000000 0.000002 0.708415 0.268102
  40 0.870002 3.301437 -0.051858 1.000000 0.000000 0.000002 0.704501 0.268102
knife_butterfly.bmp
  40 0.890002 3.441438 0.268142 1.000000 0.000000 0.000002 0.741683 0.252446
  40 0.870002 3.301437 0.018142 1.000000 0.000000 0.000002 0.714286 0.268102
  40 0.870002 3.301437 -0.021858 1.000000 0.000000 0.000002 0.708415 0.268102
knife_butterfly.bmp
  40 0.890002 3.441438 0.268142 1.000000 0.000000 0.000002 0.741683 0.252446
  40 0.870002 3.281437 0.058142 1.000000 0.000000 0.000002 0.718200 0.272016
  40 0.870002 3.301437 0.018142 1.000000 0.000000 0.000002 0.714286 0.268102
knife_butterfly.bmp
  40 0.890002 3.441438 0.268142 1.000000 0.000000 0.000002 0.741683 0.252446
  40 0.870002 3.251438 0.078142 1.000000 0.000000 0.000002 0.720157 0.273973
  40 0.870002 3.281437 0.058142 1.000000 0.000000 0.000002 0.718200 0.272016
knife_butterfly.bmp
  40 0.890002 3.441438 0.268142 1.000000 0.000000 0.000002 0.741683 0.252446
  40 0.870002 3.241437 0.078142 1.000000 0.000000 0.000002 0.720157 0.275930
  40 0.870002 3.251438 0.078142 1.000000 0.000000 0.000002 0.720157 0.273973
knife_butterfly.bmp
  40 0.890002 3.441438 0.268142 1.000000 0.000000 0.000002 0.741683 0.252446
  40 0.890002 3.251438 0.328142 1.000000 0.000000 0.000002 0.749511 0.273973
  40 0.870002 3.241437 0.078142 1.000000 0.000000 0.000002 0.720157 0.275930
knife_butterfly.bmp
  40 0.870002 2.621437 -0.081856 1.000000 0.000000 0.000002 0.698630 0.348337
  40 0.870002 2.721438 0.128144 1.000000 0.000000 0.000002 0.724070 0.338552
  40 0.870001 2.651439 0.558144 1.000000 0.000000 0.000002 0.778865 0.346380
knife_butterfly.bmp
  40 0.870002 2.621437 -0.081856 1.000000 0.000000 0.000002 0.698630 0.348337
  40 0.870002 2.741438 0.088144 1.000000 0.000000 0.000002 0.720157 0.334638
  40 0.870002 2.721438 0.128144 1.000000 0.000000 0.000002 0.724070 0.338552
knife_butterfly.bmp
  40 0.870002 2.621437 -0.081856 1.000000 0.000000 0.000002 0.698630 0.348337
  40 0.870002 2.771438 0.048144 1.000000 0.000000 0.000002 0.718200 0.332681
  40 0.870002 2.741438 0.088144 1.000000 0.000000 0.000002 0.720157 0.334638
knife_butterfly.bmp
  40 0.870002 2.621437 -0.081856 1.000000 0.000000 0.000002 0.698630 0.348337
  40 0.870002 2.801437 0.038143 1.000000 0.000000 0.000002 0.716243 0.326810
  40 0.870002 2.771438 0.048144 1.000000 0.000000 0.000002 0.718200 0.332681
knife_butterfly.bmp
  40 0.870002 2.621437 -0.081856 1.000000 0.000000 0.000002 0.698630 0.348337
  40 0.870002 2.831438 0.038143 1.000000 0.000000 0.000002 0.716243 0.324853
  40 0.870002 2.801437 0.038143 1.000000 0.000000 0.000002 0.716243 0.326810
knife_butterfly.bmp
  40 0.870002 2.621437 -0.081856 1.000000 0.000000 0.000002 0.698630 0.348337
  40 0.890003 2.821437 -0.181856 1.000000 0.000000 0.000002 0.688845 0.324853
  40 0.870002 2.831438 0.038143 1.000000 0.000000 0.000002 0.716243 0.324853
knife_butterfly.bmp
  40 0.690002 3.431438 0.218142 -1.000000 -0.000001 -0.000026 0.630137 0.252446
  40 0.670002 3.241438 0.098142 -1.000000 -0.000001 -0.000026 0.614481 0.275930
  40 0.690002 3.251438 0.308142 -1.000000 -0.000001 -0.000026 0.637965 0.273973
knife_butterfly.bmp
  40 0.690002 3.431438 0.218142 -1.000000 -0.000001 -0.000026 0.630137 0.252446
  40 0.670002 3.251438 0.098142 -1.000000 -0.000001 -0.000026 0.612524 0.273973
  40 0.670002 3.241438 0.098142 -1.000000 -0.000001 -0.000026 0.614481 0.275930
knife_butterfly.bmp
  40 0.690002 3.431438 0.218142 -1.000000 -0.000001 -0.000026 0.630137 0.252446
  40 0.670002 3.281437 0.078142 -1.000000 -0.000001 -0.000026 0.610568 0.272016
  40 0.670002 3.251438 0.098142 -1.000000 -0.000001 -0.000026 0.612524 0.273973
knife_butterfly.bmp
  40 0.690002 3.431438 0.218142 -1.000000 -0.000001 -0.000026 0.630137 0.252446
  40 0.670002 3.301437 0.038142 -1.000000 -0.000001 -0.000026 0.606654 0.268102
  40 0.670002 3.281437 0.078142 -1.000000 -0.000001 -0.000026 0.610568 0.272016
knife_butterfly.bmp
  40 0.690002 3.431438 0.218142 -1.000000 -0.000001 -0.000026 0.630137 0.252446
  40 0.670002 3.301437 -0.001858 -1.000000 -0.000001 -0.000026 0.602740 0.268102
  40 0.670002 3.301437 0.038142 -1.000000 -0.000001 -0.000026 0.606654 0.268102
knife_butterfly.bmp
  40 0.690002 3.431438 0.218142 -1.000000 -0.000001 -0.000026 0.630137 0.252446
  40 0.670002 3.301437 -0.031858 -1.000000 -0.000001 -0.000026 0.596869 0.268102
  40 0.670002 3.301437 -0.001858 -1.000000 -0.000001 -0.000026 0.602740 0.268102
knife_butterfly.bmp
  37 1.110000 3.380000 0.489998 -0.529786 0.241030 -0.813161 0.340509 0.115460
  37 1.070000 3.420000 0.539998 -0.742080 0.475066 -0.472895 0.338552 0.123288
  37 1.110000 3.440000 0.509998 -0.532078 0.616772 -0.580074 0.334638 0.121331
knife_butterfly.bmp
  37 1.110000 3.440000 0.509998 -0.532078 0.616772 -0.580074 0.334638 0.121331
  37 1.070000 3.420000 0.539998 -0.742080 0.475066 -0.472895 0.338552 0.123288
  37 1.110000 3.480000 0.569998 -0.523416 0.805150 -0.278872 0.332681 0.129159
knife_butterfly.bmp
  37 1.070000 3.420000 0.539998 -0.742080 0.475066 -0.472895 0.338552 0.123288
  37 1.070000 3.460000 0.579998 -0.744409 0.630113 -0.220936 0.336595 0.129159
  37 1.110000 3.480000 0.569998 -0.523416 0.805150 -0.278872 0.332681 0.129159
knife_butterfly.bmp
  37 1.110000 3.480000 0.569998 -0.523416 0.805150 -0.278872 0.332681 0.129159
  37 1.070000 3.460000 0.579998 -0.744409 0.630113 -0.220936 0.336595 0.129159
  37 1.070000 3.470000 0.659998 -0.737006 0.674397 -0.044845 0.336595 0.136986
knife_butterfly.bmp
  37 1.070000 3.460000 0.579998 -0.744409 0.630113 -0.220936 0.336595 0.129159
  37 1.030000 3.430000 0.669998 -0.964014 0.263625 -0.034333 0.342466 0.136986
  37 1.070000 3.470000 0.659998 -0.737006 0.674397 -0.044845 0.336595 0.136986
knife_butterfly.bmp
  37 1.070000 3.470000 0.659998 -0.737006 0.674397 -0.044845 0.336595 0.136986
  37 1.030000 3.430000 0.669998 -0.964014 0.263625 -0.034333 0.342466 0.136986
  37 1.070000 3.470000 0.729998 -0.738004 0.669042 0.087937 0.338552 0.144814
knife_butterfly.bmp
  37 1.070000 2.830000 0.669998 -0.743829 -0.256577 -0.617160 0.399217 0.119374
  37 1.070000 3.030000 0.589998 -0.743829 -0.256577 -0.617160 0.377691 0.117417
  37 1.110000 2.820000 0.649998 -0.496210 -0.292216 -0.817548 0.399217 0.115460
knife_butterfly.bmp
  37 1.070000 2.830000 0.669998 -0.743829 -0.256577 -0.617160 0.399217 0.119374
  37 1.030000 3.050000 0.629998 -0.960727 -0.106522 -0.256234 0.375734 0.123288
  37 1.070000 3.030000 0.589998 -0.743829 -0.256577 -0.617160 0.377691 0.117417
knife_butterfly.bmp
  37 1.070000 2.830000 0.669998 -0.743829 -0.256577 -0.617160 0.399217 0.119374
  37 1.030000 2.840000 0.709998 -0.960727 -0.106522 -0.256234 0.399217 0.125245
  37 1.030000 3.050000 0.629998 -0.960727 -0.106522 -0.256234 0.375734 0.123288
knife_butterfly.bmp
  37 1.070000 2.830000 0.669998 -0.743829 -0.256577 -0.617160 0.399217 0.119374
  37 1.070000 2.660000 0.729998 -0.745449 -0.201493 -0.635379 0.420744 0.121331
  37 1.030000 2.840000 0.709998 -0.960727 -0.106522 -0.256234 0.399217 0.125245
knife_butterfly.bmp
  37 1.070000 2.830000 0.669998 -0.743829 -0.256577 -0.617160 0.399217 0.119374
  37 1.110000 2.650000 0.709998 -0.496210 -0.292216 -0.817548 0.420744 0.117417
  37 1.070000 2.660000 0.729998 -0.745449 -0.201493 -0.635379 0.420744 0.121331
knife_butterfly.bmp
  37 1.070000 2.830000 0.669998 -0.743829 -0.256577 -0.617160 0.399217 0.119374
  37 1.110000 2.820000 0.649998 -0.496210 -0.292216 -0.817548 0.399217 0.115460
  37 1.110000 2.650000 0.709998 -0.496210 -0.292216 -0.817548 0.420744 0.117417
knife_butterfly.bmp
  37 1.010000 2.680000 0.939998 -1.000000 0.000000 0.000000 0.422701 0.142857
  37 1.010000 2.850000 0.879998 -1.000000 0.000000 0.000000 0.403131 0.142857
  37 1.030000 2.670000 0.769998 -0.960727 -0.106522 -0.256234 0.420744 0.125245
knife_butterfly.bmp
  37 1.030000 2.670000 0.769998 -0.960727 -0.106522 -0.256234 0.420744 0.125245
  37 1.010000 2.850000 0.879998 -1.000000 0.000000 0.000000 0.403131 0.142857
  37 1.030000 2.840000 0.709998 -0.960727 -0.106522 -0.256234 0.399217 0.125245
knife_butterfly.bmp
  37 1.010000 2.850000 0.879998 -1.000000 0.000000 0.000000 0.403131 0.142857
  37 1.010000 3.060000 0.809998 -1.000000 0.000000 0.000000 0.381605 0.140900
  37 1.030000 2.840000 0.709998 -0.960727 -0.106522 -0.256234 0.399217 0.125245
knife_butterfly.bmp
  37 1.030000 2.840000 0.709998 -0.960727 -0.106522 -0.256234 0.399217 0.125245
  37 1.010000 3.060000 0.809998 -1.000000 0.000000 0.000000 0.381605 0.140900
  37 1.030000 3.050000 0.629998 -0.960727 -0.106522 -0.256234 0.375734 0.123288
knife_butterfly.bmp
  37 1.010000 3.060000 0.809998 -1.000000 0.000000 0.000000 0.381605 0.140900
  37 1.010000 3.270000 0.749998 -0.998405 0.055005 -0.012731 0.360078 0.138943
  37 1.030000 3.050000 0.629998 -0.960727 -0.106522 -0.256234 0.375734 0.123288
knife_butterfly.bmp
  37 1.030000 3.050000 0.629998 -0.960727 -0.106522 -0.256234 0.375734 0.123288
  37 1.010000 3.270000 0.749998 -0.998405 0.055005 -0.012731 0.360078 0.138943
  37 1.030000 3.260000 0.559998 -0.960727 -0.106522 -0.256234 0.354207 0.121331
knife_butterfly.bmp
  37 1.250000 3.030000 0.569998 0.496180 -0.320979 -0.806708 0.379648 0.093933
  37 1.290000 3.030000 0.589998 0.743831 -0.256579 -0.617156 0.379648 0.090020
  37 1.250000 2.820000 0.649998 0.496180 -0.320979 -0.806708 0.401174 0.090020
knife_butterfly.bmp
  37 1.250000 2.820000 0.649998 0.496180 -0.320979 -0.806708 0.401174 0.090020
  37 1.290000 3.030000 0.589998 0.743831 -0.256579 -0.617156 0.379648 0.090020
  37 1.290000 2.830000 0.669998 0.743831 -0.256579 -0.617156 0.401174 0.086106
knife_butterfly.bmp
  37 1.290000 3.030000 0.589998 0.743831 -0.256579 -0.617156 0.379648 0.090020
  37 1.330000 3.050000 0.629998 0.960729 -0.106530 -0.256224 0.377691 0.086106
  37 1.290000 2.830000 0.669998 0.743831 -0.256579 -0.617156 0.401174 0.086106
knife_butterfly.bmp
  37 1.290000 2.830000 0.669998 0.743831 -0.256579 -0.617156 0.401174 0.086106
  37 1.330000 3.050000 0.629998 0.960729 -0.106530 -0.256224 0.377691 0.086106
  37 1.330000 2.840000 0.709998 0.960729 -0.106530 -0.256224 0.401174 0.082192
knife_butterfly.bmp
  37 1.330000 3.050000 0.629998 0.960729 -0.106530 -0.256224 0.377691 0.086106
  37 1.360000 3.060000 0.809998 1.000000 0.000000 0.000000 0.381605 0.066536
  37 1.330000 2.840000 0.709998 0.960729 -0.106530 -0.256224 0.401174 0.082192
knife_butterfly.bmp
  37 1.330000 2.840000 0.709998 0.960729 -0.106530 -0.256224 0.401174 0.082192
  37 1.360000 3.060000 0.809998 1.000000 0.000000 0.000000 0.381605 0.066536
  37 1.360000 2.850000 0.879998 1.000000 0.000000 0.000000 0.403131 0.064579
knife_butterfly.bmp
  37 1.290000 3.470000 0.659998 0.736997 0.674407 -0.044838 0.336595 0.074364
  37 1.250000 3.490000 0.729998 0.501730 0.858962 0.102230 0.334638 0.064579
  37 1.290000 3.470000 0.729998 0.738011 0.669034 0.087940 0.338552 0.066536
knife_butterfly.bmp
  37 1.290000 3.470000 0.659998 0.736997 0.674407 -0.044838 0.336595 0.074364
  37 1.250000 3.490000 0.649998 0.494966 0.866811 -0.060387 0.332681 0.074364
  37 1.250000 3.490000 0.729998 0.501730 0.858962 0.102230 0.334638 0.064579
knife_butterfly.bmp
  37 1.290000 3.470000 0.659998 0.736997 0.674407 -0.044838 0.336595 0.074364
  37 1.250000 3.480000 0.569998 0.523427 0.805143 -0.278871 0.332681 0.082192
  37 1.250000 3.490000 0.649998 0.494966 0.866811 -0.060387 0.332681 0.074364
knife_butterfly.bmp
  37 1.290000 3.470000 0.659998 0.736997 0.674407 -0.044838 0.336595 0.074364
  37 1.290000 3.460000 0.579998 0.744418 0.630104 -0.220932 0.336595 0.082192
  37 1.250000 3.480000 0.569998 0.523427 0.805143 -0.278871 0.332681 0.082192
knife_butterfly.bmp
  37 1.290000 3.470000 0.659998 0.736997 0.674407 -0.044838 0.336595 0.074364
  37 1.330000 3.430000 0.669998 0.964011 0.263636 -0.034328 0.342466 0.074364
  37 1.290000 3.460000 0.579998 0.744418 0.630104 -0.220932 0.336595 0.082192
knife_butterfly.bmp
  37 1.290000 3.470000 0.659998 0.736997 0.674407 -0.044838 0.336595 0.074364
  37 1.290000 3.470000 0.729998 0.738011 0.669034 0.087940 0.338552 0.066536
  37 1.330000 3.430000 0.669998 0.964011 0.263636 -0.034328 0.342466 0.074364
knife_butterfly.bmp
  37 1.360000 2.680000 0.939998 1.000000 0.000000 0.000000 0.422701 0.060665
  37 1.330000 2.670000 0.769998 0.960729 -0.106530 -0.256224 0.420744 0.078278
  37 1.360000 2.850000 0.879998 1.000000 0.000000 0.000000 0.403131 0.064579
knife_butterfly.bmp
  37 1.360000 2.850000 0.879998 1.000000 0.000000 0.000000 0.403131 0.064579
  37 1.330000 2.670000 0.769998 0.960729 -0.106530 -0.256224 0.420744 0.078278
  37 1.330000 2.840000 0.709998 0.960729 -0.106530 -0.256224 0.401174 0.082192
knife_butterfly.bmp
  37 1.330000 2.670000 0.769998 0.960729 -0.106530 -0.256224 0.420744 0.078278
  37 1.290000 2.660000 0.729998 0.745443 -0.201495 -0.635385 0.420744 0.084149
  37 1.330000 2.840000 0.709998 0.960729 -0.106530 -0.256224 0.401174 0.082192
knife_butterfly.bmp
  37 1.330000 2.840000 0.709998 0.960729 -0.106530 -0.256224 0.401174 0.082192
  37 1.290000 2.660000 0.729998 0.745443 -0.201495 -0.635385 0.420744 0.084149
  37 1.290000 2.830000 0.669998 0.743831 -0.256579 -0.617156 0.401174 0.086106
knife_butterfly.bmp
  37 1.290000 2.660000 0.729998 0.745443 -0.201495 -0.635385 0.420744 0.084149
  37 1.250000 2.650000 0.709998 0.496186 -0.262450 -0.827599 0.422701 0.088063
  37 1.290000 2.830000 0.669998 0.743831 -0.256579 -0.617156 0.401174 0.086106
knife_butterfly.bmp
  37 1.290000 2.830000 0.669998 0.743831 -0.256579 -0.617156 0.401174 0.086106
  37 1.250000 2.650000 0.709998 0.496186 -0.262450 -0.827599 0.422701 0.088063
  37 1.250000 2.820000 0.649998 0.496180 -0.320979 -0.806708 0.401174 0.090020
knife_butterfly.bmp
  37 1.100000 3.819999 0.049998 -1.000000 0.000000 0.000000 0.428571 0.264188
  37 1.100000 4.030000 0.259997 -1.000000 0.000000 0.000000 0.454012 0.240705
  37 1.100000 3.949999 -0.040002 -1.000000 0.000000 0.000000 0.418787 0.250489
knife_butterfly.bmp
  37 1.100000 3.819999 0.049998 -1.000000 0.000000 0.000000 0.428571 0.264188
  37 1.100000 3.990000 0.269997 -1.000000 0.000000 0.000000 0.455969 0.244618
  37 1.100000 4.030000 0.259997 -1.000000 0.000000 0.000000 0.454012 0.240705
knife_butterfly.bmp
  37 1.100000 3.819999 0.049998 -1.000000 0.000000 0.000000 0.428571 0.264188
  37 1.100000 3.960000 0.299998 -1.000000 0.000000 0.000000 0.457926 0.248532
  37 1.100000 3.990000 0.269997 -1.000000 0.000000 0.000000 0.455969 0.244618
knife_butterfly.bmp
  37 1.100000 3.819999 0.049998 -1.000000 0.000000 0.000000 0.428571 0.264188
  37 1.100000 3.940000 0.329998 -1.000000 0.000000 0.000000 0.461840 0.250489
  37 1.100000 3.960000 0.299998 -1.000000 0.000000 0.000000 0.457926 0.248532
knife_butterfly.bmp
  37 1.100000 3.819999 0.049998 -1.000000 0.000000 0.000000 0.428571 0.264188
  37 1.100000 3.940000 0.369998 -1.000000 0.000000 0.000000 0.465753 0.250489
  37 1.100000 3.940000 0.329998 -1.000000 0.000000 0.000000 0.461840 0.250489
knife_butterfly.bmp
  37 1.100000 3.819999 0.049998 -1.000000 0.000000 0.000000 0.428571 0.264188
  37 1.100000 3.950000 0.409998 -1.000000 0.000000 0.000000 0.471624 0.250489
  37 1.100000 3.940000 0.369998 -1.000000 0.000000 0.000000 0.465753 0.250489
knife_butterfly.bmp
  37 1.100000 3.670000 0.949998 -1.000000 0.000000 0.000000 0.534247 0.283757
  37 1.100000 3.630000 0.629998 -1.000000 0.000000 0.000000 0.497065 0.285714
  37 1.100000 3.470000 0.999998 -1.000000 0.000000 0.000000 0.544031 0.307241
knife_butterfly.bmp
  37 1.100000 3.670000 0.949998 -1.000000 0.000000 0.000000 0.534247 0.283757
  37 1.100000 3.650000 0.619998 -1.000000 0.000000 0.000000 0.495108 0.283757
  37 1.100000 3.630000 0.629998 -1.000000 0.000000 0.000000 0.497065 0.285714
knife_butterfly.bmp
  37 1.100000 3.670000 0.949998 -1.000000 0.000000 0.000000 0.534247 0.283757
  37 1.100000 3.680000 0.599998 -1.000000 0.000000 0.000000 0.493151 0.281800
  37 1.100000 3.650000 0.619998 -1.000000 0.000000 0.000000 0.495108 0.283757
knife_butterfly.bmp
  37 1.100000 3.670000 0.949998 -1.000000 0.000000 0.000000 0.534247 0.283757
  37 1.100000 3.700000 0.559998 -1.000000 0.000000 0.000000 0.489237 0.279843
  37 1.100000 3.680000 0.599998 -1.000000 0.000000 0.000000 0.493151 0.281800
knife_butterfly.bmp
  37 1.100000 3.670000 0.949998 -1.000000 0.000000 0.000000 0.534247 0.283757
  37 1.100000 3.700000 0.519998 -1.000000 0.000000 0.000000 0.485323 0.277886
  37 1.100000 3.700000 0.559998 -1.000000 0.000000 0.000000 0.489237 0.279843
knife_butterfly.bmp
  37 1.100000 3.670000 0.949998 -1.000000 0.000000 0.000000 0.534247 0.283757
  37 1.100000 3.850000 0.859998 -1.000000 0.000000 0.000000 0.522505 0.260274
  37 1.100000 3.700000 0.519998 -1.000000 0.000000 0.000000 0.485323 0.277886
knife_butterfly.bmp
  37 1.280000 3.670000 0.909998 1.000000 0.000000 0.000000 0.426614 0.283757
  37 1.280000 3.610000 0.629998 1.000000 0.000000 0.000000 0.393346 0.287671
  37 1.280000 3.630000 0.629998 1.000000 0.000000 0.000000 0.393346 0.285714
knife_butterfly.bmp
  37 1.280000 3.670000 0.909998 1.000000 0.000000 0.000000 0.426614 0.283757
  37 1.280000 3.580000 0.639998 1.000000 0.000000 0.000000 0.393346 0.293542
  37 1.280000 3.610000 0.629998 1.000000 0.000000 0.000000 0.393346 0.287671
knife_butterfly.bmp
  37 1.280000 3.670000 0.909998 1.000000 0.000000 0.000000 0.426614 0.283757
  37 1.280000 3.540000 0.619998 1.000000 0.000000 0.000000 0.393346 0.297456
  37 1.280000 3.580000 0.639998 1.000000 0.000000 0.000000 0.393346 0.293542
knife_butterfly.bmp
  37 1.280000 3.670000 0.909998 1.000000 0.000000 0.000000 0.426614 0.283757
  37 1.280000 3.510000 0.599998 1.000000 0.000000 0.000000 0.389432 0.301370
  37 1.280000 3.540000 0.619998 1.000000 0.000000 0.000000 0.393346 0.297456
knife_butterfly.bmp
  37 1.280000 3.670000 0.909998 1.000000 0.000000 0.000000 0.426614 0.283757
  37 1.280000 3.490000 0.569998 1.000000 0.000000 0.000000 0.385519 0.303327
  37 1.280000 3.510000 0.599998 1.000000 0.000000 0.000000 0.389432 0.301370
knife_butterfly.bmp
  37 1.280000 3.670000 0.909998 1.000000 0.000000 0.000000 0.426614 0.283757
  37 1.280000 3.470000 0.989998 1.000000 0.000000 0.000000 0.434442 0.307241
  37 1.280000 3.490000 0.569998 1.000000 0.000000 0.000000 0.385519 0.303327
knife_butterfly.bmp
  37 0.900000 3.470000 0.659998 0.736997 0.674407 -0.044838 0.336595 0.074364
  37 0.880000 3.480000 0.569998 0.523427 0.805143 -0.278871 0.332681 0.082192
  37 0.880000 3.490000 0.649998 0.494966 0.866811 -0.060387 0.332681 0.074364
knife_butterfly.bmp
  37 0.900000 3.470000 0.659998 0.736997 0.674407 -0.044838 0.336595 0.074364
  37 0.900000 3.460000 0.579998 0.744418 0.630104 -0.220932 0.336595 0.082192
  37 0.880000 3.480000 0.569998 0.523427 0.805143 -0.278871 0.332681 0.082192
knife_butterfly.bmp
  37 0.900000 3.470000 0.659998 0.736997 0.674407 -0.044838 0.336595 0.074364
  37 0.940000 3.430000 0.669998 0.964011 0.263636 -0.034328 0.342466 0.074364
  37 0.900000 3.460000 0.579998 0.744418 0.630104 -0.220932 0.336595 0.082192
knife_butterfly.bmp
  37 0.900000 3.470000 0.659998 0.736997 0.674407 -0.044838 0.336595 0.074364
  37 0.900000 3.470000 0.729998 0.738011 0.669034 0.087940 0.338552 0.066536
  37 0.940000 3.430000 0.669998 0.964011 0.263636 -0.034328 0.342466 0.074364
knife_butterfly.bmp
  37 0.900000 3.470000 0.659998 0.736997 0.674407 -0.044838 0.336595 0.074364
  37 0.880000 3.490000 0.729998 0.501730 0.858962 0.102230 0.334638 0.064579
  37 0.900000 3.470000 0.729998 0.738011 0.669034 0.087940 0.338552 0.066536
knife_butterfly.bmp
  37 0.900000 3.470000 0.659998 0.736997 0.674407 -0.044838 0.336595 0.074364
  37 0.880000 3.490000 0.649998 0.494966 0.866811 -0.060387 0.332681 0.074364
  37 0.880000 3.490000 0.729998 0.501730 0.858962 0.102230 0.334638 0.064579
knife_butterfly.bmp
  37 0.900000 2.830000 0.669998 0.743831 -0.256579 -0.617156 0.401174 0.086106
  37 0.880000 2.820000 0.649998 0.496180 -0.320979 -0.806708 0.401174 0.090020
  37 0.900000 3.030000 0.589998 0.743831 -0.256579 -0.617156 0.379648 0.090020
knife_butterfly.bmp
  37 0.900000 2.830000 0.669998 0.743831 -0.256579 -0.617156 0.401174 0.086106
  37 0.880000 2.650000 0.709998 0.496186 -0.262450 -0.827599 0.422701 0.088063
  37 0.880000 2.820000 0.649998 0.496180 -0.320979 -0.806708 0.401174 0.090020
knife_butterfly.bmp
  37 0.900000 2.830000 0.669998 0.743831 -0.256579 -0.617156 0.401174 0.086106
  37 0.900000 2.660000 0.729998 0.745443 -0.201495 -0.635385 0.420744 0.084149
  37 0.880000 2.650000 0.709998 0.496186 -0.262450 -0.827599 0.422701 0.088063
knife_butterfly.bmp
  37 0.900000 2.830000 0.669998 0.743831 -0.256579 -0.617156 0.401174 0.086106
  37 0.940000 2.840000 0.709998 0.960729 -0.106530 -0.256224 0.401174 0.082192
  37 0.900000 2.660000 0.729998 0.745443 -0.201495 -0.635385 0.420744 0.084149
knife_butterfly.bmp
  37 0.900000 2.830000 0.669998 0.743831 -0.256579 -0.617156 0.401174 0.086106
  37 0.940000 3.050000 0.629998 0.960729 -0.106530 -0.256224 0.377691 0.086106
  37 0.940000 2.840000 0.709998 0.960729 -0.106530 -0.256224 0.401174 0.082192
knife_butterfly.bmp
  37 0.900000 2.830000 0.669998 0.743831 -0.256579 -0.617156 0.401174 0.086106
  37 0.900000 3.030000 0.589998 0.743831 -0.256579 -0.617156 0.379648 0.090020
  37 0.940000 3.050000 0.629998 0.960729 -0.106530 -0.256224 0.377691 0.086106
knife_butterfly.bmp
  37 1.280000 3.829999 0.079998 1.000000 0.000000 0.000000 0.328767 0.264188
  37 1.280000 3.940000 0.369998 1.000000 0.000000 0.000000 0.363992 0.250489
  37 1.280000 3.950000 0.409998 1.000000 0.000000 0.000000 0.367906 0.250489
knife_butterfly.bmp
  37 1.280000 3.829999 0.079998 1.000000 0.000000 0.000000 0.328767 0.264188
  37 1.280000 3.940000 0.329998 1.000000 0.000000 0.000000 0.358121 0.250489
  37 1.280000 3.940000 0.369998 1.000000 0.000000 0.000000 0.363992 0.250489
knife_butterfly.bmp
  37 1.280000 3.829999 0.079998 1.000000 0.000000 0.000000 0.328767 0.264188
  37 1.280000 3.960000 0.299998 1.000000 0.000000 0.000000 0.354207 0.248532
  37 1.280000 3.940000 0.329998 1.000000 0.000000 0.000000 0.358121 0.250489
knife_butterfly.bmp
  37 1.280000 3.829999 0.079998 1.000000 0.000000 0.000000 0.328767 0.264188
  37 1.280000 3.990000 0.269997 1.000000 0.000000 0.000000 0.352250 0.244618
  37 1.280000 3.960000 0.299998 1.000000 0.000000 0.000000 0.354207 0.248532
knife_butterfly.bmp
  37 1.280000 3.829999 0.079998 1.000000 0.000000 0.000000 0.328767 0.264188
  37 1.280000 4.030000 0.259997 1.000000 0.000000 0.000000 0.350294 0.240705
  37 1.280000 3.990000 0.269997 1.000000 0.000000 0.000000 0.352250 0.244618
knife_butterfly.bmp
  37 1.280000 3.829999 0.079998 1.000000 0.000000 0.000000 0.328767 0.264188
  37 1.280000 3.959999 -0.010002 1.000000 0.000000 0.000000 0.318982 0.248532
  37 1.280000 4.030000 0.259997 1.000000 0.000000 0.000000 0.350294 0.240705
knife_butterfly.bmp
  37 0.700000 3.380000 0.489998 -0.529786 0.241030 -0.813161 0.340509 0.115460
  37 0.680000 3.420000 0.539998 -0.742080 0.475066 -0.472895 0.338552 0.123288
  37 0.700000 3.440000 0.509998 -0.532078 0.616772 -0.580074 0.334638 0.121331
knife_butterfly.bmp
  37 0.700000 3.440000 0.509998 -0.532078 0.616772 -0.580074 0.334638 0.121331
  37 0.680000 3.420000 0.539998 -0.742080 0.475066 -0.472895 0.338552 0.123288
  37 0.700000 3.480000 0.569998 -0.523416 0.805150 -0.278872 0.332681 0.129159
knife_butterfly.bmp
  37 0.680000 3.420000 0.539998 -0.742080 0.475066 -0.472895 0.338552 0.123288
  37 0.680000 3.460000 0.579998 -0.744409 0.630113 -0.220936 0.336595 0.129159
  37 0.700000 3.480000 0.569998 -0.523416 0.805150 -0.278872 0.332681 0.129159
knife_butterfly.bmp
  37 0.700000 3.480000 0.569998 -0.523416 0.805150 -0.278872 0.332681 0.129159
  37 0.680000 3.460000 0.579998 -0.744409 0.630113 -0.220936 0.336595 0.129159
  37 0.680000 3.470000 0.659998 -0.737006 0.674397 -0.044845 0.336595 0.136986
knife_butterfly.bmp
  37 0.680000 3.460000 0.579998 -0.744409 0.630113 -0.220936 0.336595 0.129159
  37 0.640000 3.430000 0.669998 -0.964014 0.263625 -0.034333 0.342466 0.136986
  37 0.680000 3.470000 0.659998 -0.737006 0.674397 -0.044845 0.336595 0.136986
knife_butterfly.bmp
  37 0.680000 3.470000 0.659998 -0.737006 0.674397 -0.044845 0.336595 0.136986
  37 0.640000 3.430000 0.669998 -0.964014 0.263625 -0.034333 0.342466 0.136986
  37 0.680000 3.470000 0.729998 -0.738004 0.669042 0.087937 0.338552 0.144814
knife_butterfly.bmp
  37 0.680000 2.830000 0.669998 -0.743829 -0.256577 -0.617160 0.399217 0.119374
  37 0.680000 3.030000 0.589998 -0.743829 -0.256577 -0.617160 0.377691 0.117417
  37 0.700000 2.820000 0.649998 -0.496210 -0.292216 -0.817548 0.399217 0.115460
knife_butterfly.bmp
  37 0.680000 2.830000 0.669998 -0.743829 -0.256577 -0.617160 0.399217 0.119374
  37 0.640000 3.050000 0.629998 -0.960727 -0.106522 -0.256234 0.375734 0.123288
  37 0.680000 3.030000 0.589998 -0.743829 -0.256577 -0.617160 0.377691 0.117417
knife_butterfly.bmp
  37 0.680000 2.830000 0.669998 -0.743829 -0.256577 -0.617160 0.399217 0.119374
  37 0.640000 2.840000 0.709998 -0.960727 -0.106522 -0.256234 0.399217 0.125245
  37 0.640000 3.050000 0.629998 -0.960727 -0.106522 -0.256234 0.375734 0.123288
knife_butterfly.bmp
  37 0.680000 2.830000 0.669998 -0.743829 -0.256577 -0.617160 0.399217 0.119374
  37 0.680000 2.660000 0.729998 -0.745449 -0.201493 -0.635379 0.420744 0.121331
  37 0.640000 2.840000 0.709998 -0.960727 -0.106522 -0.256234 0.399217 0.125245
knife_butterfly.bmp
  37 0.680000 2.830000 0.669998 -0.743829 -0.256577 -0.617160 0.399217 0.119374
  37 0.700000 2.650000 0.709998 -0.496210 -0.292216 -0.817548 0.420744 0.117417
  37 0.680000 2.660000 0.729998 -0.745449 -0.201493 -0.635379 0.420744 0.121331
knife_butterfly.bmp
  37 0.680000 2.830000 0.669998 -0.743829 -0.256577 -0.617160 0.399217 0.119374
  37 0.700000 2.820000 0.649998 -0.496210 -0.292216 -0.817548 0.399217 0.115460
  37 0.700000 2.650000 0.709998 -0.496210 -0.292216 -0.817548 0.420744 0.117417
knife_butterfly.bmp
  37 0.630000 2.680000 0.939998 -1.000000 0.000000 0.000000 0.422701 0.142857
  37 0.630000 2.850000 0.879998 -1.000000 0.000000 0.000000 0.403131 0.142857
  37 0.640000 2.670000 0.769998 -0.960727 -0.106522 -0.256234 0.420744 0.125245
knife_butterfly.bmp
  37 0.640000 2.670000 0.769998 -0.960727 -0.106522 -0.256234 0.420744 0.125245
  37 0.630000 2.850000 0.879998 -1.000000 0.000000 0.000000 0.403131 0.142857
  37 0.640000 2.840000 0.709998 -0.960727 -0.106522 -0.256234 0.399217 0.125245
knife_butterfly.bmp
  37 0.630000 2.850000 0.879998 -1.000000 0.000000 0.000000 0.403131 0.142857
  37 0.630000 3.060000 0.809998 -1.000000 0.000000 0.000000 0.381605 0.140900
  37 0.640000 2.840000 0.709998 -0.960727 -0.106522 -0.256234 0.399217 0.125245
knife_butterfly.bmp
  37 0.640000 2.840000 0.709998 -0.960727 -0.106522 -0.256234 0.399217 0.125245
  37 0.630000 3.060000 0.809998 -1.000000 0.000000 0.000000 0.381605 0.140900
  37 0.640000 3.050000 0.629998 -0.960727 -0.106522 -0.256234 0.375734 0.123288
knife_butterfly.bmp
  37 0.630000 3.060000 0.809998 -1.000000 0.000000 0.000000 0.381605 0.140900
  37 0.630000 3.270000 0.749998 -0.998405 0.055005 -0.012731 0.360078 0.138943
  37 0.640000 3.050000 0.629998 -0.960727 -0.106522 -0.256234 0.375734 0.123288
knife_butterfly.bmp
  37 0.640000 3.050000 0.629998 -0.960727 -0.106522 -0.256234 0.375734 0.123288
  37 0.630000 3.270000 0.749998 -0.998405 0.055005 -0.012731 0.360078 0.138943
  37 0.640000 3.260000 0.559998 -0.960727 -0.106522 -0.256234 0.354207 0.121331
knife_butterfly.bmp
  37 0.880000 4.099999 0.269997 -0.000001 -0.600309 0.799768 0.812133 0.254403
  37 0.690000 4.099999 0.269997 0.000001 -0.479133 0.877742 0.796477 0.254403
  37 0.880000 4.099999 0.269997 0.000001 -0.479133 0.877742 0.812133 0.254403
knife_butterfly.bmp
  37 0.880000 4.099999 0.269997 0.000001 -0.479133 0.877742 0.812133 0.254403
  37 0.690000 4.099999 0.269997 0.000001 -0.479133 0.877742 0.796477 0.254403
  37 0.880000 4.059999 0.259997 0.000000 -0.150063 0.988676 0.812133 0.252446
knife_butterfly.bmp
  37 0.690000 4.099999 0.269997 0.000001 -0.479133 0.877742 0.796477 0.254403
  37 0.690000 4.059999 0.259997 0.000000 -0.150063 0.988676 0.796477 0.252446
  37 0.880000 4.059999 0.259997 0.000000 -0.150063 0.988676 0.812133 0.252446
knife_butterfly.bmp
  37 0.880000 4.059999 0.259997 0.000000 -0.150063 0.988676 0.812133 0.252446
  37 0.690000 4.059999 0.259997 0.000000 -0.150063 0.988676 0.796477 0.252446
  37 0.880000 4.030000 0.259997 0.000000 0.197138 0.980376 0.812133 0.250489
knife_butterfly.bmp
  37 0.690000 4.059999 0.259997 0.000000 -0.150063 0.988676 0.796477 0.252446
  37 0.690000 4.030000 0.259997 0.000000 0.197138 0.980376 0.796477 0.250489
  37 0.880000 4.030000 0.259997 0.000000 0.197138 0.980376 0.812133 0.250489
knife_butterfly.bmp
  37 0.880000 4.030000 0.259997 0.000000 0.197138 0.980376 0.812133 0.250489
  37 0.690000 4.030000 0.259997 0.000000 0.197138 0.980376 0.796477 0.250489
  37 0.880000 3.990000 0.269997 -0.000001 0.519445 0.854504 0.812133 0.246575
knife_butterfly.bmp
  40 0.890003 3.231437 -0.361858 0.000002 -0.463071 -0.886321 0.908023 0.264188
  40 0.710003 3.321437 -0.401858 -0.125899 -0.511296 -0.850133 0.890411 0.252446
  40 0.870003 3.321437 -0.421858 0.000002 -0.505224 -0.862988 0.908023 0.252446
knife_butterfly.bmp
  40 0.870003 3.321437 -0.421858 0.000002 -0.505224 -0.862988 0.908023 0.252446
  40 0.710003 3.321437 -0.401858 -0.125899 -0.511296 -0.850133 0.890411 0.252446
  40 0.870003 3.421436 -0.451858 0.000002 -0.505224 -0.862988 0.908023 0.240705
knife_butterfly.bmp
  40 0.710003 3.321437 -0.401858 -0.125899 -0.511296 -0.850133 0.890411 0.252446
  40 0.710003 3.421436 -0.471858 -0.157539 -0.524186 -0.836905 0.890411 0.240705
  40 0.870003 3.421436 -0.451858 0.000002 -0.505224 -0.862988 0.908023 0.240705
knife_butterfly.bmp
  40 0.870003 3.421436 -0.451858 0.000002 -0.505224 -0.862988 0.908023 0.240705
  40 0.710003 3.421436 -0.471858 -0.157539 -0.524186 -0.836905 0.890411 0.240705
  40 0.870003 3.501436 -0.501858 0.000003 -0.564668 -0.825318 0.908023 0.230920
knife_butterfly.bmp
  40 0.710003 3.421436 -0.471858 -0.157539 -0.524186 -0.836905 0.890411 0.240705
  40 0.710003 3.501436 -0.521859 -0.162233 -0.557823 -0.813949 0.890411 0.230920
  40 0.870003 3.501436 -0.501858 0.000003 -0.564668 -0.825318 0.908023 0.230920
knife_butterfly.bmp
  40 0.870003 3.501436 -0.501858 0.000003 -0.564668 -0.825318 0.908023 0.230920
  40 0.710003 3.501436 -0.521859 -0.162233 -0.557823 -0.813949 0.890411 0.230920
  40 0.710003 3.561436 -0.571859 -0.158950 -0.635931 -0.755200 0.890411 0.223092
knife_butterfly.bmp
  37 0.880000 4.149999 -0.070003 1.000000 0.000000 0.000000 0.414873 0.225049
  37 0.880000 4.149999 -0.120003 1.000000 0.000000 0.000000 0.410959 0.227006
  37 0.880000 4.209999 -0.090003 1.000000 0.000000 0.000000 0.412916 0.219178
knife_butterfly.bmp
  37 0.880000 4.149999 -0.070003 1.000000 0.000000 0.000000 0.414873 0.225049
  37 0.880000 4.079999 -0.130003 1.000000 0.000000 0.000000 0.409002 0.234834
  37 0.880000 4.149999 -0.120003 1.000000 0.000000 0.000000 0.410959 0.227006
knife_butterfly.bmp
  37 0.880000 4.149999 -0.070003 1.000000 0.000000 0.000000 0.414873 0.225049
  37 0.880000 4.019999 -0.120003 1.000000 0.000000 0.000000 0.409002 0.240705
  37 0.880000 4.079999 -0.130003 1.000000 0.000000 0.000000 0.409002 0.234834
knife_butterfly.bmp
  37 0.880000 4.149999 -0.070003 1.000000 0.000000 0.000000 0.414873 0.225049
  37 0.880000 3.989999 -0.080003 1.000000 0.000000 0.000000 0.414873 0.244618
  37 0.880000 4.019999 -0.120003 1.000000 0.000000 0.000000 0.409002 0.240705
knife_butterfly.bmp
  37 0.880000 4.149999 -0.070003 1.000000 0.000000 0.000000 0.414873 0.225049
  37 0.880000 3.959999 -0.050002 1.000000 0.000000 0.000000 0.416830 0.248532
  37 0.880000 3.989999 -0.080003 1.000000 0.000000 0.000000 0.414873 0.244618
knife_butterfly.bmp
  37 0.880000 3.670000 0.949998 1.000000 0.000000 0.000000 0.534247 0.283757
  37 0.880000 3.700000 0.519998 1.000000 0.000000 0.000000 0.485323 0.277886
  37 0.880000 3.850000 0.859998 1.000000 0.000000 0.000000 0.522505 0.260274
knife_butterfly.bmp
  37 0.880000 3.670000 0.949998 1.000000 0.000000 0.000000 0.534247 0.283757
  37 0.880000 3.700000 0.559998 1.000000 0.000000 0.000000 0.489237 0.279843
  37 0.880000 3.700000 0.519998 1.000000 0.000000 0.000000 0.485323 0.277886
knife_butterfly.bmp
  37 0.880000 3.670000 0.949998 1.000000 0.000000 0.000000 0.534247 0.283757
  37 0.880000 3.680000 0.599998 1.000000 0.000000 0.000000 0.493151 0.281800
  37 0.880000 3.700000 0.559998 1.000000 0.000000 0.000000 0.489237 0.279843
knife_butterfly.bmp
  37 0.880000 3.670000 0.949998 1.000000 0.000000 0.000000 0.534247 0.283757
  37 0.880000 3.650000 0.619998 1.000000 0.000000 0.000000 0.495108 0.283757
  37 0.880000 3.680000 0.599998 1.000000 0.000000 0.000000 0.493151 0.281800
knife_butterfly.bmp
  37 0.880000 3.670000 0.949998 1.000000 0.000000 0.000000 0.534247 0.283757
  37 0.880000 3.630000 0.629998 1.000000 0.000000 0.000000 0.497065 0.285714
  37 0.880000 3.650000 0.619998 1.000000 0.000000 0.000000 0.495108 0.283757
knife_butterfly.bmp
  37 0.880000 2.600000 0.579998 1.000000 0.000000 0.000000 0.491194 0.407045
  37 0.880000 2.810000 0.509998 1.000000 0.000000 0.000000 0.483366 0.381605
  37 0.880000 2.850000 1.209998 1.000000 0.000000 0.000000 0.567515 0.377691
knife_butterfly.bmp
  37 0.880000 2.850000 1.209998 1.000000 0.000000 0.000000 0.567515 0.377691
  37 0.880000 2.810000 0.509998 1.000000 0.000000 0.000000 0.483366 0.381605
  37 0.880000 3.050000 1.139998 1.000000 0.000000 0.000000 0.559687 0.354207
knife_butterfly.bmp
  37 0.880000 2.810000 0.509998 1.000000 0.000000 0.000000 0.483366 0.381605
  37 0.880000 3.010000 0.429998 1.000000 0.000000 0.000000 0.473581 0.358121
  37 0.880000 3.050000 1.139998 1.000000 0.000000 0.000000 0.559687 0.354207
knife_butterfly.bmp
  37 0.880000 3.050000 1.139998 1.000000 0.000000 0.000000 0.559687 0.354207
  37 0.880000 3.010000 0.429998 1.000000 0.000000 0.000000 0.473581 0.358121
  37 0.880000 3.250000 1.089998 1.000000 0.000000 0.000000 0.551859 0.330724
knife_butterfly.bmp
  37 0.880000 3.010000 0.429998 1.000000 0.000000 0.000000 0.473581 0.358121
  37 0.880000 3.210000 0.369998 1.000000 0.000000 0.000000 0.463796 0.334638
  37 0.880000 3.250000 1.089998 1.000000 0.000000 0.000000 0.551859 0.330724
knife_butterfly.bmp
  37 0.690000 4.149999 -0.070003 -1.000000 0.000000 0.000000 0.311155 0.225049
  37 0.690000 4.030000 -0.080003 -1.000000 0.000000 0.000000 0.309198 0.240705
  37 0.690000 4.010000 -0.050002 -1.000000 0.000000 0.000000 0.313112 0.242661
knife_butterfly.bmp
  37 0.690000 4.149999 -0.070003 -1.000000 0.000000 0.000000 0.311155 0.225049
  37 0.690000 4.049999 -0.110003 -1.000000 0.000000 0.000000 0.305284 0.236791
  37 0.690000 4.030000 -0.080003 -1.000000 0.000000 0.000000 0.309198 0.240705
knife_butterfly.bmp
  37 0.690000 4.149999 -0.070003 -1.000000 0.000000 0.000000 0.311155 0.225049
  37 0.690000 4.099999 -0.110003 -1.000000 0.000000 0.000000 0.305284 0.230920
  37 0.690000 4.049999 -0.110003 -1.000000 0.000000 0.000000 0.305284 0.236791
knife_butterfly.bmp
  37 0.690000 4.149999 -0.070003 -1.000000 0.000000 0.000000 0.311155 0.225049
  37 0.690000 4.139999 -0.090003 -1.000000 0.000000 0.000000 0.307241 0.227006
  37 0.690000 4.099999 -0.110003 -1.000000 0.000000 0.000000 0.305284 0.230920
knife_butterfly.bmp
  37 0.690000 4.149999 -0.070003 -1.000000 0.000000 0.000000 0.311155 0.225049
  37 0.690000 4.169999 -0.070003 -1.000000 0.000000 0.000000 0.309198 0.223092
  37 0.690000 4.139999 -0.090003 -1.000000 0.000000 0.000000 0.307241 0.227006
knife_butterfly.bmp
  37 0.690000 3.650000 0.429998 -1.000000 0.000000 0.000000 0.367906 0.285714
  37 0.690000 3.609999 0.199998 -1.000000 0.000000 0.000000 0.342466 0.289628
  37 0.690000 3.620000 0.419998 -1.000000 0.000000 0.000000 0.367906 0.287671
knife_butterfly.bmp
  37 0.690000 3.620000 0.419998 -1.000000 0.000000 0.000000 0.367906 0.287671
  37 0.690000 3.609999 0.199998 -1.000000 0.000000 0.000000 0.342466 0.289628
  37 0.690000 3.610000 0.419998 -1.000000 0.000000 0.000000 0.367906 0.289628
knife_butterfly.bmp
  37 0.690000 3.609999 0.199998 -1.000000 0.000000 0.000000 0.342466 0.289628
  37 0.690000 3.410000 0.309998 -1.000000 0.000000 0.000000 0.352250 0.311155
  37 0.690000 3.610000 0.419998 -1.000000 0.000000 0.000000 0.367906 0.289628
knife_butterfly.bmp
  37 0.690000 3.610000 0.419998 -1.000000 0.000000 0.000000 0.367906 0.289628
  37 0.690000 3.410000 0.309998 -1.000000 0.000000 0.000000 0.352250 0.311155
  37 0.690000 3.570000 0.419998 -1.000000 0.000000 0.000000 0.367906 0.293542
knife_butterfly.bmp
  37 0.690000 3.410000 0.309998 -1.000000 0.000000 0.000000 0.352250 0.311155
  37 0.690000 3.540000 0.429998 -1.000000 0.000000 0.000000 0.369863 0.297456
  37 0.690000 3.570000 0.419998 -1.000000 0.000000 0.000000 0.367906 0.293542
knife_butterfly.bmp
  40 0.890002 2.671439 0.368144 0.737920 0.602282 0.304517 0.669276 0.048924
  40 0.890002 2.691438 0.298144 0.738008 0.662265 0.129418 0.667319 0.054795
  40 0.860002 2.691438 0.358144 0.507875 0.775079 0.375919 0.665362 0.046967
knife_butterfly.bmp
  40 0.860002 2.691438 0.358144 0.507875 0.775079 0.375919 0.665362 0.046967
  40 0.890002 2.691438 0.298144 0.738008 0.662265 0.129418 0.667319 0.054795
  40 0.860002 2.711438 0.278144 0.501701 0.850950 0.155502 0.661448 0.054795
knife_butterfly.bmp
  40 0.890002 2.691438 0.298144 0.738008 0.662265 0.129418 0.667319 0.054795
  40 0.890002 2.691438 0.228144 0.736996 0.675891 -0.002770 0.665362 0.062622
  40 0.860002 2.711438 0.278144 0.501701 0.850950 0.155502 0.661448 0.054795
knife_butterfly.bmp
  40 0.860002 2.711438 0.278144 0.501701 0.850950 0.155502 0.661448 0.054795
  40 0.890002 2.691438 0.228144 0.736996 0.675891 -0.002770 0.665362 0.062622
  40 0.860002 2.721438 0.208144 0.494936 0.868906 -0.006316 0.659491 0.062622
knife_butterfly.bmp
  40 0.890002 2.691438 0.228144 0.736996 0.675891 -0.002770 0.665362 0.062622
  40 0.850002 2.711438 0.138144 0.523402 0.820955 -0.228217 0.659491 0.070450
  40 0.860002 2.721438 0.208144 0.494936 0.868906 -0.006316 0.659491 0.062622
knife_butterfly.bmp
  40 1.050002 2.611438 0.088144 -0.975465 0.159178 -0.152086 0.675147 0.107632
  40 1.070002 2.611438 0.038144 -0.743846 0.244927 -0.621855 0.675147 0.101761
  40 1.050002 2.601438 0.078144 -0.975804 0.086485 -0.200816 0.675147 0.105675
knife_butterfly.bmp
  40 1.050002 2.611438 0.088144 -0.975465 0.159178 -0.152086 0.675147 0.107632
  40 1.070002 2.661438 0.068144 -0.742081 0.503575 -0.442411 0.671233 0.105675
  40 1.070002 2.611438 0.038144 -0.743846 0.244927 -0.621855 0.675147 0.101761
knife_butterfly.bmp
  40 1.050002 2.611438 0.088144 -0.975465 0.159178 -0.152086 0.675147 0.107632
  40 1.070002 2.691438 0.128144 -0.744406 0.642646 -0.181292 0.667319 0.111546
  40 1.070002 2.661438 0.068144 -0.742081 0.503575 -0.442411 0.671233 0.105675
knife_butterfly.bmp
  40 1.050002 2.611438 0.088144 -0.975465 0.159178 -0.152086 0.675147 0.107632
  40 1.070002 2.641438 0.148144 -0.976607 0.205489 -0.063347 0.673190 0.113503
  40 1.070002 2.691438 0.128144 -0.744406 0.642646 -0.181292 0.667319 0.111546
knife_butterfly.bmp
  40 1.050002 2.611438 0.088144 -0.975465 0.159178 -0.152086 0.675147 0.107632
  40 1.070002 2.651438 0.208144 -0.964014 0.265253 -0.017855 0.673190 0.119374
  40 1.070002 2.641438 0.148144 -0.976607 0.205489 -0.063347 0.673190 0.113503
knife_butterfly.bmp
  41 1.128069 4.635070 -0.501042 -0.000003 -0.998568 0.053491 0.086106 0.291585
  41 1.118069 4.635070 -0.441042 -0.000003 -0.998568 0.053491 0.082192 0.297456
  41 0.978069 4.635070 -0.461043 -0.000003 -0.998568 0.053491 0.068493 0.291585
knife_butterfly.bmp
  41 0.978069 4.635070 -0.461043 -0.000003 -0.998568 0.053491 0.068493 0.291585
  41 1.118069 4.635070 -0.441042 -0.000003 -0.998568 0.053491 0.082192 0.297456
  41 0.928069 4.635070 -0.461043 -0.000003 -0.998568 0.053491 0.060665 0.289628
knife_butterfly.bmp
  41 1.118069 4.635070 -0.441042 -0.000003 -0.998568 0.053491 0.082192 0.297456
  41 0.788069 4.635070 -0.421043 -0.000003 -0.998568 0.053491 0.046967 0.285714
  41 0.928069 4.635070 -0.461043 -0.000003 -0.998568 0.053491 0.060665 0.289628
knife_butterfly.bmp
  41 0.928069 4.635070 -0.461043 -0.000003 -0.998568 0.053491 0.060665 0.289628
  41 0.788069 4.635070 -0.421043 -0.000003 -0.998568 0.053491 0.046967 0.285714
  41 0.928069 4.635070 -0.501043 -0.000003 -0.998568 0.053491 0.062622 0.283757
knife_butterfly.bmp
  41 0.788069 4.635070 -0.421043 -0.000003 -0.998568 0.053491 0.046967 0.285714
  41 0.778069 4.635070 -0.481043 -0.000003 -0.998568 0.053491 0.046967 0.279843
  41 0.928069 4.635070 -0.501043 -0.000003 -0.998568 0.053491 0.062622 0.283757
knife_butterfly.bmp
  40 1.300002 2.671438 0.348145 0.737920 0.602282 0.304517 0.669276 0.048924
  40 1.300002 2.691438 0.278145 0.738008 0.662265 0.129418 0.667319 0.054795
  40 1.260002 2.691438 0.348145 0.507875 0.775079 0.375919 0.665362 0.046967
knife_butterfly.bmp
  40 1.260002 2.691438 0.348145 0.507875 0.775079 0.375919 0.665362 0.046967
  40 1.300002 2.691438 0.278145 0.738008 0.662265 0.129418 0.667319 0.054795
  40 1.260002 2.711438 0.278145 0.501701 0.850950 0.155502 0.661448 0.054795
knife_butterfly.bmp
  40 1.300002 2.691438 0.278145 0.738008 0.662265 0.129418 0.667319 0.054795
  40 1.300002 2.691438 0.208145 0.736996 0.675891 -0.002770 0.665362 0.062622
  40 1.260002 2.711438 0.278145 0.501701 0.850950 0.155502 0.661448 0.054795
knife_butterfly.bmp
  40 1.260002 2.711438 0.278145 0.501701 0.850950 0.155502 0.661448 0.054795
  40 1.300002 2.691438 0.208145 0.736996 0.675891 -0.002770 0.665362 0.062622
  40 1.260002 2.721438 0.208144 0.494936 0.868906 -0.006316 0.659491 0.062622
knife_butterfly.bmp
  40 1.300002 2.691438 0.208145 0.736996 0.675891 -0.002770 0.665362 0.062622
  40 1.260002 2.711438 0.128145 0.523402 0.820955 -0.228217 0.659491 0.070450
  40 1.260002 2.721438 0.208144 0.494936 0.868906 -0.006316 0.659491 0.062622
knife_butterfly.bmp
  40 1.250002 4.081437 -0.101859 -0.000003 0.701999 0.712178 0.853229 0.223092
  40 1.250003 4.121437 -0.141859 -0.000006 0.733496 0.679694 0.853229 0.217221
  40 1.100003 4.121437 -0.161859 -0.000006 0.733496 0.679694 0.870841 0.217221
knife_butterfly.bmp
  40 1.100003 4.121437 -0.161859 -0.000006 0.733496 0.679694 0.870841 0.217221
  40 1.250003 4.121437 -0.141859 -0.000006 0.733496 0.679694 0.853229 0.217221
  40 1.100003 4.151437 -0.191860 -0.000006 0.733496 0.679694 0.870841 0.211350
knife_butterfly.bmp
  40 1.250003 4.121437 -0.141859 -0.000006 0.733496 0.679694 0.853229 0.217221
  40 1.260003 4.151437 -0.171859 -0.000006 0.733496 0.679694 0.853229 0.211350
  40 1.100003 4.151437 -0.191860 -0.000006 0.733496 0.679694 0.870841 0.211350
knife_butterfly.bmp
  40 1.100003 4.151437 -0.191860 -0.000006 0.733496 0.679694 0.870841 0.211350
  40 1.260003 4.151437 -0.171859 -0.000006 0.733496 0.679694 0.853229 0.211350
  40 1.100003 4.181437 -0.221860 -0.000006 0.733496 0.679694 0.870841 0.209393
knife_butterfly.bmp
  40 1.260003 4.151437 -0.171859 -0.000006 0.733496 0.679694 0.853229 0.211350
  40 1.260003 4.181437 -0.221859 -0.000006 0.733496 0.679694 0.853229 0.209393
  40 1.100003 4.181437 -0.221860 -0.000006 0.733496 0.679694 0.870841 0.209393
knife_butterfly.bmp
  40 1.080001 2.651439 0.538144 -1.000000 -0.000001 -0.000026 0.778865 0.346380
  40 1.100002 2.721438 0.188144 -1.000000 -0.000001 -0.000026 0.733855 0.338552
  40 1.100002 2.711438 0.148144 -1.000000 -0.000001 -0.000026 0.727984 0.338552
knife_butterfly.bmp
  40 1.080001 2.651439 0.538144 -1.000000 -0.000001 -0.000026 0.778865 0.346380
  40 1.100002 2.741438 0.218144 -1.000000 -0.000001 -0.000026 0.737769 0.334638
  40 1.100002 2.721438 0.188144 -1.000000 -0.000001 -0.000026 0.733855 0.338552
knife_butterfly.bmp
  40 1.080001 2.651439 0.538144 -1.000000 -0.000001 -0.000026 0.778865 0.346380
  40 1.100002 2.771438 0.268144 -1.000000 -0.000001 -0.000026 0.739726 0.332681
  40 1.100002 2.741438 0.218144 -1.000000 -0.000001 -0.000026 0.737769 0.334638
knife_butterfly.bmp
  40 1.080001 2.651439 0.538144 -1.000000 -0.000001 -0.000026 0.778865 0.346380
  40 1.100002 2.801438 0.278144 -1.000000 -0.000001 -0.000026 0.741683 0.326810
  40 1.100002 2.771438 0.268144 -1.000000 -0.000001 -0.000026 0.739726 0.332681
knife_butterfly.bmp
  40 1.080001 2.651439 0.538144 -1.000000 -0.000001 -0.000026 0.778865 0.346380
  40 1.080001 2.851439 0.488144 -1.000000 -0.000001 -0.000026 0.769080 0.322896
  40 1.100002 2.801438 0.278144 -1.000000 -0.000001 -0.000026 0.741683 0.326810
knife_butterfly.bmp
  40 1.280002 2.621437 -0.051855 1.000000 0.000000 0.000002 0.596869 0.348337
  40 1.280002 2.741437 0.078144 1.000000 0.000000 0.000002 0.612524 0.334638
  40 1.280002 2.721438 0.108145 1.000000 0.000000 0.000002 0.616438 0.338552
knife_butterfly.bmp
  40 1.280002 2.621437 -0.051855 1.000000 0.000000 0.000002 0.596869 0.348337
  40 1.280002 2.771438 0.048144 1.000000 0.000000 0.000002 0.610568 0.332681
  40 1.280002 2.741437 0.078144 1.000000 0.000000 0.000002 0.612524 0.334638
knife_butterfly.bmp
  40 1.280002 2.621437 -0.051855 1.000000 0.000000 0.000002 0.596869 0.348337
  40 1.280002 2.801437 0.038144 1.000000 0.000000 0.000002 0.608611 0.326810
  40 1.280002 2.771438 0.048144 1.000000 0.000000 0.000002 0.610568 0.332681
knife_butterfly.bmp
  40 1.280002 2.621437 -0.051855 1.000000 0.000000 0.000002 0.596869 0.348337
  40 1.280002 2.831438 0.038144 1.000000 0.000000 0.000002 0.608611 0.324853
  40 1.280002 2.801437 0.038144 1.000000 0.000000 0.000002 0.608611 0.326810
knife_butterfly.bmp
  40 1.280002 2.621437 -0.051855 1.000000 0.000000 0.000002 0.596869 0.348337
  40 1.300003 2.821437 -0.141856 1.000000 0.000000 0.000002 0.587084 0.324853
  40 1.280002 2.831438 0.038144 1.000000 0.000000 0.000002 0.608611 0.324853
knife_butterfly.bmp
  40 1.300003 4.031436 -0.381859 1.000000 0.000000 0.000002 0.557730 0.181996
  40 1.280003 3.891436 -0.501859 1.000000 0.000000 0.000002 0.544031 0.197652
  40 1.280003 3.911436 -0.501859 1.000000 0.000000 0.000002 0.544031 0.195695
knife_butterfly.bmp
  40 1.280003 3.911436 -0.501859 1.000000 0.000000 0.000002 0.544031 0.195695
  40 1.280003 3.891436 -0.501859 1.000000 0.000000 0.000002 0.544031 0.197652
  40 1.300004 3.791436 -0.621858 1.000000 0.000000 0.000002 0.528376 0.209393
knife_butterfly.bmp
  40 1.280003 3.891436 -0.501859 1.000000 0.000000 0.000002 0.544031 0.197652
  40 1.300004 3.771436 -0.611858 1.000000 0.000000 0.000002 0.528376 0.211350
  40 1.300004 3.791436 -0.621858 1.000000 0.000000 0.000002 0.528376 0.209393
knife_butterfly.bmp
  40 1.300004 3.791436 -0.621858 1.000000 0.000000 0.000002 0.528376 0.209393
  40 1.300004 3.771436 -0.611858 1.000000 0.000000 0.000002 0.528376 0.211350
  40 1.300004 3.761436 -0.641858 1.000000 0.000000 0.000002 0.526419 0.213307
knife_butterfly.bmp
  40 1.300004 3.771436 -0.611858 1.000000 0.000000 0.000002 0.528376 0.211350
  40 1.300004 3.731436 -0.651858 1.000000 0.000000 0.000002 0.524462 0.217221
  40 1.300004 3.761436 -0.641858 1.000000 0.000000 0.000002 0.526419 0.213307
knife_butterfly.bmp
  40 0.650002 2.651438 0.208143 -0.964014 0.265253 -0.017855 0.673190 0.119374
  40 0.660002 2.691438 0.128143 -0.744406 0.642646 -0.181292 0.667319 0.111546
  40 0.650002 2.641438 0.148143 -0.976607 0.205489 -0.063347 0.673190 0.113503
knife_butterfly.bmp
  40 0.650002 2.641438 0.148143 -0.976607 0.205489 -0.063347 0.673190 0.113503
  40 0.660002 2.691438 0.128143 -0.744406 0.642646 -0.181292 0.667319 0.111546
  40 0.630002 2.611438 0.088144 -0.975465 0.159178 -0.152086 0.675147 0.107632
knife_butterfly.bmp
  40 0.660002 2.691438 0.128143 -0.744406 0.642646 -0.181292 0.667319 0.111546
  40 0.650002 2.661438 0.068143 -0.742081 0.503575 -0.442411 0.671233 0.105675
  40 0.630002 2.611438 0.088144 -0.975465 0.159178 -0.152086 0.675147 0.107632
knife_butterfly.bmp
  40 0.630002 2.611438 0.088144 -0.975465 0.159178 -0.152086 0.675147 0.107632
  40 0.650002 2.661438 0.068143 -0.742081 0.503575 -0.442411 0.671233 0.105675
  40 0.650002 2.611438 0.038144 -0.743846 0.244927 -0.621855 0.675147 0.101761
knife_butterfly.bmp
  40 0.650002 2.661438 0.068143 -0.742081 0.503575 -0.442411 0.671233 0.105675
  40 0.690002 2.611438 0.008144 -0.529799 0.291169 -0.796576 0.673190 0.097847
  40 0.650002 2.611438 0.038144 -0.743846 0.244927 -0.621855 0.675147 0.101761
knife_butterfly.bmp
  40 0.870001 2.651439 0.558144 1.000000 0.000000 0.000002 0.778865 0.346380
  40 0.890002 2.801438 0.258144 1.000000 0.000000 0.000002 0.741683 0.326810
  40 0.870001 2.851439 0.468143 1.000000 0.000000 0.000002 0.769080 0.322896
knife_butterfly.bmp
  40 0.870001 2.651439 0.558144 1.000000 0.000000 0.000002 0.778865 0.346380
  40 0.890002 2.771438 0.248144 1.000000 0.000000 0.000002 0.739726 0.332681
  40 0.890002 2.801438 0.258144 1.000000 0.000000 0.000002 0.741683 0.326810
knife_butterfly.bmp
  40 0.870001 2.651439 0.558144 1.000000 0.000000 0.000002 0.778865 0.346380
  40 0.890002 2.741438 0.218144 1.000000 0.000000 0.000002 0.737769 0.334638
  40 0.890002 2.771438 0.248144 1.000000 0.000000 0.000002 0.739726 0.332681
knife_butterfly.bmp
  40 0.870001 2.651439 0.558144 1.000000 0.000000 0.000002 0.778865 0.346380
  40 0.890002 2.721438 0.198144 1.000000 0.000000 0.000002 0.733855 0.338552
  40 0.890002 2.741438 0.218144 1.000000 0.000000 0.000002 0.737769 0.334638
knife_butterfly.bmp
  40 0.870001 2.651439 0.558144 1.000000 0.000000 0.000002 0.778865 0.346380
  40 0.890002 2.711438 0.168144 1.000000 0.000000 0.000002 0.727984 0.338552
  40 0.890002 2.721438 0.198144 1.000000 0.000000 0.000002 0.733855 0.338552
knife_butterfly.bmp
  40 0.670002 2.881438 0.068143 -1.000000 -0.000001 -0.000026 0.610568 0.318982
  40 0.690003 2.821437 -0.121857 -1.000000 -0.000001 -0.000026 0.587084 0.324853
  40 0.670002 2.841438 0.058143 -1.000000 -0.000001 -0.000026 0.608611 0.322896
knife_butterfly.bmp
  40 0.670002 2.841438 0.058143 -1.000000 -0.000001 -0.000026 0.608611 0.322896
  40 0.690003 2.821437 -0.121857 -1.000000 -0.000001 -0.000026 0.587084 0.324853
  40 0.670002 2.831438 0.058143 -1.000000 -0.000001 -0.000026 0.608611 0.324853
knife_butterfly.bmp
  40 0.690003 2.821437 -0.121857 -1.000000 -0.000001 -0.000026 0.587084 0.324853
  40 0.670002 2.621437 -0.071856 -1.000000 -0.000001 -0.000026 0.596869 0.348337
  40 0.670002 2.831438 0.058143 -1.000000 -0.000001 -0.000026 0.608611 0.324853
knife_butterfly.bmp
  40 0.670002 2.831438 0.058143 -1.000000 -0.000001 -0.000026 0.608611 0.324853
  40 0.670002 2.621437 -0.071856 -1.000000 -0.000001 -0.000026 0.596869 0.348337
  40 0.670002 2.801437 0.038143 -1.000000 -0.000001 -0.000026 0.608611 0.326810
knife_butterfly.bmp
  40 0.670002 2.621437 -0.071856 -1.000000 -0.000001 -0.000026 0.596869 0.348337
  40 0.670002 2.771438 0.048143 -1.000000 -0.000001 -0.000026 0.610568 0.332681
  40 0.670002 2.801437 0.038143 -1.000000 -0.000001 -0.000026 0.608611 0.326810
knife_butterfly.bmp
  40 0.870003 4.041436 -0.411860 1.000000 0.000000 0.000002 0.661448 0.180039
  40 0.870003 3.891436 -0.481859 1.000000 0.000000 0.000002 0.651663 0.197652
  40 0.870003 3.951436 -0.511859 1.000000 0.000000 0.000002 0.649706 0.191781
knife_butterfly.bmp
  40 0.870003 3.951436 -0.511859 1.000000 0.000000 0.000002 0.649706 0.191781
  40 0.870003 3.891436 -0.481859 1.000000 0.000000 0.000002 0.651663 0.197652
  40 0.890004 3.831436 -0.631859 1.000000 0.000000 0.000002 0.634051 0.205479
knife_butterfly.bmp
  40 0.870003 3.891436 -0.481859 1.000000 0.000000 0.000002 0.651663 0.197652
  40 0.890003 3.771436 -0.611859 1.000000 0.000000 0.000002 0.636008 0.211350
  40 0.890004 3.831436 -0.631859 1.000000 0.000000 0.000002 0.634051 0.205479
knife_butterfly.bmp
  40 0.890004 3.831436 -0.631859 1.000000 0.000000 0.000002 0.634051 0.205479
  40 0.890003 3.771436 -0.611859 1.000000 0.000000 0.000002 0.636008 0.211350
  40 0.890004 3.771436 -0.661859 1.000000 0.000000 0.000002 0.630137 0.213307
knife_butterfly.bmp
  40 0.890003 3.771436 -0.611859 1.000000 0.000000 0.000002 0.636008 0.211350
  40 0.890004 3.701436 -0.691859 1.000000 0.000000 0.000002 0.628180 0.221135
  40 0.890004 3.771436 -0.661859 1.000000 0.000000 0.000002 0.630137 0.213307
knife_butterfly.bmp
  37 1.100000 4.149999 -0.070003 -1.000000 0.000000 0.000000 0.414873 0.225049
  37 1.100000 3.989999 -0.080003 -1.000000 0.000000 0.000000 0.414873 0.244618
  37 1.100000 3.959999 -0.050002 -1.000000 0.000000 0.000000 0.416830 0.248532
knife_butterfly.bmp
  37 1.100000 4.149999 -0.070003 -1.000000 0.000000 0.000000 0.414873 0.225049
  37 1.100000 4.019999 -0.120003 -1.000000 0.000000 0.000000 0.409002 0.240705
  37 1.100000 3.989999 -0.080003 -1.000000 0.000000 0.000000 0.414873 0.244618
knife_butterfly.bmp
  37 1.100000 4.149999 -0.070003 -1.000000 0.000000 0.000000 0.414873 0.225049
  37 1.100000 4.079999 -0.130003 -1.000000 0.000000 0.000000 0.409002 0.234834
  37 1.100000 4.019999 -0.120003 -1.000000 0.000000 0.000000 0.409002 0.240705
knife_butterfly.bmp
  37 1.100000 4.149999 -0.070003 -1.000000 0.000000 0.000000 0.414873 0.225049
  37 1.100000 4.149999 -0.120003 -1.000000 0.000000 0.000000 0.410959 0.227006
  37 1.100000 4.079999 -0.130003 -1.000000 0.000000 0.000000 0.409002 0.234834
knife_butterfly.bmp
  37 1.100000 4.149999 -0.070003 -1.000000 0.000000 0.000000 0.414873 0.225049
  37 1.100000 4.209999 -0.090003 -1.000000 0.000000 0.000000 0.412916 0.219178
  37 1.100000 4.149999 -0.120003 -1.000000 0.000000 0.000000 0.410959 0.227006
knife_butterfly.bmp
  37 1.100000 3.470000 0.999998 -1.000000 0.000000 0.000000 0.544031 0.307241
  37 1.100000 3.510000 0.599998 -1.000000 0.000000 0.000000 0.493151 0.301370
  37 1.100000 3.490000 0.569998 -1.000000 0.000000 0.000000 0.489237 0.303327
knife_butterfly.bmp
  37 1.100000 3.470000 0.999998 -1.000000 0.000000 0.000000 0.544031 0.307241
  37 1.100000 3.540000 0.619998 -1.000000 0.000000 0.000000 0.497065 0.297456
  37 1.100000 3.510000 0.599998 -1.000000 0.000000 0.000000 0.493151 0.301370
knife_butterfly.bmp
  37 1.100000 3.470000 0.999998 -1.000000 0.000000 0.000000 0.544031 0.307241
  37 1.100000 3.580000 0.639998 -1.000000 0.000000 0.000000 0.497065 0.293542
  37 1.100000 3.540000 0.619998 -1.000000 0.000000 0.000000 0.497065 0.297456
knife_butterfly.bmp
  37 1.100000 3.470000 0.999998 -1.000000 0.000000 0.000000 0.544031 0.307241
  37 1.100000 3.610000 0.629998 -1.000000 0.000000 0.000000 0.497065 0.287671
  37 1.100000 3.580000 0.639998 -1.000000 0.000000 0.000000 0.497065 0.293542
knife_butterfly.bmp
  37 1.100000 3.470000 0.999998 -1.000000 0.000000 0.000000 0.544031 0.307241
  37 1.100000 3.630000 0.629998 -1.000000 0.000000 0.000000 0.497065 0.285714
  37 1.100000 3.610000 0.629998 -1.000000 0.000000 0.000000 0.497065 0.287671
knife_butterfly.bmp
  37 1.280000 3.410000 0.309998 1.000000 0.000000 0.000000 0.354207 0.311155
  37 1.280000 3.510000 0.459998 1.000000 0.000000 0.000000 0.373777 0.301370
  37 1.280000 3.490000 0.489998 1.000000 0.000000 0.000000 0.377691 0.303327
knife_butterfly.bmp
  37 1.280000 3.410000 0.309998 1.000000 0.000000 0.000000 0.354207 0.311155
  37 1.280000 3.540000 0.429998 1.000000 0.000000 0.000000 0.369863 0.297456
  37 1.280000 3.510000 0.459998 1.000000 0.000000 0.000000 0.373777 0.301370
knife_butterfly.bmp
  37 1.280000 3.410000 0.309998 1.000000 0.000000 0.000000 0.354207 0.311155
  37 1.280000 3.570000 0.419998 1.000000 0.000000 0.000000 0.367906 0.293542
  37 1.280000 3.540000 0.429998 1.000000 0.000000 0.000000 0.369863 0.297456
knife_butterfly.bmp
  37 1.280000 3.410000 0.309998 1.000000 0.000000 0.000000 0.354207 0.311155
  37 1.280000 3.610000 0.419998 1.000000 0.000000 0.000000 0.367906 0.289628
  37 1.280000 3.570000 0.419998 1.000000 0.000000 0.000000 0.367906 0.293542
knife_butterfly.bmp
  37 1.280000 3.410000 0.309998 1.000000 0.000000 0.000000 0.354207 0.311155
  37 1.280000 3.609999 0.199998 1.000000 0.000000 0.000000 0.342466 0.289628
  37 1.280000 3.610000 0.419998 1.000000 0.000000 0.000000 0.367906 0.289628
knife_butterfly.bmp
  37 0.950000 3.270000 0.749998 0.998405 0.055003 -0.012731 0.360078 0.070450
  37 0.940000 3.060000 0.809998 1.000000 0.000000 0.000000 0.381605 0.066536
  37 0.940000 3.050000 0.629998 0.960729 -0.106530 -0.256224 0.377691 0.086106
knife_butterfly.bmp
  37 0.940000 3.050000 0.629998 0.960729 -0.106530 -0.256224 0.377691 0.086106
  37 0.940000 3.060000 0.809998 1.000000 0.000000 0.000000 0.381605 0.066536
  37 0.940000 2.840000 0.709998 0.960729 -0.106530 -0.256224 0.401174 0.082192
knife_butterfly.bmp
  37 0.940000 3.060000 0.809998 1.000000 0.000000 0.000000 0.381605 0.066536
  37 0.940000 2.850000 0.879998 1.000000 0.000000 0.000000 0.403131 0.064579
  37 0.940000 2.840000 0.709998 0.960729 -0.106530 -0.256224 0.401174 0.082192
knife_butterfly.bmp
  37 0.940000 2.840000 0.709998 0.960729 -0.106530 -0.256224 0.401174 0.082192
  37 0.940000 2.850000 0.879998 1.000000 0.000000 0.000000 0.403131 0.064579
  37 0.940000 2.670000 0.769998 0.960729 -0.106530 -0.256224 0.420744 0.078278
knife_butterfly.bmp
  37 0.940000 2.850000 0.879998 1.000000 0.000000 0.000000 0.403131 0.064579
  37 0.940000 2.680000 0.939998 1.000000 0.000000 0.000000 0.422701 0.060665
  37 0.940000 2.670000 0.769998 0.960729 -0.106530 -0.256224 0.420744 0.078278
knife_butterfly.bmp
  37 1.280000 4.149999 -0.070003 1.000000 0.000000 0.000000 0.311155 0.225049
  37 1.280000 4.139999 -0.090003 1.000000 0.000000 0.000000 0.309198 0.227006
  37 1.280000 4.169999 -0.070003 1.000000 0.000000 0.000000 0.311155 0.223092
knife_butterfly.bmp
  37 1.280000 4.149999 -0.070003 1.000000 0.000000 0.000000 0.311155 0.225049
  37 1.280000 4.099999 -0.110003 1.000000 0.000000 0.000000 0.307241 0.230920
  37 1.280000 4.139999 -0.090003 1.000000 0.000000 0.000000 0.309198 0.227006
knife_butterfly.bmp
  37 1.280000 4.149999 -0.070003 1.000000 0.000000 0.000000 0.311155 0.225049
  37 1.280000 4.049999 -0.110003 1.000000 0.000000 0.000000 0.307241 0.236791
  37 1.280000 4.099999 -0.110003 1.000000 0.000000 0.000000 0.307241 0.230920
knife_butterfly.bmp
  37 1.280000 4.149999 -0.070003 1.000000 0.000000 0.000000 0.311155 0.225049
  37 1.280000 4.030000 -0.080003 1.000000 0.000000 0.000000 0.311155 0.240705
  37 1.280000 4.049999 -0.110003 1.000000 0.000000 0.000000 0.307241 0.236791
knife_butterfly.bmp
  37 1.280000 4.149999 -0.070003 1.000000 0.000000 0.000000 0.311155 0.225049
  37 1.280000 4.010000 -0.050002 1.000000 0.000000 0.000000 0.313112 0.242661
  37 1.280000 4.030000 -0.080003 1.000000 0.000000 0.000000 0.311155 0.240705
knife_butterfly.bmp
  40 0.880003 3.171437 -0.121857 -0.000002 0.180034 0.983660 0.782779 0.181996
  40 0.880003 3.211437 -0.121858 -0.000003 -0.167258 0.985913 0.780822 0.181996
  40 0.670002 3.211437 -0.101858 -0.000003 -0.167258 0.985913 0.780822 0.168297
knife_butterfly.bmp
  40 0.670002 3.211437 -0.101858 -0.000003 -0.167258 0.985913 0.780822 0.168297
  40 0.880003 3.211437 -0.121858 -0.000003 -0.167258 0.985913 0.780822 0.181996
  40 0.670002 3.231437 -0.101858 -0.000003 -0.313357 0.949635 0.778865 0.168297
knife_butterfly.bmp
  40 0.880003 3.211437 -0.121858 -0.000003 -0.167258 0.985913 0.780822 0.181996
  40 0.880003 3.231437 -0.121858 -0.000003 -0.313357 0.949635 0.778865 0.181996
  40 0.670002 3.231437 -0.101858 -0.000003 -0.313357 0.949635 0.778865 0.168297
knife_butterfly.bmp
  40 0.670002 3.231437 -0.101858 -0.000003 -0.313357 0.949635 0.778865 0.168297
  40 0.880003 3.231437 -0.121858 -0.000003 -0.313357 0.949635 0.778865 0.181996
  40 0.670002 3.251437 -0.091858 -0.000004 -0.494375 0.869249 0.776908 0.168297
knife_butterfly.bmp
  40 0.880003 3.231437 -0.121858 -0.000003 -0.313357 0.949635 0.778865 0.181996
  40 0.870003 3.251437 -0.111858 -0.000004 -0.494375 0.869249 0.776908 0.181996
  40 0.670002 3.251437 -0.091858 -0.000004 -0.494375 0.869249 0.776908 0.168297
knife_butterfly.bmp
  37 0.690000 4.099999 0.269997 0.000001 -0.479133 0.877742 0.796477 0.254403
  37 0.880000 4.099999 0.269997 -0.000001 -0.600309 0.799768 0.812133 0.254403
  37 0.690000 4.099999 0.269997 -0.000001 -0.600309 0.799768 0.796477 0.254403
knife_butterfly.bmp
  37 0.690000 4.099999 0.269997 -0.000001 -0.600309 0.799768 0.796477 0.254403
  37 0.880000 4.099999 0.269997 -0.000001 -0.600309 0.799768 0.812133 0.254403
  37 0.690000 4.130000 0.299997 -0.000001 -0.750465 0.660910 0.796477 0.258317
knife_butterfly.bmp
  37 0.880000 4.099999 0.269997 -0.000001 -0.600309 0.799768 0.812133 0.254403
  37 0.880000 4.130000 0.299997 -0.000001 -0.750465 0.660910 0.812133 0.258317
  37 0.690000 4.130000 0.299997 -0.000001 -0.750465 0.660910 0.796477 0.258317
knife_butterfly.bmp
  37 0.690000 4.130000 0.299997 -0.000001 -0.750465 0.660910 0.796477 0.258317
  37 0.880000 4.130000 0.299997 -0.000001 -0.750465 0.660910 0.812133 0.258317
  37 0.690000 4.150000 0.329997 0.000001 -0.931247 0.364389 0.796477 0.260274
knife_butterfly.bmp
  37 0.880000 4.130000 0.299997 -0.000001 -0.750465 0.660910 0.812133 0.258317
  37 0.880000 4.150000 0.329997 0.000001 -0.931247 0.364389 0.812133 0.260274
  37 0.690000 4.150000 0.329997 0.000001 -0.931247 0.364389 0.796477 0.260274
knife_butterfly.bmp
  37 1.280000 4.030000 0.259997 0.000000 0.197138 0.980376 0.829746 0.250489
  37 1.280000 4.059999 0.259997 0.000000 -0.150063 0.988676 0.829746 0.252446
  37 1.100000 4.030000 0.259997 0.000000 0.197138 0.980376 0.814090 0.250489
knife_butterfly.bmp
  37 1.100000 4.030000 0.259997 0.000000 0.197138 0.980376 0.814090 0.250489
  37 1.280000 4.059999 0.259997 0.000000 -0.150063 0.988676 0.829746 0.252446
  37 1.100000 4.059999 0.259997 0.000000 -0.150063 0.988676 0.814090 0.252446
knife_butterfly.bmp
  37 1.280000 4.059999 0.259997 0.000000 -0.150063 0.988676 0.829746 0.252446
  37 1.280000 4.099999 0.269997 0.000001 -0.479133 0.877742 0.829746 0.256360
  37 1.100000 4.059999 0.259997 0.000000 -0.150063 0.988676 0.814090 0.252446
knife_butterfly.bmp
  37 1.100000 4.059999 0.259997 0.000000 -0.150063 0.988676 0.814090 0.252446
  37 1.280000 4.099999 0.269997 0.000001 -0.479133 0.877742 0.829746 0.256360
  37 1.100000 4.099999 0.269997 0.000001 -0.479133 0.877742 0.814090 0.254403
knife_butterfly.bmp
  37 1.280000 4.099999 0.269997 0.000001 -0.479133 0.877742 0.829746 0.256360
  37 1.100000 4.099999 0.269997 -0.000001 -0.600309 0.799768 0.814090 0.254403
  37 1.100000 4.099999 0.269997 0.000001 -0.479133 0.877742 0.814090 0.254403
knife_butterfly.bmp
  37 1.100000 4.150000 0.329997 0.000001 -0.931247 0.364389 0.814090 0.260274
  37 1.100000 4.130000 0.299997 -0.000001 -0.750465 0.660910 0.814090 0.258317
  37 1.280000 4.150000 0.329997 0.000001 -0.931247 0.364389 0.829746 0.260274
knife_butterfly.bmp
  37 1.280000 4.150000 0.329997 0.000001 -0.931247 0.364389 0.829746 0.260274
  37 1.100000 4.130000 0.299997 -0.000001 -0.750465 0.660910 0.814090 0.258317
  37 1.280000 4.130000 0.299997 -0.000001 -0.750465 0.660910 0.829746 0.258317
knife_butterfly.bmp
  37 1.100000 4.130000 0.299997 -0.000001 -0.750465 0.660910 0.814090 0.258317
  37 1.100000 4.099999 0.269997 -0.000001 -0.600309 0.799768 0.814090 0.254403
  37 1.280000 4.130000 0.299997 -0.000001 -0.750465 0.660910 0.829746 0.258317
knife_butterfly.bmp
  37 1.280000 4.130000 0.299997 -0.000001 -0.750465 0.660910 0.829746 0.258317
  37 1.100000 4.099999 0.269997 -0.000001 -0.600309 0.799768 0.814090 0.254403
  37 1.280000 4.099999 0.269997 -0.000001 -0.600309 0.799768 0.829746 0.256360
knife_butterfly.bmp
  37 1.100000 4.099999 0.269997 -0.000001 -0.600309 0.799768 0.814090 0.254403
  37 1.280000 4.099999 0.269997 0.000001 -0.479133 0.877742 0.829746 0.256360
  37 1.280000 4.099999 0.269997 -0.000001 -0.600309 0.799768 0.829746 0.256360
knife_butterfly.bmp
  40 1.080002 2.841438 0.058144 -0.000003 -0.167258 0.985913 0.747554 0.217221
  40 1.080002 2.831438 0.058144 -0.000004 0.030327 0.999540 0.747554 0.217221
  40 1.280002 2.841438 0.038144 -0.000003 -0.167258 0.985913 0.761252 0.217221
knife_butterfly.bmp
  40 1.280002 2.841438 0.038144 -0.000003 -0.167258 0.985913 0.761252 0.217221
  40 1.080002 2.831438 0.058144 -0.000004 0.030327 0.999540 0.747554 0.217221
  40 1.280002 2.831438 0.038144 -0.000004 0.030327 0.999540 0.761252 0.217221
knife_butterfly.bmp
  40 1.080002 2.831438 0.058144 -0.000004 0.030327 0.999540 0.747554 0.217221
  40 1.080002 2.801437 0.058144 -0.000002 0.180034 0.983660 0.747554 0.215264
  40 1.280002 2.831438 0.038144 -0.000004 0.030327 0.999540 0.761252 0.217221
knife_butterfly.bmp
  40 1.280002 2.831438 0.038144 -0.000004 0.030327 0.999540 0.761252 0.217221
  40 1.080002 2.801437 0.058144 -0.000002 0.180034 0.983660 0.747554 0.215264
  40 1.280002 2.801437 0.038144 -0.000002 0.180034 0.983660 0.761252 0.215264
knife_butterfly.bmp
  40 1.080002 2.801437 0.058144 -0.000002 0.180034 0.983660 0.747554 0.215264
  40 1.080002 2.771438 0.068144 -0.000002 0.505610 0.862762 0.747554 0.211350
  40 1.280002 2.801437 0.038144 -0.000002 0.180034 0.983660 0.761252 0.215264
knife_butterfly.bmp
  40 0.730003 3.231437 -0.351858 -0.146769 -0.458459 -0.876512 0.890411 0.264188
  40 0.890003 3.031437 -0.241857 0.000002 -0.411377 -0.911465 0.908023 0.287671
  40 0.730003 3.031437 -0.261857 -0.147604 -0.407700 -0.901107 0.890411 0.287671
knife_butterfly.bmp
  40 0.730003 3.031437 -0.261857 -0.147604 -0.407700 -0.901107 0.890411 0.287671
  40 0.890003 3.031437 -0.241857 0.000002 -0.411377 -0.911465 0.908023 0.287671
  40 0.730003 2.821437 -0.181857 -0.153638 -0.337494 -0.928705 0.890411 0.311155
knife_butterfly.bmp
  40 0.890003 3.031437 -0.241857 0.000002 -0.411377 -0.911465 0.908023 0.287671
  40 0.890003 2.821437 -0.181856 0.000002 -0.370364 -0.928887 0.908023 0.311155
  40 0.730003 2.821437 -0.181857 -0.153638 -0.337494 -0.928705 0.890411 0.311155
knife_butterfly.bmp
  40 0.730003 2.821437 -0.181857 -0.153638 -0.337494 -0.928705 0.890411 0.311155
  40 0.890003 2.821437 -0.181856 0.000002 -0.370364 -0.928887 0.908023 0.311155
  40 0.710002 2.621437 -0.081856 -0.153638 -0.337494 -0.928705 0.890411 0.334638
knife_butterfly.bmp
  40 0.890003 2.821437 -0.181856 0.000002 -0.370364 -0.928887 0.908023 0.311155
  40 0.870002 2.621437 -0.081856 0.000002 -0.370364 -0.928887 0.908023 0.334638
  40 0.710002 2.621437 -0.081856 -0.153638 -0.337494 -0.928705 0.890411 0.334638
knife_butterfly.bmp
  40 0.730003 4.181437 -0.221860 -0.000006 0.733496 0.679694 0.888454 0.209393
  40 0.730003 4.151437 -0.191860 -0.000006 0.733496 0.679694 0.888454 0.213307
  40 0.890003 4.181437 -0.201860 -0.000006 0.733496 0.679694 0.870841 0.209393
knife_butterfly.bmp
  40 0.890003 4.181437 -0.201860 -0.000006 0.733496 0.679694 0.870841 0.209393
  40 0.730003 4.151437 -0.191860 -0.000006 0.733496 0.679694 0.888454 0.213307
  40 0.890003 4.151437 -0.171860 -0.000006 0.733496 0.679694 0.870841 0.213307
knife_butterfly.bmp
  40 0.730003 4.151437 -0.191860 -0.000006 0.733496 0.679694 0.888454 0.213307
  40 0.730003 4.121437 -0.141860 -0.000006 0.733496 0.679694 0.888454 0.217221
  40 0.890003 4.151437 -0.171860 -0.000006 0.733496 0.679694 0.870841 0.213307
knife_butterfly.bmp
  40 0.890003 4.151437 -0.171860 -0.000006 0.733496 0.679694 0.870841 0.213307
  40 0.730003 4.121437 -0.141860 -0.000006 0.733496 0.679694 0.888454 0.217221
  40 0.890003 4.121437 -0.151860 -0.000006 0.733496 0.679694 0.870841 0.217221
knife_butterfly.bmp
  40 0.730003 4.121437 -0.141860 -0.000006 0.733496 0.679694 0.888454 0.217221
  40 0.710002 4.081437 -0.101860 -0.000003 0.701999 0.712178 0.888454 0.223092
  40 0.890003 4.121437 -0.151860 -0.000006 0.733496 0.679694 0.870841 0.217221
knife_butterfly.bmp
  37 0.880000 4.290000 0.589997 1.000000 0.000000 0.000000 0.491194 0.209393
  37 0.880000 4.159999 0.359997 1.000000 0.000000 0.000000 0.465753 0.225049
  37 0.880000 4.370000 0.529997 1.000000 0.000000 0.000000 0.485323 0.201566
knife_butterfly.bmp
  37 0.880000 4.290000 0.589997 1.000000 0.000000 0.000000 0.491194 0.209393
  37 0.880000 4.159999 0.359997 1.000000 0.000000 0.000000 0.465753 0.225049
  37 0.880000 4.159999 0.359997 1.000000 0.000000 0.000000 0.465753 0.225049
knife_butterfly.bmp
  37 0.880000 4.290000 0.589997 1.000000 0.000000 0.000000 0.491194 0.209393
  37 0.880000 4.150000 0.399997 1.000000 0.000000 0.000000 0.469667 0.227006
  37 0.880000 4.159999 0.359997 1.000000 0.000000 0.000000 0.465753 0.225049
knife_butterfly.bmp
  37 0.880000 4.290000 0.589997 1.000000 0.000000 0.000000 0.491194 0.209393
  37 0.880000 4.130000 0.439997 1.000000 0.000000 0.000000 0.473581 0.228963
  37 0.880000 4.150000 0.399997 1.000000 0.000000 0.000000 0.469667 0.227006
knife_butterfly.bmp
  37 0.690000 4.270000 0.559997 -1.000000 0.000000 0.000000 0.383562 0.211350
  37 0.690000 4.150000 0.399997 -1.000000 0.000000 0.000000 0.365949 0.227006
  37 0.690000 4.130000 0.439997 -1.000000 0.000000 0.000000 0.369863 0.228963
knife_butterfly.bmp
  37 0.690000 4.270000 0.559997 -1.000000 0.000000 0.000000 0.383562 0.211350
  37 0.690000 4.159999 0.359997 -1.000000 0.000000 0.000000 0.360078 0.225049
  37 0.690000 4.150000 0.399997 -1.000000 0.000000 0.000000 0.365949 0.227006
knife_butterfly.bmp
  37 0.690000 4.270000 0.559997 -1.000000 0.000000 0.000000 0.383562 0.211350
  37 0.690000 4.159999 0.359997 -1.000000 0.000000 0.000000 0.360078 0.225049
  37 0.690000 4.159999 0.359997 -1.000000 0.000000 0.000000 0.360078 0.225049
knife_butterfly.bmp
  37 0.690000 4.270000 0.559997 -1.000000 0.000000 0.000000 0.383562 0.211350
  37 0.690000 4.360000 0.499997 -1.000000 0.000000 0.000000 0.375734 0.201566
  37 0.690000 4.159999 0.359997 -1.000000 0.000000 0.000000 0.360078 0.225049
knife_butterfly.bmp
  40 1.080003 3.501436 -0.521858 0.000003 -0.564668 -0.825318 0.835616 0.230920
  40 1.240003 3.421436 -0.451857 0.157559 -0.524185 -0.836902 0.853229 0.240705
  40 1.080003 3.421436 -0.471858 0.000002 -0.505224 -0.862988 0.835616 0.240705
knife_butterfly.bmp
  40 1.080003 3.501436 -0.521858 0.000003 -0.564668 -0.825318 0.835616 0.230920
  40 1.240003 3.501436 -0.521858 0.162237 -0.557823 -0.813949 0.853229 0.230920
  40 1.240003 3.421436 -0.451857 0.157559 -0.524185 -0.836902 0.853229 0.240705
knife_butterfly.bmp
  40 1.080003 3.501436 -0.521858 0.000003 -0.564668 -0.825318 0.835616 0.230920
  40 1.240003 3.561436 -0.571858 0.158964 -0.635928 -0.755199 0.853229 0.223092
  40 1.240003 3.501436 -0.521858 0.162237 -0.557823 -0.813949 0.853229 0.230920
knife_butterfly.bmp
  40 1.080003 3.501436 -0.521858 0.000003 -0.564668 -0.825318 0.835616 0.230920
  40 1.080003 3.561436 -0.551858 0.000004 -0.665724 -0.746198 0.835616 0.223092
  40 1.240003 3.561436 -0.571858 0.158964 -0.635928 -0.755199 0.853229 0.223092
knife_butterfly.bmp
  40 1.100003 2.821437 -0.161856 -1.000000 -0.000001 -0.000026 0.688845 0.324853
  40 1.080002 2.911438 0.078144 -1.000000 -0.000001 -0.000026 0.720157 0.315068
  40 1.100002 2.931438 0.108144 -1.000000 -0.000001 -0.000026 0.724070 0.313112
knife_butterfly.bmp
  40 1.100003 2.821437 -0.161856 -1.000000 -0.000001 -0.000026 0.688845 0.324853
  40 1.080002 2.881438 0.068144 -1.000000 -0.000001 -0.000026 0.718200 0.318982
  40 1.080002 2.911438 0.078144 -1.000000 -0.000001 -0.000026 0.720157 0.315068
knife_butterfly.bmp
  40 1.100003 2.821437 -0.161856 -1.000000 -0.000001 -0.000026 0.688845 0.324853
  40 1.080002 2.841438 0.058144 -1.000000 -0.000001 -0.000026 0.716243 0.322896
  40 1.080002 2.881438 0.068144 -1.000000 -0.000001 -0.000026 0.718200 0.318982
knife_butterfly.bmp
  40 1.100003 2.821437 -0.161856 -1.000000 -0.000001 -0.000026 0.688845 0.324853
  40 1.080002 2.831438 0.058144 -1.000000 -0.000001 -0.000026 0.716243 0.324853
  40 1.080002 2.841438 0.058144 -1.000000 -0.000001 -0.000026 0.716243 0.322896
knife_butterfly.bmp
  40 1.300003 2.821437 -0.141856 1.000000 0.000000 0.000002 0.587084 0.324853
  40 1.280002 2.841438 0.038144 1.000000 0.000000 0.000002 0.608611 0.322896
  40 1.280002 2.831438 0.038144 1.000000 0.000000 0.000002 0.608611 0.324853
knife_butterfly.bmp
  40 1.300003 2.821437 -0.141856 1.000000 0.000000 0.000002 0.587084 0.324853
  40 1.280002 2.881438 0.048144 1.000000 0.000000 0.000002 0.610568 0.318982
  40 1.280002 2.841438 0.038144 1.000000 0.000000 0.000002 0.608611 0.322896
knife_butterfly.bmp
  40 1.300003 2.821437 -0.141856 1.000000 0.000000 0.000002 0.587084 0.324853
  40 1.280002 2.911438 0.098144 1.000000 0.000000 0.000002 0.612524 0.315068
  40 1.280002 2.881438 0.048144 1.000000 0.000000 0.000002 0.610568 0.318982
knife_butterfly.bmp
  40 1.300003 2.821437 -0.141856 1.000000 0.000000 0.000002 0.587084 0.324853
  40 1.280002 2.931438 0.128144 1.000000 0.000000 0.000002 0.616438 0.313112
  40 1.280002 2.911438 0.098144 1.000000 0.000000 0.000002 0.612524 0.315068
knife_butterfly.bmp
  40 0.890003 2.821437 -0.181856 1.000000 0.000000 0.000002 0.688845 0.324853
  40 0.870002 2.841438 0.038143 1.000000 0.000000 0.000002 0.716243 0.322896
  40 0.870002 2.831438 0.038143 1.000000 0.000000 0.000002 0.716243 0.324853
knife_butterfly.bmp
  40 0.890003 2.821437 -0.181856 1.000000 0.000000 0.000002 0.688845 0.324853
  40 0.870002 2.881438 0.048143 1.000000 0.000000 0.000002 0.718200 0.318982
  40 0.870002 2.841438 0.038143 1.000000 0.000000 0.000002 0.716243 0.322896
knife_butterfly.bmp
  40 0.890003 2.821437 -0.181856 1.000000 0.000000 0.000002 0.688845 0.324853
  40 0.870002 2.911438 0.078143 1.000000 0.000000 0.000002 0.720157 0.315068
  40 0.870002 2.881438 0.048143 1.000000 0.000000 0.000002 0.718200 0.318982
knife_butterfly.bmp
  40 0.890003 2.821437 -0.181856 1.000000 0.000000 0.000002 0.688845 0.324853
  40 0.870002 2.931438 0.108143 1.000000 0.000000 0.000002 0.724070 0.313112
  40 0.870002 2.911438 0.078143 1.000000 0.000000 0.000002 0.720157 0.315068
knife_butterfly.bmp
  37 1.110000 3.490000 0.799998 -0.507889 0.796969 0.326940 0.338552 0.152642
  37 1.110000 3.490000 0.729998 -0.501705 0.858978 0.102222 0.334638 0.144814
  37 1.070000 3.470000 0.729998 -0.738004 0.669042 0.087937 0.338552 0.144814
knife_butterfly.bmp
  37 1.070000 3.470000 0.729998 -0.738004 0.669042 0.087937 0.338552 0.144814
  37 1.110000 3.490000 0.729998 -0.501705 0.858978 0.102222 0.334638 0.144814
  37 1.070000 3.470000 0.659998 -0.737006 0.674397 -0.044845 0.336595 0.136986
knife_butterfly.bmp
  37 1.110000 3.490000 0.729998 -0.501705 0.858978 0.102222 0.334638 0.144814
  37 1.110000 3.490000 0.649998 -0.494978 0.866804 -0.060393 0.332681 0.136986
  37 1.070000 3.470000 0.659998 -0.737006 0.674397 -0.044845 0.336595 0.136986
knife_butterfly.bmp
  37 1.070000 3.470000 0.659998 -0.737006 0.674397 -0.044845 0.336595 0.136986
  37 1.110000 3.490000 0.649998 -0.494978 0.866804 -0.060393 0.332681 0.136986
  37 1.110000 3.480000 0.569998 -0.523416 0.805150 -0.278872 0.332681 0.129159
knife_butterfly.bmp
  37 1.100000 3.010000 0.429998 0.000000 -0.369678 -0.929160 0.949119 0.328767
  37 1.250000 2.810000 0.509998 0.152736 -0.365817 -0.918068 0.966732 0.352250
  37 1.100000 2.810000 0.509998 0.000000 -0.317171 -0.948368 0.949119 0.352250
knife_butterfly.bmp
  37 1.100000 3.010000 0.429998 0.000000 -0.369678 -0.929160 0.949119 0.328767
  37 1.250000 3.010000 0.429998 0.152736 -0.365817 -0.918068 0.966732 0.328767
  37 1.250000 2.810000 0.509998 0.152736 -0.365817 -0.918068 0.966732 0.352250
knife_butterfly.bmp
  37 1.100000 3.010000 0.429998 0.000000 -0.369678 -0.929160 0.949119 0.328767
  37 1.250000 3.210000 0.369998 0.148172 -0.409882 -0.900023 0.966732 0.307241
  37 1.250000 3.010000 0.429998 0.152736 -0.365817 -0.918068 0.966732 0.328767
knife_butterfly.bmp
  37 1.100000 3.010000 0.429998 0.000000 -0.369678 -0.929160 0.949119 0.328767
  37 1.100000 3.210000 0.369998 0.000000 -0.369678 -0.929160 0.949119 0.307241
  37 1.250000 3.210000 0.369998 0.148172 -0.409882 -0.900023 0.966732 0.307241
knife_butterfly.bmp
  37 1.100000 4.410000 0.499997 -1.000000 0.000000 0.000000 0.481409 0.195695
  37 1.100000 4.159999 0.359997 -1.000000 0.000000 0.000000 0.465753 0.225049
  37 1.100000 4.370000 0.529997 -1.000000 0.000000 0.000000 0.485323 0.201566
knife_butterfly.bmp
  37 1.100000 4.370000 0.529997 -1.000000 0.000000 0.000000 0.485323 0.201566
  37 1.100000 4.159999 0.359997 -1.000000 0.000000 0.000000 0.465753 0.225049
  37 1.100000 4.290000 0.589997 -1.000000 0.000000 0.000000 0.491194 0.209393
knife_butterfly.bmp
  37 1.100000 4.159999 0.359997 -1.000000 0.000000 0.000000 0.465753 0.225049
  37 1.100000 4.159999 0.359997 -1.000000 0.000000 0.000000 0.465753 0.225049
  37 1.100000 4.290000 0.589997 -1.000000 0.000000 0.000000 0.491194 0.209393
knife_butterfly.bmp
  37 1.100000 4.290000 0.589997 -1.000000 0.000000 0.000000 0.491194 0.209393
  37 1.100000 4.159999 0.359997 -1.000000 0.000000 0.000000 0.465753 0.225049
  37 1.100000 4.150000 0.399997 -1.000000 0.000000 0.000000 0.469667 0.227006
knife_butterfly.bmp
  37 1.280000 3.609999 0.199998 1.000000 0.000000 0.000000 0.342466 0.289628
  37 1.280000 3.620000 0.419998 1.000000 0.000000 0.000000 0.369863 0.287671
  37 1.280000 3.610000 0.419998 1.000000 0.000000 0.000000 0.367906 0.289628
knife_butterfly.bmp
  37 1.280000 3.609999 0.199998 1.000000 0.000000 0.000000 0.342466 0.289628
  37 1.280000 3.650000 0.429998 1.000000 0.000000 0.000000 0.369863 0.285714
  37 1.280000 3.620000 0.419998 1.000000 0.000000 0.000000 0.369863 0.287671
knife_butterfly.bmp
  37 1.280000 3.609999 0.199998 1.000000 0.000000 0.000000 0.342466 0.289628
  37 1.280000 3.680000 0.459998 1.000000 0.000000 0.000000 0.373777 0.281800
  37 1.280000 3.650000 0.429998 1.000000 0.000000 0.000000 0.369863 0.285714
knife_butterfly.bmp
  37 1.280000 3.609999 0.199998 1.000000 0.000000 0.000000 0.342466 0.289628
  37 1.280000 3.700000 0.489998 1.000000 0.000000 0.000000 0.375734 0.279843
  37 1.280000 3.680000 0.459998 1.000000 0.000000 0.000000 0.373777 0.281800
knife_butterfly.bmp
  37 1.280000 4.270000 0.559997 1.000000 0.000000 0.000000 0.383562 0.211350
  37 1.280000 4.159999 0.359997 1.000000 0.000000 0.000000 0.362035 0.225049
  37 1.280000 4.360000 0.499997 1.000000 0.000000 0.000000 0.377691 0.201566
knife_butterfly.bmp
  37 1.280000 4.270000 0.559997 1.000000 0.000000 0.000000 0.383562 0.211350
  37 1.280000 4.159999 0.359997 1.000000 0.000000 0.000000 0.362035 0.225049
  37 1.280000 4.159999 0.359997 1.000000 0.000000 0.000000 0.362035 0.225049
knife_butterfly.bmp
  37 1.280000 4.270000 0.559997 1.000000 0.000000 0.000000 0.383562 0.211350
  37 1.280000 4.150000 0.399997 1.000000 0.000000 0.000000 0.365949 0.227006
  37 1.280000 4.159999 0.359997 1.000000 0.000000 0.000000 0.362035 0.225049
knife_butterfly.bmp
  37 1.280000 4.270000 0.559997 1.000000 0.000000 0.000000 0.383562 0.211350
  37 1.280000 4.130000 0.439997 1.000000 0.000000 0.000000 0.369863 0.228963
  37 1.280000 4.150000 0.399997 1.000000 0.000000 0.000000 0.365949 0.227006
knife_butterfly.bmp
  37 0.700000 3.490000 0.799998 -0.507889 0.796969 0.326940 0.338552 0.152642
  37 0.700000 3.490000 0.729998 -0.501705 0.858978 0.102222 0.334638 0.144814
  37 0.680000 3.470000 0.729998 -0.738004 0.669042 0.087937 0.338552 0.144814
knife_butterfly.bmp
  37 0.680000 3.470000 0.729998 -0.738004 0.669042 0.087937 0.338552 0.144814
  37 0.700000 3.490000 0.729998 -0.501705 0.858978 0.102222 0.334638 0.144814
  37 0.680000 3.470000 0.659998 -0.737006 0.674397 -0.044845 0.336595 0.136986
knife_butterfly.bmp
  37 0.700000 3.490000 0.729998 -0.501705 0.858978 0.102222 0.334638 0.144814
  37 0.700000 3.490000 0.649998 -0.494978 0.866804 -0.060393 0.332681 0.136986
  37 0.680000 3.470000 0.659998 -0.737006 0.674397 -0.044845 0.336595 0.136986
knife_butterfly.bmp
  37 0.680000 3.470000 0.659998 -0.737006 0.674397 -0.044845 0.336595 0.136986
  37 0.700000 3.490000 0.649998 -0.494978 0.866804 -0.060393 0.332681 0.136986
  37 0.700000 3.480000 0.569998 -0.523416 0.805150 -0.278872 0.332681 0.129159
knife_butterfly.bmp
  40 0.730004 3.771436 -0.661859 -0.142506 0.344735 -0.927820 0.522505 0.213307
  40 0.700004 3.821436 -0.641859 -0.643832 0.456275 -0.614242 0.526419 0.207436
  40 0.730004 3.831436 -0.651859 -0.133367 0.607622 -0.782948 0.526419 0.205479
knife_butterfly.bmp
  40 0.730004 3.831436 -0.651859 -0.133367 0.607622 -0.782948 0.526419 0.205479
  40 0.700004 3.821436 -0.641859 -0.643832 0.456275 -0.614242 0.526419 0.207436
  40 0.680003 3.941436 -0.511860 -0.680753 0.544543 -0.489947 0.542074 0.191781
knife_butterfly.bmp
  40 0.700004 3.821436 -0.641859 -0.643832 0.456275 -0.614242 0.526419 0.207436
  40 0.670003 3.911436 -0.501860 -0.936679 0.258654 -0.236075 0.544031 0.195695
  40 0.680003 3.941436 -0.511860 -0.680753 0.544543 -0.489947 0.542074 0.191781
knife_butterfly.bmp
  40 0.680003 3.941436 -0.511860 -0.680753 0.544543 -0.489947 0.542074 0.191781
  40 0.670003 3.911436 -0.501860 -0.936679 0.258654 -0.236075 0.544031 0.195695
  40 0.680003 4.031436 -0.361860 -0.916548 0.286923 -0.278595 0.557730 0.181996
knife_butterfly.bmp
  37 0.690000 3.620000 0.419998 0.000000 -0.290575 0.956852 0.798434 0.307241
  37 0.880000 3.650000 0.429998 0.000001 -0.479133 0.877742 0.812133 0.309198
  37 0.690000 3.650000 0.429998 0.000001 -0.479133 0.877742 0.798434 0.309198
knife_butterfly.bmp
  37 0.690000 3.620000 0.419998 0.000000 -0.290575 0.956852 0.798434 0.307241
  37 0.880000 3.620000 0.419998 0.000000 -0.290575 0.956852 0.812133 0.307241
  37 0.880000 3.650000 0.429998 0.000001 -0.479133 0.877742 0.812133 0.309198
knife_butterfly.bmp
  37 0.690000 3.620000 0.419998 0.000000 -0.290575 0.956852 0.798434 0.307241
  37 0.880000 3.610000 0.419998 0.000000 -0.150063 0.988676 0.812133 0.305284
  37 0.880000 3.620000 0.419998 0.000000 -0.290575 0.956852 0.812133 0.307241
knife_butterfly.bmp
  37 0.690000 3.620000 0.419998 0.000000 -0.290575 0.956852 0.798434 0.307241
  37 0.690000 3.610000 0.419998 0.000000 -0.150063 0.988676 0.798434 0.305284
  37 0.880000 3.610000 0.419998 0.000000 -0.150063 0.988676 0.812133 0.305284
knife_butterfly.bmp
  37 0.710000 4.149999 -0.120003 -0.142501 0.328523 -0.933684 0.305284 0.227006
  37 0.690000 4.199999 -0.080003 -0.643851 0.445498 -0.622083 0.309198 0.221135
  37 0.710000 4.209999 -0.090003 -0.133383 0.593896 -0.793408 0.309198 0.219178
knife_butterfly.bmp
  37 0.710000 4.209999 -0.090003 -0.133383 0.593896 -0.793408 0.309198 0.219178
  37 0.690000 4.199999 -0.080003 -0.643851 0.445498 -0.622083 0.309198 0.221135
  37 0.690000 4.320000 0.049997 -0.695741 0.522616 -0.492764 0.324853 0.205479
knife_butterfly.bmp
  37 0.690000 4.199999 -0.080003 -0.643851 0.445498 -0.622083 0.309198 0.221135
  37 0.690000 4.300000 0.049997 -0.937344 0.255998 -0.236327 0.324853 0.209393
  37 0.690000 4.320000 0.049997 -0.695741 0.522616 -0.492764 0.324853 0.205479
knife_butterfly.bmp
  37 0.690000 4.320000 0.049997 -0.695741 0.522616 -0.492764 0.324853 0.205479
  37 0.690000 4.300000 0.049997 -0.937344 0.255998 -0.236327 0.324853 0.209393
  37 0.690000 4.409999 0.179997 -0.937344 0.255998 -0.236327 0.338552 0.195695
knife_butterfly.bmp
  37 1.280000 3.620000 0.419998 0.000000 -0.290575 0.956852 0.816047 0.289628
  37 1.100000 3.610000 0.419998 0.000000 -0.150063 0.988676 0.829746 0.289628
  37 1.280000 3.610000 0.419998 0.000000 -0.150063 0.988676 0.816047 0.289628
knife_butterfly.bmp
  37 1.280000 3.620000 0.419998 0.000000 -0.290575 0.956852 0.816047 0.289628
  37 1.100000 3.620000 0.419998 0.000000 -0.290575 0.956852 0.829746 0.289628
  37 1.100000 3.610000 0.419998 0.000000 -0.150063 0.988676 0.829746 0.289628
knife_butterfly.bmp
  37 1.280000 3.620000 0.419998 0.000000 -0.290575 0.956852 0.816047 0.289628
  37 1.100000 3.650000 0.429998 0.000001 -0.479133 0.877742 0.829746 0.287671
  37 1.100000 3.620000 0.419998 0.000000 -0.290575 0.956852 0.829746 0.289628
knife_butterfly.bmp
  37 1.280000 3.620000 0.419998 0.000000 -0.290575 0.956852 0.816047 0.289628
  37 1.280000 3.650000 0.429998 0.000001 -0.479133 0.877742 0.816047 0.287671
  37 1.100000 3.650000 0.429998 0.000001 -0.479133 0.877742 0.829746 0.287671
knife_butterfly.bmp
  40 0.890004 3.611436 -0.651859 0.000002 -0.880790 -0.473507 0.908023 0.213307
  40 0.870004 3.601436 -0.611859 0.000002 -0.880790 -0.473507 0.908023 0.217221
  40 0.710004 3.601436 -0.611859 -0.139711 -0.852438 -0.503815 0.890411 0.217221
knife_butterfly.bmp
  40 0.710004 3.601436 -0.611859 -0.139711 -0.852438 -0.503815 0.890411 0.217221
  40 0.870004 3.601436 -0.611859 0.000002 -0.880790 -0.473507 0.908023 0.217221
  40 0.710003 3.561436 -0.571859 -0.158950 -0.635931 -0.755200 0.890411 0.223092
knife_butterfly.bmp
  40 0.870004 3.601436 -0.611859 0.000002 -0.880790 -0.473507 0.908023 0.217221
  40 0.870003 3.561436 -0.571858 0.000004 -0.665724 -0.746198 0.908023 0.223092
  40 0.710003 3.561436 -0.571859 -0.158950 -0.635931 -0.755200 0.890411 0.223092
knife_butterfly.bmp
  40 0.710003 3.561436 -0.571859 -0.158950 -0.635931 -0.755200 0.890411 0.223092
  40 0.870003 3.561436 -0.571858 0.000004 -0.665724 -0.746198 0.908023 0.223092
  40 0.870003 3.501436 -0.501858 0.000003 -0.564668 -0.825318 0.908023 0.230920
knife_butterfly.bmp
  37 0.710000 3.210000 0.369998 -0.148183 -0.409883 -0.900021 0.909980 0.307241
  37 0.880000 3.010000 0.429998 0.000000 -0.369678 -0.929160 0.927593 0.328767
  37 0.710000 3.010000 0.429998 -0.153955 -0.341598 -0.927151 0.909980 0.328767
knife_butterfly.bmp
  37 0.710000 3.010000 0.429998 -0.153955 -0.341598 -0.927151 0.909980 0.328767
  37 0.880000 3.010000 0.429998 0.000000 -0.369678 -0.929160 0.927593 0.328767
  37 0.710000 2.810000 0.509998 -0.153955 -0.341598 -0.927151 0.909980 0.352250
knife_butterfly.bmp
  37 0.880000 3.010000 0.429998 0.000000 -0.369678 -0.929160 0.927593 0.328767
  37 0.880000 2.810000 0.509998 0.000000 -0.317171 -0.948368 0.927593 0.352250
  37 0.710000 2.810000 0.509998 -0.153955 -0.341598 -0.927151 0.909980 0.352250
knife_butterfly.bmp
  37 0.710000 2.810000 0.509998 -0.153955 -0.341598 -0.927151 0.909980 0.352250
  37 0.880000 2.810000 0.509998 0.000000 -0.317171 -0.948368 0.927593 0.352250
  37 0.880000 2.600000 0.579998 0.000000 -0.317171 -0.948368 0.927593 0.375734
knife_butterfly.bmp
  37 0.880000 3.989999 -0.080003 0.000002 -0.760551 -0.649278 0.927593 0.211350
  37 0.880000 3.959999 -0.050002 0.000000 -0.699917 -0.714224 0.927593 0.215264
  37 0.710000 3.959999 -0.050002 -0.149144 -0.693460 -0.704890 0.909980 0.215264
knife_butterfly.bmp
  37 0.710000 3.959999 -0.050002 -0.149144 -0.693460 -0.704890 0.909980 0.215264
  37 0.880000 3.959999 -0.050002 0.000000 -0.699917 -0.714224 0.927593 0.215264
  37 0.710000 3.949999 -0.040002 -0.160088 -0.608379 -0.777333 0.909980 0.219178
knife_butterfly.bmp
  37 0.880000 3.959999 -0.050002 0.000000 -0.699917 -0.714224 0.927593 0.215264
  37 0.880000 3.949999 -0.040002 0.000000 -0.615674 -0.788001 0.927593 0.219178
  37 0.710000 3.949999 -0.040002 -0.160088 -0.608379 -0.777333 0.909980 0.219178
knife_butterfly.bmp
  37 0.710000 3.949999 -0.040002 -0.160088 -0.608379 -0.777333 0.909980 0.219178
  37 0.880000 3.949999 -0.040002 0.000000 -0.615674 -0.788001 0.927593 0.219178
  37 0.880000 3.819999 0.049998 0.000002 -0.533886 -0.845556 0.927593 0.234834
knife_butterfly.bmp
  37 0.880000 4.030000 0.259997 1.000000 0.000000 0.000000 0.454012 0.240705
  37 0.880000 3.949999 -0.040002 1.000000 0.000000 0.000000 0.418787 0.250489
  37 0.880000 4.059999 0.259997 1.000000 0.000000 0.000000 0.454012 0.236791
knife_butterfly.bmp
  37 0.880000 4.059999 0.259997 1.000000 0.000000 0.000000 0.454012 0.236791
  37 0.880000 3.949999 -0.040002 1.000000 0.000000 0.000000 0.418787 0.250489
  37 0.880000 4.099999 0.269997 1.000000 0.000000 0.000000 0.455969 0.232877
knife_butterfly.bmp
  37 0.880000 3.949999 -0.040002 1.000000 0.000000 0.000000 0.418787 0.250489
  37 0.880000 4.099999 0.269997 1.000000 0.000000 0.000000 0.455969 0.230920
  37 0.880000 4.099999 0.269997 1.000000 0.000000 0.000000 0.455969 0.232877
knife_butterfly.bmp
  37 0.690000 4.099999 0.269997 -1.000000 0.000000 0.000000 0.350294 0.230920
  37 0.690000 3.959999 -0.010002 -1.000000 0.000000 0.000000 0.317025 0.248532
  37 0.690000 4.099999 0.269997 -1.000000 0.000000 0.000000 0.350294 0.232877
knife_butterfly.bmp
  37 0.690000 4.099999 0.269997 -1.000000 0.000000 0.000000 0.350294 0.232877
  37 0.690000 3.959999 -0.010002 -1.000000 0.000000 0.000000 0.317025 0.248532
  37 0.690000 4.059999 0.259997 -1.000000 0.000000 0.000000 0.348337 0.236791
knife_butterfly.bmp
  37 0.690000 3.959999 -0.010002 -1.000000 0.000000 0.000000 0.317025 0.248532
  37 0.690000 4.030000 0.259997 -1.000000 0.000000 0.000000 0.348337 0.240705
  37 0.690000 4.059999 0.259997 -1.000000 0.000000 0.000000 0.348337 0.236791
knife_butterfly.bmp
  40 0.660003 3.791436 -0.461859 -1.000000 -0.000001 -0.000026 0.596869 0.798434
  40 0.660003 3.781436 -0.471859 -1.000000 -0.000001 -0.000026 0.596869 0.798434
  40 0.660003 3.791436 -0.451859 -1.000000 -0.000001 -0.000026 0.596869 0.796477
knife_butterfly.bmp
  40 0.660003 3.791436 -0.451859 -1.000000 -0.000001 -0.000026 0.596869 0.796477
  40 0.660003 3.781436 -0.471859 -1.000000 -0.000001 -0.000026 0.596869 0.798434
  40 0.660003 3.771436 -0.481859 -1.000000 -0.000001 -0.000026 0.596869 0.798434
knife_butterfly.bmp
  40 0.660003 3.781436 -0.471859 -1.000000 -0.000001 -0.000026 0.596869 0.798434
  40 0.660003 3.781436 -0.481859 -1.000000 -0.000001 -0.000026 0.596869 0.798434
  40 0.660003 3.771436 -0.481859 -1.000000 -0.000001 -0.000026 0.596869 0.798434
knife_butterfly.bmp
  40 0.660003 3.751436 -0.421859 -1.000000 -0.000001 -0.000026 0.596869 0.796477
  40 0.660003 3.761436 -0.421859 -1.000000 -0.000001 -0.000026 0.596869 0.796477
  40 0.660003 3.741436 -0.411859 -1.000000 -0.000001 -0.000026 0.596869 0.796477
knife_butterfly.bmp
  40 0.660003 3.741436 -0.411859 -1.000000 -0.000001 -0.000026 0.596869 0.796477
  40 0.660003 3.761436 -0.421859 -1.000000 -0.000001 -0.000026 0.596869 0.796477
  40 0.660003 3.781436 -0.421859 -1.000000 -0.000001 -0.000026 0.596869 0.796477
knife_butterfly.bmp
  40 0.660003 3.761436 -0.421859 -1.000000 -0.000001 -0.000026 0.596869 0.796477
  40 0.660003 3.771436 -0.421859 -1.000000 -0.000001 -0.000026 0.596869 0.796477
  40 0.660003 3.781436 -0.421859 -1.000000 -0.000001 -0.000026 0.596869 0.796477
knife_butterfly.bmp
  40 1.300003 3.781436 -0.461858 1.000000 0.000000 0.000002 0.596869 0.841487
  40 1.300003 3.781436 -0.451858 1.000000 0.000000 0.000002 0.596869 0.841487
  40 1.300003 3.771436 -0.461858 1.000000 0.000000 0.000002 0.596869 0.841487
knife_butterfly.bmp
  40 1.300003 3.771436 -0.461858 1.000000 0.000000 0.000002 0.596869 0.841487
  40 1.300003 3.781436 -0.451858 1.000000 0.000000 0.000002 0.596869 0.841487
  40 1.300003 3.791436 -0.431858 1.000000 0.000000 0.000002 0.596869 0.841487
knife_butterfly.bmp
  40 1.300003 3.781436 -0.451858 1.000000 0.000000 0.000002 0.596869 0.841487
  40 1.300003 3.791436 -0.441858 1.000000 0.000000 0.000002 0.596869 0.841487
  40 1.300003 3.791436 -0.431858 1.000000 0.000000 0.000002 0.596869 0.841487
knife_butterfly.bmp
  40 1.300003 3.771436 -0.401858 1.000000 0.000000 0.000002 0.596869 0.841487
  40 1.300003 3.761436 -0.401858 1.000000 0.000000 0.000002 0.596869 0.841487
  40 1.300003 3.781436 -0.401858 1.000000 0.000000 0.000002 0.596869 0.841487
knife_butterfly.bmp
  40 1.300003 3.781436 -0.401858 1.000000 0.000000 0.000002 0.596869 0.841487
  40 1.300003 3.761436 -0.401858 1.000000 0.000000 0.000002 0.596869 0.841487
  40 1.300003 3.741436 -0.411858 1.000000 0.000000 0.000002 0.594912 0.841487
knife_butterfly.bmp
  40 1.300003 3.761436 -0.401858 1.000000 0.000000 0.000002 0.596869 0.841487
  40 1.300003 3.751436 -0.411858 1.000000 0.000000 0.000002 0.594912 0.841487
  40 1.300003 3.741436 -0.411858 1.000000 0.000000 0.000002 0.594912 0.841487
knife_butterfly.bmp
  40 1.260003 4.151437 -0.171859 0.290442 0.706907 0.644923 0.581213 0.166341
  40 1.290003 4.171437 -0.201859 0.650003 0.692376 0.313228 0.577299 0.164384
  40 1.260003 4.181437 -0.221859 0.196707 0.928768 0.314159 0.577299 0.164384
knife_butterfly.bmp
  40 1.260003 4.181437 -0.221859 0.196707 0.928768 0.314159 0.577299 0.164384
  40 1.290003 4.171437 -0.201859 0.650003 0.692376 0.313228 0.577299 0.164384
  40 1.260003 4.181437 -0.251859 0.138765 0.953196 -0.268628 0.573386 0.164384
knife_butterfly.bmp
  40 1.290003 4.171437 -0.201859 0.650003 0.692376 0.313228 0.577299 0.164384
  40 1.290003 4.171437 -0.231859 0.618434 0.769404 -0.159864 0.573386 0.164384
  40 1.260003 4.181437 -0.251859 0.138765 0.953196 -0.268628 0.573386 0.164384
knife_butterfly.bmp
  40 1.280003 3.911436 -0.501859 0.936687 0.258643 -0.236055 0.544031 0.195695
  40 1.290004 3.821436 -0.621858 0.643827 0.456278 -0.614245 0.526419 0.207436
  40 1.270003 3.941436 -0.511859 0.680756 0.544546 -0.489940 0.542074 0.191781
knife_butterfly.bmp
  40 1.270003 3.941436 -0.511859 0.680756 0.544546 -0.489940 0.542074 0.191781
  40 1.290004 3.821436 -0.621858 0.643827 0.456278 -0.614245 0.526419 0.207436
  40 1.260004 3.831436 -0.641858 0.133366 0.607624 -0.782947 0.526419 0.205479
knife_butterfly.bmp
  40 1.290004 3.821436 -0.621858 0.643827 0.456278 -0.614245 0.526419 0.207436
  40 1.260004 3.771436 -0.661858 0.142502 0.344735 -0.927821 0.522505 0.213307
  40 1.260004 3.831436 -0.641858 0.133366 0.607624 -0.782947 0.526419 0.205479
knife_butterfly.bmp
  40 1.240003 3.951436 -0.511859 0.146657 0.731102 -0.666319 0.853229 0.168297
  40 1.260004 3.831436 -0.641858 0.133366 0.607624 -0.782947 0.853229 0.185910
  40 1.080003 3.951436 -0.491859 0.000001 0.745318 -0.666709 0.835616 0.168297
knife_butterfly.bmp
  40 1.080003 3.951436 -0.491859 0.000001 0.745318 -0.666709 0.835616 0.168297
  40 1.260004 3.831436 -0.641858 0.133366 0.607624 -0.782947 0.853229 0.185910
  40 1.100004 3.831436 -0.651859 0.000002 0.619242 -0.785200 0.835616 0.185910
knife_butterfly.bmp
  40 1.260004 3.831436 -0.641858 0.133366 0.607624 -0.782947 0.853229 0.185910
  40 1.260004 3.771436 -0.661858 0.142502 0.344735 -0.927821 0.853229 0.193738
  40 1.100004 3.831436 -0.651859 0.000002 0.619242 -0.785200 0.835616 0.185910
knife_butterfly.bmp
  40 1.080003 3.561436 -0.551858 0.000004 -0.665724 -0.746198 0.835616 0.223092
  40 1.080003 3.601436 -0.591858 0.000002 -0.880790 -0.473507 0.835616 0.217221
  40 1.240003 3.561436 -0.571858 0.158964 -0.635928 -0.755199 0.853229 0.223092
knife_butterfly.bmp
  40 1.240003 3.561436 -0.571858 0.158964 -0.635928 -0.755199 0.853229 0.223092
  40 1.080003 3.601436 -0.591858 0.000002 -0.880790 -0.473507 0.835616 0.217221
  40 1.240003 3.601436 -0.611858 0.139708 -0.852438 -0.503817 0.853229 0.217221
knife_butterfly.bmp
  40 1.080003 3.601436 -0.591858 0.000002 -0.880790 -0.473507 0.835616 0.217221
  40 1.090004 3.611436 -0.631858 0.000002 -0.880790 -0.473507 0.835616 0.213307
  40 1.240003 3.601436 -0.611858 0.139708 -0.852438 -0.503817 0.853229 0.217221
knife_butterfly.bmp
  40 1.080002 2.621437 -0.101856 0.000002 -0.370364 -0.928887 0.835616 0.334638
  40 1.100003 2.821437 -0.161856 0.000002 -0.370364 -0.928887 0.835616 0.311155
  40 1.240002 2.621437 -0.081855 0.151889 -0.366012 -0.918131 0.853229 0.334638
knife_butterfly.bmp
  40 1.240002 2.621437 -0.081855 0.151889 -0.366012 -0.918131 0.853229 0.334638
  40 1.100003 2.821437 -0.161856 0.000002 -0.370364 -0.928887 0.835616 0.311155
  40 1.260003 2.821437 -0.181856 0.151889 -0.366012 -0.918131 0.853229 0.311155
knife_butterfly.bmp
  40 1.100003 2.821437 -0.161856 0.000002 -0.370364 -0.928887 0.835616 0.311155
  40 1.100003 3.031437 -0.261857 0.000002 -0.411377 -0.911465 0.835616 0.287671
  40 1.260003 2.821437 -0.181856 0.151889 -0.366012 -0.918131 0.853229 0.311155
knife_butterfly.bmp
  40 1.080001 3.051438 0.408143 -0.000005 0.370356 0.928890 0.870841 0.346380
  40 1.080001 2.851439 0.488144 -0.000005 0.370356 0.928890 0.870841 0.367906
  40 1.240001 2.851439 0.468144 -0.000005 0.370356 0.928890 0.853229 0.367906
knife_butterfly.bmp
  40 1.240001 2.851439 0.468144 -0.000005 0.370356 0.928890 0.853229 0.367906
  40 1.080001 2.851439 0.488144 -0.000005 0.370356 0.928890 0.870841 0.367906
  40 1.240001 2.651439 0.538145 -0.000004 0.317491 0.948261 0.853229 0.391389
knife_butterfly.bmp
  40 1.080001 2.851439 0.488144 -0.000005 0.370356 0.928890 0.870841 0.367906
  40 1.080001 2.651439 0.538144 -0.000004 0.317491 0.948261 0.870841 0.391389
  40 1.240001 2.651439 0.538145 -0.000004 0.317491 0.948261 0.853229 0.391389
knife_butterfly.bmp
  40 1.080003 3.601436 -0.591858 -1.000000 -0.000001 -0.000026 0.637965 0.232877
  40 1.080003 3.561436 -0.551858 -1.000000 -0.000001 -0.000026 0.643836 0.238748
  40 1.080003 3.891436 -0.501859 -1.000000 -0.000001 -0.000026 0.651663 0.197652
knife_butterfly.bmp
  40 1.080003 3.891436 -0.501859 -1.000000 -0.000001 -0.000026 0.651663 0.197652
  40 1.080003 3.561436 -0.551858 -1.000000 -0.000001 -0.000026 0.643836 0.238748
  40 1.100003 4.021437 -0.351859 -1.000000 -0.000001 -0.000026 0.667319 0.181996
knife_butterfly.bmp
  40 1.080003 3.561436 -0.551858 -1.000000 -0.000001 -0.000026 0.643836 0.238748
  40 1.100003 4.071437 -0.281859 -1.000000 -0.000001 -0.000026 0.679061 0.178082
  40 1.100003 4.021437 -0.351859 -1.000000 -0.000001 -0.000026 0.667319 0.181996
knife_butterfly.bmp
  40 1.300003 4.151437 -0.231859 1.000000 0.000000 0.000002 0.573386 0.168297
  40 1.300003 4.141437 -0.201859 1.000000 0.000000 0.000002 0.577299 0.168297
  40 1.300003 4.141437 -0.251859 1.000000 0.000000 0.000002 0.571429 0.168297
knife_butterfly.bmp
  40 1.300003 4.141437 -0.251859 1.000000 0.000000 0.000002 0.571429 0.168297
  40 1.300003 4.141437 -0.201859 1.000000 0.000000 0.000002 0.577299 0.168297
  40 1.300003 4.071437 -0.281859 1.000000 0.000000 0.000002 0.571429 0.178082
knife_butterfly.bmp
  40 1.300003 4.141437 -0.201859 1.000000 0.000000 0.000002 0.577299 0.168297
  40 1.300003 4.111437 -0.171859 1.000000 0.000000 0.000002 0.581213 0.172211
  40 1.300003 4.071437 -0.281859 1.000000 0.000000 0.000002 0.571429 0.178082
knife_butterfly.bmp
  40 0.890003 4.071437 -0.281860 1.000000 0.000000 0.000002 0.679061 0.178082
  40 0.890003 4.141437 -0.281860 1.000000 0.000000 0.000002 0.675147 0.168297
  40 0.890003 4.151437 -0.171860 1.000000 0.000000 0.000002 0.686888 0.166341
knife_butterfly.bmp
  40 0.890003 4.151437 -0.171860 1.000000 0.000000 0.000002 0.686888 0.166341
  40 0.890003 4.141437 -0.281860 1.000000 0.000000 0.000002 0.675147 0.168297
  40 0.890003 4.181437 -0.201860 1.000000 0.000000 0.000002 0.684932 0.164384
knife_butterfly.bmp
  40 0.890003 4.141437 -0.281860 1.000000 0.000000 0.000002 0.675147 0.168297
  40 0.890003 4.181437 -0.231860 1.000000 0.000000 0.000002 0.681018 0.164384
  40 0.890003 4.181437 -0.201860 1.000000 0.000000 0.000002 0.684932 0.164384
knife_butterfly.bmp
  40 0.670003 3.641436 -0.591859 -1.000000 -0.000001 -0.000026 0.530333 0.228963
  40 0.670003 3.581436 -0.531859 -1.000000 -0.000001 -0.000026 0.540117 0.234834
  40 0.670003 3.891436 -0.501860 -1.000000 -0.000001 -0.000026 0.544031 0.197652
knife_butterfly.bmp
  40 0.670003 3.891436 -0.501860 -1.000000 -0.000001 -0.000026 0.544031 0.197652
  40 0.670003 3.581436 -0.531859 -1.000000 -0.000001 -0.000026 0.540117 0.234834
  40 0.690003 4.021437 -0.351860 -1.000000 -0.000001 -0.000026 0.559687 0.181996
knife_butterfly.bmp
  40 0.670003 3.581436 -0.531859 -1.000000 -0.000001 -0.000026 0.540117 0.234834
  40 0.690003 4.071437 -0.261860 -1.000000 -0.000001 -0.000026 0.571429 0.178082
  40 0.690003 4.021437 -0.351860 -1.000000 -0.000001 -0.000026 0.559687 0.181996
knife_butterfly.bmp
  37 1.110000 3.030000 0.569998 -0.496153 -0.333304 -0.801711 0.377691 0.113503
  37 1.070000 3.240000 0.519998 -0.743829 -0.256577 -0.617160 0.354207 0.115460
  37 1.110000 3.230000 0.499998 -0.496153 -0.333304 -0.801711 0.354207 0.111546
knife_butterfly.bmp
  37 1.110000 3.230000 0.499998 -0.496153 -0.333304 -0.801711 0.354207 0.111546
  37 1.070000 3.240000 0.519998 -0.743829 -0.256577 -0.617160 0.354207 0.115460
  37 1.070000 3.280000 0.509998 -0.743850 -0.112749 -0.658768 0.350294 0.115460
knife_butterfly.bmp
  37 1.070000 3.240000 0.519998 -0.743829 -0.256577 -0.617160 0.354207 0.115460
  37 1.030000 3.270000 0.549998 -0.965779 -0.037197 -0.256686 0.352250 0.121331
  37 1.070000 3.280000 0.509998 -0.743850 -0.112749 -0.658768 0.350294 0.115460
knife_butterfly.bmp
  37 1.290000 3.460000 0.579998 0.744418 0.630104 -0.220932 0.336595 0.082192
  37 1.290000 3.420000 0.539998 0.742080 0.475062 -0.472899 0.340509 0.088063
  37 1.250000 3.480000 0.569998 0.523427 0.805143 -0.278871 0.332681 0.082192
knife_butterfly.bmp
  37 1.250000 3.480000 0.569998 0.523427 0.805143 -0.278871 0.332681 0.082192
  37 1.290000 3.420000 0.539998 0.742080 0.475062 -0.472899 0.340509 0.088063
  37 1.250000 3.440000 0.509998 0.532077 0.616766 -0.580081 0.336595 0.090020
knife_butterfly.bmp
  37 1.290000 3.420000 0.539998 0.742080 0.475062 -0.472899 0.340509 0.088063
  37 1.250000 3.380000 0.489998 0.529786 0.241025 -0.813163 0.342466 0.095890
  37 1.250000 3.440000 0.509998 0.532077 0.616766 -0.580081 0.336595 0.090020
knife_butterfly.bmp
  37 1.330000 3.270000 0.549998 0.965779 -0.037204 -0.256685 0.354207 0.090020
  37 1.290000 3.240000 0.519998 0.743831 -0.256579 -0.617156 0.356164 0.093933
  37 1.290000 3.280000 0.509998 0.743845 -0.112744 -0.658774 0.352250 0.093933
knife_butterfly.bmp
  37 1.290000 3.280000 0.509998 0.743845 -0.112744 -0.658774 0.352250 0.093933
  37 1.290000 3.240000 0.519998 0.743831 -0.256579 -0.617156 0.356164 0.093933
  37 1.250000 3.230000 0.499998 0.496180 -0.320979 -0.806708 0.356164 0.097847
knife_butterfly.bmp
  37 1.290000 3.240000 0.519998 0.743831 -0.256579 -0.617156 0.356164 0.093933
  37 1.250000 3.030000 0.569998 0.496180 -0.320979 -0.806708 0.379648 0.093933
  37 1.250000 3.230000 0.499998 0.496180 -0.320979 -0.806708 0.356164 0.097847
knife_butterfly.bmp
  37 1.360000 3.060000 0.809998 1.000000 0.000000 0.000000 0.381605 0.066536
  37 1.330000 3.050000 0.629998 0.960729 -0.106530 -0.256224 0.377691 0.086106
  37 1.360000 3.270000 0.749998 0.998405 0.055003 -0.012731 0.360078 0.070450
knife_butterfly.bmp
  37 1.360000 3.270000 0.749998 0.998405 0.055003 -0.012731 0.360078 0.070450
  37 1.330000 3.050000 0.629998 0.960729 -0.106530 -0.256224 0.377691 0.086106
  37 1.330000 3.260000 0.559998 0.960729 -0.106530 -0.256224 0.356164 0.090020
knife_butterfly.bmp
  37 1.330000 3.050000 0.629998 0.960729 -0.106530 -0.256224 0.377691 0.086106
  37 1.290000 3.030000 0.589998 0.743831 -0.256579 -0.617156 0.379648 0.090020
  37 1.330000 3.260000 0.559998 0.960729 -0.106530 -0.256224 0.356164 0.090020
knife_butterfly.bmp
  37 1.250000 4.209999 -0.090003 0.133377 0.593895 -0.793410 0.309198 0.219178
  37 1.270000 4.320000 0.049997 0.695761 0.522606 -0.492747 0.324853 0.205479
  37 1.270000 4.199999 -0.080003 0.643851 0.445492 -0.622088 0.309198 0.221135
knife_butterfly.bmp
  37 1.270000 4.199999 -0.080003 0.643851 0.445492 -0.622088 0.309198 0.221135
  37 1.270000 4.320000 0.049997 0.695761 0.522606 -0.492747 0.324853 0.205479
  37 1.280000 4.300000 0.049997 0.937357 0.255974 -0.236304 0.326810 0.209393
knife_butterfly.bmp
  37 1.270000 4.320000 0.049997 0.695761 0.522606 -0.492747 0.324853 0.205479
  37 1.280000 4.409999 0.179997 0.937357 0.255974 -0.236304 0.340509 0.195695
  37 1.280000 4.300000 0.049997 0.937357 0.255974 -0.236304 0.326810 0.209393
knife_butterfly.bmp
  37 1.100000 3.949999 -0.040002 0.000000 -0.615674 -0.788001 0.949119 0.217221
  37 1.100000 3.959999 -0.050002 0.000000 -0.699917 -0.714224 0.949119 0.215264
  37 1.250000 3.949999 -0.040002 0.160111 -0.608367 -0.777338 0.966732 0.217221
knife_butterfly.bmp
  37 1.250000 3.949999 -0.040002 0.160111 -0.608367 -0.777338 0.966732 0.217221
  37 1.100000 3.959999 -0.050002 0.000000 -0.699917 -0.714224 0.949119 0.215264
  37 1.250000 3.959999 -0.050002 0.149151 -0.693454 -0.704894 0.966732 0.215264
knife_butterfly.bmp
  37 1.100000 3.959999 -0.050002 0.000000 -0.699917 -0.714224 0.949119 0.215264
  37 1.100000 3.989999 -0.080003 0.000002 -0.760551 -0.649278 0.949119 0.211350
  37 1.250000 3.959999 -0.050002 0.149151 -0.693454 -0.704894 0.966732 0.215264
knife_butterfly.bmp
  37 1.250000 4.329999 0.039997 0.151725 0.719425 -0.677796 0.966732 0.166341
  37 1.250000 4.209999 -0.090003 0.133377 0.593895 -0.793410 0.966732 0.185910
  37 1.100000 4.329999 0.039997 -0.000001 0.733595 -0.679587 0.949119 0.166341
knife_butterfly.bmp
  37 1.100000 4.329999 0.039997 -0.000001 0.733595 -0.679587 0.949119 0.166341
  37 1.250000 4.209999 -0.090003 0.133377 0.593895 -0.793410 0.966732 0.185910
  37 1.100000 4.209999 -0.090003 -0.000002 0.591572 -0.806252 0.949119 0.185910
knife_butterfly.bmp
  37 1.250000 4.209999 -0.090003 0.133377 0.593895 -0.793410 0.966732 0.185910
  37 1.250000 4.149999 -0.120003 0.142501 0.328523 -0.933684 0.966732 0.191781
  37 1.100000 4.209999 -0.090003 -0.000002 0.591572 -0.806252 0.949119 0.185910
knife_butterfly.bmp
  37 1.100000 4.099999 0.269997 -1.000000 0.000000 0.000000 0.455969 0.230920
  37 1.100000 3.949999 -0.040002 -1.000000 0.000000 0.000000 0.418787 0.250489
  37 1.100000 4.099999 0.269997 -1.000000 0.000000 0.000000 0.455969 0.232877
knife_butterfly.bmp
  37 1.100000 4.099999 0.269997 -1.000000 0.000000 0.000000 0.455969 0.232877
  37 1.100000 3.949999 -0.040002 -1.000000 0.000000 0.000000 0.418787 0.250489
  37 1.100000 4.059999 0.259997 -1.000000 0.000000 0.000000 0.454012 0.236791
knife_butterfly.bmp
  37 1.100000 3.949999 -0.040002 -1.000000 0.000000 0.000000 0.418787 0.250489
  37 1.100000 4.030000 0.259997 -1.000000 0.000000 0.000000 0.454012 0.240705
  37 1.100000 4.059999 0.259997 -1.000000 0.000000 0.000000 0.454012 0.236791
knife_butterfly.bmp
  37 0.680000 4.099999 0.039997 -1.000000 0.000000 0.000000 0.493151 0.833659
  37 0.680000 4.110000 0.039997 -1.000000 0.000000 0.000000 0.495108 0.833659
  37 0.680000 4.090000 0.029997 -1.000000 0.000000 0.000000 0.493151 0.833659
knife_butterfly.bmp
  37 0.680000 4.090000 0.029997 -1.000000 0.000000 0.000000 0.493151 0.833659
  37 0.680000 4.110000 0.039997 -1.000000 0.000000 0.000000 0.495108 0.833659
  37 0.680000 4.130000 0.039997 -1.000000 0.000000 0.000000 0.495108 0.833659
knife_butterfly.bmp
  37 0.680000 4.110000 0.039997 -1.000000 0.000000 0.000000 0.495108 0.833659
  37 0.680000 4.119999 0.039997 -1.000000 0.000000 0.000000 0.495108 0.833659
  37 0.680000 4.130000 0.039997 -1.000000 0.000000 0.000000 0.495108 0.833659
knife_butterfly.bmp
  37 0.680000 4.139999 -0.000003 -1.000000 0.000000 0.000000 0.495108 0.835616
  37 0.680000 4.129999 -0.010003 -1.000000 0.000000 0.000000 0.495108 0.835616
  37 0.680000 4.139999 0.009997 -1.000000 0.000000 0.000000 0.497065 0.835616
knife_butterfly.bmp
  37 0.680000 4.139999 0.009997 -1.000000 0.000000 0.000000 0.497065 0.835616
  37 0.680000 4.129999 -0.010003 -1.000000 0.000000 0.000000 0.495108 0.835616
  37 0.680000 4.109999 -0.010003 -1.000000 0.000000 0.000000 0.495108 0.835616
knife_butterfly.bmp
  37 0.680000 4.129999 -0.010003 -1.000000 0.000000 0.000000 0.495108 0.835616
  37 0.680000 4.119999 -0.010003 -1.000000 0.000000 0.000000 0.495108 0.835616
  37 0.680000 4.109999 -0.010003 -1.000000 0.000000 0.000000 0.495108 0.835616
knife_butterfly.bmp
  37 0.900000 3.460000 0.579998 0.744418 0.630104 -0.220932 0.336595 0.082192
  37 0.900000 3.420000 0.539998 0.742080 0.475062 -0.472899 0.340509 0.088063
  37 0.880000 3.480000 0.569998 0.523427 0.805143 -0.278871 0.332681 0.082192
knife_butterfly.bmp
  37 0.880000 3.480000 0.569998 0.523427 0.805143 -0.278871 0.332681 0.082192
  37 0.900000 3.420000 0.539998 0.742080 0.475062 -0.472899 0.340509 0.088063
  37 0.880000 3.440000 0.509998 0.532077 0.616766 -0.580081 0.336595 0.090020
knife_butterfly.bmp
  37 0.900000 3.420000 0.539998 0.742080 0.475062 -0.472899 0.340509 0.088063
  37 0.880000 3.380000 0.489998 0.529786 0.241025 -0.813163 0.342466 0.095890
  37 0.880000 3.440000 0.509998 0.532077 0.616766 -0.580081 0.336595 0.090020
knife_butterfly.bmp
  37 0.940000 3.270000 0.549998 0.965779 -0.037204 -0.256685 0.354207 0.090020
  37 0.900000 3.240000 0.519998 0.743831 -0.256579 -0.617156 0.356164 0.093933
  37 0.900000 3.280000 0.509998 0.743845 -0.112744 -0.658774 0.352250 0.093933
knife_butterfly.bmp
  37 0.900000 3.280000 0.509998 0.743845 -0.112744 -0.658774 0.352250 0.093933
  37 0.900000 3.240000 0.519998 0.743831 -0.256579 -0.617156 0.356164 0.093933
  37 0.880000 3.230000 0.499998 0.496180 -0.320979 -0.806708 0.356164 0.097847
knife_butterfly.bmp
  37 0.900000 3.240000 0.519998 0.743831 -0.256579 -0.617156 0.356164 0.093933
  37 0.880000 3.030000 0.569998 0.496180 -0.320979 -0.806708 0.379648 0.093933
  37 0.880000 3.230000 0.499998 0.496180 -0.320979 -0.806708 0.356164 0.097847
knife_butterfly.bmp
  37 1.280000 4.030000 0.259997 1.000000 0.000000 0.000000 0.350294 0.240705
  37 1.280000 3.959999 -0.010002 1.000000 0.000000 0.000000 0.318982 0.248532
  37 1.280000 4.059999 0.259997 1.000000 0.000000 0.000000 0.350294 0.236791
knife_butterfly.bmp
  37 1.280000 4.059999 0.259997 1.000000 0.000000 0.000000 0.350294 0.236791
  37 1.280000 3.959999 -0.010002 1.000000 0.000000 0.000000 0.318982 0.248532
  37 1.280000 4.099999 0.269997 1.000000 0.000000 0.000000 0.352250 0.232877
knife_butterfly.bmp
  37 1.280000 3.959999 -0.010002 1.000000 0.000000 0.000000 0.318982 0.248532
  37 1.280000 4.099999 0.269997 1.000000 0.000000 0.000000 0.352250 0.230920
  37 1.280000 4.099999 0.269997 1.000000 0.000000 0.000000 0.352250 0.232877
knife_butterfly.bmp
  37 1.320000 4.119999 -0.010003 1.000000 0.000000 0.000000 0.495108 0.892368
  37 1.320000 4.129999 -0.010003 1.000000 0.000000 0.000000 0.495108 0.894325
  37 1.320000 4.109999 -0.010003 1.000000 0.000000 0.000000 0.495108 0.892368
knife_butterfly.bmp
  37 1.320000 4.109999 -0.010003 1.000000 0.000000 0.000000 0.495108 0.892368
  37 1.320000 4.129999 -0.010003 1.000000 0.000000 0.000000 0.495108 0.894325
  37 1.320000 4.139999 0.009997 1.000000 0.000000 0.000000 0.497065 0.894325
knife_butterfly.bmp
  37 1.320000 4.129999 -0.010003 1.000000 0.000000 0.000000 0.495108 0.894325
  37 1.320000 4.139999 -0.000003 1.000000 0.000000 0.000000 0.495108 0.894325
  37 1.320000 4.139999 0.009997 1.000000 0.000000 0.000000 0.497065 0.894325
knife_butterfly.bmp
  37 1.320000 4.119999 0.039997 1.000000 0.000000 0.000000 0.495108 0.896282
  37 1.320000 4.110000 0.039997 1.000000 0.000000 0.000000 0.495108 0.896282
  37 1.320000 4.130000 0.039997 1.000000 0.000000 0.000000 0.495108 0.896282
knife_butterfly.bmp
  37 1.320000 4.130000 0.039997 1.000000 0.000000 0.000000 0.495108 0.896282
  37 1.320000 4.110000 0.039997 1.000000 0.000000 0.000000 0.495108 0.896282
  37 1.320000 4.090000 0.029997 1.000000 0.000000 0.000000 0.493151 0.896282
knife_butterfly.bmp
  37 1.320000 4.110000 0.039997 1.000000 0.000000 0.000000 0.495108 0.896282
  37 1.320000 4.099999 0.039997 1.000000 0.000000 0.000000 0.493151 0.896282
  37 1.320000 4.090000 0.029997 1.000000 0.000000 0.000000 0.493151 0.896282
knife_butterfly.bmp
  37 0.700000 3.030000 0.569998 -0.496153 -0.333304 -0.801711 0.377691 0.113503
  37 0.680000 3.240000 0.519998 -0.743829 -0.256577 -0.617160 0.354207 0.115460
  37 0.700000 3.230000 0.499998 -0.496153 -0.333304 -0.801711 0.354207 0.111546
knife_butterfly.bmp
  37 0.700000 3.230000 0.499998 -0.496153 -0.333304 -0.801711 0.354207 0.111546
  37 0.680000 3.240000 0.519998 -0.743829 -0.256577 -0.617160 0.354207 0.115460
  37 0.680000 3.280000 0.509998 -0.743850 -0.112749 -0.658768 0.350294 0.115460
knife_butterfly.bmp
  37 0.680000 3.240000 0.519998 -0.743829 -0.256577 -0.617160 0.354207 0.115460
  37 0.640000 3.270000 0.549998 -0.965779 -0.037197 -0.256686 0.352250 0.121331
  37 0.680000 3.280000 0.509998 -0.743850 -0.112749 -0.658768 0.350294 0.115460
knife_butterfly.bmp
  40 0.870003 3.951436 -0.511859 0.000001 0.745318 -0.666709 0.908023 0.168297
  40 0.890004 3.831436 -0.631859 0.000002 0.619242 -0.785200 0.908023 0.187867
  40 0.730004 3.831436 -0.651859 -0.133367 0.607622 -0.782948 0.890411 0.187867
knife_butterfly.bmp
  40 0.730004 3.831436 -0.651859 -0.133367 0.607622 -0.782948 0.890411 0.187867
  40 0.890004 3.831436 -0.631859 0.000002 0.619242 -0.785200 0.908023 0.187867
  40 0.730004 3.771436 -0.661859 -0.142506 0.344735 -0.927820 0.890411 0.193738
knife_butterfly.bmp
  40 0.890004 3.831436 -0.631859 0.000002 0.619242 -0.785200 0.908023 0.187867
  40 0.890004 3.771436 -0.661859 0.000003 0.313363 -0.949633 0.908023 0.193738
  40 0.730004 3.771436 -0.661859 -0.142506 0.344735 -0.927820 0.890411 0.193738
knife_butterfly.bmp
  37 0.880000 4.329999 0.039997 -0.000001 0.733595 -0.679587 0.927593 0.166341
  37 0.880000 4.209999 -0.090003 -0.000002 0.591572 -0.806252 0.927593 0.185910
  37 0.710000 4.209999 -0.090003 -0.133383 0.593896 -0.793408 0.909980 0.185910
knife_butterfly.bmp
  37 0.710000 4.209999 -0.090003 -0.133383 0.593896 -0.793408 0.909980 0.185910
  37 0.880000 4.209999 -0.090003 -0.000002 0.591572 -0.806252 0.927593 0.185910
  37 0.710000 4.149999 -0.120003 -0.142501 0.328523 -0.933684 0.909980 0.193738
knife_butterfly.bmp
  37 0.880000 4.209999 -0.090003 -0.000002 0.591572 -0.806252 0.927593 0.185910
  37 0.880000 4.149999 -0.120003 0.000000 0.326347 -0.945250 0.927593 0.193738
  37 0.710000 4.149999 -0.120003 -0.142501 0.328523 -0.933684 0.909980 0.193738
knife_butterfly.bmp
  40 0.870001 2.651439 0.558144 -0.000004 0.317491 0.948261 0.870841 0.391389
  40 0.870001 2.851439 0.468143 -0.000005 0.370356 0.928890 0.870841 0.369863
  40 0.710001 2.651439 0.538144 -0.000004 0.317491 0.948261 0.888454 0.391389
knife_butterfly.bmp
  40 0.710001 2.651439 0.538144 -0.000004 0.317491 0.948261 0.888454 0.391389
  40 0.870001 2.851439 0.468143 -0.000005 0.370356 0.928890 0.870841 0.369863
  40 0.710001 2.851439 0.488143 -0.000005 0.370356 0.928890 0.888454 0.369863
knife_butterfly.bmp
  40 0.870001 2.851439 0.468143 -0.000005 0.370356 0.928890 0.870841 0.369863
  40 0.870001 3.051438 0.428143 -0.000005 0.370356 0.928890 0.870841 0.346380
  40 0.710001 2.851439 0.488143 -0.000005 0.370356 0.928890 0.888454 0.369863
knife_butterfly.bmp
  37 0.880000 4.530000 0.339997 1.000000 0.000000 0.000000 0.463796 0.181996
  37 0.880000 4.530000 0.259997 1.000000 0.000000 0.000000 0.454012 0.181996
  37 0.880000 4.550000 0.329997 1.000000 0.000000 0.000000 0.461840 0.180039
knife_butterfly.bmp
  37 0.880000 4.550000 0.329997 1.000000 0.000000 0.000000 0.461840 0.180039
  37 0.880000 4.530000 0.259997 1.000000 0.000000 0.000000 0.454012 0.181996
  37 0.880000 4.560000 0.299997 1.000000 0.000000 0.000000 0.457926 0.178082
knife_butterfly.bmp
  37 0.880000 3.490000 0.569998 1.000000 0.000000 0.000000 0.489237 0.303327
  37 0.880000 3.410000 0.279998 1.000000 0.000000 0.000000 0.454012 0.311155
  37 0.880000 3.480000 0.529998 1.000000 0.000000 0.000000 0.485323 0.303327
knife_butterfly.bmp
  37 0.880000 3.480000 0.529998 1.000000 0.000000 0.000000 0.485323 0.303327
  37 0.880000 3.410000 0.279998 1.000000 0.000000 0.000000 0.454012 0.311155
  37 0.880000 3.490000 0.489998 1.000000 0.000000 0.000000 0.481409 0.303327
knife_butterfly.bmp
  37 0.690000 3.650000 0.429998 -1.000000 0.000000 0.000000 0.367906 0.285714
  37 0.690000 3.680000 0.459998 -1.000000 0.000000 0.000000 0.371820 0.281800
  37 0.690000 3.609999 0.199998 -1.000000 0.000000 0.000000 0.342466 0.289628
knife_butterfly.bmp
  37 0.690000 3.609999 0.199998 -1.000000 0.000000 0.000000 0.342466 0.289628
  37 0.690000 3.680000 0.459998 -1.000000 0.000000 0.000000 0.371820 0.281800
  37 0.690000 3.700000 0.489998 -1.000000 0.000000 0.000000 0.375734 0.279843
knife_butterfly.bmp
  37 0.690000 3.490000 0.489998 -1.000000 0.000000 0.000000 0.375734 0.303327
  37 0.690000 3.510000 0.459998 -1.000000 0.000000 0.000000 0.371820 0.301370
  37 0.690000 3.410000 0.309998 -1.000000 0.000000 0.000000 0.352250 0.311155
knife_butterfly.bmp
  37 0.690000 3.410000 0.309998 -1.000000 0.000000 0.000000 0.352250 0.311155
  37 0.690000 3.510000 0.459998 -1.000000 0.000000 0.000000 0.371820 0.301370
  37 0.690000 3.540000 0.429998 -1.000000 0.000000 0.000000 0.369863 0.297456
knife_butterfly.bmp
  41 0.778069 4.695070 -0.481043 0.000014 -0.053502 -0.998568 0.043053 0.277886
  41 0.928069 4.695070 -0.501043 0.000014 -0.053502 -0.998568 0.027397 0.277886
  41 0.778069 4.635070 -0.481043 0.000014 -0.053502 -0.998568 0.043053 0.273973
knife_butterfly.bmp
  41 0.778069 4.635070 -0.481043 0.000014 -0.053502 -0.998568 0.043053 0.273973
  41 0.928069 4.695070 -0.501043 0.000014 -0.053502 -0.998568 0.027397 0.277886
  41 0.928069 4.635070 -0.501043 0.000014 -0.053502 -0.998568 0.027397 0.273973
knife_butterfly.bmp
  41 1.118069 4.695070 -0.451043 0.000002 0.998567 -0.053516 0.007828 0.285714
  41 0.978069 4.695070 -0.461043 0.000002 0.998567 -0.053516 0.021526 0.283757
  41 0.788069 4.695070 -0.431043 0.000002 0.998567 -0.053516 0.041096 0.285714
knife_butterfly.bmp
  41 0.788069 4.695070 -0.431043 0.000002 0.998567 -0.053516 0.041096 0.285714
  41 0.978069 4.695070 -0.461043 0.000002 0.998567 -0.053516 0.021526 0.283757
  41 0.928069 4.695070 -0.461043 0.000002 0.998567 -0.053516 0.027397 0.283757
knife_butterfly.bmp
  40 0.840001 2.621439 0.468144 0.511971 0.608385 0.606427 0.675147 0.037182
  40 0.870001 2.611439 0.448144 0.738831 0.482473 0.470476 0.677104 0.041096
  40 0.860002 2.691438 0.358144 0.507875 0.775079 0.375919 0.665362 0.046967
knife_butterfly.bmp
  40 0.860002 2.691438 0.358144 0.507875 0.775079 0.375919 0.665362 0.046967
  40 0.870001 2.611439 0.448144 0.738831 0.482473 0.470476 0.677104 0.041096
  40 0.890002 2.671439 0.368144 0.737920 0.602282 0.304517 0.669276 0.048924
knife_butterfly.bmp
  41 1.118069 4.635070 -0.441042 -0.000004 0.053483 0.998569 0.007828 0.289628
  41 1.118069 4.695070 -0.451043 -0.000004 0.053483 0.998569 0.007828 0.285714
  41 0.788069 4.635070 -0.421043 -0.000004 0.053483 0.998569 0.041096 0.289628
knife_butterfly.bmp
  41 0.788069 4.635070 -0.421043 -0.000004 0.053483 0.998569 0.041096 0.289628
  41 1.118069 4.695070 -0.451043 -0.000004 0.053483 0.998569 0.007828 0.285714
  41 0.788069 4.695070 -0.431043 -0.000004 0.053483 0.998569 0.041096 0.285714
knife_butterfly.bmp
  41 0.788069 4.635070 -0.421043 -0.994926 0.005385 0.100461 0.046967 0.285714
  41 0.788069 4.695070 -0.431043 -0.994926 0.005385 0.100461 0.041096 0.285714
  41 0.778069 4.635070 -0.481043 -0.994926 0.005385 0.100461 0.046967 0.279843
knife_butterfly.bmp
  41 0.778069 4.635070 -0.481043 -0.994926 0.005385 0.100461 0.046967 0.279843
  41 0.788069 4.695070 -0.431043 -0.994926 0.005385 0.100461 0.041096 0.285714
  41 0.778069 4.695070 -0.481043 -0.994926 0.005385 0.100461 0.043053 0.277886
knife_butterfly.bmp
  41 1.128069 4.635070 -0.501042 0.994927 0.005364 0.100455 0.001957 0.279843
  41 1.128069 4.695070 -0.501043 0.994927 0.005364 0.100455 0.005871 0.277886
  41 1.118069 4.635070 -0.441042 0.994927 0.005364 0.100455 0.003914 0.285714
knife_butterfly.bmp
  41 1.118069 4.635070 -0.441042 0.994927 0.005364 0.100455 0.003914 0.285714
  41 1.128069 4.695070 -0.501043 0.994927 0.005364 0.100455 0.005871 0.277886
  41 1.118069 4.695070 -0.451043 0.994927 0.005364 0.100455 0.007828 0.285714
knife_butterfly.bmp
  41 0.978069 4.635070 -0.461043 -0.000004 0.053483 0.998569 0.021526 0.289628
  41 0.928069 4.635070 -0.461043 -0.000004 0.053483 0.998569 0.027397 0.289628
  41 0.978069 3.765070 -0.421041 -0.000004 0.053483 0.998569 0.021526 0.375734
knife_butterfly.bmp
  41 0.978069 3.765070 -0.421041 -0.000004 0.053483 0.998569 0.021526 0.375734
  41 0.928069 4.635070 -0.461043 -0.000004 0.053483 0.998569 0.027397 0.289628
  41 0.928069 3.765070 -0.421041 -0.000004 0.053483 0.998569 0.027397 0.375734
knife_butterfly.bmp
  41 0.978069 3.765070 -0.421041 -0.000003 -0.998568 0.053491 0.019569 0.264188
  41 0.928069 3.765070 -0.421041 -0.000003 -0.998568 0.053491 0.019569 0.272016
  41 0.978069 3.765070 -0.461041 -0.000003 -0.998568 0.053491 0.013699 0.264188
knife_butterfly.bmp
  41 0.978069 3.765070 -0.461041 -0.000003 -0.998568 0.053491 0.013699 0.264188
  41 0.928069 3.765070 -0.421041 -0.000003 -0.998568 0.053491 0.019569 0.272016
  41 0.928069 3.765070 -0.461041 -0.000003 -0.998568 0.053491 0.013699 0.272016
knife_butterfly.bmp
  41 0.928069 4.635070 -0.501043 -1.000000 0.000000 -0.000002 0.029354 0.273973
  41 0.928069 3.765070 -0.461041 -1.000000 0.000000 -0.000002 0.029354 0.185910
  41 0.928069 4.635070 -0.461043 -1.000000 0.000000 -0.000002 0.035225 0.273973
knife_butterfly.bmp
  41 0.928069 4.635070 -0.461043 -1.000000 0.000000 -0.000002 0.035225 0.273973
  41 0.928069 3.765070 -0.461041 -1.000000 0.000000 -0.000002 0.029354 0.185910
  41 0.928069 3.765070 -0.421041 -1.000000 0.000000 -0.000002 0.035225 0.185910
knife_butterfly.bmp
  41 0.978069 3.765070 -0.421041 1.000000 0.000000 0.000018 0.019569 0.264188
  41 0.978069 3.765070 -0.461041 1.000000 0.000000 0.000018 0.013699 0.264188
  41 0.978069 4.635070 -0.461043 1.000000 0.000000 0.000018 0.017613 0.174168
knife_butterfly.bmp
  41 0.978069 4.635070 -0.461043 1.000000 0.000000 0.000018 0.017613 0.174168
  41 0.978069 3.765070 -0.461041 1.000000 0.000000 0.000018 0.013699 0.264188
  41 0.978069 4.635070 -0.501043 1.000000 0.000000 0.000018 0.011742 0.176125
knife_butterfly.bmp
  40 1.240001 2.621439 0.448145 0.511971 0.608385 0.606427 0.675147 0.037182
  40 1.280001 2.611439 0.448145 0.738831 0.482473 0.470476 0.677104 0.041096
  40 1.260002 2.691438 0.348145 0.507875 0.775079 0.375919 0.665362 0.046967
knife_butterfly.bmp
  40 1.260002 2.691438 0.348145 0.507875 0.775079 0.375919 0.665362 0.046967
  40 1.280001 2.611439 0.448145 0.738831 0.482473 0.470476 0.677104 0.041096
  40 1.300002 2.671438 0.348145 0.737920 0.602282 0.304517 0.669276 0.048924
knife_butterfly.bmp
  40 1.240003 3.951436 -0.511859 0.146657 0.731102 -0.666319 0.853229 0.168297
  40 1.080003 3.951436 -0.491859 0.000001 0.745318 -0.666709 0.870841 0.168297
  40 1.240003 4.041436 -0.411859 0.146657 0.731102 -0.666319 0.853229 0.181996
knife_butterfly.bmp
  40 1.240003 4.041436 -0.411859 0.146657 0.731102 -0.666319 0.853229 0.181996
  40 1.080003 3.951436 -0.491859 0.000001 0.745318 -0.666709 0.870841 0.168297
  40 1.080003 4.041436 -0.391859 0.000001 0.745318 -0.666709 0.870841 0.181996
knife_butterfly.bmp
  40 1.080002 3.241438 0.098143 -1.000000 -0.000001 -0.000026 0.720157 0.275930
  40 1.080002 3.211438 0.108143 -1.000000 -0.000001 -0.000026 0.722114 0.279843
  40 1.100002 3.251438 0.338143 -1.000000 -0.000001 -0.000026 0.749511 0.273973
knife_butterfly.bmp
  40 1.100002 3.251438 0.338143 -1.000000 -0.000001 -0.000026 0.749511 0.273973
  40 1.080002 3.211438 0.108143 -1.000000 -0.000001 -0.000026 0.722114 0.279843
  40 1.080002 3.171438 0.108143 -1.000000 -0.000001 -0.000026 0.722114 0.283757
knife_butterfly.bmp
  40 1.100002 3.231437 -0.101857 -1.000000 -0.000001 -0.000026 0.696673 0.275930
  40 1.090002 3.251437 -0.091857 -1.000000 -0.000001 -0.000026 0.698630 0.273973
  40 1.100003 3.231437 -0.341857 -1.000000 -0.000001 -0.000026 0.667319 0.277886
knife_butterfly.bmp
  40 1.100003 3.231437 -0.341857 -1.000000 -0.000001 -0.000026 0.667319 0.277886
  40 1.090002 3.251437 -0.091857 -1.000000 -0.000001 -0.000026 0.698630 0.273973
  40 1.080002 3.281437 -0.071857 -1.000000 -0.000001 -0.000026 0.700587 0.272016
knife_butterfly.bmp
  40 1.280003 3.891436 -0.501859 1.000000 0.000000 0.000002 0.544031 0.197652
  40 1.300003 4.031436 -0.381859 1.000000 0.000000 0.000002 0.557730 0.181996
  40 1.300003 4.021437 -0.371859 1.000000 0.000000 0.000002 0.559687 0.181996
knife_butterfly.bmp
  40 1.300003 4.021437 -0.371859 1.000000 0.000000 0.000002 0.559687 0.181996
  40 1.300003 4.031436 -0.381859 1.000000 0.000000 0.000002 0.557730 0.181996
  40 1.300003 4.091437 -0.301859 1.000000 0.000000 0.000002 0.565558 0.174168
knife_butterfly.bmp
  40 1.280003 3.231437 -0.121857 1.000000 0.000000 0.000002 0.589041 0.275930
  40 1.300003 3.231437 -0.321857 1.000000 0.000000 0.000002 0.565558 0.277886
  40 1.280002 3.251437 -0.111857 1.000000 0.000000 0.000002 0.590998 0.273973
knife_butterfly.bmp
  40 1.280002 3.251437 -0.111857 1.000000 0.000000 0.000002 0.590998 0.273973
  40 1.300003 3.231437 -0.321857 1.000000 0.000000 0.000002 0.565558 0.277886
  40 1.280002 3.281437 -0.091857 1.000000 0.000000 0.000002 0.592955 0.272016
knife_butterfly.bmp
  40 0.870002 3.171438 0.088143 1.000000 0.000000 0.000002 0.722114 0.283757
  40 0.870002 3.211438 0.088142 1.000000 0.000000 0.000002 0.722114 0.279843
  40 0.890002 3.251438 0.328142 1.000000 0.000000 0.000002 0.749511 0.273973
knife_butterfly.bmp
  40 0.890002 3.251438 0.328142 1.000000 0.000000 0.000002 0.749511 0.273973
  40 0.870002 3.211438 0.088142 1.000000 0.000000 0.000002 0.722114 0.279843
  40 0.870002 3.241437 0.078142 1.000000 0.000000 0.000002 0.720157 0.275930
knife_butterfly.bmp
  40 0.870002 3.281437 -0.091858 1.000000 0.000000 0.000002 0.700587 0.272016
  40 0.870003 3.251437 -0.111858 1.000000 0.000000 0.000002 0.698630 0.273973
  40 0.890003 3.231437 -0.361858 1.000000 0.000000 0.000002 0.667319 0.277886
knife_butterfly.bmp
  40 0.890003 3.231437 -0.361858 1.000000 0.000000 0.000002 0.667319 0.277886
  40 0.870003 3.251437 -0.111858 1.000000 0.000000 0.000002 0.698630 0.273973
  40 0.880003 3.231437 -0.121858 1.000000 0.000000 0.000002 0.696673 0.275930
knife_butterfly.bmp
  40 0.670002 2.881438 0.068143 -1.000000 -0.000001 -0.000026 0.610568 0.318982
  40 0.670002 2.911438 0.098143 -1.000000 -0.000001 -0.000026 0.612524 0.315068
  40 0.690003 2.821437 -0.121857 -1.000000 -0.000001 -0.000026 0.587084 0.324853
knife_butterfly.bmp
  40 0.690003 2.821437 -0.121857 -1.000000 -0.000001 -0.000026 0.587084 0.324853
  40 0.670002 2.911438 0.098143 -1.000000 -0.000001 -0.000026 0.612524 0.315068
  40 0.670002 2.931438 0.128143 -1.000000 -0.000001 -0.000026 0.616438 0.313112
knife_butterfly.bmp
  40 0.670002 2.721438 0.108143 -1.000000 -0.000001 -0.000026 0.616438 0.338552
  40 0.670002 2.741437 0.078143 -1.000000 -0.000001 -0.000026 0.612524 0.334638
  40 0.670002 2.621437 -0.071856 -1.000000 -0.000001 -0.000026 0.596869 0.348337
knife_butterfly.bmp
  40 0.670002 2.621437 -0.071856 -1.000000 -0.000001 -0.000026 0.596869 0.348337
  40 0.670002 2.741437 0.078143 -1.000000 -0.000001 -0.000026 0.612524 0.334638
  40 0.670002 2.771438 0.048143 -1.000000 -0.000001 -0.000026 0.610568 0.332681
knife_butterfly.bmp
  40 0.890003 4.101437 -0.351860 1.000000 0.000000 0.000002 0.669276 0.174168
  40 0.870003 4.021437 -0.371860 1.000000 0.000000 0.000002 0.667319 0.181996
  40 0.870003 4.041436 -0.411860 1.000000 0.000000 0.000002 0.661448 0.180039
knife_butterfly.bmp
  40 0.870003 4.041436 -0.411860 1.000000 0.000000 0.000002 0.661448 0.180039
  40 0.870003 4.021437 -0.371860 1.000000 0.000000 0.000002 0.667319 0.181996
  40 0.870003 3.891436 -0.481859 1.000000 0.000000 0.000002 0.651663 0.197652
knife_butterfly.bmp
  40 0.670002 3.231437 -0.101858 -1.000000 -0.000001 -0.000026 0.589041 0.275930
  40 0.670002 3.251437 -0.091858 -1.000000 -0.000001 -0.000026 0.590998 0.273973
  40 0.690003 3.231437 -0.301858 -1.000000 -0.000001 -0.000026 0.565558 0.277886
knife_butterfly.bmp
  40 0.690003 3.231437 -0.301858 -1.000000 -0.000001 -0.000026 0.565558 0.277886
  40 0.670002 3.251437 -0.091858 -1.000000 -0.000001 -0.000026 0.590998 0.273973
  40 0.670002 3.281437 -0.071858 -1.000000 -0.000001 -0.000026 0.592955 0.272016
knife_butterfly.bmp
  37 1.250000 4.530000 0.339997 0.313505 0.701120 0.640426 0.360078 0.181996
  37 1.270000 4.550000 0.319997 0.621993 0.650610 0.435697 0.356164 0.180039
  37 1.250000 4.550000 0.329997 0.199324 0.878613 0.433946 0.358121 0.180039
knife_butterfly.bmp
  37 1.250000 4.550000 0.329997 0.199324 0.878613 0.433946 0.358121 0.180039
  37 1.270000 4.550000 0.319997 0.621993 0.650610 0.435697 0.356164 0.180039
  37 1.250000 4.560000 0.299997 0.139813 0.973376 -0.181634 0.354207 0.178082
knife_butterfly.bmp
  37 1.250000 4.329999 0.039997 0.151725 0.719425 -0.677796 0.968689 0.166341
  37 1.100000 4.329999 0.039997 -0.000001 0.733595 -0.679587 0.986301 0.166341
  37 1.250000 4.420000 0.139997 0.151725 0.719425 -0.677796 0.968689 0.180039
knife_butterfly.bmp
  37 1.250000 4.420000 0.139997 0.151725 0.719425 -0.677796 0.968689 0.180039
  37 1.100000 4.329999 0.039997 -0.000001 0.733595 -0.679587 0.986301 0.166341
  37 1.100000 4.420000 0.139997 -0.000001 0.733595 -0.679587 0.986301 0.180039
knife_butterfly.bmp
  37 1.250000 2.600000 0.579998 0.156119 -0.313799 -0.936567 0.966732 0.375734
  37 1.100000 2.600000 0.579998 0.000000 -0.317171 -0.948368 0.949119 0.375734
  37 1.250000 2.810000 0.509998 0.152736 -0.365817 -0.918068 0.966732 0.352250
knife_butterfly.bmp
  37 1.250000 2.810000 0.509998 0.152736 -0.365817 -0.918068 0.966732 0.352250
  37 1.100000 2.600000 0.579998 0.000000 -0.317171 -0.948368 0.949119 0.375734
  37 1.100000 2.810000 0.509998 0.000000 -0.317171 -0.948368 0.949119 0.352250
knife_butterfly.bmp
  37 1.100000 4.530000 0.339997 -1.000000 0.000000 0.000000 0.463796 0.181996
  37 1.100000 4.550000 0.329997 -1.000000 0.000000 0.000000 0.461840 0.180039
  37 1.100000 4.530000 0.259997 -1.000000 0.000000 0.000000 0.454012 0.181996
knife_butterfly.bmp
  37 1.100000 4.530000 0.259997 -1.000000 0.000000 0.000000 0.454012 0.181996
  37 1.100000 4.550000 0.329997 -1.000000 0.000000 0.000000 0.461840 0.180039
  37 1.100000 4.560000 0.299997 -1.000000 0.000000 0.000000 0.457926 0.178082
knife_butterfly.bmp
  37 0.900000 3.030000 0.589998 0.743831 -0.256579 -0.617156 0.379648 0.090020
  37 0.940000 3.260000 0.559998 0.960729 -0.106530 -0.256224 0.356164 0.090020
  37 0.940000 3.050000 0.629998 0.960729 -0.106530 -0.256224 0.377691 0.086106
knife_butterfly.bmp
  37 0.940000 3.050000 0.629998 0.960729 -0.106530 -0.256224 0.377691 0.086106
  37 0.940000 3.260000 0.559998 0.960729 -0.106530 -0.256224 0.356164 0.090020
  37 0.950000 3.270000 0.749998 0.998405 0.055003 -0.012731 0.360078 0.070450
knife_butterfly.bmp
  40 0.730003 4.181437 -0.251860 -0.138778 0.953194 -0.268631 0.573386 0.164384
  40 0.700003 4.171437 -0.221860 -0.650018 0.692363 0.313226 0.577299 0.164384
  40 0.730003 4.181437 -0.221860 -0.196744 0.928764 0.314147 0.577299 0.164384
knife_butterfly.bmp
  40 0.730003 4.181437 -0.221860 -0.196744 0.928764 0.314147 0.577299 0.164384
  40 0.700003 4.171437 -0.221860 -0.650018 0.692363 0.313226 0.577299 0.164384
  40 0.730003 4.151437 -0.191860 -0.290436 0.706905 0.644928 0.581213 0.166341
knife_butterfly.bmp
  37 0.880000 3.680000 0.459998 -0.000001 -0.750465 0.660910 0.812133 0.311155
  37 0.690000 3.680000 0.459998 -0.000001 -0.750465 0.660910 0.798434 0.311155
  37 0.880000 3.650000 0.429998 0.000001 -0.479133 0.877742 0.812133 0.309198
knife_butterfly.bmp
  37 0.880000 3.650000 0.429998 0.000001 -0.479133 0.877742 0.812133 0.309198
  37 0.690000 3.680000 0.459998 -0.000001 -0.750465 0.660910 0.798434 0.311155
  37 0.690000 3.650000 0.429998 0.000001 -0.479133 0.877742 0.798434 0.309198
knife_butterfly.bmp
  37 0.710000 4.560000 0.299997 -0.139828 0.973372 -0.181644 0.354207 0.178082
  37 0.690000 4.550000 0.319997 -0.621995 0.650617 0.435683 0.356164 0.180039
  37 0.710000 4.550000 0.329997 -0.199336 0.878609 0.433949 0.356164 0.180039
knife_butterfly.bmp
  37 0.710000 4.550000 0.329997 -0.199336 0.878609 0.433949 0.356164 0.180039
  37 0.690000 4.550000 0.319997 -0.621995 0.650617 0.435683 0.356164 0.180039
  37 0.710000 4.530000 0.339997 -0.313498 0.701118 0.640431 0.358121 0.181996
knife_butterfly.bmp
  37 1.100000 4.150000 0.329997 0.000001 -0.931247 0.364389 0.814090 0.211350
  37 1.280000 4.150000 0.329997 0.000001 -0.931247 0.364389 0.829746 0.211350
  37 1.100000 4.159999 0.359997 0.000001 -0.973947 0.226777 0.814090 0.215264
knife_butterfly.bmp
  37 1.100000 4.159999 0.359997 0.000001 -0.973947 0.226777 0.814090 0.215264
  37 1.280000 4.150000 0.329997 0.000001 -0.931247 0.364389 0.829746 0.211350
  37 1.280000 4.159999 0.359997 0.000001 -0.973947 0.226777 0.829746 0.215264
knife_butterfly.bmp
  40 0.710003 3.321437 -0.401858 -0.125899 -0.511296 -0.850133 0.890411 0.252446
  40 0.890003 3.231437 -0.361858 0.000002 -0.463071 -0.886321 0.908023 0.264188
  40 0.730003 3.231437 -0.351858 -0.146769 -0.458459 -0.876512 0.890411 0.264188
knife_butterfly.bmp
  40 0.730003 3.231437 -0.351858 -0.146769 -0.458459 -0.876512 0.890411 0.264188
  40 0.890003 3.231437 -0.361858 0.000002 -0.463071 -0.886321 0.908023 0.264188
  40 0.890003 3.031437 -0.241857 0.000002 -0.411377 -0.911465 0.908023 0.287671
knife_butterfly.bmp
  37 1.250000 4.370000 0.529997 -0.000001 0.616819 0.787105 0.968689 0.234834
  37 1.250000 4.410000 0.499997 0.000000 0.690988 0.722866 0.968689 0.228963
  37 1.100000 4.370000 0.529997 -0.000001 0.616819 0.787105 0.986301 0.234834
knife_butterfly.bmp
  37 0.880000 4.400000 0.189997 1.000000 0.000000 0.000000 0.446184 0.197652
  37 0.880000 4.420000 0.139997 1.000000 0.000000 0.000000 0.440313 0.193738
  37 0.880000 4.480000 0.199997 1.000000 0.000000 0.000000 0.448141 0.187867
knife_butterfly.bmp
  37 0.880000 4.159999 0.359997 1.000000 0.000000 0.000000 0.465753 0.225049
  37 0.880000 4.150000 0.329997 1.000000 0.000000 0.000000 0.461840 0.227006
  37 0.880000 4.400000 0.189997 1.000000 0.000000 0.000000 0.446184 0.197652
knife_butterfly.bmp
  37 0.880000 4.159999 0.359997 1.000000 0.000000 0.000000 0.465753 0.225049
  37 0.880000 4.410000 0.499997 1.000000 0.000000 0.000000 0.481409 0.195695
  37 0.880000 4.370000 0.529997 1.000000 0.000000 0.000000 0.485323 0.201566
knife_butterfly.bmp
  37 0.880000 3.700000 0.519998 1.000000 0.000000 0.000000 0.485323 0.277886
  37 0.880000 3.700000 0.489998 1.000000 0.000000 0.000000 0.479452 0.279843
  37 0.880000 3.850000 0.859998 1.000000 0.000000 0.000000 0.522505 0.260274
knife_butterfly.bmp
  37 0.880000 2.850000 1.209998 1.000000 0.000000 0.000000 0.567515 0.377691
  37 0.880000 2.650000 1.259998 1.000000 0.000000 0.000000 0.573386 0.401174
  37 0.880000 2.600000 0.579998 1.000000 0.000000 0.000000 0.491194 0.407045
knife_butterfly.bmp
  37 0.690000 4.469999 0.229997 -1.000000 0.000000 0.000000 0.346380 0.189824
  37 0.690000 4.409999 0.179997 -1.000000 0.000000 0.000000 0.338552 0.195695
  37 0.690000 4.400000 0.189997 -1.000000 0.000000 0.000000 0.340509 0.197652
knife_butterfly.bmp
  37 0.690000 4.520000 0.279997 -1.000000 0.000000 0.000000 0.352250 0.183953
  37 0.690000 4.520000 0.319997 -1.000000 0.000000 0.000000 0.356164 0.181996
  37 0.690000 4.530000 0.299997 -1.000000 0.000000 0.000000 0.354207 0.181996
knife_butterfly.bmp
  37 0.690000 4.360000 0.499997 -1.000000 0.000000 0.000000 0.375734 0.201566
  37 0.690000 4.410000 0.459997 -1.000000 0.000000 0.000000 0.371820 0.195695
  37 0.690000 4.400000 0.189997 -1.000000 0.000000 0.000000 0.340509 0.197652
knife_butterfly.bmp
  37 0.690000 3.470000 0.989998 -1.000000 0.000000 0.000000 0.434442 0.307241
  37 0.690000 3.490000 0.569998 -1.000000 0.000000 0.000000 0.383562 0.303327
  37 0.690000 3.480000 0.529998 -1.000000 0.000000 0.000000 0.379648 0.303327
knife_butterfly.bmp
  40 0.890002 2.611438 0.108144 0.975467 0.159179 -0.152073 0.671233 0.074364
  40 0.890002 2.601438 0.098144 0.975805 0.086487 -0.200811 0.671233 0.076321
  40 0.870002 2.611438 0.058144 0.743841 0.244938 -0.621857 0.669276 0.080235
knife_butterfly.bmp
  40 1.110002 2.611438 0.008144 -0.529799 0.291169 -0.796576 0.673190 0.097847
  40 1.070002 2.611438 0.038144 -0.743846 0.244927 -0.621855 0.675147 0.101761
  40 1.070002 2.661438 0.068144 -0.742081 0.503575 -0.442411 0.671233 0.105675
knife_butterfly.bmp
  40 1.070002 2.691438 0.128144 -0.744406 0.642646 -0.181292 0.667319 0.111546
  40 1.070002 2.641438 0.148144 -0.976607 0.205489 -0.063347 0.673190 0.113503
  40 1.070002 2.651438 0.208144 -0.964014 0.265253 -0.017855 0.673190 0.119374
knife_butterfly.bmp
  40 1.070001 2.611439 0.428144 -0.738843 0.482468 0.470463 0.681018 0.140900
  40 1.110001 2.621439 0.448144 -0.511983 0.608381 0.606420 0.679061 0.144814
  40 1.130002 2.691438 0.348144 -0.507875 0.775081 0.375914 0.669276 0.135029
knife_butterfly.bmp
  41 0.978069 4.635070 -0.461043 -0.000003 -0.998568 0.053491 0.068493 0.291585
  41 0.978069 4.635070 -0.501043 -0.000003 -0.998568 0.053491 0.070450 0.285714
  41 1.128069 4.635070 -0.501042 -0.000003 -0.998568 0.053491 0.086106 0.291585
knife_butterfly.bmp
  40 0.660003 3.791436 -0.441859 -1.000000 -0.000001 -0.000026 0.596869 0.796477
  40 0.660003 3.791436 -0.441859 -1.000000 -0.000001 -0.000026 0.596869 0.796477
  40 0.660003 3.791436 -0.451859 -1.000000 -0.000001 -0.000026 0.596869 0.796477
knife_butterfly.bmp
  40 0.660003 3.771436 -0.481859 -1.000000 -0.000001 -0.000026 0.596869 0.798434
  40 0.660003 3.761436 -0.481859 -1.000000 -0.000001 -0.000026 0.596869 0.798434
  40 0.660003 3.751436 -0.461859 -1.000000 -0.000001 -0.000026 0.596869 0.798434
knife_butterfly.bmp
  40 0.660003 3.741436 -0.451859 -1.000000 -0.000001 -0.000026 0.596869 0.796477
  40 0.660003 3.741436 -0.441859 -1.000000 -0.000001 -0.000026 0.596869 0.796477
  40 0.660003 3.741436 -0.411859 -1.000000 -0.000001 -0.000026 0.596869 0.796477
knife_butterfly.bmp
  40 1.320003 3.831436 -0.471858 0.000000 0.850456 -0.526047 0.594912 0.837573
  40 1.320003 3.811436 -0.481858 0.000002 0.619242 -0.785200 0.592955 0.837573
  40 0.990003 3.811436 -0.501859 0.000002 0.619242 -0.785200 0.592955 0.819961
knife_butterfly.bmp
  40 1.300003 3.791436 -0.431858 1.000000 0.000000 0.000002 0.596869 0.841487
  40 1.300003 3.791436 -0.421858 1.000000 0.000000 0.000002 0.596869 0.841487
  40 1.300003 3.791436 -0.421858 1.000000 0.000000 0.000002 0.596869 0.841487
knife_butterfly.bmp
  40 1.300003 3.741436 -0.411858 1.000000 0.000000 0.000002 0.594912 0.841487
  40 1.300003 3.741436 -0.421858 1.000000 0.000000 0.000002 0.594912 0.841487
  40 1.300003 3.741436 -0.431858 1.000000 0.000000 0.000002 0.594912 0.841487
knife_butterfly.bmp
  40 1.300003 3.751436 -0.451858 1.000000 0.000000 0.000002 0.594912 0.841487
  40 1.300003 3.761436 -0.461858 1.000000 0.000000 0.000002 0.594912 0.841487
  40 1.300003 3.771436 -0.461858 1.000000 0.000000 0.000002 0.596869 0.841487
knife_butterfly.bmp
  40 1.300002 2.611438 0.108145 0.975467 0.159179 -0.152073 0.671233 0.074364
  40 1.300002 2.601438 0.098145 0.975805 0.086487 -0.200811 0.671233 0.076321
  40 1.280002 2.611438 0.058145 0.743841 0.244938 -0.621857 0.669276 0.080235
knife_butterfly.bmp
  40 1.260004 3.611436 -0.651858 0.146128 -0.885770 -0.440521 0.526419 0.230920
  40 1.290004 3.621436 -0.641858 0.662852 -0.662430 -0.349019 0.526419 0.230920
  40 1.270004 3.611436 -0.611858 0.700009 -0.625369 -0.344821 0.530333 0.230920
knife_butterfly.bmp
  40 1.300003 4.031436 -0.381859 0.910802 0.302673 -0.280764 0.557730 0.181996
  40 1.280003 3.911436 -0.501859 0.936687 0.258643 -0.236055 0.544031 0.195695
  40 1.270003 3.941436 -0.511859 0.680756 0.544546 -0.489940 0.542074 0.191781
knife_butterfly.bmp
  40 1.270004 3.611436 -0.611858 0.700009 -0.625369 -0.344821 0.530333 0.230920
  40 1.300004 3.641436 -0.611858 0.934910 -0.324018 -0.144760 0.530333 0.228963
  40 1.280003 3.581436 -0.541858 0.944081 -0.218336 -0.247063 0.540117 0.234834
knife_butterfly.bmp
  40 1.080003 3.421436 -0.471858 0.000002 -0.505224 -0.862988 0.835616 0.240705
  40 1.240003 3.421436 -0.451857 0.157559 -0.524185 -0.836902 0.853229 0.240705
  40 1.240003 3.321437 -0.401857 0.125900 -0.511302 -0.850129 0.853229 0.252446
knife_butterfly.bmp
  40 1.240001 2.851439 0.468144 -0.000005 0.370356 0.928890 0.853229 0.367906
  40 1.240001 3.051438 0.408144 -0.000005 0.370356 0.928890 0.853229 0.346380
  40 1.080001 3.051438 0.408143 -0.000005 0.370356 0.928890 0.870841 0.346380
knife_butterfly.bmp
  40 1.100003 4.181437 -0.251860 -0.000001 0.961112 -0.276158 0.870841 0.205479
  40 1.100003 4.181437 -0.221860 -0.000005 0.989621 0.143703 0.870841 0.209393
  40 1.260003 4.181437 -0.221859 0.196707 0.928768 0.314159 0.853229 0.209393
knife_butterfly.bmp
  40 1.080001 2.851439 0.488144 -1.000000 -0.000001 -0.000026 0.769080 0.322896
  40 1.100002 2.841438 0.278144 -1.000000 -0.000001 -0.000026 0.741683 0.322896
  40 1.100002 2.801438 0.278144 -1.000000 -0.000001 -0.000026 0.741683 0.326810
knife_butterfly.bmp
  40 1.100003 4.121437 -0.161859 -1.000000 -0.000001 -0.000026 0.690802 0.170254
  40 1.100003 4.151437 -0.191860 -1.000000 -0.000001 -0.000026 0.686888 0.166341
  40 1.100003 4.071437 -0.281859 -1.000000 -0.000001 -0.000026 0.679061 0.178082
knife_butterfly.bmp
  40 1.100003 4.181437 -0.221860 -1.000000 -0.000001 -0.000026 0.684932 0.164384
  40 1.100003 4.181437 -0.251860 -1.000000 -0.000001 -0.000026 0.681018 0.164384
  40 1.100003 4.141437 -0.301859 -1.000000 -0.000001 -0.000026 0.675147 0.168297
knife_butterfly.bmp
  40 1.300002 3.251438 0.288143 1.000000 0.000000 0.000002 0.637965 0.273973
  40 1.280002 3.211438 0.088143 1.000000 0.000000 0.000002 0.614481 0.279843
  40 1.280002 3.241437 0.078143 1.000000 0.000000 0.000002 0.614481 0.275930
knife_butterfly.bmp
  40 1.300002 2.801438 0.258144 1.000000 0.000000 0.000002 0.634051 0.326810
  40 1.300002 2.841438 0.258144 1.000000 0.000000 0.000002 0.634051 0.322896
  40 1.280001 2.851439 0.458144 1.000000 0.000000 0.000002 0.657534 0.322896
knife_butterfly.bmp
  40 1.300004 3.771436 -0.611858 1.000000 0.000000 0.000002 0.528376 0.211350
  40 1.300004 3.681436 -0.651858 1.000000 0.000000 0.000002 0.524462 0.223092
  40 1.300004 3.731436 -0.651858 1.000000 0.000000 0.000002 0.524462 0.217221
knife_butterfly.bmp
  40 0.650002 2.651438 0.208143 -0.964014 0.265253 -0.017855 0.673190 0.119374
  40 0.650002 2.641438 0.148143 -0.976607 0.205489 -0.063347 0.673190 0.113503
  40 0.630002 2.611438 0.088144 -0.975465 0.159178 -0.152086 0.675147 0.107632
knife_butterfly.bmp
  40 0.650002 2.611438 0.038144 -0.743846 0.244927 -0.621855 0.675147 0.101761
  40 0.630002 2.601438 0.078144 -0.975804 0.086485 -0.200816 0.675147 0.105675
  40 0.630002 2.611438 0.088144 -0.975465 0.159178 -0.152086 0.675147 0.107632
knife_butterfly.bmp
  40 0.650001 2.611439 0.428144 -0.738843 0.482468 0.470463 0.681018 0.140900
  40 0.690001 2.621439 0.448144 -0.511983 0.608381 0.606420 0.679061 0.144814
  40 0.710002 2.691438 0.348143 -0.507875 0.775081 0.375914 0.669276 0.135029
knife_butterfly.bmp
  40 0.870002 2.721438 0.128144 -1.000000 -0.000001 -0.000026 0.724070 0.338552
  40 0.890002 2.711438 0.168144 -1.000000 -0.000001 -0.000026 0.727984 0.338552
  40 0.870001 2.651439 0.558144 -1.000000 -0.000001 -0.000026 0.778865 0.346380
knife_butterfly.bmp
  40 0.890003 4.121437 -0.151860 1.000000 0.000000 0.000002 0.690802 0.170254
  40 0.890003 4.071437 -0.281860 1.000000 0.000000 0.000002 0.679061 0.178082
  40 0.890003 4.151437 -0.171860 1.000000 0.000000 0.000002 0.686888 0.166341
knife_butterfly.bmp
  40 0.890002 2.801438 0.258144 1.000000 0.000000 0.000002 0.741683 0.326810
  40 0.890002 2.841438 0.258143 1.000000 0.000000 0.000002 0.741683 0.322896
  40 0.870001 2.851439 0.468143 1.000000 0.000000 0.000002 0.769080 0.322896
knife_butterfly.bmp
  40 0.690002 3.251438 0.308142 -1.000000 -0.000001 -0.000026 0.637965 0.273973
  40 0.670002 3.241438 0.098142 -1.000000 -0.000001 -0.000026 0.614481 0.275930
  40 0.670002 3.211438 0.108142 -1.000000 -0.000001 -0.000026 0.614481 0.279843
knife_butterfly.bmp
  40 0.670001 2.851439 0.468143 -1.000000 -0.000001 -0.000026 0.657534 0.322896
  40 0.690002 2.841438 0.278143 -1.000000 -0.000001 -0.000026 0.634051 0.322896
  40 0.690002 2.801438 0.268143 -1.000000 -0.000001 -0.000026 0.634051 0.326810
knife_butterfly.bmp
  40 0.890004 3.701436 -0.691859 1.000000 0.000000 0.000002 0.628180 0.221135
  40 0.890003 3.771436 -0.611859 1.000000 0.000000 0.000002 0.636008 0.211350
  40 0.890004 3.641436 -0.691859 1.000000 0.000000 0.000002 0.630137 0.227006
knife_butterfly.bmp
  40 0.690003 4.071437 -0.261860 -1.000000 -0.000001 -0.000026 0.571429 0.178082
  40 0.690003 4.111437 -0.191860 -1.000000 -0.000001 -0.000026 0.581213 0.172211
  40 0.690003 4.141437 -0.221860 -1.000000 -0.000001 -0.000026 0.577299 0.168297
knife_butterfly.bmp
  37 1.070000 3.380000 0.509998 -0.743844 0.205745 -0.635897 0.342466 0.119374
  37 1.030000 3.370000 0.559998 -0.975803 0.073829 -0.205810 0.344423 0.123288
  37 1.030000 3.380000 0.569998 -0.975467 0.149403 -0.161689 0.342466 0.125245
knife_butterfly.bmp
  37 1.070000 3.280000 0.509998 -0.743850 -0.112749 -0.658768 0.350294 0.115460
  37 1.110000 3.280000 0.479998 -0.529795 -0.122333 -0.839257 0.350294 0.111546
  37 1.110000 3.230000 0.499998 -0.496153 -0.333304 -0.801711 0.354207 0.111546
knife_butterfly.bmp
  37 1.030000 3.260000 0.949998 -0.961399 0.074095 0.264995 0.363992 0.158513
  37 1.030000 3.290000 0.939998 -0.976029 0.106858 0.189600 0.362035 0.158513
  37 1.030000 3.390000 0.869998 -0.957783 0.220151 0.184892 0.352250 0.152642
knife_butterfly.bmp
  37 1.070000 3.030000 0.589998 -0.743829 -0.256577 -0.617160 0.377691 0.117417
  37 1.030000 3.050000 0.629998 -0.960727 -0.106522 -0.256234 0.375734 0.123288
  37 1.030000 3.260000 0.559998 -0.960727 -0.106522 -0.256234 0.354207 0.121331
knife_butterfly.bmp
  37 1.070000 2.660000 0.729998 -0.745449 -0.201493 -0.635379 0.420744 0.121331
  37 1.030000 2.670000 0.769998 -0.960727 -0.106522 -0.256234 0.420744 0.125245
  37 1.030000 2.840000 0.709998 -0.960727 -0.106522 -0.256234 0.399217 0.125245
knife_butterfly.bmp
  37 1.330000 3.390000 0.869998 0.957779 0.220160 0.184900 0.352250 0.056751
  37 1.330000 3.290000 0.939998 0.976027 0.106863 0.189611 0.360078 0.050881
  37 1.330000 3.260000 0.949998 0.961766 0.099482 0.255164 0.363992 0.050881
knife_butterfly.bmp
  37 1.290000 3.470000 0.729998 0.738011 0.669034 0.087940 0.338552 0.066536
  37 1.250000 3.490000 0.729998 0.501730 0.858962 0.102230 0.334638 0.064579
  37 1.250000 3.490000 0.799998 0.507889 0.796971 0.326936 0.338552 0.058708
knife_butterfly.bmp
  37 1.330000 3.380000 0.569998 0.975466 0.149400 -0.161694 0.344423 0.086106
  37 1.330000 3.370000 0.559998 0.975805 0.073817 -0.205807 0.344423 0.086106
  37 1.290000 3.380000 0.509998 0.743845 0.205741 -0.635898 0.344423 0.091977
knife_butterfly.bmp
  37 1.250000 3.230000 0.499998 0.496180 -0.320979 -0.806708 0.356164 0.097847
  37 1.250000 3.280000 0.479998 0.529783 -0.122325 -0.839266 0.352250 0.097847
  37 1.290000 3.280000 0.509998 0.743845 -0.112744 -0.658774 0.352250 0.093933
knife_butterfly.bmp
  37 1.290000 2.900000 1.069998 0.741966 0.229319 0.629999 0.405088 0.041096
  37 1.290000 2.700000 1.129998 0.742344 0.180599 0.645220 0.424658 0.039139
  37 1.330000 2.690000 1.089998 0.961766 0.099482 0.255164 0.426614 0.043053
knife_butterfly.bmp
  37 1.250000 3.989999 -0.080003 0.138258 -0.755277 -0.640657 0.311155 0.244618
  37 1.270000 3.999999 -0.080003 0.669928 -0.572129 -0.473143 0.311155 0.244618
  37 1.270000 3.979999 -0.050002 0.682426 -0.533777 -0.499376 0.313112 0.246575
knife_butterfly.bmp
  37 1.270000 3.979999 -0.050002 0.682426 -0.533777 -0.499376 0.313112 0.246575
  37 1.280000 4.010000 -0.050002 0.928570 -0.282586 -0.240632 0.313112 0.242661
  37 1.280000 3.959999 -0.010002 0.945156 -0.208363 -0.251526 0.318982 0.248532
knife_butterfly.bmp
  37 1.250000 4.329999 0.039997 0.151725 0.719425 -0.677796 0.324853 0.205479
  37 1.250000 4.420000 0.139997 0.151725 0.719425 -0.677796 0.336595 0.193738
  37 1.270000 4.420000 0.149997 0.695761 0.522606 -0.492747 0.338552 0.195695
knife_butterfly.bmp
  37 1.250000 4.149999 -0.120003 0.142501 0.328523 -0.933684 0.307241 0.227006
  37 1.250000 4.209999 -0.090003 0.133377 0.593895 -0.793410 0.309198 0.219178
  37 1.270000 4.199999 -0.080003 0.643851 0.445492 -0.622088 0.309198 0.221135
knife_butterfly.bmp
  37 1.100000 4.560000 0.299997 -0.000004 0.981503 -0.191448 0.986301 0.201566
  37 1.100000 4.550000 0.329997 -0.000008 0.961367 0.275270 0.986301 0.205479
  37 1.250000 4.550000 0.329997 0.199324 0.878613 0.433946 0.968689 0.205479
knife_butterfly.bmp
  37 1.100000 3.819999 0.049998 0.000002 -0.533886 -0.845556 0.949119 0.234834
  37 1.100000 3.949999 -0.040002 0.000000 -0.615674 -0.788001 0.949119 0.217221
  37 1.250000 3.949999 -0.040002 0.160111 -0.608367 -0.777338 0.966732 0.217221
knife_butterfly.bmp
  37 1.100000 4.290000 0.589997 -1.000000 0.000000 0.000000 0.491194 0.209393
  37 1.100000 4.150000 0.399997 -1.000000 0.000000 0.000000 0.469667 0.227006
  37 1.100000 4.130000 0.439997 -1.000000 0.000000 0.000000 0.473581 0.228963
knife_butterfly.bmp
  37 1.100000 4.480000 0.199997 -1.000000 0.000000 0.000000 0.448141 0.187867
  37 1.100000 4.420000 0.139997 -1.000000 0.000000 0.000000 0.440313 0.193738
  37 1.100000 4.400000 0.189997 -1.000000 0.000000 0.000000 0.446184 0.197652
knife_butterfly.bmp
  37 1.100000 4.400000 0.189997 -1.000000 0.000000 0.000000 0.446184 0.197652
  37 1.100000 4.150000 0.329997 -1.000000 0.000000 0.000000 0.461840 0.227006
  37 1.100000 4.159999 0.359997 -1.000000 0.000000 0.000000 0.465753 0.225049
knife_butterfly.bmp
  37 1.100000 3.410000 0.279998 -1.000000 0.000000 0.000000 0.454012 0.311155
  37 1.100000 3.480000 0.529998 -1.000000 0.000000 0.000000 0.485323 0.303327
  37 1.100000 3.490000 0.489998 -1.000000 0.000000 0.000000 0.481409 0.303327
knife_butterfly.bmp
  37 1.100000 3.850000 0.859998 -1.000000 0.000000 0.000000 0.522505 0.260274
  37 1.100000 3.700000 0.489998 -1.000000 0.000000 0.000000 0.479452 0.279843
  37 1.100000 3.700000 0.519998 -1.000000 0.000000 0.000000 0.485323 0.277886
knife_butterfly.bmp
  37 1.280000 3.480000 0.529998 1.000000 0.000000 0.000000 0.381605 0.303327
  37 1.280000 3.490000 0.569998 1.000000 0.000000 0.000000 0.385519 0.303327
  37 1.280000 3.470000 0.989998 1.000000 0.000000 0.000000 0.434442 0.307241
knife_butterfly.bmp
  37 1.280000 2.840000 1.169998 1.000000 0.000000 0.000000 0.459883 0.377691
  37 1.280000 2.640000 1.219998 1.000000 0.000000 0.000000 0.465753 0.401174
  37 1.280000 2.600000 0.619998 1.000000 0.000000 0.000000 0.391389 0.407045
knife_butterfly.bmp
  37 0.680000 4.139999 0.029997 -1.000000 0.000000 0.000000 0.495108 0.833659
  37 0.680000 4.139999 0.019997 -1.000000 0.000000 0.000000 0.497065 0.835616
  37 0.680000 4.139999 0.009997 -1.000000 0.000000 0.000000 0.497065 0.835616
knife_butterfly.bmp
  37 0.680000 4.109999 -0.010003 -1.000000 0.000000 0.000000 0.495108 0.835616
  37 0.680000 4.099999 -0.010003 -1.000000 0.000000 0.000000 0.495108 0.835616
  37 0.680000 4.090000 -0.010003 -1.000000 0.000000 0.000000 0.493151 0.835616
knife_butterfly.bmp
  37 0.680000 4.090000 0.009997 -1.000000 0.000000 0.000000 0.493151 0.835616
  37 0.680000 4.090000 0.019997 -1.000000 0.000000 0.000000 0.493151 0.833659
  37 0.680000 4.090000 0.029997 -1.000000 0.000000 0.000000 0.493151 0.833659
knife_butterfly.bmp
  37 0.940000 3.390000 0.869998 0.957779 0.220160 0.184900 0.352250 0.056751
  37 0.940000 3.290000 0.939998 0.976027 0.106863 0.189611 0.360078 0.050881
  37 0.940000 3.260000 0.949998 0.961766 0.099482 0.255164 0.363992 0.050881
knife_butterfly.bmp
  37 0.880000 2.910000 1.089998 0.496156 0.254620 0.830059 0.403131 0.037182
  37 0.880000 2.710000 1.149998 0.496156 0.254620 0.830059 0.424658 0.035225
  37 0.900000 2.700000 1.129998 0.742344 0.180599 0.645220 0.424658 0.039139
knife_butterfly.bmp
  37 0.940000 2.890000 1.029998 0.961766 0.099482 0.255164 0.405088 0.045010
  37 0.940000 2.690000 1.089998 0.961766 0.099482 0.255164 0.426614 0.043053
  37 0.940000 2.680000 0.939998 1.000000 0.000000 0.000000 0.422701 0.060665
knife_butterfly.bmp
  37 1.340000 4.059999 0.049997 0.000000 -0.837651 0.546206 0.487280 0.890411
  37 1.340000 4.070000 0.069997 -0.000001 -0.600309 0.799768 0.487280 0.890411
  37 1.000000 4.070000 0.069997 -0.000001 -0.600309 0.799768 0.487280 0.864971
knife_butterfly.bmp
  37 0.900000 3.470000 0.729998 0.738011 0.669034 0.087940 0.338552 0.066536
  37 0.880000 3.490000 0.729998 0.501730 0.858962 0.102230 0.334638 0.064579
  37 0.880000 3.490000 0.799998 0.507889 0.796971 0.326936 0.338552 0.058708
knife_butterfly.bmp
  37 0.940000 3.380000 0.569998 0.975466 0.149400 -0.161694 0.344423 0.086106
  37 0.940000 3.370000 0.559998 0.975805 0.073817 -0.205807 0.344423 0.086106
  37 0.900000 3.380000 0.509998 0.743845 0.205741 -0.635898 0.344423 0.091977
knife_butterfly.bmp
  37 0.880000 3.230000 0.499998 0.496180 -0.320979 -0.806708 0.356164 0.097847
  37 0.880000 3.280000 0.479998 0.529783 -0.122325 -0.839266 0.352250 0.097847
  37 0.900000 3.280000 0.509998 0.743845 -0.112744 -0.658774 0.352250 0.093933
knife_butterfly.bmp
  37 0.940000 2.840000 0.709998 0.960729 -0.106530 -0.256224 0.401174 0.082192
  37 0.940000 2.670000 0.769998 0.960729 -0.106530 -0.256224 0.420744 0.078278
  37 0.900000 2.660000 0.729998 0.745443 -0.201495 -0.635385 0.420744 0.084149
knife_butterfly.bmp
  37 1.280000 4.400000 0.189997 1.000000 0.000000 0.000000 0.342466 0.197652
  37 1.280000 4.409999 0.179997 1.000000 0.000000 0.000000 0.340509 0.195695
  37 1.280000 4.469999 0.229997 1.000000 0.000000 0.000000 0.346380 0.189824
knife_butterfly.bmp
  37 1.280000 4.520000 0.279997 1.000000 0.000000 0.000000 0.352250 0.183953
  37 1.280000 4.530000 0.299997 1.000000 0.000000 0.000000 0.354207 0.181996
  37 1.280000 4.520000 0.319997 1.000000 0.000000 0.000000 0.356164 0.181996
knife_butterfly.bmp
  37 1.280000 4.410000 0.459997 1.000000 0.000000 0.000000 0.373777 0.195695
  37 1.280000 4.360000 0.499997 1.000000 0.000000 0.000000 0.377691 0.201566
  37 1.280000 4.400000 0.189997 1.000000 0.000000 0.000000 0.342466 0.197652
knife_butterfly.bmp
  37 1.320000 4.139999 0.009997 1.000000 0.000000 0.000000 0.497065 0.894325
  37 1.320000 4.139999 0.019997 1.000000 0.000000 0.000000 0.497065 0.894325
  37 1.320000 4.139999 0.029997 1.000000 0.000000 0.000000 0.497065 0.894325
knife_butterfly.bmp
  37 1.320000 4.090000 0.029997 1.000000 0.000000 0.000000 0.493151 0.896282
  37 1.320000 4.090000 0.019997 1.000000 0.000000 0.000000 0.493151 0.894325
  37 1.320000 4.090000 0.009997 1.000000 0.000000 0.000000 0.493151 0.894325
knife_butterfly.bmp
  37 1.320000 4.090000 -0.010003 1.000000 0.000000 0.000000 0.493151 0.894325
  37 1.320000 4.099999 -0.010003 1.000000 0.000000 0.000000 0.495108 0.892368
  37 1.320000 4.109999 -0.010003 1.000000 0.000000 0.000000 0.495108 0.892368
knife_butterfly.bmp
  37 0.680000 3.380000 0.509998 -0.743844 0.205745 -0.635897 0.342466 0.119374
  37 0.640000 3.370000 0.559998 -0.975803 0.073829 -0.205810 0.344423 0.123288
  37 0.640000 3.380000 0.569998 -0.975467 0.149403 -0.161689 0.342466 0.125245
knife_butterfly.bmp
  37 0.680000 3.280000 0.509998 -0.743850 -0.112749 -0.658768 0.350294 0.115460
  37 0.700000 3.280000 0.479998 -0.529795 -0.122333 -0.839257 0.350294 0.111546
  37 0.700000 3.230000 0.499998 -0.496153 -0.333304 -0.801711 0.354207 0.111546
knife_butterfly.bmp
  37 0.640000 3.260000 0.949998 -0.961399 0.074095 0.264995 0.363992 0.158513
  37 0.640000 3.290000 0.939998 -0.976029 0.106858 0.189600 0.362035 0.158513
  37 0.640000 3.390000 0.869998 -0.957783 0.220151 0.184892 0.352250 0.152642
knife_butterfly.bmp
  37 0.680000 3.030000 0.589998 -0.743829 -0.256577 -0.617160 0.377691 0.117417
  37 0.640000 3.050000 0.629998 -0.960727 -0.106522 -0.256234 0.375734 0.123288
  37 0.640000 3.260000 0.559998 -0.960727 -0.106522 -0.256234 0.354207 0.121331
knife_butterfly.bmp
  37 0.680000 2.660000 0.729998 -0.745449 -0.201493 -0.635379 0.420744 0.121331
  37 0.640000 2.670000 0.769998 -0.960727 -0.106522 -0.256234 0.420744 0.125245
  37 0.640000 2.840000 0.709998 -0.960727 -0.106522 -0.256234 0.399217 0.125245
knife_butterfly.bmp
  40 0.670002 2.911438 0.098143 -0.000001 -0.761861 0.647741 0.729941 0.172211
  40 0.670002 2.881438 0.068143 -0.000004 -0.494375 0.869249 0.729941 0.168297
  40 0.870002 2.881438 0.048143 -0.000004 -0.494375 0.869249 0.743640 0.168297
knife_butterfly.bmp
  40 0.670002 3.281437 -0.071858 -0.000001 -0.761861 0.647741 0.821918 0.168297
  40 0.670002 3.251437 -0.091858 -0.000004 -0.494375 0.869249 0.825832 0.168297
  40 0.870003 3.251437 -0.111858 -0.000004 -0.494375 0.869249 0.825832 0.181996
knife_butterfly.bmp
  37 0.690000 4.150000 0.329997 0.000001 -0.931247 0.364389 0.798434 0.211350
  37 0.880000 4.150000 0.329997 0.000001 -0.931247 0.364389 0.812133 0.211350
  37 0.880000 4.159999 0.359997 0.000001 -0.973947 0.226777 0.812133 0.215264
knife_butterfly.bmp
  37 0.880000 3.700000 0.559998 0.000001 -0.947602 -0.319454 0.812133 0.270059
  37 0.880000 3.680000 0.599998 0.000002 -0.760551 -0.649278 0.812133 0.273973
  37 0.690000 3.680000 0.599998 0.000002 -0.760551 -0.649278 0.798434 0.273973
knife_butterfly.bmp
  37 0.880000 3.570000 0.419998 0.000000 0.197138 0.980376 0.812133 0.303327
  37 0.880000 3.610000 0.419998 0.000000 -0.150063 0.988676 0.812133 0.305284
  37 0.690000 3.610000 0.419998 0.000000 -0.150063 0.988676 0.798434 0.305284
knife_butterfly.bmp
  37 1.280000 4.030000 0.259997 0.000000 0.197138 0.980376 0.829746 0.250489
  37 1.100000 4.030000 0.259997 0.000000 0.197138 0.980376 0.814090 0.250489
  37 1.100000 3.990000 0.269997 -0.000001 0.519445 0.854504 0.814090 0.246575
knife_butterfly.bmp
  37 1.280000 3.610000 0.419998 0.000000 -0.150063 0.988676 0.816047 0.289628
  37 1.100000 3.610000 0.419998 0.000000 -0.150063 0.988676 0.829746 0.289628
  37 1.100000 3.570000 0.419998 0.000000 0.197138 0.980376 0.829746 0.293542
knife_butterfly.bmp
  40 0.730003 4.181437 -0.221860 -0.196744 0.928764 0.314147 0.888454 0.209393
  40 0.890003 4.181437 -0.201860 -0.000005 0.989621 0.143703 0.870841 0.209393
  40 0.890003 4.181437 -0.231860 -0.000001 0.961112 -0.276158 0.870841 0.205479
knife_butterfly.bmp
  40 0.870003 3.951436 -0.511859 0.000001 0.745318 -0.666709 0.870841 0.168297
  40 0.710003 3.951436 -0.511860 -0.146644 0.731098 -0.666326 0.888454 0.168297
  40 0.710003 4.041436 -0.391860 -0.146644 0.731098 -0.666326 0.888454 0.181996
knife_butterfly.bmp
  37 0.710000 4.550000 0.329997 -0.199336 0.878609 0.433949 0.947162 0.205479
  37 0.880000 4.550000 0.329997 -0.000008 0.961367 0.275270 0.929550 0.205479
  37 0.880000 4.560000 0.299997 -0.000004 0.981503 -0.191448 0.929550 0.203523
knife_butterfly.bmp
  37 0.880000 4.329999 0.039997 -0.000001 0.733595 -0.679587 0.929550 0.166341
  37 0.710000 4.329999 0.039997 -0.147260 0.718665 -0.679584 0.947162 0.166341
  37 0.710000 4.420000 0.139997 -0.147260 0.718665 -0.679584 0.947162 0.181996
knife_butterfly.bmp
  40 1.280003 3.211437 -0.121857 -0.000003 -0.167258 0.985913 0.776908 0.197652
  40 1.100002 3.211437 -0.101857 -0.000003 -0.167258 0.985913 0.776908 0.183953
  40 1.100002 3.171437 -0.101857 -0.000002 0.180034 0.983660 0.780822 0.183953
knife_butterfly.bmp
  40 0.730004 3.831436 -0.651859 -0.133367 0.607622 -0.782948 0.890411 0.187867
  40 0.710003 3.951436 -0.511860 -0.146644 0.731098 -0.666326 0.890411 0.168297
  40 0.870003 3.951436 -0.511859 0.000001 0.745318 -0.666709 0.908023 0.168297
knife_butterfly.bmp
  37 0.880000 2.600000 0.579998 0.000000 -0.317171 -0.948368 0.927593 0.375734
  37 0.710000 2.600000 0.579998 -0.153955 -0.341598 -0.927151 0.909980 0.375734
  37 0.710000 2.810000 0.509998 -0.153955 -0.341598 -0.927151 0.909980 0.352250
knife_butterfly.bmp
  37 0.710000 4.209999 -0.090003 -0.133383 0.593896 -0.793408 0.909980 0.185910
  37 0.710000 4.329999 0.039997 -0.147260 0.718665 -0.679584 0.909980 0.166341
  37 0.880000 4.329999 0.039997 -0.000001 0.733595 -0.679587 0.927593 0.166341
end
