version 1
nodes
  0 "v_weapon.Bip01_R_Forearm" -1
  1 "v_weapon.Bip01_R_Hand" 0
  2 "v_weapon.Bip01_L_Forearm" -1
  3 "v_weapon.Bip01_L_Hand" 2
  4 "v_weapon.Bip01_R_Finger0" 1
  5 "v_weapon.Bip01_R_Finger01" 4
  6 "v_weapon.Bip01_R_Finger02" 5
  7 "v_weapon.Bip01_R_Finger1" 1
  8 "v_weapon.Bip01_R_Finger11" 7
  9 "v_weapon.Bip01_R_Finger12" 8
  10 "v_weapon.Bip01_R_Finger2" 1
  11 "v_weapon.Bip01_R_Finger21" 10
  12 "v_weapon.Bip01_R_Finger22" 11
  13 "v_weapon.Bip01_R_Finger3" 1
  14 "v_weapon.Bip01_R_Finger31" 13
  15 "v_weapon.Bip01_R_Finger32" 14
  16 "v_weapon.Bip01_R_Finger4" 1
  17 "v_weapon.Bip01_R_Finger41" 16
  18 "v_weapon.Bip01_R_Finger42" 17
  19 "v_weapon.Bip01_L_Finger0" 3
  20 "v_weapon.Bip01_L_Finger01" 19
  21 "v_weapon.Bip01_L_Finger02" 20
  22 "v_weapon.Bip01_L_Finger1" 3
  23 "v_weapon.Bip01_L_Finger11" 22
  24 "v_weapon.Bip01_L_Finger12" 23
  25 "v_weapon.Bip01_L_Finger2" 3
  26 "v_weapon.Bip01_L_Finger21" 25
  27 "v_weapon.Bip01_L_Finger22" 26
  28 "v_weapon.Bip01_L_Finger3" 3
  29 "v_weapon.Bip01_L_Finger31" 28
  30 "v_weapon.Bip01_L_Finger32" 29
  31 "v_weapon.Bip01_L_Finger4" 3
  32 "v_weapon.Bip01_L_Finger41" 31
  33 "v_weapon.Bip01_L_Finger42" 32
  34 "v_weapon.Bip01_L_ForeTwist" -1
  35 "v_weapon.Bip01_R_ForeTwist" -1
  36 "v_weapon" -1
  37 "v_weapon.knife" 36
  38 "v_weapon.front" 37
  39 "v_weapon.blade1" 38
  40 "v_weapon.rear" 39
  41 "v_weapon.lock" 40
end
skeleton
  time 0
    0 -14.099445 9.668668 -0.697999 -1.578642 0.005462 -2.390729
    1 10.295578 0.000000 0.000002 1.563506 0.043612 -0.021680
    2 16.099459 9.668652 -0.698009 -1.562950 0.005462 -0.750866
    3 10.295582 0.000001 -0.000006 -1.563506 -0.043612 -0.021680
    4 1.149520 0.416502 1.414117 -1.407288 -0.320852 0.235478
    5 1.263885 0.000000 -0.000008 0.000000 0.000000 -0.008520
    6 1.188939 -0.000002 0.000010 0.000000 0.000000 -0.008520
    7 3.773755 0.133215 0.970575 -0.009201 -0.142462 0.005942
    8 1.433456 0.000000 0.000000 0.000000 0.000000 0.025279
    9 1.019165 -0.000006 0.000001 0.000000 0.000000 0.025279
    10 3.799514 0.014957 0.039959 0.008703 0.034651 0.022689
    11 1.774878 0.000000 0.000000 0.000000 0.000000 0.025279
    12 1.008844 -0.000004 0.000000 0.000000 0.000000 0.025279
    13 3.632766 0.059052 -0.757493 0.016389 0.163096 0.042929
    14 1.500137 0.000002 0.000000 0.000000 0.000000 0.025279
    15 0.905666 -0.000002 -0.000001 0.000000 0.000000 0.025279
    16 3.323331 0.233744 -1.479075 0.032424 0.324218 0.031462
    17 0.963100 0.000011 0.000000 0.000000 0.000000 0.025279
    18 0.682894 -0.000006 -0.000001 0.000000 0.000000 0.025279
    19 1.149529 0.416498 -1.414117 1.407288 0.320852 0.235478
    20 1.263884 0.000001 0.000000 0.000000 0.000000 0.000000
    21 1.188946 0.000000 0.000002 0.000000 0.000000 -0.008520
    22 3.773762 0.133217 -0.970574 0.009201 0.142462 0.005942
    23 1.433458 0.000004 0.000000 0.000000 0.000000 0.025279
    24 1.019165 0.000011 0.000000 0.000000 0.000000 0.025279
    25 3.799517 0.014957 -0.039958 -0.008703 -0.034651 0.022689
    26 1.774879 0.000004 0.000000 0.000000 0.000000 0.025279
    27 1.008841 0.000004 0.000000 0.000000 0.000000 0.025279
    28 3.632765 0.059053 0.757493 -0.016389 -0.163096 0.042929
    29 1.500135 0.000004 0.000000 0.000000 0.000000 0.025279
    30 0.905668 0.000002 -0.000001 0.000000 0.000000 0.025279
    31 3.323332 0.233744 1.479075 -0.032424 -0.324218 0.031462
    32 0.963099 0.000010 0.000000 0.000000 0.000000 0.025279
    33 0.682898 -0.000002 0.000000 0.000000 0.000000 0.025279
    34 16.099459 9.668652 -0.698009 -1.556120 0.005462 -0.750865
    35 -14.099445 9.668668 -0.697999 -1.585472 0.005462 -2.390729
    36 1.000000 0.000000 1.000000 1.570796 0.000000 0.000000
    37 0.000000 0.000000 0.000000 1.570796 0.000000 0.000000
    38 -0.021929 2.029111 -0.137266 -1.570805 0.000001 0.000000
    39 0.000000 0.000000 0.000000 0.000007 0.000000 0.000001
    40 0.021929 -0.669111 0.409449 1.570796 0.000000 0.000000
    41 -0.021934 -6.213634 0.929182 -1.570796 0.000000 0.000000
end
triangles
knife_butterfly.bmp
  40 1.260001 -2.248561 0.508157 0.520400 -0.852763 0.044488 0.765166 0.056751
  40 1.270001 -2.228561 0.538157 0.755144 -0.598638 0.267189 0.767123 0.060665
  40 1.260001 -2.238561 0.548157 0.544970 -0.768207 0.335955 0.765166 0.060665
knife_butterfly.bmp
  40 1.260001 -2.238561 0.548157 0.544970 -0.768207 0.335955 0.765166 0.060665
  40 1.270001 -2.228561 0.538157 0.755144 -0.598638 0.267189 0.767123 0.060665
  40 1.260001 -2.218561 0.558157 0.592652 -0.482839 0.644693 0.767123 0.062622
knife_butterfly.bmp
  40 1.270001 -2.228561 0.538157 0.755144 -0.598638 0.267189 0.767123 0.060665
  40 1.270001 -2.218561 0.558157 0.779768 -0.402977 0.479137 0.769080 0.062622
  40 1.260001 -2.218561 0.558157 0.592652 -0.482839 0.644693 0.767123 0.062622
knife_butterfly.bmp
  40 1.260001 -2.218561 0.558157 0.592652 -0.482839 0.644693 0.767123 0.062622
  40 1.270001 -2.218561 0.558157 0.779768 -0.402977 0.479137 0.769080 0.062622
  40 1.260001 -2.188561 0.568157 0.616373 -0.116817 0.778742 0.771037 0.064579
knife_butterfly.bmp
  40 1.270001 -2.218561 0.558157 0.779768 -0.402977 0.479137 0.769080 0.062622
  40 1.270001 -2.188561 0.558157 0.795155 -0.075798 0.601651 0.771037 0.062622
  40 1.260001 -2.188561 0.568157 0.616373 -0.116817 0.778742 0.771037 0.064579
knife_butterfly.bmp
  40 1.260001 -2.188561 0.568157 0.616373 -0.116817 0.778742 0.771037 0.064579
  40 1.270001 -2.188561 0.558157 0.795155 -0.075798 0.601651 0.771037 0.062622
  40 1.260001 -2.168561 0.568157 0.582845 0.125818 0.802784 0.772994 0.064579
knife_butterfly.bmp
  40 1.270001 -2.188561 0.558157 0.795155 -0.075798 0.601651 0.771037 0.062622
  40 1.270001 -2.168561 0.548157 0.800928 0.092708 0.591540 0.772994 0.062622
  40 1.260001 -2.168561 0.568157 0.582845 0.125818 0.802784 0.772994 0.064579
knife_butterfly.bmp
  40 1.260001 -2.168561 0.568157 0.582845 0.125818 0.802784 0.772994 0.064579
  40 1.270001 -2.168561 0.548157 0.800928 0.092708 0.591540 0.772994 0.062622
  40 1.260001 -2.088561 0.568157 0.582845 0.125818 0.802784 0.780822 0.064579
knife_butterfly.bmp
  40 1.270001 -2.168561 0.548157 0.800928 0.092708 0.591540 0.772994 0.062622
  40 1.270001 -2.088561 0.558157 0.800928 0.092708 0.591540 0.780822 0.062622
  40 1.260001 -2.088561 0.568157 0.582845 0.125818 0.802784 0.780822 0.064579
knife_butterfly.bmp
  40 1.260001 -2.088561 0.568157 0.582845 0.125818 0.802784 0.780822 0.064579
  40 1.270001 -2.088561 0.558157 0.800928 0.092708 0.591540 0.780822 0.062622
  40 1.260001 -2.008561 0.558157 0.584082 0.074266 0.808290 0.790607 0.062622
knife_butterfly.bmp
  40 1.270001 -2.088561 0.558157 0.800928 0.092708 0.591540 0.780822 0.062622
  40 1.270001 -2.008561 0.548157 0.804033 0.054161 0.592113 0.788650 0.060665
  40 1.260001 -2.008561 0.558157 0.584082 0.074266 0.808290 0.790607 0.062622
knife_butterfly.bmp
  40 1.260001 -2.008561 0.558157 0.584082 0.074266 0.808290 0.790607 0.062622
  40 1.270001 -2.008561 0.548157 0.804033 0.054161 0.592113 0.788650 0.060665
  40 1.260001 -1.938561 0.558156 0.584523 0.036896 0.810538 0.796477 0.062622
knife_butterfly.bmp
  40 1.270001 -2.008561 0.548157 0.804033 0.054161 0.592113 0.788650 0.060665
  40 1.270001 -1.938561 0.548156 0.804033 0.054161 0.592113 0.796477 0.060665
  40 1.260001 -1.938561 0.558156 0.584523 0.036896 0.810538 0.796477 0.062622
knife_butterfly.bmp
  40 1.260001 -1.938561 0.558156 0.584523 0.036896 0.810538 0.796477 0.062622
  40 1.270001 -1.938561 0.548156 0.804033 0.054161 0.592113 0.796477 0.060665
  40 1.260001 -1.868561 0.558156 0.584656 0.000627 0.811281 0.804305 0.062622
knife_butterfly.bmp
  40 1.270001 -1.938561 0.548156 0.804033 0.054161 0.592113 0.796477 0.060665
  40 1.270001 -1.868561 0.548156 0.802261 0.013113 0.596830 0.804305 0.060665
  40 1.260001 -1.868561 0.558156 0.584656 0.000627 0.811281 0.804305 0.062622
knife_butterfly.bmp
  40 1.260001 -1.868561 0.558156 0.584656 0.000627 0.811281 0.804305 0.062622
  40 1.270001 -1.868561 0.548156 0.802261 0.013113 0.596830 0.804305 0.060665
  40 1.260001 -1.798561 0.528156 0.584656 0.000627 0.811281 0.812133 0.062622
knife_butterfly.bmp
  40 1.270001 -1.868561 0.548156 0.802261 0.013113 0.596830 0.804305 0.060665
  40 1.270001 -1.798561 0.528156 0.802261 0.013113 0.596830 0.812133 0.060665
  40 1.260001 -1.798561 0.528156 0.584656 0.000627 0.811281 0.812133 0.062622
knife_butterfly.bmp
  40 1.260001 -1.798561 0.528156 0.584656 0.000627 0.811281 0.812133 0.062622
  40 1.270001 -1.798561 0.528156 0.802261 0.013113 0.596830 0.812133 0.060665
  40 1.260001 -1.718561 0.558156 0.584217 -0.063935 0.809075 0.819961 0.062622
knife_butterfly.bmp
  40 1.270001 -1.798561 0.528156 0.802261 0.013113 0.596830 0.812133 0.060665
  40 1.270001 -1.718561 0.548156 0.803746 -0.021800 0.594573 0.819961 0.060665
  40 1.260001 -1.718561 0.558156 0.584217 -0.063935 0.809075 0.819961 0.062622
knife_butterfly.bmp
  40 1.260001 -1.718561 0.558156 0.584217 -0.063935 0.809075 0.819961 0.062622
  40 1.270001 -1.718561 0.548156 0.803746 -0.021800 0.594573 0.819961 0.060665
  40 1.260001 -1.648561 0.558156 0.584217 -0.063935 0.809075 0.827789 0.062622
knife_butterfly.bmp
  40 1.270001 -1.718561 0.548156 0.803746 -0.021800 0.594573 0.819961 0.060665
  40 1.270001 -1.648561 0.548156 0.795155 -0.075798 0.601651 0.827789 0.060665
  40 1.260001 -1.648561 0.558156 0.584217 -0.063935 0.809075 0.827789 0.062622
knife_butterfly.bmp
  40 1.260001 -1.648561 0.558156 0.584217 -0.063935 0.809075 0.827789 0.062622
  40 1.270001 -1.648561 0.548156 0.795155 -0.075798 0.601651 0.827789 0.060665
  40 1.260001 -1.578561 0.568156 0.583074 -0.118925 0.803667 0.835616 0.062622
knife_butterfly.bmp
  40 1.270001 -1.648561 0.548156 0.795155 -0.075798 0.601651 0.827789 0.060665
  40 1.270001 -1.578561 0.558156 0.795155 -0.075798 0.601651 0.835616 0.060665
  40 1.260001 -1.578561 0.568156 0.583074 -0.118925 0.803667 0.835616 0.062622
knife_butterfly.bmp
  40 1.260001 -1.578561 0.568156 0.583074 -0.118925 0.803667 0.835616 0.062622
  40 1.270001 -1.578561 0.558156 0.795155 -0.075798 0.601651 0.835616 0.060665
  40 1.260001 -1.508561 0.578155 0.583074 -0.118925 0.803667 0.843444 0.062622
knife_butterfly.bmp
  40 1.270001 -1.578561 0.558156 0.795155 -0.075798 0.601651 0.835616 0.060665
  40 1.270001 -1.498561 0.568155 0.795155 -0.075798 0.601651 0.843444 0.060665
  40 1.260001 -1.508561 0.578155 0.583074 -0.118925 0.803667 0.843444 0.062622
knife_butterfly.bmp
  40 1.260001 -1.508561 0.578155 0.583074 -0.118925 0.803667 0.843444 0.062622
  40 1.270001 -1.498561 0.568155 0.795155 -0.075798 0.601651 0.843444 0.060665
  40 1.260001 -1.428561 0.568155 0.583074 -0.118925 0.803667 0.851272 0.064579
knife_butterfly.bmp
  40 1.270001 -1.498561 0.568155 0.795155 -0.075798 0.601651 0.843444 0.060665
  40 1.270001 -1.428561 0.558155 0.795155 -0.075798 0.601651 0.851272 0.062622
  40 1.260001 -1.428561 0.568155 0.583074 -0.118925 0.803667 0.851272 0.064579
knife_butterfly.bmp
  40 1.260001 -1.428561 0.568155 0.583074 -0.118925 0.803667 0.851272 0.064579
  40 1.270001 -1.428561 0.558155 0.795155 -0.075798 0.601651 0.851272 0.062622
  40 1.280001 -1.368561 0.598155 0.583074 -0.118925 0.803667 0.857143 0.064579
knife_butterfly.bmp
  40 1.270001 -1.428561 0.558155 0.795155 -0.075798 0.601651 0.851272 0.062622
  40 1.270001 -1.368561 0.568155 0.802252 -0.109891 0.586785 0.857143 0.062622
  40 1.280001 -1.368561 0.598155 0.583074 -0.118925 0.803667 0.857143 0.064579
knife_butterfly.bmp
  40 1.280001 -1.368561 0.598155 0.583074 -0.118925 0.803667 0.857143 0.064579
  40 1.270001 -1.368561 0.568155 0.802252 -0.109891 0.586785 0.857143 0.062622
  40 1.280001 -1.318561 0.608155 0.579203 -0.219793 0.784994 0.863014 0.064579
knife_butterfly.bmp
  40 1.270001 -1.368561 0.568155 0.802252 -0.109891 0.586785 0.857143 0.062622
  40 1.280001 -1.308561 0.598155 0.802252 -0.109891 0.586785 0.863014 0.064579
  40 1.280001 -1.318561 0.608155 0.579203 -0.219793 0.784994 0.863014 0.064579
knife_butterfly.bmp
  40 1.280001 -1.318561 0.608155 0.579203 -0.219793 0.784994 0.863014 0.064579
  40 1.280001 -1.308561 0.598155 0.802252 -0.109891 0.586785 0.863014 0.064579
  40 1.280001 -1.248561 0.638155 0.579203 -0.219793 0.784994 0.872798 0.066536
knife_butterfly.bmp
  40 1.280001 -1.308561 0.598155 0.802252 -0.109891 0.586785 0.863014 0.064579
  40 1.290001 -1.228561 0.628155 0.799138 -0.161955 0.578921 0.872798 0.066536
  40 1.280001 -1.248561 0.638155 0.579203 -0.219793 0.784994 0.872798 0.066536
knife_butterfly.bmp
  40 1.280001 -1.248561 0.638155 0.579203 -0.219793 0.784994 0.872798 0.066536
  40 1.290001 -1.228561 0.628155 0.799138 -0.161955 0.578921 0.872798 0.066536
  40 1.280001 -1.198561 0.638155 0.584656 0.000627 0.811281 0.874755 0.068493
knife_butterfly.bmp
  40 1.290001 -1.228561 0.628155 0.799138 -0.161955 0.578921 0.872798 0.066536
  40 1.290001 -1.198561 0.628155 0.803746 -0.021800 0.594573 0.874755 0.066536
  40 1.280001 -1.198561 0.638155 0.584656 0.000627 0.811281 0.874755 0.068493
knife_butterfly.bmp
  40 1.280001 -1.198561 0.638155 0.584656 0.000627 0.811281 0.874755 0.068493
  40 1.290001 -1.198561 0.628155 0.803746 -0.021800 0.594573 0.874755 0.066536
  40 1.280001 -1.178561 0.638155 0.597255 0.342958 0.725029 0.878669 0.066536
knife_butterfly.bmp
  40 1.290001 -1.198561 0.628155 0.803746 -0.021800 0.594573 0.874755 0.066536
  40 1.290001 -1.158561 0.628155 0.785939 0.287717 0.547283 0.878669 0.064579
  40 1.280001 -1.178561 0.638155 0.597255 0.342958 0.725029 0.878669 0.066536
knife_butterfly.bmp
  40 1.280001 -1.178561 0.638155 0.597255 0.342958 0.725029 0.878669 0.066536
  40 1.290001 -1.158561 0.628155 0.785939 0.287717 0.547283 0.878669 0.064579
  40 1.280001 -1.128561 0.608154 0.555084 0.689568 0.465164 0.882583 0.064579
knife_butterfly.bmp
  40 1.290001 -1.158561 0.628155 0.785939 0.287717 0.547283 0.878669 0.064579
  40 1.280001 -1.138561 0.608154 0.756424 0.546490 0.359404 0.880626 0.062622
  40 1.280001 -1.128561 0.608154 0.555084 0.689568 0.465164 0.882583 0.064579
knife_butterfly.bmp
  40 1.280001 -1.128561 0.608154 0.555084 0.689568 0.465164 0.882583 0.064579
  40 1.280001 -1.138561 0.608154 0.756424 0.546490 0.359404 0.880626 0.062622
  40 1.260001 -1.118561 0.568154 0.503781 0.854576 0.126112 0.884540 0.058708
knife_butterfly.bmp
  40 1.280001 -1.138561 0.608154 0.756424 0.546490 0.359404 0.880626 0.062622
  40 1.270001 -1.128561 0.568154 0.729653 0.677100 0.095617 0.882583 0.058708
  40 1.260001 -1.118561 0.568154 0.503781 0.854576 0.126112 0.884540 0.058708
knife_butterfly.bmp
  40 1.260001 -1.118561 0.568154 0.503781 0.854576 0.126112 0.884540 0.058708
  40 1.270001 -1.128561 0.568154 0.729653 0.677100 0.095617 0.882583 0.058708
  40 1.270001 -1.128561 0.538154 0.741143 0.651230 -0.163113 0.882583 0.054795
knife_butterfly.bmp
  40 1.270001 -1.128561 0.568154 0.729653 0.677100 0.095617 0.882583 0.058708
  40 1.280001 -1.148561 0.538154 0.976202 0.209679 -0.055361 0.880626 0.056751
  40 1.270001 -1.128561 0.538154 0.741143 0.651230 -0.163113 0.882583 0.054795
knife_butterfly.bmp
  40 1.270001 -1.128561 0.538154 0.741143 0.651230 -0.163113 0.882583 0.054795
  40 1.280001 -1.148561 0.538154 0.976202 0.209679 -0.055361 0.880626 0.056751
  40 1.270001 -1.148561 0.498154 0.764333 0.520083 -0.381194 0.880626 0.052838
knife_butterfly.bmp
  40 1.280001 -1.148561 0.538154 0.976202 0.209679 -0.055361 0.880626 0.056751
  40 1.280001 -1.158561 0.518154 0.969650 0.202883 -0.136446 0.878669 0.054795
  40 1.270001 -1.148561 0.498154 0.764333 0.520083 -0.381194 0.880626 0.052838
knife_butterfly.bmp
  40 1.270001 -1.148561 0.498154 0.764333 0.520083 -0.381194 0.880626 0.052838
  40 1.280001 -1.158561 0.518154 0.969650 0.202883 -0.136446 0.878669 0.054795
  40 1.270001 -1.178561 0.478155 0.782736 0.318412 -0.534732 0.876712 0.048924
knife_butterfly.bmp
  40 1.280001 -1.158561 0.518154 0.969650 0.202883 -0.136446 0.878669 0.054795
  40 1.280001 -1.188561 0.488155 0.982185 0.096439 -0.161285 0.874755 0.050881
  40 1.270001 -1.178561 0.478155 0.782736 0.318412 -0.534732 0.876712 0.048924
knife_butterfly.bmp
  40 1.270001 -1.178561 0.478155 0.782736 0.318412 -0.534732 0.876712 0.048924
  40 1.280001 -1.188561 0.488155 0.982185 0.096439 -0.161285 0.874755 0.050881
  40 1.270001 -1.198561 0.468155 0.798239 0.162649 -0.579966 0.872798 0.048924
knife_butterfly.bmp
  40 1.280001 -1.188561 0.488155 0.982185 0.096439 -0.161285 0.874755 0.050881
  40 1.280001 -1.208561 0.478155 0.975009 0.071599 -0.210313 0.872798 0.050881
  40 1.270001 -1.198561 0.468155 0.798239 0.162649 -0.579966 0.872798 0.048924
knife_butterfly.bmp
  40 1.270001 -1.198561 0.468155 0.798239 0.162649 -0.579966 0.872798 0.048924
  40 1.280001 -1.208561 0.478155 0.975009 0.071599 -0.210313 0.872798 0.050881
  40 1.270001 -1.308561 0.468155 0.798239 0.162649 -0.579966 0.864971 0.046967
knife_butterfly.bmp
  40 1.280001 -1.208561 0.478155 0.975009 0.071599 -0.210313 0.872798 0.050881
  40 1.280001 -1.298561 0.468155 0.974676 0.036415 -0.220639 0.864971 0.048924
  40 1.270001 -1.308561 0.468155 0.798239 0.162649 -0.579966 0.864971 0.046967
knife_butterfly.bmp
  40 1.270001 -1.308561 0.468155 0.798239 0.162649 -0.579966 0.864971 0.046967
  40 1.280001 -1.298561 0.468155 0.974676 0.036415 -0.220639 0.864971 0.048924
  40 1.270001 -1.368561 0.448155 0.799162 0.121600 -0.588688 0.859100 0.045010
knife_butterfly.bmp
  40 1.280001 -1.298561 0.468155 0.974676 0.036415 -0.220639 0.864971 0.048924
  40 1.280001 -1.358561 0.468155 0.974676 0.036415 -0.220639 0.857143 0.046967
  40 1.270001 -1.368561 0.448155 0.799162 0.121600 -0.588688 0.859100 0.045010
knife_butterfly.bmp
  40 1.270001 -1.368561 0.448155 0.799162 0.121600 -0.588688 0.859100 0.045010
  40 1.280001 -1.358561 0.468155 0.974676 0.036415 -0.220639 0.857143 0.046967
  40 1.270001 -1.428561 0.418155 0.799162 0.121600 -0.588688 0.851272 0.045010
knife_butterfly.bmp
  40 1.280001 -1.358561 0.468155 0.974676 0.036415 -0.220639 0.857143 0.046967
  40 1.280001 -1.428561 0.438155 0.974676 0.036415 -0.220639 0.851272 0.046967
  40 1.270001 -1.428561 0.418155 0.799162 0.121600 -0.588688 0.851272 0.045010
knife_butterfly.bmp
  40 1.270001 -1.428561 0.418155 0.799162 0.121600 -0.588688 0.851272 0.045010
  40 1.280001 -1.428561 0.438155 0.974676 0.036415 -0.220639 0.851272 0.046967
  40 1.270001 -1.498561 0.428155 0.799162 0.121600 -0.588688 0.845401 0.043053
knife_butterfly.bmp
  40 1.280001 -1.428561 0.438155 0.974676 0.036415 -0.220639 0.851272 0.046967
  40 1.280001 -1.498561 0.438155 0.974676 0.036415 -0.220639 0.843444 0.045010
  40 1.270001 -1.498561 0.428155 0.799162 0.121600 -0.588688 0.845401 0.043053
knife_butterfly.bmp
  40 1.270001 -1.498561 0.428155 0.799162 0.121600 -0.588688 0.845401 0.043053
  40 1.280001 -1.498561 0.438155 0.974676 0.036415 -0.220639 0.843444 0.045010
  40 1.280001 -1.568561 0.408156 0.799693 0.068026 -0.596543 0.837573 0.041096
knife_butterfly.bmp
  40 1.280001 -1.498561 0.438155 0.974676 0.036415 -0.220639 0.843444 0.045010
  40 1.290001 -1.568561 0.428156 0.974676 0.036415 -0.220639 0.837573 0.045010
  40 1.280001 -1.568561 0.408156 0.799693 0.068026 -0.596543 0.837573 0.041096
knife_butterfly.bmp
  40 1.280001 -1.568561 0.408156 0.799693 0.068026 -0.596543 0.837573 0.041096
  40 1.290001 -1.568561 0.428156 0.974676 0.036415 -0.220639 0.837573 0.045010
  40 1.290001 -1.648562 0.398156 0.799693 0.068026 -0.596543 0.829746 0.041096
knife_butterfly.bmp
  40 1.290001 -1.568561 0.428156 0.974676 0.036415 -0.220639 0.837573 0.045010
  40 1.300001 -1.638561 0.418156 0.974676 0.036415 -0.220639 0.829746 0.043053
  40 1.290001 -1.648562 0.398156 0.799693 0.068026 -0.596543 0.829746 0.041096
knife_butterfly.bmp
  40 1.290001 -1.648562 0.398156 0.799693 0.068026 -0.596543 0.829746 0.041096
  40 1.300001 -1.638561 0.418156 0.974676 0.036415 -0.220639 0.829746 0.043053
  40 1.290001 -1.718562 0.388156 0.799693 0.068026 -0.596543 0.821918 0.041096
knife_butterfly.bmp
  40 1.300001 -1.638561 0.418156 0.974676 0.036415 -0.220639 0.829746 0.043053
  40 1.300001 -1.718561 0.408156 0.974676 0.036415 -0.220639 0.821918 0.043053
  40 1.290001 -1.718562 0.388156 0.799693 0.068026 -0.596543 0.821918 0.041096
knife_butterfly.bmp
  40 1.290001 -1.718562 0.388156 0.799693 0.068026 -0.596543 0.821918 0.041096
  40 1.300001 -1.718561 0.408156 0.974676 0.036415 -0.220639 0.821918 0.043053
  40 1.290002 -1.788562 0.368156 0.799693 0.068026 -0.596543 0.814090 0.041096
knife_butterfly.bmp
  40 1.300001 -1.718561 0.408156 0.974676 0.036415 -0.220639 0.821918 0.043053
  40 1.300002 -1.788562 0.388156 0.974676 0.036415 -0.220639 0.814090 0.043053
  40 1.290002 -1.788562 0.368156 0.799693 0.068026 -0.596543 0.814090 0.041096
knife_butterfly.bmp
  40 1.290002 -1.788562 0.368156 0.799693 0.068026 -0.596543 0.814090 0.041096
  40 1.300002 -1.788562 0.388156 0.974676 0.036415 -0.220639 0.814090 0.043053
  40 1.290001 -1.858562 0.388156 0.801012 0.016706 -0.598415 0.806262 0.041096
knife_butterfly.bmp
  40 1.300002 -1.788562 0.388156 0.974676 0.036415 -0.220639 0.814090 0.043053
  40 1.300001 -1.858562 0.408156 0.974676 0.036415 -0.220639 0.806262 0.043053
  40 1.290001 -1.858562 0.388156 0.801012 0.016706 -0.598415 0.806262 0.041096
knife_butterfly.bmp
  40 1.290001 -1.858562 0.388156 0.801012 0.016706 -0.598415 0.806262 0.041096
  40 1.300001 -1.858562 0.408156 0.974676 0.036415 -0.220639 0.806262 0.043053
  40 1.290002 -1.938562 0.378157 0.801012 0.016706 -0.598415 0.798434 0.041096
knife_butterfly.bmp
  40 1.300001 -1.858562 0.408156 0.974676 0.036415 -0.220639 0.806262 0.043053
  40 1.300001 -1.938562 0.398157 0.974798 -0.000371 -0.223087 0.798434 0.043053
  40 1.290002 -1.938562 0.378157 0.801012 0.016706 -0.598415 0.798434 0.041096
knife_butterfly.bmp
  40 1.290002 -1.938562 0.378157 0.801012 0.016706 -0.598415 0.798434 0.041096
  40 1.300001 -1.938562 0.398157 0.974798 -0.000371 -0.223087 0.798434 0.043053
  40 1.290001 -2.008562 0.388157 0.800853 -0.019974 -0.598528 0.792564 0.041096
knife_butterfly.bmp
  40 1.300001 -1.938562 0.398157 0.974798 -0.000371 -0.223087 0.798434 0.043053
  40 1.300001 -2.008561 0.408157 0.974798 -0.000371 -0.223087 0.792564 0.043053
  40 1.290001 -2.008562 0.388157 0.800853 -0.019974 -0.598528 0.792564 0.041096
knife_butterfly.bmp
  40 1.290001 -2.008562 0.388157 0.800853 -0.019974 -0.598528 0.792564 0.041096
  40 1.300001 -2.008561 0.408157 0.974798 -0.000371 -0.223087 0.792564 0.043053
  40 1.290001 -2.088562 0.388157 0.800853 -0.019974 -0.598528 0.784736 0.041096
knife_butterfly.bmp
  40 1.300001 -2.008561 0.408157 0.974798 -0.000371 -0.223087 0.792564 0.043053
  40 1.300001 -2.078561 0.408157 0.974798 -0.000371 -0.223087 0.784736 0.043053
  40 1.290001 -2.088562 0.388157 0.800853 -0.019974 -0.598528 0.784736 0.041096
knife_butterfly.bmp
  40 1.290001 -2.088562 0.388157 0.800853 -0.019974 -0.598528 0.784736 0.041096
  40 1.300001 -2.078561 0.408157 0.974798 -0.000371 -0.223087 0.784736 0.043053
  40 1.290001 -2.138562 0.398157 0.799379 -0.059229 -0.597900 0.776908 0.041096
knife_butterfly.bmp
  40 1.300001 -2.078561 0.408157 0.974798 -0.000371 -0.223087 0.784736 0.043053
  40 1.300001 -2.138562 0.398157 0.974798 -0.000371 -0.223087 0.776908 0.043053
  40 1.290001 -2.138562 0.398157 0.799379 -0.059229 -0.597900 0.776908 0.041096
knife_butterfly.bmp
  40 1.290001 -2.138562 0.398157 0.799379 -0.059229 -0.597900 0.776908 0.041096
  40 1.300001 -2.138562 0.398157 0.974798 -0.000371 -0.223087 0.776908 0.043053
  40 1.290002 -2.148562 0.378157 0.789045 -0.193684 -0.583005 0.774951 0.041096
knife_butterfly.bmp
  40 1.300001 -2.138562 0.398157 0.974798 -0.000371 -0.223087 0.776908 0.043053
  40 1.300001 -2.148562 0.398157 0.983116 -0.057347 -0.173764 0.774951 0.043053
  40 1.290002 -2.148562 0.378157 0.789045 -0.193684 -0.583005 0.774951 0.041096
knife_butterfly.bmp
  40 1.290002 -2.148562 0.378157 0.789045 -0.193684 -0.583005 0.774951 0.041096
  40 1.300001 -2.148562 0.398157 0.983116 -0.057347 -0.173764 0.774951 0.043053
  40 1.270001 -2.188562 0.398157 0.775237 -0.409248 -0.481169 0.771037 0.043053
knife_butterfly.bmp
  40 1.300001 -2.148562 0.398157 0.983116 -0.057347 -0.173764 0.774951 0.043053
  40 1.300001 -2.178562 0.408157 0.967246 -0.167474 -0.190757 0.772994 0.045010
  40 1.270001 -2.188562 0.398157 0.775237 -0.409248 -0.481169 0.771037 0.043053
knife_butterfly.bmp
  40 1.270001 -2.188562 0.398157 0.775237 -0.409248 -0.481169 0.771037 0.043053
  40 1.300001 -2.178562 0.408157 0.967246 -0.167474 -0.190757 0.772994 0.045010
  40 1.270001 -2.218561 0.448157 0.758186 -0.550782 -0.348989 0.769080 0.046967
knife_butterfly.bmp
  40 1.300001 -2.178562 0.408157 0.967246 -0.167474 -0.190757 0.772994 0.045010
  40 1.280001 -2.198561 0.448157 0.979897 -0.167179 -0.108871 0.769080 0.048924
  40 1.270001 -2.218561 0.448157 0.758186 -0.550782 -0.348989 0.769080 0.046967
knife_butterfly.bmp
  40 1.270001 -2.218561 0.448157 0.758186 -0.550782 -0.348989 0.769080 0.046967
  40 1.280001 -2.198561 0.448157 0.979897 -0.167179 -0.108871 0.769080 0.048924
  40 1.280001 -2.208561 0.468157 0.960090 -0.262016 -0.097847 0.769080 0.050881
knife_butterfly.bmp
  40 1.280001 -2.198561 0.448157 0.979897 -0.167179 -0.108871 0.769080 0.048924
  40 1.300001 -2.178562 0.408157 0.967246 -0.167474 -0.190757 0.772994 0.045010
  40 1.280001 -2.208561 0.468157 0.960090 -0.262016 -0.097847 0.769080 0.050881
knife_butterfly.bmp
  40 1.280001 -2.208561 0.468157 0.960090 -0.262016 -0.097847 0.769080 0.050881
  40 1.300001 -2.178562 0.408157 0.967246 -0.167474 -0.190757 0.772994 0.045010
  40 1.290001 -2.158561 0.468157 0.998234 -0.059393 -0.001118 0.774951 0.052838
knife_butterfly.bmp
  40 1.300001 -2.178562 0.408157 0.967246 -0.167474 -0.190757 0.772994 0.045010
  40 1.300001 -2.138562 0.398157 0.974798 -0.000371 -0.223087 0.776908 0.043053
  40 1.290001 -2.158561 0.468157 0.998234 -0.059393 -0.001118 0.774951 0.052838
knife_butterfly.bmp
  40 1.290001 -2.158561 0.468157 0.998234 -0.059393 -0.001118 0.774951 0.052838
  40 1.300001 -2.138562 0.398157 0.974798 -0.000371 -0.223087 0.776908 0.043053
  40 1.290001 -2.078561 0.468157 0.999988 0.004934 -0.000682 0.782779 0.050881
knife_butterfly.bmp
  40 1.300001 -2.138562 0.398157 0.974798 -0.000371 -0.223087 0.776908 0.043053
  40 1.300001 -2.078561 0.408157 0.974798 -0.000371 -0.223087 0.784736 0.043053
  40 1.290001 -2.078561 0.468157 0.999988 0.004934 -0.000682 0.782779 0.050881
knife_butterfly.bmp
  40 1.290001 -2.078561 0.468157 0.999988 0.004934 -0.000682 0.782779 0.050881
  40 1.300001 -2.078561 0.408157 0.974798 -0.000371 -0.223087 0.784736 0.043053
  40 1.290001 -1.998561 0.468157 0.999988 0.004934 -0.000682 0.790607 0.050881
knife_butterfly.bmp
  40 1.300001 -2.078561 0.408157 0.974798 -0.000371 -0.223087 0.784736 0.043053
  40 1.300001 -2.008561 0.408157 0.974798 -0.000371 -0.223087 0.792564 0.043053
  40 1.290001 -1.998561 0.468157 0.999988 0.004934 -0.000682 0.790607 0.050881
knife_butterfly.bmp
  40 1.290001 -1.998561 0.468157 0.999988 0.004934 -0.000682 0.790607 0.050881
  40 1.300001 -2.008561 0.408157 0.974798 -0.000371 -0.223087 0.792564 0.043053
  40 1.290001 -1.928561 0.468156 0.999988 0.004934 -0.000682 0.798434 0.050881
knife_butterfly.bmp
  40 1.300001 -2.008561 0.408157 0.974798 -0.000371 -0.223087 0.792564 0.043053
  40 1.300001 -1.938562 0.398157 0.974798 -0.000371 -0.223087 0.798434 0.043053
  40 1.290001 -1.928561 0.468156 0.999988 0.004934 -0.000682 0.798434 0.050881
knife_butterfly.bmp
  40 1.290001 -1.928561 0.468156 0.999988 0.004934 -0.000682 0.798434 0.050881
  40 1.300001 -1.938562 0.398157 0.974798 -0.000371 -0.223087 0.798434 0.043053
  40 1.290001 -1.858561 0.468156 0.999988 0.004934 -0.000682 0.806262 0.050881
knife_butterfly.bmp
  40 1.300001 -1.938562 0.398157 0.974798 -0.000371 -0.223087 0.798434 0.043053
  40 1.300001 -1.858562 0.408156 0.974676 0.036415 -0.220639 0.806262 0.043053
  40 1.290001 -1.858561 0.468156 0.999988 0.004934 -0.000682 0.806262 0.050881
knife_butterfly.bmp
  40 1.290001 -1.858561 0.468156 0.999988 0.004934 -0.000682 0.806262 0.050881
  40 1.300001 -1.858562 0.408156 0.974676 0.036415 -0.220639 0.806262 0.043053
  40 1.290001 -1.788561 0.458156 0.999988 0.004934 -0.000682 0.814090 0.050881
knife_butterfly.bmp
  40 1.300001 -1.858562 0.408156 0.974676 0.036415 -0.220639 0.806262 0.043053
  40 1.300002 -1.788562 0.388156 0.974676 0.036415 -0.220639 0.814090 0.043053
  40 1.290001 -1.788561 0.458156 0.999988 0.004934 -0.000682 0.814090 0.050881
knife_butterfly.bmp
  40 1.290001 -1.788561 0.458156 0.999988 0.004934 -0.000682 0.814090 0.050881
  40 1.300002 -1.788562 0.388156 0.974676 0.036415 -0.220639 0.814090 0.043053
  40 1.290001 -1.708561 0.468156 0.999988 0.004934 -0.000682 0.819961 0.050881
knife_butterfly.bmp
  40 1.300002 -1.788562 0.388156 0.974676 0.036415 -0.220639 0.814090 0.043053
  40 1.300001 -1.718561 0.408156 0.974676 0.036415 -0.220639 0.821918 0.043053
  40 1.290001 -1.708561 0.468156 0.999988 0.004934 -0.000682 0.819961 0.050881
knife_butterfly.bmp
  40 1.290001 -1.708561 0.468156 0.999988 0.004934 -0.000682 0.819961 0.050881
  40 1.300001 -1.718561 0.408156 0.974676 0.036415 -0.220639 0.821918 0.043053
  40 1.290001 -1.638561 0.468156 0.999988 0.004934 -0.000682 0.827789 0.050881
knife_butterfly.bmp
  40 1.300001 -1.718561 0.408156 0.974676 0.036415 -0.220639 0.821918 0.043053
  40 1.300001 -1.638561 0.418156 0.974676 0.036415 -0.220639 0.829746 0.043053
  40 1.290001 -1.638561 0.468156 0.999988 0.004934 -0.000682 0.827789 0.050881
knife_butterfly.bmp
  40 1.290001 -1.638561 0.468156 0.999988 0.004934 -0.000682 0.827789 0.050881
  40 1.300001 -1.638561 0.418156 0.974676 0.036415 -0.220639 0.829746 0.043053
  40 1.290001 -1.568561 0.468156 0.999988 0.004934 -0.000682 0.835616 0.050881
knife_butterfly.bmp
  40 1.300001 -1.638561 0.418156 0.974676 0.036415 -0.220639 0.829746 0.043053
  40 1.290001 -1.568561 0.428156 0.974676 0.036415 -0.220639 0.837573 0.045010
  40 1.290001 -1.568561 0.468156 0.999988 0.004934 -0.000682 0.835616 0.050881
knife_butterfly.bmp
  40 1.290001 -1.568561 0.468156 0.999988 0.004934 -0.000682 0.835616 0.050881
  40 1.290001 -1.568561 0.428156 0.974676 0.036415 -0.220639 0.837573 0.045010
  40 1.290001 -1.488561 0.478155 0.999988 0.004934 -0.000682 0.843444 0.052838
knife_butterfly.bmp
  40 1.290001 -1.568561 0.428156 0.974676 0.036415 -0.220639 0.837573 0.045010
  40 1.280001 -1.498561 0.438155 0.974676 0.036415 -0.220639 0.843444 0.045010
  40 1.290001 -1.488561 0.478155 0.999988 0.004934 -0.000682 0.843444 0.052838
knife_butterfly.bmp
  40 1.290001 -1.488561 0.478155 0.999988 0.004934 -0.000682 0.843444 0.052838
  40 1.280001 -1.498561 0.438155 0.974676 0.036415 -0.220639 0.843444 0.045010
  40 1.290001 -1.418561 0.468155 0.999988 0.004934 -0.000682 0.851272 0.052838
knife_butterfly.bmp
  40 1.280001 -1.498561 0.438155 0.974676 0.036415 -0.220639 0.843444 0.045010
  40 1.280001 -1.428561 0.438155 0.974676 0.036415 -0.220639 0.851272 0.046967
  40 1.290001 -1.418561 0.468155 0.999988 0.004934 -0.000682 0.851272 0.052838
knife_butterfly.bmp
  40 1.290001 -1.418561 0.468155 0.999988 0.004934 -0.000682 0.851272 0.052838
  40 1.280001 -1.428561 0.438155 0.974676 0.036415 -0.220639 0.851272 0.046967
  40 1.290001 -1.358561 0.488155 0.999988 0.004934 -0.000682 0.857143 0.054795
knife_butterfly.bmp
  40 1.280001 -1.428561 0.438155 0.974676 0.036415 -0.220639 0.851272 0.046967
  40 1.280001 -1.358561 0.468155 0.974676 0.036415 -0.220639 0.857143 0.046967
  40 1.290001 -1.358561 0.488155 0.999988 0.004934 -0.000682 0.857143 0.054795
knife_butterfly.bmp
  40 1.290001 -1.358561 0.488155 0.999988 0.004934 -0.000682 0.857143 0.054795
  40 1.280001 -1.358561 0.468155 0.974676 0.036415 -0.220639 0.857143 0.046967
  40 1.280001 -1.298561 0.468155 0.974676 0.036415 -0.220639 0.864971 0.048924
knife_butterfly.bmp
  40 0.660001 -1.358561 0.468154 -0.975010 0.071595 -0.210307 0.859100 0.136986
  40 0.660001 -1.418561 0.458154 -0.975010 0.071595 -0.210307 0.853229 0.138943
  40 0.650001 -1.358561 0.508154 -0.999988 0.004937 -0.000682 0.859100 0.131115
knife_butterfly.bmp
  40 0.650001 -1.358561 0.508154 -0.999988 0.004937 -0.000682 0.859100 0.131115
  40 0.660001 -1.418561 0.458154 -0.975010 0.071595 -0.210307 0.853229 0.138943
  40 0.650001 -1.418561 0.488154 -0.999988 0.004937 -0.000682 0.853229 0.131115
knife_butterfly.bmp
  40 0.660001 -1.418561 0.458154 -0.975010 0.071595 -0.210307 0.853229 0.138943
  40 0.660001 -1.508561 0.418154 -0.974842 0.013571 -0.222483 0.845401 0.138943
  40 0.650001 -1.418561 0.488154 -0.999988 0.004937 -0.000682 0.853229 0.131115
knife_butterfly.bmp
  40 0.650001 -1.418561 0.488154 -0.999988 0.004937 -0.000682 0.853229 0.131115
  40 0.660001 -1.508561 0.418154 -0.974842 0.013571 -0.222483 0.845401 0.138943
  40 0.650001 -1.488561 0.468154 -0.999988 0.004937 -0.000682 0.845401 0.133072
knife_butterfly.bmp
  40 0.660001 -1.508561 0.418154 -0.974842 0.013571 -0.222483 0.845401 0.138943
  40 0.660001 -1.578561 0.428154 -0.974842 0.013571 -0.222483 0.837573 0.140900
  40 0.650001 -1.488561 0.468154 -0.999988 0.004937 -0.000682 0.845401 0.133072
knife_butterfly.bmp
  40 0.650001 -1.488561 0.468154 -0.999988 0.004937 -0.000682 0.845401 0.133072
  40 0.660001 -1.578561 0.428154 -0.974842 0.013571 -0.222483 0.837573 0.140900
  40 0.650001 -1.568561 0.468154 -0.999988 0.004937 -0.000682 0.837573 0.133072
knife_butterfly.bmp
  40 0.660001 -1.578561 0.428154 -0.974842 0.013571 -0.222483 0.837573 0.140900
  40 0.660001 -1.638561 0.418154 -0.974842 0.013571 -0.222483 0.829746 0.140900
  40 0.650001 -1.568561 0.468154 -0.999988 0.004937 -0.000682 0.837573 0.133072
knife_butterfly.bmp
  40 0.650001 -1.568561 0.468154 -0.999988 0.004937 -0.000682 0.837573 0.133072
  40 0.660001 -1.638561 0.418154 -0.974842 0.013571 -0.222483 0.829746 0.140900
  40 0.650001 -1.638561 0.468154 -0.999988 0.004937 -0.000682 0.829746 0.133072
knife_butterfly.bmp
  40 0.660001 -1.638561 0.418154 -0.974842 0.013571 -0.222483 0.829746 0.140900
  40 0.660001 -1.718561 0.408155 -0.974842 0.013571 -0.222483 0.823875 0.140900
  40 0.650001 -1.638561 0.468154 -0.999988 0.004937 -0.000682 0.829746 0.133072
knife_butterfly.bmp
  40 0.650001 -1.638561 0.468154 -0.999988 0.004937 -0.000682 0.829746 0.133072
  40 0.660001 -1.718561 0.408155 -0.974842 0.013571 -0.222483 0.823875 0.140900
  40 0.650001 -1.708561 0.468155 -0.999988 0.004937 -0.000682 0.821918 0.133072
knife_butterfly.bmp
  40 0.660001 -1.718561 0.408155 -0.974842 0.013571 -0.222483 0.823875 0.140900
  40 0.660001 -1.778561 0.408155 -0.974842 0.013571 -0.222483 0.816047 0.140900
  40 0.650001 -1.708561 0.468155 -0.999988 0.004937 -0.000682 0.821918 0.133072
knife_butterfly.bmp
  40 0.650001 -1.708561 0.468155 -0.999988 0.004937 -0.000682 0.821918 0.133072
  40 0.660001 -1.778561 0.408155 -0.974842 0.013571 -0.222483 0.816047 0.140900
  40 0.650001 -1.788561 0.468155 -0.999988 0.004937 -0.000682 0.814090 0.133072
knife_butterfly.bmp
  40 0.660001 -1.778561 0.408155 -0.974842 0.013571 -0.222483 0.816047 0.140900
  40 0.670001 -1.868562 0.388155 -0.975143 -0.027932 -0.219809 0.808219 0.140900
  40 0.650001 -1.788561 0.468155 -0.999988 0.004937 -0.000682 0.814090 0.133072
knife_butterfly.bmp
  40 0.650001 -1.788561 0.468155 -0.999988 0.004937 -0.000682 0.814090 0.133072
  40 0.670001 -1.868562 0.388155 -0.975143 -0.027932 -0.219809 0.808219 0.140900
  40 0.650001 -1.858561 0.468155 -0.999988 0.004937 -0.000682 0.806262 0.133072
knife_butterfly.bmp
  40 0.670001 -1.868562 0.388155 -0.975143 -0.027932 -0.219809 0.808219 0.140900
  40 0.680002 -1.938562 0.388155 -0.975143 -0.027932 -0.219809 0.800391 0.140900
  40 0.650001 -1.858561 0.468155 -0.999988 0.004937 -0.000682 0.806262 0.133072
knife_butterfly.bmp
  40 0.650001 -1.858561 0.468155 -0.999988 0.004937 -0.000682 0.806262 0.133072
  40 0.680002 -1.938562 0.388155 -0.975143 -0.027932 -0.219809 0.800391 0.140900
  40 0.650001 -1.928561 0.458155 -0.999988 0.004937 -0.000682 0.800391 0.133072
knife_butterfly.bmp
  40 0.680002 -1.938562 0.388155 -0.975143 -0.027932 -0.219809 0.800391 0.140900
  40 0.660001 -2.008561 0.408155 -0.975143 -0.027932 -0.219809 0.792564 0.140900
  40 0.650001 -1.928561 0.458155 -0.999988 0.004937 -0.000682 0.800391 0.133072
knife_butterfly.bmp
  40 0.650001 -1.928561 0.458155 -0.999988 0.004937 -0.000682 0.800391 0.133072
  40 0.660001 -2.008561 0.408155 -0.975143 -0.027932 -0.219809 0.792564 0.140900
  40 0.650001 -1.998561 0.468155 -0.999988 0.004937 -0.000682 0.792564 0.133072
knife_butterfly.bmp
  40 0.660001 -2.008561 0.408155 -0.975143 -0.027932 -0.219809 0.792564 0.140900
  40 0.660001 -2.088562 0.408156 -0.975143 -0.027932 -0.219809 0.784736 0.138943
  40 0.650001 -1.998561 0.468155 -0.999988 0.004937 -0.000682 0.792564 0.133072
knife_butterfly.bmp
  40 0.650001 -1.998561 0.468155 -0.999988 0.004937 -0.000682 0.792564 0.133072
  40 0.660001 -2.088562 0.408156 -0.975143 -0.027932 -0.219809 0.784736 0.138943
  40 0.650001 -2.078561 0.468156 -0.999988 0.004937 -0.000682 0.784736 0.131115
knife_butterfly.bmp
  40 0.660001 -2.088562 0.408156 -0.975143 -0.027932 -0.219809 0.784736 0.138943
  40 0.660001 -2.138561 0.408156 -0.975143 -0.027932 -0.219809 0.776908 0.138943
  40 0.650001 -2.078561 0.468156 -0.999988 0.004937 -0.000682 0.784736 0.131115
knife_butterfly.bmp
  40 0.650001 -2.078561 0.468156 -0.999988 0.004937 -0.000682 0.784736 0.131115
  40 0.660001 -2.138561 0.408156 -0.975143 -0.027932 -0.219809 0.776908 0.138943
  40 0.650001 -2.158561 0.468156 -0.998234 -0.059391 -0.001120 0.776908 0.129159
knife_butterfly.bmp
  40 0.660001 -2.138561 0.408156 -0.975143 -0.027932 -0.219809 0.776908 0.138943
  40 0.660001 -2.178561 0.428156 -0.967246 -0.167473 -0.190757 0.772994 0.136986
  40 0.650001 -2.158561 0.468156 -0.998234 -0.059391 -0.001120 0.776908 0.129159
knife_butterfly.bmp
  40 0.650001 -2.158561 0.468156 -0.998234 -0.059391 -0.001120 0.776908 0.129159
  40 0.660001 -2.178561 0.428156 -0.967246 -0.167473 -0.190757 0.772994 0.136986
  40 0.660001 -2.208561 0.468156 -0.960092 -0.262010 -0.097849 0.771037 0.131115
knife_butterfly.bmp
  40 0.660001 -2.178561 0.428156 -0.967246 -0.167473 -0.190757 0.772994 0.136986
  40 0.660001 -2.198561 0.458156 -0.979899 -0.167172 -0.108868 0.771037 0.133072
  40 0.660001 -2.208561 0.468156 -0.960092 -0.262010 -0.097849 0.771037 0.131115
knife_butterfly.bmp
  40 0.660001 -2.208561 0.468156 -0.960092 -0.262010 -0.097849 0.771037 0.131115
  40 0.660001 -2.198561 0.458156 -0.979899 -0.167172 -0.108868 0.771037 0.133072
  40 0.670001 -2.218561 0.448156 -0.758181 -0.550788 -0.348991 0.769080 0.135029
knife_butterfly.bmp
  40 0.660001 -2.198561 0.458156 -0.979899 -0.167172 -0.108868 0.771037 0.133072
  40 0.660001 -2.178561 0.428156 -0.967246 -0.167473 -0.190757 0.772994 0.136986
  40 0.670001 -2.218561 0.448156 -0.758181 -0.550788 -0.348991 0.769080 0.135029
knife_butterfly.bmp
  40 0.670001 -2.218561 0.448156 -0.758181 -0.550788 -0.348991 0.769080 0.135029
  40 0.660001 -2.178561 0.428156 -0.967246 -0.167473 -0.190757 0.772994 0.136986
  40 0.670001 -2.188561 0.418156 -0.775241 -0.409243 -0.481167 0.772994 0.138943
knife_butterfly.bmp
  40 0.660001 -2.178561 0.428156 -0.967246 -0.167473 -0.190757 0.772994 0.136986
  40 0.660001 -2.148561 0.418156 -0.983117 -0.057346 -0.173759 0.776908 0.138943
  40 0.670001 -2.188561 0.418156 -0.775241 -0.409243 -0.481167 0.772994 0.138943
knife_butterfly.bmp
  40 0.670001 -2.188561 0.418156 -0.775241 -0.409243 -0.481167 0.772994 0.138943
  40 0.660001 -2.148561 0.418156 -0.983117 -0.057346 -0.173759 0.776908 0.138943
  40 0.680001 -2.158562 0.398156 -0.789046 -0.193692 -0.583001 0.774951 0.140900
knife_butterfly.bmp
  40 0.660001 -2.148561 0.418156 -0.983117 -0.057346 -0.173759 0.776908 0.138943
  40 0.660001 -2.138561 0.408156 -0.975143 -0.027932 -0.219809 0.776908 0.138943
  40 0.680001 -2.158562 0.398156 -0.789046 -0.193692 -0.583001 0.774951 0.140900
knife_butterfly.bmp
  40 0.680001 -2.158562 0.398156 -0.789046 -0.193692 -0.583001 0.774951 0.140900
  40 0.660001 -2.138561 0.408156 -0.975143 -0.027932 -0.219809 0.776908 0.138943
  40 0.680002 -2.138562 0.388156 -0.799381 -0.059234 -0.597897 0.776908 0.140900
knife_butterfly.bmp
  40 0.660001 -2.138561 0.408156 -0.975143 -0.027932 -0.219809 0.776908 0.138943
  40 0.660001 -2.088562 0.408156 -0.975143 -0.027932 -0.219809 0.784736 0.138943
  40 0.680002 -2.138562 0.388156 -0.799381 -0.059234 -0.597897 0.776908 0.140900
knife_butterfly.bmp
  40 0.680002 -2.138562 0.388156 -0.799381 -0.059234 -0.597897 0.776908 0.140900
  40 0.660001 -2.088562 0.408156 -0.975143 -0.027932 -0.219809 0.784736 0.138943
  40 0.680002 -2.088562 0.388156 -0.800850 -0.019972 -0.598532 0.784736 0.142857
knife_butterfly.bmp
  40 0.660001 -2.088562 0.408156 -0.975143 -0.027932 -0.219809 0.784736 0.138943
  40 0.660001 -2.008561 0.408155 -0.975143 -0.027932 -0.219809 0.792564 0.140900
  40 0.680002 -2.088562 0.388156 -0.800850 -0.019972 -0.598532 0.784736 0.142857
knife_butterfly.bmp
  40 0.680002 -2.088562 0.388156 -0.800850 -0.019972 -0.598532 0.784736 0.142857
  40 0.660001 -2.008561 0.408155 -0.975143 -0.027932 -0.219809 0.792564 0.140900
  40 0.680002 -2.008562 0.388155 -0.800850 -0.019972 -0.598532 0.792564 0.142857
knife_butterfly.bmp
  40 0.660001 -2.008561 0.408155 -0.975143 -0.027932 -0.219809 0.792564 0.140900
  40 0.680002 -1.938562 0.388155 -0.975143 -0.027932 -0.219809 0.800391 0.140900
  40 0.680002 -2.008562 0.388155 -0.800850 -0.019972 -0.598532 0.792564 0.142857
knife_butterfly.bmp
  40 0.680002 -2.008562 0.388155 -0.800850 -0.019972 -0.598532 0.792564 0.142857
  40 0.680002 -1.938562 0.388155 -0.975143 -0.027932 -0.219809 0.800391 0.140900
  40 0.680002 -1.938562 0.378155 -0.801013 0.016707 -0.598414 0.800391 0.142857
knife_butterfly.bmp
  40 0.680002 -1.938562 0.388155 -0.975143 -0.027932 -0.219809 0.800391 0.140900
  40 0.670001 -1.868562 0.388155 -0.975143 -0.027932 -0.219809 0.808219 0.140900
  40 0.680002 -1.938562 0.378155 -0.801013 0.016707 -0.598414 0.800391 0.142857
knife_butterfly.bmp
  40 0.680002 -1.938562 0.378155 -0.801013 0.016707 -0.598414 0.800391 0.142857
  40 0.670001 -1.868562 0.388155 -0.975143 -0.027932 -0.219809 0.808219 0.140900
  40 0.680002 -1.858562 0.378155 -0.801013 0.016707 -0.598414 0.808219 0.142857
knife_butterfly.bmp
  40 0.670001 -1.868562 0.388155 -0.975143 -0.027932 -0.219809 0.808219 0.140900
  40 0.660001 -1.778561 0.408155 -0.974842 0.013571 -0.222483 0.816047 0.140900
  40 0.680002 -1.858562 0.378155 -0.801013 0.016707 -0.598414 0.808219 0.142857
knife_butterfly.bmp
  40 0.680002 -1.858562 0.378155 -0.801013 0.016707 -0.598414 0.808219 0.142857
  40 0.660001 -1.778561 0.408155 -0.974842 0.013571 -0.222483 0.816047 0.140900
  40 0.680002 -1.788562 0.388155 -0.801013 0.016707 -0.598414 0.816047 0.142857
knife_butterfly.bmp
  40 0.660001 -1.778561 0.408155 -0.974842 0.013571 -0.222483 0.816047 0.140900
  40 0.660001 -1.718561 0.408155 -0.974842 0.013571 -0.222483 0.823875 0.140900
  40 0.680002 -1.788562 0.388155 -0.801013 0.016707 -0.598414 0.816047 0.142857
knife_butterfly.bmp
  40 0.680002 -1.788562 0.388155 -0.801013 0.016707 -0.598414 0.816047 0.142857
  40 0.660001 -1.718561 0.408155 -0.974842 0.013571 -0.222483 0.823875 0.140900
  40 0.680002 -1.718562 0.388155 -0.799692 0.068028 -0.596544 0.823875 0.142857
knife_butterfly.bmp
  40 0.660001 -1.718561 0.408155 -0.974842 0.013571 -0.222483 0.823875 0.140900
  40 0.660001 -1.638561 0.418154 -0.974842 0.013571 -0.222483 0.829746 0.140900
  40 0.680002 -1.718562 0.388155 -0.799692 0.068028 -0.596544 0.823875 0.142857
knife_butterfly.bmp
  40 0.680002 -1.718562 0.388155 -0.799692 0.068028 -0.596544 0.823875 0.142857
  40 0.660001 -1.638561 0.418154 -0.974842 0.013571 -0.222483 0.829746 0.140900
  40 0.680001 -1.648562 0.398155 -0.799692 0.068028 -0.596544 0.829746 0.142857
knife_butterfly.bmp
  40 0.660001 -1.638561 0.418154 -0.974842 0.013571 -0.222483 0.829746 0.140900
  40 0.660001 -1.578561 0.428154 -0.974842 0.013571 -0.222483 0.837573 0.140900
  40 0.680001 -1.648562 0.398155 -0.799692 0.068028 -0.596544 0.829746 0.142857
knife_butterfly.bmp
  40 0.680001 -1.648562 0.398155 -0.799692 0.068028 -0.596544 0.829746 0.142857
  40 0.660001 -1.578561 0.428154 -0.974842 0.013571 -0.222483 0.837573 0.140900
  40 0.670001 -1.568561 0.408154 -0.799157 0.121602 -0.588695 0.837573 0.142857
knife_butterfly.bmp
  40 0.660001 -1.578561 0.428154 -0.974842 0.013571 -0.222483 0.837573 0.140900
  40 0.660001 -1.508561 0.418154 -0.974842 0.013571 -0.222483 0.845401 0.138943
  40 0.670001 -1.568561 0.408154 -0.799157 0.121602 -0.588695 0.837573 0.142857
knife_butterfly.bmp
  40 0.670001 -1.568561 0.408154 -0.799157 0.121602 -0.588695 0.837573 0.142857
  40 0.660001 -1.508561 0.418154 -0.974842 0.013571 -0.222483 0.845401 0.138943
  40 0.670001 -1.498562 0.398154 -0.799157 0.121602 -0.588695 0.845401 0.140900
knife_butterfly.bmp
  40 0.660001 -1.508561 0.418154 -0.974842 0.013571 -0.222483 0.845401 0.138943
  40 0.660001 -1.418561 0.458154 -0.975010 0.071595 -0.210307 0.853229 0.138943
  40 0.670001 -1.498562 0.398154 -0.799157 0.121602 -0.588695 0.845401 0.140900
knife_butterfly.bmp
  40 0.670001 -1.498562 0.398154 -0.799157 0.121602 -0.588695 0.845401 0.140900
  40 0.660001 -1.418561 0.458154 -0.975010 0.071595 -0.210307 0.853229 0.138943
  40 0.670001 -1.428561 0.438154 -0.798241 0.162649 -0.579962 0.853229 0.140900
knife_butterfly.bmp
  40 0.660001 -1.418561 0.458154 -0.975010 0.071595 -0.210307 0.853229 0.138943
  40 0.660001 -1.358561 0.468154 -0.975010 0.071595 -0.210307 0.859100 0.136986
  40 0.670001 -1.428561 0.438154 -0.798241 0.162649 -0.579962 0.853229 0.140900
knife_butterfly.bmp
  40 0.670001 -1.428561 0.438154 -0.798241 0.162649 -0.579962 0.853229 0.140900
  40 0.660001 -1.358561 0.468154 -0.975010 0.071595 -0.210307 0.859100 0.136986
  40 0.670001 -1.368561 0.448154 -0.798241 0.162649 -0.579962 0.859100 0.140900
knife_butterfly.bmp
  40 0.660001 -1.358561 0.468154 -0.975010 0.071595 -0.210307 0.859100 0.136986
  40 0.660001 -1.298561 0.468154 -0.975010 0.071595 -0.210307 0.864971 0.136986
  40 0.670001 -1.368561 0.448154 -0.798241 0.162649 -0.579962 0.859100 0.140900
knife_butterfly.bmp
  40 0.670001 -1.368561 0.448154 -0.798241 0.162649 -0.579962 0.859100 0.140900
  40 0.660001 -1.298561 0.468154 -0.975010 0.071595 -0.210307 0.864971 0.136986
  40 0.670001 -1.308561 0.468154 -0.798241 0.162649 -0.579962 0.864971 0.138943
knife_butterfly.bmp
  40 0.660001 -1.298561 0.468154 -0.975010 0.071595 -0.210307 0.864971 0.136986
  40 0.660001 -1.208561 0.478153 -0.975010 0.071595 -0.210307 0.874755 0.135029
  40 0.670001 -1.308561 0.468154 -0.798241 0.162649 -0.579962 0.864971 0.138943
knife_butterfly.bmp
  40 0.670001 -1.308561 0.468154 -0.798241 0.162649 -0.579962 0.864971 0.138943
  40 0.660001 -1.208561 0.478153 -0.975010 0.071595 -0.210307 0.874755 0.135029
  40 0.670001 -1.208561 0.468153 -0.798241 0.162649 -0.579962 0.874755 0.136986
knife_butterfly.bmp
  40 0.660001 -1.208561 0.478153 -0.975010 0.071595 -0.210307 0.874755 0.135029
  40 0.660001 -1.188561 0.488153 -0.982184 0.096439 -0.161286 0.876712 0.135029
  40 0.670001 -1.208561 0.468153 -0.798241 0.162649 -0.579962 0.874755 0.136986
knife_butterfly.bmp
  40 0.670001 -1.208561 0.468153 -0.798241 0.162649 -0.579962 0.874755 0.136986
  40 0.660001 -1.188561 0.488153 -0.982184 0.096439 -0.161286 0.876712 0.135029
  40 0.670001 -1.198561 0.468153 -0.782732 0.318416 -0.534735 0.878669 0.136986
knife_butterfly.bmp
  40 0.660001 -1.188561 0.488153 -0.982184 0.096439 -0.161286 0.876712 0.135029
  40 0.660001 -1.158561 0.498153 -0.969649 0.202883 -0.136449 0.880626 0.133072
  40 0.670001 -1.198561 0.468153 -0.782732 0.318416 -0.534735 0.878669 0.136986
knife_butterfly.bmp
  40 0.670001 -1.198561 0.468153 -0.782732 0.318416 -0.534735 0.878669 0.136986
  40 0.660001 -1.158561 0.498153 -0.969649 0.202883 -0.136449 0.880626 0.133072
  40 0.670001 -1.148561 0.478153 -0.764332 0.520081 -0.381199 0.880626 0.133072
knife_butterfly.bmp
  40 0.660001 -1.158561 0.498153 -0.969649 0.202883 -0.136449 0.880626 0.133072
  40 0.660001 -1.148561 0.518153 -0.976202 0.209679 -0.055365 0.880626 0.129159
  40 0.670001 -1.148561 0.478153 -0.764332 0.520081 -0.381199 0.880626 0.133072
knife_butterfly.bmp
  40 0.670001 -1.148561 0.478153 -0.764332 0.520081 -0.381199 0.880626 0.133072
  40 0.660001 -1.148561 0.518153 -0.976202 0.209679 -0.055365 0.880626 0.129159
  40 0.670001 -1.128561 0.518153 -0.741132 0.651241 -0.163122 0.882583 0.131115
knife_butterfly.bmp
  40 0.660001 -1.148561 0.518153 -0.976202 0.209679 -0.055365 0.880626 0.129159
  40 0.670001 -1.128561 0.548153 -0.729633 0.677120 0.095623 0.884540 0.127202
  40 0.670001 -1.128561 0.518153 -0.741132 0.651241 -0.163122 0.882583 0.131115
knife_butterfly.bmp
  40 0.670001 -1.128561 0.518153 -0.741132 0.651241 -0.163122 0.882583 0.131115
  40 0.670001 -1.128561 0.548153 -0.729633 0.677120 0.095623 0.884540 0.127202
  40 0.680001 -1.118561 0.548153 -0.503747 0.854595 0.126116 0.884540 0.127202
knife_butterfly.bmp
  40 0.670001 -1.128561 0.548153 -0.729633 0.677120 0.095623 0.884540 0.127202
  40 0.670001 -1.138561 0.578153 -0.756431 0.546487 0.359395 0.882583 0.123288
  40 0.680001 -1.118561 0.548153 -0.503747 0.854595 0.126116 0.884540 0.127202
knife_butterfly.bmp
  40 0.680001 -1.118561 0.548153 -0.503747 0.854595 0.126116 0.884540 0.127202
  40 0.670001 -1.138561 0.578153 -0.756431 0.546487 0.359395 0.882583 0.123288
  40 0.680001 -1.128561 0.588153 -0.555096 0.689568 0.465149 0.884540 0.123288
knife_butterfly.bmp
  40 0.670001 -1.138561 0.578153 -0.756431 0.546487 0.359395 0.882583 0.123288
  40 0.670001 -1.158561 0.598153 -0.785935 0.287722 0.547286 0.880626 0.121331
  40 0.680001 -1.128561 0.588153 -0.555096 0.689568 0.465149 0.884540 0.123288
knife_butterfly.bmp
  40 0.680001 -1.128561 0.588153 -0.555096 0.689568 0.465149 0.884540 0.123288
  40 0.670001 -1.158561 0.598153 -0.785935 0.287722 0.547286 0.880626 0.121331
  40 0.690001 -1.158561 0.608153 -0.597240 0.342953 0.725043 0.880626 0.119374
knife_butterfly.bmp
  40 0.670001 -1.158561 0.598153 -0.785935 0.287722 0.547286 0.880626 0.121331
  40 0.670001 -1.198561 0.628153 -0.803747 -0.021801 0.594571 0.876712 0.119374
  40 0.690001 -1.158561 0.608153 -0.597240 0.342953 0.725043 0.880626 0.119374
knife_butterfly.bmp
  40 0.690001 -1.158561 0.608153 -0.597240 0.342953 0.725043 0.880626 0.119374
  40 0.670001 -1.198561 0.628153 -0.803747 -0.021801 0.594571 0.876712 0.119374
  40 0.700001 -1.198561 0.638153 -0.584659 0.000631 0.811279 0.878669 0.117417
knife_butterfly.bmp
  40 0.670001 -1.198561 0.628153 -0.803747 -0.021801 0.594571 0.876712 0.119374
  40 0.670001 -1.228561 0.618153 -0.799145 -0.161950 0.578912 0.874755 0.119374
  40 0.700001 -1.198561 0.638153 -0.584659 0.000631 0.811279 0.878669 0.117417
knife_butterfly.bmp
  40 0.700001 -1.198561 0.638153 -0.584659 0.000631 0.811279 0.878669 0.117417
  40 0.670001 -1.228561 0.618153 -0.799145 -0.161950 0.578912 0.874755 0.119374
  40 0.700001 -1.228561 0.628154 -0.580658 -0.191297 0.791354 0.874755 0.119374
knife_butterfly.bmp
  40 0.670001 -1.228561 0.618153 -0.799145 -0.161950 0.578912 0.874755 0.119374
  40 0.670001 -1.308561 0.598154 -0.802254 -0.109892 0.586781 0.864971 0.121331
  40 0.700001 -1.228561 0.628154 -0.580658 -0.191297 0.791354 0.874755 0.119374
knife_butterfly.bmp
  40 0.700001 -1.228561 0.628154 -0.580658 -0.191297 0.791354 0.874755 0.119374
  40 0.670001 -1.308561 0.598154 -0.802254 -0.109892 0.586781 0.864971 0.121331
  40 0.680001 -1.318561 0.608154 -0.580658 -0.191297 0.791354 0.864971 0.119374
knife_butterfly.bmp
  40 0.670001 -1.308561 0.598154 -0.802254 -0.109892 0.586781 0.864971 0.121331
  40 0.670001 -1.368561 0.588154 -0.802254 -0.109892 0.586781 0.859100 0.123288
  40 0.680001 -1.318561 0.608154 -0.580658 -0.191297 0.791354 0.864971 0.119374
knife_butterfly.bmp
  40 0.680001 -1.318561 0.608154 -0.580658 -0.191297 0.791354 0.864971 0.119374
  40 0.670001 -1.368561 0.588154 -0.802254 -0.109892 0.586781 0.859100 0.123288
  40 0.680001 -1.368561 0.598154 -0.583083 -0.118924 0.803661 0.859100 0.121331
knife_butterfly.bmp
  40 0.670001 -1.368561 0.588154 -0.802254 -0.109892 0.586781 0.859100 0.123288
  40 0.670001 -1.428561 0.578154 -0.802830 -0.069318 0.592165 0.853229 0.123288
  40 0.680001 -1.368561 0.598154 -0.583083 -0.118924 0.803661 0.859100 0.121331
knife_butterfly.bmp
  40 0.680001 -1.368561 0.598154 -0.583083 -0.118924 0.803661 0.859100 0.121331
  40 0.670001 -1.428561 0.578154 -0.802830 -0.069318 0.592165 0.853229 0.123288
  40 0.680001 -1.428561 0.588154 -0.583083 -0.118924 0.803661 0.853229 0.121331
knife_butterfly.bmp
  40 0.670001 -1.428561 0.578154 -0.802830 -0.069318 0.592165 0.853229 0.123288
  40 0.670001 -1.508561 0.548154 -0.802830 -0.069318 0.592165 0.845401 0.123288
  40 0.680001 -1.428561 0.588154 -0.583083 -0.118924 0.803661 0.853229 0.121331
knife_butterfly.bmp
  40 0.680001 -1.428561 0.588154 -0.583083 -0.118924 0.803661 0.853229 0.121331
  40 0.670001 -1.508561 0.548154 -0.802830 -0.069318 0.592165 0.845401 0.123288
  40 0.680001 -1.508561 0.558154 -0.583083 -0.118924 0.803661 0.845401 0.121331
knife_butterfly.bmp
  40 0.670001 -1.508561 0.548154 -0.802830 -0.069318 0.592165 0.845401 0.123288
  40 0.670001 -1.578561 0.558154 -0.802830 -0.069318 0.592165 0.837573 0.123288
  40 0.680001 -1.508561 0.558154 -0.583083 -0.118924 0.803661 0.845401 0.121331
knife_butterfly.bmp
  40 0.680001 -1.508561 0.558154 -0.583083 -0.118924 0.803661 0.845401 0.121331
  40 0.670001 -1.578561 0.558154 -0.802830 -0.069318 0.592165 0.837573 0.123288
  40 0.680001 -1.578561 0.568154 -0.584223 -0.063934 0.809071 0.837573 0.121331
knife_butterfly.bmp
  40 0.670001 -1.578561 0.558154 -0.802830 -0.069318 0.592165 0.837573 0.123288
  40 0.670001 -1.648561 0.548155 -0.802830 -0.069318 0.592165 0.829746 0.123288
  40 0.680001 -1.578561 0.568154 -0.584223 -0.063934 0.809071 0.837573 0.121331
knife_butterfly.bmp
  40 0.680001 -1.578561 0.568154 -0.584223 -0.063934 0.809071 0.837573 0.121331
  40 0.670001 -1.648561 0.548155 -0.802830 -0.069318 0.592165 0.829746 0.123288
  40 0.680001 -1.648561 0.558155 -0.584223 -0.063934 0.809071 0.829746 0.121331
knife_butterfly.bmp
  40 0.670001 -1.648561 0.548155 -0.802830 -0.069318 0.592165 0.829746 0.123288
  40 0.670001 -1.718561 0.548155 -0.803747 -0.021801 0.594571 0.821918 0.123288
  40 0.680001 -1.648561 0.558155 -0.584223 -0.063934 0.809071 0.829746 0.121331
knife_butterfly.bmp
  40 0.680001 -1.648561 0.558155 -0.584223 -0.063934 0.809071 0.829746 0.121331
  40 0.670001 -1.718561 0.548155 -0.803747 -0.021801 0.594571 0.821918 0.123288
  40 0.680001 -1.718561 0.558155 -0.584659 0.000631 0.811279 0.821918 0.121331
knife_butterfly.bmp
  40 0.670001 -1.718561 0.548155 -0.803747 -0.021801 0.594571 0.821918 0.123288
  40 0.670001 -1.798561 0.538155 -0.803811 0.026955 0.594273 0.814090 0.123288
  40 0.680001 -1.718561 0.558155 -0.584659 0.000631 0.811279 0.821918 0.121331
knife_butterfly.bmp
  40 0.680001 -1.718561 0.558155 -0.584659 0.000631 0.811279 0.821918 0.121331
  40 0.670001 -1.798561 0.538155 -0.803811 0.026955 0.594273 0.814090 0.123288
  40 0.680001 -1.798561 0.548155 -0.584659 0.000631 0.811279 0.814090 0.121331
knife_butterfly.bmp
  40 0.670001 -1.798561 0.538155 -0.803811 0.026955 0.594273 0.814090 0.123288
  40 0.670001 -1.868561 0.528155 -0.803811 0.026955 0.594273 0.806262 0.123288
  40 0.680001 -1.798561 0.548155 -0.584659 0.000631 0.811279 0.814090 0.121331
knife_butterfly.bmp
  40 0.680001 -1.798561 0.548155 -0.584659 0.000631 0.811279 0.814090 0.121331
  40 0.670001 -1.868561 0.528155 -0.803811 0.026955 0.594273 0.806262 0.123288
  40 0.680001 -1.868561 0.538155 -0.584520 0.036897 0.810540 0.806262 0.121331
knife_butterfly.bmp
  40 0.670001 -1.868561 0.528155 -0.803811 0.026955 0.594273 0.806262 0.123288
  40 0.670001 -1.938561 0.548155 -0.803811 0.026955 0.594273 0.798434 0.123288
  40 0.680001 -1.868561 0.538155 -0.584520 0.036897 0.810540 0.806262 0.121331
knife_butterfly.bmp
  40 0.680001 -1.868561 0.538155 -0.584520 0.036897 0.810540 0.806262 0.121331
  40 0.670001 -1.938561 0.548155 -0.803811 0.026955 0.594273 0.798434 0.123288
  40 0.680001 -1.938561 0.558155 -0.584520 0.036897 0.810540 0.798434 0.121331
knife_butterfly.bmp
  40 0.670001 -1.938561 0.548155 -0.803811 0.026955 0.594273 0.798434 0.123288
  40 0.670001 -2.008561 0.548155 -0.802967 0.080824 0.590518 0.790607 0.121331
  40 0.680001 -1.938561 0.558155 -0.584520 0.036897 0.810540 0.798434 0.121331
knife_butterfly.bmp
  40 0.680001 -1.938561 0.558155 -0.584520 0.036897 0.810540 0.798434 0.121331
  40 0.670001 -2.008561 0.548155 -0.802967 0.080824 0.590518 0.790607 0.121331
  40 0.680001 -2.008561 0.558155 -0.584088 0.074266 0.808286 0.790607 0.119374
knife_butterfly.bmp
  40 0.670001 -2.008561 0.548155 -0.802967 0.080824 0.590518 0.790607 0.121331
  40 0.670001 -2.088561 0.558156 -0.802967 0.080824 0.590518 0.782779 0.121331
  40 0.680001 -2.008561 0.558155 -0.584088 0.074266 0.808286 0.790607 0.119374
knife_butterfly.bmp
  40 0.680001 -2.008561 0.558155 -0.584088 0.074266 0.808286 0.790607 0.119374
  40 0.670001 -2.088561 0.558156 -0.802967 0.080824 0.590518 0.782779 0.121331
  40 0.680001 -2.088561 0.568156 -0.582846 0.125815 0.802784 0.782779 0.119374
knife_butterfly.bmp
  40 0.670001 -2.088561 0.558156 -0.802967 0.080824 0.590518 0.782779 0.121331
  40 0.670001 -2.168561 0.568156 -0.802967 0.080824 0.590518 0.774951 0.119374
  40 0.680001 -2.088561 0.568156 -0.582846 0.125815 0.802784 0.782779 0.119374
knife_butterfly.bmp
  40 0.680001 -2.088561 0.568156 -0.582846 0.125815 0.802784 0.782779 0.119374
  40 0.670001 -2.168561 0.568156 -0.802967 0.080824 0.590518 0.774951 0.119374
  40 0.680001 -2.168561 0.578156 -0.582846 0.125815 0.802784 0.774951 0.117417
knife_butterfly.bmp
  40 0.670001 -2.168561 0.568156 -0.802967 0.080824 0.590518 0.774951 0.119374
  40 0.670001 -2.188561 0.578156 -0.802830 -0.069318 0.592165 0.772994 0.119374
  40 0.680001 -2.168561 0.578156 -0.582846 0.125815 0.802784 0.774951 0.117417
knife_butterfly.bmp
  40 0.680001 -2.168561 0.578156 -0.582846 0.125815 0.802784 0.774951 0.117417
  40 0.670001 -2.188561 0.578156 -0.802830 -0.069318 0.592165 0.772994 0.119374
  40 0.680001 -2.188561 0.588156 -0.616380 -0.116820 0.778735 0.772994 0.117417
knife_butterfly.bmp
  40 0.670001 -2.188561 0.578156 -0.802830 -0.069318 0.592165 0.772994 0.119374
  40 0.670001 -2.218561 0.558156 -0.779779 -0.402966 0.479127 0.769080 0.119374
  40 0.680001 -2.188561 0.588156 -0.616380 -0.116820 0.778735 0.772994 0.117417
knife_butterfly.bmp
  40 0.680001 -2.188561 0.588156 -0.616380 -0.116820 0.778735 0.772994 0.117417
  40 0.670001 -2.218561 0.558156 -0.779779 -0.402966 0.479127 0.769080 0.119374
  40 0.680001 -2.218561 0.568156 -0.592681 -0.482824 0.644678 0.769080 0.119374
knife_butterfly.bmp
  40 0.670001 -2.218561 0.558156 -0.779779 -0.402966 0.479127 0.769080 0.119374
  40 0.670001 -2.228561 0.538156 -0.755153 -0.598631 0.267180 0.769080 0.121331
  40 0.680001 -2.218561 0.568156 -0.592681 -0.482824 0.644678 0.769080 0.119374
knife_butterfly.bmp
  40 0.680001 -2.218561 0.568156 -0.592681 -0.482824 0.644678 0.769080 0.119374
  40 0.670001 -2.228561 0.538156 -0.755153 -0.598631 0.267180 0.769080 0.121331
  40 0.680001 -2.238561 0.548156 -0.545001 -0.768190 0.335944 0.767123 0.121331
knife_butterfly.bmp
  40 0.670001 -2.228561 0.538156 -0.755153 -0.598631 0.267180 0.769080 0.121331
  40 0.680001 -2.248561 0.488156 -0.520396 -0.852765 0.044490 0.765166 0.125245
  40 0.680001 -2.238561 0.548156 -0.545001 -0.768190 0.335944 0.767123 0.121331
knife_butterfly.bmp
  40 1.260001 -2.238561 0.468157 0.509797 -0.817000 -0.269478 0.765166 0.048924
  40 1.270001 -2.238561 0.478157 0.737991 -0.665956 -0.108958 0.767123 0.052838
  40 1.260001 -2.238561 0.478157 0.494566 -0.857913 -0.139244 0.765166 0.052838
knife_butterfly.bmp
  40 1.260001 -2.238561 0.478157 0.494566 -0.857913 -0.139244 0.765166 0.052838
  40 1.270001 -2.238561 0.478157 0.737991 -0.665956 -0.108958 0.767123 0.052838
  40 1.260001 -2.248561 0.508157 0.520400 -0.852763 0.044488 0.765166 0.056751
knife_butterfly.bmp
  40 1.270001 -2.238561 0.478157 0.737991 -0.665956 -0.108958 0.767123 0.052838
  40 1.270001 -2.238561 0.508157 0.746123 -0.664890 0.034965 0.765166 0.056751
  40 1.260001 -2.248561 0.508157 0.520400 -0.852763 0.044488 0.765166 0.056751
knife_butterfly.bmp
  40 1.260001 -2.248561 0.508157 0.520400 -0.852763 0.044488 0.765166 0.056751
  40 1.270001 -2.238561 0.508157 0.746123 -0.664890 0.034965 0.765166 0.056751
  40 1.270001 -2.228561 0.538157 0.755144 -0.598638 0.267189 0.767123 0.060665
knife_butterfly.bmp
  40 1.270001 -2.238561 0.508157 0.746123 -0.664890 0.034965 0.765166 0.056751
  40 1.280001 -2.218561 0.538157 0.978243 -0.188175 0.087355 0.769080 0.058708
  40 1.270001 -2.228561 0.538157 0.755144 -0.598638 0.267189 0.767123 0.060665
knife_butterfly.bmp
  40 1.270001 -2.228561 0.538157 0.755144 -0.598638 0.267189 0.767123 0.060665
  40 1.280001 -2.218561 0.538157 0.978243 -0.188175 0.087355 0.769080 0.058708
  40 1.270001 -2.218561 0.558157 0.779768 -0.402977 0.479137 0.769080 0.062622
knife_butterfly.bmp
  40 1.280001 -2.218561 0.538157 0.978243 -0.188175 0.087355 0.769080 0.058708
  40 1.280001 -2.208561 0.538157 0.980418 -0.134806 0.143553 0.769080 0.060665
  40 1.270001 -2.218561 0.558157 0.779768 -0.402977 0.479137 0.769080 0.062622
knife_butterfly.bmp
  40 1.270001 -2.218561 0.558157 0.779768 -0.402977 0.479137 0.769080 0.062622
  40 1.280001 -2.208561 0.538157 0.980418 -0.134806 0.143553 0.769080 0.060665
  40 1.270001 -2.188561 0.558157 0.795155 -0.075798 0.601651 0.771037 0.062622
knife_butterfly.bmp
  40 1.280001 -2.208561 0.538157 0.980418 -0.134806 0.143553 0.769080 0.060665
  40 1.280001 -2.178561 0.538157 0.976788 -0.032458 0.211733 0.772994 0.060665
  40 1.270001 -2.188561 0.558157 0.795155 -0.075798 0.601651 0.771037 0.062622
knife_butterfly.bmp
  40 1.270001 -2.188561 0.558157 0.795155 -0.075798 0.601651 0.771037 0.062622
  40 1.280001 -2.178561 0.538157 0.976788 -0.032458 0.211733 0.772994 0.060665
  40 1.270001 -2.168561 0.548157 0.800928 0.092708 0.591540 0.772994 0.062622
knife_butterfly.bmp
  40 1.280001 -2.178561 0.538157 0.976788 -0.032458 0.211733 0.772994 0.060665
  40 1.280001 -2.168561 0.538157 0.974216 0.034928 0.222897 0.772994 0.060665
  40 1.270001 -2.168561 0.548157 0.800928 0.092708 0.591540 0.772994 0.062622
knife_butterfly.bmp
  40 1.270001 -2.168561 0.548157 0.800928 0.092708 0.591540 0.772994 0.062622
  40 1.280001 -2.168561 0.538157 0.974216 0.034928 0.222897 0.772994 0.060665
  40 1.270001 -2.088561 0.558157 0.800928 0.092708 0.591540 0.780822 0.062622
knife_butterfly.bmp
  40 1.280001 -2.168561 0.538157 0.974216 0.034928 0.222897 0.772994 0.060665
  40 1.280001 -2.098561 0.538157 0.974216 0.034928 0.222897 0.780822 0.060665
  40 1.270001 -2.088561 0.558157 0.800928 0.092708 0.591540 0.780822 0.062622
knife_butterfly.bmp
  40 1.270001 -2.088561 0.558157 0.800928 0.092708 0.591540 0.780822 0.062622
  40 1.280001 -2.098561 0.538157 0.974216 0.034928 0.222897 0.780822 0.060665
  40 1.270001 -2.008561 0.548157 0.804033 0.054161 0.592113 0.788650 0.060665
knife_butterfly.bmp
  40 1.280001 -2.098561 0.538157 0.974216 0.034928 0.222897 0.780822 0.060665
  40 1.280001 -2.018561 0.528157 0.974216 0.034928 0.222897 0.788650 0.058708
  40 1.270001 -2.008561 0.548157 0.804033 0.054161 0.592113 0.788650 0.060665
knife_butterfly.bmp
  40 1.270001 -2.008561 0.548157 0.804033 0.054161 0.592113 0.788650 0.060665
  40 1.280001 -2.018561 0.528157 0.974216 0.034928 0.222897 0.788650 0.058708
  40 1.270001 -1.938561 0.548156 0.804033 0.054161 0.592113 0.796477 0.060665
knife_butterfly.bmp
  40 1.280001 -2.018561 0.528157 0.974216 0.034928 0.222897 0.788650 0.058708
  40 1.280001 -1.938561 0.528156 0.974216 0.034928 0.222897 0.796477 0.058708
  40 1.270001 -1.938561 0.548156 0.804033 0.054161 0.592113 0.796477 0.060665
knife_butterfly.bmp
  40 1.270001 -1.938561 0.548156 0.804033 0.054161 0.592113 0.796477 0.060665
  40 1.280001 -1.938561 0.528156 0.974216 0.034928 0.222897 0.796477 0.058708
  40 1.270001 -1.868561 0.548156 0.802261 0.013113 0.596830 0.804305 0.060665
knife_butterfly.bmp
  40 1.280001 -1.938561 0.528156 0.974216 0.034928 0.222897 0.796477 0.058708
  40 1.280001 -1.868561 0.528156 0.974216 0.034928 0.222897 0.804305 0.058708
  40 1.270001 -1.868561 0.548156 0.802261 0.013113 0.596830 0.804305 0.060665
knife_butterfly.bmp
  40 1.270001 -1.868561 0.548156 0.802261 0.013113 0.596830 0.804305 0.060665
  40 1.280001 -1.868561 0.528156 0.974216 0.034928 0.222897 0.804305 0.058708
  40 1.270001 -1.798561 0.528156 0.802261 0.013113 0.596830 0.812133 0.060665
knife_butterfly.bmp
  40 1.280001 -1.868561 0.528156 0.974216 0.034928 0.222897 0.804305 0.058708
  40 1.280001 -1.798561 0.508156 0.974216 0.034928 0.222897 0.812133 0.058708
  40 1.270001 -1.798561 0.528156 0.802261 0.013113 0.596830 0.812133 0.060665
knife_butterfly.bmp
  40 1.270001 -1.798561 0.528156 0.802261 0.013113 0.596830 0.812133 0.060665
  40 1.280001 -1.798561 0.508156 0.974216 0.034928 0.222897 0.812133 0.058708
  40 1.270001 -1.718561 0.548156 0.803746 -0.021800 0.594573 0.819961 0.060665
knife_butterfly.bmp
  40 1.280001 -1.798561 0.508156 0.974216 0.034928 0.222897 0.812133 0.058708
  40 1.280001 -1.718561 0.528156 0.976788 -0.032458 0.211733 0.819961 0.058708
  40 1.270001 -1.718561 0.548156 0.803746 -0.021800 0.594573 0.819961 0.060665
knife_butterfly.bmp
  40 1.270001 -1.718561 0.548156 0.803746 -0.021800 0.594573 0.819961 0.060665
  40 1.280001 -1.718561 0.528156 0.976788 -0.032458 0.211733 0.819961 0.058708
  40 1.270001 -1.648561 0.548156 0.795155 -0.075798 0.601651 0.827789 0.060665
knife_butterfly.bmp
  40 1.280001 -1.718561 0.528156 0.976788 -0.032458 0.211733 0.819961 0.058708
  40 1.280001 -1.648561 0.528156 0.976788 -0.032458 0.211733 0.827789 0.058708
  40 1.270001 -1.648561 0.548156 0.795155 -0.075798 0.601651 0.827789 0.060665
knife_butterfly.bmp
  40 1.270001 -1.648561 0.548156 0.795155 -0.075798 0.601651 0.827789 0.060665
  40 1.280001 -1.648561 0.528156 0.976788 -0.032458 0.211733 0.827789 0.058708
  40 1.270001 -1.578561 0.558156 0.795155 -0.075798 0.601651 0.835616 0.060665
knife_butterfly.bmp
  40 1.280001 -1.648561 0.528156 0.976788 -0.032458 0.211733 0.827789 0.058708
  40 1.280001 -1.578561 0.538156 0.976788 -0.032458 0.211733 0.835616 0.058708
  40 1.270001 -1.578561 0.558156 0.795155 -0.075798 0.601651 0.835616 0.060665
knife_butterfly.bmp
  40 1.270001 -1.578561 0.558156 0.795155 -0.075798 0.601651 0.835616 0.060665
  40 1.280001 -1.578561 0.538156 0.976788 -0.032458 0.211733 0.835616 0.058708
  40 1.270001 -1.498561 0.568155 0.795155 -0.075798 0.601651 0.843444 0.060665
knife_butterfly.bmp
  40 1.280001 -1.578561 0.538156 0.976788 -0.032458 0.211733 0.835616 0.058708
  40 1.280001 -1.498561 0.548155 0.976788 -0.032458 0.211733 0.843444 0.058708
  40 1.270001 -1.498561 0.568155 0.795155 -0.075798 0.601651 0.843444 0.060665
knife_butterfly.bmp
  40 1.270001 -1.498561 0.568155 0.795155 -0.075798 0.601651 0.843444 0.060665
  40 1.280001 -1.498561 0.548155 0.976788 -0.032458 0.211733 0.843444 0.058708
  40 1.270001 -1.428561 0.558155 0.795155 -0.075798 0.601651 0.851272 0.062622
knife_butterfly.bmp
  40 1.280001 -1.498561 0.548155 0.976788 -0.032458 0.211733 0.843444 0.058708
  40 1.280001 -1.428561 0.538155 0.976788 -0.032458 0.211733 0.851272 0.060665
  40 1.270001 -1.428561 0.558155 0.795155 -0.075798 0.601651 0.851272 0.062622
knife_butterfly.bmp
  40 1.270001 -1.428561 0.558155 0.795155 -0.075798 0.601651 0.851272 0.062622
  40 1.280001 -1.428561 0.538155 0.976788 -0.032458 0.211733 0.851272 0.060665
  40 1.270001 -1.368561 0.568155 0.802252 -0.109891 0.586785 0.857143 0.062622
knife_butterfly.bmp
  40 1.280001 -1.428561 0.538155 0.976788 -0.032458 0.211733 0.851272 0.060665
  40 1.280001 -1.368561 0.548155 0.976788 -0.032458 0.211733 0.857143 0.060665
  40 1.270001 -1.368561 0.568155 0.802252 -0.109891 0.586785 0.857143 0.062622
knife_butterfly.bmp
  40 1.270001 -1.368561 0.568155 0.802252 -0.109891 0.586785 0.857143 0.062622
  40 1.280001 -1.368561 0.548155 0.976788 -0.032458 0.211733 0.857143 0.060665
  40 1.280001 -1.308561 0.598155 0.802252 -0.109891 0.586785 0.863014 0.064579
knife_butterfly.bmp
  40 1.280001 -1.368561 0.548155 0.976788 -0.032458 0.211733 0.857143 0.060665
  40 1.280001 -1.308561 0.578155 0.976788 -0.032458 0.211733 0.863014 0.062622
  40 1.280001 -1.308561 0.598155 0.802252 -0.109891 0.586785 0.863014 0.064579
knife_butterfly.bmp
  40 1.280001 -1.308561 0.598155 0.802252 -0.109891 0.586785 0.863014 0.064579
  40 1.280001 -1.308561 0.578155 0.976788 -0.032458 0.211733 0.863014 0.062622
  40 1.290001 -1.228561 0.628155 0.799138 -0.161955 0.578921 0.872798 0.066536
knife_butterfly.bmp
  40 1.280001 -1.308561 0.578155 0.976788 -0.032458 0.211733 0.863014 0.062622
  40 1.280001 -1.218561 0.608155 0.976788 -0.032458 0.211733 0.872798 0.062622
  40 1.290001 -1.228561 0.628155 0.799138 -0.161955 0.578921 0.872798 0.066536
knife_butterfly.bmp
  40 1.290001 -1.228561 0.628155 0.799138 -0.161955 0.578921 0.872798 0.066536
  40 1.280001 -1.218561 0.608155 0.976788 -0.032458 0.211733 0.872798 0.062622
  40 1.290001 -1.198561 0.628155 0.803746 -0.021800 0.594573 0.874755 0.066536
knife_butterfly.bmp
  40 1.280001 -1.218561 0.608155 0.976788 -0.032458 0.211733 0.872798 0.062622
  40 1.280001 -1.198561 0.608155 0.976788 -0.032458 0.211733 0.874755 0.064579
  40 1.290001 -1.198561 0.628155 0.803746 -0.021800 0.594573 0.874755 0.066536
knife_butterfly.bmp
  40 1.290001 -1.198561 0.628155 0.803746 -0.021800 0.594573 0.874755 0.066536
  40 1.280001 -1.198561 0.608155 0.976788 -0.032458 0.211733 0.874755 0.064579
  40 1.290001 -1.158561 0.628155 0.785939 0.287717 0.547283 0.878669 0.064579
knife_butterfly.bmp
  40 1.280001 -1.198561 0.608155 0.976788 -0.032458 0.211733 0.874755 0.064579
  40 1.280001 -1.168561 0.598155 0.981863 0.095014 0.164067 0.878669 0.062622
  40 1.290001 -1.158561 0.628155 0.785939 0.287717 0.547283 0.878669 0.064579
knife_butterfly.bmp
  40 1.290001 -1.158561 0.628155 0.785939 0.287717 0.547283 0.878669 0.064579
  40 1.280001 -1.168561 0.598155 0.981863 0.095014 0.164067 0.878669 0.062622
  40 1.280001 -1.138561 0.608154 0.756424 0.546490 0.359404 0.880626 0.062622
knife_butterfly.bmp
  40 1.280001 -1.168561 0.598155 0.981863 0.095014 0.164067 0.878669 0.062622
  40 1.280001 -1.148561 0.588154 0.970782 0.197268 0.136630 0.878669 0.060665
  40 1.280001 -1.138561 0.608154 0.756424 0.546490 0.359404 0.880626 0.062622
knife_butterfly.bmp
  40 1.280001 -1.138561 0.608154 0.756424 0.546490 0.359404 0.880626 0.062622
  40 1.280001 -1.148561 0.588154 0.970782 0.197268 0.136630 0.878669 0.060665
  40 1.270001 -1.128561 0.568154 0.729653 0.677100 0.095617 0.882583 0.058708
knife_butterfly.bmp
  40 1.280001 -1.148561 0.588154 0.970782 0.197268 0.136630 0.878669 0.060665
  40 1.280001 -1.138561 0.568154 0.962876 0.267909 0.033088 0.880626 0.058708
  40 1.270001 -1.128561 0.568154 0.729653 0.677100 0.095617 0.882583 0.058708
knife_butterfly.bmp
  40 1.270001 -1.128561 0.568154 0.729653 0.677100 0.095617 0.882583 0.058708
  40 1.280001 -1.138561 0.568154 0.962876 0.267909 0.033088 0.880626 0.058708
  40 1.280001 -1.148561 0.538154 0.976202 0.209679 -0.055361 0.880626 0.056751
knife_butterfly.bmp
  40 1.280001 -1.138561 0.568154 0.962876 0.267909 0.033088 0.880626 0.058708
  40 1.280001 -1.158561 0.518154 0.969650 0.202883 -0.136446 0.878669 0.054795
  40 1.280001 -1.148561 0.538154 0.976202 0.209679 -0.055361 0.880626 0.056751
knife_butterfly.bmp
  40 0.660001 -1.158561 0.498153 -0.969649 0.202883 -0.136449 0.880626 0.133072
  40 0.660001 -1.148561 0.548153 -0.962876 0.267907 0.033092 0.882583 0.127202
  40 0.660001 -1.148561 0.518153 -0.976202 0.209679 -0.055365 0.880626 0.129159
knife_butterfly.bmp
  40 0.660001 -1.148561 0.518153 -0.976202 0.209679 -0.055365 0.880626 0.129159
  40 0.660001 -1.148561 0.548153 -0.962876 0.267907 0.033092 0.882583 0.127202
  40 0.670001 -1.128561 0.548153 -0.729633 0.677120 0.095623 0.884540 0.127202
knife_butterfly.bmp
  40 0.660001 -1.148561 0.548153 -0.962876 0.267907 0.033092 0.882583 0.127202
  40 0.660001 -1.158561 0.568153 -0.970783 0.197262 0.136634 0.880626 0.125245
  40 0.670001 -1.128561 0.548153 -0.729633 0.677120 0.095623 0.884540 0.127202
knife_butterfly.bmp
  40 0.670001 -1.128561 0.548153 -0.729633 0.677120 0.095623 0.884540 0.127202
  40 0.660001 -1.158561 0.568153 -0.970783 0.197262 0.136634 0.880626 0.125245
  40 0.670001 -1.138561 0.578153 -0.756431 0.546487 0.359395 0.882583 0.123288
knife_butterfly.bmp
  40 0.660001 -1.158561 0.568153 -0.970783 0.197262 0.136634 0.880626 0.125245
  40 0.660001 -1.168561 0.578153 -0.981864 0.095013 0.164059 0.880626 0.123288
  40 0.670001 -1.138561 0.578153 -0.756431 0.546487 0.359395 0.882583 0.123288
knife_butterfly.bmp
  40 0.670001 -1.138561 0.578153 -0.756431 0.546487 0.359395 0.882583 0.123288
  40 0.660001 -1.168561 0.578153 -0.981864 0.095013 0.164059 0.880626 0.123288
  40 0.670001 -1.158561 0.598153 -0.785935 0.287722 0.547286 0.880626 0.121331
knife_butterfly.bmp
  40 0.660001 -1.168561 0.578153 -0.981864 0.095013 0.164059 0.880626 0.123288
  40 0.660001 -1.198561 0.608153 -0.975373 -0.040532 0.216806 0.876712 0.121331
  40 0.670001 -1.158561 0.598153 -0.785935 0.287722 0.547286 0.880626 0.121331
knife_butterfly.bmp
  40 0.670001 -1.158561 0.598153 -0.785935 0.287722 0.547286 0.880626 0.121331
  40 0.660001 -1.198561 0.608153 -0.975373 -0.040532 0.216806 0.876712 0.121331
  40 0.670001 -1.198561 0.628153 -0.803747 -0.021801 0.594571 0.876712 0.119374
knife_butterfly.bmp
  40 0.660001 -1.198561 0.608153 -0.975373 -0.040532 0.216806 0.876712 0.121331
  40 0.660001 -1.218561 0.608153 -0.975373 -0.040532 0.216806 0.874755 0.123288
  40 0.670001 -1.198561 0.628153 -0.803747 -0.021801 0.594571 0.876712 0.119374
knife_butterfly.bmp
  40 0.670001 -1.198561 0.628153 -0.803747 -0.021801 0.594571 0.876712 0.119374
  40 0.660001 -1.218561 0.608153 -0.975373 -0.040532 0.216806 0.874755 0.123288
  40 0.670001 -1.228561 0.618153 -0.799145 -0.161950 0.578912 0.874755 0.119374
knife_butterfly.bmp
  40 0.660001 -1.218561 0.608153 -0.975373 -0.040532 0.216806 0.874755 0.123288
  40 0.660001 -1.308561 0.578154 -0.975373 -0.040532 0.216806 0.864971 0.123288
  40 0.670001 -1.228561 0.618153 -0.799145 -0.161950 0.578912 0.874755 0.119374
knife_butterfly.bmp
  40 0.670001 -1.228561 0.618153 -0.799145 -0.161950 0.578912 0.874755 0.119374
  40 0.660001 -1.308561 0.578154 -0.975373 -0.040532 0.216806 0.864971 0.123288
  40 0.670001 -1.308561 0.598154 -0.802254 -0.109892 0.586781 0.864971 0.121331
knife_butterfly.bmp
  40 0.660001 -1.308561 0.578154 -0.975373 -0.040532 0.216806 0.864971 0.123288
  40 0.660001 -1.368561 0.568154 -0.975373 -0.040532 0.216806 0.859100 0.125245
  40 0.670001 -1.308561 0.598154 -0.802254 -0.109892 0.586781 0.864971 0.121331
knife_butterfly.bmp
  40 0.670001 -1.308561 0.598154 -0.802254 -0.109892 0.586781 0.864971 0.121331
  40 0.660001 -1.368561 0.568154 -0.975373 -0.040532 0.216806 0.859100 0.125245
  40 0.670001 -1.368561 0.588154 -0.802254 -0.109892 0.586781 0.859100 0.123288
knife_butterfly.bmp
  40 0.660001 -1.368561 0.568154 -0.975373 -0.040532 0.216806 0.859100 0.125245
  40 0.660001 -1.428561 0.558154 -0.975373 -0.040532 0.216806 0.853229 0.125245
  40 0.670001 -1.368561 0.588154 -0.802254 -0.109892 0.586781 0.859100 0.123288
knife_butterfly.bmp
  40 0.670001 -1.368561 0.588154 -0.802254 -0.109892 0.586781 0.859100 0.123288
  40 0.660001 -1.428561 0.558154 -0.975373 -0.040532 0.216806 0.853229 0.125245
  40 0.670001 -1.428561 0.578154 -0.802830 -0.069318 0.592165 0.853229 0.123288
knife_butterfly.bmp
  40 0.660001 -1.428561 0.558154 -0.975373 -0.040532 0.216806 0.853229 0.125245
  40 0.660001 -1.498561 0.528154 -0.975373 -0.040532 0.216806 0.845401 0.125245
  40 0.670001 -1.428561 0.578154 -0.802830 -0.069318 0.592165 0.853229 0.123288
knife_butterfly.bmp
  40 0.670001 -1.428561 0.578154 -0.802830 -0.069318 0.592165 0.853229 0.123288
  40 0.660001 -1.498561 0.528154 -0.975373 -0.040532 0.216806 0.845401 0.125245
  40 0.670001 -1.508561 0.548154 -0.802830 -0.069318 0.592165 0.845401 0.123288
knife_butterfly.bmp
  40 0.660001 -1.498561 0.528154 -0.975373 -0.040532 0.216806 0.845401 0.125245
  40 0.660001 -1.578561 0.538154 -0.975373 -0.040532 0.216806 0.837573 0.125245
  40 0.670001 -1.508561 0.548154 -0.802830 -0.069318 0.592165 0.845401 0.123288
knife_butterfly.bmp
  40 0.670001 -1.508561 0.548154 -0.802830 -0.069318 0.592165 0.845401 0.123288
  40 0.660001 -1.578561 0.538154 -0.975373 -0.040532 0.216806 0.837573 0.125245
  40 0.670001 -1.578561 0.558154 -0.802830 -0.069318 0.592165 0.837573 0.123288
knife_butterfly.bmp
  40 0.660001 -1.578561 0.538154 -0.975373 -0.040532 0.216806 0.837573 0.125245
  40 0.660001 -1.648561 0.528155 -0.975373 -0.040532 0.216806 0.829746 0.125245
  40 0.670001 -1.578561 0.558154 -0.802830 -0.069318 0.592165 0.837573 0.123288
knife_butterfly.bmp
  40 0.670001 -1.578561 0.558154 -0.802830 -0.069318 0.592165 0.837573 0.123288
  40 0.660001 -1.648561 0.528155 -0.975373 -0.040532 0.216806 0.829746 0.125245
  40 0.670001 -1.648561 0.548155 -0.802830 -0.069318 0.592165 0.829746 0.123288
knife_butterfly.bmp
  40 0.660001 -1.648561 0.528155 -0.975373 -0.040532 0.216806 0.829746 0.125245
  40 0.660001 -1.718561 0.528155 -0.975373 -0.040532 0.216806 0.821918 0.125245
  40 0.670001 -1.648561 0.548155 -0.802830 -0.069318 0.592165 0.829746 0.123288
knife_butterfly.bmp
  40 0.670001 -1.648561 0.548155 -0.802830 -0.069318 0.592165 0.829746 0.123288
  40 0.660001 -1.718561 0.528155 -0.975373 -0.040532 0.216806 0.821918 0.125245
  40 0.670001 -1.718561 0.548155 -0.803747 -0.021801 0.594571 0.821918 0.123288
knife_butterfly.bmp
  40 0.660001 -1.718561 0.528155 -0.975373 -0.040532 0.216806 0.821918 0.125245
  40 0.660001 -1.798561 0.518155 -0.975338 0.000314 0.220715 0.814090 0.125245
  40 0.670001 -1.718561 0.548155 -0.803747 -0.021801 0.594571 0.821918 0.123288
knife_butterfly.bmp
  40 0.670001 -1.718561 0.548155 -0.803747 -0.021801 0.594571 0.821918 0.123288
  40 0.660001 -1.798561 0.518155 -0.975338 0.000314 0.220715 0.814090 0.125245
  40 0.670001 -1.798561 0.538155 -0.803811 0.026955 0.594273 0.814090 0.123288
knife_butterfly.bmp
  40 0.660001 -1.798561 0.518155 -0.975338 0.000314 0.220715 0.814090 0.125245
  40 0.660001 -1.868561 0.528155 -0.975338 0.000314 0.220715 0.806262 0.125245
  40 0.670001 -1.798561 0.538155 -0.803811 0.026955 0.594273 0.814090 0.123288
knife_butterfly.bmp
  40 0.670001 -1.798561 0.538155 -0.803811 0.026955 0.594273 0.814090 0.123288
  40 0.660001 -1.868561 0.528155 -0.975338 0.000314 0.220715 0.806262 0.125245
  40 0.670001 -1.868561 0.528155 -0.803811 0.026955 0.594273 0.806262 0.123288
knife_butterfly.bmp
  40 0.660001 -1.868561 0.528155 -0.975338 0.000314 0.220715 0.806262 0.125245
  40 0.660001 -1.938561 0.528155 -0.975338 0.000314 0.220715 0.798434 0.125245
  40 0.670001 -1.868561 0.528155 -0.803811 0.026955 0.594273 0.806262 0.123288
knife_butterfly.bmp
  40 0.670001 -1.868561 0.528155 -0.803811 0.026955 0.594273 0.806262 0.123288
  40 0.660001 -1.938561 0.528155 -0.975338 0.000314 0.220715 0.798434 0.125245
  40 0.670001 -1.938561 0.548155 -0.803811 0.026955 0.594273 0.798434 0.123288
knife_butterfly.bmp
  40 0.660001 -1.938561 0.528155 -0.975338 0.000314 0.220715 0.798434 0.125245
  40 0.660001 -2.018561 0.528155 -0.975338 0.000314 0.220715 0.790607 0.123288
  40 0.670001 -1.938561 0.548155 -0.803811 0.026955 0.594273 0.798434 0.123288
knife_butterfly.bmp
  40 0.670001 -1.938561 0.548155 -0.803811 0.026955 0.594273 0.798434 0.123288
  40 0.660001 -2.018561 0.528155 -0.975338 0.000314 0.220715 0.790607 0.123288
  40 0.670001 -2.008561 0.548155 -0.802967 0.080824 0.590518 0.790607 0.121331
knife_butterfly.bmp
  40 0.660001 -2.018561 0.528155 -0.975338 0.000314 0.220715 0.790607 0.123288
  40 0.660001 -2.098561 0.538156 -0.975338 0.000314 0.220715 0.782779 0.123288
  40 0.670001 -2.008561 0.548155 -0.802967 0.080824 0.590518 0.790607 0.121331
knife_butterfly.bmp
  40 0.670001 -2.008561 0.548155 -0.802967 0.080824 0.590518 0.790607 0.121331
  40 0.660001 -2.098561 0.538156 -0.975338 0.000314 0.220715 0.782779 0.123288
  40 0.670001 -2.088561 0.558156 -0.802967 0.080824 0.590518 0.782779 0.121331
knife_butterfly.bmp
  40 0.660001 -2.098561 0.538156 -0.975338 0.000314 0.220715 0.782779 0.123288
  40 0.660001 -2.178561 0.548156 -0.975338 0.000314 0.220715 0.774951 0.121331
  40 0.670001 -2.088561 0.558156 -0.802967 0.080824 0.590518 0.782779 0.121331
knife_butterfly.bmp
  40 0.670001 -2.088561 0.558156 -0.802967 0.080824 0.590518 0.782779 0.121331
  40 0.660001 -2.178561 0.548156 -0.975338 0.000314 0.220715 0.774951 0.121331
  40 0.670001 -2.168561 0.568156 -0.802967 0.080824 0.590518 0.774951 0.119374
knife_butterfly.bmp
  40 0.660001 -2.178561 0.548156 -0.975338 0.000314 0.220715 0.774951 0.121331
  40 0.660001 -2.178561 0.558156 -0.975373 -0.040532 0.216806 0.774951 0.121331
  40 0.670001 -2.168561 0.568156 -0.802967 0.080824 0.590518 0.774951 0.119374
knife_butterfly.bmp
  40 0.670001 -2.168561 0.568156 -0.802967 0.080824 0.590518 0.774951 0.119374
  40 0.660001 -2.178561 0.558156 -0.975373 -0.040532 0.216806 0.774951 0.121331
  40 0.670001 -2.188561 0.578156 -0.802830 -0.069318 0.592165 0.772994 0.119374
knife_butterfly.bmp
  40 0.660001 -2.178561 0.558156 -0.975373 -0.040532 0.216806 0.774951 0.121331
  40 0.660001 -2.208561 0.538156 -0.980420 -0.134795 0.143551 0.771037 0.123288
  40 0.670001 -2.188561 0.578156 -0.802830 -0.069318 0.592165 0.772994 0.119374
knife_butterfly.bmp
  40 0.670001 -2.188561 0.578156 -0.802830 -0.069318 0.592165 0.772994 0.119374
  40 0.660001 -2.208561 0.538156 -0.980420 -0.134795 0.143551 0.771037 0.123288
  40 0.670001 -2.218561 0.558156 -0.779779 -0.402966 0.479127 0.769080 0.119374
knife_butterfly.bmp
  40 0.660001 -2.208561 0.538156 -0.980420 -0.134795 0.143551 0.771037 0.123288
  40 0.660001 -2.218561 0.538156 -0.978241 -0.188180 0.087361 0.771037 0.123288
  40 0.670001 -2.218561 0.558156 -0.779779 -0.402966 0.479127 0.769080 0.119374
knife_butterfly.bmp
  40 0.670001 -2.218561 0.558156 -0.779779 -0.402966 0.479127 0.769080 0.119374
  40 0.660001 -2.218561 0.538156 -0.978241 -0.188180 0.087361 0.771037 0.123288
  40 0.670001 -2.228561 0.538156 -0.755153 -0.598631 0.267180 0.769080 0.121331
knife_butterfly.bmp
  40 0.660001 -2.218561 0.538156 -0.978241 -0.188180 0.087361 0.771037 0.123288
  40 0.670001 -2.238561 0.508156 -0.746114 -0.664899 0.034969 0.767123 0.125245
  40 0.670001 -2.228561 0.538156 -0.755153 -0.598631 0.267180 0.769080 0.121331
knife_butterfly.bmp
  40 0.670001 -2.228561 0.538156 -0.755153 -0.598631 0.267180 0.769080 0.121331
  40 0.670001 -2.238561 0.508156 -0.746114 -0.664899 0.034969 0.767123 0.125245
  40 0.680001 -2.248561 0.488156 -0.520396 -0.852765 0.044490 0.765166 0.125245
knife_butterfly.bmp
  40 0.670001 -2.238561 0.508156 -0.746114 -0.664899 0.034969 0.767123 0.125245
  40 0.670001 -2.238561 0.478156 -0.737985 -0.665962 -0.108960 0.767123 0.129159
  40 0.680001 -2.248561 0.488156 -0.520396 -0.852765 0.044490 0.765166 0.125245
knife_butterfly.bmp
  40 0.680001 -2.248561 0.488156 -0.520396 -0.852765 0.044490 0.765166 0.125245
  40 0.670001 -2.238561 0.478156 -0.737985 -0.665962 -0.108960 0.767123 0.129159
  40 0.680001 -2.238561 0.468156 -0.494578 -0.857906 -0.139246 0.767123 0.129159
knife_butterfly.bmp
  40 0.670001 -2.238561 0.478156 -0.737985 -0.665962 -0.108960 0.767123 0.129159
  40 0.680001 -2.238561 0.448156 -0.509776 -0.817014 -0.269475 0.767123 0.133072
  40 0.680001 -2.238561 0.468156 -0.494578 -0.857906 -0.139246 0.767123 0.129159
knife_butterfly.bmp
  40 1.260001 -1.118561 0.568154 0.503781 0.854576 0.126112 0.884540 0.058708
  40 1.270001 -1.128561 0.538154 0.741143 0.651230 -0.163113 0.882583 0.054795
  40 1.260001 -1.118561 0.528154 0.523969 0.826815 -0.204531 0.882583 0.054795
knife_butterfly.bmp
  40 1.260001 -1.118561 0.528154 0.523969 0.826815 -0.204531 0.882583 0.054795
  40 1.270001 -1.128561 0.538154 0.741143 0.651230 -0.163113 0.882583 0.054795
  40 1.260001 -1.138561 0.488154 0.555707 0.652576 -0.515106 0.880626 0.050881
knife_butterfly.bmp
  40 1.270001 -1.128561 0.538154 0.741143 0.651230 -0.163113 0.882583 0.054795
  40 1.270001 -1.148561 0.498154 0.764333 0.520083 -0.381194 0.880626 0.052838
  40 1.260001 -1.138561 0.488154 0.555707 0.652576 -0.515106 0.880626 0.050881
knife_butterfly.bmp
  40 1.260001 -1.138561 0.488154 0.555707 0.652576 -0.515106 0.880626 0.050881
  40 1.270001 -1.148561 0.498154 0.764333 0.520083 -0.381194 0.880626 0.052838
  40 1.260001 -1.188561 0.468155 0.584417 0.413960 -0.697921 0.876712 0.048924
knife_butterfly.bmp
  40 1.270001 -1.148561 0.498154 0.764333 0.520083 -0.381194 0.880626 0.052838
  40 1.270001 -1.178561 0.478155 0.782736 0.318412 -0.534732 0.876712 0.048924
  40 1.260001 -1.188561 0.468155 0.584417 0.413960 -0.697921 0.876712 0.048924
knife_butterfly.bmp
  40 1.260001 -1.188561 0.468155 0.584417 0.413960 -0.697921 0.876712 0.048924
  40 1.270001 -1.178561 0.478155 0.782736 0.318412 -0.534732 0.876712 0.048924
  40 1.260001 -1.198561 0.468155 0.579195 0.219949 -0.784955 0.874755 0.046967
knife_butterfly.bmp
  40 1.270001 -1.178561 0.478155 0.782736 0.318412 -0.534732 0.876712 0.048924
  40 1.270001 -1.198561 0.468155 0.798239 0.162649 -0.579966 0.872798 0.048924
  40 1.260001 -1.198561 0.468155 0.579195 0.219949 -0.784955 0.874755 0.046967
knife_butterfly.bmp
  40 1.260001 -1.198561 0.468155 0.579195 0.219949 -0.784955 0.874755 0.046967
  40 1.270001 -1.198561 0.468155 0.798239 0.162649 -0.579966 0.872798 0.048924
  40 1.260001 -1.308561 0.458155 0.579195 0.219949 -0.784955 0.864971 0.045010
knife_butterfly.bmp
  40 1.270001 -1.198561 0.468155 0.798239 0.162649 -0.579966 0.872798 0.048924
  40 1.270001 -1.308561 0.468155 0.798239 0.162649 -0.579966 0.864971 0.046967
  40 1.260001 -1.308561 0.458155 0.579195 0.219949 -0.784955 0.864971 0.045010
knife_butterfly.bmp
  40 1.260001 -1.308561 0.458155 0.579195 0.219949 -0.784955 0.864971 0.045010
  40 1.270001 -1.308561 0.468155 0.798239 0.162649 -0.579966 0.864971 0.046967
  40 1.260001 -1.368561 0.448155 0.581010 0.179925 -0.793760 0.859100 0.043053
knife_butterfly.bmp
  40 1.270001 -1.308561 0.468155 0.798239 0.162649 -0.579966 0.864971 0.046967
  40 1.270001 -1.368561 0.448155 0.799162 0.121600 -0.588688 0.859100 0.045010
  40 1.260001 -1.368561 0.448155 0.581010 0.179925 -0.793760 0.859100 0.043053
knife_butterfly.bmp
  40 1.260001 -1.368561 0.448155 0.581010 0.179925 -0.793760 0.859100 0.043053
  40 1.270001 -1.368561 0.448155 0.799162 0.121600 -0.588688 0.859100 0.045010
  40 1.260001 -1.428562 0.408155 0.581010 0.179925 -0.793760 0.851272 0.043053
knife_butterfly.bmp
  40 1.270001 -1.368561 0.448155 0.799162 0.121600 -0.588688 0.859100 0.045010
  40 1.270001 -1.428561 0.418155 0.799162 0.121600 -0.588688 0.851272 0.045010
  40 1.260001 -1.428562 0.408155 0.581010 0.179925 -0.793760 0.851272 0.043053
knife_butterfly.bmp
  40 1.260001 -1.428562 0.408155 0.581010 0.179925 -0.793760 0.851272 0.043053
  40 1.270001 -1.428561 0.418155 0.799162 0.121600 -0.588688 0.851272 0.045010
  40 1.260001 -1.498561 0.418155 0.582937 0.130873 -0.801908 0.845401 0.041096
knife_butterfly.bmp
  40 1.270001 -1.428561 0.418155 0.799162 0.121600 -0.588688 0.851272 0.045010
  40 1.270001 -1.498561 0.428155 0.799162 0.121600 -0.588688 0.845401 0.043053
  40 1.260001 -1.498561 0.418155 0.582937 0.130873 -0.801908 0.845401 0.041096
knife_butterfly.bmp
  40 1.260001 -1.498561 0.418155 0.582937 0.130873 -0.801908 0.845401 0.041096
  40 1.270001 -1.498561 0.428155 0.799162 0.121600 -0.588688 0.845401 0.043053
  40 1.280001 -1.568562 0.398156 0.582937 0.130873 -0.801908 0.837573 0.041096
knife_butterfly.bmp
  40 1.270001 -1.498561 0.428155 0.799162 0.121600 -0.588688 0.845401 0.043053
  40 1.280001 -1.568561 0.408156 0.799693 0.068026 -0.596543 0.837573 0.041096
  40 1.280001 -1.568562 0.398156 0.582937 0.130873 -0.801908 0.837573 0.041096
knife_butterfly.bmp
  40 1.280001 -1.568562 0.398156 0.582937 0.130873 -0.801908 0.837573 0.041096
  40 1.280001 -1.568561 0.408156 0.799693 0.068026 -0.596543 0.837573 0.041096
  40 1.280001 -1.638562 0.388156 0.584079 0.071462 -0.808545 0.829746 0.039139
knife_butterfly.bmp
  40 1.280001 -1.568561 0.408156 0.799693 0.068026 -0.596543 0.837573 0.041096
  40 1.290001 -1.648562 0.398156 0.799693 0.068026 -0.596543 0.829746 0.041096
  40 1.280001 -1.638562 0.388156 0.584079 0.071462 -0.808545 0.829746 0.039139
knife_butterfly.bmp
  40 1.280001 -1.638562 0.388156 0.584079 0.071462 -0.808545 0.829746 0.039139
  40 1.290001 -1.648562 0.398156 0.799693 0.068026 -0.596543 0.829746 0.041096
  40 1.280001 -1.718562 0.388156 0.584079 0.071462 -0.808545 0.821918 0.039139
knife_butterfly.bmp
  40 1.290001 -1.648562 0.398156 0.799693 0.068026 -0.596543 0.829746 0.041096
  40 1.290001 -1.718562 0.388156 0.799693 0.068026 -0.596543 0.821918 0.041096
  40 1.280001 -1.718562 0.388156 0.584079 0.071462 -0.808545 0.821918 0.039139
knife_butterfly.bmp
  40 1.280001 -1.718562 0.388156 0.584079 0.071462 -0.808545 0.821918 0.039139
  40 1.290001 -1.718562 0.388156 0.799693 0.068026 -0.596543 0.821918 0.041096
  40 1.280002 -1.788562 0.358156 0.584582 0.022599 -0.811020 0.814090 0.039139
knife_butterfly.bmp
  40 1.290001 -1.718562 0.388156 0.799693 0.068026 -0.596543 0.821918 0.041096
  40 1.290002 -1.788562 0.368156 0.799693 0.068026 -0.596543 0.814090 0.041096
  40 1.280002 -1.788562 0.358156 0.584582 0.022599 -0.811020 0.814090 0.039139
knife_butterfly.bmp
  40 1.280002 -1.788562 0.358156 0.584582 0.022599 -0.811020 0.814090 0.039139
  40 1.290002 -1.788562 0.368156 0.799693 0.068026 -0.596543 0.814090 0.041096
  40 1.280002 -1.858562 0.378156 0.584582 0.022599 -0.811020 0.806262 0.039139
knife_butterfly.bmp
  40 1.290002 -1.788562 0.368156 0.799693 0.068026 -0.596543 0.814090 0.041096
  40 1.290001 -1.858562 0.388156 0.801012 0.016706 -0.598415 0.806262 0.041096
  40 1.280002 -1.858562 0.378156 0.584582 0.022599 -0.811020 0.806262 0.039139
knife_butterfly.bmp
  40 1.280002 -1.858562 0.378156 0.584582 0.022599 -0.811020 0.806262 0.039139
  40 1.290001 -1.858562 0.388156 0.801012 0.016706 -0.598415 0.806262 0.041096
  40 1.280002 -1.938562 0.368156 0.584555 -0.027002 -0.810904 0.798434 0.039139
knife_butterfly.bmp
  40 1.290001 -1.858562 0.388156 0.801012 0.016706 -0.598415 0.806262 0.041096
  40 1.290002 -1.938562 0.378157 0.801012 0.016706 -0.598415 0.798434 0.041096
  40 1.280002 -1.938562 0.368156 0.584555 -0.027002 -0.810904 0.798434 0.039139
knife_butterfly.bmp
  40 1.280002 -1.938562 0.368156 0.584555 -0.027002 -0.810904 0.798434 0.039139
  40 1.290002 -1.938562 0.378157 0.801012 0.016706 -0.598415 0.798434 0.041096
  40 1.280002 -2.008562 0.378157 0.584555 -0.027002 -0.810904 0.792564 0.039139
knife_butterfly.bmp
  40 1.290002 -1.938562 0.378157 0.801012 0.016706 -0.598415 0.798434 0.041096
  40 1.290001 -2.008562 0.388157 0.800853 -0.019974 -0.598528 0.792564 0.041096
  40 1.280002 -2.008562 0.378157 0.584555 -0.027002 -0.810904 0.792564 0.039139
knife_butterfly.bmp
  40 1.280002 -2.008562 0.378157 0.584555 -0.027002 -0.810904 0.792564 0.039139
  40 1.290001 -2.008562 0.388157 0.800853 -0.019974 -0.598528 0.792564 0.041096
  40 1.280002 -2.088562 0.378157 0.583986 -0.079668 -0.807845 0.784736 0.039139
knife_butterfly.bmp
  40 1.290001 -2.008562 0.388157 0.800853 -0.019974 -0.598528 0.792564 0.041096
  40 1.290001 -2.088562 0.388157 0.800853 -0.019974 -0.598528 0.784736 0.041096
  40 1.280002 -2.088562 0.378157 0.583986 -0.079668 -0.807845 0.784736 0.039139
knife_butterfly.bmp
  40 1.280002 -2.088562 0.378157 0.583986 -0.079668 -0.807845 0.784736 0.039139
  40 1.290001 -2.088562 0.388157 0.800853 -0.019974 -0.598528 0.784736 0.041096
  40 1.280001 -2.138562 0.388157 0.583986 -0.079668 -0.807845 0.776908 0.039139
knife_butterfly.bmp
  40 1.290001 -2.088562 0.388157 0.800853 -0.019974 -0.598528 0.784736 0.041096
  40 1.290001 -2.138562 0.398157 0.799379 -0.059229 -0.597900 0.776908 0.041096
  40 1.280001 -2.138562 0.388157 0.583986 -0.079668 -0.807845 0.776908 0.039139
knife_butterfly.bmp
  40 1.280001 -2.138562 0.388157 0.583986 -0.079668 -0.807845 0.776908 0.039139
  40 1.290001 -2.138562 0.398157 0.799379 -0.059229 -0.597900 0.776908 0.041096
  40 1.280002 -2.158562 0.368157 0.592622 -0.255438 -0.763905 0.774951 0.039139
knife_butterfly.bmp
  40 1.290001 -2.138562 0.398157 0.799379 -0.059229 -0.597900 0.776908 0.041096
  40 1.290002 -2.148562 0.378157 0.789045 -0.193684 -0.583005 0.774951 0.041096
  40 1.280002 -2.158562 0.368157 0.592622 -0.255438 -0.763905 0.774951 0.039139
knife_butterfly.bmp
  40 1.280002 -2.158562 0.368157 0.592622 -0.255438 -0.763905 0.774951 0.039139
  40 1.290002 -2.148562 0.378157 0.789045 -0.193684 -0.583005 0.774951 0.041096
  40 1.280001 -2.188562 0.388157 0.570891 -0.512055 -0.641781 0.771037 0.043053
knife_butterfly.bmp
  40 1.290002 -2.148562 0.378157 0.789045 -0.193684 -0.583005 0.774951 0.041096
  40 1.270001 -2.188562 0.398157 0.775237 -0.409248 -0.481169 0.771037 0.043053
  40 1.280001 -2.188562 0.388157 0.570891 -0.512055 -0.641781 0.771037 0.043053
knife_butterfly.bmp
  40 1.280001 -2.188562 0.388157 0.570891 -0.512055 -0.641781 0.771037 0.043053
  40 1.270001 -2.188562 0.398157 0.775237 -0.409248 -0.481169 0.771037 0.043053
  40 1.260001 -2.218561 0.438157 0.535003 -0.714573 -0.450729 0.767123 0.046967
knife_butterfly.bmp
  40 1.270001 -2.188562 0.398157 0.775237 -0.409248 -0.481169 0.771037 0.043053
  40 1.270001 -2.218561 0.448157 0.758186 -0.550782 -0.348989 0.769080 0.046967
  40 1.260001 -2.218561 0.438157 0.535003 -0.714573 -0.450729 0.767123 0.046967
knife_butterfly.bmp
  40 1.260001 -2.218561 0.438157 0.535003 -0.714573 -0.450729 0.767123 0.046967
  40 1.270001 -2.218561 0.448157 0.758186 -0.550782 -0.348989 0.769080 0.046967
  40 1.270001 -2.228561 0.468157 0.745613 -0.631926 -0.211496 0.767123 0.050881
knife_butterfly.bmp
  40 1.270001 -2.218561 0.448157 0.758186 -0.550782 -0.348989 0.769080 0.046967
  40 1.280001 -2.208561 0.468157 0.960090 -0.262016 -0.097847 0.769080 0.050881
  40 1.270001 -2.228561 0.468157 0.745613 -0.631926 -0.211496 0.767123 0.050881
knife_butterfly.bmp
  40 1.270001 -2.228561 0.468157 0.745613 -0.631926 -0.211496 0.767123 0.050881
  40 1.280001 -2.208561 0.468157 0.960090 -0.262016 -0.097847 0.769080 0.050881
  40 1.280001 -2.218561 0.478157 0.963250 -0.267198 -0.027472 0.767123 0.052838
knife_butterfly.bmp
  40 1.280001 -2.208561 0.468157 0.960090 -0.262016 -0.097847 0.769080 0.050881
  40 1.290001 -2.158561 0.468157 0.998234 -0.059393 -0.001118 0.774951 0.052838
  40 1.280001 -2.218561 0.478157 0.963250 -0.267198 -0.027472 0.767123 0.052838
knife_butterfly.bmp
  40 1.280001 -2.218561 0.478157 0.963250 -0.267198 -0.027472 0.767123 0.052838
  40 1.290001 -2.158561 0.468157 0.998234 -0.059393 -0.001118 0.774951 0.052838
  40 1.280001 -2.178561 0.538157 0.976788 -0.032458 0.211733 0.772994 0.060665
knife_butterfly.bmp
  40 1.290001 -2.158561 0.468157 0.998234 -0.059393 -0.001118 0.774951 0.052838
  40 1.280001 -2.168561 0.538157 0.974216 0.034928 0.222897 0.772994 0.060665
  40 1.280001 -2.178561 0.538157 0.976788 -0.032458 0.211733 0.772994 0.060665
knife_butterfly.bmp
  40 0.660001 -2.178561 0.548156 -0.975338 0.000314 0.220715 0.774951 0.121331
  40 0.650001 -2.158561 0.468156 -0.998234 -0.059391 -0.001120 0.776908 0.129159
  40 0.660001 -2.178561 0.558156 -0.975373 -0.040532 0.216806 0.774951 0.121331
knife_butterfly.bmp
  40 0.660001 -2.178561 0.558156 -0.975373 -0.040532 0.216806 0.774951 0.121331
  40 0.650001 -2.158561 0.468156 -0.998234 -0.059391 -0.001120 0.776908 0.129159
  40 0.660001 -2.218561 0.478156 -0.963248 -0.267205 -0.027474 0.769080 0.129159
knife_butterfly.bmp
  40 0.650001 -2.158561 0.468156 -0.998234 -0.059391 -0.001120 0.776908 0.129159
  40 0.660001 -2.208561 0.468156 -0.960092 -0.262010 -0.097849 0.771037 0.131115
  40 0.660001 -2.218561 0.478156 -0.963248 -0.267205 -0.027474 0.769080 0.129159
knife_butterfly.bmp
  40 0.660001 -2.218561 0.478156 -0.963248 -0.267205 -0.027474 0.769080 0.129159
  40 0.660001 -2.208561 0.468156 -0.960092 -0.262010 -0.097849 0.771037 0.131115
  40 0.670001 -2.228561 0.468156 -0.745606 -0.631935 -0.211494 0.769080 0.133072
knife_butterfly.bmp
  40 0.660001 -2.208561 0.468156 -0.960092 -0.262010 -0.097849 0.771037 0.131115
  40 0.670001 -2.218561 0.448156 -0.758181 -0.550788 -0.348991 0.769080 0.135029
  40 0.670001 -2.228561 0.468156 -0.745606 -0.631935 -0.211494 0.769080 0.133072
knife_butterfly.bmp
  40 0.670001 -2.228561 0.468156 -0.745606 -0.631935 -0.211494 0.769080 0.133072
  40 0.670001 -2.218561 0.448156 -0.758181 -0.550788 -0.348991 0.769080 0.135029
  40 0.680001 -2.218561 0.438156 -0.534990 -0.714580 -0.450734 0.769080 0.135029
knife_butterfly.bmp
  40 0.670001 -2.218561 0.448156 -0.758181 -0.550788 -0.348991 0.769080 0.135029
  40 0.670001 -2.188561 0.418156 -0.775241 -0.409243 -0.481167 0.772994 0.138943
  40 0.680001 -2.218561 0.438156 -0.534990 -0.714580 -0.450734 0.769080 0.135029
knife_butterfly.bmp
  40 0.680001 -2.218561 0.438156 -0.534990 -0.714580 -0.450734 0.769080 0.135029
  40 0.670001 -2.188561 0.418156 -0.775241 -0.409243 -0.481167 0.772994 0.138943
  40 0.680001 -2.188561 0.408156 -0.570894 -0.512053 -0.641780 0.771037 0.140900
knife_butterfly.bmp
  40 0.670001 -2.188561 0.418156 -0.775241 -0.409243 -0.481167 0.772994 0.138943
  40 0.680001 -2.158562 0.398156 -0.789046 -0.193692 -0.583001 0.774951 0.140900
  40 0.680001 -2.188561 0.408156 -0.570894 -0.512053 -0.641780 0.771037 0.140900
knife_butterfly.bmp
  40 0.680001 -2.188561 0.408156 -0.570894 -0.512053 -0.641780 0.771037 0.140900
  40 0.680001 -2.158562 0.398156 -0.789046 -0.193692 -0.583001 0.774951 0.140900
  40 0.680002 -2.158562 0.388156 -0.592616 -0.255444 -0.763908 0.774951 0.142857
knife_butterfly.bmp
  40 0.680001 -2.158562 0.398156 -0.789046 -0.193692 -0.583001 0.774951 0.140900
  40 0.680002 -2.138562 0.388156 -0.799381 -0.059234 -0.597897 0.776908 0.140900
  40 0.680002 -2.158562 0.388156 -0.592616 -0.255444 -0.763908 0.774951 0.142857
knife_butterfly.bmp
  40 0.680002 -2.158562 0.388156 -0.592616 -0.255444 -0.763908 0.774951 0.142857
  40 0.680002 -2.138562 0.388156 -0.799381 -0.059234 -0.597897 0.776908 0.140900
  40 0.690002 -2.138562 0.378156 -0.584391 -0.048475 -0.810023 0.776908 0.142857
knife_butterfly.bmp
  40 0.680002 -2.138562 0.388156 -0.799381 -0.059234 -0.597897 0.776908 0.140900
  40 0.680002 -2.088562 0.388156 -0.800850 -0.019972 -0.598532 0.784736 0.142857
  40 0.690002 -2.138562 0.378156 -0.584391 -0.048475 -0.810023 0.776908 0.142857
knife_butterfly.bmp
  40 0.690002 -2.138562 0.378156 -0.584391 -0.048475 -0.810023 0.776908 0.142857
  40 0.680002 -2.088562 0.388156 -0.800850 -0.019972 -0.598532 0.784736 0.142857
  40 0.690002 -2.088562 0.378156 -0.584391 -0.048475 -0.810023 0.784736 0.142857
knife_butterfly.bmp
  40 0.680002 -2.088562 0.388156 -0.800850 -0.019972 -0.598532 0.784736 0.142857
  40 0.680002 -2.008562 0.388155 -0.800850 -0.019972 -0.598532 0.792564 0.142857
  40 0.690002 -2.088562 0.378156 -0.584391 -0.048475 -0.810023 0.784736 0.142857
knife_butterfly.bmp
  40 0.690002 -2.088562 0.378156 -0.584391 -0.048475 -0.810023 0.784736 0.142857
  40 0.680002 -2.008562 0.388155 -0.800850 -0.019972 -0.598532 0.792564 0.142857
  40 0.690002 -2.008562 0.378155 -0.584675 -0.001545 -0.811266 0.792564 0.144814
knife_butterfly.bmp
  40 0.680002 -2.008562 0.388155 -0.800850 -0.019972 -0.598532 0.792564 0.142857
  40 0.680002 -1.938562 0.378155 -0.801013 0.016707 -0.598414 0.800391 0.142857
  40 0.690002 -2.008562 0.378155 -0.584675 -0.001545 -0.811266 0.792564 0.144814
knife_butterfly.bmp
  40 0.690002 -2.008562 0.378155 -0.584675 -0.001545 -0.811266 0.792564 0.144814
  40 0.680002 -1.938562 0.378155 -0.801013 0.016707 -0.598414 0.800391 0.142857
  40 0.700002 -1.938562 0.368155 -0.584675 -0.001545 -0.811266 0.800391 0.144814
knife_butterfly.bmp
  40 0.680002 -1.938562 0.378155 -0.801013 0.016707 -0.598414 0.800391 0.142857
  40 0.680002 -1.858562 0.378155 -0.801013 0.016707 -0.598414 0.808219 0.142857
  40 0.700002 -1.938562 0.368155 -0.584675 -0.001545 -0.811266 0.800391 0.144814
knife_butterfly.bmp
  40 0.700002 -1.938562 0.368155 -0.584675 -0.001545 -0.811266 0.800391 0.144814
  40 0.680002 -1.858562 0.378155 -0.801013 0.016707 -0.598414 0.808219 0.142857
  40 0.690002 -1.858562 0.368155 -0.584408 0.048649 -0.810000 0.808219 0.144814
knife_butterfly.bmp
  40 0.680002 -1.858562 0.378155 -0.801013 0.016707 -0.598414 0.808219 0.142857
  40 0.680002 -1.788562 0.388155 -0.801013 0.016707 -0.598414 0.816047 0.142857
  40 0.690002 -1.858562 0.368155 -0.584408 0.048649 -0.810000 0.808219 0.144814
knife_butterfly.bmp
  40 0.690002 -1.858562 0.368155 -0.584408 0.048649 -0.810000 0.808219 0.144814
  40 0.680002 -1.788562 0.388155 -0.801013 0.016707 -0.598414 0.816047 0.142857
  40 0.690002 -1.788562 0.378155 -0.584408 0.048649 -0.810000 0.816047 0.144814
knife_butterfly.bmp
  40 0.680002 -1.788562 0.388155 -0.801013 0.016707 -0.598414 0.816047 0.142857
  40 0.680002 -1.718562 0.388155 -0.799692 0.068028 -0.596544 0.823875 0.142857
  40 0.690002 -1.788562 0.378155 -0.584408 0.048649 -0.810000 0.816047 0.144814
knife_butterfly.bmp
  40 0.690002 -1.788562 0.378155 -0.584408 0.048649 -0.810000 0.816047 0.144814
  40 0.680002 -1.718562 0.388155 -0.799692 0.068028 -0.596544 0.823875 0.142857
  40 0.690002 -1.718562 0.378155 -0.583723 0.091668 -0.806761 0.823875 0.144814
knife_butterfly.bmp
  40 0.680002 -1.718562 0.388155 -0.799692 0.068028 -0.596544 0.823875 0.142857
  40 0.680001 -1.648562 0.398155 -0.799692 0.068028 -0.596544 0.829746 0.142857
  40 0.690002 -1.718562 0.378155 -0.583723 0.091668 -0.806761 0.823875 0.144814
knife_butterfly.bmp
  40 0.690002 -1.718562 0.378155 -0.583723 0.091668 -0.806761 0.823875 0.144814
  40 0.680001 -1.648562 0.398155 -0.799692 0.068028 -0.596544 0.829746 0.142857
  40 0.680002 -1.648562 0.388155 -0.583723 0.091668 -0.806761 0.829746 0.144814
knife_butterfly.bmp
  40 0.680001 -1.648562 0.398155 -0.799692 0.068028 -0.596544 0.829746 0.142857
  40 0.670001 -1.568561 0.408154 -0.799157 0.121602 -0.588695 0.837573 0.142857
  40 0.680002 -1.648562 0.388155 -0.583723 0.091668 -0.806761 0.829746 0.144814
knife_butterfly.bmp
  40 0.680002 -1.648562 0.388155 -0.583723 0.091668 -0.806761 0.829746 0.144814
  40 0.670001 -1.568561 0.408154 -0.799157 0.121602 -0.588695 0.837573 0.142857
  40 0.680001 -1.568562 0.398154 -0.581617 0.164249 -0.796708 0.837573 0.144814
knife_butterfly.bmp
  40 0.670001 -1.568561 0.408154 -0.799157 0.121602 -0.588695 0.837573 0.142857
  40 0.670001 -1.498562 0.398154 -0.799157 0.121602 -0.588695 0.845401 0.140900
  40 0.680001 -1.568562 0.398154 -0.581617 0.164249 -0.796708 0.837573 0.144814
knife_butterfly.bmp
  40 0.680001 -1.568562 0.398154 -0.581617 0.164249 -0.796708 0.837573 0.144814
  40 0.670001 -1.498562 0.398154 -0.799157 0.121602 -0.588695 0.845401 0.140900
  40 0.680002 -1.498562 0.388154 -0.581617 0.164249 -0.796708 0.845401 0.142857
knife_butterfly.bmp
  40 0.670001 -1.498562 0.398154 -0.799157 0.121602 -0.588695 0.845401 0.140900
  40 0.670001 -1.428561 0.438154 -0.798241 0.162649 -0.579962 0.853229 0.140900
  40 0.680002 -1.498562 0.388154 -0.581617 0.164249 -0.796708 0.845401 0.142857
knife_butterfly.bmp
  40 0.680002 -1.498562 0.388154 -0.581617 0.164249 -0.796708 0.845401 0.142857
  40 0.670001 -1.428561 0.438154 -0.798241 0.162649 -0.579962 0.853229 0.140900
  40 0.680001 -1.428561 0.428154 -0.581617 0.164249 -0.796708 0.853229 0.142857
knife_butterfly.bmp
  40 0.670001 -1.428561 0.438154 -0.798241 0.162649 -0.579962 0.853229 0.140900
  40 0.670001 -1.368561 0.448154 -0.798241 0.162649 -0.579962 0.859100 0.140900
  40 0.680001 -1.428561 0.428154 -0.581617 0.164249 -0.796708 0.853229 0.142857
knife_butterfly.bmp
  40 0.680001 -1.428561 0.428154 -0.581617 0.164249 -0.796708 0.853229 0.142857
  40 0.670001 -1.368561 0.448154 -0.798241 0.162649 -0.579962 0.859100 0.140900
  40 0.680001 -1.368561 0.438154 -0.580124 0.201213 -0.789284 0.859100 0.140900
knife_butterfly.bmp
  40 0.670001 -1.368561 0.448154 -0.798241 0.162649 -0.579962 0.859100 0.140900
  40 0.670001 -1.308561 0.468154 -0.798241 0.162649 -0.579962 0.864971 0.138943
  40 0.680001 -1.368561 0.438154 -0.580124 0.201213 -0.789284 0.859100 0.140900
knife_butterfly.bmp
  40 0.680001 -1.368561 0.438154 -0.580124 0.201213 -0.789284 0.859100 0.140900
  40 0.670001 -1.308561 0.468154 -0.798241 0.162649 -0.579962 0.864971 0.138943
  40 0.680001 -1.308561 0.458154 -0.578141 0.241498 -0.779379 0.864971 0.140900
knife_butterfly.bmp
  40 0.670001 -1.308561 0.468154 -0.798241 0.162649 -0.579962 0.864971 0.138943
  40 0.670001 -1.208561 0.468153 -0.798241 0.162649 -0.579962 0.874755 0.136986
  40 0.680001 -1.308561 0.458154 -0.578141 0.241498 -0.779379 0.864971 0.140900
knife_butterfly.bmp
  40 0.680001 -1.308561 0.458154 -0.578141 0.241498 -0.779379 0.864971 0.140900
  40 0.670001 -1.208561 0.468153 -0.798241 0.162649 -0.579962 0.874755 0.136986
  40 0.680001 -1.198561 0.468153 -0.578141 0.241498 -0.779379 0.874755 0.138943
knife_butterfly.bmp
  40 0.670001 -1.208561 0.468153 -0.798241 0.162649 -0.579962 0.874755 0.136986
  40 0.670001 -1.198561 0.468153 -0.782732 0.318416 -0.534735 0.878669 0.136986
  40 0.680001 -1.198561 0.468153 -0.578141 0.241498 -0.779379 0.874755 0.138943
knife_butterfly.bmp
  40 0.680001 -1.198561 0.468153 -0.578141 0.241498 -0.779379 0.874755 0.138943
  40 0.670001 -1.198561 0.468153 -0.782732 0.318416 -0.534735 0.878669 0.136986
  40 0.680001 -1.188561 0.468153 -0.584410 0.413964 -0.697924 0.878669 0.138943
knife_butterfly.bmp
  40 0.670001 -1.198561 0.468153 -0.782732 0.318416 -0.534735 0.878669 0.136986
  40 0.670001 -1.148561 0.478153 -0.764332 0.520081 -0.381199 0.880626 0.133072
  40 0.680001 -1.188561 0.468153 -0.584410 0.413964 -0.697924 0.878669 0.138943
knife_butterfly.bmp
  40 0.680001 -1.188561 0.468153 -0.584410 0.413964 -0.697924 0.878669 0.138943
  40 0.670001 -1.148561 0.478153 -0.764332 0.520081 -0.381199 0.880626 0.133072
  40 0.680001 -1.138561 0.468153 -0.555702 0.652576 -0.515111 0.882583 0.135029
knife_butterfly.bmp
  40 0.670001 -1.148561 0.478153 -0.764332 0.520081 -0.381199 0.880626 0.133072
  40 0.670001 -1.128561 0.518153 -0.741132 0.651241 -0.163122 0.882583 0.131115
  40 0.680001 -1.138561 0.468153 -0.555702 0.652576 -0.515111 0.882583 0.135029
knife_butterfly.bmp
  40 0.680001 -1.138561 0.468153 -0.555702 0.652576 -0.515111 0.882583 0.135029
  40 0.670001 -1.128561 0.518153 -0.741132 0.651241 -0.163122 0.882583 0.131115
  40 0.680001 -1.118561 0.508153 -0.523939 0.826834 -0.204530 0.884540 0.131115
knife_butterfly.bmp
  40 0.670001 -1.128561 0.518153 -0.741132 0.651241 -0.163122 0.882583 0.131115
  40 0.680001 -1.118561 0.548153 -0.503747 0.854595 0.126116 0.884540 0.127202
  40 0.680001 -1.118561 0.508153 -0.523939 0.826834 -0.204530 0.884540 0.131115
knife_butterfly.bmp
  39 1.098072 -1.699111 0.837267 0.302519 0.952736 0.027872 0.084149 0.037182
  39 1.098072 -1.699112 0.827267 0.302512 0.885754 0.352032 0.086106 0.037182
  39 1.068072 -1.689111 0.837267 0.302512 0.885754 0.352032 0.084149 0.033268
knife_butterfly.bmp
  39 1.068072 -1.689111 0.837267 0.302512 0.885754 0.352032 0.084149 0.033268
  39 1.098072 -1.699112 0.827267 0.302512 0.885754 0.352032 0.086106 0.037182
  39 1.068072 -1.679112 0.827267 0.302513 0.711934 0.633747 0.086106 0.033268
knife_butterfly.bmp
  39 1.098072 -1.699112 0.827267 0.302512 0.885754 0.352032 0.086106 0.037182
  39 1.098072 -1.689112 0.817267 0.302513 0.711934 0.633747 0.088063 0.037182
  39 1.068072 -1.679112 0.827267 0.302513 0.711934 0.633747 0.086106 0.033268
knife_butterfly.bmp
  39 1.068072 -1.679112 0.827267 0.302513 0.711934 0.633747 0.086106 0.033268
  39 1.098072 -1.689112 0.817267 0.302513 0.711934 0.633747 0.088063 0.037182
  39 1.068072 -1.679112 0.817267 0.302505 0.452212 0.839044 0.086106 0.033268
knife_butterfly.bmp
  39 1.098072 -1.689112 0.817267 0.302513 0.711934 0.633747 0.088063 0.037182
  39 1.098072 -1.689112 0.807267 0.302505 0.452212 0.839044 0.090020 0.035225
  39 1.068072 -1.679112 0.817267 0.302505 0.452212 0.839044 0.086106 0.033268
knife_butterfly.bmp
  39 1.068072 -1.679112 0.817267 0.302505 0.452212 0.839044 0.086106 0.033268
  39 1.098072 -1.689112 0.807267 0.302505 0.452212 0.839044 0.090020 0.035225
  39 1.068072 -1.669112 0.817267 0.302513 0.137970 0.943107 0.086106 0.031311
knife_butterfly.bmp
  39 1.098072 -1.689112 0.807267 0.302505 0.452212 0.839044 0.090020 0.035225
  39 1.098072 -1.669112 0.807267 0.302513 0.137970 0.943107 0.090020 0.033268
  39 1.068072 -1.669112 0.817267 0.302513 0.137970 0.943107 0.086106 0.031311
knife_butterfly.bmp
  39 1.068072 -1.669112 0.817267 0.302513 0.137970 0.943107 0.086106 0.031311
  39 1.098072 -1.669112 0.807267 0.302513 0.137970 0.943107 0.090020 0.033268
  39 1.068072 -1.659112 0.817267 0.302528 -0.192887 0.933419 0.086106 0.031311
knife_butterfly.bmp
  39 1.098072 -1.669112 0.807267 0.302513 0.137970 0.943107 0.090020 0.033268
  39 1.098072 -1.659112 0.807267 0.302528 -0.192887 0.933419 0.090020 0.029354
  39 1.068072 -1.659112 0.817267 0.302528 -0.192887 0.933419 0.086106 0.031311
knife_butterfly.bmp
  39 1.068072 -1.659112 0.817267 0.302528 -0.192887 0.933419 0.086106 0.031311
  39 1.098072 -1.659112 0.807267 0.302528 -0.192887 0.933419 0.090020 0.029354
  39 1.068072 -1.659112 0.817267 0.302524 -0.500499 0.811159 0.086106 0.029354
knife_butterfly.bmp
  39 1.098072 -1.659112 0.807267 0.302528 -0.192887 0.933419 0.090020 0.029354
  39 1.098072 -1.659112 0.807267 0.302524 -0.500499 0.811159 0.090020 0.027397
  39 1.068072 -1.659112 0.817267 0.302524 -0.500499 0.811159 0.086106 0.029354
knife_butterfly.bmp
  39 1.068072 -1.659112 0.817267 0.302524 -0.500499 0.811159 0.086106 0.029354
  39 1.098072 -1.659112 0.807267 0.302524 -0.500499 0.811159 0.090020 0.027397
  39 1.068072 -1.659112 0.827267 0.302511 -0.747768 0.591041 0.086106 0.029354
knife_butterfly.bmp
  39 1.098072 -1.659112 0.807267 0.302524 -0.500499 0.811159 0.090020 0.027397
  39 1.098072 -1.649112 0.817267 0.302511 -0.747768 0.591041 0.088063 0.025440
  39 1.068072 -1.659112 0.827267 0.302511 -0.747768 0.591041 0.086106 0.029354
knife_butterfly.bmp
  39 1.068072 -1.659112 0.827267 0.302511 -0.747768 0.591041 0.086106 0.029354
  39 1.098072 -1.649112 0.817267 0.302511 -0.747768 0.591041 0.088063 0.025440
  39 1.068072 -1.659111 0.837267 0.302508 -0.904811 0.299675 0.084149 0.029354
knife_butterfly.bmp
  39 1.098072 -1.649112 0.817267 0.302511 -0.747768 0.591041 0.088063 0.025440
  39 1.098072 -1.649112 0.827267 0.302508 -0.904811 0.299675 0.086106 0.025440
  39 1.068072 -1.659111 0.837267 0.302508 -0.904811 0.299675 0.084149 0.029354
knife_butterfly.bmp
  39 1.068072 -1.659111 0.837267 0.302508 -0.904811 0.299675 0.084149 0.029354
  39 1.098072 -1.649112 0.827267 0.302508 -0.904811 0.299675 0.086106 0.025440
  39 1.068072 -1.629111 0.847267 0.302522 -0.952736 -0.027831 0.084149 0.027397
knife_butterfly.bmp
  39 1.098072 -1.649112 0.827267 0.302508 -0.904811 0.299675 0.086106 0.025440
  39 1.098072 -1.619111 0.847267 0.302522 -0.952736 -0.027831 0.084149 0.023483
  39 1.068072 -1.629111 0.847267 0.302522 -0.952736 -0.027831 0.084149 0.027397
knife_butterfly.bmp
  39 1.068072 -1.629111 0.847267 0.302522 -0.952736 -0.027831 0.084149 0.027397
  39 1.098072 -1.619111 0.847267 0.302522 -0.952736 -0.027831 0.084149 0.023483
  39 1.068072 -1.639111 0.857267 0.302522 -0.885731 -0.352081 0.082192 0.029354
knife_butterfly.bmp
  39 1.098072 -1.619111 0.847267 0.302522 -0.952736 -0.027831 0.084149 0.023483
  39 1.098072 -1.629111 0.857267 0.302522 -0.885731 -0.352081 0.082192 0.025440
  39 1.068072 -1.639111 0.857267 0.302522 -0.885731 -0.352081 0.082192 0.029354
knife_butterfly.bmp
  39 1.068072 -1.639111 0.857267 0.302522 -0.885731 -0.352081 0.082192 0.029354
  39 1.098072 -1.629111 0.857267 0.302522 -0.885731 -0.352081 0.082192 0.025440
  39 1.068072 -1.639111 0.857267 0.302525 -0.711916 -0.633762 0.082192 0.029354
knife_butterfly.bmp
  39 1.098072 -1.629111 0.857267 0.302522 -0.885731 -0.352081 0.082192 0.025440
  39 1.098072 -1.629111 0.867267 0.302525 -0.711916 -0.633762 0.080235 0.025440
  39 1.068072 -1.639111 0.857267 0.302525 -0.711916 -0.633762 0.082192 0.029354
knife_butterfly.bmp
  39 1.068072 -1.639111 0.857267 0.302525 -0.711916 -0.633762 0.082192 0.029354
  39 1.098072 -1.629111 0.867267 0.302525 -0.711916 -0.633762 0.080235 0.025440
  39 1.058072 -1.649111 0.867267 0.302537 -0.452280 -0.838996 0.082192 0.029354
knife_butterfly.bmp
  39 1.098072 -1.629111 0.867267 0.302525 -0.711916 -0.633762 0.080235 0.025440
  39 1.088072 -1.639111 0.877267 0.302537 -0.452280 -0.838996 0.078278 0.027397
  39 1.058072 -1.649111 0.867267 0.302537 -0.452280 -0.838996 0.082192 0.029354
knife_butterfly.bmp
  39 1.058072 -1.649111 0.867267 0.302537 -0.452280 -0.838996 0.082192 0.029354
  39 1.088072 -1.639111 0.877267 0.302537 -0.452280 -0.838996 0.078278 0.027397
  39 1.058072 -1.659111 0.867267 0.302512 -0.137995 -0.943103 0.080235 0.031311
knife_butterfly.bmp
  39 1.088072 -1.639111 0.877267 0.302537 -0.452280 -0.838996 0.078278 0.027397
  39 1.088072 -1.659111 0.877267 0.302512 -0.137995 -0.943103 0.076321 0.029354
  39 1.058072 -1.659111 0.867267 0.302512 -0.137995 -0.943103 0.080235 0.031311
knife_butterfly.bmp
  39 1.058072 -1.659111 0.867267 0.302512 -0.137995 -0.943103 0.080235 0.031311
  39 1.088072 -1.659111 0.877267 0.302512 -0.137995 -0.943103 0.076321 0.029354
  39 1.058072 -1.669111 0.867267 0.302504 0.192887 -0.933427 0.080235 0.031311
knife_butterfly.bmp
  39 1.088072 -1.659111 0.877267 0.302512 -0.137995 -0.943103 0.076321 0.029354
  39 1.088072 -1.669111 0.877267 0.302504 0.192887 -0.933427 0.076321 0.033268
  39 1.058072 -1.669111 0.867267 0.302504 0.192887 -0.933427 0.080235 0.031311
knife_butterfly.bmp
  39 1.058072 -1.669111 0.867267 0.302504 0.192887 -0.933427 0.080235 0.031311
  39 1.088072 -1.669111 0.877267 0.302504 0.192887 -0.933427 0.076321 0.033268
  39 1.058072 -1.679111 0.867267 0.302504 0.500500 -0.811167 0.082192 0.033268
knife_butterfly.bmp
  39 1.088072 -1.669111 0.877267 0.302504 0.192887 -0.933427 0.076321 0.033268
  39 1.088072 -1.679111 0.877267 0.302504 0.500500 -0.811167 0.078278 0.035225
  39 1.058072 -1.679111 0.867267 0.302504 0.500500 -0.811167 0.082192 0.033268
knife_butterfly.bmp
  39 1.058072 -1.679111 0.867267 0.302504 0.500500 -0.811167 0.082192 0.033268
  39 1.088072 -1.679111 0.877267 0.302504 0.500500 -0.811167 0.078278 0.035225
  39 1.068072 -1.679111 0.857267 0.302511 0.747750 -0.591064 0.082192 0.033268
knife_butterfly.bmp
  39 1.088072 -1.679111 0.877267 0.302504 0.500500 -0.811167 0.078278 0.035225
  39 1.098072 -1.689111 0.867267 0.302511 0.747750 -0.591064 0.080235 0.037182
  39 1.068072 -1.679111 0.857267 0.302511 0.747750 -0.591064 0.082192 0.033268
knife_butterfly.bmp
  39 1.068072 -1.679111 0.857267 0.302511 0.747750 -0.591064 0.082192 0.033268
  39 1.098072 -1.689111 0.867267 0.302511 0.747750 -0.591064 0.080235 0.037182
  39 1.068072 -1.689111 0.847267 0.302516 0.904820 -0.299640 0.082192 0.033268
knife_butterfly.bmp
  39 1.098072 -1.689111 0.867267 0.302511 0.747750 -0.591064 0.080235 0.037182
  39 1.098072 -1.699111 0.857267 0.302516 0.904820 -0.299640 0.082192 0.037182
  39 1.068072 -1.689111 0.847267 0.302516 0.904820 -0.299640 0.082192 0.033268
knife_butterfly.bmp
  39 1.068072 -1.689111 0.847267 0.302516 0.904820 -0.299640 0.082192 0.033268
  39 1.098072 -1.699111 0.857267 0.302516 0.904820 -0.299640 0.082192 0.037182
  39 1.068072 -1.689111 0.837267 0.302519 0.952736 0.027872 0.084149 0.033268
knife_butterfly.bmp
  39 1.098072 -1.699111 0.857267 0.302516 0.904820 -0.299640 0.082192 0.037182
  39 1.098072 -1.699111 0.837267 0.302519 0.952736 0.027872 0.084149 0.037182
  39 1.068072 -1.689111 0.837267 0.302519 0.952736 0.027872 0.084149 0.033268
knife_butterfly.bmp
  39 1.068072 -1.689111 0.837267 0.302519 0.952736 0.027872 0.084149 0.033268
  39 1.098072 -1.699111 0.837267 0.302519 0.952736 0.027872 0.084149 0.037182
  39 1.068072 -1.689111 0.837267 0.302512 0.885754 0.352032 0.084149 0.033268
knife_butterfly.bmp
  39 1.098072 -1.719111 0.837267 0.897031 -0.441779 -0.012928 0.086106 0.050881
  39 1.098072 -1.729112 0.817267 0.897038 -0.410706 -0.163226 0.088063 0.050881
  39 1.098072 -1.699112 0.827267 1.000000 0.000000 0.000002 0.086106 0.048924
knife_butterfly.bmp
  39 1.098072 -1.699112 0.827267 1.000000 0.000000 0.000002 0.086106 0.048924
  39 1.098072 -1.729112 0.817267 0.897038 -0.410706 -0.163226 0.088063 0.050881
  39 1.098072 -1.689112 0.817267 1.000000 0.000000 0.000002 0.086106 0.046967
knife_butterfly.bmp
  39 1.098072 -1.729112 0.817267 0.897038 -0.410706 -0.163226 0.088063 0.050881
  39 1.098072 -1.719112 0.807267 0.897030 -0.330120 -0.293868 0.088063 0.048924
  39 1.098072 -1.689112 0.817267 1.000000 0.000000 0.000002 0.086106 0.046967
knife_butterfly.bmp
  39 1.098072 -1.689112 0.817267 1.000000 0.000000 0.000002 0.086106 0.046967
  39 1.098072 -1.719112 0.807267 0.897030 -0.330120 -0.293868 0.088063 0.048924
  39 1.098072 -1.689112 0.807267 1.000000 0.000000 0.000002 0.086106 0.046967
knife_butterfly.bmp
  39 1.098072 -1.719112 0.807267 0.897030 -0.330120 -0.293868 0.088063 0.048924
  39 1.098072 -1.709112 0.797267 0.897038 -0.209692 -0.389041 0.088063 0.045010
  39 1.098072 -1.689112 0.807267 1.000000 0.000000 0.000002 0.086106 0.046967
knife_butterfly.bmp
  39 1.098072 -1.689112 0.807267 1.000000 0.000000 0.000002 0.086106 0.046967
  39 1.098072 -1.709112 0.797267 0.897038 -0.209692 -0.389041 0.088063 0.045010
  39 1.098072 -1.669112 0.807267 1.000000 0.000000 0.000002 0.086106 0.045010
knife_butterfly.bmp
  39 1.098072 -1.709112 0.797267 0.897038 -0.209692 -0.389041 0.088063 0.045010
  39 1.098072 -1.689112 0.787267 0.897040 -0.063987 -0.437292 0.088063 0.043053
  39 1.098072 -1.669112 0.807267 1.000000 0.000000 0.000002 0.086106 0.045010
knife_butterfly.bmp
  39 1.098072 -1.669112 0.807267 1.000000 0.000000 0.000002 0.086106 0.045010
  39 1.098072 -1.689112 0.787267 0.897040 -0.063987 -0.437292 0.088063 0.043053
  39 1.098072 -1.659112 0.807267 1.000000 0.000000 0.000002 0.086106 0.043053
knife_butterfly.bmp
  39 1.098072 -1.689112 0.787267 0.897040 -0.063987 -0.437292 0.088063 0.043053
  39 1.098072 -1.669112 0.787267 0.897035 0.089435 -0.432816 0.086106 0.043053
  39 1.098072 -1.659112 0.807267 1.000000 0.000000 0.000002 0.086106 0.043053
knife_butterfly.bmp
  39 1.098072 -1.659112 0.807267 1.000000 0.000000 0.000002 0.086106 0.043053
  39 1.098072 -1.669112 0.787267 0.897035 0.089435 -0.432816 0.086106 0.043053
  39 1.098072 -1.659112 0.807267 1.000000 0.000000 0.000002 0.084149 0.043053
knife_butterfly.bmp
  39 1.098072 -1.669112 0.787267 0.897035 0.089435 -0.432816 0.086106 0.043053
  39 1.098072 -1.649112 0.797267 0.897032 0.232081 -0.376127 0.086106 0.041096
  39 1.098072 -1.659112 0.807267 1.000000 0.000000 0.000002 0.084149 0.043053
knife_butterfly.bmp
  39 1.098072 -1.659112 0.807267 1.000000 0.000000 0.000002 0.084149 0.043053
  39 1.098072 -1.649112 0.797267 0.897032 0.232081 -0.376127 0.086106 0.041096
  39 1.098072 -1.649112 0.817267 1.000000 0.000000 0.000002 0.084149 0.043053
knife_butterfly.bmp
  39 1.098072 -1.649112 0.797267 0.897032 0.232081 -0.376127 0.086106 0.041096
  39 1.098072 -1.639112 0.807267 0.897042 0.346707 -0.274061 0.082192 0.041096
  39 1.098072 -1.649112 0.817267 1.000000 0.000000 0.000002 0.084149 0.043053
knife_butterfly.bmp
  39 1.098072 -1.649112 0.817267 1.000000 0.000000 0.000002 0.084149 0.043053
  39 1.098072 -1.639112 0.807267 0.897042 0.346707 -0.274061 0.082192 0.041096
  39 1.098072 -1.649112 0.827267 1.000000 0.000000 0.000002 0.082192 0.043053
knife_butterfly.bmp
  39 1.098072 -1.639112 0.807267 0.897042 0.346707 -0.274061 0.082192 0.041096
  39 1.098072 -1.629112 0.827267 0.897033 0.419553 -0.138951 0.080235 0.041096
  39 1.098072 -1.649112 0.827267 1.000000 0.000000 0.000002 0.082192 0.043053
knife_butterfly.bmp
  39 1.098072 -1.649112 0.827267 1.000000 0.000000 0.000002 0.082192 0.043053
  39 1.098072 -1.629112 0.827267 0.897033 0.419553 -0.138951 0.080235 0.041096
  39 1.098072 -1.619111 0.847267 1.000000 0.000000 0.000002 0.080235 0.043053
knife_butterfly.bmp
  39 1.098072 -1.629112 0.827267 0.897033 0.419553 -0.138951 0.080235 0.041096
  39 1.098072 -1.599111 0.847267 0.897044 0.441752 0.012920 0.080235 0.043053
  39 1.098072 -1.619111 0.847267 1.000000 0.000000 0.000002 0.080235 0.043053
knife_butterfly.bmp
  39 1.098072 -1.619111 0.847267 1.000000 0.000000 0.000002 0.080235 0.043053
  39 1.098072 -1.599111 0.847267 0.897044 0.441752 0.012920 0.080235 0.043053
  39 1.098072 -1.629111 0.857267 1.000000 0.000000 0.000002 0.080235 0.045010
knife_butterfly.bmp
  39 1.098072 -1.599111 0.847267 0.897044 0.441752 0.012920 0.080235 0.043053
  39 1.098072 -1.609111 0.867267 0.897034 0.410709 0.163243 0.078278 0.043053
  39 1.098072 -1.629111 0.857267 1.000000 0.000000 0.000002 0.080235 0.045010
knife_butterfly.bmp
  39 1.098072 -1.629111 0.857267 1.000000 0.000000 0.000002 0.080235 0.045010
  39 1.098072 -1.609111 0.867267 0.897034 0.410709 0.163243 0.078278 0.043053
  39 1.098072 -1.629111 0.867267 1.000000 0.000000 0.000002 0.080235 0.046967
knife_butterfly.bmp
  39 1.098072 -1.609111 0.867267 0.897034 0.410709 0.163243 0.078278 0.043053
  39 1.088072 -1.619111 0.877267 0.897039 0.330105 0.293857 0.078278 0.045010
  39 1.098072 -1.629111 0.867267 1.000000 0.000000 0.000002 0.080235 0.046967
knife_butterfly.bmp
  39 1.098072 -1.629111 0.867267 1.000000 0.000000 0.000002 0.080235 0.046967
  39 1.088072 -1.619111 0.877267 0.897039 0.330105 0.293857 0.078278 0.045010
  39 1.088072 -1.639111 0.877267 1.000000 0.000000 0.000002 0.080235 0.046967
knife_butterfly.bmp
  39 1.088072 -1.619111 0.877267 0.897039 0.330105 0.293857 0.078278 0.045010
  39 1.078071 -1.629111 0.897267 0.897032 0.209694 0.389053 0.078278 0.048924
  39 1.088072 -1.639111 0.877267 1.000000 0.000000 0.000002 0.080235 0.046967
knife_butterfly.bmp
  39 1.088072 -1.639111 0.877267 1.000000 0.000000 0.000002 0.080235 0.046967
  39 1.078071 -1.629111 0.897267 0.897032 0.209694 0.389053 0.078278 0.048924
  39 1.088072 -1.659111 0.877267 1.000000 0.000000 0.000002 0.080235 0.048924
knife_butterfly.bmp
  39 1.078071 -1.629111 0.897267 0.897032 0.209694 0.389053 0.078278 0.048924
  39 1.078071 -1.649111 0.897267 0.897038 0.063990 0.437296 0.078278 0.050881
  39 1.088072 -1.659111 0.877267 1.000000 0.000000 0.000002 0.080235 0.048924
knife_butterfly.bmp
  39 1.088072 -1.659111 0.877267 1.000000 0.000000 0.000002 0.080235 0.048924
  39 1.078071 -1.649111 0.897267 0.897038 0.063990 0.437296 0.078278 0.050881
  39 1.088072 -1.669111 0.877267 1.000000 0.000000 0.000002 0.080235 0.050881
knife_butterfly.bmp
  39 1.078071 -1.649111 0.897267 0.897038 0.063990 0.437296 0.078278 0.050881
  39 1.078071 -1.669111 0.897267 0.897030 -0.089447 0.432823 0.080235 0.050881
  39 1.088072 -1.669111 0.877267 1.000000 0.000000 0.000002 0.080235 0.050881
knife_butterfly.bmp
  39 1.088072 -1.669111 0.877267 1.000000 0.000000 0.000002 0.080235 0.050881
  39 1.078071 -1.669111 0.897267 0.897030 -0.089447 0.432823 0.080235 0.050881
  39 1.088072 -1.679111 0.877267 1.000000 0.000000 0.000002 0.082192 0.050881
knife_butterfly.bmp
  39 1.078071 -1.669111 0.897267 0.897030 -0.089447 0.432823 0.080235 0.050881
  39 1.078072 -1.689111 0.887267 0.897030 -0.232087 0.376129 0.080235 0.052838
  39 1.088072 -1.679111 0.877267 1.000000 0.000000 0.000002 0.082192 0.050881
knife_butterfly.bmp
  39 1.088072 -1.679111 0.877267 1.000000 0.000000 0.000002 0.082192 0.050881
  39 1.078072 -1.689111 0.887267 0.897030 -0.232087 0.376129 0.080235 0.052838
  39 1.098072 -1.689111 0.867267 1.000000 0.000000 0.000002 0.084149 0.050881
knife_butterfly.bmp
  39 1.078072 -1.689111 0.887267 0.897030 -0.232087 0.376129 0.080235 0.052838
  39 1.088072 -1.709111 0.877267 0.897034 -0.346721 0.274071 0.084149 0.052838
  39 1.098072 -1.689111 0.867267 1.000000 0.000000 0.000002 0.084149 0.050881
knife_butterfly.bmp
  39 1.098072 -1.689111 0.867267 1.000000 0.000000 0.000002 0.084149 0.050881
  39 1.088072 -1.709111 0.877267 0.897034 -0.346721 0.274071 0.084149 0.052838
  39 1.098072 -1.699111 0.857267 1.000000 0.000000 0.000002 0.084149 0.050881
knife_butterfly.bmp
  39 1.088072 -1.709111 0.877267 0.897034 -0.346721 0.274071 0.084149 0.052838
  39 1.098072 -1.719111 0.857267 0.897036 -0.419546 0.138948 0.086106 0.052838
  39 1.098072 -1.699111 0.857267 1.000000 0.000000 0.000002 0.084149 0.050881
knife_butterfly.bmp
  39 1.098072 -1.699111 0.857267 1.000000 0.000000 0.000002 0.084149 0.050881
  39 1.098072 -1.719111 0.857267 0.897036 -0.419546 0.138948 0.086106 0.052838
  39 1.098072 -1.699111 0.837267 1.000000 0.000000 0.000002 0.086106 0.050881
knife_butterfly.bmp
  39 1.098072 -1.719111 0.857267 0.897036 -0.419546 0.138948 0.086106 0.052838
  39 1.098072 -1.719111 0.837267 0.897031 -0.441779 -0.012928 0.086106 0.050881
  39 1.098072 -1.699111 0.837267 1.000000 0.000000 0.000002 0.086106 0.050881
knife_butterfly.bmp
  39 1.098072 -1.699111 0.837267 1.000000 0.000000 0.000002 0.086106 0.050881
  39 1.098072 -1.719111 0.837267 0.897031 -0.441779 -0.012928 0.086106 0.050881
  39 1.098072 -1.699112 0.827267 1.000000 0.000000 0.000002 0.086106 0.048924
knife_butterfly.bmp
  39 1.078072 -1.729111 0.837267 0.670811 -0.741311 -0.021689 0.088063 0.052838
  39 1.078072 -1.749112 0.817267 0.670814 -0.689188 -0.273911 0.090020 0.050881
  39 1.098072 -1.729112 0.817267 0.897038 -0.410706 -0.163226 0.088063 0.050881
knife_butterfly.bmp
  39 1.098072 -1.729112 0.817267 0.897038 -0.410706 -0.163226 0.088063 0.050881
  39 1.078072 -1.749112 0.817267 0.670814 -0.689188 -0.273911 0.090020 0.050881
  39 1.098072 -1.719112 0.807267 0.897030 -0.330120 -0.293868 0.088063 0.048924
knife_butterfly.bmp
  39 1.078072 -1.749112 0.817267 0.670814 -0.689188 -0.273911 0.090020 0.050881
  39 1.078072 -1.729112 0.797267 0.670810 -0.553944 -0.493112 0.091977 0.048924
  39 1.098072 -1.719112 0.807267 0.897030 -0.330120 -0.293868 0.088063 0.048924
knife_butterfly.bmp
  39 1.098072 -1.719112 0.807267 0.897030 -0.330120 -0.293868 0.088063 0.048924
  39 1.078072 -1.729112 0.797267 0.670810 -0.553944 -0.493112 0.091977 0.048924
  39 1.098072 -1.709112 0.797267 0.897038 -0.209692 -0.389041 0.088063 0.045010
knife_butterfly.bmp
  39 1.078072 -1.729112 0.797267 0.670810 -0.553944 -0.493112 0.091977 0.048924
  39 1.078072 -1.709112 0.777267 0.670826 -0.351868 -0.652826 0.091977 0.045010
  39 1.098072 -1.709112 0.797267 0.897038 -0.209692 -0.389041 0.088063 0.045010
knife_butterfly.bmp
  39 1.098072 -1.709112 0.797267 0.897038 -0.209692 -0.389041 0.088063 0.045010
  39 1.078072 -1.709112 0.777267 0.670826 -0.351868 -0.652826 0.091977 0.045010
  39 1.098072 -1.689112 0.787267 0.897040 -0.063987 -0.437292 0.088063 0.043053
knife_butterfly.bmp
  39 1.078072 -1.709112 0.777267 0.670826 -0.351868 -0.652826 0.091977 0.045010
  39 1.078072 -1.689112 0.777267 0.670824 -0.107364 -0.733803 0.090020 0.043053
  39 1.098072 -1.689112 0.787267 0.897040 -0.063987 -0.437292 0.088063 0.043053
knife_butterfly.bmp
  39 1.098072 -1.689112 0.787267 0.897040 -0.063987 -0.437292 0.088063 0.043053
  39 1.078072 -1.689112 0.777267 0.670824 -0.107364 -0.733803 0.090020 0.043053
  39 1.098072 -1.669112 0.787267 0.897035 0.089435 -0.432816 0.086106 0.043053
knife_butterfly.bmp
  39 1.078072 -1.689112 0.777267 0.670824 -0.107364 -0.733803 0.090020 0.043053
  39 1.078072 -1.669112 0.777267 0.670808 0.150083 -0.726286 0.088063 0.041096
  39 1.098072 -1.669112 0.787267 0.897035 0.089435 -0.432816 0.086106 0.043053
knife_butterfly.bmp
  39 1.098072 -1.669112 0.787267 0.897035 0.089435 -0.432816 0.086106 0.043053
  39 1.078072 -1.669112 0.777267 0.670808 0.150083 -0.726286 0.088063 0.041096
  39 1.098072 -1.649112 0.797267 0.897032 0.232081 -0.376127 0.086106 0.041096
knife_butterfly.bmp
  39 1.078072 -1.669112 0.777267 0.670808 0.150083 -0.726286 0.088063 0.041096
  39 1.078072 -1.649112 0.787267 0.670820 0.389430 -0.631146 0.086106 0.039139
  39 1.098072 -1.649112 0.797267 0.897032 0.232081 -0.376127 0.086106 0.041096
knife_butterfly.bmp
  39 1.098072 -1.649112 0.797267 0.897032 0.232081 -0.376127 0.086106 0.041096
  39 1.078072 -1.649112 0.787267 0.670820 0.389430 -0.631146 0.086106 0.039139
  39 1.098072 -1.639112 0.807267 0.897042 0.346707 -0.274061 0.082192 0.041096
knife_butterfly.bmp
  39 1.078072 -1.649112 0.787267 0.670820 0.389430 -0.631146 0.086106 0.039139
  39 1.078072 -1.629112 0.797267 0.670827 0.581800 -0.459891 0.080235 0.037182
  39 1.098072 -1.639112 0.807267 0.897042 0.346707 -0.274061 0.082192 0.041096
knife_butterfly.bmp
  39 1.098072 -1.639112 0.807267 0.897042 0.346707 -0.274061 0.082192 0.041096
  39 1.078072 -1.629112 0.797267 0.670827 0.581800 -0.459891 0.080235 0.037182
  39 1.098072 -1.629112 0.827267 0.897033 0.419553 -0.138951 0.080235 0.041096
knife_butterfly.bmp
  39 1.078072 -1.629112 0.797267 0.670827 0.581800 -0.459891 0.080235 0.037182
  39 1.078072 -1.619112 0.817267 0.670825 0.704009 -0.233163 0.078278 0.039139
  39 1.098072 -1.629112 0.827267 0.897033 0.419553 -0.138951 0.080235 0.041096
knife_butterfly.bmp
  39 1.098072 -1.629112 0.827267 0.897033 0.419553 -0.138951 0.080235 0.041096
  39 1.078072 -1.619112 0.817267 0.670825 0.704009 -0.233163 0.078278 0.039139
  39 1.098072 -1.599111 0.847267 0.897044 0.441752 0.012920 0.080235 0.043053
knife_butterfly.bmp
  39 1.078072 -1.619112 0.817267 0.670825 0.704009 -0.233163 0.078278 0.039139
  39 1.078072 -1.589111 0.847266 0.670834 0.741291 0.021689 0.076321 0.041096
  39 1.098072 -1.599111 0.847267 0.897044 0.441752 0.012920 0.080235 0.043053
knife_butterfly.bmp
  39 1.098072 -1.599111 0.847267 0.897044 0.441752 0.012920 0.080235 0.043053
  39 1.078072 -1.589111 0.847266 0.670834 0.741291 0.021689 0.076321 0.041096
  39 1.098072 -1.609111 0.867267 0.897034 0.410709 0.163243 0.078278 0.043053
knife_butterfly.bmp
  39 1.078072 -1.589111 0.847266 0.670834 0.741291 0.021689 0.076321 0.041096
  39 1.078072 -1.599111 0.867266 0.670818 0.689178 0.273929 0.076321 0.043053
  39 1.098072 -1.609111 0.867267 0.897034 0.410709 0.163243 0.078278 0.043053
knife_butterfly.bmp
  39 1.098072 -1.609111 0.867267 0.897034 0.410709 0.163243 0.078278 0.043053
  39 1.078072 -1.599111 0.867266 0.670818 0.689178 0.273929 0.076321 0.043053
  39 1.088072 -1.619111 0.877267 0.897039 0.330105 0.293857 0.078278 0.045010
knife_butterfly.bmp
  39 1.078072 -1.599111 0.867266 0.670818 0.689178 0.273929 0.076321 0.043053
  39 1.058071 -1.609111 0.887266 0.670823 0.553929 0.493112 0.076321 0.045010
  39 1.088072 -1.619111 0.877267 0.897039 0.330105 0.293857 0.078278 0.045010
knife_butterfly.bmp
  39 1.088072 -1.619111 0.877267 0.897039 0.330105 0.293857 0.078278 0.045010
  39 1.058071 -1.609111 0.887266 0.670823 0.553929 0.493112 0.076321 0.045010
  39 1.078071 -1.629111 0.897267 0.897032 0.209694 0.389053 0.078278 0.048924
knife_butterfly.bmp
  39 1.058071 -1.609111 0.887266 0.670823 0.553929 0.493112 0.076321 0.045010
  39 1.058071 -1.629111 0.907267 0.670816 0.351879 0.652830 0.076321 0.048924
  39 1.078071 -1.629111 0.897267 0.897032 0.209694 0.389053 0.078278 0.048924
knife_butterfly.bmp
  39 1.078071 -1.629111 0.897267 0.897032 0.209694 0.389053 0.078278 0.048924
  39 1.058071 -1.629111 0.907267 0.670816 0.351879 0.652830 0.076321 0.048924
  39 1.078071 -1.649111 0.897267 0.897038 0.063990 0.437296 0.078278 0.050881
knife_butterfly.bmp
  39 1.058071 -1.629111 0.907267 0.670816 0.351879 0.652830 0.076321 0.048924
  39 1.058071 -1.649111 0.907267 0.670825 0.107381 0.733800 0.076321 0.050881
  39 1.078071 -1.649111 0.897267 0.897038 0.063990 0.437296 0.078278 0.050881
knife_butterfly.bmp
  39 1.078071 -1.649111 0.897267 0.897038 0.063990 0.437296 0.078278 0.050881
  39 1.058071 -1.649111 0.907267 0.670825 0.107381 0.733800 0.076321 0.050881
  39 1.078071 -1.669111 0.897267 0.897030 -0.089447 0.432823 0.080235 0.050881
knife_butterfly.bmp
  39 1.058071 -1.649111 0.907267 0.670825 0.107381 0.733800 0.076321 0.050881
  39 1.058071 -1.679111 0.907267 0.670804 -0.150099 0.726286 0.078278 0.052838
  39 1.078071 -1.669111 0.897267 0.897030 -0.089447 0.432823 0.080235 0.050881
knife_butterfly.bmp
  39 1.078071 -1.669111 0.897267 0.897030 -0.089447 0.432823 0.080235 0.050881
  39 1.058071 -1.679111 0.907267 0.670804 -0.150099 0.726286 0.078278 0.052838
  39 1.078072 -1.689111 0.887267 0.897030 -0.232087 0.376129 0.080235 0.052838
knife_butterfly.bmp
  39 1.058071 -1.679111 0.907267 0.670804 -0.150099 0.726286 0.078278 0.052838
  39 1.058071 -1.699111 0.897267 0.670802 -0.389435 0.631161 0.080235 0.054795
  39 1.078072 -1.689111 0.887267 0.897030 -0.232087 0.376129 0.080235 0.052838
knife_butterfly.bmp
  39 1.078072 -1.689111 0.887267 0.897030 -0.232087 0.376129 0.080235 0.052838
  39 1.058071 -1.699111 0.897267 0.670802 -0.389435 0.631161 0.080235 0.054795
  39 1.088072 -1.709111 0.877267 0.897034 -0.346721 0.274071 0.084149 0.052838
knife_butterfly.bmp
  39 1.058071 -1.699111 0.897267 0.670802 -0.389435 0.631161 0.080235 0.054795
  39 1.058071 -1.719111 0.887267 0.670824 -0.581802 0.459893 0.084149 0.054795
  39 1.088072 -1.709111 0.877267 0.897034 -0.346721 0.274071 0.084149 0.052838
knife_butterfly.bmp
  39 1.088072 -1.709111 0.877267 0.897034 -0.346721 0.274071 0.084149 0.052838
  39 1.058071 -1.719111 0.887267 0.670824 -0.581802 0.459893 0.084149 0.054795
  39 1.098072 -1.719111 0.857267 0.897036 -0.419546 0.138948 0.086106 0.052838
knife_butterfly.bmp
  39 1.058071 -1.719111 0.887267 0.670824 -0.581802 0.459893 0.084149 0.054795
  39 1.078072 -1.729111 0.867267 0.670815 -0.704020 0.233159 0.086106 0.054795
  39 1.098072 -1.719111 0.857267 0.897036 -0.419546 0.138948 0.086106 0.052838
knife_butterfly.bmp
  39 1.098072 -1.719111 0.857267 0.897036 -0.419546 0.138948 0.086106 0.052838
  39 1.078072 -1.729111 0.867267 0.670815 -0.704020 0.233159 0.086106 0.054795
  39 1.098072 -1.719111 0.837267 0.897031 -0.441779 -0.012928 0.086106 0.050881
knife_butterfly.bmp
  39 1.078072 -1.729111 0.867267 0.670815 -0.704020 0.233159 0.086106 0.054795
  39 1.078072 -1.729111 0.837267 0.670811 -0.741311 -0.021689 0.088063 0.052838
  39 1.098072 -1.719111 0.837267 0.897031 -0.441779 -0.012928 0.086106 0.050881
knife_butterfly.bmp
  39 1.098072 -1.719111 0.837267 0.897031 -0.441779 -0.012928 0.086106 0.050881
  39 1.078072 -1.729111 0.837267 0.670811 -0.741311 -0.021689 0.088063 0.052838
  39 1.098072 -1.729112 0.817267 0.897038 -0.410706 -0.163226 0.088063 0.050881
knife_butterfly.bmp
  39 1.058071 -1.649111 0.907267 -0.000001 0.144783 0.989463 0.076321 0.050881
  39 1.058071 -1.629111 0.907267 -0.000002 0.474476 0.880269 0.076321 0.048924
  39 0.968071 -1.649111 0.907266 -0.000001 0.144783 0.989463 0.060665 0.050881
knife_butterfly.bmp
  39 0.968071 -1.649111 0.907266 -0.000001 0.144783 0.989463 0.060665 0.050881
  39 1.058071 -1.629111 0.907267 -0.000002 0.474476 0.880269 0.076321 0.048924
  39 0.968071 -1.629111 0.907266 -0.000002 0.474476 0.880269 0.060665 0.048924
knife_butterfly.bmp
  39 1.058071 -1.629111 0.907267 -0.000002 0.474476 0.880269 0.076321 0.048924
  39 1.058071 -1.609111 0.887266 -0.000002 0.746920 0.664914 0.076321 0.045010
  39 0.968071 -1.629111 0.907266 -0.000002 0.474476 0.880269 0.060665 0.048924
knife_butterfly.bmp
  39 0.968071 -1.629111 0.907266 -0.000002 0.474476 0.880269 0.060665 0.048924
  39 1.058071 -1.609111 0.887266 -0.000002 0.746920 0.664914 0.076321 0.045010
  39 0.978072 -1.609111 0.887266 -0.000002 0.746920 0.664914 0.060665 0.045010
knife_butterfly.bmp
  39 1.058071 -1.609111 0.887266 -0.000002 0.746920 0.664914 0.076321 0.045010
  39 1.078072 -1.599111 0.867266 -0.000001 0.929286 0.369360 0.076321 0.043053
  39 0.978072 -1.609111 0.887266 -0.000002 0.746920 0.664914 0.060665 0.045010
knife_butterfly.bmp
  39 0.978072 -1.609111 0.887266 -0.000002 0.746920 0.664914 0.060665 0.045010
  39 1.078072 -1.599111 0.867266 -0.000001 0.929286 0.369360 0.076321 0.043053
  39 0.978072 -1.599111 0.857266 -0.000001 0.929286 0.369360 0.060665 0.043053
knife_butterfly.bmp
  39 1.078072 -1.599111 0.867266 -0.000001 0.929286 0.369360 0.076321 0.043053
  39 1.078072 -1.589111 0.847266 0.000000 0.999572 0.029248 0.076321 0.041096
  39 0.978072 -1.599111 0.857266 -0.000001 0.929286 0.369360 0.060665 0.043053
knife_butterfly.bmp
  39 0.978072 -1.599111 0.857266 -0.000001 0.929286 0.369360 0.060665 0.043053
  39 1.078072 -1.589111 0.847266 0.000000 0.999572 0.029248 0.076321 0.041096
  39 0.978072 -1.589111 0.847266 0.000000 0.999572 0.029248 0.060665 0.041096
knife_butterfly.bmp
  39 1.078072 -1.589111 0.847266 0.000000 0.999572 0.029248 0.076321 0.041096
  39 1.078072 -1.619112 0.817267 0.000001 0.949290 -0.314401 0.078278 0.039139
  39 0.978072 -1.589111 0.847266 0.000000 0.999572 0.029248 0.060665 0.041096
knife_butterfly.bmp
  39 0.978072 -1.589111 0.847266 0.000000 0.999572 0.029248 0.060665 0.041096
  39 1.078072 -1.619112 0.817267 0.000001 0.949290 -0.314401 0.078278 0.039139
  39 0.978072 -1.619112 0.817266 0.000001 0.949290 -0.314401 0.060665 0.037182
knife_butterfly.bmp
  39 1.078072 -1.619112 0.817267 0.000001 0.949290 -0.314401 0.078278 0.039139
  39 1.078072 -1.629112 0.797267 0.000001 0.784547 -0.620070 0.080235 0.037182
  39 0.978072 -1.619112 0.817266 0.000001 0.949290 -0.314401 0.060665 0.037182
knife_butterfly.bmp
  39 0.978072 -1.619112 0.817266 0.000001 0.949290 -0.314401 0.060665 0.037182
  39 1.078072 -1.629112 0.797267 0.000001 0.784547 -0.620070 0.080235 0.037182
  39 0.978072 -1.629112 0.797266 0.000001 0.784547 -0.620070 0.060665 0.035225
knife_butterfly.bmp
  39 1.078072 -1.629112 0.797267 0.000001 0.784547 -0.620070 0.080235 0.037182
  39 1.078072 -1.649112 0.787267 0.000002 0.525101 -0.851040 0.076321 0.033268
  39 0.978072 -1.629112 0.797266 0.000001 0.784547 -0.620070 0.060665 0.035225
knife_butterfly.bmp
  39 0.978072 -1.629112 0.797266 0.000001 0.784547 -0.620070 0.060665 0.035225
  39 1.078072 -1.649112 0.787267 0.000002 0.525101 -0.851040 0.076321 0.033268
  39 0.978072 -1.649112 0.787266 0.000002 0.525101 -0.851040 0.060665 0.033268
knife_butterfly.bmp
  39 1.078072 -1.649112 0.787267 0.000002 0.525101 -0.851040 0.076321 0.033268
  39 1.078072 -1.669112 0.777267 0.000002 0.202366 -0.979310 0.076321 0.029354
  39 0.978072 -1.649112 0.787266 0.000002 0.525101 -0.851040 0.060665 0.033268
knife_butterfly.bmp
  39 0.978072 -1.649112 0.787266 0.000002 0.525101 -0.851040 0.060665 0.033268
  39 1.078072 -1.669112 0.777267 0.000002 0.202366 -0.979310 0.076321 0.029354
  39 0.978072 -1.669112 0.777266 0.000002 0.202366 -0.979310 0.060665 0.029354
knife_butterfly.bmp
  39 1.078072 -1.669112 0.777267 0.000002 0.202366 -0.979310 0.076321 0.029354
  39 1.078072 -1.689112 0.777267 0.000002 -0.144763 -0.989466 0.076321 0.027397
  39 0.978072 -1.669112 0.777266 0.000002 0.202366 -0.979310 0.060665 0.029354
knife_butterfly.bmp
  39 0.978072 -1.669112 0.777266 0.000002 0.202366 -0.979310 0.060665 0.029354
  39 1.078072 -1.689112 0.777267 0.000002 -0.144763 -0.989466 0.076321 0.027397
  39 0.978072 -1.689112 0.777266 0.000002 -0.144763 -0.989466 0.060665 0.027397
knife_butterfly.bmp
  39 1.078072 -1.689112 0.777267 0.000002 -0.144763 -0.989466 0.076321 0.027397
  39 1.078072 -1.709112 0.777267 0.000005 -0.474465 -0.880274 0.076321 0.025440
  39 0.978072 -1.689112 0.777266 0.000002 -0.144763 -0.989466 0.060665 0.027397
knife_butterfly.bmp
  39 0.978072 -1.689112 0.777266 0.000002 -0.144763 -0.989466 0.060665 0.027397
  39 1.078072 -1.709112 0.777267 0.000005 -0.474465 -0.880274 0.076321 0.025440
  39 0.978072 -1.709112 0.777267 0.000005 -0.474465 -0.880274 0.060665 0.025440
knife_butterfly.bmp
  39 1.078072 -1.709112 0.777267 0.000005 -0.474465 -0.880274 0.076321 0.025440
  39 1.078072 -1.729112 0.797267 0.000004 -0.746931 -0.664901 0.076321 0.021526
  39 0.978072 -1.709112 0.777267 0.000005 -0.474465 -0.880274 0.060665 0.025440
knife_butterfly.bmp
  39 0.978072 -1.709112 0.777267 0.000005 -0.474465 -0.880274 0.060665 0.025440
  39 1.078072 -1.729112 0.797267 0.000004 -0.746931 -0.664901 0.076321 0.021526
  39 0.978072 -1.729112 0.797267 0.000004 -0.746931 -0.664901 0.060665 0.021526
knife_butterfly.bmp
  39 1.078072 -1.729112 0.797267 0.000004 -0.746931 -0.664901 0.076321 0.021526
  39 1.078072 -1.749112 0.817267 0.000001 -0.929293 -0.369344 0.076321 0.019569
  39 0.978072 -1.729112 0.797267 0.000004 -0.746931 -0.664901 0.060665 0.021526
knife_butterfly.bmp
  39 0.978072 -1.729112 0.797267 0.000004 -0.746931 -0.664901 0.060665 0.021526
  39 1.078072 -1.749112 0.817267 0.000001 -0.929293 -0.369344 0.076321 0.019569
  39 0.978072 -1.749112 0.817267 0.000001 -0.929293 -0.369344 0.060665 0.019569
knife_butterfly.bmp
  39 1.078072 -1.749112 0.817267 0.000001 -0.929293 -0.369344 0.076321 0.019569
  39 1.078072 -1.729111 0.837267 0.000000 -0.999572 -0.029245 0.076321 0.017613
  39 0.978072 -1.749112 0.817267 0.000001 -0.929293 -0.369344 0.060665 0.019569
knife_butterfly.bmp
  39 0.978072 -1.749112 0.817267 0.000001 -0.929293 -0.369344 0.060665 0.019569
  39 1.078072 -1.729111 0.837267 0.000000 -0.999572 -0.029245 0.076321 0.017613
  39 0.978072 -1.729111 0.837267 0.000000 -0.999572 -0.029245 0.060665 0.017613
knife_butterfly.bmp
  39 1.078072 -1.729111 0.837267 0.000000 -0.999572 -0.029245 0.076321 0.017613
  39 1.078072 -1.729111 0.867267 -0.000001 -0.949296 0.314384 0.076321 0.013699
  39 0.978072 -1.729111 0.837267 0.000000 -0.999572 -0.029245 0.060665 0.017613
knife_butterfly.bmp
  39 0.978072 -1.729111 0.837267 0.000000 -0.999572 -0.029245 0.060665 0.017613
  39 1.078072 -1.729111 0.867267 -0.000001 -0.949296 0.314384 0.076321 0.013699
  39 0.978072 -1.729111 0.867267 -0.000001 -0.949296 0.314384 0.060665 0.013699
knife_butterfly.bmp
  39 1.078072 -1.729111 0.867267 -0.000001 -0.949296 0.314384 0.076321 0.013699
  39 1.058071 -1.719111 0.887267 -0.000001 -0.784506 0.620121 0.076321 0.011742
  39 0.978072 -1.729111 0.867267 -0.000001 -0.949296 0.314384 0.060665 0.013699
knife_butterfly.bmp
  39 0.978072 -1.729111 0.867267 -0.000001 -0.949296 0.314384 0.060665 0.013699
  39 1.058071 -1.719111 0.887267 -0.000001 -0.784506 0.620121 0.076321 0.011742
  39 0.978072 -1.719111 0.887267 -0.000001 -0.784506 0.620121 0.060665 0.011742
knife_butterfly.bmp
  39 1.058071 -1.719111 0.887267 -0.000001 -0.784506 0.620121 0.076321 0.011742
  39 1.058071 -1.699111 0.897267 -0.000007 -0.525101 0.851040 0.076321 0.009785
  39 0.978072 -1.719111 0.887267 -0.000001 -0.784506 0.620121 0.060665 0.011742
knife_butterfly.bmp
  39 0.978072 -1.719111 0.887267 -0.000001 -0.784506 0.620121 0.060665 0.011742
  39 1.058071 -1.699111 0.897267 -0.000007 -0.525101 0.851040 0.076321 0.009785
  39 0.978071 -1.699111 0.897267 -0.000007 -0.525101 0.851040 0.060665 0.009785
knife_butterfly.bmp
  39 1.058071 -1.699111 0.897267 -0.000007 -0.525101 0.851040 0.076321 0.009785
  39 1.058071 -1.679111 0.907267 -0.000006 -0.202389 0.979305 0.076321 0.005871
  39 0.978071 -1.699111 0.897267 -0.000007 -0.525101 0.851040 0.060665 0.009785
knife_butterfly.bmp
  39 0.978071 -1.699111 0.897267 -0.000007 -0.525101 0.851040 0.060665 0.009785
  39 1.058071 -1.679111 0.907267 -0.000006 -0.202389 0.979305 0.076321 0.005871
  39 0.968071 -1.679111 0.907266 -0.000006 -0.202389 0.979305 0.060665 0.005871
knife_butterfly.bmp
  39 1.058071 -1.679111 0.907267 -0.000006 -0.202389 0.979305 0.076321 0.005871
  39 1.058071 -1.649111 0.907267 -0.000001 0.144783 0.989463 0.076321 0.003914
  39 0.968071 -1.679111 0.907266 -0.000006 -0.202389 0.979305 0.060665 0.005871
knife_butterfly.bmp
  39 0.968071 -1.679111 0.907266 -0.000006 -0.202389 0.979305 0.060665 0.005871
  39 1.058071 -1.649111 0.907267 -0.000001 0.144783 0.989463 0.076321 0.003914
  39 0.968071 -1.649111 0.907266 -0.000001 0.144783 0.989463 0.060665 0.003914
knife_butterfly.bmp
  39 0.878072 -1.689111 0.837266 -0.302519 0.952736 0.027871 0.084149 0.033268
  39 0.878072 -1.689111 0.837266 -0.302516 0.885756 0.352022 0.084149 0.033268
  39 0.848072 -1.699112 0.817266 -0.302519 0.952736 0.027871 0.084149 0.037182
knife_butterfly.bmp
  39 0.848072 -1.699112 0.817266 -0.302519 0.952736 0.027871 0.084149 0.037182
  39 0.878072 -1.689111 0.837266 -0.302516 0.885756 0.352022 0.084149 0.033268
  39 0.848072 -1.699112 0.807266 -0.302516 0.885756 0.352022 0.086106 0.037182
knife_butterfly.bmp
  39 0.878072 -1.689111 0.837266 -0.302516 0.885756 0.352022 0.084149 0.033268
  39 0.878072 -1.679112 0.807266 -0.302513 0.711932 0.633750 0.086106 0.033268
  39 0.848072 -1.699112 0.807266 -0.302516 0.885756 0.352022 0.086106 0.037182
knife_butterfly.bmp
  39 0.848072 -1.699112 0.807266 -0.302516 0.885756 0.352022 0.086106 0.037182
  39 0.878072 -1.679112 0.807266 -0.302513 0.711932 0.633750 0.086106 0.033268
  39 0.848072 -1.689112 0.797266 -0.302513 0.711932 0.633750 0.088063 0.037182
knife_butterfly.bmp
  39 0.878072 -1.679112 0.807266 -0.302513 0.711932 0.633750 0.086106 0.033268
  39 0.878072 -1.679112 0.797266 -0.302517 0.452239 0.839025 0.086106 0.033268
  39 0.848072 -1.689112 0.797266 -0.302513 0.711932 0.633750 0.088063 0.037182
knife_butterfly.bmp
  39 0.848072 -1.689112 0.797266 -0.302513 0.711932 0.633750 0.088063 0.037182
  39 0.878072 -1.679112 0.797266 -0.302517 0.452239 0.839025 0.086106 0.033268
  39 0.848072 -1.699112 0.787266 -0.302517 0.452239 0.839025 0.090020 0.035225
knife_butterfly.bmp
  39 0.878072 -1.679112 0.797266 -0.302517 0.452239 0.839025 0.086106 0.033268
  39 0.878072 -1.669112 0.797266 -0.302533 0.138016 0.943094 0.086106 0.031311
  39 0.848072 -1.699112 0.787266 -0.302517 0.452239 0.839025 0.090020 0.035225
knife_butterfly.bmp
  39 0.848072 -1.699112 0.787266 -0.302517 0.452239 0.839025 0.090020 0.035225
  39 0.878072 -1.669112 0.797266 -0.302533 0.138016 0.943094 0.086106 0.031311
  39 0.848072 -1.669112 0.787266 -0.302533 0.138016 0.943094 0.090020 0.033268
knife_butterfly.bmp
  39 0.878072 -1.669112 0.797266 -0.302533 0.138016 0.943094 0.086106 0.031311
  39 0.878072 -1.659112 0.797266 -0.302533 -0.192885 0.933418 0.086106 0.031311
  39 0.848072 -1.669112 0.787266 -0.302533 0.138016 0.943094 0.090020 0.033268
knife_butterfly.bmp
  39 0.848072 -1.669112 0.787266 -0.302533 0.138016 0.943094 0.090020 0.033268
  39 0.878072 -1.659112 0.797266 -0.302533 -0.192885 0.933418 0.086106 0.031311
  39 0.848072 -1.659112 0.787266 -0.302533 -0.192885 0.933418 0.090020 0.029354
knife_butterfly.bmp
  39 0.878072 -1.659112 0.797266 -0.302533 -0.192885 0.933418 0.086106 0.031311
  39 0.878072 -1.659112 0.797266 -0.302519 -0.500519 0.811149 0.086106 0.029354
  39 0.848072 -1.659112 0.787266 -0.302533 -0.192885 0.933418 0.090020 0.029354
knife_butterfly.bmp
  39 0.848072 -1.659112 0.787266 -0.302533 -0.192885 0.933418 0.090020 0.029354
  39 0.878072 -1.659112 0.797266 -0.302519 -0.500519 0.811149 0.086106 0.029354
  39 0.848072 -1.659112 0.787266 -0.302519 -0.500519 0.811149 0.090020 0.027397
knife_butterfly.bmp
  39 0.878072 -1.659112 0.797266 -0.302519 -0.500519 0.811149 0.086106 0.029354
  39 0.878072 -1.659112 0.807266 -0.302514 -0.747761 0.591048 0.086106 0.029354
  39 0.848072 -1.659112 0.787266 -0.302519 -0.500519 0.811149 0.090020 0.027397
knife_butterfly.bmp
  39 0.848072 -1.659112 0.787266 -0.302519 -0.500519 0.811149 0.090020 0.027397
  39 0.878072 -1.659112 0.807266 -0.302514 -0.747761 0.591048 0.086106 0.029354
  39 0.848072 -1.649112 0.797266 -0.302514 -0.747761 0.591048 0.088063 0.025440
knife_butterfly.bmp
  39 0.878072 -1.659112 0.807266 -0.302514 -0.747761 0.591048 0.086106 0.029354
  39 0.878072 -1.659112 0.817266 -0.302516 -0.904804 0.299688 0.084149 0.029354
  39 0.848072 -1.649112 0.797266 -0.302514 -0.747761 0.591048 0.088063 0.025440
knife_butterfly.bmp
  39 0.848072 -1.649112 0.797266 -0.302514 -0.747761 0.591048 0.088063 0.025440
  39 0.878072 -1.659112 0.817266 -0.302516 -0.904804 0.299688 0.084149 0.029354
  39 0.848072 -1.649112 0.807266 -0.302516 -0.904804 0.299688 0.086106 0.025440
knife_butterfly.bmp
  39 0.878072 -1.659112 0.817266 -0.302516 -0.904804 0.299688 0.084149 0.029354
  39 0.878072 -1.629112 0.827266 -0.302521 -0.952736 -0.027842 0.084149 0.027397
  39 0.848072 -1.649112 0.807266 -0.302516 -0.904804 0.299688 0.086106 0.025440
knife_butterfly.bmp
  39 0.848072 -1.649112 0.807266 -0.302516 -0.904804 0.299688 0.086106 0.025440
  39 0.878072 -1.629112 0.827266 -0.302521 -0.952736 -0.027842 0.084149 0.027397
  39 0.848072 -1.619112 0.827266 -0.302521 -0.952736 -0.027842 0.084149 0.023483
knife_butterfly.bmp
  39 0.878072 -1.629112 0.827266 -0.302521 -0.952736 -0.027842 0.084149 0.027397
  39 0.878072 -1.639112 0.837266 -0.302524 -0.885736 -0.352066 0.082192 0.029354
  39 0.848072 -1.619112 0.827266 -0.302521 -0.952736 -0.027842 0.084149 0.023483
knife_butterfly.bmp
  39 0.848072 -1.619112 0.827266 -0.302521 -0.952736 -0.027842 0.084149 0.023483
  39 0.878072 -1.639112 0.837266 -0.302524 -0.885736 -0.352066 0.082192 0.029354
  39 0.848072 -1.629111 0.837266 -0.302524 -0.885736 -0.352066 0.082192 0.025440
knife_butterfly.bmp
  39 0.878072 -1.639112 0.837266 -0.302524 -0.885736 -0.352066 0.082192 0.029354
  39 0.878072 -1.639112 0.837266 -0.302529 -0.711920 -0.633755 0.082192 0.029354
  39 0.848072 -1.629111 0.837266 -0.302524 -0.885736 -0.352066 0.082192 0.025440
knife_butterfly.bmp
  39 0.848072 -1.629111 0.837266 -0.302524 -0.885736 -0.352066 0.082192 0.025440
  39 0.878072 -1.639112 0.837266 -0.302529 -0.711920 -0.633755 0.082192 0.029354
  39 0.848072 -1.629111 0.847266 -0.302529 -0.711920 -0.633755 0.080235 0.025440
knife_butterfly.bmp
  39 0.878072 -1.639112 0.837266 -0.302529 -0.711920 -0.633755 0.082192 0.029354
  39 0.878072 -1.649111 0.847266 -0.302515 -0.452231 -0.839030 0.082192 0.029354
  39 0.848072 -1.629111 0.847266 -0.302529 -0.711920 -0.633755 0.080235 0.025440
knife_butterfly.bmp
  39 0.848072 -1.629111 0.847266 -0.302529 -0.711920 -0.633755 0.080235 0.025440
  39 0.878072 -1.649111 0.847266 -0.302515 -0.452231 -0.839030 0.082192 0.029354
  39 0.848072 -1.639111 0.857266 -0.302515 -0.452231 -0.839030 0.078278 0.027397
knife_butterfly.bmp
  39 0.878072 -1.649111 0.847266 -0.302515 -0.452231 -0.839030 0.082192 0.029354
  39 0.878072 -1.659111 0.847266 -0.302497 -0.137970 -0.943112 0.080235 0.031311
  39 0.848072 -1.639111 0.857266 -0.302515 -0.452231 -0.839030 0.078278 0.027397
knife_butterfly.bmp
  39 0.848072 -1.639111 0.857266 -0.302515 -0.452231 -0.839030 0.078278 0.027397
  39 0.878072 -1.659111 0.847266 -0.302497 -0.137970 -0.943112 0.080235 0.031311
  39 0.848072 -1.659111 0.857266 -0.302497 -0.137970 -0.943112 0.076321 0.029354
knife_butterfly.bmp
  39 0.878072 -1.659111 0.847266 -0.302497 -0.137970 -0.943112 0.080235 0.031311
  39 0.878072 -1.669111 0.847266 -0.302502 0.192887 -0.933428 0.080235 0.031311
  39 0.848072 -1.659111 0.857266 -0.302497 -0.137970 -0.943112 0.076321 0.029354
knife_butterfly.bmp
  39 0.848072 -1.659111 0.857266 -0.302497 -0.137970 -0.943112 0.076321 0.029354
  39 0.878072 -1.669111 0.847266 -0.302502 0.192887 -0.933428 0.080235 0.031311
  39 0.848072 -1.669111 0.857266 -0.302502 0.192887 -0.933428 0.076321 0.033268
knife_butterfly.bmp
  39 0.878072 -1.669111 0.847266 -0.302502 0.192887 -0.933428 0.080235 0.031311
  39 0.878072 -1.679111 0.847266 -0.302498 0.500505 -0.811165 0.082192 0.033268
  39 0.848072 -1.669111 0.857266 -0.302502 0.192887 -0.933428 0.076321 0.033268
knife_butterfly.bmp
  39 0.848072 -1.669111 0.857266 -0.302502 0.192887 -0.933428 0.076321 0.033268
  39 0.878072 -1.679111 0.847266 -0.302498 0.500505 -0.811165 0.082192 0.033268
  39 0.848072 -1.679111 0.857266 -0.302498 0.500505 -0.811165 0.078278 0.035225
knife_butterfly.bmp
  39 0.878072 -1.679111 0.847266 -0.302498 0.500505 -0.811165 0.082192 0.033268
  39 0.878072 -1.679111 0.847266 -0.302513 0.747748 -0.591065 0.082192 0.033268
  39 0.848072 -1.679111 0.857266 -0.302498 0.500505 -0.811165 0.078278 0.035225
knife_butterfly.bmp
  39 0.848072 -1.679111 0.857266 -0.302498 0.500505 -0.811165 0.078278 0.035225
  39 0.878072 -1.679111 0.847266 -0.302513 0.747748 -0.591065 0.082192 0.033268
  39 0.848072 -1.689111 0.847266 -0.302513 0.747748 -0.591065 0.080235 0.037182
knife_butterfly.bmp
  39 0.878072 -1.679111 0.847266 -0.302513 0.747748 -0.591065 0.082192 0.033268
  39 0.878072 -1.689111 0.847266 -0.302517 0.904816 -0.299653 0.082192 0.033268
  39 0.848072 -1.689111 0.847266 -0.302513 0.747748 -0.591065 0.080235 0.037182
knife_butterfly.bmp
  39 0.848072 -1.689111 0.847266 -0.302513 0.747748 -0.591065 0.080235 0.037182
  39 0.878072 -1.689111 0.847266 -0.302517 0.904816 -0.299653 0.082192 0.033268
  39 0.848072 -1.699111 0.837266 -0.302517 0.904816 -0.299653 0.082192 0.037182
knife_butterfly.bmp
  39 0.878072 -1.689111 0.847266 -0.302517 0.904816 -0.299653 0.082192 0.033268
  39 0.878072 -1.689111 0.837266 -0.302519 0.952736 0.027871 0.084149 0.033268
  39 0.848072 -1.699111 0.837266 -0.302517 0.904816 -0.299653 0.082192 0.037182
knife_butterfly.bmp
  39 0.848072 -1.699111 0.837266 -0.302517 0.904816 -0.299653 0.082192 0.037182
  39 0.878072 -1.689111 0.837266 -0.302519 0.952736 0.027871 0.084149 0.033268
  39 0.848072 -1.699112 0.817266 -0.302519 0.952736 0.027871 0.084149 0.037182
knife_butterfly.bmp
  39 0.858072 -1.599111 0.857266 -0.670819 0.689178 0.273926 0.076321 0.043053
  39 0.858072 -1.589111 0.847266 -0.670834 0.741291 0.021686 0.076321 0.041096
  39 0.848072 -1.609111 0.857266 -0.897035 0.410709 0.163239 0.078278 0.043053
knife_butterfly.bmp
  39 0.848072 -1.609111 0.857266 -0.897035 0.410709 0.163239 0.078278 0.043053
  39 0.858072 -1.589111 0.847266 -0.670834 0.741291 0.021686 0.076321 0.041096
  39 0.848072 -1.599111 0.847266 -0.897044 0.441752 0.012916 0.080235 0.043053
knife_butterfly.bmp
  39 0.858072 -1.589111 0.847266 -0.670834 0.741291 0.021686 0.076321 0.041096
  39 0.858072 -1.619112 0.807266 -0.670824 0.704009 -0.233166 0.078278 0.039139
  39 0.848072 -1.599111 0.847266 -0.897044 0.441752 0.012916 0.080235 0.043053
knife_butterfly.bmp
  39 0.848072 -1.599111 0.847266 -0.897044 0.441752 0.012916 0.080235 0.043053
  39 0.858072 -1.619112 0.807266 -0.670824 0.704009 -0.233166 0.078278 0.039139
  39 0.848072 -1.629112 0.817266 -0.897032 0.419553 -0.138955 0.080235 0.041096
knife_butterfly.bmp
  39 0.858072 -1.619112 0.807266 -0.670824 0.704009 -0.233166 0.078278 0.039139
  39 0.858072 -1.629112 0.787266 -0.670825 0.581800 -0.459894 0.080235 0.037182
  39 0.848072 -1.629112 0.817266 -0.897032 0.419553 -0.138955 0.080235 0.041096
knife_butterfly.bmp
  39 0.848072 -1.629112 0.817266 -0.897032 0.419553 -0.138955 0.080235 0.041096
  39 0.858072 -1.629112 0.787266 -0.670825 0.581800 -0.459894 0.080235 0.037182
  39 0.848072 -1.639112 0.797266 -0.897041 0.346707 -0.274064 0.082192 0.041096
knife_butterfly.bmp
  39 0.858072 -1.629112 0.787266 -0.670825 0.581800 -0.459894 0.080235 0.037182
  39 0.858072 -1.649112 0.767266 -0.670818 0.389430 -0.631148 0.086106 0.039139
  39 0.848072 -1.639112 0.797266 -0.897041 0.346707 -0.274064 0.082192 0.041096
knife_butterfly.bmp
  39 0.848072 -1.639112 0.797266 -0.897041 0.346707 -0.274064 0.082192 0.041096
  39 0.858072 -1.649112 0.767266 -0.670818 0.389430 -0.631148 0.086106 0.039139
  39 0.848072 -1.649112 0.777266 -0.897031 0.232081 -0.376131 0.086106 0.041096
knife_butterfly.bmp
  39 0.858072 -1.649112 0.767266 -0.670818 0.389430 -0.631148 0.086106 0.039139
  39 0.858072 -1.669112 0.757266 -0.670806 0.150083 -0.726288 0.088063 0.041096
  39 0.848072 -1.649112 0.777266 -0.897031 0.232081 -0.376131 0.086106 0.041096
knife_butterfly.bmp
  39 0.848072 -1.649112 0.777266 -0.897031 0.232081 -0.376131 0.086106 0.041096
  39 0.858072 -1.669112 0.757266 -0.670806 0.150083 -0.726288 0.088063 0.041096
  39 0.848072 -1.669112 0.767266 -0.897033 0.089435 -0.432820 0.086106 0.043053
knife_butterfly.bmp
  39 0.858072 -1.669112 0.757266 -0.670806 0.150083 -0.726288 0.088063 0.041096
  39 0.858072 -1.689112 0.757266 -0.670822 -0.107364 -0.733806 0.090020 0.043053
  39 0.848072 -1.669112 0.767266 -0.897033 0.089435 -0.432820 0.086106 0.043053
knife_butterfly.bmp
  39 0.848072 -1.669112 0.767266 -0.897033 0.089435 -0.432820 0.086106 0.043053
  39 0.858072 -1.689112 0.757266 -0.670822 -0.107364 -0.733806 0.090020 0.043053
  39 0.848072 -1.689112 0.767266 -0.897038 -0.063987 -0.437296 0.088063 0.043053
knife_butterfly.bmp
  39 0.858072 -1.689112 0.757266 -0.670822 -0.107364 -0.733806 0.090020 0.043053
  39 0.858072 -1.709112 0.767266 -0.670823 -0.351868 -0.652829 0.091977 0.045010
  39 0.848072 -1.689112 0.767266 -0.897038 -0.063987 -0.437296 0.088063 0.043053
knife_butterfly.bmp
  39 0.848072 -1.689112 0.767266 -0.897038 -0.063987 -0.437296 0.088063 0.043053
  39 0.858072 -1.709112 0.767266 -0.670823 -0.351868 -0.652829 0.091977 0.045010
  39 0.848072 -1.709112 0.787266 -0.897036 -0.209692 -0.389045 0.088063 0.045010
knife_butterfly.bmp
  39 0.858072 -1.709112 0.767266 -0.670823 -0.351868 -0.652829 0.091977 0.045010
  39 0.858072 -1.729112 0.797266 -0.670808 -0.553944 -0.493114 0.091977 0.048924
  39 0.848072 -1.709112 0.787266 -0.897036 -0.209692 -0.389045 0.088063 0.045010
knife_butterfly.bmp
  39 0.848072 -1.709112 0.787266 -0.897036 -0.209692 -0.389045 0.088063 0.045010
  39 0.858072 -1.729112 0.797266 -0.670808 -0.553944 -0.493114 0.091977 0.048924
  39 0.848072 -1.719112 0.787266 -0.897029 -0.330120 -0.293872 0.088063 0.048924
knife_butterfly.bmp
  39 0.858072 -1.729112 0.797266 -0.670808 -0.553944 -0.493114 0.091977 0.048924
  39 0.858072 -1.749112 0.817266 -0.670813 -0.689188 -0.273914 0.090020 0.050881
  39 0.848072 -1.719112 0.787266 -0.897029 -0.330120 -0.293872 0.088063 0.048924
knife_butterfly.bmp
  39 0.848072 -1.719112 0.787266 -0.897029 -0.330120 -0.293872 0.088063 0.048924
  39 0.858072 -1.749112 0.817266 -0.670813 -0.689188 -0.273914 0.090020 0.050881
  39 0.848072 -1.739112 0.807266 -0.897038 -0.410706 -0.163230 0.088063 0.050881
knife_butterfly.bmp
  39 0.858072 -1.749112 0.817266 -0.670813 -0.689188 -0.273914 0.090020 0.050881
  39 0.858072 -1.729111 0.837266 -0.670811 -0.741311 -0.021692 0.088063 0.052838
  39 0.848072 -1.739112 0.807266 -0.897038 -0.410706 -0.163230 0.088063 0.050881
knife_butterfly.bmp
  39 0.848072 -1.739112 0.807266 -0.897038 -0.410706 -0.163230 0.088063 0.050881
  39 0.858072 -1.729111 0.837266 -0.670811 -0.741311 -0.021692 0.088063 0.052838
  39 0.848072 -1.719111 0.837266 -0.897031 -0.441779 -0.012932 0.086106 0.050881
knife_butterfly.bmp
  39 0.858072 -1.729111 0.837266 -0.670811 -0.741311 -0.021692 0.088063 0.052838
  39 0.858072 -1.729111 0.867266 -0.670815 -0.704021 0.233156 0.086106 0.054795
  39 0.848072 -1.719111 0.837266 -0.897031 -0.441779 -0.012932 0.086106 0.050881
knife_butterfly.bmp
  39 0.848072 -1.719111 0.837266 -0.897031 -0.441779 -0.012932 0.086106 0.050881
  39 0.858072 -1.729111 0.867266 -0.670815 -0.704021 0.233156 0.086106 0.054795
  39 0.848072 -1.719111 0.857266 -0.897037 -0.419546 0.138944 0.086106 0.052838
knife_butterfly.bmp
  39 0.858072 -1.729111 0.867266 -0.670815 -0.704021 0.233156 0.086106 0.054795
  39 0.858072 -1.719111 0.887266 -0.670826 -0.581802 0.459891 0.084149 0.054795
  39 0.848072 -1.719111 0.857266 -0.897037 -0.419546 0.138944 0.086106 0.052838
knife_butterfly.bmp
  39 0.848072 -1.719111 0.857266 -0.897037 -0.419546 0.138944 0.086106 0.052838
  39 0.858072 -1.719111 0.887266 -0.670826 -0.581802 0.459891 0.084149 0.054795
  39 0.848072 -1.709111 0.857266 -0.897035 -0.346721 0.274067 0.084149 0.052838
knife_butterfly.bmp
  39 0.858072 -1.719111 0.887266 -0.670826 -0.581802 0.459891 0.084149 0.054795
  39 0.838072 -1.699111 0.877266 -0.670806 -0.389434 0.631158 0.080235 0.054795
  39 0.848072 -1.709111 0.857266 -0.897035 -0.346721 0.274067 0.084149 0.052838
knife_butterfly.bmp
  39 0.848072 -1.709111 0.857266 -0.897035 -0.346721 0.274067 0.084149 0.052838
  39 0.838072 -1.699111 0.877266 -0.670806 -0.389434 0.631158 0.080235 0.054795
  39 0.848072 -1.689111 0.867266 -0.897031 -0.232087 0.376126 0.080235 0.052838
knife_butterfly.bmp
  39 0.838072 -1.699111 0.877266 -0.670806 -0.389434 0.631158 0.080235 0.054795
  39 0.838071 -1.679111 0.887266 -0.670807 -0.150099 0.726284 0.078278 0.052838
  39 0.848072 -1.689111 0.867266 -0.897031 -0.232087 0.376126 0.080235 0.052838
knife_butterfly.bmp
  39 0.848072 -1.689111 0.867266 -0.897031 -0.232087 0.376126 0.080235 0.052838
  39 0.838071 -1.679111 0.887266 -0.670807 -0.150099 0.726284 0.078278 0.052838
  39 0.828072 -1.669111 0.877266 -0.897032 -0.089447 0.432819 0.080235 0.050881
knife_butterfly.bmp
  39 0.838071 -1.679111 0.887266 -0.670807 -0.150099 0.726284 0.078278 0.052838
  39 0.838071 -1.649111 0.887266 -0.670828 0.107381 0.733797 0.076321 0.050881
  39 0.828072 -1.669111 0.877266 -0.897032 -0.089447 0.432819 0.080235 0.050881
knife_butterfly.bmp
  39 0.828072 -1.669111 0.877266 -0.897032 -0.089447 0.432819 0.080235 0.050881
  39 0.838071 -1.649111 0.887266 -0.670828 0.107381 0.733797 0.076321 0.050881
  39 0.828072 -1.649111 0.877266 -0.897040 0.063990 0.437293 0.078278 0.050881
knife_butterfly.bmp
  39 0.838071 -1.649111 0.887266 -0.670828 0.107381 0.733797 0.076321 0.050881
  39 0.838071 -1.629111 0.887266 -0.670818 0.351879 0.652828 0.076321 0.048924
  39 0.828072 -1.649111 0.877266 -0.897040 0.063990 0.437293 0.078278 0.050881
knife_butterfly.bmp
  39 0.828072 -1.649111 0.877266 -0.897040 0.063990 0.437293 0.078278 0.050881
  39 0.838071 -1.629111 0.887266 -0.670818 0.351879 0.652828 0.076321 0.048924
  39 0.828072 -1.629111 0.877266 -0.897033 0.209694 0.389050 0.078278 0.048924
knife_butterfly.bmp
  39 0.838071 -1.629111 0.887266 -0.670818 0.351879 0.652828 0.076321 0.048924
  39 0.858072 -1.609111 0.867266 -0.670825 0.553929 0.493109 0.076321 0.045010
  39 0.828072 -1.629111 0.877266 -0.897033 0.209694 0.389050 0.078278 0.048924
knife_butterfly.bmp
  39 0.828072 -1.629111 0.877266 -0.897033 0.209694 0.389050 0.078278 0.048924
  39 0.858072 -1.609111 0.867266 -0.670825 0.553929 0.493109 0.076321 0.045010
  39 0.848072 -1.619111 0.857266 -0.897040 0.330105 0.293854 0.078278 0.045010
knife_butterfly.bmp
  39 0.858072 -1.609111 0.867266 -0.670825 0.553929 0.493109 0.076321 0.045010
  39 0.858072 -1.599111 0.857266 -0.670819 0.689178 0.273926 0.076321 0.043053
  39 0.848072 -1.619111 0.857266 -0.897040 0.330105 0.293854 0.078278 0.045010
knife_butterfly.bmp
  39 0.848072 -1.619111 0.857266 -0.897040 0.330105 0.293854 0.078278 0.045010
  39 0.858072 -1.599111 0.857266 -0.670819 0.689178 0.273926 0.076321 0.043053
  39 0.848072 -1.609111 0.857266 -0.897035 0.410709 0.163239 0.078278 0.043053
knife_butterfly.bmp
  39 0.848072 -1.609111 0.857266 -0.897035 0.410709 0.163239 0.078278 0.043053
  39 0.848072 -1.599111 0.847266 -0.897044 0.441752 0.012916 0.080235 0.043053
  39 0.848072 -1.629111 0.837266 -1.000000 0.000000 -0.000002 0.080235 0.045010
knife_butterfly.bmp
  39 0.848072 -1.629111 0.837266 -1.000000 0.000000 -0.000002 0.080235 0.045010
  39 0.848072 -1.599111 0.847266 -0.897044 0.441752 0.012916 0.080235 0.043053
  39 0.848072 -1.619112 0.827266 -1.000000 0.000000 -0.000002 0.080235 0.043053
knife_butterfly.bmp
  39 0.848072 -1.599111 0.847266 -0.897044 0.441752 0.012916 0.080235 0.043053
  39 0.848072 -1.629112 0.817266 -0.897032 0.419553 -0.138955 0.080235 0.041096
  39 0.848072 -1.619112 0.827266 -1.000000 0.000000 -0.000002 0.080235 0.043053
knife_butterfly.bmp
  39 0.848072 -1.619112 0.827266 -1.000000 0.000000 -0.000002 0.080235 0.043053
  39 0.848072 -1.629112 0.817266 -0.897032 0.419553 -0.138955 0.080235 0.041096
  39 0.848072 -1.649112 0.807266 -1.000000 0.000000 -0.000002 0.082192 0.043053
knife_butterfly.bmp
  39 0.848072 -1.629112 0.817266 -0.897032 0.419553 -0.138955 0.080235 0.041096
  39 0.848072 -1.639112 0.797266 -0.897041 0.346707 -0.274064 0.082192 0.041096
  39 0.848072 -1.649112 0.807266 -1.000000 0.000000 -0.000002 0.082192 0.043053
knife_butterfly.bmp
  39 0.848072 -1.649112 0.807266 -1.000000 0.000000 -0.000002 0.082192 0.043053
  39 0.848072 -1.639112 0.797266 -0.897041 0.346707 -0.274064 0.082192 0.041096
  39 0.848072 -1.649112 0.797266 -1.000000 0.000000 -0.000002 0.084149 0.043053
knife_butterfly.bmp
  39 0.848072 -1.639112 0.797266 -0.897041 0.346707 -0.274064 0.082192 0.041096
  39 0.848072 -1.649112 0.777266 -0.897031 0.232081 -0.376131 0.086106 0.041096
  39 0.848072 -1.649112 0.797266 -1.000000 0.000000 -0.000002 0.084149 0.043053
knife_butterfly.bmp
  39 0.848072 -1.649112 0.797266 -1.000000 0.000000 -0.000002 0.084149 0.043053
  39 0.848072 -1.649112 0.777266 -0.897031 0.232081 -0.376131 0.086106 0.041096
  39 0.848072 -1.659112 0.787266 -1.000000 0.000000 -0.000002 0.084149 0.043053
knife_butterfly.bmp
  39 0.848072 -1.649112 0.777266 -0.897031 0.232081 -0.376131 0.086106 0.041096
  39 0.848072 -1.669112 0.767266 -0.897033 0.089435 -0.432820 0.086106 0.043053
  39 0.848072 -1.659112 0.787266 -1.000000 0.000000 -0.000002 0.084149 0.043053
knife_butterfly.bmp
  39 0.848072 -1.659112 0.787266 -1.000000 0.000000 -0.000002 0.084149 0.043053
  39 0.848072 -1.669112 0.767266 -0.897033 0.089435 -0.432820 0.086106 0.043053
  39 0.848072 -1.659112 0.787266 -1.000000 0.000000 -0.000002 0.086106 0.043053
knife_butterfly.bmp
  39 0.848072 -1.669112 0.767266 -0.897033 0.089435 -0.432820 0.086106 0.043053
  39 0.848072 -1.689112 0.767266 -0.897038 -0.063987 -0.437296 0.088063 0.043053
  39 0.848072 -1.659112 0.787266 -1.000000 0.000000 -0.000002 0.086106 0.043053
knife_butterfly.bmp
  39 0.848072 -1.659112 0.787266 -1.000000 0.000000 -0.000002 0.086106 0.043053
  39 0.848072 -1.689112 0.767266 -0.897038 -0.063987 -0.437296 0.088063 0.043053
  39 0.848072 -1.669112 0.787266 -1.000000 0.000000 -0.000002 0.086106 0.045010
knife_butterfly.bmp
  39 0.848072 -1.689112 0.767266 -0.897038 -0.063987 -0.437296 0.088063 0.043053
  39 0.848072 -1.709112 0.787266 -0.897036 -0.209692 -0.389045 0.088063 0.045010
  39 0.848072 -1.669112 0.787266 -1.000000 0.000000 -0.000002 0.086106 0.045010
knife_butterfly.bmp
  39 0.848072 -1.669112 0.787266 -1.000000 0.000000 -0.000002 0.086106 0.045010
  39 0.848072 -1.709112 0.787266 -0.897036 -0.209692 -0.389045 0.088063 0.045010
  39 0.848072 -1.699112 0.787266 -1.000000 0.000000 -0.000002 0.086106 0.046967
knife_butterfly.bmp
  39 0.848072 -1.709112 0.787266 -0.897036 -0.209692 -0.389045 0.088063 0.045010
  39 0.848072 -1.719112 0.787266 -0.897029 -0.330120 -0.293872 0.088063 0.048924
  39 0.848072 -1.699112 0.787266 -1.000000 0.000000 -0.000002 0.086106 0.046967
knife_butterfly.bmp
  39 0.848072 -1.699112 0.787266 -1.000000 0.000000 -0.000002 0.086106 0.046967
  39 0.848072 -1.719112 0.787266 -0.897029 -0.330120 -0.293872 0.088063 0.048924
  39 0.848072 -1.689112 0.797266 -1.000000 0.000000 -0.000002 0.086106 0.046967
knife_butterfly.bmp
  39 0.848072 -1.719112 0.787266 -0.897029 -0.330120 -0.293872 0.088063 0.048924
  39 0.848072 -1.739112 0.807266 -0.897038 -0.410706 -0.163230 0.088063 0.050881
  39 0.848072 -1.689112 0.797266 -1.000000 0.000000 -0.000002 0.086106 0.046967
knife_butterfly.bmp
  39 0.848072 -1.689112 0.797266 -1.000000 0.000000 -0.000002 0.086106 0.046967
  39 0.848072 -1.739112 0.807266 -0.897038 -0.410706 -0.163230 0.088063 0.050881
  39 0.848072 -1.699112 0.807266 -1.000000 0.000000 -0.000002 0.086106 0.048924
knife_butterfly.bmp
  39 0.848072 -1.739112 0.807266 -0.897038 -0.410706 -0.163230 0.088063 0.050881
  39 0.848072 -1.719111 0.837266 -0.897031 -0.441779 -0.012932 0.086106 0.050881
  39 0.848072 -1.699112 0.807266 -1.000000 0.000000 -0.000002 0.086106 0.048924
knife_butterfly.bmp
  39 0.848072 -1.699112 0.807266 -1.000000 0.000000 -0.000002 0.086106 0.048924
  39 0.848072 -1.719111 0.837266 -0.897031 -0.441779 -0.012932 0.086106 0.050881
  39 0.848072 -1.699112 0.817266 -1.000000 0.000000 -0.000002 0.086106 0.050881
knife_butterfly.bmp
  39 0.848072 -1.719111 0.837266 -0.897031 -0.441779 -0.012932 0.086106 0.050881
  39 0.848072 -1.719111 0.857266 -0.897037 -0.419546 0.138944 0.086106 0.052838
  39 0.848072 -1.699112 0.817266 -1.000000 0.000000 -0.000002 0.086106 0.050881
knife_butterfly.bmp
  39 0.848072 -1.699112 0.817266 -1.000000 0.000000 -0.000002 0.086106 0.050881
  39 0.848072 -1.719111 0.857266 -0.897037 -0.419546 0.138944 0.086106 0.052838
  39 0.848072 -1.699111 0.837266 -1.000000 0.000000 -0.000002 0.084149 0.050881
knife_butterfly.bmp
  39 0.848072 -1.719111 0.857266 -0.897037 -0.419546 0.138944 0.086106 0.052838
  39 0.848072 -1.709111 0.857266 -0.897035 -0.346721 0.274067 0.084149 0.052838
  39 0.848072 -1.699111 0.837266 -1.000000 0.000000 -0.000002 0.084149 0.050881
knife_butterfly.bmp
  39 0.848072 -1.699111 0.837266 -1.000000 0.000000 -0.000002 0.084149 0.050881
  39 0.848072 -1.709111 0.857266 -0.897035 -0.346721 0.274067 0.084149 0.052838
  39 0.848072 -1.689111 0.847266 -1.000000 0.000000 -0.000002 0.084149 0.050881
knife_butterfly.bmp
  39 0.848072 -1.709111 0.857266 -0.897035 -0.346721 0.274067 0.084149 0.052838
  39 0.848072 -1.689111 0.867266 -0.897031 -0.232087 0.376126 0.080235 0.052838
  39 0.848072 -1.689111 0.847266 -1.000000 0.000000 -0.000002 0.084149 0.050881
knife_butterfly.bmp
  39 0.848072 -1.689111 0.847266 -1.000000 0.000000 -0.000002 0.084149 0.050881
  39 0.848072 -1.689111 0.867266 -0.897031 -0.232087 0.376126 0.080235 0.052838
  39 0.848072 -1.679111 0.857266 -1.000000 0.000000 -0.000002 0.082192 0.050881
knife_butterfly.bmp
  39 0.848072 -1.689111 0.867266 -0.897031 -0.232087 0.376126 0.080235 0.052838
  39 0.828072 -1.669111 0.877266 -0.897032 -0.089447 0.432819 0.080235 0.050881
  39 0.848072 -1.679111 0.857266 -1.000000 0.000000 -0.000002 0.082192 0.050881
knife_butterfly.bmp
  39 0.848072 -1.679111 0.857266 -1.000000 0.000000 -0.000002 0.082192 0.050881
  39 0.828072 -1.669111 0.877266 -0.897032 -0.089447 0.432819 0.080235 0.050881
  39 0.848072 -1.669111 0.857266 -1.000000 0.000000 -0.000002 0.080235 0.050881
knife_butterfly.bmp
  39 0.828072 -1.669111 0.877266 -0.897032 -0.089447 0.432819 0.080235 0.050881
  39 0.828072 -1.649111 0.877266 -0.897040 0.063990 0.437293 0.078278 0.050881
  39 0.848072 -1.669111 0.857266 -1.000000 0.000000 -0.000002 0.080235 0.050881
knife_butterfly.bmp
  39 0.848072 -1.669111 0.857266 -1.000000 0.000000 -0.000002 0.080235 0.050881
  39 0.828072 -1.649111 0.877266 -0.897040 0.063990 0.437293 0.078278 0.050881
  39 0.848072 -1.659111 0.857266 -1.000000 0.000000 -0.000002 0.080235 0.048924
knife_butterfly.bmp
  39 0.828072 -1.649111 0.877266 -0.897040 0.063990 0.437293 0.078278 0.050881
  39 0.828072 -1.629111 0.877266 -0.897033 0.209694 0.389050 0.078278 0.048924
  39 0.848072 -1.659111 0.857266 -1.000000 0.000000 -0.000002 0.080235 0.048924
knife_butterfly.bmp
  39 0.848072 -1.659111 0.857266 -1.000000 0.000000 -0.000002 0.080235 0.048924
  39 0.828072 -1.629111 0.877266 -0.897033 0.209694 0.389050 0.078278 0.048924
  39 0.848072 -1.639111 0.857266 -1.000000 0.000000 -0.000002 0.080235 0.046967
knife_butterfly.bmp
  39 0.828072 -1.629111 0.877266 -0.897033 0.209694 0.389050 0.078278 0.048924
  39 0.848072 -1.619111 0.857266 -0.897040 0.330105 0.293854 0.078278 0.045010
  39 0.848072 -1.639111 0.857266 -1.000000 0.000000 -0.000002 0.080235 0.046967
knife_butterfly.bmp
  39 0.848072 -1.639111 0.857266 -1.000000 0.000000 -0.000002 0.080235 0.046967
  39 0.848072 -1.619111 0.857266 -0.897040 0.330105 0.293854 0.078278 0.045010
  39 0.848072 -1.629111 0.847266 -1.000000 0.000000 -0.000002 0.080235 0.046967
knife_butterfly.bmp
  39 0.848072 -1.619111 0.857266 -0.897040 0.330105 0.293854 0.078278 0.045010
  39 0.848072 -1.609111 0.857266 -0.897035 0.410709 0.163239 0.078278 0.043053
  39 0.848072 -1.629111 0.847266 -1.000000 0.000000 -0.000002 0.080235 0.046967
knife_butterfly.bmp
  39 0.848072 -1.629111 0.847266 -1.000000 0.000000 -0.000002 0.080235 0.046967
  39 0.848072 -1.609111 0.857266 -0.897035 0.410709 0.163239 0.078278 0.043053
  39 0.848072 -1.629111 0.837266 -1.000000 0.000000 -0.000002 0.080235 0.045010
knife_butterfly.bmp
  39 0.908073 -1.689113 0.377266 -0.241413 -0.373369 -0.895720 0.293542 0.389432
  39 0.918073 -1.689113 0.377266 -0.116076 -0.401051 -0.908672 0.291585 0.389432
  39 0.888073 -1.689113 0.377266 -0.241413 -0.373369 -0.895720 0.293542 0.389432
knife_butterfly.bmp
  39 0.888073 -1.689113 0.377266 -0.241413 -0.373369 -0.895720 0.293542 0.389432
  39 0.918073 -1.689113 0.377266 -0.116076 -0.401051 -0.908672 0.291585 0.389432
  39 0.888072 -1.689113 0.387266 -0.241413 -0.373369 -0.895720 0.295499 0.387476
knife_butterfly.bmp
  39 0.918073 -1.689113 0.377266 -0.116076 -0.401051 -0.908672 0.291585 0.389432
  39 0.898072 -1.749112 0.407266 -0.112127 -0.223629 -0.968203 0.291585 0.381605
  39 0.888072 -1.689113 0.387266 -0.241413 -0.373369 -0.895720 0.295499 0.387476
knife_butterfly.bmp
  39 0.888072 -1.689113 0.387266 -0.241413 -0.373369 -0.895720 0.295499 0.387476
  39 0.898072 -1.749112 0.407266 -0.112127 -0.223629 -0.968203 0.291585 0.381605
  39 0.868072 -1.739112 0.407266 -0.219006 -0.225721 -0.949256 0.295499 0.381605
knife_butterfly.bmp
  39 0.898072 -1.749112 0.407266 -0.112127 -0.223629 -0.968203 0.291585 0.381605
  39 0.898072 -1.829112 0.407267 -0.099370 0.090036 -0.990969 0.291585 0.373777
  39 0.868072 -1.739112 0.407266 -0.219006 -0.225721 -0.949256 0.295499 0.381605
knife_butterfly.bmp
  39 0.868072 -1.739112 0.407266 -0.219006 -0.225721 -0.949256 0.295499 0.381605
  39 0.898072 -1.829112 0.407267 -0.099370 0.090036 -0.990969 0.291585 0.373777
  39 0.868072 -1.829112 0.417267 -0.196827 0.082472 -0.976963 0.295499 0.373777
knife_butterfly.bmp
  39 0.898072 -1.829112 0.407267 -0.099370 0.090036 -0.990969 0.291585 0.373777
  39 0.908073 -1.909113 0.387267 -0.097248 0.303290 -0.947923 0.291585 0.363992
  39 0.868072 -1.829112 0.417267 -0.196827 0.082472 -0.976963 0.295499 0.373777
knife_butterfly.bmp
  39 0.868072 -1.829112 0.417267 -0.196827 0.082472 -0.976963 0.295499 0.373777
  39 0.908073 -1.909113 0.387267 -0.097248 0.303290 -0.947923 0.291585 0.363992
  39 0.888072 -1.909112 0.397267 -0.195160 0.293762 -0.935744 0.295499 0.363992
knife_butterfly.bmp
  39 0.908073 -1.909113 0.387267 -0.097248 0.303290 -0.947923 0.291585 0.363992
  39 0.918073 -1.999113 0.327267 -0.099747 0.543344 -0.833563 0.291585 0.354207
  39 0.888072 -1.909112 0.397267 -0.195160 0.293762 -0.935744 0.295499 0.363992
knife_butterfly.bmp
  39 0.888072 -1.909112 0.397267 -0.195160 0.293762 -0.935744 0.295499 0.363992
  39 0.918073 -1.999113 0.327267 -0.099747 0.543344 -0.833563 0.291585 0.354207
  39 0.888073 -2.029113 0.357267 -0.201479 0.526070 -0.826230 0.295499 0.356164
knife_butterfly.bmp
  39 0.918073 -1.999113 0.327267 -0.099747 0.543344 -0.833563 0.291585 0.354207
  39 0.918073 -2.049113 0.287267 -0.091551 0.757594 -0.646274 0.293542 0.348337
  39 0.888073 -2.029113 0.357267 -0.201479 0.526070 -0.826230 0.295499 0.356164
knife_butterfly.bmp
  39 0.888073 -2.029113 0.357267 -0.201479 0.526070 -0.826230 0.295499 0.356164
  39 0.918073 -2.049113 0.287267 -0.091551 0.757594 -0.646274 0.293542 0.348337
  39 0.888073 -2.049113 0.287267 -0.213652 0.718290 -0.662127 0.295499 0.348337
knife_butterfly.bmp
  39 0.918073 -2.049113 0.287267 -0.091551 0.757594 -0.646274 0.293542 0.348337
  39 0.918073 -2.079113 0.257267 -0.114579 0.803399 -0.584313 0.293542 0.342466
  39 0.888073 -2.049113 0.287267 -0.213652 0.718290 -0.662127 0.295499 0.348337
knife_butterfly.bmp
  39 0.888073 -2.049113 0.287267 -0.213652 0.718290 -0.662127 0.295499 0.348337
  39 0.918073 -2.079113 0.257267 -0.114579 0.803399 -0.584313 0.293542 0.342466
  39 0.888073 -2.089113 0.257267 -0.231425 0.784214 -0.575718 0.295499 0.342466
knife_butterfly.bmp
  39 0.918073 -2.079113 0.257267 -0.114579 0.803399 -0.584313 0.293542 0.342466
  39 0.918073 -2.109113 0.197267 -0.116072 0.857987 -0.500386 0.293542 0.334638
  39 0.888073 -2.089113 0.257267 -0.231425 0.784214 -0.575718 0.295499 0.342466
knife_butterfly.bmp
  39 0.888073 -2.089113 0.257267 -0.231425 0.784214 -0.575718 0.295499 0.342466
  39 0.918073 -2.109113 0.197267 -0.116072 0.857987 -0.500386 0.293542 0.334638
  39 0.888073 -2.109113 0.197267 -0.231904 0.840764 -0.489219 0.295499 0.334638
knife_butterfly.bmp
  39 0.918073 -2.109113 0.197267 -0.116072 0.857987 -0.500386 0.293542 0.334638
  39 0.898073 -2.139113 0.117267 -0.117556 0.927660 -0.354441 0.293542 0.326810
  39 0.888073 -2.109113 0.197267 -0.231904 0.840764 -0.489219 0.295499 0.334638
knife_butterfly.bmp
  39 0.888073 -2.109113 0.197267 -0.231904 0.840764 -0.489219 0.295499 0.334638
  39 0.898073 -2.139113 0.117267 -0.117556 0.927660 -0.354441 0.293542 0.326810
  39 0.868073 -2.149113 0.127267 -0.232518 0.908107 -0.348248 0.295499 0.326810
knife_butterfly.bmp
  39 0.898073 -2.139113 0.117267 -0.117556 0.927660 -0.354441 0.293542 0.326810
  39 0.898073 -2.159113 0.047267 -0.116678 0.968317 -0.220792 0.293542 0.318982
  39 0.868073 -2.149113 0.127267 -0.232518 0.908107 -0.348248 0.295499 0.326810
knife_butterfly.bmp
  39 0.868073 -2.149113 0.127267 -0.232518 0.908107 -0.348248 0.295499 0.326810
  39 0.898073 -2.159113 0.047267 -0.116678 0.968317 -0.220792 0.293542 0.318982
  39 0.868073 -2.169113 0.047267 -0.228675 0.949144 -0.216409 0.295499 0.318982
knife_butterfly.bmp
  39 0.898073 -2.159113 0.047267 -0.116678 0.968317 -0.220792 0.293542 0.318982
  39 0.898073 -2.169113 -0.042733 -0.117465 0.992200 -0.041730 0.293542 0.311155
  39 0.868073 -2.169113 0.047267 -0.228675 0.949144 -0.216409 0.295499 0.318982
knife_butterfly.bmp
  39 0.868073 -2.169113 0.047267 -0.228675 0.949144 -0.216409 0.295499 0.318982
  39 0.898073 -2.169113 -0.042733 -0.117465 0.992200 -0.041730 0.293542 0.311155
  39 0.868073 -2.179113 -0.042733 -0.231101 0.972144 -0.039086 0.295499 0.311155
knife_butterfly.bmp
  39 0.898073 -2.169113 -0.042733 -0.117465 0.992200 -0.041730 0.293542 0.311155
  39 0.898074 -2.189114 -0.112733 -0.095356 0.990604 0.098035 0.293542 0.305284
  39 0.868073 -2.179113 -0.042733 -0.231101 0.972144 -0.039086 0.295499 0.311155
knife_butterfly.bmp
  39 0.868073 -2.179113 -0.042733 -0.231101 0.972144 -0.039086 0.295499 0.311155
  39 0.898074 -2.189114 -0.112733 -0.095356 0.990604 0.098035 0.293542 0.305284
  39 0.888073 -2.199114 -0.112733 -0.227772 0.969236 0.093282 0.295499 0.305284
knife_butterfly.bmp
  39 0.898074 -2.189114 -0.112733 -0.095356 0.990604 0.098035 0.293542 0.305284
  39 0.918074 -2.179114 -0.172732 -0.115293 0.962269 0.246468 0.293542 0.297456
  39 0.888073 -2.199114 -0.112733 -0.227772 0.969236 0.093282 0.295499 0.305284
knife_butterfly.bmp
  39 0.888073 -2.199114 -0.112733 -0.227772 0.969236 0.093282 0.295499 0.305284
  39 0.918074 -2.179114 -0.172732 -0.115293 0.962269 0.246468 0.293542 0.297456
  39 0.888074 -2.189114 -0.182733 -0.224900 0.942152 0.248536 0.295499 0.297456
knife_butterfly.bmp
  39 0.918074 -2.179114 -0.172732 -0.115293 0.962269 0.246468 0.293542 0.297456
  39 0.918074 -2.129114 -0.252733 -0.110067 0.920189 0.375683 0.293542 0.289628
  39 0.888074 -2.189114 -0.182733 -0.224900 0.942152 0.248536 0.295499 0.297456
knife_butterfly.bmp
  39 0.888074 -2.189114 -0.182733 -0.224900 0.942152 0.248536 0.295499 0.297456
  39 0.918074 -2.129114 -0.252733 -0.110067 0.920189 0.375683 0.293542 0.289628
  39 0.888074 -2.139114 -0.262733 -0.218305 0.899290 0.378973 0.295499 0.289628
knife_butterfly.bmp
  39 0.918074 -2.129114 -0.252733 -0.110067 0.920189 0.375683 0.293542 0.289628
  39 0.918074 -2.099114 -0.332733 -0.108584 0.865733 0.488585 0.293542 0.281800
  39 0.888074 -2.139114 -0.262733 -0.218305 0.899290 0.378973 0.295499 0.289628
knife_butterfly.bmp
  39 0.888074 -2.139114 -0.262733 -0.218305 0.899290 0.378973 0.295499 0.289628
  39 0.918074 -2.099114 -0.332733 -0.108584 0.865733 0.488585 0.293542 0.281800
  39 0.888074 -2.099114 -0.332733 -0.216680 0.846753 0.485859 0.295499 0.281800
knife_butterfly.bmp
  39 0.918074 -2.099114 -0.332733 -0.108584 0.865733 0.488585 0.293542 0.281800
  39 0.898074 -2.079114 -0.352733 -0.118478 0.785454 0.607474 0.293542 0.279843
  39 0.888074 -2.099114 -0.332733 -0.216680 0.846753 0.485859 0.295499 0.281800
knife_butterfly.bmp
  39 0.888074 -2.099114 -0.332733 -0.216680 0.846753 0.485859 0.295499 0.281800
  39 0.898074 -2.079114 -0.352733 -0.118478 0.785454 0.607474 0.293542 0.279843
  39 0.878074 -2.079114 -0.362733 -0.230904 0.764100 0.602357 0.295499 0.277886
knife_butterfly.bmp
  39 0.898074 -2.079114 -0.352733 -0.118478 0.785454 0.607474 0.293542 0.279843
  39 0.898074 -2.059114 -0.382733 -0.112296 0.737278 0.666191 0.293542 0.275930
  39 0.878074 -2.079114 -0.362733 -0.230904 0.764100 0.602357 0.295499 0.277886
knife_butterfly.bmp
  39 0.878074 -2.079114 -0.362733 -0.230904 0.764100 0.602357 0.295499 0.277886
  39 0.898074 -2.059114 -0.382733 -0.112296 0.737278 0.666191 0.293542 0.275930
  39 0.868074 -2.059114 -0.382733 -0.185789 0.689198 0.700349 0.295499 0.275930
knife_butterfly.bmp
  39 0.898074 -2.059114 -0.382733 -0.112296 0.737278 0.666191 0.293542 0.275930
  39 0.898074 -2.039114 -0.392733 -0.086371 0.711907 0.696942 0.293542 0.273973
  39 0.868074 -2.059114 -0.382733 -0.185789 0.689198 0.700349 0.295499 0.275930
knife_butterfly.bmp
  39 0.868074 -2.059114 -0.382733 -0.185789 0.689198 0.700349 0.295499 0.275930
  39 0.898074 -2.039114 -0.392733 -0.086371 0.711907 0.696942 0.293542 0.273973
  39 0.868074 -2.049114 -0.392733 -0.099995 0.606243 0.788968 0.295499 0.273973
knife_butterfly.bmp
  39 0.888073 -1.689113 0.377266 -0.836140 0.126648 -0.533695 0.293542 0.389432
  39 0.888072 -1.689113 0.387266 -0.853892 -0.026004 -0.519800 0.295499 0.387476
  39 0.888072 -1.659112 0.397266 -0.761870 0.189363 -0.619432 0.295499 0.391389
knife_butterfly.bmp
  39 0.888072 -1.659112 0.397266 -0.761870 0.189363 -0.619432 0.295499 0.391389
  39 0.888072 -1.689113 0.387266 -0.853892 -0.026004 -0.519800 0.295499 0.387476
  39 0.858072 -1.669112 0.407266 -0.820181 0.015368 -0.571898 0.297456 0.389432
knife_butterfly.bmp
  39 0.888072 -1.689113 0.387266 -0.853892 -0.026004 -0.519800 0.295499 0.387476
  39 0.868072 -1.739112 0.407266 -0.865271 -0.120929 -0.486500 0.295499 0.381605
  39 0.858072 -1.669112 0.407266 -0.820181 0.015368 -0.571898 0.297456 0.389432
knife_butterfly.bmp
  39 0.858072 -1.669112 0.407266 -0.820181 0.015368 -0.571898 0.297456 0.389432
  39 0.868072 -1.739112 0.407266 -0.865271 -0.120929 -0.486500 0.295499 0.381605
  39 0.858072 -1.729112 0.427266 -0.865271 -0.120929 -0.486500 0.297456 0.381605
knife_butterfly.bmp
  39 0.868072 -1.739112 0.407266 -0.865271 -0.120929 -0.486500 0.295499 0.381605
  39 0.868072 -1.829112 0.417267 -0.849570 0.036129 -0.526238 0.295499 0.373777
  39 0.858072 -1.729112 0.427266 -0.865271 -0.120929 -0.486500 0.297456 0.381605
knife_butterfly.bmp
  39 0.858072 -1.729112 0.427266 -0.865271 -0.120929 -0.486500 0.297456 0.381605
  39 0.868072 -1.829112 0.417267 -0.849570 0.036129 -0.526238 0.295499 0.373777
  39 0.858072 -1.819112 0.437267 -0.849570 0.036129 -0.526238 0.297456 0.373777
knife_butterfly.bmp
  39 0.868072 -1.829112 0.417267 -0.849570 0.036129 -0.526238 0.295499 0.373777
  39 0.888072 -1.909112 0.397267 -0.851288 0.166667 -0.497524 0.295499 0.363992
  39 0.858072 -1.819112 0.437267 -0.849570 0.036129 -0.526238 0.297456 0.373777
knife_butterfly.bmp
  39 0.858072 -1.819112 0.437267 -0.849570 0.036129 -0.526238 0.297456 0.373777
  39 0.888072 -1.909112 0.397267 -0.851288 0.166667 -0.497524 0.295499 0.363992
  39 0.858072 -1.919112 0.417267 -0.851288 0.166667 -0.497524 0.297456 0.365949
knife_butterfly.bmp
  39 0.888072 -1.909112 0.397267 -0.851288 0.166667 -0.497524 0.295499 0.363992
  39 0.888073 -2.029113 0.357267 -0.833214 0.307508 -0.459557 0.295499 0.356164
  39 0.858072 -1.919112 0.417267 -0.851288 0.166667 -0.497524 0.297456 0.365949
knife_butterfly.bmp
  39 0.858072 -1.919112 0.417267 -0.851288 0.166667 -0.497524 0.297456 0.365949
  39 0.888073 -2.029113 0.357267 -0.833214 0.307508 -0.459557 0.295499 0.356164
  39 0.878073 -2.009113 0.377267 -0.831129 0.278228 -0.481471 0.297456 0.356164
knife_butterfly.bmp
  39 0.888073 -2.029113 0.357267 -0.833214 0.307508 -0.459557 0.295499 0.356164
  39 0.888073 -2.049113 0.287267 -0.848285 0.378447 -0.370392 0.295499 0.348337
  39 0.878073 -2.009113 0.377267 -0.831129 0.278228 -0.481471 0.297456 0.356164
knife_butterfly.bmp
  39 0.878073 -2.009113 0.377267 -0.831129 0.278228 -0.481471 0.297456 0.356164
  39 0.888073 -2.049113 0.287267 -0.848285 0.378447 -0.370392 0.295499 0.348337
  39 0.878073 -2.059113 0.307267 -0.848285 0.378447 -0.370392 0.297456 0.348337
knife_butterfly.bmp
  39 0.888073 -2.049113 0.287267 -0.848285 0.378447 -0.370392 0.295499 0.348337
  39 0.888073 -2.089113 0.257267 -0.839106 0.428942 -0.334528 0.295499 0.342466
  39 0.878073 -2.059113 0.307267 -0.848285 0.378447 -0.370392 0.297456 0.348337
knife_butterfly.bmp
  39 0.878073 -2.059113 0.307267 -0.848285 0.378447 -0.370392 0.297456 0.348337
  39 0.888073 -2.089113 0.257267 -0.839106 0.428942 -0.334528 0.295499 0.342466
  39 0.878073 -2.099113 0.277267 -0.858037 0.408478 -0.311316 0.297456 0.342466
knife_butterfly.bmp
  39 0.888073 -2.089113 0.257267 -0.839106 0.428942 -0.334528 0.295499 0.342466
  39 0.888073 -2.109113 0.197267 -0.855381 0.446862 -0.261987 0.295499 0.334638
  39 0.878073 -2.099113 0.277267 -0.858037 0.408478 -0.311316 0.297456 0.342466
knife_butterfly.bmp
  39 0.878073 -2.099113 0.277267 -0.858037 0.408478 -0.311316 0.297456 0.342466
  39 0.888073 -2.109113 0.197267 -0.855381 0.446862 -0.261987 0.295499 0.334638
  39 0.878073 -2.129113 0.207267 -0.855381 0.446862 -0.261987 0.297456 0.334638
knife_butterfly.bmp
  39 0.888073 -2.109113 0.197267 -0.855381 0.446862 -0.261987 0.295499 0.334638
  39 0.868073 -2.149113 0.127267 -0.850344 0.492057 -0.186532 0.295499 0.326810
  39 0.878073 -2.129113 0.207267 -0.855381 0.446862 -0.261987 0.297456 0.334638
knife_butterfly.bmp
  39 0.878073 -2.129113 0.207267 -0.855381 0.446862 -0.261987 0.297456 0.334638
  39 0.868073 -2.149113 0.127267 -0.850344 0.492057 -0.186532 0.295499 0.326810
  39 0.868073 -2.169113 0.137267 -0.850344 0.492057 -0.186532 0.297456 0.326810
knife_butterfly.bmp
  39 0.868073 -2.149113 0.127267 -0.850344 0.492057 -0.186532 0.295499 0.326810
  39 0.868073 -2.169113 0.047267 -0.842475 0.528930 -0.102315 0.295499 0.318982
  39 0.868073 -2.169113 0.137267 -0.850344 0.492057 -0.186532 0.297456 0.326810
knife_butterfly.bmp
  39 0.868073 -2.169113 0.137267 -0.850344 0.492057 -0.186532 0.297456 0.326810
  39 0.868073 -2.169113 0.047267 -0.842475 0.528930 -0.102315 0.295499 0.318982
  39 0.858073 -2.189113 0.047267 -0.842475 0.528930 -0.102315 0.297456 0.318982
knife_butterfly.bmp
  39 0.868073 -2.169113 0.047267 -0.842475 0.528930 -0.102315 0.295499 0.318982
  39 0.868073 -2.179113 -0.042733 -0.833947 0.551580 -0.017079 0.295499 0.311155
  39 0.858073 -2.189113 0.047267 -0.842475 0.528930 -0.102315 0.297456 0.318982
knife_butterfly.bmp
  39 0.858073 -2.189113 0.047267 -0.842475 0.528930 -0.102315 0.297456 0.318982
  39 0.868073 -2.179113 -0.042733 -0.833947 0.551580 -0.017079 0.295499 0.311155
  39 0.858073 -2.199113 -0.042733 -0.833947 0.551580 -0.017079 0.297456 0.311155
knife_butterfly.bmp
  39 0.868073 -2.179113 -0.042733 -0.833947 0.551580 -0.017079 0.295499 0.311155
  39 0.888073 -2.199114 -0.112733 -0.824522 0.562329 0.062840 0.295499 0.305284
  39 0.858073 -2.199113 -0.042733 -0.833947 0.551580 -0.017079 0.297456 0.311155
knife_butterfly.bmp
  39 0.858073 -2.199113 -0.042733 -0.833947 0.551580 -0.017079 0.297456 0.311155
  39 0.888073 -2.199114 -0.112733 -0.824522 0.562329 0.062840 0.295499 0.305284
  39 0.878073 -2.219114 -0.112733 -0.824522 0.562329 0.062840 0.297456 0.303327
knife_butterfly.bmp
  39 0.888073 -2.199114 -0.112733 -0.824522 0.562329 0.062840 0.295499 0.305284
  39 0.888074 -2.189114 -0.182733 -0.815691 0.556157 0.159176 0.295499 0.297456
  39 0.878073 -2.219114 -0.112733 -0.824522 0.562329 0.062840 0.297456 0.303327
knife_butterfly.bmp
  39 0.878073 -2.219114 -0.112733 -0.824522 0.562329 0.062840 0.297456 0.303327
  39 0.888074 -2.189114 -0.182733 -0.815691 0.556157 0.159176 0.295499 0.297456
  39 0.878074 -2.209114 -0.192733 -0.815691 0.556157 0.159176 0.297456 0.297456
knife_butterfly.bmp
  39 0.888074 -2.189114 -0.182733 -0.815691 0.556157 0.159176 0.295499 0.297456
  39 0.888074 -2.139114 -0.262733 -0.800201 0.550354 0.238303 0.295499 0.289628
  39 0.878074 -2.209114 -0.192733 -0.815691 0.556157 0.159176 0.297456 0.297456
knife_butterfly.bmp
  39 0.878074 -2.209114 -0.192733 -0.815691 0.556157 0.159176 0.297456 0.297456
  39 0.888074 -2.139114 -0.262733 -0.800201 0.550354 0.238303 0.295499 0.289628
  39 0.878074 -2.149114 -0.272733 -0.800201 0.550354 0.238303 0.297456 0.289628
knife_butterfly.bmp
  39 0.888074 -2.139114 -0.262733 -0.800201 0.550354 0.238303 0.295499 0.289628
  39 0.888074 -2.099114 -0.332733 -0.802121 0.519924 0.293737 0.295499 0.281800
  39 0.878074 -2.149114 -0.272733 -0.800201 0.550354 0.238303 0.297456 0.289628
knife_butterfly.bmp
  39 0.878074 -2.149114 -0.272733 -0.800201 0.550354 0.238303 0.297456 0.289628
  39 0.888074 -2.099114 -0.332733 -0.802121 0.519924 0.293737 0.295499 0.281800
  39 0.878074 -2.109114 -0.352733 -0.802121 0.519924 0.293737 0.299413 0.279843
knife_butterfly.bmp
  39 0.888074 -2.099114 -0.332733 -0.802121 0.519924 0.293737 0.295499 0.281800
  39 0.878074 -2.079114 -0.362733 -0.846590 0.441600 0.297110 0.295499 0.277886
  39 0.878074 -2.109114 -0.352733 -0.802121 0.519924 0.293737 0.299413 0.279843
knife_butterfly.bmp
  39 0.878074 -2.109114 -0.352733 -0.802121 0.519924 0.293737 0.299413 0.279843
  39 0.878074 -2.079114 -0.362733 -0.846590 0.441600 0.297110 0.295499 0.277886
  39 0.858074 -2.089114 -0.382733 -0.866365 0.417147 0.274591 0.297456 0.277886
knife_butterfly.bmp
  39 0.878074 -2.079114 -0.362733 -0.846590 0.441600 0.297110 0.295499 0.277886
  39 0.868074 -2.059114 -0.382733 -0.880041 0.378923 0.286259 0.295499 0.275930
  39 0.858074 -2.089114 -0.382733 -0.866365 0.417147 0.274591 0.297456 0.277886
knife_butterfly.bmp
  39 0.858074 -2.089114 -0.382733 -0.866365 0.417147 0.274591 0.297456 0.277886
  39 0.868074 -2.059114 -0.382733 -0.880041 0.378923 0.286259 0.295499 0.275930
  39 0.858074 -2.069114 -0.402733 -0.888702 0.407411 0.210299 0.297456 0.273973
knife_butterfly.bmp
  39 0.868074 -2.059114 -0.382733 -0.880041 0.378923 0.286259 0.295499 0.275930
  39 0.868074 -2.049114 -0.392733 -0.897035 0.410709 0.163239 0.295499 0.273973
  39 0.858074 -2.069114 -0.402733 -0.888702 0.407411 0.210299 0.297456 0.273973
knife_butterfly.bmp
  39 0.858074 -2.069114 -0.402733 -0.888702 0.407411 0.210299 0.297456 0.273973
  39 0.868074 -2.049114 -0.392733 -0.897035 0.410709 0.163239 0.295499 0.273973
  39 0.868074 -2.049114 -0.412733 -0.879728 0.475192 0.016470 0.295499 0.272016
knife_butterfly.bmp
  37 0.630000 -2.050000 1.140001 -0.311896 0.949534 -0.033256 0.506849 0.771037
  37 0.630000 -2.050000 1.130001 -0.311895 0.903641 0.293522 0.506849 0.771037
  37 0.590000 -2.060000 1.140001 -0.311896 0.949534 -0.033256 0.504892 0.771037
knife_butterfly.bmp
  37 0.590000 -2.060000 1.140001 -0.311896 0.949534 -0.033256 0.504892 0.771037
  37 0.630000 -2.050000 1.130001 -0.311895 0.903641 0.293522 0.506849 0.771037
  37 0.590000 -2.060000 1.130001 -0.311895 0.903641 0.293522 0.504892 0.771037
knife_butterfly.bmp
  37 0.630000 -2.050000 1.130001 -0.311895 0.903641 0.293522 0.506849 0.771037
  37 0.630000 -2.040000 1.120001 -0.311926 0.748779 0.584835 0.506849 0.772994
  37 0.590000 -2.060000 1.130001 -0.311895 0.903641 0.293522 0.504892 0.771037
knife_butterfly.bmp
  37 0.590000 -2.060000 1.130001 -0.311895 0.903641 0.293522 0.504892 0.771037
  37 0.630000 -2.040000 1.120001 -0.311926 0.748779 0.584835 0.506849 0.772994
  37 0.590000 -2.050000 1.110001 -0.311926 0.748779 0.584835 0.504892 0.772994
knife_butterfly.bmp
  37 0.630000 -2.040000 1.120001 -0.311926 0.748779 0.584835 0.506849 0.772994
  37 0.630000 -2.040000 1.110001 -0.311930 0.503583 0.805670 0.506849 0.772994
  37 0.590000 -2.050000 1.110001 -0.311926 0.748779 0.584835 0.504892 0.772994
knife_butterfly.bmp
  37 0.590000 -2.050000 1.110001 -0.311926 0.748779 0.584835 0.504892 0.772994
  37 0.630000 -2.040000 1.110001 -0.311930 0.503583 0.805670 0.506849 0.772994
  37 0.590000 -2.040000 1.090001 -0.311930 0.503583 0.805670 0.504892 0.772994
knife_butterfly.bmp
  37 0.630000 -2.040000 1.110001 -0.311930 0.503583 0.805670 0.506849 0.772994
  37 0.630000 -2.020000 1.090001 -0.311921 0.197627 0.929327 0.506849 0.772994
  37 0.590000 -2.040000 1.090001 -0.311930 0.503583 0.805670 0.504892 0.772994
knife_butterfly.bmp
  37 0.590000 -2.040000 1.090001 -0.311930 0.503583 0.805670 0.504892 0.772994
  37 0.630000 -2.020000 1.090001 -0.311921 0.197627 0.929327 0.506849 0.772994
  37 0.590000 -2.030000 1.080001 -0.311921 0.197627 0.929327 0.504892 0.772994
knife_butterfly.bmp
  37 0.630000 -2.020000 1.090001 -0.311921 0.197627 0.929327 0.506849 0.772994
  37 0.630000 -2.010000 1.090001 -0.311919 -0.132130 0.940876 0.506849 0.772994
  37 0.590000 -2.030000 1.080001 -0.311921 0.197627 0.929327 0.504892 0.772994
knife_butterfly.bmp
  37 0.590000 -2.030000 1.080001 -0.311921 0.197627 0.929327 0.504892 0.772994
  37 0.630000 -2.010000 1.090001 -0.311919 -0.132130 0.940876 0.506849 0.772994
  37 0.590000 -2.010000 1.080001 -0.311919 -0.132130 0.940876 0.506849 0.774951
knife_butterfly.bmp
  37 0.630000 -2.010000 1.090001 -0.311919 -0.132130 0.940876 0.506849 0.772994
  37 0.630000 -2.000000 1.090001 -0.311918 -0.445945 0.838952 0.506849 0.772994
  37 0.590000 -2.010000 1.080001 -0.311919 -0.132130 0.940876 0.506849 0.774951
knife_butterfly.bmp
  37 0.590000 -2.010000 1.080001 -0.311919 -0.132130 0.940876 0.506849 0.774951
  37 0.630000 -2.000000 1.090001 -0.311918 -0.445945 0.838952 0.506849 0.772994
  37 0.590000 -2.000000 1.080001 -0.311918 -0.445945 0.838952 0.506849 0.774951
knife_butterfly.bmp
  37 0.630000 -2.000000 1.090001 -0.311918 -0.445945 0.838952 0.506849 0.772994
  37 0.630000 -2.000000 1.100001 -0.311917 -0.705991 0.635833 0.508806 0.772994
  37 0.590000 -2.000000 1.080001 -0.311918 -0.445945 0.838952 0.506849 0.774951
knife_butterfly.bmp
  37 0.590000 -2.000000 1.080001 -0.311918 -0.445945 0.838952 0.506849 0.774951
  37 0.630000 -2.000000 1.100001 -0.311917 -0.705991 0.635833 0.508806 0.772994
  37 0.590000 -2.000000 1.090001 -0.311917 -0.705991 0.635833 0.508806 0.774951
knife_butterfly.bmp
  37 0.630000 -2.000000 1.100001 -0.311917 -0.705991 0.635833 0.508806 0.772994
  37 0.630000 -2.000000 1.110001 -0.311924 -0.880882 0.356021 0.508806 0.772994
  37 0.590000 -2.000000 1.090001 -0.311917 -0.705991 0.635833 0.508806 0.774951
knife_butterfly.bmp
  37 0.590000 -2.000000 1.090001 -0.311917 -0.705991 0.635833 0.508806 0.774951
  37 0.630000 -2.000000 1.110001 -0.311924 -0.880882 0.356021 0.508806 0.772994
  37 0.590000 -2.000000 1.100001 -0.311924 -0.880882 0.356021 0.508806 0.774951
knife_butterfly.bmp
  37 0.630000 -2.000000 1.110001 -0.311924 -0.880882 0.356021 0.508806 0.772994
  37 0.630000 -2.000000 1.120001 -0.311921 -0.949526 0.033261 0.508806 0.772994
  37 0.590000 -2.000000 1.100001 -0.311924 -0.880882 0.356021 0.508806 0.774951
knife_butterfly.bmp
  37 0.590000 -2.000000 1.100001 -0.311924 -0.880882 0.356021 0.508806 0.774951
  37 0.630000 -2.000000 1.120001 -0.311921 -0.949526 0.033261 0.508806 0.772994
  37 0.590000 -1.990000 1.120001 -0.311921 -0.949526 0.033261 0.510763 0.772994
knife_butterfly.bmp
  37 0.630000 -2.000000 1.120001 -0.311921 -0.949526 0.033261 0.508806 0.772994
  37 0.630000 -2.000000 1.150001 -0.311922 -0.903645 -0.293481 0.508806 0.772994
  37 0.590000 -1.990000 1.120001 -0.311921 -0.949526 0.033261 0.510763 0.772994
knife_butterfly.bmp
  37 0.590000 -1.990000 1.120001 -0.311921 -0.949526 0.033261 0.510763 0.772994
  37 0.630000 -2.000000 1.150001 -0.311922 -0.903645 -0.293481 0.508806 0.772994
  37 0.590000 -1.990000 1.140001 -0.311922 -0.903645 -0.293481 0.510763 0.772994
knife_butterfly.bmp
  37 0.630000 -2.000000 1.150001 -0.311922 -0.903645 -0.293481 0.508806 0.772994
  37 0.630000 -2.000000 1.160001 -0.311924 -0.748768 -0.584850 0.508806 0.772994
  37 0.590000 -1.990000 1.140001 -0.311922 -0.903645 -0.293481 0.510763 0.772994
knife_butterfly.bmp
  37 0.590000 -1.990000 1.140001 -0.311922 -0.903645 -0.293481 0.510763 0.772994
  37 0.630000 -2.000000 1.160001 -0.311924 -0.748768 -0.584850 0.508806 0.772994
  37 0.590000 -2.000000 1.170001 -0.311924 -0.748768 -0.584850 0.510763 0.772994
knife_butterfly.bmp
  37 0.630000 -2.000000 1.160001 -0.311924 -0.748768 -0.584850 0.508806 0.772994
  37 0.630000 -2.000000 1.170001 -0.311920 -0.503573 -0.805680 0.508806 0.771037
  37 0.590000 -2.000000 1.170001 -0.311924 -0.748768 -0.584850 0.510763 0.772994
knife_butterfly.bmp
  37 0.590000 -2.000000 1.170001 -0.311924 -0.748768 -0.584850 0.510763 0.772994
  37 0.630000 -2.000000 1.170001 -0.311920 -0.503573 -0.805680 0.508806 0.771037
  37 0.590000 -2.000000 1.170001 -0.311920 -0.503573 -0.805680 0.510763 0.771037
knife_butterfly.bmp
  37 0.630000 -2.000000 1.170001 -0.311920 -0.503573 -0.805680 0.508806 0.771037
  37 0.630000 -2.010000 1.170001 -0.311921 -0.197640 -0.929324 0.508806 0.771037
  37 0.590000 -2.000000 1.170001 -0.311920 -0.503573 -0.805680 0.510763 0.771037
knife_butterfly.bmp
  37 0.590000 -2.000000 1.170001 -0.311920 -0.503573 -0.805680 0.510763 0.771037
  37 0.630000 -2.010000 1.170001 -0.311921 -0.197640 -0.929324 0.508806 0.771037
  37 0.590000 -2.010000 1.170001 -0.311921 -0.197640 -0.929324 0.510763 0.771037
knife_butterfly.bmp
  37 0.630000 -2.010000 1.170001 -0.311921 -0.197640 -0.929324 0.508806 0.771037
  37 0.630000 -2.020000 1.170001 -0.311920 0.132132 -0.940876 0.508806 0.771037
  37 0.590000 -2.010000 1.170001 -0.311921 -0.197640 -0.929324 0.510763 0.771037
knife_butterfly.bmp
  37 0.590000 -2.010000 1.170001 -0.311921 -0.197640 -0.929324 0.510763 0.771037
  37 0.630000 -2.020000 1.170001 -0.311920 0.132132 -0.940876 0.508806 0.771037
  37 0.590000 -2.020000 1.170001 -0.311920 0.132132 -0.940876 0.508806 0.769080
knife_butterfly.bmp
  37 0.630000 -2.020000 1.170001 -0.311920 0.132132 -0.940876 0.508806 0.771037
  37 0.630000 -2.030000 1.170001 -0.311923 0.445930 -0.838958 0.508806 0.771037
  37 0.590000 -2.020000 1.170001 -0.311920 0.132132 -0.940876 0.508806 0.769080
knife_butterfly.bmp
  37 0.590000 -2.020000 1.170001 -0.311920 0.132132 -0.940876 0.508806 0.769080
  37 0.630000 -2.030000 1.170001 -0.311923 0.445930 -0.838958 0.508806 0.771037
  37 0.590000 -2.040000 1.170001 -0.311923 0.445930 -0.838958 0.508806 0.769080
knife_butterfly.bmp
  37 0.630000 -2.030000 1.170001 -0.311923 0.445930 -0.838958 0.508806 0.771037
  37 0.630000 -2.040000 1.160001 -0.311922 0.705985 -0.635838 0.506849 0.771037
  37 0.590000 -2.040000 1.170001 -0.311923 0.445930 -0.838958 0.508806 0.769080
knife_butterfly.bmp
  37 0.590000 -2.040000 1.170001 -0.311923 0.445930 -0.838958 0.508806 0.769080
  37 0.630000 -2.040000 1.160001 -0.311922 0.705985 -0.635838 0.506849 0.771037
  37 0.590000 -2.050000 1.170001 -0.311922 0.705985 -0.635838 0.506849 0.769080
knife_butterfly.bmp
  37 0.630000 -2.040000 1.160001 -0.311922 0.705985 -0.635838 0.506849 0.771037
  37 0.630000 -2.050000 1.150001 -0.311902 0.880897 -0.356002 0.506849 0.771037
  37 0.590000 -2.050000 1.170001 -0.311922 0.705985 -0.635838 0.506849 0.769080
knife_butterfly.bmp
  37 0.590000 -2.050000 1.170001 -0.311922 0.705985 -0.635838 0.506849 0.769080
  37 0.630000 -2.050000 1.150001 -0.311902 0.880897 -0.356002 0.506849 0.771037
  37 0.590000 -2.060000 1.160001 -0.311902 0.880897 -0.356002 0.506849 0.769080
knife_butterfly.bmp
  37 0.630000 -2.050000 1.150001 -0.311902 0.880897 -0.356002 0.506849 0.771037
  37 0.630000 -2.050000 1.140001 -0.311896 0.949534 -0.033256 0.506849 0.771037
  37 0.590000 -2.060000 1.160001 -0.311902 0.880897 -0.356002 0.506849 0.769080
knife_butterfly.bmp
  37 0.590000 -2.060000 1.160001 -0.311902 0.880897 -0.356002 0.506849 0.769080
  37 0.630000 -2.050000 1.140001 -0.311896 0.949534 -0.033256 0.506849 0.771037
  37 0.590000 -2.060000 1.140001 -0.311896 0.949534 -0.033256 0.504892 0.771037
knife_butterfly.bmp
  37 0.620000 -1.960000 1.150001 -0.683222 0.694494 0.225577 0.512720 0.772994
  37 0.620000 -1.960000 1.120001 -0.683230 0.729755 -0.025567 0.510763 0.774951
  37 0.590000 -1.970000 1.140001 -0.900978 0.412645 0.134027 0.510763 0.772994
knife_butterfly.bmp
  37 0.590000 -1.970000 1.140001 -0.900978 0.412645 0.134027 0.510763 0.772994
  37 0.620000 -1.960000 1.120001 -0.683230 0.729755 -0.025567 0.510763 0.774951
  37 0.590000 -1.970000 1.120001 -0.900981 0.433593 -0.015197 0.510763 0.774951
knife_butterfly.bmp
  37 0.620000 -1.960000 1.120001 -0.683230 0.729755 -0.025567 0.510763 0.774951
  37 0.620000 -1.960000 1.090001 -0.683227 0.677002 -0.273622 0.510763 0.774951
  37 0.590000 -1.970000 1.120001 -0.900981 0.433593 -0.015197 0.510763 0.774951
knife_butterfly.bmp
  37 0.590000 -1.970000 1.120001 -0.900981 0.433593 -0.015197 0.510763 0.774951
  37 0.620000 -1.960000 1.090001 -0.683227 0.677002 -0.273622 0.510763 0.774951
  37 0.590000 -1.970000 1.100001 -0.900979 0.402251 -0.162577 0.508806 0.774951
knife_butterfly.bmp
  37 0.620000 -1.960000 1.090001 -0.683227 0.677002 -0.273622 0.510763 0.774951
  37 0.620000 -1.980000 1.070001 -0.683214 0.542603 -0.488673 0.508806 0.776908
  37 0.590000 -1.970000 1.100001 -0.900979 0.402251 -0.162577 0.508806 0.774951
knife_butterfly.bmp
  37 0.590000 -1.970000 1.100001 -0.900979 0.402251 -0.162577 0.508806 0.774951
  37 0.620000 -1.980000 1.070001 -0.683214 0.542603 -0.488673 0.508806 0.776908
  37 0.590000 -1.990000 1.080001 -0.900972 0.322405 -0.290351 0.508806 0.774951
knife_butterfly.bmp
  37 0.620000 -1.980000 1.070001 -0.683214 0.542603 -0.488673 0.508806 0.776908
  37 0.620000 -2.000000 1.050001 -0.683220 0.342739 -0.644779 0.506849 0.776908
  37 0.590000 -1.990000 1.080001 -0.900972 0.322405 -0.290351 0.508806 0.774951
knife_butterfly.bmp
  37 0.590000 -1.990000 1.080001 -0.900972 0.322405 -0.290351 0.508806 0.774951
  37 0.620000 -2.000000 1.050001 -0.683220 0.342739 -0.644779 0.506849 0.776908
  37 0.590000 -2.000000 1.060001 -0.900977 0.203646 -0.383104 0.506849 0.774951
knife_butterfly.bmp
  37 0.620000 -2.000000 1.050001 -0.683220 0.342739 -0.644779 0.506849 0.776908
  37 0.620000 -2.010000 1.050001 -0.683229 0.101530 -0.723111 0.504892 0.776908
  37 0.590000 -2.000000 1.060001 -0.900977 0.203646 -0.383104 0.506849 0.774951
knife_butterfly.bmp
  37 0.590000 -2.000000 1.060001 -0.900977 0.203646 -0.383104 0.506849 0.774951
  37 0.620000 -2.010000 1.050001 -0.683229 0.101530 -0.723111 0.504892 0.776908
  37 0.590000 -2.010000 1.050001 -0.900978 0.060330 -0.429649 0.506849 0.774951
knife_butterfly.bmp
  37 0.620000 -2.010000 1.050001 -0.683229 0.101530 -0.723111 0.504892 0.776908
  37 0.620000 -2.030000 1.050001 -0.683217 -0.151904 -0.714240 0.504892 0.774951
  37 0.590000 -2.010000 1.050001 -0.900978 0.060330 -0.429649 0.506849 0.774951
knife_butterfly.bmp
  37 0.590000 -2.010000 1.050001 -0.900978 0.060330 -0.429649 0.506849 0.774951
  37 0.620000 -2.030000 1.050001 -0.683217 -0.151904 -0.714240 0.504892 0.774951
  37 0.590000 -2.030000 1.050001 -0.900975 -0.090255 -0.424379 0.504892 0.774951
knife_butterfly.bmp
  37 0.620000 -2.030000 1.050001 -0.683217 -0.151904 -0.714240 0.504892 0.774951
  37 0.620000 -2.060000 1.050001 -0.683221 -0.387027 -0.619209 0.502935 0.772994
  37 0.590000 -2.030000 1.050001 -0.900975 -0.090255 -0.424379 0.504892 0.774951
knife_butterfly.bmp
  37 0.590000 -2.030000 1.050001 -0.900975 -0.090255 -0.424379 0.504892 0.774951
  37 0.620000 -2.060000 1.050001 -0.683221 -0.387027 -0.619209 0.502935 0.772994
  37 0.590000 -2.050000 1.060001 -0.900977 -0.229959 -0.367912 0.504892 0.772994
knife_butterfly.bmp
  37 0.620000 -2.060000 1.050001 -0.683221 -0.387027 -0.619209 0.502935 0.772994
  37 0.620000 -2.080000 1.090001 -0.683224 -0.575466 -0.449493 0.502935 0.772994
  37 0.590000 -2.050000 1.060001 -0.900977 -0.229959 -0.367912 0.504892 0.772994
knife_butterfly.bmp
  37 0.590000 -2.050000 1.060001 -0.900977 -0.229959 -0.367912 0.504892 0.772994
  37 0.620000 -2.080000 1.090001 -0.683224 -0.575466 -0.449493 0.502935 0.772994
  37 0.590000 -2.070000 1.100001 -0.900978 -0.341920 -0.267074 0.504892 0.772994
knife_butterfly.bmp
  37 0.620000 -2.080000 1.090001 -0.683224 -0.575466 -0.449493 0.502935 0.772994
  37 0.620000 -2.100000 1.120001 -0.683223 -0.694494 -0.225577 0.502935 0.771037
  37 0.590000 -2.070000 1.100001 -0.900978 -0.341920 -0.267074 0.504892 0.772994
knife_butterfly.bmp
  37 0.590000 -2.070000 1.100001 -0.900978 -0.341920 -0.267074 0.504892 0.772994
  37 0.620000 -2.100000 1.120001 -0.683223 -0.694494 -0.225577 0.502935 0.771037
  37 0.590000 -2.080000 1.120001 -0.900978 -0.412644 -0.134028 0.504892 0.771037
knife_butterfly.bmp
  37 0.620000 -2.100000 1.120001 -0.683223 -0.694494 -0.225577 0.502935 0.771037
  37 0.620000 -2.100000 1.140001 -0.683230 -0.729755 0.025564 0.504892 0.769080
  37 0.590000 -2.080000 1.120001 -0.900978 -0.412644 -0.134028 0.504892 0.771037
knife_butterfly.bmp
  37 0.590000 -2.080000 1.120001 -0.900978 -0.412644 -0.134028 0.504892 0.771037
  37 0.620000 -2.100000 1.140001 -0.683230 -0.729755 0.025564 0.504892 0.769080
  37 0.590000 -2.090000 1.140001 -0.900981 -0.433593 0.015192 0.504892 0.769080
knife_butterfly.bmp
  37 0.620000 -2.100000 1.140001 -0.683230 -0.729755 0.025564 0.504892 0.769080
  37 0.620000 -2.090000 1.170001 -0.683211 -0.677022 0.273612 0.504892 0.769080
  37 0.590000 -2.090000 1.140001 -0.900981 -0.433593 0.015192 0.504892 0.769080
knife_butterfly.bmp
  37 0.590000 -2.090000 1.140001 -0.900981 -0.433593 0.015192 0.504892 0.769080
  37 0.620000 -2.090000 1.170001 -0.683211 -0.677022 0.273612 0.504892 0.769080
  37 0.590000 -2.080000 1.170001 -0.900972 -0.402268 0.162573 0.506849 0.769080
knife_butterfly.bmp
  37 0.620000 -2.090000 1.170001 -0.683211 -0.677022 0.273612 0.504892 0.769080
  37 0.620000 -2.080000 1.190001 -0.683227 -0.542588 0.488670 0.506849 0.767123
  37 0.590000 -2.080000 1.170001 -0.900972 -0.402268 0.162573 0.506849 0.769080
knife_butterfly.bmp
  37 0.590000 -2.080000 1.170001 -0.900972 -0.402268 0.162573 0.506849 0.769080
  37 0.620000 -2.080000 1.190001 -0.683227 -0.542588 0.488670 0.506849 0.767123
  37 0.590000 -2.070000 1.170001 -0.900981 -0.322382 0.290351 0.506849 0.769080
knife_butterfly.bmp
  37 0.620000 -2.080000 1.190001 -0.683227 -0.542588 0.488670 0.506849 0.767123
  37 0.620000 -2.060000 1.190001 -0.683224 -0.342734 0.644778 0.508806 0.767123
  37 0.590000 -2.070000 1.170001 -0.900981 -0.322382 0.290351 0.506849 0.769080
knife_butterfly.bmp
  37 0.590000 -2.070000 1.170001 -0.900981 -0.322382 0.290351 0.506849 0.769080
  37 0.620000 -2.060000 1.190001 -0.683224 -0.342734 0.644778 0.508806 0.767123
  37 0.590000 -2.050000 1.180001 -0.900977 -0.203646 0.383104 0.508806 0.769080
knife_butterfly.bmp
  37 0.620000 -2.060000 1.190001 -0.683224 -0.342734 0.644778 0.508806 0.767123
  37 0.620000 -2.030000 1.200001 -0.683229 -0.101530 0.723111 0.510763 0.769080
  37 0.590000 -2.050000 1.180001 -0.900977 -0.203646 0.383104 0.508806 0.769080
knife_butterfly.bmp
  37 0.590000 -2.050000 1.180001 -0.900977 -0.203646 0.383104 0.508806 0.769080
  37 0.620000 -2.030000 1.200001 -0.683229 -0.101530 0.723111 0.510763 0.769080
  37 0.590000 -2.030000 1.190001 -0.900978 -0.060330 0.429649 0.508806 0.769080
knife_butterfly.bmp
  37 0.620000 -2.030000 1.200001 -0.683229 -0.101530 0.723111 0.510763 0.769080
  37 0.620000 -2.020000 1.200001 -0.683217 0.151905 0.714240 0.510763 0.769080
  37 0.590000 -2.030000 1.190001 -0.900978 -0.060330 0.429649 0.508806 0.769080
knife_butterfly.bmp
  37 0.590000 -2.030000 1.190001 -0.900978 -0.060330 0.429649 0.508806 0.769080
  37 0.620000 -2.020000 1.200001 -0.683217 0.151905 0.714240 0.510763 0.769080
  37 0.590000 -2.020000 1.190001 -0.900975 0.090256 0.424379 0.510763 0.769080
knife_butterfly.bmp
  37 0.620000 -2.020000 1.200001 -0.683217 0.151905 0.714240 0.510763 0.769080
  37 0.620000 -1.990000 1.190001 -0.683219 0.387028 0.619210 0.512720 0.771037
  37 0.590000 -2.020000 1.190001 -0.900975 0.090256 0.424379 0.510763 0.769080
knife_butterfly.bmp
  37 0.590000 -2.020000 1.190001 -0.900975 0.090256 0.424379 0.510763 0.769080
  37 0.620000 -1.990000 1.190001 -0.683219 0.387028 0.619210 0.512720 0.771037
  37 0.590000 -2.000000 1.180001 -0.900976 0.229960 0.367913 0.510763 0.771037
knife_butterfly.bmp
  37 0.620000 -1.990000 1.190001 -0.683219 0.387028 0.619210 0.512720 0.771037
  37 0.620000 -1.970000 1.170001 -0.683221 0.575467 0.449496 0.512720 0.772994
  37 0.590000 -2.000000 1.180001 -0.900976 0.229960 0.367913 0.510763 0.771037
knife_butterfly.bmp
  37 0.590000 -2.000000 1.180001 -0.900976 0.229960 0.367913 0.510763 0.771037
  37 0.620000 -1.970000 1.170001 -0.683221 0.575467 0.449496 0.512720 0.772994
  37 0.590000 -1.980000 1.170001 -0.900978 0.341921 0.267075 0.510763 0.772994
knife_butterfly.bmp
  37 0.620000 -1.970000 1.170001 -0.683221 0.575467 0.449496 0.512720 0.772994
  37 0.620000 -1.960000 1.150001 -0.683222 0.694494 0.225577 0.512720 0.772994
  37 0.590000 -1.980000 1.170001 -0.900978 0.341921 0.267075 0.510763 0.772994
knife_butterfly.bmp
  37 0.590000 -1.980000 1.170001 -0.900978 0.341921 0.267075 0.510763 0.772994
  37 0.620000 -1.960000 1.150001 -0.683222 0.694494 0.225577 0.512720 0.772994
  37 0.590000 -1.970000 1.140001 -0.900978 0.412645 0.134027 0.510763 0.772994
knife_butterfly.bmp
  37 0.590000 -1.970000 1.140001 -0.900978 0.412645 0.134027 0.510763 0.772994
  37 0.590000 -1.970000 1.120001 -0.900981 0.433593 -0.015197 0.510763 0.774951
  37 0.590000 -1.990000 1.140001 -1.000000 0.000000 0.000000 0.510763 0.772994
knife_butterfly.bmp
  37 0.590000 -1.990000 1.140001 -1.000000 0.000000 0.000000 0.510763 0.772994
  37 0.590000 -1.970000 1.120001 -0.900981 0.433593 -0.015197 0.510763 0.774951
  37 0.590000 -1.990000 1.120001 -1.000000 0.000000 0.000000 0.510763 0.772994
knife_butterfly.bmp
  37 0.590000 -1.970000 1.120001 -0.900981 0.433593 -0.015197 0.510763 0.774951
  37 0.590000 -1.970000 1.100001 -0.900979 0.402251 -0.162577 0.508806 0.774951
  37 0.590000 -1.990000 1.120001 -1.000000 0.000000 0.000000 0.510763 0.772994
knife_butterfly.bmp
  37 0.590000 -1.990000 1.120001 -1.000000 0.000000 0.000000 0.510763 0.772994
  37 0.590000 -1.970000 1.100001 -0.900979 0.402251 -0.162577 0.508806 0.774951
  37 0.590000 -2.000000 1.100001 -1.000000 0.000000 0.000000 0.508806 0.774951
knife_butterfly.bmp
  37 0.590000 -1.970000 1.100001 -0.900979 0.402251 -0.162577 0.508806 0.774951
  37 0.590000 -1.990000 1.080001 -0.900972 0.322405 -0.290351 0.508806 0.774951
  37 0.590000 -2.000000 1.100001 -1.000000 0.000000 0.000000 0.508806 0.774951
knife_butterfly.bmp
  37 0.590000 -2.000000 1.100001 -1.000000 0.000000 0.000000 0.508806 0.774951
  37 0.590000 -1.990000 1.080001 -0.900972 0.322405 -0.290351 0.508806 0.774951
  37 0.590000 -2.000000 1.090001 -1.000000 0.000000 0.000000 0.508806 0.774951
knife_butterfly.bmp
  37 0.590000 -1.990000 1.080001 -0.900972 0.322405 -0.290351 0.508806 0.774951
  37 0.590000 -2.000000 1.060001 -0.900977 0.203646 -0.383104 0.506849 0.774951
  37 0.590000 -2.000000 1.090001 -1.000000 0.000000 0.000000 0.508806 0.774951
knife_butterfly.bmp
  37 0.590000 -2.000000 1.090001 -1.000000 0.000000 0.000000 0.508806 0.774951
  37 0.590000 -2.000000 1.060001 -0.900977 0.203646 -0.383104 0.506849 0.774951
  37 0.590000 -2.000000 1.080001 -1.000000 0.000000 0.000000 0.506849 0.774951
knife_butterfly.bmp
  37 0.590000 -2.000000 1.060001 -0.900977 0.203646 -0.383104 0.506849 0.774951
  37 0.590000 -2.010000 1.050001 -0.900978 0.060330 -0.429649 0.506849 0.774951
  37 0.590000 -2.000000 1.080001 -1.000000 0.000000 0.000000 0.506849 0.774951
knife_butterfly.bmp
  37 0.590000 -2.000000 1.080001 -1.000000 0.000000 0.000000 0.506849 0.774951
  37 0.590000 -2.010000 1.050001 -0.900978 0.060330 -0.429649 0.506849 0.774951
  37 0.590000 -2.010000 1.080001 -1.000000 0.000000 0.000000 0.506849 0.774951
knife_butterfly.bmp
  37 0.590000 -2.010000 1.050001 -0.900978 0.060330 -0.429649 0.506849 0.774951
  37 0.590000 -2.030000 1.050001 -0.900975 -0.090255 -0.424379 0.504892 0.774951
  37 0.590000 -2.010000 1.080001 -1.000000 0.000000 0.000000 0.506849 0.774951
knife_butterfly.bmp
  37 0.590000 -2.010000 1.080001 -1.000000 0.000000 0.000000 0.506849 0.774951
  37 0.590000 -2.030000 1.050001 -0.900975 -0.090255 -0.424379 0.504892 0.774951
  37 0.590000 -2.030000 1.080001 -1.000000 0.000000 0.000000 0.504892 0.772994
knife_butterfly.bmp
  37 0.590000 -2.030000 1.050001 -0.900975 -0.090255 -0.424379 0.504892 0.774951
  37 0.590000 -2.050000 1.060001 -0.900977 -0.229959 -0.367912 0.504892 0.772994
  37 0.590000 -2.030000 1.080001 -1.000000 0.000000 0.000000 0.504892 0.772994
knife_butterfly.bmp
  37 0.590000 -2.030000 1.080001 -1.000000 0.000000 0.000000 0.504892 0.772994
  37 0.590000 -2.050000 1.060001 -0.900977 -0.229959 -0.367912 0.504892 0.772994
  37 0.590000 -2.040000 1.090001 -1.000000 0.000000 0.000000 0.504892 0.772994
knife_butterfly.bmp
  37 0.590000 -2.050000 1.060001 -0.900977 -0.229959 -0.367912 0.504892 0.772994
  37 0.590000 -2.070000 1.100001 -0.900978 -0.341920 -0.267074 0.504892 0.772994
  37 0.590000 -2.040000 1.090001 -1.000000 0.000000 0.000000 0.504892 0.772994
knife_butterfly.bmp
  37 0.590000 -2.040000 1.090001 -1.000000 0.000000 0.000000 0.504892 0.772994
  37 0.590000 -2.070000 1.100001 -0.900978 -0.341920 -0.267074 0.504892 0.772994
  37 0.590000 -2.050000 1.110001 -1.000000 0.000000 0.000000 0.504892 0.772994
knife_butterfly.bmp
  37 0.590000 -2.070000 1.100001 -0.900978 -0.341920 -0.267074 0.504892 0.772994
  37 0.590000 -2.080000 1.120001 -0.900978 -0.412644 -0.134028 0.504892 0.771037
  37 0.590000 -2.050000 1.110001 -1.000000 0.000000 0.000000 0.504892 0.772994
knife_butterfly.bmp
  37 0.590000 -2.050000 1.110001 -1.000000 0.000000 0.000000 0.504892 0.772994
  37 0.590000 -2.080000 1.120001 -0.900978 -0.412644 -0.134028 0.504892 0.771037
  37 0.590000 -2.060000 1.130001 -1.000000 0.000000 0.000000 0.504892 0.771037
knife_butterfly.bmp
  37 0.590000 -2.080000 1.120001 -0.900978 -0.412644 -0.134028 0.504892 0.771037
  37 0.590000 -2.090000 1.140001 -0.900981 -0.433593 0.015192 0.504892 0.769080
  37 0.590000 -2.060000 1.130001 -1.000000 0.000000 0.000000 0.504892 0.771037
knife_butterfly.bmp
  37 0.590000 -2.060000 1.130001 -1.000000 0.000000 0.000000 0.504892 0.771037
  37 0.590000 -2.090000 1.140001 -0.900981 -0.433593 0.015192 0.504892 0.769080
  37 0.590000 -2.060000 1.140001 -1.000000 0.000000 0.000000 0.504892 0.771037
knife_butterfly.bmp
  37 0.590000 -2.090000 1.140001 -0.900981 -0.433593 0.015192 0.504892 0.769080
  37 0.590000 -2.080000 1.170001 -0.900972 -0.402268 0.162573 0.506849 0.769080
  37 0.590000 -2.060000 1.140001 -1.000000 0.000000 0.000000 0.504892 0.771037
knife_butterfly.bmp
  37 0.590000 -2.060000 1.140001 -1.000000 0.000000 0.000000 0.504892 0.771037
  37 0.590000 -2.080000 1.170001 -0.900972 -0.402268 0.162573 0.506849 0.769080
  37 0.590000 -2.060000 1.160001 -1.000000 0.000000 0.000000 0.506849 0.769080
knife_butterfly.bmp
  37 0.590000 -2.080000 1.170001 -0.900972 -0.402268 0.162573 0.506849 0.769080
  37 0.590000 -2.070000 1.170001 -0.900981 -0.322382 0.290351 0.506849 0.769080
  37 0.590000 -2.060000 1.160001 -1.000000 0.000000 0.000000 0.506849 0.769080
knife_butterfly.bmp
  37 0.590000 -2.060000 1.160001 -1.000000 0.000000 0.000000 0.506849 0.769080
  37 0.590000 -2.070000 1.170001 -0.900981 -0.322382 0.290351 0.506849 0.769080
  37 0.590000 -2.050000 1.170001 -1.000000 0.000000 0.000000 0.506849 0.769080
knife_butterfly.bmp
  37 0.590000 -2.070000 1.170001 -0.900981 -0.322382 0.290351 0.506849 0.769080
  37 0.590000 -2.050000 1.180001 -0.900977 -0.203646 0.383104 0.508806 0.769080
  37 0.590000 -2.050000 1.170001 -1.000000 0.000000 0.000000 0.506849 0.769080
knife_butterfly.bmp
  37 0.590000 -2.050000 1.170001 -1.000000 0.000000 0.000000 0.506849 0.769080
  37 0.590000 -2.050000 1.180001 -0.900977 -0.203646 0.383104 0.508806 0.769080
  37 0.590000 -2.040000 1.170001 -1.000000 0.000000 0.000000 0.508806 0.769080
knife_butterfly.bmp
  37 0.590000 -2.050000 1.180001 -0.900977 -0.203646 0.383104 0.508806 0.769080
  37 0.590000 -2.030000 1.190001 -0.900978 -0.060330 0.429649 0.508806 0.769080
  37 0.590000 -2.040000 1.170001 -1.000000 0.000000 0.000000 0.508806 0.769080
knife_butterfly.bmp
  37 0.590000 -2.040000 1.170001 -1.000000 0.000000 0.000000 0.508806 0.769080
  37 0.590000 -2.030000 1.190001 -0.900978 -0.060330 0.429649 0.508806 0.769080
  37 0.590000 -2.020000 1.170001 -1.000000 0.000000 0.000000 0.508806 0.769080
knife_butterfly.bmp
  37 0.590000 -2.030000 1.190001 -0.900978 -0.060330 0.429649 0.508806 0.769080
  37 0.590000 -2.020000 1.190001 -0.900975 0.090256 0.424379 0.510763 0.769080
  37 0.590000 -2.020000 1.170001 -1.000000 0.000000 0.000000 0.508806 0.769080
knife_butterfly.bmp
  37 0.590000 -2.020000 1.170001 -1.000000 0.000000 0.000000 0.508806 0.769080
  37 0.590000 -2.020000 1.190001 -0.900975 0.090256 0.424379 0.510763 0.769080
  37 0.590000 -2.010000 1.170001 -1.000000 0.000000 0.000000 0.510763 0.771037
knife_butterfly.bmp
  37 0.590000 -2.020000 1.190001 -0.900975 0.090256 0.424379 0.510763 0.769080
  37 0.590000 -2.000000 1.180001 -0.900976 0.229960 0.367913 0.510763 0.771037
  37 0.590000 -2.010000 1.170001 -1.000000 0.000000 0.000000 0.510763 0.771037
knife_butterfly.bmp
  37 0.590000 -2.010000 1.170001 -1.000000 0.000000 0.000000 0.510763 0.771037
  37 0.590000 -2.000000 1.180001 -0.900976 0.229960 0.367913 0.510763 0.771037
  37 0.590000 -2.000000 1.170001 -1.000000 0.000000 0.000000 0.510763 0.771037
knife_butterfly.bmp
  37 0.590000 -2.000000 1.180001 -0.900976 0.229960 0.367913 0.510763 0.771037
  37 0.590000 -1.980000 1.170001 -0.900978 0.341921 0.267075 0.510763 0.772994
  37 0.590000 -2.000000 1.170001 -1.000000 0.000000 0.000000 0.510763 0.771037
knife_butterfly.bmp
  37 0.590000 -2.000000 1.170001 -1.000000 0.000000 0.000000 0.510763 0.771037
  37 0.590000 -1.980000 1.170001 -0.900978 0.341921 0.267075 0.510763 0.772994
  37 0.590000 -2.000000 1.170001 -1.000000 0.000000 0.000000 0.510763 0.772994
knife_butterfly.bmp
  37 0.590000 -1.980000 1.170001 -0.900978 0.341921 0.267075 0.510763 0.772994
  37 0.590000 -1.970000 1.140001 -0.900978 0.412645 0.134027 0.510763 0.772994
  37 0.590000 -2.000000 1.170001 -1.000000 0.000000 0.000000 0.510763 0.772994
knife_butterfly.bmp
  37 0.590000 -2.000000 1.170001 -1.000000 0.000000 0.000000 0.510763 0.772994
  37 0.590000 -1.970000 1.140001 -0.900978 0.412645 0.134027 0.510763 0.772994
  37 0.590000 -1.990000 1.140001 -1.000000 0.000000 0.000000 0.510763 0.772994
knife_butterfly.bmp
  37 1.000000 -2.020000 1.200001 0.000000 0.208016 0.978125 0.530333 0.802348
  37 1.000000 -1.990000 1.190001 0.000000 0.530018 0.847986 0.528376 0.802348
  37 0.620000 -2.020000 1.200001 0.000000 0.208016 0.978125 0.530333 0.778865
knife_butterfly.bmp
  37 0.620000 -2.020000 1.200001 0.000000 0.208016 0.978125 0.530333 0.778865
  37 1.000000 -1.990000 1.190001 0.000000 0.530018 0.847986 0.528376 0.802348
  37 0.620000 -1.990000 1.190001 0.000000 0.530018 0.847986 0.528376 0.778865
knife_butterfly.bmp
  37 1.000000 -1.990000 1.190001 0.000000 0.530018 0.847986 0.528376 0.802348
  37 1.000000 -1.970000 1.170001 -0.000001 0.788082 0.615570 0.526419 0.802348
  37 0.620000 -1.990000 1.190001 0.000000 0.530018 0.847986 0.528376 0.778865
knife_butterfly.bmp
  37 0.620000 -1.990000 1.190001 0.000000 0.530018 0.847986 0.528376 0.778865
  37 1.000000 -1.970000 1.170001 -0.000001 0.788082 0.615570 0.526419 0.802348
  37 0.620000 -1.970000 1.170001 -0.000001 0.788082 0.615570 0.526419 0.778865
knife_butterfly.bmp
  37 1.000000 -1.970000 1.170001 -0.000001 0.788082 0.615570 0.526419 0.802348
  37 1.000000 -1.960000 1.150001 0.000000 0.951096 0.308896 0.524462 0.802348
  37 0.620000 -1.970000 1.170001 -0.000001 0.788082 0.615570 0.526419 0.778865
knife_butterfly.bmp
  37 0.620000 -1.970000 1.170001 -0.000001 0.788082 0.615570 0.526419 0.778865
  37 1.000000 -1.960000 1.150001 0.000000 0.951096 0.308896 0.524462 0.802348
  37 0.620000 -1.960000 1.150001 0.000000 0.951096 0.308896 0.524462 0.778865
knife_butterfly.bmp
  37 1.000000 -1.960000 1.150001 0.000000 0.951096 0.308896 0.524462 0.802348
  37 1.000000 -1.960000 1.120001 0.000001 0.999387 -0.035012 0.522505 0.802348
  37 0.620000 -1.960000 1.150001 0.000000 0.951096 0.308896 0.524462 0.778865
knife_butterfly.bmp
  37 0.620000 -1.960000 1.150001 0.000000 0.951096 0.308896 0.524462 0.778865
  37 1.000000 -1.960000 1.120001 0.000001 0.999387 -0.035012 0.522505 0.802348
  37 0.620000 -1.960000 1.120001 0.000001 0.999387 -0.035012 0.522505 0.778865
knife_butterfly.bmp
  37 1.000000 -1.960000 1.120001 0.000001 0.999387 -0.035012 0.522505 0.802348
  37 1.000000 -1.960000 1.090001 0.000000 0.929011 -0.370053 0.520548 0.802348
  37 0.620000 -1.960000 1.120001 0.000001 0.999387 -0.035012 0.522505 0.778865
knife_butterfly.bmp
  37 0.620000 -1.960000 1.120001 0.000001 0.999387 -0.035012 0.522505 0.778865
  37 1.000000 -1.960000 1.090001 0.000000 0.929011 -0.370053 0.520548 0.802348
  37 0.620000 -1.960000 1.090001 0.000000 0.929011 -0.370053 0.520548 0.778865
knife_butterfly.bmp
  37 1.000000 -1.960000 1.090001 0.000000 0.929011 -0.370053 0.520548 0.802348
  37 1.000000 -1.980000 1.070001 0.000003 0.751485 -0.659750 0.518591 0.802348
  37 0.620000 -1.960000 1.090001 0.000000 0.929011 -0.370053 0.520548 0.778865
knife_butterfly.bmp
  37 0.620000 -1.960000 1.090001 0.000000 0.929011 -0.370053 0.520548 0.778865
  37 1.000000 -1.980000 1.070001 0.000003 0.751485 -0.659750 0.518591 0.802348
  37 0.620000 -1.980000 1.070001 0.000003 0.751485 -0.659750 0.518591 0.778865
knife_butterfly.bmp
  37 1.000000 -1.980000 1.070001 0.000003 0.751485 -0.659750 0.518591 0.802348
  37 1.000000 -2.000000 1.050001 0.000000 0.469373 -0.883000 0.518591 0.802348
  37 0.620000 -1.980000 1.070001 0.000003 0.751485 -0.659750 0.518591 0.778865
knife_butterfly.bmp
  37 0.620000 -1.980000 1.070001 0.000003 0.751485 -0.659750 0.518591 0.778865
  37 1.000000 -2.000000 1.050001 0.000000 0.469373 -0.883000 0.518591 0.802348
  37 0.620000 -2.000000 1.050001 0.000000 0.469373 -0.883000 0.518591 0.778865
knife_butterfly.bmp
  37 1.000000 -2.000000 1.050001 0.000000 0.469373 -0.883000 0.518591 0.802348
  37 1.000000 -2.010000 1.050001 -0.000001 0.119406 -0.992846 0.516634 0.802348
  37 0.620000 -2.000000 1.050001 0.000000 0.469373 -0.883000 0.518591 0.778865
knife_butterfly.bmp
  37 0.620000 -2.000000 1.050001 0.000000 0.469373 -0.883000 0.518591 0.778865
  37 1.000000 -2.010000 1.050001 -0.000001 0.119406 -0.992846 0.516634 0.802348
  37 0.620000 -2.010000 1.050001 -0.000001 0.119406 -0.992846 0.516634 0.778865
knife_butterfly.bmp
  37 1.000000 -2.010000 1.050001 -0.000001 0.119406 -0.992846 0.516634 0.802348
  37 1.000000 -2.030000 1.050001 0.000000 -0.208016 -0.978125 0.514677 0.802348
  37 0.620000 -2.010000 1.050001 -0.000001 0.119406 -0.992846 0.516634 0.778865
knife_butterfly.bmp
  37 0.620000 -2.010000 1.050001 -0.000001 0.119406 -0.992846 0.516634 0.778865
  37 1.000000 -2.030000 1.050001 0.000000 -0.208016 -0.978125 0.514677 0.802348
  37 0.620000 -2.030000 1.050001 0.000000 -0.208016 -0.978125 0.514677 0.778865
knife_butterfly.bmp
  37 1.000000 -2.030000 1.050001 0.000000 -0.208016 -0.978125 0.514677 0.802348
  37 1.000000 -2.060000 1.050001 0.000000 -0.530017 -0.847987 0.512720 0.802348
  37 0.620000 -2.030000 1.050001 0.000000 -0.208016 -0.978125 0.514677 0.778865
knife_butterfly.bmp
  37 0.620000 -2.030000 1.050001 0.000000 -0.208016 -0.978125 0.514677 0.778865
  37 1.000000 -2.060000 1.050001 0.000000 -0.530017 -0.847987 0.512720 0.802348
  37 0.620000 -2.060000 1.050001 0.000000 -0.530017 -0.847987 0.512720 0.778865
knife_butterfly.bmp
  37 1.000000 -2.060000 1.050001 0.000000 -0.530017 -0.847987 0.512720 0.802348
  37 1.000000 -2.080000 1.090001 0.000000 -0.808512 -0.588480 0.510763 0.802348
  37 0.620000 -2.060000 1.050001 0.000000 -0.530017 -0.847987 0.512720 0.778865
knife_butterfly.bmp
  37 0.620000 -2.060000 1.050001 0.000000 -0.530017 -0.847987 0.512720 0.778865
  37 1.000000 -2.080000 1.090001 0.000000 -0.808512 -0.588480 0.510763 0.802348
  37 0.620000 -2.080000 1.090001 0.000000 -0.808512 -0.588480 0.510763 0.778865
knife_butterfly.bmp
  37 1.000000 -2.080000 1.090001 0.000000 -0.808512 -0.588480 0.510763 0.802348
  37 1.000000 -2.100000 1.120001 0.000000 -0.951091 -0.308912 0.508806 0.802348
  37 0.620000 -2.080000 1.090001 0.000000 -0.808512 -0.588480 0.510763 0.778865
knife_butterfly.bmp
  37 0.620000 -2.080000 1.090001 0.000000 -0.808512 -0.588480 0.510763 0.778865
  37 1.000000 -2.100000 1.120001 0.000000 -0.951091 -0.308912 0.508806 0.802348
  37 0.620000 -2.100000 1.120001 0.000000 -0.951091 -0.308912 0.508806 0.778865
knife_butterfly.bmp
  37 1.000000 -2.100000 1.120001 0.000000 -0.951091 -0.308912 0.508806 0.802348
  37 1.000000 -2.100000 1.140001 0.000000 -0.999387 0.035008 0.506849 0.802348
  37 0.620000 -2.100000 1.120001 0.000000 -0.951091 -0.308912 0.508806 0.778865
knife_butterfly.bmp
  37 0.620000 -2.100000 1.120001 0.000000 -0.951091 -0.308912 0.508806 0.778865
  37 1.000000 -2.100000 1.140001 0.000000 -0.999387 0.035008 0.506849 0.802348
  37 0.620000 -2.100000 1.140001 0.000000 -0.999387 0.035008 0.506849 0.778865
knife_butterfly.bmp
  37 1.000000 -2.100000 1.140001 0.000000 -0.999387 0.035008 0.506849 0.802348
  37 1.000000 -2.090000 1.170001 0.000000 -0.929011 0.370053 0.504892 0.802348
  37 0.620000 -2.100000 1.140001 0.000000 -0.999387 0.035008 0.506849 0.778865
knife_butterfly.bmp
  37 0.620000 -2.100000 1.140001 0.000000 -0.999387 0.035008 0.506849 0.778865
  37 1.000000 -2.090000 1.170001 0.000000 -0.929011 0.370053 0.504892 0.802348
  37 0.620000 -2.090000 1.170001 0.000000 -0.929011 0.370053 0.504892 0.778865
knife_butterfly.bmp
  37 1.000000 -2.090000 1.170001 0.000000 -0.929011 0.370053 0.504892 0.802348
  37 1.000000 -2.080000 1.190001 0.000000 -0.751409 0.659837 0.502935 0.802348
  37 0.620000 -2.090000 1.170001 0.000000 -0.929011 0.370053 0.504892 0.778865
knife_butterfly.bmp
  37 0.620000 -2.090000 1.170001 0.000000 -0.929011 0.370053 0.504892 0.778865
  37 1.000000 -2.080000 1.190001 0.000000 -0.751409 0.659837 0.502935 0.802348
  37 0.620000 -2.080000 1.190001 0.000000 -0.751409 0.659837 0.502935 0.778865
knife_butterfly.bmp
  37 1.000000 -2.080000 1.190001 0.000000 -0.751409 0.659837 0.502935 0.802348
  37 1.000000 -2.060000 1.190001 0.000000 -0.469371 0.883001 0.500978 0.802348
  37 0.620000 -2.080000 1.190001 0.000000 -0.751409 0.659837 0.502935 0.778865
knife_butterfly.bmp
  37 0.620000 -2.080000 1.190001 0.000000 -0.751409 0.659837 0.502935 0.778865
  37 1.000000 -2.060000 1.190001 0.000000 -0.469371 0.883001 0.500978 0.802348
  37 0.620000 -2.060000 1.190001 0.000000 -0.469371 0.883001 0.500978 0.778865
knife_butterfly.bmp
  37 1.000000 -2.060000 1.190001 0.000000 -0.469371 0.883001 0.500978 0.802348
  37 1.000000 -2.030000 1.200001 -0.000002 -0.134625 0.990897 0.499022 0.802348
  37 0.620000 -2.060000 1.190001 0.000000 -0.469371 0.883001 0.500978 0.778865
knife_butterfly.bmp
  37 0.620000 -2.060000 1.190001 0.000000 -0.469371 0.883001 0.500978 0.778865
  37 1.000000 -2.030000 1.200001 -0.000002 -0.134625 0.990897 0.499022 0.802348
  37 0.620000 -2.030000 1.200001 -0.000002 -0.134625 0.990897 0.499022 0.778865
knife_butterfly.bmp
  37 1.000000 -2.030000 1.200001 -0.000002 -0.134625 0.990897 0.499022 0.802348
  37 1.000000 -2.020000 1.200001 0.000000 0.208016 0.978125 0.497065 0.802348
  37 0.620000 -2.030000 1.200001 -0.000002 -0.134625 0.990897 0.499022 0.778865
knife_butterfly.bmp
  37 0.620000 -2.030000 1.200001 -0.000002 -0.134625 0.990897 0.499022 0.778865
  37 1.000000 -2.020000 1.200001 0.000000 0.208016 0.978125 0.497065 0.802348
  37 0.620000 -2.020000 1.200001 0.000000 0.208016 0.978125 0.497065 0.778865
knife_butterfly.bmp
  37 1.370000 -2.060000 1.140001 0.311919 0.949525 -0.033287 0.506849 0.835616
  37 1.370000 -2.060000 1.130001 0.311923 0.903634 0.293511 0.506849 0.835616
  37 1.330000 -2.050000 1.130001 0.311923 0.903634 0.293511 0.506849 0.835616
knife_butterfly.bmp
  37 1.330000 -2.050000 1.130001 0.311923 0.903634 0.293511 0.506849 0.835616
  37 1.370000 -2.060000 1.130001 0.311923 0.903634 0.293511 0.506849 0.835616
  37 1.330000 -2.040000 1.120001 0.311920 0.748765 0.584856 0.506849 0.833659
knife_butterfly.bmp
  37 1.370000 -2.060000 1.130001 0.311923 0.903634 0.293511 0.506849 0.835616
  37 1.370000 -2.050000 1.110001 0.311920 0.748765 0.584856 0.506849 0.833659
  37 1.330000 -2.040000 1.120001 0.311920 0.748765 0.584856 0.506849 0.833659
knife_butterfly.bmp
  37 1.330000 -2.040000 1.120001 0.311920 0.748765 0.584856 0.506849 0.833659
  37 1.370000 -2.050000 1.110001 0.311920 0.748765 0.584856 0.506849 0.833659
  37 1.330000 -2.040000 1.110001 0.311923 0.503587 0.805670 0.506849 0.833659
knife_butterfly.bmp
  37 1.370000 -2.050000 1.110001 0.311920 0.748765 0.584856 0.506849 0.833659
  37 1.370000 -2.040000 1.090001 0.311923 0.503587 0.805670 0.506849 0.833659
  37 1.330000 -2.040000 1.110001 0.311923 0.503587 0.805670 0.506849 0.833659
knife_butterfly.bmp
  37 1.330000 -2.040000 1.110001 0.311923 0.503587 0.805670 0.506849 0.833659
  37 1.370000 -2.040000 1.090001 0.311923 0.503587 0.805670 0.506849 0.833659
  37 1.330000 -2.020000 1.090001 0.316017 0.206053 0.926108 0.506849 0.833659
knife_butterfly.bmp
  37 1.370000 -2.040000 1.090001 0.311923 0.503587 0.805670 0.506849 0.833659
  37 1.370000 -2.030000 1.080001 0.316017 0.206053 0.926108 0.506849 0.831703
  37 1.330000 -2.020000 1.090001 0.316017 0.206053 0.926108 0.506849 0.833659
knife_butterfly.bmp
  37 1.330000 -2.020000 1.090001 0.316017 0.206053 0.926108 0.506849 0.833659
  37 1.370000 -2.030000 1.080001 0.316017 0.206053 0.926108 0.506849 0.831703
  37 1.330000 -2.010000 1.090001 0.304140 -0.128447 0.943928 0.508806 0.833659
knife_butterfly.bmp
  37 1.370000 -2.030000 1.080001 0.316017 0.206053 0.926108 0.506849 0.831703
  37 1.370000 -2.010000 1.080001 0.304140 -0.128447 0.943928 0.506849 0.831703
  37 1.330000 -2.010000 1.090001 0.304140 -0.128447 0.943928 0.508806 0.833659
knife_butterfly.bmp
  37 1.330000 -2.010000 1.090001 0.304140 -0.128447 0.943928 0.508806 0.833659
  37 1.370000 -2.010000 1.080001 0.304140 -0.128447 0.943928 0.506849 0.831703
  37 1.330000 -2.000000 1.090001 0.311924 -0.445931 0.838957 0.508806 0.833659
knife_butterfly.bmp
  37 1.370000 -2.010000 1.080001 0.304140 -0.128447 0.943928 0.506849 0.831703
  37 1.370000 -2.000000 1.080001 0.311924 -0.445931 0.838957 0.508806 0.831703
  37 1.330000 -2.000000 1.090001 0.311924 -0.445931 0.838957 0.508806 0.833659
knife_butterfly.bmp
  37 1.330000 -2.000000 1.090001 0.311924 -0.445931 0.838957 0.508806 0.833659
  37 1.370000 -2.000000 1.080001 0.311924 -0.445931 0.838957 0.508806 0.831703
  37 1.330000 -2.000000 1.100001 0.311910 -0.705997 0.635830 0.508806 0.833659
knife_butterfly.bmp
  37 1.370000 -2.000000 1.080001 0.311924 -0.445931 0.838957 0.508806 0.831703
  37 1.370000 -2.000000 1.090001 0.311910 -0.705997 0.635830 0.508806 0.831703
  37 1.330000 -2.000000 1.100001 0.311910 -0.705997 0.635830 0.508806 0.833659
knife_butterfly.bmp
  37 1.330000 -2.000000 1.100001 0.311910 -0.705997 0.635830 0.508806 0.833659
  37 1.370000 -2.000000 1.090001 0.311910 -0.705997 0.635830 0.508806 0.831703
  37 1.330000 -2.000000 1.110001 0.311913 -0.880889 0.356013 0.508806 0.833659
knife_butterfly.bmp
  37 1.370000 -2.000000 1.090001 0.311910 -0.705997 0.635830 0.508806 0.831703
  37 1.370000 -2.000000 1.100001 0.311913 -0.880889 0.356013 0.510763 0.831703
  37 1.330000 -2.000000 1.110001 0.311913 -0.880889 0.356013 0.508806 0.833659
knife_butterfly.bmp
  37 1.330000 -2.000000 1.110001 0.311913 -0.880889 0.356013 0.508806 0.833659
  37 1.370000 -2.000000 1.100001 0.311913 -0.880889 0.356013 0.510763 0.831703
  37 1.330000 -2.000000 1.120001 0.311922 -0.949525 0.033268 0.508806 0.833659
knife_butterfly.bmp
  37 1.370000 -2.000000 1.100001 0.311913 -0.880889 0.356013 0.510763 0.831703
  37 1.370000 -1.990000 1.120001 0.311922 -0.949525 0.033268 0.510763 0.831703
  37 1.330000 -2.000000 1.120001 0.311922 -0.949525 0.033268 0.508806 0.833659
knife_butterfly.bmp
  37 1.330000 -2.000000 1.120001 0.311922 -0.949525 0.033268 0.508806 0.833659
  37 1.370000 -1.990000 1.120001 0.311922 -0.949525 0.033268 0.510763 0.831703
  37 1.330000 -2.000000 1.150001 0.311921 -0.903645 -0.293480 0.510763 0.833659
knife_butterfly.bmp
  37 1.370000 -1.990000 1.120001 0.311922 -0.949525 0.033268 0.510763 0.831703
  37 1.370000 -1.990000 1.140001 0.311921 -0.903645 -0.293480 0.510763 0.833659
  37 1.330000 -2.000000 1.150001 0.311921 -0.903645 -0.293480 0.510763 0.833659
knife_butterfly.bmp
  37 1.330000 -2.000000 1.150001 0.311921 -0.903645 -0.293480 0.510763 0.833659
  37 1.370000 -1.990000 1.140001 0.311921 -0.903645 -0.293480 0.510763 0.833659
  37 1.330000 -2.000000 1.160001 0.311925 -0.748768 -0.584850 0.510763 0.833659
knife_butterfly.bmp
  37 1.370000 -1.990000 1.140001 0.311921 -0.903645 -0.293480 0.510763 0.833659
  37 1.370000 -2.000000 1.170001 0.311925 -0.748768 -0.584850 0.510763 0.833659
  37 1.330000 -2.000000 1.160001 0.311925 -0.748768 -0.584850 0.510763 0.833659
knife_butterfly.bmp
  37 1.330000 -2.000000 1.160001 0.311925 -0.748768 -0.584850 0.510763 0.833659
  37 1.370000 -2.000000 1.170001 0.311925 -0.748768 -0.584850 0.510763 0.833659
  37 1.330000 -2.000000 1.170001 0.311909 -0.503561 -0.805692 0.510763 0.835616
knife_butterfly.bmp
  37 1.370000 -2.000000 1.170001 0.311925 -0.748768 -0.584850 0.510763 0.833659
  37 1.370000 -2.000000 1.170001 0.311909 -0.503561 -0.805692 0.510763 0.835616
  37 1.330000 -2.000000 1.170001 0.311909 -0.503561 -0.805692 0.510763 0.835616
knife_butterfly.bmp
  37 1.330000 -2.000000 1.170001 0.311909 -0.503561 -0.805692 0.510763 0.835616
  37 1.370000 -2.000000 1.170001 0.311909 -0.503561 -0.805692 0.510763 0.835616
  37 1.330000 -2.010000 1.170001 0.311901 -0.197636 -0.929332 0.508806 0.835616
knife_butterfly.bmp
  37 1.370000 -2.000000 1.170001 0.311909 -0.503561 -0.805692 0.510763 0.835616
  37 1.370000 -2.010000 1.170001 0.311901 -0.197636 -0.929332 0.510763 0.835616
  37 1.330000 -2.010000 1.170001 0.311901 -0.197636 -0.929332 0.508806 0.835616
knife_butterfly.bmp
  37 1.330000 -2.010000 1.170001 0.311901 -0.197636 -0.929332 0.508806 0.835616
  37 1.370000 -2.010000 1.170001 0.311901 -0.197636 -0.929332 0.510763 0.835616
  37 1.330000 -2.020000 1.170001 0.311912 0.132122 -0.940880 0.508806 0.835616
knife_butterfly.bmp
  37 1.370000 -2.010000 1.170001 0.311901 -0.197636 -0.929332 0.510763 0.835616
  37 1.370000 -2.020000 1.170001 0.311912 0.132122 -0.940880 0.510763 0.835616
  37 1.330000 -2.020000 1.170001 0.311912 0.132122 -0.940880 0.508806 0.835616
knife_butterfly.bmp
  37 1.330000 -2.020000 1.170001 0.311912 0.132122 -0.940880 0.508806 0.835616
  37 1.370000 -2.020000 1.170001 0.311912 0.132122 -0.940880 0.510763 0.835616
  37 1.330000 -2.030000 1.170001 0.311913 0.445980 -0.838935 0.508806 0.835616
knife_butterfly.bmp
  37 1.370000 -2.020000 1.170001 0.311912 0.132122 -0.940880 0.510763 0.835616
  37 1.370000 -2.040000 1.170001 0.311913 0.445980 -0.838935 0.508806 0.837573
  37 1.330000 -2.030000 1.170001 0.311913 0.445980 -0.838935 0.508806 0.835616
knife_butterfly.bmp
  37 1.330000 -2.030000 1.170001 0.311913 0.445980 -0.838935 0.508806 0.835616
  37 1.370000 -2.040000 1.170001 0.311913 0.445980 -0.838935 0.508806 0.837573
  37 1.330000 -2.040000 1.160001 0.311922 0.705989 -0.635833 0.508806 0.835616
knife_butterfly.bmp
  37 1.370000 -2.040000 1.170001 0.311913 0.445980 -0.838935 0.508806 0.837573
  37 1.370000 -2.050000 1.170001 0.311922 0.705989 -0.635833 0.508806 0.837573
  37 1.330000 -2.040000 1.160001 0.311922 0.705989 -0.635833 0.508806 0.835616
knife_butterfly.bmp
  37 1.330000 -2.040000 1.160001 0.311922 0.705989 -0.635833 0.508806 0.835616
  37 1.370000 -2.050000 1.170001 0.311922 0.705989 -0.635833 0.508806 0.837573
  37 1.330000 -2.050000 1.150001 0.311916 0.880877 -0.356039 0.508806 0.835616
knife_butterfly.bmp
  37 1.370000 -2.050000 1.170001 0.311922 0.705989 -0.635833 0.508806 0.837573
  37 1.370000 -2.060000 1.160001 0.311916 0.880877 -0.356039 0.506849 0.835616
  37 1.330000 -2.050000 1.150001 0.311916 0.880877 -0.356039 0.508806 0.835616
knife_butterfly.bmp
  37 1.330000 -2.050000 1.150001 0.311916 0.880877 -0.356039 0.508806 0.835616
  37 1.370000 -2.060000 1.160001 0.311916 0.880877 -0.356039 0.506849 0.835616
  37 1.330000 -2.050000 1.140001 0.311919 0.949525 -0.033287 0.506849 0.835616
knife_butterfly.bmp
  37 1.370000 -2.060000 1.160001 0.311916 0.880877 -0.356039 0.506849 0.835616
  37 1.370000 -2.060000 1.140001 0.311919 0.949525 -0.033287 0.506849 0.835616
  37 1.330000 -2.050000 1.140001 0.311919 0.949525 -0.033287 0.506849 0.835616
knife_butterfly.bmp
  37 1.330000 -2.050000 1.140001 0.311919 0.949525 -0.033287 0.506849 0.835616
  37 1.370000 -2.060000 1.140001 0.311919 0.949525 -0.033287 0.506849 0.835616
  37 1.330000 -2.050000 1.130001 0.311923 0.903634 0.293511 0.506849 0.835616
knife_butterfly.bmp
  37 1.370000 -2.090000 1.140001 0.900981 -0.433592 0.015189 0.506849 0.835616
  37 1.370000 -2.080000 1.120001 0.900977 -0.412647 -0.134023 0.504892 0.835616
  37 1.370000 -2.060000 1.130001 1.000000 0.000000 0.000000 0.506849 0.835616
knife_butterfly.bmp
  37 1.370000 -2.060000 1.130001 1.000000 0.000000 0.000000 0.506849 0.835616
  37 1.370000 -2.080000 1.120001 0.900977 -0.412647 -0.134023 0.504892 0.835616
  37 1.370000 -2.050000 1.110001 1.000000 0.000000 0.000000 0.506849 0.833659
knife_butterfly.bmp
  37 1.370000 -2.080000 1.120001 0.900977 -0.412647 -0.134023 0.504892 0.835616
  37 1.370000 -2.070000 1.100001 0.900970 -0.341934 -0.267083 0.504892 0.833659
  37 1.370000 -2.050000 1.110001 1.000000 0.000000 0.000000 0.506849 0.833659
knife_butterfly.bmp
  37 1.370000 -2.050000 1.110001 1.000000 0.000000 0.000000 0.506849 0.833659
  37 1.370000 -2.070000 1.100001 0.900970 -0.341934 -0.267083 0.504892 0.833659
  37 1.370000 -2.040000 1.090001 1.000000 0.000000 0.000000 0.506849 0.833659
knife_butterfly.bmp
  37 1.370000 -2.070000 1.100001 0.900970 -0.341934 -0.267083 0.504892 0.833659
  37 1.370000 -2.050000 1.060001 0.900977 -0.229956 -0.367913 0.504892 0.833659
  37 1.370000 -2.040000 1.090001 1.000000 0.000000 0.000000 0.506849 0.833659
knife_butterfly.bmp
  37 1.370000 -2.040000 1.090001 1.000000 0.000000 0.000000 0.506849 0.833659
  37 1.370000 -2.050000 1.060001 0.900977 -0.229956 -0.367913 0.504892 0.833659
  37 1.370000 -2.030000 1.080001 1.000000 0.000000 0.000000 0.506849 0.831703
knife_butterfly.bmp
  37 1.370000 -2.050000 1.060001 0.900977 -0.229956 -0.367913 0.504892 0.833659
  37 1.370000 -2.030000 1.050001 0.900975 -0.090255 -0.424379 0.506849 0.831703
  37 1.370000 -2.030000 1.080001 1.000000 0.000000 0.000000 0.506849 0.831703
knife_butterfly.bmp
  37 1.370000 -2.030000 1.080001 1.000000 0.000000 0.000000 0.506849 0.831703
  37 1.370000 -2.030000 1.050001 0.900975 -0.090255 -0.424379 0.506849 0.831703
  37 1.370000 -2.010000 1.080001 1.000000 0.000000 0.000000 0.506849 0.831703
knife_butterfly.bmp
  37 1.370000 -2.030000 1.050001 0.900975 -0.090255 -0.424379 0.506849 0.831703
  37 1.370000 -2.010000 1.050001 0.900974 0.060331 -0.429659 0.506849 0.831703
  37 1.370000 -2.010000 1.080001 1.000000 0.000000 0.000000 0.506849 0.831703
knife_butterfly.bmp
  37 1.370000 -2.010000 1.080001 1.000000 0.000000 0.000000 0.506849 0.831703
  37 1.370000 -2.010000 1.050001 0.900974 0.060331 -0.429659 0.506849 0.831703
  37 1.370000 -2.000000 1.080001 1.000000 0.000000 0.000000 0.508806 0.831703
knife_butterfly.bmp
  37 1.370000 -2.010000 1.050001 0.900974 0.060331 -0.429659 0.506849 0.831703
  37 1.370000 -2.000000 1.060001 0.900970 0.203651 -0.383118 0.508806 0.831703
  37 1.370000 -2.000000 1.080001 1.000000 0.000000 0.000000 0.508806 0.831703
knife_butterfly.bmp
  37 1.370000 -2.000000 1.080001 1.000000 0.000000 0.000000 0.508806 0.831703
  37 1.370000 -2.000000 1.060001 0.900970 0.203651 -0.383118 0.508806 0.831703
  37 1.370000 -2.000000 1.090001 1.000000 0.000000 0.000000 0.508806 0.831703
knife_butterfly.bmp
  37 1.370000 -2.000000 1.060001 0.900970 0.203651 -0.383118 0.508806 0.831703
  37 1.370000 -1.990000 1.080001 0.900967 0.322412 -0.290360 0.508806 0.831703
  37 1.370000 -2.000000 1.090001 1.000000 0.000000 0.000000 0.508806 0.831703
knife_butterfly.bmp
  37 1.370000 -2.000000 1.090001 1.000000 0.000000 0.000000 0.508806 0.831703
  37 1.370000 -1.990000 1.080001 0.900967 0.322412 -0.290360 0.508806 0.831703
  37 1.370000 -2.000000 1.100001 1.000000 0.000000 0.000000 0.510763 0.831703
knife_butterfly.bmp
  37 1.370000 -1.990000 1.080001 0.900967 0.322412 -0.290360 0.508806 0.831703
  37 1.370000 -1.970000 1.100001 0.900978 0.402252 -0.162579 0.510763 0.831703
  37 1.370000 -2.000000 1.100001 1.000000 0.000000 0.000000 0.510763 0.831703
knife_butterfly.bmp
  37 1.370000 -2.000000 1.100001 1.000000 0.000000 0.000000 0.510763 0.831703
  37 1.370000 -1.970000 1.100001 0.900978 0.402252 -0.162579 0.510763 0.831703
  37 1.370000 -1.990000 1.120001 1.000000 0.000000 0.000000 0.510763 0.831703
knife_butterfly.bmp
  37 1.370000 -1.970000 1.100001 0.900978 0.402252 -0.162579 0.510763 0.831703
  37 1.370000 -1.970000 1.120001 0.900975 0.433606 -0.015189 0.510763 0.831703
  37 1.370000 -1.990000 1.120001 1.000000 0.000000 0.000000 0.510763 0.831703
knife_butterfly.bmp
  37 1.370000 -1.990000 1.120001 1.000000 0.000000 0.000000 0.510763 0.831703
  37 1.370000 -1.970000 1.120001 0.900975 0.433606 -0.015189 0.510763 0.831703
  37 1.370000 -1.990000 1.140001 1.000000 0.000000 0.000000 0.510763 0.833659
knife_butterfly.bmp
  37 1.370000 -1.970000 1.120001 0.900975 0.433606 -0.015189 0.510763 0.831703
  37 1.370000 -1.970000 1.140001 0.900974 0.412653 0.134027 0.512720 0.833659
  37 1.370000 -1.990000 1.140001 1.000000 0.000000 0.000000 0.510763 0.833659
knife_butterfly.bmp
  37 1.370000 -1.990000 1.140001 1.000000 0.000000 0.000000 0.510763 0.833659
  37 1.370000 -1.970000 1.140001 0.900974 0.412653 0.134027 0.512720 0.833659
  37 1.370000 -2.000000 1.170001 1.000000 0.000000 0.000000 0.510763 0.833659
knife_butterfly.bmp
  37 1.370000 -1.970000 1.140001 0.900974 0.412653 0.134027 0.512720 0.833659
  37 1.370000 -1.980000 1.170001 0.900978 0.341923 0.267073 0.512720 0.833659
  37 1.370000 -2.000000 1.170001 1.000000 0.000000 0.000000 0.510763 0.833659
knife_butterfly.bmp
  37 1.370000 -2.000000 1.170001 1.000000 0.000000 0.000000 0.510763 0.833659
  37 1.370000 -1.980000 1.170001 0.900978 0.341923 0.267073 0.512720 0.833659
  37 1.370000 -2.000000 1.170001 1.000000 0.000000 0.000000 0.510763 0.835616
knife_butterfly.bmp
  37 1.370000 -1.980000 1.170001 0.900978 0.341923 0.267073 0.512720 0.833659
  37 1.370000 -2.000000 1.180001 0.900976 0.229957 0.367916 0.512720 0.835616
  37 1.370000 -2.000000 1.170001 1.000000 0.000000 0.000000 0.510763 0.835616
knife_butterfly.bmp
  37 1.370000 -2.000000 1.170001 1.000000 0.000000 0.000000 0.510763 0.835616
  37 1.370000 -2.000000 1.180001 0.900976 0.229957 0.367916 0.512720 0.835616
  37 1.370000 -2.010000 1.170001 1.000000 0.000000 0.000000 0.510763 0.835616
knife_butterfly.bmp
  37 1.370000 -2.000000 1.180001 0.900976 0.229957 0.367916 0.512720 0.835616
  37 1.370000 -2.020000 1.190001 0.900977 0.090251 0.424376 0.510763 0.835616
  37 1.370000 -2.010000 1.170001 1.000000 0.000000 0.000000 0.510763 0.835616
knife_butterfly.bmp
  37 1.370000 -2.010000 1.170001 1.000000 0.000000 0.000000 0.510763 0.835616
  37 1.370000 -2.020000 1.190001 0.900977 0.090251 0.424376 0.510763 0.835616
  37 1.370000 -2.020000 1.170001 1.000000 0.000000 0.000000 0.510763 0.835616
knife_butterfly.bmp
  37 1.370000 -2.020000 1.190001 0.900977 0.090251 0.424376 0.510763 0.835616
  37 1.370000 -2.030000 1.190001 0.900973 -0.060334 0.429659 0.510763 0.837573
  37 1.370000 -2.020000 1.170001 1.000000 0.000000 0.000000 0.510763 0.835616
knife_butterfly.bmp
  37 1.370000 -2.020000 1.170001 1.000000 0.000000 0.000000 0.510763 0.835616
  37 1.370000 -2.030000 1.190001 0.900973 -0.060334 0.429659 0.510763 0.837573
  37 1.370000 -2.040000 1.170001 1.000000 0.000000 0.000000 0.508806 0.837573
knife_butterfly.bmp
  37 1.370000 -2.030000 1.190001 0.900973 -0.060334 0.429659 0.510763 0.837573
  37 1.370000 -2.050000 1.180001 0.900974 -0.203646 0.383112 0.508806 0.837573
  37 1.370000 -2.040000 1.170001 1.000000 0.000000 0.000000 0.508806 0.837573
knife_butterfly.bmp
  37 1.370000 -2.040000 1.170001 1.000000 0.000000 0.000000 0.508806 0.837573
  37 1.370000 -2.050000 1.180001 0.900974 -0.203646 0.383112 0.508806 0.837573
  37 1.370000 -2.050000 1.170001 1.000000 0.000000 0.000000 0.508806 0.837573
knife_butterfly.bmp
  37 1.370000 -2.050000 1.180001 0.900974 -0.203646 0.383112 0.508806 0.837573
  37 1.370000 -2.070000 1.170001 0.900975 -0.322395 0.290354 0.508806 0.837573
  37 1.370000 -2.050000 1.170001 1.000000 0.000000 0.000000 0.508806 0.837573
knife_butterfly.bmp
  37 1.370000 -2.050000 1.170001 1.000000 0.000000 0.000000 0.508806 0.837573
  37 1.370000 -2.070000 1.170001 0.900975 -0.322395 0.290354 0.508806 0.837573
  37 1.370000 -2.060000 1.160001 1.000000 0.000000 0.000000 0.506849 0.835616
knife_butterfly.bmp
  37 1.370000 -2.070000 1.170001 0.900975 -0.322395 0.290354 0.508806 0.837573
  37 1.370000 -2.080000 1.170001 0.900974 -0.402264 0.162569 0.506849 0.837573
  37 1.370000 -2.060000 1.160001 1.000000 0.000000 0.000000 0.506849 0.835616
knife_butterfly.bmp
  37 1.370000 -2.060000 1.160001 1.000000 0.000000 0.000000 0.506849 0.835616
  37 1.370000 -2.080000 1.170001 0.900974 -0.402264 0.162569 0.506849 0.837573
  37 1.370000 -2.060000 1.140001 1.000000 0.000000 0.000000 0.506849 0.835616
knife_butterfly.bmp
  37 1.370000 -2.080000 1.170001 0.900974 -0.402264 0.162569 0.506849 0.837573
  37 1.370000 -2.090000 1.140001 0.900981 -0.433592 0.015189 0.506849 0.835616
  37 1.370000 -2.060000 1.140001 1.000000 0.000000 0.000000 0.506849 0.835616
knife_butterfly.bmp
  37 1.370000 -2.060000 1.140001 1.000000 0.000000 0.000000 0.506849 0.835616
  37 1.370000 -2.090000 1.140001 0.900981 -0.433592 0.015189 0.506849 0.835616
  37 1.370000 -2.060000 1.130001 1.000000 0.000000 0.000000 0.506849 0.835616
knife_butterfly.bmp
  37 1.350000 -2.100000 1.140001 0.683232 -0.729754 0.025568 0.504892 0.837573
  37 1.350000 -2.100000 1.120001 0.683213 -0.694507 -0.225569 0.504892 0.835616
  37 1.370000 -2.080000 1.120001 0.900977 -0.412647 -0.134023 0.504892 0.835616
knife_butterfly.bmp
  37 1.370000 -2.080000 1.120001 0.900977 -0.412647 -0.134023 0.504892 0.835616
  37 1.350000 -2.100000 1.120001 0.683213 -0.694507 -0.225569 0.504892 0.835616
  37 1.370000 -2.070000 1.100001 0.900970 -0.341934 -0.267083 0.504892 0.833659
knife_butterfly.bmp
  37 1.350000 -2.100000 1.120001 0.683213 -0.694507 -0.225569 0.504892 0.835616
  37 1.350000 -2.080000 1.090001 0.683209 -0.575476 -0.449503 0.504892 0.833659
  37 1.370000 -2.070000 1.100001 0.900970 -0.341934 -0.267083 0.504892 0.833659
knife_butterfly.bmp
  37 1.370000 -2.070000 1.100001 0.900970 -0.341934 -0.267083 0.504892 0.833659
  37 1.350000 -2.080000 1.090001 0.683209 -0.575476 -0.449503 0.504892 0.833659
  37 1.370000 -2.050000 1.060001 0.900977 -0.229956 -0.367913 0.504892 0.833659
knife_butterfly.bmp
  37 1.350000 -2.080000 1.090001 0.683209 -0.575476 -0.449503 0.504892 0.833659
  37 1.350000 -2.060000 1.050001 0.683222 -0.387027 -0.619208 0.504892 0.833659
  37 1.370000 -2.050000 1.060001 0.900977 -0.229956 -0.367913 0.504892 0.833659
knife_butterfly.bmp
  37 1.370000 -2.050000 1.060001 0.900977 -0.229956 -0.367913 0.504892 0.833659
  37 1.350000 -2.060000 1.050001 0.683222 -0.387027 -0.619208 0.504892 0.833659
  37 1.370000 -2.030000 1.050001 0.900975 -0.090255 -0.424379 0.506849 0.831703
knife_butterfly.bmp
  37 1.350000 -2.060000 1.050001 0.683222 -0.387027 -0.619208 0.504892 0.833659
  37 1.350000 -2.030000 1.050001 0.683213 -0.151900 -0.714245 0.504892 0.831703
  37 1.370000 -2.030000 1.050001 0.900975 -0.090255 -0.424379 0.506849 0.831703
knife_butterfly.bmp
  37 1.370000 -2.030000 1.050001 0.900975 -0.090255 -0.424379 0.506849 0.831703
  37 1.350000 -2.030000 1.050001 0.683213 -0.151900 -0.714245 0.504892 0.831703
  37 1.370000 -2.010000 1.050001 0.900974 0.060331 -0.429659 0.506849 0.831703
knife_butterfly.bmp
  37 1.350000 -2.030000 1.050001 0.683213 -0.151900 -0.714245 0.504892 0.831703
  37 1.350000 -2.010000 1.050001 0.698358 0.087029 -0.710438 0.506849 0.829746
  37 1.370000 -2.010000 1.050001 0.900974 0.060331 -0.429659 0.506849 0.831703
knife_butterfly.bmp
  37 1.370000 -2.010000 1.050001 0.900974 0.060331 -0.429659 0.506849 0.831703
  37 1.350000 -2.010000 1.050001 0.698358 0.087029 -0.710438 0.506849 0.829746
  37 1.370000 -2.000000 1.060001 0.900970 0.203651 -0.383118 0.508806 0.831703
knife_butterfly.bmp
  37 1.350000 -2.010000 1.050001 0.698358 0.087029 -0.710438 0.506849 0.829746
  37 1.350000 -2.000000 1.050001 0.683198 0.342751 -0.644797 0.508806 0.829746
  37 1.370000 -2.000000 1.060001 0.900970 0.203651 -0.383118 0.508806 0.831703
knife_butterfly.bmp
  37 1.370000 -2.000000 1.060001 0.900970 0.203651 -0.383118 0.508806 0.831703
  37 1.350000 -2.000000 1.050001 0.683198 0.342751 -0.644797 0.508806 0.829746
  37 1.370000 -1.990000 1.080001 0.900967 0.322412 -0.290360 0.508806 0.831703
knife_butterfly.bmp
  37 1.350000 -2.000000 1.050001 0.683198 0.342751 -0.644797 0.508806 0.829746
  37 1.350000 -1.980000 1.070001 0.683199 0.542613 -0.488682 0.508806 0.829746
  37 1.370000 -1.990000 1.080001 0.900967 0.322412 -0.290360 0.508806 0.831703
knife_butterfly.bmp
  37 1.370000 -1.990000 1.080001 0.900967 0.322412 -0.290360 0.508806 0.831703
  37 1.350000 -1.980000 1.070001 0.683199 0.542613 -0.488682 0.508806 0.829746
  37 1.370000 -1.970000 1.100001 0.900978 0.402252 -0.162579 0.510763 0.831703
knife_butterfly.bmp
  37 1.350000 -1.980000 1.070001 0.683199 0.542613 -0.488682 0.508806 0.829746
  37 1.350000 -1.960000 1.090001 0.683224 0.677005 -0.273622 0.510763 0.829746
  37 1.370000 -1.970000 1.100001 0.900978 0.402252 -0.162579 0.510763 0.831703
knife_butterfly.bmp
  37 1.370000 -1.970000 1.100001 0.900978 0.402252 -0.162579 0.510763 0.831703
  37 1.350000 -1.960000 1.090001 0.683224 0.677005 -0.273622 0.510763 0.829746
  37 1.370000 -1.970000 1.120001 0.900975 0.433606 -0.015189 0.510763 0.831703
knife_butterfly.bmp
  37 1.350000 -1.960000 1.090001 0.683224 0.677005 -0.273622 0.510763 0.829746
  37 1.350000 -1.960000 1.120001 0.683211 0.729773 -0.025566 0.512720 0.831703
  37 1.370000 -1.970000 1.120001 0.900975 0.433606 -0.015189 0.510763 0.831703
knife_butterfly.bmp
  37 1.370000 -1.970000 1.120001 0.900975 0.433606 -0.015189 0.510763 0.831703
  37 1.350000 -1.960000 1.120001 0.683211 0.729773 -0.025566 0.512720 0.831703
  37 1.370000 -1.970000 1.140001 0.900974 0.412653 0.134027 0.512720 0.833659
knife_butterfly.bmp
  37 1.350000 -1.960000 1.120001 0.683211 0.729773 -0.025566 0.512720 0.831703
  37 1.350000 -1.960000 1.150001 0.683217 0.694504 0.225562 0.512720 0.833659
  37 1.370000 -1.970000 1.140001 0.900974 0.412653 0.134027 0.512720 0.833659
knife_butterfly.bmp
  37 1.370000 -1.970000 1.140001 0.900974 0.412653 0.134027 0.512720 0.833659
  37 1.350000 -1.960000 1.150001 0.683217 0.694504 0.225562 0.512720 0.833659
  37 1.370000 -1.980000 1.170001 0.900978 0.341923 0.267073 0.512720 0.833659
knife_butterfly.bmp
  37 1.350000 -1.960000 1.150001 0.683217 0.694504 0.225562 0.512720 0.833659
  37 1.350000 -1.970000 1.170001 0.683222 0.575470 0.449491 0.512720 0.833659
  37 1.370000 -1.980000 1.170001 0.900978 0.341923 0.267073 0.512720 0.833659
knife_butterfly.bmp
  37 1.370000 -1.980000 1.170001 0.900978 0.341923 0.267073 0.512720 0.833659
  37 1.350000 -1.970000 1.170001 0.683222 0.575470 0.449491 0.512720 0.833659
  37 1.370000 -2.000000 1.180001 0.900976 0.229957 0.367916 0.512720 0.835616
knife_butterfly.bmp
  37 1.350000 -1.970000 1.170001 0.683222 0.575470 0.449491 0.512720 0.833659
  37 1.350000 -1.990000 1.190001 0.683222 0.387024 0.619209 0.512720 0.835616
  37 1.370000 -2.000000 1.180001 0.900976 0.229957 0.367916 0.512720 0.835616
knife_butterfly.bmp
  37 1.370000 -2.000000 1.180001 0.900976 0.229957 0.367916 0.512720 0.835616
  37 1.350000 -1.990000 1.190001 0.683222 0.387024 0.619209 0.512720 0.835616
  37 1.370000 -2.020000 1.190001 0.900977 0.090251 0.424376 0.510763 0.835616
knife_butterfly.bmp
  37 1.350000 -1.990000 1.190001 0.683222 0.387024 0.619209 0.512720 0.835616
  37 1.350000 -2.020000 1.200001 0.706989 0.153500 0.690365 0.512720 0.837573
  37 1.370000 -2.020000 1.190001 0.900977 0.090251 0.424376 0.510763 0.835616
knife_butterfly.bmp
  37 1.370000 -2.020000 1.190001 0.900977 0.090251 0.424376 0.510763 0.835616
  37 1.350000 -2.020000 1.200001 0.706989 0.153500 0.690365 0.512720 0.837573
  37 1.370000 -2.030000 1.190001 0.900973 -0.060334 0.429659 0.510763 0.837573
knife_butterfly.bmp
  37 1.350000 -2.020000 1.200001 0.706989 0.153500 0.690365 0.512720 0.837573
  37 1.350000 -2.030000 1.200001 0.701111 -0.093793 0.706857 0.510763 0.837573
  37 1.370000 -2.030000 1.190001 0.900973 -0.060334 0.429659 0.510763 0.837573
knife_butterfly.bmp
  37 1.370000 -2.030000 1.190001 0.900973 -0.060334 0.429659 0.510763 0.837573
  37 1.350000 -2.030000 1.200001 0.701111 -0.093793 0.706857 0.510763 0.837573
  37 1.370000 -2.050000 1.180001 0.900974 -0.203646 0.383112 0.508806 0.837573
knife_butterfly.bmp
  37 1.350000 -2.030000 1.200001 0.701111 -0.093793 0.706857 0.510763 0.837573
  37 1.350000 -2.060000 1.190001 0.683210 -0.342747 0.644785 0.508806 0.837573
  37 1.370000 -2.050000 1.180001 0.900974 -0.203646 0.383112 0.508806 0.837573
knife_butterfly.bmp
  37 1.370000 -2.050000 1.180001 0.900974 -0.203646 0.383112 0.508806 0.837573
  37 1.350000 -2.060000 1.190001 0.683210 -0.342747 0.644785 0.508806 0.837573
  37 1.370000 -2.070000 1.170001 0.900975 -0.322395 0.290354 0.508806 0.837573
knife_butterfly.bmp
  37 1.350000 -2.060000 1.190001 0.683210 -0.342747 0.644785 0.508806 0.837573
  37 1.350000 -2.080000 1.190001 0.683216 -0.542603 0.488669 0.508806 0.837573
  37 1.370000 -2.070000 1.170001 0.900975 -0.322395 0.290354 0.508806 0.837573
knife_butterfly.bmp
  37 1.370000 -2.070000 1.170001 0.900975 -0.322395 0.290354 0.508806 0.837573
  37 1.350000 -2.080000 1.190001 0.683216 -0.542603 0.488669 0.508806 0.837573
  37 1.370000 -2.080000 1.170001 0.900974 -0.402264 0.162569 0.506849 0.837573
knife_butterfly.bmp
  37 1.350000 -2.080000 1.190001 0.683216 -0.542603 0.488669 0.508806 0.837573
  37 1.350000 -2.090000 1.170001 0.683222 -0.677009 0.273617 0.506849 0.837573
  37 1.370000 -2.080000 1.170001 0.900974 -0.402264 0.162569 0.506849 0.837573
knife_butterfly.bmp
  37 1.370000 -2.080000 1.170001 0.900974 -0.402264 0.162569 0.506849 0.837573
  37 1.350000 -2.090000 1.170001 0.683222 -0.677009 0.273617 0.506849 0.837573
  37 1.370000 -2.090000 1.140001 0.900981 -0.433592 0.015189 0.506849 0.835616
knife_butterfly.bmp
  37 1.350000 -2.090000 1.170001 0.683222 -0.677009 0.273617 0.506849 0.837573
  37 1.350000 -2.100000 1.140001 0.683232 -0.729754 0.025568 0.504892 0.837573
  37 1.370000 -2.090000 1.140001 0.900981 -0.433592 0.015189 0.506849 0.835616
knife_butterfly.bmp
  37 1.370000 -2.090000 1.140001 0.900981 -0.433592 0.015189 0.506849 0.835616
  37 1.350000 -2.100000 1.140001 0.683232 -0.729754 0.025568 0.504892 0.837573
  37 1.370000 -2.080000 1.120001 0.900977 -0.412647 -0.134023 0.504892 0.835616
knife_butterfly.bmp
  39 0.968071 -1.649111 0.907266 -0.000001 0.144783 0.989463 0.060665 0.050881
  39 0.968071 -1.629111 0.907266 -0.000002 0.474476 0.880269 0.060665 0.048924
  39 0.838071 -1.629111 0.887266 -0.000002 0.474476 0.880269 0.076321 0.048924
knife_butterfly.bmp
  39 0.838071 -1.629111 0.887266 -0.000002 0.474476 0.880269 0.076321 0.048924
  39 0.968071 -1.629111 0.907266 -0.000002 0.474476 0.880269 0.060665 0.048924
  39 0.858072 -1.609111 0.867266 -0.000002 0.746920 0.664914 0.076321 0.045010
knife_butterfly.bmp
  39 0.968071 -1.629111 0.907266 -0.000002 0.474476 0.880269 0.060665 0.048924
  39 0.978072 -1.609111 0.887266 -0.000002 0.746920 0.664914 0.060665 0.045010
  39 0.858072 -1.609111 0.867266 -0.000002 0.746920 0.664914 0.076321 0.045010
knife_butterfly.bmp
  39 0.858072 -1.609111 0.867266 -0.000002 0.746920 0.664914 0.076321 0.045010
  39 0.978072 -1.609111 0.887266 -0.000002 0.746920 0.664914 0.060665 0.045010
  39 0.858072 -1.599111 0.857266 -0.000001 0.929286 0.369360 0.076321 0.043053
knife_butterfly.bmp
  39 0.978072 -1.609111 0.887266 -0.000002 0.746920 0.664914 0.060665 0.045010
  39 0.978072 -1.599111 0.857266 -0.000001 0.929286 0.369360 0.060665 0.043053
  39 0.858072 -1.599111 0.857266 -0.000001 0.929286 0.369360 0.076321 0.043053
knife_butterfly.bmp
  39 0.858072 -1.599111 0.857266 -0.000001 0.929286 0.369360 0.076321 0.043053
  39 0.978072 -1.599111 0.857266 -0.000001 0.929286 0.369360 0.060665 0.043053
  39 0.858072 -1.589111 0.847266 0.000000 0.999572 0.029248 0.076321 0.041096
knife_butterfly.bmp
  39 0.978072 -1.599111 0.857266 -0.000001 0.929286 0.369360 0.060665 0.043053
  39 0.978072 -1.589111 0.847266 0.000000 0.999572 0.029248 0.060665 0.041096
  39 0.858072 -1.589111 0.847266 0.000000 0.999572 0.029248 0.076321 0.041096
knife_butterfly.bmp
  39 0.858072 -1.589111 0.847266 0.000000 0.999572 0.029248 0.076321 0.041096
  39 0.978072 -1.589111 0.847266 0.000000 0.999572 0.029248 0.060665 0.041096
  39 0.858072 -1.619112 0.807266 0.000001 0.949290 -0.314401 0.078278 0.039139
knife_butterfly.bmp
  39 0.978072 -1.589111 0.847266 0.000000 0.999572 0.029248 0.060665 0.041096
  39 0.978072 -1.619112 0.817266 0.000001 0.949290 -0.314401 0.060665 0.037182
  39 0.858072 -1.619112 0.807266 0.000001 0.949290 -0.314401 0.078278 0.039139
knife_butterfly.bmp
  39 0.858072 -1.619112 0.807266 0.000001 0.949290 -0.314401 0.078278 0.039139
  39 0.978072 -1.619112 0.817266 0.000001 0.949290 -0.314401 0.060665 0.037182
  39 0.858072 -1.629112 0.787266 0.000001 0.784547 -0.620070 0.080235 0.037182
knife_butterfly.bmp
  39 0.978072 -1.619112 0.817266 0.000001 0.949290 -0.314401 0.060665 0.037182
  39 0.978072 -1.629112 0.797266 0.000001 0.784547 -0.620070 0.060665 0.035225
  39 0.858072 -1.629112 0.787266 0.000001 0.784547 -0.620070 0.080235 0.037182
knife_butterfly.bmp
  39 0.858072 -1.629112 0.787266 0.000001 0.784547 -0.620070 0.080235 0.037182
  39 0.978072 -1.629112 0.797266 0.000001 0.784547 -0.620070 0.060665 0.035225
  39 0.858072 -1.649112 0.767266 0.000002 0.525101 -0.851040 0.076321 0.033268
knife_butterfly.bmp
  39 0.978072 -1.629112 0.797266 0.000001 0.784547 -0.620070 0.060665 0.035225
  39 0.978072 -1.649112 0.787266 0.000002 0.525101 -0.851040 0.060665 0.033268
  39 0.858072 -1.649112 0.767266 0.000002 0.525101 -0.851040 0.076321 0.033268
knife_butterfly.bmp
  39 0.858072 -1.649112 0.767266 0.000002 0.525101 -0.851040 0.076321 0.033268
  39 0.978072 -1.649112 0.787266 0.000002 0.525101 -0.851040 0.060665 0.033268
  39 0.858072 -1.669112 0.757266 0.000002 0.202366 -0.979310 0.076321 0.029354
knife_butterfly.bmp
  39 0.978072 -1.649112 0.787266 0.000002 0.525101 -0.851040 0.060665 0.033268
  39 0.978072 -1.669112 0.777266 0.000002 0.202366 -0.979310 0.060665 0.029354
  39 0.858072 -1.669112 0.757266 0.000002 0.202366 -0.979310 0.076321 0.029354
knife_butterfly.bmp
  39 0.858072 -1.669112 0.757266 0.000002 0.202366 -0.979310 0.076321 0.029354
  39 0.978072 -1.669112 0.777266 0.000002 0.202366 -0.979310 0.060665 0.029354
  39 0.858072 -1.689112 0.757266 0.000002 -0.144763 -0.989466 0.076321 0.027397
knife_butterfly.bmp
  39 0.978072 -1.669112 0.777266 0.000002 0.202366 -0.979310 0.060665 0.029354
  39 0.978072 -1.689112 0.777266 0.000002 -0.144763 -0.989466 0.060665 0.027397
  39 0.858072 -1.689112 0.757266 0.000002 -0.144763 -0.989466 0.076321 0.027397
knife_butterfly.bmp
  39 0.858072 -1.689112 0.757266 0.000002 -0.144763 -0.989466 0.076321 0.027397
  39 0.978072 -1.689112 0.777266 0.000002 -0.144763 -0.989466 0.060665 0.027397
  39 0.858072 -1.709112 0.767266 0.000005 -0.474465 -0.880274 0.076321 0.025440
knife_butterfly.bmp
  39 0.978072 -1.689112 0.777266 0.000002 -0.144763 -0.989466 0.060665 0.027397
  39 0.978072 -1.709112 0.777267 0.000005 -0.474465 -0.880274 0.060665 0.025440
  39 0.858072 -1.709112 0.767266 0.000005 -0.474465 -0.880274 0.076321 0.025440
knife_butterfly.bmp
  39 0.858072 -1.709112 0.767266 0.000005 -0.474465 -0.880274 0.076321 0.025440
  39 0.978072 -1.709112 0.777267 0.000005 -0.474465 -0.880274 0.060665 0.025440
  39 0.858072 -1.729112 0.797266 0.000004 -0.746931 -0.664901 0.076321 0.021526
knife_butterfly.bmp
  39 0.978072 -1.709112 0.777267 0.000005 -0.474465 -0.880274 0.060665 0.025440
  39 0.978072 -1.729112 0.797267 0.000004 -0.746931 -0.664901 0.060665 0.021526
  39 0.858072 -1.729112 0.797266 0.000004 -0.746931 -0.664901 0.076321 0.021526
knife_butterfly.bmp
  39 0.858072 -1.729112 0.797266 0.000004 -0.746931 -0.664901 0.076321 0.021526
  39 0.978072 -1.729112 0.797267 0.000004 -0.746931 -0.664901 0.060665 0.021526
  39 0.858072 -1.749112 0.817266 0.000001 -0.929293 -0.369344 0.076321 0.019569
knife_butterfly.bmp
  39 0.978072 -1.729112 0.797267 0.000004 -0.746931 -0.664901 0.060665 0.021526
  39 0.978072 -1.749112 0.817267 0.000001 -0.929293 -0.369344 0.060665 0.019569
  39 0.858072 -1.749112 0.817266 0.000001 -0.929293 -0.369344 0.076321 0.019569
knife_butterfly.bmp
  39 0.858072 -1.749112 0.817266 0.000001 -0.929293 -0.369344 0.076321 0.019569
  39 0.978072 -1.749112 0.817267 0.000001 -0.929293 -0.369344 0.060665 0.019569
  39 0.858072 -1.729111 0.837266 0.000000 -0.999572 -0.029245 0.076321 0.017613
knife_butterfly.bmp
  39 0.978072 -1.749112 0.817267 0.000001 -0.929293 -0.369344 0.060665 0.019569
  39 0.978072 -1.729111 0.837267 0.000000 -0.999572 -0.029245 0.060665 0.017613
  39 0.858072 -1.729111 0.837266 0.000000 -0.999572 -0.029245 0.076321 0.017613
knife_butterfly.bmp
  39 0.858072 -1.729111 0.837266 0.000000 -0.999572 -0.029245 0.076321 0.017613
  39 0.978072 -1.729111 0.837267 0.000000 -0.999572 -0.029245 0.060665 0.017613
  39 0.858072 -1.729111 0.867266 -0.000001 -0.949296 0.314384 0.076321 0.013699
knife_butterfly.bmp
  39 0.978072 -1.729111 0.837267 0.000000 -0.999572 -0.029245 0.060665 0.017613
  39 0.978072 -1.729111 0.867267 -0.000001 -0.949296 0.314384 0.060665 0.013699
  39 0.858072 -1.729111 0.867266 -0.000001 -0.949296 0.314384 0.076321 0.013699
knife_butterfly.bmp
  39 0.858072 -1.729111 0.867266 -0.000001 -0.949296 0.314384 0.076321 0.013699
  39 0.978072 -1.729111 0.867267 -0.000001 -0.949296 0.314384 0.060665 0.013699
  39 0.858072 -1.719111 0.887266 -0.000001 -0.784506 0.620121 0.076321 0.011742
knife_butterfly.bmp
  39 0.978072 -1.729111 0.867267 -0.000001 -0.949296 0.314384 0.060665 0.013699
  39 0.978072 -1.719111 0.887267 -0.000001 -0.784506 0.620121 0.060665 0.011742
  39 0.858072 -1.719111 0.887266 -0.000001 -0.784506 0.620121 0.076321 0.011742
knife_butterfly.bmp
  39 0.858072 -1.719111 0.887266 -0.000001 -0.784506 0.620121 0.076321 0.011742
  39 0.978072 -1.719111 0.887267 -0.000001 -0.784506 0.620121 0.060665 0.011742
  39 0.838072 -1.699111 0.877266 -0.000007 -0.525101 0.851040 0.076321 0.009785
knife_butterfly.bmp
  39 0.978072 -1.719111 0.887267 -0.000001 -0.784506 0.620121 0.060665 0.011742
  39 0.978071 -1.699111 0.897267 -0.000007 -0.525101 0.851040 0.060665 0.009785
  39 0.838072 -1.699111 0.877266 -0.000007 -0.525101 0.851040 0.076321 0.009785
knife_butterfly.bmp
  39 0.838072 -1.699111 0.877266 -0.000007 -0.525101 0.851040 0.076321 0.009785
  39 0.978071 -1.699111 0.897267 -0.000007 -0.525101 0.851040 0.060665 0.009785
  39 0.838071 -1.679111 0.887266 -0.000006 -0.202389 0.979305 0.076321 0.005871
knife_butterfly.bmp
  39 0.978071 -1.699111 0.897267 -0.000007 -0.525101 0.851040 0.060665 0.009785
  39 0.968071 -1.679111 0.907266 -0.000006 -0.202389 0.979305 0.060665 0.005871
  39 0.838071 -1.679111 0.887266 -0.000006 -0.202389 0.979305 0.076321 0.005871
knife_butterfly.bmp
  39 0.838071 -1.679111 0.887266 -0.000006 -0.202389 0.979305 0.076321 0.005871
  39 0.968071 -1.679111 0.907266 -0.000006 -0.202389 0.979305 0.060665 0.005871
  39 0.838071 -1.649111 0.887266 -0.000001 0.144783 0.989463 0.076321 0.003914
knife_butterfly.bmp
  39 0.968071 -1.679111 0.907266 -0.000006 -0.202389 0.979305 0.060665 0.005871
  39 0.968071 -1.649111 0.907266 -0.000001 0.144783 0.989463 0.060665 0.003914
  39 0.838071 -1.649111 0.887266 -0.000001 0.144783 0.989463 0.076321 0.003914
knife_butterfly.bmp
  39 1.038073 -1.689113 0.377267 0.241417 -0.373369 -0.895719 0.277886 0.389432
  39 1.028073 -1.689113 0.387267 0.241417 -0.373369 -0.895719 0.277886 0.387476
  39 0.998073 -1.689113 0.377267 0.116080 -0.401051 -0.908671 0.279843 0.389432
knife_butterfly.bmp
  39 0.998073 -1.689113 0.377267 0.116080 -0.401051 -0.908671 0.279843 0.389432
  39 1.028073 -1.689113 0.387267 0.241417 -0.373369 -0.895719 0.277886 0.387476
  39 0.998072 -1.749112 0.407267 0.112131 -0.223629 -0.968203 0.279843 0.381605
knife_butterfly.bmp
  39 1.028073 -1.689113 0.387267 0.241417 -0.373369 -0.895719 0.277886 0.387476
  39 1.028072 -1.739112 0.407267 0.219010 -0.225721 -0.949255 0.275930 0.381605
  39 0.998072 -1.749112 0.407267 0.112131 -0.223629 -0.968203 0.279843 0.381605
knife_butterfly.bmp
  39 0.998072 -1.749112 0.407267 0.112131 -0.223629 -0.968203 0.279843 0.381605
  39 1.028072 -1.739112 0.407267 0.219010 -0.225721 -0.949255 0.275930 0.381605
  39 0.998072 -1.829112 0.407267 0.099374 0.090036 -0.990968 0.279843 0.373777
knife_butterfly.bmp
  39 1.028072 -1.739112 0.407267 0.219010 -0.225721 -0.949255 0.275930 0.381605
  39 1.028072 -1.829112 0.417267 0.196831 0.082472 -0.976963 0.275930 0.373777
  39 0.998072 -1.829112 0.407267 0.099374 0.090036 -0.990968 0.279843 0.373777
knife_butterfly.bmp
  39 0.998072 -1.829112 0.407267 0.099374 0.090036 -0.990968 0.279843 0.373777
  39 1.028072 -1.829112 0.417267 0.196831 0.082472 -0.976963 0.275930 0.373777
  39 0.998073 -1.909113 0.377267 0.097252 0.303290 -0.947923 0.279843 0.363992
knife_butterfly.bmp
  39 1.028072 -1.829112 0.417267 0.196831 0.082472 -0.976963 0.275930 0.373777
  39 1.028073 -1.909113 0.377267 0.195164 0.293762 -0.935743 0.277886 0.363992
  39 0.998073 -1.909113 0.377267 0.097252 0.303290 -0.947923 0.279843 0.363992
knife_butterfly.bmp
  39 0.998073 -1.909113 0.377267 0.097252 0.303290 -0.947923 0.279843 0.363992
  39 1.028073 -1.909113 0.377267 0.195164 0.293762 -0.935743 0.277886 0.363992
  39 1.018073 -1.999113 0.347267 0.099751 0.543344 -0.833563 0.279843 0.354207
knife_butterfly.bmp
  39 1.028073 -1.909113 0.377267 0.195164 0.293762 -0.935743 0.277886 0.363992
  39 1.048073 -2.029113 0.357267 0.201483 0.526070 -0.826229 0.277886 0.354207
  39 1.018073 -1.999113 0.347267 0.099751 0.543344 -0.833563 0.279843 0.354207
knife_butterfly.bmp
  39 1.018073 -1.999113 0.347267 0.099751 0.543344 -0.833563 0.279843 0.354207
  39 1.048073 -2.029113 0.357267 0.201483 0.526070 -0.826229 0.277886 0.354207
  39 1.018073 -2.049113 0.297267 0.091553 0.757594 -0.646274 0.279843 0.348337
knife_butterfly.bmp
  39 1.048073 -2.029113 0.357267 0.201483 0.526070 -0.826229 0.277886 0.354207
  39 1.048073 -2.049113 0.307267 0.213654 0.718290 -0.662126 0.277886 0.348337
  39 1.018073 -2.049113 0.297267 0.091553 0.757594 -0.646274 0.279843 0.348337
knife_butterfly.bmp
  39 1.018073 -2.049113 0.297267 0.091553 0.757594 -0.646274 0.279843 0.348337
  39 1.048073 -2.049113 0.307267 0.213654 0.718290 -0.662126 0.277886 0.348337
  39 1.018073 -2.079113 0.257267 0.114581 0.803399 -0.584313 0.279843 0.342466
knife_butterfly.bmp
  39 1.048073 -2.049113 0.307267 0.213654 0.718290 -0.662126 0.277886 0.348337
  39 1.048073 -2.089113 0.257268 0.231427 0.784214 -0.575717 0.277886 0.342466
  39 1.018073 -2.079113 0.257267 0.114581 0.803399 -0.584313 0.279843 0.342466
knife_butterfly.bmp
  39 1.018073 -2.079113 0.257267 0.114581 0.803399 -0.584313 0.279843 0.342466
  39 1.048073 -2.089113 0.257268 0.231427 0.784214 -0.575717 0.277886 0.342466
  39 1.018073 -2.109113 0.197268 0.103064 0.847948 -0.519963 0.279843 0.334638
knife_butterfly.bmp
  39 1.048073 -2.089113 0.257268 0.231427 0.784214 -0.575717 0.277886 0.342466
  39 1.048073 -2.109113 0.197268 0.231906 0.840765 -0.489218 0.277886 0.334638
  39 1.018073 -2.109113 0.197268 0.103064 0.847948 -0.519963 0.279843 0.334638
knife_butterfly.bmp
  39 1.018073 -2.109113 0.197268 0.103064 0.847948 -0.519963 0.279843 0.334638
  39 1.048073 -2.109113 0.197268 0.231906 0.840765 -0.489218 0.277886 0.334638
  39 0.998073 -2.139113 0.117268 0.117558 0.927660 -0.354440 0.279843 0.326810
knife_butterfly.bmp
  39 1.048073 -2.109113 0.197268 0.231906 0.840765 -0.489218 0.277886 0.334638
  39 1.048073 -2.149113 0.127268 0.232520 0.908107 -0.348247 0.277886 0.326810
  39 0.998073 -2.139113 0.117268 0.117558 0.927660 -0.354440 0.279843 0.326810
knife_butterfly.bmp
  39 0.998073 -2.139113 0.117268 0.117558 0.927660 -0.354440 0.279843 0.326810
  39 1.048073 -2.149113 0.127268 0.232520 0.908107 -0.348247 0.277886 0.326810
  39 0.998073 -2.159113 0.047268 0.116678 0.968317 -0.220792 0.279843 0.318982
knife_butterfly.bmp
  39 1.048073 -2.149113 0.127268 0.232520 0.908107 -0.348247 0.277886 0.326810
  39 1.028073 -2.169113 0.047268 0.228676 0.949144 -0.216409 0.277886 0.318982
  39 0.998073 -2.159113 0.047268 0.116678 0.968317 -0.220792 0.279843 0.318982
knife_butterfly.bmp
  39 0.998073 -2.159113 0.047268 0.116678 0.968317 -0.220792 0.279843 0.318982
  39 1.028073 -2.169113 0.047268 0.228676 0.949144 -0.216409 0.277886 0.318982
  39 0.998073 -2.169113 -0.042732 0.117465 0.992200 -0.041730 0.279843 0.311155
knife_butterfly.bmp
  39 1.028073 -2.169113 0.047268 0.228676 0.949144 -0.216409 0.277886 0.318982
  39 1.028073 -2.179113 -0.042732 0.231101 0.972144 -0.039085 0.277886 0.311155
  39 0.998073 -2.169113 -0.042732 0.117465 0.992200 -0.041730 0.279843 0.311155
knife_butterfly.bmp
  39 0.998073 -2.169113 -0.042732 0.117465 0.992200 -0.041730 0.279843 0.311155
  39 1.028073 -2.179113 -0.042732 0.231101 0.972144 -0.039085 0.277886 0.311155
  39 1.008073 -2.189114 -0.112732 0.095356 0.990604 0.098035 0.279843 0.305284
knife_butterfly.bmp
  39 1.028073 -2.179113 -0.042732 0.231101 0.972144 -0.039085 0.277886 0.311155
  39 1.048074 -2.199114 -0.112732 0.227772 0.969236 0.093283 0.277886 0.305284
  39 1.008073 -2.189114 -0.112732 0.095356 0.990604 0.098035 0.279843 0.305284
knife_butterfly.bmp
  39 1.008073 -2.189114 -0.112732 0.095356 0.990604 0.098035 0.279843 0.305284
  39 1.048074 -2.199114 -0.112732 0.227772 0.969236 0.093283 0.277886 0.305284
  39 1.018074 -2.179114 -0.172732 0.115292 0.962269 0.246468 0.279843 0.297456
knife_butterfly.bmp
  39 1.048074 -2.199114 -0.112732 0.227772 0.969236 0.093283 0.277886 0.305284
  39 1.048074 -2.189114 -0.182732 0.224899 0.942152 0.248536 0.277886 0.297456
  39 1.018074 -2.179114 -0.172732 0.115292 0.962269 0.246468 0.279843 0.297456
knife_butterfly.bmp
  39 1.018074 -2.179114 -0.172732 0.115292 0.962269 0.246468 0.279843 0.297456
  39 1.048074 -2.189114 -0.182732 0.224899 0.942152 0.248536 0.277886 0.297456
  39 1.018074 -2.129114 -0.252732 0.110065 0.920189 0.375683 0.279843 0.289628
knife_butterfly.bmp
  39 1.048074 -2.189114 -0.182732 0.224899 0.942152 0.248536 0.277886 0.297456
  39 1.048074 -2.139114 -0.262732 0.218303 0.899290 0.378974 0.277886 0.289628
  39 1.018074 -2.129114 -0.252732 0.110065 0.920189 0.375683 0.279843 0.289628
knife_butterfly.bmp
  39 1.018074 -2.129114 -0.252732 0.110065 0.920189 0.375683 0.279843 0.289628
  39 1.048074 -2.139114 -0.262732 0.218303 0.899290 0.378974 0.277886 0.289628
  39 1.018074 -2.099114 -0.332733 0.108582 0.865734 0.488585 0.279843 0.281800
knife_butterfly.bmp
  39 1.048074 -2.139114 -0.262732 0.218303 0.899290 0.378974 0.277886 0.289628
  39 1.048074 -2.099114 -0.332732 0.216678 0.846752 0.485861 0.277886 0.281800
  39 1.018074 -2.099114 -0.332733 0.108582 0.865734 0.488585 0.279843 0.281800
knife_butterfly.bmp
  39 1.018074 -2.099114 -0.332733 0.108582 0.865734 0.488585 0.279843 0.281800
  39 1.048074 -2.099114 -0.332732 0.216678 0.846752 0.485861 0.277886 0.281800
  39 1.018074 -2.079114 -0.352733 0.118476 0.785454 0.607474 0.279843 0.279843
knife_butterfly.bmp
  39 1.048074 -2.099114 -0.332732 0.216678 0.846752 0.485861 0.277886 0.281800
  39 1.038074 -2.079114 -0.362732 0.230902 0.764100 0.602358 0.277886 0.277886
  39 1.018074 -2.079114 -0.352733 0.118476 0.785454 0.607474 0.279843 0.279843
knife_butterfly.bmp
  39 1.018074 -2.079114 -0.352733 0.118476 0.785454 0.607474 0.279843 0.279843
  39 1.038074 -2.079114 -0.362732 0.230902 0.764100 0.602358 0.277886 0.277886
  39 1.008074 -2.059114 -0.382733 0.112294 0.737278 0.666192 0.279843 0.275930
knife_butterfly.bmp
  39 1.038074 -2.079114 -0.362732 0.230902 0.764100 0.602358 0.277886 0.277886
  39 1.028074 -2.059114 -0.382733 0.185787 0.689198 0.700350 0.277886 0.275930
  39 1.008074 -2.059114 -0.382733 0.112294 0.737278 0.666192 0.279843 0.275930
knife_butterfly.bmp
  39 1.008074 -2.059114 -0.382733 0.112294 0.737278 0.666192 0.279843 0.275930
  39 1.028074 -2.059114 -0.382733 0.185787 0.689198 0.700350 0.277886 0.275930
  39 0.998074 -2.039114 -0.392733 0.086369 0.711907 0.696942 0.279843 0.273973
knife_butterfly.bmp
  39 1.028074 -2.059114 -0.382733 0.185787 0.689198 0.700350 0.277886 0.275930
  39 1.028074 -2.049114 -0.392733 0.099991 0.606243 0.788969 0.277886 0.273973
  39 0.998074 -2.039114 -0.392733 0.086369 0.711907 0.696942 0.279843 0.273973
knife_butterfly.bmp
  37 1.280000 -0.870000 1.000001 0.947882 0.015173 -0.318261 0.438356 0.814090
  37 1.280000 -0.970000 1.000001 0.947882 0.015173 -0.318261 0.436399 0.825832
  37 1.270000 -0.870000 1.000001 0.698358 0.087029 -0.710438 0.434442 0.814090
knife_butterfly.bmp
  37 1.270000 -0.870000 1.000001 0.698358 0.087029 -0.710438 0.434442 0.814090
  37 1.280000 -0.970000 1.000001 0.947882 0.015173 -0.318261 0.436399 0.825832
  37 1.270000 -0.970000 1.000001 0.698358 0.087029 -0.710438 0.432485 0.825832
knife_butterfly.bmp
  37 1.280000 -0.970000 1.000001 0.947882 0.015173 -0.318261 0.436399 0.825832
  37 1.280000 -1.080000 1.000001 0.947882 0.015173 -0.318261 0.434442 0.837573
  37 1.270000 -0.970000 1.000001 0.698358 0.087029 -0.710438 0.432485 0.825832
knife_butterfly.bmp
  37 1.270000 -0.970000 1.000001 0.698358 0.087029 -0.710438 0.432485 0.825832
  37 1.280000 -1.080000 1.000001 0.947882 0.015173 -0.318261 0.434442 0.837573
  37 1.270000 -1.080000 0.980001 0.698358 0.087029 -0.710438 0.432485 0.837573
knife_butterfly.bmp
  37 1.280000 -1.080000 1.000001 0.947882 0.015173 -0.318261 0.434442 0.837573
  37 1.280000 -1.190000 0.990001 0.947882 0.015173 -0.318261 0.432485 0.851272
  37 1.270000 -1.080000 0.980001 0.698358 0.087029 -0.710438 0.432485 0.837573
knife_butterfly.bmp
  37 1.270000 -1.080000 0.980001 0.698358 0.087029 -0.710438 0.432485 0.837573
  37 1.280000 -1.190000 0.990001 0.947882 0.015173 -0.318261 0.432485 0.851272
  37 1.270000 -1.190000 0.970001 0.692804 0.029647 -0.720517 0.430528 0.851272
knife_butterfly.bmp
  37 1.280000 -1.190000 0.990001 0.947882 0.015173 -0.318261 0.432485 0.851272
  37 1.280000 -1.280000 0.990001 0.947882 0.015173 -0.318261 0.432485 0.863014
  37 1.270000 -1.190000 0.970001 0.692804 0.029647 -0.720517 0.430528 0.851272
knife_butterfly.bmp
  37 1.270000 -1.190000 0.970001 0.692804 0.029647 -0.720517 0.430528 0.851272
  37 1.280000 -1.280000 0.990001 0.947882 0.015173 -0.318261 0.432485 0.863014
  37 1.270000 -1.290000 0.970001 0.692804 0.029647 -0.720517 0.430528 0.864971
knife_butterfly.bmp
  37 1.280000 -1.280000 0.990001 0.947882 0.015173 -0.318261 0.432485 0.863014
  37 1.280000 -1.490000 0.990001 0.947882 0.015173 -0.318261 0.432485 0.886497
  37 1.270000 -1.290000 0.970001 0.692804 0.029647 -0.720517 0.430528 0.864971
knife_butterfly.bmp
  37 1.270000 -1.290000 0.970001 0.692804 0.029647 -0.720517 0.430528 0.864971
  37 1.280000 -1.490000 0.990001 0.947882 0.015173 -0.318261 0.432485 0.886497
  37 1.270000 -1.490000 0.970001 0.692804 0.029647 -0.720517 0.430528 0.886497
knife_butterfly.bmp
  37 1.280000 -1.490000 0.990001 0.947882 0.015173 -0.318261 0.432485 0.886497
  37 1.280000 -1.620000 0.980001 0.945241 -0.101680 -0.310130 0.432485 0.902153
  37 1.270000 -1.490000 0.970001 0.692804 0.029647 -0.720517 0.430528 0.886497
knife_butterfly.bmp
  37 1.270000 -1.490000 0.970001 0.692804 0.029647 -0.720517 0.430528 0.886497
  37 1.280000 -1.620000 0.980001 0.945241 -0.101680 -0.310130 0.432485 0.902153
  37 1.270000 -1.620000 0.950001 0.664938 -0.244765 -0.705654 0.430528 0.904110
knife_butterfly.bmp
  37 1.280000 -1.620000 0.980001 0.945241 -0.101680 -0.310130 0.432485 0.902153
  37 1.270000 -1.650000 0.970001 0.733087 -0.296861 -0.611929 0.432485 0.906067
  37 1.270000 -1.620000 0.950001 0.664938 -0.244765 -0.705654 0.430528 0.904110
knife_butterfly.bmp
  37 1.270000 -1.620000 0.950001 0.664938 -0.244765 -0.705654 0.430528 0.904110
  37 1.270000 -1.650000 0.970001 0.733087 -0.296861 -0.611929 0.432485 0.906067
  37 1.250000 -1.650000 0.960001 0.312261 -0.419988 -0.852117 0.430528 0.906067
knife_butterfly.bmp
  37 1.270000 -1.650000 0.970001 0.733087 -0.296861 -0.611929 0.432485 0.906067
  37 1.270000 -1.690000 0.980001 0.727947 -0.060717 -0.682939 0.432485 0.909980
  37 1.250000 -1.650000 0.960001 0.312261 -0.419988 -0.852117 0.430528 0.906067
knife_butterfly.bmp
  37 1.250000 -1.650000 0.960001 0.312261 -0.419988 -0.852117 0.430528 0.906067
  37 1.270000 -1.690000 0.980001 0.727947 -0.060717 -0.682939 0.432485 0.909980
  37 1.250000 -1.700000 0.970001 0.316074 -0.111921 -0.942110 0.432485 0.909980
knife_butterfly.bmp
  37 1.270000 -1.690000 0.980001 0.727947 -0.060717 -0.682939 0.432485 0.909980
  37 1.270000 -1.730000 0.970001 0.702989 0.206177 -0.680660 0.432485 0.913894
  37 1.250000 -1.700000 0.970001 0.316074 -0.111921 -0.942110 0.432485 0.909980
knife_butterfly.bmp
  37 1.250000 -1.700000 0.970001 0.316074 -0.111921 -0.942110 0.432485 0.909980
  37 1.270000 -1.730000 0.970001 0.702989 0.206177 -0.680660 0.432485 0.913894
  37 1.250000 -1.730000 0.960001 0.275238 0.291178 -0.916220 0.432485 0.913894
knife_butterfly.bmp
  37 1.270000 -1.730000 0.970001 0.702989 0.206177 -0.680660 0.432485 0.913894
  37 1.270000 -1.750000 0.950001 0.578922 0.566618 -0.586339 0.430528 0.917808
  37 1.250000 -1.730000 0.960001 0.275238 0.291178 -0.916220 0.432485 0.913894
knife_butterfly.bmp
  37 1.250000 -1.730000 0.960001 0.275238 0.291178 -0.916220 0.432485 0.913894
  37 1.270000 -1.750000 0.950001 0.578922 0.566618 -0.586339 0.430528 0.917808
  37 1.250000 -1.750000 0.940001 0.182518 0.691925 -0.698518 0.430528 0.917808
knife_butterfly.bmp
  37 1.270000 -1.750000 0.950001 0.578922 0.566618 -0.586339 0.430528 0.917808
  37 1.270000 -1.770000 0.920001 0.569055 0.609177 -0.552340 0.426614 0.919765
  37 1.250000 -1.750000 0.940001 0.182518 0.691925 -0.698518 0.430528 0.917808
knife_butterfly.bmp
  37 1.250000 -1.750000 0.940001 0.182518 0.691925 -0.698518 0.430528 0.917808
  37 1.270000 -1.770000 0.920001 0.569055 0.609177 -0.552340 0.426614 0.919765
  37 1.250000 -1.770000 0.910001 0.187252 0.721000 -0.667155 0.424658 0.921722
knife_butterfly.bmp
  37 1.270000 -1.770000 0.920001 0.569055 0.609177 -0.552340 0.426614 0.919765
  37 1.270000 -1.810000 0.890001 0.623078 0.519876 -0.584382 0.422701 0.925636
  37 1.250000 -1.770000 0.910001 0.187252 0.721000 -0.667155 0.424658 0.921722
knife_butterfly.bmp
  37 1.250000 -1.770000 0.910001 0.187252 0.721000 -0.667155 0.424658 0.921722
  37 1.270000 -1.810000 0.890001 0.623078 0.519876 -0.584382 0.422701 0.925636
  37 1.250000 -1.810000 0.880001 0.221971 0.650946 -0.725946 0.422701 0.925636
knife_butterfly.bmp
  37 1.270000 -1.810000 0.890001 0.623078 0.519876 -0.584382 0.422701 0.925636
  37 1.270000 -1.850000 0.840001 0.636413 0.427959 -0.641739 0.418787 0.929550
  37 1.250000 -1.810000 0.880001 0.221971 0.650946 -0.725946 0.422701 0.925636
knife_butterfly.bmp
  37 1.250000 -1.810000 0.880001 0.221971 0.650946 -0.725946 0.422701 0.925636
  37 1.270000 -1.850000 0.840001 0.636413 0.427959 -0.641739 0.418787 0.929550
  37 1.250000 -1.850000 0.830001 0.256489 0.520286 -0.814565 0.416830 0.929550
knife_butterfly.bmp
  37 1.270000 -1.850000 0.840001 0.636413 0.427959 -0.641739 0.418787 0.929550
  37 1.270000 -1.900000 0.820001 0.675874 0.256227 -0.691044 0.414873 0.935421
  37 1.250000 -1.850000 0.830001 0.256489 0.520286 -0.814565 0.416830 0.929550
knife_butterfly.bmp
  37 1.250000 -1.850000 0.830001 0.256489 0.520286 -0.814565 0.416830 0.929550
  37 1.270000 -1.900000 0.820001 0.675874 0.256227 -0.691044 0.414873 0.935421
  37 1.250000 -1.900000 0.810001 0.289622 0.326639 -0.899681 0.414873 0.935421
knife_butterfly.bmp
  37 1.270000 -1.900000 0.820001 0.675874 0.256227 -0.691044 0.414873 0.935421
  37 1.270000 -1.950000 0.810001 0.687557 0.148464 -0.710791 0.412916 0.941292
  37 1.250000 -1.900000 0.810001 0.289622 0.326639 -0.899681 0.414873 0.935421
knife_butterfly.bmp
  37 1.250000 -1.900000 0.810001 0.289622 0.326639 -0.899681 0.414873 0.935421
  37 1.270000 -1.950000 0.810001 0.687557 0.148464 -0.710791 0.412916 0.941292
  37 1.250000 -1.950000 0.810001 0.304085 0.190624 -0.933378 0.412916 0.941292
knife_butterfly.bmp
  37 1.270000 -1.950000 0.810001 0.687557 0.148464 -0.710791 0.412916 0.941292
  37 1.270000 -2.000000 0.810001 0.692804 0.029647 -0.720517 0.412916 0.947162
  37 1.250000 -1.950000 0.810001 0.304085 0.190624 -0.933378 0.412916 0.941292
knife_butterfly.bmp
  37 1.250000 -1.950000 0.810001 0.304085 0.190624 -0.933378 0.412916 0.941292
  37 1.270000 -2.000000 0.810001 0.692804 0.029647 -0.720517 0.412916 0.947162
  37 1.250000 -2.000000 0.810001 0.314243 0.036846 -0.948627 0.410959 0.947162
knife_butterfly.bmp
  37 1.270000 -2.000000 0.810001 0.692804 0.029647 -0.720517 0.412916 0.947162
  37 1.270000 -2.050000 0.820001 0.697475 -0.084763 -0.711579 0.412916 0.953033
  37 1.250000 -2.000000 0.810001 0.314243 0.036846 -0.948627 0.410959 0.947162
knife_butterfly.bmp
  37 1.250000 -2.000000 0.810001 0.314243 0.036846 -0.948627 0.410959 0.947162
  37 1.270000 -2.050000 0.820001 0.697475 -0.084763 -0.711579 0.412916 0.953033
  37 1.250000 -2.050000 0.810001 0.316074 -0.111921 -0.942110 0.412916 0.953033
knife_butterfly.bmp
  37 1.270000 -2.050000 0.820001 0.697475 -0.084763 -0.711579 0.412916 0.953033
  37 1.250000 -2.130000 0.830001 0.308091 -0.275363 -0.910634 0.412916 0.960861
  37 1.250000 -2.050000 0.810001 0.316074 -0.111921 -0.942110 0.412916 0.953033
knife_butterfly.bmp
  37 1.350000 -2.020000 1.200001 0.000000 0.208016 0.978125 0.530333 0.827789
  37 1.350000 -1.990000 1.190001 0.000000 0.530018 0.847986 0.528376 0.827789
  37 1.000000 -1.990000 1.190001 0.000000 0.530018 0.847986 0.528376 0.802348
knife_butterfly.bmp
  37 1.000000 -1.990000 1.190001 0.000000 0.530018 0.847986 0.528376 0.802348
  37 1.350000 -1.990000 1.190001 0.000000 0.530018 0.847986 0.528376 0.827789
  37 1.000000 -1.970000 1.170001 -0.000001 0.788082 0.615570 0.526419 0.802348
knife_butterfly.bmp
  37 1.350000 -1.990000 1.190001 0.000000 0.530018 0.847986 0.528376 0.827789
  37 1.350000 -1.970000 1.170001 -0.000001 0.788082 0.615570 0.526419 0.827789
  37 1.000000 -1.970000 1.170001 -0.000001 0.788082 0.615570 0.526419 0.802348
knife_butterfly.bmp
  37 1.000000 -1.970000 1.170001 -0.000001 0.788082 0.615570 0.526419 0.802348
  37 1.350000 -1.970000 1.170001 -0.000001 0.788082 0.615570 0.526419 0.827789
  37 1.000000 -1.960000 1.150001 0.000000 0.951096 0.308896 0.524462 0.802348
knife_butterfly.bmp
  37 1.350000 -1.970000 1.170001 -0.000001 0.788082 0.615570 0.526419 0.827789
  37 1.350000 -1.960000 1.150001 0.000000 0.951096 0.308896 0.524462 0.827789
  37 1.000000 -1.960000 1.150001 0.000000 0.951096 0.308896 0.524462 0.802348
knife_butterfly.bmp
  37 1.000000 -1.960000 1.150001 0.000000 0.951096 0.308896 0.524462 0.802348
  37 1.350000 -1.960000 1.150001 0.000000 0.951096 0.308896 0.524462 0.827789
  37 1.000000 -1.960000 1.120001 0.000001 0.999387 -0.035012 0.522505 0.802348
knife_butterfly.bmp
  37 1.350000 -1.960000 1.150001 0.000000 0.951096 0.308896 0.524462 0.827789
  37 1.350000 -1.960000 1.120001 0.000001 0.999387 -0.035012 0.522505 0.827789
  37 1.000000 -1.960000 1.120001 0.000001 0.999387 -0.035012 0.522505 0.802348
knife_butterfly.bmp
  37 1.000000 -1.960000 1.120001 0.000001 0.999387 -0.035012 0.522505 0.802348
  37 1.350000 -1.960000 1.120001 0.000001 0.999387 -0.035012 0.522505 0.827789
  37 1.000000 -1.960000 1.090001 0.000000 0.929011 -0.370053 0.520548 0.802348
knife_butterfly.bmp
  37 1.350000 -1.960000 1.120001 0.000001 0.999387 -0.035012 0.522505 0.827789
  37 1.350000 -1.960000 1.090001 0.000000 0.929011 -0.370053 0.520548 0.827789
  37 1.000000 -1.960000 1.090001 0.000000 0.929011 -0.370053 0.520548 0.802348
knife_butterfly.bmp
  37 1.000000 -1.960000 1.090001 0.000000 0.929011 -0.370053 0.520548 0.802348
  37 1.350000 -1.960000 1.090001 0.000000 0.929011 -0.370053 0.520548 0.827789
  37 1.000000 -1.980000 1.070001 0.000003 0.751485 -0.659750 0.518591 0.802348
knife_butterfly.bmp
  37 1.350000 -1.960000 1.090001 0.000000 0.929011 -0.370053 0.520548 0.827789
  37 1.350000 -1.980000 1.070001 0.000003 0.751485 -0.659750 0.518591 0.827789
  37 1.000000 -1.980000 1.070001 0.000003 0.751485 -0.659750 0.518591 0.802348
knife_butterfly.bmp
  37 1.000000 -1.980000 1.070001 0.000003 0.751485 -0.659750 0.518591 0.802348
  37 1.350000 -1.980000 1.070001 0.000003 0.751485 -0.659750 0.518591 0.827789
  37 1.000000 -2.000000 1.050001 0.000000 0.469373 -0.883000 0.518591 0.802348
knife_butterfly.bmp
  37 1.350000 -1.980000 1.070001 0.000003 0.751485 -0.659750 0.518591 0.827789
  37 1.350000 -2.000000 1.050001 0.000000 0.469373 -0.883000 0.518591 0.827789
  37 1.000000 -2.000000 1.050001 0.000000 0.469373 -0.883000 0.518591 0.802348
knife_butterfly.bmp
  37 1.000000 -2.000000 1.050001 0.000000 0.469373 -0.883000 0.518591 0.802348
  37 1.350000 -2.000000 1.050001 0.000000 0.469373 -0.883000 0.518591 0.827789
  37 1.000000 -2.010000 1.050001 -0.000001 0.119406 -0.992846 0.516634 0.802348
knife_butterfly.bmp
  37 1.350000 -2.000000 1.050001 0.000000 0.469373 -0.883000 0.518591 0.827789
  37 1.350000 -2.010000 1.050001 -0.000001 0.119406 -0.992846 0.516634 0.827789
  37 1.000000 -2.010000 1.050001 -0.000001 0.119406 -0.992846 0.516634 0.802348
knife_butterfly.bmp
  37 1.000000 -2.010000 1.050001 -0.000001 0.119406 -0.992846 0.516634 0.802348
  37 1.350000 -2.010000 1.050001 -0.000001 0.119406 -0.992846 0.516634 0.827789
  37 1.000000 -2.030000 1.050001 0.000000 -0.208016 -0.978125 0.514677 0.802348
knife_butterfly.bmp
  37 1.350000 -2.010000 1.050001 -0.000001 0.119406 -0.992846 0.516634 0.827789
  37 1.350000 -2.030000 1.050001 0.000000 -0.208016 -0.978125 0.514677 0.827789
  37 1.000000 -2.030000 1.050001 0.000000 -0.208016 -0.978125 0.514677 0.802348
knife_butterfly.bmp
  37 1.000000 -2.030000 1.050001 0.000000 -0.208016 -0.978125 0.514677 0.802348
  37 1.350000 -2.030000 1.050001 0.000000 -0.208016 -0.978125 0.514677 0.827789
  37 1.000000 -2.060000 1.050001 0.000000 -0.530017 -0.847987 0.512720 0.802348
knife_butterfly.bmp
  37 1.350000 -2.030000 1.050001 0.000000 -0.208016 -0.978125 0.514677 0.827789
  37 1.350000 -2.060000 1.050001 0.000000 -0.530017 -0.847987 0.512720 0.827789
  37 1.000000 -2.060000 1.050001 0.000000 -0.530017 -0.847987 0.512720 0.802348
knife_butterfly.bmp
  37 1.000000 -2.060000 1.050001 0.000000 -0.530017 -0.847987 0.512720 0.802348
  37 1.350000 -2.060000 1.050001 0.000000 -0.530017 -0.847987 0.512720 0.827789
  37 1.000000 -2.080000 1.090001 0.000000 -0.808512 -0.588480 0.510763 0.802348
knife_butterfly.bmp
  37 1.350000 -2.060000 1.050001 0.000000 -0.530017 -0.847987 0.512720 0.827789
  37 1.350000 -2.080000 1.090001 0.000000 -0.808512 -0.588480 0.510763 0.827789
  37 1.000000 -2.080000 1.090001 0.000000 -0.808512 -0.588480 0.510763 0.802348
knife_butterfly.bmp
  37 1.000000 -2.080000 1.090001 0.000000 -0.808512 -0.588480 0.510763 0.802348
  37 1.350000 -2.080000 1.090001 0.000000 -0.808512 -0.588480 0.510763 0.827789
  37 1.000000 -2.100000 1.120001 0.000000 -0.951091 -0.308912 0.508806 0.802348
knife_butterfly.bmp
  37 1.350000 -2.080000 1.090001 0.000000 -0.808512 -0.588480 0.510763 0.827789
  37 1.350000 -2.100000 1.120001 0.000000 -0.951091 -0.308912 0.508806 0.827789
  37 1.000000 -2.100000 1.120001 0.000000 -0.951091 -0.308912 0.508806 0.802348
knife_butterfly.bmp
  37 1.000000 -2.100000 1.120001 0.000000 -0.951091 -0.308912 0.508806 0.802348
  37 1.350000 -2.100000 1.120001 0.000000 -0.951091 -0.308912 0.508806 0.827789
  37 1.000000 -2.100000 1.140001 0.000000 -0.999387 0.035008 0.506849 0.802348
knife_butterfly.bmp
  37 1.350000 -2.100000 1.120001 0.000000 -0.951091 -0.308912 0.508806 0.827789
  37 1.350000 -2.100000 1.140001 0.000000 -0.999387 0.035008 0.506849 0.827789
  37 1.000000 -2.100000 1.140001 0.000000 -0.999387 0.035008 0.506849 0.802348
knife_butterfly.bmp
  37 1.000000 -2.100000 1.140001 0.000000 -0.999387 0.035008 0.506849 0.802348
  37 1.350000 -2.100000 1.140001 0.000000 -0.999387 0.035008 0.506849 0.827789
  37 1.000000 -2.090000 1.170001 0.000000 -0.929011 0.370053 0.504892 0.802348
knife_butterfly.bmp
  37 1.350000 -2.100000 1.140001 0.000000 -0.999387 0.035008 0.506849 0.827789
  37 1.350000 -2.090000 1.170001 0.000000 -0.929011 0.370053 0.504892 0.827789
  37 1.000000 -2.090000 1.170001 0.000000 -0.929011 0.370053 0.504892 0.802348
knife_butterfly.bmp
  37 1.000000 -2.090000 1.170001 0.000000 -0.929011 0.370053 0.504892 0.802348
  37 1.350000 -2.090000 1.170001 0.000000 -0.929011 0.370053 0.504892 0.827789
  37 1.000000 -2.080000 1.190001 0.000000 -0.751409 0.659837 0.502935 0.802348
knife_butterfly.bmp
  37 1.350000 -2.090000 1.170001 0.000000 -0.929011 0.370053 0.504892 0.827789
  37 1.350000 -2.080000 1.190001 0.000000 -0.751409 0.659837 0.502935 0.827789
  37 1.000000 -2.080000 1.190001 0.000000 -0.751409 0.659837 0.502935 0.802348
knife_butterfly.bmp
  37 1.000000 -2.080000 1.190001 0.000000 -0.751409 0.659837 0.502935 0.802348
  37 1.350000 -2.080000 1.190001 0.000000 -0.751409 0.659837 0.502935 0.827789
  37 1.000000 -2.060000 1.190001 0.000000 -0.469371 0.883001 0.500978 0.802348
knife_butterfly.bmp
  37 1.350000 -2.080000 1.190001 0.000000 -0.751409 0.659837 0.502935 0.827789
  37 1.350000 -2.060000 1.190001 0.000000 -0.469371 0.883001 0.500978 0.827789
  37 1.000000 -2.060000 1.190001 0.000000 -0.469371 0.883001 0.500978 0.802348
knife_butterfly.bmp
  37 1.000000 -2.060000 1.190001 0.000000 -0.469371 0.883001 0.500978 0.802348
  37 1.350000 -2.060000 1.190001 0.000000 -0.469371 0.883001 0.500978 0.827789
  37 1.000000 -2.030000 1.200001 -0.000002 -0.134625 0.990897 0.499022 0.802348
knife_butterfly.bmp
  37 1.350000 -2.060000 1.190001 0.000000 -0.469371 0.883001 0.500978 0.827789
  37 1.350000 -2.030000 1.200001 -0.000002 -0.134625 0.990897 0.499022 0.827789
  37 1.000000 -2.030000 1.200001 -0.000002 -0.134625 0.990897 0.499022 0.802348
knife_butterfly.bmp
  37 1.000000 -2.030000 1.200001 -0.000002 -0.134625 0.990897 0.499022 0.802348
  37 1.350000 -2.030000 1.200001 -0.000002 -0.134625 0.990897 0.499022 0.827789
  37 1.000000 -2.020000 1.200001 0.000000 0.208016 0.978125 0.497065 0.802348
knife_butterfly.bmp
  37 1.350000 -2.030000 1.200001 -0.000002 -0.134625 0.990897 0.499022 0.827789
  37 1.350000 -2.020000 1.200001 0.000000 0.208016 0.978125 0.497065 0.827789
  37 1.000000 -2.020000 1.200001 0.000000 0.208016 0.978125 0.497065 0.802348
knife_butterfly.bmp
  39 1.028074 -2.049114 -0.392733 0.897034 0.410709 0.163243 0.277886 0.273973
  39 1.028074 -2.059114 -0.382733 0.880040 0.378923 0.286263 0.277886 0.275930
  39 1.038074 -2.069114 -0.402732 0.888701 0.407411 0.210303 0.275930 0.273973
knife_butterfly.bmp
  39 1.038074 -2.069114 -0.402732 0.888701 0.407411 0.210303 0.275930 0.273973
  39 1.028074 -2.059114 -0.382733 0.880040 0.378923 0.286263 0.277886 0.275930
  39 1.038074 -2.089114 -0.382732 0.866364 0.417147 0.274595 0.273973 0.277886
knife_butterfly.bmp
  39 1.028074 -2.059114 -0.382733 0.880040 0.378923 0.286263 0.277886 0.275930
  39 1.038074 -2.079114 -0.362732 0.846589 0.441600 0.297114 0.277886 0.277886
  39 1.038074 -2.089114 -0.382732 0.866364 0.417147 0.274595 0.273973 0.277886
knife_butterfly.bmp
  39 1.038074 -2.089114 -0.382732 0.866364 0.417147 0.274595 0.273973 0.277886
  39 1.038074 -2.079114 -0.362732 0.846589 0.441600 0.297114 0.277886 0.277886
  39 1.058074 -2.109114 -0.352732 0.787552 0.535284 0.305340 0.273973 0.279843
knife_butterfly.bmp
  39 1.038074 -2.079114 -0.362732 0.846589 0.441600 0.297114 0.277886 0.277886
  39 1.048074 -2.099114 -0.332732 0.787552 0.535284 0.305340 0.277886 0.281800
  39 1.058074 -2.109114 -0.352732 0.787552 0.535284 0.305340 0.273973 0.279843
knife_butterfly.bmp
  39 1.058074 -2.109114 -0.352732 0.787552 0.535284 0.305340 0.273973 0.279843
  39 1.048074 -2.099114 -0.332732 0.787552 0.535284 0.305340 0.277886 0.281800
  39 1.068074 -2.149114 -0.272732 0.804171 0.548875 0.228135 0.273973 0.289628
knife_butterfly.bmp
  39 1.048074 -2.099114 -0.332732 0.787552 0.535284 0.305340 0.277886 0.281800
  39 1.048074 -2.139114 -0.262732 0.804171 0.548875 0.228135 0.277886 0.289628
  39 1.068074 -2.149114 -0.272732 0.804171 0.548875 0.228135 0.273973 0.289628
knife_butterfly.bmp
  39 1.068074 -2.149114 -0.272732 0.804171 0.548875 0.228135 0.273973 0.289628
  39 1.048074 -2.139114 -0.262732 0.804171 0.548875 0.228135 0.277886 0.289628
  39 1.068074 -2.209114 -0.192732 0.818458 0.556160 0.144262 0.273973 0.297456
knife_butterfly.bmp
  39 1.048074 -2.139114 -0.262732 0.804171 0.548875 0.228135 0.277886 0.289628
  39 1.048074 -2.189114 -0.182732 0.818458 0.556160 0.144262 0.277886 0.297456
  39 1.068074 -2.209114 -0.192732 0.818458 0.556160 0.144262 0.273973 0.297456
knife_butterfly.bmp
  39 1.068074 -2.209114 -0.192732 0.818458 0.556160 0.144262 0.273973 0.297456
  39 1.048074 -2.189114 -0.182732 0.818458 0.556160 0.144262 0.277886 0.297456
  39 1.068074 -2.219114 -0.112732 0.827552 0.558762 0.054244 0.273973 0.303327
knife_butterfly.bmp
  39 1.048074 -2.189114 -0.182732 0.818458 0.556160 0.144262 0.277886 0.297456
  39 1.048074 -2.199114 -0.112732 0.827552 0.558762 0.054244 0.277886 0.305284
  39 1.068074 -2.219114 -0.112732 0.827552 0.558762 0.054244 0.273973 0.303327
knife_butterfly.bmp
  39 1.068074 -2.219114 -0.112732 0.827552 0.558762 0.054244 0.273973 0.303327
  39 1.048074 -2.199114 -0.112732 0.827552 0.558762 0.054244 0.277886 0.305284
  39 1.048073 -2.199113 -0.042732 0.836053 0.548230 -0.021411 0.273973 0.311155
knife_butterfly.bmp
  39 1.048074 -2.199114 -0.112732 0.827552 0.558762 0.054244 0.277886 0.305284
  39 1.028073 -2.179113 -0.042732 0.836053 0.548230 -0.021411 0.277886 0.311155
  39 1.048073 -2.199113 -0.042732 0.836053 0.548230 -0.021411 0.273973 0.311155
knife_butterfly.bmp
  39 1.048073 -2.199113 -0.042732 0.836053 0.548230 -0.021411 0.273973 0.311155
  39 1.028073 -2.179113 -0.042732 0.836053 0.548230 -0.021411 0.277886 0.311155
  39 1.038073 -2.189113 0.047268 0.843844 0.526586 -0.103122 0.273973 0.318982
knife_butterfly.bmp
  39 1.028073 -2.179113 -0.042732 0.836053 0.548230 -0.021411 0.277886 0.311155
  39 1.028073 -2.169113 0.047268 0.843844 0.526586 -0.103122 0.277886 0.318982
  39 1.038073 -2.189113 0.047268 0.843844 0.526586 -0.103122 0.273973 0.318982
knife_butterfly.bmp
  39 1.038073 -2.189113 0.047268 0.843844 0.526586 -0.103122 0.273973 0.318982
  39 1.028073 -2.169113 0.047268 0.843844 0.526586 -0.103122 0.277886 0.318982
  39 1.058073 -2.169113 0.137268 0.850345 0.492057 -0.186528 0.273973 0.326810
knife_butterfly.bmp
  39 1.028073 -2.169113 0.047268 0.843844 0.526586 -0.103122 0.277886 0.318982
  39 1.048073 -2.149113 0.127268 0.850345 0.492057 -0.186528 0.277886 0.326810
  39 1.058073 -2.169113 0.137268 0.850345 0.492057 -0.186528 0.273973 0.326810
knife_butterfly.bmp
  39 1.058073 -2.169113 0.137268 0.850345 0.492057 -0.186528 0.273973 0.326810
  39 1.048073 -2.149113 0.127268 0.850345 0.492057 -0.186528 0.277886 0.326810
  39 1.058073 -2.129113 0.207268 0.855365 0.448885 -0.258559 0.273973 0.334638
knife_butterfly.bmp
  39 1.048073 -2.149113 0.127268 0.850345 0.492057 -0.186528 0.277886 0.326810
  39 1.048073 -2.109113 0.197268 0.855365 0.448885 -0.258559 0.277886 0.334638
  39 1.058073 -2.129113 0.207268 0.855365 0.448885 -0.258559 0.273973 0.334638
knife_butterfly.bmp
  39 1.058073 -2.129113 0.207268 0.855365 0.448885 -0.258559 0.273973 0.334638
  39 1.048073 -2.109113 0.197268 0.855365 0.448885 -0.258559 0.277886 0.334638
  39 1.058073 -2.099113 0.277268 0.858038 0.408478 -0.311313 0.273973 0.342466
knife_butterfly.bmp
  39 1.048073 -2.109113 0.197268 0.855365 0.448885 -0.258559 0.277886 0.334638
  39 1.048073 -2.089113 0.257268 0.839108 0.428942 -0.334524 0.277886 0.342466
  39 1.058073 -2.099113 0.277268 0.858038 0.408478 -0.311313 0.273973 0.342466
knife_butterfly.bmp
  39 1.058073 -2.099113 0.277268 0.858038 0.408478 -0.311313 0.273973 0.342466
  39 1.048073 -2.089113 0.257268 0.839108 0.428942 -0.334524 0.277886 0.342466
  39 1.058073 -2.059113 0.327267 0.841633 0.398140 -0.364882 0.275930 0.348337
knife_butterfly.bmp
  39 1.048073 -2.089113 0.257268 0.839108 0.428942 -0.334524 0.277886 0.342466
  39 1.048073 -2.049113 0.307267 0.841633 0.398140 -0.364882 0.277886 0.348337
  39 1.058073 -2.059113 0.327267 0.841633 0.398140 -0.364882 0.275930 0.348337
knife_butterfly.bmp
  39 1.058073 -2.059113 0.327267 0.841633 0.398140 -0.364882 0.275930 0.348337
  39 1.048073 -2.049113 0.307267 0.841633 0.398140 -0.364882 0.277886 0.348337
  39 1.058073 -2.009113 0.377267 0.831131 0.278228 -0.481468 0.273973 0.356164
knife_butterfly.bmp
  39 1.048073 -2.049113 0.307267 0.841633 0.398140 -0.364882 0.277886 0.348337
  39 1.048073 -2.029113 0.357267 0.833216 0.307508 -0.459554 0.277886 0.354207
  39 1.058073 -2.009113 0.377267 0.831131 0.278228 -0.481468 0.273973 0.356164
knife_butterfly.bmp
  39 1.058073 -2.009113 0.377267 0.831131 0.278228 -0.481468 0.273973 0.356164
  39 1.048073 -2.029113 0.357267 0.833216 0.307508 -0.459554 0.277886 0.354207
  39 1.038072 -1.919112 0.397267 0.851291 0.166667 -0.497520 0.275930 0.365949
knife_butterfly.bmp
  39 1.048073 -2.029113 0.357267 0.833216 0.307508 -0.459554 0.277886 0.354207
  39 1.028073 -1.909113 0.377267 0.851291 0.166667 -0.497520 0.277886 0.363992
  39 1.038072 -1.919112 0.397267 0.851291 0.166667 -0.497520 0.275930 0.365949
knife_butterfly.bmp
  39 1.038072 -1.919112 0.397267 0.851291 0.166667 -0.497520 0.275930 0.365949
  39 1.028073 -1.909113 0.377267 0.851291 0.166667 -0.497520 0.277886 0.363992
  39 1.038072 -1.819112 0.437267 0.846537 0.057330 -0.529233 0.273973 0.373777
knife_butterfly.bmp
  39 1.028073 -1.909113 0.377267 0.851291 0.166667 -0.497520 0.277886 0.363992
  39 1.028072 -1.829112 0.417267 0.846537 0.057330 -0.529233 0.275930 0.373777
  39 1.038072 -1.819112 0.437267 0.846537 0.057330 -0.529233 0.273973 0.373777
knife_butterfly.bmp
  39 1.038072 -1.819112 0.437267 0.846537 0.057330 -0.529233 0.273973 0.373777
  39 1.028072 -1.829112 0.417267 0.846537 0.057330 -0.529233 0.275930 0.373777
  39 1.038072 -1.729112 0.427267 0.863522 -0.101884 -0.493912 0.273973 0.381605
knife_butterfly.bmp
  39 1.028072 -1.829112 0.417267 0.846537 0.057330 -0.529233 0.275930 0.373777
  39 1.028072 -1.739112 0.407267 0.863522 -0.101884 -0.493912 0.275930 0.381605
  39 1.038072 -1.729112 0.427267 0.863522 -0.101884 -0.493912 0.273973 0.381605
knife_butterfly.bmp
  39 1.038072 -1.729112 0.427267 0.863522 -0.101884 -0.493912 0.273973 0.381605
  39 1.028072 -1.739112 0.407267 0.863522 -0.101884 -0.493912 0.275930 0.381605
  39 1.038072 -1.669112 0.407267 0.820183 0.015368 -0.571894 0.275930 0.389432
knife_butterfly.bmp
  39 1.028072 -1.739112 0.407267 0.863522 -0.101884 -0.493912 0.275930 0.381605
  39 1.028073 -1.689113 0.387267 0.853894 -0.026004 -0.519796 0.277886 0.387476
  39 1.038072 -1.669112 0.407267 0.820183 0.015368 -0.571894 0.275930 0.389432
knife_butterfly.bmp
  39 1.038072 -1.669112 0.407267 0.820183 0.015368 -0.571894 0.275930 0.389432
  39 1.028073 -1.689113 0.387267 0.853894 -0.026004 -0.519796 0.277886 0.387476
  39 1.038072 -1.659112 0.397267 0.761872 0.189363 -0.619429 0.275930 0.389432
knife_butterfly.bmp
  39 1.028073 -1.689113 0.387267 0.853894 -0.026004 -0.519796 0.277886 0.387476
  39 1.038073 -1.689113 0.377267 0.836142 0.126648 -0.533692 0.277886 0.389432
  39 1.038072 -1.659112 0.397267 0.761872 0.189363 -0.619429 0.275930 0.389432
knife_butterfly.bmp
  37 0.710000 -2.130000 0.830001 -0.308124 -0.275365 -0.910623 0.412916 0.960861
  37 0.690000 -2.050000 0.820001 -0.697462 -0.084768 -0.711590 0.410959 0.953033
  37 0.710000 -2.050000 0.810001 -0.316074 -0.111923 -0.942110 0.410959 0.953033
knife_butterfly.bmp
  37 0.710000 -2.050000 0.810001 -0.316074 -0.111923 -0.942110 0.410959 0.953033
  37 0.690000 -2.050000 0.820001 -0.697462 -0.084768 -0.711590 0.410959 0.953033
  37 0.710000 -2.000000 0.810001 -0.314243 0.036846 -0.948627 0.410959 0.947162
knife_butterfly.bmp
  37 0.690000 -2.050000 0.820001 -0.697462 -0.084768 -0.711590 0.410959 0.953033
  37 0.690000 -2.000000 0.810001 -0.692798 0.029652 -0.720521 0.410959 0.947162
  37 0.710000 -2.000000 0.810001 -0.314243 0.036846 -0.948627 0.410959 0.947162
knife_butterfly.bmp
  37 0.710000 -2.000000 0.810001 -0.314243 0.036846 -0.948627 0.410959 0.947162
  37 0.690000 -2.000000 0.810001 -0.692798 0.029652 -0.720521 0.410959 0.947162
  37 0.710000 -1.950000 0.810001 -0.304084 0.190634 -0.933376 0.410959 0.941292
knife_butterfly.bmp
  37 0.690000 -2.000000 0.810001 -0.692798 0.029652 -0.720521 0.410959 0.947162
  37 0.690000 -1.950000 0.810001 -0.687549 0.148466 -0.710799 0.412916 0.941292
  37 0.710000 -1.950000 0.810001 -0.304084 0.190634 -0.933376 0.410959 0.941292
knife_butterfly.bmp
  37 0.710000 -1.950000 0.810001 -0.304084 0.190634 -0.933376 0.410959 0.941292
  37 0.690000 -1.950000 0.810001 -0.687549 0.148466 -0.710799 0.412916 0.941292
  37 0.710000 -1.900000 0.810001 -0.289599 0.326629 -0.899692 0.412916 0.935421
knife_butterfly.bmp
  37 0.690000 -1.950000 0.810001 -0.687549 0.148466 -0.710799 0.412916 0.941292
  37 0.690000 -1.900000 0.820001 -0.675855 0.256224 -0.691064 0.414873 0.935421
  37 0.710000 -1.900000 0.810001 -0.289599 0.326629 -0.899692 0.412916 0.935421
knife_butterfly.bmp
  37 0.710000 -1.900000 0.810001 -0.289599 0.326629 -0.899692 0.412916 0.935421
  37 0.690000 -1.900000 0.820001 -0.675855 0.256224 -0.691064 0.414873 0.935421
  37 0.710000 -1.850000 0.830001 -0.256485 0.520286 -0.814566 0.414873 0.929550
knife_butterfly.bmp
  37 0.690000 -1.900000 0.820001 -0.675855 0.256224 -0.691064 0.414873 0.935421
  37 0.690000 -1.850000 0.840001 -0.636403 0.427966 -0.641744 0.416830 0.929550
  37 0.710000 -1.850000 0.830001 -0.256485 0.520286 -0.814566 0.414873 0.929550
knife_butterfly.bmp
  37 0.710000 -1.850000 0.830001 -0.256485 0.520286 -0.814566 0.414873 0.929550
  37 0.690000 -1.850000 0.840001 -0.636403 0.427966 -0.641744 0.416830 0.929550
  37 0.710000 -1.810000 0.880001 -0.221978 0.650944 -0.725946 0.420744 0.925636
knife_butterfly.bmp
  37 0.690000 -1.850000 0.840001 -0.636403 0.427966 -0.641744 0.416830 0.929550
  37 0.690000 -1.810000 0.890001 -0.623063 0.519883 -0.584393 0.420744 0.925636
  37 0.710000 -1.810000 0.880001 -0.221978 0.650944 -0.725946 0.420744 0.925636
knife_butterfly.bmp
  37 0.710000 -1.810000 0.880001 -0.221978 0.650944 -0.725946 0.420744 0.925636
  37 0.690000 -1.810000 0.890001 -0.623063 0.519883 -0.584393 0.420744 0.925636
  37 0.710000 -1.770000 0.910001 -0.187277 0.720996 -0.667152 0.424658 0.921722
knife_butterfly.bmp
  37 0.690000 -1.810000 0.890001 -0.623063 0.519883 -0.584393 0.420744 0.925636
  37 0.690000 -1.770000 0.920001 -0.569044 0.609186 -0.552342 0.424658 0.919765
  37 0.710000 -1.770000 0.910001 -0.187277 0.720996 -0.667152 0.424658 0.921722
knife_butterfly.bmp
  37 0.710000 -1.770000 0.910001 -0.187277 0.720996 -0.667152 0.424658 0.921722
  37 0.690000 -1.770000 0.920001 -0.569044 0.609186 -0.552342 0.424658 0.919765
  37 0.710000 -1.750000 0.940001 -0.182528 0.691923 -0.698517 0.428571 0.917808
knife_butterfly.bmp
  37 0.690000 -1.770000 0.920001 -0.569044 0.609186 -0.552342 0.424658 0.919765
  37 0.690000 -1.750000 0.950001 -0.578899 0.566627 -0.586353 0.428571 0.917808
  37 0.710000 -1.750000 0.940001 -0.182528 0.691923 -0.698517 0.428571 0.917808
knife_butterfly.bmp
  37 0.710000 -1.750000 0.940001 -0.182528 0.691923 -0.698517 0.428571 0.917808
  37 0.690000 -1.750000 0.950001 -0.578899 0.566627 -0.586353 0.428571 0.917808
  37 0.710000 -1.730000 0.960001 -0.275254 0.291172 -0.916217 0.430528 0.913894
knife_butterfly.bmp
  37 0.690000 -1.750000 0.950001 -0.578899 0.566627 -0.586353 0.428571 0.917808
  37 0.690000 -1.730000 0.970001 -0.702974 0.206179 -0.680674 0.432485 0.913894
  37 0.710000 -1.730000 0.960001 -0.275254 0.291172 -0.916217 0.430528 0.913894
knife_butterfly.bmp
  37 0.710000 -1.730000 0.960001 -0.275254 0.291172 -0.916217 0.430528 0.913894
  37 0.690000 -1.730000 0.970001 -0.702974 0.206179 -0.680674 0.432485 0.913894
  37 0.710000 -1.700000 0.970001 -0.316074 -0.111923 -0.942110 0.430528 0.909980
knife_butterfly.bmp
  37 0.690000 -1.730000 0.970001 -0.702974 0.206179 -0.680674 0.432485 0.913894
  37 0.690000 -1.690000 0.980001 -0.727927 -0.060725 -0.682960 0.432485 0.909980
  37 0.710000 -1.700000 0.970001 -0.316074 -0.111923 -0.942110 0.430528 0.909980
knife_butterfly.bmp
  37 0.710000 -1.700000 0.970001 -0.316074 -0.111923 -0.942110 0.430528 0.909980
  37 0.690000 -1.690000 0.980001 -0.727927 -0.060725 -0.682960 0.432485 0.909980
  37 0.710000 -1.650000 0.960001 -0.312243 -0.419989 -0.852123 0.430528 0.906067
knife_butterfly.bmp
  37 0.690000 -1.690000 0.980001 -0.727927 -0.060725 -0.682960 0.432485 0.909980
  37 0.690000 -1.650000 0.970001 -0.733070 -0.296871 -0.611944 0.430528 0.906067
  37 0.710000 -1.650000 0.960001 -0.312243 -0.419989 -0.852123 0.430528 0.906067
knife_butterfly.bmp
  37 0.710000 -1.650000 0.960001 -0.312243 -0.419989 -0.852123 0.430528 0.906067
  37 0.690000 -1.650000 0.970001 -0.733070 -0.296871 -0.611944 0.430528 0.906067
  37 0.690000 -1.620000 0.950001 -0.664920 -0.244769 -0.705670 0.428571 0.904110
knife_butterfly.bmp
  37 0.690000 -1.650000 0.970001 -0.733070 -0.296871 -0.611944 0.430528 0.906067
  37 0.690000 -1.620000 0.980001 -0.945229 -0.101691 -0.310164 0.432485 0.902153
  37 0.690000 -1.620000 0.950001 -0.664920 -0.244769 -0.705670 0.428571 0.904110
knife_butterfly.bmp
  37 0.690000 -1.620000 0.950001 -0.664920 -0.244769 -0.705670 0.428571 0.904110
  37 0.690000 -1.620000 0.980001 -0.945229 -0.101691 -0.310164 0.432485 0.902153
  37 0.690000 -1.490000 0.970001 -0.692798 0.029652 -0.720521 0.428571 0.886497
knife_butterfly.bmp
  37 0.690000 -1.620000 0.980001 -0.945229 -0.101691 -0.310164 0.432485 0.902153
  37 0.690000 -1.490000 0.990001 -0.947879 0.015182 -0.318267 0.432485 0.886497
  37 0.690000 -1.490000 0.970001 -0.692798 0.029652 -0.720521 0.428571 0.886497
knife_butterfly.bmp
  37 0.690000 -1.490000 0.970001 -0.692798 0.029652 -0.720521 0.428571 0.886497
  37 0.690000 -1.490000 0.990001 -0.947879 0.015182 -0.318267 0.432485 0.886497
  37 0.690000 -1.290000 0.970001 -0.692798 0.029652 -0.720521 0.428571 0.864971
knife_butterfly.bmp
  37 0.690000 -1.490000 0.990001 -0.947879 0.015182 -0.318267 0.432485 0.886497
  37 0.690000 -1.280000 0.990001 -0.947879 0.015182 -0.318267 0.432485 0.863014
  37 0.690000 -1.290000 0.970001 -0.692798 0.029652 -0.720521 0.428571 0.864971
knife_butterfly.bmp
  37 0.690000 -1.290000 0.970001 -0.692798 0.029652 -0.720521 0.428571 0.864971
  37 0.690000 -1.280000 0.990001 -0.947879 0.015182 -0.318267 0.432485 0.863014
  37 0.690000 -1.190000 0.970001 -0.692798 0.029652 -0.720521 0.428571 0.851272
knife_butterfly.bmp
  37 0.690000 -1.280000 0.990001 -0.947879 0.015182 -0.318267 0.432485 0.863014
  37 0.690000 -1.190000 0.990001 -0.947879 0.015182 -0.318267 0.432485 0.851272
  37 0.690000 -1.190000 0.970001 -0.692798 0.029652 -0.720521 0.428571 0.851272
knife_butterfly.bmp
  37 0.690000 -1.190000 0.970001 -0.692798 0.029652 -0.720521 0.428571 0.851272
  37 0.690000 -1.190000 0.990001 -0.947879 0.015182 -0.318267 0.432485 0.851272
  37 0.690000 -1.080000 0.980001 -0.683229 0.101530 -0.723111 0.430528 0.837573
knife_butterfly.bmp
  37 0.690000 -1.190000 0.990001 -0.947879 0.015182 -0.318267 0.432485 0.851272
  37 0.690000 -1.080000 1.000001 -0.947879 0.015182 -0.318267 0.434442 0.837573
  37 0.690000 -1.080000 0.980001 -0.683229 0.101530 -0.723111 0.430528 0.837573
knife_butterfly.bmp
  37 0.690000 -1.080000 0.980001 -0.683229 0.101530 -0.723111 0.430528 0.837573
  37 0.690000 -1.080000 1.000001 -0.947879 0.015182 -0.318267 0.434442 0.837573
  37 0.690000 -0.970000 1.000001 -0.706709 0.066972 -0.704327 0.432485 0.825832
knife_butterfly.bmp
  37 0.690000 -1.080000 1.000001 -0.947879 0.015182 -0.318267 0.434442 0.837573
  37 0.690000 -0.970000 1.000001 -0.947879 0.015182 -0.318267 0.434442 0.825832
  37 0.690000 -0.970000 1.000001 -0.706709 0.066972 -0.704327 0.432485 0.825832
knife_butterfly.bmp
  37 0.690000 -0.970000 1.000001 -0.706709 0.066972 -0.704327 0.432485 0.825832
  37 0.690000 -0.970000 1.000001 -0.947879 0.015182 -0.318267 0.434442 0.825832
  37 0.690000 -0.870000 1.000001 -0.706709 0.066972 -0.704327 0.432485 0.814090
knife_butterfly.bmp
  37 0.690000 -0.970000 1.000001 -0.947879 0.015182 -0.318267 0.434442 0.825832
  37 0.690000 -0.870000 1.000001 -0.947879 0.015182 -0.318267 0.436399 0.814090
  37 0.690000 -0.870000 1.000001 -0.706709 0.066972 -0.704327 0.432485 0.814090
knife_butterfly.bmp
  39 0.998073 -1.689113 0.377267 0.116080 -0.401051 -0.908671 0.279843 0.389432
  39 0.998072 -1.749112 0.407267 0.112131 -0.223629 -0.968203 0.279843 0.381605
  39 0.978073 -1.689113 0.377267 0.000002 -0.404024 -0.914748 0.285714 0.389432
knife_butterfly.bmp
  39 0.978073 -1.689113 0.377267 0.000002 -0.404024 -0.914748 0.285714 0.389432
  39 0.998072 -1.749112 0.407267 0.112131 -0.223629 -0.968203 0.279843 0.381605
  39 0.968072 -1.749112 0.407267 0.000002 -0.227854 -0.973695 0.285714 0.381605
knife_butterfly.bmp
  39 0.998072 -1.749112 0.407267 0.112131 -0.223629 -0.968203 0.279843 0.381605
  39 0.998072 -1.829112 0.407267 0.099374 0.090036 -0.990968 0.279843 0.373777
  39 0.968072 -1.749112 0.407267 0.000002 -0.227854 -0.973695 0.285714 0.381605
knife_butterfly.bmp
  39 0.968072 -1.749112 0.407267 0.000002 -0.227854 -0.973695 0.285714 0.381605
  39 0.998072 -1.829112 0.407267 0.099374 0.090036 -0.990968 0.279843 0.373777
  39 0.968072 -1.829112 0.407267 0.000002 0.087549 -0.996160 0.285714 0.373777
knife_butterfly.bmp
  39 0.998072 -1.829112 0.407267 0.099374 0.090036 -0.990968 0.279843 0.373777
  39 0.998073 -1.909113 0.377267 0.097252 0.303290 -0.947923 0.279843 0.363992
  39 0.968072 -1.829112 0.407267 0.000002 0.087549 -0.996160 0.285714 0.373777
knife_butterfly.bmp
  39 0.968072 -1.829112 0.407267 0.000002 0.087549 -0.996160 0.285714 0.373777
  39 0.998073 -1.909113 0.377267 0.097252 0.303290 -0.947923 0.279843 0.363992
  39 0.978073 -1.909113 0.387267 0.000002 0.304098 -0.952641 0.285714 0.363992
knife_butterfly.bmp
  39 0.998073 -1.909113 0.377267 0.097252 0.303290 -0.947923 0.279843 0.363992
  39 1.018073 -1.999113 0.347267 0.099751 0.543344 -0.833563 0.279843 0.354207
  39 0.978073 -1.909113 0.387267 0.000002 0.304098 -0.952641 0.285714 0.363992
knife_butterfly.bmp
  39 0.978073 -1.909113 0.387267 0.000002 0.304098 -0.952641 0.285714 0.363992
  39 1.018073 -1.999113 0.347267 0.099751 0.543344 -0.833563 0.279843 0.354207
  39 0.978073 -1.999113 0.347267 0.000002 0.525101 -0.851040 0.285714 0.354207
knife_butterfly.bmp
  39 1.018073 -1.999113 0.347267 0.099751 0.543344 -0.833563 0.279843 0.354207
  39 1.018073 -2.049113 0.297267 0.091553 0.757594 -0.646274 0.279843 0.348337
  39 0.978073 -1.999113 0.347267 0.000002 0.525101 -0.851040 0.285714 0.354207
knife_butterfly.bmp
  39 0.978073 -1.999113 0.347267 0.000002 0.525101 -0.851040 0.285714 0.354207
  39 1.018073 -2.049113 0.297267 0.091553 0.757594 -0.646274 0.279843 0.348337
  39 0.978073 -2.049113 0.297267 0.000001 0.739368 -0.673302 0.285714 0.348337
knife_butterfly.bmp
  39 1.018073 -2.049113 0.297267 0.091553 0.757594 -0.646274 0.279843 0.348337
  39 1.018073 -2.079113 0.257267 0.114581 0.803399 -0.584313 0.279843 0.342466
  39 0.978073 -2.049113 0.297267 0.000001 0.739368 -0.673302 0.285714 0.348337
knife_butterfly.bmp
  39 0.978073 -2.049113 0.297267 0.000001 0.739368 -0.673302 0.285714 0.348337
  39 1.018073 -2.079113 0.257267 0.114581 0.803399 -0.584313 0.279843 0.342466
  39 0.978073 -2.079113 0.257267 0.000001 0.810202 -0.586151 0.285714 0.342466
knife_butterfly.bmp
  39 1.018073 -2.079113 0.257267 0.114581 0.803399 -0.584313 0.279843 0.342466
  39 1.018073 -2.109113 0.197268 0.103064 0.847948 -0.519963 0.279843 0.334638
  39 0.978073 -2.079113 0.257267 0.000001 0.810202 -0.586151 0.285714 0.342466
knife_butterfly.bmp
  39 0.978073 -2.079113 0.257267 0.000001 0.810202 -0.586151 0.285714 0.342466
  39 1.018073 -2.109113 0.197268 0.103064 0.847948 -0.519963 0.279843 0.334638
  39 0.978073 -2.109113 0.197267 0.000001 0.863787 -0.503857 0.285714 0.334638
knife_butterfly.bmp
  39 1.018073 -2.109113 0.197268 0.103064 0.847948 -0.519963 0.279843 0.334638
  39 0.998073 -2.139113 0.117268 0.117558 0.927660 -0.354440 0.279843 0.326810
  39 0.978073 -2.109113 0.197267 0.000001 0.863787 -0.503857 0.285714 0.334638
knife_butterfly.bmp
  39 0.978073 -2.109113 0.197267 0.000001 0.863787 -0.503857 0.285714 0.334638
  39 0.998073 -2.139113 0.117268 0.117558 0.927660 -0.354440 0.279843 0.326810
  39 0.968073 -2.139113 0.117268 0.000001 0.934130 -0.356933 0.285714 0.326810
knife_butterfly.bmp
  39 0.998073 -2.139113 0.117268 0.117558 0.927660 -0.354440 0.279843 0.326810
  39 0.998073 -2.159113 0.047268 0.116678 0.968317 -0.220792 0.279843 0.318982
  39 0.968073 -2.139113 0.117268 0.000001 0.934130 -0.356933 0.285714 0.326810
knife_butterfly.bmp
  39 0.968073 -2.139113 0.117268 0.000001 0.934130 -0.356933 0.285714 0.326810
  39 0.998073 -2.159113 0.047268 0.116678 0.968317 -0.220792 0.279843 0.318982
  39 0.968073 -2.159113 0.047268 0.000000 0.974974 -0.222320 0.285714 0.318982
knife_butterfly.bmp
  39 0.998073 -2.159113 0.047268 0.116678 0.968317 -0.220792 0.279843 0.318982
  39 0.998073 -2.169113 -0.042732 0.117465 0.992200 -0.041730 0.279843 0.311155
  39 0.968073 -2.159113 0.047268 0.000000 0.974974 -0.222320 0.285714 0.318982
knife_butterfly.bmp
  39 0.968073 -2.159113 0.047268 0.000000 0.974974 -0.222320 0.285714 0.318982
  39 0.998073 -2.169113 -0.042732 0.117465 0.992200 -0.041730 0.279843 0.311155
  39 0.968073 -2.169113 -0.042732 0.000000 0.999129 -0.041738 0.285714 0.311155
knife_butterfly.bmp
  39 0.998073 -2.169113 -0.042732 0.117465 0.992200 -0.041730 0.279843 0.311155
  39 1.008073 -2.189114 -0.112732 0.095356 0.990604 0.098035 0.279843 0.305284
  39 0.968073 -2.169113 -0.042732 0.000000 0.999129 -0.041738 0.285714 0.311155
knife_butterfly.bmp
  39 0.968073 -2.169113 -0.042732 0.000000 0.999129 -0.041738 0.285714 0.311155
  39 1.008073 -2.189114 -0.112732 0.095356 0.990604 0.098035 0.279843 0.305284
  39 0.968074 -2.189114 -0.112732 0.000000 0.995809 0.091454 0.285714 0.305284
knife_butterfly.bmp
  39 1.008073 -2.189114 -0.112732 0.095356 0.990604 0.098035 0.279843 0.305284
  39 1.018074 -2.179114 -0.172732 0.115292 0.962269 0.246468 0.279843 0.297456
  39 0.968074 -2.189114 -0.112732 0.000000 0.995809 0.091454 0.285714 0.305284
knife_butterfly.bmp
  39 0.968074 -2.189114 -0.112732 0.000000 0.995809 0.091454 0.285714 0.305284
  39 1.018074 -2.179114 -0.172732 0.115292 0.962269 0.246468 0.279843 0.297456
  39 0.978074 -2.179114 -0.172732 0.000000 0.968558 0.248788 0.285714 0.297456
knife_butterfly.bmp
  39 1.018074 -2.179114 -0.172732 0.115292 0.962269 0.246468 0.279843 0.297456
  39 1.018074 -2.129114 -0.252732 0.110065 0.920189 0.375683 0.279843 0.289628
  39 0.978074 -2.179114 -0.172732 0.000000 0.968558 0.248788 0.285714 0.297456
knife_butterfly.bmp
  39 0.978074 -2.179114 -0.172732 0.000000 0.968558 0.248788 0.285714 0.297456
  39 1.018074 -2.129114 -0.252732 0.110065 0.920189 0.375683 0.279843 0.289628
  39 0.978074 -2.129114 -0.252732 -0.000001 0.929286 0.369360 0.285714 0.289628
knife_butterfly.bmp
  39 1.018074 -2.129114 -0.252732 0.110065 0.920189 0.375683 0.279843 0.289628
  39 1.018074 -2.099114 -0.332733 0.108582 0.865734 0.488585 0.279843 0.281800
  39 0.978074 -2.129114 -0.252732 -0.000001 0.929286 0.369360 0.285714 0.289628
knife_butterfly.bmp
  39 0.978074 -2.129114 -0.252732 -0.000001 0.929286 0.369360 0.285714 0.289628
  39 1.018074 -2.099114 -0.332733 0.108582 0.865734 0.488585 0.279843 0.281800
  39 0.978074 -2.099114 -0.332733 -0.000001 0.870264 0.492586 0.285714 0.281800
knife_butterfly.bmp
  39 1.018074 -2.099114 -0.332733 0.108582 0.865734 0.488585 0.279843 0.281800
  39 1.018074 -2.079114 -0.352733 0.118476 0.785454 0.607474 0.279843 0.279843
  39 0.978074 -2.099114 -0.332733 -0.000001 0.870264 0.492586 0.285714 0.281800
knife_butterfly.bmp
  39 0.978074 -2.099114 -0.332733 -0.000001 0.870264 0.492586 0.285714 0.281800
  39 1.018074 -2.079114 -0.352733 0.118476 0.785454 0.607474 0.279843 0.279843
  39 0.978074 -2.079114 -0.352733 -0.000001 0.788889 0.614535 0.285714 0.279843
knife_butterfly.bmp
  39 1.018074 -2.079114 -0.352733 0.118476 0.785454 0.607474 0.279843 0.279843
  39 1.008074 -2.059114 -0.382733 0.112294 0.737278 0.666192 0.279843 0.275930
  39 0.978074 -2.079114 -0.352733 -0.000001 0.788889 0.614535 0.285714 0.279843
knife_butterfly.bmp
  39 0.978074 -2.079114 -0.352733 -0.000001 0.788889 0.614535 0.285714 0.279843
  39 1.008074 -2.059114 -0.382733 0.112294 0.737278 0.666192 0.279843 0.275930
  39 0.968074 -2.059114 -0.382733 -0.000002 0.746920 0.664914 0.285714 0.277886
knife_butterfly.bmp
  39 1.008074 -2.059114 -0.382733 0.112294 0.737278 0.666192 0.279843 0.275930
  39 0.998074 -2.039114 -0.392733 0.086369 0.711907 0.696942 0.279843 0.273973
  39 0.968074 -2.059114 -0.382733 -0.000002 0.746920 0.664914 0.285714 0.277886
knife_butterfly.bmp
  39 0.968074 -2.059114 -0.382733 -0.000002 0.746920 0.664914 0.285714 0.277886
  39 0.998074 -2.039114 -0.392733 0.086369 0.711907 0.696942 0.279843 0.273973
  39 0.968074 -2.039114 -0.392733 -0.000002 0.746920 0.664914 0.287671 0.275930
knife_butterfly.bmp
  39 0.978073 -1.689113 0.377267 0.000002 -0.404024 -0.914748 0.285714 0.389432
  39 0.968072 -1.749112 0.407267 0.000002 -0.227854 -0.973695 0.285714 0.381605
  39 0.898072 -1.749112 0.407266 -0.112127 -0.223629 -0.968203 0.291585 0.381605
knife_butterfly.bmp
  39 0.898072 -1.749112 0.407266 -0.112127 -0.223629 -0.968203 0.291585 0.381605
  39 0.968072 -1.749112 0.407267 0.000002 -0.227854 -0.973695 0.285714 0.381605
  39 0.898072 -1.829112 0.407267 -0.099370 0.090036 -0.990969 0.291585 0.373777
knife_butterfly.bmp
  39 0.968072 -1.749112 0.407267 0.000002 -0.227854 -0.973695 0.285714 0.381605
  39 0.968072 -1.829112 0.407267 0.000002 0.087549 -0.996160 0.285714 0.373777
  39 0.898072 -1.829112 0.407267 -0.099370 0.090036 -0.990969 0.291585 0.373777
knife_butterfly.bmp
  39 0.898072 -1.829112 0.407267 -0.099370 0.090036 -0.990969 0.291585 0.373777
  39 0.968072 -1.829112 0.407267 0.000002 0.087549 -0.996160 0.285714 0.373777
  39 0.908073 -1.909113 0.387267 -0.097248 0.303290 -0.947923 0.291585 0.363992
knife_butterfly.bmp
  39 0.968072 -1.829112 0.407267 0.000002 0.087549 -0.996160 0.285714 0.373777
  39 0.978073 -1.909113 0.387267 0.000002 0.304098 -0.952641 0.285714 0.363992
  39 0.908073 -1.909113 0.387267 -0.097248 0.303290 -0.947923 0.291585 0.363992
knife_butterfly.bmp
  39 0.908073 -1.909113 0.387267 -0.097248 0.303290 -0.947923 0.291585 0.363992
  39 0.978073 -1.909113 0.387267 0.000002 0.304098 -0.952641 0.285714 0.363992
  39 0.918073 -1.999113 0.327267 -0.099747 0.543344 -0.833563 0.291585 0.354207
knife_butterfly.bmp
  39 0.978073 -1.909113 0.387267 0.000002 0.304098 -0.952641 0.285714 0.363992
  39 0.978073 -1.999113 0.347267 0.000002 0.525101 -0.851040 0.285714 0.354207
  39 0.918073 -1.999113 0.327267 -0.099747 0.543344 -0.833563 0.291585 0.354207
knife_butterfly.bmp
  39 0.918073 -1.999113 0.327267 -0.099747 0.543344 -0.833563 0.291585 0.354207
  39 0.978073 -1.999113 0.347267 0.000002 0.525101 -0.851040 0.285714 0.354207
  39 0.918073 -2.049113 0.287267 -0.091551 0.757594 -0.646274 0.293542 0.348337
knife_butterfly.bmp
  39 0.978073 -1.999113 0.347267 0.000002 0.525101 -0.851040 0.285714 0.354207
  39 0.978073 -2.049113 0.297267 0.000001 0.739368 -0.673302 0.285714 0.348337
  39 0.918073 -2.049113 0.287267 -0.091551 0.757594 -0.646274 0.293542 0.348337
knife_butterfly.bmp
  39 0.918073 -2.049113 0.287267 -0.091551 0.757594 -0.646274 0.293542 0.348337
  39 0.978073 -2.049113 0.297267 0.000001 0.739368 -0.673302 0.285714 0.348337
  39 0.918073 -2.079113 0.257267 -0.114579 0.803399 -0.584313 0.293542 0.342466
knife_butterfly.bmp
  39 0.978073 -2.049113 0.297267 0.000001 0.739368 -0.673302 0.285714 0.348337
  39 0.978073 -2.079113 0.257267 0.000001 0.810202 -0.586151 0.285714 0.342466
  39 0.918073 -2.079113 0.257267 -0.114579 0.803399 -0.584313 0.293542 0.342466
knife_butterfly.bmp
  39 0.918073 -2.079113 0.257267 -0.114579 0.803399 -0.584313 0.293542 0.342466
  39 0.978073 -2.079113 0.257267 0.000001 0.810202 -0.586151 0.285714 0.342466
  39 0.918073 -2.109113 0.197267 -0.116072 0.857987 -0.500386 0.293542 0.334638
knife_butterfly.bmp
  39 0.978073 -2.079113 0.257267 0.000001 0.810202 -0.586151 0.285714 0.342466
  39 0.978073 -2.109113 0.197267 0.000001 0.863787 -0.503857 0.285714 0.334638
  39 0.918073 -2.109113 0.197267 -0.116072 0.857987 -0.500386 0.293542 0.334638
knife_butterfly.bmp
  39 0.918073 -2.109113 0.197267 -0.116072 0.857987 -0.500386 0.293542 0.334638
  39 0.978073 -2.109113 0.197267 0.000001 0.863787 -0.503857 0.285714 0.334638
  39 0.898073 -2.139113 0.117267 -0.117556 0.927660 -0.354441 0.293542 0.326810
knife_butterfly.bmp
  39 0.978073 -2.109113 0.197267 0.000001 0.863787 -0.503857 0.285714 0.334638
  39 0.968073 -2.139113 0.117268 0.000001 0.934130 -0.356933 0.285714 0.326810
  39 0.898073 -2.139113 0.117267 -0.117556 0.927660 -0.354441 0.293542 0.326810
knife_butterfly.bmp
  39 0.898073 -2.139113 0.117267 -0.117556 0.927660 -0.354441 0.293542 0.326810
  39 0.968073 -2.139113 0.117268 0.000001 0.934130 -0.356933 0.285714 0.326810
  39 0.898073 -2.159113 0.047267 -0.116678 0.968317 -0.220792 0.293542 0.318982
knife_butterfly.bmp
  39 0.968073 -2.139113 0.117268 0.000001 0.934130 -0.356933 0.285714 0.326810
  39 0.968073 -2.159113 0.047268 0.000000 0.974974 -0.222320 0.285714 0.318982
  39 0.898073 -2.159113 0.047267 -0.116678 0.968317 -0.220792 0.293542 0.318982
knife_butterfly.bmp
  39 0.898073 -2.159113 0.047267 -0.116678 0.968317 -0.220792 0.293542 0.318982
  39 0.968073 -2.159113 0.047268 0.000000 0.974974 -0.222320 0.285714 0.318982
  39 0.898073 -2.169113 -0.042733 -0.117465 0.992200 -0.041730 0.293542 0.311155
knife_butterfly.bmp
  39 0.968073 -2.159113 0.047268 0.000000 0.974974 -0.222320 0.285714 0.318982
  39 0.968073 -2.169113 -0.042732 0.000000 0.999129 -0.041738 0.285714 0.311155
  39 0.898073 -2.169113 -0.042733 -0.117465 0.992200 -0.041730 0.293542 0.311155
knife_butterfly.bmp
  39 0.898073 -2.169113 -0.042733 -0.117465 0.992200 -0.041730 0.293542 0.311155
  39 0.968073 -2.169113 -0.042732 0.000000 0.999129 -0.041738 0.285714 0.311155
  39 0.898074 -2.189114 -0.112733 -0.095356 0.990604 0.098035 0.293542 0.305284
knife_butterfly.bmp
  39 0.968073 -2.169113 -0.042732 0.000000 0.999129 -0.041738 0.285714 0.311155
  39 0.968074 -2.189114 -0.112732 0.000000 0.995809 0.091454 0.285714 0.305284
  39 0.898074 -2.189114 -0.112733 -0.095356 0.990604 0.098035 0.293542 0.305284
knife_butterfly.bmp
  39 0.898074 -2.189114 -0.112733 -0.095356 0.990604 0.098035 0.293542 0.305284
  39 0.968074 -2.189114 -0.112732 0.000000 0.995809 0.091454 0.285714 0.305284
  39 0.918074 -2.179114 -0.172732 -0.115293 0.962269 0.246468 0.293542 0.297456
knife_butterfly.bmp
  39 0.968074 -2.189114 -0.112732 0.000000 0.995809 0.091454 0.285714 0.305284
  39 0.978074 -2.179114 -0.172732 0.000000 0.968558 0.248788 0.285714 0.297456
  39 0.918074 -2.179114 -0.172732 -0.115293 0.962269 0.246468 0.293542 0.297456
knife_butterfly.bmp
  39 0.918074 -2.179114 -0.172732 -0.115293 0.962269 0.246468 0.293542 0.297456
  39 0.978074 -2.179114 -0.172732 0.000000 0.968558 0.248788 0.285714 0.297456
  39 0.918074 -2.129114 -0.252733 -0.110067 0.920189 0.375683 0.293542 0.289628
knife_butterfly.bmp
  39 0.978074 -2.179114 -0.172732 0.000000 0.968558 0.248788 0.285714 0.297456
  39 0.978074 -2.129114 -0.252732 -0.000001 0.929286 0.369360 0.285714 0.289628
  39 0.918074 -2.129114 -0.252733 -0.110067 0.920189 0.375683 0.293542 0.289628
knife_butterfly.bmp
  39 0.918074 -2.129114 -0.252733 -0.110067 0.920189 0.375683 0.293542 0.289628
  39 0.978074 -2.129114 -0.252732 -0.000001 0.929286 0.369360 0.285714 0.289628
  39 0.918074 -2.099114 -0.332733 -0.108584 0.865733 0.488585 0.293542 0.281800
knife_butterfly.bmp
  39 0.978074 -2.129114 -0.252732 -0.000001 0.929286 0.369360 0.285714 0.289628
  39 0.978074 -2.099114 -0.332733 -0.000001 0.870264 0.492586 0.285714 0.281800
  39 0.918074 -2.099114 -0.332733 -0.108584 0.865733 0.488585 0.293542 0.281800
knife_butterfly.bmp
  39 0.918074 -2.099114 -0.332733 -0.108584 0.865733 0.488585 0.293542 0.281800
  39 0.978074 -2.099114 -0.332733 -0.000001 0.870264 0.492586 0.285714 0.281800
  39 0.898074 -2.079114 -0.352733 -0.118478 0.785454 0.607474 0.293542 0.279843
knife_butterfly.bmp
  39 0.978074 -2.099114 -0.332733 -0.000001 0.870264 0.492586 0.285714 0.281800
  39 0.978074 -2.079114 -0.352733 -0.000001 0.788889 0.614535 0.285714 0.279843
  39 0.898074 -2.079114 -0.352733 -0.118478 0.785454 0.607474 0.293542 0.279843
knife_butterfly.bmp
  39 0.898074 -2.079114 -0.352733 -0.118478 0.785454 0.607474 0.293542 0.279843
  39 0.978074 -2.079114 -0.352733 -0.000001 0.788889 0.614535 0.285714 0.279843
  39 0.898074 -2.059114 -0.382733 -0.112296 0.737278 0.666191 0.293542 0.275930
knife_butterfly.bmp
  39 0.978074 -2.079114 -0.352733 -0.000001 0.788889 0.614535 0.285714 0.279843
  39 0.968074 -2.059114 -0.382733 -0.000002 0.746920 0.664914 0.285714 0.277886
  39 0.898074 -2.059114 -0.382733 -0.112296 0.737278 0.666191 0.293542 0.275930
knife_butterfly.bmp
  39 0.898074 -2.059114 -0.382733 -0.112296 0.737278 0.666191 0.293542 0.275930
  39 0.968074 -2.059114 -0.382733 -0.000002 0.746920 0.664914 0.285714 0.277886
  39 0.898074 -2.039114 -0.392733 -0.086371 0.711907 0.696942 0.293542 0.273973
knife_butterfly.bmp
  39 0.968074 -2.059114 -0.382733 -0.000002 0.746920 0.664914 0.285714 0.277886
  39 0.968074 -2.039114 -0.392733 -0.000002 0.746920 0.664914 0.287671 0.275930
  39 0.898074 -2.039114 -0.392733 -0.086371 0.711907 0.696942 0.293542 0.273973
knife_butterfly.bmp
  40 1.280001 -0.858561 0.448154 0.945421 0.035699 -0.323891 0.653620 0.763209
  40 1.280001 -1.018562 0.418154 0.945421 0.035699 -0.323891 0.653620 0.782779
  40 1.270001 -0.858561 0.418154 0.700566 0.079763 -0.709115 0.651663 0.763209
knife_butterfly.bmp
  40 1.270001 -0.858561 0.418154 0.700566 0.079763 -0.709115 0.651663 0.763209
  40 1.280001 -1.018562 0.418154 0.945421 0.035699 -0.323891 0.653620 0.782779
  40 1.290001 -1.028562 0.388154 0.700566 0.079763 -0.709115 0.649706 0.782779
knife_butterfly.bmp
  40 1.280001 -1.018562 0.418154 0.945421 0.035699 -0.323891 0.653620 0.782779
  40 1.300001 -1.188561 0.418155 0.945421 0.035699 -0.323891 0.651663 0.802348
  40 1.290001 -1.028562 0.388154 0.700566 0.079763 -0.709115 0.649706 0.782779
knife_butterfly.bmp
  40 1.290001 -1.028562 0.388154 0.700566 0.079763 -0.709115 0.649706 0.782779
  40 1.300001 -1.188561 0.418155 0.945421 0.035699 -0.323891 0.651663 0.802348
  40 1.290001 -1.188562 0.388155 0.700566 0.079763 -0.709115 0.647750 0.802348
knife_butterfly.bmp
  40 1.300001 -1.188561 0.418155 0.945421 0.035699 -0.323891 0.651663 0.802348
  40 1.300001 -1.288562 0.398155 0.945421 0.035699 -0.323891 0.649706 0.814090
  40 1.290001 -1.188562 0.388155 0.700566 0.079763 -0.709115 0.647750 0.802348
knife_butterfly.bmp
  40 1.290001 -1.188562 0.388155 0.700566 0.079763 -0.709115 0.647750 0.802348
  40 1.300001 -1.288562 0.398155 0.945421 0.035699 -0.323891 0.649706 0.814090
  40 1.290002 -1.288562 0.378155 0.700566 0.079763 -0.709115 0.645793 0.814090
knife_butterfly.bmp
  40 1.300001 -1.288562 0.398155 0.945421 0.035699 -0.323891 0.649706 0.814090
  40 1.300002 -1.498562 0.368155 0.945421 0.035699 -0.323891 0.645793 0.839530
  40 1.290002 -1.288562 0.378155 0.700566 0.079763 -0.709115 0.645793 0.814090
knife_butterfly.bmp
  40 1.290002 -1.288562 0.378155 0.700566 0.079763 -0.709115 0.645793 0.814090
  40 1.300002 -1.498562 0.368155 0.945421 0.035699 -0.323891 0.645793 0.839530
  40 1.290002 -1.508562 0.348155 0.700566 0.079763 -0.709115 0.641879 0.839530
knife_butterfly.bmp
  40 1.300002 -1.498562 0.368155 0.945421 0.035699 -0.323891 0.645793 0.839530
  40 1.300002 -1.718562 0.348156 0.945421 0.035699 -0.323891 0.641879 0.866928
  40 1.290002 -1.508562 0.348155 0.700566 0.079763 -0.709115 0.641879 0.839530
knife_butterfly.bmp
  40 1.290002 -1.508562 0.348155 0.700566 0.079763 -0.709115 0.641879 0.839530
  40 1.300002 -1.718562 0.348156 0.945421 0.035699 -0.323891 0.641879 0.866928
  40 1.290002 -1.728562 0.318156 0.700566 0.079763 -0.709115 0.639922 0.866928
knife_butterfly.bmp
  40 1.300002 -1.718562 0.348156 0.945421 0.035699 -0.323891 0.641879 0.866928
  40 1.300002 -1.898562 0.338156 0.945421 0.035699 -0.323891 0.641879 0.888454
  40 1.290002 -1.728562 0.318156 0.700566 0.079763 -0.709115 0.639922 0.866928
knife_butterfly.bmp
  40 1.290002 -1.728562 0.318156 0.700566 0.079763 -0.709115 0.639922 0.866928
  40 1.300002 -1.898562 0.338156 0.945421 0.035699 -0.323891 0.641879 0.888454
  40 1.290002 -1.908562 0.308156 0.691806 0.027269 -0.721568 0.637965 0.888454
knife_butterfly.bmp
  40 1.300002 -1.898562 0.338156 0.945421 0.035699 -0.323891 0.641879 0.888454
  40 1.300002 -2.058562 0.328157 0.948410 -0.095635 -0.302280 0.641879 0.906067
  40 1.290002 -1.908562 0.308156 0.691806 0.027269 -0.721568 0.637965 0.888454
knife_butterfly.bmp
  40 1.290002 -1.908562 0.308156 0.691806 0.027269 -0.721568 0.637965 0.888454
  40 1.300002 -2.058562 0.328157 0.948410 -0.095635 -0.302280 0.641879 0.906067
  40 1.290002 -2.068562 0.308157 0.663577 -0.224288 -0.713695 0.637965 0.906067
knife_butterfly.bmp
  40 1.300002 -2.058562 0.328157 0.948410 -0.095635 -0.302280 0.641879 0.906067
  40 1.290002 -2.088562 0.318157 0.733088 -0.286156 -0.617006 0.639922 0.909980
  40 1.290002 -2.068562 0.308157 0.663577 -0.224288 -0.713695 0.637965 0.906067
knife_butterfly.bmp
  40 1.290002 -2.068562 0.308157 0.663577 -0.224288 -0.713695 0.637965 0.906067
  40 1.290002 -2.088562 0.318157 0.733088 -0.286156 -0.617006 0.639922 0.909980
  40 1.260002 -2.088562 0.318157 0.312272 -0.405082 -0.859299 0.637965 0.909980
knife_butterfly.bmp
  40 1.290002 -2.088562 0.318157 0.733088 -0.286156 -0.617006 0.639922 0.909980
  40 1.290002 -2.118562 0.328157 0.727935 -0.048820 -0.683905 0.639922 0.913894
  40 1.260002 -2.088562 0.318157 0.312272 -0.405082 -0.859299 0.637965 0.909980
knife_butterfly.bmp
  40 1.260002 -2.088562 0.318157 0.312272 -0.405082 -0.859299 0.637965 0.909980
  40 1.290002 -2.118562 0.328157 0.727935 -0.048820 -0.683905 0.639922 0.913894
  40 1.260002 -2.118562 0.318157 0.312539 -0.063170 -0.947802 0.639922 0.913894
knife_butterfly.bmp
  40 1.290002 -2.118562 0.328157 0.727935 -0.048820 -0.683905 0.639922 0.913894
  40 1.290002 -2.148562 0.328157 0.702976 0.217995 -0.676981 0.639922 0.917808
  40 1.260002 -2.118562 0.318157 0.312539 -0.063170 -0.947802 0.639922 0.913894
knife_butterfly.bmp
  40 1.260002 -2.118562 0.318157 0.312539 -0.063170 -0.947802 0.639922 0.913894
  40 1.290002 -2.148562 0.328157 0.702976 0.217995 -0.676981 0.639922 0.917808
  40 1.260002 -2.158562 0.318157 0.275259 0.307082 -0.911007 0.639922 0.917808
knife_butterfly.bmp
  40 1.290002 -2.148562 0.328157 0.702976 0.217995 -0.676981 0.639922 0.917808
  40 1.290002 -2.188562 0.288157 0.578906 0.576743 -0.576398 0.637965 0.921722
  40 1.260002 -2.158562 0.318157 0.275259 0.307082 -0.911007 0.639922 0.917808
knife_butterfly.bmp
  40 1.260002 -2.158562 0.318157 0.275259 0.307082 -0.911007 0.639922 0.917808
  40 1.290002 -2.188562 0.288157 0.578906 0.576743 -0.576398 0.637965 0.921722
  40 1.260002 -2.188562 0.288157 0.182541 0.703975 -0.686365 0.636008 0.921722
knife_butterfly.bmp
  40 1.290002 -2.188562 0.288157 0.578906 0.576743 -0.576398 0.637965 0.921722
  40 1.290002 -2.188562 0.268157 0.569042 0.618710 -0.541653 0.634051 0.923679
  40 1.260002 -2.188562 0.288157 0.182541 0.703975 -0.686365 0.636008 0.921722
knife_butterfly.bmp
  40 1.260002 -2.188562 0.288157 0.182541 0.703975 -0.686365 0.636008 0.921722
  40 1.290002 -2.188562 0.268157 0.569042 0.618710 -0.541653 0.634051 0.923679
  40 1.260002 -2.198562 0.238157 0.187258 0.732509 -0.654496 0.632094 0.923679
knife_butterfly.bmp
  40 1.290002 -2.188562 0.268157 0.569042 0.618710 -0.541653 0.634051 0.923679
  40 1.290002 -2.248562 0.238157 0.623053 0.529987 -0.575255 0.630137 0.929550
  40 1.260002 -2.198562 0.238157 0.187258 0.732509 -0.654496 0.632094 0.923679
knife_butterfly.bmp
  40 1.260002 -2.198562 0.238157 0.187258 0.732509 -0.654496 0.632094 0.923679
  40 1.290002 -2.248562 0.238157 0.623053 0.529987 -0.575255 0.630137 0.929550
  40 1.260002 -2.248562 0.228157 0.221950 0.663491 -0.714505 0.628180 0.929550
knife_butterfly.bmp
  40 1.290002 -2.248562 0.238157 0.623053 0.529987 -0.575255 0.630137 0.929550
  40 1.290002 -2.268562 0.198157 0.636407 0.439072 -0.634194 0.624266 0.933464
  40 1.260002 -2.248562 0.228157 0.221950 0.663491 -0.714505 0.628180 0.929550
knife_butterfly.bmp
  40 1.260002 -2.248562 0.228157 0.221950 0.663491 -0.714505 0.628180 0.929550
  40 1.290002 -2.268562 0.198157 0.636407 0.439072 -0.634194 0.624266 0.933464
  40 1.260002 -2.268562 0.188157 0.256505 0.534395 -0.805374 0.624266 0.933464
knife_butterfly.bmp
  40 1.290002 -2.268562 0.198157 0.636407 0.439072 -0.634194 0.624266 0.933464
  40 1.290002 -2.318562 0.168157 0.675871 0.268215 -0.686484 0.622309 0.939335
  40 1.260002 -2.268562 0.188157 0.256505 0.534395 -0.805374 0.624266 0.933464
knife_butterfly.bmp
  40 1.260002 -2.268562 0.188157 0.256505 0.534395 -0.805374 0.624266 0.933464
  40 1.290002 -2.318562 0.168157 0.675871 0.268215 -0.686484 0.622309 0.939335
  40 1.260002 -2.328562 0.158157 0.289645 0.342246 -0.893853 0.620352 0.939335
knife_butterfly.bmp
  40 1.290002 -2.318562 0.168157 0.675871 0.268215 -0.686484 0.622309 0.939335
  40 1.290002 -2.368562 0.158158 0.687559 0.160821 -0.708095 0.620352 0.945205
  40 1.260002 -2.328562 0.158157 0.289645 0.342246 -0.893853 0.620352 0.939335
knife_butterfly.bmp
  40 1.260002 -2.328562 0.158157 0.289645 0.342246 -0.893853 0.620352 0.939335
  40 1.290002 -2.368562 0.158158 0.687559 0.160821 -0.708095 0.620352 0.945205
  40 1.260002 -2.368562 0.148158 0.304117 0.206852 -0.929906 0.618395 0.945205
knife_butterfly.bmp
  40 0.680001 -0.858561 0.418153 -0.705704 0.065108 -0.705509 0.651663 0.763209
  40 0.680001 -1.028562 0.408153 -0.705704 0.065108 -0.705509 0.649706 0.782779
  40 0.670001 -1.018561 0.438153 -0.942324 0.013621 -0.334424 0.653620 0.782779
knife_butterfly.bmp
  40 0.670001 -1.018561 0.438153 -0.942324 0.013621 -0.334424 0.653620 0.782779
  40 0.680001 -1.028562 0.408153 -0.705704 0.065108 -0.705509 0.649706 0.782779
  40 0.670001 -1.188561 0.418153 -0.942324 0.013621 -0.334424 0.651663 0.802348
knife_butterfly.bmp
  40 0.680001 -1.028562 0.408153 -0.705704 0.065108 -0.705509 0.649706 0.782779
  40 0.680002 -1.188562 0.388153 -0.705704 0.065108 -0.705509 0.647750 0.802348
  40 0.670001 -1.188561 0.418153 -0.942324 0.013621 -0.334424 0.651663 0.802348
knife_butterfly.bmp
  40 0.670001 -1.188561 0.418153 -0.942324 0.013621 -0.334424 0.651663 0.802348
  40 0.680002 -1.188562 0.388153 -0.705704 0.065108 -0.705509 0.647750 0.802348
  40 0.680001 -1.288562 0.398154 -0.942324 0.013621 -0.334424 0.649706 0.814090
knife_butterfly.bmp
  40 0.680002 -1.188562 0.388153 -0.705704 0.065108 -0.705509 0.647750 0.802348
  40 0.690002 -1.288562 0.378154 -0.705704 0.065108 -0.705509 0.645793 0.814090
  40 0.680001 -1.288562 0.398154 -0.942324 0.013621 -0.334424 0.649706 0.814090
knife_butterfly.bmp
  40 0.680001 -1.288562 0.398154 -0.942324 0.013621 -0.334424 0.649706 0.814090
  40 0.690002 -1.288562 0.378154 -0.705704 0.065108 -0.705509 0.645793 0.814090
  40 0.690002 -1.498562 0.348154 -0.942324 0.013621 -0.334424 0.645793 0.839530
knife_butterfly.bmp
  40 0.690002 -1.288562 0.378154 -0.705704 0.065108 -0.705509 0.645793 0.814090
  40 0.700002 -1.508562 0.328154 -0.705704 0.065108 -0.705509 0.641879 0.839530
  40 0.690002 -1.498562 0.348154 -0.942324 0.013621 -0.334424 0.645793 0.839530
knife_butterfly.bmp
  40 0.690002 -1.498562 0.348154 -0.942324 0.013621 -0.334424 0.645793 0.839530
  40 0.700002 -1.508562 0.328154 -0.705704 0.065108 -0.705509 0.641879 0.839530
  40 0.690002 -1.718562 0.348155 -0.942324 0.013621 -0.334424 0.641879 0.866928
knife_butterfly.bmp
  40 0.700002 -1.508562 0.328154 -0.705704 0.065108 -0.705509 0.641879 0.839530
  40 0.700002 -1.728562 0.318155 -0.705704 0.065108 -0.705509 0.639922 0.866928
  40 0.690002 -1.718562 0.348155 -0.942324 0.013621 -0.334424 0.641879 0.866928
knife_butterfly.bmp
  40 0.690002 -1.718562 0.348155 -0.942324 0.013621 -0.334424 0.641879 0.866928
  40 0.700002 -1.728562 0.318155 -0.705704 0.065108 -0.705509 0.639922 0.866928
  40 0.690002 -1.898562 0.318155 -0.942324 0.013621 -0.334424 0.641879 0.888454
knife_butterfly.bmp
  40 0.700002 -1.728562 0.318155 -0.705704 0.065108 -0.705509 0.639922 0.866928
  40 0.700002 -1.908562 0.298155 -0.691796 0.027268 -0.721578 0.637965 0.888454
  40 0.690002 -1.898562 0.318155 -0.942324 0.013621 -0.334424 0.641879 0.888454
knife_butterfly.bmp
  40 0.690002 -1.898562 0.318155 -0.942324 0.013621 -0.334424 0.641879 0.888454
  40 0.700002 -1.908562 0.298155 -0.691796 0.027268 -0.721578 0.637965 0.888454
  40 0.690002 -2.058562 0.328156 -0.947562 -0.127914 -0.292854 0.641879 0.906067
knife_butterfly.bmp
  40 0.700002 -1.908562 0.298155 -0.691796 0.027268 -0.721578 0.637965 0.888454
  40 0.700002 -2.068562 0.308156 -0.663565 -0.224302 -0.713702 0.637965 0.906067
  40 0.690002 -2.058562 0.328156 -0.947562 -0.127914 -0.292854 0.641879 0.906067
knife_butterfly.bmp
  40 0.690002 -2.058562 0.328156 -0.947562 -0.127914 -0.292854 0.641879 0.906067
  40 0.700002 -2.068562 0.308156 -0.663565 -0.224302 -0.713702 0.637965 0.906067
  40 0.700002 -2.088562 0.318156 -0.733071 -0.286174 -0.617018 0.639922 0.909980
knife_butterfly.bmp
  40 0.700002 -2.068562 0.308156 -0.663565 -0.224302 -0.713702 0.637965 0.906067
  40 0.730002 -2.088562 0.318156 -0.312257 -0.405087 -0.859302 0.637965 0.909980
  40 0.700002 -2.088562 0.318156 -0.733071 -0.286174 -0.617018 0.639922 0.909980
knife_butterfly.bmp
  40 0.700002 -2.088562 0.318156 -0.733071 -0.286174 -0.617018 0.639922 0.909980
  40 0.730002 -2.088562 0.318156 -0.312257 -0.405087 -0.859302 0.637965 0.909980
  40 0.700002 -2.118562 0.328156 -0.727934 -0.048820 -0.683907 0.639922 0.913894
knife_butterfly.bmp
  40 0.730002 -2.088562 0.318156 -0.312257 -0.405087 -0.859302 0.637965 0.909980
  40 0.730002 -2.118562 0.318156 -0.312534 -0.063162 -0.947804 0.639922 0.913894
  40 0.700002 -2.118562 0.328156 -0.727934 -0.048820 -0.683907 0.639922 0.913894
knife_butterfly.bmp
  40 0.700002 -2.118562 0.328156 -0.727934 -0.048820 -0.683907 0.639922 0.913894
  40 0.730002 -2.118562 0.318156 -0.312534 -0.063162 -0.947804 0.639922 0.913894
  40 0.700002 -2.148562 0.328156 -0.702972 0.217996 -0.676984 0.639922 0.917808
knife_butterfly.bmp
  40 0.730002 -2.118562 0.318156 -0.312534 -0.063162 -0.947804 0.639922 0.913894
  40 0.730002 -2.158562 0.318156 -0.275235 0.307069 -0.911018 0.639922 0.917808
  40 0.700002 -2.148562 0.328156 -0.702972 0.217996 -0.676984 0.639922 0.917808
knife_butterfly.bmp
  40 0.700002 -2.148562 0.328156 -0.702972 0.217996 -0.676984 0.639922 0.917808
  40 0.730002 -2.158562 0.318156 -0.275235 0.307069 -0.911018 0.639922 0.917808
  40 0.700002 -2.188562 0.308156 -0.578905 0.576744 -0.576398 0.637965 0.921722
knife_butterfly.bmp
  40 0.730002 -2.158562 0.318156 -0.275235 0.307069 -0.911018 0.639922 0.917808
  40 0.730002 -2.188562 0.298156 -0.182519 0.703977 -0.686369 0.636008 0.921722
  40 0.700002 -2.188562 0.308156 -0.578905 0.576744 -0.576398 0.637965 0.921722
knife_butterfly.bmp
  40 0.700002 -2.188562 0.308156 -0.578905 0.576744 -0.576398 0.637965 0.921722
  40 0.730002 -2.188562 0.298156 -0.182519 0.703977 -0.686369 0.636008 0.921722
  40 0.700002 -2.188562 0.268156 -0.569045 0.618703 -0.541659 0.634051 0.923679
knife_butterfly.bmp
  40 0.730002 -2.188562 0.298156 -0.182519 0.703977 -0.686369 0.636008 0.921722
  40 0.730002 -2.198562 0.258156 -0.187266 0.732502 -0.654501 0.632094 0.923679
  40 0.700002 -2.188562 0.268156 -0.569045 0.618703 -0.541659 0.634051 0.923679
knife_butterfly.bmp
  40 0.700002 -2.188562 0.268156 -0.569045 0.618703 -0.541659 0.634051 0.923679
  40 0.730002 -2.198562 0.258156 -0.187266 0.732502 -0.654501 0.632094 0.923679
  40 0.700002 -2.248562 0.218156 -0.623073 0.529971 -0.575249 0.630137 0.929550
knife_butterfly.bmp
  40 0.730002 -2.198562 0.258156 -0.187266 0.732502 -0.654501 0.632094 0.923679
  40 0.730002 -2.238562 0.218156 -0.221981 0.663486 -0.714500 0.628180 0.929550
  40 0.700002 -2.248562 0.218156 -0.623073 0.529971 -0.575249 0.630137 0.929550
knife_butterfly.bmp
  40 0.700002 -2.248562 0.218156 -0.623073 0.529971 -0.575249 0.630137 0.929550
  40 0.730002 -2.238562 0.218156 -0.221981 0.663486 -0.714500 0.628180 0.929550
  40 0.700002 -2.268562 0.198156 -0.636419 0.439069 -0.634183 0.624266 0.933464
knife_butterfly.bmp
  40 0.730002 -2.238562 0.218156 -0.221981 0.663486 -0.714500 0.628180 0.929550
  40 0.730002 -2.268562 0.188156 -0.256498 0.534391 -0.805379 0.624266 0.933464
  40 0.700002 -2.268562 0.198156 -0.636419 0.439069 -0.634183 0.624266 0.933464
knife_butterfly.bmp
  40 0.700002 -2.268562 0.198156 -0.636419 0.439069 -0.634183 0.624266 0.933464
  40 0.730002 -2.268562 0.188156 -0.256498 0.534391 -0.805379 0.624266 0.933464
  40 0.700002 -2.318562 0.168156 -0.675858 0.268213 -0.686497 0.622309 0.939335
knife_butterfly.bmp
  40 0.730002 -2.268562 0.188156 -0.256498 0.534391 -0.805379 0.624266 0.933464
  40 0.730002 -2.328562 0.158156 -0.289613 0.342243 -0.893865 0.620352 0.939335
  40 0.700002 -2.318562 0.168156 -0.675858 0.268213 -0.686497 0.622309 0.939335
knife_butterfly.bmp
  40 0.700002 -2.318562 0.168156 -0.675858 0.268213 -0.686497 0.622309 0.939335
  40 0.730002 -2.328562 0.158156 -0.289613 0.342243 -0.893865 0.620352 0.939335
  40 0.700002 -2.368562 0.158156 -0.687549 0.160822 -0.708105 0.620352 0.945205
knife_butterfly.bmp
  40 0.730002 -2.328562 0.158156 -0.289613 0.342243 -0.893865 0.620352 0.939335
  40 0.730002 -2.368562 0.148157 -0.304086 0.206856 -0.929915 0.618395 0.945205
  40 0.700002 -2.368562 0.158156 -0.687549 0.160822 -0.708105 0.620352 0.945205
knife_butterfly.bmp
  39 0.858072 -1.669112 0.407266 -1.000000 0.000000 -0.000002 0.115460 0.043053
  39 0.858072 -1.729112 0.427266 -1.000000 0.000000 -0.000002 0.119374 0.050881
  39 0.858072 -1.629112 0.427266 -1.000000 0.000000 -0.000002 0.121331 0.037182
knife_butterfly.bmp
  39 0.858072 -1.629112 0.427266 -1.000000 0.000000 -0.000002 0.121331 0.037182
  39 0.858072 -1.729112 0.427266 -1.000000 0.000000 -0.000002 0.119374 0.050881
  39 0.858072 -1.709112 0.487266 -1.000000 0.000000 -0.000002 0.127202 0.048924
knife_butterfly.bmp
  39 0.858072 -1.729112 0.427266 -1.000000 0.000000 -0.000002 0.119374 0.050881
  39 0.858072 -1.819112 0.437267 -1.000000 0.000000 -0.000002 0.119374 0.064579
  39 0.858072 -1.709112 0.487266 -1.000000 0.000000 -0.000002 0.127202 0.048924
knife_butterfly.bmp
  39 0.858072 -1.709112 0.487266 -1.000000 0.000000 -0.000002 0.127202 0.048924
  39 0.858072 -1.819112 0.437267 -1.000000 0.000000 -0.000002 0.119374 0.064579
  39 0.858072 -1.809112 0.487267 -1.000000 0.000000 -0.000002 0.127202 0.062622
knife_butterfly.bmp
  39 0.858072 -1.819112 0.437267 -1.000000 0.000000 -0.000002 0.119374 0.064579
  39 0.858072 -1.919112 0.417267 -1.000000 0.000000 -0.000002 0.117417 0.076321
  39 0.858072 -1.809112 0.487267 -1.000000 0.000000 -0.000002 0.127202 0.062622
knife_butterfly.bmp
  39 0.858072 -1.809112 0.487267 -1.000000 0.000000 -0.000002 0.127202 0.062622
  39 0.858072 -1.919112 0.417267 -1.000000 0.000000 -0.000002 0.117417 0.076321
  39 0.858072 -1.919112 0.467267 -1.000000 0.000000 -0.000002 0.125245 0.078278
knife_butterfly.bmp
  39 0.858072 -1.919112 0.417267 -1.000000 0.000000 -0.000002 0.117417 0.076321
  39 0.878073 -2.009113 0.377267 -1.000000 0.000000 -0.000002 0.111546 0.090020
  39 0.858072 -1.919112 0.467267 -1.000000 0.000000 -0.000002 0.125245 0.078278
knife_butterfly.bmp
  39 0.858072 -1.919112 0.467267 -1.000000 0.000000 -0.000002 0.125245 0.078278
  39 0.878073 -2.009113 0.377267 -1.000000 0.000000 -0.000002 0.111546 0.090020
  39 0.858072 -2.029112 0.407267 -1.000000 0.000000 -0.000002 0.119374 0.091977
knife_butterfly.bmp
  39 0.878073 -2.009113 0.377267 -1.000000 0.000000 -0.000002 0.111546 0.090020
  39 0.878073 -2.059113 0.307267 -1.000000 0.000000 -0.000002 0.103718 0.097847
  39 0.858072 -2.029112 0.407267 -1.000000 0.000000 -0.000002 0.119374 0.091977
knife_butterfly.bmp
  39 0.858072 -2.029112 0.407267 -1.000000 0.000000 -0.000002 0.119374 0.091977
  39 0.878073 -2.059113 0.307267 -1.000000 0.000000 -0.000002 0.103718 0.097847
  39 0.878073 -2.109113 0.357267 -1.000000 0.000000 -0.000002 0.109589 0.107632
knife_butterfly.bmp
  39 0.878073 -2.059113 0.307267 -1.000000 0.000000 -0.000002 0.103718 0.097847
  39 0.878073 -2.099113 0.277267 -1.000000 0.000000 -0.000002 0.097847 0.103718
  39 0.878073 -2.109113 0.357267 -1.000000 0.000000 -0.000002 0.109589 0.107632
knife_butterfly.bmp
  39 0.878073 -2.109113 0.357267 -1.000000 0.000000 -0.000002 0.109589 0.107632
  39 0.878073 -2.099113 0.277267 -1.000000 0.000000 -0.000002 0.097847 0.103718
  39 0.878073 -2.189113 0.297267 -1.000000 0.000000 -0.000002 0.101761 0.115460
knife_butterfly.bmp
  39 0.878073 -2.099113 0.277267 -1.000000 0.000000 -0.000002 0.097847 0.103718
  39 0.878073 -2.129113 0.207267 -1.000000 0.000000 -0.000002 0.088063 0.111546
  39 0.878073 -2.189113 0.297267 -1.000000 0.000000 -0.000002 0.101761 0.115460
knife_butterfly.bmp
  39 0.878073 -2.189113 0.297267 -1.000000 0.000000 -0.000002 0.101761 0.115460
  39 0.878073 -2.129113 0.207267 -1.000000 0.000000 -0.000002 0.088063 0.111546
  39 0.878073 -2.249113 0.227268 -1.000000 0.000000 -0.000002 0.091977 0.125245
knife_butterfly.bmp
  39 0.878073 -2.129113 0.207267 -1.000000 0.000000 -0.000002 0.088063 0.111546
  39 0.868073 -2.169113 0.137267 -1.000000 0.000000 -0.000002 0.078278 0.115460
  39 0.878073 -2.249113 0.227268 -1.000000 0.000000 -0.000002 0.091977 0.125245
knife_butterfly.bmp
  39 0.878073 -2.249113 0.227268 -1.000000 0.000000 -0.000002 0.091977 0.125245
  39 0.868073 -2.169113 0.137267 -1.000000 0.000000 -0.000002 0.078278 0.115460
  39 0.878073 -2.279113 0.147268 -1.000000 0.000000 -0.000002 0.080235 0.131115
knife_butterfly.bmp
  39 0.868073 -2.169113 0.137267 -1.000000 0.000000 -0.000002 0.078278 0.115460
  39 0.858073 -2.189113 0.047267 -1.000000 0.000000 -0.000002 0.066536 0.119374
  39 0.878073 -2.279113 0.147268 -1.000000 0.000000 -0.000002 0.080235 0.131115
knife_butterfly.bmp
  39 0.878073 -2.279113 0.147268 -1.000000 0.000000 -0.000002 0.080235 0.131115
  39 0.858073 -2.189113 0.047267 -1.000000 0.000000 -0.000002 0.066536 0.119374
  39 0.858073 -2.309113 0.057268 -1.000000 0.000000 -0.000002 0.066536 0.135029
knife_butterfly.bmp
  39 0.858073 -2.189113 0.047267 -1.000000 0.000000 -0.000002 0.066536 0.119374
  39 0.858073 -2.199113 -0.042733 -1.000000 0.000000 -0.000002 0.052838 0.121331
  39 0.858073 -2.309113 0.057268 -1.000000 0.000000 -0.000002 0.066536 0.135029
knife_butterfly.bmp
  39 0.858073 -2.309113 0.057268 -1.000000 0.000000 -0.000002 0.066536 0.135029
  39 0.858073 -2.199113 -0.042733 -1.000000 0.000000 -0.000002 0.052838 0.121331
  39 0.858073 -2.319113 -0.042732 -1.000000 0.000000 -0.000002 0.052838 0.136986
knife_butterfly.bmp
  39 0.858073 -2.199113 -0.042733 -1.000000 0.000000 -0.000002 0.052838 0.121331
  39 0.878073 -2.219114 -0.112733 -1.000000 0.000000 -0.000002 0.043053 0.121331
  39 0.858073 -2.319113 -0.042732 -1.000000 0.000000 -0.000002 0.052838 0.136986
knife_butterfly.bmp
  39 0.858073 -2.319113 -0.042732 -1.000000 0.000000 -0.000002 0.052838 0.136986
  39 0.878073 -2.219114 -0.112733 -1.000000 0.000000 -0.000002 0.043053 0.121331
  39 0.878074 -2.309114 -0.142732 -1.000000 0.000000 -0.000002 0.039139 0.135029
knife_butterfly.bmp
  39 0.878073 -2.219114 -0.112733 -1.000000 0.000000 -0.000002 0.043053 0.121331
  39 0.878074 -2.209114 -0.192733 -1.000000 0.000000 -0.000002 0.033268 0.119374
  39 0.878074 -2.309114 -0.142732 -1.000000 0.000000 -0.000002 0.039139 0.135029
knife_butterfly.bmp
  39 0.878074 -2.309114 -0.142732 -1.000000 0.000000 -0.000002 0.039139 0.135029
  39 0.878074 -2.209114 -0.192733 -1.000000 0.000000 -0.000002 0.033268 0.119374
  39 0.878074 -2.259114 -0.242732 -1.000000 0.000000 -0.000002 0.025440 0.129159
knife_butterfly.bmp
  39 0.878074 -2.209114 -0.192733 -1.000000 0.000000 -0.000002 0.033268 0.119374
  39 0.878074 -2.149114 -0.272733 -1.000000 0.000000 -0.000002 0.021526 0.113503
  39 0.878074 -2.259114 -0.242732 -1.000000 0.000000 -0.000002 0.025440 0.129159
knife_butterfly.bmp
  39 0.878074 -2.259114 -0.242732 -1.000000 0.000000 -0.000002 0.025440 0.129159
  39 0.878074 -2.149114 -0.272733 -1.000000 0.000000 -0.000002 0.021526 0.113503
  39 0.878074 -2.209114 -0.322733 -1.000000 0.000000 -0.000002 0.013699 0.121331
knife_butterfly.bmp
  39 0.878074 -2.149114 -0.272733 -1.000000 0.000000 -0.000002 0.021526 0.113503
  39 0.878074 -2.109114 -0.352733 -1.000000 0.000000 -0.000002 0.009785 0.107632
  39 0.878074 -2.209114 -0.322733 -1.000000 0.000000 -0.000002 0.013699 0.121331
knife_butterfly.bmp
  39 0.878074 -2.209114 -0.322733 -1.000000 0.000000 -0.000002 0.013699 0.121331
  39 0.878074 -2.109114 -0.352733 -1.000000 0.000000 -0.000002 0.009785 0.107632
  39 0.858074 -2.139114 -0.382733 -1.000000 0.000000 -0.000002 0.005871 0.111546
knife_butterfly.bmp
  39 1.038072 -1.629112 0.447266 1.000000 0.000000 0.000002 0.121331 0.037182
  39 1.038072 -1.709112 0.487267 1.000000 0.000000 0.000002 0.127202 0.048924
  39 1.038072 -1.729112 0.427267 1.000000 0.000000 0.000002 0.119374 0.050881
knife_butterfly.bmp
  39 1.038072 -1.729112 0.427267 1.000000 0.000000 0.000002 0.119374 0.050881
  39 1.038072 -1.709112 0.487267 1.000000 0.000000 0.000002 0.127202 0.048924
  39 1.038072 -1.819112 0.437267 1.000000 0.000000 0.000002 0.119374 0.064579
knife_butterfly.bmp
  39 1.038072 -1.709112 0.487267 1.000000 0.000000 0.000002 0.127202 0.048924
  39 1.038072 -1.809112 0.487267 1.000000 0.000000 0.000002 0.127202 0.062622
  39 1.038072 -1.819112 0.437267 1.000000 0.000000 0.000002 0.119374 0.064579
knife_butterfly.bmp
  39 1.038072 -1.819112 0.437267 1.000000 0.000000 0.000002 0.119374 0.064579
  39 1.038072 -1.809112 0.487267 1.000000 0.000000 0.000002 0.127202 0.062622
  39 1.038072 -1.919112 0.397267 1.000000 0.000000 0.000002 0.117417 0.076321
knife_butterfly.bmp
  39 1.038072 -1.809112 0.487267 1.000000 0.000000 0.000002 0.127202 0.062622
  39 1.038072 -1.919112 0.457267 1.000000 0.000000 0.000002 0.125245 0.078278
  39 1.038072 -1.919112 0.397267 1.000000 0.000000 0.000002 0.117417 0.076321
knife_butterfly.bmp
  39 1.038072 -1.919112 0.397267 1.000000 0.000000 0.000002 0.117417 0.076321
  39 1.038072 -1.919112 0.457267 1.000000 0.000000 0.000002 0.125245 0.078278
  39 1.058073 -2.009113 0.377267 1.000000 0.000000 0.000002 0.111546 0.090020
knife_butterfly.bmp
  39 1.038072 -1.919112 0.457267 1.000000 0.000000 0.000002 0.125245 0.078278
  39 1.038072 -2.029112 0.427267 1.000000 0.000000 0.000002 0.119374 0.091977
  39 1.058073 -2.009113 0.377267 1.000000 0.000000 0.000002 0.111546 0.090020
knife_butterfly.bmp
  39 1.058073 -2.009113 0.377267 1.000000 0.000000 0.000002 0.111546 0.090020
  39 1.038072 -2.029112 0.427267 1.000000 0.000000 0.000002 0.119374 0.091977
  39 1.058073 -2.059113 0.327267 1.000000 0.000000 0.000002 0.103718 0.097847
knife_butterfly.bmp
  39 1.038072 -2.029112 0.427267 1.000000 0.000000 0.000002 0.119374 0.091977
  39 1.058073 -2.109113 0.357268 1.000000 0.000000 0.000002 0.109589 0.107632
  39 1.058073 -2.059113 0.327267 1.000000 0.000000 0.000002 0.103718 0.097847
knife_butterfly.bmp
  39 1.058073 -2.059113 0.327267 1.000000 0.000000 0.000002 0.103718 0.097847
  39 1.058073 -2.109113 0.357268 1.000000 0.000000 0.000002 0.109589 0.107632
  39 1.058073 -2.099113 0.277268 1.000000 0.000000 0.000002 0.097847 0.103718
knife_butterfly.bmp
  39 1.058073 -2.109113 0.357268 1.000000 0.000000 0.000002 0.109589 0.107632
  39 1.058073 -2.189113 0.297268 1.000000 0.000000 0.000002 0.101761 0.115460
  39 1.058073 -2.099113 0.277268 1.000000 0.000000 0.000002 0.097847 0.103718
knife_butterfly.bmp
  39 1.058073 -2.099113 0.277268 1.000000 0.000000 0.000002 0.097847 0.103718
  39 1.058073 -2.189113 0.297268 1.000000 0.000000 0.000002 0.101761 0.115460
  39 1.058073 -2.129113 0.207268 1.000000 0.000000 0.000002 0.088063 0.111546
knife_butterfly.bmp
  39 1.058073 -2.189113 0.297268 1.000000 0.000000 0.000002 0.101761 0.115460
  39 1.058073 -2.249113 0.227268 1.000000 0.000000 0.000002 0.091977 0.125245
  39 1.058073 -2.129113 0.207268 1.000000 0.000000 0.000002 0.088063 0.111546
knife_butterfly.bmp
  39 1.058073 -2.129113 0.207268 1.000000 0.000000 0.000002 0.088063 0.111546
  39 1.058073 -2.249113 0.227268 1.000000 0.000000 0.000002 0.091977 0.125245
  39 1.058073 -2.169113 0.137268 1.000000 0.000000 0.000002 0.078278 0.115460
knife_butterfly.bmp
  39 1.058073 -2.249113 0.227268 1.000000 0.000000 0.000002 0.091977 0.125245
  39 1.058073 -2.279113 0.137268 1.000000 0.000000 0.000002 0.080235 0.131115
  39 1.058073 -2.169113 0.137268 1.000000 0.000000 0.000002 0.078278 0.115460
knife_butterfly.bmp
  39 1.058073 -2.169113 0.137268 1.000000 0.000000 0.000002 0.078278 0.115460
  39 1.058073 -2.279113 0.137268 1.000000 0.000000 0.000002 0.080235 0.131115
  39 1.038073 -2.189113 0.047268 1.000000 0.000000 0.000002 0.066536 0.119374
knife_butterfly.bmp
  39 1.058073 -2.279113 0.137268 1.000000 0.000000 0.000002 0.080235 0.131115
  39 1.038073 -2.309113 0.037268 1.000000 0.000000 0.000002 0.066536 0.135029
  39 1.038073 -2.189113 0.047268 1.000000 0.000000 0.000002 0.066536 0.119374
knife_butterfly.bmp
  39 1.038073 -2.189113 0.047268 1.000000 0.000000 0.000002 0.066536 0.119374
  39 1.038073 -2.309113 0.037268 1.000000 0.000000 0.000002 0.066536 0.135029
  39 1.048073 -2.199113 -0.042732 1.000000 0.000000 0.000002 0.052838 0.121331
knife_butterfly.bmp
  39 1.038073 -2.309113 0.037268 1.000000 0.000000 0.000002 0.066536 0.135029
  39 1.048073 -2.319113 -0.052732 1.000000 0.000000 0.000002 0.052838 0.136986
  39 1.048073 -2.199113 -0.042732 1.000000 0.000000 0.000002 0.052838 0.121331
knife_butterfly.bmp
  39 1.048073 -2.199113 -0.042732 1.000000 0.000000 0.000002 0.052838 0.121331
  39 1.048073 -2.319113 -0.052732 1.000000 0.000000 0.000002 0.052838 0.136986
  39 1.068074 -2.219114 -0.112732 1.000000 0.000000 0.000002 0.043053 0.121331
knife_butterfly.bmp
  39 1.048073 -2.319113 -0.052732 1.000000 0.000000 0.000002 0.052838 0.136986
  39 1.068074 -2.309114 -0.142732 1.000000 0.000000 0.000002 0.039139 0.135029
  39 1.068074 -2.219114 -0.112732 1.000000 0.000000 0.000002 0.043053 0.121331
knife_butterfly.bmp
  39 1.068074 -2.219114 -0.112732 1.000000 0.000000 0.000002 0.043053 0.121331
  39 1.068074 -2.309114 -0.142732 1.000000 0.000000 0.000002 0.039139 0.135029
  39 1.068074 -2.209114 -0.192732 1.000000 0.000000 0.000002 0.033268 0.119374
knife_butterfly.bmp
  39 1.068074 -2.309114 -0.142732 1.000000 0.000000 0.000002 0.039139 0.135029
  39 1.068074 -2.259114 -0.242732 1.000000 0.000000 0.000002 0.025440 0.129159
  39 1.068074 -2.209114 -0.192732 1.000000 0.000000 0.000002 0.033268 0.119374
knife_butterfly.bmp
  39 1.068074 -2.209114 -0.192732 1.000000 0.000000 0.000002 0.033268 0.119374
  39 1.068074 -2.259114 -0.242732 1.000000 0.000000 0.000002 0.025440 0.129159
  39 1.068074 -2.149114 -0.272732 1.000000 0.000000 0.000002 0.021526 0.113503
knife_butterfly.bmp
  39 1.068074 -2.259114 -0.242732 1.000000 0.000000 0.000002 0.025440 0.129159
  39 1.068074 -2.209114 -0.322732 1.000000 0.000000 0.000002 0.013699 0.121331
  39 1.068074 -2.149114 -0.272732 1.000000 0.000000 0.000002 0.021526 0.113503
knife_butterfly.bmp
  39 1.068074 -2.149114 -0.272732 1.000000 0.000000 0.000002 0.021526 0.113503
  39 1.068074 -2.209114 -0.322732 1.000000 0.000000 0.000002 0.013699 0.121331
  39 1.058074 -2.109114 -0.352732 1.000000 0.000000 0.000002 0.009785 0.107632
knife_butterfly.bmp
  39 1.068074 -2.209114 -0.322732 1.000000 0.000000 0.000002 0.013699 0.121331
  39 1.048074 -2.139114 -0.382732 1.000000 0.000000 0.000002 0.005871 0.111546
  39 1.058074 -2.109114 -0.352732 1.000000 0.000000 0.000002 0.009785 0.107632
knife_butterfly.bmp
  39 0.968074 -2.069114 -0.452733 0.000002 -0.184646 -0.982805 0.287671 0.270059
  39 0.968074 -2.089114 -0.442733 0.000002 -0.299091 -0.954225 0.287671 0.268102
  39 0.898074 -2.069114 -0.452733 -0.057480 -0.184341 -0.981180 0.293542 0.270059
knife_butterfly.bmp
  39 0.898074 -2.069114 -0.452733 -0.057480 -0.184341 -0.981180 0.293542 0.270059
  39 0.968074 -2.089114 -0.442733 0.000002 -0.299091 -0.954225 0.287671 0.268102
  39 0.898074 -2.089114 -0.442733 -0.099977 -0.312767 -0.944553 0.293542 0.268102
knife_butterfly.bmp
  39 0.968074 -2.089114 -0.442733 0.000002 -0.299091 -0.954225 0.287671 0.268102
  39 0.968074 -2.119114 -0.432733 0.000005 -0.474465 -0.880274 0.287671 0.266145
  39 0.898074 -2.089114 -0.442733 -0.099977 -0.312767 -0.944553 0.293542 0.268102
knife_butterfly.bmp
  39 0.898074 -2.089114 -0.442733 -0.099977 -0.312767 -0.944553 0.293542 0.268102
  39 0.968074 -2.119114 -0.432733 0.000005 -0.474465 -0.880274 0.287671 0.266145
  39 0.898074 -2.119114 -0.432733 -0.125430 -0.489671 -0.862838 0.293542 0.266145
knife_butterfly.bmp
  39 0.968074 -2.119114 -0.432733 0.000005 -0.474465 -0.880274 0.287671 0.266145
  39 0.968074 -2.149114 -0.412732 0.000002 -0.623622 -0.781726 0.287671 0.262231
  39 0.898074 -2.119114 -0.432733 -0.125430 -0.489671 -0.862838 0.293542 0.266145
knife_butterfly.bmp
  39 0.898074 -2.119114 -0.432733 -0.125430 -0.489671 -0.862838 0.293542 0.266145
  39 0.968074 -2.149114 -0.412732 0.000002 -0.623622 -0.781726 0.287671 0.262231
  39 0.898074 -2.149114 -0.412733 -0.116446 -0.619214 -0.776540 0.293542 0.262231
knife_butterfly.bmp
  39 0.968074 -2.149114 -0.412732 0.000002 -0.623622 -0.781726 0.287671 0.262231
  39 0.978074 -2.229114 -0.342732 0.000004 -0.746931 -0.664901 0.287671 0.252446
  39 0.898074 -2.149114 -0.412733 -0.116446 -0.619214 -0.776540 0.293542 0.262231
knife_butterfly.bmp
  39 0.898074 -2.149114 -0.412733 -0.116446 -0.619214 -0.776540 0.293542 0.262231
  39 0.978074 -2.229114 -0.342732 0.000004 -0.746931 -0.664901 0.287671 0.252446
  39 0.908074 -2.229114 -0.342732 -0.116163 -0.744351 -0.657607 0.293542 0.252446
knife_butterfly.bmp
  39 0.978074 -2.229114 -0.342732 0.000004 -0.746931 -0.664901 0.287671 0.252446
  39 0.978074 -2.289114 -0.252732 0.000001 -0.878658 -0.477452 0.287671 0.242661
  39 0.908074 -2.229114 -0.342732 -0.116163 -0.744351 -0.657607 0.293542 0.252446
knife_butterfly.bmp
  39 0.908074 -2.229114 -0.342732 -0.116163 -0.744351 -0.657607 0.293542 0.252446
  39 0.978074 -2.289114 -0.252732 0.000001 -0.878658 -0.477452 0.287671 0.242661
  39 0.918074 -2.289114 -0.252732 -0.116146 -0.872709 -0.474224 0.293542 0.242661
knife_butterfly.bmp
  39 0.978074 -2.289114 -0.252732 0.000001 -0.878658 -0.477452 0.287671 0.242661
  39 0.978074 -2.349114 -0.152732 0.000001 -0.964168 -0.265294 0.287671 0.232877
  39 0.918074 -2.289114 -0.252732 -0.116146 -0.872709 -0.474224 0.293542 0.242661
knife_butterfly.bmp
  39 0.918074 -2.289114 -0.252732 -0.116146 -0.872709 -0.474224 0.293542 0.242661
  39 0.978074 -2.349114 -0.152732 0.000001 -0.964168 -0.265294 0.287671 0.232877
  39 0.918074 -2.349114 -0.152732 -0.116146 -0.957642 -0.263498 0.293542 0.232877
knife_butterfly.bmp
  39 0.978074 -2.349114 -0.152732 0.000001 -0.964168 -0.265294 0.287671 0.232877
  39 0.968073 -2.349113 -0.042732 0.000000 -0.999572 -0.029245 0.287671 0.223092
  39 0.918074 -2.349114 -0.152732 -0.116146 -0.957642 -0.263498 0.293542 0.232877
knife_butterfly.bmp
  39 0.918074 -2.349114 -0.152732 -0.116146 -0.957642 -0.263498 0.293542 0.232877
  39 0.968073 -2.349113 -0.042732 0.000000 -0.999572 -0.029245 0.287671 0.223092
  39 0.898073 -2.349113 -0.042732 -0.116150 -0.992466 -0.038990 0.293542 0.223092
knife_butterfly.bmp
  39 0.968073 -2.349113 -0.042732 0.000000 -0.999572 -0.029245 0.287671 0.223092
  39 0.968073 -2.339113 0.057268 0.000000 -0.982644 0.185502 0.287671 0.213307
  39 0.898073 -2.349113 -0.042732 -0.116150 -0.992466 -0.038990 0.293542 0.223092
knife_butterfly.bmp
  39 0.898073 -2.349113 -0.042732 -0.116150 -0.992466 -0.038990 0.293542 0.223092
  39 0.968073 -2.339113 0.057268 0.000000 -0.982644 0.185502 0.287671 0.213307
  39 0.898073 -2.339113 0.057268 -0.116167 -0.975990 0.184250 0.293542 0.213307
knife_butterfly.bmp
  39 0.968073 -2.339113 0.057268 0.000000 -0.982644 0.185502 0.287671 0.213307
  39 0.978073 -2.309113 0.157268 -0.000001 -0.925690 0.378283 0.287671 0.203523
  39 0.898073 -2.339113 0.057268 -0.116167 -0.975990 0.184250 0.293542 0.213307
knife_butterfly.bmp
  39 0.898073 -2.339113 0.057268 -0.116167 -0.975990 0.184250 0.293542 0.213307
  39 0.978073 -2.309113 0.157268 -0.000001 -0.925690 0.378283 0.287671 0.203523
  39 0.918073 -2.309113 0.157268 -0.116175 -0.911909 0.393606 0.293542 0.203523
knife_butterfly.bmp
  39 0.978073 -2.309113 0.157268 -0.000001 -0.925690 0.378283 0.287671 0.203523
  39 0.978073 -2.279113 0.247268 -0.000001 -0.810198 0.586157 0.287671 0.193738
  39 0.918073 -2.309113 0.157268 -0.116175 -0.911909 0.393606 0.293542 0.203523
knife_butterfly.bmp
  39 0.918073 -2.309113 0.157268 -0.116175 -0.911909 0.393606 0.293542 0.203523
  39 0.978073 -2.279113 0.247268 -0.000001 -0.810198 0.586157 0.287671 0.193738
  39 0.918073 -2.279113 0.247268 -0.116179 -0.804711 0.582188 0.293542 0.193738
knife_butterfly.bmp
  39 0.978073 -2.279113 0.247268 -0.000001 -0.810198 0.586157 0.287671 0.193738
  39 0.978073 -2.209113 0.327268 -0.000001 -0.662081 0.749432 0.287671 0.183953
  39 0.918073 -2.279113 0.247268 -0.116179 -0.804711 0.582188 0.293542 0.193738
knife_butterfly.bmp
  39 0.918073 -2.279113 0.247268 -0.116179 -0.804711 0.582188 0.293542 0.193738
  39 0.978073 -2.209113 0.327268 -0.000001 -0.662081 0.749432 0.287671 0.183953
  39 0.918073 -2.209113 0.327268 -0.116168 -0.657601 0.744356 0.293542 0.183953
knife_butterfly.bmp
  39 0.978073 -2.209113 0.327268 -0.000001 -0.662081 0.749432 0.287671 0.183953
  39 0.978073 -2.109113 0.387267 -0.000001 -0.925690 0.378283 0.287671 0.174168
  39 0.918073 -2.209113 0.327268 -0.116168 -0.657601 0.744356 0.293542 0.183953
knife_butterfly.bmp
  39 0.918073 -2.209113 0.327268 -0.116168 -0.657601 0.744356 0.293542 0.183953
  39 0.978073 -2.109113 0.387267 -0.000001 -0.925690 0.378283 0.287671 0.174168
  39 0.908073 -2.109113 0.387267 -0.052924 -0.934444 0.352155 0.293542 0.174168
knife_butterfly.bmp
  39 0.978073 -2.109113 0.387267 -0.000001 -0.925690 0.378283 0.287671 0.174168
  39 0.908072 -2.109112 0.397267 0.000001 -0.929293 -0.369344 0.293542 0.172211
  39 0.908073 -2.109113 0.387267 -0.052924 -0.934444 0.352155 0.293542 0.174168
knife_butterfly.bmp
  39 0.908073 -2.109113 0.387267 -0.052924 -0.934444 0.352155 0.293542 0.174168
  39 0.908072 -2.109112 0.397267 0.000001 -0.929293 -0.369344 0.293542 0.172211
  39 0.868072 -2.109112 0.397267 0.000001 -0.929293 -0.369344 0.297456 0.172211
knife_butterfly.bmp
  39 0.908072 -2.109112 0.397267 0.000001 -0.929293 -0.369344 0.293542 0.172211
  39 0.858072 -2.109112 0.417267 0.000004 -0.746931 -0.664901 0.297456 0.170254
  39 0.868072 -2.109112 0.397267 0.000001 -0.929293 -0.369344 0.297456 0.172211
knife_butterfly.bmp
  39 1.038072 -2.109112 0.417268 0.000004 -0.746931 -0.664901 0.277886 0.170254
  39 0.998072 -2.109112 0.397267 0.000001 -0.929293 -0.369344 0.281800 0.172211
  39 1.038072 -2.109112 0.397268 0.000001 -0.929293 -0.369344 0.277886 0.172211
knife_butterfly.bmp
  39 1.038072 -2.109112 0.397268 0.000001 -0.929293 -0.369344 0.277886 0.172211
  39 0.998072 -2.109112 0.397267 0.000001 -0.929293 -0.369344 0.281800 0.172211
  39 0.998072 -2.109113 0.387267 0.052922 -0.934444 0.352155 0.281800 0.174168
knife_butterfly.bmp
  39 0.998072 -2.109112 0.397267 0.000001 -0.929293 -0.369344 0.281800 0.172211
  39 0.978073 -2.109113 0.387267 -0.000001 -0.925690 0.378283 0.287671 0.174168
  39 0.998072 -2.109113 0.387267 0.052922 -0.934444 0.352155 0.281800 0.174168
knife_butterfly.bmp
  39 0.998072 -2.109113 0.387267 0.052922 -0.934444 0.352155 0.281800 0.174168
  39 0.978073 -2.109113 0.387267 -0.000001 -0.925690 0.378283 0.287671 0.174168
  39 1.018073 -2.209113 0.327268 0.116165 -0.657601 0.744357 0.281800 0.183953
knife_butterfly.bmp
  39 0.978073 -2.109113 0.387267 -0.000001 -0.925690 0.378283 0.287671 0.174168
  39 0.978073 -2.209113 0.327268 -0.000001 -0.662081 0.749432 0.287671 0.183953
  39 1.018073 -2.209113 0.327268 0.116165 -0.657601 0.744357 0.281800 0.183953
knife_butterfly.bmp
  39 1.018073 -2.209113 0.327268 0.116165 -0.657601 0.744357 0.281800 0.183953
  39 0.978073 -2.209113 0.327268 -0.000001 -0.662081 0.749432 0.287671 0.183953
  39 1.018073 -2.279113 0.247268 0.116177 -0.804711 0.582188 0.281800 0.193738
knife_butterfly.bmp
  39 0.978073 -2.209113 0.327268 -0.000001 -0.662081 0.749432 0.287671 0.183953
  39 0.978073 -2.279113 0.247268 -0.000001 -0.810198 0.586157 0.287671 0.193738
  39 1.018073 -2.279113 0.247268 0.116177 -0.804711 0.582188 0.281800 0.193738
knife_butterfly.bmp
  39 1.018073 -2.279113 0.247268 0.116177 -0.804711 0.582188 0.281800 0.193738
  39 0.978073 -2.279113 0.247268 -0.000001 -0.810198 0.586157 0.287671 0.193738
  39 0.998073 -2.309113 0.147268 0.116173 -0.911909 0.393606 0.281800 0.203523
knife_butterfly.bmp
  39 0.978073 -2.279113 0.247268 -0.000001 -0.810198 0.586157 0.287671 0.193738
  39 0.978073 -2.309113 0.157268 -0.000001 -0.925690 0.378283 0.287671 0.203523
  39 0.998073 -2.309113 0.147268 0.116173 -0.911909 0.393606 0.281800 0.203523
knife_butterfly.bmp
  39 0.998073 -2.309113 0.147268 0.116173 -0.911909 0.393606 0.281800 0.203523
  39 0.978073 -2.309113 0.157268 -0.000001 -0.925690 0.378283 0.287671 0.203523
  39 0.998073 -2.339113 0.037268 0.116167 -0.975990 0.184250 0.281800 0.213307
knife_butterfly.bmp
  39 0.978073 -2.309113 0.157268 -0.000001 -0.925690 0.378283 0.287671 0.203523
  39 0.968073 -2.339113 0.057268 0.000000 -0.982644 0.185502 0.287671 0.213307
  39 0.998073 -2.339113 0.037268 0.116167 -0.975990 0.184250 0.281800 0.213307
knife_butterfly.bmp
  39 0.998073 -2.339113 0.037268 0.116167 -0.975990 0.184250 0.281800 0.213307
  39 0.968073 -2.339113 0.057268 0.000000 -0.982644 0.185502 0.287671 0.213307
  39 0.998073 -2.349113 -0.052732 0.116150 -0.992466 -0.038990 0.281800 0.223092
knife_butterfly.bmp
  39 0.968073 -2.339113 0.057268 0.000000 -0.982644 0.185502 0.287671 0.213307
  39 0.968073 -2.349113 -0.042732 0.000000 -0.999572 -0.029245 0.287671 0.223092
  39 0.998073 -2.349113 -0.052732 0.116150 -0.992466 -0.038990 0.281800 0.223092
knife_butterfly.bmp
  39 0.998073 -2.349113 -0.052732 0.116150 -0.992466 -0.038990 0.281800 0.223092
  39 0.968073 -2.349113 -0.042732 0.000000 -0.999572 -0.029245 0.287671 0.223092
  39 1.018074 -2.349114 -0.152732 0.116147 -0.957642 -0.263498 0.281800 0.232877
knife_butterfly.bmp
  39 0.968073 -2.349113 -0.042732 0.000000 -0.999572 -0.029245 0.287671 0.223092
  39 0.978074 -2.349114 -0.152732 0.000001 -0.964168 -0.265294 0.287671 0.232877
  39 1.018074 -2.349114 -0.152732 0.116147 -0.957642 -0.263498 0.281800 0.232877
knife_butterfly.bmp
  39 1.018074 -2.349114 -0.152732 0.116147 -0.957642 -0.263498 0.281800 0.232877
  39 0.978074 -2.349114 -0.152732 0.000001 -0.964168 -0.265294 0.287671 0.232877
  39 1.018074 -2.289114 -0.252732 0.116148 -0.872709 -0.474224 0.279843 0.242661
knife_butterfly.bmp
  39 0.978074 -2.349114 -0.152732 0.000001 -0.964168 -0.265294 0.287671 0.232877
  39 0.978074 -2.289114 -0.252732 0.000001 -0.878658 -0.477452 0.287671 0.242661
  39 1.018074 -2.289114 -0.252732 0.116148 -0.872709 -0.474224 0.279843 0.242661
knife_butterfly.bmp
  39 1.018074 -2.289114 -0.252732 0.116148 -0.872709 -0.474224 0.279843 0.242661
  39 0.978074 -2.289114 -0.252732 0.000001 -0.878658 -0.477452 0.287671 0.242661
  39 1.018074 -2.229114 -0.342732 0.116165 -0.744351 -0.657607 0.279843 0.252446
knife_butterfly.bmp
  39 0.978074 -2.289114 -0.252732 0.000001 -0.878658 -0.477452 0.287671 0.242661
  39 0.978074 -2.229114 -0.342732 0.000004 -0.746931 -0.664901 0.287671 0.252446
  39 1.018074 -2.229114 -0.342732 0.116165 -0.744351 -0.657607 0.279843 0.252446
knife_butterfly.bmp
  39 1.018074 -2.229114 -0.342732 0.116165 -0.744351 -0.657607 0.279843 0.252446
  39 0.978074 -2.229114 -0.342732 0.000004 -0.746931 -0.664901 0.287671 0.252446
  39 0.998074 -2.149114 -0.412732 0.116450 -0.619214 -0.776540 0.279843 0.262231
knife_butterfly.bmp
  39 0.978074 -2.229114 -0.342732 0.000004 -0.746931 -0.664901 0.287671 0.252446
  39 0.968074 -2.149114 -0.412732 0.000002 -0.623622 -0.781726 0.287671 0.262231
  39 0.998074 -2.149114 -0.412732 0.116450 -0.619214 -0.776540 0.279843 0.262231
knife_butterfly.bmp
  39 0.998074 -2.149114 -0.412732 0.116450 -0.619214 -0.776540 0.279843 0.262231
  39 0.968074 -2.149114 -0.412732 0.000002 -0.623622 -0.781726 0.287671 0.262231
  39 0.998074 -2.119114 -0.432733 0.125434 -0.489671 -0.862837 0.279843 0.266145
knife_butterfly.bmp
  39 0.968074 -2.149114 -0.412732 0.000002 -0.623622 -0.781726 0.287671 0.262231
  39 0.968074 -2.119114 -0.432733 0.000005 -0.474465 -0.880274 0.287671 0.266145
  39 0.998074 -2.119114 -0.432733 0.125434 -0.489671 -0.862837 0.279843 0.266145
knife_butterfly.bmp
  39 0.998074 -2.119114 -0.432733 0.125434 -0.489671 -0.862837 0.279843 0.266145
  39 0.968074 -2.119114 -0.432733 0.000005 -0.474465 -0.880274 0.287671 0.266145
  39 0.998074 -2.089114 -0.442733 0.099981 -0.312767 -0.944553 0.279843 0.268102
knife_butterfly.bmp
  39 0.968074 -2.119114 -0.432733 0.000005 -0.474465 -0.880274 0.287671 0.266145
  39 0.968074 -2.089114 -0.442733 0.000002 -0.299091 -0.954225 0.287671 0.268102
  39 0.998074 -2.089114 -0.442733 0.099981 -0.312767 -0.944553 0.279843 0.268102
knife_butterfly.bmp
  39 0.998074 -2.089114 -0.442733 0.099981 -0.312767 -0.944553 0.279843 0.268102
  39 0.968074 -2.089114 -0.442733 0.000002 -0.299091 -0.954225 0.287671 0.268102
  39 0.998074 -2.069114 -0.452733 0.057484 -0.184341 -0.981180 0.279843 0.270059
knife_butterfly.bmp
  39 0.968074 -2.089114 -0.442733 0.000002 -0.299091 -0.954225 0.287671 0.268102
  39 0.968074 -2.069114 -0.452733 0.000002 -0.184646 -0.982805 0.287671 0.270059
  39 0.998074 -2.069114 -0.452733 0.057484 -0.184341 -0.981180 0.279843 0.270059
knife_butterfly.bmp
  40 1.280001 -1.208561 0.478155 0.975009 0.071599 -0.210313 0.872798 0.050881
  40 1.290001 -1.298561 0.518155 0.999988 0.004934 -0.000682 0.863014 0.054795
  40 1.280001 -1.298561 0.468155 0.974676 0.036415 -0.220639 0.864971 0.048924
knife_butterfly.bmp
  40 1.280001 -1.298561 0.468155 0.974676 0.036415 -0.220639 0.864971 0.048924
  40 1.290001 -1.298561 0.518155 0.999988 0.004934 -0.000682 0.863014 0.054795
  40 1.290001 -1.358561 0.488155 0.999988 0.004934 -0.000682 0.857143 0.054795
knife_butterfly.bmp
  40 1.290001 -1.298561 0.518155 0.999988 0.004934 -0.000682 0.863014 0.054795
  40 1.280001 -1.368561 0.548155 0.976788 -0.032458 0.211733 0.857143 0.060665
  40 1.290001 -1.358561 0.488155 0.999988 0.004934 -0.000682 0.857143 0.054795
knife_butterfly.bmp
  40 1.290001 -1.358561 0.488155 0.999988 0.004934 -0.000682 0.857143 0.054795
  40 1.280001 -1.368561 0.548155 0.976788 -0.032458 0.211733 0.857143 0.060665
  40 1.290001 -1.418561 0.468155 0.999988 0.004934 -0.000682 0.851272 0.052838
knife_butterfly.bmp
  40 1.280001 -1.368561 0.548155 0.976788 -0.032458 0.211733 0.857143 0.060665
  40 1.280001 -1.428561 0.538155 0.976788 -0.032458 0.211733 0.851272 0.060665
  40 1.290001 -1.418561 0.468155 0.999988 0.004934 -0.000682 0.851272 0.052838
knife_butterfly.bmp
  40 1.290001 -1.418561 0.468155 0.999988 0.004934 -0.000682 0.851272 0.052838
  40 1.280001 -1.428561 0.538155 0.976788 -0.032458 0.211733 0.851272 0.060665
  40 1.290001 -1.488561 0.478155 0.999988 0.004934 -0.000682 0.843444 0.052838
knife_butterfly.bmp
  40 1.280001 -1.428561 0.538155 0.976788 -0.032458 0.211733 0.851272 0.060665
  40 1.280001 -1.498561 0.548155 0.976788 -0.032458 0.211733 0.843444 0.058708
  40 1.290001 -1.488561 0.478155 0.999988 0.004934 -0.000682 0.843444 0.052838
knife_butterfly.bmp
  40 1.290001 -1.488561 0.478155 0.999988 0.004934 -0.000682 0.843444 0.052838
  40 1.280001 -1.498561 0.548155 0.976788 -0.032458 0.211733 0.843444 0.058708
  40 1.290001 -1.568561 0.468156 0.999988 0.004934 -0.000682 0.835616 0.050881
knife_butterfly.bmp
  40 1.280001 -1.498561 0.548155 0.976788 -0.032458 0.211733 0.843444 0.058708
  40 1.280001 -1.578561 0.538156 0.976788 -0.032458 0.211733 0.835616 0.058708
  40 1.290001 -1.568561 0.468156 0.999988 0.004934 -0.000682 0.835616 0.050881
knife_butterfly.bmp
  40 1.290001 -1.568561 0.468156 0.999988 0.004934 -0.000682 0.835616 0.050881
  40 1.280001 -1.578561 0.538156 0.976788 -0.032458 0.211733 0.835616 0.058708
  40 1.290001 -1.638561 0.468156 0.999988 0.004934 -0.000682 0.827789 0.050881
knife_butterfly.bmp
  40 1.280001 -1.578561 0.538156 0.976788 -0.032458 0.211733 0.835616 0.058708
  40 1.280001 -1.648561 0.528156 0.976788 -0.032458 0.211733 0.827789 0.058708
  40 1.290001 -1.638561 0.468156 0.999988 0.004934 -0.000682 0.827789 0.050881
knife_butterfly.bmp
  40 1.290001 -1.638561 0.468156 0.999988 0.004934 -0.000682 0.827789 0.050881
  40 1.280001 -1.648561 0.528156 0.976788 -0.032458 0.211733 0.827789 0.058708
  40 1.290001 -1.708561 0.468156 0.999988 0.004934 -0.000682 0.819961 0.050881
knife_butterfly.bmp
  40 1.280001 -1.648561 0.528156 0.976788 -0.032458 0.211733 0.827789 0.058708
  40 1.280001 -1.718561 0.528156 0.976788 -0.032458 0.211733 0.819961 0.058708
  40 1.290001 -1.708561 0.468156 0.999988 0.004934 -0.000682 0.819961 0.050881
knife_butterfly.bmp
  40 1.290001 -1.708561 0.468156 0.999988 0.004934 -0.000682 0.819961 0.050881
  40 1.280001 -1.718561 0.528156 0.976788 -0.032458 0.211733 0.819961 0.058708
  40 1.290001 -1.788561 0.458156 0.999988 0.004934 -0.000682 0.814090 0.050881
knife_butterfly.bmp
  40 1.280001 -1.718561 0.528156 0.976788 -0.032458 0.211733 0.819961 0.058708
  40 1.280001 -1.798561 0.508156 0.974216 0.034928 0.222897 0.812133 0.058708
  40 1.290001 -1.788561 0.458156 0.999988 0.004934 -0.000682 0.814090 0.050881
knife_butterfly.bmp
  40 1.290001 -1.788561 0.458156 0.999988 0.004934 -0.000682 0.814090 0.050881
  40 1.280001 -1.798561 0.508156 0.974216 0.034928 0.222897 0.812133 0.058708
  40 1.290001 -1.858561 0.468156 0.999988 0.004934 -0.000682 0.806262 0.050881
knife_butterfly.bmp
  40 1.280001 -1.798561 0.508156 0.974216 0.034928 0.222897 0.812133 0.058708
  40 1.280001 -1.868561 0.528156 0.974216 0.034928 0.222897 0.804305 0.058708
  40 1.290001 -1.858561 0.468156 0.999988 0.004934 -0.000682 0.806262 0.050881
knife_butterfly.bmp
  40 1.290001 -1.858561 0.468156 0.999988 0.004934 -0.000682 0.806262 0.050881
  40 1.280001 -1.868561 0.528156 0.974216 0.034928 0.222897 0.804305 0.058708
  40 1.290001 -1.928561 0.468156 0.999988 0.004934 -0.000682 0.798434 0.050881
knife_butterfly.bmp
  40 1.280001 -1.868561 0.528156 0.974216 0.034928 0.222897 0.804305 0.058708
  40 1.280001 -1.938561 0.528156 0.974216 0.034928 0.222897 0.796477 0.058708
  40 1.290001 -1.928561 0.468156 0.999988 0.004934 -0.000682 0.798434 0.050881
knife_butterfly.bmp
  40 1.290001 -1.928561 0.468156 0.999988 0.004934 -0.000682 0.798434 0.050881
  40 1.280001 -1.938561 0.528156 0.974216 0.034928 0.222897 0.796477 0.058708
  40 1.290001 -1.998561 0.468157 0.999988 0.004934 -0.000682 0.790607 0.050881
knife_butterfly.bmp
  40 1.280001 -1.938561 0.528156 0.974216 0.034928 0.222897 0.796477 0.058708
  40 1.280001 -2.018561 0.528157 0.974216 0.034928 0.222897 0.788650 0.058708
  40 1.290001 -1.998561 0.468157 0.999988 0.004934 -0.000682 0.790607 0.050881
knife_butterfly.bmp
  40 1.290001 -1.998561 0.468157 0.999988 0.004934 -0.000682 0.790607 0.050881
  40 1.280001 -2.018561 0.528157 0.974216 0.034928 0.222897 0.788650 0.058708
  40 1.290001 -2.078561 0.468157 0.999988 0.004934 -0.000682 0.782779 0.050881
knife_butterfly.bmp
  40 1.280001 -2.018561 0.528157 0.974216 0.034928 0.222897 0.788650 0.058708
  40 1.280001 -2.098561 0.538157 0.974216 0.034928 0.222897 0.780822 0.060665
  40 1.290001 -2.078561 0.468157 0.999988 0.004934 -0.000682 0.782779 0.050881
knife_butterfly.bmp
  40 1.290001 -2.078561 0.468157 0.999988 0.004934 -0.000682 0.782779 0.050881
  40 1.280001 -2.098561 0.538157 0.974216 0.034928 0.222897 0.780822 0.060665
  40 1.290001 -2.158561 0.468157 0.998234 -0.059393 -0.001118 0.774951 0.052838
knife_butterfly.bmp
  40 1.280001 -2.098561 0.538157 0.974216 0.034928 0.222897 0.780822 0.060665
  40 1.280001 -2.168561 0.538157 0.974216 0.034928 0.222897 0.772994 0.060665
  40 1.290001 -2.158561 0.468157 0.998234 -0.059393 -0.001118 0.774951 0.052838
knife_butterfly.bmp
  40 0.660001 -2.178561 0.548156 -0.975338 0.000314 0.220715 0.774951 0.121331
  40 0.660001 -2.098561 0.538156 -0.975338 0.000314 0.220715 0.782779 0.123288
  40 0.650001 -2.158561 0.468156 -0.998234 -0.059391 -0.001120 0.776908 0.129159
knife_butterfly.bmp
  40 0.650001 -2.158561 0.468156 -0.998234 -0.059391 -0.001120 0.776908 0.129159
  40 0.660001 -2.098561 0.538156 -0.975338 0.000314 0.220715 0.782779 0.123288
  40 0.650001 -2.078561 0.468156 -0.999988 0.004937 -0.000682 0.784736 0.131115
knife_butterfly.bmp
  40 0.660001 -2.098561 0.538156 -0.975338 0.000314 0.220715 0.782779 0.123288
  40 0.660001 -2.018561 0.528155 -0.975338 0.000314 0.220715 0.790607 0.123288
  40 0.650001 -2.078561 0.468156 -0.999988 0.004937 -0.000682 0.784736 0.131115
knife_butterfly.bmp
  40 0.650001 -2.078561 0.468156 -0.999988 0.004937 -0.000682 0.784736 0.131115
  40 0.660001 -2.018561 0.528155 -0.975338 0.000314 0.220715 0.790607 0.123288
  40 0.650001 -1.998561 0.468155 -0.999988 0.004937 -0.000682 0.792564 0.133072
knife_butterfly.bmp
  40 0.660001 -2.018561 0.528155 -0.975338 0.000314 0.220715 0.790607 0.123288
  40 0.660001 -1.938561 0.528155 -0.975338 0.000314 0.220715 0.798434 0.125245
  40 0.650001 -1.998561 0.468155 -0.999988 0.004937 -0.000682 0.792564 0.133072
knife_butterfly.bmp
  40 0.650001 -1.998561 0.468155 -0.999988 0.004937 -0.000682 0.792564 0.133072
  40 0.660001 -1.938561 0.528155 -0.975338 0.000314 0.220715 0.798434 0.125245
  40 0.650001 -1.928561 0.458155 -0.999988 0.004937 -0.000682 0.800391 0.133072
knife_butterfly.bmp
  40 0.660001 -1.938561 0.528155 -0.975338 0.000314 0.220715 0.798434 0.125245
  40 0.660001 -1.868561 0.528155 -0.975338 0.000314 0.220715 0.806262 0.125245
  40 0.650001 -1.928561 0.458155 -0.999988 0.004937 -0.000682 0.800391 0.133072
knife_butterfly.bmp
  40 0.650001 -1.928561 0.458155 -0.999988 0.004937 -0.000682 0.800391 0.133072
  40 0.660001 -1.868561 0.528155 -0.975338 0.000314 0.220715 0.806262 0.125245
  40 0.650001 -1.858561 0.468155 -0.999988 0.004937 -0.000682 0.806262 0.133072
knife_butterfly.bmp
  40 0.660001 -1.868561 0.528155 -0.975338 0.000314 0.220715 0.806262 0.125245
  40 0.660001 -1.798561 0.518155 -0.975338 0.000314 0.220715 0.814090 0.125245
  40 0.650001 -1.858561 0.468155 -0.999988 0.004937 -0.000682 0.806262 0.133072
knife_butterfly.bmp
  40 0.650001 -1.858561 0.468155 -0.999988 0.004937 -0.000682 0.806262 0.133072
  40 0.660001 -1.798561 0.518155 -0.975338 0.000314 0.220715 0.814090 0.125245
  40 0.650001 -1.788561 0.468155 -0.999988 0.004937 -0.000682 0.814090 0.133072
knife_butterfly.bmp
  40 0.660001 -1.798561 0.518155 -0.975338 0.000314 0.220715 0.814090 0.125245
  40 0.660001 -1.718561 0.528155 -0.975373 -0.040532 0.216806 0.821918 0.125245
  40 0.650001 -1.788561 0.468155 -0.999988 0.004937 -0.000682 0.814090 0.133072
knife_butterfly.bmp
  40 0.650001 -1.788561 0.468155 -0.999988 0.004937 -0.000682 0.814090 0.133072
  40 0.660001 -1.718561 0.528155 -0.975373 -0.040532 0.216806 0.821918 0.125245
  40 0.650001 -1.708561 0.468155 -0.999988 0.004937 -0.000682 0.821918 0.133072
knife_butterfly.bmp
  40 0.660001 -1.718561 0.528155 -0.975373 -0.040532 0.216806 0.821918 0.125245
  40 0.660001 -1.648561 0.528155 -0.975373 -0.040532 0.216806 0.829746 0.125245
  40 0.650001 -1.708561 0.468155 -0.999988 0.004937 -0.000682 0.821918 0.133072
knife_butterfly.bmp
  40 0.650001 -1.708561 0.468155 -0.999988 0.004937 -0.000682 0.821918 0.133072
  40 0.660001 -1.648561 0.528155 -0.975373 -0.040532 0.216806 0.829746 0.125245
  40 0.650001 -1.638561 0.468154 -0.999988 0.004937 -0.000682 0.829746 0.133072
knife_butterfly.bmp
  40 0.660001 -1.648561 0.528155 -0.975373 -0.040532 0.216806 0.829746 0.125245
  40 0.660001 -1.578561 0.538154 -0.975373 -0.040532 0.216806 0.837573 0.125245
  40 0.650001 -1.638561 0.468154 -0.999988 0.004937 -0.000682 0.829746 0.133072
knife_butterfly.bmp
  40 0.650001 -1.638561 0.468154 -0.999988 0.004937 -0.000682 0.829746 0.133072
  40 0.660001 -1.578561 0.538154 -0.975373 -0.040532 0.216806 0.837573 0.125245
  40 0.650001 -1.568561 0.468154 -0.999988 0.004937 -0.000682 0.837573 0.133072
knife_butterfly.bmp
  40 0.660001 -1.578561 0.538154 -0.975373 -0.040532 0.216806 0.837573 0.125245
  40 0.660001 -1.498561 0.528154 -0.975373 -0.040532 0.216806 0.845401 0.125245
  40 0.650001 -1.568561 0.468154 -0.999988 0.004937 -0.000682 0.837573 0.133072
knife_butterfly.bmp
  40 0.650001 -1.568561 0.468154 -0.999988 0.004937 -0.000682 0.837573 0.133072
  40 0.660001 -1.498561 0.528154 -0.975373 -0.040532 0.216806 0.845401 0.125245
  40 0.650001 -1.488561 0.468154 -0.999988 0.004937 -0.000682 0.845401 0.133072
knife_butterfly.bmp
  40 0.660001 -1.498561 0.528154 -0.975373 -0.040532 0.216806 0.845401 0.125245
  40 0.660001 -1.428561 0.558154 -0.975373 -0.040532 0.216806 0.853229 0.125245
  40 0.650001 -1.488561 0.468154 -0.999988 0.004937 -0.000682 0.845401 0.133072
knife_butterfly.bmp
  40 0.650001 -1.488561 0.468154 -0.999988 0.004937 -0.000682 0.845401 0.133072
  40 0.660001 -1.428561 0.558154 -0.975373 -0.040532 0.216806 0.853229 0.125245
  40 0.650001 -1.418561 0.488154 -0.999988 0.004937 -0.000682 0.853229 0.131115
knife_butterfly.bmp
  40 0.660001 -1.428561 0.558154 -0.975373 -0.040532 0.216806 0.853229 0.125245
  40 0.660001 -1.368561 0.568154 -0.975373 -0.040532 0.216806 0.859100 0.125245
  40 0.650001 -1.418561 0.488154 -0.999988 0.004937 -0.000682 0.853229 0.131115
knife_butterfly.bmp
  40 0.650001 -1.418561 0.488154 -0.999988 0.004937 -0.000682 0.853229 0.131115
  40 0.660001 -1.368561 0.568154 -0.975373 -0.040532 0.216806 0.859100 0.125245
  40 0.650001 -1.358561 0.508154 -0.999988 0.004937 -0.000682 0.859100 0.131115
knife_butterfly.bmp
  40 0.660001 -1.368561 0.568154 -0.975373 -0.040532 0.216806 0.859100 0.125245
  40 0.650001 -1.298561 0.518154 -0.999988 0.004937 -0.000682 0.864971 0.131115
  40 0.650001 -1.358561 0.508154 -0.999988 0.004937 -0.000682 0.859100 0.131115
knife_butterfly.bmp
  40 0.650001 -1.358561 0.508154 -0.999988 0.004937 -0.000682 0.859100 0.131115
  40 0.650001 -1.298561 0.518154 -0.999988 0.004937 -0.000682 0.864971 0.131115
  40 0.660001 -1.298561 0.468154 -0.975010 0.071595 -0.210307 0.864971 0.136986
knife_butterfly.bmp
  40 0.650001 -1.298561 0.518154 -0.999988 0.004937 -0.000682 0.864971 0.131115
  40 0.660001 -1.208561 0.478153 -0.975010 0.071595 -0.210307 0.874755 0.135029
  40 0.660001 -1.298561 0.468154 -0.975010 0.071595 -0.210307 0.864971 0.136986
knife_butterfly.bmp
  37 0.710000 -2.210000 0.860001 -0.289123 -0.450263 -0.844790 0.416830 0.968689
  37 0.690000 -2.130000 0.830001 -0.685190 -0.214917 -0.695935 0.412916 0.960861
  37 0.710000 -2.130000 0.830001 -0.308124 -0.275365 -0.910623 0.412916 0.960861
knife_butterfly.bmp
  37 0.710000 -2.130000 0.830001 -0.308124 -0.275365 -0.910623 0.412916 0.960861
  37 0.690000 -2.130000 0.830001 -0.685190 -0.214917 -0.695935 0.412916 0.960861
  37 0.690000 -2.050000 0.820001 -0.697462 -0.084768 -0.711590 0.410959 0.953033
knife_butterfly.bmp
  37 0.690000 -2.130000 0.830001 -0.685190 -0.214917 -0.695935 0.412916 0.960861
  37 0.690000 -2.050000 0.850001 -0.948589 -0.037712 -0.314256 0.414873 0.953033
  37 0.690000 -2.050000 0.820001 -0.697462 -0.084768 -0.711590 0.410959 0.953033
knife_butterfly.bmp
  37 0.690000 -2.050000 0.820001 -0.697462 -0.084768 -0.711590 0.410959 0.953033
  37 0.690000 -2.050000 0.850001 -0.948589 -0.037712 -0.314256 0.414873 0.953033
  37 0.690000 -2.000000 0.810001 -0.692798 0.029652 -0.720521 0.410959 0.947162
knife_butterfly.bmp
  37 0.690000 -2.050000 0.850001 -0.948589 -0.037712 -0.314256 0.414873 0.953033
  37 0.690000 -2.000000 0.850001 -0.947879 0.015182 -0.318267 0.414873 0.947162
  37 0.690000 -2.000000 0.810001 -0.692798 0.029652 -0.720521 0.410959 0.947162
knife_butterfly.bmp
  37 0.690000 -2.000000 0.810001 -0.692798 0.029652 -0.720521 0.410959 0.947162
  37 0.690000 -2.000000 0.850001 -0.947879 0.015182 -0.318267 0.414873 0.947162
  37 0.690000 -1.950000 0.810001 -0.687549 0.148466 -0.710799 0.412916 0.941292
knife_butterfly.bmp
  37 0.690000 -2.000000 0.850001 -0.947879 0.015182 -0.318267 0.414873 0.947162
  37 0.690000 -1.950000 0.830001 -0.943850 0.071997 -0.322435 0.414873 0.941292
  37 0.690000 -1.950000 0.810001 -0.687549 0.148466 -0.710799 0.412916 0.941292
knife_butterfly.bmp
  37 0.690000 -1.950000 0.810001 -0.687549 0.148466 -0.710799 0.412916 0.941292
  37 0.690000 -1.950000 0.830001 -0.943850 0.071997 -0.322435 0.414873 0.941292
  37 0.690000 -1.900000 0.820001 -0.675855 0.256224 -0.691064 0.414873 0.935421
knife_butterfly.bmp
  37 0.690000 -1.950000 0.830001 -0.943850 0.071997 -0.322435 0.414873 0.941292
  37 0.690000 -1.900000 0.850001 -0.937284 0.128188 -0.324141 0.416830 0.935421
  37 0.690000 -1.900000 0.820001 -0.675855 0.256224 -0.691064 0.414873 0.935421
knife_butterfly.bmp
  37 0.690000 -1.900000 0.820001 -0.675855 0.256224 -0.691064 0.414873 0.935421
  37 0.690000 -1.900000 0.850001 -0.937284 0.128188 -0.324141 0.416830 0.935421
  37 0.690000 -1.850000 0.840001 -0.636403 0.427966 -0.641744 0.416830 0.929550
knife_butterfly.bmp
  37 0.690000 -1.900000 0.850001 -0.937284 0.128188 -0.324141 0.416830 0.935421
  37 0.690000 -1.850000 0.870001 -0.911309 0.251955 -0.325630 0.420744 0.929550
  37 0.690000 -1.850000 0.840001 -0.636403 0.427966 -0.641744 0.416830 0.929550
knife_butterfly.bmp
  37 0.690000 -1.850000 0.840001 -0.636403 0.427966 -0.641744 0.416830 0.929550
  37 0.690000 -1.850000 0.870001 -0.911309 0.251955 -0.325630 0.420744 0.929550
  37 0.690000 -1.810000 0.890001 -0.623063 0.519883 -0.584393 0.420744 0.925636
knife_butterfly.bmp
  37 0.690000 -1.850000 0.870001 -0.911309 0.251955 -0.325630 0.420744 0.929550
  37 0.690000 -1.820000 0.910001 -0.911309 0.251955 -0.325630 0.424658 0.923679
  37 0.690000 -1.810000 0.890001 -0.623063 0.519883 -0.584393 0.420744 0.925636
knife_butterfly.bmp
  37 0.690000 -1.810000 0.890001 -0.623063 0.519883 -0.584393 0.420744 0.925636
  37 0.690000 -1.820000 0.910001 -0.911309 0.251955 -0.325630 0.424658 0.923679
  37 0.690000 -1.770000 0.920001 -0.569044 0.609186 -0.552342 0.424658 0.919765
knife_butterfly.bmp
  37 0.690000 -1.820000 0.910001 -0.911309 0.251955 -0.325630 0.424658 0.923679
  37 0.690000 -1.770000 0.940001 -0.818085 0.455942 -0.350506 0.428571 0.919765
  37 0.690000 -1.770000 0.920001 -0.569044 0.609186 -0.552342 0.424658 0.919765
knife_butterfly.bmp
  37 0.690000 -1.770000 0.920001 -0.569044 0.609186 -0.552342 0.424658 0.919765
  37 0.690000 -1.770000 0.940001 -0.818085 0.455942 -0.350506 0.428571 0.919765
  37 0.690000 -1.750000 0.950001 -0.578899 0.566627 -0.586353 0.428571 0.917808
knife_butterfly.bmp
  37 0.690000 -1.770000 0.940001 -0.818085 0.455942 -0.350506 0.428571 0.919765
  37 0.690000 -1.750000 0.980001 -0.896428 0.254417 -0.362890 0.432485 0.917808
  37 0.690000 -1.750000 0.950001 -0.578899 0.566627 -0.586353 0.428571 0.917808
knife_butterfly.bmp
  37 0.690000 -1.750000 0.950001 -0.578899 0.566627 -0.586353 0.428571 0.917808
  37 0.690000 -1.750000 0.980001 -0.896428 0.254417 -0.362890 0.432485 0.917808
  37 0.690000 -1.730000 0.970001 -0.702974 0.206179 -0.680674 0.432485 0.913894
knife_butterfly.bmp
  37 0.690000 -1.750000 0.980001 -0.896428 0.254417 -0.362890 0.432485 0.917808
  37 0.690000 -1.720000 1.000001 -0.943850 0.071997 -0.322435 0.434442 0.911937
  37 0.690000 -1.730000 0.970001 -0.702974 0.206179 -0.680674 0.432485 0.913894
knife_butterfly.bmp
  37 0.690000 -1.730000 0.970001 -0.702974 0.206179 -0.680674 0.432485 0.913894
  37 0.690000 -1.720000 1.000001 -0.943850 0.071997 -0.322435 0.434442 0.911937
  37 0.690000 -1.690000 0.980001 -0.727927 -0.060725 -0.682960 0.432485 0.909980
knife_butterfly.bmp
  37 0.690000 -1.720000 1.000001 -0.943850 0.071997 -0.322435 0.434442 0.911937
  37 0.690000 -1.690000 1.000001 -0.948589 -0.037712 -0.314256 0.434442 0.908023
  37 0.690000 -1.690000 0.980001 -0.727927 -0.060725 -0.682960 0.432485 0.909980
knife_butterfly.bmp
  37 0.690000 -1.690000 0.980001 -0.727927 -0.060725 -0.682960 0.432485 0.909980
  37 0.690000 -1.690000 1.000001 -0.948589 -0.037712 -0.314256 0.434442 0.908023
  37 0.690000 -1.650000 0.970001 -0.733070 -0.296871 -0.611944 0.430528 0.906067
knife_butterfly.bmp
  37 0.690000 -1.690000 1.000001 -0.948589 -0.037712 -0.314256 0.434442 0.908023
  37 0.690000 -1.640000 0.990001 -0.947567 -0.132991 -0.290569 0.434442 0.906067
  37 0.690000 -1.650000 0.970001 -0.733070 -0.296871 -0.611944 0.430528 0.906067
knife_butterfly.bmp
  37 0.690000 -1.650000 0.970001 -0.733070 -0.296871 -0.611944 0.430528 0.906067
  37 0.690000 -1.640000 0.990001 -0.947567 -0.132991 -0.290569 0.434442 0.906067
  37 0.690000 -1.620000 0.980001 -0.945229 -0.101691 -0.310164 0.432485 0.902153
knife_butterfly.bmp
  40 1.240001 -0.828560 0.868154 0.312093 -0.098708 0.944910 0.708415 0.759295
  40 1.260001 -0.978560 0.848154 0.294052 -0.280982 0.913555 0.706458 0.778865
  40 1.290001 -0.828560 0.858154 0.706035 -0.106599 0.700108 0.706458 0.761252
knife_butterfly.bmp
  40 1.290001 -0.828560 0.858154 0.706035 -0.106599 0.700108 0.706458 0.761252
  40 1.260001 -0.978560 0.848154 0.294052 -0.280982 0.913555 0.706458 0.778865
  40 1.290001 -0.978560 0.838154 0.663931 -0.231871 0.710937 0.704501 0.778865
knife_butterfly.bmp
  40 1.260001 -0.978560 0.848154 0.294052 -0.280982 0.913555 0.706458 0.778865
  40 1.260001 -1.128561 0.748154 0.269267 -0.400121 0.876013 0.696673 0.796477
  40 1.290001 -0.978560 0.838154 0.663931 -0.231871 0.710937 0.704501 0.778865
knife_butterfly.bmp
  40 1.290001 -0.978560 0.838154 0.663931 -0.231871 0.710937 0.704501 0.778865
  40 1.260001 -1.128561 0.748154 0.269267 -0.400121 0.876013 0.696673 0.796477
  40 1.290001 -1.128561 0.758154 0.679743 -0.300021 0.669281 0.694716 0.796477
knife_butterfly.bmp
  40 1.260001 -1.128561 0.748154 0.269267 -0.400121 0.876013 0.696673 0.796477
  40 1.260001 -1.288561 0.708155 0.294052 -0.280982 0.913555 0.690802 0.814090
  40 1.290001 -1.128561 0.758154 0.679743 -0.300021 0.669281 0.694716 0.796477
knife_butterfly.bmp
  40 1.290001 -1.128561 0.758154 0.679743 -0.300021 0.669281 0.694716 0.796477
  40 1.260001 -1.288561 0.708155 0.294052 -0.280982 0.913555 0.690802 0.814090
  40 1.290001 -1.288561 0.708155 0.706271 -0.195737 0.680344 0.688845 0.814090
knife_butterfly.bmp
  40 1.260001 -1.288561 0.708155 0.294052 -0.280982 0.913555 0.690802 0.814090
  40 1.260001 -1.458561 0.658155 0.303553 -0.147772 0.941286 0.684932 0.833659
  40 1.290001 -1.288561 0.708155 0.706271 -0.195737 0.680344 0.688845 0.814090
knife_butterfly.bmp
  40 1.290001 -1.288561 0.708155 0.706271 -0.195737 0.680344 0.688845 0.814090
  40 1.260001 -1.458561 0.658155 0.303553 -0.147772 0.941286 0.684932 0.833659
  40 1.290001 -1.448561 0.648155 0.706035 -0.106599 0.700108 0.684932 0.833659
knife_butterfly.bmp
  40 1.260001 -1.458561 0.658155 0.303553 -0.147772 0.941286 0.684932 0.833659
  40 1.260001 -1.628561 0.658156 0.299952 -0.049323 0.952678 0.682975 0.855186
  40 1.290001 -1.448561 0.648155 0.706035 -0.106599 0.700108 0.684932 0.833659
knife_butterfly.bmp
  40 1.290001 -1.448561 0.648155 0.706035 -0.106599 0.700108 0.684932 0.833659
  40 1.260001 -1.628561 0.658156 0.299952 -0.049323 0.952678 0.682975 0.855186
  40 1.290001 -1.628561 0.648156 0.700170 -0.034336 0.713150 0.682975 0.855186
knife_butterfly.bmp
  40 1.260001 -1.628561 0.658156 0.299952 -0.049323 0.952678 0.682975 0.855186
  40 1.250001 -1.798561 0.638156 0.303200 0.008888 0.952885 0.682975 0.874755
  40 1.290001 -1.628561 0.648156 0.700170 -0.034336 0.713150 0.682975 0.855186
knife_butterfly.bmp
  40 1.290001 -1.628561 0.648156 0.700170 -0.034336 0.713150 0.682975 0.855186
  40 1.250001 -1.798561 0.638156 0.303200 0.008888 0.952885 0.682975 0.874755
  40 1.290001 -1.788561 0.628156 0.699922 0.007504 0.714180 0.682975 0.874755
knife_butterfly.bmp
  40 1.250001 -1.798561 0.638156 0.303200 0.008888 0.952885 0.682975 0.874755
  40 1.260001 -1.948561 0.668156 0.311823 0.106685 0.944132 0.684932 0.894325
  40 1.290001 -1.788561 0.628156 0.699922 0.007504 0.714180 0.682975 0.874755
knife_butterfly.bmp
  40 1.290001 -1.788561 0.628156 0.699922 0.007504 0.714180 0.682975 0.874755
  40 1.260001 -1.948561 0.668156 0.311823 0.106685 0.944132 0.684932 0.894325
  40 1.290001 -1.938561 0.658157 0.716274 0.079904 0.693229 0.682975 0.894325
knife_butterfly.bmp
  40 1.260001 -1.948561 0.668156 0.311823 0.106685 0.944132 0.684932 0.894325
  40 1.260001 -1.988561 0.668157 0.313167 0.196558 0.929135 0.684932 0.898239
  40 1.290001 -1.938561 0.658157 0.716274 0.079904 0.693229 0.682975 0.894325
knife_butterfly.bmp
  40 1.290001 -1.938561 0.658157 0.716274 0.079904 0.693229 0.682975 0.894325
  40 1.260001 -1.988561 0.668157 0.313167 0.196558 0.929135 0.684932 0.898239
  40 1.290001 -1.988561 0.658157 0.711122 0.161500 0.684268 0.682975 0.898239
knife_butterfly.bmp
  40 1.260001 -1.988561 0.668157 0.313167 0.196558 0.929135 0.684932 0.898239
  40 1.260001 -2.008561 0.678157 0.313167 0.196558 0.929135 0.684932 0.902153
  40 1.290001 -1.988561 0.658157 0.711122 0.161500 0.684268 0.682975 0.898239
knife_butterfly.bmp
  40 1.290001 -1.988561 0.658157 0.711122 0.161500 0.684268 0.682975 0.898239
  40 1.260001 -2.008561 0.678157 0.313167 0.196558 0.929135 0.684932 0.902153
  40 1.290001 -2.008561 0.668157 0.711122 0.161500 0.684268 0.684932 0.902153
knife_butterfly.bmp
  40 1.260001 -2.008561 0.678157 0.313167 0.196558 0.929135 0.684932 0.902153
  40 1.260001 -2.068561 0.688157 0.313167 0.196558 0.929135 0.686888 0.906067
  40 1.290001 -2.008561 0.668157 0.711122 0.161500 0.684268 0.684932 0.902153
knife_butterfly.bmp
  40 1.290001 -2.008561 0.668157 0.711122 0.161500 0.684268 0.684932 0.902153
  40 1.260001 -2.068561 0.688157 0.313167 0.196558 0.929135 0.686888 0.906067
  40 1.290001 -2.068561 0.678157 0.711122 0.161500 0.684268 0.684932 0.908023
knife_butterfly.bmp
  40 1.260001 -2.068561 0.688157 0.313167 0.196558 0.929135 0.686888 0.906067
  40 1.290001 -2.108561 0.688157 0.711122 0.161500 0.684268 0.686888 0.911937
  40 1.290001 -2.068561 0.678157 0.711122 0.161500 0.684268 0.684932 0.908023
knife_butterfly.bmp
  40 1.290001 -2.068561 0.678157 0.711122 0.161500 0.684268 0.684932 0.908023
  40 1.290001 -2.108561 0.688157 0.711122 0.161500 0.684268 0.686888 0.911937
  40 1.300001 -2.108561 0.658157 0.947509 0.092918 0.305929 0.682975 0.911937
knife_butterfly.bmp
  40 1.290001 -2.108561 0.688157 0.711122 0.161500 0.684268 0.686888 0.911937
  40 1.300001 -2.158561 0.648157 0.947509 0.092918 0.305929 0.684932 0.917808
  40 1.300001 -2.108561 0.658157 0.947509 0.092918 0.305929 0.682975 0.911937
knife_butterfly.bmp
  39 1.058071 -1.659110 1.307267 0.528861 0.253497 0.809966 0.275930 0.508806
  39 1.038071 -1.659110 1.307267 0.035781 0.241228 0.969809 0.277886 0.508806
  39 1.058071 -1.769110 1.337267 -0.035785 0.241228 0.969808 0.275930 0.520548
knife_butterfly.bmp
  39 1.058071 -1.769110 1.337267 -0.035785 0.241228 0.969808 0.275930 0.520548
  39 1.038071 -1.659110 1.307267 0.035781 0.241228 0.969809 0.277886 0.508806
  39 0.978071 -1.759110 1.327267 -0.000002 0.204501 0.978866 0.285714 0.518591
knife_butterfly.bmp
  39 1.038071 -1.659110 1.307267 0.035781 0.241228 0.969809 0.277886 0.508806
  39 0.978071 -1.659110 1.307266 -0.000002 0.204501 0.978866 0.285714 0.508806
  39 0.978071 -1.759110 1.327267 -0.000002 0.204501 0.978866 0.285714 0.518591
knife_butterfly.bmp
  39 0.978071 -1.759110 1.327267 -0.000002 0.204501 0.978866 0.285714 0.518591
  39 0.978071 -1.659110 1.307266 -0.000002 0.204501 0.978866 0.285714 0.508806
  39 0.898071 -1.659110 1.287266 -0.035785 0.241228 0.969808 0.293542 0.508806
knife_butterfly.bmp
  39 0.978071 -1.659110 1.307266 -0.000002 0.204501 0.978866 0.285714 0.508806
  39 0.978071 -1.529111 1.247266 -0.000002 0.474476 0.880269 0.285714 0.495108
  39 0.898071 -1.659110 1.287266 -0.035785 0.241228 0.969808 0.293542 0.508806
knife_butterfly.bmp
  39 0.898071 -1.659110 1.287266 -0.035785 0.241228 0.969808 0.293542 0.508806
  39 0.978071 -1.529111 1.247266 -0.000002 0.474476 0.880269 0.285714 0.495108
  39 0.898071 -1.529111 1.267266 -0.113651 0.479504 0.870149 0.293542 0.495108
knife_butterfly.bmp
  39 0.978071 -1.529111 1.247266 -0.000002 0.474476 0.880269 0.285714 0.495108
  39 0.978071 -1.449111 1.187266 -0.000002 0.746920 0.664914 0.285714 0.483366
  39 0.898071 -1.529111 1.267266 -0.113651 0.479504 0.870149 0.293542 0.495108
knife_butterfly.bmp
  39 0.898071 -1.529111 1.267266 -0.113651 0.479504 0.870149 0.293542 0.495108
  39 0.978071 -1.449111 1.187266 -0.000002 0.746920 0.664914 0.285714 0.483366
  39 0.898071 -1.449111 1.187266 -0.085340 0.761661 0.642331 0.293542 0.483366
knife_butterfly.bmp
  39 0.978071 -1.449111 1.187266 -0.000002 0.746920 0.664914 0.285714 0.483366
  39 0.968071 -1.369111 1.107266 -0.000001 0.929286 0.369360 0.285714 0.471624
  39 0.898071 -1.449111 1.187266 -0.085340 0.761661 0.642331 0.293542 0.483366
knife_butterfly.bmp
  39 0.898071 -1.449111 1.187266 -0.085340 0.761661 0.642331 0.293542 0.483366
  39 0.968071 -1.369111 1.107266 -0.000001 0.929286 0.369360 0.285714 0.471624
  39 0.878071 -1.369111 1.107266 -0.110067 0.920189 0.375683 0.293542 0.471624
knife_butterfly.bmp
  39 0.968071 -1.369111 1.107266 -0.000001 0.929286 0.369360 0.285714 0.471624
  39 0.968071 -1.349111 1.007266 0.000000 0.995809 0.091454 0.285714 0.461840
  39 0.878071 -1.369111 1.107266 -0.110067 0.920189 0.375683 0.293542 0.471624
knife_butterfly.bmp
  39 0.878071 -1.369111 1.107266 -0.110067 0.920189 0.375683 0.293542 0.471624
  39 0.968071 -1.349111 1.007266 0.000000 0.995809 0.091454 0.285714 0.461840
  39 0.878071 -1.349111 1.007266 -0.095356 0.990604 0.098035 0.293542 0.461840
knife_butterfly.bmp
  39 0.968071 -1.349111 1.007266 0.000000 0.995809 0.091454 0.285714 0.461840
  39 0.978072 -1.349111 0.887266 0.000000 0.992882 -0.119100 0.285714 0.450098
  39 0.878071 -1.349111 1.007266 -0.095356 0.990604 0.098035 0.293542 0.461840
knife_butterfly.bmp
  39 0.878071 -1.349111 1.007266 -0.095356 0.990604 0.098035 0.293542 0.461840
  39 0.978072 -1.349111 0.887266 0.000000 0.992882 -0.119100 0.285714 0.450098
  39 0.878071 -1.349111 0.887266 -0.100829 0.987927 -0.117613 0.293542 0.450098
knife_butterfly.bmp
  39 0.978072 -1.349111 0.887266 0.000000 0.992882 -0.119100 0.285714 0.450098
  39 0.978072 -1.389112 0.807266 0.000001 0.949290 -0.314401 0.285714 0.442270
  39 0.878071 -1.349111 0.887266 -0.100829 0.987927 -0.117613 0.293542 0.450098
knife_butterfly.bmp
  39 0.878071 -1.349111 0.887266 -0.100829 0.987927 -0.117613 0.293542 0.450098
  39 0.978072 -1.389112 0.807266 0.000001 0.949290 -0.314401 0.285714 0.442270
  39 0.898072 -1.389112 0.807266 -0.111627 0.943593 -0.311724 0.293542 0.442270
knife_butterfly.bmp
  39 0.978072 -1.389112 0.807266 0.000001 0.949290 -0.314401 0.285714 0.442270
  39 0.978072 -1.419112 0.737266 0.000001 0.810202 -0.586151 0.285714 0.434442
  39 0.898072 -1.389112 0.807266 -0.111627 0.943593 -0.311724 0.293542 0.442270
knife_butterfly.bmp
  39 0.898072 -1.389112 0.807266 -0.111627 0.943593 -0.311724 0.293542 0.442270
  39 0.978072 -1.419112 0.737266 0.000001 0.810202 -0.586151 0.285714 0.434442
  39 0.898072 -1.419112 0.737266 -0.114579 0.803399 -0.584313 0.293542 0.434442
knife_butterfly.bmp
  39 0.978072 -1.419112 0.737266 0.000001 0.810202 -0.586151 0.285714 0.434442
  39 0.978072 -1.479112 0.637266 0.000002 0.596123 -0.802893 0.285714 0.422701
  39 0.898072 -1.419112 0.737266 -0.114579 0.803399 -0.584313 0.293542 0.434442
knife_butterfly.bmp
  39 0.898072 -1.419112 0.737266 -0.114579 0.803399 -0.584313 0.293542 0.434442
  39 0.978072 -1.479112 0.637266 0.000002 0.596123 -0.802893 0.285714 0.422701
  39 0.898072 -1.489112 0.667266 -0.107334 0.595970 -0.795801 0.293542 0.424658
knife_butterfly.bmp
  39 0.978072 -1.479112 0.637266 0.000002 0.596123 -0.802893 0.285714 0.422701
  39 0.878072 -1.579112 0.587266 -0.099234 0.488255 -0.867041 0.293542 0.412916
  39 0.898072 -1.489112 0.667266 -0.107334 0.595970 -0.795801 0.293542 0.424658
knife_butterfly.bmp
  39 0.898072 -1.489112 0.667266 -0.107334 0.595970 -0.795801 0.293542 0.424658
  39 0.878072 -1.579112 0.587266 -0.099234 0.488255 -0.867041 0.293542 0.412916
  39 0.888072 -1.489112 0.667266 -0.213748 0.578099 -0.787473 0.295499 0.424658
knife_butterfly.bmp
  39 0.878072 -1.579112 0.587266 -0.099234 0.488255 -0.867041 0.293542 0.412916
  39 0.868072 -1.579112 0.607266 -0.653990 0.554865 -0.514220 0.295499 0.412916
  39 0.888072 -1.489112 0.667266 -0.213748 0.578099 -0.787473 0.295499 0.424658
knife_butterfly.bmp
  37 1.250000 -2.130000 0.830001 0.308091 -0.275363 -0.910634 0.412916 0.960861
  37 1.270000 -2.050000 0.820001 0.697475 -0.084763 -0.711579 0.412916 0.953033
  37 1.270000 -2.130000 0.830001 0.685189 -0.214917 -0.695935 0.414873 0.960861
knife_butterfly.bmp
  37 1.270000 -2.130000 0.830001 0.685189 -0.214917 -0.695935 0.414873 0.960861
  37 1.270000 -2.050000 0.820001 0.697475 -0.084763 -0.711579 0.412916 0.953033
  37 1.280000 -2.050000 0.850001 0.948600 -0.037707 -0.314222 0.416830 0.953033
knife_butterfly.bmp
  37 1.270000 -2.050000 0.820001 0.697475 -0.084763 -0.711579 0.412916 0.953033
  37 1.270000 -2.000000 0.810001 0.692804 0.029647 -0.720517 0.412916 0.947162
  37 1.280000 -2.050000 0.850001 0.948600 -0.037707 -0.314222 0.416830 0.953033
knife_butterfly.bmp
  37 1.280000 -2.050000 0.850001 0.948600 -0.037707 -0.314222 0.416830 0.953033
  37 1.270000 -2.000000 0.810001 0.692804 0.029647 -0.720517 0.412916 0.947162
  37 1.280000 -2.000000 0.850001 0.947882 0.015173 -0.318261 0.416830 0.947162
knife_butterfly.bmp
  37 1.270000 -2.000000 0.810001 0.692804 0.029647 -0.720517 0.412916 0.947162
  37 1.270000 -1.950000 0.810001 0.687557 0.148464 -0.710791 0.412916 0.941292
  37 1.280000 -2.000000 0.850001 0.947882 0.015173 -0.318261 0.416830 0.947162
knife_butterfly.bmp
  37 1.280000 -2.000000 0.850001 0.947882 0.015173 -0.318261 0.416830 0.947162
  37 1.270000 -1.950000 0.810001 0.687557 0.148464 -0.710791 0.412916 0.941292
  37 1.280000 -1.950000 0.830001 0.937087 0.077527 -0.340378 0.416830 0.941292
knife_butterfly.bmp
  37 1.270000 -1.950000 0.810001 0.687557 0.148464 -0.710791 0.412916 0.941292
  37 1.270000 -1.900000 0.820001 0.675874 0.256227 -0.691044 0.414873 0.935421
  37 1.280000 -1.950000 0.830001 0.937087 0.077527 -0.340378 0.416830 0.941292
knife_butterfly.bmp
  37 1.280000 -1.950000 0.830001 0.937087 0.077527 -0.340378 0.416830 0.941292
  37 1.270000 -1.900000 0.820001 0.675874 0.256227 -0.691044 0.414873 0.935421
  37 1.280000 -1.900000 0.850001 0.937292 0.128180 -0.324120 0.418787 0.935421
knife_butterfly.bmp
  37 1.270000 -1.900000 0.820001 0.675874 0.256227 -0.691044 0.414873 0.935421
  37 1.270000 -1.850000 0.840001 0.636413 0.427959 -0.641739 0.418787 0.929550
  37 1.280000 -1.900000 0.850001 0.937292 0.128180 -0.324120 0.418787 0.935421
knife_butterfly.bmp
  37 1.280000 -1.900000 0.850001 0.937292 0.128180 -0.324120 0.418787 0.935421
  37 1.270000 -1.850000 0.840001 0.636413 0.427959 -0.641739 0.418787 0.929550
  37 1.280000 -1.850000 0.870001 0.900247 0.283473 -0.330451 0.420744 0.929550
knife_butterfly.bmp
  37 1.270000 -1.850000 0.840001 0.636413 0.427959 -0.641739 0.418787 0.929550
  37 1.270000 -1.810000 0.890001 0.623078 0.519876 -0.584382 0.422701 0.925636
  37 1.280000 -1.850000 0.870001 0.900247 0.283473 -0.330451 0.420744 0.929550
knife_butterfly.bmp
  37 1.280000 -1.850000 0.870001 0.900247 0.283473 -0.330451 0.420744 0.929550
  37 1.270000 -1.810000 0.890001 0.623078 0.519876 -0.584382 0.422701 0.925636
  37 1.280000 -1.820000 0.910001 0.900247 0.283473 -0.330451 0.426614 0.923679
knife_butterfly.bmp
  37 1.270000 -1.810000 0.890001 0.623078 0.519876 -0.584382 0.422701 0.925636
  37 1.270000 -1.770000 0.920001 0.569055 0.609177 -0.552340 0.426614 0.919765
  37 1.280000 -1.820000 0.910001 0.900247 0.283473 -0.330451 0.426614 0.923679
knife_butterfly.bmp
  37 1.280000 -1.820000 0.910001 0.900247 0.283473 -0.330451 0.426614 0.923679
  37 1.270000 -1.770000 0.920001 0.569055 0.609177 -0.552340 0.426614 0.919765
  37 1.280000 -1.770000 0.940001 0.818117 0.455906 -0.350478 0.428571 0.919765
knife_butterfly.bmp
  37 1.270000 -1.770000 0.920001 0.569055 0.609177 -0.552340 0.426614 0.919765
  37 1.270000 -1.750000 0.950001 0.578922 0.566618 -0.586339 0.430528 0.917808
  37 1.280000 -1.770000 0.940001 0.818117 0.455906 -0.350478 0.428571 0.919765
knife_butterfly.bmp
  37 1.280000 -1.770000 0.940001 0.818117 0.455906 -0.350478 0.428571 0.919765
  37 1.270000 -1.750000 0.950001 0.578922 0.566618 -0.586339 0.430528 0.917808
  37 1.280000 -1.750000 0.980001 0.896455 0.254387 -0.362844 0.434442 0.917808
knife_butterfly.bmp
  37 1.270000 -1.750000 0.950001 0.578922 0.566618 -0.586339 0.430528 0.917808
  37 1.270000 -1.730000 0.970001 0.702989 0.206177 -0.680660 0.432485 0.913894
  37 1.280000 -1.750000 0.980001 0.896455 0.254387 -0.362844 0.434442 0.917808
knife_butterfly.bmp
  37 1.280000 -1.750000 0.980001 0.896455 0.254387 -0.362844 0.434442 0.917808
  37 1.270000 -1.730000 0.970001 0.702989 0.206177 -0.680660 0.432485 0.913894
  37 1.280000 -1.720000 1.000001 0.937087 0.077527 -0.340378 0.436399 0.911937
knife_butterfly.bmp
  37 1.270000 -1.730000 0.970001 0.702989 0.206177 -0.680660 0.432485 0.913894
  37 1.270000 -1.690000 0.980001 0.727947 -0.060717 -0.682939 0.432485 0.909980
  37 1.280000 -1.720000 1.000001 0.937087 0.077527 -0.340378 0.436399 0.911937
knife_butterfly.bmp
  37 1.280000 -1.720000 1.000001 0.937087 0.077527 -0.340378 0.436399 0.911937
  37 1.270000 -1.690000 0.980001 0.727947 -0.060717 -0.682939 0.432485 0.909980
  37 1.280000 -1.690000 1.000001 0.948600 -0.037707 -0.314222 0.436399 0.908023
knife_butterfly.bmp
  37 1.270000 -1.690000 0.980001 0.727947 -0.060717 -0.682939 0.432485 0.909980
  37 1.270000 -1.650000 0.970001 0.733087 -0.296861 -0.611929 0.432485 0.906067
  37 1.280000 -1.690000 1.000001 0.948600 -0.037707 -0.314222 0.436399 0.908023
knife_butterfly.bmp
  37 1.280000 -1.690000 1.000001 0.948600 -0.037707 -0.314222 0.436399 0.908023
  37 1.270000 -1.650000 0.970001 0.733087 -0.296861 -0.611929 0.432485 0.906067
  37 1.280000 -1.640000 0.990001 0.947575 -0.132979 -0.290549 0.436399 0.906067
knife_butterfly.bmp
  37 1.270000 -1.650000 0.970001 0.733087 -0.296861 -0.611929 0.432485 0.906067
  37 1.280000 -1.620000 0.980001 0.945241 -0.101680 -0.310130 0.432485 0.902153
  37 1.280000 -1.640000 0.990001 0.947575 -0.132979 -0.290549 0.436399 0.906067
knife_butterfly.bmp
  40 0.690001 -2.158561 0.668156 -0.947522 0.069673 0.312006 0.684932 0.917808
  40 0.700001 -2.108561 0.688156 -0.692835 0.151263 0.705052 0.686888 0.911937
  40 0.690001 -2.108561 0.658156 -0.947522 0.069673 0.312006 0.682975 0.911937
knife_butterfly.bmp
  40 0.690001 -2.108561 0.658156 -0.947522 0.069673 0.312006 0.682975 0.911937
  40 0.700001 -2.108561 0.688156 -0.692835 0.151263 0.705052 0.686888 0.911937
  40 0.700001 -2.068561 0.678156 -0.692835 0.151263 0.705052 0.684932 0.908023
knife_butterfly.bmp
  40 0.700001 -2.108561 0.688156 -0.692835 0.151263 0.705052 0.686888 0.911937
  40 0.730001 -2.068561 0.688156 -0.313196 0.196553 0.929126 0.686888 0.906067
  40 0.700001 -2.068561 0.678156 -0.692835 0.151263 0.705052 0.684932 0.908023
knife_butterfly.bmp
  40 0.700001 -2.068561 0.678156 -0.692835 0.151263 0.705052 0.684932 0.908023
  40 0.730001 -2.068561 0.688156 -0.313196 0.196553 0.929126 0.686888 0.906067
  40 0.700001 -2.008561 0.668156 -0.692835 0.151263 0.705052 0.684932 0.902153
knife_butterfly.bmp
  40 0.730001 -2.068561 0.688156 -0.313196 0.196553 0.929126 0.686888 0.906067
  40 0.730001 -2.008561 0.678156 -0.313196 0.196553 0.929126 0.684932 0.902153
  40 0.700001 -2.008561 0.668156 -0.692835 0.151263 0.705052 0.684932 0.902153
knife_butterfly.bmp
  40 0.700001 -2.008561 0.668156 -0.692835 0.151263 0.705052 0.684932 0.902153
  40 0.730001 -2.008561 0.678156 -0.313196 0.196553 0.929126 0.684932 0.902153
  40 0.700001 -1.988561 0.658155 -0.692835 0.151263 0.705052 0.682975 0.898239
knife_butterfly.bmp
  40 0.730001 -2.008561 0.678156 -0.313196 0.196553 0.929126 0.684932 0.902153
  40 0.730001 -1.988561 0.668156 -0.313196 0.196553 0.929126 0.684932 0.898239
  40 0.700001 -1.988561 0.658155 -0.692835 0.151263 0.705052 0.682975 0.898239
knife_butterfly.bmp
  40 0.700001 -1.988561 0.658155 -0.692835 0.151263 0.705052 0.682975 0.898239
  40 0.730001 -1.988561 0.668156 -0.313196 0.196553 0.929126 0.684932 0.898239
  40 0.700001 -1.938561 0.658155 -0.716283 0.079907 0.693219 0.682975 0.894325
knife_butterfly.bmp
  40 0.730001 -1.988561 0.668156 -0.313196 0.196553 0.929126 0.684932 0.898239
  40 0.730001 -1.948561 0.668155 -0.311855 0.106688 0.944121 0.684932 0.894325
  40 0.700001 -1.938561 0.658155 -0.716283 0.079907 0.693219 0.682975 0.894325
knife_butterfly.bmp
  40 0.700001 -1.938561 0.658155 -0.716283 0.079907 0.693219 0.682975 0.894325
  40 0.730001 -1.948561 0.668155 -0.311855 0.106688 0.944121 0.684932 0.894325
  40 0.700001 -1.798561 0.648155 -0.699932 0.007504 0.714170 0.682975 0.874755
knife_butterfly.bmp
  40 0.730001 -1.948561 0.668155 -0.311855 0.106688 0.944121 0.684932 0.894325
  40 0.730001 -1.798561 0.658155 -0.303234 0.008888 0.952875 0.682975 0.874755
  40 0.700001 -1.798561 0.648155 -0.699932 0.007504 0.714170 0.682975 0.874755
knife_butterfly.bmp
  40 0.700001 -1.798561 0.648155 -0.699932 0.007504 0.714170 0.682975 0.874755
  40 0.730001 -1.798561 0.658155 -0.303234 0.008888 0.952875 0.682975 0.874755
  40 0.700001 -1.628561 0.648155 -0.700171 -0.034336 0.713149 0.682975 0.855186
knife_butterfly.bmp
  40 0.730001 -1.798561 0.658155 -0.303234 0.008888 0.952875 0.682975 0.874755
  40 0.730001 -1.628561 0.658155 -0.299958 -0.049320 0.952677 0.682975 0.855186
  40 0.700001 -1.628561 0.648155 -0.700171 -0.034336 0.713149 0.682975 0.855186
knife_butterfly.bmp
  40 0.700001 -1.628561 0.648155 -0.700171 -0.034336 0.713149 0.682975 0.855186
  40 0.730001 -1.628561 0.658155 -0.299958 -0.049320 0.952677 0.682975 0.855186
  40 0.700001 -1.458561 0.658154 -0.706038 -0.106602 0.700104 0.684932 0.833659
knife_butterfly.bmp
  40 0.730001 -1.628561 0.658155 -0.299958 -0.049320 0.952677 0.682975 0.855186
  40 0.730001 -1.458561 0.658154 -0.303598 -0.147774 0.941271 0.684932 0.833659
  40 0.700001 -1.458561 0.658154 -0.706038 -0.106602 0.700104 0.684932 0.833659
knife_butterfly.bmp
  40 0.700001 -1.458561 0.658154 -0.706038 -0.106602 0.700104 0.684932 0.833659
  40 0.730001 -1.458561 0.658154 -0.303598 -0.147774 0.941271 0.684932 0.833659
  40 0.700001 -1.288561 0.708154 -0.706281 -0.195738 0.680333 0.688845 0.814090
knife_butterfly.bmp
  40 0.730001 -1.458561 0.658154 -0.303598 -0.147774 0.941271 0.684932 0.833659
  40 0.730001 -1.288561 0.708154 -0.303116 -0.265216 0.915304 0.690802 0.814090
  40 0.700001 -1.288561 0.708154 -0.706281 -0.195738 0.680333 0.688845 0.814090
knife_butterfly.bmp
  40 0.700001 -1.288561 0.708154 -0.706281 -0.195738 0.680333 0.688845 0.814090
  40 0.730001 -1.288561 0.708154 -0.303116 -0.265216 0.915304 0.690802 0.814090
  40 0.700001 -1.128561 0.738153 -0.679757 -0.300018 0.669268 0.694716 0.796477
knife_butterfly.bmp
  40 0.730001 -1.288561 0.708154 -0.303116 -0.265216 0.915304 0.690802 0.814090
  40 0.730001 -1.128561 0.748153 -0.269300 -0.400119 0.876004 0.696673 0.796477
  40 0.700001 -1.128561 0.738153 -0.679757 -0.300018 0.669268 0.694716 0.796477
knife_butterfly.bmp
  40 0.700001 -1.128561 0.738153 -0.679757 -0.300018 0.669268 0.694716 0.796477
  40 0.730001 -1.128561 0.748153 -0.269300 -0.400119 0.876004 0.696673 0.796477
  40 0.700001 -0.978560 0.838153 -0.663931 -0.231870 0.710937 0.704501 0.778865
knife_butterfly.bmp
  40 0.730001 -1.128561 0.748153 -0.269300 -0.400119 0.876004 0.696673 0.796477
  40 0.730001 -0.978560 0.848153 -0.303116 -0.265216 0.915304 0.706458 0.778865
  40 0.700001 -0.978560 0.838153 -0.663931 -0.231870 0.710937 0.704501 0.778865
knife_butterfly.bmp
  40 0.700001 -0.978560 0.838153 -0.663931 -0.231870 0.710937 0.704501 0.778865
  40 0.730001 -0.978560 0.848153 -0.303116 -0.265216 0.915304 0.706458 0.778865
  40 0.700001 -0.828560 0.848152 -0.706038 -0.106602 0.700104 0.706458 0.761252
knife_butterfly.bmp
  40 0.730001 -0.978560 0.848153 -0.303116 -0.265216 0.915304 0.706458 0.778865
  40 0.730001 -0.828560 0.858153 -0.312096 -0.098709 0.944909 0.708415 0.759295
  40 0.700001 -0.828560 0.848152 -0.706038 -0.106602 0.700104 0.706458 0.761252
knife_butterfly.bmp
  40 1.290001 -0.828560 0.858154 0.706035 -0.106599 0.700108 0.706458 0.761252
  40 1.290001 -0.978560 0.838154 0.663931 -0.231871 0.710937 0.704501 0.778865
  40 1.300001 -0.838560 0.828154 0.944343 -0.045002 0.325871 0.704501 0.761252
knife_butterfly.bmp
  40 1.300001 -0.838560 0.828154 0.944343 -0.045002 0.325871 0.704501 0.761252
  40 1.290001 -0.978560 0.838154 0.663931 -0.231871 0.710937 0.704501 0.778865
  40 1.300001 -0.988560 0.798154 0.932195 -0.139131 0.334148 0.702544 0.778865
knife_butterfly.bmp
  40 1.290001 -0.978560 0.838154 0.663931 -0.231871 0.710937 0.704501 0.778865
  40 1.290001 -1.128561 0.758154 0.679743 -0.300021 0.669281 0.694716 0.796477
  40 1.300001 -0.988560 0.798154 0.932195 -0.139131 0.334148 0.702544 0.778865
knife_butterfly.bmp
  40 1.300001 -0.988560 0.798154 0.932195 -0.139131 0.334148 0.702544 0.778865
  40 1.290001 -1.128561 0.758154 0.679743 -0.300021 0.669281 0.694716 0.796477
  40 1.300001 -1.138561 0.728154 0.932195 -0.139131 0.334148 0.692759 0.796477
knife_butterfly.bmp
  40 1.290001 -1.128561 0.758154 0.679743 -0.300021 0.669281 0.694716 0.796477
  40 1.290001 -1.288561 0.708155 0.706271 -0.195737 0.680344 0.688845 0.814090
  40 1.300001 -1.138561 0.728154 0.932195 -0.139131 0.334148 0.692759 0.796477
knife_butterfly.bmp
  40 1.300001 -1.138561 0.728154 0.932195 -0.139131 0.334148 0.692759 0.796477
  40 1.290001 -1.288561 0.708155 0.706271 -0.195737 0.680344 0.688845 0.814090
  40 1.300001 -1.288561 0.678155 0.944528 -0.087712 0.316502 0.684932 0.814090
knife_butterfly.bmp
  40 1.290001 -1.288561 0.708155 0.706271 -0.195737 0.680344 0.688845 0.814090
  40 1.290001 -1.448561 0.648155 0.706035 -0.106599 0.700108 0.684932 0.833659
  40 1.300001 -1.288561 0.678155 0.944528 -0.087712 0.316502 0.684932 0.814090
knife_butterfly.bmp
  40 1.300001 -1.288561 0.678155 0.944528 -0.087712 0.316502 0.684932 0.814090
  40 1.290001 -1.448561 0.648155 0.706035 -0.106599 0.700108 0.684932 0.833659
  40 1.300001 -1.438561 0.618155 0.944343 -0.045002 0.325871 0.681018 0.835616
knife_butterfly.bmp
  40 1.290001 -1.448561 0.648155 0.706035 -0.106599 0.700108 0.684932 0.833659
  40 1.290001 -1.628561 0.648156 0.700170 -0.034336 0.713150 0.682975 0.855186
  40 1.300001 -1.438561 0.618155 0.944343 -0.045002 0.325871 0.681018 0.835616
knife_butterfly.bmp
  40 1.300001 -1.438561 0.618155 0.944343 -0.045002 0.325871 0.681018 0.835616
  40 1.290001 -1.628561 0.648156 0.700170 -0.034336 0.713150 0.682975 0.855186
  40 1.300001 -1.628561 0.628156 0.944343 -0.045002 0.325871 0.679061 0.855186
knife_butterfly.bmp
  40 1.290001 -1.628561 0.648156 0.700170 -0.034336 0.713150 0.682975 0.855186
  40 1.290001 -1.788561 0.628156 0.699922 0.007504 0.714180 0.682975 0.874755
  40 1.300001 -1.628561 0.628156 0.944343 -0.045002 0.325871 0.679061 0.855186
knife_butterfly.bmp
  40 1.300001 -1.628561 0.628156 0.944343 -0.045002 0.325871 0.679061 0.855186
  40 1.290001 -1.788561 0.628156 0.699922 0.007504 0.714180 0.682975 0.874755
  40 1.300001 -1.788561 0.608156 0.944264 0.004624 0.329157 0.679061 0.876712
knife_butterfly.bmp
  40 1.290001 -1.788561 0.628156 0.699922 0.007504 0.714180 0.682975 0.874755
  40 1.290001 -1.938561 0.658157 0.716274 0.079904 0.693229 0.682975 0.894325
  40 1.300001 -1.788561 0.608156 0.944264 0.004624 0.329157 0.679061 0.876712
knife_butterfly.bmp
  40 1.300001 -1.788561 0.608156 0.944264 0.004624 0.329157 0.679061 0.876712
  40 1.290001 -1.938561 0.658157 0.716274 0.079904 0.693229 0.682975 0.894325
  40 1.300001 -1.938561 0.628157 0.947447 0.039136 0.317510 0.679061 0.894325
knife_butterfly.bmp
  40 1.290001 -1.938561 0.658157 0.716274 0.079904 0.693229 0.682975 0.894325
  40 1.290001 -1.988561 0.658157 0.711122 0.161500 0.684268 0.682975 0.898239
  40 1.300001 -1.938561 0.628157 0.947447 0.039136 0.317510 0.679061 0.894325
knife_butterfly.bmp
  40 1.300001 -1.938561 0.628157 0.947447 0.039136 0.317510 0.679061 0.894325
  40 1.290001 -1.988561 0.658157 0.711122 0.161500 0.684268 0.682975 0.898239
  40 1.300001 -1.998561 0.638157 0.947509 0.092918 0.305929 0.681018 0.898239
knife_butterfly.bmp
  40 1.290001 -1.988561 0.658157 0.711122 0.161500 0.684268 0.682975 0.898239
  40 1.290001 -2.008561 0.668157 0.711122 0.161500 0.684268 0.684932 0.902153
  40 1.300001 -1.998561 0.638157 0.947509 0.092918 0.305929 0.681018 0.898239
knife_butterfly.bmp
  40 1.300001 -1.998561 0.638157 0.947509 0.092918 0.305929 0.681018 0.898239
  40 1.290001 -2.008561 0.668157 0.711122 0.161500 0.684268 0.684932 0.902153
  40 1.300001 -2.018561 0.648157 0.947509 0.092918 0.305929 0.681018 0.904110
knife_butterfly.bmp
  40 1.290001 -2.008561 0.668157 0.711122 0.161500 0.684268 0.684932 0.902153
  40 1.290001 -2.068561 0.678157 0.711122 0.161500 0.684268 0.684932 0.908023
  40 1.300001 -2.018561 0.648157 0.947509 0.092918 0.305929 0.681018 0.904110
knife_butterfly.bmp
  40 1.300001 -2.018561 0.648157 0.947509 0.092918 0.305929 0.681018 0.904110
  40 1.290001 -2.068561 0.678157 0.711122 0.161500 0.684268 0.684932 0.908023
  40 1.300001 -2.078561 0.648157 0.947509 0.092918 0.305929 0.682975 0.908023
knife_butterfly.bmp
  40 1.290001 -2.068561 0.678157 0.711122 0.161500 0.684268 0.684932 0.908023
  40 1.300001 -2.108561 0.658157 0.947509 0.092918 0.305929 0.682975 0.911937
  40 1.300001 -2.078561 0.648157 0.947509 0.092918 0.305929 0.682975 0.908023
knife_butterfly.bmp
  37 1.250000 -0.860000 1.360001 0.301619 -0.265502 0.915715 0.479452 0.812133
  37 1.250000 -0.940000 1.340001 0.306783 -0.188421 0.932942 0.477495 0.821918
  37 1.270000 -0.860000 1.360001 0.702435 -0.197470 0.683806 0.479452 0.812133
knife_butterfly.bmp
  37 1.270000 -0.860000 1.360001 0.702435 -0.197470 0.683806 0.479452 0.812133
  37 1.250000 -0.940000 1.340001 0.306783 -0.188421 0.932942 0.477495 0.821918
  37 1.270000 -0.940000 1.330001 0.705072 -0.138242 0.695530 0.475538 0.821918
knife_butterfly.bmp
  37 1.250000 -0.940000 1.340001 0.306783 -0.188421 0.932942 0.477495 0.821918
  37 1.250000 -1.020000 1.330001 0.304140 -0.128447 0.943928 0.475538 0.831703
  37 1.270000 -0.940000 1.330001 0.705072 -0.138242 0.695530 0.475538 0.821918
knife_butterfly.bmp
  37 1.270000 -0.940000 1.330001 0.705072 -0.138242 0.695530 0.475538 0.821918
  37 1.250000 -1.020000 1.330001 0.304140 -0.128447 0.943928 0.475538 0.831703
  37 1.270000 -1.030000 1.320001 0.701111 -0.093793 0.706857 0.475538 0.831703
knife_butterfly.bmp
  37 1.250000 -1.020000 1.330001 0.304140 -0.128447 0.943928 0.475538 0.831703
  37 1.250000 -1.110000 1.320001 0.302156 -0.071115 0.950602 0.475538 0.841487
  37 1.270000 -1.030000 1.320001 0.701111 -0.093793 0.706857 0.475538 0.831703
knife_butterfly.bmp
  37 1.270000 -1.030000 1.320001 0.701111 -0.093793 0.706857 0.475538 0.831703
  37 1.250000 -1.110000 1.320001 0.302156 -0.071115 0.950602 0.475538 0.841487
  37 1.270000 -1.110000 1.310001 0.701117 -0.050628 0.711247 0.473581 0.841487
knife_butterfly.bmp
  37 1.250000 -1.110000 1.320001 0.302156 -0.071115 0.950602 0.475538 0.841487
  37 1.250000 -1.200000 1.320001 0.301705 -0.014593 0.953290 0.473581 0.851272
  37 1.270000 -1.110000 1.310001 0.701117 -0.050628 0.711247 0.473581 0.841487
knife_butterfly.bmp
  37 1.270000 -1.110000 1.310001 0.701117 -0.050628 0.711247 0.473581 0.841487
  37 1.250000 -1.200000 1.320001 0.301705 -0.014593 0.953290 0.473581 0.851272
  37 1.270000 -1.200000 1.310001 0.699928 0.019939 0.713935 0.473581 0.851272
knife_butterfly.bmp
  37 1.250000 -1.200000 1.320001 0.301705 -0.014593 0.953290 0.473581 0.851272
  37 1.250000 -1.360000 1.320001 0.303237 0.025479 0.952574 0.473581 0.870841
  37 1.270000 -1.200000 1.310001 0.699928 0.019939 0.713935 0.473581 0.851272
knife_butterfly.bmp
  37 1.270000 -1.200000 1.310001 0.699928 0.019939 0.713935 0.473581 0.851272
  37 1.250000 -1.360000 1.320001 0.303237 0.025479 0.952574 0.473581 0.870841
  37 1.270000 -1.370000 1.310001 0.699928 0.019939 0.713935 0.473581 0.870841
knife_butterfly.bmp
  37 1.250000 -1.360000 1.320001 0.303237 0.025479 0.952574 0.473581 0.870841
  37 1.250000 -1.520000 1.330001 0.311852 0.123105 0.942122 0.475538 0.888454
  37 1.270000 -1.370000 1.310001 0.699928 0.019939 0.713935 0.473581 0.870841
knife_butterfly.bmp
  37 1.270000 -1.370000 1.310001 0.699928 0.019939 0.713935 0.473581 0.870841
  37 1.250000 -1.520000 1.330001 0.311852 0.123105 0.942122 0.475538 0.888454
  37 1.270000 -1.520000 1.320001 0.716282 0.091959 0.691725 0.473581 0.890411
knife_butterfly.bmp
  37 1.250000 -1.520000 1.330001 0.311852 0.123105 0.942122 0.475538 0.888454
  37 1.250000 -1.540000 1.330001 0.316017 0.206053 0.926108 0.475538 0.894325
  37 1.270000 -1.520000 1.320001 0.716282 0.091959 0.691725 0.473581 0.890411
knife_butterfly.bmp
  37 1.270000 -1.520000 1.320001 0.716282 0.091959 0.691725 0.473581 0.890411
  37 1.250000 -1.540000 1.330001 0.316017 0.206053 0.926108 0.475538 0.894325
  37 1.270000 -1.540000 1.330001 0.706989 0.153500 0.690365 0.475538 0.894325
knife_butterfly.bmp
  37 1.250000 -1.540000 1.330001 0.316017 0.206053 0.926108 0.475538 0.894325
  37 1.250000 -1.600000 1.320001 0.316017 0.206053 0.926108 0.477495 0.898239
  37 1.270000 -1.540000 1.330001 0.706989 0.153500 0.690365 0.475538 0.894325
knife_butterfly.bmp
  37 1.270000 -1.540000 1.330001 0.706989 0.153500 0.690365 0.475538 0.894325
  37 1.250000 -1.600000 1.320001 0.316017 0.206053 0.926108 0.477495 0.898239
  37 1.270000 -1.600000 1.310001 0.706989 0.153500 0.690365 0.475538 0.898239
knife_butterfly.bmp
  37 1.250000 -1.600000 1.320001 0.316017 0.206053 0.926108 0.477495 0.898239
  37 1.250000 -1.630000 1.330001 0.316017 0.206053 0.926108 0.477495 0.902153
  37 1.270000 -1.600000 1.310001 0.706989 0.153500 0.690365 0.475538 0.898239
knife_butterfly.bmp
  37 1.270000 -1.600000 1.310001 0.706989 0.153500 0.690365 0.475538 0.898239
  37 1.250000 -1.630000 1.330001 0.316017 0.206053 0.926108 0.477495 0.902153
  37 1.270000 -1.640000 1.320001 0.706989 0.153500 0.690365 0.477495 0.902153
knife_butterfly.bmp
  37 1.250000 -1.630000 1.330001 0.316017 0.206053 0.926108 0.477495 0.902153
  37 1.270000 -1.650000 1.330001 0.706989 0.153500 0.690365 0.477495 0.908023
  37 1.270000 -1.640000 1.320001 0.706989 0.153500 0.690365 0.477495 0.902153
knife_butterfly.bmp
  37 1.270000 -1.640000 1.320001 0.706989 0.153500 0.690365 0.477495 0.902153
  37 1.270000 -1.650000 1.330001 0.706989 0.153500 0.690365 0.477495 0.908023
  37 1.280000 -1.660000 1.300001 0.948621 0.078301 0.306573 0.475538 0.908023
knife_butterfly.bmp
  37 1.270000 -1.650000 1.330001 0.706989 0.153500 0.690365 0.477495 0.908023
  37 1.280000 -1.720000 1.320001 0.948621 0.078301 0.306573 0.477495 0.913894
  37 1.280000 -1.660000 1.300001 0.948621 0.078301 0.306573 0.475538 0.908023
knife_butterfly.bmp
  40 0.690001 -2.108561 0.658156 -0.947522 0.069673 0.312006 0.682975 0.911937
  40 0.700001 -2.068561 0.678156 -0.692835 0.151263 0.705052 0.684932 0.908023
  40 0.690001 -2.078561 0.648156 -0.947522 0.069673 0.312006 0.682975 0.908023
knife_butterfly.bmp
  40 0.690001 -2.078561 0.648156 -0.947522 0.069673 0.312006 0.682975 0.908023
  40 0.700001 -2.068561 0.678156 -0.692835 0.151263 0.705052 0.684932 0.908023
  40 0.690001 -2.018561 0.648156 -0.947522 0.069673 0.312006 0.681018 0.904110
knife_butterfly.bmp
  40 0.700001 -2.068561 0.678156 -0.692835 0.151263 0.705052 0.684932 0.908023
  40 0.700001 -2.008561 0.668156 -0.692835 0.151263 0.705052 0.684932 0.902153
  40 0.690001 -2.018561 0.648156 -0.947522 0.069673 0.312006 0.681018 0.904110
knife_butterfly.bmp
  40 0.690001 -2.018561 0.648156 -0.947522 0.069673 0.312006 0.681018 0.904110
  40 0.700001 -2.008561 0.668156 -0.692835 0.151263 0.705052 0.684932 0.902153
  40 0.670001 -1.998561 0.638155 -0.947522 0.069673 0.312006 0.681018 0.898239
knife_butterfly.bmp
  40 0.700001 -2.008561 0.668156 -0.692835 0.151263 0.705052 0.684932 0.902153
  40 0.700001 -1.988561 0.658155 -0.692835 0.151263 0.705052 0.682975 0.898239
  40 0.670001 -1.998561 0.638155 -0.947522 0.069673 0.312006 0.681018 0.898239
knife_butterfly.bmp
  40 0.670001 -1.998561 0.638155 -0.947522 0.069673 0.312006 0.681018 0.898239
  40 0.700001 -1.988561 0.658155 -0.692835 0.151263 0.705052 0.682975 0.898239
  40 0.670001 -1.938561 0.628155 -0.947522 0.069673 0.312006 0.679061 0.894325
knife_butterfly.bmp
  40 0.700001 -1.988561 0.658155 -0.692835 0.151263 0.705052 0.682975 0.898239
  40 0.700001 -1.938561 0.658155 -0.716283 0.079907 0.693219 0.682975 0.894325
  40 0.670001 -1.938561 0.628155 -0.947522 0.069673 0.312006 0.679061 0.894325
knife_butterfly.bmp
  40 0.670001 -1.938561 0.628155 -0.947522 0.069673 0.312006 0.679061 0.894325
  40 0.700001 -1.938561 0.658155 -0.716283 0.079907 0.693219 0.682975 0.894325
  40 0.670001 -1.788561 0.628155 -0.944261 0.004625 0.329164 0.679061 0.876712
knife_butterfly.bmp
  40 0.700001 -1.938561 0.658155 -0.716283 0.079907 0.693219 0.682975 0.894325
  40 0.700001 -1.798561 0.648155 -0.699932 0.007504 0.714170 0.682975 0.874755
  40 0.670001 -1.788561 0.628155 -0.944261 0.004625 0.329164 0.679061 0.876712
knife_butterfly.bmp
  40 0.670001 -1.788561 0.628155 -0.944261 0.004625 0.329164 0.679061 0.876712
  40 0.700001 -1.798561 0.648155 -0.699932 0.007504 0.714170 0.682975 0.874755
  40 0.670001 -1.628561 0.628154 -0.944261 0.004625 0.329164 0.679061 0.855186
knife_butterfly.bmp
  40 0.700001 -1.798561 0.648155 -0.699932 0.007504 0.714170 0.682975 0.874755
  40 0.700001 -1.628561 0.648155 -0.700171 -0.034336 0.713149 0.682975 0.855186
  40 0.670001 -1.628561 0.628154 -0.944261 0.004625 0.329164 0.679061 0.855186
knife_butterfly.bmp
  40 0.670001 -1.628561 0.628154 -0.944261 0.004625 0.329164 0.679061 0.855186
  40 0.700001 -1.628561 0.648155 -0.700171 -0.034336 0.713149 0.682975 0.855186
  40 0.670001 -1.438561 0.638154 -0.944333 -0.045007 0.325898 0.681018 0.835616
knife_butterfly.bmp
  40 0.700001 -1.628561 0.648155 -0.700171 -0.034336 0.713149 0.682975 0.855186
  40 0.700001 -1.458561 0.658154 -0.706038 -0.106602 0.700104 0.684932 0.833659
  40 0.670001 -1.438561 0.638154 -0.944333 -0.045007 0.325898 0.681018 0.835616
knife_butterfly.bmp
  40 0.670001 -1.438561 0.638154 -0.944333 -0.045007 0.325898 0.681018 0.835616
  40 0.700001 -1.458561 0.658154 -0.706038 -0.106602 0.700104 0.684932 0.833659
  40 0.690001 -1.288561 0.678154 -0.944525 -0.087720 0.316510 0.684932 0.814090
knife_butterfly.bmp
  40 0.700001 -1.458561 0.658154 -0.706038 -0.106602 0.700104 0.684932 0.833659
  40 0.700001 -1.288561 0.708154 -0.706281 -0.195738 0.680333 0.688845 0.814090
  40 0.690001 -1.288561 0.678154 -0.944525 -0.087720 0.316510 0.684932 0.814090
knife_butterfly.bmp
  40 0.690001 -1.288561 0.678154 -0.944525 -0.087720 0.316510 0.684932 0.814090
  40 0.700001 -1.288561 0.708154 -0.706281 -0.195738 0.680333 0.688845 0.814090
  40 0.690001 -1.138561 0.708153 -0.932195 -0.139136 0.334146 0.692759 0.796477
knife_butterfly.bmp
  40 0.700001 -1.288561 0.708154 -0.706281 -0.195738 0.680333 0.688845 0.814090
  40 0.700001 -1.128561 0.738153 -0.679757 -0.300018 0.669268 0.694716 0.796477
  40 0.690001 -1.138561 0.708153 -0.932195 -0.139136 0.334146 0.692759 0.796477
knife_butterfly.bmp
  40 0.690001 -1.138561 0.708153 -0.932195 -0.139136 0.334146 0.692759 0.796477
  40 0.700001 -1.128561 0.738153 -0.679757 -0.300018 0.669268 0.694716 0.796477
  40 0.690001 -0.988560 0.818153 -0.932195 -0.139136 0.334146 0.702544 0.778865
knife_butterfly.bmp
  40 0.700001 -1.128561 0.738153 -0.679757 -0.300018 0.669268 0.694716 0.796477
  40 0.700001 -0.978560 0.838153 -0.663931 -0.231870 0.710937 0.704501 0.778865
  40 0.690001 -0.988560 0.818153 -0.932195 -0.139136 0.334146 0.702544 0.778865
knife_butterfly.bmp
  40 0.690001 -0.988560 0.818153 -0.932195 -0.139136 0.334146 0.702544 0.778865
  40 0.700001 -0.978560 0.838153 -0.663931 -0.231870 0.710937 0.704501 0.778865
  40 0.690001 -0.838560 0.818152 -0.944333 -0.045007 0.325898 0.704501 0.761252
knife_butterfly.bmp
  40 0.700001 -0.978560 0.838153 -0.663931 -0.231870 0.710937 0.704501 0.778865
  40 0.700001 -0.828560 0.848152 -0.706038 -0.106602 0.700104 0.706458 0.761252
  40 0.690001 -0.838560 0.818152 -0.944333 -0.045007 0.325898 0.704501 0.761252
knife_butterfly.bmp
  37 0.690000 -1.720000 1.320001 -0.948638 0.068540 0.308850 0.475538 0.913894
  37 0.690000 -1.650000 1.330001 -0.711124 0.173390 0.681350 0.477495 0.908023
  37 0.690000 -1.660000 1.300001 -0.948638 0.068540 0.308850 0.473581 0.908023
knife_butterfly.bmp
  37 0.690000 -1.660000 1.300001 -0.948638 0.068540 0.308850 0.473581 0.908023
  37 0.690000 -1.650000 1.330001 -0.711124 0.173390 0.681350 0.477495 0.908023
  37 0.690000 -1.640000 1.320001 -0.683217 0.151905 0.714240 0.475538 0.902153
knife_butterfly.bmp
  37 0.690000 -1.650000 1.330001 -0.711124 0.173390 0.681350 0.477495 0.908023
  37 0.710000 -1.630000 1.330001 -0.311921 0.197627 0.929327 0.477495 0.902153
  37 0.690000 -1.640000 1.320001 -0.683217 0.151905 0.714240 0.475538 0.902153
knife_butterfly.bmp
  37 0.690000 -1.640000 1.320001 -0.683217 0.151905 0.714240 0.475538 0.902153
  37 0.710000 -1.630000 1.330001 -0.311921 0.197627 0.929327 0.477495 0.902153
  37 0.690000 -1.600000 1.310001 -0.683217 0.151905 0.714240 0.475538 0.898239
knife_butterfly.bmp
  37 0.710000 -1.630000 1.330001 -0.311921 0.197627 0.929327 0.477495 0.902153
  37 0.710000 -1.600000 1.320001 -0.311921 0.197627 0.929327 0.475538 0.898239
  37 0.690000 -1.600000 1.310001 -0.683217 0.151905 0.714240 0.475538 0.898239
knife_butterfly.bmp
  37 0.690000 -1.600000 1.310001 -0.683217 0.151905 0.714240 0.475538 0.898239
  37 0.710000 -1.600000 1.320001 -0.311921 0.197627 0.929327 0.475538 0.898239
  37 0.690000 -1.540000 1.330001 -0.683217 0.151905 0.714240 0.473581 0.894325
knife_butterfly.bmp
  37 0.710000 -1.600000 1.320001 -0.311921 0.197627 0.929327 0.475538 0.898239
  37 0.710000 -1.540000 1.330001 -0.311921 0.197627 0.929327 0.475538 0.894325
  37 0.690000 -1.540000 1.330001 -0.683217 0.151905 0.714240 0.473581 0.894325
knife_butterfly.bmp
  37 0.690000 -1.540000 1.330001 -0.683217 0.151905 0.714240 0.473581 0.894325
  37 0.710000 -1.540000 1.330001 -0.311921 0.197627 0.929327 0.475538 0.894325
  37 0.690000 -1.520000 1.320001 -0.716274 0.091965 0.691733 0.473581 0.890411
knife_butterfly.bmp
  37 0.710000 -1.540000 1.330001 -0.311921 0.197627 0.929327 0.475538 0.894325
  37 0.710000 -1.520000 1.330001 -0.311824 0.123117 0.942129 0.473581 0.888454
  37 0.690000 -1.520000 1.320001 -0.716274 0.091965 0.691733 0.473581 0.890411
knife_butterfly.bmp
  37 0.690000 -1.520000 1.320001 -0.716274 0.091965 0.691733 0.473581 0.890411
  37 0.710000 -1.520000 1.330001 -0.311824 0.123117 0.942129 0.473581 0.888454
  37 0.690000 -1.370000 1.310001 -0.698994 -0.009275 0.715067 0.471624 0.870841
knife_butterfly.bmp
  37 0.710000 -1.520000 1.330001 -0.311824 0.123117 0.942129 0.473581 0.888454
  37 0.710000 -1.360000 1.320001 -0.303234 0.025477 0.952575 0.473581 0.870841
  37 0.690000 -1.370000 1.310001 -0.698994 -0.009275 0.715067 0.471624 0.870841
knife_butterfly.bmp
  37 0.690000 -1.370000 1.310001 -0.698994 -0.009275 0.715067 0.471624 0.870841
  37 0.710000 -1.360000 1.320001 -0.303234 0.025477 0.952575 0.473581 0.870841
  37 0.690000 -1.200000 1.310001 -0.698994 -0.009275 0.715067 0.471624 0.851272
knife_butterfly.bmp
  37 0.710000 -1.360000 1.320001 -0.303234 0.025477 0.952575 0.473581 0.870841
  37 0.710000 -1.200000 1.320001 -0.301673 -0.014591 0.953300 0.473581 0.851272
  37 0.690000 -1.200000 1.310001 -0.698994 -0.009275 0.715067 0.471624 0.851272
knife_butterfly.bmp
  37 0.690000 -1.200000 1.310001 -0.698994 -0.009275 0.715067 0.471624 0.851272
  37 0.710000 -1.200000 1.320001 -0.301673 -0.014591 0.953300 0.473581 0.851272
  37 0.690000 -1.110000 1.310001 -0.701105 -0.050629 0.711258 0.471624 0.841487
knife_butterfly.bmp
  37 0.710000 -1.200000 1.320001 -0.301673 -0.014591 0.953300 0.473581 0.851272
  37 0.710000 -1.110000 1.320001 -0.302125 -0.071116 0.950612 0.473581 0.841487
  37 0.690000 -1.110000 1.310001 -0.701105 -0.050629 0.711258 0.471624 0.841487
knife_butterfly.bmp
  37 0.690000 -1.110000 1.310001 -0.701105 -0.050629 0.711258 0.471624 0.841487
  37 0.710000 -1.110000 1.320001 -0.302125 -0.071116 0.950612 0.473581 0.841487
  37 0.690000 -1.030000 1.320001 -0.683229 -0.101530 0.723111 0.473581 0.831703
knife_butterfly.bmp
  37 0.710000 -1.110000 1.320001 -0.302125 -0.071116 0.950612 0.473581 0.841487
  37 0.710000 -1.020000 1.330001 -0.311919 -0.132130 0.940876 0.473581 0.831703
  37 0.690000 -1.030000 1.320001 -0.683229 -0.101530 0.723111 0.473581 0.831703
knife_butterfly.bmp
  37 0.690000 -1.030000 1.320001 -0.683229 -0.101530 0.723111 0.473581 0.831703
  37 0.710000 -1.020000 1.330001 -0.311919 -0.132130 0.940876 0.473581 0.831703
  37 0.690000 -0.940000 1.330001 -0.705079 -0.138246 0.695523 0.475538 0.821918
knife_butterfly.bmp
  37 0.710000 -1.020000 1.330001 -0.311919 -0.132130 0.940876 0.473581 0.831703
  37 0.710000 -0.940000 1.340001 -0.306805 -0.188429 0.932934 0.475538 0.821918
  37 0.690000 -0.940000 1.330001 -0.705079 -0.138246 0.695523 0.475538 0.821918
knife_butterfly.bmp
  37 0.690000 -0.940000 1.330001 -0.705079 -0.138246 0.695523 0.475538 0.821918
  37 0.710000 -0.940000 1.340001 -0.306805 -0.188429 0.932934 0.475538 0.821918
  37 0.690000 -0.860000 1.360001 -0.702421 -0.197471 0.683820 0.477495 0.812133
knife_butterfly.bmp
  37 0.710000 -0.940000 1.340001 -0.306805 -0.188429 0.932934 0.475538 0.821918
  37 0.710000 -0.860000 1.360001 -0.301583 -0.265498 0.915728 0.477495 0.812133
  37 0.690000 -0.860000 1.360001 -0.702421 -0.197471 0.683820 0.477495 0.812133
knife_butterfly.bmp
  39 1.038072 -1.579112 0.607266 0.653992 0.554865 -0.514217 0.275930 0.412916
  39 1.018072 -1.579112 0.607266 0.099238 0.488255 -0.867040 0.277886 0.412916
  39 1.058072 -1.479112 0.647266 0.213751 0.578099 -0.787472 0.275930 0.422701
knife_butterfly.bmp
  39 1.058072 -1.479112 0.647266 0.213751 0.578099 -0.787472 0.275930 0.422701
  39 1.018072 -1.579112 0.607266 0.099238 0.488255 -0.867040 0.277886 0.412916
  39 1.038072 -1.479112 0.647266 0.107338 0.595970 -0.795800 0.277886 0.422701
knife_butterfly.bmp
  39 1.018072 -1.579112 0.607266 0.099238 0.488255 -0.867040 0.277886 0.412916
  39 0.978072 -1.479112 0.637266 0.000002 0.596123 -0.802893 0.285714 0.422701
  39 1.038072 -1.479112 0.647266 0.107338 0.595970 -0.795800 0.277886 0.422701
knife_butterfly.bmp
  39 1.038072 -1.479112 0.647266 0.107338 0.595970 -0.795800 0.277886 0.422701
  39 0.978072 -1.479112 0.637266 0.000002 0.596123 -0.802893 0.285714 0.422701
  39 1.038072 -1.419112 0.737266 0.114581 0.803399 -0.584313 0.277886 0.434442
knife_butterfly.bmp
  39 0.978072 -1.479112 0.637266 0.000002 0.596123 -0.802893 0.285714 0.422701
  39 0.978072 -1.419112 0.737266 0.000001 0.810202 -0.586151 0.285714 0.434442
  39 1.038072 -1.419112 0.737266 0.114581 0.803399 -0.584313 0.277886 0.434442
knife_butterfly.bmp
  39 1.038072 -1.419112 0.737266 0.114581 0.803399 -0.584313 0.277886 0.434442
  39 0.978072 -1.419112 0.737266 0.000001 0.810202 -0.586151 0.285714 0.434442
  39 1.038072 -1.389112 0.807266 0.111629 0.943593 -0.311724 0.277886 0.442270
knife_butterfly.bmp
  39 0.978072 -1.419112 0.737266 0.000001 0.810202 -0.586151 0.285714 0.434442
  39 0.978072 -1.389112 0.807266 0.000001 0.949290 -0.314401 0.285714 0.442270
  39 1.038072 -1.389112 0.807266 0.111629 0.943593 -0.311724 0.277886 0.442270
knife_butterfly.bmp
  39 1.038072 -1.389112 0.807266 0.111629 0.943593 -0.311724 0.277886 0.442270
  39 0.978072 -1.389112 0.807266 0.000001 0.949290 -0.314401 0.285714 0.442270
  39 1.038071 -1.349111 0.887266 0.100829 0.987927 -0.117613 0.277886 0.450098
knife_butterfly.bmp
  39 0.978072 -1.389112 0.807266 0.000001 0.949290 -0.314401 0.285714 0.442270
  39 0.978072 -1.349111 0.887266 0.000000 0.992882 -0.119100 0.285714 0.450098
  39 1.038071 -1.349111 0.887266 0.100829 0.987927 -0.117613 0.277886 0.450098
knife_butterfly.bmp
  39 1.038071 -1.349111 0.887266 0.100829 0.987927 -0.117613 0.277886 0.450098
  39 0.978072 -1.349111 0.887266 0.000000 0.992882 -0.119100 0.285714 0.450098
  39 1.018071 -1.349111 1.007266 0.095356 0.990604 0.098035 0.277886 0.461840
knife_butterfly.bmp
  39 0.978072 -1.349111 0.887266 0.000000 0.992882 -0.119100 0.285714 0.450098
  39 0.968071 -1.349111 1.007266 0.000000 0.995809 0.091454 0.285714 0.461840
  39 1.018071 -1.349111 1.007266 0.095356 0.990604 0.098035 0.277886 0.461840
knife_butterfly.bmp
  39 1.018071 -1.349111 1.007266 0.095356 0.990604 0.098035 0.277886 0.461840
  39 0.968071 -1.349111 1.007266 0.000000 0.995809 0.091454 0.285714 0.461840
  39 1.018071 -1.369111 1.107266 0.110065 0.920189 0.375683 0.277886 0.471624
knife_butterfly.bmp
  39 0.968071 -1.349111 1.007266 0.000000 0.995809 0.091454 0.285714 0.461840
  39 0.968071 -1.369111 1.107266 -0.000001 0.929286 0.369360 0.285714 0.471624
  39 1.018071 -1.369111 1.107266 0.110065 0.920189 0.375683 0.277886 0.471624
knife_butterfly.bmp
  39 1.018071 -1.369111 1.107266 0.110065 0.920189 0.375683 0.277886 0.471624
  39 0.968071 -1.369111 1.107266 -0.000001 0.929286 0.369360 0.285714 0.471624
  39 1.038071 -1.449111 1.167266 0.085338 0.761661 0.642331 0.277886 0.483366
knife_butterfly.bmp
  39 0.968071 -1.369111 1.107266 -0.000001 0.929286 0.369360 0.285714 0.471624
  39 0.978071 -1.449111 1.187266 -0.000002 0.746920 0.664914 0.285714 0.483366
  39 1.038071 -1.449111 1.167266 0.085338 0.761661 0.642331 0.277886 0.483366
knife_butterfly.bmp
  39 1.038071 -1.449111 1.167266 0.085338 0.761661 0.642331 0.277886 0.483366
  39 0.978071 -1.449111 1.187266 -0.000002 0.746920 0.664914 0.285714 0.483366
  39 1.038071 -1.529111 1.247266 0.113647 0.479504 0.870149 0.277886 0.495108
knife_butterfly.bmp
  39 0.978071 -1.449111 1.187266 -0.000002 0.746920 0.664914 0.285714 0.483366
  39 0.978071 -1.529111 1.247266 -0.000002 0.474476 0.880269 0.285714 0.495108
  39 1.038071 -1.529111 1.247266 0.113647 0.479504 0.870149 0.277886 0.495108
knife_butterfly.bmp
  39 1.038071 -1.529111 1.247266 0.113647 0.479504 0.870149 0.277886 0.495108
  39 0.978071 -1.529111 1.247266 -0.000002 0.474476 0.880269 0.285714 0.495108
  39 1.038071 -1.659110 1.307267 0.035781 0.241228 0.969809 0.277886 0.508806
knife_butterfly.bmp
  39 0.978071 -1.529111 1.247266 -0.000002 0.474476 0.880269 0.285714 0.495108
  39 0.978071 -1.659110 1.307266 -0.000002 0.204501 0.978866 0.285714 0.508806
  39 1.038071 -1.659110 1.307267 0.035781 0.241228 0.969809 0.277886 0.508806
knife_butterfly.bmp
  39 0.888073 -2.109113 0.377267 -0.092537 -0.830853 0.548745 0.295499 0.174168
  39 0.888073 -2.199113 0.317267 -0.226050 -0.646433 0.728715 0.295499 0.183953
  39 0.908073 -2.109113 0.387267 -0.052924 -0.934444 0.352155 0.293542 0.174168
knife_butterfly.bmp
  39 0.908073 -2.109113 0.387267 -0.052924 -0.934444 0.352155 0.293542 0.174168
  39 0.888073 -2.199113 0.317267 -0.226050 -0.646433 0.728715 0.295499 0.183953
  39 0.918073 -2.209113 0.327268 -0.116168 -0.657601 0.744356 0.293542 0.183953
knife_butterfly.bmp
  39 0.888073 -2.199113 0.317267 -0.226050 -0.646433 0.728715 0.295499 0.183953
  39 0.888073 -2.269113 0.237268 -0.232614 -0.787974 0.570077 0.295499 0.193738
  39 0.918073 -2.209113 0.327268 -0.116168 -0.657601 0.744356 0.293542 0.183953
knife_butterfly.bmp
  39 0.918073 -2.209113 0.327268 -0.116168 -0.657601 0.744356 0.293542 0.183953
  39 0.888073 -2.269113 0.237268 -0.232614 -0.787974 0.570077 0.295499 0.193738
  39 0.918073 -2.279113 0.247268 -0.116179 -0.804711 0.582188 0.293542 0.193738
knife_butterfly.bmp
  39 0.888073 -2.269113 0.237268 -0.232614 -0.787974 0.570077 0.295499 0.193738
  39 0.888073 -2.299113 0.157268 -0.232612 -0.892940 0.385422 0.295499 0.203523
  39 0.918073 -2.279113 0.247268 -0.116179 -0.804711 0.582188 0.293542 0.193738
knife_butterfly.bmp
  39 0.918073 -2.279113 0.247268 -0.116179 -0.804711 0.582188 0.293542 0.193738
  39 0.888073 -2.299113 0.157268 -0.232612 -0.892940 0.385422 0.295499 0.203523
  39 0.918073 -2.309113 0.157268 -0.116175 -0.911909 0.393606 0.293542 0.203523
knife_butterfly.bmp
  39 0.888073 -2.299113 0.157268 -0.232612 -0.892940 0.385422 0.295499 0.203523
  39 0.868073 -2.329113 0.057268 -0.232637 -0.955682 0.180424 0.295499 0.213307
  39 0.918073 -2.309113 0.157268 -0.116175 -0.911909 0.393606 0.293542 0.203523
knife_butterfly.bmp
  39 0.918073 -2.309113 0.157268 -0.116175 -0.911909 0.393606 0.293542 0.203523
  39 0.868073 -2.329113 0.057268 -0.232637 -0.955682 0.180424 0.295499 0.213307
  39 0.898073 -2.339113 0.057268 -0.116167 -0.975990 0.184250 0.293542 0.213307
knife_butterfly.bmp
  39 0.868073 -2.329113 0.057268 -0.232637 -0.955682 0.180424 0.295499 0.213307
  39 0.868073 -2.339113 -0.042732 -0.232651 -0.971811 -0.038173 0.295499 0.223092
  39 0.898073 -2.339113 0.057268 -0.116167 -0.975990 0.184250 0.293542 0.213307
knife_butterfly.bmp
  39 0.898073 -2.339113 0.057268 -0.116167 -0.975990 0.184250 0.293542 0.213307
  39 0.868073 -2.339113 -0.042732 -0.232651 -0.971811 -0.038173 0.295499 0.223092
  39 0.898073 -2.349113 -0.042732 -0.116150 -0.992466 -0.038990 0.293542 0.223092
knife_butterfly.bmp
  39 0.868073 -2.339113 -0.042732 -0.232651 -0.971811 -0.038173 0.295499 0.223092
  39 0.888074 -2.339114 -0.152732 -0.232645 -0.937712 -0.258015 0.295499 0.232877
  39 0.898073 -2.349113 -0.042732 -0.116150 -0.992466 -0.038990 0.293542 0.223092
knife_butterfly.bmp
  39 0.898073 -2.349113 -0.042732 -0.116150 -0.992466 -0.038990 0.293542 0.223092
  39 0.888074 -2.339114 -0.152732 -0.232645 -0.937712 -0.258015 0.295499 0.232877
  39 0.918074 -2.349114 -0.152732 -0.116146 -0.957642 -0.263498 0.293542 0.232877
knife_butterfly.bmp
  39 0.888074 -2.339114 -0.152732 -0.232645 -0.937712 -0.258015 0.295499 0.232877
  39 0.888074 -2.279114 -0.252732 -0.232631 -0.854548 -0.464360 0.295499 0.242661
  39 0.918074 -2.349114 -0.152732 -0.116146 -0.957642 -0.263498 0.293542 0.232877
knife_butterfly.bmp
  39 0.918074 -2.349114 -0.152732 -0.116146 -0.957642 -0.263498 0.293542 0.232877
  39 0.888074 -2.279114 -0.252732 -0.232631 -0.854548 -0.464360 0.295499 0.242661
  39 0.918074 -2.289114 -0.252732 -0.116146 -0.872709 -0.474224 0.293542 0.242661
knife_butterfly.bmp
  39 0.888074 -2.279114 -0.252732 -0.232631 -0.854548 -0.464360 0.295499 0.242661
  39 0.888074 -2.219114 -0.332733 -0.232623 -0.728865 -0.643927 0.295499 0.252446
  39 0.918074 -2.289114 -0.252732 -0.116146 -0.872709 -0.474224 0.293542 0.242661
knife_butterfly.bmp
  39 0.918074 -2.289114 -0.252732 -0.116146 -0.872709 -0.474224 0.293542 0.242661
  39 0.888074 -2.219114 -0.332733 -0.232623 -0.728865 -0.643927 0.295499 0.252446
  39 0.908074 -2.229114 -0.342732 -0.116163 -0.744351 -0.657607 0.293542 0.252446
knife_butterfly.bmp
  39 0.888074 -2.219114 -0.332733 -0.232623 -0.728865 -0.643927 0.295499 0.252446
  39 0.868074 -2.149114 -0.402733 -0.239369 -0.600726 -0.762778 0.295499 0.262231
  39 0.908074 -2.229114 -0.342732 -0.116163 -0.744351 -0.657607 0.293542 0.252446
knife_butterfly.bmp
  39 0.908074 -2.229114 -0.342732 -0.116163 -0.744351 -0.657607 0.293542 0.252446
  39 0.868074 -2.149114 -0.402733 -0.239369 -0.600726 -0.762778 0.295499 0.262231
  39 0.898074 -2.149114 -0.412733 -0.116446 -0.619214 -0.776540 0.293542 0.262231
knife_butterfly.bmp
  39 0.868074 -2.149114 -0.402733 -0.239369 -0.600726 -0.762778 0.295499 0.262231
  39 0.898074 -2.119114 -0.432733 -0.125430 -0.489671 -0.862838 0.293542 0.266145
  39 0.898074 -2.149114 -0.412733 -0.116446 -0.619214 -0.776540 0.293542 0.262231
knife_butterfly.bmp
  39 0.998074 -2.119114 -0.432733 0.125434 -0.489671 -0.862837 0.279843 0.266145
  39 1.028074 -2.149114 -0.402732 0.239372 -0.600726 -0.762777 0.277886 0.262231
  39 0.998074 -2.149114 -0.412732 0.116450 -0.619214 -0.776540 0.279843 0.262231
knife_butterfly.bmp
  39 0.998074 -2.149114 -0.412732 0.116450 -0.619214 -0.776540 0.279843 0.262231
  39 1.028074 -2.149114 -0.402732 0.239372 -0.600726 -0.762777 0.277886 0.262231
  39 1.018074 -2.229114 -0.342732 0.116165 -0.744351 -0.657607 0.279843 0.252446
knife_butterfly.bmp
  39 1.028074 -2.149114 -0.402732 0.239372 -0.600726 -0.762777 0.277886 0.262231
  39 1.048074 -2.219114 -0.332732 0.232625 -0.728865 -0.643926 0.277886 0.252446
  39 1.018074 -2.229114 -0.342732 0.116165 -0.744351 -0.657607 0.279843 0.252446
knife_butterfly.bmp
  39 1.018074 -2.229114 -0.342732 0.116165 -0.744351 -0.657607 0.279843 0.252446
  39 1.048074 -2.219114 -0.332732 0.232625 -0.728865 -0.643926 0.277886 0.252446
  39 1.018074 -2.289114 -0.252732 0.116148 -0.872709 -0.474224 0.279843 0.242661
knife_butterfly.bmp
  39 1.048074 -2.219114 -0.332732 0.232625 -0.728865 -0.643926 0.277886 0.252446
  39 1.048074 -2.279114 -0.252732 0.232633 -0.854548 -0.464359 0.277886 0.242661
  39 1.018074 -2.289114 -0.252732 0.116148 -0.872709 -0.474224 0.279843 0.242661
knife_butterfly.bmp
  39 1.018074 -2.289114 -0.252732 0.116148 -0.872709 -0.474224 0.279843 0.242661
  39 1.048074 -2.279114 -0.252732 0.232633 -0.854548 -0.464359 0.277886 0.242661
  39 1.018074 -2.349114 -0.152732 0.116147 -0.957642 -0.263498 0.281800 0.232877
knife_butterfly.bmp
  39 1.048074 -2.279114 -0.252732 0.232633 -0.854548 -0.464359 0.277886 0.242661
  39 1.048074 -2.339114 -0.152732 0.232646 -0.937712 -0.258014 0.277886 0.232877
  39 1.018074 -2.349114 -0.152732 0.116147 -0.957642 -0.263498 0.281800 0.232877
knife_butterfly.bmp
  39 1.018074 -2.349114 -0.152732 0.116147 -0.957642 -0.263498 0.281800 0.232877
  39 1.048074 -2.339114 -0.152732 0.232646 -0.937712 -0.258014 0.277886 0.232877
  39 0.998073 -2.349113 -0.052732 0.116150 -0.992466 -0.038990 0.281800 0.223092
knife_butterfly.bmp
  39 1.048074 -2.339114 -0.152732 0.232646 -0.937712 -0.258014 0.277886 0.232877
  39 1.028073 -2.339114 -0.052732 0.232651 -0.971811 -0.038172 0.277886 0.223092
  39 0.998073 -2.349113 -0.052732 0.116150 -0.992466 -0.038990 0.281800 0.223092
knife_butterfly.bmp
  39 0.998073 -2.349113 -0.052732 0.116150 -0.992466 -0.038990 0.281800 0.223092
  39 1.028073 -2.339114 -0.052732 0.232651 -0.971811 -0.038172 0.277886 0.223092
  39 0.998073 -2.339113 0.037268 0.116167 -0.975990 0.184250 0.281800 0.213307
knife_butterfly.bmp
  39 1.028073 -2.339114 -0.052732 0.232651 -0.971811 -0.038172 0.277886 0.223092
  39 1.028073 -2.329113 0.047268 0.232637 -0.955681 0.180425 0.277886 0.213307
  39 0.998073 -2.339113 0.037268 0.116167 -0.975990 0.184250 0.281800 0.213307
knife_butterfly.bmp
  39 0.998073 -2.339113 0.037268 0.116167 -0.975990 0.184250 0.281800 0.213307
  39 1.028073 -2.329113 0.047268 0.232637 -0.955681 0.180425 0.277886 0.213307
  39 0.998073 -2.309113 0.147268 0.116173 -0.911909 0.393606 0.281800 0.203523
knife_butterfly.bmp
  39 1.028073 -2.329113 0.047268 0.232637 -0.955681 0.180425 0.277886 0.213307
  39 1.048073 -2.299113 0.137268 0.232610 -0.892940 0.385423 0.277886 0.203523
  39 0.998073 -2.309113 0.147268 0.116173 -0.911909 0.393606 0.281800 0.203523
knife_butterfly.bmp
  39 0.998073 -2.309113 0.147268 0.116173 -0.911909 0.393606 0.281800 0.203523
  39 1.048073 -2.299113 0.137268 0.232610 -0.892940 0.385423 0.277886 0.203523
  39 1.018073 -2.279113 0.247268 0.116177 -0.804711 0.582188 0.281800 0.193738
knife_butterfly.bmp
  39 1.048073 -2.299113 0.137268 0.232610 -0.892940 0.385423 0.277886 0.203523
  39 1.048073 -2.269113 0.237268 0.232612 -0.787974 0.570078 0.277886 0.193738
  39 1.018073 -2.279113 0.247268 0.116177 -0.804711 0.582188 0.281800 0.193738
knife_butterfly.bmp
  39 1.018073 -2.279113 0.247268 0.116177 -0.804711 0.582188 0.281800 0.193738
  39 1.048073 -2.269113 0.237268 0.232612 -0.787974 0.570078 0.277886 0.193738
  39 1.018073 -2.209113 0.327268 0.116165 -0.657601 0.744357 0.281800 0.183953
knife_butterfly.bmp
  39 1.048073 -2.269113 0.237268 0.232612 -0.787974 0.570078 0.277886 0.193738
  39 1.048073 -2.199113 0.317268 0.226047 -0.646433 0.728716 0.277886 0.183953
  39 1.018073 -2.209113 0.327268 0.116165 -0.657601 0.744357 0.281800 0.183953
knife_butterfly.bmp
  39 1.018073 -2.209113 0.327268 0.116165 -0.657601 0.744357 0.281800 0.183953
  39 1.048073 -2.199113 0.317268 0.226047 -0.646433 0.728716 0.277886 0.183953
  39 0.998072 -2.109113 0.387267 0.052922 -0.934444 0.352155 0.281800 0.174168
knife_butterfly.bmp
  39 1.048073 -2.199113 0.317268 0.226047 -0.646433 0.728716 0.277886 0.183953
  39 1.038073 -2.109113 0.377268 0.092535 -0.830853 0.548745 0.277886 0.174168
  39 0.998072 -2.109113 0.387267 0.052922 -0.934444 0.352155 0.281800 0.174168
knife_butterfly.bmp
  37 1.270000 -0.860000 1.360001 0.702435 -0.197470 0.683806 0.479452 0.812133
  37 1.270000 -0.940000 1.330001 0.705072 -0.138242 0.695530 0.475538 0.821918
  37 1.280000 -0.860000 1.330001 0.943964 -0.089438 0.317698 0.475538 0.812133
knife_butterfly.bmp
  37 1.280000 -0.860000 1.330001 0.943964 -0.089438 0.317698 0.475538 0.812133
  37 1.270000 -0.940000 1.330001 0.705072 -0.138242 0.695530 0.475538 0.821918
  37 1.280000 -0.940000 1.310001 0.943964 -0.089438 0.317698 0.473581 0.821918
knife_butterfly.bmp
  37 1.270000 -0.940000 1.330001 0.705072 -0.138242 0.695530 0.475538 0.821918
  37 1.270000 -1.030000 1.320001 0.701111 -0.093793 0.706857 0.475538 0.831703
  37 1.280000 -0.940000 1.310001 0.943964 -0.089438 0.317698 0.473581 0.821918
knife_butterfly.bmp
  37 1.280000 -0.940000 1.310001 0.943964 -0.089438 0.317698 0.473581 0.821918
  37 1.270000 -1.030000 1.320001 0.701111 -0.093793 0.706857 0.475538 0.831703
  37 1.280000 -1.030000 1.290001 0.944199 -0.040462 0.326881 0.471624 0.831703
knife_butterfly.bmp
  37 1.270000 -1.030000 1.320001 0.701111 -0.093793 0.706857 0.475538 0.831703
  37 1.270000 -1.110000 1.310001 0.701117 -0.050628 0.711247 0.473581 0.841487
  37 1.280000 -1.030000 1.290001 0.944199 -0.040462 0.326881 0.471624 0.831703
knife_butterfly.bmp
  37 1.280000 -1.030000 1.290001 0.944199 -0.040462 0.326881 0.471624 0.831703
  37 1.270000 -1.110000 1.310001 0.701117 -0.050628 0.711247 0.473581 0.841487
  37 1.280000 -1.120000 1.290001 0.944199 -0.040462 0.326881 0.469667 0.843444
knife_butterfly.bmp
  37 1.270000 -1.110000 1.310001 0.701117 -0.050628 0.711247 0.473581 0.841487
  37 1.270000 -1.200000 1.310001 0.699928 0.019939 0.713935 0.473581 0.851272
  37 1.280000 -1.120000 1.290001 0.944199 -0.040462 0.326881 0.469667 0.843444
knife_butterfly.bmp
  37 1.280000 -1.120000 1.290001 0.944199 -0.040462 0.326881 0.469667 0.843444
  37 1.270000 -1.200000 1.310001 0.699928 0.019939 0.713935 0.473581 0.851272
  37 1.280000 -1.210000 1.280001 0.943555 -0.002280 0.331207 0.469667 0.853229
knife_butterfly.bmp
  37 1.270000 -1.200000 1.310001 0.699928 0.019939 0.713935 0.473581 0.851272
  37 1.270000 -1.370000 1.310001 0.699928 0.019939 0.713935 0.473581 0.870841
  37 1.280000 -1.210000 1.280001 0.943555 -0.002280 0.331207 0.469667 0.853229
knife_butterfly.bmp
  37 1.280000 -1.210000 1.280001 0.943555 -0.002280 0.331207 0.469667 0.853229
  37 1.270000 -1.370000 1.310001 0.699928 0.019939 0.713935 0.473581 0.870841
  37 1.280000 -1.380000 1.280001 0.943555 -0.002280 0.331207 0.469667 0.872798
knife_butterfly.bmp
  37 1.270000 -1.370000 1.310001 0.699928 0.019939 0.713935 0.473581 0.870841
  37 1.270000 -1.520000 1.320001 0.716282 0.091959 0.691725 0.473581 0.890411
  37 1.280000 -1.380000 1.280001 0.943555 -0.002280 0.331207 0.469667 0.872798
knife_butterfly.bmp
  37 1.280000 -1.380000 1.280001 0.943555 -0.002280 0.331207 0.469667 0.872798
  37 1.270000 -1.520000 1.320001 0.716282 0.091959 0.691725 0.473581 0.890411
  37 1.280000 -1.530000 1.290001 0.947447 0.044659 0.316780 0.471624 0.890411
knife_butterfly.bmp
  37 1.270000 -1.520000 1.320001 0.716282 0.091959 0.691725 0.473581 0.890411
  37 1.270000 -1.540000 1.330001 0.706989 0.153500 0.690365 0.475538 0.894325
  37 1.280000 -1.530000 1.290001 0.947447 0.044659 0.316780 0.471624 0.890411
knife_butterfly.bmp
  37 1.280000 -1.530000 1.290001 0.947447 0.044659 0.316780 0.471624 0.890411
  37 1.270000 -1.540000 1.330001 0.706989 0.153500 0.690365 0.475538 0.894325
  37 1.280000 -1.570000 1.300001 0.947447 0.044659 0.316780 0.471624 0.894325
knife_butterfly.bmp
  37 1.270000 -1.540000 1.330001 0.706989 0.153500 0.690365 0.475538 0.894325
  37 1.270000 -1.600000 1.310001 0.706989 0.153500 0.690365 0.475538 0.898239
  37 1.280000 -1.570000 1.300001 0.947447 0.044659 0.316780 0.471624 0.894325
knife_butterfly.bmp
  37 1.280000 -1.570000 1.300001 0.947447 0.044659 0.316780 0.471624 0.894325
  37 1.270000 -1.600000 1.310001 0.706989 0.153500 0.690365 0.475538 0.898239
  37 1.280000 -1.610000 1.310001 0.947447 0.044659 0.316780 0.473581 0.900196
knife_butterfly.bmp
  37 1.270000 -1.600000 1.310001 0.706989 0.153500 0.690365 0.475538 0.898239
  37 1.270000 -1.640000 1.320001 0.706989 0.153500 0.690365 0.477495 0.902153
  37 1.280000 -1.610000 1.310001 0.947447 0.044659 0.316780 0.473581 0.900196
knife_butterfly.bmp
  37 1.280000 -1.610000 1.310001 0.947447 0.044659 0.316780 0.473581 0.900196
  37 1.270000 -1.640000 1.320001 0.706989 0.153500 0.690365 0.477495 0.902153
  37 1.280000 -1.640000 1.300001 0.947447 0.044659 0.316780 0.473581 0.904110
knife_butterfly.bmp
  37 1.270000 -1.640000 1.320001 0.706989 0.153500 0.690365 0.477495 0.902153
  37 1.280000 -1.660000 1.300001 0.948621 0.078301 0.306573 0.475538 0.908023
  37 1.280000 -1.640000 1.300001 0.947447 0.044659 0.316780 0.473581 0.904110
knife_butterfly.bmp
  39 0.878073 -2.109113 0.357267 -0.735847 -0.443367 0.511815 0.297456 0.176125
  39 0.878073 -2.189113 0.297267 -0.863032 -0.337578 0.375787 0.299413 0.183953
  39 0.888073 -2.109113 0.377267 -0.774787 -0.405439 0.485103 0.295499 0.174168
knife_butterfly.bmp
  39 0.888073 -2.109113 0.377267 -0.774787 -0.405439 0.485103 0.295499 0.174168
  39 0.878073 -2.189113 0.297267 -0.863032 -0.337578 0.375787 0.299413 0.183953
  39 0.888073 -2.199113 0.317267 -0.863032 -0.337578 0.375787 0.295499 0.183953
knife_butterfly.bmp
  39 0.878073 -2.189113 0.297267 -0.863032 -0.337578 0.375787 0.299413 0.183953
  39 0.878073 -2.249113 0.227268 -0.857837 -0.415281 0.302750 0.299413 0.193738
  39 0.888073 -2.199113 0.317267 -0.863032 -0.337578 0.375787 0.295499 0.183953
knife_butterfly.bmp
  39 0.888073 -2.199113 0.317267 -0.863032 -0.337578 0.375787 0.295499 0.183953
  39 0.878073 -2.249113 0.227268 -0.857837 -0.415281 0.302750 0.299413 0.193738
  39 0.888073 -2.269113 0.237268 -0.857837 -0.415281 0.302750 0.295499 0.193738
knife_butterfly.bmp
  39 0.878073 -2.249113 0.227268 -0.857837 -0.415281 0.302750 0.299413 0.193738
  39 0.878073 -2.279113 0.147268 -0.849668 -0.483564 0.210308 0.299413 0.203523
  39 0.888073 -2.269113 0.237268 -0.857837 -0.415281 0.302750 0.295499 0.193738
knife_butterfly.bmp
  39 0.888073 -2.269113 0.237268 -0.857837 -0.415281 0.302750 0.295499 0.193738
  39 0.878073 -2.279113 0.147268 -0.849668 -0.483564 0.210308 0.299413 0.203523
  39 0.888073 -2.299113 0.157268 -0.849668 -0.483564 0.210308 0.295499 0.203523
knife_butterfly.bmp
  39 0.878073 -2.279113 0.147268 -0.849668 -0.483564 0.210308 0.299413 0.203523
  39 0.858073 -2.309113 0.057268 -0.842023 -0.529803 0.101519 0.299413 0.213307
  39 0.888073 -2.299113 0.157268 -0.849668 -0.483564 0.210308 0.295499 0.203523
knife_butterfly.bmp
  39 0.888073 -2.299113 0.157268 -0.849668 -0.483564 0.210308 0.295499 0.203523
  39 0.858073 -2.309113 0.057268 -0.842023 -0.529803 0.101519 0.299413 0.213307
  39 0.868073 -2.329113 0.057268 -0.842023 -0.529803 0.101519 0.295499 0.213307
knife_butterfly.bmp
  39 0.858073 -2.309113 0.057268 -0.842023 -0.529803 0.101519 0.299413 0.213307
  39 0.858073 -2.319113 -0.042732 -0.834142 -0.551178 -0.020244 0.299413 0.223092
  39 0.868073 -2.329113 0.057268 -0.842023 -0.529803 0.101519 0.295499 0.213307
knife_butterfly.bmp
  39 0.868073 -2.329113 0.057268 -0.842023 -0.529803 0.101519 0.295499 0.213307
  39 0.858073 -2.319113 -0.042732 -0.834142 -0.551178 -0.020244 0.299413 0.223092
  39 0.868073 -2.339113 -0.042732 -0.834142 -0.551178 -0.020244 0.295499 0.223092
knife_butterfly.bmp
  39 0.858073 -2.319113 -0.042732 -0.834142 -0.551178 -0.020244 0.299413 0.223092
  39 0.878074 -2.309114 -0.142732 -0.826291 -0.543393 -0.148212 0.299413 0.232877
  39 0.868073 -2.339113 -0.042732 -0.834142 -0.551178 -0.020244 0.295499 0.223092
knife_butterfly.bmp
  39 0.868073 -2.339113 -0.042732 -0.834142 -0.551178 -0.020244 0.295499 0.223092
  39 0.878074 -2.309114 -0.142732 -0.826291 -0.543393 -0.148212 0.299413 0.232877
  39 0.888074 -2.339114 -0.152732 -0.826291 -0.543393 -0.148212 0.295499 0.232877
knife_butterfly.bmp
  39 0.878074 -2.309114 -0.142732 -0.826291 -0.543393 -0.148212 0.299413 0.232877
  39 0.878074 -2.259114 -0.242732 -0.819162 -0.504458 -0.272938 0.299413 0.242661
  39 0.888074 -2.339114 -0.152732 -0.826291 -0.543393 -0.148212 0.295499 0.232877
knife_butterfly.bmp
  39 0.888074 -2.339114 -0.152732 -0.826291 -0.543393 -0.148212 0.295499 0.232877
  39 0.878074 -2.259114 -0.242732 -0.819162 -0.504458 -0.272938 0.299413 0.242661
  39 0.888074 -2.279114 -0.252732 -0.819162 -0.504458 -0.272938 0.295499 0.242661
knife_butterfly.bmp
  39 0.878074 -2.259114 -0.242732 -0.819162 -0.504458 -0.272938 0.299413 0.242661
  39 0.878074 -2.209114 -0.322733 -0.813297 -0.436580 -0.384637 0.299413 0.252446
  39 0.888074 -2.279114 -0.252732 -0.819162 -0.504458 -0.272938 0.295499 0.242661
knife_butterfly.bmp
  39 0.888074 -2.279114 -0.252732 -0.819162 -0.504458 -0.272938 0.295499 0.242661
  39 0.878074 -2.209114 -0.322733 -0.813297 -0.436580 -0.384637 0.299413 0.252446
  39 0.888074 -2.219114 -0.332733 -0.813297 -0.436580 -0.384637 0.295499 0.252446
knife_butterfly.bmp
  39 0.878074 -2.209114 -0.322733 -0.813297 -0.436580 -0.384637 0.299413 0.252446
  39 0.858074 -2.139114 -0.382733 -0.826882 -0.337822 -0.449603 0.299413 0.262231
  39 0.888074 -2.219114 -0.332733 -0.813297 -0.436580 -0.384637 0.295499 0.252446
knife_butterfly.bmp
  39 0.888074 -2.219114 -0.332733 -0.813297 -0.436580 -0.384637 0.295499 0.252446
  39 0.858074 -2.139114 -0.382733 -0.826882 -0.337822 -0.449603 0.299413 0.262231
  39 0.868074 -2.149114 -0.402733 -0.808749 -0.368101 -0.458722 0.295499 0.262231
knife_butterfly.bmp
  39 0.858074 -2.139114 -0.382733 -0.826882 -0.337822 -0.449603 0.299413 0.262231
  39 0.868074 -2.119114 -0.422733 -0.877716 -0.198946 -0.435929 0.295499 0.266145
  39 0.868074 -2.149114 -0.402733 -0.808749 -0.368101 -0.458722 0.295499 0.262231
knife_butterfly.bmp
  39 1.028074 -2.119114 -0.422732 0.877718 -0.198946 -0.435926 0.277886 0.266145
  39 1.048074 -2.139114 -0.382732 0.826884 -0.337822 -0.449599 0.273973 0.262231
  39 1.028074 -2.149114 -0.402732 0.808751 -0.368101 -0.458719 0.277886 0.262231
knife_butterfly.bmp
  39 1.028074 -2.149114 -0.402732 0.808751 -0.368101 -0.458719 0.277886 0.262231
  39 1.048074 -2.139114 -0.382732 0.826884 -0.337822 -0.449599 0.273973 0.262231
  39 1.048074 -2.219114 -0.332732 0.814176 -0.435895 -0.383553 0.277886 0.252446
knife_butterfly.bmp
  39 1.048074 -2.139114 -0.382732 0.826884 -0.337822 -0.449599 0.273973 0.262231
  39 1.068074 -2.209114 -0.322732 0.814176 -0.435895 -0.383553 0.275930 0.252446
  39 1.048074 -2.219114 -0.332732 0.814176 -0.435895 -0.383553 0.277886 0.252446
knife_butterfly.bmp
  39 1.048074 -2.219114 -0.332732 0.814176 -0.435895 -0.383553 0.277886 0.252446
  39 1.068074 -2.209114 -0.322732 0.814176 -0.435895 -0.383553 0.275930 0.252446
  39 1.048074 -2.279114 -0.252732 0.820234 -0.503317 -0.271824 0.277886 0.242661
knife_butterfly.bmp
  39 1.068074 -2.209114 -0.322732 0.814176 -0.435895 -0.383553 0.275930 0.252446
  39 1.068074 -2.259114 -0.242732 0.820234 -0.503317 -0.271824 0.275930 0.242661
  39 1.048074 -2.279114 -0.252732 0.820234 -0.503317 -0.271824 0.277886 0.242661
knife_butterfly.bmp
  39 1.048074 -2.279114 -0.252732 0.820234 -0.503317 -0.271824 0.277886 0.242661
  39 1.068074 -2.259114 -0.242732 0.820234 -0.503317 -0.271824 0.275930 0.242661
  39 1.048074 -2.339114 -0.152732 0.827502 -0.541807 -0.147258 0.277886 0.232877
knife_butterfly.bmp
  39 1.068074 -2.259114 -0.242732 0.820234 -0.503317 -0.271824 0.275930 0.242661
  39 1.068074 -2.309114 -0.142732 0.827502 -0.541807 -0.147258 0.275930 0.232877
  39 1.048074 -2.339114 -0.152732 0.827502 -0.541807 -0.147258 0.277886 0.232877
knife_butterfly.bmp
  39 1.048074 -2.339114 -0.152732 0.827502 -0.541807 -0.147258 0.277886 0.232877
  39 1.068074 -2.309114 -0.142732 0.827502 -0.541807 -0.147258 0.275930 0.232877
  39 1.028073 -2.339114 -0.052732 0.835422 -0.549258 -0.019621 0.277886 0.223092
knife_butterfly.bmp
  39 1.068074 -2.309114 -0.142732 0.827502 -0.541807 -0.147258 0.275930 0.232877
  39 1.048073 -2.319113 -0.052732 0.835422 -0.549258 -0.019621 0.275930 0.223092
  39 1.028073 -2.339114 -0.052732 0.835422 -0.549258 -0.019621 0.277886 0.223092
knife_butterfly.bmp
  39 1.028073 -2.339114 -0.052732 0.835422 -0.549258 -0.019621 0.277886 0.223092
  39 1.048073 -2.319113 -0.052732 0.835422 -0.549258 -0.019621 0.275930 0.223092
  39 1.028073 -2.329113 0.047268 0.843300 -0.527731 0.101713 0.277886 0.213307
knife_butterfly.bmp
  39 1.048073 -2.319113 -0.052732 0.835422 -0.549258 -0.019621 0.275930 0.223092
  39 1.038073 -2.309113 0.037268 0.843300 -0.527731 0.101713 0.275930 0.213307
  39 1.028073 -2.329113 0.047268 0.843300 -0.527731 0.101713 0.277886 0.213307
knife_butterfly.bmp
  39 1.028073 -2.329113 0.047268 0.843300 -0.527731 0.101713 0.277886 0.213307
  39 1.038073 -2.309113 0.037268 0.843300 -0.527731 0.101713 0.275930 0.213307
  39 1.048073 -2.299113 0.137268 0.850871 -0.481557 0.210052 0.277886 0.203523
knife_butterfly.bmp
  39 1.038073 -2.309113 0.037268 0.843300 -0.527731 0.101713 0.275930 0.213307
  39 1.058073 -2.279113 0.137268 0.850871 -0.481557 0.210052 0.275930 0.203523
  39 1.048073 -2.299113 0.137268 0.850871 -0.481557 0.210052 0.277886 0.203523
knife_butterfly.bmp
  39 1.048073 -2.299113 0.137268 0.850871 -0.481557 0.210052 0.277886 0.203523
  39 1.058073 -2.279113 0.137268 0.850871 -0.481557 0.210052 0.275930 0.203523
  39 1.048073 -2.269113 0.237268 0.857835 -0.415281 0.302754 0.277886 0.193738
knife_butterfly.bmp
  39 1.058073 -2.279113 0.137268 0.850871 -0.481557 0.210052 0.275930 0.203523
  39 1.058073 -2.249113 0.227268 0.857835 -0.415281 0.302754 0.275930 0.193738
  39 1.048073 -2.269113 0.237268 0.857835 -0.415281 0.302754 0.277886 0.193738
knife_butterfly.bmp
  39 1.048073 -2.269113 0.237268 0.857835 -0.415281 0.302754 0.277886 0.193738
  39 1.058073 -2.249113 0.227268 0.857835 -0.415281 0.302754 0.275930 0.193738
  39 1.048073 -2.199113 0.317268 0.857444 -0.346388 0.380532 0.277886 0.183953
knife_butterfly.bmp
  39 1.058073 -2.249113 0.227268 0.857835 -0.415281 0.302754 0.275930 0.193738
  39 1.058073 -2.189113 0.297268 0.857444 -0.346388 0.380532 0.275930 0.183953
  39 1.048073 -2.199113 0.317268 0.857444 -0.346388 0.380532 0.277886 0.183953
knife_butterfly.bmp
  39 1.048073 -2.199113 0.317268 0.857444 -0.346388 0.380532 0.277886 0.183953
  39 1.058073 -2.189113 0.297268 0.857444 -0.346388 0.380532 0.275930 0.183953
  39 1.038073 -2.109113 0.377268 0.774785 -0.405439 0.485106 0.277886 0.174168
knife_butterfly.bmp
  39 1.058073 -2.189113 0.297268 0.857444 -0.346388 0.380532 0.275930 0.183953
  39 1.058073 -2.109113 0.357268 0.735845 -0.443367 0.511818 0.275930 0.176125
  39 1.038073 -2.109113 0.377268 0.774785 -0.405439 0.485106 0.277886 0.174168
knife_butterfly.bmp
  37 0.690000 -1.660000 1.300001 -0.948638 0.068540 0.308850 0.473581 0.908023
  37 0.690000 -1.640000 1.320001 -0.683217 0.151905 0.714240 0.475538 0.902153
  37 0.690000 -1.640000 1.300001 -0.948638 0.068540 0.308850 0.473581 0.904110
knife_butterfly.bmp
  37 0.690000 -1.640000 1.300001 -0.948638 0.068540 0.308850 0.473581 0.904110
  37 0.690000 -1.640000 1.320001 -0.683217 0.151905 0.714240 0.475538 0.902153
  37 0.690000 -1.610000 1.310001 -0.948638 0.068540 0.308850 0.471624 0.900196
knife_butterfly.bmp
  37 0.690000 -1.640000 1.320001 -0.683217 0.151905 0.714240 0.475538 0.902153
  37 0.690000 -1.600000 1.310001 -0.683217 0.151905 0.714240 0.475538 0.898239
  37 0.690000 -1.610000 1.310001 -0.948638 0.068540 0.308850 0.471624 0.900196
knife_butterfly.bmp
  37 0.690000 -1.610000 1.310001 -0.948638 0.068540 0.308850 0.471624 0.900196
  37 0.690000 -1.600000 1.310001 -0.683217 0.151905 0.714240 0.475538 0.898239
  37 0.690000 -1.570000 1.300001 -0.948638 0.068540 0.308850 0.471624 0.894325
knife_butterfly.bmp
  37 0.690000 -1.600000 1.310001 -0.683217 0.151905 0.714240 0.475538 0.898239
  37 0.690000 -1.540000 1.330001 -0.683217 0.151905 0.714240 0.473581 0.894325
  37 0.690000 -1.570000 1.300001 -0.948638 0.068540 0.308850 0.471624 0.894325
knife_butterfly.bmp
  37 0.690000 -1.570000 1.300001 -0.948638 0.068540 0.308850 0.471624 0.894325
  37 0.690000 -1.540000 1.330001 -0.683217 0.151905 0.714240 0.473581 0.894325
  37 0.690000 -1.530000 1.290001 -0.948638 0.068540 0.308850 0.469667 0.890411
knife_butterfly.bmp
  37 0.690000 -1.540000 1.330001 -0.683217 0.151905 0.714240 0.473581 0.894325
  37 0.690000 -1.520000 1.320001 -0.716274 0.091965 0.691733 0.473581 0.890411
  37 0.690000 -1.530000 1.290001 -0.948638 0.068540 0.308850 0.469667 0.890411
knife_butterfly.bmp
  37 0.690000 -1.530000 1.290001 -0.948638 0.068540 0.308850 0.469667 0.890411
  37 0.690000 -1.520000 1.320001 -0.716274 0.091965 0.691733 0.473581 0.890411
  37 0.690000 -1.380000 1.280001 -0.944261 0.010355 0.329034 0.469667 0.872798
knife_butterfly.bmp
  37 0.690000 -1.520000 1.320001 -0.716274 0.091965 0.691733 0.473581 0.890411
  37 0.690000 -1.370000 1.310001 -0.698994 -0.009275 0.715067 0.471624 0.870841
  37 0.690000 -1.380000 1.280001 -0.944261 0.010355 0.329034 0.469667 0.872798
knife_butterfly.bmp
  37 0.690000 -1.380000 1.280001 -0.944261 0.010355 0.329034 0.469667 0.872798
  37 0.690000 -1.370000 1.310001 -0.698994 -0.009275 0.715067 0.471624 0.870841
  37 0.690000 -1.210000 1.280001 -0.944261 0.010355 0.329034 0.469667 0.853229
knife_butterfly.bmp
  37 0.690000 -1.370000 1.310001 -0.698994 -0.009275 0.715067 0.471624 0.870841
  37 0.690000 -1.200000 1.310001 -0.698994 -0.009275 0.715067 0.471624 0.851272
  37 0.690000 -1.210000 1.280001 -0.944261 0.010355 0.329034 0.469667 0.853229
knife_butterfly.bmp
  37 0.690000 -1.210000 1.280001 -0.944261 0.010355 0.329034 0.469667 0.853229
  37 0.690000 -1.200000 1.310001 -0.698994 -0.009275 0.715067 0.471624 0.851272
  37 0.690000 -1.120000 1.290001 -0.944261 0.010355 0.329034 0.469667 0.843444
knife_butterfly.bmp
  37 0.690000 -1.200000 1.310001 -0.698994 -0.009275 0.715067 0.471624 0.851272
  37 0.690000 -1.110000 1.310001 -0.701105 -0.050629 0.711258 0.471624 0.841487
  37 0.690000 -1.120000 1.290001 -0.944261 0.010355 0.329034 0.469667 0.843444
knife_butterfly.bmp
  37 0.690000 -1.120000 1.290001 -0.944261 0.010355 0.329034 0.469667 0.843444
  37 0.690000 -1.110000 1.310001 -0.701105 -0.050629 0.711258 0.471624 0.841487
  37 0.690000 -1.030000 1.290001 -0.945753 -0.061847 0.318944 0.469667 0.831703
knife_butterfly.bmp
  37 0.690000 -1.110000 1.310001 -0.701105 -0.050629 0.711258 0.471624 0.841487
  37 0.690000 -1.030000 1.320001 -0.683229 -0.101530 0.723111 0.473581 0.831703
  37 0.690000 -1.030000 1.290001 -0.945753 -0.061847 0.318944 0.469667 0.831703
knife_butterfly.bmp
  37 0.690000 -1.030000 1.290001 -0.945753 -0.061847 0.318944 0.469667 0.831703
  37 0.690000 -1.030000 1.320001 -0.683229 -0.101530 0.723111 0.473581 0.831703
  37 0.690000 -0.940000 1.310001 -0.945753 -0.061847 0.318944 0.471624 0.821918
knife_butterfly.bmp
  37 0.690000 -1.030000 1.320001 -0.683229 -0.101530 0.723111 0.473581 0.831703
  37 0.690000 -0.940000 1.330001 -0.705079 -0.138246 0.695523 0.475538 0.821918
  37 0.690000 -0.940000 1.310001 -0.945753 -0.061847 0.318944 0.471624 0.821918
knife_butterfly.bmp
  37 0.690000 -0.940000 1.310001 -0.945753 -0.061847 0.318944 0.471624 0.821918
  37 0.690000 -0.940000 1.330001 -0.705079 -0.138246 0.695523 0.475538 0.821918
  37 0.690000 -0.860000 1.330001 -0.945753 -0.061847 0.318944 0.473581 0.812133
knife_butterfly.bmp
  37 0.690000 -0.940000 1.330001 -0.705079 -0.138246 0.695523 0.475538 0.821918
  37 0.690000 -0.860000 1.360001 -0.702421 -0.197471 0.683820 0.477495 0.812133
  37 0.690000 -0.860000 1.330001 -0.945753 -0.061847 0.318944 0.473581 0.812133
knife_butterfly.bmp
  40 1.280001 -0.998561 0.498154 -0.000004 0.337644 0.941274 0.796477 0.275930
  40 1.080001 -1.008561 0.518154 -0.000005 0.505615 0.862759 0.780822 0.273973
  40 1.280001 -1.008561 0.498154 -0.000005 0.505615 0.862759 0.796477 0.273973
knife_butterfly.bmp
  40 1.280001 -1.008561 0.498154 -0.000005 0.505615 0.862759 0.796477 0.273973
  40 1.080001 -1.008561 0.518154 -0.000005 0.505615 0.862759 0.780822 0.273973
  40 1.280001 -1.038561 0.528154 -0.000004 0.770196 0.637807 0.796477 0.272016
knife_butterfly.bmp
  40 1.080001 -1.008561 0.518154 -0.000005 0.505615 0.862759 0.780822 0.273973
  40 1.080001 -1.038561 0.548154 -0.000004 0.770196 0.637807 0.780822 0.272016
  40 1.280001 -1.038561 0.528154 -0.000004 0.770196 0.637807 0.796477 0.272016
knife_butterfly.bmp
  40 1.280001 -1.038561 0.528154 -0.000004 0.770196 0.637807 0.796477 0.272016
  40 1.080001 -1.038561 0.548154 -0.000004 0.770196 0.637807 0.780822 0.272016
  40 1.280001 -1.058561 0.558154 -0.000005 0.941892 0.335916 0.796477 0.268102
knife_butterfly.bmp
  40 1.080001 -1.038561 0.548154 -0.000004 0.770196 0.637807 0.780822 0.272016
  40 1.080001 -1.058561 0.578154 -0.000005 0.941892 0.335916 0.780822 0.268102
  40 1.280001 -1.058561 0.558154 -0.000005 0.941892 0.335916 0.796477 0.268102
knife_butterfly.bmp
  40 1.280001 -1.058561 0.558154 -0.000005 0.941892 0.335916 0.796477 0.268102
  40 1.080001 -1.058561 0.578154 -0.000005 0.941892 0.335916 0.780822 0.268102
  40 1.290001 -1.058561 0.598154 -0.000003 0.999979 -0.006493 0.796477 0.266145
knife_butterfly.bmp
  40 1.080001 -1.058561 0.578154 -0.000005 0.941892 0.335916 0.780822 0.268102
  40 1.080001 -1.058561 0.618154 -0.000003 0.999979 -0.006493 0.780822 0.266145
  40 1.290001 -1.058561 0.598154 -0.000003 0.999979 -0.006493 0.796477 0.266145
knife_butterfly.bmp
  40 1.290001 -1.058561 0.598154 -0.000003 0.999979 -0.006493 0.796477 0.266145
  40 1.080001 -1.058561 0.618154 -0.000003 0.999979 -0.006493 0.780822 0.266145
  40 1.300001 -1.068561 0.638154 -0.000001 0.937453 -0.348113 0.796477 0.264188
knife_butterfly.bmp
  40 1.080001 -1.058561 0.618154 -0.000003 0.999979 -0.006493 0.780822 0.266145
  40 1.100001 -1.068561 0.658154 -0.000001 0.937453 -0.348113 0.780822 0.264188
  40 1.300001 -1.068561 0.638154 -0.000001 0.937453 -0.348113 0.796477 0.264188
knife_butterfly.bmp
  40 1.300001 -1.068561 0.638154 -0.000001 0.937453 -0.348113 0.796477 0.264188
  40 1.100001 -1.068561 0.658154 -0.000001 0.937453 -0.348113 0.780822 0.264188
  40 1.300001 -1.058561 0.668154 0.000003 0.762852 -0.646573 0.796477 0.260274
knife_butterfly.bmp
  40 1.100001 -1.068561 0.658154 -0.000001 0.937453 -0.348113 0.780822 0.264188
  40 1.100001 -1.058561 0.688154 0.000003 0.762852 -0.646573 0.780822 0.260274
  40 1.300001 -1.058561 0.668154 0.000003 0.762852 -0.646573 0.796477 0.260274
knife_butterfly.bmp
  40 1.300001 -1.058561 0.668154 0.000003 0.762852 -0.646573 0.796477 0.260274
  40 1.100001 -1.058561 0.688154 0.000003 0.762852 -0.646573 0.780822 0.260274
  40 1.300001 -1.028561 0.688154 0.000001 0.494379 -0.869246 0.796477 0.258317
knife_butterfly.bmp
  40 1.100001 -1.058561 0.688154 0.000003 0.762852 -0.646573 0.780822 0.260274
  40 1.100001 -1.028561 0.708154 0.000001 0.494379 -0.869246 0.780822 0.258317
  40 1.300001 -1.028561 0.688154 0.000001 0.494379 -0.869246 0.796477 0.258317
knife_butterfly.bmp
  40 1.300001 -1.028561 0.688154 0.000001 0.494379 -0.869246 0.796477 0.258317
  40 1.100001 -1.028561 0.708154 0.000001 0.494379 -0.869246 0.780822 0.258317
  40 1.300001 -0.988561 0.718154 0.000004 0.363254 -0.931690 0.796477 0.256360
knife_butterfly.bmp
  40 1.100001 -1.028561 0.708154 0.000001 0.494379 -0.869246 0.780822 0.258317
  40 1.100001 -0.988561 0.728154 0.000004 0.363254 -0.931690 0.780822 0.256360
  40 1.300001 -0.988561 0.718154 0.000004 0.363254 -0.931690 0.796477 0.256360
knife_butterfly.bmp
  40 1.300001 -0.988561 0.718154 0.000004 0.363254 -0.931690 0.796477 0.256360
  40 1.100001 -0.988561 0.728154 0.000004 0.363254 -0.931690 0.780822 0.256360
  40 1.300001 -0.988561 0.718154 0.000002 0.167278 -0.985910 0.796477 0.254403
knife_butterfly.bmp
  40 1.100001 -0.988561 0.728154 0.000004 0.363254 -0.931690 0.780822 0.256360
  40 1.100001 -0.988561 0.728154 0.000002 0.167278 -0.985910 0.780822 0.254403
  40 1.300001 -0.988561 0.718154 0.000002 0.167278 -0.985910 0.796477 0.254403
knife_butterfly.bmp
  40 1.300001 -0.988561 0.718154 0.000002 0.167278 -0.985910 0.796477 0.254403
  40 1.100001 -0.988561 0.728154 0.000002 0.167278 -0.985910 0.780822 0.254403
  40 1.300001 -0.948561 0.728154 0.000004 -0.180040 -0.983659 0.796477 0.252446
knife_butterfly.bmp
  40 1.100001 -0.988561 0.728154 0.000002 0.167278 -0.985910 0.780822 0.254403
  40 1.100001 -0.948561 0.728154 0.000004 -0.180040 -0.983659 0.780822 0.252446
  40 1.300001 -0.948561 0.728154 0.000004 -0.180040 -0.983659 0.796477 0.252446
knife_butterfly.bmp
  37 0.710000 -1.890000 1.430001 -0.302525 0.364115 0.880851 0.489237 0.935421
  37 0.690000 -1.950000 1.440001 -0.683217 0.151905 0.714240 0.489237 0.941292
  37 0.710000 -1.950000 1.450001 -0.311921 0.197627 0.929327 0.491194 0.941292
knife_butterfly.bmp
  37 0.710000 -1.950000 1.450001 -0.311921 0.197627 0.929327 0.491194 0.941292
  37 0.690000 -1.950000 1.440001 -0.683217 0.151905 0.714240 0.489237 0.941292
  37 0.690000 -2.010000 1.450001 -0.692807 0.029818 0.720506 0.491194 0.947162
knife_butterfly.bmp
  37 0.690000 -1.950000 1.440001 -0.683217 0.151905 0.714240 0.489237 0.941292
  37 0.690000 -2.020000 1.420001 -0.944261 0.010355 0.329034 0.487280 0.947162
  37 0.690000 -2.010000 1.450001 -0.692807 0.029818 0.720506 0.491194 0.947162
knife_butterfly.bmp
  37 0.690000 -2.010000 1.450001 -0.692807 0.029818 0.720506 0.491194 0.947162
  37 0.690000 -2.020000 1.420001 -0.944261 0.010355 0.329034 0.487280 0.947162
  37 0.690000 -2.080000 1.440001 -0.683229 -0.101530 0.723111 0.489237 0.956947
knife_butterfly.bmp
  37 0.690000 -2.020000 1.420001 -0.944261 0.010355 0.329034 0.487280 0.947162
  37 0.690000 -2.080000 1.420001 -0.945753 -0.061847 0.318944 0.487280 0.956947
  37 0.690000 -2.080000 1.440001 -0.683229 -0.101530 0.723111 0.489237 0.956947
knife_butterfly.bmp
  37 0.690000 -2.080000 1.440001 -0.683229 -0.101530 0.723111 0.489237 0.956947
  37 0.690000 -2.080000 1.420001 -0.945753 -0.061847 0.318944 0.487280 0.956947
  37 0.690000 -2.180000 1.440001 -0.667524 -0.297152 0.682724 0.487280 0.964775
knife_butterfly.bmp
  37 0.690000 -2.080000 1.420001 -0.945753 -0.061847 0.318944 0.487280 0.956947
  37 0.690000 -2.180000 1.410001 -0.934907 -0.153832 0.319821 0.483366 0.966732
  37 0.690000 -2.180000 1.440001 -0.667524 -0.297152 0.682724 0.487280 0.964775
knife_butterfly.bmp
  37 0.690000 -2.180000 1.440001 -0.667524 -0.297152 0.682724 0.487280 0.964775
  37 0.690000 -2.180000 1.410001 -0.934907 -0.153832 0.319821 0.483366 0.966732
  37 0.690000 -2.250000 1.400001 -0.645060 -0.446765 0.619919 0.481409 0.974560
knife_butterfly.bmp
  37 0.690000 -2.180000 1.410001 -0.934907 -0.153832 0.319821 0.483366 0.966732
  37 0.690000 -2.250000 1.370001 -0.916824 -0.245843 0.314635 0.479452 0.974560
  37 0.690000 -2.250000 1.400001 -0.645060 -0.446765 0.619919 0.481409 0.974560
knife_butterfly.bmp
  37 0.690000 -2.250000 1.400001 -0.645060 -0.446765 0.619919 0.481409 0.974560
  37 0.690000 -2.250000 1.370001 -0.916824 -0.245843 0.314635 0.479452 0.974560
  37 0.690000 -2.280000 1.350001 -0.592073 -0.601945 0.535828 0.477495 0.980431
knife_butterfly.bmp
  37 0.690000 -2.250000 1.370001 -0.916824 -0.245843 0.314635 0.479452 0.974560
  37 0.690000 -2.280000 1.330001 -0.859283 -0.405662 0.311563 0.473581 0.980431
  37 0.690000 -2.280000 1.350001 -0.592073 -0.601945 0.535828 0.477495 0.980431
knife_butterfly.bmp
  37 0.690000 -2.280000 1.350001 -0.592073 -0.601945 0.535828 0.477495 0.980431
  37 0.690000 -2.280000 1.330001 -0.859283 -0.405662 0.311563 0.473581 0.980431
  37 0.690000 -2.310000 1.320001 -0.545502 -0.684245 0.483979 0.473581 0.982387
knife_butterfly.bmp
  37 0.690000 -2.280000 1.330001 -0.859283 -0.405662 0.311563 0.473581 0.980431
  37 0.690000 -2.310000 1.290001 -0.835214 -0.440536 0.329159 0.469667 0.982387
  37 0.690000 -2.310000 1.320001 -0.545502 -0.684245 0.483979 0.473581 0.982387
knife_butterfly.bmp
  37 0.690000 -2.310000 1.320001 -0.545502 -0.684245 0.483979 0.473581 0.982387
  37 0.690000 -2.310000 1.290001 -0.835214 -0.440536 0.329159 0.469667 0.982387
  37 0.690000 -2.330000 1.290001 -0.473822 -0.772185 0.423347 0.469667 0.986301
knife_butterfly.bmp
  37 0.690000 -2.310000 1.290001 -0.835214 -0.440536 0.329159 0.469667 0.982387
  37 0.690000 -2.330000 1.260001 -0.552514 -0.776209 0.303690 0.465753 0.986301
  37 0.690000 -2.330000 1.290001 -0.473822 -0.772185 0.423347 0.469667 0.986301
knife_butterfly.bmp
  37 0.690000 -2.330000 1.290001 -0.473822 -0.772185 0.423347 0.469667 0.986301
  37 0.690000 -2.330000 1.260001 -0.552514 -0.776209 0.303690 0.465753 0.986301
  37 0.690000 -2.380000 1.180002 -0.273644 -0.950846 0.144954 0.457926 0.990215
knife_butterfly.bmp
  37 0.690000 -2.330000 1.260001 -0.552514 -0.776209 0.303690 0.465753 0.986301
  37 0.690000 -2.380000 1.180002 -0.545531 -0.826845 0.136829 0.457926 0.988258
  37 0.690000 -2.380000 1.180002 -0.273644 -0.950846 0.144954 0.457926 0.990215
knife_butterfly.bmp
  37 0.690000 -2.380000 1.180002 -0.273644 -0.950846 0.144954 0.457926 0.990215
  37 0.690000 -2.380000 1.180002 -0.545531 -0.826845 0.136829 0.457926 0.988258
  37 0.690000 -2.380000 1.100001 -0.534131 -0.843964 -0.049290 0.448141 0.988258
knife_butterfly.bmp
  37 0.710000 -1.950000 1.450001 -0.311921 0.197627 0.929327 0.491194 0.941292
  37 0.690000 -2.010000 1.450001 -0.692807 0.029818 0.720506 0.491194 0.947162
  37 0.710000 -1.990000 1.460001 -0.303234 0.025477 0.952575 0.491194 0.947162
knife_butterfly.bmp
  37 0.710000 -1.990000 1.460001 -0.303234 0.025477 0.952575 0.491194 0.947162
  37 0.690000 -2.010000 1.450001 -0.692807 0.029818 0.720506 0.491194 0.947162
  37 0.710000 -2.080000 1.450001 -0.311919 -0.132130 0.940876 0.491194 0.956947
knife_butterfly.bmp
  37 0.690000 -2.010000 1.450001 -0.692807 0.029818 0.720506 0.491194 0.947162
  37 0.690000 -2.080000 1.440001 -0.683229 -0.101530 0.723111 0.489237 0.956947
  37 0.710000 -2.080000 1.450001 -0.311919 -0.132130 0.940876 0.491194 0.956947
knife_butterfly.bmp
  37 0.710000 -2.080000 1.450001 -0.311919 -0.132130 0.940876 0.491194 0.956947
  37 0.690000 -2.080000 1.440001 -0.683229 -0.101530 0.723111 0.489237 0.956947
  37 0.710000 -2.180000 1.450001 -0.287277 -0.371901 0.882701 0.487280 0.964775
knife_butterfly.bmp
  37 0.690000 -2.080000 1.440001 -0.683229 -0.101530 0.723111 0.489237 0.956947
  37 0.690000 -2.180000 1.440001 -0.667524 -0.297152 0.682724 0.487280 0.964775
  37 0.710000 -2.180000 1.450001 -0.287277 -0.371901 0.882701 0.487280 0.964775
knife_butterfly.bmp
  37 0.710000 -2.180000 1.450001 -0.287277 -0.371901 0.882701 0.487280 0.964775
  37 0.690000 -2.180000 1.440001 -0.667524 -0.297152 0.682724 0.487280 0.964775
  37 0.710000 -2.250000 1.410001 -0.256684 -0.556455 0.790235 0.483366 0.974560
knife_butterfly.bmp
  37 0.690000 -2.180000 1.440001 -0.667524 -0.297152 0.682724 0.487280 0.964775
  37 0.690000 -2.250000 1.400001 -0.645060 -0.446765 0.619919 0.481409 0.974560
  37 0.710000 -2.250000 1.410001 -0.256684 -0.556455 0.790235 0.483366 0.974560
knife_butterfly.bmp
  37 0.710000 -2.250000 1.410001 -0.256684 -0.556455 0.790235 0.483366 0.974560
  37 0.690000 -2.250000 1.400001 -0.645060 -0.446765 0.619919 0.481409 0.974560
  37 0.710000 -2.280000 1.360001 -0.208276 -0.720986 0.660908 0.477495 0.980431
knife_butterfly.bmp
  37 0.690000 -2.250000 1.400001 -0.645060 -0.446765 0.619919 0.481409 0.974560
  37 0.690000 -2.280000 1.350001 -0.592073 -0.601945 0.535828 0.477495 0.980431
  37 0.710000 -2.280000 1.360001 -0.208276 -0.720986 0.660908 0.477495 0.980431
knife_butterfly.bmp
  37 0.710000 -2.280000 1.360001 -0.208276 -0.720986 0.660908 0.477495 0.980431
  37 0.690000 -2.280000 1.350001 -0.592073 -0.601945 0.535828 0.477495 0.980431
  37 0.710000 -2.300000 1.320001 -0.163082 -0.811269 0.561469 0.473581 0.982387
knife_butterfly.bmp
  37 0.690000 -2.280000 1.350001 -0.592073 -0.601945 0.535828 0.477495 0.980431
  37 0.690000 -2.310000 1.320001 -0.545502 -0.684245 0.483979 0.473581 0.982387
  37 0.710000 -2.300000 1.320001 -0.163082 -0.811269 0.561469 0.473581 0.982387
knife_butterfly.bmp
  37 0.710000 -2.300000 1.320001 -0.163082 -0.811269 0.561469 0.473581 0.982387
  37 0.690000 -2.310000 1.320001 -0.545502 -0.684245 0.483979 0.473581 0.982387
  37 0.710000 -2.330000 1.290001 -0.118347 -0.869231 0.480033 0.469667 0.986301
knife_butterfly.bmp
  37 0.690000 -2.310000 1.320001 -0.545502 -0.684245 0.483979 0.473581 0.982387
  37 0.690000 -2.330000 1.290001 -0.473822 -0.772185 0.423347 0.469667 0.986301
  37 0.710000 -2.330000 1.290001 -0.118347 -0.869231 0.480033 0.469667 0.986301
knife_butterfly.bmp
  37 0.710000 -2.330000 1.290001 -0.118347 -0.869231 0.480033 0.469667 0.986301
  37 0.690000 -2.330000 1.290001 -0.473822 -0.772185 0.423347 0.469667 0.986301
  37 0.710000 -2.380000 1.180002 0.000000 -0.988269 0.152723 0.457926 0.990215
knife_butterfly.bmp
  37 0.690000 -2.330000 1.290001 -0.473822 -0.772185 0.423347 0.469667 0.986301
  37 0.690000 -2.380000 1.180002 -0.273644 -0.950846 0.144954 0.457926 0.990215
  37 0.710000 -2.380000 1.180002 0.000000 -0.988269 0.152723 0.457926 0.990215
knife_butterfly.bmp
  37 0.710000 -2.380000 1.180002 0.000000 -0.988269 0.152723 0.457926 0.990215
  37 0.690000 -2.380000 1.180002 -0.273644 -0.950846 0.144954 0.457926 0.990215
  37 0.690000 -2.380000 1.070001 -0.448602 -0.878716 -0.163139 0.444227 0.990215
knife_butterfly.bmp
  37 0.690000 -2.380000 1.180002 -0.273644 -0.950846 0.144954 0.457926 0.990215
  37 0.690000 -2.380000 1.100001 -0.534131 -0.843964 -0.049290 0.448141 0.988258
  37 0.690000 -2.380000 1.070001 -0.448602 -0.878716 -0.163139 0.444227 0.990215
knife_butterfly.bmp
  37 0.690000 -2.380000 1.070001 -0.448602 -0.878716 -0.163139 0.444227 0.990215
  37 0.690000 -2.380000 1.100001 -0.534131 -0.843964 -0.049290 0.448141 0.988258
  37 0.690000 -2.330000 1.020001 -0.793889 -0.571200 -0.208498 0.438356 0.986301
knife_butterfly.bmp
  40 1.290002 -2.368562 0.158158 0.687559 0.160821 -0.708095 0.620352 0.945205
  40 1.290002 -2.318562 0.168157 0.675871 0.268215 -0.686484 0.622309 0.939335
  40 1.300002 -2.368562 0.178158 0.943847 0.077609 -0.321138 0.624266 0.945205
knife_butterfly.bmp
  40 1.300002 -2.368562 0.178158 0.943847 0.077609 -0.321138 0.624266 0.945205
  40 1.290002 -2.318562 0.168157 0.675871 0.268215 -0.686484 0.622309 0.939335
  40 1.300002 -2.318562 0.198158 0.937282 0.133814 -0.321864 0.624266 0.939335
knife_butterfly.bmp
  40 1.290002 -2.318562 0.168157 0.675871 0.268215 -0.686484 0.622309 0.939335
  40 1.290002 -2.268562 0.198157 0.636407 0.439072 -0.634194 0.624266 0.933464
  40 1.300002 -2.318562 0.198158 0.937282 0.133814 -0.321864 0.624266 0.939335
knife_butterfly.bmp
  40 1.300002 -2.318562 0.198158 0.937282 0.133814 -0.321864 0.624266 0.939335
  40 1.290002 -2.268562 0.198157 0.636407 0.439072 -0.634194 0.624266 0.933464
  40 1.300002 -2.268562 0.218157 0.911312 0.257580 -0.321191 0.628180 0.933464
knife_butterfly.bmp
  40 1.290002 -2.268562 0.198157 0.636407 0.439072 -0.634194 0.624266 0.933464
  40 1.290002 -2.248562 0.238157 0.623053 0.529987 -0.575255 0.630137 0.929550
  40 1.300002 -2.268562 0.218157 0.911312 0.257580 -0.321191 0.628180 0.933464
knife_butterfly.bmp
  40 1.300002 -2.268562 0.218157 0.911312 0.257580 -0.321191 0.628180 0.933464
  40 1.290002 -2.248562 0.238157 0.623053 0.529987 -0.575255 0.630137 0.929550
  40 1.300002 -2.248562 0.268157 0.911312 0.257580 -0.321191 0.632094 0.927593
knife_butterfly.bmp
  40 1.290002 -2.248562 0.238157 0.623053 0.529987 -0.575255 0.630137 0.929550
  40 1.290002 -2.188562 0.268157 0.569042 0.618710 -0.541653 0.634051 0.923679
  40 1.300002 -2.248562 0.268157 0.911312 0.257580 -0.321191 0.632094 0.927593
knife_butterfly.bmp
  40 1.300002 -2.248562 0.268157 0.911312 0.257580 -0.321191 0.632094 0.927593
  40 1.290002 -2.188562 0.268157 0.569042 0.618710 -0.541653 0.634051 0.923679
  40 1.300002 -2.198562 0.298157 0.818080 0.461980 -0.342519 0.636008 0.923679
knife_butterfly.bmp
  40 1.290002 -2.188562 0.268157 0.569042 0.618710 -0.541653 0.634051 0.923679
  40 1.290002 -2.188562 0.288157 0.578906 0.576743 -0.576398 0.637965 0.921722
  40 1.300002 -2.198562 0.298157 0.818080 0.461980 -0.342519 0.636008 0.923679
knife_butterfly.bmp
  40 1.300002 -2.198562 0.298157 0.818080 0.461980 -0.342519 0.636008 0.923679
  40 1.290002 -2.188562 0.288157 0.578906 0.576743 -0.576398 0.637965 0.921722
  40 1.300002 -2.178562 0.318157 0.896432 0.260690 -0.358399 0.641879 0.921722
knife_butterfly.bmp
  40 1.290002 -2.188562 0.288157 0.578906 0.576743 -0.576398 0.637965 0.921722
  40 1.290002 -2.148562 0.328157 0.702976 0.217995 -0.676981 0.639922 0.917808
  40 1.300002 -2.178562 0.318157 0.896432 0.260690 -0.358399 0.641879 0.921722
knife_butterfly.bmp
  40 1.300002 -2.178562 0.318157 0.896432 0.260690 -0.358399 0.641879 0.921722
  40 1.290002 -2.148562 0.328157 0.702976 0.217995 -0.676981 0.639922 0.917808
  40 1.300002 -2.148562 0.338157 0.943847 0.077609 -0.321138 0.643836 0.915851
knife_butterfly.bmp
  40 1.290002 -2.148562 0.328157 0.702976 0.217995 -0.676981 0.639922 0.917808
  40 1.290002 -2.118562 0.328157 0.727935 -0.048820 -0.683905 0.639922 0.913894
  40 1.300002 -2.148562 0.338157 0.943847 0.077609 -0.321138 0.643836 0.915851
knife_butterfly.bmp
  40 1.300002 -2.148562 0.338157 0.943847 0.077609 -0.321138 0.643836 0.915851
  40 1.290002 -2.118562 0.328157 0.727935 -0.048820 -0.683905 0.639922 0.913894
  40 1.300002 -2.108562 0.358157 0.947645 -0.028036 -0.318092 0.643836 0.911937
knife_butterfly.bmp
  40 1.290002 -2.118562 0.328157 0.727935 -0.048820 -0.683905 0.639922 0.913894
  40 1.290002 -2.088562 0.318157 0.733088 -0.286156 -0.617006 0.639922 0.909980
  40 1.300002 -2.108562 0.358157 0.947645 -0.028036 -0.318092 0.643836 0.911937
knife_butterfly.bmp
  40 1.300002 -2.108562 0.358157 0.947645 -0.028036 -0.318092 0.643836 0.911937
  40 1.290002 -2.088562 0.318157 0.733088 -0.286156 -0.617006 0.639922 0.909980
  40 1.300002 -2.088562 0.348157 0.948410 -0.095635 -0.302280 0.643836 0.909980
knife_butterfly.bmp
  40 1.290002 -2.088562 0.318157 0.733088 -0.286156 -0.617006 0.639922 0.909980
  40 1.300002 -2.058562 0.328157 0.948410 -0.095635 -0.302280 0.641879 0.906067
  40 1.300002 -2.088562 0.348157 0.948410 -0.095635 -0.302280 0.643836 0.909980
knife_butterfly.bmp
  37 1.250000 -1.990000 1.460001 0.303237 0.025479 0.952574 0.493151 0.947162
  37 1.250000 -2.080000 1.450001 0.304140 -0.128447 0.943928 0.493151 0.956947
  37 1.270000 -2.010000 1.450001 0.699928 0.019939 0.713935 0.491194 0.947162
knife_butterfly.bmp
  37 1.270000 -2.010000 1.450001 0.699928 0.019939 0.713935 0.491194 0.947162
  37 1.250000 -2.080000 1.450001 0.304140 -0.128447 0.943928 0.493151 0.956947
  37 1.270000 -2.080000 1.440001 0.705072 -0.138242 0.695530 0.491194 0.956947
knife_butterfly.bmp
  37 1.250000 -2.080000 1.450001 0.304140 -0.128447 0.943928 0.493151 0.956947
  37 1.250000 -2.180000 1.450001 0.287298 -0.371905 0.882693 0.489237 0.964775
  37 1.270000 -2.080000 1.440001 0.705072 -0.138242 0.695530 0.491194 0.956947
knife_butterfly.bmp
  37 1.270000 -2.080000 1.440001 0.705072 -0.138242 0.695530 0.491194 0.956947
  37 1.250000 -2.180000 1.450001 0.287298 -0.371905 0.882693 0.489237 0.964775
  37 1.270000 -2.180000 1.440001 0.667535 -0.297154 0.682712 0.489237 0.964775
knife_butterfly.bmp
  37 1.250000 -2.180000 1.450001 0.287298 -0.371905 0.882693 0.489237 0.964775
  37 1.250000 -2.250000 1.410001 0.256688 -0.556456 0.790233 0.485323 0.974560
  37 1.270000 -2.180000 1.440001 0.667535 -0.297154 0.682712 0.489237 0.964775
knife_butterfly.bmp
  37 1.270000 -2.180000 1.440001 0.667535 -0.297154 0.682712 0.489237 0.964775
  37 1.250000 -2.250000 1.410001 0.256688 -0.556456 0.790233 0.485323 0.974560
  37 1.270000 -2.250000 1.400001 0.645060 -0.446765 0.619919 0.483366 0.974560
knife_butterfly.bmp
  37 1.250000 -2.250000 1.410001 0.256688 -0.556456 0.790233 0.485323 0.974560
  37 1.250000 -2.280000 1.360001 0.208278 -0.720982 0.660912 0.479452 0.980431
  37 1.270000 -2.250000 1.400001 0.645060 -0.446765 0.619919 0.483366 0.974560
knife_butterfly.bmp
  37 1.270000 -2.250000 1.400001 0.645060 -0.446765 0.619919 0.483366 0.974560
  37 1.250000 -2.280000 1.360001 0.208278 -0.720982 0.660912 0.479452 0.980431
  37 1.270000 -2.280000 1.350001 0.592075 -0.601942 0.535829 0.477495 0.980431
knife_butterfly.bmp
  37 1.250000 -2.280000 1.360001 0.208278 -0.720982 0.660912 0.479452 0.980431
  37 1.250000 -2.300000 1.320001 0.163099 -0.811265 0.561469 0.475538 0.982387
  37 1.270000 -2.280000 1.350001 0.592075 -0.601942 0.535829 0.477495 0.980431
knife_butterfly.bmp
  37 1.270000 -2.280000 1.350001 0.592075 -0.601942 0.535829 0.477495 0.980431
  37 1.250000 -2.300000 1.320001 0.163099 -0.811265 0.561469 0.475538 0.982387
  37 1.270000 -2.310000 1.320001 0.545511 -0.684240 0.483976 0.473581 0.982387
knife_butterfly.bmp
  37 1.250000 -2.300000 1.320001 0.163099 -0.811265 0.561469 0.475538 0.982387
  37 1.250000 -2.330000 1.290001 0.118365 -0.869228 0.480034 0.471624 0.986301
  37 1.270000 -2.310000 1.320001 0.545511 -0.684240 0.483976 0.473581 0.982387
knife_butterfly.bmp
  37 1.270000 -2.310000 1.320001 0.545511 -0.684240 0.483976 0.473581 0.982387
  37 1.250000 -2.330000 1.290001 0.118365 -0.869228 0.480034 0.471624 0.986301
  37 1.270000 -2.330000 1.290001 0.473829 -0.772182 0.423344 0.469667 0.986301
knife_butterfly.bmp
  37 1.250000 -2.330000 1.290001 0.118365 -0.869228 0.480034 0.471624 0.986301
  37 1.250000 -2.380000 1.180002 0.000000 -0.988269 0.152723 0.457926 0.990215
  37 1.270000 -2.330000 1.290001 0.473829 -0.772182 0.423344 0.469667 0.986301
knife_butterfly.bmp
  37 1.270000 -2.330000 1.290001 0.473829 -0.772182 0.423344 0.469667 0.986301
  37 1.250000 -2.380000 1.180002 0.000000 -0.988269 0.152723 0.457926 0.990215
  37 1.270000 -2.380000 1.180002 0.273643 -0.950846 0.144956 0.457926 0.990215
knife_butterfly.bmp
  37 1.250000 -2.380000 1.180002 0.000000 -0.988269 0.152723 0.457926 0.990215
  37 1.270000 -2.380000 1.070001 0.448600 -0.878717 -0.163139 0.446184 0.990215
  37 1.270000 -2.380000 1.180002 0.273643 -0.950846 0.144956 0.457926 0.990215
knife_butterfly.bmp
  37 1.270000 -2.380000 1.180002 0.273643 -0.950846 0.144956 0.457926 0.990215
  37 1.270000 -2.380000 1.070001 0.448600 -0.878717 -0.163139 0.446184 0.990215
  37 1.280000 -2.380000 1.100001 0.534130 -0.843964 -0.049289 0.448141 0.988258
knife_butterfly.bmp
  37 1.270000 -2.380000 1.070001 0.448600 -0.878717 -0.163139 0.446184 0.990215
  37 1.280000 -2.330000 1.020001 0.793881 -0.571209 -0.208501 0.440313 0.986301
  37 1.280000 -2.380000 1.100001 0.534130 -0.843964 -0.049289 0.448141 0.988258
knife_butterfly.bmp
  37 1.250000 -1.950000 1.450001 0.316017 0.206053 0.926108 0.491194 0.941292
  37 1.270000 -2.010000 1.450001 0.699928 0.019939 0.713935 0.491194 0.947162
  37 1.270000 -1.950000 1.440001 0.706989 0.153500 0.690365 0.491194 0.941292
knife_butterfly.bmp
  37 1.270000 -1.950000 1.440001 0.706989 0.153500 0.690365 0.491194 0.941292
  37 1.270000 -2.010000 1.450001 0.699928 0.019939 0.713935 0.491194 0.947162
  37 1.280000 -2.020000 1.420001 0.943555 -0.002280 0.331207 0.489237 0.947162
knife_butterfly.bmp
  37 1.270000 -2.010000 1.450001 0.699928 0.019939 0.713935 0.491194 0.947162
  37 1.270000 -2.080000 1.440001 0.705072 -0.138242 0.695530 0.491194 0.956947
  37 1.280000 -2.020000 1.420001 0.943555 -0.002280 0.331207 0.489237 0.947162
knife_butterfly.bmp
  37 1.280000 -2.020000 1.420001 0.943555 -0.002280 0.331207 0.489237 0.947162
  37 1.270000 -2.080000 1.440001 0.705072 -0.138242 0.695530 0.491194 0.956947
  37 1.280000 -2.080000 1.420001 0.943964 -0.089438 0.317698 0.487280 0.956947
knife_butterfly.bmp
  37 1.270000 -2.080000 1.440001 0.705072 -0.138242 0.695530 0.491194 0.956947
  37 1.270000 -2.180000 1.440001 0.667535 -0.297154 0.682712 0.489237 0.964775
  37 1.280000 -2.080000 1.420001 0.943964 -0.089438 0.317698 0.487280 0.956947
knife_butterfly.bmp
  37 1.280000 -2.080000 1.420001 0.943964 -0.089438 0.317698 0.487280 0.956947
  37 1.270000 -2.180000 1.440001 0.667535 -0.297154 0.682712 0.489237 0.964775
  37 1.280000 -2.180000 1.410001 0.934907 -0.153832 0.319821 0.485323 0.966732
knife_butterfly.bmp
  37 1.270000 -2.180000 1.440001 0.667535 -0.297154 0.682712 0.489237 0.964775
  37 1.270000 -2.250000 1.400001 0.645060 -0.446765 0.619919 0.483366 0.974560
  37 1.280000 -2.180000 1.410001 0.934907 -0.153832 0.319821 0.485323 0.966732
knife_butterfly.bmp
  37 1.280000 -2.180000 1.410001 0.934907 -0.153832 0.319821 0.485323 0.966732
  37 1.270000 -2.250000 1.400001 0.645060 -0.446765 0.619919 0.483366 0.974560
  37 1.280000 -2.250000 1.370001 0.916824 -0.245843 0.314635 0.481409 0.974560
knife_butterfly.bmp
  37 1.270000 -2.250000 1.400001 0.645060 -0.446765 0.619919 0.483366 0.974560
  37 1.270000 -2.280000 1.350001 0.592075 -0.601942 0.535829 0.477495 0.980431
  37 1.280000 -2.250000 1.370001 0.916824 -0.245843 0.314635 0.481409 0.974560
knife_butterfly.bmp
  37 1.280000 -2.250000 1.370001 0.916824 -0.245843 0.314635 0.481409 0.974560
  37 1.270000 -2.280000 1.350001 0.592075 -0.601942 0.535829 0.477495 0.980431
  37 1.280000 -2.280000 1.330001 0.859283 -0.405662 0.311563 0.475538 0.980431
knife_butterfly.bmp
  37 1.270000 -2.280000 1.350001 0.592075 -0.601942 0.535829 0.477495 0.980431
  37 1.270000 -2.310000 1.320001 0.545511 -0.684240 0.483976 0.473581 0.982387
  37 1.280000 -2.280000 1.330001 0.859283 -0.405662 0.311563 0.475538 0.980431
knife_butterfly.bmp
  37 1.280000 -2.280000 1.330001 0.859283 -0.405662 0.311563 0.475538 0.980431
  37 1.270000 -2.310000 1.320001 0.545511 -0.684240 0.483976 0.473581 0.982387
  37 1.280000 -2.310000 1.290001 0.835214 -0.440536 0.329159 0.471624 0.982387
knife_butterfly.bmp
  37 1.270000 -2.310000 1.320001 0.545511 -0.684240 0.483976 0.473581 0.982387
  37 1.270000 -2.330000 1.290001 0.473829 -0.772182 0.423344 0.469667 0.986301
  37 1.280000 -2.310000 1.290001 0.835214 -0.440536 0.329159 0.471624 0.982387
knife_butterfly.bmp
  37 1.280000 -2.310000 1.290001 0.835214 -0.440536 0.329159 0.471624 0.982387
  37 1.270000 -2.330000 1.290001 0.473829 -0.772182 0.423344 0.469667 0.986301
  37 1.280000 -2.330000 1.260001 0.552519 -0.776205 0.303691 0.467710 0.986301
knife_butterfly.bmp
  37 1.270000 -2.330000 1.290001 0.473829 -0.772182 0.423344 0.469667 0.986301
  37 1.270000 -2.380000 1.180002 0.273643 -0.950846 0.144956 0.457926 0.990215
  37 1.280000 -2.330000 1.260001 0.552519 -0.776205 0.303691 0.467710 0.986301
knife_butterfly.bmp
  37 1.280000 -2.330000 1.260001 0.552519 -0.776205 0.303691 0.467710 0.986301
  37 1.270000 -2.380000 1.180002 0.273643 -0.950846 0.144956 0.457926 0.990215
  37 1.280000 -2.380000 1.180002 0.545531 -0.826845 0.136831 0.457926 0.988258
knife_butterfly.bmp
  37 1.270000 -2.380000 1.180002 0.273643 -0.950846 0.144956 0.457926 0.990215
  37 1.280000 -2.380000 1.100001 0.534130 -0.843964 -0.049289 0.448141 0.988258
  37 1.280000 -2.380000 1.180002 0.545531 -0.826845 0.136831 0.457926 0.988258
knife_butterfly.bmp
  40 0.690002 -2.058562 0.328156 -0.947562 -0.127914 -0.292854 0.641879 0.906067
  40 0.700002 -2.088562 0.318156 -0.733071 -0.286174 -0.617018 0.639922 0.909980
  40 0.690002 -2.088562 0.348156 -0.947562 -0.127914 -0.292854 0.643836 0.909980
knife_butterfly.bmp
  40 0.690002 -2.088562 0.348156 -0.947562 -0.127914 -0.292854 0.643836 0.909980
  40 0.700002 -2.088562 0.318156 -0.733071 -0.286174 -0.617018 0.639922 0.909980
  40 0.690002 -2.108562 0.358156 -0.947641 -0.028051 -0.318102 0.643836 0.911937
knife_butterfly.bmp
  40 0.700002 -2.088562 0.318156 -0.733071 -0.286174 -0.617018 0.639922 0.909980
  40 0.700002 -2.118562 0.328156 -0.727934 -0.048820 -0.683907 0.639922 0.913894
  40 0.690002 -2.108562 0.358156 -0.947641 -0.028051 -0.318102 0.643836 0.911937
knife_butterfly.bmp
  40 0.690002 -2.108562 0.358156 -0.947641 -0.028051 -0.318102 0.643836 0.911937
  40 0.700002 -2.118562 0.328156 -0.727934 -0.048820 -0.683907 0.639922 0.913894
  40 0.690002 -2.148562 0.348156 -0.937074 0.083449 -0.339010 0.643836 0.915851
knife_butterfly.bmp
  40 0.700002 -2.118562 0.328156 -0.727934 -0.048820 -0.683907 0.639922 0.913894
  40 0.700002 -2.148562 0.328156 -0.702972 0.217996 -0.676984 0.639922 0.917808
  40 0.690002 -2.148562 0.348156 -0.937074 0.083449 -0.339010 0.643836 0.915851
knife_butterfly.bmp
  40 0.690002 -2.148562 0.348156 -0.937074 0.083449 -0.339010 0.643836 0.915851
  40 0.700002 -2.148562 0.328156 -0.702972 0.217996 -0.676984 0.639922 0.917808
  40 0.690002 -2.178562 0.338156 -0.896434 0.260691 -0.358395 0.641879 0.921722
knife_butterfly.bmp
  40 0.700002 -2.148562 0.328156 -0.702972 0.217996 -0.676984 0.639922 0.917808
  40 0.700002 -2.188562 0.308156 -0.578905 0.576744 -0.576398 0.637965 0.921722
  40 0.690002 -2.178562 0.338156 -0.896434 0.260691 -0.358395 0.641879 0.921722
knife_butterfly.bmp
  40 0.690002 -2.178562 0.338156 -0.896434 0.260691 -0.358395 0.641879 0.921722
  40 0.700002 -2.188562 0.308156 -0.578905 0.576744 -0.576398 0.637965 0.921722
  40 0.690002 -2.198562 0.298156 -0.818092 0.461964 -0.342512 0.636008 0.923679
knife_butterfly.bmp
  40 0.700002 -2.188562 0.308156 -0.578905 0.576744 -0.576398 0.637965 0.921722
  40 0.700002 -2.188562 0.268156 -0.569045 0.618703 -0.541659 0.634051 0.923679
  40 0.690002 -2.198562 0.298156 -0.818092 0.461964 -0.342512 0.636008 0.923679
knife_butterfly.bmp
  40 0.690002 -2.198562 0.298156 -0.818092 0.461964 -0.342512 0.636008 0.923679
  40 0.700002 -2.188562 0.268156 -0.569045 0.618703 -0.541659 0.634051 0.923679
  40 0.690002 -2.248562 0.258156 -0.900232 0.289200 -0.325493 0.632094 0.927593
knife_butterfly.bmp
  40 0.700002 -2.188562 0.268156 -0.569045 0.618703 -0.541659 0.634051 0.923679
  40 0.700002 -2.248562 0.218156 -0.623073 0.529971 -0.575249 0.630137 0.929550
  40 0.690002 -2.248562 0.258156 -0.900232 0.289200 -0.325493 0.632094 0.927593
knife_butterfly.bmp
  40 0.690002 -2.248562 0.258156 -0.900232 0.289200 -0.325493 0.632094 0.927593
  40 0.700002 -2.248562 0.218156 -0.623073 0.529971 -0.575249 0.630137 0.929550
  40 0.690002 -2.268562 0.208156 -0.900232 0.289200 -0.325493 0.628180 0.933464
knife_butterfly.bmp
  40 0.700002 -2.248562 0.218156 -0.623073 0.529971 -0.575249 0.630137 0.929550
  40 0.700002 -2.268562 0.198156 -0.636419 0.439069 -0.634183 0.624266 0.933464
  40 0.690002 -2.268562 0.208156 -0.900232 0.289200 -0.325493 0.628180 0.933464
knife_butterfly.bmp
  40 0.690002 -2.268562 0.208156 -0.900232 0.289200 -0.325493 0.628180 0.933464
  40 0.700002 -2.268562 0.198156 -0.636419 0.439069 -0.634183 0.624266 0.933464
  40 0.690002 -2.318562 0.198156 -0.937284 0.133804 -0.321862 0.624266 0.939335
knife_butterfly.bmp
  40 0.700002 -2.268562 0.198156 -0.636419 0.439069 -0.634183 0.624266 0.933464
  40 0.700002 -2.318562 0.168156 -0.675858 0.268213 -0.686497 0.622309 0.939335
  40 0.690002 -2.318562 0.198156 -0.937284 0.133804 -0.321862 0.624266 0.939335
knife_butterfly.bmp
  40 0.690002 -2.318562 0.198156 -0.937284 0.133804 -0.321862 0.624266 0.939335
  40 0.700002 -2.318562 0.168156 -0.675858 0.268213 -0.686497 0.622309 0.939335
  40 0.690002 -2.368562 0.178156 -0.937074 0.083449 -0.339010 0.624266 0.945205
knife_butterfly.bmp
  40 0.700002 -2.318562 0.168156 -0.675858 0.268213 -0.686497 0.622309 0.939335
  40 0.700002 -2.368562 0.158156 -0.687549 0.160822 -0.708105 0.620352 0.945205
  40 0.690002 -2.368562 0.178156 -0.937074 0.083449 -0.339010 0.624266 0.945205
knife_butterfly.bmp
  37 0.710000 -2.380000 1.180002 0.000000 -0.988269 0.152723 0.909980 0.945205
  37 0.710000 -2.380000 1.060001 0.000001 -0.985474 -0.169827 0.909980 0.931507
  37 0.880000 -2.380000 1.180002 0.000000 -0.988269 0.152723 0.927593 0.945205
knife_butterfly.bmp
  37 0.880000 -2.380000 1.180002 0.000000 -0.988269 0.152723 0.927593 0.945205
  37 0.710000 -2.380000 1.060001 0.000001 -0.985474 -0.169827 0.909980 0.931507
  37 0.880000 -2.380000 1.060001 0.000001 -0.985474 -0.169827 0.927593 0.931507
knife_butterfly.bmp
  37 0.710000 -2.380000 1.060001 0.000001 -0.985474 -0.169827 0.909980 0.931507
  37 0.710000 -2.340000 1.000001 0.000001 -0.913194 -0.407525 0.909980 0.923679
  37 0.880000 -2.380000 1.060001 0.000001 -0.985474 -0.169827 0.927593 0.931507
knife_butterfly.bmp
  37 0.880000 -2.380000 1.060001 0.000001 -0.985474 -0.169827 0.927593 0.931507
  37 0.710000 -2.340000 1.000001 0.000001 -0.913194 -0.407525 0.909980 0.923679
  37 0.880000 -2.340000 1.000001 0.000001 -0.913194 -0.407525 0.927593 0.923679
knife_butterfly.bmp
  37 0.710000 -2.340000 1.000001 0.000001 -0.913194 -0.407525 0.909980 0.923679
  37 0.710000 -2.300000 0.950001 0.000000 -0.808512 -0.588480 0.909980 0.915851
  37 0.880000 -2.340000 1.000001 0.000001 -0.913194 -0.407525 0.927593 0.923679
knife_butterfly.bmp
  37 0.880000 -2.340000 1.000001 0.000001 -0.913194 -0.407525 0.927593 0.923679
  37 0.710000 -2.300000 0.950001 0.000000 -0.808512 -0.588480 0.909980 0.915851
  37 0.880000 -2.300000 0.950001 0.000000 -0.808512 -0.588480 0.927593 0.915851
knife_butterfly.bmp
  37 0.710000 -2.300000 0.950001 0.000000 -0.808512 -0.588480 0.909980 0.915851
  37 0.710000 -2.250000 0.890001 0.000000 -0.646090 -0.763261 0.909980 0.908023
  37 0.880000 -2.300000 0.950001 0.000000 -0.808512 -0.588480 0.927593 0.915851
knife_butterfly.bmp
  37 0.880000 -2.300000 0.950001 0.000000 -0.808512 -0.588480 0.927593 0.915851
  37 0.710000 -2.250000 0.890001 0.000000 -0.646090 -0.763261 0.909980 0.908023
  37 0.880000 -2.250000 0.890001 0.000000 -0.646090 -0.763261 0.927593 0.908023
knife_butterfly.bmp
  37 0.710000 -2.250000 0.890001 0.000000 -0.646090 -0.763261 0.909980 0.908023
  37 0.710000 -2.210000 0.860001 0.000000 -0.476682 -0.879076 0.909980 0.900196
  37 0.880000 -2.250000 0.890001 0.000000 -0.646090 -0.763261 0.927593 0.908023
knife_butterfly.bmp
  37 0.880000 -2.250000 0.890001 0.000000 -0.646090 -0.763261 0.927593 0.908023
  37 0.710000 -2.210000 0.860001 0.000000 -0.476682 -0.879076 0.909980 0.900196
  37 0.880000 -2.210000 0.860001 0.000000 -0.476682 -0.879076 0.927593 0.900196
knife_butterfly.bmp
  37 0.710000 -2.210000 0.860001 0.000000 -0.476682 -0.879076 0.909980 0.900196
  37 0.710000 -2.130000 0.830001 0.000000 -0.294783 -0.955564 0.909980 0.892368
  37 0.880000 -2.210000 0.860001 0.000000 -0.476682 -0.879076 0.927593 0.900196
knife_butterfly.bmp
  37 0.880000 -2.210000 0.860001 0.000000 -0.476682 -0.879076 0.927593 0.900196
  37 0.710000 -2.130000 0.830001 0.000000 -0.294783 -0.955564 0.909980 0.892368
  37 0.880000 -2.130000 0.830001 0.000000 -0.294783 -0.955564 0.927593 0.892368
knife_butterfly.bmp
  37 0.710000 -2.130000 0.830001 0.000000 -0.294783 -0.955564 0.909980 0.892368
  37 0.710000 -2.050000 0.810001 0.000000 -0.118385 -0.992968 0.909980 0.884540
  37 0.880000 -2.130000 0.830001 0.000000 -0.294783 -0.955564 0.927593 0.892368
knife_butterfly.bmp
  37 0.880000 -2.130000 0.830001 0.000000 -0.294783 -0.955564 0.927593 0.892368
  37 0.710000 -2.050000 0.810001 0.000000 -0.118385 -0.992968 0.909980 0.884540
  37 0.880000 -2.050000 0.810001 0.000000 -0.118385 -0.992968 0.927593 0.884540
knife_butterfly.bmp
  37 0.710000 -2.050000 0.810001 0.000000 -0.118385 -0.992968 0.909980 0.884540
  37 0.880000 -2.000000 0.810001 0.000000 0.040937 -0.999162 0.927593 0.878669
  37 0.880000 -2.050000 0.810001 0.000000 -0.118385 -0.992968 0.927593 0.884540
knife_butterfly.bmp
  40 1.270001 -0.858561 0.418154 0.700566 0.079763 -0.709115 0.651663 0.763209
  40 1.290001 -1.028562 0.388154 0.700566 0.079763 -0.709115 0.649706 0.782779
  40 1.240001 -0.858561 0.408154 0.158375 0.080178 -0.984118 0.649706 0.763209
knife_butterfly.bmp
  40 1.240001 -0.858561 0.408154 0.158375 0.080178 -0.984118 0.649706 0.763209
  40 1.290001 -1.028562 0.388154 0.700566 0.079763 -0.709115 0.649706 0.782779
  40 1.260002 -1.028562 0.378154 0.158375 0.080178 -0.984118 0.649706 0.782779
knife_butterfly.bmp
  40 1.290001 -1.028562 0.388154 0.700566 0.079763 -0.709115 0.649706 0.782779
  40 1.290001 -1.188562 0.388155 0.700566 0.079763 -0.709115 0.647750 0.802348
  40 1.260002 -1.028562 0.378154 0.158375 0.080178 -0.984118 0.649706 0.782779
knife_butterfly.bmp
  40 1.260002 -1.028562 0.378154 0.158375 0.080178 -0.984118 0.649706 0.782779
  40 1.290001 -1.188562 0.388155 0.700566 0.079763 -0.709115 0.647750 0.802348
  40 1.260002 -1.188562 0.378155 0.158375 0.080178 -0.984118 0.645793 0.802348
knife_butterfly.bmp
  40 1.290001 -1.188562 0.388155 0.700566 0.079763 -0.709115 0.647750 0.802348
  40 1.290002 -1.288562 0.378155 0.700566 0.079763 -0.709115 0.645793 0.814090
  40 1.260002 -1.188562 0.378155 0.158375 0.080178 -0.984118 0.645793 0.802348
knife_butterfly.bmp
  40 1.260002 -1.188562 0.378155 0.158375 0.080178 -0.984118 0.645793 0.802348
  40 1.290002 -1.288562 0.378155 0.700566 0.079763 -0.709115 0.645793 0.814090
  40 1.260002 -1.288562 0.368155 0.158653 0.130648 -0.978652 0.645793 0.814090
knife_butterfly.bmp
  40 1.290002 -1.288562 0.378155 0.700566 0.079763 -0.709115 0.645793 0.814090
  40 1.290002 -1.508562 0.348155 0.700566 0.079763 -0.709115 0.641879 0.839530
  40 1.260002 -1.288562 0.368155 0.158653 0.130648 -0.978652 0.645793 0.814090
knife_butterfly.bmp
  40 1.260002 -1.288562 0.368155 0.158653 0.130648 -0.978652 0.645793 0.814090
  40 1.290002 -1.508562 0.348155 0.700566 0.079763 -0.709115 0.641879 0.839530
  40 1.260002 -1.508562 0.338155 0.158653 0.130648 -0.978652 0.641879 0.839530
knife_butterfly.bmp
  40 1.290002 -1.508562 0.348155 0.700566 0.079763 -0.709115 0.641879 0.839530
  40 1.290002 -1.728562 0.318156 0.700566 0.079763 -0.709115 0.639922 0.866928
  40 1.260002 -1.508562 0.338155 0.158653 0.130648 -0.978652 0.641879 0.839530
knife_butterfly.bmp
  40 1.260002 -1.508562 0.338155 0.158653 0.130648 -0.978652 0.641879 0.839530
  40 1.290002 -1.728562 0.318156 0.700566 0.079763 -0.709115 0.639922 0.866928
  40 1.260002 -1.728562 0.308156 0.158375 0.080178 -0.984118 0.637965 0.866928
knife_butterfly.bmp
  40 1.290002 -1.728562 0.318156 0.700566 0.079763 -0.709115 0.639922 0.866928
  40 1.290002 -1.908562 0.308156 0.691806 0.027269 -0.721568 0.637965 0.888454
  40 1.260002 -1.728562 0.308156 0.158375 0.080178 -0.984118 0.637965 0.866928
knife_butterfly.bmp
  40 1.260002 -1.728562 0.308156 0.158375 0.080178 -0.984118 0.637965 0.866928
  40 1.290002 -1.908562 0.308156 0.691806 0.027269 -0.721568 0.637965 0.888454
  40 1.260002 -1.918562 0.298156 0.151029 0.037183 -0.987830 0.637965 0.888454
knife_butterfly.bmp
  40 1.290002 -1.908562 0.308156 0.691806 0.027269 -0.721568 0.637965 0.888454
  40 1.290002 -2.068562 0.308157 0.663577 -0.224288 -0.713695 0.637965 0.906067
  40 1.260002 -1.918562 0.298156 0.151029 0.037183 -0.987830 0.637965 0.888454
knife_butterfly.bmp
  40 1.260002 -1.918562 0.298156 0.151029 0.037183 -0.987830 0.637965 0.888454
  40 1.290002 -2.068562 0.308157 0.663577 -0.224288 -0.713695 0.637965 0.906067
  40 1.260002 -2.068562 0.298157 0.207327 -0.177109 -0.962106 0.636008 0.908023
knife_butterfly.bmp
  40 1.290002 -2.068562 0.308157 0.663577 -0.224288 -0.713695 0.637965 0.906067
  40 1.260002 -2.088562 0.318157 0.312272 -0.405082 -0.859299 0.637965 0.909980
  40 1.260002 -2.068562 0.298157 0.207327 -0.177109 -0.962106 0.636008 0.908023
knife_butterfly.bmp
  39 1.038071 -1.399111 1.107266 1.000000 0.000000 0.000002 0.213307 0.001957
  39 1.048072 -1.469111 0.877266 1.000000 0.000000 0.000002 0.183953 0.015656
  39 1.038071 -1.359111 0.997266 1.000000 0.000000 0.000002 0.197652 0.000000
knife_butterfly.bmp
  39 1.038071 -1.359111 0.997266 1.000000 0.000000 0.000002 0.197652 0.000000
  39 1.048072 -1.469111 0.877266 1.000000 0.000000 0.000002 0.183953 0.015656
  39 1.048072 -1.369111 0.887266 1.000000 0.000000 0.000002 0.181996 0.000000
knife_butterfly.bmp
  39 1.048072 -1.469111 0.877266 1.000000 0.000000 0.000002 0.183953 0.015656
  39 1.058072 -1.459112 0.827266 1.000000 0.000000 0.000002 0.176125 0.013699
  39 1.048072 -1.369111 0.887266 1.000000 0.000000 0.000002 0.181996 0.000000
knife_butterfly.bmp
  39 1.048072 -1.369111 0.887266 1.000000 0.000000 0.000002 0.181996 0.000000
  39 1.058072 -1.459112 0.827266 1.000000 0.000000 0.000002 0.176125 0.013699
  39 1.058072 -1.399112 0.817266 1.000000 0.000000 0.000002 0.172211 0.001957
knife_butterfly.bmp
  39 1.058072 -1.459112 0.827266 1.000000 0.000000 0.000002 0.176125 0.013699
  39 1.058072 -1.499112 0.797266 1.000000 0.000000 0.000002 0.174168 0.017613
  39 1.058072 -1.399112 0.817266 1.000000 0.000000 0.000002 0.172211 0.001957
knife_butterfly.bmp
  39 1.058072 -1.399112 0.817266 1.000000 0.000000 0.000002 0.172211 0.001957
  39 1.058072 -1.499112 0.797266 1.000000 0.000000 0.000002 0.174168 0.017613
  39 1.058072 -1.439112 0.727266 1.000000 0.000000 0.000002 0.162427 0.007828
knife_butterfly.bmp
  39 1.058072 -1.499112 0.797266 1.000000 0.000000 0.000002 0.174168 0.017613
  39 1.058072 -1.529112 0.787266 1.000000 0.000000 0.000002 0.170254 0.021526
  39 1.058072 -1.439112 0.727266 1.000000 0.000000 0.000002 0.162427 0.007828
knife_butterfly.bmp
  39 1.058072 -1.439112 0.727266 1.000000 0.000000 0.000002 0.162427 0.007828
  39 1.058072 -1.529112 0.787266 1.000000 0.000000 0.000002 0.170254 0.021526
  39 1.058072 -1.489112 0.647266 1.000000 0.000000 0.000002 0.152642 0.017613
knife_butterfly.bmp
  39 1.058072 -1.529112 0.787266 1.000000 0.000000 0.000002 0.170254 0.021526
  39 1.058072 -1.589112 0.717266 1.000000 0.000000 0.000002 0.158513 0.029354
  39 1.058072 -1.489112 0.647266 1.000000 0.000000 0.000002 0.152642 0.017613
knife_butterfly.bmp
  39 1.058072 -1.489112 0.647266 1.000000 0.000000 0.000002 0.152642 0.017613
  39 1.058072 -1.589112 0.717266 1.000000 0.000000 0.000002 0.158513 0.029354
  39 1.038072 -1.599112 0.607266 1.000000 0.000000 0.000002 0.144814 0.031311
knife_butterfly.bmp
  39 1.058072 -1.589112 0.717266 1.000000 0.000000 0.000002 0.158513 0.029354
  39 1.048072 -1.669112 0.647267 1.000000 0.000000 0.000002 0.148728 0.043053
  39 1.038072 -1.599112 0.607266 1.000000 0.000000 0.000002 0.144814 0.031311
knife_butterfly.bmp
  39 1.038072 -1.599112 0.607266 1.000000 0.000000 0.000002 0.144814 0.031311
  39 1.048072 -1.669112 0.647267 1.000000 0.000000 0.000002 0.148728 0.043053
  39 1.038072 -1.709112 0.487267 1.000000 0.000000 0.000002 0.127202 0.048924
knife_butterfly.bmp
  39 1.048072 -1.669112 0.647267 1.000000 0.000000 0.000002 0.148728 0.043053
  39 1.038072 -2.029112 0.557267 1.000000 0.000000 0.000002 0.136986 0.093933
  39 1.038072 -1.709112 0.487267 1.000000 0.000000 0.000002 0.127202 0.048924
knife_butterfly.bmp
  39 1.038072 -1.709112 0.487267 1.000000 0.000000 0.000002 0.127202 0.048924
  39 1.038072 -2.029112 0.557267 1.000000 0.000000 0.000002 0.136986 0.093933
  39 1.038072 -1.809112 0.487267 1.000000 0.000000 0.000002 0.127202 0.062622
knife_butterfly.bmp
  39 1.038072 -2.029112 0.557267 1.000000 0.000000 0.000002 0.136986 0.093933
  39 1.038072 -1.919112 0.457267 1.000000 0.000000 0.000002 0.125245 0.078278
  39 1.038072 -1.809112 0.487267 1.000000 0.000000 0.000002 0.127202 0.062622
knife_butterfly.bmp
  39 0.858072 -1.919112 0.467267 -1.000000 0.000000 -0.000002 0.125245 0.078278
  39 0.858072 -2.029112 0.557267 -1.000000 0.000000 -0.000002 0.136986 0.093933
  39 0.858072 -1.809112 0.487267 -1.000000 0.000000 -0.000002 0.127202 0.062622
knife_butterfly.bmp
  39 0.858072 -1.809112 0.487267 -1.000000 0.000000 -0.000002 0.127202 0.062622
  39 0.858072 -2.029112 0.557267 -1.000000 0.000000 -0.000002 0.136986 0.093933
  39 0.858072 -1.709112 0.487266 -1.000000 0.000000 -0.000002 0.127202 0.048924
knife_butterfly.bmp
  39 0.858072 -2.029112 0.557267 -1.000000 0.000000 -0.000002 0.136986 0.093933
  39 0.868072 -1.669112 0.647266 -1.000000 0.000000 -0.000002 0.148728 0.043053
  39 0.858072 -1.709112 0.487266 -1.000000 0.000000 -0.000002 0.127202 0.048924
knife_butterfly.bmp
  39 0.858072 -1.709112 0.487266 -1.000000 0.000000 -0.000002 0.127202 0.048924
  39 0.868072 -1.669112 0.647266 -1.000000 0.000000 -0.000002 0.148728 0.043053
  39 0.858072 -1.599112 0.587266 -1.000000 0.000000 -0.000002 0.144814 0.031311
knife_butterfly.bmp
  39 0.868072 -1.669112 0.647266 -1.000000 0.000000 -0.000002 0.148728 0.043053
  39 0.878072 -1.589112 0.707266 -1.000000 0.000000 -0.000002 0.158513 0.029354
  39 0.858072 -1.599112 0.587266 -1.000000 0.000000 -0.000002 0.144814 0.031311
knife_butterfly.bmp
  39 0.858072 -1.599112 0.587266 -1.000000 0.000000 -0.000002 0.144814 0.031311
  39 0.878072 -1.589112 0.707266 -1.000000 0.000000 -0.000002 0.158513 0.029354
  39 0.878072 -1.499112 0.667266 -1.000000 0.000000 -0.000002 0.152642 0.017613
knife_butterfly.bmp
  39 0.878072 -1.589112 0.707266 -1.000000 0.000000 -0.000002 0.158513 0.029354
  39 0.878072 -1.529112 0.797266 -1.000000 0.000000 -0.000002 0.170254 0.021526
  39 0.878072 -1.499112 0.667266 -1.000000 0.000000 -0.000002 0.152642 0.017613
knife_butterfly.bmp
  39 0.878072 -1.499112 0.667266 -1.000000 0.000000 -0.000002 0.152642 0.017613
  39 0.878072 -1.529112 0.797266 -1.000000 0.000000 -0.000002 0.170254 0.021526
  39 0.878072 -1.439112 0.737266 -1.000000 0.000000 -0.000002 0.162427 0.007828
knife_butterfly.bmp
  39 0.878072 -1.529112 0.797266 -1.000000 0.000000 -0.000002 0.170254 0.021526
  39 0.878072 -1.499112 0.817266 -1.000000 0.000000 -0.000002 0.174168 0.017613
  39 0.878072 -1.439112 0.737266 -1.000000 0.000000 -0.000002 0.162427 0.007828
knife_butterfly.bmp
  39 0.878072 -1.439112 0.737266 -1.000000 0.000000 -0.000002 0.162427 0.007828
  39 0.878072 -1.499112 0.817266 -1.000000 0.000000 -0.000002 0.174168 0.017613
  39 0.878072 -1.399112 0.817266 -1.000000 0.000000 -0.000002 0.172211 0.001957
knife_butterfly.bmp
  39 0.878072 -1.499112 0.817266 -1.000000 0.000000 -0.000002 0.174168 0.017613
  39 0.878072 -1.459111 0.847266 -1.000000 0.000000 -0.000002 0.176125 0.013699
  39 0.878072 -1.399112 0.817266 -1.000000 0.000000 -0.000002 0.172211 0.001957
knife_butterfly.bmp
  39 0.878072 -1.399112 0.817266 -1.000000 0.000000 -0.000002 0.172211 0.001957
  39 0.878072 -1.459111 0.847266 -1.000000 0.000000 -0.000002 0.176125 0.013699
  39 0.868072 -1.369111 0.887266 -1.000000 0.000000 -0.000002 0.181996 0.000000
knife_butterfly.bmp
  39 0.878072 -1.459111 0.847266 -1.000000 0.000000 -0.000002 0.176125 0.013699
  39 0.868071 -1.469111 0.897266 -1.000000 0.000000 -0.000002 0.183953 0.015656
  39 0.868072 -1.369111 0.887266 -1.000000 0.000000 -0.000002 0.181996 0.000000
knife_butterfly.bmp
  39 0.868072 -1.369111 0.887266 -1.000000 0.000000 -0.000002 0.181996 0.000000
  39 0.868071 -1.469111 0.897266 -1.000000 0.000000 -0.000002 0.183953 0.015656
  39 0.858071 -1.359111 0.997266 -1.000000 0.000000 -0.000002 0.197652 0.000000
knife_butterfly.bmp
  39 0.868071 -1.469111 0.897266 -1.000000 0.000000 -0.000002 0.183953 0.015656
  39 0.858071 -1.399111 1.107266 -1.000000 0.000000 -0.000002 0.213307 0.001957
  39 0.858071 -1.359111 0.997266 -1.000000 0.000000 -0.000002 0.197652 0.000000
knife_butterfly.bmp
  37 1.100000 -2.000000 0.810001 0.000000 0.040937 -0.999162 0.949119 0.878669
  37 1.250000 -2.050000 0.810001 0.000000 -0.118385 -0.992968 0.966732 0.884540
  37 1.100000 -2.050000 0.810001 0.000000 -0.118385 -0.992968 0.949119 0.884540
knife_butterfly.bmp
  37 1.100000 -2.050000 0.810001 0.000000 -0.118385 -0.992968 0.949119 0.884540
  37 1.250000 -2.050000 0.810001 0.000000 -0.118385 -0.992968 0.966732 0.884540
  37 1.100000 -2.130000 0.830001 0.000000 -0.294783 -0.955564 0.949119 0.890411
knife_butterfly.bmp
  37 1.250000 -2.050000 0.810001 0.000000 -0.118385 -0.992968 0.966732 0.884540
  37 1.250000 -2.130000 0.830001 0.000000 -0.294783 -0.955564 0.966732 0.890411
  37 1.100000 -2.130000 0.830001 0.000000 -0.294783 -0.955564 0.949119 0.890411
knife_butterfly.bmp
  37 1.100000 -2.130000 0.830001 0.000000 -0.294783 -0.955564 0.949119 0.890411
  37 1.250000 -2.130000 0.830001 0.000000 -0.294783 -0.955564 0.966732 0.890411
  37 1.100000 -2.210000 0.860001 0.000000 -0.476682 -0.879076 0.949119 0.900196
knife_butterfly.bmp
  37 1.250000 -2.130000 0.830001 0.000000 -0.294783 -0.955564 0.966732 0.890411
  37 1.250000 -2.210000 0.860001 0.000000 -0.476682 -0.879076 0.966732 0.900196
  37 1.100000 -2.210000 0.860001 0.000000 -0.476682 -0.879076 0.949119 0.900196
knife_butterfly.bmp
  37 1.100000 -2.210000 0.860001 0.000000 -0.476682 -0.879076 0.949119 0.900196
  37 1.250000 -2.210000 0.860001 0.000000 -0.476682 -0.879076 0.966732 0.900196
  37 1.100000 -2.250000 0.890001 0.000000 -0.646090 -0.763261 0.949119 0.906067
knife_butterfly.bmp
  37 1.250000 -2.210000 0.860001 0.000000 -0.476682 -0.879076 0.966732 0.900196
  37 1.250000 -2.250000 0.890001 0.000000 -0.646090 -0.763261 0.966732 0.906067
  37 1.100000 -2.250000 0.890001 0.000000 -0.646090 -0.763261 0.949119 0.906067
knife_butterfly.bmp
  37 1.100000 -2.250000 0.890001 0.000000 -0.646090 -0.763261 0.949119 0.906067
  37 1.250000 -2.250000 0.890001 0.000000 -0.646090 -0.763261 0.966732 0.906067
  37 1.100000 -2.300000 0.950001 0.000000 -0.808512 -0.588480 0.949119 0.915851
knife_butterfly.bmp
  37 1.250000 -2.250000 0.890001 0.000000 -0.646090 -0.763261 0.966732 0.906067
  37 1.250000 -2.300000 0.950001 0.000000 -0.808512 -0.588480 0.966732 0.915851
  37 1.100000 -2.300000 0.950001 0.000000 -0.808512 -0.588480 0.949119 0.915851
knife_butterfly.bmp
  37 1.100000 -2.300000 0.950001 0.000000 -0.808512 -0.588480 0.949119 0.915851
  37 1.250000 -2.300000 0.950001 0.000000 -0.808512 -0.588480 0.966732 0.915851
  37 1.100000 -2.340000 1.000001 0.000001 -0.913194 -0.407525 0.949119 0.921722
knife_butterfly.bmp
  37 1.250000 -2.300000 0.950001 0.000000 -0.808512 -0.588480 0.966732 0.915851
  37 1.250000 -2.340000 1.000001 0.000001 -0.913194 -0.407525 0.966732 0.921722
  37 1.100000 -2.340000 1.000001 0.000001 -0.913194 -0.407525 0.949119 0.921722
knife_butterfly.bmp
  37 1.100000 -2.340000 1.000001 0.000001 -0.913194 -0.407525 0.949119 0.921722
  37 1.250000 -2.340000 1.000001 0.000001 -0.913194 -0.407525 0.966732 0.921722
  37 1.100000 -2.380000 1.060001 0.000001 -0.985474 -0.169827 0.949119 0.931507
knife_butterfly.bmp
  37 1.250000 -2.340000 1.000001 0.000001 -0.913194 -0.407525 0.966732 0.921722
  37 1.250000 -2.380000 1.060001 0.000001 -0.985474 -0.169827 0.966732 0.931507
  37 1.100000 -2.380000 1.060001 0.000001 -0.985474 -0.169827 0.949119 0.931507
knife_butterfly.bmp
  37 1.100000 -2.380000 1.060001 0.000001 -0.985474 -0.169827 0.949119 0.931507
  37 1.250000 -2.380000 1.060001 0.000001 -0.985474 -0.169827 0.966732 0.931507
  37 1.100000 -2.380000 1.180002 0.000000 -0.988269 0.152723 0.949119 0.943249
knife_butterfly.bmp
  37 1.250000 -2.380000 1.060001 0.000001 -0.985474 -0.169827 0.966732 0.931507
  37 1.250000 -2.380000 1.180002 0.000000 -0.988269 0.152723 0.966732 0.943249
  37 1.100000 -2.380000 1.180002 0.000000 -0.988269 0.152723 0.949119 0.943249
knife_butterfly.bmp
  40 0.730002 -2.088562 0.318156 -0.312257 -0.405087 -0.859302 0.637965 0.909980
  40 0.700002 -2.068562 0.308156 -0.663565 -0.224302 -0.713702 0.637965 0.906067
  40 0.730002 -2.068562 0.298156 -0.207320 -0.177107 -0.962108 0.636008 0.908023
knife_butterfly.bmp
  40 0.730002 -2.068562 0.298156 -0.207320 -0.177107 -0.962108 0.636008 0.908023
  40 0.700002 -2.068562 0.308156 -0.663565 -0.224302 -0.713702 0.637965 0.906067
  40 0.730002 -1.918562 0.298155 -0.151029 0.037184 -0.987830 0.637965 0.888454
knife_butterfly.bmp
  40 0.700002 -2.068562 0.308156 -0.663565 -0.224302 -0.713702 0.637965 0.906067
  40 0.700002 -1.908562 0.298155 -0.691796 0.027268 -0.721578 0.637965 0.888454
  40 0.730002 -1.918562 0.298155 -0.151029 0.037184 -0.987830 0.637965 0.888454
knife_butterfly.bmp
  40 0.730002 -1.918562 0.298155 -0.151029 0.037184 -0.987830 0.637965 0.888454
  40 0.700002 -1.908562 0.298155 -0.691796 0.027268 -0.721578 0.637965 0.888454
  40 0.730002 -1.728562 0.308155 -0.158375 0.080176 -0.984118 0.637965 0.866928
knife_butterfly.bmp
  40 0.700002 -1.908562 0.298155 -0.691796 0.027268 -0.721578 0.637965 0.888454
  40 0.700002 -1.728562 0.318155 -0.705704 0.065108 -0.705509 0.639922 0.866928
  40 0.730002 -1.728562 0.308155 -0.158375 0.080176 -0.984118 0.637965 0.866928
knife_butterfly.bmp
  40 0.730002 -1.728562 0.308155 -0.158375 0.080176 -0.984118 0.637965 0.866928
  40 0.700002 -1.728562 0.318155 -0.705704 0.065108 -0.705509 0.639922 0.866928
  40 0.730002 -1.508562 0.328154 -0.158662 0.130652 -0.978650 0.641879 0.839530
knife_butterfly.bmp
  40 0.700002 -1.728562 0.318155 -0.705704 0.065108 -0.705509 0.639922 0.866928
  40 0.700002 -1.508562 0.328154 -0.705704 0.065108 -0.705509 0.641879 0.839530
  40 0.730002 -1.508562 0.328154 -0.158662 0.130652 -0.978650 0.641879 0.839530
knife_butterfly.bmp
  40 0.730002 -1.508562 0.328154 -0.158662 0.130652 -0.978650 0.641879 0.839530
  40 0.700002 -1.508562 0.328154 -0.705704 0.065108 -0.705509 0.641879 0.839530
  40 0.730002 -1.288562 0.368154 -0.158662 0.130652 -0.978650 0.645793 0.814090
knife_butterfly.bmp
  40 0.700002 -1.508562 0.328154 -0.705704 0.065108 -0.705509 0.641879 0.839530
  40 0.690002 -1.288562 0.378154 -0.705704 0.065108 -0.705509 0.645793 0.814090
  40 0.730002 -1.288562 0.368154 -0.158662 0.130652 -0.978650 0.645793 0.814090
knife_butterfly.bmp
  40 0.730002 -1.288562 0.368154 -0.158662 0.130652 -0.978650 0.645793 0.814090
  40 0.690002 -1.288562 0.378154 -0.705704 0.065108 -0.705509 0.645793 0.814090
  40 0.730002 -1.188562 0.378153 -0.158375 0.080176 -0.984118 0.645793 0.802348
knife_butterfly.bmp
  40 0.690002 -1.288562 0.378154 -0.705704 0.065108 -0.705509 0.645793 0.814090
  40 0.680002 -1.188562 0.388153 -0.705704 0.065108 -0.705509 0.647750 0.802348
  40 0.730002 -1.188562 0.378153 -0.158375 0.080176 -0.984118 0.645793 0.802348
knife_butterfly.bmp
  40 0.730002 -1.188562 0.378153 -0.158375 0.080176 -0.984118 0.645793 0.802348
  40 0.680002 -1.188562 0.388153 -0.705704 0.065108 -0.705509 0.647750 0.802348
  40 0.720001 -1.028562 0.398153 -0.158375 0.080176 -0.984118 0.649706 0.782779
knife_butterfly.bmp
  40 0.680002 -1.188562 0.388153 -0.705704 0.065108 -0.705509 0.647750 0.802348
  40 0.680001 -1.028562 0.408153 -0.705704 0.065108 -0.705509 0.649706 0.782779
  40 0.720001 -1.028562 0.398153 -0.158375 0.080176 -0.984118 0.649706 0.782779
knife_butterfly.bmp
  40 0.720001 -1.028562 0.398153 -0.158375 0.080176 -0.984118 0.649706 0.782779
  40 0.680001 -1.028562 0.408153 -0.705704 0.065108 -0.705509 0.649706 0.782779
  40 0.710001 -0.858561 0.408153 -0.158375 0.080176 -0.984118 0.649706 0.763209
knife_butterfly.bmp
  40 0.680001 -1.028562 0.408153 -0.705704 0.065108 -0.705509 0.649706 0.782779
  40 0.680001 -0.858561 0.418153 -0.705704 0.065108 -0.705509 0.651663 0.763209
  40 0.710001 -0.858561 0.408153 -0.158375 0.080176 -0.984118 0.649706 0.763209
knife_butterfly.bmp
  37 0.690000 -1.900000 0.850001 -1.000000 0.000000 0.000000 0.416830 0.935421
  37 0.690000 -1.830000 1.360001 -1.000000 0.000000 0.000000 0.479452 0.925636
  37 0.690000 -1.850000 0.870001 -1.000000 0.000000 0.000000 0.420744 0.929550
knife_butterfly.bmp
  37 0.690000 -1.850000 0.870001 -1.000000 0.000000 0.000000 0.420744 0.929550
  37 0.690000 -1.830000 1.360001 -1.000000 0.000000 0.000000 0.479452 0.925636
  37 0.690000 -1.820000 0.910001 -1.000000 0.000000 0.000000 0.424658 0.923679
knife_butterfly.bmp
  37 0.690000 -1.830000 1.360001 -1.000000 0.000000 0.000000 0.479452 0.925636
  37 0.690000 -1.770000 1.340001 -1.000000 0.000000 0.000000 0.477495 0.919765
  37 0.690000 -1.820000 0.910001 -1.000000 0.000000 0.000000 0.424658 0.923679
knife_butterfly.bmp
  37 0.690000 -1.820000 0.910001 -1.000000 0.000000 0.000000 0.424658 0.923679
  37 0.690000 -1.770000 1.340001 -1.000000 0.000000 0.000000 0.477495 0.919765
  37 0.690000 -1.770000 0.940001 -1.000000 0.000000 0.000000 0.428571 0.919765
knife_butterfly.bmp
  37 0.690000 -1.770000 1.340001 -1.000000 0.000000 0.000000 0.477495 0.919765
  37 0.690000 -1.720000 1.320001 -1.000000 0.000000 0.000000 0.475538 0.913894
  37 0.690000 -1.770000 0.940001 -1.000000 0.000000 0.000000 0.428571 0.919765
knife_butterfly.bmp
  37 0.690000 -1.770000 0.940001 -1.000000 0.000000 0.000000 0.428571 0.919765
  37 0.690000 -1.720000 1.320001 -1.000000 0.000000 0.000000 0.475538 0.913894
  37 0.690000 -1.750000 0.980001 -1.000000 0.000000 0.000000 0.432485 0.917808
knife_butterfly.bmp
  37 0.690000 -1.720000 1.320001 -1.000000 0.000000 0.000000 0.475538 0.913894
  37 0.690000 -1.660000 1.300001 -1.000000 0.000000 0.000000 0.473581 0.908023
  37 0.690000 -1.750000 0.980001 -1.000000 0.000000 0.000000 0.432485 0.917808
knife_butterfly.bmp
  37 0.690000 -1.750000 0.980001 -1.000000 0.000000 0.000000 0.432485 0.917808
  37 0.690000 -1.660000 1.300001 -1.000000 0.000000 0.000000 0.473581 0.908023
  37 0.690000 -1.720000 1.000001 -1.000000 0.000000 0.000000 0.434442 0.911937
knife_butterfly.bmp
  37 0.690000 -1.660000 1.300001 -1.000000 0.000000 0.000000 0.473581 0.908023
  37 0.690000 -1.640000 1.300001 -1.000000 0.000000 0.000000 0.473581 0.904110
  37 0.690000 -1.720000 1.000001 -1.000000 0.000000 0.000000 0.434442 0.911937
knife_butterfly.bmp
  37 0.690000 -1.720000 1.000001 -1.000000 0.000000 0.000000 0.434442 0.911937
  37 0.690000 -1.640000 1.300001 -1.000000 0.000000 0.000000 0.473581 0.904110
  37 0.690000 -1.690000 1.000001 -1.000000 0.000000 0.000000 0.434442 0.908023
knife_butterfly.bmp
  37 0.690000 -1.640000 1.300001 -1.000000 0.000000 0.000000 0.473581 0.904110
  37 0.690000 -1.610000 1.310001 -1.000000 0.000000 0.000000 0.471624 0.900196
  37 0.690000 -1.690000 1.000001 -1.000000 0.000000 0.000000 0.434442 0.908023
knife_butterfly.bmp
  37 0.690000 -1.690000 1.000001 -1.000000 0.000000 0.000000 0.434442 0.908023
  37 0.690000 -1.610000 1.310001 -1.000000 0.000000 0.000000 0.471624 0.900196
  37 0.690000 -1.640000 0.990001 -1.000000 0.000000 0.000000 0.434442 0.906067
knife_butterfly.bmp
  37 0.690000 -1.610000 1.310001 -1.000000 0.000000 0.000000 0.471624 0.900196
  37 0.690000 -1.570000 1.300001 -1.000000 0.000000 0.000000 0.471624 0.894325
  37 0.690000 -1.640000 0.990001 -1.000000 0.000000 0.000000 0.434442 0.906067
knife_butterfly.bmp
  37 0.690000 -1.640000 0.990001 -1.000000 0.000000 0.000000 0.434442 0.906067
  37 0.690000 -1.570000 1.300001 -1.000000 0.000000 0.000000 0.471624 0.894325
  37 0.690000 -1.530000 1.290001 -1.000000 0.000000 0.000000 0.469667 0.890411
knife_butterfly.bmp
  40 1.080001 -1.038561 0.548154 -0.999988 0.004937 -0.000682 0.776908 0.786693
  40 1.080001 -1.028562 0.398154 -0.999988 0.004937 -0.000682 0.755382 0.782779
  40 1.080001 -1.058561 0.578154 -0.999988 0.004937 -0.000682 0.780822 0.788650
knife_butterfly.bmp
  40 1.080001 -1.058561 0.578154 -0.999988 0.004937 -0.000682 0.780822 0.788650
  40 1.080001 -1.028562 0.398154 -0.999988 0.004937 -0.000682 0.755382 0.782779
  40 1.100001 -1.128561 0.768154 -0.999988 0.004937 -0.000682 0.804305 0.796477
knife_butterfly.bmp
  40 1.080001 -1.028562 0.398154 -0.999988 0.004937 -0.000682 0.755382 0.782779
  40 1.100002 -1.188562 0.358154 -0.999988 0.004937 -0.000682 0.753425 0.802348
  40 1.100001 -1.128561 0.768154 -0.999988 0.004937 -0.000682 0.804305 0.796477
knife_butterfly.bmp
  40 1.100001 -1.128561 0.768154 -0.999988 0.004937 -0.000682 0.804305 0.796477
  40 1.100002 -1.188562 0.358154 -0.999988 0.004937 -0.000682 0.753425 0.802348
  40 1.100001 -1.288561 0.708154 -0.999988 0.004937 -0.000682 0.796477 0.814090
knife_butterfly.bmp
  40 1.100002 -1.188562 0.358154 -0.999988 0.004937 -0.000682 0.753425 0.802348
  40 1.100002 -1.288562 0.368154 -0.999988 0.004937 -0.000682 0.751468 0.814090
  40 1.100001 -1.288561 0.708154 -0.999988 0.004937 -0.000682 0.796477 0.814090
knife_butterfly.bmp
  40 1.100001 -1.288561 0.708154 -0.999988 0.004937 -0.000682 0.796477 0.814090
  40 1.100002 -1.288562 0.368154 -0.999988 0.004937 -0.000682 0.751468 0.814090
  40 1.100001 -1.458561 0.678155 -0.999988 0.004937 -0.000682 0.792564 0.833659
knife_butterfly.bmp
  40 1.100002 -1.288562 0.368154 -0.999988 0.004937 -0.000682 0.751468 0.814090
  40 1.100002 -1.508562 0.338155 -0.999988 0.004937 -0.000682 0.749511 0.839530
  40 1.100001 -1.458561 0.678155 -0.999988 0.004937 -0.000682 0.792564 0.833659
knife_butterfly.bmp
  40 1.100001 -1.458561 0.678155 -0.999988 0.004937 -0.000682 0.792564 0.833659
  40 1.100002 -1.508562 0.338155 -0.999988 0.004937 -0.000682 0.749511 0.839530
  40 1.100001 -1.628561 0.658155 -0.999988 0.004937 -0.000682 0.790607 0.855186
knife_butterfly.bmp
  40 1.100002 -1.508562 0.338155 -0.999988 0.004937 -0.000682 0.749511 0.839530
  40 1.100002 -1.728562 0.308156 -0.999988 0.004937 -0.000682 0.745597 0.866928
  40 1.100001 -1.628561 0.658155 -0.999988 0.004937 -0.000682 0.790607 0.855186
knife_butterfly.bmp
  40 1.100001 -1.628561 0.658155 -0.999988 0.004937 -0.000682 0.790607 0.855186
  40 1.100002 -1.728562 0.308156 -0.999988 0.004937 -0.000682 0.745597 0.866928
  40 1.100001 -1.798561 0.658156 -0.999988 0.004937 -0.000682 0.790607 0.874755
knife_butterfly.bmp
  40 1.100002 -1.728562 0.308156 -0.999988 0.004937 -0.000682 0.745597 0.866928
  40 1.100002 -1.918562 0.288156 -0.999988 0.004937 -0.000682 0.743640 0.888454
  40 1.100001 -1.798561 0.658156 -0.999988 0.004937 -0.000682 0.790607 0.874755
knife_butterfly.bmp
  40 1.100001 -1.798561 0.658156 -0.999988 0.004937 -0.000682 0.790607 0.874755
  40 1.100002 -1.918562 0.288156 -0.999988 0.004937 -0.000682 0.743640 0.888454
  40 1.100001 -1.938561 0.648156 -0.999988 0.004937 -0.000682 0.790607 0.894325
knife_butterfly.bmp
  40 1.100002 -1.918562 0.288156 -0.999988 0.004937 -0.000682 0.743640 0.888454
  40 1.100002 -2.068562 0.298156 -0.999988 0.004937 -0.000682 0.743640 0.908023
  40 1.100001 -1.938561 0.648156 -0.999988 0.004937 -0.000682 0.790607 0.894325
knife_butterfly.bmp
  40 1.100001 -1.938561 0.648156 -0.999988 0.004937 -0.000682 0.790607 0.894325
  40 1.100002 -2.068562 0.298156 -0.999988 0.004937 -0.000682 0.743640 0.908023
  40 1.100002 -2.088562 0.318157 -0.999988 0.004937 -0.000682 0.745597 0.909980
knife_butterfly.bmp
  40 1.100002 -2.328562 0.158157 -0.999988 0.004937 -0.000682 0.727984 0.939335
  40 1.100001 -2.238561 0.748157 -0.999988 0.004937 -0.000682 0.800391 0.929550
  40 1.100002 -2.268562 0.188157 -0.999988 0.004937 -0.000682 0.729941 0.933464
knife_butterfly.bmp
  40 1.100002 -2.268562 0.188157 -0.999988 0.004937 -0.000682 0.729941 0.933464
  40 1.100001 -2.238561 0.748157 -0.999988 0.004937 -0.000682 0.800391 0.929550
  40 1.100002 -2.248562 0.228157 -0.999988 0.004937 -0.000682 0.735812 0.929550
knife_butterfly.bmp
  40 1.100001 -2.238561 0.748157 -0.999988 0.004937 -0.000682 0.800391 0.929550
  40 1.100001 -2.188561 0.728157 -0.999988 0.004937 -0.000682 0.798434 0.923679
  40 1.100002 -2.248562 0.228157 -0.999988 0.004937 -0.000682 0.735812 0.929550
knife_butterfly.bmp
  40 1.100002 -2.248562 0.228157 -0.999988 0.004937 -0.000682 0.735812 0.929550
  40 1.100001 -2.188561 0.728157 -0.999988 0.004937 -0.000682 0.798434 0.923679
  40 1.100002 -2.198562 0.258157 -0.999988 0.004937 -0.000682 0.739726 0.923679
knife_butterfly.bmp
  40 1.100001 -2.188561 0.728157 -0.999988 0.004937 -0.000682 0.798434 0.923679
  40 1.100001 -2.148561 0.708157 -0.999988 0.004937 -0.000682 0.796477 0.917808
  40 1.100002 -2.198562 0.258157 -0.999988 0.004937 -0.000682 0.739726 0.923679
knife_butterfly.bmp
  40 1.100002 -2.198562 0.258157 -0.999988 0.004937 -0.000682 0.739726 0.923679
  40 1.100001 -2.148561 0.708157 -0.999988 0.004937 -0.000682 0.796477 0.917808
  40 1.100002 -2.188562 0.298157 -0.999988 0.004937 -0.000682 0.743640 0.921722
knife_butterfly.bmp
  40 1.100001 -2.148561 0.708157 -0.999988 0.004937 -0.000682 0.796477 0.917808
  40 1.100001 -2.108561 0.698157 -0.999988 0.004937 -0.000682 0.794521 0.911937
  40 1.100002 -2.188562 0.298157 -0.999988 0.004937 -0.000682 0.743640 0.921722
knife_butterfly.bmp
  40 1.100002 -2.188562 0.298157 -0.999988 0.004937 -0.000682 0.743640 0.921722
  40 1.100001 -2.108561 0.698157 -0.999988 0.004937 -0.000682 0.794521 0.911937
  40 1.100002 -2.158562 0.318157 -0.999988 0.004937 -0.000682 0.745597 0.917808
knife_butterfly.bmp
  40 1.100001 -2.108561 0.698157 -0.999988 0.004937 -0.000682 0.794521 0.911937
  40 1.100001 -2.068561 0.688156 -0.999988 0.004937 -0.000682 0.794521 0.906067
  40 1.100002 -2.158562 0.318157 -0.999988 0.004937 -0.000682 0.745597 0.917808
knife_butterfly.bmp
  40 1.100002 -2.158562 0.318157 -0.999988 0.004937 -0.000682 0.745597 0.917808
  40 1.100001 -2.068561 0.688156 -0.999988 0.004937 -0.000682 0.794521 0.906067
  40 1.100002 -2.118562 0.318157 -0.999988 0.004937 -0.000682 0.747554 0.913894
knife_butterfly.bmp
  40 1.100001 -2.068561 0.688156 -0.999988 0.004937 -0.000682 0.794521 0.906067
  40 1.100001 -2.008561 0.678156 -0.999988 0.004937 -0.000682 0.792564 0.902153
  40 1.100002 -2.118562 0.318157 -0.999988 0.004937 -0.000682 0.747554 0.913894
knife_butterfly.bmp
  40 1.100002 -2.118562 0.318157 -0.999988 0.004937 -0.000682 0.747554 0.913894
  40 1.100001 -2.008561 0.678156 -0.999988 0.004937 -0.000682 0.792564 0.902153
  40 1.100002 -2.088562 0.318157 -0.999988 0.004937 -0.000682 0.745597 0.909980
knife_butterfly.bmp
  40 1.100001 -2.008561 0.678156 -0.999988 0.004937 -0.000682 0.792564 0.902153
  40 1.100001 -1.988561 0.648156 -0.999988 0.004937 -0.000682 0.792564 0.898239
  40 1.100002 -2.088562 0.318157 -0.999988 0.004937 -0.000682 0.745597 0.909980
knife_butterfly.bmp
  40 1.100002 -2.088562 0.318157 -0.999988 0.004937 -0.000682 0.745597 0.909980
  40 1.100001 -1.988561 0.648156 -0.999988 0.004937 -0.000682 0.792564 0.898239
  40 1.100001 -1.938561 0.648156 -0.999988 0.004937 -0.000682 0.790607 0.894325
knife_butterfly.bmp
  40 0.670001 -1.038561 0.548153 -0.999988 0.004937 -0.000682 0.669276 0.786693
  40 0.670001 -1.018561 0.438153 -0.999988 0.004937 -0.000682 0.653620 0.782779
  40 0.670001 -1.058561 0.578153 -0.999988 0.004937 -0.000682 0.673190 0.788650
knife_butterfly.bmp
  40 0.670001 -1.058561 0.578153 -0.999988 0.004937 -0.000682 0.673190 0.788650
  40 0.670001 -1.018561 0.438153 -0.999988 0.004937 -0.000682 0.653620 0.782779
  40 0.690001 -1.138561 0.708153 -0.999988 0.004937 -0.000682 0.692759 0.796477
knife_butterfly.bmp
  40 0.670001 -1.018561 0.438153 -0.999988 0.004937 -0.000682 0.653620 0.782779
  40 0.670001 -1.188561 0.418153 -0.999988 0.004937 -0.000682 0.651663 0.802348
  40 0.690001 -1.138561 0.708153 -0.999988 0.004937 -0.000682 0.692759 0.796477
knife_butterfly.bmp
  40 0.690001 -1.138561 0.708153 -0.999988 0.004937 -0.000682 0.692759 0.796477
  40 0.670001 -1.188561 0.418153 -0.999988 0.004937 -0.000682 0.651663 0.802348
  40 0.690001 -1.288561 0.678154 -0.999988 0.004937 -0.000682 0.684932 0.814090
knife_butterfly.bmp
  40 0.670001 -1.188561 0.418153 -0.999988 0.004937 -0.000682 0.651663 0.802348
  40 0.680001 -1.288562 0.398154 -0.999988 0.004937 -0.000682 0.649706 0.814090
  40 0.690001 -1.288561 0.678154 -0.999988 0.004937 -0.000682 0.684932 0.814090
knife_butterfly.bmp
  40 0.690001 -1.288561 0.678154 -0.999988 0.004937 -0.000682 0.684932 0.814090
  40 0.680001 -1.288562 0.398154 -0.999988 0.004937 -0.000682 0.649706 0.814090
  40 0.670001 -1.438561 0.638154 -0.999988 0.004937 -0.000682 0.681018 0.835616
knife_butterfly.bmp
  40 0.680001 -1.288562 0.398154 -0.999988 0.004937 -0.000682 0.649706 0.814090
  40 0.690002 -1.498562 0.348154 -0.999988 0.004937 -0.000682 0.645793 0.839530
  40 0.670001 -1.438561 0.638154 -0.999988 0.004937 -0.000682 0.681018 0.835616
knife_butterfly.bmp
  40 0.670001 -1.438561 0.638154 -0.999988 0.004937 -0.000682 0.681018 0.835616
  40 0.690002 -1.498562 0.348154 -0.999988 0.004937 -0.000682 0.645793 0.839530
  40 0.670001 -1.628561 0.628154 -0.999988 0.004937 -0.000682 0.679061 0.855186
knife_butterfly.bmp
  40 0.690002 -1.498562 0.348154 -0.999988 0.004937 -0.000682 0.645793 0.839530
  40 0.690002 -1.718562 0.348155 -0.999988 0.004937 -0.000682 0.641879 0.866928
  40 0.670001 -1.628561 0.628154 -0.999988 0.004937 -0.000682 0.679061 0.855186
knife_butterfly.bmp
  40 0.670001 -1.628561 0.628154 -0.999988 0.004937 -0.000682 0.679061 0.855186
  40 0.690002 -1.718562 0.348155 -0.999988 0.004937 -0.000682 0.641879 0.866928
  40 0.670001 -1.788561 0.628155 -0.999988 0.004937 -0.000682 0.679061 0.876712
knife_butterfly.bmp
  40 0.690002 -1.718562 0.348155 -0.999988 0.004937 -0.000682 0.641879 0.866928
  40 0.690002 -1.898562 0.318155 -0.999988 0.004937 -0.000682 0.641879 0.888454
  40 0.670001 -1.788561 0.628155 -0.999988 0.004937 -0.000682 0.679061 0.876712
knife_butterfly.bmp
  40 0.670001 -1.788561 0.628155 -0.999988 0.004937 -0.000682 0.679061 0.876712
  40 0.690002 -1.898562 0.318155 -0.999988 0.004937 -0.000682 0.641879 0.888454
  40 0.670001 -1.938561 0.628155 -0.999988 0.004937 -0.000682 0.679061 0.894325
knife_butterfly.bmp
  40 0.690002 -1.898562 0.318155 -0.999988 0.004937 -0.000682 0.641879 0.888454
  40 0.690002 -2.058562 0.328156 -0.999988 0.004937 -0.000682 0.641879 0.906067
  40 0.670001 -1.938561 0.628155 -0.999988 0.004937 -0.000682 0.679061 0.894325
knife_butterfly.bmp
  40 0.670001 -1.938561 0.628155 -0.999988 0.004937 -0.000682 0.679061 0.894325
  40 0.690002 -2.058562 0.328156 -0.999988 0.004937 -0.000682 0.641879 0.906067
  40 0.690002 -2.088562 0.348156 -0.999988 0.004937 -0.000682 0.643836 0.909980
knife_butterfly.bmp
  40 0.690002 -2.318562 0.198156 -0.999988 0.004937 -0.000682 0.624266 0.939335
  40 0.690001 -2.258561 0.688156 -0.999988 0.004937 -0.000682 0.688845 0.929550
  40 0.690002 -2.268562 0.208156 -0.999988 0.004937 -0.000682 0.628180 0.933464
knife_butterfly.bmp
  40 0.690002 -2.268562 0.208156 -0.999988 0.004937 -0.000682 0.628180 0.933464
  40 0.690001 -2.258561 0.688156 -0.999988 0.004937 -0.000682 0.688845 0.929550
  40 0.690002 -2.248562 0.258156 -0.999988 0.004937 -0.000682 0.632094 0.927593
knife_butterfly.bmp
  40 0.690001 -2.258561 0.688156 -0.999988 0.004937 -0.000682 0.688845 0.929550
  40 0.690001 -2.218561 0.688156 -0.999988 0.004937 -0.000682 0.686888 0.923679
  40 0.690002 -2.248562 0.258156 -0.999988 0.004937 -0.000682 0.632094 0.927593
knife_butterfly.bmp
  40 0.690002 -2.248562 0.258156 -0.999988 0.004937 -0.000682 0.632094 0.927593
  40 0.690001 -2.218561 0.688156 -0.999988 0.004937 -0.000682 0.686888 0.923679
  40 0.690002 -2.198562 0.298156 -0.999988 0.004937 -0.000682 0.636008 0.923679
knife_butterfly.bmp
  40 0.690001 -2.218561 0.688156 -0.999988 0.004937 -0.000682 0.686888 0.923679
  40 0.690001 -2.158561 0.668156 -0.999988 0.004937 -0.000682 0.684932 0.917808
  40 0.690002 -2.198562 0.298156 -0.999988 0.004937 -0.000682 0.636008 0.923679
knife_butterfly.bmp
  40 0.690002 -2.198562 0.298156 -0.999988 0.004937 -0.000682 0.636008 0.923679
  40 0.690001 -2.158561 0.668156 -0.999988 0.004937 -0.000682 0.684932 0.917808
  40 0.690002 -2.178562 0.338156 -0.999988 0.004937 -0.000682 0.641879 0.921722
knife_butterfly.bmp
  40 0.690001 -2.158561 0.668156 -0.999988 0.004937 -0.000682 0.684932 0.917808
  40 0.690001 -2.108561 0.658156 -0.999988 0.004937 -0.000682 0.682975 0.911937
  40 0.690002 -2.178562 0.338156 -0.999988 0.004937 -0.000682 0.641879 0.921722
knife_butterfly.bmp
  40 0.690002 -2.178562 0.338156 -0.999988 0.004937 -0.000682 0.641879 0.921722
  40 0.690001 -2.108561 0.658156 -0.999988 0.004937 -0.000682 0.682975 0.911937
  40 0.690002 -2.148562 0.348156 -0.999988 0.004937 -0.000682 0.643836 0.915851
knife_butterfly.bmp
  40 0.690001 -2.108561 0.658156 -0.999988 0.004937 -0.000682 0.682975 0.911937
  40 0.690001 -2.078561 0.648156 -0.999988 0.004937 -0.000682 0.682975 0.908023
  40 0.690002 -2.148562 0.348156 -0.999988 0.004937 -0.000682 0.643836 0.915851
knife_butterfly.bmp
  40 0.690002 -2.148562 0.348156 -0.999988 0.004937 -0.000682 0.643836 0.915851
  40 0.690001 -2.078561 0.648156 -0.999988 0.004937 -0.000682 0.682975 0.908023
  40 0.690002 -2.108562 0.358156 -0.999988 0.004937 -0.000682 0.643836 0.911937
knife_butterfly.bmp
  40 0.690001 -2.078561 0.648156 -0.999988 0.004937 -0.000682 0.682975 0.908023
  40 0.690001 -2.018561 0.648156 -0.999988 0.004937 -0.000682 0.681018 0.904110
  40 0.690002 -2.108562 0.358156 -0.999988 0.004937 -0.000682 0.643836 0.911937
knife_butterfly.bmp
  40 0.690002 -2.108562 0.358156 -0.999988 0.004937 -0.000682 0.643836 0.911937
  40 0.690001 -2.018561 0.648156 -0.999988 0.004937 -0.000682 0.681018 0.904110
  40 0.690002 -2.088562 0.348156 -0.999988 0.004937 -0.000682 0.643836 0.909980
knife_butterfly.bmp
  40 0.690001 -2.018561 0.648156 -0.999988 0.004937 -0.000682 0.681018 0.904110
  40 0.670001 -1.998561 0.638155 -0.999988 0.004937 -0.000682 0.681018 0.898239
  40 0.690002 -2.088562 0.348156 -0.999988 0.004937 -0.000682 0.643836 0.909980
knife_butterfly.bmp
  40 0.690002 -2.088562 0.348156 -0.999988 0.004937 -0.000682 0.643836 0.909980
  40 0.670001 -1.998561 0.638155 -0.999988 0.004937 -0.000682 0.681018 0.898239
  40 0.670001 -1.938561 0.628155 -0.999988 0.004937 -0.000682 0.679061 0.894325
knife_butterfly.bmp
  37 1.100000 -2.250000 1.410001 0.000000 -0.584485 0.811404 0.986301 0.966732
  37 1.250000 -2.180000 1.450001 0.000000 -0.398038 0.917369 0.968689 0.956947
  37 1.100000 -2.180000 1.450001 0.000000 -0.398038 0.917369 0.986301 0.956947
knife_butterfly.bmp
  37 1.100000 -2.180000 1.450001 0.000000 -0.398038 0.917369 0.986301 0.956947
  37 1.250000 -2.180000 1.450001 0.000000 -0.398038 0.917369 0.968689 0.956947
  37 1.100000 -2.080000 1.450001 -0.000002 -0.196293 0.980545 0.986301 0.949119
knife_butterfly.bmp
  37 1.250000 -2.180000 1.450001 0.000000 -0.398038 0.917369 0.968689 0.956947
  37 1.250000 -2.080000 1.450001 -0.000002 -0.196293 0.980545 0.968689 0.949119
  37 1.100000 -2.080000 1.450001 -0.000002 -0.196293 0.980545 0.986301 0.949119
knife_butterfly.bmp
  37 1.100000 -2.080000 1.450001 -0.000002 -0.196293 0.980545 0.986301 0.949119
  37 1.250000 -2.080000 1.450001 -0.000002 -0.196293 0.980545 0.968689 0.949119
  37 1.100000 -1.990000 1.460001 -0.000002 0.027761 0.999615 0.986301 0.939335
knife_butterfly.bmp
  37 1.250000 -2.080000 1.450001 -0.000002 -0.196293 0.980545 0.968689 0.949119
  37 1.250000 -1.990000 1.460001 -0.000002 0.027761 0.999615 0.968689 0.939335
  37 1.100000 -1.990000 1.460001 -0.000002 0.027761 0.999615 0.986301 0.939335
knife_butterfly.bmp
  37 1.100000 -1.990000 1.460001 -0.000002 0.027761 0.999615 0.986301 0.939335
  37 1.250000 -1.990000 1.460001 -0.000002 0.027761 0.999615 0.968689 0.939335
  37 1.100000 -1.950000 1.450001 0.000000 0.245723 0.969340 0.986301 0.935421
knife_butterfly.bmp
  37 1.250000 -1.990000 1.460001 -0.000002 0.027761 0.999615 0.968689 0.939335
  37 1.250000 -1.950000 1.450001 0.000000 0.245723 0.969340 0.968689 0.935421
  37 1.100000 -1.950000 1.450001 0.000000 0.245723 0.969340 0.986301 0.935421
knife_butterfly.bmp
  37 1.100000 -1.950000 1.450001 0.000000 0.245723 0.969340 0.986301 0.935421
  37 1.250000 -1.950000 1.450001 0.000000 0.245723 0.969340 0.968689 0.935421
  37 1.100000 -1.890000 1.430001 0.000000 0.370615 0.928787 0.986301 0.927593
knife_butterfly.bmp
  37 1.250000 -1.950000 1.450001 0.000000 0.245723 0.969340 0.968689 0.935421
  37 1.250000 -1.890000 1.430001 0.000000 0.370615 0.928787 0.968689 0.927593
  37 1.100000 -1.890000 1.430001 0.000000 0.370615 0.928787 0.986301 0.927593
knife_butterfly.bmp
  37 1.100000 -1.890000 1.430001 0.000000 0.370615 0.928787 0.986301 0.927593
  37 1.250000 -1.890000 1.430001 0.000000 0.370615 0.928787 0.968689 0.927593
  37 1.100000 -1.860000 1.410001 0.000000 0.411369 0.911469 0.986301 0.923679
knife_butterfly.bmp
  37 1.250000 -1.890000 1.430001 0.000000 0.370615 0.928787 0.968689 0.927593
  37 1.250000 -1.860000 1.410001 0.000000 0.411369 0.911469 0.968689 0.923679
  37 1.100000 -1.860000 1.410001 0.000000 0.411369 0.911469 0.986301 0.923679
knife_butterfly.bmp
  37 1.100000 -1.860000 1.410001 0.000000 0.411369 0.911469 0.986301 0.923679
  37 1.250000 -1.860000 1.410001 0.000000 0.411369 0.911469 0.968689 0.923679
  37 1.100000 -1.820000 1.390001 0.000000 0.370615 0.928787 0.986301 0.917808
knife_butterfly.bmp
  37 1.250000 -1.860000 1.410001 0.000000 0.411369 0.911469 0.968689 0.923679
  37 1.250000 -1.820000 1.390001 0.000000 0.370615 0.928787 0.968689 0.917808
  37 1.100000 -1.820000 1.390001 0.000000 0.370615 0.928787 0.986301 0.917808
knife_butterfly.bmp
  37 1.100000 -1.820000 1.390001 0.000000 0.370615 0.928787 0.986301 0.917808
  37 1.250000 -1.820000 1.390001 0.000000 0.370615 0.928787 0.968689 0.917808
  37 1.250000 -1.770000 1.370001 0.000000 0.370615 0.928787 0.968689 0.913894
knife_butterfly.bmp
  37 1.100000 -1.900000 0.810001 -1.000000 0.000000 0.000000 0.518591 0.935421
  37 1.100000 -1.820000 1.390001 -1.000000 0.000000 0.000000 0.589041 0.923679
  37 1.100000 -1.850000 0.830001 -1.000000 0.000000 0.000000 0.520548 0.929550
knife_butterfly.bmp
  37 1.100000 -1.850000 0.830001 -1.000000 0.000000 0.000000 0.520548 0.929550
  37 1.100000 -1.820000 1.390001 -1.000000 0.000000 0.000000 0.589041 0.923679
  37 1.100000 -1.810000 0.880001 -1.000000 0.000000 0.000000 0.526419 0.925636
knife_butterfly.bmp
  37 1.100000 -1.820000 1.390001 -1.000000 0.000000 0.000000 0.589041 0.923679
  37 1.100000 -1.770000 1.370001 -1.000000 0.000000 0.000000 0.587084 0.919765
  37 1.100000 -1.810000 0.880001 -1.000000 0.000000 0.000000 0.526419 0.925636
knife_butterfly.bmp
  37 1.100000 -1.810000 0.880001 -1.000000 0.000000 0.000000 0.526419 0.925636
  37 1.100000 -1.770000 1.370001 -1.000000 0.000000 0.000000 0.587084 0.919765
  37 1.100000 -1.770000 0.910001 -1.000000 0.000000 0.000000 0.528376 0.921722
knife_butterfly.bmp
  37 1.100000 -1.770000 1.370001 -1.000000 0.000000 0.000000 0.587084 0.919765
  37 1.100000 -1.720000 1.350001 -1.000000 0.000000 0.000000 0.585127 0.911937
  37 1.100000 -1.770000 0.910001 -1.000000 0.000000 0.000000 0.528376 0.921722
knife_butterfly.bmp
  37 1.100000 -1.770000 0.910001 -1.000000 0.000000 0.000000 0.528376 0.921722
  37 1.100000 -1.720000 1.350001 -1.000000 0.000000 0.000000 0.585127 0.911937
  37 1.100000 -1.750000 0.940001 -1.000000 0.000000 0.000000 0.534247 0.917808
knife_butterfly.bmp
  37 1.100000 -1.720000 1.350001 -1.000000 0.000000 0.000000 0.585127 0.911937
  37 1.100000 -1.650000 1.340001 -1.000000 0.000000 0.000000 0.583170 0.908023
  37 1.100000 -1.750000 0.940001 -1.000000 0.000000 0.000000 0.534247 0.917808
knife_butterfly.bmp
  37 1.100000 -1.750000 0.940001 -1.000000 0.000000 0.000000 0.534247 0.917808
  37 1.100000 -1.650000 1.340001 -1.000000 0.000000 0.000000 0.583170 0.908023
  37 1.100000 -1.730000 0.960001 -1.000000 0.000000 0.000000 0.536204 0.913894
knife_butterfly.bmp
  37 1.100000 -1.650000 1.340001 -1.000000 0.000000 0.000000 0.583170 0.908023
  37 1.100000 -1.630000 1.330001 -1.000000 0.000000 0.000000 0.581213 0.902153
  37 1.100000 -1.730000 0.960001 -1.000000 0.000000 0.000000 0.536204 0.913894
knife_butterfly.bmp
  37 1.100000 -1.730000 0.960001 -1.000000 0.000000 0.000000 0.536204 0.913894
  37 1.100000 -1.630000 1.330001 -1.000000 0.000000 0.000000 0.581213 0.902153
  37 1.100000 -1.700000 0.970001 -1.000000 0.000000 0.000000 0.536204 0.909980
knife_butterfly.bmp
  37 1.100000 -1.630000 1.330001 -1.000000 0.000000 0.000000 0.581213 0.902153
  37 1.100000 -1.600000 1.320001 -1.000000 0.000000 0.000000 0.581213 0.898239
  37 1.100000 -1.700000 0.970001 -1.000000 0.000000 0.000000 0.536204 0.909980
knife_butterfly.bmp
  37 1.100000 -1.700000 0.970001 -1.000000 0.000000 0.000000 0.536204 0.909980
  37 1.100000 -1.600000 1.320001 -1.000000 0.000000 0.000000 0.581213 0.898239
  37 1.100000 -1.650000 0.960001 -1.000000 0.000000 0.000000 0.534247 0.906067
knife_butterfly.bmp
  37 1.100000 -1.600000 1.320001 -1.000000 0.000000 0.000000 0.581213 0.898239
  37 1.100000 -1.540000 1.330001 -1.000000 0.000000 0.000000 0.579256 0.894325
  37 1.100000 -1.650000 0.960001 -1.000000 0.000000 0.000000 0.534247 0.906067
knife_butterfly.bmp
  37 1.100000 -1.650000 0.960001 -1.000000 0.000000 0.000000 0.534247 0.906067
  37 1.100000 -1.540000 1.330001 -1.000000 0.000000 0.000000 0.579256 0.894325
  37 1.100000 -1.520000 1.330001 -1.000000 0.000000 0.000000 0.579256 0.888454
knife_butterfly.bmp
  37 0.710000 -1.820000 1.390001 0.000000 0.370615 0.928787 0.947162 0.917808
  37 0.710000 -1.860000 1.410001 0.000000 0.411369 0.911469 0.947162 0.923679
  37 0.880000 -1.820000 1.390001 0.000000 0.370615 0.928787 0.929550 0.917808
knife_butterfly.bmp
  37 0.880000 -1.820000 1.390001 0.000000 0.370615 0.928787 0.929550 0.917808
  37 0.710000 -1.860000 1.410001 0.000000 0.411369 0.911469 0.947162 0.923679
  37 0.880000 -1.860000 1.410001 0.000000 0.411369 0.911469 0.929550 0.923679
knife_butterfly.bmp
  37 0.710000 -1.860000 1.410001 0.000000 0.411369 0.911469 0.947162 0.923679
  37 0.710000 -1.890000 1.430001 0.000000 0.370615 0.928787 0.947162 0.929550
  37 0.880000 -1.860000 1.410001 0.000000 0.411369 0.911469 0.929550 0.923679
knife_butterfly.bmp
  37 0.880000 -1.860000 1.410001 0.000000 0.411369 0.911469 0.929550 0.923679
  37 0.710000 -1.890000 1.430001 0.000000 0.370615 0.928787 0.947162 0.929550
  37 0.880000 -1.890000 1.430001 0.000000 0.370615 0.928787 0.929550 0.929550
knife_butterfly.bmp
  37 0.710000 -1.890000 1.430001 0.000000 0.370615 0.928787 0.947162 0.929550
  37 0.710000 -1.950000 1.450001 0.000000 0.245723 0.969340 0.947162 0.935421
  37 0.880000 -1.890000 1.430001 0.000000 0.370615 0.928787 0.929550 0.929550
knife_butterfly.bmp
  37 0.880000 -1.890000 1.430001 0.000000 0.370615 0.928787 0.929550 0.929550
  37 0.710000 -1.950000 1.450001 0.000000 0.245723 0.969340 0.947162 0.935421
  37 0.880000 -1.950000 1.450001 0.000000 0.245723 0.969340 0.929550 0.935421
knife_butterfly.bmp
  37 0.710000 -1.950000 1.450001 0.000000 0.245723 0.969340 0.947162 0.935421
  37 0.710000 -1.990000 1.460001 -0.000002 0.027761 0.999615 0.947162 0.939335
  37 0.880000 -1.950000 1.450001 0.000000 0.245723 0.969340 0.929550 0.935421
knife_butterfly.bmp
  37 0.880000 -1.950000 1.450001 0.000000 0.245723 0.969340 0.929550 0.935421
  37 0.710000 -1.990000 1.460001 -0.000002 0.027761 0.999615 0.947162 0.939335
  37 0.880000 -1.990000 1.460001 -0.000002 0.027761 0.999615 0.929550 0.939335
knife_butterfly.bmp
  37 0.710000 -1.990000 1.460001 -0.000002 0.027761 0.999615 0.947162 0.939335
  37 0.710000 -2.080000 1.450001 -0.000002 -0.196293 0.980545 0.947162 0.949119
  37 0.880000 -1.990000 1.460001 -0.000002 0.027761 0.999615 0.929550 0.939335
knife_butterfly.bmp
  37 0.880000 -1.990000 1.460001 -0.000002 0.027761 0.999615 0.929550 0.939335
  37 0.710000 -2.080000 1.450001 -0.000002 -0.196293 0.980545 0.947162 0.949119
  37 0.880000 -2.080000 1.450001 -0.000002 -0.196293 0.980545 0.929550 0.949119
knife_butterfly.bmp
  37 0.710000 -2.080000 1.450001 -0.000002 -0.196293 0.980545 0.947162 0.949119
  37 0.710000 -2.180000 1.450001 0.000000 -0.398038 0.917369 0.947162 0.956947
  37 0.880000 -2.080000 1.450001 -0.000002 -0.196293 0.980545 0.929550 0.949119
knife_butterfly.bmp
  37 0.880000 -2.080000 1.450001 -0.000002 -0.196293 0.980545 0.929550 0.949119
  37 0.710000 -2.180000 1.450001 0.000000 -0.398038 0.917369 0.947162 0.956947
  37 0.880000 -2.180000 1.450001 0.000000 -0.398038 0.917369 0.929550 0.956947
knife_butterfly.bmp
  37 0.710000 -2.180000 1.450001 0.000000 -0.398038 0.917369 0.947162 0.956947
  37 0.880000 -2.250000 1.410001 0.000000 -0.584485 0.811404 0.929550 0.966732
  37 0.880000 -2.180000 1.450001 0.000000 -0.398038 0.917369 0.929550 0.956947
knife_butterfly.bmp
  37 0.880000 -0.860000 1.360001 1.000000 0.000000 0.000000 0.583170 0.812133
  37 0.880000 -0.940000 1.340001 1.000000 0.000000 0.000000 0.581213 0.821918
  37 0.880000 -0.870000 1.000001 1.000000 0.000000 0.000000 0.538160 0.814090
knife_butterfly.bmp
  37 0.880000 -0.870000 1.000001 1.000000 0.000000 0.000000 0.538160 0.814090
  37 0.880000 -0.940000 1.340001 1.000000 0.000000 0.000000 0.581213 0.821918
  37 0.880000 -0.970000 0.990001 1.000000 0.000000 0.000000 0.536204 0.825832
knife_butterfly.bmp
  37 0.880000 -0.940000 1.340001 1.000000 0.000000 0.000000 0.581213 0.821918
  37 0.880000 -1.020000 1.330001 1.000000 0.000000 0.000000 0.579256 0.831703
  37 0.880000 -0.970000 0.990001 1.000000 0.000000 0.000000 0.536204 0.825832
knife_butterfly.bmp
  37 0.880000 -0.970000 0.990001 1.000000 0.000000 0.000000 0.536204 0.825832
  37 0.880000 -1.020000 1.330001 1.000000 0.000000 0.000000 0.579256 0.831703
  37 0.880000 -1.080000 0.970001 1.000000 0.000000 0.000000 0.534247 0.837573
knife_butterfly.bmp
  37 0.880000 -1.020000 1.330001 1.000000 0.000000 0.000000 0.579256 0.831703
  37 0.880000 -1.110000 1.320001 1.000000 0.000000 0.000000 0.579256 0.841487
  37 0.880000 -1.080000 0.970001 1.000000 0.000000 0.000000 0.534247 0.837573
knife_butterfly.bmp
  37 0.880000 -1.080000 0.970001 1.000000 0.000000 0.000000 0.534247 0.837573
  37 0.880000 -1.110000 1.320001 1.000000 0.000000 0.000000 0.579256 0.841487
  37 0.880000 -1.200000 0.960001 1.000000 0.000000 0.000000 0.532290 0.851272
knife_butterfly.bmp
  37 0.880000 -1.110000 1.320001 1.000000 0.000000 0.000000 0.579256 0.841487
  37 0.880000 -1.200000 1.320001 1.000000 0.000000 0.000000 0.577299 0.851272
  37 0.880000 -1.200000 0.960001 1.000000 0.000000 0.000000 0.532290 0.851272
knife_butterfly.bmp
  37 0.880000 -1.200000 0.960001 1.000000 0.000000 0.000000 0.532290 0.851272
  37 0.880000 -1.200000 1.320001 1.000000 0.000000 0.000000 0.577299 0.851272
  37 0.880000 -1.290000 0.960001 1.000000 0.000000 0.000000 0.532290 0.864971
knife_butterfly.bmp
  37 0.880000 -1.200000 1.320001 1.000000 0.000000 0.000000 0.577299 0.851272
  37 0.880000 -1.360000 1.320001 1.000000 0.000000 0.000000 0.577299 0.870841
  37 0.880000 -1.290000 0.960001 1.000000 0.000000 0.000000 0.532290 0.864971
knife_butterfly.bmp
  37 0.880000 -1.290000 0.960001 1.000000 0.000000 0.000000 0.532290 0.864971
  37 0.880000 -1.360000 1.320001 1.000000 0.000000 0.000000 0.577299 0.870841
  37 0.880000 -1.500000 0.960001 1.000000 0.000000 0.000000 0.532290 0.886497
knife_butterfly.bmp
  37 0.880000 -1.360000 1.320001 1.000000 0.000000 0.000000 0.577299 0.870841
  37 0.880000 -1.520000 1.330001 1.000000 0.000000 0.000000 0.579256 0.888454
  37 0.880000 -1.500000 0.960001 1.000000 0.000000 0.000000 0.532290 0.886497
knife_butterfly.bmp
  37 0.880000 -1.500000 0.960001 1.000000 0.000000 0.000000 0.532290 0.886497
  37 0.880000 -1.520000 1.330001 1.000000 0.000000 0.000000 0.579256 0.888454
  37 0.880000 -1.620000 0.940001 1.000000 0.000000 0.000000 0.532290 0.904110
knife_butterfly.bmp
  37 0.880000 -1.520000 1.330001 1.000000 0.000000 0.000000 0.579256 0.888454
  37 0.880000 -1.650000 0.960001 1.000000 0.000000 0.000000 0.534247 0.906067
  37 0.880000 -1.620000 0.940001 1.000000 0.000000 0.000000 0.532290 0.904110
knife_butterfly.bmp
  37 0.880000 -1.850000 0.830001 1.000000 0.000000 0.000000 0.520548 0.929550
  37 0.880000 -1.810000 0.880001 1.000000 0.000000 0.000000 0.526419 0.925636
  37 0.880000 -1.820000 1.390001 1.000000 0.000000 0.000000 0.589041 0.923679
knife_butterfly.bmp
  37 0.880000 -1.820000 1.390001 1.000000 0.000000 0.000000 0.589041 0.923679
  37 0.880000 -1.810000 0.880001 1.000000 0.000000 0.000000 0.526419 0.925636
  37 0.880000 -1.770000 1.370001 1.000000 0.000000 0.000000 0.587084 0.919765
knife_butterfly.bmp
  37 0.880000 -1.810000 0.880001 1.000000 0.000000 0.000000 0.526419 0.925636
  37 0.880000 -1.770000 0.910001 1.000000 0.000000 0.000000 0.528376 0.921722
  37 0.880000 -1.770000 1.370001 1.000000 0.000000 0.000000 0.587084 0.919765
knife_butterfly.bmp
  37 0.880000 -1.770000 1.370001 1.000000 0.000000 0.000000 0.587084 0.919765
  37 0.880000 -1.770000 0.910001 1.000000 0.000000 0.000000 0.528376 0.921722
  37 0.880000 -1.720000 1.350001 1.000000 0.000000 0.000000 0.585127 0.911937
knife_butterfly.bmp
  37 0.880000 -1.770000 0.910001 1.000000 0.000000 0.000000 0.528376 0.921722
  37 0.880000 -1.750000 0.940001 1.000000 0.000000 0.000000 0.534247 0.917808
  37 0.880000 -1.720000 1.350001 1.000000 0.000000 0.000000 0.585127 0.911937
knife_butterfly.bmp
  37 0.880000 -1.720000 1.350001 1.000000 0.000000 0.000000 0.585127 0.911937
  37 0.880000 -1.750000 0.940001 1.000000 0.000000 0.000000 0.534247 0.917808
  37 0.880000 -1.650000 1.340001 1.000000 0.000000 0.000000 0.583170 0.908023
knife_butterfly.bmp
  37 0.880000 -1.750000 0.940001 1.000000 0.000000 0.000000 0.534247 0.917808
  37 0.880000 -1.730000 0.960001 1.000000 0.000000 0.000000 0.536204 0.913894
  37 0.880000 -1.650000 1.340001 1.000000 0.000000 0.000000 0.583170 0.908023
knife_butterfly.bmp
  37 0.880000 -1.650000 1.340001 1.000000 0.000000 0.000000 0.583170 0.908023
  37 0.880000 -1.730000 0.960001 1.000000 0.000000 0.000000 0.536204 0.913894
  37 0.880000 -1.630000 1.330001 1.000000 0.000000 0.000000 0.581213 0.902153
knife_butterfly.bmp
  37 0.880000 -1.730000 0.960001 1.000000 0.000000 0.000000 0.536204 0.913894
  37 0.880000 -1.700000 0.970001 1.000000 0.000000 0.000000 0.536204 0.909980
  37 0.880000 -1.630000 1.330001 1.000000 0.000000 0.000000 0.581213 0.902153
knife_butterfly.bmp
  37 0.880000 -1.630000 1.330001 1.000000 0.000000 0.000000 0.581213 0.902153
  37 0.880000 -1.700000 0.970001 1.000000 0.000000 0.000000 0.536204 0.909980
  37 0.880000 -1.600000 1.320001 1.000000 0.000000 0.000000 0.581213 0.898239
knife_butterfly.bmp
  37 0.880000 -1.700000 0.970001 1.000000 0.000000 0.000000 0.536204 0.909980
  37 0.880000 -1.650000 0.960001 1.000000 0.000000 0.000000 0.534247 0.906067
  37 0.880000 -1.600000 1.320001 1.000000 0.000000 0.000000 0.581213 0.898239
knife_butterfly.bmp
  37 0.880000 -1.600000 1.320001 1.000000 0.000000 0.000000 0.581213 0.898239
  37 0.880000 -1.650000 0.960001 1.000000 0.000000 0.000000 0.534247 0.906067
  37 0.880000 -1.540000 1.330001 1.000000 0.000000 0.000000 0.579256 0.894325
knife_butterfly.bmp
  37 0.880000 -1.650000 0.960001 1.000000 0.000000 0.000000 0.534247 0.906067
  37 0.880000 -1.520000 1.330001 1.000000 0.000000 0.000000 0.579256 0.888454
  37 0.880000 -1.540000 1.330001 1.000000 0.000000 0.000000 0.579256 0.894325
knife_butterfly.bmp
  37 0.690000 -1.640000 0.990001 -1.000000 0.000000 0.000000 0.434442 0.906067
  37 0.690000 -1.530000 1.290001 -1.000000 0.000000 0.000000 0.469667 0.890411
  37 0.690000 -1.620000 0.980001 -1.000000 0.000000 0.000000 0.432485 0.902153
knife_butterfly.bmp
  37 0.690000 -1.620000 0.980001 -1.000000 0.000000 0.000000 0.432485 0.902153
  37 0.690000 -1.530000 1.290001 -1.000000 0.000000 0.000000 0.469667 0.890411
  37 0.690000 -1.490000 0.990001 -1.000000 0.000000 0.000000 0.432485 0.886497
knife_butterfly.bmp
  37 0.690000 -1.530000 1.290001 -1.000000 0.000000 0.000000 0.469667 0.890411
  37 0.690000 -1.380000 1.280001 -1.000000 0.000000 0.000000 0.469667 0.872798
  37 0.690000 -1.490000 0.990001 -1.000000 0.000000 0.000000 0.432485 0.886497
knife_butterfly.bmp
  37 0.690000 -1.490000 0.990001 -1.000000 0.000000 0.000000 0.432485 0.886497
  37 0.690000 -1.380000 1.280001 -1.000000 0.000000 0.000000 0.469667 0.872798
  37 0.690000 -1.280000 0.990001 -1.000000 0.000000 0.000000 0.432485 0.863014
knife_butterfly.bmp
  37 0.690000 -1.380000 1.280001 -1.000000 0.000000 0.000000 0.469667 0.872798
  37 0.690000 -1.210000 1.280001 -1.000000 0.000000 0.000000 0.469667 0.853229
  37 0.690000 -1.280000 0.990001 -1.000000 0.000000 0.000000 0.432485 0.863014
knife_butterfly.bmp
  37 0.690000 -1.280000 0.990001 -1.000000 0.000000 0.000000 0.432485 0.863014
  37 0.690000 -1.210000 1.280001 -1.000000 0.000000 0.000000 0.469667 0.853229
  37 0.690000 -1.190000 0.990001 -1.000000 0.000000 0.000000 0.432485 0.851272
knife_butterfly.bmp
  37 0.690000 -1.210000 1.280001 -1.000000 0.000000 0.000000 0.469667 0.853229
  37 0.690000 -1.120000 1.290001 -1.000000 0.000000 0.000000 0.469667 0.843444
  37 0.690000 -1.190000 0.990001 -1.000000 0.000000 0.000000 0.432485 0.851272
knife_butterfly.bmp
  37 0.690000 -1.190000 0.990001 -1.000000 0.000000 0.000000 0.432485 0.851272
  37 0.690000 -1.120000 1.290001 -1.000000 0.000000 0.000000 0.469667 0.843444
  37 0.690000 -1.080000 1.000001 -1.000000 0.000000 0.000000 0.434442 0.837573
knife_butterfly.bmp
  37 0.690000 -1.120000 1.290001 -1.000000 0.000000 0.000000 0.469667 0.843444
  37 0.690000 -1.030000 1.290001 -1.000000 0.000000 0.000000 0.469667 0.831703
  37 0.690000 -1.080000 1.000001 -1.000000 0.000000 0.000000 0.434442 0.837573
knife_butterfly.bmp
  37 0.690000 -1.080000 1.000001 -1.000000 0.000000 0.000000 0.434442 0.837573
  37 0.690000 -1.030000 1.290001 -1.000000 0.000000 0.000000 0.469667 0.831703
  37 0.690000 -0.970000 1.000001 -1.000000 0.000000 0.000000 0.434442 0.825832
knife_butterfly.bmp
  37 0.690000 -1.030000 1.290001 -1.000000 0.000000 0.000000 0.469667 0.831703
  37 0.690000 -0.940000 1.310001 -1.000000 0.000000 0.000000 0.471624 0.821918
  37 0.690000 -0.970000 1.000001 -1.000000 0.000000 0.000000 0.434442 0.825832
knife_butterfly.bmp
  37 0.690000 -0.970000 1.000001 -1.000000 0.000000 0.000000 0.434442 0.825832
  37 0.690000 -0.940000 1.310001 -1.000000 0.000000 0.000000 0.471624 0.821918
  37 0.690000 -0.870000 1.000001 -1.000000 0.000000 0.000000 0.436399 0.814090
knife_butterfly.bmp
  37 0.690000 -0.940000 1.310001 -1.000000 0.000000 0.000000 0.471624 0.821918
  37 0.690000 -0.860000 1.330001 -1.000000 0.000000 0.000000 0.473581 0.812133
  37 0.690000 -0.870000 1.000001 -1.000000 0.000000 0.000000 0.436399 0.814090
knife_butterfly.bmp
  40 1.260001 -2.068561 0.688157 0.313167 0.196558 0.929135 0.686888 0.906067
  40 1.260001 -2.108561 0.698157 0.313167 0.196558 0.929135 0.686888 0.911937
  40 1.290001 -2.108561 0.688157 0.711122 0.161500 0.684268 0.686888 0.911937
knife_butterfly.bmp
  40 1.290001 -2.108561 0.688157 0.711122 0.161500 0.684268 0.686888 0.911937
  40 1.260001 -2.108561 0.698157 0.313167 0.196558 0.929135 0.686888 0.911937
  40 1.290001 -2.148561 0.698157 0.708854 0.205170 0.674857 0.688845 0.917808
knife_butterfly.bmp
  40 1.260001 -2.108561 0.698157 0.313167 0.196558 0.929135 0.686888 0.911937
  40 1.260001 -2.148561 0.708157 0.311883 0.276229 0.909080 0.688845 0.917808
  40 1.290001 -2.148561 0.698157 0.708854 0.205170 0.674857 0.688845 0.917808
knife_butterfly.bmp
  40 1.290001 -2.148561 0.698157 0.708854 0.205170 0.674857 0.688845 0.917808
  40 1.260001 -2.148561 0.708157 0.311883 0.276229 0.909080 0.688845 0.917808
  40 1.290001 -2.198561 0.698157 0.701591 0.241154 0.670533 0.690802 0.923679
knife_butterfly.bmp
  40 1.260001 -2.148561 0.708157 0.311883 0.276229 0.909080 0.688845 0.917808
  40 1.260001 -2.188561 0.708157 0.305459 0.322537 0.895915 0.690802 0.923679
  40 1.290001 -2.198561 0.698157 0.701591 0.241154 0.670533 0.690802 0.923679
knife_butterfly.bmp
  40 1.290001 -2.198561 0.698157 0.701591 0.241154 0.670533 0.690802 0.923679
  40 1.260001 -2.188561 0.708157 0.305459 0.322537 0.895915 0.690802 0.923679
  40 1.290001 -2.238561 0.738157 0.701591 0.241154 0.670533 0.692759 0.929550
knife_butterfly.bmp
  40 1.260001 -2.188561 0.708157 0.305459 0.322537 0.895915 0.690802 0.923679
  40 1.260001 -2.238561 0.748157 0.305459 0.322537 0.895915 0.692759 0.929550
  40 1.290001 -2.238561 0.738157 0.701591 0.241154 0.670533 0.692759 0.929550
knife_butterfly.bmp
  40 1.290001 -2.238561 0.738157 0.701591 0.241154 0.670533 0.692759 0.929550
  40 1.260001 -2.238561 0.748157 0.305459 0.322537 0.895915 0.692759 0.929550
  40 1.290001 -2.278561 0.758157 0.697447 0.283092 0.658352 0.694716 0.935421
knife_butterfly.bmp
  40 1.260001 -2.238561 0.748157 0.305459 0.322537 0.895915 0.692759 0.929550
  40 1.260001 -2.278561 0.768157 0.299799 0.378316 0.875784 0.696673 0.935421
  40 1.290001 -2.278561 0.758157 0.697447 0.283092 0.658352 0.694716 0.935421
knife_butterfly.bmp
  40 1.290001 -2.278561 0.758157 0.697447 0.283092 0.658352 0.694716 0.935421
  40 1.260001 -2.278561 0.768157 0.299799 0.378316 0.875784 0.696673 0.935421
  40 1.290001 -2.328561 0.768158 0.701591 0.241154 0.670533 0.696673 0.939335
knife_butterfly.bmp
  40 1.260001 -2.278561 0.768157 0.299799 0.378316 0.875784 0.696673 0.935421
  40 1.260001 -2.318561 0.778157 0.305459 0.322537 0.895915 0.698630 0.939335
  40 1.290001 -2.328561 0.768158 0.701591 0.241154 0.670533 0.696673 0.939335
knife_butterfly.bmp
  40 1.290001 -2.328561 0.768158 0.701591 0.241154 0.670533 0.696673 0.939335
  40 1.260001 -2.318561 0.778157 0.305459 0.322537 0.895915 0.698630 0.939335
  40 1.290001 -2.378561 0.788158 0.711122 0.161500 0.684268 0.698630 0.947162
knife_butterfly.bmp
  40 1.260001 -2.318561 0.778157 0.305459 0.322537 0.895915 0.698630 0.939335
  40 1.260001 -2.378560 0.798158 0.313167 0.196558 0.929135 0.700587 0.947162
  40 1.290001 -2.378561 0.788158 0.711122 0.161500 0.684268 0.698630 0.947162
knife_butterfly.bmp
  40 1.280001 -1.058561 0.558154 0.999988 0.004934 -0.000682 0.673190 0.788650
  40 1.300001 -1.138561 0.728154 0.999988 0.004934 -0.000682 0.692759 0.796477
  40 1.280001 -1.018562 0.418154 0.999988 0.004934 -0.000682 0.653620 0.782779
knife_butterfly.bmp
  40 1.280001 -1.018562 0.418154 0.999988 0.004934 -0.000682 0.653620 0.782779
  40 1.300001 -1.138561 0.728154 0.999988 0.004934 -0.000682 0.692759 0.796477
  40 1.300001 -1.188561 0.418155 0.999988 0.004934 -0.000682 0.651663 0.802348
knife_butterfly.bmp
  40 1.300001 -1.138561 0.728154 0.999988 0.004934 -0.000682 0.692759 0.796477
  40 1.300001 -1.288561 0.678155 0.999988 0.004934 -0.000682 0.684932 0.814090
  40 1.300001 -1.188561 0.418155 0.999988 0.004934 -0.000682 0.651663 0.802348
knife_butterfly.bmp
  40 1.300001 -1.188561 0.418155 0.999988 0.004934 -0.000682 0.651663 0.802348
  40 1.300001 -1.288561 0.678155 0.999988 0.004934 -0.000682 0.684932 0.814090
  40 1.300001 -1.288562 0.398155 0.999988 0.004934 -0.000682 0.649706 0.814090
knife_butterfly.bmp
  40 1.300001 -1.288561 0.678155 0.999988 0.004934 -0.000682 0.684932 0.814090
  40 1.300001 -1.438561 0.618155 0.999988 0.004934 -0.000682 0.681018 0.835616
  40 1.300001 -1.288562 0.398155 0.999988 0.004934 -0.000682 0.649706 0.814090
knife_butterfly.bmp
  40 1.300001 -1.288562 0.398155 0.999988 0.004934 -0.000682 0.649706 0.814090
  40 1.300001 -1.438561 0.618155 0.999988 0.004934 -0.000682 0.681018 0.835616
  40 1.300002 -1.498562 0.368155 0.999988 0.004934 -0.000682 0.645793 0.839530
knife_butterfly.bmp
  40 1.300001 -1.438561 0.618155 0.999988 0.004934 -0.000682 0.681018 0.835616
  40 1.300001 -1.628561 0.628156 0.999988 0.004934 -0.000682 0.679061 0.855186
  40 1.300002 -1.498562 0.368155 0.999988 0.004934 -0.000682 0.645793 0.839530
knife_butterfly.bmp
  40 1.300002 -1.498562 0.368155 0.999988 0.004934 -0.000682 0.645793 0.839530
  40 1.300001 -1.628561 0.628156 0.999988 0.004934 -0.000682 0.679061 0.855186
  40 1.300002 -1.718562 0.348156 0.999988 0.004934 -0.000682 0.641879 0.866928
knife_butterfly.bmp
  40 1.300001 -1.628561 0.628156 0.999988 0.004934 -0.000682 0.679061 0.855186
  40 1.300001 -1.788561 0.608156 0.999988 0.004934 -0.000682 0.679061 0.876712
  40 1.300002 -1.718562 0.348156 0.999988 0.004934 -0.000682 0.641879 0.866928
knife_butterfly.bmp
  40 1.300002 -1.718562 0.348156 0.999988 0.004934 -0.000682 0.641879 0.866928
  40 1.300001 -1.788561 0.608156 0.999988 0.004934 -0.000682 0.679061 0.876712
  40 1.300002 -1.898562 0.338156 0.999988 0.004934 -0.000682 0.641879 0.888454
knife_butterfly.bmp
  40 1.300001 -1.788561 0.608156 0.999988 0.004934 -0.000682 0.679061 0.876712
  40 1.300001 -1.938561 0.628157 0.999988 0.004934 -0.000682 0.679061 0.894325
  40 1.300002 -1.898562 0.338156 0.999988 0.004934 -0.000682 0.641879 0.888454
knife_butterfly.bmp
  40 1.300002 -1.898562 0.338156 0.999988 0.004934 -0.000682 0.641879 0.888454
  40 1.300001 -1.938561 0.628157 0.999988 0.004934 -0.000682 0.679061 0.894325
  40 1.300002 -2.058562 0.328157 0.999988 0.004934 -0.000682 0.641879 0.906067
knife_butterfly.bmp
  40 1.300001 -1.938561 0.628157 0.999988 0.004934 -0.000682 0.679061 0.894325
  40 1.300002 -2.088562 0.348157 0.999988 0.004934 -0.000682 0.643836 0.909980
  40 1.300002 -2.058562 0.328157 0.999988 0.004934 -0.000682 0.641879 0.906067
knife_butterfly.bmp
  40 1.300002 -2.268562 0.218157 0.999988 0.004934 -0.000682 0.628180 0.933464
  40 1.300002 -2.248562 0.268157 0.999988 0.004934 -0.000682 0.632094 0.927593
  40 1.300001 -2.258561 0.708157 0.999988 0.004934 -0.000682 0.688845 0.929550
knife_butterfly.bmp
  40 1.300001 -2.258561 0.708157 0.999988 0.004934 -0.000682 0.688845 0.929550
  40 1.300002 -2.248562 0.268157 0.999988 0.004934 -0.000682 0.632094 0.927593
  40 1.300001 -2.218561 0.678157 0.999988 0.004934 -0.000682 0.686888 0.923679
knife_butterfly.bmp
  40 1.300002 -2.248562 0.268157 0.999988 0.004934 -0.000682 0.632094 0.927593
  40 1.300002 -2.198562 0.298157 0.999988 0.004934 -0.000682 0.636008 0.923679
  40 1.300001 -2.218561 0.678157 0.999988 0.004934 -0.000682 0.686888 0.923679
knife_butterfly.bmp
  40 1.300001 -2.218561 0.678157 0.999988 0.004934 -0.000682 0.686888 0.923679
  40 1.300002 -2.198562 0.298157 0.999988 0.004934 -0.000682 0.636008 0.923679
  40 1.300001 -2.158561 0.648157 0.999988 0.004934 -0.000682 0.684932 0.917808
knife_butterfly.bmp
  40 1.300002 -2.198562 0.298157 0.999988 0.004934 -0.000682 0.636008 0.923679
  40 1.300002 -2.178562 0.318157 0.999988 0.004934 -0.000682 0.641879 0.921722
  40 1.300001 -2.158561 0.648157 0.999988 0.004934 -0.000682 0.684932 0.917808
knife_butterfly.bmp
  40 1.300001 -2.158561 0.648157 0.999988 0.004934 -0.000682 0.684932 0.917808
  40 1.300002 -2.178562 0.318157 0.999988 0.004934 -0.000682 0.641879 0.921722
  40 1.300001 -2.108561 0.658157 0.999988 0.004934 -0.000682 0.682975 0.911937
knife_butterfly.bmp
  40 1.300002 -2.178562 0.318157 0.999988 0.004934 -0.000682 0.641879 0.921722
  40 1.300002 -2.148562 0.338157 0.999988 0.004934 -0.000682 0.643836 0.915851
  40 1.300001 -2.108561 0.658157 0.999988 0.004934 -0.000682 0.682975 0.911937
knife_butterfly.bmp
  40 1.300001 -2.108561 0.658157 0.999988 0.004934 -0.000682 0.682975 0.911937
  40 1.300002 -2.148562 0.338157 0.999988 0.004934 -0.000682 0.643836 0.915851
  40 1.300001 -2.078561 0.648157 0.999988 0.004934 -0.000682 0.682975 0.908023
knife_butterfly.bmp
  40 1.300002 -2.148562 0.338157 0.999988 0.004934 -0.000682 0.643836 0.915851
  40 1.300002 -2.108562 0.358157 0.999988 0.004934 -0.000682 0.643836 0.911937
  40 1.300001 -2.078561 0.648157 0.999988 0.004934 -0.000682 0.682975 0.908023
knife_butterfly.bmp
  40 1.300001 -2.078561 0.648157 0.999988 0.004934 -0.000682 0.682975 0.908023
  40 1.300002 -2.108562 0.358157 0.999988 0.004934 -0.000682 0.643836 0.911937
  40 1.300001 -2.018561 0.648157 0.999988 0.004934 -0.000682 0.681018 0.904110
knife_butterfly.bmp
  40 1.300002 -2.108562 0.358157 0.999988 0.004934 -0.000682 0.643836 0.911937
  40 1.300002 -2.088562 0.348157 0.999988 0.004934 -0.000682 0.643836 0.909980
  40 1.300001 -2.018561 0.648157 0.999988 0.004934 -0.000682 0.681018 0.904110
knife_butterfly.bmp
  40 1.300001 -2.018561 0.648157 0.999988 0.004934 -0.000682 0.681018 0.904110
  40 1.300002 -2.088562 0.348157 0.999988 0.004934 -0.000682 0.643836 0.909980
  40 1.300001 -1.998561 0.638157 0.999988 0.004934 -0.000682 0.681018 0.898239
knife_butterfly.bmp
  40 1.300002 -2.088562 0.348157 0.999988 0.004934 -0.000682 0.643836 0.909980
  40 1.300001 -1.938561 0.628157 0.999988 0.004934 -0.000682 0.679061 0.894325
  40 1.300001 -1.998561 0.638157 0.999988 0.004934 -0.000682 0.681018 0.898239
knife_butterfly.bmp
  40 0.890002 -2.268562 0.188157 0.999988 0.004934 -0.000682 0.729941 0.933464
  40 0.890002 -2.248562 0.228157 0.999988 0.004934 -0.000682 0.735812 0.929550
  40 0.890001 -2.238561 0.748156 0.999988 0.004934 -0.000682 0.800391 0.929550
knife_butterfly.bmp
  40 0.890001 -2.238561 0.748156 0.999988 0.004934 -0.000682 0.800391 0.929550
  40 0.890002 -2.248562 0.228157 0.999988 0.004934 -0.000682 0.735812 0.929550
  40 0.890001 -2.188561 0.728156 0.999988 0.004934 -0.000682 0.798434 0.923679
knife_butterfly.bmp
  40 0.890002 -2.248562 0.228157 0.999988 0.004934 -0.000682 0.735812 0.929550
  40 0.890002 -2.198562 0.258156 0.999988 0.004934 -0.000682 0.739726 0.923679
  40 0.890001 -2.188561 0.728156 0.999988 0.004934 -0.000682 0.798434 0.923679
knife_butterfly.bmp
  40 0.890001 -2.188561 0.728156 0.999988 0.004934 -0.000682 0.798434 0.923679
  40 0.890002 -2.198562 0.258156 0.999988 0.004934 -0.000682 0.739726 0.923679
  40 0.890001 -2.148561 0.688156 0.999988 0.004934 -0.000682 0.796477 0.917808
knife_butterfly.bmp
  40 0.890002 -2.198562 0.258156 0.999988 0.004934 -0.000682 0.739726 0.923679
  40 0.890002 -2.188562 0.298156 0.999988 0.004934 -0.000682 0.743640 0.921722
  40 0.890001 -2.148561 0.688156 0.999988 0.004934 -0.000682 0.796477 0.917808
knife_butterfly.bmp
  40 0.890001 -2.148561 0.688156 0.999988 0.004934 -0.000682 0.796477 0.917808
  40 0.890002 -2.188562 0.298156 0.999988 0.004934 -0.000682 0.743640 0.921722
  40 0.890001 -2.108561 0.678156 0.999988 0.004934 -0.000682 0.794521 0.911937
knife_butterfly.bmp
  40 0.890002 -2.188562 0.298156 0.999988 0.004934 -0.000682 0.743640 0.921722
  40 0.890002 -2.158562 0.318156 0.999988 0.004934 -0.000682 0.745597 0.917808
  40 0.890001 -2.108561 0.678156 0.999988 0.004934 -0.000682 0.794521 0.911937
knife_butterfly.bmp
  40 0.890001 -2.108561 0.678156 0.999988 0.004934 -0.000682 0.794521 0.911937
  40 0.890002 -2.158562 0.318156 0.999988 0.004934 -0.000682 0.745597 0.917808
  40 0.890001 -2.068561 0.688156 0.999988 0.004934 -0.000682 0.794521 0.906067
knife_butterfly.bmp
  40 0.890002 -2.158562 0.318156 0.999988 0.004934 -0.000682 0.745597 0.917808
  40 0.890002 -2.118562 0.298156 0.999988 0.004934 -0.000682 0.747554 0.913894
  40 0.890001 -2.068561 0.688156 0.999988 0.004934 -0.000682 0.794521 0.906067
knife_butterfly.bmp
  40 0.890001 -2.068561 0.688156 0.999988 0.004934 -0.000682 0.794521 0.906067
  40 0.890002 -2.118562 0.298156 0.999988 0.004934 -0.000682 0.747554 0.913894
  40 0.890001 -2.008561 0.678156 0.999988 0.004934 -0.000682 0.792564 0.902153
knife_butterfly.bmp
  40 0.890002 -2.118562 0.298156 0.999988 0.004934 -0.000682 0.747554 0.913894
  40 0.890002 -2.088562 0.318156 0.999988 0.004934 -0.000682 0.745597 0.909980
  40 0.890001 -2.008561 0.678156 0.999988 0.004934 -0.000682 0.792564 0.902153
knife_butterfly.bmp
  40 0.890001 -2.008561 0.678156 0.999988 0.004934 -0.000682 0.792564 0.902153
  40 0.890002 -2.088562 0.318156 0.999988 0.004934 -0.000682 0.745597 0.909980
  40 0.890001 -1.988561 0.668156 0.999988 0.004934 -0.000682 0.792564 0.898239
knife_butterfly.bmp
  40 0.890002 -2.088562 0.318156 0.999988 0.004934 -0.000682 0.745597 0.909980
  40 0.890001 -1.948561 0.668156 0.999988 0.004934 -0.000682 0.790607 0.894325
  40 0.890001 -1.988561 0.668156 0.999988 0.004934 -0.000682 0.792564 0.898239
knife_butterfly.bmp
  40 0.890002 -2.068562 0.298156 0.999988 0.004934 -0.000682 0.743640 0.908023
  40 0.890002 -1.918562 0.298156 0.999988 0.004934 -0.000682 0.743640 0.888454
  40 0.890001 -1.948561 0.668156 0.999988 0.004934 -0.000682 0.790607 0.894325
knife_butterfly.bmp
  40 0.890001 -1.948561 0.668156 0.999988 0.004934 -0.000682 0.790607 0.894325
  40 0.890002 -1.918562 0.298156 0.999988 0.004934 -0.000682 0.743640 0.888454
  40 0.890001 -1.798561 0.658155 0.999988 0.004934 -0.000682 0.790607 0.874755
knife_butterfly.bmp
  40 0.890002 -1.918562 0.298156 0.999988 0.004934 -0.000682 0.743640 0.888454
  40 0.890002 -1.728562 0.288155 0.999988 0.004934 -0.000682 0.745597 0.866928
  40 0.890001 -1.798561 0.658155 0.999988 0.004934 -0.000682 0.790607 0.874755
knife_butterfly.bmp
  40 0.890001 -1.798561 0.658155 0.999988 0.004934 -0.000682 0.790607 0.874755
  40 0.890002 -1.728562 0.288155 0.999988 0.004934 -0.000682 0.745597 0.866928
  40 0.890001 -1.628561 0.658155 0.999988 0.004934 -0.000682 0.790607 0.855186
knife_butterfly.bmp
  40 0.890002 -1.728562 0.288155 0.999988 0.004934 -0.000682 0.745597 0.866928
  40 0.890002 -1.508562 0.338155 0.999988 0.004934 -0.000682 0.749511 0.839530
  40 0.890001 -1.628561 0.658155 0.999988 0.004934 -0.000682 0.790607 0.855186
knife_butterfly.bmp
  40 0.890001 -1.628561 0.658155 0.999988 0.004934 -0.000682 0.790607 0.855186
  40 0.890002 -1.508562 0.338155 0.999988 0.004934 -0.000682 0.749511 0.839530
  40 0.890001 -1.458561 0.678154 0.999988 0.004934 -0.000682 0.792564 0.833659
knife_butterfly.bmp
  40 0.890002 -1.508562 0.338155 0.999988 0.004934 -0.000682 0.749511 0.839530
  40 0.890002 -1.288562 0.368154 0.999988 0.004934 -0.000682 0.751468 0.814090
  40 0.890001 -1.458561 0.678154 0.999988 0.004934 -0.000682 0.792564 0.833659
knife_butterfly.bmp
  40 0.890001 -1.458561 0.678154 0.999988 0.004934 -0.000682 0.792564 0.833659
  40 0.890002 -1.288562 0.368154 0.999988 0.004934 -0.000682 0.751468 0.814090
  40 0.890001 -1.288561 0.708154 0.999988 0.004934 -0.000682 0.796477 0.814090
knife_butterfly.bmp
  40 0.890002 -1.288562 0.368154 0.999988 0.004934 -0.000682 0.751468 0.814090
  40 0.880002 -1.188562 0.378154 0.999988 0.004934 -0.000682 0.753425 0.802348
  40 0.890001 -1.288561 0.708154 0.999988 0.004934 -0.000682 0.796477 0.814090
knife_butterfly.bmp
  40 0.890001 -1.288561 0.708154 0.999988 0.004934 -0.000682 0.796477 0.814090
  40 0.880002 -1.188562 0.378154 0.999988 0.004934 -0.000682 0.753425 0.802348
  40 0.890001 -1.128561 0.768154 0.999988 0.004934 -0.000682 0.804305 0.796477
knife_butterfly.bmp
  40 0.880002 -1.188562 0.378154 0.999988 0.004934 -0.000682 0.753425 0.802348
  40 0.870002 -1.028562 0.388153 0.999988 0.004934 -0.000682 0.755382 0.782779
  40 0.890001 -1.128561 0.768154 0.999988 0.004934 -0.000682 0.804305 0.796477
knife_butterfly.bmp
  40 0.890001 -1.128561 0.768154 0.999988 0.004934 -0.000682 0.804305 0.796477
  40 0.870002 -1.028562 0.388153 0.999988 0.004934 -0.000682 0.755382 0.782779
  40 0.870001 -1.058561 0.578153 0.999988 0.004934 -0.000682 0.780822 0.788650
knife_butterfly.bmp
  40 0.870002 -1.028562 0.388153 0.999988 0.004934 -0.000682 0.755382 0.782779
  40 0.870001 -1.038561 0.548153 0.999988 0.004934 -0.000682 0.776908 0.786693
  40 0.870001 -1.058561 0.578153 0.999988 0.004934 -0.000682 0.780822 0.788650
knife_butterfly.bmp
  39 1.058071 -1.459111 1.167266 0.930525 0.292396 0.220518 0.275930 0.483366
  39 1.038071 -1.399111 1.107266 0.939936 0.310814 0.141121 0.273973 0.471624
  39 1.038071 -1.369111 1.107266 0.939936 0.310814 0.141121 0.275930 0.471624
knife_butterfly.bmp
  39 1.038071 -1.369111 1.107266 0.939936 0.310814 0.141121 0.275930 0.471624
  39 1.038071 -1.399111 1.107266 0.939936 0.310814 0.141121 0.273973 0.471624
  39 1.038071 -1.349111 1.007266 0.912167 0.405047 0.062359 0.275930 0.461840
knife_butterfly.bmp
  39 1.038071 -1.399111 1.107266 0.939936 0.310814 0.141121 0.273973 0.471624
  39 1.038071 -1.359111 0.997266 0.897044 0.441752 0.012920 0.275930 0.459883
  39 1.038071 -1.349111 1.007266 0.912167 0.405047 0.062359 0.275930 0.461840
knife_butterfly.bmp
  39 1.038071 -1.349111 1.007266 0.912167 0.405047 0.062359 0.275930 0.461840
  39 1.038071 -1.359111 0.997266 0.897044 0.441752 0.012920 0.275930 0.459883
  39 1.048072 -1.359111 0.887266 0.897702 0.437814 -0.049501 0.275930 0.450098
knife_butterfly.bmp
  39 1.038071 -1.359111 0.997266 0.897044 0.441752 0.012920 0.275930 0.459883
  39 1.048072 -1.369111 0.887266 0.897702 0.437814 -0.049501 0.273973 0.448141
  39 1.048072 -1.359111 0.887266 0.897702 0.437814 -0.049501 0.275930 0.450098
knife_butterfly.bmp
  39 1.048072 -1.359111 0.887266 0.897702 0.437814 -0.049501 0.275930 0.450098
  39 1.048072 -1.369111 0.887266 0.897702 0.437814 -0.049501 0.273973 0.448141
  39 1.058072 -1.389112 0.807266 0.897033 0.419553 -0.138951 0.275930 0.442270
knife_butterfly.bmp
  39 1.048072 -1.369111 0.887266 0.897702 0.437814 -0.049501 0.273973 0.448141
  39 1.058072 -1.399112 0.817266 0.897033 0.419553 -0.138951 0.273973 0.442270
  39 1.058072 -1.389112 0.807266 0.897033 0.419553 -0.138951 0.275930 0.442270
knife_butterfly.bmp
  39 1.058072 -1.389112 0.807266 0.897033 0.419553 -0.138951 0.275930 0.442270
  39 1.058072 -1.399112 0.817266 0.897033 0.419553 -0.138951 0.273973 0.442270
  39 1.058072 -1.429112 0.737266 0.897042 0.346707 -0.274061 0.275930 0.434442
knife_butterfly.bmp
  39 1.058072 -1.399112 0.817266 0.897033 0.419553 -0.138951 0.273973 0.442270
  39 1.058072 -1.439112 0.727266 0.897042 0.346707 -0.274061 0.273973 0.434442
  39 1.058072 -1.429112 0.737266 0.897042 0.346707 -0.274061 0.275930 0.434442
knife_butterfly.bmp
  39 1.058072 -1.429112 0.737266 0.897042 0.346707 -0.274061 0.275930 0.434442
  39 1.058072 -1.439112 0.727266 0.897042 0.346707 -0.274061 0.273973 0.434442
  39 1.058072 -1.479112 0.647266 0.875866 0.299456 -0.378398 0.275930 0.422701
knife_butterfly.bmp
  39 1.058072 -1.439112 0.727266 0.897042 0.346707 -0.274061 0.273973 0.434442
  39 1.058072 -1.489112 0.647266 0.875866 0.299456 -0.378398 0.275930 0.422701
  39 1.058072 -1.479112 0.647266 0.875866 0.299456 -0.378398 0.275930 0.422701
knife_butterfly.bmp
  39 1.058072 -1.479112 0.647266 0.875866 0.299456 -0.378398 0.275930 0.422701
  39 1.058072 -1.489112 0.647266 0.875866 0.299456 -0.378398 0.275930 0.422701
  39 1.038072 -1.579112 0.607266 0.831131 0.278228 -0.481468 0.275930 0.412916
knife_butterfly.bmp
  39 1.058072 -1.489112 0.647266 0.875866 0.299456 -0.378398 0.275930 0.422701
  39 1.038072 -1.599112 0.607266 0.831131 0.278228 -0.481468 0.273973 0.410959
  39 1.038072 -1.579112 0.607266 0.831131 0.278228 -0.481468 0.275930 0.412916
knife_butterfly.bmp
  37 1.250000 -1.630000 1.330001 0.316017 0.206053 0.926108 0.477495 0.902153
  37 1.250000 -1.650000 1.340001 0.316017 0.206053 0.926108 0.479452 0.908023
  37 1.270000 -1.650000 1.330001 0.706989 0.153500 0.690365 0.477495 0.908023
knife_butterfly.bmp
  37 1.270000 -1.650000 1.330001 0.706989 0.153500 0.690365 0.477495 0.908023
  37 1.250000 -1.650000 1.340001 0.316017 0.206053 0.926108 0.479452 0.908023
  37 1.270000 -1.720000 1.340001 0.708847 0.216896 0.671187 0.479452 0.911937
knife_butterfly.bmp
  37 1.250000 -1.650000 1.340001 0.316017 0.206053 0.926108 0.479452 0.908023
  37 1.250000 -1.720000 1.350001 0.311862 0.292020 0.904138 0.481409 0.911937
  37 1.270000 -1.720000 1.340001 0.708847 0.216896 0.671187 0.479452 0.911937
knife_butterfly.bmp
  37 1.270000 -1.720000 1.340001 0.708847 0.216896 0.671187 0.479452 0.911937
  37 1.250000 -1.720000 1.350001 0.311862 0.292020 0.904138 0.481409 0.911937
  37 1.270000 -1.770000 1.370001 0.701592 0.252793 0.666231 0.481409 0.919765
knife_butterfly.bmp
  37 1.250000 -1.720000 1.350001 0.311862 0.292020 0.904138 0.481409 0.911937
  37 1.250000 -1.770000 1.370001 0.304666 0.349905 0.885858 0.483366 0.919765
  37 1.270000 -1.770000 1.370001 0.701592 0.252793 0.666231 0.481409 0.919765
knife_butterfly.bmp
  37 1.270000 -1.770000 1.370001 0.701592 0.252793 0.666231 0.481409 0.919765
  37 1.250000 -1.770000 1.370001 0.304666 0.349905 0.885858 0.483366 0.919765
  37 1.270000 -1.820000 1.380001 0.701592 0.252793 0.666231 0.483366 0.923679
knife_butterfly.bmp
  37 1.250000 -1.770000 1.370001 0.304666 0.349905 0.885858 0.483366 0.919765
  37 1.250000 -1.820000 1.390001 0.304666 0.349905 0.885858 0.485323 0.923679
  37 1.270000 -1.820000 1.380001 0.701592 0.252793 0.666231 0.483366 0.923679
knife_butterfly.bmp
  37 1.270000 -1.820000 1.380001 0.701592 0.252793 0.666231 0.483366 0.923679
  37 1.250000 -1.820000 1.390001 0.304666 0.349905 0.885858 0.485323 0.923679
  37 1.270000 -1.870000 1.400001 0.697435 0.294516 0.653333 0.487280 0.929550
knife_butterfly.bmp
  37 1.250000 -1.820000 1.390001 0.304666 0.349905 0.885858 0.485323 0.923679
  37 1.250000 -1.860000 1.410001 0.299779 0.393511 0.869069 0.487280 0.929550
  37 1.270000 -1.870000 1.400001 0.697435 0.294516 0.653333 0.487280 0.929550
knife_butterfly.bmp
  37 1.270000 -1.870000 1.400001 0.697435 0.294516 0.653333 0.487280 0.929550
  37 1.250000 -1.860000 1.410001 0.299779 0.393511 0.869069 0.487280 0.929550
  37 1.270000 -1.890000 1.420001 0.701592 0.252793 0.666231 0.489237 0.935421
knife_butterfly.bmp
  37 1.250000 -1.860000 1.410001 0.299779 0.393511 0.869069 0.487280 0.929550
  37 1.250000 -1.890000 1.430001 0.304666 0.349905 0.885858 0.489237 0.935421
  37 1.270000 -1.890000 1.420001 0.701592 0.252793 0.666231 0.489237 0.935421
knife_butterfly.bmp
  37 1.270000 -1.890000 1.420001 0.701592 0.252793 0.666231 0.489237 0.935421
  37 1.250000 -1.890000 1.430001 0.304666 0.349905 0.885858 0.489237 0.935421
  37 1.270000 -1.950000 1.440001 0.706989 0.153500 0.690365 0.491194 0.941292
knife_butterfly.bmp
  37 1.250000 -1.890000 1.430001 0.304666 0.349905 0.885858 0.489237 0.935421
  37 1.250000 -1.950000 1.450001 0.316017 0.206053 0.926108 0.491194 0.941292
  37 1.270000 -1.950000 1.440001 0.706989 0.153500 0.690365 0.491194 0.941292
knife_butterfly.bmp
  37 1.270000 -0.870000 1.000001 0.698358 0.087029 -0.710438 0.434442 0.814090
  37 1.270000 -0.970000 1.000001 0.698358 0.087029 -0.710438 0.432485 0.825832
  37 1.250000 -0.870000 1.000001 0.153784 0.118504 -0.980973 0.434442 0.814090
knife_butterfly.bmp
  37 1.250000 -0.870000 1.000001 0.153784 0.118504 -0.980973 0.434442 0.814090
  37 1.270000 -0.970000 1.000001 0.698358 0.087029 -0.710438 0.432485 0.825832
  37 1.250000 -0.970000 0.990001 0.153784 0.118504 -0.980973 0.432485 0.825832
knife_butterfly.bmp
  37 1.270000 -0.970000 1.000001 0.698358 0.087029 -0.710438 0.432485 0.825832
  37 1.270000 -1.080000 0.980001 0.698358 0.087029 -0.710438 0.432485 0.837573
  37 1.250000 -0.970000 0.990001 0.153784 0.118504 -0.980973 0.432485 0.825832
knife_butterfly.bmp
  37 1.250000 -0.970000 0.990001 0.153784 0.118504 -0.980973 0.432485 0.825832
  37 1.270000 -1.080000 0.980001 0.698358 0.087029 -0.710438 0.432485 0.837573
  37 1.250000 -1.080000 0.970001 0.153784 0.118504 -0.980973 0.430528 0.837573
knife_butterfly.bmp
  37 1.270000 -1.080000 0.980001 0.698358 0.087029 -0.710438 0.432485 0.837573
  37 1.270000 -1.190000 0.970001 0.692804 0.029647 -0.720517 0.430528 0.851272
  37 1.250000 -1.080000 0.970001 0.153784 0.118504 -0.980973 0.430528 0.837573
knife_butterfly.bmp
  37 1.250000 -1.080000 0.970001 0.153784 0.118504 -0.980973 0.430528 0.837573
  37 1.270000 -1.190000 0.970001 0.692804 0.029647 -0.720517 0.430528 0.851272
  37 1.250000 -1.200000 0.960001 0.152039 0.062322 -0.986408 0.428571 0.851272
knife_butterfly.bmp
  37 1.270000 -1.190000 0.970001 0.692804 0.029647 -0.720517 0.430528 0.851272
  37 1.270000 -1.290000 0.970001 0.692804 0.029647 -0.720517 0.430528 0.864971
  37 1.250000 -1.200000 0.960001 0.152039 0.062322 -0.986408 0.428571 0.851272
knife_butterfly.bmp
  37 1.250000 -1.200000 0.960001 0.152039 0.062322 -0.986408 0.428571 0.851272
  37 1.270000 -1.290000 0.970001 0.692804 0.029647 -0.720517 0.430528 0.864971
  37 1.250000 -1.290000 0.960001 0.152754 0.004511 -0.988254 0.428571 0.864971
knife_butterfly.bmp
  37 1.270000 -1.290000 0.970001 0.692804 0.029647 -0.720517 0.430528 0.864971
  37 1.270000 -1.490000 0.970001 0.692804 0.029647 -0.720517 0.430528 0.886497
  37 1.250000 -1.290000 0.960001 0.152754 0.004511 -0.988254 0.428571 0.864971
knife_butterfly.bmp
  37 1.250000 -1.290000 0.960001 0.152754 0.004511 -0.988254 0.428571 0.864971
  37 1.270000 -1.490000 0.970001 0.692804 0.029647 -0.720517 0.430528 0.886497
  37 1.250000 -1.500000 0.960001 0.152754 0.004511 -0.988254 0.428571 0.886497
knife_butterfly.bmp
  37 1.270000 -1.490000 0.970001 0.692804 0.029647 -0.720517 0.430528 0.886497
  37 1.270000 -1.620000 0.950001 0.664938 -0.244765 -0.705654 0.430528 0.904110
  37 1.250000 -1.500000 0.960001 0.152754 0.004511 -0.988254 0.428571 0.886497
knife_butterfly.bmp
  37 1.250000 -1.500000 0.960001 0.152754 0.004511 -0.988254 0.428571 0.886497
  37 1.270000 -1.620000 0.950001 0.664938 -0.244765 -0.705654 0.430528 0.904110
  37 1.250000 -1.620000 0.940001 0.207521 -0.209229 -0.955593 0.428571 0.904110
knife_butterfly.bmp
  37 1.270000 -1.620000 0.950001 0.664938 -0.244765 -0.705654 0.430528 0.904110
  37 1.250000 -1.650000 0.960001 0.312261 -0.419988 -0.852117 0.430528 0.906067
  37 1.250000 -1.620000 0.940001 0.207521 -0.209229 -0.955593 0.428571 0.904110
knife_butterfly.bmp
  39 0.858072 -1.599112 0.587266 -0.831129 0.278228 -0.481471 0.297456 0.412916
  39 0.878072 -1.499112 0.667266 -0.869594 0.283789 -0.404066 0.295499 0.422701
  39 0.868072 -1.579112 0.607266 -0.831129 0.278228 -0.481471 0.295499 0.412916
knife_butterfly.bmp
  39 0.868072 -1.579112 0.607266 -0.831129 0.278228 -0.481471 0.295499 0.412916
  39 0.878072 -1.499112 0.667266 -0.869594 0.283789 -0.404066 0.295499 0.422701
  39 0.888072 -1.489112 0.667266 -0.869594 0.283789 -0.404066 0.295499 0.424658
knife_butterfly.bmp
  39 0.878072 -1.499112 0.667266 -0.869594 0.283789 -0.404066 0.295499 0.422701
  39 0.878072 -1.439112 0.737266 -0.897041 0.346707 -0.274064 0.295499 0.434442
  39 0.888072 -1.489112 0.667266 -0.869594 0.283789 -0.404066 0.295499 0.424658
knife_butterfly.bmp
  39 0.888072 -1.489112 0.667266 -0.869594 0.283789 -0.404066 0.295499 0.424658
  39 0.878072 -1.439112 0.737266 -0.897041 0.346707 -0.274064 0.295499 0.434442
  39 0.888072 -1.429112 0.737266 -0.897041 0.346707 -0.274064 0.295499 0.434442
knife_butterfly.bmp
  39 0.878072 -1.439112 0.737266 -0.897041 0.346707 -0.274064 0.295499 0.434442
  39 0.878072 -1.399112 0.817266 -0.897032 0.419553 -0.138955 0.295499 0.442270
  39 0.888072 -1.429112 0.737266 -0.897041 0.346707 -0.274064 0.295499 0.434442
knife_butterfly.bmp
  39 0.888072 -1.429112 0.737266 -0.897041 0.346707 -0.274064 0.295499 0.434442
  39 0.878072 -1.399112 0.817266 -0.897032 0.419553 -0.138955 0.295499 0.442270
  39 0.888072 -1.389112 0.807266 -0.897032 0.419553 -0.138955 0.295499 0.442270
knife_butterfly.bmp
  39 0.878072 -1.399112 0.817266 -0.897032 0.419553 -0.138955 0.295499 0.442270
  39 0.868072 -1.369111 0.887266 -0.895327 0.440258 -0.067550 0.295499 0.448141
  39 0.888072 -1.389112 0.807266 -0.897032 0.419553 -0.138955 0.295499 0.442270
knife_butterfly.bmp
  39 0.888072 -1.389112 0.807266 -0.897032 0.419553 -0.138955 0.295499 0.442270
  39 0.868072 -1.369111 0.887266 -0.895327 0.440258 -0.067550 0.295499 0.448141
  39 0.868072 -1.359111 0.887266 -0.895327 0.440258 -0.067550 0.295499 0.450098
knife_butterfly.bmp
  39 0.868072 -1.369111 0.887266 -0.895327 0.440258 -0.067550 0.295499 0.448141
  39 0.858071 -1.359111 0.997266 -0.897044 0.441752 0.012916 0.295499 0.459883
  39 0.868072 -1.359111 0.887266 -0.895327 0.440258 -0.067550 0.295499 0.450098
knife_butterfly.bmp
  39 0.868072 -1.359111 0.887266 -0.895327 0.440258 -0.067550 0.295499 0.450098
  39 0.858071 -1.359111 0.997266 -0.897044 0.441752 0.012916 0.295499 0.459883
  39 0.868071 -1.349111 1.007266 -0.912167 0.405047 0.062355 0.295499 0.461840
knife_butterfly.bmp
  39 0.858071 -1.359111 0.997266 -0.897044 0.441752 0.012916 0.295499 0.459883
  39 0.858071 -1.399111 1.107266 -0.939936 0.310814 0.141117 0.295499 0.471624
  39 0.868071 -1.349111 1.007266 -0.912167 0.405047 0.062355 0.295499 0.461840
knife_butterfly.bmp
  39 0.868071 -1.349111 1.007266 -0.912167 0.405047 0.062355 0.295499 0.461840
  39 0.858071 -1.399111 1.107266 -0.939936 0.310814 0.141117 0.295499 0.471624
  39 0.868071 -1.369111 1.107266 -0.939936 0.310814 0.141117 0.295499 0.471624
knife_butterfly.bmp
  39 0.858071 -1.399111 1.107266 -0.939936 0.310814 0.141117 0.295499 0.471624
  39 0.888071 -1.459111 1.187266 -0.930526 0.292396 0.220515 0.295499 0.483366
  39 0.868071 -1.369111 1.107266 -0.939936 0.310814 0.141117 0.295499 0.471624
knife_butterfly.bmp
  37 1.100000 -1.650000 0.960001 -1.000000 0.000000 0.000000 0.534247 0.906067
  37 1.100000 -1.520000 1.330001 -1.000000 0.000000 0.000000 0.579256 0.888454
  37 1.100000 -1.620000 0.940001 -1.000000 0.000000 0.000000 0.532290 0.904110
knife_butterfly.bmp
  37 1.100000 -1.620000 0.940001 -1.000000 0.000000 0.000000 0.532290 0.904110
  37 1.100000 -1.520000 1.330001 -1.000000 0.000000 0.000000 0.579256 0.888454
  37 1.100000 -1.500000 0.960001 -1.000000 0.000000 0.000000 0.532290 0.886497
knife_butterfly.bmp
  37 1.100000 -1.520000 1.330001 -1.000000 0.000000 0.000000 0.579256 0.888454
  37 1.100000 -1.360000 1.320001 -1.000000 0.000000 0.000000 0.577299 0.870841
  37 1.100000 -1.500000 0.960001 -1.000000 0.000000 0.000000 0.532290 0.886497
knife_butterfly.bmp
  37 1.100000 -1.500000 0.960001 -1.000000 0.000000 0.000000 0.532290 0.886497
  37 1.100000 -1.360000 1.320001 -1.000000 0.000000 0.000000 0.577299 0.870841
  37 1.100000 -1.290000 0.960001 -1.000000 0.000000 0.000000 0.532290 0.864971
knife_butterfly.bmp
  37 1.100000 -1.360000 1.320001 -1.000000 0.000000 0.000000 0.577299 0.870841
  37 1.100000 -1.200000 1.320001 -1.000000 0.000000 0.000000 0.577299 0.851272
  37 1.100000 -1.290000 0.960001 -1.000000 0.000000 0.000000 0.532290 0.864971
knife_butterfly.bmp
  37 1.100000 -1.290000 0.960001 -1.000000 0.000000 0.000000 0.532290 0.864971
  37 1.100000 -1.200000 1.320001 -1.000000 0.000000 0.000000 0.577299 0.851272
  37 1.100000 -1.200000 0.960001 -1.000000 0.000000 0.000000 0.532290 0.851272
knife_butterfly.bmp
  37 1.100000 -1.200000 1.320001 -1.000000 0.000000 0.000000 0.577299 0.851272
  37 1.100000 -1.110000 1.320001 -1.000000 0.000000 0.000000 0.579256 0.841487
  37 1.100000 -1.200000 0.960001 -1.000000 0.000000 0.000000 0.532290 0.851272
knife_butterfly.bmp
  37 1.100000 -1.200000 0.960001 -1.000000 0.000000 0.000000 0.532290 0.851272
  37 1.100000 -1.110000 1.320001 -1.000000 0.000000 0.000000 0.579256 0.841487
  37 1.100000 -1.080000 0.970001 -1.000000 0.000000 0.000000 0.534247 0.837573
knife_butterfly.bmp
  37 1.100000 -1.110000 1.320001 -1.000000 0.000000 0.000000 0.579256 0.841487
  37 1.100000 -1.020000 1.330001 -1.000000 0.000000 0.000000 0.579256 0.831703
  37 1.100000 -1.080000 0.970001 -1.000000 0.000000 0.000000 0.534247 0.837573
knife_butterfly.bmp
  37 1.100000 -1.080000 0.970001 -1.000000 0.000000 0.000000 0.534247 0.837573
  37 1.100000 -1.020000 1.330001 -1.000000 0.000000 0.000000 0.579256 0.831703
  37 1.100000 -0.970000 0.990001 -1.000000 0.000000 0.000000 0.536204 0.825832
knife_butterfly.bmp
  37 1.100000 -1.020000 1.330001 -1.000000 0.000000 0.000000 0.579256 0.831703
  37 1.100000 -0.940000 1.340001 -1.000000 0.000000 0.000000 0.581213 0.821918
  37 1.100000 -0.970000 0.990001 -1.000000 0.000000 0.000000 0.536204 0.825832
knife_butterfly.bmp
  37 1.100000 -0.970000 0.990001 -1.000000 0.000000 0.000000 0.536204 0.825832
  37 1.100000 -0.940000 1.340001 -1.000000 0.000000 0.000000 0.581213 0.821918
  37 1.100000 -0.870000 1.000001 -1.000000 0.000000 0.000000 0.538160 0.814090
knife_butterfly.bmp
  37 1.100000 -0.940000 1.340001 -1.000000 0.000000 0.000000 0.581213 0.821918
  37 1.100000 -0.860000 1.360001 -1.000000 0.000000 0.000000 0.583170 0.812133
  37 1.100000 -0.870000 1.000001 -1.000000 0.000000 0.000000 0.538160 0.814090
knife_butterfly.bmp
  37 1.280000 -0.860000 1.330001 1.000000 0.000000 0.000000 0.475538 0.812133
  37 1.280000 -0.940000 1.310001 1.000000 0.000000 0.000000 0.473581 0.821918
  37 1.280000 -0.870000 1.000001 1.000000 0.000000 0.000000 0.438356 0.814090
knife_butterfly.bmp
  37 1.280000 -0.870000 1.000001 1.000000 0.000000 0.000000 0.438356 0.814090
  37 1.280000 -0.940000 1.310001 1.000000 0.000000 0.000000 0.473581 0.821918
  37 1.280000 -0.970000 1.000001 1.000000 0.000000 0.000000 0.436399 0.825832
knife_butterfly.bmp
  37 1.280000 -0.940000 1.310001 1.000000 0.000000 0.000000 0.473581 0.821918
  37 1.280000 -1.030000 1.290001 1.000000 0.000000 0.000000 0.471624 0.831703
  37 1.280000 -0.970000 1.000001 1.000000 0.000000 0.000000 0.436399 0.825832
knife_butterfly.bmp
  37 1.280000 -0.970000 1.000001 1.000000 0.000000 0.000000 0.436399 0.825832
  37 1.280000 -1.030000 1.290001 1.000000 0.000000 0.000000 0.471624 0.831703
  37 1.280000 -1.080000 1.000001 1.000000 0.000000 0.000000 0.434442 0.837573
knife_butterfly.bmp
  37 1.280000 -1.030000 1.290001 1.000000 0.000000 0.000000 0.471624 0.831703
  37 1.280000 -1.120000 1.290001 1.000000 0.000000 0.000000 0.469667 0.843444
  37 1.280000 -1.080000 1.000001 1.000000 0.000000 0.000000 0.434442 0.837573
knife_butterfly.bmp
  37 1.280000 -1.080000 1.000001 1.000000 0.000000 0.000000 0.434442 0.837573
  37 1.280000 -1.120000 1.290001 1.000000 0.000000 0.000000 0.469667 0.843444
  37 1.280000 -1.190000 0.990001 1.000000 0.000000 0.000000 0.432485 0.851272
knife_butterfly.bmp
  37 1.280000 -1.120000 1.290001 1.000000 0.000000 0.000000 0.469667 0.843444
  37 1.280000 -1.210000 1.280001 1.000000 0.000000 0.000000 0.469667 0.853229
  37 1.280000 -1.190000 0.990001 1.000000 0.000000 0.000000 0.432485 0.851272
knife_butterfly.bmp
  37 1.280000 -1.190000 0.990001 1.000000 0.000000 0.000000 0.432485 0.851272
  37 1.280000 -1.210000 1.280001 1.000000 0.000000 0.000000 0.469667 0.853229
  37 1.280000 -1.280000 0.990001 1.000000 0.000000 0.000000 0.432485 0.863014
knife_butterfly.bmp
  37 1.280000 -1.210000 1.280001 1.000000 0.000000 0.000000 0.469667 0.853229
  37 1.280000 -1.380000 1.280001 1.000000 0.000000 0.000000 0.469667 0.872798
  37 1.280000 -1.280000 0.990001 1.000000 0.000000 0.000000 0.432485 0.863014
knife_butterfly.bmp
  37 1.280000 -1.280000 0.990001 1.000000 0.000000 0.000000 0.432485 0.863014
  37 1.280000 -1.380000 1.280001 1.000000 0.000000 0.000000 0.469667 0.872798
  37 1.280000 -1.490000 0.990001 1.000000 0.000000 0.000000 0.432485 0.886497
knife_butterfly.bmp
  37 1.280000 -1.380000 1.280001 1.000000 0.000000 0.000000 0.469667 0.872798
  37 1.280000 -1.530000 1.290001 1.000000 0.000000 0.000000 0.471624 0.890411
  37 1.280000 -1.490000 0.990001 1.000000 0.000000 0.000000 0.432485 0.886497
knife_butterfly.bmp
  37 1.280000 -1.490000 0.990001 1.000000 0.000000 0.000000 0.432485 0.886497
  37 1.280000 -1.530000 1.290001 1.000000 0.000000 0.000000 0.471624 0.890411
  37 1.280000 -1.620000 0.980001 1.000000 0.000000 0.000000 0.432485 0.902153
knife_butterfly.bmp
  37 1.280000 -1.530000 1.290001 1.000000 0.000000 0.000000 0.471624 0.890411
  37 1.280000 -1.640000 0.990001 1.000000 0.000000 0.000000 0.436399 0.906067
  37 1.280000 -1.620000 0.980001 1.000000 0.000000 0.000000 0.432485 0.902153
knife_butterfly.bmp
  37 1.280000 -1.850000 0.870001 1.000000 0.000000 0.000000 0.420744 0.929550
  37 1.280000 -1.820000 0.910001 1.000000 0.000000 0.000000 0.426614 0.923679
  37 1.280000 -1.830000 1.360001 1.000000 0.000000 0.000000 0.481409 0.925636
knife_butterfly.bmp
  37 1.280000 -1.830000 1.360001 1.000000 0.000000 0.000000 0.481409 0.925636
  37 1.280000 -1.820000 0.910001 1.000000 0.000000 0.000000 0.426614 0.923679
  37 1.280000 -1.770000 1.340001 1.000000 0.000000 0.000000 0.479452 0.919765
knife_butterfly.bmp
  37 1.280000 -1.820000 0.910001 1.000000 0.000000 0.000000 0.426614 0.923679
  37 1.280000 -1.770000 0.940001 1.000000 0.000000 0.000000 0.428571 0.919765
  37 1.280000 -1.770000 1.340001 1.000000 0.000000 0.000000 0.479452 0.919765
knife_butterfly.bmp
  37 1.280000 -1.770000 1.340001 1.000000 0.000000 0.000000 0.479452 0.919765
  37 1.280000 -1.770000 0.940001 1.000000 0.000000 0.000000 0.428571 0.919765
  37 1.280000 -1.720000 1.320001 1.000000 0.000000 0.000000 0.477495 0.913894
knife_butterfly.bmp
  37 1.280000 -1.770000 0.940001 1.000000 0.000000 0.000000 0.428571 0.919765
  37 1.280000 -1.750000 0.980001 1.000000 0.000000 0.000000 0.434442 0.917808
  37 1.280000 -1.720000 1.320001 1.000000 0.000000 0.000000 0.477495 0.913894
knife_butterfly.bmp
  37 1.280000 -1.720000 1.320001 1.000000 0.000000 0.000000 0.477495 0.913894
  37 1.280000 -1.750000 0.980001 1.000000 0.000000 0.000000 0.434442 0.917808
  37 1.280000 -1.660000 1.300001 1.000000 0.000000 0.000000 0.475538 0.908023
knife_butterfly.bmp
  37 1.280000 -1.750000 0.980001 1.000000 0.000000 0.000000 0.434442 0.917808
  37 1.280000 -1.720000 1.000001 1.000000 0.000000 0.000000 0.436399 0.911937
  37 1.280000 -1.660000 1.300001 1.000000 0.000000 0.000000 0.475538 0.908023
knife_butterfly.bmp
  37 1.280000 -1.660000 1.300001 1.000000 0.000000 0.000000 0.475538 0.908023
  37 1.280000 -1.720000 1.000001 1.000000 0.000000 0.000000 0.436399 0.911937
  37 1.280000 -1.640000 1.300001 1.000000 0.000000 0.000000 0.473581 0.904110
knife_butterfly.bmp
  37 1.280000 -1.720000 1.000001 1.000000 0.000000 0.000000 0.436399 0.911937
  37 1.280000 -1.690000 1.000001 1.000000 0.000000 0.000000 0.436399 0.908023
  37 1.280000 -1.640000 1.300001 1.000000 0.000000 0.000000 0.473581 0.904110
knife_butterfly.bmp
  37 1.280000 -1.640000 1.300001 1.000000 0.000000 0.000000 0.473581 0.904110
  37 1.280000 -1.690000 1.000001 1.000000 0.000000 0.000000 0.436399 0.908023
  37 1.280000 -1.610000 1.310001 1.000000 0.000000 0.000000 0.473581 0.900196
knife_butterfly.bmp
  37 1.280000 -1.690000 1.000001 1.000000 0.000000 0.000000 0.436399 0.908023
  37 1.280000 -1.640000 0.990001 1.000000 0.000000 0.000000 0.436399 0.906067
  37 1.280000 -1.610000 1.310001 1.000000 0.000000 0.000000 0.473581 0.900196
knife_butterfly.bmp
  37 1.280000 -1.610000 1.310001 1.000000 0.000000 0.000000 0.473581 0.900196
  37 1.280000 -1.640000 0.990001 1.000000 0.000000 0.000000 0.436399 0.906067
  37 1.280000 -1.570000 1.300001 1.000000 0.000000 0.000000 0.471624 0.894325
knife_butterfly.bmp
  37 1.280000 -1.640000 0.990001 1.000000 0.000000 0.000000 0.436399 0.906067
  37 1.280000 -1.530000 1.290001 1.000000 0.000000 0.000000 0.471624 0.890411
  37 1.280000 -1.570000 1.300001 1.000000 0.000000 0.000000 0.471624 0.894325
knife_butterfly.bmp
  40 0.890001 -1.028561 0.688153 0.000001 0.494379 -0.869246 0.776908 0.254403
  40 0.890001 -1.058561 0.688153 0.000003 0.762852 -0.646573 0.776908 0.256360
  40 0.690001 -1.028561 0.708153 0.000001 0.494379 -0.869246 0.763209 0.254403
knife_butterfly.bmp
  40 0.690001 -1.028561 0.708153 0.000001 0.494379 -0.869246 0.763209 0.254403
  40 0.890001 -1.058561 0.688153 0.000003 0.762852 -0.646573 0.776908 0.256360
  40 0.690001 -1.058561 0.688153 0.000003 0.762852 -0.646573 0.763209 0.256360
knife_butterfly.bmp
  40 0.890001 -1.058561 0.688153 0.000003 0.762852 -0.646573 0.776908 0.256360
  40 0.890001 -1.068561 0.658153 -0.000001 0.937453 -0.348113 0.776908 0.258317
  40 0.690001 -1.058561 0.688153 0.000003 0.762852 -0.646573 0.763209 0.256360
knife_butterfly.bmp
  40 0.690001 -1.058561 0.688153 0.000003 0.762852 -0.646573 0.763209 0.256360
  40 0.890001 -1.068561 0.658153 -0.000001 0.937453 -0.348113 0.776908 0.258317
  40 0.690001 -1.068561 0.648153 -0.000001 0.937453 -0.348113 0.763209 0.258317
knife_butterfly.bmp
  40 0.890001 -1.068561 0.658153 -0.000001 0.937453 -0.348113 0.776908 0.258317
  40 0.880001 -1.058561 0.618153 -0.000003 0.999979 -0.006493 0.776908 0.262231
  40 0.690001 -1.068561 0.648153 -0.000001 0.937453 -0.348113 0.763209 0.258317
knife_butterfly.bmp
  40 0.690001 -1.068561 0.648153 -0.000001 0.937453 -0.348113 0.763209 0.258317
  40 0.880001 -1.058561 0.618153 -0.000003 0.999979 -0.006493 0.776908 0.262231
  40 0.670001 -1.058561 0.618153 -0.000003 0.999979 -0.006493 0.763209 0.262231
knife_butterfly.bmp
  40 0.880001 -1.058561 0.618153 -0.000003 0.999979 -0.006493 0.776908 0.262231
  40 0.870001 -1.058561 0.578153 -0.000005 0.941892 0.335916 0.776908 0.264188
  40 0.670001 -1.058561 0.618153 -0.000003 0.999979 -0.006493 0.763209 0.262231
knife_butterfly.bmp
  40 0.670001 -1.058561 0.618153 -0.000003 0.999979 -0.006493 0.763209 0.262231
  40 0.870001 -1.058561 0.578153 -0.000005 0.941892 0.335916 0.776908 0.264188
  40 0.670001 -1.058561 0.578153 -0.000005 0.941892 0.335916 0.763209 0.264188
knife_butterfly.bmp
  40 0.870001 -1.058561 0.578153 -0.000005 0.941892 0.335916 0.776908 0.264188
  40 0.870001 -1.038561 0.548153 -0.000004 0.770196 0.637807 0.776908 0.268102
  40 0.670001 -1.058561 0.578153 -0.000005 0.941892 0.335916 0.763209 0.264188
knife_butterfly.bmp
  40 0.670001 -1.058561 0.578153 -0.000005 0.941892 0.335916 0.763209 0.264188
  40 0.870001 -1.038561 0.548153 -0.000004 0.770196 0.637807 0.776908 0.268102
  40 0.670001 -1.038561 0.548153 -0.000004 0.770196 0.637807 0.763209 0.268102
knife_butterfly.bmp
  40 0.870001 -1.038561 0.548153 -0.000004 0.770196 0.637807 0.776908 0.268102
  40 0.870001 -1.008561 0.498153 -0.000005 0.505615 0.862759 0.776908 0.270059
  40 0.670001 -1.038561 0.548153 -0.000004 0.770196 0.637807 0.763209 0.268102
knife_butterfly.bmp
  40 0.670001 -1.038561 0.548153 -0.000004 0.770196 0.637807 0.763209 0.268102
  40 0.870001 -1.008561 0.498153 -0.000005 0.505615 0.862759 0.776908 0.270059
  40 0.670001 -1.008561 0.518153 -0.000005 0.505615 0.862759 0.763209 0.270059
knife_butterfly.bmp
  40 0.870001 -1.008561 0.498153 -0.000005 0.505615 0.862759 0.776908 0.270059
  40 0.670001 -0.998561 0.518153 -0.000004 0.337644 0.941274 0.763209 0.270059
  40 0.670001 -1.008561 0.518153 -0.000005 0.505615 0.862759 0.763209 0.270059
knife_butterfly.bmp
  40 0.730001 -2.378560 0.798157 -0.313196 0.196553 0.929126 0.700587 0.947162
  40 0.730001 -2.318561 0.778156 -0.304671 0.334430 0.891814 0.698630 0.939335
  40 0.700001 -2.378561 0.788156 -0.692835 0.151263 0.705052 0.698630 0.947162
knife_butterfly.bmp
  40 0.700001 -2.378561 0.788156 -0.692835 0.151263 0.705052 0.698630 0.947162
  40 0.730001 -2.318561 0.778156 -0.304671 0.334430 0.891814 0.698630 0.939335
  40 0.700001 -2.328561 0.768156 -0.689139 0.257107 0.677483 0.696673 0.939335
knife_butterfly.bmp
  40 0.730001 -2.318561 0.778156 -0.304671 0.334430 0.891814 0.698630 0.939335
  40 0.730001 -2.278561 0.748156 -0.299785 0.378315 0.875789 0.696673 0.935421
  40 0.700001 -2.328561 0.768156 -0.689139 0.257107 0.677483 0.696673 0.939335
knife_butterfly.bmp
  40 0.700001 -2.328561 0.768156 -0.689139 0.257107 0.677483 0.696673 0.939335
  40 0.730001 -2.278561 0.748156 -0.299785 0.378315 0.875789 0.696673 0.935421
  40 0.700001 -2.278561 0.738156 -0.689139 0.257107 0.677483 0.694716 0.935421
knife_butterfly.bmp
  40 0.730001 -2.278561 0.748156 -0.299785 0.378315 0.875789 0.696673 0.935421
  40 0.730001 -2.238561 0.728156 -0.304671 0.334430 0.891814 0.692759 0.929550
  40 0.700001 -2.278561 0.738156 -0.689139 0.257107 0.677483 0.694716 0.935421
knife_butterfly.bmp
  40 0.700001 -2.278561 0.738156 -0.689139 0.257107 0.677483 0.694716 0.935421
  40 0.730001 -2.238561 0.728156 -0.304671 0.334430 0.891814 0.692759 0.929550
  40 0.700001 -2.238561 0.728156 -0.689139 0.257107 0.677483 0.692759 0.929550
knife_butterfly.bmp
  40 0.730001 -2.238561 0.728156 -0.304671 0.334430 0.891814 0.692759 0.929550
  40 0.730001 -2.188561 0.718156 -0.304671 0.334430 0.891814 0.690802 0.923679
  40 0.700001 -2.238561 0.728156 -0.689139 0.257107 0.677483 0.692759 0.929550
knife_butterfly.bmp
  40 0.700001 -2.238561 0.728156 -0.689139 0.257107 0.677483 0.692759 0.929550
  40 0.730001 -2.188561 0.718156 -0.304671 0.334430 0.891814 0.690802 0.923679
  40 0.700001 -2.188561 0.718156 -0.689139 0.257107 0.677483 0.690802 0.923679
knife_butterfly.bmp
  40 0.730001 -2.188561 0.718156 -0.304671 0.334430 0.891814 0.690802 0.923679
  40 0.730001 -2.148561 0.708156 -0.311860 0.276233 0.909087 0.688845 0.917808
  40 0.700001 -2.188561 0.718156 -0.689139 0.257107 0.677483 0.690802 0.923679
knife_butterfly.bmp
  40 0.700001 -2.188561 0.718156 -0.689139 0.257107 0.677483 0.690802 0.923679
  40 0.730001 -2.148561 0.708156 -0.311860 0.276233 0.909087 0.688845 0.917808
  40 0.700001 -2.148561 0.698156 -0.708849 0.205175 0.674860 0.688845 0.917808
knife_butterfly.bmp
  40 0.730001 -2.148561 0.708156 -0.311860 0.276233 0.909087 0.688845 0.917808
  40 0.730001 -2.108561 0.698156 -0.313196 0.196553 0.929126 0.686888 0.911937
  40 0.700001 -2.148561 0.698156 -0.708849 0.205175 0.674860 0.688845 0.917808
knife_butterfly.bmp
  40 0.700001 -2.148561 0.698156 -0.708849 0.205175 0.674860 0.688845 0.917808
  40 0.730001 -2.108561 0.698156 -0.313196 0.196553 0.929126 0.686888 0.911937
  40 0.700001 -2.108561 0.688156 -0.692835 0.151263 0.705052 0.686888 0.911937
knife_butterfly.bmp
  40 0.730001 -2.108561 0.698156 -0.313196 0.196553 0.929126 0.686888 0.911937
  40 0.730001 -2.068561 0.688156 -0.313196 0.196553 0.929126 0.686888 0.906067
  40 0.700001 -2.108561 0.688156 -0.692835 0.151263 0.705052 0.686888 0.911937
knife_butterfly.bmp
  37 0.710000 -1.650000 0.960001 -0.312243 -0.419989 -0.852123 0.430528 0.906067
  37 0.690000 -1.620000 0.950001 -0.664920 -0.244769 -0.705670 0.428571 0.904110
  37 0.710000 -1.620000 0.940001 -0.207509 -0.209232 -0.955595 0.428571 0.904110
knife_butterfly.bmp
  37 0.710000 -1.620000 0.940001 -0.207509 -0.209232 -0.955595 0.428571 0.904110
  37 0.690000 -1.620000 0.950001 -0.664920 -0.244769 -0.705670 0.428571 0.904110
  37 0.710000 -1.500000 0.960001 -0.152435 -0.007429 -0.988286 0.428571 0.886497
knife_butterfly.bmp
  37 0.690000 -1.620000 0.950001 -0.664920 -0.244769 -0.705670 0.428571 0.904110
  37 0.690000 -1.490000 0.970001 -0.692798 0.029652 -0.720521 0.428571 0.886497
  37 0.710000 -1.500000 0.960001 -0.152435 -0.007429 -0.988286 0.428571 0.886497
knife_butterfly.bmp
  37 0.710000 -1.500000 0.960001 -0.152435 -0.007429 -0.988286 0.428571 0.886497
  37 0.690000 -1.490000 0.970001 -0.692798 0.029652 -0.720521 0.428571 0.886497
  37 0.710000 -1.290000 0.960001 -0.152435 -0.007429 -0.988286 0.428571 0.864971
knife_butterfly.bmp
  37 0.690000 -1.490000 0.970001 -0.692798 0.029652 -0.720521 0.428571 0.886497
  37 0.690000 -1.290000 0.970001 -0.692798 0.029652 -0.720521 0.428571 0.864971
  37 0.710000 -1.290000 0.960001 -0.152435 -0.007429 -0.988286 0.428571 0.864971
knife_butterfly.bmp
  37 0.710000 -1.290000 0.960001 -0.152435 -0.007429 -0.988286 0.428571 0.864971
  37 0.690000 -1.290000 0.970001 -0.692798 0.029652 -0.720521 0.428571 0.864971
  37 0.710000 -1.200000 0.960001 -0.152044 0.062322 -0.986407 0.428571 0.851272
knife_butterfly.bmp
  37 0.690000 -1.290000 0.970001 -0.692798 0.029652 -0.720521 0.428571 0.864971
  37 0.690000 -1.190000 0.970001 -0.692798 0.029652 -0.720521 0.428571 0.851272
  37 0.710000 -1.200000 0.960001 -0.152044 0.062322 -0.986407 0.428571 0.851272
knife_butterfly.bmp
  37 0.710000 -1.200000 0.960001 -0.152044 0.062322 -0.986407 0.428571 0.851272
  37 0.690000 -1.190000 0.970001 -0.692798 0.029652 -0.720521 0.428571 0.851272
  37 0.710000 -1.080000 0.970001 -0.153787 0.118504 -0.980972 0.428571 0.837573
knife_butterfly.bmp
  37 0.690000 -1.190000 0.970001 -0.692798 0.029652 -0.720521 0.428571 0.851272
  37 0.690000 -1.080000 0.980001 -0.683229 0.101530 -0.723111 0.430528 0.837573
  37 0.710000 -1.080000 0.970001 -0.153787 0.118504 -0.980972 0.428571 0.837573
knife_butterfly.bmp
  37 0.710000 -1.080000 0.970001 -0.153787 0.118504 -0.980972 0.428571 0.837573
  37 0.690000 -1.080000 0.980001 -0.683229 0.101530 -0.723111 0.430528 0.837573
  37 0.710000 -0.970000 0.990001 -0.153787 0.118504 -0.980972 0.430528 0.825832
knife_butterfly.bmp
  37 0.690000 -1.080000 0.980001 -0.683229 0.101530 -0.723111 0.430528 0.837573
  37 0.690000 -0.970000 1.000001 -0.706709 0.066972 -0.704327 0.432485 0.825832
  37 0.710000 -0.970000 0.990001 -0.153787 0.118504 -0.980972 0.430528 0.825832
knife_butterfly.bmp
  37 0.710000 -0.970000 0.990001 -0.153787 0.118504 -0.980972 0.430528 0.825832
  37 0.690000 -0.970000 1.000001 -0.706709 0.066972 -0.704327 0.432485 0.825832
  37 0.710000 -0.870000 1.000001 -0.152044 0.062322 -0.986407 0.432485 0.814090
knife_butterfly.bmp
  37 0.690000 -0.970000 1.000001 -0.706709 0.066972 -0.704327 0.432485 0.825832
  37 0.690000 -0.870000 1.000001 -0.706709 0.066972 -0.704327 0.432485 0.814090
  37 0.710000 -0.870000 1.000001 -0.152044 0.062322 -0.986407 0.432485 0.814090
knife_butterfly.bmp
  39 0.878072 -2.379112 0.817268 -1.000000 0.000000 -0.000002 0.174168 0.142857
  39 0.878073 -2.239113 0.367268 -1.000000 0.000000 -0.000002 0.111546 0.125245
  39 0.878073 -2.359113 0.347268 -1.000000 0.000000 -0.000002 0.107632 0.140900
knife_butterfly.bmp
  39 0.878072 -2.379112 0.817268 -1.000000 0.000000 -0.000002 0.174168 0.142857
  39 0.858072 -2.139112 0.427267 -1.000000 0.000000 -0.000002 0.119374 0.111546
  39 0.878073 -2.239113 0.367268 -1.000000 0.000000 -0.000002 0.111546 0.125245
knife_butterfly.bmp
  39 0.878072 -2.379112 0.817268 -1.000000 0.000000 -0.000002 0.174168 0.142857
  39 0.858072 -2.059112 0.467267 -1.000000 0.000000 -0.000002 0.127202 0.101761
  39 0.858072 -2.139112 0.427267 -1.000000 0.000000 -0.000002 0.119374 0.111546
knife_butterfly.bmp
  39 0.878072 -2.379112 0.817268 -1.000000 0.000000 -0.000002 0.174168 0.142857
  39 0.858072 -2.029112 0.557267 -1.000000 0.000000 -0.000002 0.136986 0.093933
  39 0.858072 -2.059112 0.467267 -1.000000 0.000000 -0.000002 0.127202 0.101761
knife_butterfly.bmp
  39 0.878072 -2.379112 0.817268 -1.000000 0.000000 -0.000002 0.174168 0.142857
  39 0.868072 -1.979112 0.647267 -1.000000 0.000000 -0.000002 0.148728 0.086106
  39 0.858072 -2.029112 0.557267 -1.000000 0.000000 -0.000002 0.136986 0.093933
knife_butterfly.bmp
  39 0.878072 -2.379112 0.817268 -1.000000 0.000000 -0.000002 0.174168 0.142857
  39 0.878072 -1.579112 0.827266 -1.000000 0.000000 -0.000002 0.178082 0.031311
  39 0.868072 -1.979112 0.647267 -1.000000 0.000000 -0.000002 0.148728 0.086106
knife_butterfly.bmp
  39 0.878072 -2.379112 0.817268 -1.000000 0.000000 -0.000002 0.174168 0.142857
  39 0.858071 -1.569111 0.927266 -1.000000 0.000000 -0.000002 0.187867 0.029354
  39 0.878072 -1.579112 0.827266 -1.000000 0.000000 -0.000002 0.178082 0.031311
knife_butterfly.bmp
  39 0.878072 -2.379112 0.817268 -1.000000 0.000000 -0.000002 0.174168 0.142857
  39 0.878071 -1.609111 1.137266 -1.000000 0.000000 -0.000002 0.217221 0.033268
  39 0.858071 -1.569111 0.927266 -1.000000 0.000000 -0.000002 0.187867 0.029354
knife_butterfly.bmp
  39 0.878072 -2.379112 0.817268 -1.000000 0.000000 -0.000002 0.174168 0.142857
  39 0.878071 -1.689111 1.187266 -1.000000 0.000000 -0.000002 0.232877 0.043053
  39 0.878071 -1.609111 1.137266 -1.000000 0.000000 -0.000002 0.217221 0.033268
knife_butterfly.bmp
  39 0.878072 -2.379112 0.817268 -1.000000 0.000000 -0.000002 0.174168 0.142857
  39 0.878071 -1.769110 1.337266 -1.000000 0.000000 -0.000002 0.250489 0.056751
  39 0.878071 -1.689111 1.187266 -1.000000 0.000000 -0.000002 0.232877 0.043053
knife_butterfly.bmp
  39 0.878072 -2.379112 0.817268 -1.000000 0.000000 -0.000002 0.174168 0.142857
  39 0.858071 -1.929110 1.367267 -1.000000 0.000000 -0.000002 0.252446 0.078278
  39 0.878071 -1.769110 1.337266 -1.000000 0.000000 -0.000002 0.250489 0.056751
knife_butterfly.bmp
  39 0.878072 -2.379112 0.817268 -1.000000 0.000000 -0.000002 0.174168 0.142857
  39 0.878071 -2.069110 1.327267 -1.000000 0.000000 -0.000002 0.252446 0.101761
  39 0.858071 -1.929110 1.367267 -1.000000 0.000000 -0.000002 0.252446 0.078278
knife_butterfly.bmp
  37 1.270000 -1.650000 1.330001 0.706989 0.153500 0.690365 0.477495 0.908023
  37 1.270000 -1.720000 1.340001 0.708847 0.216896 0.671187 0.479452 0.911937
  37 1.280000 -1.720000 1.320001 0.948621 0.078301 0.306573 0.477495 0.913894
knife_butterfly.bmp
  37 1.280000 -1.720000 1.320001 0.948621 0.078301 0.306573 0.477495 0.913894
  37 1.270000 -1.720000 1.340001 0.708847 0.216896 0.671187 0.479452 0.911937
  37 1.280000 -1.770000 1.340001 0.945220 0.115488 0.305322 0.479452 0.919765
knife_butterfly.bmp
  37 1.270000 -1.720000 1.340001 0.708847 0.216896 0.671187 0.479452 0.911937
  37 1.270000 -1.770000 1.370001 0.701592 0.252793 0.666231 0.481409 0.919765
  37 1.280000 -1.770000 1.340001 0.945220 0.115488 0.305322 0.479452 0.919765
knife_butterfly.bmp
  37 1.280000 -1.770000 1.340001 0.945220 0.115488 0.305322 0.479452 0.919765
  37 1.270000 -1.770000 1.370001 0.701592 0.252793 0.666231 0.481409 0.919765
  37 1.280000 -1.830000 1.360001 0.945220 0.115488 0.305322 0.481409 0.925636
knife_butterfly.bmp
  37 1.270000 -1.770000 1.370001 0.701592 0.252793 0.666231 0.481409 0.919765
  37 1.270000 -1.820000 1.380001 0.701592 0.252793 0.666231 0.483366 0.923679
  37 1.280000 -1.830000 1.360001 0.945220 0.115488 0.305322 0.481409 0.925636
knife_butterfly.bmp
  37 1.280000 -1.830000 1.360001 0.945220 0.115488 0.305322 0.481409 0.925636
  37 1.270000 -1.820000 1.380001 0.701592 0.252793 0.666231 0.483366 0.923679
  37 1.280000 -1.870000 1.380001 0.945220 0.115488 0.305322 0.483366 0.929550
knife_butterfly.bmp
  37 1.270000 -1.820000 1.380001 0.701592 0.252793 0.666231 0.483366 0.923679
  37 1.270000 -1.870000 1.400001 0.697435 0.294516 0.653333 0.487280 0.929550
  37 1.280000 -1.870000 1.380001 0.945220 0.115488 0.305322 0.483366 0.929550
knife_butterfly.bmp
  37 1.280000 -1.870000 1.380001 0.945220 0.115488 0.305322 0.483366 0.929550
  37 1.270000 -1.870000 1.400001 0.697435 0.294516 0.653333 0.487280 0.929550
  37 1.280000 -1.890000 1.400001 0.945220 0.115488 0.305322 0.485323 0.935421
knife_butterfly.bmp
  37 1.270000 -1.870000 1.400001 0.697435 0.294516 0.653333 0.487280 0.929550
  37 1.270000 -1.890000 1.420001 0.701592 0.252793 0.666231 0.489237 0.935421
  37 1.280000 -1.890000 1.400001 0.945220 0.115488 0.305322 0.485323 0.935421
knife_butterfly.bmp
  37 1.280000 -1.890000 1.400001 0.945220 0.115488 0.305322 0.485323 0.935421
  37 1.270000 -1.890000 1.420001 0.701592 0.252793 0.666231 0.489237 0.935421
  37 1.280000 -1.950000 1.410001 0.947447 0.044659 0.316780 0.487280 0.941292
knife_butterfly.bmp
  37 1.270000 -1.890000 1.420001 0.701592 0.252793 0.666231 0.489237 0.935421
  37 1.270000 -1.950000 1.440001 0.706989 0.153500 0.690365 0.491194 0.941292
  37 1.280000 -1.950000 1.410001 0.947447 0.044659 0.316780 0.487280 0.941292
knife_butterfly.bmp
  37 1.280000 -1.950000 1.410001 0.947447 0.044659 0.316780 0.487280 0.941292
  37 1.270000 -1.950000 1.440001 0.706989 0.153500 0.690365 0.491194 0.941292
  37 1.280000 -2.020000 1.420001 0.943555 -0.002280 0.331207 0.489237 0.947162
knife_butterfly.bmp
  39 1.058072 -2.379112 0.817268 1.000000 0.000000 0.000002 0.174168 0.142857
  39 1.058071 -1.929110 1.347267 1.000000 0.000000 0.000002 0.252446 0.078278
  39 1.058071 -2.069110 1.347268 1.000000 0.000000 0.000002 0.252446 0.101761
knife_butterfly.bmp
  39 1.058072 -2.379112 0.817268 1.000000 0.000000 0.000002 0.174168 0.142857
  39 1.058071 -1.769110 1.337267 1.000000 0.000000 0.000002 0.250489 0.056751
  39 1.058071 -1.929110 1.347267 1.000000 0.000000 0.000002 0.252446 0.078278
knife_butterfly.bmp
  39 1.058072 -2.379112 0.817268 1.000000 0.000000 0.000002 0.174168 0.142857
  39 1.058071 -1.689111 1.207267 1.000000 0.000000 0.000002 0.232877 0.043053
  39 1.058071 -1.769110 1.337267 1.000000 0.000000 0.000002 0.250489 0.056751
knife_butterfly.bmp
  39 1.058072 -2.379112 0.817268 1.000000 0.000000 0.000002 0.174168 0.142857
  39 1.058071 -1.609111 1.137266 1.000000 0.000000 0.000002 0.217221 0.033268
  39 1.058071 -1.689111 1.207267 1.000000 0.000000 0.000002 0.232877 0.043053
knife_butterfly.bmp
  39 1.058072 -2.379112 0.817268 1.000000 0.000000 0.000002 0.174168 0.142857
  39 1.038071 -1.569111 0.927266 1.000000 0.000000 0.000002 0.187867 0.029354
  39 1.058071 -1.609111 1.137266 1.000000 0.000000 0.000002 0.217221 0.033268
knife_butterfly.bmp
  39 1.058072 -2.379112 0.817268 1.000000 0.000000 0.000002 0.174168 0.142857
  39 1.058072 -1.579111 0.847266 1.000000 0.000000 0.000002 0.178082 0.031311
  39 1.038071 -1.569111 0.927266 1.000000 0.000000 0.000002 0.187867 0.029354
knife_butterfly.bmp
  39 1.058072 -2.379112 0.817268 1.000000 0.000000 0.000002 0.174168 0.142857
  39 1.048072 -1.979112 0.647267 1.000000 0.000000 0.000002 0.148728 0.086106
  39 1.058072 -1.579111 0.847266 1.000000 0.000000 0.000002 0.178082 0.031311
knife_butterfly.bmp
  39 1.058072 -2.379112 0.817268 1.000000 0.000000 0.000002 0.174168 0.142857
  39 1.038072 -2.029112 0.557267 1.000000 0.000000 0.000002 0.136986 0.093933
  39 1.048072 -1.979112 0.647267 1.000000 0.000000 0.000002 0.148728 0.086106
knife_butterfly.bmp
  39 1.058072 -2.379112 0.817268 1.000000 0.000000 0.000002 0.174168 0.142857
  39 1.038072 -2.059112 0.487267 1.000000 0.000000 0.000002 0.127202 0.101761
  39 1.038072 -2.029112 0.557267 1.000000 0.000000 0.000002 0.136986 0.093933
knife_butterfly.bmp
  39 1.058072 -2.379112 0.817268 1.000000 0.000000 0.000002 0.174168 0.142857
  39 1.038072 -2.139112 0.427268 1.000000 0.000000 0.000002 0.119374 0.111546
  39 1.038072 -2.059112 0.487267 1.000000 0.000000 0.000002 0.127202 0.101761
knife_butterfly.bmp
  39 1.058072 -2.379112 0.817268 1.000000 0.000000 0.000002 0.174168 0.142857
  39 1.058073 -2.239113 0.367268 1.000000 0.000000 0.000002 0.111546 0.125245
  39 1.038072 -2.139112 0.427268 1.000000 0.000000 0.000002 0.119374 0.111546
knife_butterfly.bmp
  39 1.058072 -2.379112 0.817268 1.000000 0.000000 0.000002 0.174168 0.142857
  39 1.058073 -2.359113 0.347268 1.000000 0.000000 0.000002 0.107632 0.140900
  39 1.058073 -2.239113 0.367268 1.000000 0.000000 0.000002 0.111546 0.125245
knife_butterfly.bmp
  40 0.890001 -1.988561 0.668156 -0.000003 0.200230 0.979749 0.870841 0.886497
  40 0.730001 -2.008561 0.678156 -0.000003 0.200230 0.979749 0.888454 0.892368
  40 0.890001 -2.008561 0.678156 -0.000003 0.200230 0.979749 0.870841 0.892368
knife_butterfly.bmp
  40 0.890001 -2.008561 0.678156 -0.000003 0.200230 0.979749 0.870841 0.892368
  40 0.730001 -2.008561 0.678156 -0.000003 0.200230 0.979749 0.888454 0.892368
  40 0.890001 -2.068561 0.688156 -0.000003 0.200230 0.979749 0.870841 0.896282
knife_butterfly.bmp
  40 0.730001 -2.008561 0.678156 -0.000003 0.200230 0.979749 0.888454 0.892368
  40 0.730001 -2.068561 0.688156 -0.000003 0.200230 0.979749 0.888454 0.896282
  40 0.890001 -2.068561 0.688156 -0.000003 0.200230 0.979749 0.870841 0.896282
knife_butterfly.bmp
  40 0.890001 -2.068561 0.688156 -0.000003 0.200230 0.979749 0.870841 0.896282
  40 0.730001 -2.068561 0.688156 -0.000003 0.200230 0.979749 0.888454 0.896282
  40 0.890001 -2.108561 0.678156 -0.000003 0.200230 0.979749 0.870841 0.900196
knife_butterfly.bmp
  40 0.730001 -2.068561 0.688156 -0.000003 0.200230 0.979749 0.888454 0.896282
  40 0.730001 -2.108561 0.698156 -0.000003 0.200230 0.979749 0.888454 0.900196
  40 0.890001 -2.108561 0.678156 -0.000003 0.200230 0.979749 0.870841 0.900196
knife_butterfly.bmp
  40 0.890001 -2.108561 0.678156 -0.000003 0.200230 0.979749 0.870841 0.900196
  40 0.730001 -2.108561 0.698156 -0.000003 0.200230 0.979749 0.888454 0.900196
  40 0.890001 -2.148561 0.688156 -0.000005 0.288991 0.957332 0.870841 0.904110
knife_butterfly.bmp
  40 0.730001 -2.108561 0.698156 -0.000003 0.200230 0.979749 0.888454 0.900196
  40 0.730001 -2.148561 0.708156 -0.000005 0.288991 0.957332 0.888454 0.904110
  40 0.890001 -2.148561 0.688156 -0.000005 0.288991 0.957332 0.870841 0.904110
knife_butterfly.bmp
  40 0.890001 -2.148561 0.688156 -0.000005 0.288991 0.957332 0.870841 0.904110
  40 0.730001 -2.148561 0.708156 -0.000005 0.288991 0.957332 0.888454 0.904110
  40 0.890001 -2.188561 0.728156 -0.000004 0.337644 0.941274 0.870841 0.911937
knife_butterfly.bmp
  40 0.730001 -2.148561 0.708156 -0.000005 0.288991 0.957332 0.888454 0.904110
  40 0.730001 -2.188561 0.718156 -0.000004 0.337644 0.941274 0.888454 0.911937
  40 0.890001 -2.188561 0.728156 -0.000004 0.337644 0.941274 0.870841 0.911937
knife_butterfly.bmp
  40 0.890001 -2.188561 0.728156 -0.000004 0.337644 0.941274 0.870841 0.911937
  40 0.730001 -2.188561 0.718156 -0.000004 0.337644 0.941274 0.888454 0.911937
  40 0.890001 -2.238561 0.748156 -0.000004 0.337644 0.941274 0.870841 0.915851
knife_butterfly.bmp
  40 0.730001 -2.188561 0.718156 -0.000004 0.337644 0.941274 0.888454 0.911937
  40 0.730001 -2.238561 0.728156 -0.000004 0.337644 0.941274 0.888454 0.915851
  40 0.890001 -2.238561 0.748156 -0.000004 0.337644 0.941274 0.870841 0.915851
knife_butterfly.bmp
  40 0.890001 -2.238561 0.748156 -0.000004 0.337644 0.941274 0.870841 0.915851
  40 0.730001 -2.238561 0.728156 -0.000004 0.337644 0.941274 0.888454 0.915851
  40 0.730001 -2.278561 0.748156 -0.000004 0.395433 0.918495 0.888454 0.921722
knife_butterfly.bmp
  37 0.880000 -1.540000 1.330001 0.000000 0.245723 0.969340 0.929550 0.888454
  37 0.710000 -1.600000 1.320001 0.000000 0.245723 0.969340 0.947162 0.894325
  37 0.880000 -1.600000 1.320001 0.000000 0.245723 0.969340 0.929550 0.894325
knife_butterfly.bmp
  37 0.880000 -1.600000 1.320001 0.000000 0.245723 0.969340 0.929550 0.894325
  37 0.710000 -1.600000 1.320001 0.000000 0.245723 0.969340 0.947162 0.894325
  37 0.880000 -1.630000 1.330001 0.000000 0.245723 0.969340 0.929550 0.898239
knife_butterfly.bmp
  37 0.710000 -1.600000 1.320001 0.000000 0.245723 0.969340 0.947162 0.894325
  37 0.710000 -1.630000 1.330001 0.000000 0.245723 0.969340 0.947162 0.898239
  37 0.880000 -1.630000 1.330001 0.000000 0.245723 0.969340 0.929550 0.898239
knife_butterfly.bmp
  37 0.880000 -1.630000 1.330001 0.000000 0.245723 0.969340 0.929550 0.898239
  37 0.710000 -1.630000 1.330001 0.000000 0.245723 0.969340 0.947162 0.898239
  37 0.880000 -1.650000 1.340001 0.000000 0.245723 0.969340 0.929550 0.902153
knife_butterfly.bmp
  37 0.710000 -1.630000 1.330001 0.000000 0.245723 0.969340 0.947162 0.898239
  37 0.710000 -1.650000 1.340001 0.000000 0.245723 0.969340 0.947162 0.902153
  37 0.880000 -1.650000 1.340001 0.000000 0.245723 0.969340 0.929550 0.902153
knife_butterfly.bmp
  37 0.880000 -1.650000 1.340001 0.000000 0.245723 0.969340 0.929550 0.902153
  37 0.710000 -1.650000 1.340001 0.000000 0.245723 0.969340 0.947162 0.902153
  37 0.880000 -1.720000 1.350001 0.000000 0.305622 0.952153 0.929550 0.906067
knife_butterfly.bmp
  37 0.710000 -1.650000 1.340001 0.000000 0.245723 0.969340 0.947162 0.902153
  37 0.710000 -1.720000 1.350001 0.000000 0.305622 0.952153 0.947162 0.906067
  37 0.880000 -1.720000 1.350001 0.000000 0.305622 0.952153 0.929550 0.906067
knife_butterfly.bmp
  37 0.880000 -1.720000 1.350001 0.000000 0.305622 0.952153 0.929550 0.906067
  37 0.710000 -1.720000 1.350001 0.000000 0.305622 0.952153 0.947162 0.906067
  37 0.880000 -1.770000 1.370001 0.000000 0.370615 0.928787 0.929550 0.913894
knife_butterfly.bmp
  37 0.710000 -1.720000 1.350001 0.000000 0.305622 0.952153 0.947162 0.906067
  37 0.710000 -1.770000 1.370001 0.000000 0.370615 0.928787 0.947162 0.913894
  37 0.880000 -1.770000 1.370001 0.000000 0.370615 0.928787 0.929550 0.913894
knife_butterfly.bmp
  37 0.880000 -1.770000 1.370001 0.000000 0.370615 0.928787 0.929550 0.913894
  37 0.710000 -1.770000 1.370001 0.000000 0.370615 0.928787 0.947162 0.913894
  37 0.880000 -1.820000 1.390001 0.000000 0.370615 0.928787 0.929550 0.917808
knife_butterfly.bmp
  37 0.710000 -1.770000 1.370001 0.000000 0.370615 0.928787 0.947162 0.913894
  37 0.710000 -1.820000 1.390001 0.000000 0.370615 0.928787 0.947162 0.917808
  37 0.880000 -1.820000 1.390001 0.000000 0.370615 0.928787 0.929550 0.917808
knife_butterfly.bmp
  40 1.290001 -2.108561 0.688157 0.711122 0.161500 0.684268 0.686888 0.911937
  40 1.290001 -2.148561 0.698157 0.708854 0.205170 0.674857 0.688845 0.917808
  40 1.300001 -2.158561 0.648157 0.947509 0.092918 0.305929 0.684932 0.917808
knife_butterfly.bmp
  40 1.300001 -2.158561 0.648157 0.947509 0.092918 0.305929 0.684932 0.917808
  40 1.290001 -2.148561 0.698157 0.708854 0.205170 0.674857 0.688845 0.917808
  40 1.300001 -2.218561 0.678157 0.947509 0.092918 0.305929 0.686888 0.923679
knife_butterfly.bmp
  40 1.290001 -2.148561 0.698157 0.708854 0.205170 0.674857 0.688845 0.917808
  40 1.290001 -2.198561 0.698157 0.701591 0.241154 0.670533 0.690802 0.923679
  40 1.300001 -2.218561 0.678157 0.947509 0.092918 0.305929 0.686888 0.923679
knife_butterfly.bmp
  40 1.300001 -2.218561 0.678157 0.947509 0.092918 0.305929 0.686888 0.923679
  40 1.290001 -2.198561 0.698157 0.701591 0.241154 0.670533 0.690802 0.923679
  40 1.300001 -2.258561 0.708157 0.947509 0.092918 0.305929 0.688845 0.929550
knife_butterfly.bmp
  40 1.290001 -2.198561 0.698157 0.701591 0.241154 0.670533 0.690802 0.923679
  40 1.290001 -2.238561 0.738157 0.701591 0.241154 0.670533 0.692759 0.929550
  40 1.300001 -2.258561 0.708157 0.947509 0.092918 0.305929 0.688845 0.929550
knife_butterfly.bmp
  40 1.300001 -2.258561 0.708157 0.947509 0.092918 0.305929 0.688845 0.929550
  40 1.290001 -2.238561 0.738157 0.701591 0.241154 0.670533 0.692759 0.929550
  40 1.300001 -2.308561 0.728157 0.942965 0.129969 0.306472 0.690802 0.935421
knife_butterfly.bmp
  40 1.290001 -2.238561 0.738157 0.701591 0.241154 0.670533 0.692759 0.929550
  40 1.290001 -2.278561 0.758157 0.697447 0.283092 0.658352 0.694716 0.935421
  40 1.300001 -2.308561 0.728157 0.942965 0.129969 0.306472 0.690802 0.935421
knife_butterfly.bmp
  40 1.300001 -2.308561 0.728157 0.942965 0.129969 0.306472 0.690802 0.935421
  40 1.290001 -2.278561 0.758157 0.697447 0.283092 0.658352 0.694716 0.935421
  40 1.300001 -2.348561 0.748158 0.947509 0.092918 0.305929 0.694716 0.939335
knife_butterfly.bmp
  40 1.290001 -2.278561 0.758157 0.697447 0.283092 0.658352 0.694716 0.935421
  40 1.290001 -2.328561 0.768158 0.701591 0.241154 0.670533 0.696673 0.939335
  40 1.300001 -2.348561 0.748158 0.947509 0.092918 0.305929 0.694716 0.939335
knife_butterfly.bmp
  40 1.300001 -2.348561 0.748158 0.947509 0.092918 0.305929 0.694716 0.939335
  40 1.290001 -2.328561 0.768158 0.701591 0.241154 0.670533 0.696673 0.939335
  40 1.300001 -2.398561 0.758158 0.947509 0.092918 0.305929 0.696673 0.947162
knife_butterfly.bmp
  40 1.290001 -2.328561 0.768158 0.701591 0.241154 0.670533 0.696673 0.939335
  40 1.290001 -2.378561 0.788158 0.711122 0.161500 0.684268 0.698630 0.947162
  40 1.300001 -2.398561 0.758158 0.947509 0.092918 0.305929 0.696673 0.947162
knife_butterfly.bmp
  40 1.100001 -2.008561 0.678156 -0.000003 0.200230 0.979749 0.870841 0.890411
  40 1.100001 -2.068561 0.688156 -0.000003 0.200230 0.979749 0.870841 0.894325
  40 1.260001 -2.008561 0.678157 -0.000003 0.200230 0.979749 0.853229 0.890411
knife_butterfly.bmp
  40 1.260001 -2.008561 0.678157 -0.000003 0.200230 0.979749 0.853229 0.890411
  40 1.100001 -2.068561 0.688156 -0.000003 0.200230 0.979749 0.870841 0.894325
  40 1.260001 -2.068561 0.688157 -0.000003 0.200230 0.979749 0.853229 0.894325
knife_butterfly.bmp
  40 1.100001 -2.068561 0.688156 -0.000003 0.200230 0.979749 0.870841 0.894325
  40 1.100001 -2.108561 0.698157 -0.000003 0.200230 0.979749 0.870841 0.900196
  40 1.260001 -2.068561 0.688157 -0.000003 0.200230 0.979749 0.853229 0.894325
knife_butterfly.bmp
  40 1.260001 -2.068561 0.688157 -0.000003 0.200230 0.979749 0.853229 0.894325
  40 1.100001 -2.108561 0.698157 -0.000003 0.200230 0.979749 0.870841 0.900196
  40 1.260001 -2.108561 0.698157 -0.000003 0.200230 0.979749 0.853229 0.900196
knife_butterfly.bmp
  40 1.100001 -2.108561 0.698157 -0.000003 0.200230 0.979749 0.870841 0.900196
  40 1.100001 -2.148561 0.708157 -0.000005 0.288991 0.957332 0.870841 0.904110
  40 1.260001 -2.108561 0.698157 -0.000003 0.200230 0.979749 0.853229 0.900196
knife_butterfly.bmp
  40 1.260001 -2.108561 0.698157 -0.000003 0.200230 0.979749 0.853229 0.900196
  40 1.100001 -2.148561 0.708157 -0.000005 0.288991 0.957332 0.870841 0.904110
  40 1.260001 -2.148561 0.708157 -0.000005 0.288991 0.957332 0.853229 0.904110
knife_butterfly.bmp
  40 1.100001 -2.148561 0.708157 -0.000005 0.288991 0.957332 0.870841 0.904110
  40 1.100001 -2.188561 0.728157 -0.000004 0.337644 0.941274 0.870841 0.909980
  40 1.260001 -2.148561 0.708157 -0.000005 0.288991 0.957332 0.853229 0.904110
knife_butterfly.bmp
  40 1.260001 -2.148561 0.708157 -0.000005 0.288991 0.957332 0.853229 0.904110
  40 1.100001 -2.188561 0.728157 -0.000004 0.337644 0.941274 0.870841 0.909980
  40 1.260001 -2.188561 0.708157 -0.000004 0.337644 0.941274 0.853229 0.909980
knife_butterfly.bmp
  40 1.100001 -2.188561 0.728157 -0.000004 0.337644 0.941274 0.870841 0.909980
  40 1.100001 -2.238561 0.748157 -0.000004 0.337644 0.941274 0.870841 0.915851
  40 1.260001 -2.188561 0.708157 -0.000004 0.337644 0.941274 0.853229 0.909980
knife_butterfly.bmp
  40 1.260001 -2.188561 0.708157 -0.000004 0.337644 0.941274 0.853229 0.909980
  40 1.100001 -2.238561 0.748157 -0.000004 0.337644 0.941274 0.870841 0.915851
  40 1.260001 -2.238561 0.748157 -0.000004 0.337644 0.941274 0.853229 0.915851
knife_butterfly.bmp
  40 1.100001 -2.238561 0.748157 -0.000004 0.337644 0.941274 0.870841 0.915851
  40 1.260001 -2.278561 0.768157 -0.000004 0.395433 0.918495 0.853229 0.921722
  40 1.260001 -2.238561 0.748157 -0.000004 0.337644 0.941274 0.853229 0.915851
knife_butterfly.bmp
  39 1.038071 -1.449111 1.167266 0.085338 0.761661 0.642331 0.277886 0.483366
  39 1.038071 -1.369111 1.107266 0.218303 0.899290 0.378974 0.275930 0.471624
  39 1.018071 -1.369111 1.107266 0.110065 0.920189 0.375683 0.277886 0.471624
knife_butterfly.bmp
  39 1.018071 -1.369111 1.107266 0.110065 0.920189 0.375683 0.277886 0.471624
  39 1.038071 -1.369111 1.107266 0.218303 0.899290 0.378974 0.275930 0.471624
  39 1.018071 -1.349111 1.007266 0.095356 0.990604 0.098035 0.277886 0.461840
knife_butterfly.bmp
  39 1.038071 -1.369111 1.107266 0.218303 0.899290 0.378974 0.275930 0.471624
  39 1.038071 -1.349111 1.007266 0.188649 0.978916 0.078326 0.275930 0.461840
  39 1.018071 -1.349111 1.007266 0.095356 0.990604 0.098035 0.277886 0.461840
knife_butterfly.bmp
  39 1.018071 -1.349111 1.007266 0.095356 0.990604 0.098035 0.277886 0.461840
  39 1.038071 -1.349111 1.007266 0.188649 0.978916 0.078326 0.275930 0.461840
  39 1.038071 -1.349111 0.887266 0.100829 0.987927 -0.117613 0.277886 0.450098
knife_butterfly.bmp
  39 1.038071 -1.349111 1.007266 0.188649 0.978916 0.078326 0.275930 0.461840
  39 1.048072 -1.359111 0.887266 0.204637 0.970881 -0.124553 0.275930 0.450098
  39 1.038071 -1.349111 0.887266 0.100829 0.987927 -0.117613 0.277886 0.450098
knife_butterfly.bmp
  39 1.038071 -1.349111 0.887266 0.100829 0.987927 -0.117613 0.277886 0.450098
  39 1.048072 -1.359111 0.887266 0.204637 0.970881 -0.124553 0.275930 0.450098
  39 1.038072 -1.389112 0.807266 0.111629 0.943593 -0.311724 0.277886 0.442270
knife_butterfly.bmp
  39 1.048072 -1.359111 0.887266 0.204637 0.970881 -0.124553 0.275930 0.450098
  39 1.058072 -1.389112 0.807266 0.226734 0.921854 -0.314287 0.275930 0.442270
  39 1.038072 -1.389112 0.807266 0.111629 0.943593 -0.311724 0.277886 0.442270
knife_butterfly.bmp
  39 1.038072 -1.389112 0.807266 0.111629 0.943593 -0.311724 0.277886 0.442270
  39 1.058072 -1.389112 0.807266 0.226734 0.921854 -0.314287 0.275930 0.442270
  39 1.038072 -1.419112 0.737266 0.114581 0.803399 -0.584313 0.277886 0.434442
knife_butterfly.bmp
  39 1.058072 -1.389112 0.807266 0.226734 0.921854 -0.314287 0.275930 0.442270
  39 1.058072 -1.429112 0.737266 0.231427 0.784214 -0.575717 0.275930 0.434442
  39 1.038072 -1.419112 0.737266 0.114581 0.803399 -0.584313 0.277886 0.434442
knife_butterfly.bmp
  39 1.038072 -1.419112 0.737266 0.114581 0.803399 -0.584313 0.277886 0.434442
  39 1.058072 -1.429112 0.737266 0.231427 0.784214 -0.575717 0.275930 0.434442
  39 1.038072 -1.479112 0.647266 0.107338 0.595970 -0.795800 0.277886 0.422701
knife_butterfly.bmp
  39 1.058072 -1.429112 0.737266 0.231427 0.784214 -0.575717 0.275930 0.434442
  39 1.058072 -1.479112 0.647266 0.213751 0.578099 -0.787472 0.275930 0.422701
  39 1.038072 -1.479112 0.647266 0.107338 0.595970 -0.795800 0.277886 0.422701
knife_butterfly.bmp
  39 0.888072 -1.489112 0.667266 -0.213748 0.578099 -0.787473 0.295499 0.424658
  39 0.888072 -1.429112 0.737266 -0.231425 0.784214 -0.575718 0.295499 0.434442
  39 0.898072 -1.489112 0.667266 -0.107334 0.595970 -0.795801 0.293542 0.424658
knife_butterfly.bmp
  39 0.898072 -1.489112 0.667266 -0.107334 0.595970 -0.795801 0.293542 0.424658
  39 0.888072 -1.429112 0.737266 -0.231425 0.784214 -0.575718 0.295499 0.434442
  39 0.898072 -1.419112 0.737266 -0.114579 0.803399 -0.584313 0.293542 0.434442
knife_butterfly.bmp
  39 0.888072 -1.429112 0.737266 -0.231425 0.784214 -0.575718 0.295499 0.434442
  39 0.888072 -1.389112 0.807266 -0.226732 0.921854 -0.314288 0.295499 0.442270
  39 0.898072 -1.419112 0.737266 -0.114579 0.803399 -0.584313 0.293542 0.434442
knife_butterfly.bmp
  39 0.898072 -1.419112 0.737266 -0.114579 0.803399 -0.584313 0.293542 0.434442
  39 0.888072 -1.389112 0.807266 -0.226732 0.921854 -0.314288 0.295499 0.442270
  39 0.898072 -1.389112 0.807266 -0.111627 0.943593 -0.311724 0.293542 0.442270
knife_butterfly.bmp
  39 0.888072 -1.389112 0.807266 -0.226732 0.921854 -0.314288 0.295499 0.442270
  39 0.868072 -1.359111 0.887266 -0.204637 0.970881 -0.124554 0.295499 0.450098
  39 0.898072 -1.389112 0.807266 -0.111627 0.943593 -0.311724 0.293542 0.442270
knife_butterfly.bmp
  39 0.898072 -1.389112 0.807266 -0.111627 0.943593 -0.311724 0.293542 0.442270
  39 0.868072 -1.359111 0.887266 -0.204637 0.970881 -0.124554 0.295499 0.450098
  39 0.878071 -1.349111 0.887266 -0.100829 0.987927 -0.117613 0.293542 0.450098
knife_butterfly.bmp
  39 0.868072 -1.359111 0.887266 -0.204637 0.970881 -0.124554 0.295499 0.450098
  39 0.868071 -1.349111 1.007266 -0.188649 0.978916 0.078325 0.295499 0.461840
  39 0.878071 -1.349111 0.887266 -0.100829 0.987927 -0.117613 0.293542 0.450098
knife_butterfly.bmp
  39 0.878071 -1.349111 0.887266 -0.100829 0.987927 -0.117613 0.293542 0.450098
  39 0.868071 -1.349111 1.007266 -0.188649 0.978916 0.078325 0.295499 0.461840
  39 0.878071 -1.349111 1.007266 -0.095356 0.990604 0.098035 0.293542 0.461840
knife_butterfly.bmp
  39 0.868071 -1.349111 1.007266 -0.188649 0.978916 0.078325 0.295499 0.461840
  39 0.868071 -1.369111 1.107266 -0.218305 0.899290 0.378973 0.295499 0.471624
  39 0.878071 -1.349111 1.007266 -0.095356 0.990604 0.098035 0.293542 0.461840
knife_butterfly.bmp
  39 0.878071 -1.349111 1.007266 -0.095356 0.990604 0.098035 0.293542 0.461840
  39 0.868071 -1.369111 1.107266 -0.218305 0.899290 0.378973 0.295499 0.471624
  39 0.878071 -1.369111 1.107266 -0.110067 0.920189 0.375683 0.293542 0.471624
knife_butterfly.bmp
  39 0.868071 -1.369111 1.107266 -0.218305 0.899290 0.378973 0.295499 0.471624
  39 0.898071 -1.449111 1.187266 -0.085340 0.761661 0.642331 0.293542 0.483366
  39 0.878071 -1.369111 1.107266 -0.110067 0.920189 0.375683 0.293542 0.471624
knife_butterfly.bmp
  37 1.250000 -2.380000 1.180002 0.000000 -0.988269 0.152723 0.457926 0.990215
  37 1.250000 -2.380000 1.060001 0.111443 -0.974362 -0.195448 0.444227 0.990215
  37 1.270000 -2.380000 1.070001 0.448600 -0.878717 -0.163139 0.446184 0.990215
knife_butterfly.bmp
  37 1.270000 -2.380000 1.070001 0.448600 -0.878717 -0.163139 0.446184 0.990215
  37 1.250000 -2.380000 1.060001 0.111443 -0.974362 -0.195448 0.444227 0.990215
  37 1.270000 -2.340000 1.000001 0.538300 -0.769366 -0.343961 0.436399 0.986301
knife_butterfly.bmp
  37 1.250000 -2.380000 1.060001 0.111443 -0.974362 -0.195448 0.444227 0.990215
  37 1.250000 -2.340000 1.000001 0.164342 -0.895157 -0.414349 0.436399 0.986301
  37 1.270000 -2.340000 1.000001 0.538300 -0.769366 -0.343961 0.436399 0.986301
knife_butterfly.bmp
  37 1.270000 -2.340000 1.000001 0.538300 -0.769366 -0.343961 0.436399 0.986301
  37 1.250000 -2.340000 1.000001 0.164342 -0.895157 -0.414349 0.436399 0.986301
  37 1.270000 -2.300000 0.960001 0.594102 -0.649753 -0.474199 0.430528 0.982387
knife_butterfly.bmp
  37 1.250000 -2.340000 1.000001 0.164342 -0.895157 -0.414349 0.436399 0.986301
  37 1.250000 -2.300000 0.950001 0.209006 -0.780377 -0.589345 0.428571 0.982387
  37 1.270000 -2.300000 0.960001 0.594102 -0.649753 -0.474199 0.430528 0.982387
knife_butterfly.bmp
  37 1.270000 -2.300000 0.960001 0.594102 -0.649753 -0.474199 0.430528 0.982387
  37 1.250000 -2.300000 0.950001 0.209006 -0.780377 -0.589345 0.428571 0.982387
  37 1.270000 -2.250000 0.900001 0.640994 -0.495283 -0.586363 0.422701 0.976517
knife_butterfly.bmp
  37 1.250000 -2.300000 0.950001 0.209006 -0.780377 -0.589345 0.428571 0.982387
  37 1.250000 -2.250000 0.890001 0.256205 -0.613191 -0.747232 0.420744 0.976517
  37 1.270000 -2.250000 0.900001 0.640994 -0.495283 -0.586363 0.422701 0.976517
knife_butterfly.bmp
  37 1.270000 -2.250000 0.900001 0.640994 -0.495283 -0.586363 0.422701 0.976517
  37 1.250000 -2.250000 0.890001 0.256205 -0.613191 -0.747232 0.420744 0.976517
  37 1.270000 -2.210000 0.870001 0.674089 -0.352158 -0.649299 0.418787 0.968689
knife_butterfly.bmp
  37 1.250000 -2.250000 0.890001 0.256205 -0.613191 -0.747232 0.420744 0.976517
  37 1.250000 -2.210000 0.860001 0.289142 -0.450267 -0.844782 0.416830 0.968689
  37 1.270000 -2.210000 0.870001 0.674089 -0.352158 -0.649299 0.418787 0.968689
knife_butterfly.bmp
  37 1.270000 -2.210000 0.870001 0.674089 -0.352158 -0.649299 0.418787 0.968689
  37 1.250000 -2.210000 0.860001 0.289142 -0.450267 -0.844782 0.416830 0.968689
  37 1.270000 -2.130000 0.830001 0.685189 -0.214917 -0.695935 0.414873 0.960861
knife_butterfly.bmp
  37 1.250000 -2.210000 0.860001 0.289142 -0.450267 -0.844782 0.416830 0.968689
  37 1.250000 -2.130000 0.830001 0.308091 -0.275363 -0.910634 0.412916 0.960861
  37 1.270000 -2.130000 0.830001 0.685189 -0.214917 -0.695935 0.414873 0.960861
knife_butterfly.bmp
  40 0.700001 -2.378561 0.788156 -0.692835 0.151263 0.705052 0.698630 0.947162
  40 0.700001 -2.328561 0.768156 -0.689139 0.257107 0.677483 0.696673 0.939335
  40 0.690001 -2.398561 0.758156 -0.947522 0.069673 0.312006 0.696673 0.947162
knife_butterfly.bmp
  40 0.690001 -2.398561 0.758156 -0.947522 0.069673 0.312006 0.696673 0.947162
  40 0.700001 -2.328561 0.768156 -0.689139 0.257107 0.677483 0.696673 0.939335
  40 0.690001 -2.348561 0.748156 -0.944131 0.120505 0.306750 0.694716 0.939335
knife_butterfly.bmp
  40 0.700001 -2.328561 0.768156 -0.689139 0.257107 0.677483 0.696673 0.939335
  40 0.700001 -2.278561 0.738156 -0.689139 0.257107 0.677483 0.694716 0.935421
  40 0.690001 -2.348561 0.748156 -0.944131 0.120505 0.306750 0.694716 0.939335
knife_butterfly.bmp
  40 0.690001 -2.348561 0.748156 -0.944131 0.120505 0.306750 0.694716 0.939335
  40 0.700001 -2.278561 0.738156 -0.689139 0.257107 0.677483 0.694716 0.935421
  40 0.690001 -2.308561 0.708156 -0.944131 0.120505 0.306750 0.690802 0.935421
knife_butterfly.bmp
  40 0.700001 -2.278561 0.738156 -0.689139 0.257107 0.677483 0.694716 0.935421
  40 0.700001 -2.238561 0.728156 -0.689139 0.257107 0.677483 0.692759 0.929550
  40 0.690001 -2.308561 0.708156 -0.944131 0.120505 0.306750 0.690802 0.935421
knife_butterfly.bmp
  40 0.690001 -2.308561 0.708156 -0.944131 0.120505 0.306750 0.690802 0.935421
  40 0.700001 -2.238561 0.728156 -0.689139 0.257107 0.677483 0.692759 0.929550
  40 0.690001 -2.258561 0.688156 -0.944131 0.120505 0.306750 0.688845 0.929550
knife_butterfly.bmp
  40 0.700001 -2.238561 0.728156 -0.689139 0.257107 0.677483 0.692759 0.929550
  40 0.700001 -2.188561 0.718156 -0.689139 0.257107 0.677483 0.690802 0.923679
  40 0.690001 -2.258561 0.688156 -0.944131 0.120505 0.306750 0.688845 0.929550
knife_butterfly.bmp
  40 0.690001 -2.258561 0.688156 -0.944131 0.120505 0.306750 0.688845 0.929550
  40 0.700001 -2.188561 0.718156 -0.689139 0.257107 0.677483 0.690802 0.923679
  40 0.690001 -2.218561 0.688156 -0.944131 0.120505 0.306750 0.686888 0.923679
knife_butterfly.bmp
  40 0.700001 -2.188561 0.718156 -0.689139 0.257107 0.677483 0.690802 0.923679
  40 0.700001 -2.148561 0.698156 -0.708849 0.205175 0.674860 0.688845 0.917808
  40 0.690001 -2.218561 0.688156 -0.944131 0.120505 0.306750 0.686888 0.923679
knife_butterfly.bmp
  40 0.690001 -2.218561 0.688156 -0.944131 0.120505 0.306750 0.686888 0.923679
  40 0.700001 -2.148561 0.698156 -0.708849 0.205175 0.674860 0.688845 0.917808
  40 0.690001 -2.158561 0.668156 -0.947522 0.069673 0.312006 0.684932 0.917808
knife_butterfly.bmp
  40 0.700001 -2.148561 0.698156 -0.708849 0.205175 0.674860 0.688845 0.917808
  40 0.700001 -2.108561 0.688156 -0.692835 0.151263 0.705052 0.686888 0.911937
  40 0.690001 -2.158561 0.668156 -0.947522 0.069673 0.312006 0.684932 0.917808
knife_butterfly.bmp
  37 0.690000 -1.650000 1.330001 -0.711124 0.173390 0.681350 0.477495 0.908023
  37 0.690000 -1.720000 1.340001 -0.708858 0.216894 0.671176 0.477495 0.911937
  37 0.710000 -1.650000 1.340001 -0.315751 0.233704 0.919611 0.477495 0.908023
knife_butterfly.bmp
  37 0.710000 -1.650000 1.340001 -0.315751 0.233704 0.919611 0.477495 0.908023
  37 0.690000 -1.720000 1.340001 -0.708858 0.216894 0.671176 0.477495 0.911937
  37 0.710000 -1.720000 1.350001 -0.311887 0.292023 0.904129 0.479452 0.911937
knife_butterfly.bmp
  37 0.690000 -1.720000 1.340001 -0.708858 0.216894 0.671176 0.477495 0.911937
  37 0.690000 -1.770000 1.370001 -0.698245 0.273068 0.661731 0.481409 0.919765
  37 0.710000 -1.720000 1.350001 -0.311887 0.292023 0.904129 0.479452 0.911937
knife_butterfly.bmp
  37 0.710000 -1.720000 1.350001 -0.311887 0.292023 0.904129 0.479452 0.911937
  37 0.690000 -1.770000 1.370001 -0.698245 0.273068 0.661731 0.481409 0.919765
  37 0.710000 -1.770000 1.370001 -0.302525 0.364115 0.880851 0.481409 0.919765
knife_butterfly.bmp
  37 0.690000 -1.770000 1.370001 -0.698245 0.273068 0.661731 0.481409 0.919765
  37 0.690000 -1.820000 1.380001 -0.698245 0.273068 0.661731 0.483366 0.923679
  37 0.710000 -1.770000 1.370001 -0.302525 0.364115 0.880851 0.481409 0.919765
knife_butterfly.bmp
  37 0.710000 -1.770000 1.370001 -0.302525 0.364115 0.880851 0.481409 0.919765
  37 0.690000 -1.820000 1.380001 -0.698245 0.273068 0.661731 0.483366 0.923679
  37 0.710000 -1.820000 1.390001 -0.302525 0.364115 0.880851 0.483366 0.923679
knife_butterfly.bmp
  37 0.690000 -1.820000 1.380001 -0.698245 0.273068 0.661731 0.483366 0.923679
  37 0.690000 -1.870000 1.400001 -0.698245 0.273068 0.661731 0.485323 0.929550
  37 0.710000 -1.820000 1.390001 -0.302525 0.364115 0.880851 0.483366 0.923679
knife_butterfly.bmp
  37 0.710000 -1.820000 1.390001 -0.302525 0.364115 0.880851 0.483366 0.923679
  37 0.690000 -1.870000 1.400001 -0.698245 0.273068 0.661731 0.485323 0.929550
  37 0.710000 -1.860000 1.410001 -0.302525 0.364115 0.880851 0.485323 0.929550
knife_butterfly.bmp
  37 0.690000 -1.870000 1.400001 -0.698245 0.273068 0.661731 0.485323 0.929550
  37 0.690000 -1.890000 1.420001 -0.698245 0.273068 0.661731 0.487280 0.935421
  37 0.710000 -1.860000 1.410001 -0.302525 0.364115 0.880851 0.485323 0.929550
knife_butterfly.bmp
  37 0.710000 -1.860000 1.410001 -0.302525 0.364115 0.880851 0.485323 0.929550
  37 0.690000 -1.890000 1.420001 -0.698245 0.273068 0.661731 0.487280 0.935421
  37 0.710000 -1.890000 1.430001 -0.302525 0.364115 0.880851 0.489237 0.935421
knife_butterfly.bmp
  37 0.690000 -1.890000 1.420001 -0.698245 0.273068 0.661731 0.487280 0.935421
  37 0.690000 -1.950000 1.440001 -0.683217 0.151905 0.714240 0.489237 0.941292
  37 0.710000 -1.890000 1.430001 -0.302525 0.364115 0.880851 0.489237 0.935421
knife_butterfly.bmp
  37 0.690000 -1.950000 1.440001 -0.683217 0.151905 0.714240 0.489237 0.941292
  37 0.690000 -1.890000 1.420001 -0.698245 0.273068 0.661731 0.487280 0.935421
  37 0.690000 -1.950000 1.410001 -0.948638 0.068540 0.308850 0.487280 0.941292
knife_butterfly.bmp
  37 0.690000 -1.950000 1.410001 -0.948638 0.068540 0.308850 0.487280 0.941292
  37 0.690000 -1.890000 1.420001 -0.698245 0.273068 0.661731 0.487280 0.935421
  37 0.690000 -1.890000 1.400001 -0.944131 0.125831 0.304602 0.483366 0.935421
knife_butterfly.bmp
  37 0.690000 -1.890000 1.420001 -0.698245 0.273068 0.661731 0.487280 0.935421
  37 0.690000 -1.870000 1.400001 -0.698245 0.273068 0.661731 0.485323 0.929550
  37 0.690000 -1.890000 1.400001 -0.944131 0.125831 0.304602 0.483366 0.935421
knife_butterfly.bmp
  37 0.690000 -1.890000 1.400001 -0.944131 0.125831 0.304602 0.483366 0.935421
  37 0.690000 -1.870000 1.400001 -0.698245 0.273068 0.661731 0.485323 0.929550
  37 0.690000 -1.870000 1.380001 -0.944131 0.125831 0.304602 0.481409 0.929550
knife_butterfly.bmp
  37 0.690000 -1.870000 1.400001 -0.698245 0.273068 0.661731 0.485323 0.929550
  37 0.690000 -1.820000 1.380001 -0.698245 0.273068 0.661731 0.483366 0.923679
  37 0.690000 -1.870000 1.380001 -0.944131 0.125831 0.304602 0.481409 0.929550
knife_butterfly.bmp
  37 0.690000 -1.870000 1.380001 -0.944131 0.125831 0.304602 0.481409 0.929550
  37 0.690000 -1.820000 1.380001 -0.698245 0.273068 0.661731 0.483366 0.923679
  37 0.690000 -1.830000 1.360001 -0.944131 0.125831 0.304602 0.479452 0.925636
knife_butterfly.bmp
  37 0.690000 -1.820000 1.380001 -0.698245 0.273068 0.661731 0.483366 0.923679
  37 0.690000 -1.770000 1.370001 -0.698245 0.273068 0.661731 0.481409 0.919765
  37 0.690000 -1.830000 1.360001 -0.944131 0.125831 0.304602 0.479452 0.925636
knife_butterfly.bmp
  37 0.690000 -1.830000 1.360001 -0.944131 0.125831 0.304602 0.479452 0.925636
  37 0.690000 -1.770000 1.370001 -0.698245 0.273068 0.661731 0.481409 0.919765
  37 0.690000 -1.770000 1.340001 -0.944131 0.125831 0.304602 0.477495 0.919765
knife_butterfly.bmp
  37 0.690000 -1.770000 1.370001 -0.698245 0.273068 0.661731 0.481409 0.919765
  37 0.690000 -1.720000 1.340001 -0.708858 0.216894 0.671176 0.477495 0.911937
  37 0.690000 -1.770000 1.340001 -0.944131 0.125831 0.304602 0.477495 0.919765
knife_butterfly.bmp
  37 0.690000 -1.770000 1.340001 -0.944131 0.125831 0.304602 0.477495 0.919765
  37 0.690000 -1.720000 1.340001 -0.708858 0.216894 0.671176 0.477495 0.911937
  37 0.690000 -1.720000 1.320001 -0.948638 0.068540 0.308850 0.475538 0.913894
knife_butterfly.bmp
  37 0.690000 -1.720000 1.340001 -0.708858 0.216894 0.671176 0.477495 0.911937
  37 0.690000 -1.650000 1.330001 -0.711124 0.173390 0.681350 0.477495 0.908023
  37 0.690000 -1.720000 1.320001 -0.948638 0.068540 0.308850 0.475538 0.913894
knife_butterfly.bmp
  40 1.260002 -2.368562 0.148158 0.000001 0.221457 -0.975170 0.853229 0.874755
  40 1.100002 -2.328562 0.158157 0.000004 0.363254 -0.931690 0.835616 0.870841
  40 1.260002 -2.328562 0.158157 0.000004 0.363254 -0.931690 0.853229 0.870841
knife_butterfly.bmp
  40 1.260002 -2.328562 0.158157 0.000004 0.363254 -0.931690 0.853229 0.870841
  40 1.100002 -2.328562 0.158157 0.000004 0.363254 -0.931690 0.835616 0.870841
  40 1.260002 -2.268562 0.188157 0.000005 0.568593 -0.822619 0.853229 0.864971
knife_butterfly.bmp
  40 1.100002 -2.328562 0.158157 0.000004 0.363254 -0.931690 0.835616 0.870841
  40 1.100002 -2.268562 0.188157 0.000005 0.568593 -0.822619 0.835616 0.864971
  40 1.260002 -2.268562 0.188157 0.000005 0.568593 -0.822619 0.853229 0.864971
knife_butterfly.bmp
  40 1.260002 -2.268562 0.188157 0.000005 0.568593 -0.822619 0.853229 0.864971
  40 1.100002 -2.268562 0.188157 0.000005 0.568593 -0.822619 0.835616 0.864971
  40 1.260002 -2.248562 0.228157 0.000003 0.678980 -0.734157 0.853229 0.857143
knife_butterfly.bmp
  40 1.100002 -2.268562 0.188157 0.000005 0.568593 -0.822619 0.835616 0.864971
  40 1.100002 -2.248562 0.228157 0.000003 0.678980 -0.734157 0.835616 0.857143
  40 1.260002 -2.248562 0.228157 0.000003 0.678980 -0.734157 0.853229 0.857143
knife_butterfly.bmp
  40 1.260002 -2.248562 0.228157 0.000003 0.678980 -0.734157 0.853229 0.857143
  40 1.100002 -2.248562 0.228157 0.000003 0.678980 -0.734157 0.835616 0.857143
  40 1.260002 -2.198562 0.238157 0.000003 0.762852 -0.646573 0.853229 0.853229
knife_butterfly.bmp
  40 1.100002 -2.248562 0.228157 0.000003 0.678980 -0.734157 0.835616 0.857143
  40 1.100002 -2.198562 0.258157 0.000003 0.762852 -0.646573 0.835616 0.853229
  40 1.260002 -2.198562 0.238157 0.000003 0.762852 -0.646573 0.853229 0.853229
knife_butterfly.bmp
  40 1.260002 -2.198562 0.238157 0.000003 0.762852 -0.646573 0.853229 0.853229
  40 1.100002 -2.198562 0.258157 0.000003 0.762852 -0.646573 0.835616 0.853229
  40 1.260002 -2.188562 0.288157 0.000003 0.678980 -0.734157 0.853229 0.847358
knife_butterfly.bmp
  40 1.100002 -2.198562 0.258157 0.000003 0.762852 -0.646573 0.835616 0.853229
  40 1.100002 -2.188562 0.298157 0.000003 0.678980 -0.734157 0.835616 0.847358
  40 1.260002 -2.188562 0.288157 0.000003 0.678980 -0.734157 0.853229 0.847358
knife_butterfly.bmp
  40 1.260002 -2.188562 0.288157 0.000003 0.678980 -0.734157 0.853229 0.847358
  40 1.100002 -2.188562 0.298157 0.000003 0.678980 -0.734157 0.835616 0.847358
  40 1.100002 -2.158562 0.318157 0.000002 0.299106 -0.954220 0.835616 0.843444
knife_butterfly.bmp
  37 1.270000 -2.380000 1.070001 0.448600 -0.878717 -0.163139 0.446184 0.990215
  37 1.270000 -2.340000 1.000001 0.538300 -0.769366 -0.343961 0.436399 0.986301
  37 1.280000 -2.330000 1.020001 0.793881 -0.571209 -0.208501 0.440313 0.986301
knife_butterfly.bmp
  37 1.280000 -2.330000 1.020001 0.793881 -0.571209 -0.208501 0.440313 0.986301
  37 1.270000 -2.340000 1.000001 0.538300 -0.769366 -0.343961 0.436399 0.986301
  37 1.280000 -2.300000 0.990001 0.864336 -0.427709 -0.264554 0.432485 0.982387
knife_butterfly.bmp
  37 1.270000 -2.340000 1.000001 0.538300 -0.769366 -0.343961 0.436399 0.986301
  37 1.270000 -2.300000 0.960001 0.594102 -0.649753 -0.474199 0.430528 0.982387
  37 1.280000 -2.300000 0.990001 0.864336 -0.427709 -0.264554 0.432485 0.982387
knife_butterfly.bmp
  37 1.280000 -2.300000 0.990001 0.864336 -0.427709 -0.264554 0.432485 0.982387
  37 1.270000 -2.300000 0.960001 0.594102 -0.649753 -0.474199 0.430528 0.982387
  37 1.280000 -2.250000 0.930001 0.914123 -0.278103 -0.295022 0.426614 0.976517
knife_butterfly.bmp
  37 1.270000 -2.300000 0.960001 0.594102 -0.649753 -0.474199 0.430528 0.982387
  37 1.270000 -2.250000 0.900001 0.640994 -0.495283 -0.586363 0.422701 0.976517
  37 1.280000 -2.250000 0.930001 0.914123 -0.278103 -0.295022 0.426614 0.976517
knife_butterfly.bmp
  37 1.280000 -2.250000 0.930001 0.914123 -0.278103 -0.295022 0.426614 0.976517
  37 1.270000 -2.250000 0.900001 0.640994 -0.495283 -0.586363 0.422701 0.976517
  37 1.280000 -2.210000 0.890001 0.936692 -0.173953 -0.303889 0.420744 0.968689
knife_butterfly.bmp
  37 1.270000 -2.250000 0.900001 0.640994 -0.495283 -0.586363 0.422701 0.976517
  37 1.270000 -2.210000 0.870001 0.674089 -0.352158 -0.649299 0.418787 0.968689
  37 1.280000 -2.210000 0.890001 0.936692 -0.173953 -0.303889 0.420744 0.968689
knife_butterfly.bmp
  37 1.280000 -2.210000 0.890001 0.936692 -0.173953 -0.303889 0.420744 0.968689
  37 1.270000 -2.210000 0.870001 0.674089 -0.352158 -0.649299 0.418787 0.968689
  37 1.280000 -2.130000 0.860001 0.945241 -0.101680 -0.310130 0.416830 0.960861
knife_butterfly.bmp
  37 1.270000 -2.210000 0.870001 0.674089 -0.352158 -0.649299 0.418787 0.968689
  37 1.270000 -2.130000 0.830001 0.685189 -0.214917 -0.695935 0.414873 0.960861
  37 1.280000 -2.130000 0.860001 0.945241 -0.101680 -0.310130 0.416830 0.960861
knife_butterfly.bmp
  37 1.280000 -2.130000 0.860001 0.945241 -0.101680 -0.310130 0.416830 0.960861
  37 1.270000 -2.130000 0.830001 0.685189 -0.214917 -0.695935 0.414873 0.960861
  37 1.280000 -2.050000 0.850001 0.948600 -0.037707 -0.314222 0.416830 0.953033
knife_butterfly.bmp
  37 1.250000 -1.950000 0.810001 0.000000 0.204453 -0.978876 0.966732 0.872798
  37 1.100000 -1.900000 0.810001 0.000000 0.346980 -0.937872 0.949119 0.868885
  37 1.250000 -1.900000 0.810001 0.000000 0.346980 -0.937872 0.966732 0.868885
knife_butterfly.bmp
  37 1.250000 -1.900000 0.810001 0.000000 0.346980 -0.937872 0.966732 0.868885
  37 1.100000 -1.900000 0.810001 0.000000 0.346980 -0.937872 0.949119 0.868885
  37 1.250000 -1.850000 0.830001 0.000000 0.554175 -0.832400 0.966732 0.863014
knife_butterfly.bmp
  37 1.100000 -1.900000 0.810001 0.000000 0.346980 -0.937872 0.949119 0.868885
  37 1.100000 -1.850000 0.830001 0.000000 0.554175 -0.832400 0.949119 0.863014
  37 1.250000 -1.850000 0.830001 0.000000 0.554175 -0.832400 0.966732 0.863014
knife_butterfly.bmp
  37 1.250000 -1.850000 0.830001 0.000000 0.554175 -0.832400 0.966732 0.863014
  37 1.100000 -1.850000 0.830001 0.000000 0.554175 -0.832400 0.949119 0.863014
  37 1.250000 -1.810000 0.880001 0.000001 0.676856 -0.736115 0.966732 0.855186
knife_butterfly.bmp
  37 1.100000 -1.850000 0.830001 0.000000 0.554175 -0.832400 0.949119 0.863014
  37 1.100000 -1.810000 0.880001 0.000001 0.676856 -0.736115 0.949119 0.855186
  37 1.250000 -1.810000 0.880001 0.000001 0.676856 -0.736115 0.966732 0.855186
knife_butterfly.bmp
  37 1.250000 -1.810000 0.880001 0.000001 0.676856 -0.736115 0.966732 0.855186
  37 1.100000 -1.810000 0.880001 0.000001 0.676856 -0.736115 0.949119 0.855186
  37 1.250000 -1.770000 0.910001 0.000003 0.751485 -0.659750 0.966732 0.851272
knife_butterfly.bmp
  37 1.100000 -1.810000 0.880001 0.000001 0.676856 -0.736115 0.949119 0.855186
  37 1.100000 -1.770000 0.910001 0.000003 0.751485 -0.659750 0.949119 0.851272
  37 1.250000 -1.770000 0.910001 0.000003 0.751485 -0.659750 0.966732 0.851272
knife_butterfly.bmp
  37 1.250000 -1.770000 0.910001 0.000003 0.751485 -0.659750 0.966732 0.851272
  37 1.100000 -1.770000 0.910001 0.000003 0.751485 -0.659750 0.949119 0.851272
  37 1.250000 -1.750000 0.940001 0.000001 0.676856 -0.736115 0.966732 0.845401
knife_butterfly.bmp
  37 1.100000 -1.770000 0.910001 0.000003 0.751485 -0.659750 0.949119 0.851272
  37 1.100000 -1.750000 0.940001 0.000001 0.676856 -0.736115 0.949119 0.845401
  37 1.250000 -1.750000 0.940001 0.000001 0.676856 -0.736115 0.966732 0.845401
knife_butterfly.bmp
  37 1.250000 -1.750000 0.940001 0.000001 0.676856 -0.736115 0.966732 0.845401
  37 1.100000 -1.750000 0.940001 0.000001 0.676856 -0.736115 0.949119 0.845401
  37 1.100000 -1.730000 0.960001 0.000000 0.282445 -0.959284 0.949119 0.841487
knife_butterfly.bmp
  40 0.730001 -1.988561 0.668156 -0.000003 0.200230 0.979749 0.888454 0.886497
  40 0.890001 -1.948561 0.668156 -0.000002 0.115460 0.993312 0.870841 0.882583
  40 0.730001 -1.948561 0.668155 -0.000002 0.115460 0.993312 0.888454 0.882583
knife_butterfly.bmp
  40 0.730001 -1.948561 0.668155 -0.000002 0.115460 0.993312 0.888454 0.882583
  40 0.890001 -1.948561 0.668156 -0.000002 0.115460 0.993312 0.870841 0.882583
  40 0.730001 -1.798561 0.658155 -0.000002 0.010349 0.999946 0.888454 0.866928
knife_butterfly.bmp
  40 0.890001 -1.948561 0.668156 -0.000002 0.115460 0.993312 0.870841 0.882583
  40 0.890001 -1.798561 0.658155 -0.000002 0.010349 0.999946 0.870841 0.866928
  40 0.730001 -1.798561 0.658155 -0.000002 0.010349 0.999946 0.888454 0.866928
knife_butterfly.bmp
  40 0.730001 -1.798561 0.658155 -0.000002 0.010349 0.999946 0.888454 0.866928
  40 0.890001 -1.798561 0.658155 -0.000002 0.010349 0.999946 0.870841 0.866928
  40 0.730001 -1.628561 0.658155 -0.000002 -0.050019 0.998748 0.888454 0.849315
knife_butterfly.bmp
  40 0.890001 -1.798561 0.658155 -0.000002 0.010349 0.999946 0.870841 0.866928
  40 0.890001 -1.628561 0.658155 -0.000002 -0.050019 0.998748 0.870841 0.849315
  40 0.730001 -1.628561 0.658155 -0.000002 -0.050019 0.998748 0.888454 0.849315
knife_butterfly.bmp
  40 0.730001 -1.628561 0.658155 -0.000002 -0.050019 0.998748 0.888454 0.849315
  40 0.890001 -1.628561 0.658155 -0.000002 -0.050019 0.998748 0.870841 0.849315
  40 0.730001 -1.458561 0.658154 -0.000002 -0.152357 0.988326 0.888454 0.831703
knife_butterfly.bmp
  40 0.890001 -1.628561 0.658155 -0.000002 -0.050019 0.998748 0.870841 0.849315
  40 0.890001 -1.458561 0.678154 -0.000002 -0.152357 0.988326 0.870841 0.831703
  40 0.730001 -1.458561 0.658154 -0.000002 -0.152357 0.988326 0.888454 0.831703
knife_butterfly.bmp
  40 0.730001 -1.458561 0.658154 -0.000002 -0.152357 0.988326 0.888454 0.831703
  40 0.890001 -1.458561 0.678154 -0.000002 -0.152357 0.988326 0.870841 0.831703
  40 0.730001 -1.288561 0.708154 -0.000002 -0.273396 0.961902 0.888454 0.812133
knife_butterfly.bmp
  40 0.890001 -1.458561 0.678154 -0.000002 -0.152357 0.988326 0.870841 0.831703
  40 0.890001 -1.288561 0.708154 -0.000002 -0.273396 0.961902 0.870841 0.812133
  40 0.730001 -1.288561 0.708154 -0.000002 -0.273396 0.961902 0.888454 0.812133
knife_butterfly.bmp
  40 0.730001 -1.288561 0.708154 -0.000002 -0.273396 0.961902 0.888454 0.812133
  40 0.890001 -1.288561 0.708154 -0.000002 -0.273396 0.961902 0.870841 0.812133
  40 0.890001 -1.128561 0.768154 -0.000002 -0.407966 0.912997 0.870841 0.796477
knife_butterfly.bmp
  37 0.880000 -1.750000 0.940001 0.000001 0.676856 -0.736115 0.927593 0.847358
  37 0.880000 -1.770000 0.910001 0.000003 0.751485 -0.659750 0.927593 0.851272
  37 0.710000 -1.750000 0.940001 0.000001 0.676856 -0.736115 0.909980 0.847358
knife_butterfly.bmp
  37 0.710000 -1.750000 0.940001 0.000001 0.676856 -0.736115 0.909980 0.847358
  37 0.880000 -1.770000 0.910001 0.000003 0.751485 -0.659750 0.927593 0.851272
  37 0.710000 -1.770000 0.910001 0.000003 0.751485 -0.659750 0.909980 0.851272
knife_butterfly.bmp
  37 0.880000 -1.770000 0.910001 0.000003 0.751485 -0.659750 0.927593 0.851272
  37 0.880000 -1.810000 0.880001 0.000001 0.676856 -0.736115 0.927593 0.857143
  37 0.710000 -1.770000 0.910001 0.000003 0.751485 -0.659750 0.909980 0.851272
knife_butterfly.bmp
  37 0.710000 -1.770000 0.910001 0.000003 0.751485 -0.659750 0.909980 0.851272
  37 0.880000 -1.810000 0.880001 0.000001 0.676856 -0.736115 0.927593 0.857143
  37 0.710000 -1.810000 0.880001 0.000001 0.676856 -0.736115 0.909980 0.857143
knife_butterfly.bmp
  37 0.880000 -1.810000 0.880001 0.000001 0.676856 -0.736115 0.927593 0.857143
  37 0.880000 -1.850000 0.830001 0.000000 0.554175 -0.832400 0.927593 0.863014
  37 0.710000 -1.810000 0.880001 0.000001 0.676856 -0.736115 0.909980 0.857143
knife_butterfly.bmp
  37 0.710000 -1.810000 0.880001 0.000001 0.676856 -0.736115 0.909980 0.857143
  37 0.880000 -1.850000 0.830001 0.000000 0.554175 -0.832400 0.927593 0.863014
  37 0.710000 -1.850000 0.830001 0.000000 0.554175 -0.832400 0.909980 0.863014
knife_butterfly.bmp
  37 0.880000 -1.850000 0.830001 0.000000 0.554175 -0.832400 0.927593 0.863014
  37 0.880000 -1.900000 0.810001 0.000000 0.346980 -0.937872 0.927593 0.868885
  37 0.710000 -1.850000 0.830001 0.000000 0.554175 -0.832400 0.909980 0.863014
knife_butterfly.bmp
  37 0.710000 -1.850000 0.830001 0.000000 0.554175 -0.832400 0.909980 0.863014
  37 0.880000 -1.900000 0.810001 0.000000 0.346980 -0.937872 0.927593 0.868885
  37 0.710000 -1.900000 0.810001 0.000000 0.346980 -0.937872 0.909980 0.868885
knife_butterfly.bmp
  37 0.880000 -1.900000 0.810001 0.000000 0.346980 -0.937872 0.927593 0.868885
  37 0.710000 -1.950000 0.810001 0.000000 0.204453 -0.978876 0.909980 0.874755
  37 0.710000 -1.900000 0.810001 0.000000 0.346980 -0.937872 0.909980 0.868885
knife_butterfly.bmp
  40 1.100001 -1.288561 0.708154 -0.000002 -0.273396 0.961902 0.870841 0.812133
  40 1.100001 -1.458561 0.678155 -0.000002 -0.152357 0.988326 0.870841 0.831703
  40 1.260001 -1.288561 0.708155 -0.000002 -0.273396 0.961902 0.853229 0.812133
knife_butterfly.bmp
  40 1.260001 -1.288561 0.708155 -0.000002 -0.273396 0.961902 0.853229 0.812133
  40 1.100001 -1.458561 0.678155 -0.000002 -0.152357 0.988326 0.870841 0.831703
  40 1.260001 -1.458561 0.658155 -0.000002 -0.152357 0.988326 0.853229 0.831703
knife_butterfly.bmp
  40 1.100001 -1.458561 0.678155 -0.000002 -0.152357 0.988326 0.870841 0.831703
  40 1.100001 -1.628561 0.658155 -0.000002 -0.050019 0.998748 0.870841 0.849315
  40 1.260001 -1.458561 0.658155 -0.000002 -0.152357 0.988326 0.853229 0.831703
knife_butterfly.bmp
  40 1.260001 -1.458561 0.658155 -0.000002 -0.152357 0.988326 0.853229 0.831703
  40 1.100001 -1.628561 0.658155 -0.000002 -0.050019 0.998748 0.870841 0.849315
  40 1.260001 -1.628561 0.658156 -0.000002 -0.050019 0.998748 0.853229 0.849315
knife_butterfly.bmp
  40 1.100001 -1.628561 0.658155 -0.000002 -0.050019 0.998748 0.870841 0.849315
  40 1.100001 -1.798561 0.658156 -0.000002 0.010349 0.999946 0.870841 0.866928
  40 1.260001 -1.628561 0.658156 -0.000002 -0.050019 0.998748 0.853229 0.849315
knife_butterfly.bmp
  40 1.260001 -1.628561 0.658156 -0.000002 -0.050019 0.998748 0.853229 0.849315
  40 1.100001 -1.798561 0.658156 -0.000002 0.010349 0.999946 0.870841 0.866928
  40 1.250001 -1.798561 0.638156 -0.000002 0.010349 0.999946 0.853229 0.866928
knife_butterfly.bmp
  40 1.100001 -1.798561 0.658156 -0.000002 0.010349 0.999946 0.870841 0.866928
  40 1.100001 -1.938561 0.648156 -0.000002 0.115460 0.993312 0.870841 0.882583
  40 1.250001 -1.798561 0.638156 -0.000002 0.010349 0.999946 0.853229 0.866928
knife_butterfly.bmp
  40 1.250001 -1.798561 0.638156 -0.000002 0.010349 0.999946 0.853229 0.866928
  40 1.100001 -1.938561 0.648156 -0.000002 0.115460 0.993312 0.870841 0.882583
  40 1.260001 -1.948561 0.668156 -0.000002 0.115460 0.993312 0.853229 0.882583
knife_butterfly.bmp
  40 1.100001 -1.938561 0.648156 -0.000002 0.115460 0.993312 0.870841 0.882583
  40 1.260001 -1.988561 0.668157 -0.000003 0.200230 0.979749 0.853229 0.886497
  40 1.260001 -1.948561 0.668156 -0.000002 0.115460 0.993312 0.853229 0.882583
knife_butterfly.bmp
  40 0.890002 -2.188562 0.298156 0.000003 0.678980 -0.734157 0.908023 0.847358
  40 0.890002 -2.198562 0.258156 0.000003 0.762852 -0.646573 0.908023 0.853229
  40 0.730002 -2.188562 0.298156 0.000003 0.678980 -0.734157 0.890411 0.847358
knife_butterfly.bmp
  40 0.730002 -2.188562 0.298156 0.000003 0.678980 -0.734157 0.890411 0.847358
  40 0.890002 -2.198562 0.258156 0.000003 0.762852 -0.646573 0.908023 0.853229
  40 0.730002 -2.198562 0.258156 0.000003 0.762852 -0.646573 0.890411 0.853229
knife_butterfly.bmp
  40 0.890002 -2.198562 0.258156 0.000003 0.762852 -0.646573 0.908023 0.853229
  40 0.890002 -2.248562 0.228157 0.000003 0.678980 -0.734157 0.908023 0.857143
  40 0.730002 -2.198562 0.258156 0.000003 0.762852 -0.646573 0.890411 0.853229
knife_butterfly.bmp
  40 0.730002 -2.198562 0.258156 0.000003 0.762852 -0.646573 0.890411 0.853229
  40 0.890002 -2.248562 0.228157 0.000003 0.678980 -0.734157 0.908023 0.857143
  40 0.730002 -2.238562 0.218156 0.000003 0.678980 -0.734157 0.890411 0.857143
knife_butterfly.bmp
  40 0.890002 -2.248562 0.228157 0.000003 0.678980 -0.734157 0.908023 0.857143
  40 0.890002 -2.268562 0.188157 0.000005 0.568593 -0.822619 0.908023 0.864971
  40 0.730002 -2.238562 0.218156 0.000003 0.678980 -0.734157 0.890411 0.857143
knife_butterfly.bmp
  40 0.730002 -2.238562 0.218156 0.000003 0.678980 -0.734157 0.890411 0.857143
  40 0.890002 -2.268562 0.188157 0.000005 0.568593 -0.822619 0.908023 0.864971
  40 0.730002 -2.268562 0.188156 0.000005 0.568593 -0.822619 0.890411 0.864971
knife_butterfly.bmp
  40 0.890002 -2.268562 0.188157 0.000005 0.568593 -0.822619 0.908023 0.864971
  40 0.890002 -2.328562 0.158157 0.000004 0.363254 -0.931690 0.908023 0.870841
  40 0.730002 -2.268562 0.188156 0.000005 0.568593 -0.822619 0.890411 0.864971
knife_butterfly.bmp
  40 0.730002 -2.268562 0.188156 0.000005 0.568593 -0.822619 0.890411 0.864971
  40 0.890002 -2.328562 0.158157 0.000004 0.363254 -0.931690 0.908023 0.870841
  40 0.730002 -2.328562 0.158156 0.000004 0.363254 -0.931690 0.890411 0.870841
knife_butterfly.bmp
  40 0.890002 -2.328562 0.158157 0.000004 0.363254 -0.931690 0.908023 0.870841
  40 0.730002 -2.368562 0.148157 0.000001 0.221457 -0.975170 0.890411 0.874755
  40 0.730002 -2.328562 0.158156 0.000004 0.363254 -0.931690 0.890411 0.870841
knife_butterfly.bmp
  37 1.100000 -1.600000 1.320001 0.000000 0.245723 0.969340 0.986301 0.894325
  37 1.100000 -1.630000 1.330001 0.000000 0.245723 0.969340 0.986301 0.898239
  37 1.250000 -1.600000 1.320001 0.000000 0.245723 0.969340 0.968689 0.894325
knife_butterfly.bmp
  37 1.250000 -1.600000 1.320001 0.000000 0.245723 0.969340 0.968689 0.894325
  37 1.100000 -1.630000 1.330001 0.000000 0.245723 0.969340 0.986301 0.898239
  37 1.250000 -1.630000 1.330001 0.000000 0.245723 0.969340 0.968689 0.898239
knife_butterfly.bmp
  37 1.100000 -1.630000 1.330001 0.000000 0.245723 0.969340 0.986301 0.898239
  37 1.100000 -1.650000 1.340001 0.000000 0.245723 0.969340 0.986301 0.902153
  37 1.250000 -1.630000 1.330001 0.000000 0.245723 0.969340 0.968689 0.898239
knife_butterfly.bmp
  37 1.250000 -1.630000 1.330001 0.000000 0.245723 0.969340 0.968689 0.898239
  37 1.100000 -1.650000 1.340001 0.000000 0.245723 0.969340 0.986301 0.902153
  37 1.250000 -1.650000 1.340001 0.000000 0.245723 0.969340 0.968689 0.902153
knife_butterfly.bmp
  37 1.100000 -1.650000 1.340001 0.000000 0.245723 0.969340 0.986301 0.902153
  37 1.100000 -1.720000 1.350001 0.000000 0.305622 0.952153 0.986301 0.906067
  37 1.250000 -1.650000 1.340001 0.000000 0.245723 0.969340 0.968689 0.902153
knife_butterfly.bmp
  37 1.250000 -1.650000 1.340001 0.000000 0.245723 0.969340 0.968689 0.902153
  37 1.100000 -1.720000 1.350001 0.000000 0.305622 0.952153 0.986301 0.906067
  37 1.250000 -1.720000 1.350001 0.000000 0.305622 0.952153 0.968689 0.906067
knife_butterfly.bmp
  37 1.100000 -1.720000 1.350001 0.000000 0.305622 0.952153 0.986301 0.906067
  37 1.100000 -1.770000 1.370001 0.000000 0.370615 0.928787 0.986301 0.913894
  37 1.250000 -1.720000 1.350001 0.000000 0.305622 0.952153 0.968689 0.906067
knife_butterfly.bmp
  37 1.250000 -1.720000 1.350001 0.000000 0.305622 0.952153 0.968689 0.906067
  37 1.100000 -1.770000 1.370001 0.000000 0.370615 0.928787 0.986301 0.913894
  37 1.250000 -1.770000 1.370001 0.000000 0.370615 0.928787 0.968689 0.913894
knife_butterfly.bmp
  37 1.100000 -1.770000 1.370001 0.000000 0.370615 0.928787 0.986301 0.913894
  37 1.100000 -1.820000 1.390001 0.000000 0.370615 0.928787 0.986301 0.917808
  37 1.250000 -1.770000 1.370001 0.000000 0.370615 0.928787 0.968689 0.913894
knife_butterfly.bmp
  37 0.710000 -2.210000 0.860001 -0.289123 -0.450263 -0.844790 0.416830 0.968689
  37 0.710000 -2.250000 0.890001 -0.256208 -0.613193 -0.747229 0.420744 0.976517
  37 0.690000 -2.210000 0.870001 -0.674065 -0.352163 -0.649321 0.416830 0.968689
knife_butterfly.bmp
  37 0.690000 -2.210000 0.870001 -0.674065 -0.352163 -0.649321 0.416830 0.968689
  37 0.710000 -2.250000 0.890001 -0.256208 -0.613193 -0.747229 0.420744 0.976517
  37 0.690000 -2.250000 0.900001 -0.640983 -0.495291 -0.586368 0.420744 0.976517
knife_butterfly.bmp
  37 0.710000 -2.250000 0.890001 -0.256208 -0.613193 -0.747229 0.420744 0.976517
  37 0.710000 -2.300000 0.950001 -0.208997 -0.780376 -0.589350 0.426614 0.982387
  37 0.690000 -2.250000 0.900001 -0.640983 -0.495291 -0.586368 0.420744 0.976517
knife_butterfly.bmp
  37 0.690000 -2.250000 0.900001 -0.640983 -0.495291 -0.586368 0.420744 0.976517
  37 0.710000 -2.300000 0.950001 -0.208997 -0.780376 -0.589350 0.426614 0.982387
  37 0.690000 -2.300000 0.960001 -0.594085 -0.649759 -0.474211 0.428571 0.982387
knife_butterfly.bmp
  37 0.710000 -2.300000 0.950001 -0.208997 -0.780376 -0.589350 0.426614 0.982387
  37 0.710000 -2.340000 1.000001 -0.164341 -0.895157 -0.414351 0.434442 0.986301
  37 0.690000 -2.300000 0.960001 -0.594085 -0.649759 -0.474211 0.428571 0.982387
knife_butterfly.bmp
  37 0.690000 -2.300000 0.960001 -0.594085 -0.649759 -0.474211 0.428571 0.982387
  37 0.710000 -2.340000 1.000001 -0.164341 -0.895157 -0.414351 0.434442 0.986301
  37 0.690000 -2.340000 1.000001 -0.538306 -0.769362 -0.343960 0.436399 0.986301
knife_butterfly.bmp
  37 0.710000 -2.340000 1.000001 -0.164341 -0.895157 -0.414351 0.434442 0.986301
  37 0.710000 -2.380000 1.060001 -0.111443 -0.974362 -0.195448 0.442270 0.990215
  37 0.690000 -2.340000 1.000001 -0.538306 -0.769362 -0.343960 0.436399 0.986301
knife_butterfly.bmp
  37 0.690000 -2.340000 1.000001 -0.538306 -0.769362 -0.343960 0.436399 0.986301
  37 0.710000 -2.380000 1.060001 -0.111443 -0.974362 -0.195448 0.442270 0.990215
  37 0.690000 -2.380000 1.070001 -0.448602 -0.878716 -0.163139 0.444227 0.990215
knife_butterfly.bmp
  37 0.710000 -2.380000 1.060001 -0.111443 -0.974362 -0.195448 0.442270 0.990215
  37 0.710000 -2.380000 1.180002 0.000000 -0.988269 0.152723 0.457926 0.990215
  37 0.690000 -2.380000 1.070001 -0.448602 -0.878716 -0.163139 0.444227 0.990215
knife_butterfly.bmp
  37 0.690000 -2.130000 0.830001 -0.685190 -0.214917 -0.695935 0.412916 0.960861
  37 0.690000 -2.210000 0.870001 -0.674065 -0.352163 -0.649321 0.416830 0.968689
  37 0.690000 -2.130000 0.860001 -0.945229 -0.101691 -0.310164 0.416830 0.960861
knife_butterfly.bmp
  37 0.690000 -2.130000 0.860001 -0.945229 -0.101691 -0.310164 0.416830 0.960861
  37 0.690000 -2.210000 0.870001 -0.674065 -0.352163 -0.649321 0.416830 0.968689
  37 0.690000 -2.210000 0.890001 -0.936679 -0.173972 -0.303919 0.420744 0.968689
knife_butterfly.bmp
  37 0.690000 -2.210000 0.870001 -0.674065 -0.352163 -0.649321 0.416830 0.968689
  37 0.690000 -2.250000 0.900001 -0.640983 -0.495291 -0.586368 0.420744 0.976517
  37 0.690000 -2.210000 0.890001 -0.936679 -0.173972 -0.303919 0.420744 0.968689
knife_butterfly.bmp
  37 0.690000 -2.210000 0.890001 -0.936679 -0.173972 -0.303919 0.420744 0.968689
  37 0.690000 -2.250000 0.900001 -0.640983 -0.495291 -0.586368 0.420744 0.976517
  37 0.690000 -2.250000 0.930001 -0.914108 -0.278126 -0.295048 0.424658 0.976517
knife_butterfly.bmp
  37 0.690000 -2.250000 0.900001 -0.640983 -0.495291 -0.586368 0.420744 0.976517
  37 0.690000 -2.300000 0.960001 -0.594085 -0.649759 -0.474211 0.428571 0.982387
  37 0.690000 -2.250000 0.930001 -0.914108 -0.278126 -0.295048 0.424658 0.976517
knife_butterfly.bmp
  37 0.690000 -2.250000 0.930001 -0.914108 -0.278126 -0.295048 0.424658 0.976517
  37 0.690000 -2.300000 0.960001 -0.594085 -0.649759 -0.474211 0.428571 0.982387
  37 0.690000 -2.300000 0.990001 -0.864327 -0.427718 -0.264569 0.430528 0.982387
knife_butterfly.bmp
  37 0.690000 -2.300000 0.960001 -0.594085 -0.649759 -0.474211 0.428571 0.982387
  37 0.690000 -2.340000 1.000001 -0.538306 -0.769362 -0.343960 0.436399 0.986301
  37 0.690000 -2.300000 0.990001 -0.864327 -0.427718 -0.264569 0.430528 0.982387
knife_butterfly.bmp
  37 0.690000 -2.300000 0.990001 -0.864327 -0.427718 -0.264569 0.430528 0.982387
  37 0.690000 -2.340000 1.000001 -0.538306 -0.769362 -0.343960 0.436399 0.986301
  37 0.690000 -2.330000 1.020001 -0.793889 -0.571200 -0.208498 0.438356 0.986301
knife_butterfly.bmp
  37 0.690000 -2.340000 1.000001 -0.538306 -0.769362 -0.343960 0.436399 0.986301
  37 0.690000 -2.380000 1.070001 -0.448602 -0.878716 -0.163139 0.444227 0.990215
  37 0.690000 -2.330000 1.020001 -0.793889 -0.571200 -0.208498 0.438356 0.986301
knife_butterfly.bmp
  37 0.690000 -2.380000 1.180002 -1.000000 0.000000 0.000000 0.457926 0.988258
  37 0.690000 -2.330000 1.260001 -1.000000 0.000000 0.000000 0.465753 0.986301
  37 0.690000 -2.380000 1.100001 -1.000000 0.000000 0.000000 0.448141 0.988258
knife_butterfly.bmp
  37 0.690000 -2.380000 1.100001 -1.000000 0.000000 0.000000 0.448141 0.988258
  37 0.690000 -2.330000 1.260001 -1.000000 0.000000 0.000000 0.465753 0.986301
  37 0.690000 -2.330000 1.020001 -1.000000 0.000000 0.000000 0.438356 0.986301
knife_butterfly.bmp
  37 0.690000 -2.330000 1.260001 -1.000000 0.000000 0.000000 0.465753 0.986301
  37 0.690000 -2.310000 1.290001 -1.000000 0.000000 0.000000 0.469667 0.982387
  37 0.690000 -2.330000 1.020001 -1.000000 0.000000 0.000000 0.438356 0.986301
knife_butterfly.bmp
  37 0.690000 -2.330000 1.020001 -1.000000 0.000000 0.000000 0.438356 0.986301
  37 0.690000 -2.310000 1.290001 -1.000000 0.000000 0.000000 0.469667 0.982387
  37 0.690000 -2.300000 0.990001 -1.000000 0.000000 0.000000 0.430528 0.982387
knife_butterfly.bmp
  37 0.690000 -2.310000 1.290001 -1.000000 0.000000 0.000000 0.469667 0.982387
  37 0.690000 -2.280000 1.330001 -1.000000 0.000000 0.000000 0.473581 0.980431
  37 0.690000 -2.300000 0.990001 -1.000000 0.000000 0.000000 0.430528 0.982387
knife_butterfly.bmp
  37 0.690000 -2.300000 0.990001 -1.000000 0.000000 0.000000 0.430528 0.982387
  37 0.690000 -2.280000 1.330001 -1.000000 0.000000 0.000000 0.473581 0.980431
  37 0.690000 -2.250000 0.930001 -1.000000 0.000000 0.000000 0.424658 0.976517
knife_butterfly.bmp
  37 0.690000 -2.280000 1.330001 -1.000000 0.000000 0.000000 0.473581 0.980431
  37 0.690000 -2.250000 1.370001 -1.000000 0.000000 0.000000 0.479452 0.974560
  37 0.690000 -2.250000 0.930001 -1.000000 0.000000 0.000000 0.424658 0.976517
knife_butterfly.bmp
  37 0.690000 -2.250000 0.930001 -1.000000 0.000000 0.000000 0.424658 0.976517
  37 0.690000 -2.250000 1.370001 -1.000000 0.000000 0.000000 0.479452 0.974560
  37 0.690000 -2.180000 1.410001 -1.000000 0.000000 0.000000 0.483366 0.966732
knife_butterfly.bmp
  40 1.260001 -2.218561 0.438157 0.535003 -0.714573 -0.450729 0.767123 0.046967
  40 1.270001 -2.228561 0.468157 0.745613 -0.631926 -0.211496 0.767123 0.050881
  40 1.260001 -2.238561 0.468157 0.509797 -0.817000 -0.269478 0.765166 0.048924
knife_butterfly.bmp
  40 1.260001 -2.238561 0.468157 0.509797 -0.817000 -0.269478 0.765166 0.048924
  40 1.270001 -2.228561 0.468157 0.745613 -0.631926 -0.211496 0.767123 0.050881
  40 1.270001 -2.238561 0.478157 0.737991 -0.665956 -0.108958 0.767123 0.052838
knife_butterfly.bmp
  40 1.270001 -2.228561 0.468157 0.745613 -0.631926 -0.211496 0.767123 0.050881
  40 1.280001 -2.218561 0.478157 0.963250 -0.267198 -0.027472 0.767123 0.052838
  40 1.270001 -2.238561 0.478157 0.737991 -0.665956 -0.108958 0.767123 0.052838
knife_butterfly.bmp
  40 1.270001 -2.238561 0.478157 0.737991 -0.665956 -0.108958 0.767123 0.052838
  40 1.280001 -2.218561 0.478157 0.963250 -0.267198 -0.027472 0.767123 0.052838
  40 1.270001 -2.238561 0.508157 0.746123 -0.664890 0.034965 0.765166 0.056751
knife_butterfly.bmp
  40 1.280001 -2.218561 0.478157 0.963250 -0.267198 -0.027472 0.767123 0.052838
  40 1.280001 -2.218561 0.508157 0.977318 -0.211308 0.014079 0.767123 0.056751
  40 1.270001 -2.238561 0.508157 0.746123 -0.664890 0.034965 0.765166 0.056751
knife_butterfly.bmp
  40 1.270001 -2.238561 0.508157 0.746123 -0.664890 0.034965 0.765166 0.056751
  40 1.280001 -2.218561 0.508157 0.977318 -0.211308 0.014079 0.767123 0.056751
  40 1.280001 -2.218561 0.538157 0.978243 -0.188175 0.087355 0.769080 0.058708
knife_butterfly.bmp
  40 1.280001 -2.218561 0.508157 0.977318 -0.211308 0.014079 0.767123 0.056751
  40 1.280001 -2.218561 0.478157 0.963250 -0.267198 -0.027472 0.767123 0.052838
  40 1.280001 -2.218561 0.538157 0.978243 -0.188175 0.087355 0.769080 0.058708
knife_butterfly.bmp
  40 1.280001 -2.218561 0.538157 0.978243 -0.188175 0.087355 0.769080 0.058708
  40 1.280001 -2.218561 0.478157 0.963250 -0.267198 -0.027472 0.767123 0.052838
  40 1.280001 -2.178561 0.538157 0.976788 -0.032458 0.211733 0.772994 0.060665
knife_butterfly.bmp
  40 1.290001 -1.218561 0.548155 0.999988 0.004934 -0.000682 0.872798 0.056751
  40 1.280001 -1.308561 0.578155 0.976788 -0.032458 0.211733 0.863014 0.062622
  40 1.290001 -1.298561 0.518155 0.999988 0.004934 -0.000682 0.863014 0.054795
knife_butterfly.bmp
  40 1.290001 -1.218561 0.548155 0.999988 0.004934 -0.000682 0.872798 0.056751
  40 1.280001 -1.218561 0.608155 0.976788 -0.032458 0.211733 0.872798 0.062622
  40 1.280001 -1.308561 0.578155 0.976788 -0.032458 0.211733 0.863014 0.062622
knife_butterfly.bmp
  40 1.290001 -1.218561 0.548155 0.999988 0.004934 -0.000682 0.872798 0.056751
  40 1.280001 -1.198561 0.608155 0.976788 -0.032458 0.211733 0.874755 0.064579
  40 1.280001 -1.218561 0.608155 0.976788 -0.032458 0.211733 0.872798 0.062622
knife_butterfly.bmp
  40 1.290001 -1.218561 0.548155 0.999988 0.004934 -0.000682 0.872798 0.056751
  40 1.280001 -1.148561 0.588154 0.970782 0.197268 0.136630 0.878669 0.060665
  40 1.280001 -1.198561 0.608155 0.976788 -0.032458 0.211733 0.874755 0.064579
knife_butterfly.bmp
  40 1.290001 -1.218561 0.548155 0.999988 0.004934 -0.000682 0.872798 0.056751
  40 1.280001 -1.138561 0.568154 0.962876 0.267909 0.033088 0.880626 0.058708
  40 1.280001 -1.148561 0.588154 0.970782 0.197268 0.136630 0.878669 0.060665
knife_butterfly.bmp
  40 1.290001 -1.218561 0.548155 0.999988 0.004934 -0.000682 0.872798 0.056751
  40 1.280001 -1.158561 0.518154 0.969650 0.202883 -0.136446 0.878669 0.054795
  40 1.280001 -1.138561 0.568154 0.962876 0.267909 0.033088 0.880626 0.058708
knife_butterfly.bmp
  40 1.290001 -1.218561 0.548155 0.999988 0.004934 -0.000682 0.872798 0.056751
  40 1.280001 -1.208561 0.478155 0.975009 0.071599 -0.210313 0.872798 0.050881
  40 1.280001 -1.158561 0.518154 0.969650 0.202883 -0.136446 0.878669 0.054795
knife_butterfly.bmp
  40 1.290001 -1.218561 0.548155 0.999988 0.004934 -0.000682 0.872798 0.056751
  40 1.290001 -1.298561 0.518155 0.999988 0.004934 -0.000682 0.863014 0.054795
  40 1.280001 -1.208561 0.478155 0.975009 0.071599 -0.210313 0.872798 0.050881
knife_butterfly.bmp
  40 0.650001 -1.218561 0.538153 -0.999988 0.004937 -0.000682 0.874755 0.129159
  40 0.660001 -1.158561 0.568153 -0.970783 0.197262 0.136634 0.880626 0.125245
  40 0.660001 -1.148561 0.548153 -0.962876 0.267907 0.033092 0.882583 0.127202
knife_butterfly.bmp
  40 0.650001 -1.218561 0.538153 -0.999988 0.004937 -0.000682 0.874755 0.129159
  40 0.660001 -1.198561 0.608153 -0.975373 -0.040532 0.216806 0.876712 0.121331
  40 0.660001 -1.158561 0.568153 -0.970783 0.197262 0.136634 0.880626 0.125245
knife_butterfly.bmp
  40 0.650001 -1.218561 0.538153 -0.999988 0.004937 -0.000682 0.874755 0.129159
  40 0.660001 -1.218561 0.608153 -0.975373 -0.040532 0.216806 0.874755 0.123288
  40 0.660001 -1.198561 0.608153 -0.975373 -0.040532 0.216806 0.876712 0.121331
knife_butterfly.bmp
  40 0.650001 -1.218561 0.538153 -0.999988 0.004937 -0.000682 0.874755 0.129159
  40 0.660001 -1.308561 0.578154 -0.975373 -0.040532 0.216806 0.864971 0.123288
  40 0.660001 -1.218561 0.608153 -0.975373 -0.040532 0.216806 0.874755 0.123288
knife_butterfly.bmp
  40 0.650001 -1.218561 0.538153 -0.999988 0.004937 -0.000682 0.874755 0.129159
  40 0.650001 -1.298561 0.518154 -0.999988 0.004937 -0.000682 0.864971 0.131115
  40 0.660001 -1.308561 0.578154 -0.975373 -0.040532 0.216806 0.864971 0.123288
knife_butterfly.bmp
  40 0.650001 -1.218561 0.538153 -0.999988 0.004937 -0.000682 0.874755 0.129159
  40 0.660001 -1.208561 0.478153 -0.975010 0.071595 -0.210307 0.874755 0.135029
  40 0.650001 -1.298561 0.518154 -0.999988 0.004937 -0.000682 0.864971 0.131115
knife_butterfly.bmp
  40 0.650001 -1.218561 0.538153 -0.999988 0.004937 -0.000682 0.874755 0.129159
  40 0.660001 -1.158561 0.498153 -0.969649 0.202883 -0.136449 0.880626 0.133072
  40 0.660001 -1.208561 0.478153 -0.975010 0.071595 -0.210307 0.874755 0.135029
knife_butterfly.bmp
  40 0.650001 -1.218561 0.538153 -0.999988 0.004937 -0.000682 0.874755 0.129159
  40 0.660001 -1.148561 0.548153 -0.962876 0.267907 0.033092 0.882583 0.127202
  40 0.660001 -1.158561 0.498153 -0.969649 0.202883 -0.136449 0.880626 0.133072
knife_butterfly.bmp
  40 0.590001 -2.398561 0.438156 -0.900965 0.329257 -0.282582 0.590998 0.849315
  40 0.590001 -2.378561 0.458156 -0.900972 0.406036 -0.152921 0.590998 0.847358
  40 0.600001 -2.388561 0.438156 -0.683192 0.554137 -0.475585 0.590998 0.849315
knife_butterfly.bmp
  40 0.600001 -2.388561 0.438156 -0.683192 0.554137 -0.475585 0.590998 0.849315
  40 0.590001 -2.378561 0.458156 -0.900972 0.406036 -0.152921 0.590998 0.847358
  40 0.600001 -2.368561 0.458156 -0.683204 0.683368 -0.257374 0.590998 0.849315
knife_butterfly.bmp
  40 0.590001 -2.378561 0.458156 -0.900972 0.406036 -0.152921 0.590998 0.847358
  40 0.590001 -2.378561 0.468156 -0.900969 0.433857 -0.004829 0.590998 0.847358
  40 0.600001 -2.368561 0.458156 -0.683204 0.683368 -0.257374 0.590998 0.849315
knife_butterfly.bmp
  40 0.600001 -2.368561 0.458156 -0.683204 0.683368 -0.257374 0.590998 0.849315
  40 0.590001 -2.378561 0.468156 -0.900969 0.433857 -0.004829 0.590998 0.847358
  40 0.600001 -2.368561 0.468156 -0.683194 0.730191 -0.008131 0.592955 0.847358
knife_butterfly.bmp
  40 0.590001 -2.378561 0.468156 -0.900969 0.433857 -0.004829 0.590998 0.847358
  40 0.590001 -2.378561 0.478156 -0.900973 0.409337 0.143845 0.590998 0.845401
  40 0.600001 -2.368561 0.468156 -0.683194 0.730191 -0.008131 0.592955 0.847358
knife_butterfly.bmp
  40 0.600001 -2.368561 0.468156 -0.683194 0.730191 -0.008131 0.592955 0.847358
  40 0.590001 -2.378561 0.478156 -0.900973 0.409337 0.143845 0.590998 0.845401
  40 0.600001 -2.368561 0.488156 -0.683215 0.688919 0.242090 0.592955 0.845401
knife_butterfly.bmp
  40 0.590001 -2.378561 0.478156 -0.900973 0.409337 0.143845 0.590998 0.845401
  40 0.590001 -2.388561 0.498156 -0.900976 0.335441 0.275177 0.590998 0.845401
  40 0.600001 -2.368561 0.488156 -0.683215 0.688919 0.242090 0.592955 0.845401
knife_butterfly.bmp
  40 0.600001 -2.368561 0.488156 -0.683215 0.688919 0.242090 0.592955 0.845401
  40 0.590001 -2.388561 0.498156 -0.900976 0.335441 0.275177 0.590998 0.845401
  40 0.600001 -2.378561 0.508156 -0.683216 0.564562 0.463125 0.592955 0.843444
knife_butterfly.bmp
  39 1.038072 -1.659112 0.397267 0.225241 0.764478 -0.604019 0.275930 0.389432
  39 1.018072 -1.659112 0.397267 0.085727 0.789886 -0.607233 0.277886 0.391389
  39 1.038072 -1.619112 0.447266 0.232502 0.876847 -0.420811 0.275930 0.395303
knife_butterfly.bmp
  39 1.038072 -1.619112 0.447266 0.232502 0.876847 -0.420811 0.275930 0.395303
  39 1.018072 -1.659112 0.397267 0.085727 0.789886 -0.607233 0.277886 0.391389
  39 1.018072 -1.619112 0.447266 0.115215 0.896132 -0.428572 0.277886 0.397260
knife_butterfly.bmp
  39 1.018072 -1.659112 0.397267 0.085727 0.789886 -0.607233 0.277886 0.391389
  39 0.968072 -1.659112 0.397266 0.000001 0.784547 -0.620070 0.285714 0.391389
  39 1.018072 -1.619112 0.447266 0.115215 0.896132 -0.428572 0.277886 0.397260
knife_butterfly.bmp
  39 1.018072 -1.619112 0.447266 0.115215 0.896132 -0.428572 0.277886 0.397260
  39 0.968072 -1.659112 0.397266 0.000001 0.784547 -0.620070 0.285714 0.391389
  39 0.968072 -1.619112 0.447266 0.000001 0.901958 -0.431823 0.285714 0.397260
knife_butterfly.bmp
  39 0.968072 -1.659112 0.397266 0.000001 0.784547 -0.620070 0.285714 0.391389
  39 0.878072 -1.619112 0.427266 -0.115213 0.896132 -0.428572 0.293542 0.397260
  39 0.968072 -1.619112 0.447266 0.000001 0.901958 -0.431823 0.285714 0.397260
knife_butterfly.bmp
  39 0.968072 -1.619112 0.447266 0.000001 0.901958 -0.431823 0.285714 0.397260
  39 0.878072 -1.619112 0.427266 -0.115213 0.896132 -0.428572 0.293542 0.397260
  39 0.878072 -1.579112 0.587266 -0.116678 0.968317 -0.220792 0.293542 0.412916
knife_butterfly.bmp
  39 0.878072 -1.619112 0.427266 -0.115213 0.896132 -0.428572 0.293542 0.397260
  39 0.868072 -1.619112 0.427266 -0.232500 0.876847 -0.420812 0.295499 0.397260
  39 0.878072 -1.579112 0.587266 -0.116678 0.968317 -0.220792 0.293542 0.412916
knife_butterfly.bmp
  39 0.878072 -1.579112 0.587266 -0.116678 0.968317 -0.220792 0.293542 0.412916
  39 0.868072 -1.619112 0.427266 -0.232500 0.876847 -0.420812 0.295499 0.397260
  39 0.868072 -1.579112 0.607266 -0.228675 0.949144 -0.216409 0.295499 0.412916
knife_butterfly.bmp
  39 0.978071 -1.929110 1.367267 -0.000002 0.047322 0.998880 0.285714 0.536204
  39 0.878071 -2.069110 1.327267 -0.000006 -0.202389 0.979305 0.295499 0.551859
  39 0.978071 -2.069110 1.347267 -0.000006 -0.202389 0.979305 0.285714 0.551859
knife_butterfly.bmp
  39 0.978071 -1.929110 1.367267 -0.000002 0.047322 0.998880 0.285714 0.536204
  39 0.888071 -1.929110 1.357267 0.302499 0.003210 0.953144 0.295499 0.536204
  39 0.878071 -2.069110 1.327267 -0.000006 -0.202389 0.979305 0.295499 0.551859
knife_butterfly.bmp
  39 0.978071 -1.929110 1.367267 -0.000002 0.047322 0.998880 0.285714 0.536204
  39 0.878071 -1.769110 1.337266 0.065829 0.178828 0.981676 0.295499 0.520548
  39 0.888071 -1.929110 1.357267 0.302499 0.003210 0.953144 0.295499 0.536204
knife_butterfly.bmp
  39 0.978071 -1.929110 1.367267 -0.000002 0.047322 0.998880 0.285714 0.536204
  39 0.978071 -1.759110 1.327267 -0.000002 0.204501 0.978866 0.285714 0.518591
  39 0.878071 -1.769110 1.337266 0.065829 0.178828 0.981676 0.295499 0.520548
knife_butterfly.bmp
  39 0.978071 -1.929110 1.367267 -0.000002 0.047322 0.998880 0.285714 0.536204
  39 1.058071 -1.769110 1.337267 -0.065833 0.178828 0.981675 0.275930 0.520548
  39 0.978071 -1.759110 1.327267 -0.000002 0.204501 0.978866 0.285714 0.518591
knife_butterfly.bmp
  39 0.978071 -1.929110 1.367267 -0.000002 0.047322 0.998880 0.285714 0.536204
  39 1.058071 -1.929110 1.337267 -0.302503 0.003210 0.953143 0.275930 0.536204
  39 1.058071 -1.769110 1.337267 -0.065833 0.178828 0.981675 0.275930 0.520548
knife_butterfly.bmp
  39 0.978071 -1.929110 1.367267 -0.000002 0.047322 0.998880 0.285714 0.536204
  39 1.058071 -2.069110 1.347268 -0.000006 -0.202389 0.979305 0.275930 0.551859
  39 1.058071 -1.929110 1.337267 -0.302503 0.003210 0.953143 0.275930 0.536204
knife_butterfly.bmp
  39 0.978071 -1.929110 1.367267 -0.000002 0.047322 0.998880 0.285714 0.536204
  39 0.978071 -2.069110 1.347267 -0.000006 -0.202389 0.979305 0.285714 0.551859
  39 1.058071 -2.069110 1.347268 -0.000006 -0.202389 0.979305 0.275930 0.551859
knife_butterfly.bmp
  39 0.868074 -2.049114 -0.412733 -0.226732 0.921854 -0.314288 0.295499 0.272016
  39 0.898074 -2.049114 -0.422733 -0.111627 0.943593 -0.311724 0.293542 0.273973
  39 0.868074 -2.059114 -0.432733 -0.199998 0.875653 -0.439582 0.295499 0.272016
knife_butterfly.bmp
  39 0.868074 -2.059114 -0.432733 -0.199998 0.875653 -0.439582 0.295499 0.272016
  39 0.898074 -2.049114 -0.422733 -0.111627 0.943593 -0.311724 0.293542 0.273973
  39 0.898074 -2.049114 -0.432733 -0.116072 0.857987 -0.500386 0.293542 0.272016
knife_butterfly.bmp
  39 0.898074 -2.049114 -0.422733 -0.111627 0.943593 -0.311724 0.293542 0.273973
  39 0.968074 -2.049114 -0.432733 0.000001 0.863787 -0.503857 0.287671 0.272016
  39 0.898074 -2.049114 -0.432733 -0.116072 0.857987 -0.500386 0.293542 0.272016
knife_butterfly.bmp
  39 0.898074 -2.049114 -0.432733 -0.116072 0.857987 -0.500386 0.293542 0.272016
  39 0.968074 -2.049114 -0.432733 0.000001 0.863787 -0.503857 0.287671 0.272016
  39 0.968074 -2.069114 -0.452733 0.000001 0.739368 -0.673302 0.287671 0.270059
knife_butterfly.bmp
  39 0.968074 -2.049114 -0.432733 0.000001 0.863787 -0.503857 0.287671 0.272016
  39 0.998074 -2.049114 -0.432733 0.103064 0.847948 -0.519963 0.279843 0.272016
  39 0.968074 -2.069114 -0.452733 0.000001 0.739368 -0.673302 0.287671 0.270059
knife_butterfly.bmp
  39 0.968074 -2.069114 -0.452733 0.000001 0.739368 -0.673302 0.287671 0.270059
  39 0.998074 -2.049114 -0.432733 0.103064 0.847948 -0.519963 0.279843 0.272016
  39 0.998074 -2.069114 -0.452733 0.091553 0.757594 -0.646274 0.279843 0.270059
knife_butterfly.bmp
  39 0.998074 -2.049114 -0.432733 0.103064 0.847948 -0.519963 0.279843 0.272016
  39 1.028074 -2.059114 -0.432733 0.200000 0.875653 -0.439581 0.277886 0.272016
  39 0.998074 -2.069114 -0.452733 0.091553 0.757594 -0.646274 0.279843 0.270059
knife_butterfly.bmp
  39 0.998074 -2.069114 -0.452733 0.091553 0.757594 -0.646274 0.279843 0.270059
  39 1.028074 -2.059114 -0.432733 0.200000 0.875653 -0.439581 0.277886 0.272016
  39 1.028074 -2.069114 -0.442733 0.103064 0.847948 -0.519963 0.277886 0.270059
knife_butterfly.bmp
  37 1.100000 -2.380000 1.180002 -1.000000 0.000000 0.000000 0.561644 0.990215
  37 1.100000 -2.330000 1.290001 -1.000000 0.000000 0.000000 0.575342 0.986301
  37 1.100000 -2.380000 1.060001 -1.000000 0.000000 0.000000 0.547945 0.990215
knife_butterfly.bmp
  37 1.100000 -2.380000 1.060001 -1.000000 0.000000 0.000000 0.547945 0.990215
  37 1.100000 -2.330000 1.290001 -1.000000 0.000000 0.000000 0.575342 0.986301
  37 1.100000 -2.340000 1.000001 -1.000000 0.000000 0.000000 0.540117 0.986301
knife_butterfly.bmp
  37 1.100000 -2.330000 1.290001 -1.000000 0.000000 0.000000 0.575342 0.986301
  37 1.100000 -2.300000 1.320001 -1.000000 0.000000 0.000000 0.579256 0.982387
  37 1.100000 -2.340000 1.000001 -1.000000 0.000000 0.000000 0.540117 0.986301
knife_butterfly.bmp
  37 1.100000 -2.340000 1.000001 -1.000000 0.000000 0.000000 0.540117 0.986301
  37 1.100000 -2.300000 1.320001 -1.000000 0.000000 0.000000 0.579256 0.982387
  37 1.100000 -2.300000 0.950001 -1.000000 0.000000 0.000000 0.532290 0.982387
knife_butterfly.bmp
  37 1.100000 -2.300000 1.320001 -1.000000 0.000000 0.000000 0.579256 0.982387
  37 1.100000 -2.280000 1.360001 -1.000000 0.000000 0.000000 0.583170 0.980431
  37 1.100000 -2.300000 0.950001 -1.000000 0.000000 0.000000 0.532290 0.982387
knife_butterfly.bmp
  37 1.100000 -2.300000 0.950001 -1.000000 0.000000 0.000000 0.532290 0.982387
  37 1.100000 -2.280000 1.360001 -1.000000 0.000000 0.000000 0.583170 0.980431
  37 1.100000 -2.250000 0.890001 -1.000000 0.000000 0.000000 0.524462 0.976517
knife_butterfly.bmp
  37 1.100000 -2.280000 1.360001 -1.000000 0.000000 0.000000 0.583170 0.980431
  37 1.100000 -2.250000 1.410001 -1.000000 0.000000 0.000000 0.589041 0.974560
  37 1.100000 -2.250000 0.890001 -1.000000 0.000000 0.000000 0.524462 0.976517
knife_butterfly.bmp
  37 1.100000 -2.250000 0.890001 -1.000000 0.000000 0.000000 0.524462 0.976517
  37 1.100000 -2.250000 1.410001 -1.000000 0.000000 0.000000 0.589041 0.974560
  37 1.100000 -2.180000 1.450001 -1.000000 0.000000 0.000000 0.592955 0.964775
knife_butterfly.bmp
  40 0.600001 -2.388561 0.438156 0.000003 0.762852 -0.646573 0.585127 0.851272
  40 0.600001 -2.368561 0.458156 -0.000001 0.937453 -0.348113 0.587084 0.851272
  40 0.980001 -2.388561 0.428157 0.000003 0.762852 -0.646573 0.585127 0.872798
knife_butterfly.bmp
  40 0.980001 -2.388561 0.428157 0.000003 0.762852 -0.646573 0.585127 0.872798
  40 0.600001 -2.368561 0.458156 -0.000001 0.937453 -0.348113 0.587084 0.851272
  40 0.980001 -2.368561 0.458157 -0.000001 0.937453 -0.348113 0.587084 0.872798
knife_butterfly.bmp
  40 0.600001 -2.368561 0.458156 -0.000001 0.937453 -0.348113 0.587084 0.851272
  40 0.600001 -2.368561 0.468156 -0.000003 0.999979 -0.006493 0.589041 0.851272
  40 0.980001 -2.368561 0.458157 -0.000001 0.937453 -0.348113 0.587084 0.872798
knife_butterfly.bmp
  40 0.980001 -2.368561 0.458157 -0.000001 0.937453 -0.348113 0.587084 0.872798
  40 0.600001 -2.368561 0.468156 -0.000003 0.999979 -0.006493 0.589041 0.851272
  40 0.980001 -2.368561 0.468157 -0.000003 0.999979 -0.006493 0.587084 0.872798
knife_butterfly.bmp
  40 0.600001 -2.368561 0.468156 -0.000003 0.999979 -0.006493 0.589041 0.851272
  40 0.600001 -2.368561 0.488156 -0.000005 0.941892 0.335916 0.589041 0.851272
  40 0.980001 -2.368561 0.468157 -0.000003 0.999979 -0.006493 0.587084 0.872798
knife_butterfly.bmp
  40 0.980001 -2.368561 0.468157 -0.000003 0.999979 -0.006493 0.587084 0.872798
  40 0.600001 -2.368561 0.488156 -0.000005 0.941892 0.335916 0.589041 0.851272
  40 0.980001 -2.368561 0.488157 -0.000005 0.941892 0.335916 0.589041 0.872798
knife_butterfly.bmp
  40 0.600001 -2.368561 0.488156 -0.000005 0.941892 0.335916 0.589041 0.851272
  40 0.600001 -2.378561 0.508156 -0.000004 0.770196 0.637807 0.590998 0.851272
  40 0.980001 -2.368561 0.488157 -0.000005 0.941892 0.335916 0.589041 0.872798
knife_butterfly.bmp
  40 0.980001 -2.368561 0.488157 -0.000005 0.941892 0.335916 0.589041 0.872798
  40 0.600001 -2.378561 0.508156 -0.000004 0.770196 0.637807 0.590998 0.851272
  40 0.980001 -2.378561 0.508157 -0.000004 0.770196 0.637807 0.590998 0.872798
knife_butterfly.bmp
  37 0.880000 -2.380000 1.180002 0.000000 -0.988269 0.152723 0.929550 0.994129
  37 0.880000 -2.330000 1.290001 0.000000 -0.890915 0.454170 0.929550 0.982387
  37 0.710000 -2.380000 1.180002 0.000000 -0.988269 0.152723 0.947162 0.994129
knife_butterfly.bmp
  37 0.710000 -2.380000 1.180002 0.000000 -0.988269 0.152723 0.947162 0.994129
  37 0.880000 -2.330000 1.290001 0.000000 -0.890915 0.454170 0.929550 0.982387
  37 0.710000 -2.330000 1.290001 0.000000 -0.890915 0.454170 0.947162 0.982387
knife_butterfly.bmp
  37 0.880000 -2.330000 1.290001 0.000000 -0.890915 0.454170 0.929550 0.982387
  37 0.880000 -2.300000 1.320001 0.000000 -0.822151 0.569269 0.929550 0.978474
  37 0.710000 -2.330000 1.290001 0.000000 -0.890915 0.454170 0.947162 0.982387
knife_butterfly.bmp
  37 0.710000 -2.330000 1.290001 0.000000 -0.890915 0.454170 0.947162 0.982387
  37 0.880000 -2.300000 1.320001 0.000000 -0.822151 0.569269 0.929550 0.978474
  37 0.710000 -2.300000 1.320001 0.000000 -0.822151 0.569269 0.947162 0.978474
knife_butterfly.bmp
  37 0.880000 -2.300000 1.320001 0.000000 -0.822151 0.569269 0.929550 0.978474
  37 0.880000 -2.280000 1.360001 0.000000 -0.751409 0.659837 0.929550 0.974560
  37 0.710000 -2.300000 1.320001 0.000000 -0.822151 0.569269 0.947162 0.978474
knife_butterfly.bmp
  37 0.710000 -2.300000 1.320001 0.000000 -0.822151 0.569269 0.947162 0.978474
  37 0.880000 -2.280000 1.360001 0.000000 -0.751409 0.659837 0.929550 0.974560
  37 0.710000 -2.280000 1.360001 0.000000 -0.751409 0.659837 0.947162 0.974560
knife_butterfly.bmp
  37 0.880000 -2.280000 1.360001 0.000000 -0.751409 0.659837 0.929550 0.974560
  37 0.710000 -2.250000 1.410001 0.000000 -0.584485 0.811404 0.947162 0.966732
  37 0.710000 -2.280000 1.360001 0.000000 -0.751409 0.659837 0.947162 0.974560
knife_butterfly.bmp
  37 0.880000 -2.380000 1.060001 1.000000 0.000000 0.000000 0.547945 0.990215
  37 0.880000 -2.340000 1.000001 1.000000 0.000000 0.000000 0.540117 0.986301
  37 0.880000 -2.330000 1.290001 1.000000 0.000000 0.000000 0.575342 0.986301
knife_butterfly.bmp
  37 0.880000 -2.330000 1.290001 1.000000 0.000000 0.000000 0.575342 0.986301
  37 0.880000 -2.340000 1.000001 1.000000 0.000000 0.000000 0.540117 0.986301
  37 0.880000 -2.300000 1.320001 1.000000 0.000000 0.000000 0.579256 0.982387
knife_butterfly.bmp
  37 0.880000 -2.340000 1.000001 1.000000 0.000000 0.000000 0.540117 0.986301
  37 0.880000 -2.300000 0.950001 1.000000 0.000000 0.000000 0.532290 0.982387
  37 0.880000 -2.300000 1.320001 1.000000 0.000000 0.000000 0.579256 0.982387
knife_butterfly.bmp
  37 0.880000 -2.300000 1.320001 1.000000 0.000000 0.000000 0.579256 0.982387
  37 0.880000 -2.300000 0.950001 1.000000 0.000000 0.000000 0.532290 0.982387
  37 0.880000 -2.280000 1.360001 1.000000 0.000000 0.000000 0.583170 0.980431
knife_butterfly.bmp
  37 0.880000 -2.300000 0.950001 1.000000 0.000000 0.000000 0.532290 0.982387
  37 0.880000 -2.250000 0.890001 1.000000 0.000000 0.000000 0.524462 0.976517
  37 0.880000 -2.280000 1.360001 1.000000 0.000000 0.000000 0.583170 0.980431
knife_butterfly.bmp
  37 0.880000 -2.280000 1.360001 1.000000 0.000000 0.000000 0.583170 0.980431
  37 0.880000 -2.250000 0.890001 1.000000 0.000000 0.000000 0.524462 0.976517
  37 0.880000 -2.250000 1.410001 1.000000 0.000000 0.000000 0.589041 0.974560
knife_butterfly.bmp
  37 0.880000 -2.250000 0.890001 1.000000 0.000000 0.000000 0.524462 0.976517
  37 0.880000 -2.180000 1.450001 1.000000 0.000000 0.000000 0.592955 0.964775
  37 0.880000 -2.250000 1.410001 1.000000 0.000000 0.000000 0.589041 0.974560
knife_butterfly.bmp
  40 0.680001 -2.238561 0.448156 -0.509776 -0.817014 -0.269475 0.767123 0.133072
  40 0.670001 -2.238561 0.478156 -0.737985 -0.665962 -0.108960 0.767123 0.129159
  40 0.670001 -2.228561 0.468156 -0.745606 -0.631935 -0.211494 0.769080 0.133072
knife_butterfly.bmp
  40 0.670001 -2.228561 0.468156 -0.745606 -0.631935 -0.211494 0.769080 0.133072
  40 0.670001 -2.238561 0.478156 -0.737985 -0.665962 -0.108960 0.767123 0.129159
  40 0.660001 -2.218561 0.478156 -0.963248 -0.267205 -0.027474 0.769080 0.129159
knife_butterfly.bmp
  40 0.670001 -2.238561 0.478156 -0.737985 -0.665962 -0.108960 0.767123 0.129159
  40 0.670001 -2.238561 0.508156 -0.746114 -0.664899 0.034969 0.767123 0.125245
  40 0.660001 -2.218561 0.478156 -0.963248 -0.267205 -0.027474 0.769080 0.129159
knife_butterfly.bmp
  40 0.660001 -2.218561 0.478156 -0.963248 -0.267205 -0.027474 0.769080 0.129159
  40 0.670001 -2.238561 0.508156 -0.746114 -0.664899 0.034969 0.767123 0.125245
  40 0.660001 -2.218561 0.508156 -0.977322 -0.211291 0.014080 0.769080 0.125245
knife_butterfly.bmp
  40 0.670001 -2.238561 0.508156 -0.746114 -0.664899 0.034969 0.767123 0.125245
  40 0.660001 -2.218561 0.538156 -0.978241 -0.188180 0.087361 0.771037 0.123288
  40 0.660001 -2.218561 0.508156 -0.977322 -0.211291 0.014080 0.769080 0.125245
knife_butterfly.bmp
  40 0.660001 -2.218561 0.508156 -0.977322 -0.211291 0.014080 0.769080 0.125245
  40 0.660001 -2.218561 0.538156 -0.978241 -0.188180 0.087361 0.771037 0.123288
  40 0.660001 -2.218561 0.478156 -0.963248 -0.267205 -0.027474 0.769080 0.129159
knife_butterfly.bmp
  40 0.660001 -2.218561 0.538156 -0.978241 -0.188180 0.087361 0.771037 0.123288
  40 0.660001 -2.178561 0.558156 -0.975373 -0.040532 0.216806 0.774951 0.121331
  40 0.660001 -2.218561 0.478156 -0.963248 -0.267205 -0.027474 0.769080 0.129159
knife_butterfly.bmp
  40 1.240001 -0.858561 0.408154 0.158375 0.080178 -0.984118 0.853229 0.708415
  40 1.260002 -1.028562 0.378154 0.158375 0.080178 -0.984118 0.853229 0.724070
  40 1.080001 -0.858562 0.388153 0.000002 0.083225 -0.996531 0.835616 0.708415
knife_butterfly.bmp
  40 1.080001 -0.858562 0.388153 0.000002 0.083225 -0.996531 0.835616 0.708415
  40 1.260002 -1.028562 0.378154 0.158375 0.080178 -0.984118 0.853229 0.724070
  40 1.080001 -1.028562 0.398154 0.000002 0.083225 -0.996531 0.835616 0.724070
knife_butterfly.bmp
  40 1.260002 -1.028562 0.378154 0.158375 0.080178 -0.984118 0.853229 0.724070
  40 1.260002 -1.188562 0.378155 0.158375 0.080178 -0.984118 0.853229 0.741683
  40 1.080001 -1.028562 0.398154 0.000002 0.083225 -0.996531 0.835616 0.724070
knife_butterfly.bmp
  40 1.080001 -1.028562 0.398154 0.000002 0.083225 -0.996531 0.835616 0.724070
  40 1.260002 -1.188562 0.378155 0.158375 0.080178 -0.984118 0.853229 0.741683
  40 1.100002 -1.188562 0.358154 0.000002 0.083225 -0.996531 0.835616 0.741683
knife_butterfly.bmp
  40 1.260002 -1.188562 0.378155 0.158375 0.080178 -0.984118 0.853229 0.741683
  40 1.260002 -1.288562 0.368155 0.158653 0.130648 -0.978652 0.853229 0.753425
  40 1.100002 -1.188562 0.358154 0.000002 0.083225 -0.996531 0.835616 0.741683
knife_butterfly.bmp
  40 1.100002 -1.188562 0.358154 0.000002 0.083225 -0.996531 0.835616 0.741683
  40 1.260002 -1.288562 0.368155 0.158653 0.130648 -0.978652 0.853229 0.753425
  40 1.100002 -1.288562 0.368154 0.000003 0.129508 -0.991578 0.835616 0.753425
knife_butterfly.bmp
  40 1.260002 -1.288562 0.368155 0.158653 0.130648 -0.978652 0.853229 0.753425
  40 1.100002 -1.508562 0.338155 0.000003 0.129508 -0.991578 0.835616 0.774951
  40 1.100002 -1.288562 0.368154 0.000003 0.129508 -0.991578 0.835616 0.753425
knife_butterfly.bmp
  40 1.330001 -2.388561 0.438158 0.683240 0.554103 -0.475556 0.589041 0.894325
  40 1.330001 -2.368561 0.458158 0.683202 0.683374 -0.257360 0.590998 0.894325
  40 1.350001 -2.378561 0.458158 0.900972 0.406037 -0.152917 0.589041 0.894325
knife_butterfly.bmp
  40 1.350001 -2.378561 0.458158 0.900972 0.406037 -0.152917 0.589041 0.894325
  40 1.330001 -2.368561 0.458158 0.683202 0.683374 -0.257360 0.590998 0.894325
  40 1.350001 -2.378561 0.468158 0.900973 0.433848 -0.004823 0.590998 0.896282
knife_butterfly.bmp
  40 1.330001 -2.368561 0.458158 0.683202 0.683374 -0.257360 0.590998 0.894325
  40 1.330001 -2.368561 0.468158 0.683215 0.730172 -0.008124 0.590998 0.894325
  40 1.350001 -2.378561 0.468158 0.900973 0.433848 -0.004823 0.590998 0.896282
knife_butterfly.bmp
  40 1.350001 -2.378561 0.468158 0.900973 0.433848 -0.004823 0.590998 0.896282
  40 1.330001 -2.368561 0.468158 0.683215 0.730172 -0.008124 0.590998 0.894325
  40 1.350001 -2.378561 0.478158 0.900975 0.409328 0.143855 0.590998 0.896282
knife_butterfly.bmp
  40 1.330001 -2.368561 0.468158 0.683215 0.730172 -0.008124 0.590998 0.894325
  40 1.330001 -2.368561 0.488158 0.683217 0.688912 0.242107 0.590998 0.896282
  40 1.350001 -2.378561 0.478158 0.900975 0.409328 0.143855 0.590998 0.896282
knife_butterfly.bmp
  40 1.350001 -2.378561 0.478158 0.900975 0.409328 0.143855 0.590998 0.896282
  40 1.330001 -2.368561 0.488158 0.683217 0.688912 0.242107 0.590998 0.896282
  40 1.350001 -2.388561 0.498158 0.900978 0.335441 0.275168 0.590998 0.898239
knife_butterfly.bmp
  40 1.330001 -2.368561 0.488158 0.683217 0.688912 0.242107 0.590998 0.896282
  40 1.330001 -2.378561 0.508158 0.683223 0.564556 0.463123 0.590998 0.898239
  40 1.350001 -2.388561 0.498158 0.900978 0.335441 0.275168 0.590998 0.898239
knife_butterfly.bmp
  39 1.068072 -1.689111 0.837267 1.000000 0.000000 0.000002 0.084149 0.033268
  39 1.068072 -1.679112 0.827267 1.000000 0.000000 0.000002 0.086106 0.033268
  39 1.068072 -1.689111 0.837267 1.000000 0.000000 0.000002 0.084149 0.033268
knife_butterfly.bmp
  39 1.068072 -1.689111 0.837267 1.000000 0.000000 0.000002 0.084149 0.033268
  39 1.068072 -1.679112 0.827267 1.000000 0.000000 0.000002 0.086106 0.033268
  39 1.068072 -1.679111 0.857267 1.000000 0.000000 0.000002 0.082192 0.033268
knife_butterfly.bmp
  39 1.068072 -1.679112 0.827267 1.000000 0.000000 0.000002 0.086106 0.033268
  39 1.068072 -1.659112 0.817267 1.000000 0.000000 0.000002 0.086106 0.029354
  39 1.068072 -1.679111 0.857267 1.000000 0.000000 0.000002 0.082192 0.033268
knife_butterfly.bmp
  39 1.068072 -1.679111 0.857267 1.000000 0.000000 0.000002 0.082192 0.033268
  39 1.068072 -1.659112 0.817267 1.000000 0.000000 0.000002 0.086106 0.029354
  39 1.058072 -1.649111 0.867267 1.000000 0.000000 0.000002 0.082192 0.029354
knife_butterfly.bmp
  39 1.068072 -1.659112 0.817267 1.000000 0.000000 0.000002 0.086106 0.029354
  39 1.068072 -1.659111 0.837267 1.000000 0.000000 0.000002 0.084149 0.029354
  39 1.058072 -1.649111 0.867267 1.000000 0.000000 0.000002 0.082192 0.029354
knife_butterfly.bmp
  39 1.058072 -1.649111 0.867267 1.000000 0.000000 0.000002 0.082192 0.029354
  39 1.068072 -1.659111 0.837267 1.000000 0.000000 0.000002 0.084149 0.029354
  39 1.068072 -1.639111 0.857267 1.000000 0.000000 0.000002 0.082192 0.029354
knife_butterfly.bmp
  39 1.068072 -1.659111 0.837267 1.000000 0.000000 0.000002 0.084149 0.029354
  39 1.068072 -1.629111 0.847267 1.000000 0.000000 0.000002 0.084149 0.027397
  39 1.068072 -1.639111 0.857267 1.000000 0.000000 0.000002 0.082192 0.029354
knife_butterfly.bmp
  39 1.058071 -1.469111 1.167266 1.000000 0.000000 0.000002 0.228963 0.011742
  39 1.038071 -1.519111 1.087266 1.000000 0.000000 0.000002 0.213307 0.019569
  39 1.038071 -1.399111 1.107266 1.000000 0.000000 0.000002 0.213307 0.001957
knife_butterfly.bmp
  39 1.038071 -1.399111 1.107266 1.000000 0.000000 0.000002 0.213307 0.001957
  39 1.038071 -1.519111 1.087266 1.000000 0.000000 0.000002 0.213307 0.019569
  39 1.048072 -1.469111 0.877266 1.000000 0.000000 0.000002 0.183953 0.015656
knife_butterfly.bmp
  39 1.038071 -1.519111 1.087266 1.000000 0.000000 0.000002 0.213307 0.019569
  39 1.038071 -1.569111 0.927266 1.000000 0.000000 0.000002 0.187867 0.029354
  39 1.048072 -1.469111 0.877266 1.000000 0.000000 0.000002 0.183953 0.015656
knife_butterfly.bmp
  39 1.048072 -1.469111 0.877266 1.000000 0.000000 0.000002 0.183953 0.015656
  39 1.038071 -1.569111 0.927266 1.000000 0.000000 0.000002 0.187867 0.029354
  39 1.058072 -1.459112 0.827266 1.000000 0.000000 0.000002 0.176125 0.013699
knife_butterfly.bmp
  39 1.038071 -1.569111 0.927266 1.000000 0.000000 0.000002 0.187867 0.029354
  39 1.058072 -1.579111 0.847266 1.000000 0.000000 0.000002 0.178082 0.031311
  39 1.058072 -1.459112 0.827266 1.000000 0.000000 0.000002 0.176125 0.013699
knife_butterfly.bmp
  39 1.058072 -1.459112 0.827266 1.000000 0.000000 0.000002 0.176125 0.013699
  39 1.058072 -1.579111 0.847266 1.000000 0.000000 0.000002 0.178082 0.031311
  39 1.058072 -1.499112 0.797266 1.000000 0.000000 0.000002 0.174168 0.017613
knife_butterfly.bmp
  39 1.058072 -1.579111 0.847266 1.000000 0.000000 0.000002 0.178082 0.031311
  39 1.058072 -1.529112 0.787266 1.000000 0.000000 0.000002 0.170254 0.021526
  39 1.058072 -1.499112 0.797266 1.000000 0.000000 0.000002 0.174168 0.017613
knife_butterfly.bmp
  39 0.878072 -1.629112 0.827266 -1.000000 0.000000 -0.000002 0.084149 0.027397
  39 0.878072 -1.659112 0.817266 -1.000000 0.000000 -0.000002 0.084149 0.029354
  39 0.878072 -1.639112 0.837266 -1.000000 0.000000 -0.000002 0.082192 0.029354
knife_butterfly.bmp
  39 0.878072 -1.639112 0.837266 -1.000000 0.000000 -0.000002 0.082192 0.029354
  39 0.878072 -1.659112 0.817266 -1.000000 0.000000 -0.000002 0.084149 0.029354
  39 0.878072 -1.649111 0.847266 -1.000000 0.000000 -0.000002 0.082192 0.029354
knife_butterfly.bmp
  39 0.878072 -1.659112 0.817266 -1.000000 0.000000 -0.000002 0.084149 0.029354
  39 0.878072 -1.659112 0.797266 -1.000000 0.000000 -0.000002 0.086106 0.029354
  39 0.878072 -1.649111 0.847266 -1.000000 0.000000 -0.000002 0.082192 0.029354
knife_butterfly.bmp
  39 0.878072 -1.649111 0.847266 -1.000000 0.000000 -0.000002 0.082192 0.029354
  39 0.878072 -1.659112 0.797266 -1.000000 0.000000 -0.000002 0.086106 0.029354
  39 0.878072 -1.679111 0.847266 -1.000000 0.000000 -0.000002 0.082192 0.033268
knife_butterfly.bmp
  39 0.878072 -1.659112 0.797266 -1.000000 0.000000 -0.000002 0.086106 0.029354
  39 0.878072 -1.679112 0.807266 -1.000000 0.000000 -0.000002 0.086106 0.033268
  39 0.878072 -1.679111 0.847266 -1.000000 0.000000 -0.000002 0.082192 0.033268
knife_butterfly.bmp
  39 0.878072 -1.679111 0.847266 -1.000000 0.000000 -0.000002 0.082192 0.033268
  39 0.878072 -1.679112 0.807266 -1.000000 0.000000 -0.000002 0.086106 0.033268
  39 0.878072 -1.689111 0.837266 -1.000000 0.000000 -0.000002 0.084149 0.033268
knife_butterfly.bmp
  39 0.878072 -1.679112 0.807266 -1.000000 0.000000 -0.000002 0.086106 0.033268
  39 0.878072 -1.689111 0.837266 -1.000000 0.000000 -0.000002 0.084149 0.033268
  39 0.878072 -1.689111 0.837266 -1.000000 0.000000 -0.000002 0.084149 0.033268
knife_butterfly.bmp
  39 0.878073 -2.359113 0.347268 0.000002 0.202366 -0.979310 0.297456 0.146771
  39 0.938073 -2.239113 0.367268 -0.000039 0.380207 -0.924901 0.291585 0.156556
  39 0.938073 -2.359113 0.347268 0.000002 0.202366 -0.979310 0.291585 0.146771
knife_butterfly.bmp
  39 0.938073 -2.359113 0.347268 0.000002 0.202366 -0.979310 0.291585 0.146771
  39 0.938073 -2.239113 0.367268 -0.000039 0.380207 -0.924901 0.291585 0.156556
  39 0.978073 -2.359113 0.337268 0.000002 0.202366 -0.979310 0.287671 0.146771
knife_butterfly.bmp
  39 0.938073 -2.239113 0.367268 -0.000039 0.380207 -0.924901 0.291585 0.156556
  39 0.978073 -2.239113 0.367268 -0.000039 0.380207 -0.924901 0.287671 0.156556
  39 0.978073 -2.359113 0.337268 0.000002 0.202366 -0.979310 0.287671 0.146771
knife_butterfly.bmp
  39 0.978073 -2.359113 0.337268 0.000002 0.202366 -0.979310 0.287671 0.146771
  39 0.978073 -2.239113 0.367268 -0.000039 0.380207 -0.924901 0.287671 0.156556
  39 0.998073 -2.239113 0.367268 -0.000039 0.380207 -0.924901 0.281800 0.156556
knife_butterfly.bmp
  39 0.978073 -2.239113 0.367268 -0.000039 0.380207 -0.924901 0.287671 0.156556
  39 0.988072 -2.139112 0.427268 0.000002 0.525101 -0.851040 0.281800 0.168297
  39 0.998073 -2.239113 0.367268 -0.000039 0.380207 -0.924901 0.281800 0.156556
knife_butterfly.bmp
  39 0.998073 -2.239113 0.367268 -0.000039 0.380207 -0.924901 0.281800 0.156556
  39 0.988072 -2.139112 0.427268 0.000002 0.525101 -0.851040 0.281800 0.168297
  39 1.058073 -2.239113 0.367268 -0.000039 0.380207 -0.924901 0.277886 0.156556
knife_butterfly.bmp
  39 0.988072 -2.139112 0.427268 0.000002 0.525101 -0.851040 0.281800 0.168297
  39 1.038072 -2.139112 0.427268 0.000002 0.525101 -0.851040 0.277886 0.168297
  39 1.058073 -2.239113 0.367268 -0.000039 0.380207 -0.924901 0.277886 0.156556
knife_butterfly.bmp
  39 0.978073 -2.109113 0.387267 -0.000001 -0.925690 0.378283 0.287671 0.174168
  39 0.968072 -2.109112 0.397267 0.000001 -0.929293 -0.369344 0.287671 0.172211
  39 0.908072 -2.109112 0.397267 0.000001 -0.929293 -0.369344 0.293542 0.172211
knife_butterfly.bmp
  39 0.908072 -2.109112 0.397267 0.000001 -0.929293 -0.369344 0.293542 0.172211
  39 0.968072 -2.109112 0.397267 0.000001 -0.929293 -0.369344 0.287671 0.172211
  39 0.908072 -2.109112 0.417267 0.000004 -0.746931 -0.664901 0.293542 0.170254
knife_butterfly.bmp
  39 0.968072 -2.109112 0.397267 0.000001 -0.929293 -0.369344 0.287671 0.172211
  39 0.968072 -2.109112 0.417267 0.000004 -0.746931 -0.664901 0.287671 0.170254
  39 0.908072 -2.109112 0.417267 0.000004 -0.746931 -0.664901 0.293542 0.170254
knife_butterfly.bmp
  39 0.908072 -2.109112 0.417267 0.000004 -0.746931 -0.664901 0.293542 0.170254
  39 0.968072 -2.109112 0.417267 0.000004 -0.746931 -0.664901 0.287671 0.170254
  39 0.908072 -2.119112 0.417267 -0.000212 -0.510690 -0.859765 0.291585 0.170254
knife_butterfly.bmp
  39 0.968072 -2.109112 0.417267 0.000004 -0.746931 -0.664901 0.287671 0.170254
  39 0.968072 -2.119112 0.417267 -0.000212 -0.510690 -0.859765 0.287671 0.170254
  39 0.908072 -2.119112 0.417267 -0.000212 -0.510690 -0.859765 0.291585 0.170254
knife_butterfly.bmp
  39 0.908072 -2.119112 0.417267 -0.000212 -0.510690 -0.859765 0.291585 0.170254
  39 0.968072 -2.119112 0.417267 -0.000212 -0.510690 -0.859765 0.287671 0.170254
  39 0.918072 -2.139112 0.427267 0.000030 -0.370015 -0.929026 0.291585 0.168297
knife_butterfly.bmp
  39 0.968072 -2.119112 0.417267 -0.000212 -0.510690 -0.859765 0.287671 0.170254
  39 0.968072 -2.139112 0.427268 0.000030 -0.370015 -0.929026 0.287671 0.168297
  39 0.918072 -2.139112 0.427267 0.000030 -0.370015 -0.929026 0.291585 0.168297
knife_butterfly.bmp
  39 0.878072 -1.459111 0.847266 -1.000000 0.000000 -0.000002 0.176125 0.013699
  39 0.858071 -1.569111 0.927266 -1.000000 0.000000 -0.000002 0.187867 0.029354
  39 0.868071 -1.469111 0.897266 -1.000000 0.000000 -0.000002 0.183953 0.015656
knife_butterfly.bmp
  39 0.868071 -1.469111 0.897266 -1.000000 0.000000 -0.000002 0.183953 0.015656
  39 0.858071 -1.569111 0.927266 -1.000000 0.000000 -0.000002 0.187867 0.029354
  39 0.858071 -1.519111 1.107266 -1.000000 0.000000 -0.000002 0.213307 0.019569
knife_butterfly.bmp
  39 0.858071 -1.569111 0.927266 -1.000000 0.000000 -0.000002 0.187867 0.029354
  39 0.878071 -1.609111 1.137266 -1.000000 0.000000 -0.000002 0.217221 0.033268
  39 0.858071 -1.519111 1.107266 -1.000000 0.000000 -0.000002 0.213307 0.019569
knife_butterfly.bmp
  39 0.858071 -1.519111 1.107266 -1.000000 0.000000 -0.000002 0.213307 0.019569
  39 0.878071 -1.609111 1.137266 -1.000000 0.000000 -0.000002 0.217221 0.033268
  39 0.878071 -1.589111 1.187266 -1.000000 0.000000 -0.000002 0.230920 0.027397
knife_butterfly.bmp
  39 0.878071 -1.609111 1.137266 -1.000000 0.000000 -0.000002 0.217221 0.033268
  39 0.878071 -1.689111 1.187266 -1.000000 0.000000 -0.000002 0.232877 0.043053
  39 0.878071 -1.589111 1.187266 -1.000000 0.000000 -0.000002 0.230920 0.027397
knife_butterfly.bmp
  39 0.878071 -1.589111 1.187266 -1.000000 0.000000 -0.000002 0.230920 0.027397
  39 0.878071 -1.689111 1.187266 -1.000000 0.000000 -0.000002 0.232877 0.043053
  39 0.878071 -1.649111 1.277266 -1.000000 0.000000 -0.000002 0.244618 0.041096
knife_butterfly.bmp
  39 0.878071 -1.689111 1.187266 -1.000000 0.000000 -0.000002 0.232877 0.043053
  39 0.878071 -1.769110 1.337266 -1.000000 0.000000 -0.000002 0.250489 0.056751
  39 0.878071 -1.649111 1.277266 -1.000000 0.000000 -0.000002 0.244618 0.041096
knife_butterfly.bmp
  37 1.250000 -2.250000 1.410001 0.000000 -0.584485 0.811404 0.968689 0.966732
  37 1.100000 -2.280000 1.360001 0.000000 -0.751409 0.659837 0.986301 0.972603
  37 1.250000 -2.280000 1.360001 0.000000 -0.751409 0.659837 0.968689 0.972603
knife_butterfly.bmp
  37 1.250000 -2.280000 1.360001 0.000000 -0.751409 0.659837 0.968689 0.972603
  37 1.100000 -2.280000 1.360001 0.000000 -0.751409 0.659837 0.986301 0.972603
  37 1.250000 -2.300000 1.320001 0.000000 -0.822151 0.569269 0.968689 0.978474
knife_butterfly.bmp
  37 1.100000 -2.280000 1.360001 0.000000 -0.751409 0.659837 0.986301 0.972603
  37 1.100000 -2.300000 1.320001 0.000000 -0.822151 0.569269 0.986301 0.978474
  37 1.250000 -2.300000 1.320001 0.000000 -0.822151 0.569269 0.968689 0.978474
knife_butterfly.bmp
  37 1.250000 -2.300000 1.320001 0.000000 -0.822151 0.569269 0.968689 0.978474
  37 1.100000 -2.300000 1.320001 0.000000 -0.822151 0.569269 0.986301 0.978474
  37 1.250000 -2.330000 1.290001 0.000000 -0.890915 0.454170 0.968689 0.982387
knife_butterfly.bmp
  37 1.100000 -2.300000 1.320001 0.000000 -0.822151 0.569269 0.986301 0.978474
  37 1.100000 -2.330000 1.290001 0.000000 -0.890915 0.454170 0.986301 0.982387
  37 1.250000 -2.330000 1.290001 0.000000 -0.890915 0.454170 0.968689 0.982387
knife_butterfly.bmp
  37 1.250000 -2.330000 1.290001 0.000000 -0.890915 0.454170 0.968689 0.982387
  37 1.100000 -2.330000 1.290001 0.000000 -0.890915 0.454170 0.986301 0.982387
  37 1.250000 -2.380000 1.180002 0.000000 -0.988269 0.152723 0.968689 0.994129
knife_butterfly.bmp
  37 1.100000 -2.330000 1.290001 0.000000 -0.890915 0.454170 0.986301 0.982387
  37 1.100000 -2.380000 1.180002 0.000000 -0.988269 0.152723 0.986301 0.994129
  37 1.250000 -2.380000 1.180002 0.000000 -0.988269 0.152723 0.968689 0.994129
knife_butterfly.bmp
  39 0.968072 -2.139112 0.427268 0.000030 -0.370015 -0.929026 0.287671 0.168297
  39 0.968072 -2.119112 0.417267 -0.000212 -0.510690 -0.859765 0.287671 0.170254
  39 0.988072 -2.139112 0.427268 0.000030 -0.370015 -0.929026 0.281800 0.168297
knife_butterfly.bmp
  39 0.988072 -2.139112 0.427268 0.000030 -0.370015 -0.929026 0.281800 0.168297
  39 0.968072 -2.119112 0.417267 -0.000212 -0.510690 -0.859765 0.287671 0.170254
  39 0.988072 -2.119112 0.417267 -0.000212 -0.510690 -0.859765 0.281800 0.170254
knife_butterfly.bmp
  39 0.968072 -2.119112 0.417267 -0.000212 -0.510690 -0.859765 0.287671 0.170254
  39 0.968072 -2.109112 0.417267 0.000004 -0.746931 -0.664901 0.287671 0.170254
  39 0.988072 -2.119112 0.417267 -0.000212 -0.510690 -0.859765 0.281800 0.170254
knife_butterfly.bmp
  39 0.988072 -2.119112 0.417267 -0.000212 -0.510690 -0.859765 0.281800 0.170254
  39 0.968072 -2.109112 0.417267 0.000004 -0.746931 -0.664901 0.287671 0.170254
  39 0.988072 -2.109112 0.417267 0.000004 -0.746931 -0.664901 0.281800 0.170254
knife_butterfly.bmp
  39 0.968072 -2.109112 0.417267 0.000004 -0.746931 -0.664901 0.287671 0.170254
  39 0.968072 -2.109112 0.397267 0.000001 -0.929293 -0.369344 0.287671 0.172211
  39 0.988072 -2.109112 0.417267 0.000004 -0.746931 -0.664901 0.281800 0.170254
knife_butterfly.bmp
  39 0.988072 -2.109112 0.417267 0.000004 -0.746931 -0.664901 0.281800 0.170254
  39 0.968072 -2.109112 0.397267 0.000001 -0.929293 -0.369344 0.287671 0.172211
  39 0.998072 -2.109112 0.397267 0.000001 -0.929293 -0.369344 0.281800 0.172211
knife_butterfly.bmp
  39 0.968072 -2.109112 0.397267 0.000001 -0.929293 -0.369344 0.287671 0.172211
  39 0.978073 -2.109113 0.387267 -0.000001 -0.925690 0.378283 0.287671 0.174168
  39 0.998072 -2.109112 0.397267 0.000001 -0.929293 -0.369344 0.281800 0.172211
knife_butterfly.bmp
  37 1.280000 -2.380000 1.100001 1.000000 0.000000 0.000000 0.448141 0.988258
  37 1.280000 -2.330000 1.020001 1.000000 0.000000 0.000000 0.440313 0.986301
  37 1.280000 -2.330000 1.260001 1.000000 0.000000 0.000000 0.467710 0.986301
knife_butterfly.bmp
  37 1.280000 -2.330000 1.260001 1.000000 0.000000 0.000000 0.467710 0.986301
  37 1.280000 -2.330000 1.020001 1.000000 0.000000 0.000000 0.440313 0.986301
  37 1.280000 -2.310000 1.290001 1.000000 0.000000 0.000000 0.471624 0.982387
knife_butterfly.bmp
  37 1.280000 -2.330000 1.020001 1.000000 0.000000 0.000000 0.440313 0.986301
  37 1.280000 -2.300000 0.990001 1.000000 0.000000 0.000000 0.432485 0.982387
  37 1.280000 -2.310000 1.290001 1.000000 0.000000 0.000000 0.471624 0.982387
knife_butterfly.bmp
  37 1.280000 -2.310000 1.290001 1.000000 0.000000 0.000000 0.471624 0.982387
  37 1.280000 -2.300000 0.990001 1.000000 0.000000 0.000000 0.432485 0.982387
  37 1.280000 -2.280000 1.330001 1.000000 0.000000 0.000000 0.475538 0.980431
knife_butterfly.bmp
  37 1.280000 -2.300000 0.990001 1.000000 0.000000 0.000000 0.432485 0.982387
  37 1.280000 -2.250000 0.930001 1.000000 0.000000 0.000000 0.426614 0.976517
  37 1.280000 -2.280000 1.330001 1.000000 0.000000 0.000000 0.475538 0.980431
knife_butterfly.bmp
  37 1.280000 -2.280000 1.330001 1.000000 0.000000 0.000000 0.475538 0.980431
  37 1.280000 -2.250000 0.930001 1.000000 0.000000 0.000000 0.426614 0.976517
  37 1.280000 -2.250000 1.370001 1.000000 0.000000 0.000000 0.481409 0.974560
knife_butterfly.bmp
  37 1.280000 -2.250000 0.930001 1.000000 0.000000 0.000000 0.426614 0.976517
  37 1.280000 -2.180000 1.410001 1.000000 0.000000 0.000000 0.485323 0.966732
  37 1.280000 -2.250000 1.370001 1.000000 0.000000 0.000000 0.481409 0.974560
knife_butterfly.bmp
  37 0.630000 -2.000000 1.120001 -1.000000 0.000000 0.000000 0.508806 0.772994
  37 0.630000 -2.000000 1.110001 -1.000000 0.000000 0.000000 0.508806 0.772994
  37 0.630000 -2.000000 1.150001 -1.000000 0.000000 0.000000 0.508806 0.772994
knife_butterfly.bmp
  37 0.630000 -2.000000 1.150001 -1.000000 0.000000 0.000000 0.508806 0.772994
  37 0.630000 -2.000000 1.110001 -1.000000 0.000000 0.000000 0.508806 0.772994
  37 0.630000 -2.000000 1.170001 -1.000000 0.000000 0.000000 0.508806 0.771037
knife_butterfly.bmp
  37 0.630000 -2.000000 1.110001 -1.000000 0.000000 0.000000 0.508806 0.772994
  37 0.630000 -2.000000 1.090001 -1.000000 0.000000 0.000000 0.506849 0.772994
  37 0.630000 -2.000000 1.170001 -1.000000 0.000000 0.000000 0.508806 0.771037
knife_butterfly.bmp
  37 0.630000 -2.000000 1.170001 -1.000000 0.000000 0.000000 0.508806 0.771037
  37 0.630000 -2.000000 1.090001 -1.000000 0.000000 0.000000 0.506849 0.772994
  37 0.630000 -2.040000 1.160001 -1.000000 0.000000 0.000000 0.506849 0.771037
knife_butterfly.bmp
  37 0.630000 -2.000000 1.090001 -1.000000 0.000000 0.000000 0.506849 0.772994
  37 0.630000 -2.040000 1.120001 -1.000000 0.000000 0.000000 0.506849 0.772994
  37 0.630000 -2.040000 1.160001 -1.000000 0.000000 0.000000 0.506849 0.771037
knife_butterfly.bmp
  37 0.630000 -2.040000 1.160001 -1.000000 0.000000 0.000000 0.506849 0.771037
  37 0.630000 -2.040000 1.120001 -1.000000 0.000000 0.000000 0.506849 0.772994
  37 0.630000 -2.050000 1.140001 -1.000000 0.000000 0.000000 0.506849 0.771037
knife_butterfly.bmp
  37 0.630000 -2.040000 1.120001 -1.000000 0.000000 0.000000 0.506849 0.772994
  37 0.630000 -2.050000 1.130001 -1.000000 0.000000 0.000000 0.506849 0.771037
  37 0.630000 -2.050000 1.140001 -1.000000 0.000000 0.000000 0.506849 0.771037
knife_butterfly.bmp
  37 1.330000 -2.050000 1.130001 1.000000 0.000000 0.000000 0.506849 0.835616
  37 1.330000 -2.040000 1.120001 1.000000 0.000000 0.000000 0.506849 0.833659
  37 1.330000 -2.050000 1.140001 1.000000 0.000000 0.000000 0.506849 0.835616
knife_butterfly.bmp
  37 1.330000 -2.050000 1.140001 1.000000 0.000000 0.000000 0.506849 0.835616
  37 1.330000 -2.040000 1.120001 1.000000 0.000000 0.000000 0.506849 0.833659
  37 1.330000 -2.040000 1.160001 1.000000 0.000000 0.000000 0.508806 0.835616
knife_butterfly.bmp
  37 1.330000 -2.040000 1.120001 1.000000 0.000000 0.000000 0.506849 0.833659
  37 1.330000 -2.000000 1.090001 1.000000 0.000000 0.000000 0.508806 0.833659
  37 1.330000 -2.040000 1.160001 1.000000 0.000000 0.000000 0.508806 0.835616
knife_butterfly.bmp
  37 1.330000 -2.040000 1.160001 1.000000 0.000000 0.000000 0.508806 0.835616
  37 1.330000 -2.000000 1.090001 1.000000 0.000000 0.000000 0.508806 0.833659
  37 1.330000 -2.000000 1.170001 1.000000 0.000000 0.000000 0.510763 0.835616
knife_butterfly.bmp
  37 1.330000 -2.000000 1.090001 1.000000 0.000000 0.000000 0.508806 0.833659
  37 1.330000 -2.000000 1.110001 1.000000 0.000000 0.000000 0.508806 0.833659
  37 1.330000 -2.000000 1.170001 1.000000 0.000000 0.000000 0.510763 0.835616
knife_butterfly.bmp
  37 1.330000 -2.000000 1.170001 1.000000 0.000000 0.000000 0.510763 0.835616
  37 1.330000 -2.000000 1.110001 1.000000 0.000000 0.000000 0.508806 0.833659
  37 1.330000 -2.000000 1.150001 1.000000 0.000000 0.000000 0.510763 0.833659
knife_butterfly.bmp
  37 1.330000 -2.000000 1.110001 1.000000 0.000000 0.000000 0.508806 0.833659
  37 1.330000 -2.000000 1.120001 1.000000 0.000000 0.000000 0.508806 0.833659
  37 1.330000 -2.000000 1.150001 1.000000 0.000000 0.000000 0.510763 0.833659
knife_butterfly.bmp
  40 0.690001 -1.028561 0.708153 0.000001 0.494379 -0.869246 0.763209 0.301370
  40 0.690001 -0.988561 0.728153 0.000004 0.363254 -0.931690 0.763209 0.299413
  40 0.890001 -1.028561 0.688153 0.000001 0.494379 -0.869246 0.776908 0.301370
knife_butterfly.bmp
  40 0.890001 -1.028561 0.688153 0.000001 0.494379 -0.869246 0.776908 0.301370
  40 0.690001 -0.988561 0.728153 0.000004 0.363254 -0.931690 0.763209 0.299413
  40 0.890001 -0.988561 0.708153 0.000004 0.363254 -0.931690 0.776908 0.299413
knife_butterfly.bmp
  40 0.690001 -0.988561 0.728153 0.000004 0.363254 -0.931690 0.763209 0.299413
  40 0.690001 -0.988561 0.728153 0.000002 0.167278 -0.985910 0.763209 0.299413
  40 0.890001 -0.988561 0.708153 0.000004 0.363254 -0.931690 0.776908 0.299413
knife_butterfly.bmp
  40 0.890001 -0.988561 0.708153 0.000004 0.363254 -0.931690 0.776908 0.299413
  40 0.690001 -0.988561 0.728153 0.000002 0.167278 -0.985910 0.763209 0.299413
  40 0.890001 -0.988561 0.708153 0.000002 0.167278 -0.985910 0.776908 0.299413
knife_butterfly.bmp
  40 0.690001 -0.988561 0.728153 0.000002 0.167278 -0.985910 0.763209 0.299413
  40 0.690001 -0.948561 0.728153 0.000004 -0.180040 -0.983659 0.763209 0.297456
  40 0.890001 -0.988561 0.708153 0.000002 0.167278 -0.985910 0.776908 0.299413
knife_butterfly.bmp
  40 0.890001 -0.988561 0.708153 0.000002 0.167278 -0.985910 0.776908 0.299413
  40 0.690001 -0.948561 0.728153 0.000004 -0.180040 -0.983659 0.763209 0.297456
  40 0.890001 -0.948561 0.708153 0.000004 -0.180040 -0.983659 0.776908 0.297456
knife_butterfly.bmp
  40 0.690001 -0.948561 0.728153 0.000004 -0.180040 -0.983659 0.763209 0.297456
  40 0.890001 -0.918561 0.708153 0.000005 -0.505610 -0.862762 0.776908 0.293542
  40 0.890001 -0.948561 0.708153 0.000004 -0.180040 -0.983659 0.776908 0.297456
knife_butterfly.bmp
  40 0.870001 -1.008561 0.498153 -0.000005 0.505615 0.862759 0.776908 0.270059
  40 0.870001 -0.998561 0.498153 -0.000004 0.337644 0.941274 0.776908 0.270059
  40 0.670001 -0.998561 0.518153 -0.000004 0.337644 0.941274 0.763209 0.270059
knife_butterfly.bmp
  40 0.670001 -0.998561 0.518153 -0.000004 0.337644 0.941274 0.763209 0.270059
  40 0.870001 -0.998561 0.498153 -0.000004 0.337644 0.941274 0.776908 0.270059
  40 0.670001 -0.968561 0.508153 -0.000003 0.200230 0.979749 0.763209 0.272016
knife_butterfly.bmp
  40 0.870001 -0.998561 0.498153 -0.000004 0.337644 0.941274 0.776908 0.270059
  40 0.870001 -0.968561 0.488153 -0.000003 0.200230 0.979749 0.776908 0.272016
  40 0.670001 -0.968561 0.508153 -0.000003 0.200230 0.979749 0.763209 0.272016
knife_butterfly.bmp
  40 0.670001 -0.968561 0.508153 -0.000003 0.200230 0.979749 0.763209 0.272016
  40 0.870001 -0.968561 0.488153 -0.000003 0.200230 0.979749 0.776908 0.272016
  40 0.670001 -0.928561 0.508153 -0.000002 -0.152357 0.988326 0.763209 0.275930
knife_butterfly.bmp
  40 0.870001 -0.968561 0.488153 -0.000003 0.200230 0.979749 0.776908 0.272016
  40 0.870001 -0.938561 0.488153 -0.000002 -0.152357 0.988326 0.776908 0.275930
  40 0.670001 -0.928561 0.508153 -0.000002 -0.152357 0.988326 0.763209 0.275930
knife_butterfly.bmp
  40 0.670001 -0.928561 0.508153 -0.000002 -0.152357 0.988326 0.763209 0.275930
  40 0.870001 -0.938561 0.488153 -0.000002 -0.152357 0.988326 0.776908 0.275930
  40 0.670001 -0.898561 0.518153 -0.000002 -0.494373 0.869250 0.763209 0.277886
knife_butterfly.bmp
  40 0.870001 -0.938561 0.488153 -0.000002 -0.152357 0.988326 0.776908 0.275930
  40 0.870001 -0.898561 0.518153 -0.000002 -0.494373 0.869250 0.776908 0.277886
  40 0.670001 -0.898561 0.518153 -0.000002 -0.494373 0.869250 0.763209 0.277886
knife_butterfly.bmp
  40 1.080001 -0.898561 0.518153 -0.000002 -0.494373 0.869250 0.780822 0.281800
  40 1.080001 -0.928561 0.508154 -0.000002 -0.152357 0.988326 0.780822 0.279843
  40 1.280001 -0.898561 0.518154 -0.000002 -0.494373 0.869250 0.796477 0.281800
knife_butterfly.bmp
  40 1.280001 -0.898561 0.518154 -0.000002 -0.494373 0.869250 0.796477 0.281800
  40 1.080001 -0.928561 0.508154 -0.000002 -0.152357 0.988326 0.780822 0.279843
  40 1.280001 -0.928561 0.508154 -0.000002 -0.152357 0.988326 0.796477 0.279843
knife_butterfly.bmp
  40 1.080001 -0.928561 0.508154 -0.000002 -0.152357 0.988326 0.780822 0.279843
  40 1.080001 -0.968561 0.508154 -0.000003 0.200230 0.979749 0.780822 0.275930
  40 1.280001 -0.928561 0.508154 -0.000002 -0.152357 0.988326 0.796477 0.279843
knife_butterfly.bmp
  40 1.280001 -0.928561 0.508154 -0.000002 -0.152357 0.988326 0.796477 0.279843
  40 1.080001 -0.968561 0.508154 -0.000003 0.200230 0.979749 0.780822 0.275930
  40 1.280001 -0.968561 0.498154 -0.000003 0.200230 0.979749 0.796477 0.275930
knife_butterfly.bmp
  40 1.080001 -0.968561 0.508154 -0.000003 0.200230 0.979749 0.780822 0.275930
  40 1.080001 -0.998561 0.518154 -0.000004 0.337644 0.941274 0.780822 0.275930
  40 1.280001 -0.968561 0.498154 -0.000003 0.200230 0.979749 0.796477 0.275930
knife_butterfly.bmp
  40 1.280001 -0.968561 0.498154 -0.000003 0.200230 0.979749 0.796477 0.275930
  40 1.080001 -0.998561 0.518154 -0.000004 0.337644 0.941274 0.780822 0.275930
  40 1.280001 -0.998561 0.498154 -0.000004 0.337644 0.941274 0.796477 0.275930
knife_butterfly.bmp
  40 1.080001 -0.998561 0.518154 -0.000004 0.337644 0.941274 0.780822 0.275930
  40 1.080001 -1.008561 0.518154 -0.000005 0.505615 0.862759 0.780822 0.273973
  40 1.280001 -0.998561 0.498154 -0.000004 0.337644 0.941274 0.796477 0.275930
knife_butterfly.bmp
  40 1.330001 -2.378561 0.508158 -0.000004 0.770196 0.637807 0.590998 0.892368
  40 1.330001 -2.368561 0.488158 -0.000005 0.941892 0.335916 0.589041 0.892368
  40 0.980001 -2.368561 0.488157 -0.000005 0.941892 0.335916 0.589041 0.872798
knife_butterfly.bmp
  40 0.980001 -2.368561 0.488157 -0.000005 0.941892 0.335916 0.589041 0.872798
  40 1.330001 -2.368561 0.488158 -0.000005 0.941892 0.335916 0.589041 0.892368
  40 0.980001 -2.368561 0.468157 -0.000003 0.999979 -0.006493 0.587084 0.872798
knife_butterfly.bmp
  40 1.330001 -2.368561 0.488158 -0.000005 0.941892 0.335916 0.589041 0.892368
  40 1.330001 -2.368561 0.468158 -0.000003 0.999979 -0.006493 0.587084 0.892368
  40 0.980001 -2.368561 0.468157 -0.000003 0.999979 -0.006493 0.587084 0.872798
knife_butterfly.bmp
  40 0.980001 -2.368561 0.468157 -0.000003 0.999979 -0.006493 0.587084 0.872798
  40 1.330001 -2.368561 0.468158 -0.000003 0.999979 -0.006493 0.587084 0.892368
  40 0.980001 -2.368561 0.458157 -0.000001 0.937453 -0.348113 0.587084 0.872798
knife_butterfly.bmp
  40 1.330001 -2.368561 0.468158 -0.000003 0.999979 -0.006493 0.587084 0.892368
  40 1.330001 -2.368561 0.458158 -0.000001 0.937453 -0.348113 0.587084 0.892368
  40 0.980001 -2.368561 0.458157 -0.000001 0.937453 -0.348113 0.587084 0.872798
knife_butterfly.bmp
  40 0.980001 -2.368561 0.458157 -0.000001 0.937453 -0.348113 0.587084 0.872798
  40 1.330001 -2.368561 0.458158 -0.000001 0.937453 -0.348113 0.587084 0.892368
  40 0.980001 -2.388561 0.428157 0.000003 0.762852 -0.646573 0.585127 0.872798
knife_butterfly.bmp
  40 1.330001 -2.368561 0.458158 -0.000001 0.937453 -0.348113 0.587084 0.892368
  40 1.330001 -2.388561 0.438158 0.000003 0.762852 -0.646573 0.585127 0.892368
  40 0.980001 -2.388561 0.428157 0.000003 0.762852 -0.646573 0.585127 0.872798
knife_butterfly.bmp
  40 0.890002 -1.508562 0.338155 0.000003 0.129508 -0.991578 0.908023 0.774951
  40 0.730002 -1.288562 0.368154 -0.158662 0.130652 -0.978650 0.890411 0.751468
  40 0.890002 -1.288562 0.368154 0.000003 0.129508 -0.991578 0.908023 0.751468
knife_butterfly.bmp
  40 0.890002 -1.288562 0.368154 0.000003 0.129508 -0.991578 0.908023 0.751468
  40 0.730002 -1.288562 0.368154 -0.158662 0.130652 -0.978650 0.890411 0.751468
  40 0.880002 -1.188562 0.378154 0.000002 0.083225 -0.996531 0.908023 0.741683
knife_butterfly.bmp
  40 0.730002 -1.288562 0.368154 -0.158662 0.130652 -0.978650 0.890411 0.751468
  40 0.730002 -1.188562 0.378153 -0.158375 0.080176 -0.984118 0.890411 0.741683
  40 0.880002 -1.188562 0.378154 0.000002 0.083225 -0.996531 0.908023 0.741683
knife_butterfly.bmp
  40 0.880002 -1.188562 0.378154 0.000002 0.083225 -0.996531 0.908023 0.741683
  40 0.730002 -1.188562 0.378153 -0.158375 0.080176 -0.984118 0.890411 0.741683
  40 0.870002 -1.028562 0.388153 0.000002 0.083225 -0.996531 0.908023 0.724070
knife_butterfly.bmp
  40 0.730002 -1.188562 0.378153 -0.158375 0.080176 -0.984118 0.890411 0.741683
  40 0.720001 -1.028562 0.398153 -0.158375 0.080176 -0.984118 0.890411 0.724070
  40 0.870002 -1.028562 0.388153 0.000002 0.083225 -0.996531 0.908023 0.724070
knife_butterfly.bmp
  40 0.870002 -1.028562 0.388153 0.000002 0.083225 -0.996531 0.908023 0.724070
  40 0.720001 -1.028562 0.398153 -0.158375 0.080176 -0.984118 0.890411 0.724070
  40 0.870001 -0.858561 0.408153 0.000002 0.083225 -0.996531 0.908023 0.706458
knife_butterfly.bmp
  40 0.720001 -1.028562 0.398153 -0.158375 0.080176 -0.984118 0.890411 0.724070
  40 0.710001 -0.858561 0.408153 -0.158375 0.080176 -0.984118 0.890411 0.706458
  40 0.870001 -0.858561 0.408153 0.000002 0.083225 -0.996531 0.908023 0.706458
knife_butterfly.bmp
  37 0.880000 -1.110000 1.320001 -0.000002 -0.073491 0.997296 0.929550 0.841487
  37 0.710000 -1.200000 1.320001 0.000000 -0.014673 0.999892 0.947162 0.851272
  37 0.880000 -1.200000 1.320001 0.000000 -0.014673 0.999892 0.929550 0.851272
knife_butterfly.bmp
  37 0.880000 -1.200000 1.320001 0.000000 -0.014673 0.999892 0.929550 0.851272
  37 0.710000 -1.200000 1.320001 0.000000 -0.014673 0.999892 0.947162 0.851272
  37 0.880000 -1.360000 1.320001 -0.000002 0.027761 0.999615 0.929550 0.868885
knife_butterfly.bmp
  37 0.710000 -1.200000 1.320001 0.000000 -0.014673 0.999892 0.947162 0.851272
  37 0.710000 -1.360000 1.320001 -0.000002 0.027761 0.999615 0.947162 0.868885
  37 0.880000 -1.360000 1.320001 -0.000002 0.027761 0.999615 0.929550 0.868885
knife_butterfly.bmp
  37 0.880000 -1.360000 1.320001 -0.000002 0.027761 0.999615 0.929550 0.868885
  37 0.710000 -1.360000 1.320001 -0.000002 0.027761 0.999615 0.947162 0.868885
  37 0.880000 -1.520000 1.330001 -0.000006 0.132740 0.991151 0.929550 0.884540
knife_butterfly.bmp
  37 0.710000 -1.360000 1.320001 -0.000002 0.027761 0.999615 0.947162 0.868885
  37 0.710000 -1.520000 1.330001 -0.000006 0.132740 0.991151 0.947162 0.884540
  37 0.880000 -1.520000 1.330001 -0.000006 0.132740 0.991151 0.929550 0.884540
knife_butterfly.bmp
  37 0.880000 -1.520000 1.330001 -0.000006 0.132740 0.991151 0.929550 0.884540
  37 0.710000 -1.520000 1.330001 -0.000006 0.132740 0.991151 0.947162 0.884540
  37 0.710000 -1.540000 1.330001 0.000000 0.245723 0.969340 0.947162 0.888454
knife_butterfly.bmp
  37 0.880000 -2.180000 1.450001 1.000000 0.000000 0.000000 0.592955 0.964775
  37 0.880000 -2.130000 0.830001 1.000000 0.000000 0.000000 0.516634 0.960861
  37 0.880000 -2.080000 1.450001 1.000000 0.000000 0.000000 0.596869 0.956947
knife_butterfly.bmp
  37 0.880000 -2.080000 1.450001 1.000000 0.000000 0.000000 0.596869 0.956947
  37 0.880000 -2.130000 0.830001 1.000000 0.000000 0.000000 0.516634 0.960861
  37 0.880000 -1.990000 1.460001 1.000000 0.000000 0.000000 0.596869 0.947162
knife_butterfly.bmp
  37 0.880000 -2.130000 0.830001 1.000000 0.000000 0.000000 0.516634 0.960861
  37 0.880000 -2.050000 0.810001 1.000000 0.000000 0.000000 0.516634 0.953033
  37 0.880000 -1.990000 1.460001 1.000000 0.000000 0.000000 0.596869 0.947162
knife_butterfly.bmp
  37 0.880000 -1.990000 1.460001 1.000000 0.000000 0.000000 0.596869 0.947162
  37 0.880000 -2.050000 0.810001 1.000000 0.000000 0.000000 0.516634 0.953033
  37 0.880000 -1.950000 1.450001 1.000000 0.000000 0.000000 0.594912 0.941292
knife_butterfly.bmp
  37 0.880000 -2.050000 0.810001 1.000000 0.000000 0.000000 0.516634 0.953033
  37 0.880000 -2.000000 0.810001 1.000000 0.000000 0.000000 0.514677 0.947162
  37 0.880000 -1.950000 1.450001 1.000000 0.000000 0.000000 0.594912 0.941292
knife_butterfly.bmp
  37 0.880000 -1.950000 1.450001 1.000000 0.000000 0.000000 0.594912 0.941292
  37 0.880000 -2.000000 0.810001 1.000000 0.000000 0.000000 0.514677 0.947162
  37 0.880000 -1.950000 0.810001 1.000000 0.000000 0.000000 0.516634 0.941292
knife_butterfly.bmp
  40 1.100001 -1.128561 0.768154 -0.999988 0.004937 -0.000682 0.804305 0.796477
  40 1.080001 -1.058561 0.618154 -0.999988 0.004937 -0.000682 0.784736 0.790607
  40 1.080001 -1.058561 0.578154 -0.999988 0.004937 -0.000682 0.780822 0.788650
knife_butterfly.bmp
  40 1.100001 -1.128561 0.768154 -0.999988 0.004937 -0.000682 0.804305 0.796477
  40 1.100001 -1.068561 0.658154 -0.999988 0.004937 -0.000682 0.790607 0.788650
  40 1.080001 -1.058561 0.618154 -0.999988 0.004937 -0.000682 0.784736 0.790607
knife_butterfly.bmp
  40 1.100001 -1.128561 0.768154 -0.999988 0.004937 -0.000682 0.804305 0.796477
  40 1.100001 -1.058561 0.688154 -0.999988 0.004937 -0.000682 0.794521 0.786693
  40 1.100001 -1.068561 0.658154 -0.999988 0.004937 -0.000682 0.790607 0.788650
knife_butterfly.bmp
  40 1.100001 -1.128561 0.768154 -0.999988 0.004937 -0.000682 0.804305 0.796477
  40 1.100001 -1.028561 0.708154 -0.999988 0.004937 -0.000682 0.796477 0.782779
  40 1.100001 -1.058561 0.688154 -0.999988 0.004937 -0.000682 0.794521 0.786693
knife_butterfly.bmp
  40 1.100001 -1.128561 0.768154 -0.999988 0.004937 -0.000682 0.804305 0.796477
  40 1.100001 -0.988561 0.728154 -0.999988 0.004937 -0.000682 0.798434 0.778865
  40 1.100001 -1.028561 0.708154 -0.999988 0.004937 -0.000682 0.796477 0.782779
knife_butterfly.bmp
  40 1.100001 -1.128561 0.768154 -0.999988 0.004937 -0.000682 0.804305 0.796477
  40 1.100001 -0.978560 0.848154 -0.999988 0.004937 -0.000682 0.814090 0.778865
  40 1.100001 -0.988561 0.728154 -0.999988 0.004937 -0.000682 0.798434 0.778865
knife_butterfly.bmp
  40 1.300001 -1.138561 0.728154 0.999988 0.004934 -0.000682 0.692759 0.796477
  40 1.300001 -0.988561 0.718154 0.999988 0.004934 -0.000682 0.690802 0.778865
  40 1.300001 -0.988560 0.798154 0.999988 0.004934 -0.000682 0.702544 0.778865
knife_butterfly.bmp
  40 1.300001 -1.138561 0.728154 0.999988 0.004934 -0.000682 0.692759 0.796477
  40 1.300001 -1.028561 0.688154 0.999988 0.004934 -0.000682 0.690802 0.782779
  40 1.300001 -0.988561 0.718154 0.999988 0.004934 -0.000682 0.690802 0.778865
knife_butterfly.bmp
  40 1.300001 -1.138561 0.728154 0.999988 0.004934 -0.000682 0.692759 0.796477
  40 1.300001 -1.058561 0.668154 0.999988 0.004934 -0.000682 0.686888 0.786693
  40 1.300001 -1.028561 0.688154 0.999988 0.004934 -0.000682 0.690802 0.782779
knife_butterfly.bmp
  40 1.300001 -1.138561 0.728154 0.999988 0.004934 -0.000682 0.692759 0.796477
  40 1.300001 -1.068561 0.638154 0.999988 0.004934 -0.000682 0.682975 0.788650
  40 1.300001 -1.058561 0.668154 0.999988 0.004934 -0.000682 0.686888 0.786693
knife_butterfly.bmp
  40 1.300001 -1.138561 0.728154 0.999988 0.004934 -0.000682 0.692759 0.796477
  40 1.290001 -1.058561 0.598154 0.999988 0.004934 -0.000682 0.679061 0.790607
  40 1.300001 -1.068561 0.638154 0.999988 0.004934 -0.000682 0.682975 0.788650
knife_butterfly.bmp
  40 1.300001 -1.138561 0.728154 0.999988 0.004934 -0.000682 0.692759 0.796477
  40 1.280001 -1.058561 0.558154 0.999988 0.004934 -0.000682 0.673190 0.788650
  40 1.290001 -1.058561 0.598154 0.999988 0.004934 -0.000682 0.679061 0.790607
knife_butterfly.bmp
  40 0.890001 -1.128561 0.768154 0.999988 0.004934 -0.000682 0.804305 0.796477
  40 0.890001 -0.988561 0.708153 0.999988 0.004934 -0.000682 0.798434 0.778865
  40 0.890001 -0.978560 0.828153 0.999988 0.004934 -0.000682 0.814090 0.778865
knife_butterfly.bmp
  40 0.890001 -1.128561 0.768154 0.999988 0.004934 -0.000682 0.804305 0.796477
  40 0.890001 -1.028561 0.688153 0.999988 0.004934 -0.000682 0.796477 0.782779
  40 0.890001 -0.988561 0.708153 0.999988 0.004934 -0.000682 0.798434 0.778865
knife_butterfly.bmp
  40 0.890001 -1.128561 0.768154 0.999988 0.004934 -0.000682 0.804305 0.796477
  40 0.890001 -1.058561 0.688153 0.999988 0.004934 -0.000682 0.794521 0.786693
  40 0.890001 -1.028561 0.688153 0.999988 0.004934 -0.000682 0.796477 0.782779
knife_butterfly.bmp
  40 0.890001 -1.128561 0.768154 0.999988 0.004934 -0.000682 0.804305 0.796477
  40 0.890001 -1.068561 0.658153 0.999988 0.004934 -0.000682 0.790607 0.788650
  40 0.890001 -1.058561 0.688153 0.999988 0.004934 -0.000682 0.794521 0.786693
knife_butterfly.bmp
  40 0.890001 -1.128561 0.768154 0.999988 0.004934 -0.000682 0.804305 0.796477
  40 0.880001 -1.058561 0.618153 0.999988 0.004934 -0.000682 0.784736 0.790607
  40 0.890001 -1.068561 0.658153 0.999988 0.004934 -0.000682 0.790607 0.788650
knife_butterfly.bmp
  40 0.890001 -1.128561 0.768154 0.999988 0.004934 -0.000682 0.804305 0.796477
  40 0.870001 -1.058561 0.578153 0.999988 0.004934 -0.000682 0.780822 0.788650
  40 0.880001 -1.058561 0.618153 0.999988 0.004934 -0.000682 0.784736 0.790607
knife_butterfly.bmp
  40 0.690001 -1.138561 0.708153 -0.999988 0.004937 -0.000682 0.692759 0.796477
  40 0.670001 -1.058561 0.618153 -0.999988 0.004937 -0.000682 0.679061 0.790607
  40 0.670001 -1.058561 0.578153 -0.999988 0.004937 -0.000682 0.673190 0.788650
knife_butterfly.bmp
  40 0.690001 -1.138561 0.708153 -0.999988 0.004937 -0.000682 0.692759 0.796477
  40 0.690001 -1.068561 0.648153 -0.999988 0.004937 -0.000682 0.682975 0.788650
  40 0.670001 -1.058561 0.618153 -0.999988 0.004937 -0.000682 0.679061 0.790607
knife_butterfly.bmp
  40 0.690001 -1.138561 0.708153 -0.999988 0.004937 -0.000682 0.692759 0.796477
  40 0.690001 -1.058561 0.688153 -0.999988 0.004937 -0.000682 0.686888 0.786693
  40 0.690001 -1.068561 0.648153 -0.999988 0.004937 -0.000682 0.682975 0.788650
knife_butterfly.bmp
  40 0.690001 -1.138561 0.708153 -0.999988 0.004937 -0.000682 0.692759 0.796477
  40 0.690001 -1.028561 0.708153 -0.999988 0.004937 -0.000682 0.690802 0.782779
  40 0.690001 -1.058561 0.688153 -0.999988 0.004937 -0.000682 0.686888 0.786693
knife_butterfly.bmp
  40 0.690001 -1.138561 0.708153 -0.999988 0.004937 -0.000682 0.692759 0.796477
  40 0.690001 -0.988561 0.728153 -0.999988 0.004937 -0.000682 0.690802 0.778865
  40 0.690001 -1.028561 0.708153 -0.999988 0.004937 -0.000682 0.690802 0.782779
knife_butterfly.bmp
  40 0.690001 -1.138561 0.708153 -0.999988 0.004937 -0.000682 0.692759 0.796477
  40 0.690001 -0.988560 0.818153 -0.999988 0.004937 -0.000682 0.702544 0.778865
  40 0.690001 -0.988561 0.728153 -0.999988 0.004937 -0.000682 0.690802 0.778865
knife_butterfly.bmp
  39 0.968072 -1.659112 0.397266 0.000001 0.810202 -0.586151 0.285714 0.391389
  39 0.908073 -1.689113 0.377266 -0.115511 0.779334 -0.615870 0.293542 0.389432
  39 0.888072 -1.659112 0.397266 -0.115511 0.779334 -0.615870 0.293542 0.391389
knife_butterfly.bmp
  39 0.968072 -1.659112 0.397266 0.000001 0.810202 -0.586151 0.285714 0.391389
  39 0.918073 -1.689113 0.377266 0.000001 0.810202 -0.586151 0.291585 0.389432
  39 0.908073 -1.689113 0.377266 -0.115511 0.779334 -0.615870 0.293542 0.389432
knife_butterfly.bmp
  39 0.968072 -1.659112 0.397266 0.000001 0.810202 -0.586151 0.285714 0.391389
  39 0.978073 -1.689113 0.377267 0.000001 0.810202 -0.586151 0.285714 0.389432
  39 0.918073 -1.689113 0.377266 0.000001 0.810202 -0.586151 0.291585 0.389432
knife_butterfly.bmp
  39 0.968072 -1.659112 0.397266 0.000001 0.810202 -0.586151 0.285714 0.391389
  39 0.998073 -1.689113 0.377267 0.000001 0.810202 -0.586151 0.279843 0.389432
  39 0.978073 -1.689113 0.377267 0.000001 0.810202 -0.586151 0.285714 0.389432
knife_butterfly.bmp
  39 0.968072 -1.659112 0.397266 0.000001 0.810202 -0.586151 0.285714 0.391389
  39 1.008073 -1.689113 0.377267 0.085727 0.789886 -0.607233 0.279843 0.389432
  39 0.998073 -1.689113 0.377267 0.000001 0.810202 -0.586151 0.279843 0.389432
knife_butterfly.bmp
  39 0.968072 -1.659112 0.397266 0.000001 0.810202 -0.586151 0.285714 0.391389
  39 1.018072 -1.659112 0.397267 0.085727 0.789886 -0.607233 0.277886 0.391389
  39 1.008073 -1.689113 0.377267 0.085727 0.789886 -0.607233 0.279843 0.389432
knife_butterfly.bmp
  39 1.058071 -1.589111 1.197266 1.000000 0.000000 0.000002 0.230920 0.027397
  39 1.058071 -1.689111 1.207267 1.000000 0.000000 0.000002 0.232877 0.043053
  39 1.058071 -1.609111 1.137266 1.000000 0.000000 0.000002 0.217221 0.033268
knife_butterfly.bmp
  39 1.058071 -1.589111 1.197266 1.000000 0.000000 0.000002 0.230920 0.027397
  39 1.058071 -1.649110 1.297267 1.000000 0.000000 0.000002 0.244618 0.041096
  39 1.058071 -1.689111 1.207267 1.000000 0.000000 0.000002 0.232877 0.043053
knife_butterfly.bmp
  39 1.058071 -1.589111 1.197266 1.000000 0.000000 0.000002 0.230920 0.027397
  39 1.058071 -1.539111 1.257266 1.000000 0.000000 0.000002 0.238748 0.025440
  39 1.058071 -1.649110 1.297267 1.000000 0.000000 0.000002 0.244618 0.041096
knife_butterfly.bmp
  39 1.058071 -1.589111 1.197266 1.000000 0.000000 0.000002 0.230920 0.027397
  39 1.058071 -1.469111 1.167266 1.000000 0.000000 0.000002 0.228963 0.011742
  39 1.058071 -1.539111 1.257266 1.000000 0.000000 0.000002 0.238748 0.025440
knife_butterfly.bmp
  39 1.058071 -1.589111 1.197266 1.000000 0.000000 0.000002 0.230920 0.027397
  39 1.038071 -1.519111 1.087266 1.000000 0.000000 0.000002 0.213307 0.019569
  39 1.058071 -1.469111 1.167266 1.000000 0.000000 0.000002 0.228963 0.011742
knife_butterfly.bmp
  39 1.058071 -1.589111 1.197266 1.000000 0.000000 0.000002 0.230920 0.027397
  39 1.058071 -1.609111 1.137266 1.000000 0.000000 0.000002 0.217221 0.033268
  39 1.038071 -1.519111 1.087266 1.000000 0.000000 0.000002 0.213307 0.019569
knife_butterfly.bmp
  37 1.280000 -2.180000 1.410001 1.000000 0.000000 0.000000 0.485323 0.966732
  37 1.280000 -2.130000 0.860001 1.000000 0.000000 0.000000 0.416830 0.960861
  37 1.280000 -2.080000 1.420001 1.000000 0.000000 0.000000 0.487280 0.956947
knife_butterfly.bmp
  37 1.280000 -2.080000 1.420001 1.000000 0.000000 0.000000 0.487280 0.956947
  37 1.280000 -2.130000 0.860001 1.000000 0.000000 0.000000 0.416830 0.960861
  37 1.280000 -2.020000 1.420001 1.000000 0.000000 0.000000 0.489237 0.947162
knife_butterfly.bmp
  37 1.280000 -2.130000 0.860001 1.000000 0.000000 0.000000 0.416830 0.960861
  37 1.280000 -2.050000 0.850001 1.000000 0.000000 0.000000 0.416830 0.953033
  37 1.280000 -2.020000 1.420001 1.000000 0.000000 0.000000 0.489237 0.947162
knife_butterfly.bmp
  37 1.280000 -2.020000 1.420001 1.000000 0.000000 0.000000 0.489237 0.947162
  37 1.280000 -2.050000 0.850001 1.000000 0.000000 0.000000 0.416830 0.953033
  37 1.280000 -1.950000 1.410001 1.000000 0.000000 0.000000 0.487280 0.941292
knife_butterfly.bmp
  37 1.280000 -2.050000 0.850001 1.000000 0.000000 0.000000 0.416830 0.953033
  37 1.280000 -2.000000 0.850001 1.000000 0.000000 0.000000 0.416830 0.947162
  37 1.280000 -1.950000 1.410001 1.000000 0.000000 0.000000 0.487280 0.941292
knife_butterfly.bmp
  37 1.280000 -1.950000 1.410001 1.000000 0.000000 0.000000 0.487280 0.941292
  37 1.280000 -2.000000 0.850001 1.000000 0.000000 0.000000 0.416830 0.947162
  37 1.280000 -1.950000 0.830001 1.000000 0.000000 0.000000 0.416830 0.941292
knife_butterfly.bmp
  40 0.890002 -2.068562 0.298156 0.000002 0.024040 -0.999711 0.908023 0.833659
  40 0.730002 -1.918562 0.298155 -0.151029 0.037184 -0.987830 0.890411 0.818004
  40 0.890002 -1.918562 0.298156 0.000002 0.024040 -0.999711 0.908023 0.818004
knife_butterfly.bmp
  40 0.890002 -1.918562 0.298156 0.000002 0.024040 -0.999711 0.908023 0.818004
  40 0.730002 -1.918562 0.298155 -0.151029 0.037184 -0.987830 0.890411 0.818004
  40 0.890002 -1.728562 0.288155 0.000002 0.083225 -0.996531 0.908023 0.798434
knife_butterfly.bmp
  40 0.730002 -1.918562 0.298155 -0.151029 0.037184 -0.987830 0.890411 0.818004
  40 0.730002 -1.728562 0.308155 -0.158375 0.080176 -0.984118 0.890411 0.798434
  40 0.890002 -1.728562 0.288155 0.000002 0.083225 -0.996531 0.908023 0.798434
knife_butterfly.bmp
  40 0.890002 -1.728562 0.288155 0.000002 0.083225 -0.996531 0.908023 0.798434
  40 0.730002 -1.728562 0.308155 -0.158375 0.080176 -0.984118 0.890411 0.798434
  40 0.890002 -1.508562 0.338155 0.000003 0.129508 -0.991578 0.908023 0.774951
knife_butterfly.bmp
  40 0.730002 -1.728562 0.308155 -0.158375 0.080176 -0.984118 0.890411 0.798434
  40 0.730002 -1.508562 0.328154 -0.158662 0.130652 -0.978650 0.890411 0.774951
  40 0.890002 -1.508562 0.338155 0.000003 0.129508 -0.991578 0.908023 0.774951
knife_butterfly.bmp
  40 0.890002 -1.508562 0.338155 0.000003 0.129508 -0.991578 0.908023 0.774951
  40 0.730002 -1.508562 0.328154 -0.158662 0.130652 -0.978650 0.890411 0.774951
  40 0.730002 -1.288562 0.368154 -0.158662 0.130652 -0.978650 0.890411 0.751468
knife_butterfly.bmp
  37 0.880000 -1.620000 0.940001 0.000004 -0.023901 -0.999714 0.927593 0.833659
  37 0.710000 -1.500000 0.960001 -0.152435 -0.007429 -0.988286 0.909980 0.816047
  37 0.880000 -1.500000 0.960001 0.000004 -0.023901 -0.999714 0.927593 0.816047
knife_butterfly.bmp
  37 0.880000 -1.500000 0.960001 0.000004 -0.023901 -0.999714 0.927593 0.816047
  37 0.710000 -1.500000 0.960001 -0.152435 -0.007429 -0.988286 0.909980 0.816047
  37 0.880000 -1.290000 0.960001 0.000004 -0.023901 -0.999714 0.927593 0.798434
knife_butterfly.bmp
  37 0.710000 -1.500000 0.960001 -0.152435 -0.007429 -0.988286 0.909980 0.816047
  37 0.710000 -1.290000 0.960001 -0.152435 -0.007429 -0.988286 0.909980 0.798434
  37 0.880000 -1.290000 0.960001 0.000004 -0.023901 -0.999714 0.927593 0.798434
knife_butterfly.bmp
  37 0.880000 -1.290000 0.960001 0.000004 -0.023901 -0.999714 0.927593 0.798434
  37 0.710000 -1.290000 0.960001 -0.152435 -0.007429 -0.988286 0.909980 0.798434
  37 0.880000 -1.200000 0.960001 0.000000 0.040937 -0.999162 0.927593 0.784736
knife_butterfly.bmp
  37 0.710000 -1.290000 0.960001 -0.152435 -0.007429 -0.988286 0.909980 0.798434
  37 0.710000 -1.200000 0.960001 -0.152044 0.062322 -0.986407 0.909980 0.784736
  37 0.880000 -1.200000 0.960001 0.000000 0.040937 -0.999162 0.927593 0.784736
knife_butterfly.bmp
  37 0.880000 -1.200000 0.960001 0.000000 0.040937 -0.999162 0.927593 0.784736
  37 0.710000 -1.200000 0.960001 -0.152044 0.062322 -0.986407 0.909980 0.784736
  37 0.710000 -1.080000 0.970001 -0.153787 0.118504 -0.980972 0.909980 0.772994
knife_butterfly.bmp
  37 0.880000 -1.730000 0.960001 0.000000 0.282445 -0.959284 0.927593 0.843444
  37 0.710000 -1.700000 0.970001 0.000000 -0.118385 -0.992968 0.909980 0.839530
  37 0.880000 -1.700000 0.970001 0.000000 -0.118385 -0.992968 0.927593 0.839530
knife_butterfly.bmp
  37 0.880000 -1.700000 0.970001 0.000000 -0.118385 -0.992968 0.927593 0.839530
  37 0.710000 -1.700000 0.970001 0.000000 -0.118385 -0.992968 0.909980 0.839530
  37 0.880000 -1.650000 0.960001 0.000000 -0.436170 -0.899864 0.927593 0.835616
knife_butterfly.bmp
  37 0.710000 -1.700000 0.970001 0.000000 -0.118385 -0.992968 0.909980 0.839530
  37 0.710000 -1.650000 0.960001 0.000000 -0.436170 -0.899864 0.909980 0.835616
  37 0.880000 -1.650000 0.960001 0.000000 -0.436170 -0.899864 0.927593 0.835616
knife_butterfly.bmp
  37 0.880000 -1.650000 0.960001 0.000000 -0.436170 -0.899864 0.927593 0.835616
  37 0.710000 -1.650000 0.960001 0.000000 -0.436170 -0.899864 0.909980 0.835616
  37 0.880000 -1.620000 0.940001 0.000000 -0.605920 -0.795525 0.927593 0.833659
knife_butterfly.bmp
  37 0.710000 -1.650000 0.960001 0.000000 -0.436170 -0.899864 0.909980 0.835616
  37 0.710000 -1.620000 0.940001 0.000000 -0.605920 -0.795525 0.909980 0.833659
  37 0.880000 -1.620000 0.940001 0.000000 -0.605920 -0.795525 0.927593 0.833659
knife_butterfly.bmp
  37 0.880000 -1.950000 1.450001 1.000000 0.000000 0.000000 0.594912 0.941292
  37 0.880000 -1.950000 0.810001 1.000000 0.000000 0.000000 0.516634 0.941292
  37 0.880000 -1.890000 1.430001 1.000000 0.000000 0.000000 0.592955 0.935421
knife_butterfly.bmp
  37 0.880000 -1.890000 1.430001 1.000000 0.000000 0.000000 0.592955 0.935421
  37 0.880000 -1.950000 0.810001 1.000000 0.000000 0.000000 0.516634 0.941292
  37 0.880000 -1.860000 1.410001 1.000000 0.000000 0.000000 0.590998 0.929550
knife_butterfly.bmp
  37 0.880000 -1.950000 0.810001 1.000000 0.000000 0.000000 0.516634 0.941292
  37 0.880000 -1.900000 0.810001 1.000000 0.000000 0.000000 0.518591 0.935421
  37 0.880000 -1.860000 1.410001 1.000000 0.000000 0.000000 0.590998 0.929550
knife_butterfly.bmp
  37 0.880000 -1.860000 1.410001 1.000000 0.000000 0.000000 0.590998 0.929550
  37 0.880000 -1.900000 0.810001 1.000000 0.000000 0.000000 0.518591 0.935421
  37 0.880000 -1.820000 1.390001 1.000000 0.000000 0.000000 0.589041 0.923679
knife_butterfly.bmp
  37 0.880000 -1.900000 0.810001 1.000000 0.000000 0.000000 0.518591 0.935421
  37 0.880000 -1.850000 0.830001 1.000000 0.000000 0.000000 0.520548 0.929550
  37 0.880000 -1.820000 1.390001 1.000000 0.000000 0.000000 0.589041 0.923679
knife_butterfly.bmp
  37 0.690000 -2.080000 1.420001 -1.000000 0.000000 0.000000 0.487280 0.956947
  37 0.690000 -2.020000 1.420001 -1.000000 0.000000 0.000000 0.487280 0.947162
  37 0.690000 -2.130000 0.860001 -1.000000 0.000000 0.000000 0.416830 0.960861
knife_butterfly.bmp
  37 0.690000 -2.130000 0.860001 -1.000000 0.000000 0.000000 0.416830 0.960861
  37 0.690000 -2.020000 1.420001 -1.000000 0.000000 0.000000 0.487280 0.947162
  37 0.690000 -2.050000 0.850001 -1.000000 0.000000 0.000000 0.414873 0.953033
knife_butterfly.bmp
  37 0.690000 -2.020000 1.420001 -1.000000 0.000000 0.000000 0.487280 0.947162
  37 0.690000 -1.950000 1.410001 -1.000000 0.000000 0.000000 0.487280 0.941292
  37 0.690000 -2.050000 0.850001 -1.000000 0.000000 0.000000 0.414873 0.953033
knife_butterfly.bmp
  37 0.690000 -2.050000 0.850001 -1.000000 0.000000 0.000000 0.414873 0.953033
  37 0.690000 -1.950000 1.410001 -1.000000 0.000000 0.000000 0.487280 0.941292
  37 0.690000 -2.000000 0.850001 -1.000000 0.000000 0.000000 0.414873 0.947162
knife_butterfly.bmp
  37 0.690000 -1.950000 1.410001 -1.000000 0.000000 0.000000 0.487280 0.941292
  37 0.690000 -1.950000 0.830001 -1.000000 0.000000 0.000000 0.414873 0.941292
  37 0.690000 -2.000000 0.850001 -1.000000 0.000000 0.000000 0.414873 0.947162
knife_butterfly.bmp
  40 1.100002 -1.918562 0.288156 0.000002 0.024040 -0.999711 0.835616 0.818004
  40 1.100002 -1.728562 0.308156 0.000002 0.083225 -0.996531 0.835616 0.798434
  40 1.260002 -1.918562 0.298156 0.151029 0.037183 -0.987830 0.853229 0.818004
knife_butterfly.bmp
  40 1.260002 -1.918562 0.298156 0.151029 0.037183 -0.987830 0.853229 0.818004
  40 1.100002 -1.728562 0.308156 0.000002 0.083225 -0.996531 0.835616 0.798434
  40 1.260002 -1.728562 0.308156 0.158375 0.080178 -0.984118 0.853229 0.798434
knife_butterfly.bmp
  40 1.100002 -1.728562 0.308156 0.000002 0.083225 -0.996531 0.835616 0.798434
  40 1.100002 -1.508562 0.338155 0.000003 0.129508 -0.991578 0.835616 0.774951
  40 1.260002 -1.728562 0.308156 0.158375 0.080178 -0.984118 0.853229 0.798434
knife_butterfly.bmp
  40 1.260002 -1.728562 0.308156 0.158375 0.080178 -0.984118 0.853229 0.798434
  40 1.100002 -1.508562 0.338155 0.000003 0.129508 -0.991578 0.835616 0.774951
  40 1.260002 -1.508562 0.338155 0.158653 0.130648 -0.978652 0.853229 0.774951
knife_butterfly.bmp
  40 1.100002 -1.508562 0.338155 0.000003 0.129508 -0.991578 0.835616 0.774951
  40 1.260002 -1.288562 0.368155 0.158653 0.130648 -0.978652 0.853229 0.753425
  40 1.260002 -1.508562 0.338155 0.158653 0.130648 -0.978652 0.853229 0.774951
knife_butterfly.bmp
  40 1.240001 -0.828560 0.868154 -0.000002 -0.104679 0.994506 0.853229 0.761252
  40 1.100001 -0.978560 0.848154 -0.000002 -0.307854 0.951434 0.870841 0.776908
  40 1.260001 -0.978560 0.848154 -0.000002 -0.307854 0.951434 0.853229 0.776908
knife_butterfly.bmp
  40 1.260001 -0.978560 0.848154 -0.000002 -0.307854 0.951434 0.853229 0.776908
  40 1.100001 -0.978560 0.848154 -0.000002 -0.307854 0.951434 0.870841 0.776908
  40 1.260001 -1.128561 0.748154 -0.000002 -0.407966 0.912997 0.853229 0.794521
knife_butterfly.bmp
  40 1.100001 -0.978560 0.848154 -0.000002 -0.307854 0.951434 0.870841 0.776908
  40 1.100001 -1.128561 0.768154 -0.000002 -0.407966 0.912997 0.870841 0.794521
  40 1.260001 -1.128561 0.748154 -0.000002 -0.407966 0.912997 0.853229 0.794521
knife_butterfly.bmp
  40 1.260001 -1.128561 0.748154 -0.000002 -0.407966 0.912997 0.853229 0.794521
  40 1.100001 -1.128561 0.768154 -0.000002 -0.407966 0.912997 0.870841 0.794521
  40 1.260001 -1.288561 0.708155 -0.000002 -0.273396 0.961902 0.853229 0.812133
knife_butterfly.bmp
  40 1.100001 -1.128561 0.768154 -0.000002 -0.407966 0.912997 0.870841 0.794521
  40 1.100001 -1.288561 0.708154 -0.000002 -0.273396 0.961902 0.870841 0.812133
  40 1.260001 -1.288561 0.708155 -0.000002 -0.273396 0.961902 0.853229 0.812133
knife_butterfly.bmp
  40 1.100001 -2.238561 0.748157 -0.000004 0.337644 0.941274 0.870841 0.915851
  40 1.100001 -2.278561 0.768157 -0.000004 0.395433 0.918495 0.870841 0.921722
  40 1.260001 -2.278561 0.768157 -0.000004 0.395433 0.918495 0.853229 0.921722
knife_butterfly.bmp
  40 1.260001 -2.278561 0.768157 -0.000004 0.395433 0.918495 0.853229 0.921722
  40 1.100001 -2.278561 0.768157 -0.000004 0.395433 0.918495 0.870841 0.921722
  40 1.260001 -2.318561 0.778157 -0.000004 0.337644 0.941274 0.853229 0.925636
knife_butterfly.bmp
  40 1.100001 -2.278561 0.768157 -0.000004 0.395433 0.918495 0.870841 0.921722
  40 1.100001 -2.318561 0.758157 -0.000004 0.337644 0.941274 0.870841 0.925636
  40 1.260001 -2.318561 0.778157 -0.000004 0.337644 0.941274 0.853229 0.925636
knife_butterfly.bmp
  40 1.260001 -2.318561 0.778157 -0.000004 0.337644 0.941274 0.853229 0.925636
  40 1.100001 -2.318561 0.758157 -0.000004 0.337644 0.941274 0.870841 0.925636
  40 1.260001 -2.378560 0.798158 -0.000003 0.200230 0.979749 0.853229 0.931507
knife_butterfly.bmp
  40 1.100001 -2.318561 0.758157 -0.000004 0.337644 0.941274 0.870841 0.925636
  40 1.100001 -2.378560 0.798157 -0.000003 0.200230 0.979749 0.870841 0.931507
  40 1.260001 -2.378560 0.798158 -0.000003 0.200230 0.979749 0.853229 0.931507
knife_butterfly.bmp
  40 1.260002 -2.068562 0.298157 0.000002 -0.591971 -0.805959 0.853229 0.833659
  40 1.260002 -2.088562 0.318157 0.000002 -0.420436 -0.907322 0.853229 0.837573
  40 1.100002 -2.068562 0.298156 0.000002 -0.591971 -0.805959 0.835616 0.833659
knife_butterfly.bmp
  40 1.100002 -2.068562 0.298156 0.000002 -0.591971 -0.805959 0.835616 0.833659
  40 1.260002 -2.088562 0.318157 0.000002 -0.420436 -0.907322 0.853229 0.837573
  40 1.100002 -2.088562 0.318157 0.000002 -0.420436 -0.907322 0.835616 0.837573
knife_butterfly.bmp
  40 1.260002 -2.088562 0.318157 0.000002 -0.420436 -0.907322 0.853229 0.837573
  40 1.260002 -2.118562 0.318157 0.000002 -0.071638 -0.997431 0.853229 0.841487
  40 1.100002 -2.088562 0.318157 0.000002 -0.420436 -0.907322 0.835616 0.837573
knife_butterfly.bmp
  40 1.100002 -2.088562 0.318157 0.000002 -0.420436 -0.907322 0.835616 0.837573
  40 1.260002 -2.118562 0.318157 0.000002 -0.071638 -0.997431 0.853229 0.841487
  40 1.100002 -2.118562 0.318157 0.000002 -0.071638 -0.997431 0.835616 0.841487
knife_butterfly.bmp
  40 1.260002 -2.118562 0.318157 0.000002 -0.071638 -0.997431 0.853229 0.841487
  40 1.100002 -2.158562 0.318157 0.000002 0.299106 -0.954220 0.835616 0.843444
  40 1.100002 -2.118562 0.318157 0.000002 -0.071638 -0.997431 0.835616 0.841487
knife_butterfly.bmp
  40 1.080001 -0.898561 0.518153 -0.999988 0.004937 -0.000682 0.774951 0.771037
  40 1.080001 -0.858562 0.388153 -0.999988 0.004937 -0.000682 0.757339 0.763209
  40 1.080001 -0.928561 0.508154 -0.999988 0.004937 -0.000682 0.772994 0.774951
knife_butterfly.bmp
  40 1.080001 -0.928561 0.508154 -0.999988 0.004937 -0.000682 0.772994 0.774951
  40 1.080001 -0.858562 0.388153 -0.999988 0.004937 -0.000682 0.757339 0.763209
  40 1.080001 -0.968561 0.508154 -0.999988 0.004937 -0.000682 0.772994 0.778865
knife_butterfly.bmp
  40 1.080001 -0.858562 0.388153 -0.999988 0.004937 -0.000682 0.757339 0.763209
  40 1.080001 -1.028562 0.398154 -0.999988 0.004937 -0.000682 0.755382 0.782779
  40 1.080001 -0.968561 0.508154 -0.999988 0.004937 -0.000682 0.772994 0.778865
knife_butterfly.bmp
  40 1.080001 -0.968561 0.508154 -0.999988 0.004937 -0.000682 0.772994 0.778865
  40 1.080001 -1.028562 0.398154 -0.999988 0.004937 -0.000682 0.755382 0.782779
  40 1.080001 -0.998561 0.518154 -0.999988 0.004937 -0.000682 0.772994 0.782779
knife_butterfly.bmp
  40 1.080001 -1.028562 0.398154 -0.999988 0.004937 -0.000682 0.755382 0.782779
  40 1.080001 -1.008561 0.518154 -0.999988 0.004937 -0.000682 0.774951 0.782779
  40 1.080001 -0.998561 0.518154 -0.999988 0.004937 -0.000682 0.772994 0.782779
knife_butterfly.bmp
  40 1.280001 -1.018562 0.418154 0.999988 0.004934 -0.000682 0.653620 0.782779
  40 1.280001 -1.038561 0.528154 0.999988 0.004934 -0.000682 0.669276 0.786693
  40 1.280001 -1.058561 0.558154 0.999988 0.004934 -0.000682 0.673190 0.788650
knife_butterfly.bmp
  40 1.280001 -1.018562 0.418154 0.999988 0.004934 -0.000682 0.653620 0.782779
  40 1.280001 -1.008561 0.498154 0.999988 0.004934 -0.000682 0.667319 0.782779
  40 1.280001 -1.038561 0.528154 0.999988 0.004934 -0.000682 0.669276 0.786693
knife_butterfly.bmp
  40 1.280001 -1.018562 0.418154 0.999988 0.004934 -0.000682 0.653620 0.782779
  40 1.280001 -0.998561 0.498154 0.999988 0.004934 -0.000682 0.667319 0.782779
  40 1.280001 -1.008561 0.498154 0.999988 0.004934 -0.000682 0.667319 0.782779
knife_butterfly.bmp
  40 1.280001 -1.018562 0.418154 0.999988 0.004934 -0.000682 0.653620 0.782779
  40 1.280001 -0.968561 0.498154 0.999988 0.004934 -0.000682 0.665362 0.778865
  40 1.280001 -0.998561 0.498154 0.999988 0.004934 -0.000682 0.667319 0.782779
knife_butterfly.bmp
  40 1.280001 -1.018562 0.418154 0.999988 0.004934 -0.000682 0.653620 0.782779
  40 1.280001 -0.858561 0.448154 0.999988 0.004934 -0.000682 0.653620 0.763209
  40 1.280001 -0.968561 0.498154 0.999988 0.004934 -0.000682 0.665362 0.778865
knife_butterfly.bmp
  40 1.300001 -2.398561 0.758158 0.999988 0.004934 -0.000682 0.696673 0.947162
  40 1.300002 -2.368562 0.178158 0.999988 0.004934 -0.000682 0.624266 0.945205
  40 1.300001 -2.348561 0.748158 0.999988 0.004934 -0.000682 0.694716 0.939335
knife_butterfly.bmp
  40 1.300001 -2.348561 0.748158 0.999988 0.004934 -0.000682 0.694716 0.939335
  40 1.300002 -2.368562 0.178158 0.999988 0.004934 -0.000682 0.624266 0.945205
  40 1.300001 -2.308561 0.728157 0.999988 0.004934 -0.000682 0.690802 0.935421
knife_butterfly.bmp
  40 1.300002 -2.368562 0.178158 0.999988 0.004934 -0.000682 0.624266 0.945205
  40 1.300002 -2.318562 0.198158 0.999988 0.004934 -0.000682 0.624266 0.939335
  40 1.300001 -2.308561 0.728157 0.999988 0.004934 -0.000682 0.690802 0.935421
knife_butterfly.bmp
  40 1.300001 -2.308561 0.728157 0.999988 0.004934 -0.000682 0.690802 0.935421
  40 1.300002 -2.318562 0.198158 0.999988 0.004934 -0.000682 0.624266 0.939335
  40 1.300001 -2.258561 0.708157 0.999988 0.004934 -0.000682 0.688845 0.929550
knife_butterfly.bmp
  40 1.300002 -2.318562 0.198158 0.999988 0.004934 -0.000682 0.624266 0.939335
  40 1.300002 -2.268562 0.218157 0.999988 0.004934 -0.000682 0.628180 0.933464
  40 1.300001 -2.258561 0.708157 0.999988 0.004934 -0.000682 0.688845 0.929550
knife_butterfly.bmp
  40 0.890002 -2.158562 0.318156 0.000002 0.299106 -0.954220 0.908023 0.843444
  40 0.730002 -2.118562 0.318156 0.000002 -0.071638 -0.997431 0.890411 0.839530
  40 0.890002 -2.118562 0.298156 0.000002 -0.071638 -0.997431 0.908023 0.839530
knife_butterfly.bmp
  40 0.890002 -2.118562 0.298156 0.000002 -0.071638 -0.997431 0.908023 0.839530
  40 0.730002 -2.118562 0.318156 0.000002 -0.071638 -0.997431 0.890411 0.839530
  40 0.890002 -2.088562 0.318156 0.000002 -0.420436 -0.907322 0.908023 0.837573
knife_butterfly.bmp
  40 0.730002 -2.118562 0.318156 0.000002 -0.071638 -0.997431 0.890411 0.839530
  40 0.730002 -2.088562 0.318156 0.000002 -0.420436 -0.907322 0.890411 0.837573
  40 0.890002 -2.088562 0.318156 0.000002 -0.420436 -0.907322 0.908023 0.837573
knife_butterfly.bmp
  40 0.890002 -2.088562 0.318156 0.000002 -0.420436 -0.907322 0.908023 0.837573
  40 0.730002 -2.088562 0.318156 0.000002 -0.420436 -0.907322 0.890411 0.837573
  40 0.890002 -2.068562 0.298156 0.000002 -0.591971 -0.805959 0.908023 0.833659
knife_butterfly.bmp
  40 0.730002 -2.088562 0.318156 0.000002 -0.420436 -0.907322 0.890411 0.837573
  40 0.730002 -2.068562 0.298156 0.000002 -0.591971 -0.805959 0.890411 0.833659
  40 0.890002 -2.068562 0.298156 0.000002 -0.591971 -0.805959 0.908023 0.833659
knife_butterfly.bmp
  40 0.870001 -1.008561 0.498153 0.999988 0.004934 -0.000682 0.774951 0.782779
  40 0.870002 -1.028562 0.388153 0.999988 0.004934 -0.000682 0.755382 0.782779
  40 0.870001 -0.998561 0.498153 0.999988 0.004934 -0.000682 0.772994 0.782779
knife_butterfly.bmp
  40 0.870001 -0.998561 0.498153 0.999988 0.004934 -0.000682 0.772994 0.782779
  40 0.870002 -1.028562 0.388153 0.999988 0.004934 -0.000682 0.755382 0.782779
  40 0.870001 -0.968561 0.488153 0.999988 0.004934 -0.000682 0.772994 0.778865
knife_butterfly.bmp
  40 0.870002 -1.028562 0.388153 0.999988 0.004934 -0.000682 0.755382 0.782779
  40 0.870001 -0.858561 0.408153 0.999988 0.004934 -0.000682 0.757339 0.763209
  40 0.870001 -0.968561 0.488153 0.999988 0.004934 -0.000682 0.772994 0.778865
knife_butterfly.bmp
  40 0.870001 -0.968561 0.488153 0.999988 0.004934 -0.000682 0.772994 0.778865
  40 0.870001 -0.858561 0.408153 0.999988 0.004934 -0.000682 0.757339 0.763209
  40 0.870001 -0.938561 0.488153 0.999988 0.004934 -0.000682 0.772994 0.774951
knife_butterfly.bmp
  40 0.870001 -0.858561 0.408153 0.999988 0.004934 -0.000682 0.757339 0.763209
  40 0.870001 -0.898561 0.518153 0.999988 0.004934 -0.000682 0.774951 0.771037
  40 0.870001 -0.938561 0.488153 0.999988 0.004934 -0.000682 0.772994 0.774951
knife_butterfly.bmp
  40 0.670001 -0.898561 0.518153 -0.999988 0.004937 -0.000682 0.667319 0.771037
  40 0.670001 -0.858561 0.448153 -0.999988 0.004937 -0.000682 0.653620 0.763209
  40 0.670001 -0.928561 0.508153 -0.999988 0.004937 -0.000682 0.665362 0.774951
knife_butterfly.bmp
  40 0.670001 -0.928561 0.508153 -0.999988 0.004937 -0.000682 0.665362 0.774951
  40 0.670001 -0.858561 0.448153 -0.999988 0.004937 -0.000682 0.653620 0.763209
  40 0.670001 -0.968561 0.508153 -0.999988 0.004937 -0.000682 0.665362 0.778865
knife_butterfly.bmp
  40 0.670001 -0.858561 0.448153 -0.999988 0.004937 -0.000682 0.653620 0.763209
  40 0.670001 -1.018561 0.438153 -0.999988 0.004937 -0.000682 0.653620 0.782779
  40 0.670001 -0.968561 0.508153 -0.999988 0.004937 -0.000682 0.665362 0.778865
knife_butterfly.bmp
  40 0.670001 -0.968561 0.508153 -0.999988 0.004937 -0.000682 0.665362 0.778865
  40 0.670001 -1.018561 0.438153 -0.999988 0.004937 -0.000682 0.653620 0.782779
  40 0.670001 -0.998561 0.518153 -0.999988 0.004937 -0.000682 0.667319 0.782779
knife_butterfly.bmp
  40 0.670001 -1.018561 0.438153 -0.999988 0.004937 -0.000682 0.653620 0.782779
  40 0.670001 -1.008561 0.518153 -0.999988 0.004937 -0.000682 0.667319 0.782779
  40 0.670001 -0.998561 0.518153 -0.999988 0.004937 -0.000682 0.667319 0.782779
knife_butterfly.bmp
  40 0.890001 -2.378560 0.798157 0.999988 0.004934 -0.000682 0.808219 0.947162
  40 0.880002 -2.368562 0.148157 0.999988 0.004934 -0.000682 0.726027 0.945205
  40 0.890001 -2.318561 0.778157 0.999988 0.004934 -0.000682 0.806262 0.939335
knife_butterfly.bmp
  40 0.890001 -2.318561 0.778157 0.999988 0.004934 -0.000682 0.806262 0.939335
  40 0.880002 -2.368562 0.148157 0.999988 0.004934 -0.000682 0.726027 0.945205
  40 0.890001 -2.278561 0.768157 0.999988 0.004934 -0.000682 0.802348 0.935421
knife_butterfly.bmp
  40 0.880002 -2.368562 0.148157 0.999988 0.004934 -0.000682 0.726027 0.945205
  40 0.890002 -2.328562 0.158157 0.999988 0.004934 -0.000682 0.727984 0.939335
  40 0.890001 -2.278561 0.768157 0.999988 0.004934 -0.000682 0.802348 0.935421
knife_butterfly.bmp
  40 0.890001 -2.278561 0.768157 0.999988 0.004934 -0.000682 0.802348 0.935421
  40 0.890002 -2.328562 0.158157 0.999988 0.004934 -0.000682 0.727984 0.939335
  40 0.890001 -2.238561 0.748156 0.999988 0.004934 -0.000682 0.800391 0.929550
knife_butterfly.bmp
  40 0.890002 -2.328562 0.158157 0.999988 0.004934 -0.000682 0.727984 0.939335
  40 0.890002 -2.268562 0.188157 0.999988 0.004934 -0.000682 0.729941 0.933464
  40 0.890001 -2.238561 0.748156 0.999988 0.004934 -0.000682 0.800391 0.929550
knife_butterfly.bmp
  39 1.058073 -2.109113 0.357268 1.000000 0.000000 0.000002 0.109589 0.107632
  39 1.038072 -2.029112 0.427267 1.000000 0.000000 0.000002 0.119374 0.091977
  39 1.058073 -2.109113 0.377268 1.000000 0.000000 0.000002 0.111546 0.107632
knife_butterfly.bmp
  39 1.058073 -2.109113 0.377268 1.000000 0.000000 0.000002 0.111546 0.107632
  39 1.038072 -2.029112 0.427267 1.000000 0.000000 0.000002 0.119374 0.091977
  39 1.038072 -2.109112 0.397268 1.000000 0.000000 0.000002 0.115460 0.107632
knife_butterfly.bmp
  39 1.038072 -2.029112 0.427267 1.000000 0.000000 0.000002 0.119374 0.091977
  39 1.038072 -2.059112 0.487267 1.000000 0.000000 0.000002 0.127202 0.101761
  39 1.038072 -2.109112 0.397268 1.000000 0.000000 0.000002 0.115460 0.107632
knife_butterfly.bmp
  39 1.038072 -2.109112 0.397268 1.000000 0.000000 0.000002 0.115460 0.107632
  39 1.038072 -2.059112 0.487267 1.000000 0.000000 0.000002 0.127202 0.101761
  39 1.038072 -2.109112 0.417268 1.000000 0.000000 0.000002 0.117417 0.107632
knife_butterfly.bmp
  39 1.038072 -2.059112 0.487267 1.000000 0.000000 0.000002 0.127202 0.101761
  39 1.038072 -2.119112 0.417268 1.000000 0.000000 0.000002 0.117417 0.109589
  39 1.038072 -2.109112 0.417268 1.000000 0.000000 0.000002 0.117417 0.107632
knife_butterfly.bmp
  39 0.988072 -2.139112 0.427268 0.000002 0.525101 -0.851040 0.281800 0.168297
  39 0.978073 -2.239113 0.367268 -0.000039 0.380207 -0.924901 0.287671 0.156556
  39 0.968072 -2.139112 0.427268 0.000002 0.525101 -0.851040 0.287671 0.168297
knife_butterfly.bmp
  39 0.968072 -2.139112 0.427268 0.000002 0.525101 -0.851040 0.287671 0.168297
  39 0.978073 -2.239113 0.367268 -0.000039 0.380207 -0.924901 0.287671 0.156556
  39 0.918072 -2.139112 0.427267 0.000002 0.525101 -0.851040 0.291585 0.168297
knife_butterfly.bmp
  39 0.978073 -2.239113 0.367268 -0.000039 0.380207 -0.924901 0.287671 0.156556
  39 0.938073 -2.239113 0.367268 -0.000039 0.380207 -0.924901 0.291585 0.156556
  39 0.918072 -2.139112 0.427267 0.000002 0.525101 -0.851040 0.291585 0.168297
knife_butterfly.bmp
  39 0.918072 -2.139112 0.427267 0.000002 0.525101 -0.851040 0.291585 0.168297
  39 0.938073 -2.239113 0.367268 -0.000039 0.380207 -0.924901 0.291585 0.156556
  39 0.878073 -2.239113 0.367268 -0.000039 0.380207 -0.924901 0.297456 0.156556
knife_butterfly.bmp
  39 0.938073 -2.239113 0.367268 -0.000039 0.380207 -0.924901 0.291585 0.156556
  39 0.878073 -2.359113 0.347268 0.000002 0.202366 -0.979310 0.297456 0.146771
  39 0.878073 -2.239113 0.367268 -0.000039 0.380207 -0.924901 0.297456 0.156556
knife_butterfly.bmp
  39 0.978071 -1.759110 1.327267 -0.000002 0.204501 0.978866 0.285714 0.518591
  39 0.898071 -1.659110 1.287266 -0.035785 0.241228 0.969808 0.293542 0.508806
  39 0.878071 -1.769110 1.337266 0.035781 0.241228 0.969809 0.295499 0.520548
knife_butterfly.bmp
  39 0.878071 -1.769110 1.337266 0.035781 0.241228 0.969809 0.295499 0.520548
  39 0.898071 -1.659110 1.287266 -0.035785 0.241228 0.969808 0.293542 0.508806
  39 0.888071 -1.659110 1.287266 -0.528864 0.253497 0.809964 0.295499 0.508806
knife_butterfly.bmp
  39 0.898071 -1.659110 1.287266 -0.035785 0.241228 0.969808 0.293542 0.508806
  39 0.898071 -1.529111 1.267266 -0.113651 0.479504 0.870149 0.293542 0.495108
  39 0.888071 -1.659110 1.287266 -0.528864 0.253497 0.809964 0.295499 0.508806
knife_butterfly.bmp
  39 0.888071 -1.659110 1.287266 -0.528864 0.253497 0.809964 0.295499 0.508806
  39 0.898071 -1.529111 1.267266 -0.113651 0.479504 0.870149 0.293542 0.495108
  39 0.888071 -1.529111 1.267266 -0.236820 0.469070 0.850817 0.295499 0.495108
knife_butterfly.bmp
  39 0.898071 -1.529111 1.267266 -0.113651 0.479504 0.870149 0.293542 0.495108
  39 0.888071 -1.459111 1.187266 -0.169249 0.736796 0.654589 0.295499 0.483366
  39 0.888071 -1.529111 1.267266 -0.236820 0.469070 0.850817 0.295499 0.495108
knife_butterfly.bmp
  39 0.898074 -2.049114 -0.422733 -0.100829 0.987927 -0.117613 0.293542 0.273973
  39 0.968074 -2.039114 -0.392733 0.000000 0.992882 -0.119100 0.287671 0.275930
  39 0.968074 -2.049114 -0.422733 0.000000 0.992882 -0.119100 0.287671 0.273973
knife_butterfly.bmp
  39 0.968074 -2.049114 -0.422733 0.000000 0.992882 -0.119100 0.287671 0.273973
  39 0.968074 -2.039114 -0.392733 0.000000 0.992882 -0.119100 0.287671 0.275930
  39 0.998074 -2.049114 -0.422733 0.100829 0.987927 -0.117613 0.279843 0.273973
knife_butterfly.bmp
  39 0.968074 -2.039114 -0.392733 0.000000 0.992882 -0.119100 0.287671 0.275930
  39 0.998074 -2.039114 -0.392733 0.100829 0.987927 -0.117613 0.279843 0.273973
  39 0.998074 -2.049114 -0.422733 0.100829 0.987927 -0.117613 0.279843 0.273973
knife_butterfly.bmp
  39 0.998074 -2.049114 -0.422733 0.100829 0.987927 -0.117613 0.279843 0.273973
  39 0.998074 -2.039114 -0.392733 0.100829 0.987927 -0.117613 0.279843 0.273973
  39 1.028074 -2.049114 -0.412733 0.154375 0.970172 -0.186906 0.277886 0.272016
knife_butterfly.bmp
  39 0.998074 -2.039114 -0.392733 0.100829 0.987927 -0.117613 0.279843 0.273973
  39 1.028074 -2.049114 -0.392733 0.100012 0.959165 -0.264574 0.277886 0.273973
  39 1.028074 -2.049114 -0.412733 0.154375 0.970172 -0.186906 0.277886 0.272016
knife_butterfly.bmp
  39 1.028074 -2.149114 -0.402732 0.239372 -0.600726 -0.762777 0.277886 0.262231
  39 0.998074 -2.119114 -0.432733 0.125434 -0.489671 -0.862837 0.279843 0.266145
  39 1.028074 -2.119114 -0.422732 0.263925 -0.476544 -0.838600 0.277886 0.266145
knife_butterfly.bmp
  39 1.028074 -2.119114 -0.422732 0.263925 -0.476544 -0.838600 0.277886 0.266145
  39 0.998074 -2.119114 -0.432733 0.125434 -0.489671 -0.862837 0.279843 0.266145
  39 1.028074 -2.079114 -0.442733 0.241417 -0.373369 -0.895719 0.277886 0.270059
knife_butterfly.bmp
  39 0.998074 -2.119114 -0.432733 0.125434 -0.489671 -0.862837 0.279843 0.266145
  39 0.998074 -2.089114 -0.442733 0.099981 -0.312767 -0.944553 0.279843 0.268102
  39 1.028074 -2.079114 -0.442733 0.241417 -0.373369 -0.895719 0.277886 0.270059
knife_butterfly.bmp
  39 1.028074 -2.079114 -0.442733 0.241417 -0.373369 -0.895719 0.277886 0.270059
  39 0.998074 -2.089114 -0.442733 0.099981 -0.312767 -0.944553 0.279843 0.268102
  39 1.028074 -2.069114 -0.442733 0.189820 -0.277109 -0.941902 0.277886 0.270059
knife_butterfly.bmp
  39 0.998074 -2.089114 -0.442733 0.099981 -0.312767 -0.944553 0.279843 0.268102
  39 0.998074 -2.069114 -0.452733 0.057484 -0.184341 -0.981180 0.279843 0.270059
  39 1.028074 -2.069114 -0.442733 0.189820 -0.277109 -0.941902 0.277886 0.270059
knife_butterfly.bmp
  39 0.898074 -2.069114 -0.452733 -0.057480 -0.184341 -0.981180 0.293542 0.270059
  39 0.898074 -2.089114 -0.442733 -0.099977 -0.312767 -0.944553 0.293542 0.268102
  39 0.868074 -2.069114 -0.442733 -0.189816 -0.277109 -0.941903 0.295499 0.270059
knife_butterfly.bmp
  39 0.868074 -2.069114 -0.442733 -0.189816 -0.277109 -0.941903 0.295499 0.270059
  39 0.898074 -2.089114 -0.442733 -0.099977 -0.312767 -0.944553 0.293542 0.268102
  39 0.868074 -2.079114 -0.442733 -0.241413 -0.373369 -0.895720 0.295499 0.270059
knife_butterfly.bmp
  39 0.898074 -2.089114 -0.442733 -0.099977 -0.312767 -0.944553 0.293542 0.268102
  39 0.898074 -2.119114 -0.432733 -0.125430 -0.489671 -0.862838 0.293542 0.266145
  39 0.868074 -2.079114 -0.442733 -0.241413 -0.373369 -0.895720 0.295499 0.270059
knife_butterfly.bmp
  39 0.868074 -2.079114 -0.442733 -0.241413 -0.373369 -0.895720 0.295499 0.270059
  39 0.898074 -2.119114 -0.432733 -0.125430 -0.489671 -0.862838 0.293542 0.266145
  39 0.868074 -2.119114 -0.422733 -0.263921 -0.476544 -0.838601 0.295499 0.266145
knife_butterfly.bmp
  39 0.898074 -2.119114 -0.432733 -0.125430 -0.489671 -0.862838 0.293542 0.266145
  39 0.868074 -2.149114 -0.402733 -0.239369 -0.600726 -0.762778 0.295499 0.262231
  39 0.868074 -2.119114 -0.422733 -0.263921 -0.476544 -0.838601 0.295499 0.266145
knife_butterfly.bmp
  39 0.858072 -2.029112 0.557267 -1.000000 0.000000 -0.000002 0.136986 0.093933
  39 0.868072 -1.979112 0.647267 -1.000000 0.000000 -0.000002 0.148728 0.086106
  39 0.868072 -1.669112 0.647266 -1.000000 0.000000 -0.000002 0.148728 0.043053
knife_butterfly.bmp
  39 0.868072 -1.669112 0.647266 -1.000000 0.000000 -0.000002 0.148728 0.043053
  39 0.868072 -1.979112 0.647267 -1.000000 0.000000 -0.000002 0.148728 0.086106
  39 0.878072 -1.589112 0.707266 -1.000000 0.000000 -0.000002 0.158513 0.029354
knife_butterfly.bmp
  39 0.868072 -1.979112 0.647267 -1.000000 0.000000 -0.000002 0.148728 0.086106
  39 0.878072 -1.579112 0.827266 -1.000000 0.000000 -0.000002 0.178082 0.031311
  39 0.878072 -1.589112 0.707266 -1.000000 0.000000 -0.000002 0.158513 0.029354
knife_butterfly.bmp
  39 0.878072 -1.589112 0.707266 -1.000000 0.000000 -0.000002 0.158513 0.029354
  39 0.878072 -1.579112 0.827266 -1.000000 0.000000 -0.000002 0.178082 0.031311
  39 0.878072 -1.529112 0.797266 -1.000000 0.000000 -0.000002 0.170254 0.021526
knife_butterfly.bmp
  39 0.878072 -1.579112 0.827266 -1.000000 0.000000 -0.000002 0.178082 0.031311
  39 0.878072 -1.499112 0.817266 -1.000000 0.000000 -0.000002 0.174168 0.017613
  39 0.878072 -1.529112 0.797266 -1.000000 0.000000 -0.000002 0.170254 0.021526
knife_butterfly.bmp
  39 0.858072 -2.029112 0.407267 -1.000000 0.000000 -0.000002 0.119374 0.091977
  39 0.858072 -2.029112 0.557267 -1.000000 0.000000 -0.000002 0.136986 0.093933
  39 0.858072 -1.919112 0.467267 -1.000000 0.000000 -0.000002 0.125245 0.078278
knife_butterfly.bmp
  39 0.858072 -2.029112 0.407267 -1.000000 0.000000 -0.000002 0.119374 0.091977
  39 0.858072 -2.059112 0.467267 -1.000000 0.000000 -0.000002 0.127202 0.101761
  39 0.858072 -2.029112 0.557267 -1.000000 0.000000 -0.000002 0.136986 0.093933
knife_butterfly.bmp
  39 0.858072 -2.029112 0.407267 -1.000000 0.000000 -0.000002 0.119374 0.091977
  39 0.868072 -2.109112 0.397267 -1.000000 0.000000 -0.000002 0.115460 0.107632
  39 0.858072 -2.059112 0.467267 -1.000000 0.000000 -0.000002 0.127202 0.101761
knife_butterfly.bmp
  39 0.858072 -2.029112 0.407267 -1.000000 0.000000 -0.000002 0.119374 0.091977
  39 0.878073 -2.109113 0.377267 -1.000000 0.000000 -0.000002 0.111546 0.107632
  39 0.868072 -2.109112 0.397267 -1.000000 0.000000 -0.000002 0.115460 0.107632
knife_butterfly.bmp
  39 0.858072 -2.029112 0.407267 -1.000000 0.000000 -0.000002 0.119374 0.091977
  39 0.878073 -2.109113 0.357267 -1.000000 0.000000 -0.000002 0.109589 0.107632
  39 0.878073 -2.109113 0.377267 -1.000000 0.000000 -0.000002 0.111546 0.107632
knife_butterfly.bmp
  39 0.868071 -1.469111 0.897266 -1.000000 0.000000 -0.000002 0.183953 0.015656
  39 0.858071 -1.519111 1.107266 -1.000000 0.000000 -0.000002 0.213307 0.019569
  39 0.858071 -1.399111 1.107266 -1.000000 0.000000 -0.000002 0.213307 0.001957
knife_butterfly.bmp
  39 0.858071 -1.399111 1.107266 -1.000000 0.000000 -0.000002 0.213307 0.001957
  39 0.858071 -1.519111 1.107266 -1.000000 0.000000 -0.000002 0.213307 0.019569
  39 0.878071 -1.469111 1.187266 -1.000000 0.000000 -0.000002 0.228963 0.011742
knife_butterfly.bmp
  39 0.858071 -1.519111 1.107266 -1.000000 0.000000 -0.000002 0.213307 0.019569
  39 0.878071 -1.589111 1.187266 -1.000000 0.000000 -0.000002 0.230920 0.027397
  39 0.878071 -1.469111 1.187266 -1.000000 0.000000 -0.000002 0.228963 0.011742
knife_butterfly.bmp
  39 0.878071 -1.469111 1.187266 -1.000000 0.000000 -0.000002 0.228963 0.011742
  39 0.878071 -1.589111 1.187266 -1.000000 0.000000 -0.000002 0.230920 0.027397
  39 0.878071 -1.539111 1.257266 -1.000000 0.000000 -0.000002 0.238748 0.025440
knife_butterfly.bmp
  39 0.878071 -1.589111 1.187266 -1.000000 0.000000 -0.000002 0.230920 0.027397
  39 0.878071 -1.649111 1.277266 -1.000000 0.000000 -0.000002 0.244618 0.041096
  39 0.878071 -1.539111 1.257266 -1.000000 0.000000 -0.000002 0.238748 0.025440
knife_butterfly.bmp
  37 1.100000 -1.500000 0.960001 0.000004 -0.023901 -0.999714 0.949119 0.816047
  37 1.100000 -1.290000 0.960001 0.000004 -0.023901 -0.999714 0.949119 0.798434
  37 1.250000 -1.500000 0.960001 0.152754 0.004511 -0.988254 0.966732 0.816047
knife_butterfly.bmp
  37 1.250000 -1.500000 0.960001 0.152754 0.004511 -0.988254 0.966732 0.816047
  37 1.100000 -1.290000 0.960001 0.000004 -0.023901 -0.999714 0.949119 0.798434
  37 1.250000 -1.290000 0.960001 0.152754 0.004511 -0.988254 0.966732 0.798434
knife_butterfly.bmp
  37 1.100000 -1.290000 0.960001 0.000004 -0.023901 -0.999714 0.949119 0.798434
  37 1.100000 -1.200000 0.960001 0.000000 0.040937 -0.999162 0.949119 0.784736
  37 1.250000 -1.290000 0.960001 0.152754 0.004511 -0.988254 0.966732 0.798434
knife_butterfly.bmp
  37 1.250000 -1.290000 0.960001 0.152754 0.004511 -0.988254 0.966732 0.798434
  37 1.100000 -1.200000 0.960001 0.000000 0.040937 -0.999162 0.949119 0.784736
  37 1.250000 -1.200000 0.960001 0.152039 0.062322 -0.986408 0.966732 0.784736
knife_butterfly.bmp
  37 1.100000 -1.200000 0.960001 0.000000 0.040937 -0.999162 0.949119 0.784736
  37 1.250000 -1.080000 0.970001 0.153784 0.118504 -0.980973 0.966732 0.772994
  37 1.250000 -1.200000 0.960001 0.152039 0.062322 -0.986408 0.966732 0.784736
knife_butterfly.bmp
  37 1.250000 -0.870000 1.000001 0.153784 0.118504 -0.980973 0.966732 0.749511
  37 1.250000 -0.970000 0.990001 0.153784 0.118504 -0.980973 0.966732 0.761252
  37 1.100000 -0.870000 1.000001 -0.000001 0.119406 -0.992846 0.949119 0.749511
knife_butterfly.bmp
  37 1.100000 -0.870000 1.000001 -0.000001 0.119406 -0.992846 0.949119 0.749511
  37 1.250000 -0.970000 0.990001 0.153784 0.118504 -0.980973 0.966732 0.761252
  37 1.100000 -0.970000 0.990001 -0.000001 0.119406 -0.992846 0.949119 0.761252
knife_butterfly.bmp
  37 1.250000 -0.970000 0.990001 0.153784 0.118504 -0.980973 0.966732 0.761252
  37 1.250000 -1.080000 0.970001 0.153784 0.118504 -0.980973 0.966732 0.772994
  37 1.100000 -0.970000 0.990001 -0.000001 0.119406 -0.992846 0.949119 0.761252
knife_butterfly.bmp
  37 1.100000 -0.970000 0.990001 -0.000001 0.119406 -0.992846 0.949119 0.761252
  37 1.250000 -1.080000 0.970001 0.153784 0.118504 -0.980973 0.966732 0.772994
  37 1.100000 -1.080000 0.970001 -0.000001 0.119406 -0.992846 0.949119 0.772994
knife_butterfly.bmp
  37 1.250000 -1.080000 0.970001 0.153784 0.118504 -0.980973 0.966732 0.772994
  37 1.100000 -1.200000 0.960001 0.000000 0.040937 -0.999162 0.949119 0.784736
  37 1.100000 -1.080000 0.970001 -0.000001 0.119406 -0.992846 0.949119 0.772994
knife_butterfly.bmp
  37 1.100000 -1.200000 1.320001 0.000000 -0.014673 0.999892 0.986301 0.851272
  37 1.100000 -1.360000 1.320001 -0.000002 0.027761 0.999615 0.986301 0.868885
  37 1.250000 -1.200000 1.320001 0.000000 -0.014673 0.999892 0.968689 0.851272
knife_butterfly.bmp
  37 1.250000 -1.200000 1.320001 0.000000 -0.014673 0.999892 0.968689 0.851272
  37 1.100000 -1.360000 1.320001 -0.000002 0.027761 0.999615 0.986301 0.868885
  37 1.250000 -1.360000 1.320001 -0.000002 0.027761 0.999615 0.968689 0.868885
knife_butterfly.bmp
  37 1.100000 -1.360000 1.320001 -0.000002 0.027761 0.999615 0.986301 0.868885
  37 1.100000 -1.520000 1.330001 -0.000006 0.132740 0.991151 0.986301 0.884540
  37 1.250000 -1.360000 1.320001 -0.000002 0.027761 0.999615 0.968689 0.868885
knife_butterfly.bmp
  37 1.250000 -1.360000 1.320001 -0.000002 0.027761 0.999615 0.968689 0.868885
  37 1.100000 -1.520000 1.330001 -0.000006 0.132740 0.991151 0.986301 0.884540
  37 1.250000 -1.520000 1.330001 -0.000006 0.132740 0.991151 0.968689 0.884540
knife_butterfly.bmp
  37 1.100000 -1.520000 1.330001 -0.000006 0.132740 0.991151 0.986301 0.884540
  37 1.250000 -1.540000 1.330001 0.000000 0.245723 0.969340 0.968689 0.888454
  37 1.250000 -1.520000 1.330001 -0.000006 0.132740 0.991151 0.968689 0.884540
knife_butterfly.bmp
  37 1.250000 -1.620000 0.940001 0.000000 -0.605920 -0.795525 0.966732 0.831703
  37 1.250000 -1.650000 0.960001 0.000000 -0.436170 -0.899864 0.966732 0.835616
  37 1.100000 -1.620000 0.940001 0.000000 -0.605920 -0.795525 0.949119 0.831703
knife_butterfly.bmp
  37 1.100000 -1.620000 0.940001 0.000000 -0.605920 -0.795525 0.949119 0.831703
  37 1.250000 -1.650000 0.960001 0.000000 -0.436170 -0.899864 0.966732 0.835616
  37 1.100000 -1.650000 0.960001 0.000000 -0.436170 -0.899864 0.949119 0.835616
knife_butterfly.bmp
  37 1.250000 -1.650000 0.960001 0.000000 -0.436170 -0.899864 0.966732 0.835616
  37 1.250000 -1.700000 0.970001 0.000000 -0.118385 -0.992968 0.966732 0.839530
  37 1.100000 -1.650000 0.960001 0.000000 -0.436170 -0.899864 0.949119 0.835616
knife_butterfly.bmp
  37 1.100000 -1.650000 0.960001 0.000000 -0.436170 -0.899864 0.949119 0.835616
  37 1.250000 -1.700000 0.970001 0.000000 -0.118385 -0.992968 0.966732 0.839530
  37 1.100000 -1.700000 0.970001 0.000000 -0.118385 -0.992968 0.949119 0.839530
knife_butterfly.bmp
  37 1.250000 -1.700000 0.970001 0.000000 -0.118385 -0.992968 0.966732 0.839530
  37 1.100000 -1.730000 0.960001 0.000000 0.282445 -0.959284 0.949119 0.841487
  37 1.100000 -1.700000 0.970001 0.000000 -0.118385 -0.992968 0.949119 0.839530
knife_butterfly.bmp
  39 0.988072 -2.139112 0.427268 0.000030 -0.370015 -0.929026 0.281800 0.168297
  39 0.988072 -2.119112 0.417267 -0.000212 -0.510690 -0.859765 0.281800 0.170254
  39 1.038072 -2.139112 0.427268 0.000002 -0.404024 -0.914748 0.277886 0.168297
knife_butterfly.bmp
  39 1.038072 -2.139112 0.427268 0.000002 -0.404024 -0.914748 0.277886 0.168297
  39 0.988072 -2.119112 0.417267 -0.000212 -0.510690 -0.859765 0.281800 0.170254
  39 1.038072 -2.119112 0.417268 -0.000212 -0.510690 -0.859765 0.277886 0.170254
knife_butterfly.bmp
  39 0.988072 -2.119112 0.417267 -0.000212 -0.510690 -0.859765 0.281800 0.170254
  39 0.988072 -2.109112 0.417267 0.000004 -0.746931 -0.664901 0.281800 0.170254
  39 1.038072 -2.119112 0.417268 -0.000212 -0.510690 -0.859765 0.277886 0.170254
knife_butterfly.bmp
  39 1.038072 -2.119112 0.417268 -0.000212 -0.510690 -0.859765 0.277886 0.170254
  39 0.988072 -2.109112 0.417267 0.000004 -0.746931 -0.664901 0.281800 0.170254
  39 1.038072 -2.109112 0.417268 0.000004 -0.746931 -0.664901 0.277886 0.170254
knife_butterfly.bmp
  39 0.988072 -2.109112 0.417267 0.000004 -0.746931 -0.664901 0.281800 0.170254
  39 0.998072 -2.109112 0.397267 0.000001 -0.929293 -0.369344 0.281800 0.172211
  39 1.038072 -2.109112 0.417268 0.000004 -0.746931 -0.664901 0.277886 0.170254
knife_butterfly.bmp
  39 0.908072 -2.109112 0.397267 0.000001 -0.929293 -0.369344 0.293542 0.172211
  39 0.908072 -2.109112 0.417267 0.000004 -0.746931 -0.664901 0.293542 0.170254
  39 0.858072 -2.109112 0.417267 0.000004 -0.746931 -0.664901 0.297456 0.170254
knife_butterfly.bmp
  39 0.858072 -2.109112 0.417267 0.000004 -0.746931 -0.664901 0.297456 0.170254
  39 0.908072 -2.109112 0.417267 0.000004 -0.746931 -0.664901 0.293542 0.170254
  39 0.858072 -2.119112 0.417267 -0.000212 -0.510690 -0.859765 0.297456 0.170254
knife_butterfly.bmp
  39 0.908072 -2.109112 0.417267 0.000004 -0.746931 -0.664901 0.293542 0.170254
  39 0.908072 -2.119112 0.417267 -0.000212 -0.510690 -0.859765 0.291585 0.170254
  39 0.858072 -2.119112 0.417267 -0.000212 -0.510690 -0.859765 0.297456 0.170254
knife_butterfly.bmp
  39 0.858072 -2.119112 0.417267 -0.000212 -0.510690 -0.859765 0.297456 0.170254
  39 0.908072 -2.119112 0.417267 -0.000212 -0.510690 -0.859765 0.291585 0.170254
  39 0.858072 -2.139112 0.427267 0.000002 -0.404024 -0.914748 0.297456 0.168297
knife_butterfly.bmp
  39 0.908072 -2.119112 0.417267 -0.000212 -0.510690 -0.859765 0.291585 0.170254
  39 0.918072 -2.139112 0.427267 0.000030 -0.370015 -0.929026 0.291585 0.168297
  39 0.858072 -2.139112 0.427267 0.000002 -0.404024 -0.914748 0.297456 0.168297
knife_butterfly.bmp
  37 1.280000 -1.950000 1.410001 1.000000 0.000000 0.000000 0.487280 0.941292
  37 1.280000 -1.950000 0.830001 1.000000 0.000000 0.000000 0.416830 0.941292
  37 1.280000 -1.890000 1.400001 1.000000 0.000000 0.000000 0.485323 0.935421
knife_butterfly.bmp
  37 1.280000 -1.890000 1.400001 1.000000 0.000000 0.000000 0.485323 0.935421
  37 1.280000 -1.950000 0.830001 1.000000 0.000000 0.000000 0.416830 0.941292
  37 1.280000 -1.870000 1.380001 1.000000 0.000000 0.000000 0.483366 0.929550
knife_butterfly.bmp
  37 1.280000 -1.950000 0.830001 1.000000 0.000000 0.000000 0.416830 0.941292
  37 1.280000 -1.900000 0.850001 1.000000 0.000000 0.000000 0.418787 0.935421
  37 1.280000 -1.870000 1.380001 1.000000 0.000000 0.000000 0.483366 0.929550
knife_butterfly.bmp
  37 1.280000 -1.870000 1.380001 1.000000 0.000000 0.000000 0.483366 0.929550
  37 1.280000 -1.900000 0.850001 1.000000 0.000000 0.000000 0.418787 0.935421
  37 1.280000 -1.830000 1.360001 1.000000 0.000000 0.000000 0.481409 0.925636
knife_butterfly.bmp
  37 1.280000 -1.900000 0.850001 1.000000 0.000000 0.000000 0.418787 0.935421
  37 1.280000 -1.850000 0.870001 1.000000 0.000000 0.000000 0.420744 0.929550
  37 1.280000 -1.830000 1.360001 1.000000 0.000000 0.000000 0.481409 0.925636
knife_butterfly.bmp
  37 1.100000 -2.080000 1.450001 -1.000000 0.000000 0.000000 0.596869 0.956947
  37 1.100000 -1.990000 1.460001 -1.000000 0.000000 0.000000 0.596869 0.947162
  37 1.100000 -2.130000 0.830001 -1.000000 0.000000 0.000000 0.516634 0.960861
knife_butterfly.bmp
  37 1.100000 -2.130000 0.830001 -1.000000 0.000000 0.000000 0.516634 0.960861
  37 1.100000 -1.990000 1.460001 -1.000000 0.000000 0.000000 0.596869 0.947162
  37 1.100000 -2.050000 0.810001 -1.000000 0.000000 0.000000 0.516634 0.953033
knife_butterfly.bmp
  37 1.100000 -1.990000 1.460001 -1.000000 0.000000 0.000000 0.596869 0.947162
  37 1.100000 -1.950000 1.450001 -1.000000 0.000000 0.000000 0.594912 0.941292
  37 1.100000 -2.050000 0.810001 -1.000000 0.000000 0.000000 0.516634 0.953033
knife_butterfly.bmp
  37 1.100000 -2.050000 0.810001 -1.000000 0.000000 0.000000 0.516634 0.953033
  37 1.100000 -1.950000 1.450001 -1.000000 0.000000 0.000000 0.594912 0.941292
  37 1.100000 -2.000000 0.810001 -1.000000 0.000000 0.000000 0.514677 0.947162
knife_butterfly.bmp
  37 1.100000 -1.950000 1.450001 -1.000000 0.000000 0.000000 0.594912 0.941292
  37 1.100000 -1.950000 0.810001 -1.000000 0.000000 0.000000 0.516634 0.941292
  37 1.100000 -2.000000 0.810001 -1.000000 0.000000 0.000000 0.514677 0.947162
knife_butterfly.bmp
  37 0.880000 -1.200000 0.960001 0.000000 0.040937 -0.999162 0.927593 0.784736
  37 0.710000 -1.080000 0.970001 -0.153787 0.118504 -0.980972 0.909980 0.772994
  37 0.880000 -1.080000 0.970001 -0.000001 0.119406 -0.992846 0.927593 0.772994
knife_butterfly.bmp
  37 0.880000 -1.080000 0.970001 -0.000001 0.119406 -0.992846 0.927593 0.772994
  37 0.710000 -1.080000 0.970001 -0.153787 0.118504 -0.980972 0.909980 0.772994
  37 0.880000 -0.970000 0.990001 -0.000001 0.119406 -0.992846 0.927593 0.761252
knife_butterfly.bmp
  37 0.710000 -1.080000 0.970001 -0.153787 0.118504 -0.980972 0.909980 0.772994
  37 0.710000 -0.970000 0.990001 -0.153787 0.118504 -0.980972 0.909980 0.761252
  37 0.880000 -0.970000 0.990001 -0.000001 0.119406 -0.992846 0.927593 0.761252
knife_butterfly.bmp
  37 0.880000 -0.970000 0.990001 -0.000001 0.119406 -0.992846 0.927593 0.761252
  37 0.710000 -0.970000 0.990001 -0.153787 0.118504 -0.980972 0.909980 0.761252
  37 0.880000 -0.870000 1.000001 -0.000001 0.119406 -0.992846 0.927593 0.751468
knife_butterfly.bmp
  37 0.710000 -0.970000 0.990001 -0.153787 0.118504 -0.980972 0.909980 0.761252
  37 0.710000 -0.870000 1.000001 -0.152044 0.062322 -0.986407 0.909980 0.751468
  37 0.880000 -0.870000 1.000001 -0.000001 0.119406 -0.992846 0.927593 0.751468
knife_butterfly.bmp
  40 0.890001 -2.378560 0.798157 -0.000003 0.200230 0.979749 0.870841 0.933464
  40 0.890001 -2.318561 0.778157 -0.000004 0.337644 0.941274 0.870841 0.925636
  40 0.730001 -2.378560 0.798157 -0.000003 0.200230 0.979749 0.888454 0.933464
knife_butterfly.bmp
  40 0.730001 -2.378560 0.798157 -0.000003 0.200230 0.979749 0.888454 0.933464
  40 0.890001 -2.318561 0.778157 -0.000004 0.337644 0.941274 0.870841 0.925636
  40 0.730001 -2.318561 0.778156 -0.000004 0.337644 0.941274 0.888454 0.925636
knife_butterfly.bmp
  40 0.890001 -2.318561 0.778157 -0.000004 0.337644 0.941274 0.870841 0.925636
  40 0.890001 -2.278561 0.768157 -0.000004 0.395433 0.918495 0.870841 0.921722
  40 0.730001 -2.318561 0.778156 -0.000004 0.337644 0.941274 0.888454 0.925636
knife_butterfly.bmp
  40 0.730001 -2.318561 0.778156 -0.000004 0.337644 0.941274 0.888454 0.925636
  40 0.890001 -2.278561 0.768157 -0.000004 0.395433 0.918495 0.870841 0.921722
  40 0.730001 -2.278561 0.748156 -0.000004 0.395433 0.918495 0.888454 0.921722
knife_butterfly.bmp
  40 0.890001 -2.278561 0.768157 -0.000004 0.395433 0.918495 0.870841 0.921722
  40 0.890001 -2.238561 0.748156 -0.000004 0.337644 0.941274 0.870841 0.915851
  40 0.730001 -2.278561 0.748156 -0.000004 0.395433 0.918495 0.888454 0.921722
knife_butterfly.bmp
  37 0.710000 -1.200000 1.320001 0.000000 -0.014673 0.999892 0.947162 0.851272
  37 0.880000 -1.110000 1.320001 -0.000002 -0.073491 0.997296 0.929550 0.841487
  37 0.710000 -1.110000 1.320001 -0.000002 -0.073491 0.997296 0.947162 0.841487
knife_butterfly.bmp
  37 0.710000 -1.110000 1.320001 -0.000002 -0.073491 0.997296 0.947162 0.841487
  37 0.880000 -1.110000 1.320001 -0.000002 -0.073491 0.997296 0.929550 0.841487
  37 0.710000 -1.020000 1.330001 -0.000002 -0.134625 0.990897 0.947162 0.833659
knife_butterfly.bmp
  37 0.880000 -1.110000 1.320001 -0.000002 -0.073491 0.997296 0.929550 0.841487
  37 0.880000 -1.020000 1.330001 -0.000002 -0.134625 0.990897 0.929550 0.833659
  37 0.710000 -1.020000 1.330001 -0.000002 -0.134625 0.990897 0.947162 0.833659
knife_butterfly.bmp
  37 0.710000 -1.020000 1.330001 -0.000002 -0.134625 0.990897 0.947162 0.833659
  37 0.880000 -1.020000 1.330001 -0.000002 -0.134625 0.990897 0.929550 0.833659
  37 0.880000 -0.940000 1.340001 -0.000002 -0.196293 0.980545 0.929550 0.823875
knife_butterfly.bmp
  37 0.710000 -2.050000 0.810001 0.000000 -0.118385 -0.992968 0.909980 0.884540
  37 0.710000 -2.000000 0.810001 0.000000 0.040937 -0.999162 0.909980 0.878669
  37 0.880000 -2.000000 0.810001 0.000000 0.040937 -0.999162 0.927593 0.878669
knife_butterfly.bmp
  37 0.880000 -2.000000 0.810001 0.000000 0.040937 -0.999162 0.927593 0.878669
  37 0.710000 -2.000000 0.810001 0.000000 0.040937 -0.999162 0.909980 0.878669
  37 0.880000 -1.950000 0.810001 0.000000 0.204453 -0.978876 0.927593 0.874755
knife_butterfly.bmp
  37 0.710000 -2.000000 0.810001 0.000000 0.040937 -0.999162 0.909980 0.878669
  37 0.710000 -1.950000 0.810001 0.000000 0.204453 -0.978876 0.909980 0.874755
  37 0.880000 -1.950000 0.810001 0.000000 0.204453 -0.978876 0.927593 0.874755
knife_butterfly.bmp
  37 0.880000 -1.950000 0.810001 0.000000 0.204453 -0.978876 0.927593 0.874755
  37 0.710000 -1.950000 0.810001 0.000000 0.204453 -0.978876 0.909980 0.874755
  37 0.880000 -1.900000 0.810001 0.000000 0.346980 -0.937872 0.927593 0.868885
knife_butterfly.bmp
  39 1.038072 -1.629112 0.447266 0.854682 0.467273 -0.226219 0.273973 0.395303
  39 1.038072 -1.579112 0.607266 0.653992 0.554865 -0.514217 0.275930 0.412916
  39 1.038072 -1.599112 0.607266 0.874965 0.472938 -0.103761 0.273973 0.410959
knife_butterfly.bmp
  39 1.038072 -1.629112 0.447266 0.854682 0.467273 -0.226219 0.273973 0.395303
  39 1.038072 -1.619112 0.447266 0.854682 0.467273 -0.226219 0.275930 0.395303
  39 1.038072 -1.579112 0.607266 0.653992 0.554865 -0.514217 0.275930 0.412916
knife_butterfly.bmp
  39 1.038072 -1.629112 0.447266 0.854682 0.467273 -0.226219 0.273973 0.395303
  39 1.038072 -1.659112 0.397267 0.633922 0.593146 -0.496308 0.275930 0.389432
  39 1.038072 -1.619112 0.447266 0.854682 0.467273 -0.226219 0.275930 0.395303
knife_butterfly.bmp
  39 1.038072 -1.629112 0.447266 0.854682 0.467273 -0.226219 0.273973 0.395303
  39 1.038072 -1.669112 0.407267 0.839108 0.428942 -0.334524 0.275930 0.389432
  39 1.038072 -1.659112 0.397267 0.633922 0.593146 -0.496308 0.275930 0.389432
knife_butterfly.bmp
  39 1.018072 -1.579112 0.607266 0.116678 0.968317 -0.220792 0.277886 0.412916
  39 0.968072 -1.619112 0.447266 0.000001 0.901958 -0.431823 0.285714 0.397260
  39 0.968072 -1.579112 0.597266 0.000000 0.974974 -0.222320 0.285714 0.412916
knife_butterfly.bmp
  39 1.018072 -1.579112 0.607266 0.116678 0.968317 -0.220792 0.277886 0.412916
  39 1.018072 -1.619112 0.447266 0.115215 0.896132 -0.428572 0.277886 0.397260
  39 0.968072 -1.619112 0.447266 0.000001 0.901958 -0.431823 0.285714 0.397260
knife_butterfly.bmp
  39 1.018072 -1.579112 0.607266 0.116678 0.968317 -0.220792 0.277886 0.412916
  39 1.038072 -1.619112 0.447266 0.232502 0.876847 -0.420811 0.275930 0.395303
  39 1.018072 -1.619112 0.447266 0.115215 0.896132 -0.428572 0.277886 0.397260
knife_butterfly.bmp
  39 1.018072 -1.579112 0.607266 0.116678 0.968317 -0.220792 0.277886 0.412916
  39 1.038072 -1.579112 0.607266 0.228676 0.949144 -0.216409 0.275930 0.412916
  39 1.038072 -1.619112 0.447266 0.232502 0.876847 -0.420811 0.275930 0.395303
knife_butterfly.bmp
  39 1.038071 -1.529111 1.247266 0.113647 0.479504 0.870149 0.277886 0.495108
  39 1.058071 -1.459111 1.167266 0.169247 0.736795 0.654590 0.275930 0.483366
  39 1.038071 -1.449111 1.167266 0.085338 0.761661 0.642331 0.277886 0.483366
knife_butterfly.bmp
  39 1.038071 -1.529111 1.247266 0.113647 0.479504 0.870149 0.277886 0.495108
  39 1.058071 -1.529111 1.247266 0.236816 0.469070 0.850818 0.275930 0.495108
  39 1.058071 -1.459111 1.167266 0.169247 0.736795 0.654590 0.275930 0.483366
knife_butterfly.bmp
  39 1.038071 -1.529111 1.247266 0.113647 0.479504 0.870149 0.277886 0.495108
  39 1.058071 -1.659110 1.307267 0.528861 0.253497 0.809966 0.275930 0.508806
  39 1.058071 -1.529111 1.247266 0.236816 0.469070 0.850818 0.275930 0.495108
knife_butterfly.bmp
  39 1.038071 -1.529111 1.247266 0.113647 0.479504 0.870149 0.277886 0.495108
  39 1.038071 -1.659110 1.307267 0.035781 0.241228 0.969809 0.277886 0.508806
  39 1.058071 -1.659110 1.307267 0.528861 0.253497 0.809966 0.275930 0.508806
knife_butterfly.bmp
  39 0.858072 -1.629112 0.427266 -0.854681 0.467273 -0.226224 0.297456 0.395303
  39 0.888072 -1.659112 0.397266 -0.633920 0.593146 -0.496310 0.295499 0.391389
  39 0.858072 -1.669112 0.407266 -0.839106 0.428942 -0.334528 0.297456 0.389432
knife_butterfly.bmp
  39 0.858072 -1.629112 0.427266 -0.854681 0.467273 -0.226224 0.297456 0.395303
  39 0.868072 -1.619112 0.427266 -0.854681 0.467273 -0.226224 0.295499 0.397260
  39 0.888072 -1.659112 0.397266 -0.633920 0.593146 -0.496310 0.295499 0.391389
knife_butterfly.bmp
  39 0.858072 -1.629112 0.427266 -0.854681 0.467273 -0.226224 0.297456 0.395303
  39 0.868072 -1.579112 0.607266 -0.653990 0.554865 -0.514220 0.295499 0.412916
  39 0.868072 -1.619112 0.427266 -0.854681 0.467273 -0.226224 0.295499 0.397260
knife_butterfly.bmp
  39 0.858072 -1.629112 0.427266 -0.854681 0.467273 -0.226224 0.297456 0.395303
  39 0.858072 -1.599112 0.587266 -0.874964 0.472938 -0.103765 0.297456 0.412916
  39 0.868072 -1.579112 0.607266 -0.653990 0.554865 -0.514220 0.295499 0.412916
knife_butterfly.bmp
  39 0.998074 -2.049114 -0.422733 0.111629 0.943593 -0.311724 0.279843 0.273973
  39 0.968074 -2.049114 -0.432733 0.000001 0.863787 -0.503857 0.287671 0.272016
  39 0.968074 -2.049114 -0.422733 0.000001 0.949290 -0.314401 0.287671 0.273973
knife_butterfly.bmp
  39 0.998074 -2.049114 -0.422733 0.111629 0.943593 -0.311724 0.279843 0.273973
  39 0.998074 -2.049114 -0.432733 0.103064 0.847948 -0.519963 0.279843 0.272016
  39 0.968074 -2.049114 -0.432733 0.000001 0.863787 -0.503857 0.287671 0.272016
knife_butterfly.bmp
  39 0.998074 -2.049114 -0.422733 0.111629 0.943593 -0.311724 0.279843 0.273973
  39 1.028074 -2.059114 -0.432733 0.200000 0.875653 -0.439581 0.277886 0.272016
  39 0.998074 -2.049114 -0.432733 0.103064 0.847948 -0.519963 0.279843 0.272016
knife_butterfly.bmp
  39 0.998074 -2.049114 -0.422733 0.111629 0.943593 -0.311724 0.279843 0.273973
  39 1.028074 -2.049114 -0.412733 0.226734 0.921854 -0.314287 0.277886 0.272016
  39 1.028074 -2.059114 -0.432733 0.200000 0.875653 -0.439581 0.277886 0.272016
knife_butterfly.bmp
  37 1.100000 -0.940000 1.340001 -0.000002 -0.196293 0.980545 0.986301 0.823875
  37 1.250000 -0.860000 1.360001 0.000000 -0.274452 0.961601 0.968689 0.814090
  37 1.100000 -0.860000 1.360001 0.000000 -0.274452 0.961601 0.986301 0.814090
knife_butterfly.bmp
  37 1.100000 -0.940000 1.340001 -0.000002 -0.196293 0.980545 0.986301 0.823875
  37 1.250000 -0.940000 1.340001 -0.000002 -0.196293 0.980545 0.968689 0.823875
  37 1.250000 -0.860000 1.360001 0.000000 -0.274452 0.961601 0.968689 0.814090
knife_butterfly.bmp
  37 1.100000 -0.940000 1.340001 -0.000002 -0.196293 0.980545 0.986301 0.823875
  37 1.250000 -1.020000 1.330001 -0.000002 -0.134625 0.990897 0.968689 0.833659
  37 1.250000 -0.940000 1.340001 -0.000002 -0.196293 0.980545 0.968689 0.823875
knife_butterfly.bmp
  37 1.100000 -0.940000 1.340001 -0.000002 -0.196293 0.980545 0.986301 0.823875
  37 1.100000 -1.020000 1.330001 -0.000002 -0.134625 0.990897 0.986301 0.833659
  37 1.250000 -1.020000 1.330001 -0.000002 -0.134625 0.990897 0.968689 0.833659
knife_butterfly.bmp
  37 1.100000 -1.110000 1.320001 -0.000002 -0.073491 0.997296 0.986301 0.841487
  37 1.250000 -1.020000 1.330001 -0.000002 -0.134625 0.990897 0.968689 0.833659
  37 1.100000 -1.020000 1.330001 -0.000002 -0.134625 0.990897 0.986301 0.833659
knife_butterfly.bmp
  37 1.100000 -1.110000 1.320001 -0.000002 -0.073491 0.997296 0.986301 0.841487
  37 1.250000 -1.110000 1.320001 -0.000002 -0.073491 0.997296 0.968689 0.841487
  37 1.250000 -1.020000 1.330001 -0.000002 -0.134625 0.990897 0.968689 0.833659
knife_butterfly.bmp
  37 1.100000 -1.110000 1.320001 -0.000002 -0.073491 0.997296 0.986301 0.841487
  37 1.250000 -1.200000 1.320001 0.000000 -0.014673 0.999892 0.968689 0.851272
  37 1.250000 -1.110000 1.320001 -0.000002 -0.073491 0.997296 0.968689 0.841487
knife_butterfly.bmp
  37 1.100000 -1.110000 1.320001 -0.000002 -0.073491 0.997296 0.986301 0.841487
  37 1.100000 -1.200000 1.320001 0.000000 -0.014673 0.999892 0.986301 0.851272
  37 1.250000 -1.200000 1.320001 0.000000 -0.014673 0.999892 0.968689 0.851272
knife_butterfly.bmp
  39 0.858074 -2.079114 -0.422733 -0.996882 0.073720 -0.028143 0.000000 0.103718
  39 0.858074 -2.109114 -0.402733 -0.996882 0.073720 -0.028143 0.003914 0.107632
  39 0.858074 -2.069114 -0.402733 -0.996882 0.073720 -0.028143 0.001957 0.103718
knife_butterfly.bmp
  39 0.858074 -2.069114 -0.402733 -0.996882 0.073720 -0.028143 0.001957 0.103718
  39 0.858074 -2.109114 -0.402733 -0.996882 0.073720 -0.028143 0.003914 0.107632
  39 0.858074 -2.089114 -0.382733 -0.996882 0.073720 -0.028143 0.005871 0.105675
knife_butterfly.bmp
  39 0.858074 -2.109114 -0.402733 -0.996882 0.073720 -0.028143 0.003914 0.107632
  39 0.858074 -2.139114 -0.382733 -0.996882 0.073720 -0.028143 0.005871 0.111546
  39 0.858074 -2.089114 -0.382733 -0.996882 0.073720 -0.028143 0.005871 0.105675
knife_butterfly.bmp
  39 0.858074 -2.089114 -0.382733 -0.996882 0.073720 -0.028143 0.005871 0.105675
  39 0.858074 -2.139114 -0.382733 -0.996882 0.073720 -0.028143 0.005871 0.111546
  39 0.878074 -2.109114 -0.352733 -0.996882 0.073720 -0.028143 0.009785 0.107632
knife_butterfly.bmp
  40 0.890001 -0.978560 0.828153 -0.000002 -0.307854 0.951434 0.870841 0.776908
  40 0.730001 -1.128561 0.748153 -0.000002 -0.407966 0.912997 0.888454 0.796477
  40 0.890001 -1.128561 0.768154 -0.000002 -0.407966 0.912997 0.870841 0.796477
knife_butterfly.bmp
  40 0.890001 -0.978560 0.828153 -0.000002 -0.307854 0.951434 0.870841 0.776908
  40 0.730001 -0.978560 0.848153 -0.000002 -0.307854 0.951434 0.888454 0.776908
  40 0.730001 -1.128561 0.748153 -0.000002 -0.407966 0.912997 0.888454 0.796477
knife_butterfly.bmp
  40 0.890001 -0.978560 0.828153 -0.000002 -0.307854 0.951434 0.870841 0.776908
  40 0.730001 -0.828560 0.858153 -0.000002 -0.104679 0.994506 0.888454 0.761252
  40 0.730001 -0.978560 0.848153 -0.000002 -0.307854 0.951434 0.888454 0.776908
knife_butterfly.bmp
  40 0.890001 -0.978560 0.828153 -0.000002 -0.307854 0.951434 0.870841 0.776908
  40 0.890001 -0.828560 0.868153 -0.000002 -0.104679 0.994506 0.870841 0.761252
  40 0.730001 -0.828560 0.858153 -0.000002 -0.104679 0.994506 0.888454 0.761252
knife_butterfly.bmp
  40 1.100001 -0.918561 0.708154 -0.999988 0.004937 -0.000682 0.796477 0.771037
  40 1.100001 -0.948561 0.728154 -0.999988 0.004937 -0.000682 0.798434 0.774951
  40 1.100001 -0.828560 0.848153 -0.999988 0.004937 -0.000682 0.816047 0.759295
knife_butterfly.bmp
  40 1.100001 -0.828560 0.848153 -0.999988 0.004937 -0.000682 0.816047 0.759295
  40 1.100001 -0.948561 0.728154 -0.999988 0.004937 -0.000682 0.798434 0.774951
  40 1.100001 -0.978560 0.848154 -0.999988 0.004937 -0.000682 0.814090 0.778865
knife_butterfly.bmp
  40 1.100001 -0.948561 0.728154 -0.999988 0.004937 -0.000682 0.798434 0.774951
  40 1.100001 -0.988561 0.728154 -0.999988 0.004937 -0.000682 0.798434 0.778865
  40 1.100001 -0.978560 0.848154 -0.999988 0.004937 -0.000682 0.814090 0.778865
knife_butterfly.bmp
  40 0.690001 -0.918561 0.708153 -0.999988 0.004937 -0.000682 0.688845 0.771037
  40 0.690001 -0.948561 0.728153 -0.999988 0.004937 -0.000682 0.690802 0.774951
  40 0.690001 -0.838560 0.818152 -0.999988 0.004937 -0.000682 0.704501 0.761252
knife_butterfly.bmp
  40 0.690001 -0.838560 0.818152 -0.999988 0.004937 -0.000682 0.704501 0.761252
  40 0.690001 -0.948561 0.728153 -0.999988 0.004937 -0.000682 0.690802 0.774951
  40 0.690001 -0.988560 0.818153 -0.999988 0.004937 -0.000682 0.702544 0.778865
knife_butterfly.bmp
  40 0.690001 -0.948561 0.728153 -0.999988 0.004937 -0.000682 0.690802 0.774951
  40 0.690001 -0.988561 0.728153 -0.999988 0.004937 -0.000682 0.690802 0.778865
  40 0.690001 -0.988560 0.818153 -0.999988 0.004937 -0.000682 0.702544 0.778865
knife_butterfly.bmp
  37 0.710000 -1.020000 1.330001 -0.000002 -0.134625 0.990897 0.947162 0.833659
  37 0.880000 -0.940000 1.340001 -0.000002 -0.196293 0.980545 0.929550 0.823875
  37 0.710000 -0.940000 1.340001 -0.000002 -0.196293 0.980545 0.947162 0.823875
knife_butterfly.bmp
  37 0.710000 -0.940000 1.340001 -0.000002 -0.196293 0.980545 0.947162 0.823875
  37 0.880000 -0.940000 1.340001 -0.000002 -0.196293 0.980545 0.929550 0.823875
  37 0.710000 -0.860000 1.360001 0.000000 -0.274452 0.961601 0.947162 0.814090
knife_butterfly.bmp
  37 0.880000 -0.940000 1.340001 -0.000002 -0.196293 0.980545 0.929550 0.823875
  37 0.880000 -0.860000 1.360001 0.000000 -0.274452 0.961601 0.929550 0.814090
  37 0.710000 -0.860000 1.360001 0.000000 -0.274452 0.961601 0.947162 0.814090
knife_butterfly.bmp
  37 0.710000 -1.700000 0.970001 0.000000 -0.118385 -0.992968 0.909980 0.839530
  37 0.880000 -1.730000 0.960001 0.000000 0.282445 -0.959284 0.927593 0.843444
  37 0.710000 -1.730000 0.960001 0.000000 0.282445 -0.959284 0.909980 0.843444
knife_butterfly.bmp
  37 0.710000 -1.730000 0.960001 0.000000 0.282445 -0.959284 0.909980 0.843444
  37 0.880000 -1.730000 0.960001 0.000000 0.282445 -0.959284 0.927593 0.843444
  37 0.710000 -1.750000 0.940001 0.000001 0.676856 -0.736115 0.909980 0.847358
knife_butterfly.bmp
  37 0.880000 -1.730000 0.960001 0.000000 0.282445 -0.959284 0.927593 0.843444
  37 0.880000 -1.750000 0.940001 0.000001 0.676856 -0.736115 0.927593 0.847358
  37 0.710000 -1.750000 0.940001 0.000001 0.676856 -0.736115 0.909980 0.847358
knife_butterfly.bmp
  37 0.690000 -2.250000 0.930001 -1.000000 0.000000 0.000000 0.424658 0.976517
  37 0.690000 -2.180000 1.410001 -1.000000 0.000000 0.000000 0.483366 0.966732
  37 0.690000 -2.210000 0.890001 -1.000000 0.000000 0.000000 0.420744 0.968689
knife_butterfly.bmp
  37 0.690000 -2.210000 0.890001 -1.000000 0.000000 0.000000 0.420744 0.968689
  37 0.690000 -2.180000 1.410001 -1.000000 0.000000 0.000000 0.483366 0.966732
  37 0.690000 -2.130000 0.860001 -1.000000 0.000000 0.000000 0.416830 0.960861
knife_butterfly.bmp
  37 0.690000 -2.180000 1.410001 -1.000000 0.000000 0.000000 0.483366 0.966732
  37 0.690000 -2.080000 1.420001 -1.000000 0.000000 0.000000 0.487280 0.956947
  37 0.690000 -2.130000 0.860001 -1.000000 0.000000 0.000000 0.416830 0.960861
knife_butterfly.bmp
  37 0.690000 -1.890000 1.400001 -1.000000 0.000000 0.000000 0.483366 0.935421
  37 0.690000 -1.870000 1.380001 -1.000000 0.000000 0.000000 0.481409 0.929550
  37 0.690000 -1.950000 0.830001 -1.000000 0.000000 0.000000 0.414873 0.941292
knife_butterfly.bmp
  37 0.690000 -1.950000 0.830001 -1.000000 0.000000 0.000000 0.414873 0.941292
  37 0.690000 -1.870000 1.380001 -1.000000 0.000000 0.000000 0.481409 0.929550
  37 0.690000 -1.900000 0.850001 -1.000000 0.000000 0.000000 0.416830 0.935421
knife_butterfly.bmp
  37 0.690000 -1.870000 1.380001 -1.000000 0.000000 0.000000 0.481409 0.929550
  37 0.690000 -1.830000 1.360001 -1.000000 0.000000 0.000000 0.479452 0.925636
  37 0.690000 -1.900000 0.850001 -1.000000 0.000000 0.000000 0.416830 0.935421
knife_butterfly.bmp
  40 1.100001 -1.938561 0.648156 -0.000002 0.115460 0.993312 0.870841 0.882583
  40 1.100001 -1.988561 0.648156 -0.000003 0.200230 0.979749 0.870841 0.886497
  40 1.260001 -1.988561 0.668157 -0.000003 0.200230 0.979749 0.853229 0.886497
knife_butterfly.bmp
  40 1.260001 -1.988561 0.668157 -0.000003 0.200230 0.979749 0.853229 0.886497
  40 1.100001 -1.988561 0.648156 -0.000003 0.200230 0.979749 0.870841 0.886497
  40 1.260001 -2.008561 0.678157 -0.000003 0.200230 0.979749 0.853229 0.890411
knife_butterfly.bmp
  40 1.100001 -1.988561 0.648156 -0.000003 0.200230 0.979749 0.870841 0.886497
  40 1.100001 -2.008561 0.678156 -0.000003 0.200230 0.979749 0.870841 0.890411
  40 1.260001 -2.008561 0.678157 -0.000003 0.200230 0.979749 0.853229 0.890411
knife_butterfly.bmp
  40 1.100002 -2.328562 0.158157 -0.999988 0.004937 -0.000682 0.727984 0.939335
  40 1.100002 -2.368562 0.148157 -0.999988 0.004937 -0.000682 0.726027 0.945205
  40 1.100001 -2.278561 0.768157 -0.999988 0.004937 -0.000682 0.802348 0.935421
knife_butterfly.bmp
  40 1.100001 -2.278561 0.768157 -0.999988 0.004937 -0.000682 0.802348 0.935421
  40 1.100002 -2.368562 0.148157 -0.999988 0.004937 -0.000682 0.726027 0.945205
  40 1.100001 -2.318561 0.758157 -0.999988 0.004937 -0.000682 0.806262 0.939335
knife_butterfly.bmp
  40 1.100002 -2.368562 0.148157 -0.999988 0.004937 -0.000682 0.726027 0.945205
  40 1.100001 -2.378560 0.798157 -0.999988 0.004937 -0.000682 0.808219 0.947162
  40 1.100001 -2.318561 0.758157 -0.999988 0.004937 -0.000682 0.806262 0.939335
knife_butterfly.bmp
  40 1.300001 -0.988561 0.718154 0.999988 0.004934 -0.000682 0.690802 0.778865
  40 1.300001 -0.948561 0.728154 0.999988 0.004934 -0.000682 0.690802 0.774951
  40 1.300001 -0.988560 0.798154 0.999988 0.004934 -0.000682 0.702544 0.778865
knife_butterfly.bmp
  40 1.300001 -0.988560 0.798154 0.999988 0.004934 -0.000682 0.702544 0.778865
  40 1.300001 -0.948561 0.728154 0.999988 0.004934 -0.000682 0.690802 0.774951
  40 1.300001 -0.838560 0.828154 0.999988 0.004934 -0.000682 0.704501 0.761252
knife_butterfly.bmp
  40 1.300001 -0.948561 0.728154 0.999988 0.004934 -0.000682 0.690802 0.774951
  40 1.300001 -0.918561 0.708154 0.999988 0.004934 -0.000682 0.688845 0.771037
  40 1.300001 -0.838560 0.828154 0.999988 0.004934 -0.000682 0.704501 0.761252
knife_butterfly.bmp
  40 0.730002 -2.118562 0.318156 0.000002 -0.071638 -0.997431 0.890411 0.839530
  40 0.890002 -2.158562 0.318156 0.000002 0.299106 -0.954220 0.908023 0.843444
  40 0.730002 -2.158562 0.318156 0.000002 0.299106 -0.954220 0.890411 0.843444
knife_butterfly.bmp
  40 0.730002 -2.158562 0.318156 0.000002 0.299106 -0.954220 0.890411 0.843444
  40 0.890002 -2.158562 0.318156 0.000002 0.299106 -0.954220 0.908023 0.843444
  40 0.730002 -2.188562 0.298156 0.000003 0.678980 -0.734157 0.890411 0.847358
knife_butterfly.bmp
  40 0.890002 -2.158562 0.318156 0.000002 0.299106 -0.954220 0.908023 0.843444
  40 0.890002 -2.188562 0.298156 0.000003 0.678980 -0.734157 0.908023 0.847358
  40 0.730002 -2.188562 0.298156 0.000003 0.678980 -0.734157 0.890411 0.847358
knife_butterfly.bmp
  40 0.890001 -0.988561 0.708153 0.999988 0.004934 -0.000682 0.798434 0.778865
  40 0.890001 -0.948561 0.708153 0.999988 0.004934 -0.000682 0.798434 0.774951
  40 0.890001 -0.978560 0.828153 0.999988 0.004934 -0.000682 0.814090 0.778865
knife_butterfly.bmp
  40 0.890001 -0.978560 0.828153 0.999988 0.004934 -0.000682 0.814090 0.778865
  40 0.890001 -0.948561 0.708153 0.999988 0.004934 -0.000682 0.798434 0.774951
  40 0.890001 -0.828560 0.868153 0.999988 0.004934 -0.000682 0.816047 0.759295
knife_butterfly.bmp
  40 0.890001 -0.948561 0.708153 0.999988 0.004934 -0.000682 0.798434 0.774951
  40 0.890001 -0.918561 0.708153 0.999988 0.004934 -0.000682 0.796477 0.771037
  40 0.890001 -0.828560 0.868153 0.999988 0.004934 -0.000682 0.816047 0.759295
knife_butterfly.bmp
  40 0.690001 -2.348561 0.748156 -0.999988 0.004937 -0.000682 0.694716 0.939335
  40 0.690001 -2.308561 0.708156 -0.999988 0.004937 -0.000682 0.690802 0.935421
  40 0.690002 -2.368562 0.178156 -0.999988 0.004937 -0.000682 0.624266 0.945205
knife_butterfly.bmp
  40 0.690002 -2.368562 0.178156 -0.999988 0.004937 -0.000682 0.624266 0.945205
  40 0.690001 -2.308561 0.708156 -0.999988 0.004937 -0.000682 0.690802 0.935421
  40 0.690002 -2.318562 0.198156 -0.999988 0.004937 -0.000682 0.624266 0.939335
knife_butterfly.bmp
  40 0.690001 -2.308561 0.708156 -0.999988 0.004937 -0.000682 0.690802 0.935421
  40 0.690001 -2.258561 0.688156 -0.999988 0.004937 -0.000682 0.688845 0.929550
  40 0.690002 -2.318562 0.198156 -0.999988 0.004937 -0.000682 0.624266 0.939335
knife_butterfly.bmp
  39 1.058072 -1.659111 0.867267 1.000000 0.000000 0.000002 0.080235 0.031311
  39 1.058072 -1.669111 0.867267 1.000000 0.000000 0.000002 0.080235 0.031311
  39 1.058072 -1.649111 0.867267 1.000000 0.000000 0.000002 0.082192 0.029354
knife_butterfly.bmp
  39 1.058072 -1.649111 0.867267 1.000000 0.000000 0.000002 0.082192 0.029354
  39 1.058072 -1.669111 0.867267 1.000000 0.000000 0.000002 0.080235 0.031311
  39 1.068072 -1.679111 0.857267 1.000000 0.000000 0.000002 0.082192 0.033268
knife_butterfly.bmp
  39 1.058072 -1.669111 0.867267 1.000000 0.000000 0.000002 0.080235 0.031311
  39 1.058072 -1.679111 0.867267 1.000000 0.000000 0.000002 0.082192 0.033268
  39 1.068072 -1.679111 0.857267 1.000000 0.000000 0.000002 0.082192 0.033268
knife_butterfly.bmp
  39 1.068072 -1.679112 0.817267 1.000000 0.000000 0.000002 0.086106 0.033268
  39 1.068072 -1.669112 0.817267 1.000000 0.000000 0.000002 0.086106 0.031311
  39 1.068072 -1.679112 0.827267 1.000000 0.000000 0.000002 0.086106 0.033268
knife_butterfly.bmp
  39 1.068072 -1.679112 0.827267 1.000000 0.000000 0.000002 0.086106 0.033268
  39 1.068072 -1.669112 0.817267 1.000000 0.000000 0.000002 0.086106 0.031311
  39 1.068072 -1.659112 0.817267 1.000000 0.000000 0.000002 0.086106 0.029354
knife_butterfly.bmp
  39 1.068072 -1.669112 0.817267 1.000000 0.000000 0.000002 0.086106 0.031311
  39 1.068072 -1.659112 0.817267 1.000000 0.000000 0.000002 0.086106 0.031311
  39 1.068072 -1.659112 0.817267 1.000000 0.000000 0.000002 0.086106 0.029354
knife_butterfly.bmp
  39 0.968072 -1.659112 0.397266 0.000001 0.784547 -0.620070 0.285714 0.391389
  39 0.888072 -1.659112 0.397266 -0.115511 0.779334 -0.615870 0.293542 0.391389
  39 0.878072 -1.619112 0.427266 -0.115213 0.896132 -0.428572 0.293542 0.397260
knife_butterfly.bmp
  39 0.878072 -1.619112 0.427266 -0.115213 0.896132 -0.428572 0.293542 0.397260
  39 0.888072 -1.659112 0.397266 -0.115511 0.779334 -0.615870 0.293542 0.391389
  39 0.868072 -1.619112 0.427266 -0.232500 0.876847 -0.420812 0.295499 0.397260
knife_butterfly.bmp
  39 0.888072 -1.659112 0.397266 -0.115511 0.779334 -0.615870 0.293542 0.391389
  39 0.888072 -1.659112 0.397266 -0.225239 0.764478 -0.604020 0.295499 0.391389
  39 0.868072 -1.619112 0.427266 -0.232500 0.876847 -0.420812 0.295499 0.397260
knife_butterfly.bmp
  39 1.048072 -1.669112 0.647267 1.000000 0.000000 0.000002 0.148728 0.043053
  39 1.058072 -1.589112 0.717266 1.000000 0.000000 0.000002 0.158513 0.029354
  39 1.048072 -1.979112 0.647267 1.000000 0.000000 0.000002 0.148728 0.086106
knife_butterfly.bmp
  39 1.048072 -1.979112 0.647267 1.000000 0.000000 0.000002 0.148728 0.086106
  39 1.058072 -1.589112 0.717266 1.000000 0.000000 0.000002 0.158513 0.029354
  39 1.058072 -1.579111 0.847266 1.000000 0.000000 0.000002 0.178082 0.031311
knife_butterfly.bmp
  39 1.058072 -1.589112 0.717266 1.000000 0.000000 0.000002 0.158513 0.029354
  39 1.058072 -1.529112 0.787266 1.000000 0.000000 0.000002 0.170254 0.021526
  39 1.058072 -1.579111 0.847266 1.000000 0.000000 0.000002 0.178082 0.031311
knife_butterfly.bmp
  39 0.878072 -1.659112 0.797266 -1.000000 0.000000 -0.000002 0.086106 0.031311
  39 0.878072 -1.669112 0.797266 -1.000000 0.000000 -0.000002 0.086106 0.031311
  39 0.878072 -1.659112 0.797266 -1.000000 0.000000 -0.000002 0.086106 0.029354
knife_butterfly.bmp
  39 0.878072 -1.659112 0.797266 -1.000000 0.000000 -0.000002 0.086106 0.029354
  39 0.878072 -1.669112 0.797266 -1.000000 0.000000 -0.000002 0.086106 0.031311
  39 0.878072 -1.679112 0.807266 -1.000000 0.000000 -0.000002 0.086106 0.033268
knife_butterfly.bmp
  39 0.878072 -1.669112 0.797266 -1.000000 0.000000 -0.000002 0.086106 0.031311
  39 0.878072 -1.679112 0.797266 -1.000000 0.000000 -0.000002 0.086106 0.033268
  39 0.878072 -1.679112 0.807266 -1.000000 0.000000 -0.000002 0.086106 0.033268
knife_butterfly.bmp
  39 0.878072 -1.679111 0.847266 -1.000000 0.000000 -0.000002 0.082192 0.033268
  39 0.878072 -1.669111 0.847266 -1.000000 0.000000 -0.000002 0.080235 0.031311
  39 0.878072 -1.679111 0.847266 -1.000000 0.000000 -0.000002 0.082192 0.033268
knife_butterfly.bmp
  39 0.878072 -1.679111 0.847266 -1.000000 0.000000 -0.000002 0.082192 0.033268
  39 0.878072 -1.669111 0.847266 -1.000000 0.000000 -0.000002 0.080235 0.031311
  39 0.878072 -1.649111 0.847266 -1.000000 0.000000 -0.000002 0.082192 0.029354
knife_butterfly.bmp
  39 0.878072 -1.669111 0.847266 -1.000000 0.000000 -0.000002 0.080235 0.031311
  39 0.878072 -1.659111 0.847266 -1.000000 0.000000 -0.000002 0.080235 0.031311
  39 0.878072 -1.649111 0.847266 -1.000000 0.000000 -0.000002 0.082192 0.029354
knife_butterfly.bmp
  39 1.058071 -1.539111 1.257266 0.965761 0.124056 0.227850 0.273973 0.495108
  39 1.058071 -1.469111 1.167266 0.909657 0.286725 0.300521 0.275930 0.483366
  39 1.058071 -1.529111 1.247266 0.965761 0.124056 0.227850 0.275930 0.495108
knife_butterfly.bmp
  39 1.058071 -1.529111 1.247266 0.965761 0.124056 0.227850 0.275930 0.495108
  39 1.058071 -1.469111 1.167266 0.909657 0.286725 0.300521 0.275930 0.483366
  39 1.058071 -1.459111 1.167266 0.930525 0.292396 0.220518 0.275930 0.483366
knife_butterfly.bmp
  39 1.058071 -1.469111 1.167266 0.909657 0.286725 0.300521 0.275930 0.483366
  39 1.038071 -1.399111 1.107266 0.939936 0.310814 0.141121 0.273973 0.471624
  39 1.058071 -1.459111 1.167266 0.930525 0.292396 0.220518 0.275930 0.483366
knife_butterfly.bmp
  39 0.978073 -2.359113 0.337268 0.000002 0.202366 -0.979310 0.287671 0.146771
  39 0.998073 -2.239113 0.367268 -0.000039 0.380207 -0.924901 0.281800 0.156556
  39 1.008073 -2.359113 0.327268 0.000002 0.202366 -0.979310 0.283757 0.146771
knife_butterfly.bmp
  39 1.008073 -2.359113 0.327268 0.000002 0.202366 -0.979310 0.283757 0.146771
  39 0.998073 -2.239113 0.367268 -0.000039 0.380207 -0.924901 0.281800 0.156556
  39 1.058073 -2.359113 0.347268 0.000002 0.202366 -0.979310 0.277886 0.146771
knife_butterfly.bmp
  39 0.998073 -2.239113 0.367268 -0.000039 0.380207 -0.924901 0.281800 0.156556
  39 1.058073 -2.239113 0.367268 -0.000039 0.380207 -0.924901 0.277886 0.156556
  39 1.058073 -2.359113 0.347268 0.000002 0.202366 -0.979310 0.277886 0.146771
knife_butterfly.bmp
  39 0.868074 -2.049114 -0.392733 -0.100010 0.959166 -0.264574 0.295499 0.273973
  39 0.898074 -2.039114 -0.392733 -0.100829 0.987927 -0.117613 0.293542 0.273973
  39 0.868074 -2.049114 -0.412733 -0.154375 0.970172 -0.186906 0.295499 0.272016
knife_butterfly.bmp
  39 0.868074 -2.049114 -0.412733 -0.154375 0.970172 -0.186906 0.295499 0.272016
  39 0.898074 -2.039114 -0.392733 -0.100829 0.987927 -0.117613 0.293542 0.273973
  39 0.898074 -2.049114 -0.422733 -0.100829 0.987927 -0.117613 0.293542 0.273973
knife_butterfly.bmp
  39 0.898074 -2.039114 -0.392733 -0.100829 0.987927 -0.117613 0.293542 0.273973
  39 0.968074 -2.039114 -0.392733 0.000000 0.992882 -0.119100 0.287671 0.275930
  39 0.898074 -2.049114 -0.422733 -0.100829 0.987927 -0.117613 0.293542 0.273973
knife_butterfly.bmp
  39 0.968074 -2.069114 -0.452733 0.000001 0.739368 -0.673302 0.287671 0.270059
  39 0.898074 -2.069114 -0.452733 -0.091551 0.757594 -0.646274 0.293542 0.270059
  39 0.898074 -2.049114 -0.432733 -0.116072 0.857987 -0.500386 0.293542 0.272016
knife_butterfly.bmp
  39 0.898074 -2.049114 -0.432733 -0.116072 0.857987 -0.500386 0.293542 0.272016
  39 0.898074 -2.069114 -0.452733 -0.091551 0.757594 -0.646274 0.293542 0.270059
  39 0.868074 -2.059114 -0.432733 -0.199998 0.875653 -0.439582 0.295499 0.272016
knife_butterfly.bmp
  39 0.898074 -2.069114 -0.452733 -0.091551 0.757594 -0.646274 0.293542 0.270059
  39 0.868074 -2.069114 -0.442733 -0.116072 0.857987 -0.500386 0.295499 0.270059
  39 0.868074 -2.059114 -0.432733 -0.199998 0.875653 -0.439582 0.295499 0.272016
knife_butterfly.bmp
  39 0.858072 -2.139112 0.427267 -1.000000 0.000000 -0.000002 0.119374 0.111546
  39 0.858072 -2.059112 0.467267 -1.000000 0.000000 -0.000002 0.127202 0.101761
  39 0.858072 -2.119112 0.417267 -1.000000 0.000000 -0.000002 0.117417 0.109589
knife_butterfly.bmp
  39 0.858072 -2.119112 0.417267 -1.000000 0.000000 -0.000002 0.117417 0.109589
  39 0.858072 -2.059112 0.467267 -1.000000 0.000000 -0.000002 0.127202 0.101761
  39 0.858072 -2.109112 0.417267 -1.000000 0.000000 -0.000002 0.117417 0.107632
knife_butterfly.bmp
  39 0.858072 -2.059112 0.467267 -1.000000 0.000000 -0.000002 0.127202 0.101761
  39 0.868072 -2.109112 0.397267 -1.000000 0.000000 -0.000002 0.115460 0.107632
  39 0.858072 -2.109112 0.417267 -1.000000 0.000000 -0.000002 0.117417 0.107632
knife_butterfly.bmp
  39 0.858071 -1.399111 1.107266 -0.939936 0.310814 0.141117 0.295499 0.471624
  39 0.878071 -1.469111 1.187266 -0.909658 0.286725 0.300517 0.295499 0.483366
  39 0.888071 -1.459111 1.187266 -0.930526 0.292396 0.220515 0.295499 0.483366
knife_butterfly.bmp
  39 0.888071 -1.459111 1.187266 -0.930526 0.292396 0.220515 0.295499 0.483366
  39 0.878071 -1.469111 1.187266 -0.909658 0.286725 0.300517 0.295499 0.483366
  39 0.888071 -1.529111 1.267266 -0.963560 0.128125 0.234812 0.295499 0.495108
knife_butterfly.bmp
  39 0.878071 -1.469111 1.187266 -0.909658 0.286725 0.300517 0.295499 0.483366
  39 0.878071 -1.539111 1.257266 -0.963560 0.128125 0.234812 0.295499 0.495108
  39 0.888071 -1.529111 1.267266 -0.963560 0.128125 0.234812 0.295499 0.495108
knife_butterfly.bmp
  37 1.100000 -1.520000 1.330001 -0.000006 0.132740 0.991151 0.986301 0.884540
  37 1.100000 -1.540000 1.330001 0.000000 0.245723 0.969340 0.986301 0.888454
  37 1.250000 -1.540000 1.330001 0.000000 0.245723 0.969340 0.968689 0.888454
knife_butterfly.bmp
  37 1.250000 -1.540000 1.330001 0.000000 0.245723 0.969340 0.968689 0.888454
  37 1.100000 -1.540000 1.330001 0.000000 0.245723 0.969340 0.986301 0.888454
  37 1.250000 -1.600000 1.320001 0.000000 0.245723 0.969340 0.968689 0.894325
knife_butterfly.bmp
  37 1.100000 -1.540000 1.330001 0.000000 0.245723 0.969340 0.986301 0.888454
  37 1.100000 -1.600000 1.320001 0.000000 0.245723 0.969340 0.986301 0.894325
  37 1.250000 -1.600000 1.320001 0.000000 0.245723 0.969340 0.968689 0.894325
knife_butterfly.bmp
  37 1.100000 -2.000000 0.810001 0.000000 0.040937 -0.999162 0.949119 0.878669
  37 1.100000 -1.950000 0.810001 0.000000 0.204453 -0.978876 0.949119 0.872798
  37 1.250000 -2.000000 0.810001 0.000000 0.040937 -0.999162 0.966732 0.878669
knife_butterfly.bmp
  37 1.250000 -2.000000 0.810001 0.000000 0.040937 -0.999162 0.966732 0.878669
  37 1.100000 -1.950000 0.810001 0.000000 0.204453 -0.978876 0.949119 0.872798
  37 1.250000 -1.950000 0.810001 0.000000 0.204453 -0.978876 0.966732 0.872798
knife_butterfly.bmp
  37 1.100000 -1.950000 0.810001 0.000000 0.204453 -0.978876 0.949119 0.872798
  37 1.100000 -1.900000 0.810001 0.000000 0.346980 -0.937872 0.949119 0.868885
  37 1.250000 -1.950000 0.810001 0.000000 0.204453 -0.978876 0.966732 0.872798
knife_butterfly.bmp
  37 1.100000 -1.900000 0.810001 -1.000000 0.000000 0.000000 0.518591 0.935421
  37 1.100000 -1.950000 0.810001 -1.000000 0.000000 0.000000 0.516634 0.941292
  37 1.100000 -1.860000 1.410001 -1.000000 0.000000 0.000000 0.590998 0.929550
knife_butterfly.bmp
  37 1.100000 -1.860000 1.410001 -1.000000 0.000000 0.000000 0.590998 0.929550
  37 1.100000 -1.950000 0.810001 -1.000000 0.000000 0.000000 0.516634 0.941292
  37 1.100000 -1.890000 1.430001 -1.000000 0.000000 0.000000 0.592955 0.935421
knife_butterfly.bmp
  37 1.100000 -1.950000 0.810001 -1.000000 0.000000 0.000000 0.516634 0.941292
  37 1.100000 -1.950000 1.450001 -1.000000 0.000000 0.000000 0.594912 0.941292
  37 1.100000 -1.890000 1.430001 -1.000000 0.000000 0.000000 0.592955 0.935421
knife_butterfly.bmp
  39 0.868074 -2.079114 -0.442733 -0.899932 -0.156127 -0.407120 0.295499 0.270059
  39 0.868074 -2.119114 -0.422733 -0.877716 -0.198946 -0.435929 0.295499 0.266145
  39 0.858074 -2.079114 -0.422733 -0.899932 -0.156127 -0.407120 0.297456 0.270059
knife_butterfly.bmp
  39 0.858074 -2.079114 -0.422733 -0.899932 -0.156127 -0.407120 0.297456 0.270059
  39 0.868074 -2.119114 -0.422733 -0.877716 -0.198946 -0.435929 0.295499 0.266145
  39 0.858074 -2.109114 -0.402733 -0.899932 -0.156127 -0.407120 0.299413 0.266145
knife_butterfly.bmp
  39 0.868074 -2.119114 -0.422733 -0.877716 -0.198946 -0.435929 0.295499 0.266145
  39 0.858074 -2.139114 -0.382733 -0.826882 -0.337822 -0.449603 0.299413 0.262231
  39 0.858074 -2.109114 -0.402733 -0.899932 -0.156127 -0.407120 0.299413 0.266145
knife_butterfly.bmp
  37 1.100000 -2.250000 0.890001 -1.000000 0.000000 0.000000 0.524462 0.976517
  37 1.100000 -2.180000 1.450001 -1.000000 0.000000 0.000000 0.592955 0.964775
  37 1.100000 -2.210000 0.860001 -1.000000 0.000000 0.000000 0.520548 0.968689
knife_butterfly.bmp
  37 1.100000 -2.210000 0.860001 -1.000000 0.000000 0.000000 0.520548 0.968689
  37 1.100000 -2.180000 1.450001 -1.000000 0.000000 0.000000 0.592955 0.964775
  37 1.100000 -2.130000 0.830001 -1.000000 0.000000 0.000000 0.516634 0.960861
knife_butterfly.bmp
  37 1.100000 -2.180000 1.450001 -1.000000 0.000000 0.000000 0.592955 0.964775
  37 1.100000 -2.080000 1.450001 -1.000000 0.000000 0.000000 0.596869 0.956947
  37 1.100000 -2.130000 0.830001 -1.000000 0.000000 0.000000 0.516634 0.960861
knife_butterfly.bmp
  37 0.630000 -2.030000 1.170001 -1.000000 0.000000 0.000000 0.508806 0.771037
  37 0.630000 -2.020000 1.170001 -1.000000 0.000000 0.000000 0.508806 0.771037
  37 0.630000 -2.040000 1.160001 -1.000000 0.000000 0.000000 0.506849 0.771037
knife_butterfly.bmp
  37 0.630000 -2.040000 1.160001 -1.000000 0.000000 0.000000 0.506849 0.771037
  37 0.630000 -2.020000 1.170001 -1.000000 0.000000 0.000000 0.508806 0.771037
  37 0.630000 -2.000000 1.170001 -1.000000 0.000000 0.000000 0.508806 0.771037
knife_butterfly.bmp
  37 0.630000 -2.020000 1.170001 -1.000000 0.000000 0.000000 0.508806 0.771037
  37 0.630000 -2.010000 1.170001 -1.000000 0.000000 0.000000 0.508806 0.771037
  37 0.630000 -2.000000 1.170001 -1.000000 0.000000 0.000000 0.508806 0.771037
knife_butterfly.bmp
  37 0.630000 -2.010000 1.090001 -1.000000 0.000000 0.000000 0.506849 0.772994
  37 0.630000 -2.020000 1.090001 -1.000000 0.000000 0.000000 0.506849 0.772994
  37 0.630000 -2.000000 1.090001 -1.000000 0.000000 0.000000 0.506849 0.772994
knife_butterfly.bmp
  37 0.630000 -2.000000 1.090001 -1.000000 0.000000 0.000000 0.506849 0.772994
  37 0.630000 -2.020000 1.090001 -1.000000 0.000000 0.000000 0.506849 0.772994
  37 0.630000 -2.040000 1.120001 -1.000000 0.000000 0.000000 0.506849 0.772994
knife_butterfly.bmp
  37 0.630000 -2.020000 1.090001 -1.000000 0.000000 0.000000 0.506849 0.772994
  37 0.630000 -2.040000 1.110001 -1.000000 0.000000 0.000000 0.506849 0.772994
  37 0.630000 -2.040000 1.120001 -1.000000 0.000000 0.000000 0.506849 0.772994
knife_butterfly.bmp
  37 1.330000 -2.010000 1.170001 1.000000 0.000000 0.000000 0.508806 0.835616
  37 1.330000 -2.020000 1.170001 1.000000 0.000000 0.000000 0.508806 0.835616
  37 1.330000 -2.000000 1.170001 1.000000 0.000000 0.000000 0.510763 0.835616
knife_butterfly.bmp
  37 1.330000 -2.000000 1.170001 1.000000 0.000000 0.000000 0.510763 0.835616
  37 1.330000 -2.020000 1.170001 1.000000 0.000000 0.000000 0.508806 0.835616
  37 1.330000 -2.040000 1.160001 1.000000 0.000000 0.000000 0.508806 0.835616
knife_butterfly.bmp
  37 1.330000 -2.020000 1.170001 1.000000 0.000000 0.000000 0.508806 0.835616
  37 1.330000 -2.030000 1.170001 1.000000 0.000000 0.000000 0.508806 0.835616
  37 1.330000 -2.040000 1.160001 1.000000 0.000000 0.000000 0.508806 0.835616
knife_butterfly.bmp
  37 1.330000 -2.040000 1.110001 1.000000 0.000000 0.000000 0.506849 0.833659
  37 1.330000 -2.020000 1.090001 1.000000 0.000000 0.000000 0.506849 0.833659
  37 1.330000 -2.040000 1.120001 1.000000 0.000000 0.000000 0.506849 0.833659
knife_butterfly.bmp
  37 1.330000 -2.040000 1.120001 1.000000 0.000000 0.000000 0.506849 0.833659
  37 1.330000 -2.020000 1.090001 1.000000 0.000000 0.000000 0.506849 0.833659
  37 1.330000 -2.000000 1.090001 1.000000 0.000000 0.000000 0.508806 0.833659
knife_butterfly.bmp
  37 1.330000 -2.020000 1.090001 1.000000 0.000000 0.000000 0.506849 0.833659
  37 1.330000 -2.010000 1.090001 1.000000 0.000000 0.000000 0.508806 0.833659
  37 1.330000 -2.000000 1.090001 1.000000 0.000000 0.000000 0.508806 0.833659
knife_butterfly.bmp
  39 1.048074 -2.139114 -0.382732 0.826884 -0.337822 -0.449599 0.273973 0.262231
  39 1.028074 -2.119114 -0.422732 0.877718 -0.198946 -0.435926 0.277886 0.266145
  39 1.038074 -2.109114 -0.402732 0.886834 -0.160134 -0.433455 0.275930 0.266145
knife_butterfly.bmp
  39 1.038074 -2.109114 -0.402732 0.886834 -0.160134 -0.433455 0.275930 0.266145
  39 1.028074 -2.119114 -0.422732 0.877718 -0.198946 -0.435926 0.277886 0.266145
  39 1.038074 -2.079114 -0.422732 0.886834 -0.160134 -0.433455 0.275930 0.270059
knife_butterfly.bmp
  39 1.028074 -2.119114 -0.422732 0.877718 -0.198946 -0.435926 0.277886 0.266145
  39 1.028074 -2.079114 -0.442733 0.907988 -0.159760 -0.387342 0.277886 0.270059
  39 1.038074 -2.079114 -0.422732 0.886834 -0.160134 -0.433455 0.275930 0.270059
knife_butterfly.bmp
  39 1.048074 -2.139114 -0.382732 0.996020 0.078293 -0.042604 0.005871 0.111546
  39 1.038074 -2.109114 -0.402732 0.996020 0.078293 -0.042604 0.003914 0.107632
  39 1.038074 -2.089114 -0.382732 0.996020 0.078293 -0.042604 0.005871 0.105675
knife_butterfly.bmp
  39 1.038074 -2.089114 -0.382732 0.996020 0.078293 -0.042604 0.005871 0.105675
  39 1.038074 -2.109114 -0.402732 0.996020 0.078293 -0.042604 0.003914 0.107632
  39 1.038074 -2.069114 -0.402732 0.996020 0.078293 -0.042604 0.001957 0.103718
knife_butterfly.bmp
  39 1.038074 -2.109114 -0.402732 0.996020 0.078293 -0.042604 0.003914 0.107632
  39 1.038074 -2.079114 -0.422732 0.996020 0.078293 -0.042604 0.000000 0.103718
  39 1.038074 -2.069114 -0.402732 0.996020 0.078293 -0.042604 0.001957 0.103718
knife_butterfly.bmp
  37 0.710000 -1.600000 1.320001 0.000000 0.245723 0.969340 0.947162 0.894325
  37 0.880000 -1.540000 1.330001 0.000000 0.245723 0.969340 0.929550 0.888454
  37 0.710000 -1.540000 1.330001 0.000000 0.245723 0.969340 0.947162 0.888454
knife_butterfly.bmp
  37 0.710000 -1.540000 1.330001 0.000000 0.245723 0.969340 0.947162 0.888454
  37 0.880000 -1.540000 1.330001 0.000000 0.245723 0.969340 0.929550 0.888454
  37 0.880000 -1.520000 1.330001 -0.000006 0.132740 0.991151 0.929550 0.884540
knife_butterfly.bmp
  37 0.880000 -2.280000 1.360001 0.000000 -0.751409 0.659837 0.929550 0.974560
  37 0.880000 -2.250000 1.410001 0.000000 -0.584485 0.811404 0.929550 0.966732
  37 0.710000 -2.250000 1.410001 0.000000 -0.584485 0.811404 0.947162 0.966732
knife_butterfly.bmp
  37 0.710000 -2.250000 1.410001 0.000000 -0.584485 0.811404 0.947162 0.966732
  37 0.880000 -2.250000 1.410001 0.000000 -0.584485 0.811404 0.929550 0.966732
  37 0.710000 -2.180000 1.450001 0.000000 -0.398038 0.917369 0.947162 0.956947
knife_butterfly.bmp
  37 0.880000 -2.250000 0.890001 1.000000 0.000000 0.000000 0.524462 0.976517
  37 0.880000 -2.210000 0.860001 1.000000 0.000000 0.000000 0.520548 0.968689
  37 0.880000 -2.180000 1.450001 1.000000 0.000000 0.000000 0.592955 0.964775
knife_butterfly.bmp
  37 0.880000 -2.180000 1.450001 1.000000 0.000000 0.000000 0.592955 0.964775
  37 0.880000 -2.210000 0.860001 1.000000 0.000000 0.000000 0.520548 0.968689
  37 0.880000 -2.130000 0.830001 1.000000 0.000000 0.000000 0.516634 0.960861
knife_butterfly.bmp
  40 1.260002 -2.068562 0.298157 0.207327 -0.177109 -0.962106 0.853229 0.833659
  40 1.100002 -2.068562 0.298156 0.000002 0.024040 -0.999711 0.835616 0.833659
  40 1.260002 -1.918562 0.298156 0.151029 0.037183 -0.987830 0.853229 0.818004
knife_butterfly.bmp
  40 1.260002 -1.918562 0.298156 0.151029 0.037183 -0.987830 0.853229 0.818004
  40 1.100002 -2.068562 0.298156 0.000002 0.024040 -0.999711 0.835616 0.833659
  40 1.100002 -1.918562 0.288156 0.000002 0.024040 -0.999711 0.835616 0.818004
knife_butterfly.bmp
  40 1.260002 -2.188562 0.288157 0.000003 0.678980 -0.734157 0.853229 0.847358
  40 1.100002 -2.158562 0.318157 0.000002 0.299106 -0.954220 0.835616 0.843444
  40 1.260002 -2.158562 0.318157 0.000002 0.299106 -0.954220 0.853229 0.843444
knife_butterfly.bmp
  40 1.260002 -2.158562 0.318157 0.000002 0.299106 -0.954220 0.853229 0.843444
  40 1.100002 -2.158562 0.318157 0.000002 0.299106 -0.954220 0.835616 0.843444
  40 1.260002 -2.118562 0.318157 0.000002 -0.071638 -0.997431 0.853229 0.841487
knife_butterfly.bmp
  40 1.280001 -0.968561 0.498154 0.999988 0.004934 -0.000682 0.665362 0.778865
  40 1.280001 -0.858561 0.448154 0.999988 0.004934 -0.000682 0.653620 0.763209
  40 1.280001 -0.928561 0.508154 0.999988 0.004934 -0.000682 0.665362 0.774951
knife_butterfly.bmp
  40 1.280001 -0.928561 0.508154 0.999988 0.004934 -0.000682 0.665362 0.774951
  40 1.280001 -0.858561 0.448154 0.999988 0.004934 -0.000682 0.653620 0.763209
  40 1.280001 -0.898561 0.518154 0.999988 0.004934 -0.000682 0.667319 0.771037
knife_butterfly.bmp
  39 1.058071 -1.539111 1.257266 0.965761 0.124056 0.227850 0.238748 0.025440
  39 1.058071 -1.529111 1.247266 0.965761 0.124056 0.227850 0.240705 0.023483
  39 1.058071 -1.649110 1.297267 0.895276 0.141897 0.422310 0.244618 0.041096
knife_butterfly.bmp
  39 1.058071 -1.649110 1.297267 0.895276 0.141897 0.422310 0.244618 0.041096
  39 1.058071 -1.529111 1.247266 0.965761 0.124056 0.227850 0.240705 0.023483
  39 1.058071 -1.659110 1.307267 0.895276 0.141897 0.422310 0.246575 0.041096
knife_butterfly.bmp
  39 0.888072 -1.659112 0.397266 -0.633920 0.593146 -0.496310 0.295499 0.391389
  39 0.888072 -1.659112 0.397266 -0.115511 0.779334 -0.615870 0.293542 0.391389
  39 0.888073 -1.689113 0.377266 -0.243434 0.730552 -0.637992 0.293542 0.389432
knife_butterfly.bmp
  39 0.888073 -1.689113 0.377266 -0.243434 0.730552 -0.637992 0.293542 0.389432
  39 0.888072 -1.659112 0.397266 -0.115511 0.779334 -0.615870 0.293542 0.391389
  39 0.908073 -1.689113 0.377266 -0.115511 0.779334 -0.615870 0.293542 0.389432
knife_butterfly.bmp
  39 1.008073 -1.689113 0.377267 0.085727 0.789886 -0.607233 0.279843 0.389432
  39 1.018072 -1.659112 0.397267 0.085727 0.789886 -0.607233 0.277886 0.391389
  39 1.038073 -1.689113 0.377267 0.243436 0.730552 -0.637991 0.277886 0.389432
knife_butterfly.bmp
  39 1.038073 -1.689113 0.377267 0.243436 0.730552 -0.637991 0.277886 0.389432
  39 1.018072 -1.659112 0.397267 0.085727 0.789886 -0.607233 0.277886 0.391389
  39 1.038072 -1.659112 0.397267 0.633922 0.593146 -0.496308 0.275930 0.389432
knife_butterfly.bmp
  39 1.038072 -2.059112 0.487267 1.000000 0.000000 0.000002 0.127202 0.101761
  39 1.038072 -2.029112 0.427267 1.000000 0.000000 0.000002 0.119374 0.091977
  39 1.038072 -2.029112 0.557267 1.000000 0.000000 0.000002 0.136986 0.093933
knife_butterfly.bmp
  39 1.038072 -2.029112 0.557267 1.000000 0.000000 0.000002 0.136986 0.093933
  39 1.038072 -2.029112 0.427267 1.000000 0.000000 0.000002 0.119374 0.091977
  39 1.038072 -1.919112 0.457267 1.000000 0.000000 0.000002 0.125245 0.078278
knife_butterfly.bmp
  39 1.058071 -2.069110 1.347268 -0.000006 -0.202389 0.979305 0.275930 0.551859
  39 1.058071 -1.929110 1.347267 -0.673257 0.067566 0.736315 0.275930 0.534247
  39 1.058071 -1.929110 1.337267 -0.302503 0.003210 0.953143 0.275930 0.536204
knife_butterfly.bmp
  39 1.058071 -1.929110 1.337267 -0.302503 0.003210 0.953143 0.275930 0.536204
  39 1.058071 -1.929110 1.347267 -0.673257 0.067566 0.736315 0.275930 0.534247
  39 1.058071 -1.769110 1.337267 -0.065833 0.178828 0.981675 0.275930 0.520548
knife_butterfly.bmp
  39 0.878071 -1.769110 1.337266 0.065829 0.178828 0.981676 0.295499 0.520548
  39 0.858071 -1.929110 1.367267 0.673255 0.067566 0.736317 0.295499 0.536204
  39 0.888071 -1.929110 1.357267 0.302499 0.003210 0.953144 0.295499 0.536204
knife_butterfly.bmp
  39 0.888071 -1.929110 1.357267 0.302499 0.003210 0.953144 0.295499 0.536204
  39 0.858071 -1.929110 1.367267 0.673255 0.067566 0.736317 0.295499 0.536204
  39 0.878071 -2.069110 1.327267 -0.000006 -0.202389 0.979305 0.295499 0.551859
knife_butterfly.bmp
  39 0.898071 -1.529111 1.267266 -0.113651 0.479504 0.870149 0.293542 0.495108
  39 0.898071 -1.449111 1.187266 -0.085340 0.761661 0.642331 0.293542 0.483366
  39 0.888071 -1.459111 1.187266 -0.169249 0.736796 0.654589 0.295499 0.483366
knife_butterfly.bmp
  39 0.888071 -1.459111 1.187266 -0.169249 0.736796 0.654589 0.295499 0.483366
  39 0.898071 -1.449111 1.187266 -0.085340 0.761661 0.642331 0.293542 0.483366
  39 0.868071 -1.369111 1.107266 -0.218305 0.899290 0.378973 0.295499 0.471624
knife_butterfly.bmp
  39 0.878072 -1.579112 0.587266 -0.099234 0.488255 -0.867041 0.293542 0.412916
  39 0.978072 -1.479112 0.637266 0.000002 0.596123 -0.802893 0.285714 0.422701
  39 0.968072 -1.579112 0.597266 0.000002 0.489459 -0.872026 0.285714 0.412916
knife_butterfly.bmp
  39 0.968072 -1.579112 0.597266 0.000002 0.489459 -0.872026 0.285714 0.412916
  39 0.978072 -1.479112 0.637266 0.000002 0.596123 -0.802893 0.285714 0.422701
  39 1.018072 -1.579112 0.607266 0.099238 0.488255 -0.867040 0.277886 0.412916
knife_butterfly.bmp
  39 0.888071 -1.659110 1.287266 -0.895278 0.141897 0.422307 0.246575 0.041096
  39 0.888071 -1.529111 1.267266 -0.963560 0.128125 0.234812 0.240705 0.023483
  39 0.878071 -1.649111 1.277266 -0.895278 0.141897 0.422307 0.244618 0.041096
knife_butterfly.bmp
  39 0.878071 -1.649111 1.277266 -0.895278 0.141897 0.422307 0.244618 0.041096
  39 0.888071 -1.529111 1.267266 -0.963560 0.128125 0.234812 0.240705 0.023483
  39 0.878071 -1.539111 1.257266 -0.963560 0.128125 0.234812 0.238748 0.025440
knife_butterfly.bmp
  39 0.868074 -2.059114 -0.432733 -0.897032 0.419553 -0.138955 0.295499 0.272016
  39 0.858074 -2.079114 -0.422733 -0.897032 0.419553 -0.138955 0.297456 0.270059
  39 0.868074 -2.049114 -0.412733 -0.897032 0.419553 -0.138955 0.295499 0.272016
knife_butterfly.bmp
  39 0.868074 -2.049114 -0.412733 -0.897032 0.419553 -0.138955 0.295499 0.272016
  39 0.858074 -2.079114 -0.422733 -0.897032 0.419553 -0.138955 0.297456 0.270059
  39 0.858074 -2.069114 -0.402733 -0.897032 0.419553 -0.138955 0.297456 0.273973
knife_butterfly.bmp
  39 0.858071 -1.569111 0.927266 -1.000000 0.000000 -0.000002 0.187867 0.029354
  39 0.878072 -1.459111 0.847266 -1.000000 0.000000 -0.000002 0.176125 0.013699
  39 0.878072 -1.579112 0.827266 -1.000000 0.000000 -0.000002 0.178082 0.031311
knife_butterfly.bmp
  39 0.878072 -1.579112 0.827266 -1.000000 0.000000 -0.000002 0.178082 0.031311
  39 0.878072 -1.459111 0.847266 -1.000000 0.000000 -0.000002 0.176125 0.013699
  39 0.878072 -1.499112 0.817266 -1.000000 0.000000 -0.000002 0.174168 0.017613
knife_butterfly.bmp
  37 1.070000 -1.470000 1.170001 0.000000 -0.929011 0.370053 0.365949 0.968689
  37 1.330000 -1.470000 1.170001 0.000000 -0.929011 0.370053 0.344423 0.968689
  37 1.070000 -1.390000 1.340001 0.000000 -0.929011 0.370053 0.365949 0.954990
knife_butterfly.bmp
  37 1.070000 -1.390000 1.340001 0.000000 -0.929011 0.370053 0.365949 0.954990
  37 1.330000 -1.470000 1.170001 0.000000 -0.929011 0.370053 0.344423 0.968689
  37 1.330000 -1.390000 1.340001 0.000000 -0.929011 0.370053 0.344423 0.954990
knife_butterfly.bmp
  37 1.070000 -1.390000 1.340001 -0.000002 0.027761 0.999615 0.365949 0.988258
  37 1.330000 -1.390000 1.340001 -0.000002 0.027761 0.999615 0.344423 0.988258
  37 1.070000 -1.360000 1.340001 -0.000002 0.027761 0.999615 0.365949 0.984344
knife_butterfly.bmp
  37 1.070000 -1.360000 1.340001 -0.000002 0.027761 0.999615 0.365949 0.984344
  37 1.330000 -1.390000 1.340001 -0.000002 0.027761 0.999615 0.344423 0.988258
  37 1.330000 -1.360000 1.340001 -0.000002 0.027761 0.999615 0.344423 0.984344
knife_butterfly.bmp
  37 1.070000 -1.360000 1.340001 0.000000 0.929011 -0.370053 0.365949 0.984344
  37 1.330000 -1.360000 1.340001 0.000000 0.929011 -0.370053 0.344423 0.984344
  37 1.070000 -1.430000 1.170001 0.000000 0.929011 -0.370053 0.365949 0.970646
knife_butterfly.bmp
  37 1.070000 -1.430000 1.170001 0.000000 0.929011 -0.370053 0.365949 0.970646
  37 1.330000 -1.360000 1.340001 0.000000 0.929011 -0.370053 0.344423 0.984344
  37 1.330000 -1.430000 1.170001 0.000000 0.929011 -0.370053 0.344423 0.970646
knife_butterfly.bmp
  37 1.070000 -1.430000 1.170001 0.000004 -0.023901 -0.999714 0.365949 0.970646
  37 1.330000 -1.430000 1.170001 0.000004 -0.023901 -0.999714 0.344423 0.970646
  37 1.070000 -1.470000 1.170001 0.000004 -0.023901 -0.999714 0.365949 0.968689
knife_butterfly.bmp
  37 1.070000 -1.470000 1.170001 0.000004 -0.023901 -0.999714 0.365949 0.968689
  37 1.330000 -1.430000 1.170001 0.000004 -0.023901 -0.999714 0.344423 0.970646
  37 1.330000 -1.470000 1.170001 0.000004 -0.023901 -0.999714 0.344423 0.968689
knife_butterfly.bmp
  37 1.330000 -1.430000 1.170001 1.000000 0.000000 0.000000 0.344423 0.970646
  37 1.330000 -1.360000 1.340001 1.000000 0.000000 0.000000 0.344423 0.984344
  37 1.330000 -1.470000 1.170001 1.000000 0.000000 0.000000 0.342466 0.970646
knife_butterfly.bmp
  37 1.330000 -1.470000 1.170001 1.000000 0.000000 0.000000 0.342466 0.970646
  37 1.330000 -1.360000 1.340001 1.000000 0.000000 0.000000 0.344423 0.984344
  37 1.330000 -1.390000 1.340001 1.000000 0.000000 0.000000 0.342466 0.984344
knife_butterfly.bmp
  37 1.070000 -1.390000 1.340001 -1.000000 0.000000 0.000000 0.367906 0.984344
  37 1.070000 -1.360000 1.340001 -1.000000 0.000000 0.000000 0.365949 0.984344
  37 1.070000 -1.470000 1.170001 -1.000000 0.000000 0.000000 0.367906 0.970646
knife_butterfly.bmp
  37 1.070000 -1.470000 1.170001 -1.000000 0.000000 0.000000 0.367906 0.970646
  37 1.070000 -1.360000 1.340001 -1.000000 0.000000 0.000000 0.365949 0.984344
  37 1.070000 -1.430000 1.170001 -1.000000 0.000000 0.000000 0.365949 0.970646
knife_butterfly.bmp
  37 1.070000 -1.360000 1.160001 0.000000 -0.929011 0.370053 0.365949 0.951076
  37 1.330000 -1.360000 1.160001 0.000000 -0.929011 0.370053 0.346380 0.951076
  37 1.070000 -1.300000 1.330001 0.000000 -0.929011 0.370053 0.365949 0.937378
knife_butterfly.bmp
  37 1.070000 -1.300000 1.330001 0.000000 -0.929011 0.370053 0.365949 0.937378
  37 1.330000 -1.360000 1.160001 0.000000 -0.929011 0.370053 0.346380 0.951076
  37 1.330000 -1.300000 1.330001 0.000000 -0.929011 0.370053 0.346380 0.937378
knife_butterfly.bmp
  37 1.070000 -1.300000 1.330001 -0.000002 0.027761 0.999615 0.365949 0.937378
  37 1.330000 -1.300000 1.330001 -0.000002 0.027761 0.999615 0.346380 0.937378
  37 1.070000 -1.250000 1.330001 -0.000002 0.027761 0.999615 0.365949 0.933464
knife_butterfly.bmp
  37 1.070000 -1.250000 1.330001 -0.000002 0.027761 0.999615 0.365949 0.933464
  37 1.330000 -1.300000 1.330001 -0.000002 0.027761 0.999615 0.346380 0.937378
  37 1.330000 -1.250000 1.330001 -0.000002 0.027761 0.999615 0.346380 0.933464
knife_butterfly.bmp
  37 1.070000 -1.250000 1.330001 0.000000 0.929011 -0.370053 0.365949 0.933464
  37 1.330000 -1.250000 1.330001 0.000000 0.929011 -0.370053 0.346380 0.933464
  37 1.070000 -1.320000 1.160001 0.000000 0.929011 -0.370053 0.365949 0.919765
knife_butterfly.bmp
  37 1.070000 -1.320000 1.160001 0.000000 0.929011 -0.370053 0.365949 0.919765
  37 1.330000 -1.250000 1.330001 0.000000 0.929011 -0.370053 0.346380 0.933464
  37 1.330000 -1.320000 1.160001 0.000000 0.929011 -0.370053 0.346380 0.919765
knife_butterfly.bmp
  37 1.070000 -1.320000 1.160001 0.000004 -0.023901 -0.999714 0.365949 0.953033
  37 1.330000 -1.320000 1.160001 0.000004 -0.023901 -0.999714 0.346380 0.953033
  37 1.070000 -1.360000 1.160001 0.000004 -0.023901 -0.999714 0.365949 0.951076
knife_butterfly.bmp
  37 1.070000 -1.360000 1.160001 0.000004 -0.023901 -0.999714 0.365949 0.951076
  37 1.330000 -1.320000 1.160001 0.000004 -0.023901 -0.999714 0.346380 0.953033
  37 1.330000 -1.360000 1.160001 0.000004 -0.023901 -0.999714 0.346380 0.951076
knife_butterfly.bmp
  37 1.330000 -1.320000 1.160001 1.000000 0.000000 0.000000 0.342466 0.949119
  37 1.330000 -1.250000 1.330001 1.000000 0.000000 0.000000 0.342466 0.935421
  37 1.330000 -1.360000 1.160001 1.000000 0.000000 0.000000 0.346380 0.951076
knife_butterfly.bmp
  37 1.330000 -1.360000 1.160001 1.000000 0.000000 0.000000 0.346380 0.951076
  37 1.330000 -1.250000 1.330001 1.000000 0.000000 0.000000 0.342466 0.935421
  37 1.330000 -1.300000 1.330001 1.000000 0.000000 0.000000 0.346380 0.937378
knife_butterfly.bmp
  37 1.070000 -1.300000 1.330001 -1.000000 0.000000 0.000000 0.365949 0.937378
  37 1.070000 -1.250000 1.330001 -1.000000 0.000000 0.000000 0.367906 0.935421
  37 1.070000 -1.360000 1.160001 -1.000000 0.000000 0.000000 0.365949 0.951076
knife_butterfly.bmp
  37 1.070000 -1.360000 1.160001 -1.000000 0.000000 0.000000 0.365949 0.951076
  37 1.070000 -1.250000 1.330001 -1.000000 0.000000 0.000000 0.367906 0.935421
  37 1.070000 -1.320000 1.160001 -1.000000 0.000000 0.000000 0.367906 0.949119
knife_butterfly.bmp
  37 1.070000 -1.260000 1.170001 0.000000 -0.929011 0.370053 0.365949 0.915851
  37 1.330000 -1.260000 1.170001 0.000000 -0.929011 0.370053 0.346380 0.915851
  37 1.070000 -1.190000 1.340001 0.000000 -0.929011 0.370053 0.365949 0.900196
knife_butterfly.bmp
  37 1.070000 -1.190000 1.340001 0.000000 -0.929011 0.370053 0.365949 0.900196
  37 1.330000 -1.260000 1.170001 0.000000 -0.929011 0.370053 0.346380 0.915851
  37 1.330000 -1.190000 1.340001 0.000000 -0.929011 0.370053 0.346380 0.900196
knife_butterfly.bmp
  37 1.070000 -1.190000 1.340001 -0.000002 0.027761 0.999615 0.365949 0.900196
  37 1.330000 -1.190000 1.340001 -0.000002 0.027761 0.999615 0.346380 0.900196
  37 1.070000 -1.150000 1.340001 -0.000002 0.027761 0.999615 0.365949 0.898239
knife_butterfly.bmp
  37 1.070000 -1.150000 1.340001 -0.000002 0.027761 0.999615 0.365949 0.898239
  37 1.330000 -1.190000 1.340001 -0.000002 0.027761 0.999615 0.346380 0.900196
  37 1.330000 -1.150000 1.340001 -0.000002 0.027761 0.999615 0.346380 0.898239
knife_butterfly.bmp
  37 1.070000 -1.150000 1.340001 0.000000 0.929011 -0.370053 0.365949 0.898239
  37 1.330000 -1.150000 1.340001 0.000000 0.929011 -0.370053 0.346380 0.898239
  37 1.070000 -1.220000 1.160001 0.000000 0.929011 -0.370053 0.365949 0.884540
knife_butterfly.bmp
  37 1.070000 -1.220000 1.160001 0.000000 0.929011 -0.370053 0.365949 0.884540
  37 1.330000 -1.150000 1.340001 0.000000 0.929011 -0.370053 0.346380 0.898239
  37 1.330000 -1.220000 1.160001 0.000000 0.929011 -0.370053 0.346380 0.884540
knife_butterfly.bmp
  37 1.070000 -1.220000 1.160001 0.000004 -0.023901 -0.999714 0.365949 0.917808
  37 1.330000 -1.220000 1.160001 0.000004 -0.023901 -0.999714 0.346380 0.917808
  37 1.070000 -1.260000 1.170001 0.000004 -0.023901 -0.999714 0.365949 0.915851
knife_butterfly.bmp
  37 1.070000 -1.260000 1.170001 0.000004 -0.023901 -0.999714 0.365949 0.915851
  37 1.330000 -1.220000 1.160001 0.000004 -0.023901 -0.999714 0.346380 0.917808
  37 1.330000 -1.260000 1.170001 0.000004 -0.023901 -0.999714 0.346380 0.915851
knife_butterfly.bmp
  37 1.330000 -1.220000 1.160001 1.000000 0.000000 0.000000 0.342466 0.913894
  37 1.330000 -1.150000 1.340001 1.000000 0.000000 0.000000 0.342466 0.900196
  37 1.330000 -1.260000 1.170001 1.000000 0.000000 0.000000 0.346380 0.915851
knife_butterfly.bmp
  37 1.330000 -1.260000 1.170001 1.000000 0.000000 0.000000 0.346380 0.915851
  37 1.330000 -1.150000 1.340001 1.000000 0.000000 0.000000 0.342466 0.900196
  37 1.330000 -1.190000 1.340001 1.000000 0.000000 0.000000 0.346380 0.900196
knife_butterfly.bmp
  37 1.070000 -1.190000 1.340001 -1.000000 0.000000 0.000000 0.365949 0.900196
  37 1.070000 -1.150000 1.340001 -1.000000 0.000000 0.000000 0.367906 0.900196
  37 1.070000 -1.260000 1.170001 -1.000000 0.000000 0.000000 0.365949 0.915851
knife_butterfly.bmp
  37 1.070000 -1.260000 1.170001 -1.000000 0.000000 0.000000 0.365949 0.915851
  37 1.070000 -1.150000 1.340001 -1.000000 0.000000 0.000000 0.367906 0.900196
  37 1.070000 -1.220000 1.160001 -1.000000 0.000000 0.000000 0.367906 0.913894
knife_butterfly.bmp
  37 1.070000 -1.160000 1.170001 0.000000 -0.929011 0.370053 0.365949 0.880626
  37 1.330000 -1.160000 1.170001 0.000000 -0.929011 0.370053 0.346380 0.880626
  37 1.070000 -1.090000 1.340001 0.000000 -0.929011 0.370053 0.365949 0.864971
knife_butterfly.bmp
  37 1.070000 -1.090000 1.340001 0.000000 -0.929011 0.370053 0.365949 0.864971
  37 1.330000 -1.160000 1.170001 0.000000 -0.929011 0.370053 0.346380 0.880626
  37 1.330000 -1.090000 1.340001 0.000000 -0.929011 0.370053 0.346380 0.864971
knife_butterfly.bmp
  37 1.070000 -1.090000 1.340001 -0.000002 0.027761 0.999615 0.365949 0.864971
  37 1.330000 -1.090000 1.340001 -0.000002 0.027761 0.999615 0.346380 0.864971
  37 1.070000 -1.050000 1.340001 -0.000002 0.027761 0.999615 0.365949 0.863014
knife_butterfly.bmp
  37 1.070000 -1.050000 1.340001 -0.000002 0.027761 0.999615 0.365949 0.863014
  37 1.330000 -1.090000 1.340001 -0.000002 0.027761 0.999615 0.346380 0.864971
  37 1.330000 -1.050000 1.340001 -0.000002 0.027761 0.999615 0.346380 0.863014
knife_butterfly.bmp
  37 1.070000 -1.050000 1.340001 0.000000 0.929011 -0.370053 0.365949 0.863014
  37 1.330000 -1.050000 1.340001 0.000000 0.929011 -0.370053 0.346380 0.863014
  37 1.070000 -1.120000 1.170001 0.000000 0.929011 -0.370053 0.365949 0.849315
knife_butterfly.bmp
  37 1.070000 -1.120000 1.170001 0.000000 0.929011 -0.370053 0.365949 0.849315
  37 1.330000 -1.050000 1.340001 0.000000 0.929011 -0.370053 0.346380 0.863014
  37 1.330000 -1.120000 1.170001 0.000000 0.929011 -0.370053 0.346380 0.849315
knife_butterfly.bmp
  37 1.070000 -1.120000 1.170001 0.000004 -0.023901 -0.999714 0.365949 0.882583
  37 1.330000 -1.120000 1.170001 0.000004 -0.023901 -0.999714 0.346380 0.882583
  37 1.070000 -1.160000 1.170001 0.000004 -0.023901 -0.999714 0.365949 0.880626
knife_butterfly.bmp
  37 1.070000 -1.160000 1.170001 0.000004 -0.023901 -0.999714 0.365949 0.880626
  37 1.330000 -1.120000 1.170001 0.000004 -0.023901 -0.999714 0.346380 0.882583
  37 1.330000 -1.160000 1.170001 0.000004 -0.023901 -0.999714 0.346380 0.880626
knife_butterfly.bmp
  37 1.330000 -1.120000 1.170001 1.000000 0.000000 0.000000 0.342466 0.878669
  37 1.330000 -1.050000 1.340001 1.000000 0.000000 0.000000 0.342466 0.864971
  37 1.330000 -1.160000 1.170001 1.000000 0.000000 0.000000 0.346380 0.880626
knife_butterfly.bmp
  37 1.330000 -1.160000 1.170001 1.000000 0.000000 0.000000 0.346380 0.880626
  37 1.330000 -1.050000 1.340001 1.000000 0.000000 0.000000 0.342466 0.864971
  37 1.330000 -1.090000 1.340001 1.000000 0.000000 0.000000 0.346380 0.864971
knife_butterfly.bmp
  37 1.070000 -1.090000 1.340001 -1.000000 0.000000 0.000000 0.365949 0.864971
  37 1.070000 -1.050000 1.340001 -1.000000 0.000000 0.000000 0.367906 0.864971
  37 1.070000 -1.160000 1.170001 -1.000000 0.000000 0.000000 0.365949 0.880626
knife_butterfly.bmp
  37 1.070000 -1.160000 1.170001 -1.000000 0.000000 0.000000 0.365949 0.880626
  37 1.070000 -1.050000 1.340001 -1.000000 0.000000 0.000000 0.367906 0.864971
  37 1.070000 -1.120000 1.170001 -1.000000 0.000000 0.000000 0.367906 0.878669
knife_butterfly.bmp
  37 1.070000 -1.070000 1.190001 0.000000 -0.929011 0.370053 0.365949 0.827789
  37 1.330000 -1.070000 1.190001 0.000000 -0.929011 0.370053 0.346380 0.827789
  37 1.070000 -1.000000 1.360001 0.000000 -0.929011 0.370053 0.365949 0.814090
knife_butterfly.bmp
  37 1.070000 -1.000000 1.360001 0.000000 -0.929011 0.370053 0.365949 0.814090
  37 1.330000 -1.070000 1.190001 0.000000 -0.929011 0.370053 0.346380 0.827789
  37 1.330000 -1.000000 1.360001 0.000000 -0.929011 0.370053 0.346380 0.814090
knife_butterfly.bmp
  37 1.070000 -1.000000 1.360001 -0.000002 0.027761 0.999615 0.365949 0.847358
  37 1.330000 -1.000000 1.360001 -0.000002 0.027761 0.999615 0.346380 0.847358
  37 1.070000 -0.960000 1.360001 -0.000002 0.027761 0.999615 0.365949 0.845401
knife_butterfly.bmp
  37 1.070000 -0.960000 1.360001 -0.000002 0.027761 0.999615 0.365949 0.845401
  37 1.330000 -1.000000 1.360001 -0.000002 0.027761 0.999615 0.346380 0.847358
  37 1.330000 -0.960000 1.360001 -0.000002 0.027761 0.999615 0.346380 0.845401
knife_butterfly.bmp
  37 1.070000 -0.960000 1.360001 0.000000 0.929011 -0.370053 0.365949 0.845401
  37 1.330000 -0.960000 1.360001 0.000000 0.929011 -0.370053 0.346380 0.845401
  37 1.070000 -1.030000 1.190001 0.000000 0.929011 -0.370053 0.365949 0.831703
knife_butterfly.bmp
  37 1.070000 -1.030000 1.190001 0.000000 0.929011 -0.370053 0.365949 0.831703
  37 1.330000 -0.960000 1.360001 0.000000 0.929011 -0.370053 0.346380 0.845401
  37 1.330000 -1.030000 1.190001 0.000000 0.929011 -0.370053 0.346380 0.831703
knife_butterfly.bmp
  37 1.070000 -1.030000 1.190001 0.000004 -0.023901 -0.999714 0.365949 0.831703
  37 1.330000 -1.030000 1.190001 0.000004 -0.023901 -0.999714 0.346380 0.831703
  37 1.070000 -1.070000 1.190001 0.000004 -0.023901 -0.999714 0.365949 0.827789
knife_butterfly.bmp
  37 1.070000 -1.070000 1.190001 0.000004 -0.023901 -0.999714 0.365949 0.827789
  37 1.330000 -1.030000 1.190001 0.000004 -0.023901 -0.999714 0.346380 0.831703
  37 1.330000 -1.070000 1.190001 0.000004 -0.023901 -0.999714 0.346380 0.827789
knife_butterfly.bmp
  37 1.330000 -1.030000 1.190001 1.000000 0.000000 0.000000 0.346380 0.831703
  37 1.330000 -0.960000 1.360001 1.000000 0.000000 0.000000 0.346380 0.845401
  37 1.330000 -1.070000 1.190001 1.000000 0.000000 0.000000 0.342466 0.829746
knife_butterfly.bmp
  37 1.330000 -1.070000 1.190001 1.000000 0.000000 0.000000 0.342466 0.829746
  37 1.330000 -0.960000 1.360001 1.000000 0.000000 0.000000 0.346380 0.845401
  37 1.330000 -1.000000 1.360001 1.000000 0.000000 0.000000 0.342466 0.843444
knife_butterfly.bmp
  37 1.070000 -1.000000 1.360001 -1.000000 0.000000 0.000000 0.369863 0.843444
  37 1.070000 -0.960000 1.360001 -1.000000 0.000000 0.000000 0.365949 0.845401
  37 1.070000 -1.070000 1.190001 -1.000000 0.000000 0.000000 0.369863 0.829746
knife_butterfly.bmp
  37 1.070000 -1.070000 1.190001 -1.000000 0.000000 0.000000 0.369863 0.829746
  37 1.070000 -0.960000 1.360001 -1.000000 0.000000 0.000000 0.365949 0.845401
  37 1.070000 -1.030000 1.190001 -1.000000 0.000000 0.000000 0.365949 0.831703
knife_butterfly.bmp
  37 1.070000 -0.970000 1.210001 0.000000 -0.929011 0.370053 0.367906 0.810176
  37 1.330000 -0.970000 1.210001 0.000000 -0.929011 0.370053 0.346380 0.810176
  37 1.070000 -0.900000 1.380001 0.000000 -0.929011 0.370053 0.367906 0.796477
knife_butterfly.bmp
  37 1.070000 -0.900000 1.380001 0.000000 -0.929011 0.370053 0.367906 0.796477
  37 1.330000 -0.970000 1.210001 0.000000 -0.929011 0.370053 0.346380 0.810176
  37 1.330000 -0.900000 1.380001 0.000000 -0.929011 0.370053 0.346380 0.796477
knife_butterfly.bmp
  37 1.070000 -0.900000 1.380001 -0.000002 0.027761 0.999615 0.367906 0.796477
  37 1.330000 -0.900000 1.380001 -0.000002 0.027761 0.999615 0.346380 0.796477
  37 1.070000 -0.860000 1.380001 -0.000002 0.027761 0.999615 0.367906 0.792564
knife_butterfly.bmp
  37 1.070000 -0.860000 1.380001 -0.000002 0.027761 0.999615 0.367906 0.792564
  37 1.330000 -0.900000 1.380001 -0.000002 0.027761 0.999615 0.346380 0.796477
  37 1.330000 -0.860000 1.380001 -0.000002 0.027761 0.999615 0.346380 0.792564
knife_butterfly.bmp
  37 1.070000 -0.860000 1.380001 0.000000 0.929011 -0.370053 0.367906 0.792564
  37 1.330000 -0.860000 1.380001 0.000000 0.929011 -0.370053 0.346380 0.792564
  37 1.070000 -0.930000 1.210001 0.000000 0.929011 -0.370053 0.367906 0.778865
knife_butterfly.bmp
  37 1.070000 -0.930000 1.210001 0.000000 0.929011 -0.370053 0.367906 0.778865
  37 1.330000 -0.860000 1.380001 0.000000 0.929011 -0.370053 0.346380 0.792564
  37 1.330000 -0.930000 1.210001 0.000000 0.929011 -0.370053 0.346380 0.778865
knife_butterfly.bmp
  37 1.070000 -0.930000 1.210001 0.000004 -0.023901 -0.999714 0.367906 0.814090
  37 1.330000 -0.930000 1.210001 0.000004 -0.023901 -0.999714 0.346380 0.814090
  37 1.070000 -0.970000 1.210001 0.000004 -0.023901 -0.999714 0.367906 0.810176
knife_butterfly.bmp
  37 1.070000 -0.970000 1.210001 0.000004 -0.023901 -0.999714 0.367906 0.810176
  37 1.330000 -0.930000 1.210001 0.000004 -0.023901 -0.999714 0.346380 0.814090
  37 1.330000 -0.970000 1.210001 0.000004 -0.023901 -0.999714 0.346380 0.810176
knife_butterfly.bmp
  37 1.330000 -0.930000 1.210001 1.000000 0.000000 0.000000 0.344423 0.808219
  37 1.330000 -0.860000 1.380001 1.000000 0.000000 0.000000 0.344423 0.794521
  37 1.330000 -0.970000 1.210001 1.000000 0.000000 0.000000 0.346380 0.810176
knife_butterfly.bmp
  37 1.330000 -0.970000 1.210001 1.000000 0.000000 0.000000 0.346380 0.810176
  37 1.330000 -0.860000 1.380001 1.000000 0.000000 0.000000 0.344423 0.794521
  37 1.330000 -0.900000 1.380001 1.000000 0.000000 0.000000 0.346380 0.796477
knife_butterfly.bmp
  37 1.070000 -0.900000 1.380001 -1.000000 0.000000 0.000000 0.367906 0.796477
  37 1.070000 -0.860000 1.380001 -1.000000 0.000000 0.000000 0.369863 0.794521
  37 1.070000 -0.970000 1.210001 -1.000000 0.000000 0.000000 0.367906 0.810176
knife_butterfly.bmp
  37 1.070000 -0.970000 1.210001 -1.000000 0.000000 0.000000 0.367906 0.810176
  37 1.070000 -0.860000 1.380001 -1.000000 0.000000 0.000000 0.369863 0.794521
  37 1.070000 -0.930000 1.210001 -1.000000 0.000000 0.000000 0.369863 0.808219
knife_butterfly.bmp
  37 1.250000 -1.620000 0.940001 0.207521 -0.209229 -0.955593 0.966732 0.831703
  37 1.100000 -1.620000 0.940001 0.000004 -0.023901 -0.999714 0.949119 0.831703
  37 1.250000 -1.500000 0.960001 0.152754 0.004511 -0.988254 0.966732 0.816047
knife_butterfly.bmp
  37 1.250000 -1.500000 0.960001 0.152754 0.004511 -0.988254 0.966732 0.816047
  37 1.100000 -1.620000 0.940001 0.000004 -0.023901 -0.999714 0.949119 0.831703
  37 1.100000 -1.500000 0.960001 0.000004 -0.023901 -0.999714 0.949119 0.816047
knife_butterfly.bmp
  37 1.250000 -2.180000 1.450001 0.000000 -0.398038 0.917369 0.968689 0.956947
  37 1.100000 -2.250000 1.410001 0.000000 -0.584485 0.811404 0.986301 0.966732
  37 1.250000 -2.250000 1.410001 0.000000 -0.584485 0.811404 0.968689 0.966732
knife_butterfly.bmp
  37 1.250000 -2.250000 1.410001 0.000000 -0.584485 0.811404 0.968689 0.966732
  37 1.100000 -2.250000 1.410001 0.000000 -0.584485 0.811404 0.986301 0.966732
  37 1.100000 -2.280000 1.360001 0.000000 -0.751409 0.659837 0.986301 0.972603
knife_butterfly.bmp
  37 1.250000 -1.750000 0.940001 0.000001 0.676856 -0.736115 0.966732 0.845401
  37 1.100000 -1.730000 0.960001 0.000000 0.282445 -0.959284 0.949119 0.841487
  37 1.250000 -1.730000 0.960001 0.000000 0.282445 -0.959284 0.966732 0.841487
knife_butterfly.bmp
  37 1.250000 -1.730000 0.960001 0.000000 0.282445 -0.959284 0.966732 0.841487
  37 1.100000 -1.730000 0.960001 0.000000 0.282445 -0.959284 0.949119 0.841487
  37 1.250000 -1.700000 0.970001 0.000000 -0.118385 -0.992968 0.966732 0.839530
knife_butterfly.bmp
  37 1.280000 -2.250000 0.930001 1.000000 0.000000 0.000000 0.426614 0.976517
  37 1.280000 -2.210000 0.890001 1.000000 0.000000 0.000000 0.420744 0.968689
  37 1.280000 -2.180000 1.410001 1.000000 0.000000 0.000000 0.485323 0.966732
knife_butterfly.bmp
  37 1.280000 -2.180000 1.410001 1.000000 0.000000 0.000000 0.485323 0.966732
  37 1.280000 -2.210000 0.890001 1.000000 0.000000 0.000000 0.420744 0.968689
  37 1.280000 -2.130000 0.860001 1.000000 0.000000 0.000000 0.416830 0.960861
knife_butterfly.bmp
  37 0.640000 -1.470000 1.170001 0.000000 -0.929011 0.370053 0.395303 0.984344
  37 0.930000 -1.470000 1.170001 0.000000 -0.929011 0.370053 0.373777 0.984344
  37 0.640000 -1.390000 1.340001 0.000000 -0.929011 0.370053 0.395303 0.970646
knife_butterfly.bmp
  37 0.640000 -1.390000 1.340001 0.000000 -0.929011 0.370053 0.395303 0.970646
  37 0.930000 -1.470000 1.170001 0.000000 -0.929011 0.370053 0.373777 0.984344
  37 0.930000 -1.390000 1.340001 0.000000 -0.929011 0.370053 0.373777 0.970646
knife_butterfly.bmp
  37 0.640000 -1.390000 1.340001 -0.000002 0.027761 0.999615 0.395303 0.970646
  37 0.930000 -1.390000 1.340001 -0.000002 0.027761 0.999615 0.373777 0.970646
  37 0.640000 -1.360000 1.340001 -0.000002 0.027761 0.999615 0.395303 0.968689
knife_butterfly.bmp
  37 0.640000 -1.360000 1.340001 -0.000002 0.027761 0.999615 0.395303 0.968689
  37 0.930000 -1.390000 1.340001 -0.000002 0.027761 0.999615 0.373777 0.970646
  37 0.930000 -1.360000 1.340001 -0.000002 0.027761 0.999615 0.373777 0.968689
knife_butterfly.bmp
  37 0.640000 -1.360000 1.340001 0.000000 0.929011 -0.370053 0.395303 0.968689
  37 0.930000 -1.360000 1.340001 0.000000 0.929011 -0.370053 0.373777 0.968689
  37 0.640000 -1.430000 1.170001 0.000000 0.929011 -0.370053 0.395303 0.954990
knife_butterfly.bmp
  37 0.640000 -1.430000 1.170001 0.000000 0.929011 -0.370053 0.395303 0.954990
  37 0.930000 -1.360000 1.340001 0.000000 0.929011 -0.370053 0.373777 0.968689
  37 0.930000 -1.430000 1.170001 0.000000 0.929011 -0.370053 0.373777 0.954990
knife_butterfly.bmp
  37 0.640000 -1.430000 1.170001 0.000004 -0.023901 -0.999714 0.395303 0.988258
  37 0.930000 -1.430000 1.170001 0.000004 -0.023901 -0.999714 0.373777 0.988258
  37 0.640000 -1.470000 1.170001 0.000004 -0.023901 -0.999714 0.395303 0.984344
knife_butterfly.bmp
  37 0.640000 -1.470000 1.170001 0.000004 -0.023901 -0.999714 0.395303 0.984344
  37 0.930000 -1.430000 1.170001 0.000004 -0.023901 -0.999714 0.373777 0.988258
  37 0.930000 -1.470000 1.170001 0.000004 -0.023901 -0.999714 0.373777 0.984344
knife_butterfly.bmp
  37 0.930000 -1.430000 1.170001 1.000000 0.000000 0.000000 0.369863 0.984344
  37 0.930000 -1.360000 1.340001 1.000000 0.000000 0.000000 0.369863 0.970646
  37 0.930000 -1.470000 1.170001 1.000000 0.000000 0.000000 0.373777 0.984344
knife_butterfly.bmp
  37 0.930000 -1.470000 1.170001 1.000000 0.000000 0.000000 0.373777 0.984344
  37 0.930000 -1.360000 1.340001 1.000000 0.000000 0.000000 0.369863 0.970646
  37 0.930000 -1.390000 1.340001 1.000000 0.000000 0.000000 0.373777 0.970646
knife_butterfly.bmp
  37 0.640000 -1.390000 1.340001 -1.000000 0.000000 0.000000 0.395303 0.970646
  37 0.640000 -1.360000 1.340001 -1.000000 0.000000 0.000000 0.397260 0.970646
  37 0.640000 -1.470000 1.170001 -1.000000 0.000000 0.000000 0.395303 0.984344
knife_butterfly.bmp
  37 0.640000 -1.470000 1.170001 -1.000000 0.000000 0.000000 0.395303 0.984344
  37 0.640000 -1.360000 1.340001 -1.000000 0.000000 0.000000 0.397260 0.970646
  37 0.640000 -1.430000 1.170001 -1.000000 0.000000 0.000000 0.397260 0.984344
knife_butterfly.bmp
  37 0.640000 -1.360000 1.160001 0.000000 -0.929011 0.370053 0.395303 0.931507
  37 0.930000 -1.360000 1.160001 0.000000 -0.929011 0.370053 0.373777 0.931507
  37 0.640000 -1.300000 1.330001 0.000000 -0.929011 0.370053 0.395303 0.917808
knife_butterfly.bmp
  37 0.640000 -1.300000 1.330001 0.000000 -0.929011 0.370053 0.395303 0.917808
  37 0.930000 -1.360000 1.160001 0.000000 -0.929011 0.370053 0.373777 0.931507
  37 0.930000 -1.300000 1.330001 0.000000 -0.929011 0.370053 0.373777 0.917808
knife_butterfly.bmp
  37 0.640000 -1.300000 1.330001 -0.000002 0.027761 0.999615 0.395303 0.953033
  37 0.930000 -1.300000 1.330001 -0.000002 0.027761 0.999615 0.373777 0.953033
  37 0.640000 -1.250000 1.330001 -0.000002 0.027761 0.999615 0.395303 0.949119
knife_butterfly.bmp
  37 0.640000 -1.250000 1.330001 -0.000002 0.027761 0.999615 0.395303 0.949119
  37 0.930000 -1.300000 1.330001 -0.000002 0.027761 0.999615 0.373777 0.953033
  37 0.930000 -1.250000 1.330001 -0.000002 0.027761 0.999615 0.373777 0.949119
knife_butterfly.bmp
  37 0.640000 -1.250000 1.330001 0.000000 0.929011 -0.370053 0.395303 0.949119
  37 0.930000 -1.250000 1.330001 0.000000 0.929011 -0.370053 0.373777 0.949119
  37 0.640000 -1.320000 1.160001 0.000000 0.929011 -0.370053 0.395303 0.935421
knife_butterfly.bmp
  37 0.640000 -1.320000 1.160001 0.000000 0.929011 -0.370053 0.395303 0.935421
  37 0.930000 -1.250000 1.330001 0.000000 0.929011 -0.370053 0.373777 0.949119
  37 0.930000 -1.320000 1.160001 0.000000 0.929011 -0.370053 0.373777 0.935421
knife_butterfly.bmp
  37 0.640000 -1.320000 1.160001 0.000004 -0.023901 -0.999714 0.395303 0.935421
  37 0.930000 -1.320000 1.160001 0.000004 -0.023901 -0.999714 0.373777 0.935421
  37 0.640000 -1.360000 1.160001 0.000004 -0.023901 -0.999714 0.395303 0.931507
knife_butterfly.bmp
  37 0.640000 -1.360000 1.160001 0.000004 -0.023901 -0.999714 0.395303 0.931507
  37 0.930000 -1.320000 1.160001 0.000004 -0.023901 -0.999714 0.373777 0.935421
  37 0.930000 -1.360000 1.160001 0.000004 -0.023901 -0.999714 0.373777 0.931507
knife_butterfly.bmp
  37 0.930000 -1.320000 1.160001 1.000000 0.000000 0.000000 0.373777 0.935421
  37 0.930000 -1.250000 1.330001 1.000000 0.000000 0.000000 0.373777 0.949119
  37 0.930000 -1.360000 1.160001 1.000000 0.000000 0.000000 0.371820 0.933464
knife_butterfly.bmp
  37 0.930000 -1.360000 1.160001 1.000000 0.000000 0.000000 0.371820 0.933464
  37 0.930000 -1.250000 1.330001 1.000000 0.000000 0.000000 0.373777 0.949119
  37 0.930000 -1.300000 1.330001 1.000000 0.000000 0.000000 0.371820 0.947162
knife_butterfly.bmp
  37 0.640000 -1.300000 1.330001 -1.000000 0.000000 0.000000 0.399217 0.947162
  37 0.640000 -1.250000 1.330001 -1.000000 0.000000 0.000000 0.395303 0.949119
  37 0.640000 -1.360000 1.160001 -1.000000 0.000000 0.000000 0.399217 0.933464
knife_butterfly.bmp
  37 0.640000 -1.360000 1.160001 -1.000000 0.000000 0.000000 0.399217 0.933464
  37 0.640000 -1.250000 1.330001 -1.000000 0.000000 0.000000 0.395303 0.949119
  37 0.640000 -1.320000 1.160001 -1.000000 0.000000 0.000000 0.395303 0.935421
knife_butterfly.bmp
  37 0.640000 -1.260000 1.170001 0.000000 -0.929011 0.370053 0.395303 0.896282
  37 0.930000 -1.260000 1.170001 0.000000 -0.929011 0.370053 0.373777 0.896282
  37 0.640000 -1.190000 1.340001 0.000000 -0.929011 0.370053 0.395303 0.882583
knife_butterfly.bmp
  37 0.640000 -1.190000 1.340001 0.000000 -0.929011 0.370053 0.395303 0.882583
  37 0.930000 -1.260000 1.170001 0.000000 -0.929011 0.370053 0.373777 0.896282
  37 0.930000 -1.190000 1.340001 0.000000 -0.929011 0.370053 0.373777 0.882583
knife_butterfly.bmp
  37 0.640000 -1.190000 1.340001 -0.000002 0.027761 0.999615 0.395303 0.917808
  37 0.930000 -1.190000 1.340001 -0.000002 0.027761 0.999615 0.373777 0.917808
  37 0.640000 -1.150000 1.340001 -0.000002 0.027761 0.999615 0.395303 0.913894
knife_butterfly.bmp
  37 0.640000 -1.150000 1.340001 -0.000002 0.027761 0.999615 0.395303 0.913894
  37 0.930000 -1.190000 1.340001 -0.000002 0.027761 0.999615 0.373777 0.917808
  37 0.930000 -1.150000 1.340001 -0.000002 0.027761 0.999615 0.373777 0.913894
knife_butterfly.bmp
  37 0.640000 -1.150000 1.340001 0.000000 0.929011 -0.370053 0.395303 0.913894
  37 0.930000 -1.150000 1.340001 0.000000 0.929011 -0.370053 0.373777 0.913894
  37 0.640000 -1.220000 1.160001 0.000000 0.929011 -0.370053 0.395303 0.900196
knife_butterfly.bmp
  37 0.640000 -1.220000 1.160001 0.000000 0.929011 -0.370053 0.395303 0.900196
  37 0.930000 -1.150000 1.340001 0.000000 0.929011 -0.370053 0.373777 0.913894
  37 0.930000 -1.220000 1.160001 0.000000 0.929011 -0.370053 0.373777 0.900196
knife_butterfly.bmp
  37 0.640000 -1.220000 1.160001 0.000004 -0.023901 -0.999714 0.395303 0.900196
  37 0.930000 -1.220000 1.160001 0.000004 -0.023901 -0.999714 0.373777 0.900196
  37 0.640000 -1.260000 1.170001 0.000004 -0.023901 -0.999714 0.395303 0.896282
knife_butterfly.bmp
  37 0.640000 -1.260000 1.170001 0.000004 -0.023901 -0.999714 0.395303 0.896282
  37 0.930000 -1.220000 1.160001 0.000004 -0.023901 -0.999714 0.373777 0.900196
  37 0.930000 -1.260000 1.170001 0.000004 -0.023901 -0.999714 0.373777 0.896282
knife_butterfly.bmp
  37 0.930000 -1.220000 1.160001 1.000000 0.000000 0.000000 0.373777 0.900196
  37 0.930000 -1.150000 1.340001 1.000000 0.000000 0.000000 0.373777 0.913894
  37 0.930000 -1.260000 1.170001 1.000000 0.000000 0.000000 0.369863 0.898239
knife_butterfly.bmp
  37 0.930000 -1.260000 1.170001 1.000000 0.000000 0.000000 0.369863 0.898239
  37 0.930000 -1.150000 1.340001 1.000000 0.000000 0.000000 0.373777 0.913894
  37 0.930000 -1.190000 1.340001 1.000000 0.000000 0.000000 0.369863 0.911937
knife_butterfly.bmp
  37 0.640000 -1.190000 1.340001 -1.000000 0.000000 0.000000 0.397260 0.911937
  37 0.640000 -1.150000 1.340001 -1.000000 0.000000 0.000000 0.395303 0.913894
  37 0.640000 -1.260000 1.170001 -1.000000 0.000000 0.000000 0.397260 0.898239
knife_butterfly.bmp
  37 0.640000 -1.260000 1.170001 -1.000000 0.000000 0.000000 0.397260 0.898239
  37 0.640000 -1.150000 1.340001 -1.000000 0.000000 0.000000 0.395303 0.913894
  37 0.640000 -1.220000 1.160001 -1.000000 0.000000 0.000000 0.395303 0.900196
knife_butterfly.bmp
  37 0.640000 -1.160000 1.170001 0.000000 -0.929011 0.370053 0.395303 0.863014
  37 0.930000 -1.160000 1.170001 0.000000 -0.929011 0.370053 0.373777 0.863014
  37 0.640000 -1.090000 1.340001 0.000000 -0.929011 0.370053 0.395303 0.849315
knife_butterfly.bmp
  37 0.640000 -1.090000 1.340001 0.000000 -0.929011 0.370053 0.395303 0.849315
  37 0.930000 -1.160000 1.170001 0.000000 -0.929011 0.370053 0.373777 0.863014
  37 0.930000 -1.090000 1.340001 0.000000 -0.929011 0.370053 0.373777 0.849315
knife_butterfly.bmp
  37 0.640000 -1.090000 1.340001 -0.000002 0.027761 0.999615 0.395303 0.882583
  37 0.930000 -1.090000 1.340001 -0.000002 0.027761 0.999615 0.373777 0.882583
  37 0.640000 -1.050000 1.340001 -0.000002 0.027761 0.999615 0.395303 0.878669
knife_butterfly.bmp
  37 0.640000 -1.050000 1.340001 -0.000002 0.027761 0.999615 0.395303 0.878669
  37 0.930000 -1.090000 1.340001 -0.000002 0.027761 0.999615 0.373777 0.882583
  37 0.930000 -1.050000 1.340001 -0.000002 0.027761 0.999615 0.373777 0.878669
knife_butterfly.bmp
  37 0.640000 -1.050000 1.340001 0.000000 0.929011 -0.370053 0.395303 0.878669
  37 0.930000 -1.050000 1.340001 0.000000 0.929011 -0.370053 0.373777 0.878669
  37 0.640000 -1.120000 1.170001 0.000000 0.929011 -0.370053 0.395303 0.864971
knife_butterfly.bmp
  37 0.640000 -1.120000 1.170001 0.000000 0.929011 -0.370053 0.395303 0.864971
  37 0.930000 -1.050000 1.340001 0.000000 0.929011 -0.370053 0.373777 0.878669
  37 0.930000 -1.120000 1.170001 0.000000 0.929011 -0.370053 0.373777 0.864971
knife_butterfly.bmp
  37 0.640000 -1.120000 1.170001 0.000004 -0.023901 -0.999714 0.395303 0.864971
  37 0.930000 -1.120000 1.170001 0.000004 -0.023901 -0.999714 0.373777 0.864971
  37 0.640000 -1.160000 1.170001 0.000004 -0.023901 -0.999714 0.395303 0.863014
knife_butterfly.bmp
  37 0.640000 -1.160000 1.170001 0.000004 -0.023901 -0.999714 0.395303 0.863014
  37 0.930000 -1.120000 1.170001 0.000004 -0.023901 -0.999714 0.373777 0.864971
  37 0.930000 -1.160000 1.170001 0.000004 -0.023901 -0.999714 0.373777 0.863014
knife_butterfly.bmp
  37 0.930000 -1.120000 1.170001 1.000000 0.000000 0.000000 0.373777 0.864971
  37 0.930000 -1.050000 1.340001 1.000000 0.000000 0.000000 0.373777 0.878669
  37 0.930000 -1.160000 1.170001 1.000000 0.000000 0.000000 0.369863 0.864971
knife_butterfly.bmp
  37 0.930000 -1.160000 1.170001 1.000000 0.000000 0.000000 0.369863 0.864971
  37 0.930000 -1.050000 1.340001 1.000000 0.000000 0.000000 0.373777 0.878669
  37 0.930000 -1.090000 1.340001 1.000000 0.000000 0.000000 0.369863 0.878669
knife_butterfly.bmp
  37 0.640000 -1.090000 1.340001 -1.000000 0.000000 0.000000 0.397260 0.878669
  37 0.640000 -1.050000 1.340001 -1.000000 0.000000 0.000000 0.395303 0.878669
  37 0.640000 -1.160000 1.170001 -1.000000 0.000000 0.000000 0.397260 0.864971
knife_butterfly.bmp
  37 0.640000 -1.160000 1.170001 -1.000000 0.000000 0.000000 0.397260 0.864971
  37 0.640000 -1.050000 1.340001 -1.000000 0.000000 0.000000 0.395303 0.878669
  37 0.640000 -1.120000 1.170001 -1.000000 0.000000 0.000000 0.395303 0.864971
knife_butterfly.bmp
  37 0.640000 -1.070000 1.190001 0.000000 -0.929011 0.370053 0.395303 0.827789
  37 0.930000 -1.070000 1.190001 0.000000 -0.929011 0.370053 0.373777 0.827789
  37 0.640000 -1.000000 1.360001 0.000000 -0.929011 0.370053 0.395303 0.814090
knife_butterfly.bmp
  37 0.640000 -1.000000 1.360001 0.000000 -0.929011 0.370053 0.395303 0.814090
  37 0.930000 -1.070000 1.190001 0.000000 -0.929011 0.370053 0.373777 0.827789
  37 0.930000 -1.000000 1.360001 0.000000 -0.929011 0.370053 0.373777 0.814090
knife_butterfly.bmp
  37 0.640000 -1.000000 1.360001 -0.000002 0.027761 0.999615 0.395303 0.847358
  37 0.930000 -1.000000 1.360001 -0.000002 0.027761 0.999615 0.373777 0.847358
  37 0.640000 -0.960000 1.360001 -0.000002 0.027761 0.999615 0.395303 0.843444
knife_butterfly.bmp
  37 0.640000 -0.960000 1.360001 -0.000002 0.027761 0.999615 0.395303 0.843444
  37 0.930000 -1.000000 1.360001 -0.000002 0.027761 0.999615 0.373777 0.847358
  37 0.930000 -0.960000 1.360001 -0.000002 0.027761 0.999615 0.373777 0.843444
knife_butterfly.bmp
  37 0.640000 -0.960000 1.360001 0.000000 0.929011 -0.370053 0.395303 0.843444
  37 0.930000 -0.960000 1.360001 0.000000 0.929011 -0.370053 0.373777 0.843444
  37 0.640000 -1.030000 1.190001 0.000000 0.929011 -0.370053 0.395303 0.829746
knife_butterfly.bmp
  37 0.640000 -1.030000 1.190001 0.000000 0.929011 -0.370053 0.395303 0.829746
  37 0.930000 -0.960000 1.360001 0.000000 0.929011 -0.370053 0.373777 0.843444
  37 0.930000 -1.030000 1.190001 0.000000 0.929011 -0.370053 0.373777 0.829746
knife_butterfly.bmp
  37 0.640000 -1.030000 1.190001 0.000004 -0.023901 -0.999714 0.395303 0.829746
  37 0.930000 -1.030000 1.190001 0.000004 -0.023901 -0.999714 0.373777 0.829746
  37 0.640000 -1.070000 1.190001 0.000004 -0.023901 -0.999714 0.395303 0.827789
knife_butterfly.bmp
  37 0.640000 -1.070000 1.190001 0.000004 -0.023901 -0.999714 0.395303 0.827789
  37 0.930000 -1.030000 1.190001 0.000004 -0.023901 -0.999714 0.373777 0.829746
  37 0.930000 -1.070000 1.190001 0.000004 -0.023901 -0.999714 0.373777 0.827789
knife_butterfly.bmp
  37 0.930000 -1.030000 1.190001 1.000000 0.000000 0.000000 0.373777 0.829746
  37 0.930000 -0.960000 1.360001 1.000000 0.000000 0.000000 0.373777 0.843444
  37 0.930000 -1.070000 1.190001 1.000000 0.000000 0.000000 0.371820 0.829746
knife_butterfly.bmp
  37 0.930000 -1.070000 1.190001 1.000000 0.000000 0.000000 0.371820 0.829746
  37 0.930000 -0.960000 1.360001 1.000000 0.000000 0.000000 0.373777 0.843444
  37 0.930000 -1.000000 1.360001 1.000000 0.000000 0.000000 0.371820 0.843444
knife_butterfly.bmp
  37 0.640000 -1.000000 1.360001 -1.000000 0.000000 0.000000 0.397260 0.843444
  37 0.640000 -0.960000 1.360001 -1.000000 0.000000 0.000000 0.395303 0.843444
  37 0.640000 -1.070000 1.190001 -1.000000 0.000000 0.000000 0.397260 0.829746
knife_butterfly.bmp
  37 0.640000 -1.070000 1.190001 -1.000000 0.000000 0.000000 0.397260 0.829746
  37 0.640000 -0.960000 1.360001 -1.000000 0.000000 0.000000 0.395303 0.843444
  37 0.640000 -1.030000 1.190001 -1.000000 0.000000 0.000000 0.395303 0.829746
knife_butterfly.bmp
  37 0.640000 -0.970000 1.210001 0.000000 -0.929011 0.370053 0.397260 0.810176
  37 0.930000 -0.970000 1.210001 0.000000 -0.929011 0.370053 0.375734 0.810176
  37 0.640000 -0.900000 1.380001 0.000000 -0.929011 0.370053 0.397260 0.794521
knife_butterfly.bmp
  37 0.640000 -0.900000 1.380001 0.000000 -0.929011 0.370053 0.397260 0.794521
  37 0.930000 -0.970000 1.210001 0.000000 -0.929011 0.370053 0.375734 0.810176
  37 0.930000 -0.900000 1.380001 0.000000 -0.929011 0.370053 0.375734 0.794521
knife_butterfly.bmp
  37 0.640000 -0.900000 1.380001 -0.000002 0.027761 0.999615 0.397260 0.794521
  37 0.930000 -0.900000 1.380001 -0.000002 0.027761 0.999615 0.375734 0.794521
  37 0.640000 -0.860000 1.380001 -0.000002 0.027761 0.999615 0.397260 0.792564
knife_butterfly.bmp
  37 0.640000 -0.860000 1.380001 -0.000002 0.027761 0.999615 0.397260 0.792564
  37 0.930000 -0.900000 1.380001 -0.000002 0.027761 0.999615 0.375734 0.794521
  37 0.930000 -0.860000 1.380001 -0.000002 0.027761 0.999615 0.375734 0.792564
knife_butterfly.bmp
  37 0.640000 -0.860000 1.380001 0.000000 0.929011 -0.370053 0.397260 0.792564
  37 0.930000 -0.860000 1.380001 0.000000 0.929011 -0.370053 0.375734 0.792564
  37 0.640000 -0.930000 1.210001 0.000000 0.929011 -0.370053 0.397260 0.778865
knife_butterfly.bmp
  37 0.640000 -0.930000 1.210001 0.000000 0.929011 -0.370053 0.397260 0.778865
  37 0.930000 -0.860000 1.380001 0.000000 0.929011 -0.370053 0.375734 0.792564
  37 0.930000 -0.930000 1.210001 0.000000 0.929011 -0.370053 0.375734 0.778865
knife_butterfly.bmp
  37 0.640000 -0.930000 1.210001 0.000004 -0.023901 -0.999714 0.397260 0.812133
  37 0.930000 -0.930000 1.210001 0.000004 -0.023901 -0.999714 0.375734 0.812133
  37 0.640000 -0.970000 1.210001 0.000004 -0.023901 -0.999714 0.397260 0.810176
knife_butterfly.bmp
  37 0.640000 -0.970000 1.210001 0.000004 -0.023901 -0.999714 0.397260 0.810176
  37 0.930000 -0.930000 1.210001 0.000004 -0.023901 -0.999714 0.375734 0.812133
  37 0.930000 -0.970000 1.210001 0.000004 -0.023901 -0.999714 0.375734 0.810176
knife_butterfly.bmp
  37 0.930000 -0.930000 1.210001 1.000000 0.000000 0.000000 0.371820 0.808219
  37 0.930000 -0.860000 1.380001 1.000000 0.000000 0.000000 0.371820 0.794521
  37 0.930000 -0.970000 1.210001 1.000000 0.000000 0.000000 0.375734 0.810176
knife_butterfly.bmp
  37 0.930000 -0.970000 1.210001 1.000000 0.000000 0.000000 0.375734 0.810176
  37 0.930000 -0.860000 1.380001 1.000000 0.000000 0.000000 0.371820 0.794521
  37 0.930000 -0.900000 1.380001 1.000000 0.000000 0.000000 0.375734 0.794521
knife_butterfly.bmp
  37 0.640000 -0.900000 1.380001 -1.000000 0.000000 0.000000 0.397260 0.794521
  37 0.640000 -0.860000 1.380001 -1.000000 0.000000 0.000000 0.399217 0.794521
  37 0.640000 -0.970000 1.210001 -1.000000 0.000000 0.000000 0.397260 0.810176
knife_butterfly.bmp
  37 0.640000 -0.970000 1.210001 -1.000000 0.000000 0.000000 0.397260 0.810176
  37 0.640000 -0.860000 1.380001 -1.000000 0.000000 0.000000 0.399217 0.794521
  37 0.640000 -0.930000 1.210001 -1.000000 0.000000 0.000000 0.399217 0.808219
knife_butterfly.bmp
  39 1.038074 -2.069114 -0.402732 0.897033 0.419553 -0.138951 0.275930 0.273973
  39 1.038074 -2.079114 -0.422732 0.897033 0.419553 -0.138951 0.275930 0.270059
  39 1.028074 -2.049114 -0.412733 0.897033 0.419553 -0.138951 0.277886 0.272016
knife_butterfly.bmp
  39 1.028074 -2.049114 -0.412733 0.897033 0.419553 -0.138951 0.277886 0.272016
  39 1.038074 -2.079114 -0.422732 0.897033 0.419553 -0.138951 0.275930 0.270059
  39 1.028074 -2.059114 -0.432733 0.897033 0.419553 -0.138951 0.277886 0.272016
knife_butterfly.bmp
  40 1.100001 -0.948561 0.728154 0.000004 -0.180040 -0.983659 0.780822 0.301370
  40 1.100001 -0.918561 0.708154 0.000005 -0.505610 -0.862762 0.780822 0.297456
  40 1.300001 -0.948561 0.728154 0.000004 -0.180040 -0.983659 0.796477 0.301370
knife_butterfly.bmp
  40 1.300001 -0.948561 0.728154 0.000004 -0.180040 -0.983659 0.796477 0.301370
  40 1.100001 -0.918561 0.708154 0.000005 -0.505610 -0.862762 0.780822 0.297456
  40 1.300001 -0.918561 0.708154 0.000005 -0.505610 -0.862762 0.796477 0.297456
knife_butterfly.bmp
  40 0.890001 -1.948561 0.668156 -0.000002 0.115460 0.993312 0.870841 0.882583
  40 0.730001 -1.988561 0.668156 -0.000003 0.200230 0.979749 0.888454 0.886497
  40 0.890001 -1.988561 0.668156 -0.000003 0.200230 0.979749 0.870841 0.886497
knife_butterfly.bmp
  40 0.890001 -1.988561 0.668156 -0.000003 0.200230 0.979749 0.870841 0.886497
  40 0.730001 -1.988561 0.668156 -0.000003 0.200230 0.979749 0.888454 0.886497
  40 0.730001 -2.008561 0.678156 -0.000003 0.200230 0.979749 0.888454 0.892368
knife_butterfly.bmp
  40 1.100001 -0.988561 0.728154 -0.999988 0.004937 -0.000682 0.798434 0.778865
  40 1.100001 -0.988561 0.728154 -0.999988 0.004937 -0.000682 0.798434 0.778865
  40 1.100001 -0.978560 0.848154 -0.999988 0.004937 -0.000682 0.814090 0.778865
knife_butterfly.bmp
  40 0.690001 -0.988561 0.728153 -0.999988 0.004937 -0.000682 0.690802 0.778865
  40 0.690001 -0.988561 0.728153 -0.999988 0.004937 -0.000682 0.690802 0.778865
  40 0.690001 -0.988560 0.818153 -0.999988 0.004937 -0.000682 0.702544 0.778865
knife_butterfly.bmp
  40 1.300001 -0.988561 0.718154 0.999988 0.004934 -0.000682 0.690802 0.778865
  40 1.300001 -0.988561 0.718154 0.999988 0.004934 -0.000682 0.690802 0.778865
  40 1.300001 -0.988560 0.798154 0.999988 0.004934 -0.000682 0.702544 0.778865
knife_butterfly.bmp
  40 0.890001 -0.988561 0.708153 0.999988 0.004934 -0.000682 0.798434 0.778865
  40 0.890001 -0.988561 0.708153 0.999988 0.004934 -0.000682 0.798434 0.778865
  40 0.890001 -0.978560 0.828153 0.999988 0.004934 -0.000682 0.814090 0.778865
knife_butterfly.bmp
  39 0.868074 -2.059114 -0.432733 -0.966178 0.081912 -0.244521 0.295499 0.272016
  39 0.868074 -2.069114 -0.442733 -0.966178 0.081912 -0.244521 0.295499 0.270059
  39 0.868074 -2.079114 -0.442733 -0.966178 0.081912 -0.244521 0.295499 0.270059
knife_butterfly.bmp
  37 0.880000 -2.380000 1.060001 1.000000 0.000000 0.000000 0.547945 0.990215
  37 0.880000 -2.330000 1.290001 1.000000 0.000000 0.000000 0.575342 0.986301
  37 0.880000 -2.380000 1.180002 1.000000 0.000000 0.000000 0.561644 0.990215
knife_butterfly.bmp
  37 0.690000 -1.950000 1.410001 -1.000000 0.000000 0.000000 0.487280 0.941292
  37 0.690000 -1.890000 1.400001 -1.000000 0.000000 0.000000 0.483366 0.935421
  37 0.690000 -1.950000 0.830001 -1.000000 0.000000 0.000000 0.414873 0.941292
knife_butterfly.bmp
  40 1.300001 -2.178562 0.408157 0.967246 -0.167474 -0.190757 0.772994 0.045010
  40 1.300001 -2.148562 0.398157 0.983116 -0.057347 -0.173764 0.774951 0.043053
  40 1.300001 -2.138562 0.398157 0.974798 -0.000371 -0.223087 0.776908 0.043053
knife_butterfly.bmp
  40 1.280001 -2.178561 0.538157 0.976788 -0.032458 0.211733 0.772994 0.060665
  40 1.280001 -2.208561 0.538157 0.980418 -0.134806 0.143553 0.769080 0.060665
  40 1.280001 -2.218561 0.538157 0.978243 -0.188175 0.087355 0.769080 0.058708
knife_butterfly.bmp
  40 1.290001 -1.298561 0.518155 0.999988 0.004934 -0.000682 0.863014 0.054795
  40 1.280001 -1.308561 0.578155 0.976788 -0.032458 0.211733 0.863014 0.062622
  40 1.280001 -1.368561 0.548155 0.976788 -0.032458 0.211733 0.857143 0.060665
knife_butterfly.bmp
  40 1.280001 -1.148561 0.588154 0.970782 0.197268 0.136630 0.878669 0.060665
  40 1.280001 -1.168561 0.598155 0.981863 0.095014 0.164067 0.878669 0.062622
  40 1.280001 -1.198561 0.608155 0.976788 -0.032458 0.211733 0.874755 0.064579
knife_butterfly.bmp
  40 1.280001 -1.208561 0.478155 0.975009 0.071599 -0.210313 0.872798 0.050881
  40 1.280001 -1.188561 0.488155 0.982185 0.096439 -0.161285 0.874755 0.050881
  40 1.280001 -1.158561 0.518154 0.969650 0.202883 -0.136446 0.878669 0.054795
knife_butterfly.bmp
  40 0.660001 -2.138561 0.408156 -0.975143 -0.027932 -0.219809 0.776908 0.138943
  40 0.660001 -2.148561 0.418156 -0.983117 -0.057346 -0.173759 0.776908 0.138943
  40 0.660001 -2.178561 0.428156 -0.967246 -0.167473 -0.190757 0.772994 0.136986
knife_butterfly.bmp
  40 0.660001 -1.158561 0.498153 -0.969649 0.202883 -0.136449 0.880626 0.133072
  40 0.660001 -1.188561 0.488153 -0.982184 0.096439 -0.161286 0.876712 0.135029
  40 0.660001 -1.208561 0.478153 -0.975010 0.071595 -0.210307 0.874755 0.135029
knife_butterfly.bmp
  40 0.660001 -1.198561 0.608153 -0.975373 -0.040532 0.216806 0.876712 0.121331
  40 0.660001 -1.168561 0.578153 -0.981864 0.095013 0.164059 0.880626 0.123288
  40 0.660001 -1.158561 0.568153 -0.970783 0.197262 0.136634 0.880626 0.125245
knife_butterfly.bmp
  40 0.660001 -1.298561 0.468154 -0.975010 0.071595 -0.210307 0.864971 0.136986
  40 0.660001 -1.358561 0.468154 -0.975010 0.071595 -0.210307 0.859100 0.136986
  40 0.650001 -1.358561 0.508154 -0.999988 0.004937 -0.000682 0.859100 0.131115
knife_butterfly.bmp
  40 0.660001 -1.368561 0.568154 -0.975373 -0.040532 0.216806 0.859100 0.125245
  40 0.660001 -1.308561 0.578154 -0.975373 -0.040532 0.216806 0.864971 0.123288
  40 0.650001 -1.298561 0.518154 -0.999988 0.004937 -0.000682 0.864971 0.131115
knife_butterfly.bmp
  40 0.660001 -2.218561 0.538156 -0.978241 -0.188180 0.087361 0.771037 0.123288
  40 0.660001 -2.208561 0.538156 -0.980420 -0.134795 0.143551 0.771037 0.123288
  40 0.660001 -2.178561 0.558156 -0.975373 -0.040532 0.216806 0.774951 0.121331
knife_butterfly.bmp
  40 0.680001 -2.218561 0.438156 -0.534990 -0.714580 -0.450734 0.769080 0.135029
  40 0.680001 -2.238561 0.448156 -0.509776 -0.817014 -0.269475 0.767123 0.133072
  40 0.670001 -2.228561 0.468156 -0.745606 -0.631935 -0.211494 0.769080 0.133072
knife_butterfly.bmp
  40 1.240001 -0.828560 0.868154 -0.000002 -0.104679 0.994506 0.853229 0.761252
  40 1.100001 -0.828560 0.848153 -0.000002 -0.104679 0.994506 0.870841 0.761252
  40 1.100001 -0.978560 0.848154 -0.000002 -0.307854 0.951434 0.870841 0.776908
knife_butterfly.bmp
  40 1.260002 -2.368562 0.148158 0.000001 0.221457 -0.975170 0.853229 0.874755
  40 1.100002 -2.368562 0.148157 0.000001 0.221457 -0.975170 0.835616 0.874755
  40 1.100002 -2.328562 0.158157 0.000004 0.363254 -0.931690 0.835616 0.870841
knife_butterfly.bmp
  40 1.080001 -1.038561 0.548154 -0.999988 0.004937 -0.000682 0.776908 0.786693
  40 1.080001 -1.008561 0.518154 -0.999988 0.004937 -0.000682 0.774951 0.782779
  40 1.080001 -1.028562 0.398154 -0.999988 0.004937 -0.000682 0.755382 0.782779
knife_butterfly.bmp
  40 1.100002 -2.328562 0.158157 -0.999988 0.004937 -0.000682 0.727984 0.939335
  40 1.100001 -2.278561 0.768157 -0.999988 0.004937 -0.000682 0.802348 0.935421
  40 1.100001 -2.238561 0.748157 -0.999988 0.004937 -0.000682 0.800391 0.929550
knife_butterfly.bmp
  40 1.350001 -2.378561 0.458158 0.900972 0.406037 -0.152917 0.589041 0.894325
  40 1.350001 -2.398561 0.438158 0.900987 0.329218 -0.282555 0.589041 0.894325
  40 1.330001 -2.388561 0.438158 0.683240 0.554103 -0.475556 0.589041 0.894325
knife_butterfly.bmp
  40 0.890002 -2.328562 0.158157 0.000004 0.363254 -0.931690 0.908023 0.870841
  40 0.880002 -2.368562 0.148157 0.000001 0.221457 -0.975170 0.908023 0.874755
  40 0.730002 -2.368562 0.148157 0.000001 0.221457 -0.975170 0.890411 0.874755
knife_butterfly.bmp
  40 0.890002 -2.088562 0.318156 0.999988 0.004934 -0.000682 0.745597 0.909980
  40 0.890002 -2.068562 0.298156 0.999988 0.004934 -0.000682 0.743640 0.908023
  40 0.890001 -1.948561 0.668156 0.999988 0.004934 -0.000682 0.790607 0.894325
knife_butterfly.bmp
  40 0.870001 -1.008561 0.498153 0.999988 0.004934 -0.000682 0.774951 0.782779
  40 0.870001 -1.038561 0.548153 0.999988 0.004934 -0.000682 0.776908 0.786693
  40 0.870002 -1.028562 0.388153 0.999988 0.004934 -0.000682 0.755382 0.782779
knife_butterfly.bmp
  40 0.670001 -1.018561 0.438153 -0.999988 0.004937 -0.000682 0.653620 0.782779
  40 0.670001 -1.038561 0.548153 -0.999988 0.004937 -0.000682 0.669276 0.786693
  40 0.670001 -1.008561 0.518153 -0.999988 0.004937 -0.000682 0.667319 0.782779
knife_butterfly.bmp
  40 0.690001 -2.398561 0.758156 -0.999988 0.004937 -0.000682 0.696673 0.947162
  40 0.690001 -2.348561 0.748156 -0.999988 0.004937 -0.000682 0.694716 0.939335
  40 0.690002 -2.368562 0.178156 -0.999988 0.004937 -0.000682 0.624266 0.945205
knife_butterfly.bmp
  39 1.068072 -1.659112 0.817267 1.000000 0.000000 0.000002 0.086106 0.029354
  39 1.068072 -1.659112 0.827267 1.000000 0.000000 0.000002 0.086106 0.029354
  39 1.068072 -1.659111 0.837267 1.000000 0.000000 0.000002 0.084149 0.029354
knife_butterfly.bmp
  39 1.068072 -1.639111 0.857267 1.000000 0.000000 0.000002 0.082192 0.029354
  39 1.068072 -1.639111 0.857267 1.000000 0.000000 0.000002 0.082192 0.029354
  39 1.058072 -1.649111 0.867267 1.000000 0.000000 0.000002 0.082192 0.029354
knife_butterfly.bmp
  39 1.068072 -1.689111 0.837267 1.000000 0.000000 0.000002 0.084149 0.033268
  39 1.068072 -1.679111 0.857267 1.000000 0.000000 0.000002 0.082192 0.033268
  39 1.068072 -1.689111 0.847267 1.000000 0.000000 0.000002 0.082192 0.033268
knife_butterfly.bmp
  39 1.058073 -2.109113 0.377268 0.028645 -0.996958 -0.072483 0.111546 0.107632
  39 0.998072 -2.109113 0.387267 0.052922 -0.934444 0.352155 0.111546 0.107632
  39 1.038073 -2.109113 0.377268 0.092535 -0.830853 0.548745 0.111546 0.107632
knife_butterfly.bmp
  39 1.058073 -2.109113 0.357268 0.094061 -0.969516 0.226253 0.109589 0.107632
  39 1.058073 -2.109113 0.377268 0.094061 -0.969516 0.226253 0.111546 0.107632
  39 1.038073 -2.109113 0.377268 0.094061 -0.969516 0.226253 0.111546 0.107632
knife_butterfly.bmp
  39 1.058071 -1.769110 1.337267 -0.035785 0.241228 0.969808 0.250489 0.056751
  39 1.058071 -1.649110 1.297267 0.895276 0.141897 0.422310 0.244618 0.041096
  39 1.058071 -1.659110 1.307267 0.528861 0.253497 0.809966 0.246575 0.041096
knife_butterfly.bmp
  39 0.878072 -1.579112 0.587266 -0.116678 0.968317 -0.220792 0.293542 0.412916
  39 0.968072 -1.579112 0.597266 0.000000 0.974974 -0.222320 0.285714 0.412916
  39 0.968072 -1.619112 0.447266 0.000001 0.901958 -0.431823 0.285714 0.397260
knife_butterfly.bmp
  39 1.038072 -2.059112 0.487267 1.000000 0.000000 0.000002 0.127202 0.101761
  39 1.038072 -2.139112 0.427268 1.000000 0.000000 0.000002 0.119374 0.111546
  39 1.038072 -2.119112 0.417268 1.000000 0.000000 0.000002 0.117417 0.109589
knife_butterfly.bmp
  39 1.038071 -1.519111 1.087266 1.000000 0.000000 0.000002 0.213307 0.019569
  39 1.058071 -1.609111 1.137266 1.000000 0.000000 0.000002 0.217221 0.033268
  39 1.038071 -1.569111 0.927266 1.000000 0.000000 0.000002 0.187867 0.029354
knife_butterfly.bmp
  39 1.048072 -1.979112 0.647267 1.000000 0.000000 0.000002 0.148728 0.086106
  39 1.038072 -2.029112 0.557267 1.000000 0.000000 0.000002 0.136986 0.093933
  39 1.048072 -1.669112 0.647267 1.000000 0.000000 0.000002 0.148728 0.043053
knife_butterfly.bmp
  39 1.038072 -1.709112 0.487267 1.000000 0.000000 0.000002 0.127202 0.048924
  39 1.038072 -1.629112 0.447266 1.000000 0.000000 0.000002 0.121331 0.037182
  39 1.038072 -1.599112 0.607266 1.000000 0.000000 0.000002 0.144814 0.031311
knife_butterfly.bmp
  39 1.038072 -1.729112 0.427267 1.000000 0.000000 0.000002 0.119374 0.050881
  39 1.038072 -1.669112 0.407267 1.000000 0.000000 0.000002 0.115460 0.043053
  39 1.038072 -1.629112 0.447266 1.000000 0.000000 0.000002 0.121331 0.037182
knife_butterfly.bmp
  39 0.838071 -1.629111 0.887266 -0.000002 0.474476 0.880269 0.076321 0.048924
  39 0.838071 -1.649111 0.887266 -0.000001 0.144783 0.989463 0.076321 0.050881
  39 0.968071 -1.649111 0.907266 -0.000001 0.144783 0.989463 0.060665 0.050881
knife_butterfly.bmp
  39 0.878072 -1.689111 0.837266 -1.000000 0.000000 -0.000002 0.084149 0.033268
  39 0.878072 -1.689111 0.847266 -1.000000 0.000000 -0.000002 0.082192 0.033268
  39 0.878072 -1.679111 0.847266 -1.000000 0.000000 -0.000002 0.082192 0.033268
knife_butterfly.bmp
  39 0.878072 -1.649111 0.847266 -1.000000 0.000000 -0.000002 0.082192 0.029354
  39 0.878072 -1.639112 0.837266 -1.000000 0.000000 -0.000002 0.082192 0.029354
  39 0.878072 -1.639112 0.837266 -1.000000 0.000000 -0.000002 0.082192 0.029354
knife_butterfly.bmp
  39 0.878072 -1.659112 0.817266 -1.000000 0.000000 -0.000002 0.084149 0.029354
  39 0.878072 -1.659112 0.807266 -1.000000 0.000000 -0.000002 0.086106 0.029354
  39 0.878072 -1.659112 0.797266 -1.000000 0.000000 -0.000002 0.086106 0.029354
knife_butterfly.bmp
  39 1.028074 -2.079114 -0.442733 0.966179 0.081912 -0.244517 0.277886 0.270059
  39 1.028074 -2.069114 -0.442733 0.966179 0.081912 -0.244517 0.277886 0.270059
  39 1.028074 -2.059114 -0.432733 0.966179 0.081912 -0.244517 0.277886 0.272016
knife_butterfly.bmp
  39 0.878073 -2.239113 0.367268 -0.000039 0.380207 -0.924901 0.297456 0.156556
  39 0.858072 -2.139112 0.427267 0.000002 0.525101 -0.851040 0.297456 0.168297
  39 0.918072 -2.139112 0.427267 0.000002 0.525101 -0.851040 0.291585 0.168297
knife_butterfly.bmp
  39 1.038071 -1.449111 1.167266 0.085338 0.761661 0.642331 0.277886 0.483366
  39 1.058071 -1.459111 1.167266 0.169247 0.736795 0.654590 0.275930 0.483366
  39 1.038071 -1.369111 1.107266 0.218303 0.899290 0.378974 0.275930 0.471624
knife_butterfly.bmp
  39 1.028074 -2.059114 -0.432733 0.851291 0.166667 -0.497520 0.277886 0.272016
  39 1.038074 -2.079114 -0.422732 0.851291 0.166667 -0.497520 0.275930 0.270059
  39 1.028074 -2.079114 -0.442733 0.851291 0.166667 -0.497520 0.277886 0.270059
knife_butterfly.bmp
  39 0.878073 -2.109113 0.377267 -0.028645 -0.996958 -0.072483 0.111546 0.107632
  39 0.888073 -2.109113 0.377267 -0.092537 -0.830853 0.548745 0.111546 0.107632
  39 0.908073 -2.109113 0.387267 -0.052924 -0.934444 0.352155 0.111546 0.107632
knife_butterfly.bmp
  39 0.878073 -2.109113 0.357267 -0.094061 -0.969516 0.226253 0.109589 0.107632
  39 0.888073 -2.109113 0.377267 -0.094061 -0.969516 0.226253 0.111546 0.107632
  39 0.878073 -2.109113 0.377267 -0.094061 -0.969516 0.226253 0.111546 0.107632
knife_butterfly.bmp
  39 0.878071 -1.769110 1.337266 0.035781 0.241228 0.969809 0.250489 0.056751
  39 0.888071 -1.659110 1.287266 -0.528864 0.253497 0.809964 0.246575 0.041096
  39 0.878071 -1.649111 1.277266 -0.895278 0.141897 0.422307 0.244618 0.041096
knife_butterfly.bmp
  39 0.868072 -2.109112 0.397267 0.000001 -0.929293 -0.369344 0.297456 0.172211
  39 0.878073 -2.109113 0.377267 -0.028645 -0.996958 -0.072483 0.297456 0.174168
  39 0.908073 -2.109113 0.387267 -0.052924 -0.934444 0.352155 0.293542 0.174168
knife_butterfly.bmp
  39 0.898074 -2.049114 -0.422733 -0.111627 0.943593 -0.311724 0.293542 0.273973
  39 0.968074 -2.049114 -0.422733 0.000001 0.949290 -0.314401 0.287671 0.273973
  39 0.968074 -2.049114 -0.432733 0.000001 0.863787 -0.503857 0.287671 0.272016
knife_butterfly.bmp
  39 0.998073 -1.689113 0.377267 0.116080 -0.401051 -0.908671 0.279843 0.389432
  39 1.008073 -1.689113 0.377267 0.241417 -0.373369 -0.895719 0.279843 0.389432
  39 1.038073 -1.689113 0.377267 0.241417 -0.373369 -0.895719 0.277886 0.389432
knife_butterfly.bmp
  39 0.898072 -1.749112 0.407266 -0.112127 -0.223629 -0.968203 0.291585 0.381605
  39 0.918073 -1.689113 0.377266 -0.116076 -0.401051 -0.908672 0.291585 0.389432
  39 0.978073 -1.689113 0.377267 0.000002 -0.404024 -0.914748 0.285714 0.389432
knife_butterfly.bmp
  39 0.858072 -1.599112 0.587266 -1.000000 0.000000 -0.000002 0.144814 0.031311
  39 0.858072 -1.629112 0.427266 -1.000000 0.000000 -0.000002 0.121331 0.037182
  39 0.858072 -1.709112 0.487266 -1.000000 0.000000 -0.000002 0.127202 0.048924
knife_butterfly.bmp
  37 1.250000 -1.950000 1.450001 0.316017 0.206053 0.926108 0.491194 0.941292
  37 1.250000 -1.990000 1.460001 0.303237 0.025479 0.952574 0.493151 0.947162
  37 1.270000 -2.010000 1.450001 0.699928 0.019939 0.713935 0.491194 0.947162
knife_butterfly.bmp
  37 1.100000 -2.000000 0.810001 0.000000 0.040937 -0.999162 0.949119 0.878669
  37 1.250000 -2.000000 0.810001 0.000000 0.040937 -0.999162 0.966732 0.878669
  37 1.250000 -2.050000 0.810001 0.000000 -0.118385 -0.992968 0.966732 0.884540
knife_butterfly.bmp
  39 0.868074 -2.079114 -0.442733 -0.851288 0.166667 -0.497524 0.295499 0.270059
  39 0.858074 -2.079114 -0.422733 -0.851288 0.166667 -0.497524 0.297456 0.270059
  39 0.868074 -2.059114 -0.432733 -0.851288 0.166667 -0.497524 0.295499 0.272016
knife_butterfly.bmp
  37 1.100000 -1.900000 0.810001 -1.000000 0.000000 0.000000 0.518591 0.935421
  37 1.100000 -1.860000 1.410001 -1.000000 0.000000 0.000000 0.590998 0.929550
  37 1.100000 -1.820000 1.390001 -1.000000 0.000000 0.000000 0.589041 0.923679
knife_butterfly.bmp
  39 0.998072 -2.109113 0.387267 0.052922 -0.934444 0.352155 0.281800 0.174168
  39 1.058073 -2.109113 0.377268 0.028645 -0.996958 -0.072483 0.277886 0.174168
  39 1.038072 -2.109112 0.397268 0.000001 -0.929293 -0.369344 0.277886 0.172211
knife_butterfly.bmp
  37 1.280000 -2.380000 1.180002 1.000000 0.000000 0.000000 0.457926 0.988258
  37 1.280000 -2.380000 1.100001 1.000000 0.000000 0.000000 0.448141 0.988258
  37 1.280000 -2.330000 1.260001 1.000000 0.000000 0.000000 0.467710 0.986301
knife_butterfly.bmp
  37 1.000000 -1.990000 1.190001 0.000000 0.530018 0.847986 0.528376 0.802348
  37 1.000000 -2.020000 1.200001 0.000000 0.208016 0.978125 0.530333 0.802348
  37 1.350000 -2.020000 1.200001 0.000000 0.208016 0.978125 0.530333 0.827789
knife_butterfly.bmp
  37 0.630000 -2.050000 1.140001 -1.000000 0.000000 0.000000 0.506849 0.771037
  37 0.630000 -2.050000 1.150001 -1.000000 0.000000 0.000000 0.506849 0.771037
  37 0.630000 -2.040000 1.160001 -1.000000 0.000000 0.000000 0.506849 0.771037
knife_butterfly.bmp
  37 0.630000 -2.000000 1.170001 -1.000000 0.000000 0.000000 0.508806 0.771037
  37 0.630000 -2.000000 1.160001 -1.000000 0.000000 0.000000 0.508806 0.772994
  37 0.630000 -2.000000 1.150001 -1.000000 0.000000 0.000000 0.508806 0.772994
knife_butterfly.bmp
  37 0.630000 -2.000000 1.110001 -1.000000 0.000000 0.000000 0.508806 0.772994
  37 0.630000 -2.000000 1.100001 -1.000000 0.000000 0.000000 0.508806 0.772994
  37 0.630000 -2.000000 1.090001 -1.000000 0.000000 0.000000 0.506849 0.772994
knife_butterfly.bmp
  37 1.330000 -2.040000 1.160001 1.000000 0.000000 0.000000 0.508806 0.835616
  37 1.330000 -2.050000 1.150001 1.000000 0.000000 0.000000 0.508806 0.835616
  37 1.330000 -2.050000 1.140001 1.000000 0.000000 0.000000 0.506849 0.835616
knife_butterfly.bmp
  37 1.330000 -2.000000 1.090001 1.000000 0.000000 0.000000 0.508806 0.833659
  37 1.330000 -2.000000 1.100001 1.000000 0.000000 0.000000 0.508806 0.833659
  37 1.330000 -2.000000 1.110001 1.000000 0.000000 0.000000 0.508806 0.833659
knife_butterfly.bmp
  37 1.330000 -2.000000 1.150001 1.000000 0.000000 0.000000 0.510763 0.833659
  37 1.330000 -2.000000 1.160001 1.000000 0.000000 0.000000 0.510763 0.833659
  37 1.330000 -2.000000 1.170001 1.000000 0.000000 0.000000 0.510763 0.835616
knife_butterfly.bmp
  39 1.038074 -2.069114 -0.402732 0.888701 0.407411 0.210303 0.275930 0.273973
  39 1.028074 -2.049114 -0.412733 0.879728 0.475192 0.016474 0.277886 0.272016
  39 1.028074 -2.049114 -0.392733 0.897034 0.410709 0.163243 0.277886 0.273973
knife_butterfly.bmp
  39 1.038074 -2.089114 -0.382732 0.996020 0.078293 -0.042604 0.005871 0.105675
  39 1.058074 -2.109114 -0.352732 0.996020 0.078293 -0.042604 0.009785 0.107632
  39 1.048074 -2.139114 -0.382732 0.996020 0.078293 -0.042604 0.005871 0.111546
knife_butterfly.bmp
  39 1.058071 -1.649110 1.297267 1.000000 0.000000 0.000002 0.244618 0.041096
  39 1.058071 -1.769110 1.337267 1.000000 0.000000 0.000002 0.250489 0.056751
  39 1.058071 -1.689111 1.207267 1.000000 0.000000 0.000002 0.232877 0.043053
knife_butterfly.bmp
  40 0.690001 -0.948561 0.728153 0.000004 -0.180040 -0.983659 0.763209 0.297456
  40 0.690001 -0.918561 0.708153 0.000005 -0.505610 -0.862762 0.763209 0.293542
  40 0.890001 -0.918561 0.708153 0.000005 -0.505610 -0.862762 0.776908 0.293542
knife_butterfly.bmp
  40 0.670001 -1.018561 0.438153 -0.942324 0.013621 -0.334424 0.653620 0.782779
  40 0.670001 -0.858561 0.448153 -0.942324 0.013621 -0.334424 0.653620 0.763209
  40 0.680001 -0.858561 0.418153 -0.705704 0.065108 -0.705509 0.651663 0.763209
knife_butterfly.bmp
  37 0.690000 -1.650000 1.330001 -0.711124 0.173390 0.681350 0.477495 0.908023
  37 0.710000 -1.650000 1.340001 -0.315751 0.233704 0.919611 0.477495 0.908023
  37 0.710000 -1.630000 1.330001 -0.311921 0.197627 0.929327 0.477495 0.902153
knife_butterfly.bmp
  37 0.690000 -1.950000 1.440001 -0.683217 0.151905 0.714240 0.489237 0.941292
  37 0.690000 -1.950000 1.410001 -0.948638 0.068540 0.308850 0.487280 0.941292
  37 0.690000 -2.020000 1.420001 -0.944261 0.010355 0.329034 0.487280 0.947162
knife_butterfly.bmp
  37 0.710000 -2.210000 0.860001 -0.289123 -0.450263 -0.844790 0.416830 0.968689
  37 0.690000 -2.210000 0.870001 -0.674065 -0.352163 -0.649321 0.416830 0.968689
  37 0.690000 -2.130000 0.830001 -0.685190 -0.214917 -0.695935 0.412916 0.960861
knife_butterfly.bmp
  37 0.690000 -2.130000 0.830001 -0.685190 -0.214917 -0.695935 0.412916 0.960861
  37 0.690000 -2.130000 0.860001 -0.945229 -0.101691 -0.310164 0.416830 0.960861
  37 0.690000 -2.050000 0.850001 -0.948589 -0.037712 -0.314256 0.414873 0.953033
knife_butterfly.bmp
  40 0.980001 -2.368561 0.488157 -0.000005 0.941892 0.335916 0.589041 0.872798
  40 0.980001 -2.378561 0.508157 -0.000004 0.770196 0.637807 0.590998 0.872798
  40 1.330001 -2.378561 0.508158 -0.000004 0.770196 0.637807 0.590998 0.892368
knife_butterfly.bmp
  40 0.890002 -2.068562 0.298156 0.000002 0.024040 -0.999711 0.908023 0.833659
  40 0.730002 -2.068562 0.298156 -0.207320 -0.177107 -0.962108 0.890411 0.833659
  40 0.730002 -1.918562 0.298155 -0.151029 0.037184 -0.987830 0.890411 0.818004
knife_butterfly.bmp
  37 0.880000 -1.620000 0.940001 0.000004 -0.023901 -0.999714 0.927593 0.833659
  37 0.710000 -1.620000 0.940001 -0.207509 -0.209232 -0.955595 0.909980 0.833659
  37 0.710000 -1.500000 0.960001 -0.152435 -0.007429 -0.988286 0.909980 0.816047
knife_butterfly.bmp
  40 0.890001 -1.128561 0.768154 -0.000002 -0.407966 0.912997 0.870841 0.796477
  40 0.730001 -1.128561 0.748153 -0.000002 -0.407966 0.912997 0.888454 0.796477
  40 0.730001 -1.288561 0.708154 -0.000002 -0.273396 0.961902 0.888454 0.812133
end
