version 1
nodes
  0 "v_weapon.Bip01_R_Forearm" -1
  1 "v_weapon.Bip01_R_Hand" 0
  2 "v_weapon.Bip01_L_Forearm" -1
  3 "v_weapon.Bip01_L_Hand" 2
  4 "v_weapon.Bip01_R_Finger0" 1
  5 "v_weapon.Bip01_R_Finger01" 4
  6 "v_weapon.Bip01_R_Finger02" 5
  7 "v_weapon.Bip01_R_Finger1" 1
  8 "v_weapon.Bip01_R_Finger11" 7
  9 "v_weapon.Bip01_R_Finger12" 8
  10 "v_weapon.Bip01_R_Finger2" 1
  11 "v_weapon.Bip01_R_Finger21" 10
  12 "v_weapon.Bip01_R_Finger22" 11
  13 "v_weapon.Bip01_R_Finger3" 1
  14 "v_weapon.Bip01_R_Finger31" 13
  15 "v_weapon.Bip01_R_Finger32" 14
  16 "v_weapon.Bip01_R_Finger4" 1
  17 "v_weapon.Bip01_R_Finger41" 16
  18 "v_weapon.Bip01_R_Finger42" 17
  19 "v_weapon.Bip01_L_Finger0" 3
  20 "v_weapon.Bip01_L_Finger01" 19
  21 "v_weapon.Bip01_L_Finger02" 20
  22 "v_weapon.Bip01_L_Finger1" 3
  23 "v_weapon.Bip01_L_Finger11" 22
  24 "v_weapon.Bip01_L_Finger12" 23
  25 "v_weapon.Bip01_L_Finger2" 3
  26 "v_weapon.Bip01_L_Finger21" 25
  27 "v_weapon.Bip01_L_Finger22" 26
  28 "v_weapon.Bip01_L_Finger3" 3
  29 "v_weapon.Bip01_L_Finger31" 28
  30 "v_weapon.Bip01_L_Finger32" 29
  31 "v_weapon.Bip01_L_Finger4" 3
  32 "v_weapon.Bip01_L_Finger41" 31
  33 "v_weapon.Bip01_L_Finger42" 32
  34 "v_weapon.Bip01_L_ForeTwist" -1
  35 "v_weapon.Bip01_R_ForeTwist" -1
  36 "v_weapon" -1
  37 "v_weapon.knife" 36
  38 "v_weapon.front" 37
  39 "v_weapon.blade1" 38
  40 "v_weapon.rear" 39
  41 "v_weapon.lock" 40
end
skeleton
  time 0
    0 -14.099445 9.668668 -0.697999 -1.578642 0.005462 -2.390729
    1 10.295578 0.000000 0.000002 1.563506 0.043612 -0.021680
    2 16.099459 9.668652 -0.698009 -1.562950 0.005462 -0.750866
    3 10.295582 0.000001 -0.000006 -1.563506 -0.043612 -0.021680
    4 1.149520 0.416502 1.414117 -1.407288 -0.320852 0.235478
    5 1.263885 0.000000 -0.000008 0.000000 0.000000 -0.008520
    6 1.188939 -0.000002 0.000010 0.000000 0.000000 -0.008520
    7 3.773755 0.133215 0.970575 -0.009201 -0.142462 0.005942
    8 1.433456 0.000000 0.000000 0.000000 0.000000 0.025279
    9 1.019165 -0.000006 0.000001 0.000000 0.000000 0.025279
    10 3.799514 0.014957 0.039959 0.008703 0.034651 0.022689
    11 1.774878 0.000000 0.000000 0.000000 0.000000 0.025279
    12 1.008844 -0.000004 0.000000 0.000000 0.000000 0.025279
    13 3.632766 0.059052 -0.757493 0.016389 0.163096 0.042929
    14 1.500137 0.000002 0.000000 0.000000 0.000000 0.025279
    15 0.905666 -0.000002 -0.000001 0.000000 0.000000 0.025279
    16 3.323331 0.233744 -1.479075 0.032424 0.324218 0.031462
    17 0.963100 0.000011 0.000000 0.000000 0.000000 0.025279
    18 0.682894 -0.000006 -0.000001 0.000000 0.000000 0.025279
    19 1.149529 0.416498 -1.414117 1.407288 0.320852 0.235478
    20 1.263884 0.000001 0.000000 0.000000 0.000000 0.000000
    21 1.188946 0.000000 0.000002 0.000000 0.000000 -0.008520
    22 3.773762 0.133217 -0.970574 0.009201 0.142462 0.005942
    23 1.433458 0.000004 0.000000 0.000000 0.000000 0.025279
    24 1.019165 0.000011 0.000000 0.000000 0.000000 0.025279
    25 3.799517 0.014957 -0.039958 -0.008703 -0.034651 0.022689
    26 1.774879 0.000004 0.000000 0.000000 0.000000 0.025279
    27 1.008841 0.000004 0.000000 0.000000 0.000000 0.025279
    28 3.632765 0.059053 0.757493 -0.016389 -0.163096 0.042929
    29 1.500135 0.000004 0.000000 0.000000 0.000000 0.025279
    30 0.905668 0.000002 -0.000001 0.000000 0.000000 0.025279
    31 3.323332 0.233744 1.479075 -0.032424 -0.324218 0.031462
    32 0.963099 0.000010 0.000000 0.000000 0.000000 0.025279
    33 0.682898 -0.000002 0.000000 0.000000 0.000000 0.025279
    34 16.099459 9.668652 -0.698009 -1.556120 0.005462 -0.750865
    35 -14.099445 9.668668 -0.697999 -1.585472 0.005462 -2.390729
    36 1.000000 0.000000 1.000000 1.570796 0.000000 0.000000
    37 0.000000 0.000000 0.000000 1.570796 0.000000 0.000000
    38 -0.021929 2.029111 -0.137266 -1.570805 0.000001 0.000000
    39 0.000000 0.000000 0.000000 0.000007 0.000000 0.000001
    40 0.021929 -0.669111 0.409449 1.570796 0.000000 0.000000
    41 -0.021934 -6.213634 0.929182 -1.570796 0.000000 0.000000
end
triangles
rubbergloveCHROME.bmp
  10 -25.499330 -0.087131 -0.115414 -0.070226 0.013102 0.997445 0.000000 0.000000
  10 -25.639049 -0.051173 -0.106159 -0.267199 0.155374 0.951033 0.000000 0.000000
  10 -25.617132 -0.299539 -0.150135 -0.111805 0.052103 0.992363 0.000000 0.000000
rubbergloveCHROME.bmp
  10 -25.617132 -0.299539 -0.150135 -0.111805 0.052103 0.992363 0.000000 0.000000
  10 -25.639049 -0.051173 -0.106159 -0.267199 0.155374 0.951033 0.000000 0.000000
  10 -25.732421 -0.201738 -0.109598 -0.213971 0.161001 0.963481 0.000000 0.000000
rubbergloveCHROME.bmp
  10 -25.639049 -0.051173 -0.106159 -0.267199 0.155374 0.951033 0.000000 0.000000
  10 -25.727697 -0.008730 -0.226326 -0.527151 0.412984 0.742668 0.000000 0.000000
  10 -25.732421 -0.201738 -0.109598 -0.213971 0.161001 0.963481 0.000000 0.000000
rubbergloveCHROME.bmp
  10 -25.732421 -0.201738 -0.109598 -0.213971 0.161001 0.963481 0.000000 0.000000
  10 -25.727697 -0.008730 -0.226326 -0.527151 0.412984 0.742668 0.000000 0.000000
  10 -25.842933 -0.165675 -0.200078 -0.563633 0.341840 0.751973 0.000000 0.000000
rubbergloveCHROME.bmp
  10 -25.727697 -0.008730 -0.226326 -0.527151 0.412984 0.742668 0.000000 0.000000
  10 -25.796334 0.024125 -0.266445 -0.614712 0.487556 0.620015 0.000000 0.000000
  10 -25.842933 -0.165675 -0.200078 -0.563633 0.341840 0.751973 0.000000 0.000000
rubbergloveCHROME.bmp
  10 -25.842933 -0.165675 -0.200078 -0.563633 0.341840 0.751973 0.000000 0.000000
  10 -25.796334 0.024125 -0.266445 -0.614712 0.487556 0.620015 0.000000 0.000000
  10 -25.897256 -0.133273 -0.260070 -0.672667 0.397301 0.624236 0.000000 0.000000
rubbergloveCHROME.bmp
  10 -25.796334 0.024125 -0.266445 -0.614712 0.487556 0.620015 0.000000 0.000000
  10 -25.817617 0.018754 -0.296747 -0.525807 0.465121 0.712172 0.000000 0.000000
  10 -25.897256 -0.133273 -0.260070 -0.672667 0.397301 0.624236 0.000000 0.000000
rubbergloveCHROME.bmp
  10 -25.897256 -0.133273 -0.260070 -0.672667 0.397301 0.624236 0.000000 0.000000
  10 -25.817617 0.018754 -0.296747 -0.525807 0.465121 0.712172 0.000000 0.000000
  10 -25.938441 -0.116115 -0.300187 -0.552628 0.308549 0.774209 0.000000 0.000000
rubbergloveCHROME.bmp
  10 -25.817617 0.018754 -0.296747 -0.525807 0.465121 0.712172 0.000000 0.000000
  10 -25.956464 0.056226 -0.377476 -0.685968 0.465289 0.559423 0.000000 0.000000
  10 -25.938441 -0.116115 -0.300187 -0.552628 0.308549 0.774209 0.000000 0.000000
rubbergloveCHROME.bmp
  10 -25.938441 -0.116115 -0.300187 -0.552628 0.308549 0.774209 0.000000 0.000000
  10 -25.956464 0.056226 -0.377476 -0.685968 0.465289 0.559423 0.000000 0.000000
  10 -26.036794 -0.109751 -0.351042 -0.815131 0.253141 0.521038 0.000000 0.000000
rubbergloveCHROME.bmp
  10 -25.956464 0.056226 -0.377476 -0.685968 0.465289 0.559423 0.000000 0.000000
  10 -25.979663 -0.137272 -0.580995 -0.924214 0.365685 0.110012 0.000000 0.000000
  10 -26.036794 -0.109751 -0.351042 -0.815131 0.253141 0.521038 0.000000 0.000000
rubbergloveCHROME.bmp
  10 -26.036794 -0.109751 -0.351042 -0.815131 0.253141 0.521038 0.000000 0.000000
  10 -25.979663 -0.137272 -0.580995 -0.924214 0.365685 0.110012 0.000000 0.000000
  10 -26.103513 -0.302902 -0.434954 -0.798872 0.527746 0.288596 0.000000 0.000000
rubbergloveCHROME.bmp
  10 -25.979663 -0.137272 -0.580995 -0.924214 0.365685 0.110012 0.000000 0.000000
  10 -26.152660 -0.318793 -0.585725 -0.747162 0.654666 0.114723 0.000000 0.000000
  10 -26.103513 -0.302902 -0.434954 -0.798872 0.527746 0.288596 0.000000 0.000000
rubbergloveCHROME.bmp
  10 -26.103513 -0.302902 -0.434954 -0.798872 0.527746 0.288596 0.000000 0.000000
  10 -26.152660 -0.318793 -0.585725 -0.747162 0.654666 0.114723 0.000000 0.000000
  10 -26.125873 -0.322895 -0.435507 -0.881792 0.252833 0.398144 0.000000 0.000000
rubbergloveCHROME.bmp
  10 -26.152660 -0.318793 -0.585725 -0.747162 0.654666 0.114723 0.000000 0.000000
  10 -26.182666 -0.345788 -0.566466 -0.988986 0.142362 0.040492 0.000000 0.000000
  10 -26.125873 -0.322895 -0.435507 -0.881792 0.252833 0.398144 0.000000 0.000000
rubbergloveCHROME.bmp
  10 -26.125873 -0.322895 -0.435507 -0.881792 0.252833 0.398144 0.000000 0.000000
  10 -26.182666 -0.345788 -0.566466 -0.988986 0.142362 0.040492 0.000000 0.000000
  10 -26.164144 -0.396216 -0.577138 -0.985846 0.081499 0.146513 0.000000 0.000000
rubbergloveCHROME.bmp
  10 -26.182666 -0.345788 -0.566466 -0.988986 0.142362 0.040492 0.000000 0.000000
  10 -26.110616 -0.347209 -0.715821 -0.932794 0.281256 -0.225369 0.000000 0.000000
  10 -26.164144 -0.396216 -0.577138 -0.985846 0.081499 0.146513 0.000000 0.000000
rubbergloveCHROME.bmp
  10 -26.164144 -0.396216 -0.577138 -0.985846 0.081499 0.146513 0.000000 0.000000
  10 -26.110616 -0.347209 -0.715821 -0.932794 0.281256 -0.225369 0.000000 0.000000
  10 -26.156316 -0.401651 -0.697176 -0.765103 0.643787 -0.012456 0.000000 0.000000
rubbergloveCHROME.bmp
  10 -26.110616 -0.347209 -0.715821 -0.932794 0.281256 -0.225369 0.000000 0.000000
  10 -26.113594 -0.428888 -0.897258 -0.678692 0.625553 -0.384787 0.000000 0.000000
  10 -26.156316 -0.401651 -0.697176 -0.765103 0.643787 -0.012456 0.000000 0.000000
rubbergloveCHROME.bmp
  10 -26.156316 -0.401651 -0.697176 -0.765103 0.643787 -0.012456 0.000000 0.000000
  10 -26.113594 -0.428888 -0.897258 -0.678692 0.625553 -0.384787 0.000000 0.000000
  10 -26.223104 -0.461127 -0.728829 -0.692545 0.713359 -0.107239 0.000000 0.000000
rubbergloveCHROME.bmp
  10 -26.113594 -0.428888 -0.897258 -0.678692 0.625553 -0.384787 0.000000 0.000000
  10 -26.186855 -0.480574 -0.948847 -0.596907 0.634467 -0.491073 0.000000 0.000000
  10 -26.223104 -0.461127 -0.728829 -0.692545 0.713359 -0.107239 0.000000 0.000000
rubbergloveCHROME.bmp
  10 -26.223104 -0.461127 -0.728829 -0.692545 0.713359 -0.107239 0.000000 0.000000
  10 -26.186855 -0.480574 -0.948847 -0.596907 0.634467 -0.491073 0.000000 0.000000
  10 -26.267823 -0.501114 -0.729935 -0.876785 0.471592 -0.094067 0.000000 0.000000
rubbergloveCHROME.bmp
  10 -26.186855 -0.480574 -0.948847 -0.596907 0.634467 -0.491073 0.000000 0.000000
  10 -26.204219 -0.536426 -0.939953 -0.908375 0.135829 -0.395482 0.000000 0.000000
  10 -26.267823 -0.501114 -0.729935 -0.876785 0.471592 -0.094067 0.000000 0.000000
rubbergloveCHROME.bmp
  10 -26.267823 -0.501114 -0.729935 -0.876785 0.471592 -0.094067 0.000000 0.000000
  10 -26.204219 -0.536426 -0.939953 -0.908375 0.135829 -0.395482 0.000000 0.000000
  10 -26.269493 -0.529518 -0.720428 -0.838475 0.540296 -0.070990 0.000000 0.000000
rubbergloveCHROME.bmp
  10 -26.204219 -0.536426 -0.939953 -0.908375 0.135829 -0.395482 0.000000 0.000000
  10 -26.207463 -0.593066 -0.930936 -0.403588 0.820051 -0.405750 0.000000 0.000000
  10 -26.269493 -0.529518 -0.720428 -0.838475 0.540296 -0.070990 0.000000 0.000000
rubbergloveCHROME.bmp
  10 -26.269493 -0.529518 -0.720428 -0.838475 0.540296 -0.070990 0.000000 0.000000
  10 -26.207463 -0.593066 -0.930936 -0.403588 0.820051 -0.405750 0.000000 0.000000
  11 -26.307001 -0.564615 -0.731384 -0.602774 0.796103 -0.053698 0.000000 0.000000
rubbergloveCHROME.bmp
  10 -26.207463 -0.593066 -0.930936 -0.403588 0.820051 -0.405750 0.000000 0.000000
  10 -26.276887 -0.574330 -0.971301 -0.497922 0.803520 -0.326236 0.000000 0.000000
  11 -26.307001 -0.564615 -0.731384 -0.602774 0.796103 -0.053698 0.000000 0.000000
rubbergloveCHROME.bmp
  11 -26.307001 -0.564615 -0.731384 -0.602774 0.796103 -0.053698 0.000000 0.000000
  10 -26.276887 -0.574330 -0.971301 -0.497922 0.803520 -0.326236 0.000000 0.000000
  11 -26.352650 -0.676051 -0.753705 -0.998964 0.021790 -0.039958 0.000000 0.000000
rubbergloveCHROME.bmp
  10 -26.276887 -0.574330 -0.971301 -0.497922 0.803520 -0.326236 0.000000 0.000000
  11 -26.351476 -0.700784 -0.964149 -0.897876 0.210441 -0.386696 0.000000 0.000000
  11 -26.352650 -0.676051 -0.753705 -0.998964 0.021790 -0.039958 0.000000 0.000000
rubbergloveCHROME.bmp
  11 -26.352650 -0.676051 -0.753705 -0.998964 0.021790 -0.039958 0.000000 0.000000
  11 -26.351476 -0.700784 -0.964149 -0.897876 0.210441 -0.386696 0.000000 0.000000
  11 -26.347849 -0.753833 -0.764969 -0.931694 0.363009 -0.013078 0.000000 0.000000
rubbergloveCHROME.bmp
  11 -26.351476 -0.700784 -0.964149 -0.897876 0.210441 -0.386696 0.000000 0.000000
  11 -26.295645 -0.743903 -1.024346 -0.718588 0.095611 -0.688832 0.000000 0.000000
  11 -26.347849 -0.753833 -0.764969 -0.931694 0.363009 -0.013078 0.000000 0.000000
rubbergloveCHROME.bmp
  11 -26.347849 -0.753833 -0.764969 -0.931694 0.363009 -0.013078 0.000000 0.000000
  11 -26.295645 -0.743903 -1.024346 -0.718588 0.095611 -0.688832 0.000000 0.000000
  11 -26.426157 -0.839455 -0.997212 -0.556965 0.599464 -0.574832 0.000000 0.000000
rubbergloveCHROME.bmp
  11 -26.295645 -0.743903 -1.024346 -0.718588 0.095611 -0.688832 0.000000 0.000000
  11 -26.350197 -0.918555 -1.057819 -0.396251 0.388629 -0.831837 0.000000 0.000000
  11 -26.426157 -0.839455 -0.997212 -0.556965 0.599464 -0.574832 0.000000 0.000000
rubbergloveCHROME.bmp
  26 28.336052 -0.919042 -1.057701 0.396258 0.388633 -0.831832 0.000000 0.000000
  26 28.295538 -0.743789 -1.034356 0.718598 0.095623 -0.688820 0.000000 0.000000
  26 28.412109 -0.840111 -0.987096 0.556959 0.599468 -0.574835 0.000000 0.000000
rubbergloveCHROME.bmp
  26 28.412109 -0.840111 -0.987096 0.556959 0.599468 -0.574835 0.000000 0.000000
  26 28.295538 -0.743789 -1.034356 0.718598 0.095623 -0.688820 0.000000 0.000000
  26 28.325895 -0.733167 -0.774422 0.931697 0.363001 -0.013085 0.000000 0.000000
rubbergloveCHROME.bmp
  26 28.295538 -0.743789 -1.034356 0.718598 0.095623 -0.688820 0.000000 0.000000
  26 28.322337 -0.673436 -0.963418 0.897880 0.210427 -0.386694 0.000000 0.000000
  26 28.325895 -0.733167 -0.774422 0.931697 0.363001 -0.013085 0.000000 0.000000
rubbergloveCHROME.bmp
  26 28.325895 -0.733167 -0.774422 0.931697 0.363001 -0.013085 0.000000 0.000000
  26 28.322337 -0.673436 -0.963418 0.897880 0.210427 -0.386694 0.000000 0.000000
  26 28.352640 -0.676106 -0.753716 0.998964 0.021754 -0.039969 0.000000 0.000000
rubbergloveCHROME.bmp
  26 28.322337 -0.673436 -0.963418 0.897880 0.210427 -0.386694 0.000000 0.000000
  25 28.277666 -0.588500 -0.971557 0.497928 0.803512 -0.326245 0.000000 0.000000
  26 28.352640 -0.676106 -0.753716 0.998964 0.021754 -0.039969 0.000000 0.000000
rubbergloveCHROME.bmp
  26 28.352640 -0.676106 -0.753716 0.998964 0.021754 -0.039969 0.000000 0.000000
  25 28.277666 -0.588500 -0.971557 0.497928 0.803512 -0.326245 0.000000 0.000000
  26 28.306992 -0.564670 -0.731395 0.602764 0.796111 -0.053695 0.000000 0.000000
rubbergloveCHROME.bmp
  25 28.277666 -0.588500 -0.971557 0.497928 0.803512 -0.326245 0.000000 0.000000
  25 28.221575 -0.592329 -0.931071 0.403606 0.820042 -0.405750 0.000000 0.000000
  26 28.306992 -0.564670 -0.731395 0.602764 0.796111 -0.053695 0.000000 0.000000
rubbergloveCHROME.bmp
  26 28.306992 -0.564670 -0.731395 0.602764 0.796111 -0.053695 0.000000 0.000000
  25 28.221575 -0.592329 -0.931071 0.403606 0.820042 -0.405750 0.000000 0.000000
  25 28.256153 -0.544477 -0.720561 0.838480 0.540290 -0.070981 0.000000 0.000000
rubbergloveCHROME.bmp
  25 28.221575 -0.592329 -0.931071 0.403606 0.820042 -0.405750 0.000000 0.000000
  25 28.218428 -0.535856 -0.930090 0.908373 0.135838 -0.395482 0.000000 0.000000
  25 28.256153 -0.544477 -0.720561 0.838480 0.540290 -0.070981 0.000000 0.000000
rubbergloveCHROME.bmp
  25 28.256153 -0.544477 -0.720561 0.838480 0.540290 -0.070981 0.000000 0.000000
  25 28.218428 -0.535856 -0.930090 0.908373 0.135838 -0.395482 0.000000 0.000000
  25 28.253006 -0.488004 -0.719580 0.876778 0.471606 -0.094060 0.000000 0.000000
rubbergloveCHROME.bmp
  25 28.218428 -0.535856 -0.930090 0.908373 0.135838 -0.395482 0.000000 0.000000
  25 28.201851 -0.494123 -0.939229 0.603619 0.629333 -0.489473 0.000000 0.000000
  25 28.253006 -0.488004 -0.719580 0.876778 0.471606 -0.094060 0.000000 0.000000
rubbergloveCHROME.bmp
  25 28.253006 -0.488004 -0.719580 0.876778 0.471606 -0.094060 0.000000 0.000000
  25 28.201851 -0.494123 -0.939229 0.603619 0.629333 -0.489473 0.000000 0.000000
  25 28.237409 -0.460726 -0.708968 0.692550 0.713353 -0.107245 0.000000 0.000000
rubbergloveCHROME.bmp
  25 28.201851 -0.494123 -0.939229 0.603619 0.629333 -0.489473 0.000000 0.000000
  25 28.127610 -0.427982 -0.907392 0.678687 0.625553 -0.384795 0.000000 0.000000
  25 28.237409 -0.460726 -0.708968 0.692550 0.713353 -0.107245 0.000000 0.000000
rubbergloveCHROME.bmp
  25 28.237409 -0.460726 -0.708968 0.692550 0.713353 -0.107245 0.000000 0.000000
  25 28.127610 -0.427982 -0.907392 0.678687 0.625553 -0.384795 0.000000 0.000000
  25 28.155521 -0.387584 -0.696942 0.765105 0.643785 -0.012464 0.000000 0.000000
rubbergloveCHROME.bmp
  25 28.127610 -0.427982 -0.907392 0.678687 0.625553 -0.384795 0.000000 0.000000
  25 28.132278 -0.353304 -0.706142 0.932791 0.281260 -0.225376 0.000000 0.000000
  25 28.155521 -0.387584 -0.696942 0.765105 0.643785 -0.012464 0.000000 0.000000
rubbergloveCHROME.bmp
  25 28.155521 -0.387584 -0.696942 0.765105 0.643785 -0.012464 0.000000 0.000000
  25 28.132278 -0.353304 -0.706142 0.932791 0.281260 -0.225376 0.000000 0.000000
  25 28.156586 -0.389435 -0.586963 0.985846 0.081494 0.146512 0.000000 0.000000
rubbergloveCHROME.bmp
  25 28.132278 -0.353304 -0.706142 0.932791 0.281260 -0.225376 0.000000 0.000000
  25 28.196778 -0.345050 -0.566601 0.988985 0.142373 0.040491 0.000000 0.000000
  25 28.156586 -0.389435 -0.586963 0.985846 0.081494 0.146512 0.000000 0.000000
rubbergloveCHROME.bmp
  25 28.156586 -0.389435 -0.586963 0.985846 0.081494 0.146512 0.000000 0.000000
  25 28.196778 -0.345050 -0.566601 0.988985 0.142373 0.040491 0.000000 0.000000
  25 28.111552 -0.323399 -0.455391 0.881791 0.252837 0.398144 0.000000 0.000000
rubbergloveCHROME.bmp
  25 28.196778 -0.345050 -0.566601 0.988985 0.142373 0.040491 0.000000 0.000000
  25 28.145296 -0.312348 -0.575554 0.747162 0.654666 0.114723 0.000000 0.000000
  25 28.111552 -0.323399 -0.455391 0.881791 0.252837 0.398144 0.000000 0.000000
rubbergloveCHROME.bmp
  25 28.111552 -0.323399 -0.455391 0.881791 0.252837 0.398144 0.000000 0.000000
  25 28.145296 -0.312348 -0.575554 0.747162 0.654666 0.114723 0.000000 0.000000
  25 28.110959 -0.309617 -0.435149 0.798871 0.527747 0.288597 0.000000 0.000000
rubbergloveCHROME.bmp
  25 28.145296 -0.312348 -0.575554 0.747162 0.654666 0.114723 0.000000 0.000000
  25 27.965536 -0.138112 -0.580883 0.924214 0.365685 0.110012 0.000000 0.000000
  25 28.110959 -0.309617 -0.435149 0.798871 0.527747 0.288597 0.000000 0.000000
rubbergloveCHROME.bmp
  25 28.110959 -0.309617 -0.435149 0.798871 0.527747 0.288597 0.000000 0.000000
  25 27.965536 -0.138112 -0.580883 0.924214 0.365685 0.110012 0.000000 0.000000
  25 28.043454 -0.102348 -0.350992 0.815131 0.253139 0.521040 0.000000 0.000000
rubbergloveCHROME.bmp
  25 27.965536 -0.138112 -0.580883 0.924214 0.365685 0.110012 0.000000 0.000000
  25 27.963221 0.063461 -0.367428 0.685972 0.465286 0.559421 0.000000 0.000000
  25 28.043454 -0.102348 -0.350992 0.815131 0.253139 0.521040 0.000000 0.000000
rubbergloveCHROME.bmp
  25 28.043454 -0.102348 -0.350992 0.815131 0.253139 0.521040 0.000000 0.000000
  25 27.963221 0.063461 -0.367428 0.685972 0.465286 0.559421 0.000000 0.000000
  25 27.910195 -0.117744 -0.299952 0.552632 0.308549 0.774206 0.000000 0.000000
rubbergloveCHROME.bmp
  25 27.963221 0.063461 -0.367428 0.685972 0.465286 0.559421 0.000000 0.000000
  25 27.839183 0.012828 -0.297066 0.525806 0.465118 0.712175 0.000000 0.000000
  25 27.910195 -0.117744 -0.299952 0.552632 0.308549 0.774206 0.000000 0.000000
rubbergloveCHROME.bmp
  25 27.910195 -0.117744 -0.299952 0.552632 0.308549 0.774206 0.000000 0.000000
  25 27.839183 0.012828 -0.297066 0.525806 0.465118 0.712175 0.000000 0.000000
  25 27.868224 -0.120784 -0.259589 0.672666 0.397302 0.624237 0.000000 0.000000
rubbergloveCHROME.bmp
  25 27.839183 0.012828 -0.297066 0.525806 0.465118 0.712175 0.000000 0.000000
  25 27.824567 0.025652 -0.266703 0.614706 0.487552 0.620024 0.000000 0.000000
  25 27.868224 -0.120784 -0.259589 0.672666 0.397302 0.624237 0.000000 0.000000
rubbergloveCHROME.bmp
  25 27.868224 -0.120784 -0.259589 0.672666 0.397302 0.624237 0.000000 0.000000
  25 27.824567 0.025652 -0.266703 0.614706 0.487552 0.620024 0.000000 0.000000
  25 27.857045 -0.164937 -0.200213 0.563634 0.341839 0.751973 0.000000 0.000000
rubbergloveCHROME.bmp
  25 27.824567 0.025652 -0.266703 0.614706 0.487552 0.620024 0.000000 0.000000
  25 27.713765 -0.009906 -0.206218 0.527151 0.412985 0.742667 0.000000 0.000000
  25 27.857045 -0.164937 -0.200213 0.563634 0.341839 0.751973 0.000000 0.000000
rubbergloveCHROME.bmp
  25 27.857045 -0.164937 -0.200213 0.563634 0.341839 0.751973 0.000000 0.000000
  25 27.713765 -0.009906 -0.206218 0.527151 0.412985 0.742667 0.000000 0.000000
  25 27.711531 -0.209863 -0.119545 0.213969 0.161008 0.963480 0.000000 0.000000
rubbergloveCHROME.bmp
  25 27.713765 -0.009906 -0.206218 0.527151 0.412985 0.742667 0.000000 0.000000
  25 27.631589 -0.044559 -0.105987 0.267198 0.155374 0.951033 0.000000 0.000000
  25 27.711531 -0.209863 -0.119545 0.213969 0.161008 0.963480 0.000000 0.000000
rubbergloveCHROME.bmp
  25 27.711531 -0.209863 -0.119545 0.213969 0.161008 0.963480 0.000000 0.000000
  25 27.631589 -0.044559 -0.105987 0.267198 0.155374 0.951033 0.000000 0.000000
  25 27.594668 -0.279428 -0.159592 0.111805 0.052106 0.992363 0.000000 0.000000
rubbergloveCHROME.bmp
  25 27.631589 -0.044559 -0.105987 0.267198 0.155374 0.951033 0.000000 0.000000
  25 27.527562 -0.085603 -0.115672 0.070228 0.013103 0.997445 0.000000 0.000000
  25 27.594668 -0.279428 -0.159592 0.111805 0.052106 0.992363 0.000000 0.000000
rubbergloveCHROME.bmp
  29 27.888558 -0.717226 -1.320375 0.501570 0.194296 0.843016 0.000000 0.000000
  29 27.961016 -0.634508 -1.360471 0.767892 0.056340 0.638097 0.000000 0.000000
  29 27.881189 -0.668104 -1.314657 0.487635 -0.056706 0.871204 0.000000 0.000000
rubbergloveCHROME.bmp
  29 27.881189 -0.668104 -1.314657 0.487635 -0.056706 0.871204 0.000000 0.000000
  29 27.961016 -0.634508 -1.360471 0.767892 0.056340 0.638097 0.000000 0.000000
  29 27.968205 -0.585150 -1.285557 0.480455 -0.281129 0.830741 0.000000 0.000000
rubbergloveCHROME.bmp
  29 27.961016 -0.634508 -1.360471 0.767892 0.056340 0.638097 0.000000 0.000000
  29 27.975574 -0.550825 -1.343587 0.878645 0.107871 0.465131 0.000000 0.000000
  29 27.968205 -0.585150 -1.285557 0.480455 -0.281129 0.830741 0.000000 0.000000
rubbergloveCHROME.bmp
  29 27.968205 -0.585150 -1.285557 0.480455 -0.281129 0.830741 0.000000 0.000000
  29 27.975574 -0.550825 -1.343587 0.878645 0.107871 0.465131 0.000000 0.000000
  29 27.920630 -0.510614 -1.252679 0.269268 0.456038 0.848248 0.000000 0.000000
rubbergloveCHROME.bmp
  29 27.975574 -0.550825 -1.343587 0.878645 0.107871 0.465131 0.000000 0.000000
  29 27.964567 -0.442453 -1.361873 0.426092 0.808071 0.406776 0.000000 0.000000
  29 27.920630 -0.510614 -1.252679 0.269268 0.456038 0.848248 0.000000 0.000000
rubbergloveCHROME.bmp
  29 27.920630 -0.510614 -1.252679 0.269268 0.456038 0.848248 0.000000 0.000000
  29 27.964567 -0.442453 -1.361873 0.426092 0.808071 0.406776 0.000000 0.000000
  29 27.887293 -0.450861 -1.354257 0.707654 0.497666 0.501552 0.000000 0.000000
rubbergloveCHROME.bmp
  29 27.964567 -0.442453 -1.361873 0.426092 0.808071 0.406776 0.000000 0.000000
  29 27.920502 -0.386879 -1.563789 0.821678 0.549703 0.150571 0.000000 0.000000
  29 27.887293 -0.450861 -1.354257 0.707654 0.497666 0.501552 0.000000 0.000000
rubbergloveCHROME.bmp
  29 27.887293 -0.450861 -1.354257 0.707654 0.497666 0.501552 0.000000 0.000000
  29 27.920502 -0.386879 -1.563789 0.821678 0.549703 0.150571 0.000000 0.000000
  28 27.891166 -0.370984 -1.336585 0.880552 0.218196 0.420737 0.000000 0.000000
rubbergloveCHROME.bmp
  29 27.920502 -0.386879 -1.563789 0.821678 0.549703 0.150571 0.000000 0.000000
  28 27.944585 -0.311733 -1.548801 0.805747 0.575119 0.141458 0.000000 0.000000
  28 27.891166 -0.370984 -1.336585 0.880552 0.218196 0.420737 0.000000 0.000000
rubbergloveCHROME.bmp
  28 27.891166 -0.370984 -1.336585 0.880552 0.218196 0.420737 0.000000 0.000000
  28 27.944585 -0.311733 -1.548801 0.805747 0.575119 0.141458 0.000000 0.000000
  28 27.839318 -0.322904 -1.336212 0.391912 0.806206 0.443212 0.000000 0.000000
rubbergloveCHROME.bmp
  28 27.944585 -0.311733 -1.548801 0.805747 0.575119 0.141458 0.000000 0.000000
  28 27.842877 -0.244682 -1.541075 0.257547 0.951033 0.170896 0.000000 0.000000
  28 27.839318 -0.322904 -1.336212 0.391912 0.806206 0.443212 0.000000 0.000000
rubbergloveCHROME.bmp
  28 27.839318 -0.322904 -1.336212 0.391912 0.806206 0.443212 0.000000 0.000000
  28 27.842877 -0.244682 -1.541075 0.257547 0.951033 0.170896 0.000000 0.000000
  28 27.778958 -0.294238 -1.357068 0.441823 0.811705 0.382005 0.000000 0.000000
rubbergloveCHROME.bmp
  28 27.842877 -0.244682 -1.541075 0.257547 0.951033 0.170896 0.000000 0.000000
  28 27.750055 -0.267728 -1.553439 0.578468 0.788515 0.208849 0.000000 0.000000
  28 27.778958 -0.294238 -1.357068 0.441823 0.811705 0.382005 0.000000 0.000000
rubbergloveCHROME.bmp
  28 27.778958 -0.294238 -1.357068 0.441823 0.811705 0.382005 0.000000 0.000000
  28 27.750055 -0.267728 -1.553439 0.578468 0.788515 0.208849 0.000000 0.000000
  28 27.623444 -0.095540 -1.401054 0.768395 0.338833 0.542919 0.000000 0.000000
rubbergloveCHROME.bmp
  28 27.750055 -0.267728 -1.553439 0.578468 0.788515 0.208849 0.000000 0.000000
  28 27.724048 -0.148138 -1.548744 0.953063 0.055730 0.297598 0.000000 0.000000
  28 27.623444 -0.095540 -1.401054 0.768395 0.338833 0.542919 0.000000 0.000000
rubbergloveCHROME.bmp
  28 27.623444 -0.095540 -1.401054 0.768395 0.338833 0.542919 0.000000 0.000000
  28 27.724048 -0.148138 -1.548744 0.953063 0.055730 0.297598 0.000000 0.000000
  28 27.686932 -0.045389 -1.453533 0.824888 0.444672 0.349038 0.000000 0.000000
rubbergloveCHROME.bmp
  28 27.724048 -0.148138 -1.548744 0.953063 0.055730 0.297598 0.000000 0.000000
  28 27.768397 -0.093844 -1.578496 0.868148 0.490615 0.074934 0.000000 0.000000
  28 27.686932 -0.045389 -1.453533 0.824888 0.444672 0.349038 0.000000 0.000000
rubbergloveCHROME.bmp
  28 27.686932 -0.045389 -1.453533 0.824888 0.444672 0.349038 0.000000 0.000000
  28 27.768397 -0.093844 -1.578496 0.868148 0.490615 0.074934 0.000000 0.000000
  28 27.703403 -0.074488 -1.579557 0.852768 0.518809 -0.060193 0.000000 0.000000
rubbergloveCHROME.bmp
  28 27.768397 -0.093844 -1.578496 0.868148 0.490615 0.074934 0.000000 0.000000
  28 27.703804 -0.129542 -1.665980 0.527871 0.849320 0.002824 0.000000 0.000000
  28 27.703403 -0.074488 -1.579557 0.852768 0.518809 -0.060193 0.000000 0.000000
rubbergloveCHROME.bmp
  28 27.703403 -0.074488 -1.579557 0.852768 0.518809 -0.060193 0.000000 0.000000
  28 27.703804 -0.129542 -1.665980 0.527871 0.849320 0.002824 0.000000 0.000000
  28 27.641537 0.023684 -1.653953 0.950950 0.299005 -0.079315 0.000000 0.000000
rubbergloveCHROME.bmp
  28 27.703804 -0.129542 -1.665980 0.527871 0.849320 0.002824 0.000000 0.000000
  28 27.695173 -0.067171 -1.790220 0.775166 0.631368 -0.022170 0.000000 0.000000
  28 27.641537 0.023684 -1.653953 0.950950 0.299005 -0.079315 0.000000 0.000000
rubbergloveCHROME.bmp
  28 27.641537 0.023684 -1.653953 0.950950 0.299005 -0.079315 0.000000 0.000000
  28 27.695173 -0.067171 -1.790220 0.775166 0.631368 -0.022170 0.000000 0.000000
  28 27.656678 0.091221 -1.820715 0.782797 0.224211 -0.580481 0.000000 0.000000
rubbergloveCHROME.bmp
  28 27.695173 -0.067171 -1.790220 0.775166 0.631368 -0.022170 0.000000 0.000000
  28 27.621873 0.014358 -1.844810 0.669226 0.347525 -0.656783 0.000000 0.000000
  28 27.656678 0.091221 -1.820715 0.782797 0.224211 -0.580481 0.000000 0.000000
rubbergloveCHROME.bmp
  28 27.656678 0.091221 -1.820715 0.782797 0.224211 -0.580481 0.000000 0.000000
  28 27.621873 0.014358 -1.844810 0.669226 0.347525 -0.656783 0.000000 0.000000
  28 27.553356 0.077871 -1.861289 0.488064 0.484496 -0.725987 0.000000 0.000000
rubbergloveCHROME.bmp
  28 27.621873 0.014358 -1.844810 0.669226 0.347525 -0.656783 0.000000 0.000000
  28 27.632499 -0.009200 -1.888766 0.681927 0.578285 -0.447841 0.000000 0.000000
  28 27.553356 0.077871 -1.861289 0.488064 0.484496 -0.725987 0.000000 0.000000
rubbergloveCHROME.bmp
  28 27.553356 0.077871 -1.861289 0.488064 0.484496 -0.725987 0.000000 0.000000
  28 27.632499 -0.009200 -1.888766 0.681927 0.578285 -0.447841 0.000000 0.000000
  28 27.528174 0.073889 -1.899368 0.539760 0.554569 -0.633335 0.000000 0.000000
rubbergloveCHROME.bmp
  28 27.632499 -0.009200 -1.888766 0.681927 0.578285 -0.447841 0.000000 0.000000
  28 27.603589 -0.050611 -1.909961 0.577645 0.418797 -0.700668 0.000000 0.000000
  28 27.528174 0.073889 -1.899368 0.539760 0.554569 -0.633335 0.000000 0.000000
rubbergloveCHROME.bmp
  28 27.528174 0.073889 -1.899368 0.539760 0.554569 -0.633335 0.000000 0.000000
  28 27.603589 -0.050611 -1.909961 0.577645 0.418797 -0.700668 0.000000 0.000000
  28 27.497728 0.047527 -1.929000 0.443570 0.488974 -0.751099 0.000000 0.000000
rubbergloveCHROME.bmp
  28 27.603589 -0.050611 -1.909961 0.577645 0.418797 -0.700668 0.000000 0.000000
  28 27.377606 -0.086836 -2.111256 0.106602 0.317853 -0.942128 0.000000 0.000000
  28 27.497728 0.047527 -1.929000 0.443570 0.488974 -0.751099 0.000000 0.000000
rubbergloveCHROME.bmp
  28 27.497728 0.047527 -1.929000 0.443570 0.488974 -0.751099 0.000000 0.000000
  28 27.377606 -0.086836 -2.111256 0.106602 0.317853 -0.942128 0.000000 0.000000
  28 27.246890 0.007125 -2.097664 0.096045 0.233819 -0.967525 0.000000 0.000000
rubbergloveCHROME.bmp
  28 27.377606 -0.086836 -2.111256 0.106602 0.317853 -0.942128 0.000000 0.000000
  28 27.274678 -0.223161 -2.063077 -0.126897 0.118432 -0.984820 0.000000 0.000000
  28 27.246890 0.007125 -2.097664 0.096045 0.233819 -0.967525 0.000000 0.000000
rubbergloveCHROME.bmp
  28 27.246890 0.007125 -2.097664 0.096045 0.233819 -0.967525 0.000000 0.000000
  28 27.274678 -0.223161 -2.063077 -0.126897 0.118432 -0.984820 0.000000 0.000000
  28 27.163003 -0.065024 -2.045152 -0.089558 0.031921 -0.995470 0.000000 0.000000
rubbergloveCHROME.bmp
  14 -25.889266 -0.661884 -1.304802 -0.487632 -0.056708 0.871206 0.000000 0.000000
  14 -25.968219 -0.585101 -1.285547 -0.480442 -0.281149 0.830741 0.000000 0.000000
  14 -25.959947 -0.633470 -1.370352 -0.767888 0.056333 0.638102 0.000000 0.000000
rubbergloveCHROME.bmp
  14 -25.959947 -0.633470 -1.370352 -0.767888 0.056333 0.638102 0.000000 0.000000
  14 -25.968219 -0.585101 -1.285547 -0.480442 -0.281149 0.830741 0.000000 0.000000
  14 -25.976670 -0.551765 -1.333684 -0.878645 0.107865 0.465132 0.000000 0.000000
rubbergloveCHROME.bmp
  14 -25.968219 -0.585101 -1.285547 -0.480442 -0.281149 0.830741 0.000000 0.000000
  14 -25.906585 -0.510815 -1.251155 -0.269263 0.456035 0.848251 0.000000 0.000000
  14 -25.976670 -0.551765 -1.333684 -0.878645 0.107865 0.465132 0.000000 0.000000
rubbergloveCHROME.bmp
  14 -25.976670 -0.551765 -1.333684 -0.878645 0.107865 0.465132 0.000000 0.000000
  14 -25.906585 -0.510815 -1.251155 -0.269263 0.456035 0.848251 0.000000 0.000000
  14 -25.936463 -0.442903 -1.358836 -0.426092 0.808073 0.406772 0.000000 0.000000
rubbergloveCHROME.bmp
  14 -25.906585 -0.510815 -1.251155 -0.269263 0.456035 0.848251 0.000000 0.000000
  14 -25.873345 -0.465133 -1.354151 -0.707652 0.497663 0.501558 0.000000 0.000000
  14 -25.936463 -0.442903 -1.358836 -0.426092 0.808073 0.406772 0.000000 0.000000
rubbergloveCHROME.bmp
  14 -25.936463 -0.442903 -1.358836 -0.426092 0.808073 0.406772 0.000000 0.000000
  14 -25.873345 -0.465133 -1.354151 -0.707652 0.497663 0.501558 0.000000 0.000000
  14 -25.941555 -0.379420 -1.565340 -0.821676 0.549707 0.150568 0.000000 0.000000
rubbergloveCHROME.bmp
  14 -25.873345 -0.465133 -1.354151 -0.707652 0.497663 0.501558 0.000000 0.000000
  13 -25.927615 -0.377441 -1.331103 -0.880553 0.218179 0.420742 0.000000 0.000000
  14 -25.941555 -0.379420 -1.565340 -0.821676 0.549707 0.150568 0.000000 0.000000
rubbergloveCHROME.bmp
  14 -25.941555 -0.379420 -1.565340 -0.821676 0.549707 0.150568 0.000000 0.000000
  13 -25.927615 -0.377441 -1.331103 -0.880553 0.218179 0.420742 0.000000 0.000000
  13 -25.901358 -0.312511 -1.554250 -0.805730 0.575143 0.141457 0.000000 0.000000
rubbergloveCHROME.bmp
  13 -25.927615 -0.377441 -1.331103 -0.880553 0.218179 0.420742 0.000000 0.000000
  13 -25.851215 -0.320272 -1.357462 -0.391902 0.806214 0.443207 0.000000 0.000000
  13 -25.901358 -0.312511 -1.554250 -0.805730 0.575143 0.141457 0.000000 0.000000
rubbergloveCHROME.bmp
  13 -25.901358 -0.312511 -1.554250 -0.805730 0.575143 0.141457 0.000000 0.000000
  13 -25.851215 -0.320272 -1.357462 -0.391902 0.806214 0.443207 0.000000 0.000000
  13 -25.879778 -0.265199 -1.537049 -0.257536 0.951036 0.170895 0.000000 0.000000
rubbergloveCHROME.bmp
  13 -25.851215 -0.320272 -1.357462 -0.391902 0.806214 0.443207 0.000000 0.000000
  13 -25.763835 -0.293805 -1.365471 -0.441822 0.811705 0.382005 0.000000 0.000000
  13 -25.879778 -0.265199 -1.537049 -0.257536 0.951036 0.170895 0.000000 0.000000
rubbergloveCHROME.bmp
  13 -25.879778 -0.265199 -1.537049 -0.257536 0.951036 0.170895 0.000000 0.000000
  13 -25.763835 -0.293805 -1.365471 -0.441822 0.811705 0.382005 0.000000 0.000000
  13 -25.786503 -0.274185 -1.547958 -0.578465 0.788517 0.208851 0.000000 0.000000
rubbergloveCHROME.bmp
  13 -25.763835 -0.293805 -1.365471 -0.441822 0.811705 0.382005 0.000000 0.000000
  13 -25.623454 -0.095492 -1.401043 -0.768394 0.338831 0.542921 0.000000 0.000000
  13 -25.786503 -0.274185 -1.547958 -0.578465 0.788517 0.208851 0.000000 0.000000
rubbergloveCHROME.bmp
  13 -25.786503 -0.274185 -1.547958 -0.578465 0.788517 0.208851 0.000000 0.000000
  13 -25.623454 -0.095492 -1.401043 -0.768394 0.338831 0.542921 0.000000 0.000000
  13 -25.710006 -0.148696 -1.547256 -0.953063 0.055730 0.297599 0.000000 0.000000
rubbergloveCHROME.bmp
  13 -25.623454 -0.095492 -1.401043 -0.768394 0.338831 0.542921 0.000000 0.000000
  13 -25.657756 -0.045562 -1.460460 -0.824887 0.444674 0.349036 0.000000 0.000000
  13 -25.710006 -0.148696 -1.547256 -0.953063 0.055730 0.297599 0.000000 0.000000
rubbergloveCHROME.bmp
  13 -25.710006 -0.148696 -1.547256 -0.953063 0.055730 0.297599 0.000000 0.000000
  13 -25.657756 -0.045562 -1.460460 -0.824887 0.444674 0.349036 0.000000 0.000000
  13 -25.754355 -0.094401 -1.577008 -0.868148 0.490616 0.074936 0.000000 0.000000
rubbergloveCHROME.bmp
  13 -25.657756 -0.045562 -1.460460 -0.824887 0.444674 0.349036 0.000000 0.000000
  13 -25.682109 -0.068318 -1.576603 -0.852764 0.518816 -0.060194 0.000000 0.000000
  13 -25.754355 -0.094401 -1.577008 -0.868148 0.490616 0.074936 0.000000 0.000000
rubbergloveCHROME.bmp
  13 -25.754355 -0.094401 -1.577008 -0.868148 0.490616 0.074936 0.000000 0.000000
  13 -25.682109 -0.068318 -1.576603 -0.852764 0.518816 -0.060194 0.000000 0.000000
  13 -25.703362 -0.115434 -1.664514 -0.527865 0.849324 0.002822 0.000000 0.000000
rubbergloveCHROME.bmp
  13 -25.682109 -0.068318 -1.576603 -0.852764 0.518816 -0.060194 0.000000 0.000000
  13 -25.634294 0.030459 -1.652476 -0.950951 0.299002 -0.079313 0.000000 0.000000
  13 -25.703362 -0.115434 -1.664514 -0.527865 0.849324 0.002822 0.000000 0.000000
rubbergloveCHROME.bmp
  13 -25.703362 -0.115434 -1.664514 -0.527865 0.849324 0.002822 0.000000 0.000000
  13 -25.634294 0.030459 -1.652476 -0.950951 0.299002 -0.079313 0.000000 0.000000
  13 -25.696265 -0.068112 -1.780317 -0.775162 0.631374 -0.022163 0.000000 0.000000
rubbergloveCHROME.bmp
  13 -25.634294 0.030459 -1.652476 -0.950951 0.299002 -0.079313 0.000000 0.000000
  13 -25.649435 0.097997 -1.819238 -0.782801 0.224205 -0.580478 0.000000 0.000000
  13 -25.696265 -0.068112 -1.780317 -0.775162 0.631374 -0.022163 0.000000 0.000000
rubbergloveCHROME.bmp
  13 -25.696265 -0.068112 -1.780317 -0.775162 0.631374 -0.022163 0.000000 0.000000
  13 -25.649435 0.097997 -1.819238 -0.782801 0.224205 -0.580478 0.000000 0.000000
  13 -25.607831 0.013800 -1.843322 -0.669230 0.347522 -0.656780 0.000000 0.000000
rubbergloveCHROME.bmp
  13 -25.649435 0.097997 -1.819238 -0.782801 0.224205 -0.580478 0.000000 0.000000
  13 -25.567417 0.078524 -1.862755 -0.488067 0.484497 -0.725984 0.000000 0.000000
  13 -25.607831 0.013800 -1.843322 -0.669230 0.347522 -0.656780 0.000000 0.000000
rubbergloveCHROME.bmp
  13 -25.607831 0.013800 -1.843322 -0.669230 0.347522 -0.656780 0.000000 0.000000
  13 -25.567417 0.078524 -1.862755 -0.488067 0.484497 -0.725984 0.000000 0.000000
  13 -25.624174 -0.001436 -1.897181 -0.681928 0.578291 -0.447832 0.000000 0.000000
rubbergloveCHROME.bmp
  13 -25.567417 0.078524 -1.862755 -0.488067 0.484497 -0.725984 0.000000 0.000000
  13 -25.534353 0.068199 -1.910716 -0.539764 0.554571 -0.633329 0.000000 0.000000
  13 -25.624174 -0.001436 -1.897181 -0.681928 0.578291 -0.447832 0.000000 0.000000
rubbergloveCHROME.bmp
  13 -25.624174 -0.001436 -1.897181 -0.681928 0.578291 -0.447832 0.000000 0.000000
  13 -25.534353 0.068199 -1.910716 -0.539764 0.554571 -0.633329 0.000000 0.000000
  13 -25.609945 -0.029171 -1.908506 -0.577647 0.418797 -0.700666 0.000000 0.000000
rubbergloveCHROME.bmp
  13 -25.534353 0.068199 -1.910716 -0.539764 0.554571 -0.633329 0.000000 0.000000
  13 -25.497738 0.047574 -1.928989 -0.443568 0.488975 -0.751100 0.000000 0.000000
  13 -25.609945 -0.029171 -1.908506 -0.577647 0.418797 -0.700666 0.000000 0.000000
rubbergloveCHROME.bmp
  13 -25.609945 -0.029171 -1.908506 -0.577647 0.418797 -0.700666 0.000000 0.000000
  13 -25.497738 0.047574 -1.928989 -0.443568 0.488975 -0.751100 0.000000 0.000000
  13 -25.377616 -0.086789 -2.111246 -0.106598 0.317853 -0.942129 0.000000 0.000000
rubbergloveCHROME.bmp
  13 -25.497738 0.047574 -1.928989 -0.443568 0.488975 -0.751100 0.000000 0.000000
  13 -25.261581 0.020847 -2.087784 -0.096042 0.233820 -0.967525 0.000000 0.000000
  13 -25.377616 -0.086789 -2.111246 -0.106598 0.317853 -0.942129 0.000000 0.000000
rubbergloveCHROME.bmp
  13 -25.377616 -0.086789 -2.111246 -0.106598 0.317853 -0.942129 0.000000 0.000000
  13 -25.261581 0.020847 -2.087784 -0.096042 0.233820 -0.967525 0.000000 0.000000
  13 -25.273783 -0.194995 -2.060155 0.093668 0.126386 -0.987549 0.000000 0.000000
rubbergloveCHROME.bmp
  13 -25.261581 0.020847 -2.087784 -0.096042 0.233820 -0.967525 0.000000 0.000000
  13 -25.162560 -0.050918 -2.043686 0.089556 0.031922 -0.995470 0.000000 0.000000
  13 -25.273783 -0.194995 -2.060155 0.093668 0.126386 -0.987549 0.000000 0.000000
rubbergloveCHROME.bmp
  22 27.470591 -0.207260 1.028290 0.296457 0.212726 0.931054 0.000000 0.000000
  22 27.606746 -0.323368 0.986092 0.597239 0.074361 0.798609 0.000000 0.000000
  22 27.527373 -0.176504 1.013128 0.557284 0.260139 0.788519 0.000000 0.000000
rubbergloveCHROME.bmp
  22 27.527373 -0.176504 1.013128 0.557284 0.260139 0.788519 0.000000 0.000000
  22 27.606746 -0.323368 0.986092 0.597239 0.074361 0.798609 0.000000 0.000000
  22 27.650400 -0.267326 0.946677 0.691960 0.144799 0.707265 0.000000 0.000000
rubbergloveCHROME.bmp
  22 27.606746 -0.323368 0.986092 0.597239 0.074361 0.798609 0.000000 0.000000
  22 27.711894 -0.384141 0.874062 0.747700 -0.301653 0.591566 0.000000 0.000000
  22 27.650400 -0.267326 0.946677 0.691960 0.144799 0.707265 0.000000 0.000000
rubbergloveCHROME.bmp
  22 27.650400 -0.267326 0.946677 0.691960 0.144799 0.707265 0.000000 0.000000
  22 27.711894 -0.384141 0.874062 0.747700 -0.301653 0.591566 0.000000 0.000000
  22 27.736590 -0.312573 0.861096 0.844370 -0.077541 0.530120 0.000000 0.000000
rubbergloveCHROME.bmp
  22 27.711894 -0.384141 0.874062 0.747700 -0.301653 0.591566 0.000000 0.000000
  22 27.795537 -0.399101 0.734850 0.880786 -0.396715 0.258523 0.000000 0.000000
  22 27.736590 -0.312573 0.861096 0.844370 -0.077541 0.530120 0.000000 0.000000
rubbergloveCHROME.bmp
  22 27.736590 -0.312573 0.861096 0.844370 -0.077541 0.530120 0.000000 0.000000
  22 27.795537 -0.399101 0.734850 0.880786 -0.396715 0.258523 0.000000 0.000000
  22 27.792766 -0.356959 0.730811 0.947705 -0.258033 0.187813 0.000000 0.000000
rubbergloveCHROME.bmp
  22 27.795537 -0.399101 0.734850 0.880786 -0.396715 0.258523 0.000000 0.000000
  22 27.816359 -0.333294 0.590157 0.961962 -0.257211 -0.092043 0.000000 0.000000
  22 27.792766 -0.356959 0.730811 0.947705 -0.258033 0.187813 0.000000 0.000000
rubbergloveCHROME.bmp
  22 27.792766 -0.356959 0.730811 0.947705 -0.258033 0.187813 0.000000 0.000000
  22 27.816359 -0.333294 0.590157 0.961962 -0.257211 -0.092043 0.000000 0.000000
  22 27.833672 -0.295678 0.599390 0.997472 -0.070207 0.010970 0.000000 0.000000
rubbergloveCHROME.bmp
  22 27.816359 -0.333294 0.590157 0.961962 -0.257211 -0.092043 0.000000 0.000000
  22 27.824527 -0.232534 0.521742 0.970964 0.083533 -0.224167 0.000000 0.000000
  22 27.833672 -0.295678 0.599390 0.997472 -0.070207 0.010970 0.000000 0.000000
rubbergloveCHROME.bmp
  22 27.833672 -0.295678 0.599390 0.997472 -0.070207 0.010970 0.000000 0.000000
  22 27.824527 -0.232534 0.521742 0.970964 0.083533 -0.224167 0.000000 0.000000
  22 27.813448 -0.210295 0.538556 0.974615 0.159626 -0.156989 0.000000 0.000000
rubbergloveCHROME.bmp
  22 27.824527 -0.232534 0.521742 0.970964 0.083533 -0.224167 0.000000 0.000000
  22 27.794848 -0.141151 0.530005 0.839660 0.439083 -0.319653 0.000000 0.000000
  22 27.813448 -0.210295 0.538556 0.974615 0.159626 -0.156989 0.000000 0.000000
rubbergloveCHROME.bmp
  22 27.813448 -0.210295 0.538556 0.974615 0.159626 -0.156989 0.000000 0.000000
  22 27.794848 -0.141151 0.530005 0.839660 0.439083 -0.319653 0.000000 0.000000
  22 27.822160 -0.140297 0.594452 0.991201 0.131882 0.011332 0.000000 0.000000
rubbergloveCHROME.bmp
  22 27.794848 -0.141151 0.530005 0.839660 0.439083 -0.319653 0.000000 0.000000
  22 27.779982 0.014610 0.605619 0.862574 0.484371 -0.146121 0.000000 0.000000
  22 27.822160 -0.140297 0.594452 0.991201 0.131882 0.011332 0.000000 0.000000
rubbergloveCHROME.bmp
  22 27.822160 -0.140297 0.594452 0.991201 0.131882 0.011332 0.000000 0.000000
  22 27.779982 0.014610 0.605619 0.862574 0.484371 -0.146121 0.000000 0.000000
  22 27.697362 -0.208141 0.714962 0.870961 0.269384 0.410925 0.000000 0.000000
rubbergloveCHROME.bmp
  22 27.779982 0.014610 0.605619 0.862574 0.484371 -0.146121 0.000000 0.000000
  22 27.673033 0.099954 0.826704 0.731256 0.523272 0.437551 0.000000 0.000000
  22 27.697362 -0.208141 0.714962 0.870961 0.269384 0.410925 0.000000 0.000000
rubbergloveCHROME.bmp
  22 27.697362 -0.208141 0.714962 0.870961 0.269384 0.410925 0.000000 0.000000
  22 27.673033 0.099954 0.826704 0.731256 0.523272 0.437551 0.000000 0.000000
  22 27.684529 -0.164855 0.952578 0.756804 0.114462 0.643542 0.000000 0.000000
rubbergloveCHROME.bmp
  22 27.673033 0.099954 0.826704 0.731256 0.523272 0.437551 0.000000 0.000000
  22 27.616662 -0.027039 0.951584 0.394975 0.302079 0.867608 0.000000 0.000000
  22 27.684529 -0.164855 0.952578 0.756804 0.114462 0.643542 0.000000 0.000000
rubbergloveCHROME.bmp
  22 27.684529 -0.164855 0.952578 0.756804 0.114462 0.643542 0.000000 0.000000
  22 27.616662 -0.027039 0.951584 0.394975 0.302079 0.867608 0.000000 0.000000
  22 27.570895 -0.185937 0.959120 0.507446 0.247294 0.825436 0.000000 0.000000
rubbergloveCHROME.bmp
  22 27.616662 -0.027039 0.951584 0.394975 0.302079 0.867608 0.000000 0.000000
  22 27.448226 -0.041497 0.990573 0.490340 0.436923 0.754099 0.000000 0.000000
  22 27.570895 -0.185937 0.959120 0.507446 0.247294 0.825436 0.000000 0.000000
rubbergloveCHROME.bmp
  22 27.570895 -0.185937 0.959120 0.507446 0.247294 0.825436 0.000000 0.000000
  22 27.448226 -0.041497 0.990573 0.490340 0.436923 0.754099 0.000000 0.000000
  22 27.527373 -0.176504 1.013128 0.557284 0.260139 0.788519 0.000000 0.000000
rubbergloveCHROME.bmp
  22 27.448226 -0.041497 0.990573 0.490340 0.436923 0.754099 0.000000 0.000000
  22 27.427917 -0.025115 1.026893 0.436626 0.391936 0.809780 0.000000 0.000000
  22 27.527373 -0.176504 1.013128 0.557284 0.260139 0.788519 0.000000 0.000000
rubbergloveCHROME.bmp
  22 27.527373 -0.176504 1.013128 0.557284 0.260139 0.788519 0.000000 0.000000
  22 27.427917 -0.025115 1.026893 0.436626 0.391936 0.809780 0.000000 0.000000
  22 27.470591 -0.207260 1.028290 0.296457 0.212726 0.931054 0.000000 0.000000
rubbergloveCHROME.bmp
  22 27.427917 -0.025115 1.026893 0.436626 0.391936 0.809780 0.000000 0.000000
  22 27.329188 -0.059151 1.036599 0.231509 0.193760 0.953342 0.000000 0.000000
  22 27.470591 -0.207260 1.028290 0.296457 0.212726 0.931054 0.000000 0.000000
rubbergloveCHROME.bmp
  22 27.470591 -0.207260 1.028290 0.296457 0.212726 0.931054 0.000000 0.000000
  22 27.329188 -0.059151 1.036599 0.231509 0.193760 0.953342 0.000000 0.000000
  22 27.143578 -0.192082 1.113918 -0.199485 -0.220796 0.954701 0.000000 0.000000
rubbergloveCHROME.bmp
  22 27.329188 -0.059151 1.036599 0.231509 0.193760 0.953342 0.000000 0.000000
  22 27.047816 -0.096883 1.133068 0.045484 -0.129454 0.990542 0.000000 0.000000
  22 27.143578 -0.192082 1.113918 -0.199485 -0.220796 0.954701 0.000000 0.000000
rubbergloveCHROME.bmp
  22 27.143578 -0.192082 1.113918 -0.199485 -0.220796 0.954701 0.000000 0.000000
  22 27.047816 -0.096883 1.133068 0.045484 -0.129454 0.990542 0.000000 0.000000
  22 26.971602 -0.121779 1.074148 -0.170962 -0.415834 0.893227 0.000000 0.000000
rubbergloveCHROME.bmp
  22 27.047816 -0.096883 1.133068 0.045484 -0.129454 0.990542 0.000000 0.000000
  22 26.950409 0.051459 1.187899 0.045484 -0.129454 0.990542 0.000000 0.000000
  22 26.971602 -0.121779 1.074148 -0.170962 -0.415834 0.893227 0.000000 0.000000
rubbergloveCHROME.bmp
  22 26.971602 -0.121779 1.074148 -0.170962 -0.415834 0.893227 0.000000 0.000000
  22 26.950409 0.051459 1.187899 0.045484 -0.129454 0.990542 0.000000 0.000000
  22 26.841480 0.029138 1.104018 -0.268650 -0.280344 0.921539 0.000000 0.000000
rubbergloveCHROME.bmp
  22 26.950409 0.051459 1.187899 0.045484 -0.129454 0.990542 0.000000 0.000000
  3 26.771242 0.261949 1.184732 -0.141008 -0.175105 0.974400 0.000000 0.000000
  22 26.841480 0.029138 1.104018 -0.268650 -0.280344 0.921539 0.000000 0.000000
rubbergloveCHROME.bmp
  22 26.841480 0.029138 1.104018 -0.268650 -0.280344 0.921539 0.000000 0.000000
  3 26.771242 0.261949 1.184732 -0.141008 -0.175105 0.974400 0.000000 0.000000
  3 26.706932 0.200053 1.103287 -0.313172 -0.285000 0.905924 0.000000 0.000000
rubbergloveCHROME.bmp
  8 -25.892542 -0.658153 0.253982 -0.539332 0.616943 -0.573152 0.000000 0.000000
  8 -25.948359 -0.574870 0.284779 -0.598646 0.329783 -0.729977 0.000000 0.000000
  8 -25.873598 -0.612585 0.217041 -0.674176 0.230135 -0.701801 0.000000 0.000000
rubbergloveCHROME.bmp
  8 -25.873598 -0.612585 0.217041 -0.674176 0.230135 -0.701801 0.000000 0.000000
  8 -25.948359 -0.574870 0.284779 -0.598646 0.329783 -0.729977 0.000000 0.000000
  8 -25.907347 -0.536587 0.255581 -0.633175 0.117148 -0.765092 0.000000 0.000000
rubbergloveCHROME.bmp
  8 -25.948359 -0.574870 0.284779 -0.598646 0.329783 -0.729977 0.000000 0.000000
  7 -25.928135 -0.463773 0.414190 -0.911099 0.375177 -0.170705 0.000000 0.000000
  8 -25.907347 -0.536587 0.255581 -0.633175 0.117148 -0.765092 0.000000 0.000000
rubbergloveCHROME.bmp
  8 -25.907347 -0.536587 0.255581 -0.633175 0.117148 -0.765092 0.000000 0.000000
  7 -25.928135 -0.463773 0.414190 -0.911099 0.375177 -0.170705 0.000000 0.000000
  7 -25.825889 -0.449952 0.257171 -0.444117 0.444478 -0.777945 0.000000 0.000000
rubbergloveCHROME.bmp
  7 -25.928135 -0.463773 0.414190 -0.911099 0.375177 -0.170705 0.000000 0.000000
  7 -25.863039 -0.368100 0.417235 -0.690679 0.708490 -0.144928 0.000000 0.000000
  7 -25.825889 -0.449952 0.257171 -0.444117 0.444478 -0.777945 0.000000 0.000000
rubbergloveCHROME.bmp
  7 -25.825889 -0.449952 0.257171 -0.444117 0.444478 -0.777945 0.000000 0.000000
  7 -25.863039 -0.368100 0.417235 -0.690679 0.708490 -0.144928 0.000000 0.000000
  7 -25.763565 -0.396423 0.264255 -0.467990 0.491633 -0.734358 0.000000 0.000000
rubbergloveCHROME.bmp
  7 -25.863039 -0.368100 0.417235 -0.690679 0.708490 -0.144928 0.000000 0.000000
  7 -25.811792 -0.336810 0.407504 -0.761852 0.639512 -0.102986 0.000000 0.000000
  7 -25.763565 -0.396423 0.264255 -0.467990 0.491633 -0.734358 0.000000 0.000000
rubbergloveCHROME.bmp
  7 -25.763565 -0.396423 0.264255 -0.467990 0.491633 -0.734358 0.000000 0.000000
  7 -25.811792 -0.336810 0.407504 -0.761852 0.639512 -0.102986 0.000000 0.000000
  7 -25.746090 -0.316279 0.295426 -0.720231 0.332059 -0.609101 0.000000 0.000000
rubbergloveCHROME.bmp
  7 -25.811792 -0.336810 0.407504 -0.761852 0.639512 -0.102986 0.000000 0.000000
  7 -25.778759 -0.245046 0.496320 -0.965354 0.179869 -0.189045 0.000000 0.000000
  7 -25.746090 -0.316279 0.295426 -0.720231 0.332059 -0.609101 0.000000 0.000000
rubbergloveCHROME.bmp
  7 -25.746090 -0.316279 0.295426 -0.720231 0.332059 -0.609101 0.000000 0.000000
  7 -25.778759 -0.245046 0.496320 -0.965354 0.179869 -0.189045 0.000000 0.000000
  7 -25.728367 -0.187374 0.464154 -0.874732 0.373557 -0.308707 0.000000 0.000000
rubbergloveCHROME.bmp
  7 -25.778759 -0.245046 0.496320 -0.965354 0.179869 -0.189045 0.000000 0.000000
  7 -25.760158 -0.175902 0.487770 -0.904901 0.344878 -0.249427 0.000000 0.000000
  7 -25.728367 -0.187374 0.464154 -0.874732 0.373557 -0.308707 0.000000 0.000000
rubbergloveCHROME.bmp
  7 -25.728367 -0.187374 0.464154 -0.874732 0.373557 -0.308707 0.000000 0.000000
  7 -25.760158 -0.175902 0.487770 -0.904901 0.344878 -0.249427 0.000000 0.000000
  7 -25.664257 0.000154 0.459357 -0.755912 0.627140 -0.187862 0.000000 0.000000
rubbergloveCHROME.bmp
  7 -25.760158 -0.175902 0.487770 -0.904901 0.344878 -0.249427 0.000000 0.000000
  7 -25.781795 -0.156237 0.529545 -0.839659 0.439083 -0.319655 0.000000 0.000000
  7 -25.664257 0.000154 0.459357 -0.755912 0.627140 -0.187862 0.000000 0.000000
rubbergloveCHROME.bmp
  7 -25.664257 0.000154 0.459357 -0.755912 0.627140 -0.187862 0.000000 0.000000
  7 -25.781795 -0.156237 0.529545 -0.839659 0.439083 -0.319655 0.000000 0.000000
  7 -25.678938 -0.000943 0.512113 -0.700929 0.667649 -0.250884 0.000000 0.000000
rubbergloveCHROME.bmp
  7 -25.781795 -0.156237 0.529545 -0.839659 0.439083 -0.319655 0.000000 0.000000
  7 -25.794893 0.001712 0.608795 -0.862573 0.484371 -0.146122 0.000000 0.000000
  7 -25.678938 -0.000943 0.512113 -0.700929 0.667649 -0.250884 0.000000 0.000000
rubbergloveCHROME.bmp
  7 -25.678938 -0.000943 0.512113 -0.700929 0.667649 -0.250884 0.000000 0.000000
  7 -25.794893 0.001712 0.608795 -0.862573 0.484371 -0.146122 0.000000 0.000000
  7 -25.547014 0.174545 0.651039 -0.542008 0.812144 -0.215986 0.000000 0.000000
rubbergloveCHROME.bmp
  7 -25.794893 0.001712 0.608795 -0.862573 0.484371 -0.146122 0.000000 0.000000
  7 -25.668287 0.104771 0.805390 -0.731257 0.523272 0.437550 0.000000 0.000000
  7 -25.547014 0.174545 0.651039 -0.542008 0.812144 -0.215986 0.000000 0.000000
rubbergloveCHROME.bmp
  7 -25.547014 0.174545 0.651039 -0.542008 0.812144 -0.215986 0.000000 0.000000
  7 -25.668287 0.104771 0.805390 -0.731257 0.523272 0.437550 0.000000 0.000000
  7 -25.496086 0.186931 0.815212 -0.508954 0.753903 0.415447 0.000000 0.000000
rubbergloveCHROME.bmp
  7 -25.668287 0.104771 0.805390 -0.731257 0.523272 0.437550 0.000000 0.000000
  7 -25.456531 0.124793 0.936761 -0.322344 0.511154 0.796754 0.000000 0.000000
  7 -25.496086 0.186931 0.815212 -0.508954 0.753903 0.415447 0.000000 0.000000
rubbergloveCHROME.bmp
  7 -25.496086 0.186931 0.815212 -0.508954 0.753903 0.415447 0.000000 0.000000
  7 -25.456531 0.124793 0.936761 -0.322344 0.511154 0.796754 0.000000 0.000000
  7 -25.335934 0.229280 0.921315 -0.587655 0.492698 0.641803 0.000000 0.000000
rubbergloveCHROME.bmp
  7 -25.456531 0.124793 0.936761 -0.322344 0.511154 0.796754 0.000000 0.000000
  7 -25.355528 0.105661 0.954993 -0.545462 0.496514 0.675237 0.000000 0.000000
  7 -25.335934 0.229280 0.921315 -0.587655 0.492698 0.641803 0.000000 0.000000
rubbergloveCHROME.bmp
  7 -25.335934 0.229280 0.921315 -0.587655 0.492698 0.641803 0.000000 0.000000
  7 -25.355528 0.105661 0.954993 -0.545462 0.496514 0.675237 0.000000 0.000000
  7 -25.316983 0.098474 0.980734 -0.473593 0.406123 0.781520 0.000000 0.000000
rubbergloveCHROME.bmp
  7 -25.355528 0.105661 0.954993 -0.545462 0.496514 0.675237 0.000000 0.000000
  7 -25.447082 -0.015538 1.038830 -0.436626 0.391937 0.809780 0.000000 0.000000
  7 -25.316983 0.098474 0.980734 -0.473593 0.406123 0.781520 0.000000 0.000000
rubbergloveCHROME.bmp
  7 -25.316983 0.098474 0.980734 -0.473593 0.406123 0.781520 0.000000 0.000000
  7 -25.447082 -0.015538 1.038830 -0.436626 0.391937 0.809780 0.000000 0.000000
  7 -25.309606 -0.081809 1.035903 -0.231509 0.193759 0.953342 0.000000 0.000000
rubbergloveCHROME.bmp
  7 -25.447082 -0.015538 1.038830 -0.436626 0.391937 0.809780 0.000000 0.000000
  7 -25.466342 -0.229681 1.019540 -0.296459 0.212726 0.931053 0.000000 0.000000
  7 -25.309606 -0.081809 1.035903 -0.231509 0.193759 0.953342 0.000000 0.000000
rubbergloveCHROME.bmp
  7 -25.309606 -0.081809 1.035903 -0.231509 0.193759 0.953342 0.000000 0.000000
  7 -25.466342 -0.229681 1.019540 -0.296459 0.212726 0.931053 0.000000 0.000000
  7 -25.110442 -0.202644 1.100186 0.199485 -0.220800 0.954701 0.000000 0.000000
rubbergloveCHROME.bmp
  7 -25.466342 -0.229681 1.019540 -0.296459 0.212726 0.931053 0.000000 0.000000
  7 -25.301446 -0.328901 1.137288 0.222773 -0.086548 0.971021 0.000000 0.000000
  7 -25.110442 -0.202644 1.100186 0.199485 -0.220800 0.954701 0.000000 0.000000
rubbergloveCHROME.bmp
  7 -25.110442 -0.202644 1.100186 0.199485 -0.220800 0.954701 0.000000 0.000000
  7 -25.301446 -0.328901 1.137288 0.222773 -0.086548 0.971021 0.000000 0.000000
  7 -25.246037 -0.397418 1.054612 0.291290 -0.144421 0.945671 0.000000 0.000000
rubbergloveCHROME.bmp
  7 -25.301446 -0.328901 1.137288 0.222773 -0.086548 0.971021 0.000000 0.000000
  7 -25.337614 -0.555521 1.050483 0.403020 -0.101499 0.909545 0.000000 0.000000
  7 -25.246037 -0.397418 1.054612 0.291290 -0.144421 0.945671 0.000000 0.000000
rubbergloveCHROME.bmp
  4 -21.994219 0.373186 1.115985 0.784447 -0.511128 0.351270 0.000000 0.000000
  4 -22.146651 0.040669 1.026559 0.642993 -0.755892 0.123233 0.000000 0.000000
  4 -21.933319 0.272476 0.859960 0.778181 -0.611194 0.144484 0.000000 0.000000
rubbergloveCHROME.bmp
  4 -21.933319 0.272476 0.859960 0.778181 -0.611194 0.144484 0.000000 0.000000
  4 -22.146651 0.040669 1.026559 0.642993 -0.755892 0.123233 0.000000 0.000000
  4 -22.097229 0.178396 0.608003 0.576996 -0.787590 -0.216281 0.000000 0.000000
rubbergloveCHROME.bmp
  4 -22.146651 0.040669 1.026559 0.642993 -0.755892 0.123233 0.000000 0.000000
  4 -22.318825 -0.021078 0.806006 0.334451 -0.923076 -0.189931 0.000000 0.000000
  4 -22.097229 0.178396 0.608003 0.576996 -0.787590 -0.216281 0.000000 0.000000
rubbergloveCHROME.bmp
  4 -22.097229 0.178396 0.608003 0.576996 -0.787590 -0.216281 0.000000 0.000000
  4 -22.318825 -0.021078 0.806006 0.334451 -0.923076 -0.189931 0.000000 0.000000
  4 -22.399234 0.146120 0.268811 0.340347 -0.854814 -0.391735 0.000000 0.000000
rubbergloveCHROME.bmp
  4 -22.318825 -0.021078 0.806006 0.334451 -0.923076 -0.189931 0.000000 0.000000
  4 -22.693962 -0.038626 0.531117 0.097770 -0.963903 -0.247654 0.000000 0.000000
  4 -22.399234 0.146120 0.268811 0.340347 -0.854814 -0.391735 0.000000 0.000000
rubbergloveCHROME.bmp
  4 -22.399234 0.146120 0.268811 0.340347 -0.854814 -0.391735 0.000000 0.000000
  4 -22.693962 -0.038626 0.531117 0.097770 -0.963903 -0.247654 0.000000 0.000000
  4 -22.708508 0.196701 0.081217 0.090170 -0.837038 -0.539664 0.000000 0.000000
rubbergloveCHROME.bmp
  4 -22.693962 -0.038626 0.531117 0.097770 -0.963903 -0.247654 0.000000 0.000000
  4 -23.018438 0.029663 0.359501 -0.034430 -0.925904 -0.376186 0.000000 0.000000
  4 -22.708508 0.196701 0.081217 0.090170 -0.837038 -0.539664 0.000000 0.000000
rubbergloveCHROME.bmp
  4 -22.708508 0.196701 0.081217 0.090170 -0.837038 -0.539664 0.000000 0.000000
  4 -23.018438 0.029663 0.359501 -0.034430 -0.925904 -0.376186 0.000000 0.000000
  4 -22.910503 0.295352 -0.057584 -0.035717 -0.777071 -0.628399 0.000000 0.000000
rubbergloveCHROME.bmp
  4 -23.018438 0.029663 0.359501 -0.034430 -0.925904 -0.376186 0.000000 0.000000
  4 -23.279807 -0.000196 0.369225 -0.109800 -0.877406 -0.467014 0.000000 0.000000
  4 -22.910503 0.295352 -0.057584 -0.035717 -0.777071 -0.628399 0.000000 0.000000
rubbergloveCHROME.bmp
  4 -22.910503 0.295352 -0.057584 -0.035717 -0.777071 -0.628399 0.000000 0.000000
  4 -23.279807 -0.000196 0.369225 -0.109800 -0.877406 -0.467014 0.000000 0.000000
  4 -23.239260 0.220294 0.038257 -0.170378 -0.747373 -0.642187 0.000000 0.000000
rubbergloveCHROME.bmp
  4 -23.279807 -0.000196 0.369225 -0.109800 -0.877406 -0.467014 0.000000 0.000000
  1 -23.480461 0.039162 0.346167 -0.274049 -0.864914 -0.420501 0.000000 0.000000
  4 -23.239260 0.220294 0.038257 -0.170378 -0.747373 -0.642187 0.000000 0.000000
rubbergloveCHROME.bmp
  4 -23.239260 0.220294 0.038257 -0.170378 -0.747373 -0.642187 0.000000 0.000000
  1 -23.480461 0.039162 0.346167 -0.274049 -0.864914 -0.420501 0.000000 0.000000
  4 -23.482920 0.288024 0.031773 0.340347 -0.854814 -0.391735 0.000000 0.000000
rubbergloveCHROME.bmp
  1 -23.480461 0.039162 0.346167 -0.274049 -0.864914 -0.420501 0.000000 0.000000
  1 -23.677677 0.146804 0.350519 0.584283 -0.796239 -0.156898 0.000000 0.000000
  4 -23.482920 0.288024 0.031773 0.340347 -0.854814 -0.391735 0.000000 0.000000
rubbergloveCHROME.bmp
  4 -23.482920 0.288024 0.031773 0.340347 -0.854814 -0.391735 0.000000 0.000000
  1 -23.677677 0.146804 0.350519 0.584283 -0.796239 -0.156898 0.000000 0.000000
  1 -23.588011 0.125058 -0.011541 0.849493 -0.524203 0.059765 0.000000 0.000000
rubbergloveCHROME.bmp
  1 -23.677677 0.146804 0.350519 0.584283 -0.796239 -0.156898 0.000000 0.000000
  1 -23.707431 -0.035367 0.291119 0.929451 -0.363026 0.065830 0.000000 0.000000
  1 -23.588011 0.125058 -0.011541 0.849493 -0.524203 0.059765 0.000000 0.000000
rubbergloveCHROME.bmp
  1 -23.588011 0.125058 -0.011541 0.849493 -0.524203 0.059765 0.000000 0.000000
  1 -23.707431 -0.035367 0.291119 0.929451 -0.363026 0.065830 0.000000 0.000000
  1 -23.711808 -0.007106 -0.008851 0.850619 -0.524423 -0.037800 0.000000 0.000000
rubbergloveCHROME.bmp
  1 -23.707431 -0.035367 0.291119 0.929451 -0.363026 0.065830 0.000000 0.000000
  1 -23.758317 -0.130742 0.252206 0.872492 -0.488315 -0.017504 0.000000 0.000000
  1 -23.711808 -0.007106 -0.008851 0.850619 -0.524423 -0.037800 0.000000 0.000000
rubbergloveCHROME.bmp
  1 -23.711808 -0.007106 -0.008851 0.850619 -0.524423 -0.037800 0.000000 0.000000
  1 -23.758317 -0.130742 0.252206 0.872492 -0.488315 -0.017504 0.000000 0.000000
  1 -23.785499 -0.136083 0.002742 0.864272 -0.498809 -0.064992 0.000000 0.000000
rubbergloveCHROME.bmp
  1 -23.758317 -0.130742 0.252206 0.872492 -0.488315 -0.017504 0.000000 0.000000
  1 -23.981681 -0.425457 0.177028 0.601893 -0.798390 -0.017256 0.000000 0.000000
  1 -23.785499 -0.136083 0.002742 0.864272 -0.498809 -0.064992 0.000000 0.000000
rubbergloveCHROME.bmp
  1 -23.785499 -0.136083 0.002742 0.864272 -0.498809 -0.064992 0.000000 0.000000
  1 -23.981681 -0.425457 0.177028 0.601893 -0.798390 -0.017256 0.000000 0.000000
  1 -23.994986 -0.431900 -0.082744 0.570618 -0.819543 -0.052390 0.000000 0.000000
rubbergloveCHROME.bmp
  1 -23.981681 -0.425457 0.177028 0.601893 -0.798390 -0.017256 0.000000 0.000000
  1 -24.421518 -0.561508 0.016612 0.033776 -0.984804 -0.170356 0.000000 0.000000
  1 -23.994986 -0.431900 -0.082744 0.570618 -0.819543 -0.052390 0.000000 0.000000
rubbergloveCHROME.bmp
  1 -23.994986 -0.431900 -0.082744 0.570618 -0.819543 -0.052390 0.000000 0.000000
  1 -24.421518 -0.561508 0.016612 0.033776 -0.984804 -0.170356 0.000000 0.000000
  1 -24.395296 -0.549587 -0.123995 0.082595 -0.994715 0.060988 0.000000 0.000000
rubbergloveCHROME.bmp
  1 -24.421518 -0.561508 0.016612 0.033776 -0.984804 -0.170356 0.000000 0.000000
  1 -24.694710 -0.476516 -0.127409 -0.261053 -0.963575 -0.058097 0.000000 0.000000
  1 -24.395296 -0.549587 -0.123995 0.082595 -0.994715 0.060988 0.000000 0.000000
rubbergloveCHROME.bmp
  1 -24.395296 -0.549587 -0.123995 0.082595 -0.994715 0.060988 0.000000 0.000000
  1 -24.694710 -0.476516 -0.127409 -0.261053 -0.963575 -0.058097 0.000000 0.000000
  1 -24.424031 -0.597242 -0.293415 0.084399 -0.982198 0.167820 0.000000 0.000000
rubbergloveCHROME.bmp
  1 -24.694710 -0.476516 -0.127409 -0.261053 -0.963575 -0.058097 0.000000 0.000000
  10 -24.775574 -0.458648 -0.214678 -0.232786 -0.945820 0.226354 0.000000 0.000000
  1 -24.424031 -0.597242 -0.293415 0.084399 -0.982198 0.167820 0.000000 0.000000
rubbergloveCHROME.bmp
  1 -24.424031 -0.597242 -0.293415 0.084399 -0.982198 0.167820 0.000000 0.000000
  10 -24.775574 -0.458648 -0.214678 -0.232786 -0.945820 0.226354 0.000000 0.000000
  10 -24.635702 -0.640885 -0.366419 0.213174 -0.887120 0.409360 0.000000 0.000000
rubbergloveCHROME.bmp
  10 -24.775574 -0.458648 -0.214678 -0.232786 -0.945820 0.226354 0.000000 0.000000
  10 -24.860994 -0.480635 -0.305892 -0.000272 -0.743362 0.668889 0.000000 0.000000
  10 -24.635702 -0.640885 -0.366419 0.213174 -0.887120 0.409360 0.000000 0.000000
rubbergloveCHROME.bmp
  10 -24.635702 -0.640885 -0.366419 0.213174 -0.887120 0.409360 0.000000 0.000000
  10 -24.860994 -0.480635 -0.305892 -0.000272 -0.743362 0.668889 0.000000 0.000000
  10 -24.834287 -0.777968 -0.400655 0.431750 -0.538505 0.723605 0.000000 0.000000
rubbergloveCHROME.bmp
  10 -24.860994 -0.480635 -0.305892 -0.000272 -0.743362 0.668889 0.000000 0.000000
  10 -25.004178 -0.635498 -0.309885 0.383443 -0.360751 0.850194 0.000000 0.000000
  10 -24.834287 -0.777968 -0.400655 0.431750 -0.538505 0.723605 0.000000 0.000000
rubbergloveCHROME.bmp
  25 27.005053 -0.649833 -0.300144 -0.383448 -0.360749 0.850193 0.000000 0.000000
  25 26.882752 -0.486896 -0.286216 0.000270 -0.743360 0.668891 0.000000 0.000000
  25 26.836045 -0.806589 -0.381161 -0.431754 -0.538504 0.723603 0.000000 0.000000
rubbergloveCHROME.bmp
  25 26.836045 -0.806589 -0.381161 -0.431754 -0.538504 0.723603 0.000000 0.000000
  25 26.882752 -0.486896 -0.286216 0.000270 -0.743360 0.668891 0.000000 0.000000
  25 26.620787 -0.627603 -0.366063 -0.213176 -0.887117 0.409364 0.000000 0.000000
rubbergloveCHROME.bmp
  25 26.882752 -0.486896 -0.286216 0.000270 -0.743360 0.668891 0.000000 0.000000
  25 26.764001 -0.502176 -0.195306 0.232780 -0.945817 0.226371 0.000000 0.000000
  25 26.620787 -0.627603 -0.366063 -0.213176 -0.887117 0.409364 0.000000 0.000000
rubbergloveCHROME.bmp
  25 26.620787 -0.627603 -0.366063 -0.213176 -0.887117 0.409364 0.000000 0.000000
  25 26.764001 -0.502176 -0.195306 0.232780 -0.945817 0.226371 0.000000 0.000000
  3 26.437013 -0.582085 -0.293138 -0.084400 -0.982197 0.167826 0.000000 0.000000
rubbergloveCHROME.bmp
  25 26.764001 -0.502176 -0.195306 0.232780 -0.945817 0.226371 0.000000 0.000000
  3 26.702739 -0.483056 -0.147250 0.261057 -0.963574 -0.058082 0.000000 0.000000
  3 26.437013 -0.582085 -0.293138 -0.084400 -0.982197 0.167826 0.000000 0.000000
rubbergloveCHROME.bmp
  3 26.437013 -0.582085 -0.293138 -0.084400 -0.982197 0.167826 0.000000 0.000000
  3 26.702739 -0.483056 -0.147250 0.261057 -0.963574 -0.058082 0.000000 0.000000
  3 26.432180 -0.568023 -0.123200 -0.082592 -0.994715 0.060991 0.000000 0.000000
rubbergloveCHROME.bmp
  3 26.702739 -0.483056 -0.147250 0.261057 -0.963574 -0.058082 0.000000 0.000000
  3 26.450363 -0.573451 0.037237 -0.033767 -0.984805 -0.170349 0.000000 0.000000
  3 26.432180 -0.568023 -0.123200 -0.082592 -0.994715 0.060991 0.000000 0.000000
rubbergloveCHROME.bmp
  3 26.432180 -0.568023 -0.123200 -0.082592 -0.994715 0.060991 0.000000 0.000000
  3 26.450363 -0.573451 0.037237 -0.033767 -0.984805 -0.170349 0.000000 0.000000
  3 25.994537 -0.431948 -0.062761 -0.570619 -0.819542 -0.052390 0.000000 0.000000
rubbergloveCHROME.bmp
  3 26.450363 -0.573451 0.037237 -0.033767 -0.984805 -0.170349 0.000000 0.000000
  3 25.981890 -0.425499 0.167018 -0.605033 -0.795252 -0.038858 0.000000 0.000000
  3 25.994537 -0.431948 -0.062761 -0.570619 -0.819542 -0.052390 0.000000 0.000000
rubbergloveCHROME.bmp
  3 25.994537 -0.431948 -0.062761 -0.570619 -0.819542 -0.052390 0.000000 0.000000
  3 25.981890 -0.425499 0.167018 -0.605033 -0.795252 -0.038858 0.000000 0.000000
  3 25.791985 -0.128527 0.002874 -0.864273 -0.498806 -0.064998 0.000000 0.000000
rubbergloveCHROME.bmp
  3 25.981890 -0.425499 0.167018 -0.605033 -0.795252 -0.038858 0.000000 0.000000
  3 25.765907 -0.137284 0.252360 -0.872491 -0.488317 -0.017507 0.000000 0.000000
  3 25.791985 -0.128527 0.002874 -0.864273 -0.498806 -0.064998 0.000000 0.000000
rubbergloveCHROME.bmp
  3 25.791985 -0.128527 0.002874 -0.864273 -0.498806 -0.064998 0.000000 0.000000
  3 25.765907 -0.137284 0.252360 -0.872491 -0.488317 -0.017507 0.000000 0.000000
  3 25.738667 0.009154 0.001733 -0.850617 -0.524425 -0.037803 0.000000 0.000000
rubbergloveCHROME.bmp
  3 25.765907 -0.137284 0.252360 -0.872491 -0.488317 -0.017507 0.000000 0.000000
  3 25.728897 -0.040808 0.301580 -0.929451 -0.363026 0.065827 0.000000 0.000000
  3 25.738667 0.009154 0.001733 -0.850617 -0.524425 -0.037803 0.000000 0.000000
rubbergloveCHROME.bmp
  3 25.738667 0.009154 0.001733 -0.850617 -0.524425 -0.037803 0.000000 0.000000
  3 25.728897 -0.040808 0.301580 -0.929451 -0.363026 0.065827 0.000000 0.000000
  3 25.631173 0.114223 -0.000604 -0.849492 -0.524206 0.059765 0.000000 0.000000
rubbergloveCHROME.bmp
  3 25.728897 -0.040808 0.301580 -0.929451 -0.363026 0.065827 0.000000 0.000000
  3 25.683287 0.154353 0.390642 -0.611697 -0.776597 -0.150747 0.000000 0.000000
  3 25.631173 0.114223 -0.000604 -0.849492 -0.524206 0.059765 0.000000 0.000000
rubbergloveCHROME.bmp
  3 25.631173 0.114223 -0.000604 -0.849492 -0.524206 0.059765 0.000000 0.000000
  3 25.683287 0.154353 0.390642 -0.611697 -0.776597 -0.150747 0.000000 0.000000
  19 25.475984 0.302602 0.047189 -0.365263 -0.855022 -0.368130 0.000000 0.000000
rubbergloveCHROME.bmp
  3 25.683287 0.154353 0.390642 -0.611697 -0.776597 -0.150747 0.000000 0.000000
  3 25.507985 0.041318 0.376768 0.274047 -0.864914 -0.420501 0.000000 0.000000
  19 25.475984 0.302602 0.047189 -0.365263 -0.855022 -0.368130 0.000000 0.000000
rubbergloveCHROME.bmp
  19 25.475984 0.302602 0.047189 -0.365263 -0.855022 -0.368130 0.000000 0.000000
  3 25.507985 0.041318 0.376768 0.274047 -0.864914 -0.420501 0.000000 0.000000
  19 25.260684 0.226805 0.048147 0.170377 -0.747374 -0.642187 0.000000 0.000000
rubbergloveCHROME.bmp
  3 25.507985 0.041318 0.376768 0.274047 -0.864914 -0.420501 0.000000 0.000000
  19 25.250013 0.014770 0.393440 0.109800 -0.877406 -0.467015 0.000000 0.000000
  19 25.260684 0.226805 0.048147 0.170377 -0.747374 -0.642187 0.000000 0.000000
rubbergloveCHROME.bmp
  19 25.260684 0.226805 0.048147 0.170377 -0.747374 -0.642187 0.000000 0.000000
  19 25.250013 0.014770 0.393440 0.109800 -0.877406 -0.467015 0.000000 0.000000
  19 24.911221 0.291834 -0.066946 0.035717 -0.777071 -0.628399 0.000000 0.000000
rubbergloveCHROME.bmp
  19 25.250013 0.014770 0.393440 0.109800 -0.877406 -0.467015 0.000000 0.000000
  19 25.026039 0.038472 0.367478 0.034429 -0.925904 -0.376187 0.000000 0.000000
  19 24.911221 0.291834 -0.066946 0.035717 -0.777071 -0.628399 0.000000 0.000000
rubbergloveCHROME.bmp
  19 24.911221 0.291834 -0.066946 0.035717 -0.777071 -0.628399 0.000000 0.000000
  19 25.026039 0.038472 0.367478 0.034429 -0.925904 -0.376187 0.000000 0.000000
  19 24.693306 0.178948 0.065228 -0.090170 -0.837038 -0.539664 0.000000 0.000000
rubbergloveCHROME.bmp
  19 25.026039 0.038472 0.367478 0.034429 -0.925904 -0.376187 0.000000 0.000000
  19 24.706352 -0.034024 0.551718 -0.097770 -0.963903 -0.247654 0.000000 0.000000
  19 24.693306 0.178948 0.065228 -0.090170 -0.837038 -0.539664 0.000000 0.000000
rubbergloveCHROME.bmp
  19 24.693306 0.178948 0.065228 -0.090170 -0.837038 -0.539664 0.000000 0.000000
  19 24.706352 -0.034024 0.551718 -0.097770 -0.963903 -0.247654 0.000000 0.000000
  19 24.428976 0.158015 0.277339 -0.365263 -0.855022 -0.368130 0.000000 0.000000
rubbergloveCHROME.bmp
  19 24.706352 -0.034024 0.551718 -0.097770 -0.963903 -0.247654 0.000000 0.000000
  19 24.326426 -0.012268 0.813984 -0.334453 -0.923075 -0.189932 0.000000 0.000000
  19 24.428976 0.158015 0.277339 -0.365263 -0.855022 -0.368130 0.000000 0.000000
rubbergloveCHROME.bmp
  19 24.428976 0.158015 0.277339 -0.365263 -0.855022 -0.368130 0.000000 0.000000
  19 24.326426 -0.012268 0.813984 -0.334453 -0.923075 -0.189932 0.000000 0.000000
  19 24.091008 0.189505 0.614068 -0.576995 -0.787591 -0.216281 0.000000 0.000000
rubbergloveCHROME.bmp
  19 24.326426 -0.012268 0.813984 -0.334453 -0.923075 -0.189932 0.000000 0.000000
  19 24.125890 0.057547 1.040062 -0.642994 -0.755892 0.123232 0.000000 0.000000
  19 24.091008 0.189505 0.614068 -0.576995 -0.787591 -0.216281 0.000000 0.000000
rubbergloveCHROME.bmp
  19 24.091008 0.189505 0.614068 -0.576995 -0.787591 -0.216281 0.000000 0.000000
  19 24.125890 0.057547 1.040062 -0.642994 -0.755892 0.123232 0.000000 0.000000
  19 23.945046 0.253601 0.857146 -0.778181 -0.611194 0.144485 0.000000 0.000000
rubbergloveCHROME.bmp
  19 24.125890 0.057547 1.040062 -0.642994 -0.755892 0.123232 0.000000 0.000000
  19 23.997749 0.382732 1.101988 -0.784448 -0.511128 0.351268 0.000000 0.000000
  19 23.945046 0.253601 0.857146 -0.778181 -0.611194 0.144485 0.000000 0.000000
rubbergloveCHROME.bmp
  3 25.356995 0.411150 -0.526685 -0.663207 -0.736220 0.134674 0.000000 0.000000
  3 25.616916 0.176128 -0.541034 -0.783613 -0.617809 0.065285 0.000000 0.000000
  3 25.621461 0.127271 -0.250875 -0.804264 -0.593994 0.018169 0.000000 0.000000
rubbergloveCHROME.bmp
  3 25.621461 0.127271 -0.250875 -0.804264 -0.593994 0.018169 0.000000 0.000000
  3 25.616916 0.176128 -0.541034 -0.783613 -0.617809 0.065285 0.000000 0.000000
  3 25.790843 -0.143615 -0.537284 -0.783613 -0.617809 0.065285 0.000000 0.000000
rubbergloveCHROME.bmp
  3 25.616916 0.176128 -0.541034 -0.783613 -0.617809 0.065285 0.000000 0.000000
  3 25.515689 0.189061 -0.823321 -0.729801 -0.653440 0.201014 0.000000 0.000000
  3 25.790843 -0.143615 -0.537284 -0.783613 -0.617809 0.065285 0.000000 0.000000
rubbergloveCHROME.bmp
  3 25.790843 -0.143615 -0.537284 -0.783613 -0.617809 0.065285 0.000000 0.000000
  3 25.515689 0.189061 -0.823321 -0.729801 -0.653440 0.201014 0.000000 0.000000
  3 25.759216 -0.125174 -0.778032 -0.729801 -0.653440 0.201014 0.000000 0.000000
rubbergloveCHROME.bmp
  3 25.515689 0.189061 -0.823321 -0.729801 -0.653440 0.201014 0.000000 0.000000
  3 25.544431 -0.000659 -1.132805 -0.784371 -0.559550 0.267706 0.000000 0.000000
  3 25.759216 -0.125174 -0.778032 -0.729801 -0.653440 0.201014 0.000000 0.000000
rubbergloveCHROME.bmp
  3 25.759216 -0.125174 -0.778032 -0.729801 -0.653440 0.201014 0.000000 0.000000
  3 25.544431 -0.000659 -1.132805 -0.784371 -0.559550 0.267706 0.000000 0.000000
  3 25.620328 -0.157835 -1.121170 -0.714905 -0.654612 0.245753 0.000000 0.000000
rubbergloveCHROME.bmp
  3 25.544431 -0.000659 -1.132805 -0.784371 -0.559550 0.267706 0.000000 0.000000
  3 25.449799 -0.015882 -1.615001 -0.732358 -0.673393 0.100963 0.000000 0.000000
  3 25.620328 -0.157835 -1.121170 -0.714905 -0.654612 0.245753 0.000000 0.000000
rubbergloveCHROME.bmp
  3 25.620328 -0.157835 -1.121170 -0.714905 -0.654612 0.245753 0.000000 0.000000
  3 25.449799 -0.015882 -1.615001 -0.732358 -0.673393 0.100963 0.000000 0.000000
  3 25.758193 -0.346302 -1.558289 -0.605033 -0.795252 -0.038858 0.000000 0.000000
rubbergloveCHROME.bmp
  3 25.449799 -0.015882 -1.615001 -0.732358 -0.673393 0.100963 0.000000 0.000000
  3 25.713896 -0.264973 -1.769295 -0.611697 -0.776597 -0.150747 0.000000 0.000000
  3 25.758193 -0.346302 -1.558289 -0.605033 -0.795252 -0.038858 0.000000 0.000000
rubbergloveCHROME.bmp
  3 25.758193 -0.346302 -1.558289 -0.605033 -0.795252 -0.038858 0.000000 0.000000
  3 25.713896 -0.264973 -1.769295 -0.611697 -0.776597 -0.150747 0.000000 0.000000
  3 25.999137 -0.455487 -1.803084 -0.357832 -0.868518 -0.342976 0.000000 0.000000
rubbergloveCHROME.bmp
  3 25.713896 -0.264973 -1.769295 -0.611697 -0.776597 -0.150747 0.000000 0.000000
  3 25.944821 -0.353574 -1.954291 -0.334984 -0.865439 -0.372559 0.000000 0.000000
  3 25.999137 -0.455487 -1.803084 -0.357832 -0.868518 -0.342976 0.000000 0.000000
rubbergloveCHROME.bmp
  3 25.999137 -0.455487 -1.803084 -0.357832 -0.868518 -0.342976 0.000000 0.000000
  3 25.944821 -0.353574 -1.954291 -0.334984 -0.865439 -0.372559 0.000000 0.000000
  3 26.065624 -0.351241 -1.971643 0.038747 -0.873424 -0.485417 0.000000 0.000000
rubbergloveCHROME.bmp
  3 25.944821 -0.353574 -1.954291 -0.334984 -0.865439 -0.372559 0.000000 0.000000
  3 25.935437 -0.276545 -2.124521 -0.325482 -0.944880 -0.035530 0.000000 0.000000
  3 26.065624 -0.351241 -1.971643 0.038747 -0.873424 -0.485417 0.000000 0.000000
rubbergloveCHROME.bmp
  3 26.065624 -0.351241 -1.971643 0.038747 -0.873424 -0.485417 0.000000 0.000000
  3 25.935437 -0.276545 -2.124521 -0.325482 -0.944880 -0.035530 0.000000 0.000000
  31 26.088734 -0.331955 -2.155316 -0.201406 -0.903979 0.377169 0.000000 0.000000
rubbergloveCHROME.bmp
  3 25.935437 -0.276545 -2.124521 -0.325482 -0.944880 -0.035530 0.000000 0.000000
  31 25.911726 -0.406618 -2.378237 -0.573622 -0.804313 0.155044 0.000000 0.000000
  31 26.088734 -0.331955 -2.155316 -0.201406 -0.903979 0.377169 0.000000 0.000000
rubbergloveCHROME.bmp
  31 26.088734 -0.331955 -2.155316 -0.201406 -0.903979 0.377169 0.000000 0.000000
  31 25.911726 -0.406618 -2.378237 -0.573622 -0.804313 0.155044 0.000000 0.000000
  31 26.120022 -0.538826 -2.372400 -0.463163 -0.849116 0.253933 0.000000 0.000000
rubbergloveCHROME.bmp
  31 25.911726 -0.406618 -2.378237 -0.573622 -0.804313 0.155044 0.000000 0.000000
  31 26.056202 -0.487354 -2.629650 -0.428310 -0.760490 -0.488063 0.000000 0.000000
  31 26.120022 -0.538826 -2.372400 -0.463163 -0.849116 0.253933 0.000000 0.000000
rubbergloveCHROME.bmp
  31 26.120022 -0.538826 -2.372400 -0.463163 -0.849116 0.253933 0.000000 0.000000
  31 26.056202 -0.487354 -2.629650 -0.428310 -0.760490 -0.488063 0.000000 0.000000
  31 26.226351 -0.571240 -2.583690 -0.243130 -0.899002 -0.364256 0.000000 0.000000
rubbergloveCHROME.bmp
  31 26.056202 -0.487354 -2.629650 -0.428310 -0.760490 -0.488063 0.000000 0.000000
  31 26.282374 -0.528644 -2.641543 -0.249701 -0.751318 -0.610877 0.000000 0.000000
  31 26.226351 -0.571240 -2.583690 -0.243130 -0.899002 -0.364256 0.000000 0.000000
rubbergloveCHROME.bmp
  31 26.226351 -0.571240 -2.583690 -0.243130 -0.899002 -0.364256 0.000000 0.000000
  31 26.282374 -0.528644 -2.641543 -0.249701 -0.751318 -0.610877 0.000000 0.000000
  31 26.363931 -0.637636 -2.452681 -0.219032 -0.975261 0.029848 0.000000 0.000000
rubbergloveCHROME.bmp
  31 26.282374 -0.528644 -2.641543 -0.249701 -0.751318 -0.610877 0.000000 0.000000
  31 26.410006 -0.576889 -2.703852 -0.554517 -0.692741 -0.461108 0.000000 0.000000
  31 26.363931 -0.637636 -2.452681 -0.219032 -0.975261 0.029848 0.000000 0.000000
rubbergloveCHROME.bmp
  31 26.363931 -0.637636 -2.452681 -0.219032 -0.975261 0.029848 0.000000 0.000000
  31 26.410006 -0.576889 -2.703852 -0.554517 -0.692741 -0.461108 0.000000 0.000000
  31 26.469099 -0.624548 -2.465657 -0.376592 -0.905013 0.197812 0.000000 0.000000
rubbergloveCHROME.bmp
  31 26.410006 -0.576889 -2.703852 -0.554517 -0.692741 -0.461108 0.000000 0.000000
  32 26.459810 -0.654013 -2.763125 -0.757899 -0.546269 -0.356622 0.000000 0.000000
  31 26.469099 -0.624548 -2.465657 -0.376592 -0.905013 0.197812 0.000000 0.000000
rubbergloveCHROME.bmp
  31 26.469099 -0.624548 -2.465657 -0.376592 -0.905013 0.197812 0.000000 0.000000
  32 26.459810 -0.654013 -2.763125 -0.757899 -0.546269 -0.356622 0.000000 0.000000
  32 26.512252 -0.708117 -2.493084 -0.579023 -0.747924 0.324564 0.000000 0.000000
rubbergloveCHROME.bmp
  32 26.459810 -0.654013 -2.763125 -0.757899 -0.546269 -0.356622 0.000000 0.000000
  32 26.568050 -0.742493 -2.786691 -0.632394 -0.714030 -0.300397 0.000000 0.000000
  32 26.512252 -0.708117 -2.493084 -0.579023 -0.747924 0.324564 0.000000 0.000000
rubbergloveCHROME.bmp
  32 26.512252 -0.708117 -2.493084 -0.579023 -0.747924 0.324564 0.000000 0.000000
  32 26.568050 -0.742493 -2.786691 -0.632394 -0.714030 -0.300397 0.000000 0.000000
  32 26.627328 -0.789302 -2.516885 -0.489140 -0.810221 0.322932 0.000000 0.000000
rubbergloveCHROME.bmp
  32 26.568050 -0.742493 -2.786691 -0.632394 -0.714030 -0.300397 0.000000 0.000000
  32 26.768216 -0.876682 -2.831711 -0.659851 -0.638312 -0.396428 0.000000 0.000000
  32 26.627328 -0.789302 -2.516885 -0.489140 -0.810221 0.322932 0.000000 0.000000
rubbergloveCHROME.bmp
  17 -24.758956 -0.868162 -2.838201 0.659852 -0.638312 -0.396426 0.000000 0.000000
  17 -24.584164 -0.743629 -2.780415 0.632393 -0.714032 -0.300396 0.000000 0.000000
  17 -24.618068 -0.780783 -2.523374 0.489140 -0.810221 0.322929 0.000000 0.000000
rubbergloveCHROME.bmp
  17 -24.618068 -0.780783 -2.523374 0.489140 -0.810221 0.322929 0.000000 0.000000
  17 -24.584164 -0.743629 -2.780415 0.632393 -0.714032 -0.300396 0.000000 0.000000
  17 -24.519097 -0.700778 -2.493309 0.579021 -0.747928 0.324559 0.000000 0.000000
rubbergloveCHROME.bmp
  17 -24.584164 -0.743629 -2.780415 0.632393 -0.714032 -0.300396 0.000000 0.000000
  17 -24.473560 -0.653243 -2.766378 0.757886 -0.546286 -0.356624 0.000000 0.000000
  17 -24.519097 -0.700778 -2.493309 0.579021 -0.747928 0.324559 0.000000 0.000000
rubbergloveCHROME.bmp
  17 -24.519097 -0.700778 -2.493309 0.579021 -0.747928 0.324559 0.000000 0.000000
  17 -24.473560 -0.653243 -2.766378 0.757886 -0.546286 -0.356624 0.000000 0.000000
  16 -24.473403 -0.615138 -2.475333 0.376587 -0.905016 0.197807 0.000000 0.000000
rubbergloveCHROME.bmp
  17 -24.473560 -0.653243 -2.766378 0.757886 -0.546286 -0.356624 0.000000 0.000000
  16 -24.400575 -0.568555 -2.710336 0.554506 -0.692746 -0.461114 0.000000 0.000000
  16 -24.473403 -0.615138 -2.475333 0.376587 -0.905016 0.197807 0.000000 0.000000
rubbergloveCHROME.bmp
  16 -24.473403 -0.615138 -2.475333 0.376587 -0.905016 0.197807 0.000000 0.000000
  16 -24.400575 -0.568555 -2.710336 0.554506 -0.692746 -0.461114 0.000000 0.000000
  16 -24.370599 -0.630132 -2.452829 0.219039 -0.975259 0.029851 0.000000 0.000000
rubbergloveCHROME.bmp
  16 -24.400575 -0.568555 -2.710336 0.554506 -0.692746 -0.461114 0.000000 0.000000
  16 -24.269064 -0.543517 -2.641213 0.249704 -0.751317 -0.610877 0.000000 0.000000
  16 -24.370599 -0.630132 -2.452829 0.219039 -0.975259 0.029851 0.000000 0.000000
rubbergloveCHROME.bmp
  16 -24.370599 -0.630132 -2.452829 0.219039 -0.975259 0.029851 0.000000 0.000000
  16 -24.269064 -0.543517 -2.641213 0.249704 -0.751317 -0.610877 0.000000 0.000000
  16 -24.213042 -0.586113 -2.583359 0.243134 -0.899005 -0.364247 0.000000 0.000000
rubbergloveCHROME.bmp
  16 -24.269064 -0.543517 -2.641213 0.249704 -0.751317 -0.610877 0.000000 0.000000
  16 -24.055778 -0.474132 -2.658381 0.428307 -0.760491 -0.488065 0.000000 0.000000
  16 -24.213042 -0.586113 -2.583359 0.243134 -0.899005 -0.364247 0.000000 0.000000
rubbergloveCHROME.bmp
  16 -24.213042 -0.586113 -2.583359 0.243134 -0.899005 -0.364247 0.000000 0.000000
  16 -24.055778 -0.474132 -2.658381 0.428307 -0.760491 -0.488065 0.000000 0.000000
  16 -24.117667 -0.536875 -2.381916 0.463161 -0.849117 0.253934 0.000000 0.000000
rubbergloveCHROME.bmp
  16 -24.055778 -0.474132 -2.658381 0.428307 -0.760491 -0.488065 0.000000 0.000000
  16 -23.916030 -0.397209 -2.387913 0.573622 -0.804313 0.155043 0.000000 0.000000
  16 -24.117667 -0.536875 -2.381916 0.463161 -0.849117 0.253934 0.000000 0.000000
rubbergloveCHROME.bmp
  16 -24.117667 -0.536875 -2.381916 0.463161 -0.849117 0.253934 0.000000 0.000000
  16 -23.916030 -0.397209 -2.387913 0.573622 -0.804313 0.155043 0.000000 0.000000
  16 -24.084015 -0.328098 -2.174360 0.201405 -0.903980 0.377170 0.000000 0.000000
rubbergloveCHROME.bmp
  16 -23.916030 -0.397209 -2.387913 0.573622 -0.804313 0.155043 0.000000 0.000000
  1 -23.928949 -0.284103 -2.124654 0.325485 -0.944880 -0.035528 0.000000 0.000000
  16 -24.084015 -0.328098 -2.174360 0.201405 -0.903980 0.377170 0.000000 0.000000
rubbergloveCHROME.bmp
  16 -24.084015 -0.328098 -2.174360 0.201405 -0.903980 0.377170 0.000000 0.000000
  1 -23.928949 -0.284103 -2.124654 0.325485 -0.944880 -0.035528 0.000000 0.000000
  1 -24.065633 -0.351197 -1.971632 -0.038751 -0.873424 -0.485417 0.000000 0.000000
rubbergloveCHROME.bmp
  1 -23.928949 -0.284103 -2.124654 0.325485 -0.944880 -0.035528 0.000000 0.000000
  1 -23.937011 -0.347035 -1.944447 0.334985 -0.865440 -0.372558 0.000000 0.000000
  1 -24.065633 -0.351197 -1.971632 -0.038751 -0.873424 -0.485417 0.000000 0.000000
rubbergloveCHROME.bmp
  1 -24.065633 -0.351197 -1.971632 -0.038751 -0.873424 -0.485417 0.000000 0.000000
  1 -23.937011 -0.347035 -1.944447 0.334985 -0.865440 -0.372558 0.000000 0.000000
  1 -23.998263 -0.441342 -1.813091 0.357829 -0.868520 -0.342975 0.000000 0.000000
rubbergloveCHROME.bmp
  1 -23.937011 -0.347035 -1.944447 0.334985 -0.865440 -0.372558 0.000000 0.000000
  1 -23.722607 -0.285526 -1.769097 0.584283 -0.796239 -0.156898 0.000000 0.000000
  1 -23.998263 -0.441342 -1.813091 0.357829 -0.868520 -0.342975 0.000000 0.000000
rubbergloveCHROME.bmp
  1 -23.998263 -0.441342 -1.813091 0.357829 -0.868520 -0.342975 0.000000 0.000000
  1 -23.722607 -0.285526 -1.769097 0.584283 -0.796239 -0.156898 0.000000 0.000000
  1 -23.737391 -0.354965 -1.548734 0.601893 -0.798390 -0.017256 0.000000 0.000000
rubbergloveCHROME.bmp
  1 -23.722607 -0.285526 -1.769097 0.584283 -0.796239 -0.156898 0.000000 0.000000
  1 -23.435493 -0.016944 -1.605301 0.732358 -0.673393 0.100962 0.000000 0.000000
  1 -23.737391 -0.354965 -1.548734 0.601893 -0.798390 -0.017256 0.000000 0.000000
rubbergloveCHROME.bmp
  1 -23.737391 -0.354965 -1.548734 0.601893 -0.798390 -0.017256 0.000000 0.000000
  1 -23.435493 -0.016944 -1.605301 0.732358 -0.673393 0.100962 0.000000 0.000000
  1 -23.612957 -0.151291 -1.131321 0.714905 -0.654612 0.245752 0.000000 0.000000
rubbergloveCHROME.bmp
  1 -23.435493 -0.016944 -1.605301 0.732358 -0.673393 0.100962 0.000000 0.000000
  1 -23.537724 -0.008219 -1.122940 0.784370 -0.559552 0.267705 0.000000 0.000000
  1 -23.612957 -0.151291 -1.131321 0.714905 -0.654612 0.245752 0.000000 0.000000
rubbergloveCHROME.bmp
  1 -23.612957 -0.151291 -1.131321 0.714905 -0.654612 0.245752 0.000000 0.000000
  1 -23.537724 -0.008219 -1.122940 0.784370 -0.559552 0.267705 0.000000 0.000000
  1 -23.758122 -0.111031 -0.778042 0.734419 -0.653441 0.183423 0.000000 0.000000
rubbergloveCHROME.bmp
  1 -23.537724 -0.008219 -1.122940 0.784370 -0.559552 0.267705 0.000000 0.000000
  1 -23.493782 0.194496 -0.813787 0.734419 -0.653441 0.183423 0.000000 0.000000
  1 -23.758122 -0.111031 -0.778042 0.734419 -0.653441 0.183423 0.000000 0.000000
rubbergloveCHROME.bmp
  1 -23.758122 -0.111031 -0.778042 0.734419 -0.653441 0.183423 0.000000 0.000000
  1 -23.493782 0.194496 -0.813787 0.734419 -0.653441 0.183423 0.000000 0.000000
  1 -23.803187 -0.128375 -0.506991 0.794822 -0.605803 0.035503 0.000000 0.000000
rubbergloveCHROME.bmp
  1 -23.493782 0.194496 -0.813787 0.734419 -0.653441 0.183423 0.000000 0.000000
  1 -23.603712 0.160967 -0.531314 0.794822 -0.605803 0.035503 0.000000 0.000000
  1 -23.803187 -0.128375 -0.506991 0.794822 -0.605803 0.035503 0.000000 0.000000
rubbergloveCHROME.bmp
  1 -23.803187 -0.128375 -0.506991 0.794822 -0.605803 0.035503 0.000000 0.000000
  1 -23.603712 0.160967 -0.531314 0.794822 -0.605803 0.035503 0.000000 0.000000
  1 -23.628630 0.120813 -0.230703 0.794822 -0.605803 0.035503 0.000000 0.000000
rubbergloveCHROME.bmp
  1 -23.603712 0.160967 -0.531314 0.794822 -0.605803 0.035503 0.000000 0.000000
  1 -23.364163 0.404691 -0.506513 0.660360 -0.740382 0.125538 0.000000 0.000000
  1 -23.628630 0.120813 -0.230703 0.794822 -0.605803 0.035503 0.000000 0.000000
rubbergloveCHROME.bmp
  21 26.567501 -0.880497 2.185675 0.962227 0.202553 0.181909 0.000000 0.000000
  21 26.451949 -0.675555 2.216439 0.519152 0.704268 0.484239 0.000000 0.000000
  21 26.496442 -0.824317 2.340899 0.694550 0.462234 0.551308 0.000000 0.000000
rubbergloveCHROME.bmp
  21 26.496442 -0.824317 2.340899 0.694550 0.462234 0.551308 0.000000 0.000000
  21 26.451949 -0.675555 2.216439 0.519152 0.704268 0.484239 0.000000 0.000000
  21 26.262996 -0.731943 2.308184 0.106699 0.661766 0.742079 0.000000 0.000000
rubbergloveCHROME.bmp
  21 26.451949 -0.675555 2.216439 0.519152 0.704268 0.484239 0.000000 0.000000
  21 26.030462 -0.481586 2.097592 0.173152 0.606364 0.776106 0.000000 0.000000
  21 26.262996 -0.731943 2.308184 0.106699 0.661766 0.742079 0.000000 0.000000
rubbergloveCHROME.bmp
  21 26.262996 -0.731943 2.308184 0.106699 0.661766 0.742079 0.000000 0.000000
  21 26.030462 -0.481586 2.097592 0.173152 0.606364 0.776106 0.000000 0.000000
  21 25.867182 -0.619975 2.168922 -0.139154 0.419297 0.897121 0.000000 0.000000
rubbergloveCHROME.bmp
  21 26.030462 -0.481586 2.097592 0.173152 0.606364 0.776106 0.000000 0.000000
  21 25.899646 -0.311597 2.043825 0.311042 0.442761 0.840961 0.000000 0.000000
  21 25.867182 -0.619975 2.168922 -0.139154 0.419297 0.897121 0.000000 0.000000
rubbergloveCHROME.bmp
  21 25.867182 -0.619975 2.168922 -0.139154 0.419297 0.897121 0.000000 0.000000
  21 25.899646 -0.311597 2.043825 0.311042 0.442761 0.840961 0.000000 0.000000
  21 25.723841 -0.427611 2.127093 0.031337 0.129106 0.991136 0.000000 0.000000
rubbergloveCHROME.bmp
  21 25.899646 -0.311597 2.043825 0.311042 0.442761 0.840961 0.000000 0.000000
  20 25.773159 -0.133168 2.049896 0.401750 0.377391 0.834370 0.000000 0.000000
  21 25.723841 -0.427611 2.127093 0.031337 0.129106 0.991136 0.000000 0.000000
rubbergloveCHROME.bmp
  21 25.723841 -0.427611 2.127093 0.031337 0.129106 0.991136 0.000000 0.000000
  20 25.773159 -0.133168 2.049896 0.401750 0.377391 0.834370 0.000000 0.000000
  20 25.573366 -0.269186 2.127880 0.133771 0.102726 0.985674 0.000000 0.000000
rubbergloveCHROME.bmp
  20 25.773159 -0.133168 2.049896 0.401750 0.377391 0.834370 0.000000 0.000000
  20 25.648943 -0.017931 2.040364 0.273017 0.511130 0.814989 0.000000 0.000000
  20 25.573366 -0.269186 2.127880 0.133771 0.102726 0.985674 0.000000 0.000000
rubbergloveCHROME.bmp
  20 25.573366 -0.269186 2.127880 0.133771 0.102726 0.985674 0.000000 0.000000
  20 25.648943 -0.017931 2.040364 0.273017 0.511130 0.814989 0.000000 0.000000
  20 25.453938 -0.158157 2.130971 -0.096343 0.277084 0.956003 0.000000 0.000000
rubbergloveCHROME.bmp
  20 25.648943 -0.017931 2.040364 0.273017 0.511130 0.814989 0.000000 0.000000
  20 25.536626 0.085325 1.982718 0.166870 0.625330 0.762310 0.000000 0.000000
  20 25.453938 -0.158157 2.130971 -0.096343 0.277084 0.956003 0.000000 0.000000
rubbergloveCHROME.bmp
  20 25.453938 -0.158157 2.130971 -0.096343 0.277084 0.956003 0.000000 0.000000
  20 25.536626 0.085325 1.982718 0.166870 0.625330 0.762310 0.000000 0.000000
  20 25.359689 -0.051082 2.051902 -0.246509 0.363805 0.898264 0.000000 0.000000
rubbergloveCHROME.bmp
  20 25.536626 0.085325 1.982718 0.166870 0.625330 0.762310 0.000000 0.000000
  20 25.204168 0.143942 1.946172 -0.041000 0.200559 0.978823 0.000000 0.000000
  20 25.359689 -0.051082 2.051902 -0.246509 0.363805 0.898264 0.000000 0.000000
rubbergloveCHROME.bmp
  20 25.359689 -0.051082 2.051902 -0.246509 0.363805 0.898264 0.000000 0.000000
  20 25.204168 0.143942 1.946172 -0.041000 0.200559 0.978823 0.000000 0.000000
  20 25.138034 -0.237235 2.018492 -0.527451 0.017408 0.849407 0.000000 0.000000
rubbergloveCHROME.bmp
  20 25.204168 0.143942 1.946172 -0.041000 0.200559 0.978823 0.000000 0.000000
  20 24.956248 -0.017609 1.923003 -0.608567 -0.161804 0.776830 0.000000 0.000000
  20 25.138034 -0.237235 2.018492 -0.527451 0.017408 0.849407 0.000000 0.000000
rubbergloveCHROME.bmp
  20 25.138034 -0.237235 2.018492 -0.527451 0.017408 0.849407 0.000000 0.000000
  20 24.956248 -0.017609 1.923003 -0.608567 -0.161804 0.776830 0.000000 0.000000
  20 24.921518 -0.207602 1.841172 -0.882753 -0.109229 0.456965 0.000000 0.000000
rubbergloveCHROME.bmp
  20 24.956248 -0.017609 1.923003 -0.608567 -0.161804 0.776830 0.000000 0.000000
  20 24.937810 -0.004252 1.863156 -0.652444 -0.238500 0.719329 0.000000 0.000000
  20 24.921518 -0.207602 1.841172 -0.882753 -0.109229 0.456965 0.000000 0.000000
rubbergloveCHROME.bmp
  20 24.921518 -0.207602 1.841172 -0.882753 -0.109229 0.456965 0.000000 0.000000
  20 24.937810 -0.004252 1.863156 -0.652444 -0.238500 0.719329 0.000000 0.000000
  20 24.924503 -0.187689 1.791227 -0.782861 -0.245058 0.571906 0.000000 0.000000
rubbergloveCHROME.bmp
  20 24.937810 -0.004252 1.863156 -0.652444 -0.238500 0.719329 0.000000 0.000000
  20 24.822374 -0.042417 1.815011 -0.432538 -0.388454 0.813643 0.000000 0.000000
  20 24.924503 -0.187689 1.791227 -0.782861 -0.245058 0.571906 0.000000 0.000000
rubbergloveCHROME.bmp
  20 24.924503 -0.187689 1.791227 -0.782861 -0.245058 0.571906 0.000000 0.000000
  20 24.822374 -0.042417 1.815011 -0.432538 -0.388454 0.813643 0.000000 0.000000
  20 24.668615 -0.134629 1.612885 -0.582600 -0.662131 0.471339 0.000000 0.000000
rubbergloveCHROME.bmp
  20 24.822374 -0.042417 1.815011 -0.432538 -0.388454 0.813643 0.000000 0.000000
  20 24.638688 0.136647 1.841388 -0.380783 -0.411452 0.828077 0.000000 0.000000
  20 24.668615 -0.134629 1.612885 -0.582600 -0.662131 0.471339 0.000000 0.000000
rubbergloveCHROME.bmp
  20 24.668615 -0.134629 1.612885 -0.582600 -0.662131 0.471339 0.000000 0.000000
  20 24.638688 0.136647 1.841388 -0.380783 -0.411452 0.828077 0.000000 0.000000
  20 24.509152 -0.023652 1.591539 -0.582600 -0.662131 0.471339 0.000000 0.000000
rubbergloveCHROME.bmp
  20 24.638688 0.136647 1.841388 -0.380783 -0.411452 0.828077 0.000000 0.000000
  19 24.479184 0.267141 1.823486 -0.471702 -0.266829 0.840416 0.000000 0.000000
  20 24.509152 -0.023652 1.591539 -0.582600 -0.662131 0.471339 0.000000 0.000000
rubbergloveCHROME.bmp
  20 24.509152 -0.023652 1.591539 -0.582600 -0.662131 0.471339 0.000000 0.000000
  19 24.479184 0.267141 1.823486 -0.471702 -0.266829 0.840416 0.000000 0.000000
  19 24.371124 0.086448 1.550772 -0.691017 -0.593552 0.412544 0.000000 0.000000
rubbergloveCHROME.bmp
  19 24.479184 0.267141 1.823486 -0.471702 -0.266829 0.840416 0.000000 0.000000
  19 24.331860 0.433745 1.728939 -0.647014 -0.165224 0.744362 0.000000 0.000000
  19 24.371124 0.086448 1.550772 -0.691017 -0.593552 0.412544 0.000000 0.000000
rubbergloveCHROME.bmp
  19 24.371124 0.086448 1.550772 -0.691017 -0.593552 0.412544 0.000000 0.000000
  19 24.331860 0.433745 1.728939 -0.647014 -0.165224 0.744362 0.000000 0.000000
  19 24.226440 0.259261 1.496900 -0.786317 -0.454833 0.418130 0.000000 0.000000
rubbergloveCHROME.bmp
  6 -23.927703 -0.869860 1.330296 -0.310580 -0.427725 -0.848877 0.000000 0.000000
  6 -24.028621 -0.690413 1.334089 -0.494802 -0.176399 -0.850914 0.000000 0.000000
  6 -23.805672 -0.722441 1.240987 -0.311578 -0.353186 -0.882144 0.000000 0.000000
rubbergloveCHROME.bmp
  6 -23.805672 -0.722441 1.240987 -0.311578 -0.353186 -0.882144 0.000000 0.000000
  6 -24.028621 -0.690413 1.334089 -0.494802 -0.176399 -0.850914 0.000000 0.000000
  6 -23.905780 -0.539391 1.254073 -0.480052 -0.042736 -0.876199 0.000000 0.000000
rubbergloveCHROME.bmp
  6 -24.028621 -0.690413 1.334089 -0.494802 -0.176399 -0.850914 0.000000 0.000000
  6 -24.171441 -0.537303 1.416309 -0.640347 0.050707 -0.766410 0.000000 0.000000
  6 -23.905780 -0.539391 1.254073 -0.480052 -0.042736 -0.876199 0.000000 0.000000
rubbergloveCHROME.bmp
  6 -23.905780 -0.539391 1.254073 -0.480052 -0.042736 -0.876199 0.000000 0.000000
  6 -24.171441 -0.537303 1.416309 -0.640347 0.050707 -0.766410 0.000000 0.000000
  6 -24.014027 -0.333360 1.334284 -0.498296 0.216868 -0.839446 0.000000 0.000000
rubbergloveCHROME.bmp
  6 -24.171441 -0.537303 1.416309 -0.640347 0.050707 -0.766410 0.000000 0.000000
  6 -24.145545 -0.232256 1.435679 -0.681302 0.482003 -0.550910 0.000000 0.000000
  6 -24.014027 -0.333360 1.334284 -0.498296 0.216868 -0.839446 0.000000 0.000000
rubbergloveCHROME.bmp
  6 -24.014027 -0.333360 1.334284 -0.498296 0.216868 -0.839446 0.000000 0.000000
  6 -24.145545 -0.232256 1.435679 -0.681302 0.482003 -0.550910 0.000000 0.000000
  5 -23.975730 -0.134646 1.371625 -0.642179 0.512280 -0.570241 0.000000 0.000000
rubbergloveCHROME.bmp
  6 -24.145545 -0.232256 1.435679 -0.681302 0.482003 -0.550910 0.000000 0.000000
  6 -24.098287 -0.233946 1.507539 -0.732926 0.612721 -0.295622 0.000000 0.000000
  5 -23.975730 -0.134646 1.371625 -0.642179 0.512280 -0.570241 0.000000 0.000000
rubbergloveCHROME.bmp
  5 -23.975730 -0.134646 1.371625 -0.642179 0.512280 -0.570241 0.000000 0.000000
  6 -24.098287 -0.233946 1.507539 -0.732926 0.612721 -0.295622 0.000000 0.000000
  5 -23.947256 -0.082276 1.478145 -0.695965 0.569180 -0.437798 0.000000 0.000000
rubbergloveCHROME.bmp
  6 -24.098287 -0.233946 1.507539 -0.732926 0.612721 -0.295622 0.000000 0.000000
  5 -24.128038 -0.141963 1.612142 -0.761451 0.639532 -0.105792 0.000000 0.000000
  5 -23.947256 -0.082276 1.478145 -0.695965 0.569180 -0.437798 0.000000 0.000000
rubbergloveCHROME.bmp
  5 -23.947256 -0.082276 1.478145 -0.695965 0.569180 -0.437798 0.000000 0.000000
  5 -24.128038 -0.141963 1.612142 -0.761451 0.639532 -0.105792 0.000000 0.000000
  5 -23.973422 -0.001726 1.589172 -0.721912 0.667953 -0.180780 0.000000 0.000000
rubbergloveCHROME.bmp
  5 -24.128038 -0.141963 1.612142 -0.761451 0.639532 -0.105792 0.000000 0.000000
  5 -23.945702 -0.080702 1.842144 -0.592087 0.605781 0.531472 0.000000 0.000000
  5 -23.973422 -0.001726 1.589172 -0.721912 0.667953 -0.180780 0.000000 0.000000
rubbergloveCHROME.bmp
  5 -23.973422 -0.001726 1.589172 -0.721912 0.667953 -0.180780 0.000000 0.000000
  5 -23.945702 -0.080702 1.842144 -0.592087 0.605781 0.531472 0.000000 0.000000
  5 -23.858112 0.031626 1.824526 -0.516464 0.721886 0.460593 0.000000 0.000000
rubbergloveCHROME.bmp
  5 -23.945702 -0.080702 1.842144 -0.592087 0.605781 0.531472 0.000000 0.000000
  5 -23.780956 -0.134006 2.020518 -0.401749 0.377393 0.834369 0.000000 0.000000
  5 -23.858112 0.031626 1.824526 -0.516464 0.721886 0.460593 0.000000 0.000000
rubbergloveCHROME.bmp
  5 -23.858112 0.031626 1.824526 -0.516464 0.721886 0.460593 0.000000 0.000000
  5 -23.780956 -0.134006 2.020518 -0.401749 0.377393 0.834369 0.000000 0.000000
  5 -23.652307 -0.024943 2.032959 -0.273015 0.511133 0.814988 0.000000 0.000000
rubbergloveCHROME.bmp
  5 -23.780956 -0.134006 2.020518 -0.401749 0.377393 0.834369 0.000000 0.000000
  5 -23.552957 -0.271699 2.139921 -0.133774 0.102725 0.985673 0.000000 0.000000
  5 -23.652307 -0.024943 2.032959 -0.273015 0.511133 0.814988 0.000000 0.000000
rubbergloveCHROME.bmp
  5 -23.652307 -0.024943 2.032959 -0.273015 0.511133 0.814988 0.000000 0.000000
  5 -23.552957 -0.271699 2.139921 -0.133774 0.102725 0.985673 0.000000 0.000000
  5 -23.447968 -0.166597 2.134348 0.096345 0.277087 0.956002 0.000000 0.000000
rubbergloveCHROME.bmp
  5 -23.552957 -0.271699 2.139921 -0.133774 0.102725 0.985673 0.000000 0.000000
  5 -23.329616 -0.474915 2.102209 0.257647 -0.149490 0.954605 0.000000 0.000000
  5 -23.447968 -0.166597 2.134348 0.096345 0.277087 0.956002 0.000000 0.000000
rubbergloveCHROME.bmp
  5 -23.447968 -0.166597 2.134348 0.096345 0.277087 0.956002 0.000000 0.000000
  5 -23.329616 -0.474915 2.102209 0.257647 -0.149490 0.954605 0.000000 0.000000
  5 -23.228209 -0.360319 2.082599 0.458192 0.019011 0.888650 0.000000 0.000000
rubbergloveCHROME.bmp
  5 -23.329616 -0.474915 2.102209 0.257647 -0.149490 0.954605 0.000000 0.000000
  5 -23.100551 -0.515491 1.937944 0.694872 -0.241101 0.677513 0.000000 0.000000
  5 -23.228209 -0.360319 2.082599 0.458192 0.019011 0.888650 0.000000 0.000000
rubbergloveCHROME.bmp
  5 -23.228209 -0.360319 2.082599 0.458192 0.019011 0.888650 0.000000 0.000000
  5 -23.100551 -0.515491 1.937944 0.694872 -0.241101 0.677513 0.000000 0.000000
  5 -23.114887 -0.244000 1.996996 0.527451 0.017407 0.849407 0.000000 0.000000
rubbergloveCHROME.bmp
  5 -23.100551 -0.515491 1.937944 0.694872 -0.241101 0.677513 0.000000 0.000000
  5 -23.024470 -0.378218 1.868894 0.736493 -0.265452 0.622184 0.000000 0.000000
  5 -23.114887 -0.244000 1.996996 0.527451 0.017407 0.849407 0.000000 0.000000
rubbergloveCHROME.bmp
  5 -23.114887 -0.244000 1.996996 0.527451 0.017407 0.849407 0.000000 0.000000
  5 -23.024470 -0.378218 1.868894 0.736493 -0.265452 0.622184 0.000000 0.000000
  5 -22.939074 -0.215607 1.843101 0.882751 -0.109233 0.456967 0.000000 0.000000
rubbergloveCHROME.bmp
  5 -23.024470 -0.378218 1.868894 0.736493 -0.265452 0.622184 0.000000 0.000000
  5 -22.931651 -0.424328 1.707158 0.930508 -0.303978 0.204333 0.000000 0.000000
  5 -22.939074 -0.215607 1.843101 0.882751 -0.109233 0.456967 0.000000 0.000000
rubbergloveCHROME.bmp
  5 -22.939074 -0.215607 1.843101 0.882751 -0.109233 0.456967 0.000000 0.000000
  5 -22.931651 -0.424328 1.707158 0.930508 -0.303978 0.204333 0.000000 0.000000
  5 -22.930636 -0.377009 1.667663 0.903795 -0.384702 0.187509 0.000000 0.000000
rubbergloveCHROME.bmp
  5 -22.931651 -0.424328 1.707158 0.930508 -0.303978 0.204333 0.000000 0.000000
  5 -22.935823 -0.418887 1.533800 0.889620 -0.452384 -0.062643 0.000000 0.000000
  5 -22.930636 -0.377009 1.667663 0.903795 -0.384702 0.187509 0.000000 0.000000
rubbergloveCHROME.bmp
  5 -22.930636 -0.377009 1.667663 0.903795 -0.384702 0.187509 0.000000 0.000000
  5 -22.935823 -0.418887 1.533800 0.889620 -0.452384 -0.062643 0.000000 0.000000
  5 -22.709724 -0.179203 1.467238 0.625015 -0.777949 0.064429 0.000000 0.000000
rubbergloveCHROME.bmp
  8 -25.652215 -0.928845 1.044911 -0.001594 -0.220956 0.975282 0.000000 0.000000
  8 -25.598155 -0.839112 1.039851 0.185400 -0.136121 0.973190 0.000000 0.000000
  8 -25.755188 -0.862369 1.103882 -0.090285 -0.403975 0.910304 0.000000 0.000000
rubbergloveCHROME.bmp
  8 -25.755188 -0.862369 1.103882 -0.090285 -0.403975 0.910304 0.000000 0.000000
  8 -25.598155 -0.839112 1.039851 0.185400 -0.136121 0.973190 0.000000 0.000000
  8 -25.635669 -0.769589 1.160513 0.204022 0.119611 0.971632 0.000000 0.000000
rubbergloveCHROME.bmp
  8 -25.598155 -0.839112 1.039851 0.185400 -0.136121 0.973190 0.000000 0.000000
  8 -25.615412 -0.734854 1.083811 0.264865 -0.074200 0.961426 0.000000 0.000000
  8 -25.635669 -0.769589 1.160513 0.204022 0.119611 0.971632 0.000000 0.000000
rubbergloveCHROME.bmp
  8 -25.635669 -0.769589 1.160513 0.204022 0.119611 0.971632 0.000000 0.000000
  8 -25.615412 -0.734854 1.083811 0.264865 -0.074200 0.961426 0.000000 0.000000
  8 -25.729403 -0.647952 1.051341 -0.226737 0.616840 0.753723 0.000000 0.000000
rubbergloveCHROME.bmp
  8 -25.615412 -0.734854 1.083811 0.264865 -0.074200 0.961426 0.000000 0.000000
  8 -25.730394 -0.607454 1.027699 -0.465907 0.499557 0.730324 0.000000 0.000000
  8 -25.729403 -0.647952 1.051341 -0.226737 0.616840 0.753723 0.000000 0.000000
rubbergloveCHROME.bmp
  8 -25.729403 -0.647952 1.051341 -0.226737 0.616840 0.753723 0.000000 0.000000
  8 -25.730394 -0.607454 1.027699 -0.465907 0.499557 0.730324 0.000000 0.000000
  8 -25.854238 -0.579599 0.890270 -0.501421 0.724810 0.472470 0.000000 0.000000
rubbergloveCHROME.bmp
  8 -25.730394 -0.607454 1.027699 -0.465907 0.499557 0.730324 0.000000 0.000000
  8 -25.827759 -0.542958 0.913856 -0.614762 0.629603 0.475045 0.000000 0.000000
  8 -25.854238 -0.579599 0.890270 -0.501421 0.724810 0.472470 0.000000 0.000000
rubbergloveCHROME.bmp
  8 -25.854238 -0.579599 0.890270 -0.501421 0.724810 0.472470 0.000000 0.000000
  8 -25.827759 -0.542958 0.913856 -0.614762 0.629603 0.475045 0.000000 0.000000
  8 -25.891375 -0.554459 0.761472 -0.496001 0.825915 0.268042 0.000000 0.000000
rubbergloveCHROME.bmp
  8 -25.827759 -0.542958 0.913856 -0.614762 0.629603 0.475045 0.000000 0.000000
  8 -25.853065 -0.517891 0.712532 -0.768835 0.541873 0.339509 0.000000 0.000000
  8 -25.891375 -0.554459 0.761472 -0.496001 0.825915 0.268042 0.000000 0.000000
rubbergloveCHROME.bmp
  8 -25.891375 -0.554459 0.761472 -0.496001 0.825915 0.268042 0.000000 0.000000
  8 -25.853065 -0.517891 0.712532 -0.768835 0.541873 0.339509 0.000000 0.000000
  8 -25.920695 -0.520273 0.580167 -0.761283 0.615333 0.204486 0.000000 0.000000
rubbergloveCHROME.bmp
  8 -25.853065 -0.517891 0.712532 -0.768835 0.541873 0.339509 0.000000 0.000000
  7 -25.856090 -0.464909 0.748867 -0.816870 0.479387 0.320797 0.000000 0.000000
  8 -25.920695 -0.520273 0.580167 -0.761283 0.615333 0.204486 0.000000 0.000000
rubbergloveCHROME.bmp
  8 -25.920695 -0.520273 0.580167 -0.761283 0.615333 0.204486 0.000000 0.000000
  7 -25.856090 -0.464909 0.748867 -0.816870 0.479387 0.320797 0.000000 0.000000
  7 -25.908796 -0.464962 0.563605 -0.844398 0.477151 0.243556 0.000000 0.000000
rubbergloveCHROME.bmp
  7 -25.856090 -0.464909 0.748867 -0.816870 0.479387 0.320797 0.000000 0.000000
  7 -25.808469 -0.449380 0.720740 -0.555954 0.779019 0.289905 0.000000 0.000000
  7 -25.908796 -0.464962 0.563605 -0.844398 0.477151 0.243556 0.000000 0.000000
rubbergloveCHROME.bmp
  7 -25.908796 -0.464962 0.563605 -0.844398 0.477151 0.243556 0.000000 0.000000
  7 -25.808469 -0.449380 0.720740 -0.555954 0.779019 0.289905 0.000000 0.000000
  7 -25.854351 -0.404719 0.561053 -0.590810 0.763810 0.259881 0.000000 0.000000
rubbergloveCHROME.bmp
  7 -25.808469 -0.449380 0.720740 -0.555954 0.779019 0.289905 0.000000 0.000000
  7 -25.766453 -0.412233 0.691504 -0.821981 0.416379 0.388556 0.000000 0.000000
  7 -25.854351 -0.404719 0.561053 -0.590810 0.763810 0.259881 0.000000 0.000000
rubbergloveCHROME.bmp
  7 -25.854351 -0.404719 0.561053 -0.590810 0.763810 0.259881 0.000000 0.000000
  7 -25.766453 -0.412233 0.691504 -0.821981 0.416379 0.388556 0.000000 0.000000
  7 -25.785497 -0.358759 0.567900 -0.943064 0.283968 0.173182 0.000000 0.000000
rubbergloveCHROME.bmp
  7 -25.766453 -0.412233 0.691504 -0.821981 0.416379 0.388556 0.000000 0.000000
  7 -25.802072 -0.391476 0.735097 -0.880766 -0.396764 0.258513 0.000000 0.000000
  7 -25.785497 -0.358759 0.567900 -0.943064 0.283968 0.173182 0.000000 0.000000
rubbergloveCHROME.bmp
  7 -25.785497 -0.358759 0.567900 -0.943064 0.283968 0.173182 0.000000 0.000000
  7 -25.802072 -0.391476 0.735097 -0.880766 -0.396764 0.258513 0.000000 0.000000
  7 -25.808912 -0.326762 0.588587 -0.961956 -0.257228 -0.092054 0.000000 0.000000
rubbergloveCHROME.bmp
  7 -25.802072 -0.391476 0.735097 -0.880766 -0.396764 0.258513 0.000000 0.000000
  7 -25.766159 -0.359948 0.717314 -0.947705 -0.258030 0.187820 0.000000 0.000000
  7 -25.808912 -0.326762 0.588587 -0.961956 -0.257228 -0.092054 0.000000 0.000000
rubbergloveCHROME.bmp
  7 -25.808912 -0.326762 0.588587 -0.961956 -0.257228 -0.092054 0.000000 0.000000
  7 -25.766159 -0.359948 0.717314 -0.947705 -0.258030 0.187820 0.000000 0.000000
  7 -25.815441 -0.319192 0.588823 -0.997473 -0.070190 0.010979 0.000000 0.000000
rubbergloveCHROME.bmp
  7 -25.766159 -0.359948 0.717314 -0.947705 -0.258030 0.187820 0.000000 0.000000
  7 -25.795559 -0.289619 0.613925 -0.955210 0.164053 0.246292 0.000000 0.000000
  7 -25.815441 -0.319192 0.588823 -0.997473 -0.070190 0.010979 0.000000 0.000000
rubbergloveCHROME.bmp
  7 -25.815441 -0.319192 0.588823 -0.997473 -0.070190 0.010979 0.000000 0.000000
  7 -25.795559 -0.289619 0.613925 -0.955210 0.164053 0.246292 0.000000 0.000000
  7 -25.806925 -0.217811 0.538331 -0.974614 0.159625 -0.156993 0.000000 0.000000
rubbergloveCHROME.bmp
  7 -25.795559 -0.289619 0.613925 -0.955210 0.164053 0.246292 0.000000 0.000000
  7 -25.836147 -0.139148 0.596281 -0.991200 0.131884 0.011331 0.000000 0.000000
  7 -25.806925 -0.217811 0.538331 -0.974614 0.159625 -0.156993 0.000000 0.000000
rubbergloveCHROME.bmp
  7 -25.806925 -0.217811 0.538331 -0.974614 0.159625 -0.156993 0.000000 0.000000
  7 -25.836147 -0.139148 0.596281 -0.991200 0.131884 0.011331 0.000000 0.000000
  7 -25.781795 -0.156237 0.529545 -0.839659 0.439083 -0.319655 0.000000 0.000000
rubbergloveCHROME.bmp
  7 -25.836147 -0.139148 0.596281 -0.991200 0.131884 0.011331 0.000000 0.000000
  7 -25.794893 0.001712 0.608795 -0.862573 0.484371 -0.146122 0.000000 0.000000
  7 -25.781795 -0.156237 0.529545 -0.839659 0.439083 -0.319655 0.000000 0.000000
rubbergloveCHROME.bmp
  23 28.009251 -0.833511 0.305427 0.792652 0.199258 -0.576194 0.000000 0.000000
  23 28.080169 -0.765941 0.390308 0.968671 -0.005315 -0.248289 0.000000 0.000000
  23 28.192512 -0.909003 0.407975 0.776177 0.492559 -0.393618 0.000000 0.000000
rubbergloveCHROME.bmp
  23 28.192512 -0.909003 0.407975 0.776177 0.492559 -0.393618 0.000000 0.000000
  23 28.080169 -0.765941 0.390308 0.968671 -0.005315 -0.248289 0.000000 0.000000
  23 28.064491 -0.758034 0.559694 0.931609 0.258662 0.255339 0.000000 0.000000
rubbergloveCHROME.bmp
  23 28.080169 -0.765941 0.390308 0.968671 -0.005315 -0.248289 0.000000 0.000000
  23 28.108726 -0.659230 0.455862 0.985422 0.146568 0.086375 0.000000 0.000000
  23 28.064491 -0.758034 0.559694 0.931609 0.258662 0.255339 0.000000 0.000000
rubbergloveCHROME.bmp
  23 28.064491 -0.758034 0.559694 0.931609 0.258662 0.255339 0.000000 0.000000
  23 28.108726 -0.659230 0.455862 0.985422 0.146568 0.086375 0.000000 0.000000
  23 28.056448 -0.656967 0.580208 0.940801 0.191601 0.279611 0.000000 0.000000
rubbergloveCHROME.bmp
  23 28.108726 -0.659230 0.455862 0.985422 0.146568 0.086375 0.000000 0.000000
  23 28.034942 -0.537142 0.425032 0.704697 0.704566 -0.083598 0.000000 0.000000
  23 28.056448 -0.656967 0.580208 0.940801 0.191601 0.279611 0.000000 0.000000
rubbergloveCHROME.bmp
  23 28.056448 -0.656967 0.580208 0.940801 0.191601 0.279611 0.000000 0.000000
  23 28.034942 -0.537142 0.425032 0.704697 0.704566 -0.083598 0.000000 0.000000
  23 27.982664 -0.534879 0.549378 0.600952 0.780174 0.173739 0.000000 0.000000
rubbergloveCHROME.bmp
  23 28.034942 -0.537142 0.425032 0.704697 0.704566 -0.083598 0.000000 0.000000
  23 27.969732 -0.518501 0.424620 0.704697 0.704566 -0.083598 0.000000 0.000000
  23 27.982664 -0.534879 0.549378 0.600952 0.780174 0.173739 0.000000 0.000000
rubbergloveCHROME.bmp
  23 27.982664 -0.534879 0.549378 0.600952 0.780174 0.173739 0.000000 0.000000
  23 27.969732 -0.518501 0.424620 0.704697 0.704566 -0.083598 0.000000 0.000000
  23 27.896738 -0.524381 0.546838 0.761284 0.615330 0.204488 0.000000 0.000000
rubbergloveCHROME.bmp
  23 27.969732 -0.518501 0.424620 0.704697 0.704566 -0.083598 0.000000 0.000000
  22 27.934479 -0.447925 0.575755 0.844397 0.477153 0.243555 0.000000 0.000000
  23 27.896738 -0.524381 0.546838 0.761284 0.615330 0.204488 0.000000 0.000000
rubbergloveCHROME.bmp
  23 27.896738 -0.524381 0.546838 0.761284 0.615330 0.204488 0.000000 0.000000
  22 27.934479 -0.447925 0.575755 0.844397 0.477153 0.243555 0.000000 0.000000
  22 27.857435 -0.465822 0.738984 0.816872 0.479382 0.320799 0.000000 0.000000
rubbergloveCHROME.bmp
  22 27.934479 -0.447925 0.575755 0.844397 0.477153 0.243555 0.000000 0.000000
  22 27.819743 -0.446627 0.742290 0.555963 0.779012 0.289907 0.000000 0.000000
  22 27.857435 -0.465822 0.738984 0.816872 0.479382 0.320799 0.000000 0.000000
rubbergloveCHROME.bmp
  22 27.857435 -0.465822 0.738984 0.816872 0.479382 0.320799 0.000000 0.000000
  22 27.819743 -0.446627 0.742290 0.555963 0.779012 0.289907 0.000000 0.000000
  22 27.798424 -0.485196 0.874418 0.767958 0.467292 0.438040 0.000000 0.000000
rubbergloveCHROME.bmp
  22 27.819743 -0.446627 0.742290 0.555963 0.779012 0.289907 0.000000 0.000000
  22 27.767262 -0.458431 0.877960 0.550915 0.742826 0.380398 0.000000 0.000000
  22 27.798424 -0.485196 0.874418 0.767958 0.467292 0.438040 0.000000 0.000000
rubbergloveCHROME.bmp
  22 27.798424 -0.485196 0.874418 0.767958 0.467292 0.438040 0.000000 0.000000
  22 27.767262 -0.458431 0.877960 0.550915 0.742826 0.380398 0.000000 0.000000
  22 27.683556 -0.549374 1.026360 0.681054 0.280261 0.676476 0.000000 0.000000
rubbergloveCHROME.bmp
  22 27.767262 -0.458431 0.877960 0.550915 0.742826 0.380398 0.000000 0.000000
  22 27.678510 -0.492327 1.030846 0.505243 0.548141 0.666537 0.000000 0.000000
  22 27.683556 -0.549374 1.026360 0.681054 0.280261 0.676476 0.000000 0.000000
rubbergloveCHROME.bmp
  22 27.683556 -0.549374 1.026360 0.681054 0.280261 0.676476 0.000000 0.000000
  22 27.678510 -0.492327 1.030846 0.505243 0.548141 0.666537 0.000000 0.000000
  22 27.564433 -0.636027 1.169542 0.106993 -0.057761 0.992581 0.000000 0.000000
rubbergloveCHROME.bmp
  22 27.678510 -0.492327 1.030846 0.505243 0.548141 0.666537 0.000000 0.000000
  22 27.537455 -0.546359 1.158063 0.211380 0.264317 0.940986 0.000000 0.000000
  22 27.564433 -0.636027 1.169542 0.106993 -0.057761 0.992581 0.000000 0.000000
rubbergloveCHROME.bmp
  22 27.564433 -0.636027 1.169542 0.106993 -0.057761 0.992581 0.000000 0.000000
  22 27.537455 -0.546359 1.158063 0.211380 0.264317 0.940986 0.000000 0.000000
  22 27.444627 -0.611062 1.140848 -0.134798 -0.191427 0.972206 0.000000 0.000000
rubbergloveCHROME.bmp
  22 27.537455 -0.546359 1.158063 0.211380 0.264317 0.940986 0.000000 0.000000
  22 27.438790 -0.474492 1.158581 0.114581 0.147396 0.982418 0.000000 0.000000
  22 27.444627 -0.611062 1.140848 -0.134798 -0.191427 0.972206 0.000000 0.000000
rubbergloveCHROME.bmp
  22 27.444627 -0.611062 1.140848 -0.134798 -0.191427 0.972206 0.000000 0.000000
  22 27.438790 -0.474492 1.158581 0.114581 0.147396 0.982418 0.000000 0.000000
  22 27.353142 -0.530291 1.080793 -0.403023 -0.101501 0.909544 0.000000 0.000000
rubbergloveCHROME.bmp
  22 27.438790 -0.474492 1.158581 0.114581 0.147396 0.982418 0.000000 0.000000
  22 27.302363 -0.343002 1.138623 -0.222776 -0.086550 0.971020 0.000000 0.000000
  22 27.353142 -0.530291 1.080793 -0.403023 -0.101501 0.909544 0.000000 0.000000
rubbergloveCHROME.bmp
  22 27.353142 -0.530291 1.080793 -0.403023 -0.101501 0.909544 0.000000 0.000000
  22 27.302363 -0.343002 1.138623 -0.222776 -0.086550 0.971020 0.000000 0.000000
  22 27.232049 -0.398565 1.052782 -0.291290 -0.144420 0.945671 0.000000 0.000000
rubbergloveCHROME.bmp
  22 27.302363 -0.343002 1.138623 -0.222776 -0.086550 0.971020 0.000000 0.000000
  22 27.143578 -0.192082 1.113918 -0.199485 -0.220796 0.954701 0.000000 0.000000
  22 27.232049 -0.398565 1.052782 -0.291290 -0.144420 0.945671 0.000000 0.000000
rubbergloveCHROME.bmp
  22 27.232049 -0.398565 1.052782 -0.291290 -0.144420 0.945671 0.000000 0.000000
  22 27.143578 -0.192082 1.113918 -0.199485 -0.220796 0.954701 0.000000 0.000000
  22 27.074614 -0.248502 1.018206 -0.152617 -0.220331 0.963412 0.000000 0.000000
rubbergloveCHROME.bmp
  22 27.143578 -0.192082 1.113918 -0.199485 -0.220796 0.954701 0.000000 0.000000
  22 26.971602 -0.121779 1.074148 -0.170962 -0.415834 0.893227 0.000000 0.000000
  22 27.074614 -0.248502 1.018206 -0.152617 -0.220331 0.963412 0.000000 0.000000
rubbergloveCHROME.bmp
  18 -25.285359 -0.903969 -3.185873 0.513705 0.396156 -0.761030 0.000000 0.000000
  17 -25.244760 -0.745197 -3.186014 -0.006918 0.133833 -0.990980 0.000000 0.000000
  17 -25.167180 -0.781095 -3.152959 0.216566 0.049380 -0.975018 0.000000 0.000000
rubbergloveCHROME.bmp
  17 -25.167180 -0.781095 -3.152959 0.216566 0.049380 -0.975018 0.000000 0.000000
  17 -25.244760 -0.745197 -3.186014 -0.006918 0.133833 -0.990980 0.000000 0.000000
  17 -25.037758 -0.618303 -3.140757 0.149947 -0.050872 -0.987384 0.000000 0.000000
rubbergloveCHROME.bmp
  17 -25.244760 -0.745197 -3.186014 -0.006918 0.133833 -0.990980 0.000000 0.000000
  17 -25.151810 -0.533973 -3.162674 -0.223386 0.218622 -0.949896 0.000000 0.000000
  17 -25.037758 -0.618303 -3.140757 0.149947 -0.050872 -0.987384 0.000000 0.000000
rubbergloveCHROME.bmp
  17 -25.037758 -0.618303 -3.140757 0.149947 -0.050872 -0.987384 0.000000 0.000000
  17 -25.151810 -0.533973 -3.162674 -0.223386 0.218622 -0.949896 0.000000 0.000000
  17 -25.017730 -0.381232 -3.172319 -0.134941 0.262582 -0.955427 0.000000 0.000000
rubbergloveCHROME.bmp
  17 -25.151810 -0.533973 -3.162674 -0.223386 0.218622 -0.949896 0.000000 0.000000
  17 -25.252794 -0.433106 -3.052093 -0.564573 0.568228 -0.598643 0.000000 0.000000
  17 -25.017730 -0.381232 -3.172319 -0.134941 0.262582 -0.955427 0.000000 0.000000
rubbergloveCHROME.bmp
  17 -25.017730 -0.381232 -3.172319 -0.134941 0.262582 -0.955427 0.000000 0.000000
  17 -25.252794 -0.433106 -3.052093 -0.564573 0.568228 -0.598643 0.000000 0.000000
  17 -25.132967 -0.305667 -3.007363 -0.523815 0.621295 -0.582761 0.000000 0.000000
rubbergloveCHROME.bmp
  17 -25.252794 -0.433106 -3.052093 -0.564573 0.568228 -0.598643 0.000000 0.000000
  17 -25.214094 -0.280441 -2.844017 -0.636073 0.657623 -0.403663 0.000000 0.000000
  17 -25.132967 -0.305667 -3.007363 -0.523815 0.621295 -0.582761 0.000000 0.000000
rubbergloveCHROME.bmp
  17 -25.132967 -0.305667 -3.007363 -0.523815 0.621295 -0.582761 0.000000 0.000000
  17 -25.214094 -0.280441 -2.844017 -0.636073 0.657623 -0.403663 0.000000 0.000000
  17 -25.054502 -0.203777 -2.978006 -0.760850 0.218823 -0.610920 0.000000 0.000000
rubbergloveCHROME.bmp
  17 -25.214094 -0.280441 -2.844017 -0.636073 0.657623 -0.403663 0.000000 0.000000
  17 -25.137808 -0.181307 -2.836743 -0.874422 0.203763 -0.440303 0.000000 0.000000
  17 -25.054502 -0.203777 -2.978006 -0.760850 0.218823 -0.610920 0.000000 0.000000
rubbergloveCHROME.bmp
  17 -25.054502 -0.203777 -2.978006 -0.760850 0.218823 -0.610920 0.000000 0.000000
  17 -25.137808 -0.181307 -2.836743 -0.874422 0.203763 -0.440303 0.000000 0.000000
  16 -25.072776 -0.115414 -2.985851 -0.755466 0.164375 -0.634233 0.000000 0.000000
rubbergloveCHROME.bmp
  17 -25.137808 -0.181307 -2.836743 -0.874422 0.203763 -0.440303 0.000000 0.000000
  16 -25.159572 -0.095611 -2.824996 -0.884534 0.102917 -0.454981 0.000000 0.000000
  16 -25.072776 -0.115414 -2.985851 -0.755466 0.164375 -0.634233 0.000000 0.000000
rubbergloveCHROME.bmp
  16 -25.072776 -0.115414 -2.985851 -0.755466 0.164375 -0.634233 0.000000 0.000000
  16 -25.159572 -0.095611 -2.824996 -0.884534 0.102917 -0.454981 0.000000 0.000000
  16 -24.982718 -0.021173 -2.965644 -0.388331 0.767907 -0.509429 0.000000 0.000000
rubbergloveCHROME.bmp
  16 -25.159572 -0.095611 -2.824996 -0.884534 0.102917 -0.454981 0.000000 0.000000
  16 -25.137787 0.018516 -2.786261 -0.555080 0.796139 -0.240933 0.000000 0.000000
  16 -24.982718 -0.021173 -2.965644 -0.388331 0.767907 -0.509429 0.000000 0.000000
rubbergloveCHROME.bmp
  16 -24.982718 -0.021173 -2.965644 -0.388331 0.767907 -0.509429 0.000000 0.000000
  16 -25.137787 0.018516 -2.786261 -0.555080 0.796139 -0.240933 0.000000 0.000000
  16 -25.068695 0.026975 -2.767427 -0.626332 0.681435 -0.378621 0.000000 0.000000
rubbergloveCHROME.bmp
  16 -25.137787 0.018516 -2.786261 -0.555080 0.796139 -0.240933 0.000000 0.000000
  16 -25.110825 0.006501 -2.593054 -0.726784 0.679447 -0.100677 0.000000 0.000000
  16 -25.068695 0.026975 -2.767427 -0.626332 0.681435 -0.378621 0.000000 0.000000
rubbergloveCHROME.bmp
  16 -25.068695 0.026975 -2.767427 -0.626332 0.681435 -0.378621 0.000000 0.000000
  16 -25.110825 0.006501 -2.593054 -0.726784 0.679447 -0.100677 0.000000 0.000000
  16 -25.028865 0.129997 -2.747429 -0.741394 0.570093 -0.354019 0.000000 0.000000
rubbergloveCHROME.bmp
  16 -25.110825 0.006501 -2.593054 -0.726784 0.679447 -0.100677 0.000000 0.000000
  16 -25.117762 0.081259 -2.569322 -0.870079 0.492430 -0.021782 0.000000 0.000000
  16 -25.028865 0.129997 -2.747429 -0.741394 0.570093 -0.354019 0.000000 0.000000
rubbergloveCHROME.bmp
  16 -25.028865 0.129997 -2.747429 -0.741394 0.570093 -0.354019 0.000000 0.000000
  16 -25.117762 0.081259 -2.569322 -0.870079 0.492430 -0.021782 0.000000 0.000000
  16 -25.012454 0.149310 -2.529581 -0.629903 0.775102 0.049390 0.000000 0.000000
rubbergloveCHROME.bmp
  16 -25.117762 0.081259 -2.569322 -0.870079 0.492430 -0.021782 0.000000 0.000000
  16 -25.037388 0.090713 -2.348074 -0.469299 0.711258 0.523327 0.000000 0.000000
  16 -25.012454 0.149310 -2.529581 -0.629903 0.775102 0.049390 0.000000 0.000000
rubbergloveCHROME.bmp
  16 -25.012454 0.149310 -2.529581 -0.629903 0.775102 0.049390 0.000000 0.000000
  16 -25.037388 0.090713 -2.348074 -0.469299 0.711258 0.523327 0.000000 0.000000
  16 -24.992538 0.129587 -2.402639 -0.469299 0.711258 0.523327 0.000000 0.000000
rubbergloveCHROME.bmp
  16 -25.037388 0.090713 -2.348074 -0.469299 0.711258 0.523327 0.000000 0.000000
  16 -24.958593 0.040825 -2.328012 -0.017692 0.459756 0.887869 0.000000 0.000000
  16 -24.992538 0.129587 -2.402639 -0.469299 0.711258 0.523327 0.000000 0.000000
rubbergloveCHROME.bmp
  16 -24.992538 0.129587 -2.402639 -0.469299 0.711258 0.523327 0.000000 0.000000
  16 -24.958593 0.040825 -2.328012 -0.017692 0.459756 0.887869 0.000000 0.000000
  16 -24.886566 0.145507 -2.320685 -0.404219 0.376495 0.833582 0.000000 0.000000
rubbergloveCHROME.bmp
  16 -24.958593 0.040825 -2.328012 -0.017692 0.459756 0.887869 0.000000 0.000000
  16 -24.783653 -0.016599 -2.285606 -0.370695 0.353770 0.858739 0.000000 0.000000
  16 -24.886566 0.145507 -2.320685 -0.404219 0.376495 0.833582 0.000000 0.000000
rubbergloveCHROME.bmp
  16 -24.886566 0.145507 -2.320685 -0.404219 0.376495 0.833582 0.000000 0.000000
  16 -24.783653 -0.016599 -2.285606 -0.370695 0.353770 0.858739 0.000000 0.000000
  16 -24.698322 0.073829 -2.246343 -0.679367 0.196040 0.707127 0.000000 0.000000
rubbergloveCHROME.bmp
  5 -22.975564 -0.546937 1.564194 0.783665 -0.618486 -0.057838 0.000000 0.000000
  5 -23.003179 -0.534874 1.486787 0.764129 -0.621062 -0.174324 0.000000 0.000000
  5 -22.943473 -0.470863 1.521969 0.863886 -0.491986 -0.107941 0.000000 0.000000
rubbergloveCHROME.bmp
  5 -22.943473 -0.470863 1.521969 0.863886 -0.491986 -0.107941 0.000000 0.000000
  5 -23.003179 -0.534874 1.486787 0.764129 -0.621062 -0.174324 0.000000 0.000000
  5 -22.982086 -0.474099 1.451269 0.797125 -0.589258 -0.131783 0.000000 0.000000
rubbergloveCHROME.bmp
  5 -23.003179 -0.534874 1.486787 0.764129 -0.621062 -0.174324 0.000000 0.000000
  5 -23.023579 -0.492000 1.193281 0.546829 -0.683908 -0.482957 0.000000 0.000000
  5 -22.982086 -0.474099 1.451269 0.797125 -0.589258 -0.131783 0.000000 0.000000
rubbergloveCHROME.bmp
  5 -22.982086 -0.474099 1.451269 0.797125 -0.589258 -0.131783 0.000000 0.000000
  5 -23.023579 -0.492000 1.193281 0.546829 -0.683908 -0.482957 0.000000 0.000000
  5 -22.799006 -0.259392 1.108074 0.516996 -0.783669 -0.344352 0.000000 0.000000
rubbergloveCHROME.bmp
  5 -23.023579 -0.492000 1.193281 0.546829 -0.683908 -0.482957 0.000000 0.000000
  5 -23.070562 -0.267438 0.972455 0.120205 -0.706736 -0.697191 0.000000 0.000000
  5 -22.799006 -0.259392 1.108074 0.516996 -0.783669 -0.344352 0.000000 0.000000
rubbergloveCHROME.bmp
  5 -22.799006 -0.259392 1.108074 0.516996 -0.783669 -0.344352 0.000000 0.000000
  5 -23.070562 -0.267438 0.972455 0.120205 -0.706736 -0.697191 0.000000 0.000000
  5 -22.925244 -0.135940 0.824836 0.098455 -0.894676 -0.435731 0.000000 0.000000
rubbergloveCHROME.bmp
  5 -23.070562 -0.267438 0.972455 0.120205 -0.706736 -0.697191 0.000000 0.000000
  5 -23.204649 -0.084239 0.753003 -0.111050 -0.961639 -0.250835 0.000000 0.000000
  5 -22.925244 -0.135940 0.824836 0.098455 -0.894676 -0.435731 0.000000 0.000000
rubbergloveCHROME.bmp
  5 -22.925244 -0.135940 0.824836 0.098455 -0.894676 -0.435731 0.000000 0.000000
  5 -23.204649 -0.084239 0.753003 -0.111050 -0.961639 -0.250835 0.000000 0.000000
  4 -23.126947 -0.036131 0.541975 0.025583 -0.961290 -0.274347 0.000000 0.000000
rubbergloveCHROME.bmp
  5 -23.204649 -0.084239 0.753003 -0.111050 -0.961639 -0.250835 0.000000 0.000000
  4 -23.309386 -0.113694 0.541978 -0.061751 -0.964274 -0.257610 0.000000 0.000000
  4 -23.126947 -0.036131 0.541975 0.025583 -0.961290 -0.274347 0.000000 0.000000
rubbergloveCHROME.bmp
  4 -23.126947 -0.036131 0.541975 0.025583 -0.961290 -0.274347 0.000000 0.000000
  4 -23.309386 -0.113694 0.541978 -0.061751 -0.964274 -0.257610 0.000000 0.000000
  4 -23.279807 -0.000196 0.369225 -0.109800 -0.877406 -0.467014 0.000000 0.000000
rubbergloveCHROME.bmp
  4 -23.309386 -0.113694 0.541978 -0.061751 -0.964274 -0.257610 0.000000 0.000000
  1 -23.466627 -0.060706 0.685924 -0.094741 -0.987113 0.128968 0.000000 0.000000
  4 -23.279807 -0.000196 0.369225 -0.109800 -0.877406 -0.467014 0.000000 0.000000
rubbergloveCHROME.bmp
  4 -23.279807 -0.000196 0.369225 -0.109800 -0.877406 -0.467014 0.000000 0.000000
  1 -23.466627 -0.060706 0.685924 -0.094741 -0.987113 0.128968 0.000000 0.000000
  1 -23.480461 0.039162 0.346167 -0.274049 -0.864914 -0.420501 0.000000 0.000000
rubbergloveCHROME.bmp
  1 -23.466627 -0.060706 0.685924 -0.094741 -0.987113 0.128968 0.000000 0.000000
  1 -23.671021 -0.001895 0.860464 -0.176696 -0.964763 0.194965 0.000000 0.000000
  1 -23.480461 0.039162 0.346167 -0.274049 -0.864914 -0.420501 0.000000 0.000000
rubbergloveCHROME.bmp
  1 -23.480461 0.039162 0.346167 -0.274049 -0.864914 -0.420501 0.000000 0.000000
  1 -23.671021 -0.001895 0.860464 -0.176696 -0.964763 0.194965 0.000000 0.000000
  1 -23.724181 0.037278 0.561567 0.570618 -0.819543 -0.052390 0.000000 0.000000
rubbergloveCHROME.bmp
  1 -23.671021 -0.001895 0.860464 -0.176696 -0.964763 0.194965 0.000000 0.000000
  1 -23.833014 0.003738 0.894028 0.387253 -0.695559 0.605172 0.000000 0.000000
  1 -23.724181 0.037278 0.561567 0.570618 -0.819543 -0.052390 0.000000 0.000000
rubbergloveCHROME.bmp
  1 -23.724181 0.037278 0.561567 0.570618 -0.819543 -0.052390 0.000000 0.000000
  1 -23.833014 0.003738 0.894028 0.387253 -0.695559 0.605172 0.000000 0.000000
  1 -23.756141 -0.173092 0.502210 0.859849 -0.472407 0.193625 0.000000 0.000000
rubbergloveCHROME.bmp
  1 -23.833014 0.003738 0.894028 0.387253 -0.695559 0.605172 0.000000 0.000000
  1 -23.989853 -0.182611 0.877427 0.505897 -0.655782 0.560374 0.000000 0.000000
  1 -23.756141 -0.173092 0.502210 0.859849 -0.472407 0.193625 0.000000 0.000000
rubbergloveCHROME.bmp
  1 -23.756141 -0.173092 0.502210 0.859849 -0.472407 0.193625 0.000000 0.000000
  1 -23.989853 -0.182611 0.877427 0.505897 -0.655782 0.560374 0.000000 0.000000
  1 -23.949209 -0.363727 0.466398 0.640777 -0.751525 0.156893 0.000000 0.000000
rubbergloveCHROME.bmp
  1 -23.989853 -0.182611 0.877427 0.505897 -0.655782 0.560374 0.000000 0.000000
  1 -24.186222 -0.515279 0.551587 0.459648 -0.835505 0.301088 0.000000 0.000000
  1 -23.949209 -0.363727 0.466398 0.640777 -0.751525 0.156893 0.000000 0.000000
rubbergloveCHROME.bmp
  1 -23.949209 -0.363727 0.466398 0.640777 -0.751525 0.156893 0.000000 0.000000
  1 -24.186222 -0.515279 0.551587 0.459648 -0.835505 0.301088 0.000000 0.000000
  1 -24.216274 -0.562922 0.322181 0.373417 -0.927616 0.009417 0.000000 0.000000
rubbergloveCHROME.bmp
  1 -24.186222 -0.515279 0.551587 0.459648 -0.835505 0.301088 0.000000 0.000000
  1 -24.304716 -0.562836 0.494164 0.500357 -0.855152 0.135488 0.000000 0.000000
  1 -24.216274 -0.562922 0.322181 0.373417 -0.927616 0.009417 0.000000 0.000000
rubbergloveCHROME.bmp
  1 -24.216274 -0.562922 0.322181 0.373417 -0.927616 0.009417 0.000000 0.000000
  1 -24.304716 -0.562836 0.494164 0.500357 -0.855152 0.135488 0.000000 0.000000
  1 -24.403704 -0.590867 0.286280 0.416241 -0.893356 -0.169290 0.000000 0.000000
rubbergloveCHROME.bmp
  1 -24.304716 -0.562836 0.494164 0.500357 -0.855152 0.135488 0.000000 0.000000
  7 -24.646243 -0.918966 0.480911 0.680722 -0.731862 0.031569 0.000000 0.000000
  1 -24.403704 -0.590867 0.286280 0.416241 -0.893356 -0.169290 0.000000 0.000000
rubbergloveCHROME.bmp
  32 27.176440 -0.789615 -3.146469 -0.216563 0.049378 -0.975019 0.000000 0.000000
  32 27.040113 -0.620255 -3.131240 -0.149945 -0.050875 -0.987385 0.000000 0.000000
  32 27.251657 -0.751811 -3.189052 0.006908 0.133825 -0.990981 0.000000 0.000000
rubbergloveCHROME.bmp
  32 27.251657 -0.751811 -3.189052 0.006908 0.133825 -0.990981 0.000000 0.000000
  32 27.040113 -0.620255 -3.131240 -0.149945 -0.050875 -0.987385 0.000000 0.000000
  32 27.138061 -0.534744 -3.159421 0.223386 0.218618 -0.949897 0.000000 0.000000
rubbergloveCHROME.bmp
  32 27.040113 -0.620255 -3.131240 -0.149945 -0.050875 -0.987385 0.000000 0.000000
  32 27.017723 -0.381277 -3.172330 0.134942 0.262580 -0.955428 0.000000 0.000000
  32 27.138061 -0.534744 -3.159421 0.223386 0.218618 -0.949897 0.000000 0.000000
rubbergloveCHROME.bmp
  32 27.138061 -0.534744 -3.159421 0.223386 0.218618 -0.949897 0.000000 0.000000
  32 27.017723 -0.381277 -3.172330 0.134942 0.262580 -0.955428 0.000000 0.000000
  32 27.252786 -0.433151 -3.052104 0.564579 0.568222 -0.598643 0.000000 0.000000
rubbergloveCHROME.bmp
  32 27.017723 -0.381277 -3.172330 0.134942 0.262580 -0.955428 0.000000 0.000000
  32 27.107654 -0.309921 -3.022929 0.523815 0.621297 -0.582759 0.000000 0.000000
  32 27.252786 -0.433151 -3.052104 0.564579 0.568222 -0.598643 0.000000 0.000000
rubbergloveCHROME.bmp
  32 27.252786 -0.433151 -3.052104 0.564579 0.568222 -0.598643 0.000000 0.000000
  32 27.107654 -0.309921 -3.022929 0.523815 0.621297 -0.582759 0.000000 0.000000
  32 27.241569 -0.279034 -2.850555 0.636077 0.657620 -0.403661 0.000000 0.000000
rubbergloveCHROME.bmp
  32 27.107654 -0.309921 -3.022929 0.523815 0.621297 -0.582759 0.000000 0.000000
  32 27.047659 -0.211118 -2.977781 0.760852 0.218817 -0.610920 0.000000 0.000000
  32 27.241569 -0.279034 -2.850555 0.636077 0.657620 -0.403661 0.000000 0.000000
rubbergloveCHROME.bmp
  32 27.241569 -0.279034 -2.850555 0.636077 0.657620 -0.403661 0.000000 0.000000
  32 27.047659 -0.211118 -2.977781 0.760852 0.218817 -0.610920 0.000000 0.000000
  32 27.149363 -0.177870 -2.817934 0.874424 0.203765 -0.440299 0.000000 0.000000
rubbergloveCHROME.bmp
  32 27.047659 -0.211118 -2.977781 0.760852 0.218817 -0.610920 0.000000 0.000000
  31 27.072769 -0.115460 -2.985862 0.755471 0.164366 -0.634230 0.000000 0.000000
  32 27.149363 -0.177870 -2.817934 0.874424 0.203765 -0.440299 0.000000 0.000000
rubbergloveCHROME.bmp
  32 27.149363 -0.177870 -2.817934 0.874424 0.203765 -0.440299 0.000000 0.000000
  31 27.072769 -0.115460 -2.985862 0.755471 0.164366 -0.634230 0.000000 0.000000
  31 27.182739 -0.102870 -2.821703 0.884537 0.102910 -0.454977 0.000000 0.000000
rubbergloveCHROME.bmp
  31 27.072769 -0.115460 -2.985862 0.755471 0.164366 -0.634230 0.000000 0.000000
  31 27.010196 -0.018404 -2.940423 0.388338 0.767902 -0.509432 0.000000 0.000000
  31 27.182739 -0.102870 -2.821703 0.884537 0.102910 -0.454977 0.000000 0.000000
rubbergloveCHROME.bmp
  31 27.182739 -0.102870 -2.821703 0.884537 0.102910 -0.454977 0.000000 0.000000
  31 27.010196 -0.018404 -2.940423 0.388338 0.767902 -0.509432 0.000000 0.000000
  31 27.130704 0.024852 -2.783239 0.547494 0.802452 -0.237321 0.000000 0.000000
rubbergloveCHROME.bmp
  31 27.010196 -0.018404 -2.940423 0.388338 0.767902 -0.509432 0.000000 0.000000
  31 27.047877 0.032234 -2.761214 0.626338 0.681430 -0.378621 0.000000 0.000000
  31 27.130704 0.024852 -2.783239 0.547494 0.802452 -0.237321 0.000000 0.000000
rubbergloveCHROME.bmp
  31 27.130704 0.024852 -2.783239 0.547494 0.802452 -0.237321 0.000000 0.000000
  31 27.047877 0.032234 -2.761214 0.626338 0.681430 -0.378621 0.000000 0.000000
  31 27.103741 0.012837 -2.590033 0.726790 0.679442 -0.100670 0.000000 0.000000
rubbergloveCHROME.bmp
  31 27.047877 0.032234 -2.761214 0.626338 0.681430 -0.378621 0.000000 0.000000
  31 27.038298 0.121662 -2.740944 0.741397 0.570090 -0.354017 0.000000 0.000000
  31 27.103741 0.012837 -2.590033 0.726790 0.679442 -0.100670 0.000000 0.000000
rubbergloveCHROME.bmp
  31 27.103741 0.012837 -2.590033 0.726790 0.679442 -0.100670 0.000000 0.000000
  31 27.038298 0.121662 -2.740944 0.741397 0.570090 -0.354017 0.000000 0.000000
  31 27.115406 0.083782 -2.547245 0.870088 0.492415 -0.021775 0.000000 0.000000
rubbergloveCHROME.bmp
  31 27.038298 0.121662 -2.740944 0.741397 0.570090 -0.354017 0.000000 0.000000
  31 27.037986 0.140145 -2.516760 0.629899 0.775105 0.049396 0.000000 0.000000
  31 27.115406 0.083782 -2.547245 0.870088 0.492415 -0.021775 0.000000 0.000000
rubbergloveCHROME.bmp
  31 27.115406 0.083782 -2.547245 0.870088 0.492415 -0.021775 0.000000 0.000000
  31 27.037986 0.140145 -2.516760 0.629899 0.775105 0.049396 0.000000 0.000000
  31 27.044040 0.098125 -2.348244 0.479049 0.694868 0.536349 0.000000 0.000000
rubbergloveCHROME.bmp
  31 27.037986 0.140145 -2.516760 0.629899 0.775105 0.049396 0.000000 0.000000
  31 26.996841 0.139568 -2.380721 0.479049 0.694868 0.536349 0.000000 0.000000
  31 27.044040 0.098125 -2.348244 0.479049 0.694868 0.536349 0.000000 0.000000
rubbergloveCHROME.bmp
  31 27.044040 0.098125 -2.348244 0.479049 0.694868 0.536349 0.000000 0.000000
  31 26.996841 0.139568 -2.380721 0.479049 0.694868 0.536349 0.000000 0.000000
  31 26.967609 0.046331 -2.318655 0.017691 0.459759 0.887868 0.000000 0.000000
rubbergloveCHROME.bmp
  31 26.996841 0.139568 -2.380721 0.479049 0.694868 0.536349 0.000000 0.000000
  31 26.866165 0.136925 -2.317344 0.404221 0.376502 0.833578 0.000000 0.000000
  31 26.967609 0.046331 -2.318655 0.017691 0.459759 0.887868 0.000000 0.000000
rubbergloveCHROME.bmp
  31 26.967609 0.046331 -2.318655 0.017691 0.459759 0.887868 0.000000 0.000000
  31 26.866165 0.136925 -2.317344 0.404221 0.376502 0.833578 0.000000 0.000000
  31 26.769910 -0.017722 -2.282424 0.370693 0.353772 0.858739 0.000000 0.000000
rubbergloveCHROME.bmp
  31 26.866165 0.136925 -2.317344 0.404221 0.376502 0.833578 0.000000 0.000000
  31 26.712467 0.061018 -2.252419 0.679372 0.196037 0.707123 0.000000 0.000000
  31 26.769910 -0.017722 -2.282424 0.370693 0.353772 0.858739 0.000000 0.000000
rubbergloveCHROME.bmp
  23 27.835602 -0.605740 0.231492 0.674160 0.230101 -0.701827 0.000000 0.000000
  23 27.900054 -0.529981 0.253994 0.633172 0.117155 -0.765093 0.000000 0.000000
  23 27.904997 -0.576287 0.289083 0.598644 0.329787 -0.729977 0.000000 0.000000
rubbergloveCHROME.bmp
  23 27.904997 -0.576287 0.289083 0.598644 0.329787 -0.729977 0.000000 0.000000
  23 27.900054 -0.529981 0.253994 0.633172 0.117155 -0.765093 0.000000 0.000000
  22 27.931956 -0.454543 0.434157 0.911095 0.375188 -0.170704 0.000000 0.000000
rubbergloveCHROME.bmp
  23 27.900054 -0.529981 0.253994 0.633172 0.117155 -0.765093 0.000000 0.000000
  22 27.818430 -0.443531 0.255578 0.444123 0.444476 -0.777943 0.000000 0.000000
  22 27.931956 -0.454543 0.434157 0.911095 0.375188 -0.170704 0.000000 0.000000
rubbergloveCHROME.bmp
  22 27.931956 -0.454543 0.434157 0.911095 0.375188 -0.170704 0.000000 0.000000
  22 27.818430 -0.443531 0.255578 0.444123 0.444476 -0.777943 0.000000 0.000000
  22 27.871836 -0.375490 0.408934 0.690676 0.708494 -0.144926 0.000000 0.000000
rubbergloveCHROME.bmp
  22 27.818430 -0.443531 0.255578 0.444123 0.444476 -0.777943 0.000000 0.000000
  22 27.816086 -0.388198 0.240321 0.467992 0.491638 -0.734354 0.000000 0.000000
  22 27.871836 -0.375490 0.408934 0.690676 0.708494 -0.144926 0.000000 0.000000
rubbergloveCHROME.bmp
  22 27.871836 -0.375490 0.408934 0.690676 0.708494 -0.144926 0.000000 0.000000
  22 27.816086 -0.388198 0.240321 0.467992 0.491638 -0.734354 0.000000 0.000000
  22 27.825768 -0.335771 0.409311 0.761845 0.639521 -0.102982 0.000000 0.000000
rubbergloveCHROME.bmp
  22 27.816086 -0.388198 0.240321 0.467992 0.491638 -0.734354 0.000000 0.000000
  22 27.774048 -0.314146 0.299051 0.720232 0.332062 -0.609099 0.000000 0.000000
  22 27.825768 -0.335771 0.409311 0.761845 0.639521 -0.102982 0.000000 0.000000
rubbergloveCHROME.bmp
  22 27.825768 -0.335771 0.409311 0.761845 0.639521 -0.102982 0.000000 0.000000
  22 27.774048 -0.314146 0.299051 0.720232 0.332062 -0.609099 0.000000 0.000000
  22 27.786206 -0.251578 0.497891 0.965355 0.179880 -0.189032 0.000000 0.000000
rubbergloveCHROME.bmp
  22 27.774048 -0.314146 0.299051 0.720232 0.332062 -0.609099 0.000000 0.000000
  22 27.736241 -0.180716 0.454508 0.874732 0.373560 -0.308703 0.000000 0.000000
  22 27.786206 -0.251578 0.497891 0.965355 0.179880 -0.189032 0.000000 0.000000
rubbergloveCHROME.bmp
  22 27.786206 -0.251578 0.497891 0.965355 0.179880 -0.189032 0.000000 0.000000
  22 27.736241 -0.180716 0.454508 0.874732 0.373560 -0.308703 0.000000 0.000000
  22 27.779740 -0.153245 0.488466 0.904901 0.344878 -0.249428 0.000000 0.000000
rubbergloveCHROME.bmp
  22 27.736241 -0.180716 0.454508 0.874732 0.373560 -0.308703 0.000000 0.000000
  22 27.670781 0.007670 0.459581 0.755918 0.627134 -0.187858 0.000000 0.000000
  22 27.779740 -0.153245 0.488466 0.904901 0.344878 -0.249428 0.000000 0.000000
rubbergloveCHROME.bmp
  22 27.779740 -0.153245 0.488466 0.904901 0.344878 -0.249428 0.000000 0.000000
  22 27.670781 0.007670 0.459581 0.755918 0.627134 -0.187858 0.000000 0.000000
  22 27.794848 -0.141151 0.530005 0.839660 0.439083 -0.319653 0.000000 0.000000
rubbergloveCHROME.bmp
  22 27.670781 0.007670 0.459581 0.755918 0.627134 -0.187858 0.000000 0.000000
  22 27.680283 -0.001855 0.502231 0.700930 0.667648 -0.250886 0.000000 0.000000
  22 27.794848 -0.141151 0.530005 0.839660 0.439083 -0.319653 0.000000 0.000000
rubbergloveCHROME.bmp
  22 27.794848 -0.141151 0.530005 0.839660 0.439083 -0.319653 0.000000 0.000000
  22 27.680283 -0.001855 0.502231 0.700930 0.667648 -0.250886 0.000000 0.000000
  22 27.779982 0.014610 0.605619 0.862574 0.484371 -0.146121 0.000000 0.000000
rubbergloveCHROME.bmp
  22 27.680283 -0.001855 0.502231 0.700930 0.667648 -0.250886 0.000000 0.000000
  22 27.552188 0.182918 0.661135 0.542008 0.812143 -0.215988 0.000000 0.000000
  22 27.779982 0.014610 0.605619 0.862574 0.484371 -0.146121 0.000000 0.000000
rubbergloveCHROME.bmp
  22 27.779982 0.014610 0.605619 0.862574 0.484371 -0.146121 0.000000 0.000000
  22 27.552188 0.182918 0.661135 0.542008 0.812143 -0.215988 0.000000 0.000000
  22 27.673033 0.099954 0.826704 0.731256 0.523272 0.437551 0.000000 0.000000
rubbergloveCHROME.bmp
  22 27.552188 0.182918 0.661135 0.542008 0.812143 -0.215988 0.000000 0.000000
  22 27.510987 0.173923 0.818365 0.508953 0.753903 0.415448 0.000000 0.000000
  22 27.673033 0.099954 0.826704 0.731256 0.523272 0.437551 0.000000 0.000000
rubbergloveCHROME.bmp
  22 27.673033 0.099954 0.826704 0.731256 0.523272 0.437551 0.000000 0.000000
  22 27.510987 0.173923 0.818365 0.508953 0.753903 0.415448 0.000000 0.000000
  22 27.442544 0.123644 0.934932 0.322343 0.511152 0.796755 0.000000 0.000000
rubbergloveCHROME.bmp
  22 27.510987 0.173923 0.818365 0.508953 0.753903 0.415448 0.000000 0.000000
  22 27.334578 0.230083 0.931174 0.587682 0.492687 0.641786 0.000000 0.000000
  22 27.442544 0.123644 0.934932 0.322343 0.511152 0.796755 0.000000 0.000000
rubbergloveCHROME.bmp
  22 27.442544 0.123644 0.934932 0.322343 0.511152 0.796755 0.000000 0.000000
  22 27.334578 0.230083 0.931174 0.587682 0.492687 0.641786 0.000000 0.000000
  22 27.376034 0.114271 0.957036 0.545461 0.496512 0.675239 0.000000 0.000000
rubbergloveCHROME.bmp
  22 27.334578 0.230083 0.931174 0.587682 0.492687 0.641786 0.000000 0.000000
  22 27.344018 0.114655 0.983012 0.473605 0.406117 0.781516 0.000000 0.000000
  22 27.376034 0.114271 0.957036 0.545461 0.496512 0.675239 0.000000 0.000000
rubbergloveCHROME.bmp
  22 27.376034 0.114271 0.957036 0.545461 0.496512 0.675239 0.000000 0.000000
  22 27.344018 0.114655 0.983012 0.473605 0.406117 0.781516 0.000000 0.000000
  22 27.427917 -0.025115 1.026893 0.436626 0.391936 0.809780 0.000000 0.000000
rubbergloveCHROME.bmp
  22 27.344018 0.114655 0.983012 0.473605 0.406117 0.781516 0.000000 0.000000
  22 27.329188 -0.059151 1.036599 0.231509 0.193760 0.953342 0.000000 0.000000
  22 27.427917 -0.025115 1.026893 0.436626 0.391936 0.809780 0.000000 0.000000
rubbergloveCHROME.bmp
  22 26.647159 -0.933066 0.482245 -0.680723 -0.731860 0.031576 0.000000 0.000000
  3 26.325297 -0.554177 0.494606 -0.500356 -0.855153 0.135490 0.000000 0.000000
  3 26.403913 -0.590911 0.276271 -0.416238 -0.893357 -0.169287 0.000000 0.000000
rubbergloveCHROME.bmp
  3 26.403913 -0.590911 0.276271 -0.416238 -0.893357 -0.169287 0.000000 0.000000
  3 26.325297 -0.554177 0.494606 -0.500356 -0.855153 0.135490 0.000000 0.000000
  3 26.228817 -0.547769 0.342454 -0.373421 -0.927614 0.009415 0.000000 0.000000
rubbergloveCHROME.bmp
  3 26.325297 -0.554177 0.494606 -0.500356 -0.855153 0.135490 0.000000 0.000000
  3 26.179051 -0.508823 0.531415 -0.459649 -0.835506 0.301086 0.000000 0.000000
  3 26.228817 -0.547769 0.342454 -0.373421 -0.927614 0.009415 0.000000 0.000000
rubbergloveCHROME.bmp
  3 26.228817 -0.547769 0.342454 -0.373421 -0.927614 0.009415 0.000000 0.000000
  3 26.179051 -0.508823 0.531415 -0.459649 -0.835506 0.301086 0.000000 0.000000
  3 25.942923 -0.371371 0.456244 -0.636256 -0.759724 0.134154 0.000000 0.000000
rubbergloveCHROME.bmp
  3 26.179051 -0.508823 0.531415 -0.459649 -0.835506 0.301086 0.000000 0.000000
  3 26.016931 -0.166351 0.878014 -0.505897 -0.655783 0.560373 0.000000 0.000000
  3 25.942923 -0.371371 0.456244 -0.636256 -0.759724 0.134154 0.000000 0.000000
rubbergloveCHROME.bmp
  3 25.942923 -0.371371 0.456244 -0.636256 -0.759724 0.134154 0.000000 0.000000
  3 26.016931 -0.166351 0.878014 -0.505897 -0.655783 0.560373 0.000000 0.000000
  3 25.796876 -0.155731 0.523101 -0.859846 -0.472412 0.193627 0.000000 0.000000
rubbergloveCHROME.bmp
  3 26.016931 -0.166351 0.878014 -0.505897 -0.655783 0.560373 0.000000 0.000000
  3 25.846442 0.004790 0.924320 -0.387250 -0.695560 0.605173 0.000000 0.000000
  3 25.796876 -0.155731 0.523101 -0.859846 -0.472412 0.193627 0.000000 0.000000
rubbergloveCHROME.bmp
  3 25.796876 -0.155731 0.523101 -0.859846 -0.472412 0.193627 0.000000 0.000000
  3 25.846442 0.004790 0.924320 -0.387250 -0.695560 0.605173 0.000000 0.000000
  3 25.744325 0.045934 0.582005 -0.570619 -0.819542 -0.052390 0.000000 0.000000
rubbergloveCHROME.bmp
  3 25.846442 0.004790 0.924320 -0.387250 -0.695560 0.605173 0.000000 0.000000
  3 25.671231 -0.001937 0.850455 0.176689 -0.964763 0.194969 0.000000 0.000000
  3 25.744325 0.045934 0.582005 -0.570619 -0.819542 -0.052390 0.000000 0.000000
rubbergloveCHROME.bmp
  3 25.744325 0.045934 0.582005 -0.570619 -0.819542 -0.052390 0.000000 0.000000
  3 25.671231 -0.001937 0.850455 0.176689 -0.964763 0.194969 0.000000 0.000000
  3 25.507985 0.041318 0.376768 0.274047 -0.864914 -0.420501 0.000000 0.000000
rubbergloveCHROME.bmp
  3 25.671231 -0.001937 0.850455 0.176689 -0.964763 0.194969 0.000000 0.000000
  3 25.446245 -0.069453 0.675462 0.094742 -0.987113 0.128967 0.000000 0.000000
  3 25.507985 0.041318 0.376768 0.274047 -0.864914 -0.420501 0.000000 0.000000
rubbergloveCHROME.bmp
  3 25.507985 0.041318 0.376768 0.274047 -0.864914 -0.420501 0.000000 0.000000
  3 25.446245 -0.069453 0.675462 0.094742 -0.987113 0.128967 0.000000 0.000000
  19 25.250013 0.014770 0.393440 0.109800 -0.877406 -0.467015 0.000000 0.000000
rubbergloveCHROME.bmp
  3 25.446245 -0.069453 0.675462 0.094742 -0.987113 0.128967 0.000000 0.000000
  19 25.309386 -0.113740 0.541966 0.061752 -0.964274 -0.257610 0.000000 0.000000
  19 25.250013 0.014770 0.393440 0.109800 -0.877406 -0.467015 0.000000 0.000000
rubbergloveCHROME.bmp
  19 25.250013 0.014770 0.393440 0.109800 -0.877406 -0.467015 0.000000 0.000000
  19 25.309386 -0.113740 0.541966 0.061752 -0.964274 -0.257610 0.000000 0.000000
  19 25.155135 -0.051097 0.581748 -0.025586 -0.961290 -0.274347 0.000000 0.000000
rubbergloveCHROME.bmp
  19 25.309386 -0.113740 0.541966 0.061752 -0.964274 -0.257610 0.000000 0.000000
  20 25.218876 -0.044548 0.776704 0.111050 -0.961640 -0.250831 0.000000 0.000000
  19 25.155135 -0.051097 0.581748 -0.025586 -0.961290 -0.274347 0.000000 0.000000
rubbergloveCHROME.bmp
  19 25.155135 -0.051097 0.581748 -0.025586 -0.961290 -0.274347 0.000000 0.000000
  20 25.218876 -0.044548 0.776704 0.111050 -0.961640 -0.250831 0.000000 0.000000
  20 24.943152 -0.120651 0.848010 -0.098456 -0.894676 -0.435731 0.000000 0.000000
rubbergloveCHROME.bmp
  20 25.218876 -0.044548 0.776704 0.111050 -0.961640 -0.250831 0.000000 0.000000
  20 25.087013 -0.236089 0.976765 -0.120205 -0.706736 -0.697190 0.000000 0.000000
  20 24.943152 -0.120651 0.848010 -0.098456 -0.894676 -0.435731 0.000000 0.000000
rubbergloveCHROME.bmp
  20 24.943152 -0.120651 0.848010 -0.098456 -0.894676 -0.435731 0.000000 0.000000
  20 25.087013 -0.236089 0.976765 -0.120205 -0.706736 -0.697190 0.000000 0.000000
  20 24.806394 -0.254082 1.100979 -0.516996 -0.783668 -0.344354 0.000000 0.000000
rubbergloveCHROME.bmp
  20 25.087013 -0.236089 0.976765 -0.120205 -0.706736 -0.697190 0.000000 0.000000
  20 25.044850 -0.462893 1.218182 -0.546833 -0.683906 -0.482956 0.000000 0.000000
  20 24.806394 -0.254082 1.100979 -0.516996 -0.783668 -0.344354 0.000000 0.000000
rubbergloveCHROME.bmp
  20 24.806394 -0.254082 1.100979 -0.516996 -0.783668 -0.344354 0.000000 0.000000
  20 25.044850 -0.462893 1.218182 -0.546833 -0.683906 -0.482956 0.000000 0.000000
  20 24.970747 -0.457977 1.445964 -0.797124 -0.589260 -0.131784 0.000000 0.000000
rubbergloveCHROME.bmp
  20 25.044850 -0.462893 1.218182 -0.546833 -0.683906 -0.482956 0.000000 0.000000
  20 24.995460 -0.509437 1.466968 -0.764130 -0.621060 -0.174324 0.000000 0.000000
  20 24.970747 -0.457977 1.445964 -0.797124 -0.589260 -0.131784 0.000000 0.000000
rubbergloveCHROME.bmp
  20 24.970747 -0.457977 1.445964 -0.797124 -0.589260 -0.131784 0.000000 0.000000
  20 24.995460 -0.509437 1.466968 -0.764130 -0.621060 -0.174324 0.000000 0.000000
  20 24.911582 -0.472079 1.542921 -0.863886 -0.491985 -0.107944 0.000000 0.000000
rubbergloveCHROME.bmp
  20 24.995460 -0.509437 1.466968 -0.764130 -0.621060 -0.174324 0.000000 0.000000
  20 24.992301 -0.536202 1.562224 -0.783665 -0.618485 -0.057843 0.000000 0.000000
  20 24.911582 -0.472079 1.542921 -0.863886 -0.491985 -0.107944 0.000000 0.000000
rubbergloveCHROME.bmp
  3 27.261434 0.332423 -1.035031 0.491838 -0.077690 -0.867214 0.000000 0.000000
  25 27.506855 0.141650 -1.031820 0.313153 0.320335 -0.894047 0.000000 0.000000
  25 27.362443 0.056558 -1.081863 0.228430 0.291474 -0.928904 0.000000 0.000000
rubbergloveCHROME.bmp
  25 27.362443 0.056558 -1.081863 0.228430 0.291474 -0.928904 0.000000 0.000000
  25 27.506855 0.141650 -1.031820 0.313153 0.320335 -0.894047 0.000000 0.000000
  25 27.522493 -0.140544 -1.046723 0.262534 0.204176 -0.943074 0.000000 0.000000
rubbergloveCHROME.bmp
  25 27.506855 0.141650 -1.031820 0.313153 0.320335 -0.894047 0.000000 0.000000
  25 27.708780 -0.052243 -1.047040 0.313153 0.320335 -0.894047 0.000000 0.000000
  25 27.522493 -0.140544 -1.046723 0.262534 0.204176 -0.943074 0.000000 0.000000
rubbergloveCHROME.bmp
  25 27.522493 -0.140544 -1.046723 0.262534 0.204176 -0.943074 0.000000 0.000000
  25 27.708780 -0.052243 -1.047040 0.313153 0.320335 -0.894047 0.000000 0.000000
  25 27.624008 -0.311723 -1.060589 0.262534 0.204176 -0.943074 0.000000 0.000000
rubbergloveCHROME.bmp
  25 27.708780 -0.052243 -1.047040 0.313153 0.320335 -0.894047 0.000000 0.000000
  25 27.808129 -0.181404 -1.040174 0.364240 0.265694 -0.892601 0.000000 0.000000
  25 27.624008 -0.311723 -1.060589 0.262534 0.204176 -0.943074 0.000000 0.000000
rubbergloveCHROME.bmp
  25 27.624008 -0.311723 -1.060589 0.262534 0.204176 -0.943074 0.000000 0.000000
  25 27.808129 -0.181404 -1.040174 0.364240 0.265694 -0.892601 0.000000 0.000000
  25 27.751499 -0.439139 -1.063968 0.192768 0.225488 -0.954985 0.000000 0.000000
rubbergloveCHROME.bmp
  25 27.808129 -0.181404 -1.040174 0.364240 0.265694 -0.892601 0.000000 0.000000
  25 27.916310 -0.345130 -1.053979 0.403658 0.353673 -0.843787 0.000000 0.000000
  25 27.751499 -0.439139 -1.063968 0.192768 0.225488 -0.954985 0.000000 0.000000
rubbergloveCHROME.bmp
  25 27.751499 -0.439139 -1.063968 0.192768 0.225488 -0.954985 0.000000 0.000000
  25 27.916310 -0.345130 -1.053979 0.403658 0.353673 -0.843787 0.000000 0.000000
  25 27.882040 -0.622858 -1.078326 0.262534 0.204176 -0.943074 0.000000 0.000000
rubbergloveCHROME.bmp
  25 27.916310 -0.345130 -1.053979 0.403658 0.353673 -0.843787 0.000000 0.000000
  25 28.046948 -0.529018 -1.058339 0.271001 0.332807 -0.903215 0.000000 0.000000
  25 27.882040 -0.622858 -1.078326 0.262534 0.204176 -0.943074 0.000000 0.000000
rubbergloveCHROME.bmp
  25 27.882040 -0.622858 -1.078326 0.262534 0.204176 -0.943074 0.000000 0.000000
  25 28.046948 -0.529018 -1.058339 0.271001 0.332807 -0.903215 0.000000 0.000000
  25 27.947642 -0.654771 -1.069496 0.088782 0.161419 -0.982884 0.000000 0.000000
rubbergloveCHROME.bmp
  25 28.046948 -0.529018 -1.058339 0.271001 0.332807 -0.903215 0.000000 0.000000
  25 28.078140 -0.583576 -1.079564 0.152429 0.238678 -0.959061 0.000000 0.000000
  25 27.947642 -0.654771 -1.069496 0.088782 0.161419 -0.982884 0.000000 0.000000
rubbergloveCHROME.bmp
  25 27.947642 -0.654771 -1.069496 0.088782 0.161419 -0.982884 0.000000 0.000000
  25 28.078140 -0.583576 -1.079564 0.152429 0.238678 -0.959061 0.000000 0.000000
  25 28.014030 -0.700803 -1.060912 0.088782 0.161419 -0.982884 0.000000 0.000000
rubbergloveCHROME.bmp
  25 28.078140 -0.583576 -1.079564 0.152429 0.238678 -0.959061 0.000000 0.000000
  25 28.170807 -0.599120 -1.110728 0.540804 0.058042 -0.839144 0.000000 0.000000
  25 28.014030 -0.700803 -1.060912 0.088782 0.161419 -0.982884 0.000000 0.000000
rubbergloveCHROME.bmp
  25 28.014030 -0.700803 -1.060912 0.088782 0.161419 -0.982884 0.000000 0.000000
  25 28.170807 -0.599120 -1.110728 0.540804 0.058042 -0.839144 0.000000 0.000000
  25 28.071985 -0.725715 -1.071894 0.262534 0.204176 -0.943074 0.000000 0.000000
rubbergloveCHROME.bmp
  25 28.170807 -0.599120 -1.110728 0.540804 0.058042 -0.839144 0.000000 0.000000
  25 28.166489 -0.636156 -1.031294 0.463555 0.299511 -0.833912 0.000000 0.000000
  25 28.071985 -0.725715 -1.071894 0.262534 0.204176 -0.943074 0.000000 0.000000
rubbergloveCHROME.bmp
  25 28.071985 -0.725715 -1.071894 0.262534 0.204176 -0.943074 0.000000 0.000000
  25 28.166489 -0.636156 -1.031294 0.463555 0.299511 -0.833912 0.000000 0.000000
  25 28.080818 -0.760279 -1.092565 0.133557 0.486168 -0.863599 0.000000 0.000000
rubbergloveCHROME.bmp
  25 28.166489 -0.636156 -1.031294 0.463555 0.299511 -0.833912 0.000000 0.000000
  25 28.215223 -0.625831 -1.061598 0.121083 0.626585 -0.769890 0.000000 0.000000
  25 28.080818 -0.760279 -1.092565 0.133557 0.486168 -0.863599 0.000000 0.000000
rubbergloveCHROME.bmp
  25 28.080818 -0.760279 -1.092565 0.133557 0.486168 -0.863599 0.000000 0.000000
  25 28.215223 -0.625831 -1.061598 0.121083 0.626585 -0.769890 0.000000 0.000000
  26 28.141717 -0.818366 -1.084131 0.326027 0.255662 -0.910134 0.000000 0.000000
rubbergloveCHROME.bmp
  25 28.215223 -0.625831 -1.061598 0.121083 0.626585 -0.769890 0.000000 0.000000
  26 28.266118 -0.715881 -1.063607 0.528360 0.001340 -0.849019 0.000000 0.000000
  26 28.141717 -0.818366 -1.084131 0.326027 0.255662 -0.910134 0.000000 0.000000
rubbergloveCHROME.bmp
  26 28.141717 -0.818366 -1.084131 0.326027 0.255662 -0.910134 0.000000 0.000000
  26 28.266118 -0.715881 -1.063607 0.528360 0.001340 -0.849019 0.000000 0.000000
  26 28.198977 -0.831277 -1.054897 0.431708 0.249090 -0.866939 0.000000 0.000000
rubbergloveCHROME.bmp
  26 28.266118 -0.715881 -1.063607 0.528360 0.001340 -0.849019 0.000000 0.000000
  26 28.295538 -0.743789 -1.034356 0.718598 0.095623 -0.688820 0.000000 0.000000
  26 28.198977 -0.831277 -1.054897 0.431708 0.249090 -0.866939 0.000000 0.000000
rubbergloveCHROME.bmp
  26 28.198977 -0.831277 -1.054897 0.431708 0.249090 -0.866939 0.000000 0.000000
  26 28.295538 -0.743789 -1.034356 0.718598 0.095623 -0.688820 0.000000 0.000000
  26 28.336052 -0.919042 -1.057701 0.396258 0.388633 -0.831832 0.000000 0.000000
rubbergloveCHROME.bmp
  11 -26.295645 -0.743903 -1.024346 -0.718588 0.095611 -0.688832 0.000000 0.000000
  11 -26.287116 -0.708112 -1.063668 -0.528346 0.001331 -0.849028 0.000000 0.000000
  11 -26.234110 -0.823076 -1.055088 -0.431709 0.249082 -0.866940 0.000000 0.000000
rubbergloveCHROME.bmp
  11 -26.234110 -0.823076 -1.055088 -0.431709 0.249082 -0.866940 0.000000 0.000000
  11 -26.287116 -0.708112 -1.063668 -0.528346 0.001331 -0.849028 0.000000 0.000000
  11 -26.141728 -0.818312 -1.084119 -0.326032 0.255657 -0.910133 0.000000 0.000000
rubbergloveCHROME.bmp
  11 -26.287116 -0.708112 -1.063668 -0.528346 0.001331 -0.849028 0.000000 0.000000
  10 -26.236804 -0.631655 -1.061894 -0.121075 0.626583 -0.769892 0.000000 0.000000
  11 -26.141728 -0.818312 -1.084119 -0.326032 0.255657 -0.910133 0.000000 0.000000
rubbergloveCHROME.bmp
  11 -26.141728 -0.818312 -1.084119 -0.326032 0.255657 -0.910133 0.000000 0.000000
  10 -26.236804 -0.631655 -1.061894 -0.121075 0.626583 -0.769892 0.000000 0.000000
  10 -26.080826 -0.760228 -1.092554 -0.133555 0.486169 -0.863599 0.000000 0.000000
rubbergloveCHROME.bmp
  10 -26.236804 -0.631655 -1.061894 -0.121075 0.626583 -0.769892 0.000000 0.000000
  10 -26.144924 -0.630230 -1.030975 -0.463553 0.299531 -0.833906 0.000000 0.000000
  10 -26.080826 -0.760228 -1.092554 -0.133555 0.486169 -0.863599 0.000000 0.000000
rubbergloveCHROME.bmp
  10 -26.080826 -0.760228 -1.092554 -0.133555 0.486169 -0.863599 0.000000 0.000000
  10 -26.144924 -0.630230 -1.030975 -0.463553 0.299531 -0.833906 0.000000 0.000000
  10 -26.057874 -0.726453 -1.071759 -0.220786 0.228799 -0.948106 0.000000 0.000000
rubbergloveCHROME.bmp
  10 -26.144924 -0.630230 -1.030975 -0.463553 0.299531 -0.833906 0.000000 0.000000
  10 -26.128747 -0.601941 -1.080352 -0.540833 0.058016 -0.839127 0.000000 0.000000
  10 -26.057874 -0.726453 -1.071759 -0.220786 0.228799 -0.948106 0.000000 0.000000
rubbergloveCHROME.bmp
  10 -26.057874 -0.726453 -1.071759 -0.220786 0.228799 -0.948106 0.000000 0.000000
  10 -26.128747 -0.601941 -1.080352 -0.540833 0.058016 -0.839127 0.000000 0.000000
  10 -25.999919 -0.701541 -1.060777 -0.094259 0.178933 -0.979336 0.000000 0.000000
rubbergloveCHROME.bmp
  10 -26.128747 -0.601941 -1.080352 -0.540833 0.058016 -0.839127 0.000000 0.000000
  10 -26.084814 -0.576072 -1.079491 -0.152429 0.238676 -0.959062 0.000000 0.000000
  10 -25.999919 -0.701541 -1.060777 -0.094259 0.178933 -0.979336 0.000000 0.000000
rubbergloveCHROME.bmp
  10 -25.999919 -0.701541 -1.060777 -0.094259 0.178933 -0.979336 0.000000 0.000000
  10 -26.084814 -0.576072 -1.079491 -0.152429 0.238676 -0.959062 0.000000 0.000000
  10 -25.976579 -0.667093 -1.079975 -0.094259 0.178933 -0.979336 0.000000 0.000000
rubbergloveCHROME.bmp
  10 -26.084814 -0.576072 -1.079491 -0.152429 0.238676 -0.959062 0.000000 0.000000
  10 -26.032739 -0.529588 -1.068203 -0.270997 0.332803 -0.903218 0.000000 0.000000
  10 -25.976579 -0.667093 -1.079975 -0.094259 0.178933 -0.979336 0.000000 0.000000
rubbergloveCHROME.bmp
  10 -25.976579 -0.667093 -1.079975 -0.094259 0.178933 -0.979336 0.000000 0.000000
  10 -26.032739 -0.529588 -1.068203 -0.270997 0.332803 -0.903218 0.000000 0.000000
  10 -25.867928 -0.623597 -1.078191 -0.220786 0.228799 -0.948106 0.000000 0.000000
rubbergloveCHROME.bmp
  10 -26.032739 -0.529588 -1.068203 -0.270997 0.332803 -0.903218 0.000000 0.000000
  10 -25.908864 -0.338415 -1.053784 -0.403654 0.353673 -0.843788 0.000000 0.000000
  10 -25.867928 -0.623597 -1.078191 -0.220786 0.228799 -0.948106 0.000000 0.000000
rubbergloveCHROME.bmp
  10 -25.867928 -0.623597 -1.078191 -0.220786 0.228799 -0.948106 0.000000 0.000000
  10 -25.908864 -0.338415 -1.053784 -0.403654 0.353673 -0.843788 0.000000 0.000000
  10 -25.786908 -0.443670 -1.094382 -0.220786 0.228799 -0.948106 0.000000 0.000000
rubbergloveCHROME.bmp
  10 -25.908864 -0.338415 -1.053784 -0.403654 0.353673 -0.843788 0.000000 0.000000
  10 -25.801566 -0.188976 -1.030226 -0.364239 0.265695 -0.892601 0.000000 0.000000
  10 -25.786908 -0.443670 -1.094382 -0.220786 0.228799 -0.948106 0.000000 0.000000
rubbergloveCHROME.bmp
  10 -25.786908 -0.443670 -1.094382 -0.220786 0.228799 -0.948106 0.000000 0.000000
  10 -25.801566 -0.188976 -1.030226 -0.364239 0.265695 -0.892601 0.000000 0.000000
  10 -25.652255 -0.310095 -1.060824 -0.262533 0.204176 -0.943074 0.000000 0.000000
rubbergloveCHROME.bmp
  10 -25.801566 -0.188976 -1.030226 -0.364239 0.265695 -0.892601 0.000000 0.000000
  10 -25.673191 -0.047274 -1.036600 -0.313151 0.320336 -0.894048 0.000000 0.000000
  10 -25.652255 -0.310095 -1.060824 -0.262533 0.204176 -0.943074 0.000000 0.000000
rubbergloveCHROME.bmp
  10 -25.652255 -0.310095 -1.060824 -0.262533 0.204176 -0.943074 0.000000 0.000000
  10 -25.673191 -0.047274 -1.036600 -0.313151 0.320336 -0.894048 0.000000 0.000000
  10 -25.550642 -0.138748 -1.056956 -0.262533 0.204176 -0.943074 0.000000 0.000000
rubbergloveCHROME.bmp
  10 -25.673191 -0.047274 -1.036600 -0.313151 0.320336 -0.894048 0.000000 0.000000
  10 -25.492741 0.140911 -1.031685 -0.313151 0.320336 -0.894048 0.000000 0.000000
  10 -25.550642 -0.138748 -1.056956 -0.262533 0.204176 -0.943074 0.000000 0.000000
rubbergloveCHROME.bmp
  10 -25.550642 -0.138748 -1.056956 -0.262533 0.204176 -0.943074 0.000000 0.000000
  10 -25.492741 0.140911 -1.031685 -0.313151 0.320336 -0.894048 0.000000 0.000000
  10 -25.348523 0.055481 -1.061732 -0.228430 0.291473 -0.928904 0.000000 0.000000
rubbergloveCHROME.bmp
  10 -25.492741 0.140911 -1.031685 -0.313151 0.320336 -0.894048 0.000000 0.000000
  1 -25.219155 0.329160 -1.035949 -0.491831 -0.077686 -0.867218 0.000000 0.000000
  10 -25.348523 0.055481 -1.061732 -0.228430 0.291473 -0.928904 0.000000 0.000000
rubbergloveCHROME.bmp
  17 -25.244760 -0.745197 -3.186014 -0.006918 0.133833 -0.990980 0.000000 0.000000
  17 -25.364097 -0.662130 -3.094043 -0.570757 0.431234 -0.698766 0.000000 0.000000
  17 -25.151810 -0.533973 -3.162674 -0.223386 0.218622 -0.949896 0.000000 0.000000
rubbergloveCHROME.bmp
  17 -25.151810 -0.533973 -3.162674 -0.223386 0.218622 -0.949896 0.000000 0.000000
  17 -25.364097 -0.662130 -3.094043 -0.570757 0.431234 -0.698766 0.000000 0.000000
  17 -25.252794 -0.433106 -3.052093 -0.564573 0.568228 -0.598643 0.000000 0.000000
rubbergloveCHROME.bmp
  17 -25.364097 -0.662130 -3.094043 -0.570757 0.431234 -0.698766 0.000000 0.000000
  17 -25.338579 -0.397829 -2.866900 -0.678836 0.620860 -0.392063 0.000000 0.000000
  17 -25.252794 -0.433106 -3.052093 -0.564573 0.568228 -0.598643 0.000000 0.000000
rubbergloveCHROME.bmp
  17 -25.252794 -0.433106 -3.052093 -0.564573 0.568228 -0.598643 0.000000 0.000000
  17 -25.338579 -0.397829 -2.866900 -0.678836 0.620860 -0.392063 0.000000 0.000000
  17 -25.214094 -0.280441 -2.844017 -0.636073 0.657623 -0.403663 0.000000 0.000000
rubbergloveCHROME.bmp
  17 -25.338579 -0.397829 -2.866900 -0.678836 0.620860 -0.392063 0.000000 0.000000
  17 -25.300019 -0.272892 -2.664406 -0.727310 0.671948 -0.139664 0.000000 0.000000
  17 -25.214094 -0.280441 -2.844017 -0.636073 0.657623 -0.403663 0.000000 0.000000
rubbergloveCHROME.bmp
  17 -25.214094 -0.280441 -2.844017 -0.636073 0.657623 -0.403663 0.000000 0.000000
  17 -25.300019 -0.272892 -2.664406 -0.727310 0.671948 -0.139664 0.000000 0.000000
  17 -25.137808 -0.181307 -2.836743 -0.874422 0.203763 -0.440303 0.000000 0.000000
rubbergloveCHROME.bmp
  17 -25.300019 -0.272892 -2.664406 -0.727310 0.671948 -0.139664 0.000000 0.000000
  17 -25.228460 -0.177571 -2.638077 -0.981391 0.055003 -0.183975 0.000000 0.000000
  17 -25.137808 -0.181307 -2.836743 -0.874422 0.203763 -0.440303 0.000000 0.000000
rubbergloveCHROME.bmp
  17 -25.137808 -0.181307 -2.836743 -0.874422 0.203763 -0.440303 0.000000 0.000000
  17 -25.228460 -0.177571 -2.638077 -0.981391 0.055003 -0.183975 0.000000 0.000000
  16 -25.159572 -0.095611 -2.824996 -0.884534 0.102917 -0.454981 0.000000 0.000000
rubbergloveCHROME.bmp
  17 -25.228460 -0.177571 -2.638077 -0.981391 0.055003 -0.183975 0.000000 0.000000
  16 -25.235429 -0.091968 -2.622678 -0.958508 0.228723 -0.170143 0.000000 0.000000
  16 -25.159572 -0.095611 -2.824996 -0.884534 0.102917 -0.454981 0.000000 0.000000
rubbergloveCHROME.bmp
  16 -25.159572 -0.095611 -2.824996 -0.884534 0.102917 -0.454981 0.000000 0.000000
  16 -25.235429 -0.091968 -2.622678 -0.958508 0.228723 -0.170143 0.000000 0.000000
  16 -25.137787 0.018516 -2.786261 -0.555080 0.796139 -0.240933 0.000000 0.000000
rubbergloveCHROME.bmp
  16 -25.235429 -0.091968 -2.622678 -0.958508 0.228723 -0.170143 0.000000 0.000000
  16 -25.193667 -0.000217 -2.583464 -0.564284 0.821241 0.084534 0.000000 0.000000
  16 -25.137787 0.018516 -2.786261 -0.555080 0.796139 -0.240933 0.000000 0.000000
rubbergloveCHROME.bmp
  16 -25.137787 0.018516 -2.786261 -0.555080 0.796139 -0.240933 0.000000 0.000000
  16 -25.193667 -0.000217 -2.583464 -0.564284 0.821241 0.084534 0.000000 0.000000
  16 -25.110825 0.006501 -2.593054 -0.726784 0.679447 -0.100677 0.000000 0.000000
rubbergloveCHROME.bmp
  16 -25.193667 -0.000217 -2.583464 -0.564284 0.821241 0.084534 0.000000 0.000000
  16 -25.170305 -0.056325 -2.420964 -0.746697 0.524788 0.408707 0.000000 0.000000
  16 -25.110825 0.006501 -2.593054 -0.726784 0.679447 -0.100677 0.000000 0.000000
rubbergloveCHROME.bmp
  16 -25.110825 0.006501 -2.593054 -0.726784 0.679447 -0.100677 0.000000 0.000000
  16 -25.170305 -0.056325 -2.420964 -0.746697 0.524788 0.408707 0.000000 0.000000
  16 -25.117762 0.081259 -2.569322 -0.870079 0.492430 -0.021782 0.000000 0.000000
rubbergloveCHROME.bmp
  16 -25.170305 -0.056325 -2.420964 -0.746697 0.524788 0.408707 0.000000 0.000000
  16 -25.150606 -0.011402 -2.396593 -0.831610 0.380577 0.404458 0.000000 0.000000
  16 -25.117762 0.081259 -2.569322 -0.870079 0.492430 -0.021782 0.000000 0.000000
rubbergloveCHROME.bmp
  16 -25.117762 0.081259 -2.569322 -0.870079 0.492430 -0.021782 0.000000 0.000000
  16 -25.150606 -0.011402 -2.396593 -0.831610 0.380577 0.404458 0.000000 0.000000
  16 -25.037388 0.090713 -2.348074 -0.469299 0.711258 0.523327 0.000000 0.000000
rubbergloveCHROME.bmp
  16 -25.150606 -0.011402 -2.396593 -0.831610 0.380577 0.404458 0.000000 0.000000
  16 -25.008573 -0.016365 -2.288881 -0.294211 0.496074 0.816915 0.000000 0.000000
  16 -25.037388 0.090713 -2.348074 -0.469299 0.711258 0.523327 0.000000 0.000000
rubbergloveCHROME.bmp
  16 -25.037388 0.090713 -2.348074 -0.469299 0.711258 0.523327 0.000000 0.000000
  16 -25.008573 -0.016365 -2.288881 -0.294211 0.496074 0.816915 0.000000 0.000000
  16 -24.958593 0.040825 -2.328012 -0.017692 0.459756 0.887869 0.000000 0.000000
rubbergloveCHROME.bmp
  16 -25.008573 -0.016365 -2.288881 -0.294211 0.496074 0.816915 0.000000 0.000000
  16 -24.991392 -0.053826 -2.250131 -0.111193 0.265776 0.957601 0.000000 0.000000
  16 -24.958593 0.040825 -2.328012 -0.017692 0.459756 0.887869 0.000000 0.000000
rubbergloveCHROME.bmp
  16 -24.958593 0.040825 -2.328012 -0.017692 0.459756 0.887869 0.000000 0.000000
  16 -24.991392 -0.053826 -2.250131 -0.111193 0.265776 0.957601 0.000000 0.000000
  16 -24.918809 -0.083741 -2.290588 -0.051982 0.498207 0.865498 0.000000 0.000000
rubbergloveCHROME.bmp
  20 25.392362 0.024439 0.860630 0.161323 -0.963965 -0.211534 0.000000 0.000000
  20 25.470389 -0.018943 0.872024 0.546649 -0.120921 -0.828585 0.000000 0.000000
  20 25.362738 -0.159986 0.905460 0.190430 -0.528890 -0.827050 0.000000 0.000000
rubbergloveCHROME.bmp
  20 25.362738 -0.159986 0.905460 0.190430 -0.528890 -0.827050 0.000000 0.000000
  20 25.470389 -0.018943 0.872024 0.546649 -0.120921 -0.828585 0.000000 0.000000
  20 25.458247 -0.280858 1.011138 0.232641 -0.322753 -0.917447 0.000000 0.000000
rubbergloveCHROME.bmp
  20 25.470389 -0.018943 0.872024 0.546649 -0.120921 -0.828585 0.000000 0.000000
  20 25.628803 -0.052446 1.046330 0.732007 0.026398 -0.680786 0.000000 0.000000
  20 25.458247 -0.280858 1.011138 0.232641 -0.322753 -0.917447 0.000000 0.000000
rubbergloveCHROME.bmp
  20 25.458247 -0.280858 1.011138 0.232641 -0.322753 -0.917447 0.000000 0.000000
  20 25.628803 -0.052446 1.046330 0.732007 0.026398 -0.680786 0.000000 0.000000
  20 25.693960 -0.235687 1.087286 0.601111 -0.028714 -0.798649 0.000000 0.000000
rubbergloveCHROME.bmp
  20 25.628803 -0.052446 1.046330 0.732007 0.026398 -0.680786 0.000000 0.000000
  20 25.796741 -0.067413 1.278650 0.722853 0.236292 -0.649345 0.000000 0.000000
  20 25.693960 -0.235687 1.087286 0.601111 -0.028714 -0.798649 0.000000 0.000000
rubbergloveCHROME.bmp
  20 25.693960 -0.235687 1.087286 0.601111 -0.028714 -0.798649 0.000000 0.000000
  20 25.796741 -0.067413 1.278650 0.722853 0.236292 -0.649345 0.000000 0.000000
  20 25.871052 -0.214941 1.296351 0.617425 0.186937 -0.764095 0.000000 0.000000
rubbergloveCHROME.bmp
  20 25.796741 -0.067413 1.278650 0.722853 0.236292 -0.649345 0.000000 0.000000
  20 25.945631 -0.119453 1.394941 0.642182 0.512267 -0.570249 0.000000 0.000000
  20 25.871052 -0.214941 1.296351 0.617425 0.186937 -0.764095 0.000000 0.000000
rubbergloveCHROME.bmp
  20 25.871052 -0.214941 1.296351 0.617425 0.186937 -0.764095 0.000000 0.000000
  20 25.945631 -0.119453 1.394941 0.642182 0.512267 -0.570249 0.000000 0.000000
  21 26.023518 -0.344650 1.347791 0.498294 0.216872 -0.839446 0.000000 0.000000
rubbergloveCHROME.bmp
  20 25.945631 -0.119453 1.394941 0.642182 0.512267 -0.570249 0.000000 0.000000
  21 26.124542 -0.215663 1.446566 0.681295 0.482003 -0.550918 0.000000 0.000000
  21 26.023518 -0.344650 1.347791 0.498294 0.216872 -0.839446 0.000000 0.000000
rubbergloveCHROME.bmp
  21 26.023518 -0.344650 1.347791 0.498294 0.216872 -0.839446 0.000000 0.000000
  21 26.124542 -0.215663 1.446566 0.681295 0.482003 -0.550918 0.000000 0.000000
  21 26.182496 -0.495530 1.428793 0.640345 0.050709 -0.766411 0.000000 0.000000
rubbergloveCHROME.bmp
  21 26.124542 -0.215663 1.446566 0.681295 0.482003 -0.550918 0.000000 0.000000
  21 26.246278 -0.387496 1.511016 0.836472 0.413969 -0.359089 0.000000 0.000000
  21 26.182496 -0.495530 1.428793 0.640345 0.050709 -0.766411 0.000000 0.000000
rubbergloveCHROME.bmp
  21 26.182496 -0.495530 1.428793 0.640345 0.050709 -0.766411 0.000000 0.000000
  21 26.246278 -0.387496 1.511016 0.836472 0.413969 -0.359089 0.000000 0.000000
  21 26.382220 -0.571666 1.613492 0.874718 0.251225 -0.414434 0.000000 0.000000
rubbergloveCHROME.bmp
  21 26.246278 -0.387496 1.511016 0.836472 0.413969 -0.359089 0.000000 0.000000
  21 26.243381 -0.356231 1.616913 0.850920 0.489049 -0.191743 0.000000 0.000000
  21 26.382220 -0.571666 1.613492 0.874718 0.251225 -0.414434 0.000000 0.000000
rubbergloveCHROME.bmp
  21 26.382220 -0.571666 1.613492 0.874718 0.251225 -0.414434 0.000000 0.000000
  21 26.243381 -0.356231 1.616913 0.850920 0.489049 -0.191743 0.000000 0.000000
  21 26.348247 -0.511646 1.716659 0.847743 0.518525 -0.111637 0.000000 0.000000
rubbergloveCHROME.bmp
  21 26.243381 -0.356231 1.616913 0.850920 0.489049 -0.191743 0.000000 0.000000
  21 26.333493 -0.400648 1.844963 0.829618 0.557861 0.022905 0.000000 0.000000
  21 26.348247 -0.511646 1.716659 0.847743 0.518525 -0.111637 0.000000 0.000000
rubbergloveCHROME.bmp
  21 26.348247 -0.511646 1.716659 0.847743 0.518525 -0.111637 0.000000 0.000000
  21 26.333493 -0.400648 1.844963 0.829618 0.557861 0.022905 0.000000 0.000000
  21 26.494067 -0.730708 1.961911 0.878562 0.474458 0.054940 0.000000 0.000000
rubbergloveCHROME.bmp
  21 26.333493 -0.400648 1.844963 0.829618 0.557861 0.022905 0.000000 0.000000
  21 26.509722 -0.705823 2.082475 0.828949 0.543701 0.131275 0.000000 0.000000
  21 26.494067 -0.730708 1.961911 0.878562 0.474458 0.054940 0.000000 0.000000
rubbergloveCHROME.bmp
  21 26.494067 -0.730708 1.961911 0.878562 0.474458 0.054940 0.000000 0.000000
  21 26.509722 -0.705823 2.082475 0.828949 0.543701 0.131275 0.000000 0.000000
  21 26.567346 -0.897611 2.117067 0.994058 0.088561 0.063292 0.000000 0.000000
rubbergloveCHROME.bmp
  21 26.509722 -0.705823 2.082475 0.828949 0.543701 0.131275 0.000000 0.000000
  21 26.567501 -0.880497 2.185675 0.962227 0.202553 0.181909 0.000000 0.000000
  21 26.567346 -0.897611 2.117067 0.994058 0.088561 0.063292 0.000000 0.000000
rubbergloveCHROME.bmp
  10 -25.695888 -0.437280 -0.123210 -0.078002 0.128944 0.988579 0.000000 0.000000
  10 -25.855703 -0.379130 -0.103775 -0.304868 0.230933 0.923973 0.000000 0.000000
  10 -25.914487 -0.673074 -0.119294 -0.040311 0.110928 0.993011 0.000000 0.000000
rubbergloveCHROME.bmp
  10 -25.914487 -0.673074 -0.119294 -0.040311 0.110928 0.993011 0.000000 0.000000
  10 -25.855703 -0.379130 -0.103775 -0.304868 0.230933 0.923973 0.000000 0.000000
  10 -26.030370 -0.589055 -0.098998 -0.210092 0.316797 0.924933 0.000000 0.000000
rubbergloveCHROME.bmp
  10 -25.855703 -0.379130 -0.103775 -0.304868 0.230933 0.923973 0.000000 0.000000
  10 -26.111856 -0.540452 -0.188986 -0.576974 0.620854 0.530698 0.000000 0.000000
  10 -26.030370 -0.589055 -0.098998 -0.210092 0.316797 0.924933 0.000000 0.000000
rubbergloveCHROME.bmp
  10 -26.030370 -0.589055 -0.098998 -0.210092 0.316797 0.924933 0.000000 0.000000
  10 -26.111856 -0.540452 -0.188986 -0.576974 0.620854 0.530698 0.000000 0.000000
  10 -26.100387 -0.584100 -0.159604 -0.559001 0.460492 0.689540 0.000000 0.000000
rubbergloveCHROME.bmp
  10 -26.111856 -0.540452 -0.188986 -0.576974 0.620854 0.530698 0.000000 0.000000
  10 -26.221109 -0.502201 -0.409441 -0.627215 0.688706 0.363709 0.000000 0.000000
  10 -26.100387 -0.584100 -0.159604 -0.559001 0.460492 0.689540 0.000000 0.000000
rubbergloveCHROME.bmp
  10 -26.100387 -0.584100 -0.159604 -0.559001 0.460492 0.689540 0.000000 0.000000
  10 -26.221109 -0.502201 -0.409441 -0.627215 0.688706 0.363709 0.000000 0.000000
  10 -26.152269 -0.630247 -0.190888 -0.828250 0.035539 0.559231 0.000000 0.000000
rubbergloveCHROME.bmp
  10 -26.221109 -0.502201 -0.409441 -0.627215 0.688706 0.363709 0.000000 0.000000
  10 -26.231019 -0.551388 -0.400363 -0.924804 0.249213 0.287455 0.000000 0.000000
  10 -26.152269 -0.630247 -0.190888 -0.828250 0.035539 0.559231 0.000000 0.000000
rubbergloveCHROME.bmp
  10 -26.152269 -0.630247 -0.190888 -0.828250 0.035539 0.559231 0.000000 0.000000
  10 -26.231019 -0.551388 -0.400363 -0.924804 0.249213 0.287455 0.000000 0.000000
  10 -26.232399 -0.579288 -0.420850 -0.850298 0.376778 0.367466 0.000000 0.000000
rubbergloveCHROME.bmp
  10 -26.231019 -0.551388 -0.400363 -0.924804 0.249213 0.287455 0.000000 0.000000
  10 -26.298301 -0.516178 -0.580456 -0.981057 0.140843 0.133006 0.000000 0.000000
  10 -26.232399 -0.579288 -0.420850 -0.850298 0.376778 0.367466 0.000000 0.000000
rubbergloveCHROME.bmp
  10 -26.232399 -0.579288 -0.420850 -0.850298 0.376778 0.367466 0.000000 0.000000
  10 -26.298301 -0.516178 -0.580456 -0.981057 0.140843 0.133006 0.000000 0.000000
  10 -26.265756 -0.567564 -0.581006 -0.673230 0.718536 0.174549 0.000000 0.000000
rubbergloveCHROME.bmp
  10 -26.298301 -0.516178 -0.580456 -0.981057 0.140843 0.133006 0.000000 0.000000
  10 -26.269493 -0.529518 -0.720428 -0.838475 0.540296 -0.070990 0.000000 0.000000
  10 -26.265756 -0.567564 -0.581006 -0.673230 0.718536 0.174549 0.000000 0.000000
rubbergloveCHROME.bmp
  10 -26.265756 -0.567564 -0.581006 -0.673230 0.718536 0.174549 0.000000 0.000000
  10 -26.269493 -0.529518 -0.720428 -0.838475 0.540296 -0.070990 0.000000 0.000000
  11 -26.329871 -0.573558 -0.581727 -0.538269 0.826350 0.165564 0.000000 0.000000
rubbergloveCHROME.bmp
  10 -26.269493 -0.529518 -0.720428 -0.838475 0.540296 -0.070990 0.000000 0.000000
  11 -26.307001 -0.564615 -0.731384 -0.602774 0.796103 -0.053698 0.000000 0.000000
  11 -26.329871 -0.573558 -0.581727 -0.538269 0.826350 0.165564 0.000000 0.000000
rubbergloveCHROME.bmp
  11 -26.329871 -0.573558 -0.581727 -0.538269 0.826350 0.165564 0.000000 0.000000
  11 -26.307001 -0.564615 -0.731384 -0.602774 0.796103 -0.053698 0.000000 0.000000
  11 -26.382898 -0.692013 -0.594236 -0.984613 0.048568 0.167864 0.000000 0.000000
rubbergloveCHROME.bmp
  11 -26.307001 -0.564615 -0.731384 -0.602774 0.796103 -0.053698 0.000000 0.000000
  11 -26.352650 -0.676051 -0.753705 -0.998964 0.021790 -0.039958 0.000000 0.000000
  11 -26.382898 -0.692013 -0.594236 -0.984613 0.048568 0.167864 0.000000 0.000000
rubbergloveCHROME.bmp
  11 -26.382898 -0.692013 -0.594236 -0.984613 0.048568 0.167864 0.000000 0.000000
  11 -26.352650 -0.676051 -0.753705 -0.998964 0.021790 -0.039958 0.000000 0.000000
  11 -26.320601 -0.743087 -0.614496 -0.976990 0.060040 0.204659 0.000000 0.000000
rubbergloveCHROME.bmp
  11 -26.352650 -0.676051 -0.753705 -0.998964 0.021790 -0.039958 0.000000 0.000000
  11 -26.347849 -0.753833 -0.764969 -0.931694 0.363009 -0.013078 0.000000 0.000000
  11 -26.320601 -0.743087 -0.614496 -0.976990 0.060040 0.204659 0.000000 0.000000
rubbergloveCHROME.bmp
  11 -26.320601 -0.743087 -0.614496 -0.976990 0.060040 0.204659 0.000000 0.000000
  11 -26.347849 -0.753833 -0.764969 -0.931694 0.363009 -0.013078 0.000000 0.000000
  11 -26.451253 -0.852268 -0.617599 -0.598607 0.767981 0.227761 0.000000 0.000000
rubbergloveCHROME.bmp
  11 -26.347849 -0.753833 -0.764969 -0.931694 0.363009 -0.013078 0.000000 0.000000
  11 -26.455891 -0.814363 -0.757032 -0.634910 0.772545 0.007997 0.000000 0.000000
  11 -26.451253 -0.852268 -0.617599 -0.598607 0.767981 0.227761 0.000000 0.000000
rubbergloveCHROME.bmp
  32 27.138061 -0.534744 -3.159421 0.223386 0.218618 -0.949897 0.000000 0.000000
  32 27.252786 -0.433151 -3.052104 0.564579 0.568222 -0.598643 0.000000 0.000000
  32 27.366452 -0.664082 -3.084526 0.570755 0.431233 -0.698768 0.000000 0.000000
rubbergloveCHROME.bmp
  32 27.366452 -0.664082 -3.084526 0.570755 0.431233 -0.698768 0.000000 0.000000
  32 27.252786 -0.433151 -3.052104 0.564579 0.568222 -0.598643 0.000000 0.000000
  32 27.338571 -0.397874 -2.866911 0.678838 0.620858 -0.392064 0.000000 0.000000
rubbergloveCHROME.bmp
  32 27.252786 -0.433151 -3.052104 0.564579 0.568222 -0.598643 0.000000 0.000000
  32 27.241569 -0.279034 -2.850555 0.636077 0.657620 -0.403661 0.000000 0.000000
  32 27.338571 -0.397874 -2.866911 0.678838 0.620858 -0.392064 0.000000 0.000000
rubbergloveCHROME.bmp
  32 27.338571 -0.397874 -2.866911 0.678838 0.620858 -0.392064 0.000000 0.000000
  32 27.241569 -0.279034 -2.850555 0.636077 0.657620 -0.403661 0.000000 0.000000
  32 27.309280 -0.281413 -2.657917 0.727312 0.671947 -0.139661 0.000000 0.000000
rubbergloveCHROME.bmp
  32 27.241569 -0.279034 -2.850555 0.636077 0.657620 -0.403661 0.000000 0.000000
  32 27.149363 -0.177870 -2.817934 0.874424 0.203765 -0.440299 0.000000 0.000000
  32 27.309280 -0.281413 -2.657917 0.727312 0.671947 -0.139661 0.000000 0.000000
rubbergloveCHROME.bmp
  32 27.309280 -0.281413 -2.657917 0.727312 0.671947 -0.139661 0.000000 0.000000
  32 27.149363 -0.177870 -2.817934 0.874424 0.203765 -0.440299 0.000000 0.000000
  32 27.219369 -0.168292 -2.612977 0.981390 0.055005 -0.183976 0.000000 0.000000
rubbergloveCHROME.bmp
  32 27.149363 -0.177870 -2.817934 0.874424 0.203765 -0.440299 0.000000 0.000000
  31 27.182739 -0.102870 -2.821703 0.884537 0.102910 -0.454977 0.000000 0.000000
  32 27.219369 -0.168292 -2.612977 0.981390 0.055005 -0.183976 0.000000 0.000000
rubbergloveCHROME.bmp
  32 27.219369 -0.168292 -2.612977 0.981390 0.055005 -0.183976 0.000000 0.000000
  31 27.182739 -0.102870 -2.821703 0.884537 0.102910 -0.454977 0.000000 0.000000
  31 27.240149 -0.095828 -2.603633 0.958512 0.228699 -0.170154 0.000000 0.000000
rubbergloveCHROME.bmp
  31 27.182739 -0.102870 -2.821703 0.884537 0.102910 -0.454977 0.000000 0.000000
  31 27.130704 0.024852 -2.783239 0.547494 0.802452 -0.237321 0.000000 0.000000
  31 27.240149 -0.095828 -2.603633 0.958512 0.228699 -0.170154 0.000000 0.000000
rubbergloveCHROME.bmp
  31 27.240149 -0.095828 -2.603633 0.958512 0.228699 -0.170154 0.000000 0.000000
  31 27.130704 0.024852 -2.783239 0.547494 0.802452 -0.237321 0.000000 0.000000
  31 27.196024 -0.002171 -2.573947 0.564281 0.821243 0.084533 0.000000 0.000000
rubbergloveCHROME.bmp
  31 27.130704 0.024852 -2.783239 0.547494 0.802452 -0.237321 0.000000 0.000000
  31 27.103741 0.012837 -2.590033 0.726790 0.679442 -0.100670 0.000000 0.000000
  31 27.196024 -0.002171 -2.573947 0.564281 0.821243 0.084533 0.000000 0.000000
rubbergloveCHROME.bmp
  31 27.196024 -0.002171 -2.573947 0.564281 0.821243 0.084533 0.000000 0.000000
  31 27.103741 0.012837 -2.590033 0.726790 0.679442 -0.100670 0.000000 0.000000
  31 27.128675 -0.045760 -2.408526 0.746695 0.524791 0.408706 0.000000 0.000000
rubbergloveCHROME.bmp
  31 27.103741 0.012837 -2.590033 0.726790 0.679442 -0.100670 0.000000 0.000000
  31 27.115406 0.083782 -2.547245 0.870088 0.492415 -0.021775 0.000000 0.000000
  31 27.128675 -0.045760 -2.408526 0.746695 0.524791 0.408706 0.000000 0.000000
rubbergloveCHROME.bmp
  31 27.128675 -0.045760 -2.408526 0.746695 0.524791 0.408706 0.000000 0.000000
  31 27.115406 0.083782 -2.547245 0.870088 0.492415 -0.021775 0.000000 0.000000
  31 27.106613 0.001069 -2.393683 0.831625 0.380560 0.404442 0.000000 0.000000
rubbergloveCHROME.bmp
  31 27.115406 0.083782 -2.547245 0.870088 0.492415 -0.021775 0.000000 0.000000
  31 27.044040 0.098125 -2.348244 0.479049 0.694868 0.536349 0.000000 0.000000
  31 27.106613 0.001069 -2.393683 0.831625 0.380560 0.404442 0.000000 0.000000
rubbergloveCHROME.bmp
  31 27.106613 0.001069 -2.393683 0.831625 0.380560 0.404442 0.000000 0.000000
  31 27.044040 0.098125 -2.348244 0.479049 0.694868 0.536349 0.000000 0.000000
  31 27.014808 0.004888 -2.286178 0.294226 0.496072 0.816911 0.000000 0.000000
rubbergloveCHROME.bmp
  31 27.044040 0.098125 -2.348244 0.479049 0.694868 0.536349 0.000000 0.000000
  31 26.967609 0.046331 -2.318655 0.017691 0.459759 0.887868 0.000000 0.000000
  31 27.014808 0.004888 -2.286178 0.294226 0.496072 0.816911 0.000000 0.000000
rubbergloveCHROME.bmp
  31 27.014808 0.004888 -2.286178 0.294226 0.496072 0.816911 0.000000 0.000000
  31 26.967609 0.046331 -2.318655 0.017691 0.459759 0.887868 0.000000 0.000000
  31 26.973772 -0.078155 -2.240135 0.111193 0.265773 0.957602 0.000000 0.000000
rubbergloveCHROME.bmp
  31 26.967609 0.046331 -2.318655 0.017691 0.459759 0.887868 0.000000 0.000000
  31 26.890914 -0.072099 -2.281341 0.051979 0.498206 0.865499 0.000000 0.000000
  31 26.973772 -0.078155 -2.240135 0.111193 0.265773 0.957602 0.000000 0.000000
rubbergloveCHROME.bmp
  26 28.441746 -0.814850 -0.756914 0.634904 0.772550 0.007995 0.000000 0.000000
  26 28.325895 -0.733167 -0.774422 0.931697 0.363001 -0.013085 0.000000 0.000000
  26 28.415593 -0.846169 -0.627164 0.598600 0.767986 0.227763 0.000000 0.000000
rubbergloveCHROME.bmp
  26 28.415593 -0.846169 -0.627164 0.598600 0.767986 0.227763 0.000000 0.000000
  26 28.325895 -0.733167 -0.774422 0.931697 0.363001 -0.013085 0.000000 0.000000
  26 28.299700 -0.751026 -0.604437 0.976991 0.060013 0.204662 0.000000 0.000000
rubbergloveCHROME.bmp
  26 28.325895 -0.733167 -0.774422 0.931697 0.363001 -0.013085 0.000000 0.000000
  26 28.352640 -0.676106 -0.753716 0.998964 0.021754 -0.039969 0.000000 0.000000
  26 28.299700 -0.751026 -0.604437 0.976991 0.060013 0.204662 0.000000 0.000000
rubbergloveCHROME.bmp
  26 28.299700 -0.751026 -0.604437 0.976991 0.060013 0.204662 0.000000 0.000000
  26 28.352640 -0.676106 -0.753716 0.998964 0.021754 -0.039969 0.000000 0.000000
  26 28.333298 -0.686682 -0.583675 0.984612 0.048560 0.167872 0.000000 0.000000
rubbergloveCHROME.bmp
  26 28.352640 -0.676106 -0.753716 0.998964 0.021754 -0.039969 0.000000 0.000000
  26 28.306992 -0.564670 -0.731395 0.602764 0.796111 -0.053695 0.000000 0.000000
  26 28.333298 -0.686682 -0.583675 0.984612 0.048560 0.167872 0.000000 0.000000
rubbergloveCHROME.bmp
  26 28.333298 -0.686682 -0.583675 0.984612 0.048560 0.167872 0.000000 0.000000
  26 28.306992 -0.564670 -0.731395 0.602764 0.796111 -0.053695 0.000000 0.000000
  26 28.287456 -0.574909 -0.581350 0.538261 0.826356 0.165563 0.000000 0.000000
rubbergloveCHROME.bmp
  26 28.306992 -0.564670 -0.731395 0.602764 0.796111 -0.053695 0.000000 0.000000
  25 28.256153 -0.544477 -0.720561 0.838480 0.540290 -0.070981 0.000000 0.000000
  26 28.287456 -0.574909 -0.581350 0.538261 0.826356 0.165563 0.000000 0.000000
rubbergloveCHROME.bmp
  26 28.287456 -0.574909 -0.581350 0.538261 0.826356 0.165563 0.000000 0.000000
  25 28.256153 -0.544477 -0.720561 0.838480 0.540290 -0.070981 0.000000 0.000000
  25 28.279771 -0.566658 -0.591139 0.673233 0.718534 0.174547 0.000000 0.000000
rubbergloveCHROME.bmp
  25 28.256153 -0.544477 -0.720561 0.838480 0.540290 -0.070981 0.000000 0.000000
  25 28.298390 -0.516398 -0.570469 0.981058 0.140840 0.133002 0.000000 0.000000
  25 28.279771 -0.566658 -0.591139 0.673233 0.718534 0.174547 0.000000 0.000000
rubbergloveCHROME.bmp
  25 28.279771 -0.566658 -0.591139 0.673233 0.718534 0.174547 0.000000 0.000000
  25 28.298390 -0.516398 -0.570469 0.981058 0.140840 0.133002 0.000000 0.000000
  25 28.239941 -0.586172 -0.411047 0.850303 0.376770 0.367464 0.000000 0.000000
rubbergloveCHROME.bmp
  25 28.298390 -0.516398 -0.570469 0.981058 0.140840 0.133002 0.000000 0.000000
  25 28.223461 -0.544607 -0.410188 0.924811 0.249196 0.287447 0.000000 0.000000
  25 28.239941 -0.586172 -0.411047 0.850303 0.376770 0.367464 0.000000 0.000000
rubbergloveCHROME.bmp
  25 28.239941 -0.586172 -0.411047 0.850303 0.376770 0.367464 0.000000 0.000000
  25 28.223461 -0.544607 -0.410188 0.924811 0.249196 0.287447 0.000000 0.000000
  25 28.180693 -0.629057 -0.171150 0.828246 0.035538 0.559236 0.000000 0.000000
rubbergloveCHROME.bmp
  25 28.223461 -0.544607 -0.410188 0.924811 0.249196 0.287447 0.000000 0.000000
  25 28.221198 -0.502421 -0.399454 0.627217 0.688705 0.363709 0.000000 0.000000
  25 28.180693 -0.629057 -0.171150 0.828246 0.035538 0.559236 0.000000 0.000000
rubbergloveCHROME.bmp
  25 28.180693 -0.629057 -0.171150 0.828246 0.035538 0.559236 0.000000 0.000000
  25 28.221198 -0.502421 -0.399454 0.627217 0.688705 0.363709 0.000000 0.000000
  25 28.136168 -0.589406 -0.150048 0.558996 0.460492 0.689544 0.000000 0.000000
rubbergloveCHROME.bmp
  25 28.221198 -0.502421 -0.399454 0.627217 0.688705 0.363709 0.000000 0.000000
  25 28.111848 -0.540503 -0.188997 0.576966 0.620859 0.530702 0.000000 0.000000
  25 28.136168 -0.589406 -0.150048 0.558996 0.460492 0.689544 0.000000 0.000000
rubbergloveCHROME.bmp
  25 28.136168 -0.589406 -0.150048 0.558996 0.460492 0.689544 0.000000 0.000000
  25 28.111848 -0.540503 -0.188997 0.576966 0.620859 0.530702 0.000000 0.000000
  25 28.030362 -0.589106 -0.099009 0.210086 0.316798 0.924934 0.000000 0.000000
rubbergloveCHROME.bmp
  25 28.111848 -0.540503 -0.188997 0.576966 0.620859 0.530702 0.000000 0.000000
  25 27.869815 -0.378391 -0.103910 0.304869 0.230933 0.923972 0.000000 0.000000
  25 28.030362 -0.589106 -0.099009 0.210086 0.316798 0.924934 0.000000 0.000000
rubbergloveCHROME.bmp
  25 28.030362 -0.589106 -0.099009 0.210086 0.316798 0.924934 0.000000 0.000000
  25 27.869815 -0.378391 -0.103910 0.304869 0.230933 0.923972 0.000000 0.000000
  25 27.921242 -0.665840 -0.109246 0.040309 0.110928 0.993011 0.000000 0.000000
rubbergloveCHROME.bmp
  25 27.869815 -0.378391 -0.103910 0.304869 0.230933 0.923972 0.000000 0.000000
  25 27.716666 -0.429088 -0.123284 0.078005 0.128944 0.988579 0.000000 0.000000
  25 27.921242 -0.665840 -0.109246 0.040309 0.110928 0.993011 0.000000 0.000000
rubbergloveCHROME.bmp
  7 -25.806925 -0.217811 0.538331 -0.974614 0.159625 -0.156993 0.000000 0.000000
  7 -25.798843 -0.249571 0.509592 -0.970964 0.083542 -0.224165 0.000000 0.000000
  7 -25.815441 -0.319192 0.588823 -0.997473 -0.070190 0.010979 0.000000 0.000000
rubbergloveCHROME.bmp
  7 -25.815441 -0.319192 0.588823 -0.997473 -0.070190 0.010979 0.000000 0.000000
  7 -25.798843 -0.249571 0.509592 -0.970964 0.083542 -0.224165 0.000000 0.000000
  7 -25.808912 -0.326762 0.588587 -0.961956 -0.257228 -0.092054 0.000000 0.000000
rubbergloveCHROME.bmp
  7 -25.798843 -0.249571 0.509592 -0.970964 0.083542 -0.224165 0.000000 0.000000
  7 -25.778759 -0.245046 0.496320 -0.965354 0.179869 -0.189045 0.000000 0.000000
  7 -25.808912 -0.326762 0.588587 -0.961956 -0.257228 -0.092054 0.000000 0.000000
rubbergloveCHROME.bmp
  7 -25.808912 -0.326762 0.588587 -0.961956 -0.257228 -0.092054 0.000000 0.000000
  7 -25.778759 -0.245046 0.496320 -0.965354 0.179869 -0.189045 0.000000 0.000000
  7 -25.785497 -0.358759 0.567900 -0.943064 0.283968 0.173182 0.000000 0.000000
rubbergloveCHROME.bmp
  7 -25.778759 -0.245046 0.496320 -0.965354 0.179869 -0.189045 0.000000 0.000000
  7 -25.811792 -0.336810 0.407504 -0.761852 0.639512 -0.102986 0.000000 0.000000
  7 -25.785497 -0.358759 0.567900 -0.943064 0.283968 0.173182 0.000000 0.000000
rubbergloveCHROME.bmp
  7 -25.785497 -0.358759 0.567900 -0.943064 0.283968 0.173182 0.000000 0.000000
  7 -25.811792 -0.336810 0.407504 -0.761852 0.639512 -0.102986 0.000000 0.000000
  7 -25.854351 -0.404719 0.561053 -0.590810 0.763810 0.259881 0.000000 0.000000
rubbergloveCHROME.bmp
  7 -25.811792 -0.336810 0.407504 -0.761852 0.639512 -0.102986 0.000000 0.000000
  7 -25.863039 -0.368100 0.417235 -0.690679 0.708490 -0.144928 0.000000 0.000000
  7 -25.854351 -0.404719 0.561053 -0.590810 0.763810 0.259881 0.000000 0.000000
rubbergloveCHROME.bmp
  7 -25.854351 -0.404719 0.561053 -0.590810 0.763810 0.259881 0.000000 0.000000
  7 -25.863039 -0.368100 0.417235 -0.690679 0.708490 -0.144928 0.000000 0.000000
  7 -25.908796 -0.464962 0.563605 -0.844398 0.477151 0.243556 0.000000 0.000000
rubbergloveCHROME.bmp
  7 -25.863039 -0.368100 0.417235 -0.690679 0.708490 -0.144928 0.000000 0.000000
  7 -25.928135 -0.463773 0.414190 -0.911099 0.375177 -0.170705 0.000000 0.000000
  7 -25.908796 -0.464962 0.563605 -0.844398 0.477151 0.243556 0.000000 0.000000
rubbergloveCHROME.bmp
  7 -25.908796 -0.464962 0.563605 -0.844398 0.477151 0.243556 0.000000 0.000000
  7 -25.928135 -0.463773 0.414190 -0.911099 0.375177 -0.170705 0.000000 0.000000
  8 -25.963805 -0.512632 0.413184 -0.704700 0.704563 -0.083599 0.000000 0.000000
rubbergloveCHROME.bmp
  7 -25.928135 -0.463773 0.414190 -0.911099 0.375177 -0.170705 0.000000 0.000000
  8 -25.948359 -0.574870 0.284779 -0.598646 0.329783 -0.729977 0.000000 0.000000
  8 -25.963805 -0.512632 0.413184 -0.704700 0.704563 -0.083599 0.000000 0.000000
rubbergloveCHROME.bmp
  8 -25.963805 -0.512632 0.413184 -0.704700 0.704563 -0.083599 0.000000 0.000000
  8 -25.948359 -0.574870 0.284779 -0.598646 0.329783 -0.729977 0.000000 0.000000
  8 -26.006283 -0.586845 0.283615 -0.404242 0.673393 -0.618975 0.000000 0.000000
rubbergloveCHROME.bmp
  8 -25.948359 -0.574870 0.284779 -0.598646 0.329783 -0.729977 0.000000 0.000000
  8 -25.923816 -0.672462 0.239243 -0.473530 0.442682 -0.761447 0.000000 0.000000
  8 -26.006283 -0.586845 0.283615 -0.404242 0.673393 -0.618975 0.000000 0.000000
rubbergloveCHROME.bmp
  8 -26.006283 -0.586845 0.283615 -0.404242 0.673393 -0.618975 0.000000 0.000000
  8 -25.923816 -0.672462 0.239243 -0.473530 0.442682 -0.761447 0.000000 0.000000
  8 -26.106719 -0.706598 0.328020 -0.861267 0.112879 -0.495457 0.000000 0.000000
rubbergloveCHROME.bmp
  8 -25.923816 -0.672462 0.239243 -0.473530 0.442682 -0.761447 0.000000 0.000000
  8 -26.012171 -0.807882 0.273225 -0.826850 -0.061266 -0.559076 0.000000 0.000000
  8 -26.106719 -0.706598 0.328020 -0.861267 0.112879 -0.495457 0.000000 0.000000
rubbergloveCHROME.bmp
  8 -26.106719 -0.706598 0.328020 -0.861267 0.112879 -0.495457 0.000000 0.000000
  8 -26.012171 -0.807882 0.273225 -0.826850 -0.061266 -0.559076 0.000000 0.000000
  8 -26.101464 -0.771809 0.393747 -0.968670 -0.005311 -0.248293 0.000000 0.000000
rubbergloveCHROME.bmp
  8 -26.012171 -0.807882 0.273225 -0.826850 -0.061266 -0.559076 0.000000 0.000000
  8 -26.024611 -0.833570 0.297419 -0.792645 0.199272 -0.576198 0.000000 0.000000
  8 -26.101464 -0.771809 0.393747 -0.968670 -0.005311 -0.248293 0.000000 0.000000
rubbergloveCHROME.bmp
  8 -26.101464 -0.771809 0.393747 -0.968670 -0.005311 -0.248293 0.000000 0.000000
  8 -26.024611 -0.833570 0.297419 -0.792645 0.199272 -0.576198 0.000000 0.000000
  8 -26.169884 -0.902158 0.414430 -0.776177 0.492560 -0.393617 0.000000 0.000000
rubbergloveCHROME.bmp
  14 -25.889266 -0.661884 -1.304802 -0.487632 -0.056708 0.871206 0.000000 0.000000
  14 -25.834613 -0.580438 -1.270458 -0.182114 -0.006435 0.983256 0.000000 0.000000
  14 -25.968219 -0.585101 -1.285547 -0.480442 -0.281149 0.830741 0.000000 0.000000
rubbergloveCHROME.bmp
  14 -25.968219 -0.585101 -1.285547 -0.480442 -0.281149 0.830741 0.000000 0.000000
  14 -25.834613 -0.580438 -1.270458 -0.182114 -0.006435 0.983256 0.000000 0.000000
  14 -25.906585 -0.510815 -1.251155 -0.269263 0.456035 0.848251 0.000000 0.000000
rubbergloveCHROME.bmp
  14 -25.834613 -0.580438 -1.270458 -0.182114 -0.006435 0.983256 0.000000 0.000000
  14 -25.817708 -0.480216 -1.278805 -0.399901 0.001927 0.916556 0.000000 0.000000
  14 -25.906585 -0.510815 -1.251155 -0.269263 0.456035 0.848251 0.000000 0.000000
rubbergloveCHROME.bmp
  14 -25.906585 -0.510815 -1.251155 -0.269263 0.456035 0.848251 0.000000 0.000000
  14 -25.817708 -0.480216 -1.278805 -0.399901 0.001927 0.916556 0.000000 0.000000
  14 -25.873345 -0.465133 -1.354151 -0.707652 0.497663 0.501558 0.000000 0.000000
rubbergloveCHROME.bmp
  14 -25.817708 -0.480216 -1.278805 -0.399901 0.001927 0.916556 0.000000 0.000000
  13 -25.869362 -0.459668 -1.241967 -0.566898 -0.157422 0.808607 0.000000 0.000000
  14 -25.873345 -0.465133 -1.354151 -0.707652 0.497663 0.501558 0.000000 0.000000
rubbergloveCHROME.bmp
  14 -25.873345 -0.465133 -1.354151 -0.707652 0.497663 0.501558 0.000000 0.000000
  13 -25.869362 -0.459668 -1.241967 -0.566898 -0.157422 0.808607 0.000000 0.000000
  13 -25.927615 -0.377441 -1.331103 -0.880553 0.218179 0.420742 0.000000 0.000000
rubbergloveCHROME.bmp
  13 -25.869362 -0.459668 -1.241967 -0.566898 -0.157422 0.808607 0.000000 0.000000
  13 -25.809357 -0.376741 -1.237217 -0.184515 0.422134 0.887557 0.000000 0.000000
  13 -25.927615 -0.377441 -1.331103 -0.880553 0.218179 0.420742 0.000000 0.000000
rubbergloveCHROME.bmp
  13 -25.927615 -0.377441 -1.331103 -0.880553 0.218179 0.420742 0.000000 0.000000
  13 -25.809357 -0.376741 -1.237217 -0.184515 0.422134 0.887557 0.000000 0.000000
  13 -25.851215 -0.320272 -1.357462 -0.391902 0.806214 0.443207 0.000000 0.000000
rubbergloveCHROME.bmp
  13 -25.809357 -0.376741 -1.237217 -0.184515 0.422134 0.887557 0.000000 0.000000
  13 -25.702689 -0.318805 -1.280405 -0.105359 0.478301 0.871853 0.000000 0.000000
  13 -25.851215 -0.320272 -1.357462 -0.391902 0.806214 0.443207 0.000000 0.000000
rubbergloveCHROME.bmp
  13 -25.851215 -0.320272 -1.357462 -0.391902 0.806214 0.443207 0.000000 0.000000
  13 -25.702689 -0.318805 -1.280405 -0.105359 0.478301 0.871853 0.000000 0.000000
  13 -25.763835 -0.293805 -1.365471 -0.441822 0.811705 0.382005 0.000000 0.000000
rubbergloveCHROME.bmp
  13 -25.702689 -0.318805 -1.280405 -0.105359 0.478301 0.871853 0.000000 0.000000
  13 -25.580307 -0.232561 -1.258388 -0.397929 0.197019 0.896011 0.000000 0.000000
  13 -25.763835 -0.293805 -1.365471 -0.441822 0.811705 0.382005 0.000000 0.000000
rubbergloveCHROME.bmp
  13 -25.763835 -0.293805 -1.365471 -0.441822 0.811705 0.382005 0.000000 0.000000
  13 -25.580307 -0.232561 -1.258388 -0.397929 0.197019 0.896011 0.000000 0.000000
  13 -25.623454 -0.095492 -1.401043 -0.768394 0.338831 0.542921 0.000000 0.000000
rubbergloveCHROME.bmp
  13 -25.580307 -0.232561 -1.258388 -0.397929 0.197019 0.896011 0.000000 0.000000
  13 -25.492101 -0.082524 -1.223622 -0.337948 0.212899 0.916769 0.000000 0.000000
  13 -25.623454 -0.095492 -1.401043 -0.768394 0.338831 0.542921 0.000000 0.000000
rubbergloveCHROME.bmp
  13 -25.623454 -0.095492 -1.401043 -0.768394 0.338831 0.542921 0.000000 0.000000
  13 -25.492101 -0.082524 -1.223622 -0.337948 0.212899 0.916769 0.000000 0.000000
  13 -25.511120 -0.004884 -1.349361 -0.561662 0.422344 0.711450 0.000000 0.000000
rubbergloveCHROME.bmp
  13 -25.492101 -0.082524 -1.223622 -0.337948 0.212899 0.916769 0.000000 0.000000
  13 -25.350432 0.035190 -1.236784 -0.240619 0.222299 0.944820 0.000000 0.000000
  13 -25.511120 -0.004884 -1.349361 -0.561662 0.422344 0.711450 0.000000 0.000000
rubbergloveCHROME.bmp
  13 -25.511120 -0.004884 -1.349361 -0.561662 0.422344 0.711450 0.000000 0.000000
  13 -25.350432 0.035190 -1.236784 -0.240619 0.222299 0.944820 0.000000 0.000000
  13 -25.413949 0.139799 -1.334368 -0.525172 0.417808 0.741371 0.000000 0.000000
rubbergloveCHROME.bmp
  13 -25.350432 0.035190 -1.236784 -0.240619 0.222299 0.944820 0.000000 0.000000
  13 -25.250013 0.182840 -1.251467 -0.551020 0.173198 0.816321 0.000000 0.000000
  13 -25.413949 0.139799 -1.334368 -0.525172 0.417808 0.741371 0.000000 0.000000
rubbergloveCHROME.bmp
  13 -25.413949 0.139799 -1.334368 -0.525172 0.417808 0.741371 0.000000 0.000000
  13 -25.250013 0.182840 -1.251467 -0.551020 0.173198 0.816321 0.000000 0.000000
  13 -25.302125 0.325262 -1.374350 -0.775070 0.427491 0.465315 0.000000 0.000000
rubbergloveCHROME.bmp
  29 27.590877 -0.530252 -2.138499 -0.105960 0.208129 -0.972345 0.000000 0.000000
  28 27.703775 -0.416693 -2.190046 0.165820 -0.002219 -0.986154 0.000000 0.000000
  29 27.636980 -0.547517 -2.175599 0.019619 0.004604 -0.999797 0.000000 0.000000
rubbergloveCHROME.bmp
  29 27.636980 -0.547517 -2.175599 0.019619 0.004604 -0.999797 0.000000 0.000000
  28 27.703775 -0.416693 -2.190046 0.165820 -0.002219 -0.986154 0.000000 0.000000
  29 27.760177 -0.457892 -2.139682 0.313809 0.451154 -0.835454 0.000000 0.000000
rubbergloveCHROME.bmp
  28 27.703775 -0.416693 -2.190046 0.165820 -0.002219 -0.986154 0.000000 0.000000
  28 27.817677 -0.317586 -2.081399 0.728382 0.245159 -0.639810 0.000000 0.000000
  29 27.760177 -0.457892 -2.139682 0.313809 0.451154 -0.835454 0.000000 0.000000
rubbergloveCHROME.bmp
  29 27.760177 -0.457892 -2.139682 0.313809 0.451154 -0.835454 0.000000 0.000000
  28 27.817677 -0.317586 -2.081399 0.728382 0.245159 -0.639810 0.000000 0.000000
  29 27.817605 -0.401614 -2.059465 0.640975 0.612097 -0.463129 0.000000 0.000000
rubbergloveCHROME.bmp
  28 27.817677 -0.317586 -2.081399 0.728382 0.245159 -0.639810 0.000000 0.000000
  28 27.904678 -0.302463 -1.856894 0.901246 0.354912 -0.248581 0.000000 0.000000
  29 27.817605 -0.401614 -2.059465 0.640975 0.612097 -0.463129 0.000000 0.000000
rubbergloveCHROME.bmp
  29 27.817605 -0.401614 -2.059465 0.640975 0.612097 -0.463129 0.000000 0.000000
  28 27.904678 -0.302463 -1.856894 0.901246 0.354912 -0.248581 0.000000 0.000000
  29 27.889302 -0.386335 -1.853489 0.728948 0.666756 -0.155149 0.000000 0.000000
rubbergloveCHROME.bmp
  28 27.904678 -0.302463 -1.856894 0.901246 0.354912 -0.248581 0.000000 0.000000
  28 27.921547 -0.304229 -1.697169 0.929981 0.364306 -0.049150 0.000000 0.000000
  29 27.889302 -0.386335 -1.853489 0.728948 0.666756 -0.155149 0.000000 0.000000
rubbergloveCHROME.bmp
  29 27.889302 -0.386335 -1.853489 0.728948 0.666756 -0.155149 0.000000 0.000000
  28 27.921547 -0.304229 -1.697169 0.929981 0.364306 -0.049150 0.000000 0.000000
  29 27.928550 -0.367600 -1.684053 0.573886 0.818928 0.003369 0.000000 0.000000
rubbergloveCHROME.bmp
  28 27.921547 -0.304229 -1.697169 0.929981 0.364306 -0.049150 0.000000 0.000000
  29 27.920502 -0.386879 -1.563789 0.821678 0.549703 0.150571 0.000000 0.000000
  29 27.928550 -0.367600 -1.684053 0.573886 0.818928 0.003369 0.000000 0.000000
rubbergloveCHROME.bmp
  29 27.928550 -0.367600 -1.684053 0.573886 0.818928 0.003369 0.000000 0.000000
  29 27.920502 -0.386879 -1.563789 0.821678 0.549703 0.150571 0.000000 0.000000
  29 27.997873 -0.392541 -1.572823 0.445172 0.884663 0.138537 0.000000 0.000000
rubbergloveCHROME.bmp
  29 27.920502 -0.386879 -1.563789 0.821678 0.549703 0.150571 0.000000 0.000000
  29 27.964567 -0.442453 -1.361873 0.426092 0.808071 0.406776 0.000000 0.000000
  29 27.997873 -0.392541 -1.572823 0.445172 0.884663 0.138537 0.000000 0.000000
rubbergloveCHROME.bmp
  29 27.997873 -0.392541 -1.572823 0.445172 0.884663 0.138537 0.000000 0.000000
  29 27.964567 -0.442453 -1.361873 0.426092 0.808071 0.406776 0.000000 0.000000
  29 28.071013 -0.491765 -1.570530 0.922458 0.336215 0.189817 0.000000 0.000000
rubbergloveCHROME.bmp
  29 27.964567 -0.442453 -1.361873 0.426092 0.808071 0.406776 0.000000 0.000000
  29 27.975574 -0.550825 -1.343587 0.878645 0.107871 0.465131 0.000000 0.000000
  29 28.071013 -0.491765 -1.570530 0.922458 0.336215 0.189817 0.000000 0.000000
rubbergloveCHROME.bmp
  29 28.071013 -0.491765 -1.570530 0.922458 0.336215 0.189817 0.000000 0.000000
  29 27.975574 -0.550825 -1.343587 0.878645 0.107871 0.465131 0.000000 0.000000
  29 28.071499 -0.562118 -1.577618 0.990356 0.065129 0.122280 0.000000 0.000000
rubbergloveCHROME.bmp
  29 27.975574 -0.550825 -1.343587 0.878645 0.107871 0.465131 0.000000 0.000000
  29 27.961016 -0.634508 -1.360471 0.767892 0.056340 0.638097 0.000000 0.000000
  29 28.071499 -0.562118 -1.577618 0.990356 0.065129 0.122280 0.000000 0.000000
rubbergloveCHROME.bmp
  29 28.071499 -0.562118 -1.577618 0.990356 0.065129 0.122280 0.000000 0.000000
  29 27.961016 -0.634508 -1.360471 0.767892 0.056340 0.638097 0.000000 0.000000
  29 28.142862 -0.715646 -1.600780 0.794642 0.580459 0.177795 0.000000 0.000000
rubbergloveCHROME.bmp
  29 27.961016 -0.634508 -1.360471 0.767892 0.056340 0.638097 0.000000 0.000000
  29 28.102673 -0.786788 -1.391201 0.574270 0.420286 0.702548 0.000000 0.000000
  29 28.142862 -0.715646 -1.600780 0.794642 0.580459 0.177795 0.000000 0.000000
rubbergloveCHROME.bmp
  29 28.142862 -0.715646 -1.600780 0.794642 0.580459 0.177795 0.000000 0.000000
  29 28.102673 -0.786788 -1.391201 0.574270 0.420286 0.702548 0.000000 0.000000
  29 28.286781 -0.883974 -1.613144 0.731620 0.648416 0.210449 0.000000 0.000000
rubbergloveCHROME.bmp
  3 25.791985 -0.128527 0.002874 -0.864273 -0.498806 -0.064998 0.000000 0.000000
  3 25.793182 -0.164273 -0.247167 -0.821680 -0.568627 -0.038804 0.000000 0.000000
  3 25.994537 -0.431948 -0.062761 -0.570619 -0.819542 -0.052390 0.000000 0.000000
rubbergloveCHROME.bmp
  3 25.994537 -0.431948 -0.062761 -0.570619 -0.819542 -0.052390 0.000000 0.000000
  3 25.793182 -0.164273 -0.247167 -0.821680 -0.568627 -0.038804 0.000000 0.000000
  3 26.089893 -0.495773 -0.300739 -0.554403 -0.832245 -0.002431 0.000000 0.000000
rubbergloveCHROME.bmp
  3 25.793182 -0.164273 -0.247167 -0.821680 -0.568627 -0.038804 0.000000 0.000000
  3 25.790843 -0.143615 -0.537284 -0.783613 -0.617809 0.065285 0.000000 0.000000
  3 26.089893 -0.495773 -0.300739 -0.554403 -0.832245 -0.002431 0.000000 0.000000
rubbergloveCHROME.bmp
  3 26.089893 -0.495773 -0.300739 -0.554403 -0.832245 -0.002431 0.000000 0.000000
  3 25.790843 -0.143615 -0.537284 -0.783613 -0.617809 0.065285 0.000000 0.000000
  3 26.080175 -0.468615 -0.601019 -0.554403 -0.832245 -0.002431 0.000000 0.000000
rubbergloveCHROME.bmp
  3 25.790843 -0.143615 -0.537284 -0.783613 -0.617809 0.065285 0.000000 0.000000
  3 25.759216 -0.125174 -0.778032 -0.729801 -0.653440 0.201014 0.000000 0.000000
  3 26.080175 -0.468615 -0.601019 -0.554403 -0.832245 -0.002431 0.000000 0.000000
rubbergloveCHROME.bmp
  3 26.080175 -0.468615 -0.601019 -0.554403 -0.832245 -0.002431 0.000000 0.000000
  3 25.759216 -0.125174 -0.778032 -0.729801 -0.653440 0.201014 0.000000 0.000000
  3 26.059993 -0.406767 -0.871514 -0.507843 -0.861065 -0.025750 0.000000 0.000000
rubbergloveCHROME.bmp
  3 25.759216 -0.125174 -0.778032 -0.729801 -0.653440 0.201014 0.000000 0.000000
  3 25.987407 -0.419842 -1.073158 -0.426847 -0.875060 0.228191 0.000000 0.000000
  3 26.059993 -0.406767 -0.871514 -0.507843 -0.861065 -0.025750 0.000000 0.000000
rubbergloveCHROME.bmp
  3 26.059993 -0.406767 -0.871514 -0.507843 -0.861065 -0.025750 0.000000 0.000000
  3 25.987407 -0.419842 -1.073158 -0.426847 -0.875060 0.228191 0.000000 0.000000
  3 26.301716 -0.480187 -0.956245 -0.195052 -0.968624 -0.154019 0.000000 0.000000
rubbergloveCHROME.bmp
  3 25.987407 -0.419842 -1.073158 -0.426847 -0.875060 0.228191 0.000000 0.000000
  3 26.265140 -0.497551 -1.167102 0.013324 -0.969020 0.246624 0.000000 0.000000
  3 26.301716 -0.480187 -0.956245 -0.195052 -0.968624 -0.154019 0.000000 0.000000
rubbergloveCHROME.bmp
  3 26.301716 -0.480187 -0.956245 -0.195052 -0.968624 -0.154019 0.000000 0.000000
  3 26.265140 -0.497551 -1.167102 0.013324 -0.969020 0.246624 0.000000 0.000000
  3 26.492991 -0.458228 -1.022059 0.195248 -0.931966 -0.305479 0.000000 0.000000
rubbergloveCHROME.bmp
  3 26.265140 -0.497551 -1.167102 0.013324 -0.969020 0.246624 0.000000 0.000000
  3 26.405652 -0.472413 -1.194020 0.281619 -0.890349 0.357728 0.000000 0.000000
  3 26.492991 -0.458228 -1.022059 0.195248 -0.931966 -0.305479 0.000000 0.000000
rubbergloveCHROME.bmp
  3 26.492991 -0.458228 -1.022059 0.195248 -0.931966 -0.305479 0.000000 0.000000
  3 26.405652 -0.472413 -1.194020 0.281619 -0.890349 0.357728 0.000000 0.000000
  3 26.628092 -0.412461 -1.199127 0.207573 -0.806679 0.553337 0.000000 0.000000
rubbergloveCHROME.bmp
  3 26.405652 -0.472413 -1.194020 0.281619 -0.890349 0.357728 0.000000 0.000000
  3 26.490556 -0.529767 -1.302195 -0.238737 -0.767847 0.594487 0.000000 0.000000
  3 26.628092 -0.412461 -1.199127 0.207573 -0.806679 0.553337 0.000000 0.000000
rubbergloveCHROME.bmp
  3 26.628092 -0.412461 -1.199127 0.207573 -0.806679 0.553337 0.000000 0.000000
  3 26.490556 -0.529767 -1.302195 -0.238737 -0.767847 0.594487 0.000000 0.000000
  3 26.677217 -0.493742 -1.208068 -0.154218 -0.249766 0.955947 0.000000 0.000000
rubbergloveCHROME.bmp
  3 26.490556 -0.529767 -1.302195 -0.238737 -0.767847 0.594487 0.000000 0.000000
  28 26.704480 -0.825217 -1.302680 -0.452911 -0.518294 0.725426 0.000000 0.000000
  3 26.677217 -0.493742 -1.208068 -0.154218 -0.249766 0.955947 0.000000 0.000000
rubbergloveCHROME.bmp
  3 26.677217 -0.493742 -1.208068 -0.154218 -0.249766 0.955947 0.000000 0.000000
  28 26.704480 -0.825217 -1.302680 -0.452911 -0.518294 0.725426 0.000000 0.000000
  28 26.829845 -0.655009 -1.258943 -0.158744 -0.138484 0.977559 0.000000 0.000000
rubbergloveCHROME.bmp
  28 26.704480 -0.825217 -1.302680 -0.452911 -0.518294 0.725426 0.000000 0.000000
  28 27.103765 -0.881733 -1.250937 -0.130797 -0.356737 0.925003 0.000000 0.000000
  28 26.829845 -0.655009 -1.258943 -0.158744 -0.138484 0.977559 0.000000 0.000000
rubbergloveCHROME.bmp
  13 -25.110577 -0.874354 -1.250936 0.130794 -0.356738 0.925003 0.000000 0.000000
  13 -24.710386 -0.789719 -1.299769 0.452909 -0.518297 0.725425 0.000000 0.000000
  13 -24.830939 -0.655952 -1.249040 0.158741 -0.138487 0.977560 0.000000 0.000000
rubbergloveCHROME.bmp
  13 -24.830939 -0.655952 -1.249040 0.158741 -0.138487 0.977560 0.000000 0.000000
  13 -24.710386 -0.789719 -1.299769 0.452909 -0.518297 0.725425 0.000000 0.000000
  1 -24.683723 -0.486095 -1.207913 0.154218 -0.249770 0.955945 0.000000 0.000000
rubbergloveCHROME.bmp
  13 -24.710386 -0.789719 -1.299769 0.452909 -0.518297 0.725425 0.000000 0.000000
  1 -24.477354 -0.544926 -1.292474 0.238739 -0.767853 0.594480 0.000000 0.000000
  1 -24.683723 -0.486095 -1.207913 0.154218 -0.249770 0.955945 0.000000 0.000000
rubbergloveCHROME.bmp
  1 -24.683723 -0.486095 -1.207913 0.154218 -0.249770 0.955945 0.000000 0.000000
  1 -24.477354 -0.544926 -1.292474 0.238739 -0.767853 0.594480 0.000000 0.000000
  1 -24.626999 -0.398316 -1.199137 -0.207572 -0.806683 0.553332 0.000000 0.000000
rubbergloveCHROME.bmp
  1 -24.477354 -0.544926 -1.292474 0.238739 -0.767853 0.594480 0.000000 0.000000
  1 -24.420861 -0.485363 -1.193678 -0.281613 -0.890354 0.357720 0.000000 0.000000
  1 -24.626999 -0.398316 -1.199137 -0.207572 -0.806683 0.553332 0.000000 0.000000
rubbergloveCHROME.bmp
  1 -24.626999 -0.398316 -1.199137 -0.207572 -0.806683 0.553332 0.000000 0.000000
  1 -24.420861 -0.485363 -1.193678 -0.281613 -0.890354 0.357720 0.000000 0.000000
  1 -24.472190 -0.466889 -1.012504 -0.195247 -0.931967 -0.305477 0.000000 0.000000
rubbergloveCHROME.bmp
  1 -24.420861 -0.485363 -1.193678 -0.281613 -0.890354 0.357720 0.000000 0.000000
  1 -24.266034 -0.511608 -1.157072 -0.013320 -0.969020 0.246621 0.000000 0.000000
  1 -24.472190 -0.466889 -1.012504 -0.195247 -0.931967 -0.305477 0.000000 0.000000
rubbergloveCHROME.bmp
  1 -24.472190 -0.466889 -1.012504 -0.195247 -0.931967 -0.305477 0.000000 0.000000
  1 -24.266034 -0.511608 -1.157072 -0.013320 -0.969020 0.246621 0.000000 0.000000
  1 -24.317363 -0.493133 -0.975898 0.195052 -0.968625 -0.154014 0.000000 0.000000
rubbergloveCHROME.bmp
  1 -24.266034 -0.511608 -1.157072 -0.013320 -0.969020 0.246621 0.000000 0.000000
  1 -23.971999 -0.406804 -1.063480 0.426848 -0.875060 0.228192 0.000000 0.000000
  1 -24.317363 -0.493133 -0.975898 0.195052 -0.968625 -0.154014 0.000000 0.000000
rubbergloveCHROME.bmp
  1 -24.317363 -0.493133 -0.975898 0.195052 -0.968625 -0.154014 0.000000 0.000000
  1 -23.971999 -0.406804 -1.063480 0.426848 -0.875060 0.228192 0.000000 0.000000
  1 -24.039410 -0.415427 -0.871956 0.502474 -0.864363 -0.019908 0.000000 0.000000
rubbergloveCHROME.bmp
  1 -23.971999 -0.406804 -1.063480 0.426848 -0.875060 0.228192 0.000000 0.000000
  1 -23.758122 -0.111031 -0.778042 0.734419 -0.653441 0.183423 0.000000 0.000000
  1 -24.039410 -0.415427 -0.871956 0.502474 -0.864363 -0.019908 0.000000 0.000000
rubbergloveCHROME.bmp
  1 -24.039410 -0.415427 -0.871956 0.502474 -0.864363 -0.019908 0.000000 0.000000
  1 -23.758122 -0.111031 -0.778042 0.734419 -0.653441 0.183423 0.000000 0.000000
  1 -24.060471 -0.477266 -0.641452 0.601893 -0.798390 -0.017256 0.000000 0.000000
rubbergloveCHROME.bmp
  1 -23.758122 -0.111031 -0.778042 0.734419 -0.653441 0.183423 0.000000 0.000000
  1 -23.803187 -0.128375 -0.506991 0.794822 -0.605803 0.035503 0.000000 0.000000
  1 -24.060471 -0.477266 -0.641452 0.601893 -0.798390 -0.017256 0.000000 0.000000
rubbergloveCHROME.bmp
  1 -24.060471 -0.477266 -0.641452 0.601893 -0.798390 -0.017256 0.000000 0.000000
  1 -23.803187 -0.128375 -0.506991 0.794822 -0.605803 0.035503 0.000000 0.000000
  1 -24.074924 -0.482730 -0.311056 0.554401 -0.832246 -0.002436 0.000000 0.000000
rubbergloveCHROME.bmp
  1 -23.803187 -0.128375 -0.506991 0.794822 -0.605803 0.035503 0.000000 0.000000
  1 -23.798804 -0.142526 -0.257030 0.821680 -0.568626 -0.038808 0.000000 0.000000
  1 -24.074924 -0.482730 -0.311056 0.554401 -0.832246 -0.002436 0.000000 0.000000
rubbergloveCHROME.bmp
  1 -24.074924 -0.482730 -0.311056 0.554401 -0.832246 -0.002436 0.000000 0.000000
  1 -23.798804 -0.142526 -0.257030 0.821680 -0.568626 -0.038808 0.000000 0.000000
  1 -23.994986 -0.431900 -0.082744 0.570618 -0.819543 -0.052390 0.000000 0.000000
rubbergloveCHROME.bmp
  1 -23.798804 -0.142526 -0.257030 0.821680 -0.568626 -0.038808 0.000000 0.000000
  1 -23.785499 -0.136083 0.002742 0.864272 -0.498809 -0.064992 0.000000 0.000000
  1 -23.994986 -0.431900 -0.082744 0.570618 -0.819543 -0.052390 0.000000 0.000000
rubbergloveCHROME.bmp
  10 -26.128747 -0.601941 -1.080352 -0.540833 0.058016 -0.839127 0.000000 0.000000
  10 -26.186855 -0.480574 -0.948847 -0.596907 0.634467 -0.491073 0.000000 0.000000
  10 -26.084814 -0.576072 -1.079491 -0.152429 0.238676 -0.959062 0.000000 0.000000
rubbergloveCHROME.bmp
  10 -26.084814 -0.576072 -1.079491 -0.152429 0.238676 -0.959062 0.000000 0.000000
  10 -26.186855 -0.480574 -0.948847 -0.596907 0.634467 -0.491073 0.000000 0.000000
  10 -26.032739 -0.529588 -1.068203 -0.270997 0.332803 -0.903218 0.000000 0.000000
rubbergloveCHROME.bmp
  10 -26.186855 -0.480574 -0.948847 -0.596907 0.634467 -0.491073 0.000000 0.000000
  10 -26.113594 -0.428888 -0.897258 -0.678692 0.625553 -0.384787 0.000000 0.000000
  10 -26.032739 -0.529588 -1.068203 -0.270997 0.332803 -0.903218 0.000000 0.000000
rubbergloveCHROME.bmp
  10 -26.032739 -0.529588 -1.068203 -0.270997 0.332803 -0.903218 0.000000 0.000000
  10 -26.113594 -0.428888 -0.897258 -0.678692 0.625553 -0.384787 0.000000 0.000000
  10 -25.908864 -0.338415 -1.053784 -0.403654 0.353673 -0.843788 0.000000 0.000000
rubbergloveCHROME.bmp
  10 -26.113594 -0.428888 -0.897258 -0.678692 0.625553 -0.384787 0.000000 0.000000
  10 -25.997560 -0.245053 -0.843031 -0.753745 0.325960 -0.570630 0.000000 0.000000
  10 -25.908864 -0.338415 -1.053784 -0.403654 0.353673 -0.843788 0.000000 0.000000
rubbergloveCHROME.bmp
  10 -25.908864 -0.338415 -1.053784 -0.403654 0.353673 -0.843788 0.000000 0.000000
  10 -25.997560 -0.245053 -0.843031 -0.753745 0.325960 -0.570630 0.000000 0.000000
  10 -25.912731 -0.128547 -0.890259 -0.622717 0.348890 -0.700356 0.000000 0.000000
rubbergloveCHROME.bmp
  10 -25.997560 -0.245053 -0.843031 -0.753745 0.325960 -0.570630 0.000000 0.000000
  10 -26.037945 -0.201005 -0.802674 -0.809088 0.444436 -0.384516 0.000000 0.000000
  10 -25.912731 -0.128547 -0.890259 -0.622717 0.348890 -0.700356 0.000000 0.000000
rubbergloveCHROME.bmp
  10 -25.912731 -0.128547 -0.890259 -0.622717 0.348890 -0.700356 0.000000 0.000000
  10 -26.037945 -0.201005 -0.802674 -0.809088 0.444436 -0.384516 0.000000 0.000000
  10 -25.968022 -0.097828 -0.850269 -0.748559 0.502453 -0.432667 0.000000 0.000000
rubbergloveCHROME.bmp
  10 -26.037945 -0.201005 -0.802674 -0.809088 0.444436 -0.384516 0.000000 0.000000
  10 -26.007636 -0.160733 -0.771697 -0.824460 0.470616 -0.314303 0.000000 0.000000
  10 -25.968022 -0.097828 -0.850269 -0.748559 0.502453 -0.432667 0.000000 0.000000
rubbergloveCHROME.bmp
  10 -25.968022 -0.097828 -0.850269 -0.748559 0.502453 -0.432667 0.000000 0.000000
  10 -26.007636 -0.160733 -0.771697 -0.824460 0.470616 -0.314303 0.000000 0.000000
  10 -25.938887 -0.072348 -0.779545 -0.722361 0.451384 -0.523877 0.000000 0.000000
rubbergloveCHROME.bmp
  10 -26.007636 -0.160733 -0.771697 -0.824460 0.470616 -0.314303 0.000000 0.000000
  10 -26.053115 -0.080995 -0.730787 -0.914555 0.310867 -0.258748 0.000000 0.000000
  10 -25.938887 -0.072348 -0.779545 -0.722361 0.451384 -0.523877 0.000000 0.000000
rubbergloveCHROME.bmp
  10 -25.938887 -0.072348 -0.779545 -0.722361 0.451384 -0.523877 0.000000 0.000000
  10 -26.053115 -0.080995 -0.730787 -0.914555 0.310867 -0.258748 0.000000 0.000000
  10 -25.967486 0.062400 -0.697539 -0.809088 0.444436 -0.384516 0.000000 0.000000
rubbergloveCHROME.bmp
  10 -26.053115 -0.080995 -0.730787 -0.914555 0.310867 -0.258748 0.000000 0.000000
  10 -25.979663 -0.137272 -0.580995 -0.924214 0.365685 0.110012 0.000000 0.000000
  10 -25.967486 0.062400 -0.697539 -0.809088 0.444436 -0.384516 0.000000 0.000000
rubbergloveCHROME.bmp
  10 -25.967486 0.062400 -0.697539 -0.809088 0.444436 -0.384516 0.000000 0.000000
  10 -25.979663 -0.137272 -0.580995 -0.924214 0.365685 0.110012 0.000000 0.000000
  10 -25.984907 0.152996 -0.556157 -0.839477 0.538377 0.073676 0.000000 0.000000
rubbergloveCHROME.bmp
  10 -25.979663 -0.137272 -0.580995 -0.924214 0.365685 0.110012 0.000000 0.000000
  10 -25.956464 0.056226 -0.377476 -0.685968 0.465289 0.559423 0.000000 0.000000
  10 -25.984907 0.152996 -0.556157 -0.839477 0.538377 0.073676 0.000000 0.000000
rubbergloveCHROME.bmp
  10 -25.984907 0.152996 -0.556157 -0.839477 0.538377 0.073676 0.000000 0.000000
  10 -25.956464 0.056226 -0.377476 -0.685968 0.465289 0.559423 0.000000 0.000000
  10 -25.861640 0.209316 -0.524009 -0.533497 0.827139 0.176696 0.000000 0.000000
rubbergloveCHROME.bmp
  10 -25.956464 0.056226 -0.377476 -0.685968 0.465289 0.559423 0.000000 0.000000
  10 -25.829663 0.169692 -0.384340 -0.429545 0.593130 0.680947 0.000000 0.000000
  10 -25.861640 0.209316 -0.524009 -0.533497 0.827139 0.176696 0.000000 0.000000
rubbergloveCHROME.bmp
  14 -25.631096 -0.555618 -2.165648 -0.019615 0.004612 -0.999797 0.000000 0.000000
  14 -25.775234 -0.444513 -2.129876 -0.313805 0.451140 -0.835464 0.000000 0.000000
  13 -25.718920 -0.417029 -2.181620 -0.165812 -0.002223 -0.986155 0.000000 0.000000
rubbergloveCHROME.bmp
  13 -25.718920 -0.417029 -2.181620 -0.165812 -0.002223 -0.986155 0.000000 0.000000
  14 -25.775234 -0.444513 -2.129876 -0.313805 0.451140 -0.835464 0.000000 0.000000
  13 -25.824487 -0.310205 -2.081399 -0.728378 0.245160 -0.639814 0.000000 0.000000
rubbergloveCHROME.bmp
  14 -25.775234 -0.444513 -2.129876 -0.313805 0.451140 -0.835464 0.000000 0.000000
  14 -25.816536 -0.400576 -2.069347 -0.640983 0.612094 -0.463122 0.000000 0.000000
  13 -25.824487 -0.310205 -2.081399 -0.728378 0.245160 -0.639814 0.000000 0.000000
rubbergloveCHROME.bmp
  13 -25.824487 -0.310205 -2.081399 -0.728378 0.245160 -0.639814 0.000000 0.000000
  14 -25.816536 -0.400576 -2.069347 -0.640983 0.612094 -0.463122 0.000000 0.000000
  13 -25.904236 -0.288354 -1.855428 -0.901249 0.354914 -0.248570 0.000000 0.000000
rubbergloveCHROME.bmp
  14 -25.816536 -0.400576 -2.069347 -0.640983 0.612094 -0.463122 0.000000 0.000000
  14 -25.875256 -0.386536 -1.851965 -0.728951 0.666753 -0.155150 0.000000 0.000000
  13 -25.904236 -0.288354 -1.855428 -0.901249 0.354914 -0.248570 0.000000 0.000000
rubbergloveCHROME.bmp
  13 -25.904236 -0.288354 -1.855428 -0.901249 0.354914 -0.248570 0.000000 0.000000
  14 -25.875256 -0.386536 -1.851965 -0.728951 0.666753 -0.155150 0.000000 0.000000
  13 -25.923270 -0.292099 -1.675919 -0.929976 0.364321 -0.049152 0.000000 0.000000
rubbergloveCHROME.bmp
  14 -25.875256 -0.386536 -1.851965 -0.728951 0.666753 -0.155150 0.000000 0.000000
  14 -25.920598 -0.387792 -1.695304 -0.573885 0.818929 0.003364 0.000000 0.000000
  13 -25.923270 -0.292099 -1.675919 -0.929976 0.364321 -0.049152 0.000000 0.000000
rubbergloveCHROME.bmp
  13 -25.923270 -0.292099 -1.675919 -0.929976 0.364321 -0.049152 0.000000 0.000000
  14 -25.920598 -0.387792 -1.695304 -0.573885 0.818929 0.003364 0.000000 0.000000
  14 -25.941555 -0.379420 -1.565340 -0.821676 0.549707 0.150568 0.000000 0.000000
rubbergloveCHROME.bmp
  14 -25.920598 -0.387792 -1.695304 -0.573885 0.818929 0.003364 0.000000 0.000000
  14 -25.962789 -0.400152 -1.569737 -0.445182 0.884658 0.138540 0.000000 0.000000
  14 -25.941555 -0.379420 -1.565340 -0.821676 0.549707 0.150568 0.000000 0.000000
rubbergloveCHROME.bmp
  14 -25.941555 -0.379420 -1.565340 -0.821676 0.549707 0.150568 0.000000 0.000000
  14 -25.962789 -0.400152 -1.569737 -0.445182 0.884658 0.138540 0.000000 0.000000
  14 -25.936463 -0.442903 -1.358836 -0.426092 0.808073 0.406772 0.000000 0.000000
rubbergloveCHROME.bmp
  14 -25.962789 -0.400152 -1.569737 -0.445182 0.884658 0.138540 0.000000 0.000000
  14 -26.056968 -0.491966 -1.569006 -0.922455 0.336221 0.189820 0.000000 0.000000
  14 -25.936463 -0.442903 -1.358836 -0.426092 0.808073 0.406772 0.000000 0.000000
rubbergloveCHROME.bmp
  14 -25.936463 -0.442903 -1.358836 -0.426092 0.808073 0.406772 0.000000 0.000000
  14 -26.056968 -0.491966 -1.569006 -0.922455 0.336221 0.189820 0.000000 0.000000
  14 -25.976670 -0.551765 -1.333684 -0.878645 0.107865 0.465132 0.000000 0.000000
rubbergloveCHROME.bmp
  14 -26.056968 -0.491966 -1.569006 -0.922455 0.336221 0.189820 0.000000 0.000000
  14 -26.057454 -0.562318 -1.576094 -0.990356 0.065131 0.122281 0.000000 0.000000
  14 -25.976670 -0.551765 -1.333684 -0.878645 0.107865 0.465132 0.000000 0.000000
rubbergloveCHROME.bmp
  14 -25.976670 -0.551765 -1.333684 -0.878645 0.107865 0.465132 0.000000 0.000000
  14 -26.057454 -0.562318 -1.576094 -0.990356 0.065131 0.122281 0.000000 0.000000
  14 -25.959947 -0.633470 -1.370352 -0.767888 0.056333 0.638102 0.000000 0.000000
rubbergloveCHROME.bmp
  14 -26.057454 -0.562318 -1.576094 -0.990356 0.065131 0.122281 0.000000 0.000000
  14 -26.128818 -0.715846 -1.599256 -0.794638 0.580465 0.177794 0.000000 0.000000
  14 -25.959947 -0.633470 -1.370352 -0.767888 0.056333 0.638102 0.000000 0.000000
rubbergloveCHROME.bmp
  14 -25.959947 -0.633470 -1.370352 -0.767888 0.056333 0.638102 0.000000 0.000000
  14 -26.128818 -0.715846 -1.599256 -0.794638 0.580465 0.177794 0.000000 0.000000
  14 -26.102687 -0.786739 -1.391190 -0.574269 0.420287 0.702548 0.000000 0.000000
rubbergloveCHROME.bmp
  14 -26.128818 -0.715846 -1.599256 -0.794638 0.580465 0.177794 0.000000 0.000000
  14 -26.286796 -0.883924 -1.613134 -0.731621 0.648415 0.210448 0.000000 0.000000
  14 -26.102687 -0.786739 -1.391190 -0.574269 0.420287 0.702548 0.000000 0.000000
rubbergloveCHROME.bmp
  1 -23.493782 0.194496 -0.813787 0.734419 -0.653441 0.183423 0.000000 0.000000
  1 -23.537724 -0.008219 -1.122940 0.784370 -0.559552 0.267705 0.000000 0.000000
  1 -23.345636 0.260513 -1.087090 0.687199 -0.700804 0.191392 0.000000 0.000000
rubbergloveCHROME.bmp
  1 -23.345636 0.260513 -1.087090 0.687199 -0.700804 0.191392 0.000000 0.000000
  1 -23.537724 -0.008219 -1.122940 0.784370 -0.559552 0.267705 0.000000 0.000000
  1 -23.316870 0.136917 -1.597870 0.792911 -0.568523 0.219258 0.000000 0.000000
rubbergloveCHROME.bmp
  1 -23.537724 -0.008219 -1.122940 0.784370 -0.559552 0.267705 0.000000 0.000000
  1 -23.435493 -0.016944 -1.605301 0.732358 -0.673393 0.100962 0.000000 0.000000
  1 -23.316870 0.136917 -1.597870 0.792911 -0.568523 0.219258 0.000000 0.000000
rubbergloveCHROME.bmp
  1 -23.316870 0.136917 -1.597870 0.792911 -0.568523 0.219258 0.000000 0.000000
  1 -23.435493 -0.016944 -1.605301 0.732358 -0.673393 0.100962 0.000000 0.000000
  1 -23.261124 0.060994 -2.019211 0.660360 -0.740382 0.125538 0.000000 0.000000
rubbergloveCHROME.bmp
  1 -23.435493 -0.016944 -1.605301 0.732358 -0.673393 0.100962 0.000000 0.000000
  1 -23.612127 -0.188025 -1.931540 0.502474 -0.864363 -0.019908 0.000000 0.000000
  1 -23.261124 0.060994 -2.019211 0.660360 -0.740382 0.125538 0.000000 0.000000
rubbergloveCHROME.bmp
  1 -23.261124 0.060994 -2.019211 0.660360 -0.740382 0.125538 0.000000 0.000000
  1 -23.612127 -0.188025 -1.931540 0.502474 -0.864363 -0.019908 0.000000 0.000000
  1 -23.560578 -0.206502 -2.102716 0.397058 -0.913569 0.087958 0.000000 0.000000
rubbergloveCHROME.bmp
  1 -23.612127 -0.188025 -1.931540 0.502474 -0.864363 -0.019908 0.000000 0.000000
  1 -23.928949 -0.284103 -2.124654 0.325485 -0.944880 -0.035528 0.000000 0.000000
  1 -23.560578 -0.206502 -2.102716 0.397058 -0.913569 0.087958 0.000000 0.000000
rubbergloveCHROME.bmp
  1 -23.560578 -0.206502 -2.102716 0.397058 -0.913569 0.087958 0.000000 0.000000
  1 -23.928949 -0.284103 -2.124654 0.325485 -0.944880 -0.035528 0.000000 0.000000
  1 -23.777391 -0.253877 -2.438049 0.487671 -0.869416 -0.079334 0.000000 0.000000
rubbergloveCHROME.bmp
  1 -23.928949 -0.284103 -2.124654 0.325485 -0.944880 -0.035528 0.000000 0.000000
  16 -23.916030 -0.397209 -2.387913 0.573622 -0.804313 0.155043 0.000000 0.000000
  1 -23.777391 -0.253877 -2.438049 0.487671 -0.869416 -0.079334 0.000000 0.000000
rubbergloveCHROME.bmp
  1 -23.777391 -0.253877 -2.438049 0.487671 -0.869416 -0.079334 0.000000 0.000000
  16 -23.916030 -0.397209 -2.387913 0.573622 -0.804313 0.155043 0.000000 0.000000
  16 -23.829700 -0.286394 -2.690678 0.632531 -0.612799 -0.473690 0.000000 0.000000
rubbergloveCHROME.bmp
  16 -23.916030 -0.397209 -2.387913 0.573622 -0.804313 0.155043 0.000000 0.000000
  16 -24.055778 -0.474132 -2.658381 0.428307 -0.760491 -0.488065 0.000000 0.000000
  16 -23.829700 -0.286394 -2.690678 0.632531 -0.612799 -0.473690 0.000000 0.000000
rubbergloveCHROME.bmp
  16 -23.829700 -0.286394 -2.690678 0.632531 -0.612799 -0.473690 0.000000 0.000000
  16 -24.055778 -0.474132 -2.658381 0.428307 -0.760491 -0.488065 0.000000 0.000000
  16 -24.072124 -0.408990 -2.691385 0.316278 -0.620931 -0.717226 0.000000 0.000000
rubbergloveCHROME.bmp
  16 -24.055778 -0.474132 -2.658381 0.428307 -0.760491 -0.488065 0.000000 0.000000
  16 -24.269064 -0.543517 -2.641213 0.249704 -0.751317 -0.610877 0.000000 0.000000
  16 -24.072124 -0.408990 -2.691385 0.316278 -0.620931 -0.717226 0.000000 0.000000
rubbergloveCHROME.bmp
  16 -24.072124 -0.408990 -2.691385 0.316278 -0.620931 -0.717226 0.000000 0.000000
  16 -24.269064 -0.543517 -2.641213 0.249704 -0.751317 -0.610877 0.000000 0.000000
  16 -24.317146 -0.468183 -2.753520 0.416413 -0.679414 -0.604150 0.000000 0.000000
rubbergloveCHROME.bmp
  16 -24.269064 -0.543517 -2.641213 0.249704 -0.751317 -0.610877 0.000000 0.000000
  16 -24.400575 -0.568555 -2.710336 0.554506 -0.692746 -0.461114 0.000000 0.000000
  16 -24.317146 -0.468183 -2.753520 0.416413 -0.679414 -0.604150 0.000000 0.000000
rubbergloveCHROME.bmp
  16 -24.317146 -0.468183 -2.753520 0.416413 -0.679414 -0.604150 0.000000 0.000000
  16 -24.400575 -0.568555 -2.710336 0.554506 -0.692746 -0.461114 0.000000 0.000000
  16 -24.425914 -0.499187 -2.797203 0.528579 -0.592040 -0.608352 0.000000 0.000000
rubbergloveCHROME.bmp
  16 -24.400575 -0.568555 -2.710336 0.554506 -0.692746 -0.461114 0.000000 0.000000
  17 -24.500182 -0.556443 -2.816588 0.673227 -0.450542 -0.586325 0.000000 0.000000
  16 -24.425914 -0.499187 -2.797203 0.528579 -0.592040 -0.608352 0.000000 0.000000
rubbergloveCHROME.bmp
  28 27.257886 0.189136 -1.241597 0.551028 0.173195 0.816316 0.000000 0.000000
  28 27.349792 0.022072 -1.248142 0.240618 0.222305 0.944819 0.000000 0.000000
  28 27.390923 0.133792 -1.352675 0.525167 0.417809 0.741374 0.000000 0.000000
rubbergloveCHROME.bmp
  28 27.390923 0.133792 -1.352675 0.525167 0.417809 0.741374 0.000000 0.000000
  28 27.349792 0.022072 -1.248142 0.240618 0.222305 0.944819 0.000000 0.000000
  28 27.539843 0.009350 -1.340979 0.561662 0.422346 0.711449 0.000000 0.000000
rubbergloveCHROME.bmp
  28 27.349792 0.022072 -1.248142 0.240618 0.222305 0.944819 0.000000 0.000000
  28 27.477409 -0.096248 -1.233503 0.337949 0.212901 0.916768 0.000000 0.000000
  28 27.539843 0.009350 -1.340979 0.561662 0.422346 0.711449 0.000000 0.000000
rubbergloveCHROME.bmp
  28 27.539843 0.009350 -1.340979 0.561662 0.422346 0.711449 0.000000 0.000000
  28 27.477409 -0.096248 -1.233503 0.337949 0.212901 0.916768 0.000000 0.000000
  28 27.623444 -0.095540 -1.401054 0.768395 0.338833 0.542919 0.000000 0.000000
rubbergloveCHROME.bmp
  28 27.477409 -0.096248 -1.233503 0.337949 0.212901 0.916768 0.000000 0.000000
  28 27.601148 -0.224671 -1.259887 0.397930 0.197020 0.896010 0.000000 0.000000
  28 27.623444 -0.095540 -1.401054 0.768395 0.338833 0.542919 0.000000 0.000000
rubbergloveCHROME.bmp
  28 27.623444 -0.095540 -1.401054 0.768395 0.338833 0.542919 0.000000 0.000000
  28 27.601148 -0.224671 -1.259887 0.397930 0.197020 0.896010 0.000000 0.000000
  28 27.778958 -0.294238 -1.357068 0.441823 0.811705 0.382005 0.000000 0.000000
rubbergloveCHROME.bmp
  28 27.601148 -0.224671 -1.259887 0.397930 0.197020 0.896010 0.000000 0.000000
  28 27.746369 -0.332086 -1.276411 0.105354 0.478300 0.871854 0.000000 0.000000
  28 27.778958 -0.294238 -1.357068 0.441823 0.811705 0.382005 0.000000 0.000000
rubbergloveCHROME.bmp
  28 27.778958 -0.294238 -1.357068 0.441823 0.811705 0.382005 0.000000 0.000000
  28 27.746369 -0.332086 -1.276411 0.105354 0.478300 0.871854 0.000000 0.000000
  28 27.839318 -0.322904 -1.336212 0.391912 0.806206 0.443212 0.000000 0.000000
rubbergloveCHROME.bmp
  28 27.746369 -0.332086 -1.276411 0.105354 0.478300 0.871854 0.000000 0.000000
  28 27.795295 -0.377395 -1.235750 0.184510 0.422134 0.887558 0.000000 0.000000
  28 27.839318 -0.322904 -1.336212 0.391912 0.806206 0.443212 0.000000 0.000000
rubbergloveCHROME.bmp
  28 27.839318 -0.322904 -1.336212 0.391912 0.806206 0.443212 0.000000 0.000000
  28 27.795295 -0.377395 -1.235750 0.184510 0.422134 0.887558 0.000000 0.000000
  28 27.891166 -0.370984 -1.336585 0.880552 0.218196 0.420737 0.000000 0.000000
rubbergloveCHROME.bmp
  28 27.795295 -0.377395 -1.235750 0.184510 0.422134 0.887558 0.000000 0.000000
  28 27.862099 -0.452989 -1.240511 0.566906 -0.157433 0.808599 0.000000 0.000000
  28 27.891166 -0.370984 -1.336585 0.880552 0.218196 0.420737 0.000000 0.000000
rubbergloveCHROME.bmp
  28 27.891166 -0.370984 -1.336585 0.880552 0.218196 0.420737 0.000000 0.000000
  28 27.862099 -0.452989 -1.240511 0.566906 -0.157433 0.808599 0.000000 0.000000
  29 27.887293 -0.450861 -1.354257 0.707654 0.497666 0.501552 0.000000 0.000000
rubbergloveCHROME.bmp
  28 27.862099 -0.452989 -1.240511 0.566906 -0.157433 0.808599 0.000000 0.000000
  29 27.868031 -0.487415 -1.274930 0.399909 0.001887 0.916553 0.000000 0.000000
  29 27.887293 -0.450861 -1.354257 0.707654 0.497666 0.501552 0.000000 0.000000
rubbergloveCHROME.bmp
  29 27.887293 -0.450861 -1.354257 0.707654 0.497666 0.501552 0.000000 0.000000
  29 27.868031 -0.487415 -1.274930 0.399909 0.001887 0.916553 0.000000 0.000000
  29 27.920630 -0.510614 -1.252679 0.269268 0.456038 0.848248 0.000000 0.000000
rubbergloveCHROME.bmp
  29 27.868031 -0.487415 -1.274930 0.399909 0.001887 0.916553 0.000000 0.000000
  29 27.834599 -0.580487 -1.270469 0.182112 -0.006426 0.983257 0.000000 0.000000
  29 27.920630 -0.510614 -1.252679 0.269268 0.456038 0.848248 0.000000 0.000000
rubbergloveCHROME.bmp
  29 27.920630 -0.510614 -1.252679 0.269268 0.456038 0.848248 0.000000 0.000000
  29 27.834599 -0.580487 -1.270469 0.182112 -0.006426 0.983257 0.000000 0.000000
  29 27.968205 -0.585150 -1.285557 0.480455 -0.281129 0.830741 0.000000 0.000000
rubbergloveCHROME.bmp
  29 27.834599 -0.580487 -1.270469 0.182112 -0.006426 0.983257 0.000000 0.000000
  29 27.881189 -0.668104 -1.314657 0.487635 -0.056706 0.871204 0.000000 0.000000
  29 27.968205 -0.585150 -1.285557 0.480455 -0.281129 0.830741 0.000000 0.000000
rubbergloveCHROME.bmp
  32 26.497810 -0.554581 -2.826127 -0.673234 -0.450529 -0.586328 0.000000 0.000000
  31 26.410006 -0.576889 -2.703852 -0.554517 -0.692741 -0.461108 0.000000 0.000000
  31 26.421193 -0.494756 -2.784654 -0.528584 -0.592036 -0.608351 0.000000 0.000000
rubbergloveCHROME.bmp
  31 26.421193 -0.494756 -2.784654 -0.528584 -0.592036 -0.608351 0.000000 0.000000
  31 26.410006 -0.576889 -2.703852 -0.554517 -0.692741 -0.461108 0.000000 0.000000
  31 26.330873 -0.467151 -2.756723 -0.416412 -0.679414 -0.604150 0.000000 0.000000
rubbergloveCHROME.bmp
  31 26.410006 -0.576889 -2.703852 -0.554517 -0.692741 -0.461108 0.000000 0.000000
  31 26.282374 -0.528644 -2.641543 -0.249701 -0.751318 -0.610877 0.000000 0.000000
  31 26.330873 -0.467151 -2.756723 -0.416412 -0.679414 -0.604150 0.000000 0.000000
rubbergloveCHROME.bmp
  31 26.330873 -0.467151 -2.756723 -0.416412 -0.679414 -0.604150 0.000000 0.000000
  31 26.282374 -0.528644 -2.641543 -0.249701 -0.751318 -0.610877 0.000000 0.000000
  31 26.067404 -0.404558 -2.678836 -0.316281 -0.620937 -0.717219 0.000000 0.000000
rubbergloveCHROME.bmp
  31 26.282374 -0.528644 -2.641543 -0.249701 -0.751318 -0.610877 0.000000 0.000000
  31 26.056202 -0.487354 -2.629650 -0.428310 -0.760490 -0.488063 0.000000 0.000000
  31 26.067404 -0.404558 -2.678836 -0.316281 -0.620937 -0.717219 0.000000 0.000000
rubbergloveCHROME.bmp
  31 26.067404 -0.404558 -2.678836 -0.316281 -0.620937 -0.717219 0.000000 0.000000
  31 26.056202 -0.487354 -2.629650 -0.428310 -0.760490 -0.488063 0.000000 0.000000
  31 25.848154 -0.289174 -2.674826 -0.632530 -0.612809 -0.473678 0.000000 0.000000
rubbergloveCHROME.bmp
  31 26.056202 -0.487354 -2.629650 -0.428310 -0.760490 -0.488063 0.000000 0.000000
  31 25.911726 -0.406618 -2.378237 -0.573622 -0.804313 0.155044 0.000000 0.000000
  31 25.848154 -0.289174 -2.674826 -0.632530 -0.612809 -0.473678 0.000000 0.000000
rubbergloveCHROME.bmp
  31 25.848154 -0.289174 -2.674826 -0.632530 -0.612809 -0.473678 0.000000 0.000000
  31 25.911726 -0.406618 -2.378237 -0.573622 -0.804313 0.155044 0.000000 0.000000
  3 25.776943 -0.253924 -2.418065 -0.487664 -0.869419 -0.079335 0.000000 0.000000
rubbergloveCHROME.bmp
  31 25.911726 -0.406618 -2.378237 -0.573622 -0.804313 0.155044 0.000000 0.000000
  3 25.935437 -0.276545 -2.124521 -0.325482 -0.944880 -0.035530 0.000000 0.000000
  3 25.776943 -0.253924 -2.418065 -0.487664 -0.869419 -0.079335 0.000000 0.000000
rubbergloveCHROME.bmp
  3 25.776943 -0.253924 -2.418065 -0.487664 -0.869419 -0.079335 0.000000 0.000000
  3 25.935437 -0.276545 -2.124521 -0.325482 -0.944880 -0.035530 0.000000 0.000000
  3 25.553409 -0.200042 -2.122888 -0.397056 -0.913570 0.087957 0.000000 0.000000
rubbergloveCHROME.bmp
  3 25.935437 -0.276545 -2.124521 -0.325482 -0.944880 -0.035530 0.000000 0.000000
  3 25.612338 -0.188066 -1.941549 -0.507843 -0.861065 -0.025750 0.000000 0.000000
  3 25.553409 -0.200042 -2.122888 -0.397056 -0.913570 0.087957 0.000000 0.000000
rubbergloveCHROME.bmp
  3 25.553409 -0.200042 -2.122888 -0.397056 -0.913570 0.087957 0.000000 0.000000
  3 25.612338 -0.188066 -1.941549 -0.507843 -0.861065 -0.025750 0.000000 0.000000
  3 25.282592 0.055555 -2.008750 -0.663207 -0.736220 0.134674 0.000000 0.000000
rubbergloveCHROME.bmp
  3 25.612338 -0.188066 -1.941549 -0.507843 -0.861065 -0.025750 0.000000 0.000000
  3 25.449799 -0.015882 -1.615001 -0.732358 -0.673393 0.100963 0.000000 0.000000
  3 25.282592 0.055555 -2.008750 -0.663207 -0.736220 0.134674 0.000000 0.000000
rubbergloveCHROME.bmp
  3 25.282592 0.055555 -2.008750 -0.663207 -0.736220 0.134674 0.000000 0.000000
  3 25.449799 -0.015882 -1.615001 -0.732358 -0.673393 0.100963 0.000000 0.000000
  3 25.325784 0.116280 -1.607693 -0.792911 -0.568522 0.219258 0.000000 0.000000
rubbergloveCHROME.bmp
  3 25.449799 -0.015882 -1.615001 -0.732358 -0.673393 0.100963 0.000000 0.000000
  3 25.544431 -0.000659 -1.132805 -0.784371 -0.559550 0.267706 0.000000 0.000000
  3 25.325784 0.116280 -1.607693 -0.792911 -0.568522 0.219258 0.000000 0.000000
rubbergloveCHROME.bmp
  3 25.325784 0.116280 -1.607693 -0.792911 -0.568522 0.219258 0.000000 0.000000
  3 25.544431 -0.000659 -1.132805 -0.784371 -0.559550 0.267706 0.000000 0.000000
  3 25.374922 0.248578 -1.086461 -0.687200 -0.700803 0.191393 0.000000 0.000000
rubbergloveCHROME.bmp
  3 25.544431 -0.000659 -1.132805 -0.784371 -0.559550 0.267706 0.000000 0.000000
  3 25.515689 0.189061 -0.823321 -0.729801 -0.653440 0.201014 0.000000 0.000000
  3 25.374922 0.248578 -1.086461 -0.687200 -0.700803 0.191393 0.000000 0.000000
rubbergloveCHROME.bmp
  25 27.829657 0.169641 -0.384352 0.429545 0.593128 0.680948 0.000000 0.000000
  25 27.963221 0.063461 -0.367428 0.685972 0.465286 0.559421 0.000000 0.000000
  25 27.882420 0.217507 -0.524083 0.533498 0.827139 0.176694 0.000000 0.000000
rubbergloveCHROME.bmp
  25 27.882420 0.217507 -0.524083 0.533498 0.827139 0.176694 0.000000 0.000000
  25 27.963221 0.063461 -0.367428 0.685972 0.465286 0.559421 0.000000 0.000000
  25 27.978234 0.145491 -0.556229 0.839481 0.538372 0.073674 0.000000 0.000000
rubbergloveCHROME.bmp
  25 27.963221 0.063461 -0.367428 0.685972 0.465286 0.559421 0.000000 0.000000
  25 27.965536 -0.138112 -0.580883 0.924214 0.365685 0.110012 0.000000 0.000000
  25 27.978234 0.145491 -0.556229 0.839481 0.538372 0.073674 0.000000 0.000000
rubbergloveCHROME.bmp
  25 27.978234 0.145491 -0.556229 0.839481 0.538372 0.073674 0.000000 0.000000
  25 27.965536 -0.138112 -0.580883 0.924214 0.365685 0.110012 0.000000 0.000000
  25 27.981502 0.063307 -0.707672 0.809089 0.444436 -0.384516 0.000000 0.000000
rubbergloveCHROME.bmp
  25 27.965536 -0.138112 -0.580883 0.924214 0.365685 0.110012 0.000000 0.000000
  25 28.053011 -0.080878 -0.740797 0.914555 0.310868 -0.258748 0.000000 0.000000
  25 27.981502 0.063307 -0.707672 0.809089 0.444436 -0.384516 0.000000 0.000000
rubbergloveCHROME.bmp
  25 27.981502 0.063307 -0.707672 0.809089 0.444436 -0.384516 0.000000 0.000000
  25 28.053011 -0.080878 -0.740797 0.914555 0.310868 -0.258748 0.000000 0.000000
  25 27.924761 -0.073188 -0.779433 0.722361 0.451385 -0.523876 0.000000 0.000000
rubbergloveCHROME.bmp
  25 28.053011 -0.080878 -0.740797 0.914555 0.310868 -0.258748 0.000000 0.000000
  25 28.022633 -0.174282 -0.762079 0.824459 0.470617 -0.314303 0.000000 0.000000
  25 27.924761 -0.073188 -0.779433 0.722361 0.451385 -0.523876 0.000000 0.000000
rubbergloveCHROME.bmp
  25 27.924761 -0.073188 -0.779433 0.722361 0.451385 -0.523876 0.000000 0.000000
  25 28.022633 -0.174282 -0.762079 0.824459 0.470617 -0.314303 0.000000 0.000000
  25 27.995964 -0.095796 -0.880522 0.748558 0.502453 -0.432668 0.000000 0.000000
rubbergloveCHROME.bmp
  25 28.022633 -0.174282 -0.762079 0.824459 0.470617 -0.314303 0.000000 0.000000
  25 28.030485 -0.194391 -0.802501 0.809089 0.444436 -0.384516 0.000000 0.000000
  25 27.995964 -0.095796 -0.880522 0.748558 0.502453 -0.432668 0.000000 0.000000
rubbergloveCHROME.bmp
  25 27.995964 -0.095796 -0.880522 0.748558 0.502453 -0.432668 0.000000 0.000000
  25 28.030485 -0.194391 -0.802501 0.809089 0.444436 -0.384516 0.000000 0.000000
  25 27.941156 -0.127356 -0.870521 0.622717 0.348889 -0.700357 0.000000 0.000000
rubbergloveCHROME.bmp
  25 28.030485 -0.194391 -0.802501 0.809089 0.444436 -0.384516 0.000000 0.000000
  25 28.032652 -0.236409 -0.823233 0.753745 0.325955 -0.570632 0.000000 0.000000
  25 27.941156 -0.127356 -0.870521 0.622717 0.348889 -0.700357 0.000000 0.000000
rubbergloveCHROME.bmp
  25 27.941156 -0.127356 -0.870521 0.622717 0.348889 -0.700357 0.000000 0.000000
  25 28.032652 -0.236409 -0.823233 0.753745 0.325955 -0.570632 0.000000 0.000000
  25 27.916310 -0.345130 -1.053979 0.403658 0.353673 -0.843787 0.000000 0.000000
rubbergloveCHROME.bmp
  25 28.032652 -0.236409 -0.823233 0.753745 0.325955 -0.570632 0.000000 0.000000
  25 28.127610 -0.427982 -0.907392 0.678687 0.625553 -0.384795 0.000000 0.000000
  25 27.916310 -0.345130 -1.053979 0.403658 0.353673 -0.843787 0.000000 0.000000
rubbergloveCHROME.bmp
  25 27.916310 -0.345130 -1.053979 0.403658 0.353673 -0.843787 0.000000 0.000000
  25 28.127610 -0.427982 -0.907392 0.678687 0.625553 -0.384795 0.000000 0.000000
  25 28.046948 -0.529018 -1.058339 0.271001 0.332807 -0.903215 0.000000 0.000000
rubbergloveCHROME.bmp
  25 28.127610 -0.427982 -0.907392 0.678687 0.625553 -0.384795 0.000000 0.000000
  25 28.201851 -0.494123 -0.939229 0.603619 0.629333 -0.489473 0.000000 0.000000
  25 28.046948 -0.529018 -1.058339 0.271001 0.332807 -0.903215 0.000000 0.000000
rubbergloveCHROME.bmp
  25 28.046948 -0.529018 -1.058339 0.271001 0.332807 -0.903215 0.000000 0.000000
  25 28.201851 -0.494123 -0.939229 0.603619 0.629333 -0.489473 0.000000 0.000000
  25 28.078140 -0.583576 -1.079564 0.152429 0.238678 -0.959061 0.000000 0.000000
rubbergloveCHROME.bmp
  25 28.201851 -0.494123 -0.939229 0.603619 0.629333 -0.489473 0.000000 0.000000
  25 28.170807 -0.599120 -1.110728 0.540804 0.058042 -0.839144 0.000000 0.000000
  25 28.078140 -0.583576 -1.079564 0.152429 0.238678 -0.959061 0.000000 0.000000
rubbergloveCHROME.bmp
  16 -24.628204 -0.215338 -3.021499 0.371492 -0.126243 -0.919813 0.000000 0.000000
  16 -24.673103 -0.109752 -3.105972 0.178872 -0.198008 -0.963742 0.000000 0.000000
  16 -24.573511 -0.153672 -3.048070 0.508542 -0.158948 -0.846239 0.000000 0.000000
rubbergloveCHROME.bmp
  16 -24.573511 -0.153672 -3.048070 0.508542 -0.158948 -0.846239 0.000000 0.000000
  16 -24.673103 -0.109752 -3.105972 0.178872 -0.198008 -0.963742 0.000000 0.000000
  16 -24.616494 -0.058694 -3.081712 0.295584 0.306590 -0.904783 0.000000 0.000000
rubbergloveCHROME.bmp
  16 -24.673103 -0.109752 -3.105972 0.178872 -0.198008 -0.963742 0.000000 0.000000
  16 -24.802016 0.031384 -3.036246 -0.342794 0.362993 -0.866446 0.000000 0.000000
  16 -24.616494 -0.058694 -3.081712 0.295584 0.306590 -0.904783 0.000000 0.000000
rubbergloveCHROME.bmp
  16 -24.616494 -0.058694 -3.081712 0.295584 0.306590 -0.904783 0.000000 0.000000
  16 -24.802016 0.031384 -3.036246 -0.342794 0.362993 -0.866446 0.000000 0.000000
  16 -24.747771 0.080536 -3.002458 -0.198264 0.561932 -0.803071 0.000000 0.000000
rubbergloveCHROME.bmp
  16 -24.802016 0.031384 -3.036246 -0.342794 0.362993 -0.866446 0.000000 0.000000
  16 -24.936244 0.075053 -2.913870 -0.580692 0.509399 -0.635066 0.000000 0.000000
  16 -24.747771 0.080536 -3.002458 -0.198264 0.561932 -0.803071 0.000000 0.000000
rubbergloveCHROME.bmp
  16 -24.747771 0.080536 -3.002458 -0.198264 0.561932 -0.803071 0.000000 0.000000
  16 -24.936244 0.075053 -2.913870 -0.580692 0.509399 -0.635066 0.000000 0.000000
  16 -24.869794 0.148904 -2.861616 -0.509970 0.655820 -0.556624 0.000000 0.000000
rubbergloveCHROME.bmp
  16 -24.936244 0.075053 -2.913870 -0.580692 0.509399 -0.635066 0.000000 0.000000
  16 -25.028865 0.129997 -2.747429 -0.741394 0.570093 -0.354019 0.000000 0.000000
  16 -24.869794 0.148904 -2.861616 -0.509970 0.655820 -0.556624 0.000000 0.000000
rubbergloveCHROME.bmp
  16 -24.869794 0.148904 -2.861616 -0.509970 0.655820 -0.556624 0.000000 0.000000
  16 -25.028865 0.129997 -2.747429 -0.741394 0.570093 -0.354019 0.000000 0.000000
  16 -24.965180 0.187437 -2.720136 -0.555080 0.796139 -0.240933 0.000000 0.000000
rubbergloveCHROME.bmp
  16 -25.028865 0.129997 -2.747429 -0.741394 0.570093 -0.354019 0.000000 0.000000
  16 -25.012454 0.149310 -2.529581 -0.629903 0.775102 0.049390 0.000000 0.000000
  16 -24.965180 0.187437 -2.720136 -0.555080 0.796139 -0.240933 0.000000 0.000000
rubbergloveCHROME.bmp
  16 -24.965180 0.187437 -2.720136 -0.555080 0.796139 -0.240933 0.000000 0.000000
  16 -25.012454 0.149310 -2.529581 -0.629903 0.775102 0.049390 0.000000 0.000000
  16 -24.974308 0.197632 -2.489457 -0.615477 0.788017 0.014704 0.000000 0.000000
rubbergloveCHROME.bmp
  16 -25.012454 0.149310 -2.529581 -0.629903 0.775102 0.049390 0.000000 0.000000
  16 -24.992538 0.129587 -2.402639 -0.469299 0.711258 0.523327 0.000000 0.000000
  16 -24.974308 0.197632 -2.489457 -0.615477 0.788017 0.014704 0.000000 0.000000
rubbergloveCHROME.bmp
  16 -24.974308 0.197632 -2.489457 -0.615477 0.788017 0.014704 0.000000 0.000000
  16 -24.992538 0.129587 -2.402639 -0.469299 0.711258 0.523327 0.000000 0.000000
  16 -24.863856 0.283337 -2.465899 -0.711119 0.565906 0.417205 0.000000 0.000000
rubbergloveCHROME.bmp
  16 -24.992538 0.129587 -2.402639 -0.469299 0.711258 0.523327 0.000000 0.000000
  16 -24.886566 0.145507 -2.320685 -0.404219 0.376495 0.833582 0.000000 0.000000
  16 -24.863856 0.283337 -2.465899 -0.711119 0.565906 0.417205 0.000000 0.000000
rubbergloveCHROME.bmp
  16 -24.863856 0.283337 -2.465899 -0.711119 0.565906 0.417205 0.000000 0.000000
  16 -24.886566 0.145507 -2.320685 -0.404219 0.376495 0.833582 0.000000 0.000000
  16 -24.766674 0.239501 -2.303621 -0.650250 0.314571 0.691535 0.000000 0.000000
rubbergloveCHROME.bmp
  16 -24.886566 0.145507 -2.320685 -0.404219 0.376495 0.833582 0.000000 0.000000
  16 -24.698322 0.073829 -2.246343 -0.679367 0.196040 0.707127 0.000000 0.000000
  16 -24.766674 0.239501 -2.303621 -0.650250 0.314571 0.691535 0.000000 0.000000
rubbergloveCHROME.bmp
  16 -24.766674 0.239501 -2.303621 -0.650250 0.314571 0.691535 0.000000 0.000000
  16 -24.698322 0.073829 -2.246343 -0.679367 0.196040 0.707127 0.000000 0.000000
  1 -24.584109 0.235238 -2.150173 -0.993929 0.041484 -0.101901 0.000000 0.000000
rubbergloveCHROME.bmp
  21 26.030462 -0.481586 2.097592 0.173152 0.606364 0.776106 0.000000 0.000000
  21 26.185130 -0.399406 1.971797 0.502481 0.675719 0.539367 0.000000 0.000000
  21 25.899646 -0.311597 2.043825 0.311042 0.442761 0.840961 0.000000 0.000000
rubbergloveCHROME.bmp
  21 25.899646 -0.311597 2.043825 0.311042 0.442761 0.840961 0.000000 0.000000
  21 26.185130 -0.399406 1.971797 0.502481 0.675719 0.539367 0.000000 0.000000
  21 26.079891 -0.250523 1.917407 0.567261 0.614352 0.548440 0.000000 0.000000
rubbergloveCHROME.bmp
  21 26.185130 -0.399406 1.971797 0.502481 0.675719 0.539367 0.000000 0.000000
  21 26.246650 -0.275258 1.736632 0.809303 0.585542 0.046577 0.000000 0.000000
  21 26.079891 -0.250523 1.917407 0.567261 0.614352 0.548440 0.000000 0.000000
rubbergloveCHROME.bmp
  21 26.079891 -0.250523 1.917407 0.567261 0.614352 0.548440 0.000000 0.000000
  21 26.246650 -0.275258 1.736632 0.809303 0.585542 0.046577 0.000000 0.000000
  20 26.128228 -0.106387 1.607280 0.761455 0.639528 -0.105789 0.000000 0.000000
rubbergloveCHROME.bmp
  21 26.246650 -0.275258 1.736632 0.809303 0.585542 0.046577 0.000000 0.000000
  21 26.114325 -0.220500 1.511928 0.732929 0.612715 -0.295628 0.000000 0.000000
  20 26.128228 -0.106387 1.607280 0.761455 0.639528 -0.105789 0.000000 0.000000
rubbergloveCHROME.bmp
  20 26.128228 -0.106387 1.607280 0.761455 0.639528 -0.105789 0.000000 0.000000
  21 26.114325 -0.220500 1.511928 0.732929 0.612715 -0.295628 0.000000 0.000000
  20 25.925481 -0.052101 1.464638 0.695965 0.569175 -0.437803 0.000000 0.000000
rubbergloveCHROME.bmp
  21 26.114325 -0.220500 1.511928 0.732929 0.612715 -0.295628 0.000000 0.000000
  20 25.945631 -0.119453 1.394941 0.642182 0.512267 -0.570249 0.000000 0.000000
  20 25.925481 -0.052101 1.464638 0.695965 0.569175 -0.437803 0.000000 0.000000
rubbergloveCHROME.bmp
  20 25.925481 -0.052101 1.464638 0.695965 0.569175 -0.437803 0.000000 0.000000
  20 25.945631 -0.119453 1.394941 0.642182 0.512267 -0.570249 0.000000 0.000000
  20 25.869277 -0.015410 1.339759 0.776167 0.472775 -0.417191 0.000000 0.000000
rubbergloveCHROME.bmp
  20 25.945631 -0.119453 1.394941 0.642182 0.512267 -0.570249 0.000000 0.000000
  20 25.796741 -0.067413 1.278650 0.722853 0.236292 -0.649345 0.000000 0.000000
  20 25.869277 -0.015410 1.339759 0.776167 0.472775 -0.417191 0.000000 0.000000
rubbergloveCHROME.bmp
  20 25.869277 -0.015410 1.339759 0.776167 0.472775 -0.417191 0.000000 0.000000
  20 25.796741 -0.067413 1.278650 0.722853 0.236292 -0.649345 0.000000 0.000000
  20 25.694135 0.148937 1.286697 0.857027 0.299982 -0.418945 0.000000 0.000000
rubbergloveCHROME.bmp
  20 25.796741 -0.067413 1.278650 0.722853 0.236292 -0.649345 0.000000 0.000000
  20 25.628803 -0.052446 1.046330 0.732007 0.026398 -0.680786 0.000000 0.000000
  20 25.694135 0.148937 1.286697 0.857027 0.299982 -0.418945 0.000000 0.000000
rubbergloveCHROME.bmp
  20 25.694135 0.148937 1.286697 0.857027 0.299982 -0.418945 0.000000 0.000000
  20 25.628803 -0.052446 1.046330 0.732007 0.026398 -0.680786 0.000000 0.000000
  20 25.620076 0.074004 1.052176 0.779014 0.221031 -0.586756 0.000000 0.000000
rubbergloveCHROME.bmp
  20 25.628803 -0.052446 1.046330 0.732007 0.026398 -0.680786 0.000000 0.000000
  20 25.470389 -0.018943 0.872024 0.546649 -0.120921 -0.828585 0.000000 0.000000
  20 25.620076 0.074004 1.052176 0.779014 0.221031 -0.586756 0.000000 0.000000
rubbergloveCHROME.bmp
  20 25.620076 0.074004 1.052176 0.779014 0.221031 -0.586756 0.000000 0.000000
  20 25.470389 -0.018943 0.872024 0.546649 -0.120921 -0.828585 0.000000 0.000000
  20 25.598175 0.138525 1.026537 0.813374 -0.536334 0.225320 0.000000 0.000000
rubbergloveCHROME.bmp
  20 25.470389 -0.018943 0.872024 0.546649 -0.120921 -0.828585 0.000000 0.000000
  20 25.392362 0.024439 0.860630 0.161323 -0.963965 -0.211534 0.000000 0.000000
  20 25.598175 0.138525 1.026537 0.813374 -0.536334 0.225320 0.000000 0.000000
rubbergloveCHROME.bmp
  16 -25.041898 -0.207323 -2.303869 -0.340997 0.158148 0.926666 0.000000 0.000000
  16 -25.194931 -0.183547 -2.326581 -0.390527 0.320074 0.863158 0.000000 0.000000
  16 -25.082006 -0.243047 -2.299976 -0.413847 0.147627 0.898297 0.000000 0.000000
rubbergloveCHROME.bmp
  16 -25.082006 -0.243047 -2.299976 -0.413847 0.147627 0.898297 0.000000 0.000000
  16 -25.194931 -0.183547 -2.326581 -0.390527 0.320074 0.863158 0.000000 0.000000
  17 -25.132533 -0.324753 -2.339354 -0.604009 -0.103851 0.790182 0.000000 0.000000
rubbergloveCHROME.bmp
  16 -25.194931 -0.183547 -2.326581 -0.390527 0.320074 0.863158 0.000000 0.000000
  17 -25.260326 -0.239696 -2.364535 -0.824641 -0.234172 0.514908 0.000000 0.000000
  17 -25.132533 -0.324753 -2.339354 -0.604009 -0.103851 0.790182 0.000000 0.000000
rubbergloveCHROME.bmp
  17 -25.132533 -0.324753 -2.339354 -0.604009 -0.103851 0.790182 0.000000 0.000000
  17 -25.260326 -0.239696 -2.364535 -0.824641 -0.234172 0.514908 0.000000 0.000000
  17 -25.150886 -0.342553 -2.357965 -0.813570 -0.069995 0.577239 0.000000 0.000000
rubbergloveCHROME.bmp
  17 -25.260326 -0.239696 -2.364535 -0.824641 -0.234172 0.514908 0.000000 0.000000
  17 -25.237014 -0.247511 -2.433785 -0.955306 -0.112986 0.273176 0.000000 0.000000
  17 -25.150886 -0.342553 -2.357965 -0.813570 -0.069995 0.577239 0.000000 0.000000
rubbergloveCHROME.bmp
  17 -25.150886 -0.342553 -2.357965 -0.813570 -0.069995 0.577239 0.000000 0.000000
  17 -25.237014 -0.247511 -2.433785 -0.955306 -0.112986 0.273176 0.000000 0.000000
  17 -25.210741 -0.413629 -2.397531 -0.630072 0.275160 0.726152 0.000000 0.000000
rubbergloveCHROME.bmp
  17 -25.237014 -0.247511 -2.433785 -0.955306 -0.112986 0.273176 0.000000 0.000000
  17 -25.273930 -0.324702 -2.479379 -0.773131 0.520517 0.362396 0.000000 0.000000
  17 -25.210741 -0.413629 -2.397531 -0.630072 0.275160 0.726152 0.000000 0.000000
rubbergloveCHROME.bmp
  17 -25.210741 -0.413629 -2.397531 -0.630072 0.275160 0.726152 0.000000 0.000000
  17 -25.273930 -0.324702 -2.479379 -0.773131 0.520517 0.362396 0.000000 0.000000
  17 -25.402957 -0.446751 -2.514818 -0.726641 0.471634 0.499554 0.000000 0.000000
rubbergloveCHROME.bmp
  17 -25.273930 -0.324702 -2.479379 -0.773131 0.520517 0.362396 0.000000 0.000000
  17 -25.387822 -0.397120 -2.690054 -0.766801 0.637044 -0.078679 0.000000 0.000000
  17 -25.402957 -0.446751 -2.514818 -0.726641 0.471634 0.499554 0.000000 0.000000
rubbergloveCHROME.bmp
  17 -25.402957 -0.446751 -2.514818 -0.726641 0.471634 0.499554 0.000000 0.000000
  17 -25.387822 -0.397120 -2.690054 -0.766801 0.637044 -0.078679 0.000000 0.000000
  17 -25.554020 -0.609375 -2.742268 -0.840867 0.541214 -0.005502 0.000000 0.000000
rubbergloveCHROME.bmp
  17 -25.387822 -0.397120 -2.690054 -0.766801 0.637044 -0.078679 0.000000 0.000000
  17 -25.486634 -0.633875 -2.908877 -0.758614 0.524505 -0.386522 0.000000 0.000000
  17 -25.554020 -0.609375 -2.742268 -0.840867 0.541214 -0.005502 0.000000 0.000000
rubbergloveCHROME.bmp
  17 -25.554020 -0.609375 -2.742268 -0.840867 0.541214 -0.005502 0.000000 0.000000
  17 -25.486634 -0.633875 -2.908877 -0.758614 0.524505 -0.386522 0.000000 0.000000
  18 -25.638817 -0.769983 -2.763954 -0.443297 0.896015 -0.025374 0.000000 0.000000
rubbergloveCHROME.bmp
  17 -25.486634 -0.633875 -2.908877 -0.758614 0.524505 -0.386522 0.000000 0.000000
  18 -25.588429 -0.784428 -2.943265 -0.379893 0.868536 -0.318318 0.000000 0.000000
  18 -25.638817 -0.769983 -2.763954 -0.443297 0.896015 -0.025374 0.000000 0.000000
rubbergloveCHROME.bmp
  18 -25.638817 -0.769983 -2.763954 -0.443297 0.896015 -0.025374 0.000000 0.000000
  18 -25.588429 -0.784428 -2.943265 -0.379893 0.868536 -0.318318 0.000000 0.000000
  18 -25.700419 -0.762385 -2.809203 -0.535222 0.839877 -0.090247 0.000000 0.000000
rubbergloveCHROME.bmp
  18 -25.588429 -0.784428 -2.943265 -0.379893 0.868536 -0.318318 0.000000 0.000000
  18 -25.631648 -0.786239 -2.975341 -0.340487 0.884865 -0.317934 0.000000 0.000000
  18 -25.700419 -0.762385 -2.809203 -0.535222 0.839877 -0.090247 0.000000 0.000000
rubbergloveCHROME.bmp
  7 -25.836147 -0.139148 0.596281 -0.991200 0.131884 0.011331 0.000000 0.000000
  7 -25.795559 -0.289619 0.613925 -0.955210 0.164053 0.246292 0.000000 0.000000
  7 -25.701195 -0.198800 0.734952 -0.870961 0.269385 0.410925 0.000000 0.000000
rubbergloveCHROME.bmp
  7 -25.701195 -0.198800 0.734952 -0.870961 0.269385 0.410925 0.000000 0.000000
  7 -25.795559 -0.289619 0.613925 -0.955210 0.164053 0.246292 0.000000 0.000000
  7 -25.811009 -0.333334 0.741402 -0.888417 0.327982 0.321158 0.000000 0.000000
rubbergloveCHROME.bmp
  7 -25.795559 -0.289619 0.613925 -0.955210 0.164053 0.246292 0.000000 0.000000
  7 -25.766159 -0.359948 0.717314 -0.947705 -0.258030 0.187820 0.000000 0.000000
  7 -25.811009 -0.333334 0.741402 -0.888417 0.327982 0.321158 0.000000 0.000000
rubbergloveCHROME.bmp
  7 -25.811009 -0.333334 0.741402 -0.888417 0.327982 0.321158 0.000000 0.000000
  7 -25.766159 -0.359948 0.717314 -0.947705 -0.258030 0.187820 0.000000 0.000000
  7 -25.739794 -0.341470 0.853929 -0.844363 -0.077564 0.530128 0.000000 0.000000
rubbergloveCHROME.bmp
  7 -25.766159 -0.359948 0.717314 -0.947705 -0.258030 0.187820 0.000000 0.000000
  7 -25.802072 -0.391476 0.735097 -0.880766 -0.396764 0.258513 0.000000 0.000000
  7 -25.739794 -0.341470 0.853929 -0.844363 -0.077564 0.530128 0.000000 0.000000
rubbergloveCHROME.bmp
  7 -25.739794 -0.341470 0.853929 -0.844363 -0.077564 0.530128 0.000000 0.000000
  7 -25.802072 -0.391476 0.735097 -0.880766 -0.396764 0.258513 0.000000 0.000000
  7 -25.719353 -0.390562 0.875656 -0.747691 -0.301675 0.591565 0.000000 0.000000
rubbergloveCHROME.bmp
  7 -25.802072 -0.391476 0.735097 -0.880766 -0.396764 0.258513 0.000000 0.000000
  7 -25.766453 -0.412233 0.691504 -0.821981 0.416379 0.388556 0.000000 0.000000
  7 -25.719353 -0.390562 0.875656 -0.747691 -0.301675 0.591565 0.000000 0.000000
rubbergloveCHROME.bmp
  7 -25.719353 -0.390562 0.875656 -0.747691 -0.301675 0.591565 0.000000 0.000000
  7 -25.766453 -0.412233 0.691504 -0.821981 0.416379 0.388556 0.000000 0.000000
  7 -25.690333 -0.444178 0.856080 -0.726081 0.470324 0.501598 0.000000 0.000000
rubbergloveCHROME.bmp
  7 -25.766453 -0.412233 0.691504 -0.821981 0.416379 0.388556 0.000000 0.000000
  7 -25.763643 -0.442614 0.896368 -0.550925 0.742820 0.380394 0.000000 0.000000
  7 -25.690333 -0.444178 0.856080 -0.726081 0.470324 0.501598 0.000000 0.000000
rubbergloveCHROME.bmp
  7 -25.690333 -0.444178 0.856080 -0.726081 0.470324 0.501598 0.000000 0.000000
  7 -25.763643 -0.442614 0.896368 -0.550925 0.742820 0.380394 0.000000 0.000000
  7 -25.656228 -0.513269 1.049892 -0.505253 0.548134 0.666534 0.000000 0.000000
rubbergloveCHROME.bmp
  7 -25.763643 -0.442614 0.896368 -0.550925 0.742820 0.380394 0.000000 0.000000
  7 -25.712450 -0.561179 1.031355 -0.681057 0.280257 0.676474 0.000000 0.000000
  7 -25.656228 -0.513269 1.049892 -0.505253 0.548134 0.666534 0.000000 0.000000
rubbergloveCHROME.bmp
  7 -25.656228 -0.513269 1.049892 -0.505253 0.548134 0.666534 0.000000 0.000000
  7 -25.712450 -0.561179 1.031355 -0.681057 0.280257 0.676474 0.000000 0.000000
  7 -25.555434 -0.653686 1.139468 -0.107001 -0.057765 0.992579 0.000000 0.000000
rubbergloveCHROME.bmp
  7 -25.712450 -0.561179 1.031355 -0.681057 0.280257 0.676474 0.000000 0.000000
  7 -25.595400 -0.687785 1.127637 -0.173441 -0.331723 0.927296 0.000000 0.000000
  7 -25.555434 -0.653686 1.139468 -0.107001 -0.057765 0.992579 0.000000 0.000000
rubbergloveCHROME.bmp
  7 -25.555434 -0.653686 1.139468 -0.107001 -0.057765 0.992579 0.000000 0.000000
  7 -25.595400 -0.687785 1.127637 -0.173441 -0.331723 0.927296 0.000000 0.000000
  7 -25.458212 -0.660008 1.065929 0.048036 -0.491994 0.869272 0.000000 0.000000
rubbergloveCHROME.bmp
  7 -25.595400 -0.687785 1.127637 -0.173441 -0.331723 0.927296 0.000000 0.000000
  7 -25.518130 -0.764109 1.052778 0.092083 -0.285247 0.954020 0.000000 0.000000
  7 -25.458212 -0.660008 1.065929 0.048036 -0.491994 0.869272 0.000000 0.000000
rubbergloveCHROME.bmp
  1 -24.287634 -0.291249 -1.956744 -0.036592 -0.652813 -0.756635 0.000000 0.000000
  16 -24.363364 -0.226588 -2.065918 -0.207727 -0.975296 -0.075153 0.000000 0.000000
  16 -24.248741 -0.232050 -2.091053 -0.270803 -0.940048 0.207304 0.000000 0.000000
rubbergloveCHROME.bmp
  16 -24.248741 -0.232050 -2.091053 -0.270803 -0.940048 0.207304 0.000000 0.000000
  16 -24.363364 -0.226588 -2.065918 -0.207727 -0.975296 -0.075153 0.000000 0.000000
  16 -24.384563 -0.247061 -2.138247 -0.131190 -0.564931 0.814642 0.000000 0.000000
rubbergloveCHROME.bmp
  16 -24.363364 -0.226588 -2.065918 -0.207727 -0.975296 -0.075153 0.000000 0.000000
  16 -24.490024 -0.166011 -2.095716 -0.195093 -0.160920 0.967493 0.000000 0.000000
  16 -24.384563 -0.247061 -2.138247 -0.131190 -0.564931 0.814642 0.000000 0.000000
rubbergloveCHROME.bmp
  16 -24.384563 -0.247061 -2.138247 -0.131190 -0.564931 0.814642 0.000000 0.000000
  16 -24.490024 -0.166011 -2.095716 -0.195093 -0.160920 0.967493 0.000000 0.000000
  16 -24.556783 -0.400815 -2.138267 -0.099253 -0.289734 0.951947 0.000000 0.000000
rubbergloveCHROME.bmp
  16 -24.490024 -0.166011 -2.095716 -0.195093 -0.160920 0.967493 0.000000 0.000000
  16 -24.662492 -0.253793 -2.135076 -0.266921 -0.102504 0.958252 0.000000 0.000000
  16 -24.556783 -0.400815 -2.138267 -0.099253 -0.289734 0.951947 0.000000 0.000000
rubbergloveCHROME.bmp
  16 -24.556783 -0.400815 -2.138267 -0.099253 -0.289734 0.951947 0.000000 0.000000
  16 -24.662492 -0.253793 -2.135076 -0.266921 -0.102504 0.958252 0.000000 0.000000
  16 -24.712983 -0.407953 -2.220429 -0.210033 -0.336603 0.917924 0.000000 0.000000
rubbergloveCHROME.bmp
  16 -24.662492 -0.253793 -2.135076 -0.266921 -0.102504 0.958252 0.000000 0.000000
  16 -24.775709 -0.355908 -2.183595 -0.146827 -0.290775 0.945459 0.000000 0.000000
  16 -24.712983 -0.407953 -2.220429 -0.210033 -0.336603 0.917924 0.000000 0.000000
rubbergloveCHROME.bmp
  16 -24.712983 -0.407953 -2.220429 -0.210033 -0.336603 0.917924 0.000000 0.000000
  16 -24.775709 -0.355908 -2.183595 -0.146827 -0.290775 0.945459 0.000000 0.000000
  17 -24.840449 -0.500859 -2.260146 -0.130123 -0.299966 0.945034 0.000000 0.000000
rubbergloveCHROME.bmp
  16 -24.775709 -0.355908 -2.183595 -0.146827 -0.290775 0.945459 0.000000 0.000000
  17 -24.904520 -0.436261 -2.221133 -0.178508 -0.247076 0.952412 0.000000 0.000000
  17 -24.840449 -0.500859 -2.260146 -0.130123 -0.299966 0.945034 0.000000 0.000000
rubbergloveCHROME.bmp
  17 -24.840449 -0.500859 -2.260146 -0.130123 -0.299966 0.945034 0.000000 0.000000
  17 -24.904520 -0.436261 -2.221133 -0.178508 -0.247076 0.952412 0.000000 0.000000
  17 -24.923176 -0.551956 -2.290893 -0.126829 -0.261826 0.956745 0.000000 0.000000
rubbergloveCHROME.bmp
  17 -24.904520 -0.436261 -2.221133 -0.178508 -0.247076 0.952412 0.000000 0.000000
  17 -25.012505 -0.511726 -2.273518 -0.178508 -0.247076 0.952412 0.000000 0.000000
  17 -24.923176 -0.551956 -2.290893 -0.126829 -0.261826 0.956745 0.000000 0.000000
rubbergloveCHROME.bmp
  17 -24.923176 -0.551956 -2.290893 -0.126829 -0.261826 0.956745 0.000000 0.000000
  17 -25.012505 -0.511726 -2.273518 -0.178508 -0.247076 0.952412 0.000000 0.000000
  17 -25.084297 -0.691080 -2.348206 -0.065144 -0.210703 0.975377 0.000000 0.000000
rubbergloveCHROME.bmp
  17 -25.012505 -0.511726 -2.273518 -0.178508 -0.247076 0.952412 0.000000 0.000000
  17 -25.198930 -0.646641 -2.315275 -0.138185 -0.123046 0.982733 0.000000 0.000000
  17 -25.084297 -0.691080 -2.348206 -0.065144 -0.210703 0.975377 0.000000 0.000000
rubbergloveCHROME.bmp
  17 -25.084297 -0.691080 -2.348206 -0.065144 -0.210703 0.975377 0.000000 0.000000
  17 -25.198930 -0.646641 -2.315275 -0.138185 -0.123046 0.982733 0.000000 0.000000
  17 -25.213324 -0.813129 -2.383644 -0.074940 -0.168102 0.982917 0.000000 0.000000
rubbergloveCHROME.bmp
  17 -25.198930 -0.646641 -2.315275 -0.138185 -0.123046 0.982733 0.000000 0.000000
  17 -25.293849 -0.819030 -2.352324 -0.074940 -0.168102 0.982917 0.000000 0.000000
  17 -25.213324 -0.813129 -2.383644 -0.074940 -0.168102 0.982917 0.000000 0.000000
rubbergloveCHROME.bmp
  6 -23.684057 -0.602434 1.119299 -0.371880 -0.322154 -0.870587 0.000000 0.000000
  5 -23.775348 -0.365982 1.142648 -0.569283 -0.080616 -0.818179 0.000000 0.000000
  5 -23.532093 -0.410821 1.021748 -0.231499 -0.256623 -0.938378 0.000000 0.000000
rubbergloveCHROME.bmp
  5 -23.532093 -0.410821 1.021748 -0.231499 -0.256623 -0.938378 0.000000 0.000000
  5 -23.775348 -0.365982 1.142648 -0.569283 -0.080616 -0.818179 0.000000 0.000000
  5 -23.701947 -0.249391 1.081665 -0.601109 -0.028712 -0.798651 0.000000 0.000000
rubbergloveCHROME.bmp
  5 -23.775348 -0.365982 1.142648 -0.569283 -0.080616 -0.818179 0.000000 0.000000
  5 -23.903007 -0.210810 1.287303 -0.617425 0.186935 -0.764095 0.000000 0.000000
  5 -23.701947 -0.249391 1.081665 -0.601109 -0.028712 -0.798651 0.000000 0.000000
rubbergloveCHROME.bmp
  5 -23.701947 -0.249391 1.081665 -0.601109 -0.028712 -0.798651 0.000000 0.000000
  5 -23.903007 -0.210810 1.287303 -0.617425 0.186935 -0.764095 0.000000 0.000000
  5 -23.805182 -0.086721 1.253656 -0.722853 0.236303 -0.649341 0.000000 0.000000
rubbergloveCHROME.bmp
  5 -23.903007 -0.210810 1.287303 -0.617425 0.186935 -0.764095 0.000000 0.000000
  5 -23.975730 -0.134646 1.371625 -0.642179 0.512280 -0.570241 0.000000 0.000000
  5 -23.805182 -0.086721 1.253656 -0.722853 0.236303 -0.649341 0.000000 0.000000
rubbergloveCHROME.bmp
  5 -23.805182 -0.086721 1.253656 -0.722853 0.236303 -0.649341 0.000000 0.000000
  5 -23.975730 -0.134646 1.371625 -0.642179 0.512280 -0.570241 0.000000 0.000000
  5 -23.884168 -0.021743 1.332009 -0.776169 0.472785 -0.417177 0.000000 0.000000
rubbergloveCHROME.bmp
  5 -23.975730 -0.134646 1.371625 -0.642179 0.512280 -0.570241 0.000000 0.000000
  5 -23.947256 -0.082276 1.478145 -0.695965 0.569180 -0.437798 0.000000 0.000000
  5 -23.884168 -0.021743 1.332009 -0.776169 0.472785 -0.417177 0.000000 0.000000
rubbergloveCHROME.bmp
  5 -23.884168 -0.021743 1.332009 -0.776169 0.472785 -0.417177 0.000000 0.000000
  5 -23.947256 -0.082276 1.478145 -0.695965 0.569180 -0.437798 0.000000 0.000000
  5 -23.880273 0.040242 1.479802 -0.768389 0.505773 -0.392138 0.000000 0.000000
rubbergloveCHROME.bmp
  5 -23.947256 -0.082276 1.478145 -0.695965 0.569180 -0.437798 0.000000 0.000000
  5 -23.973422 -0.001726 1.589172 -0.721912 0.667953 -0.180780 0.000000 0.000000
  5 -23.880273 0.040242 1.479802 -0.768389 0.505773 -0.392138 0.000000 0.000000
rubbergloveCHROME.bmp
  5 -23.880273 0.040242 1.479802 -0.768389 0.505773 -0.392138 0.000000 0.000000
  5 -23.973422 -0.001726 1.589172 -0.721912 0.667953 -0.180780 0.000000 0.000000
  5 -23.902467 0.121366 1.568832 -0.733566 0.669422 -0.117284 0.000000 0.000000
rubbergloveCHROME.bmp
  5 -23.973422 -0.001726 1.589172 -0.721912 0.667953 -0.180780 0.000000 0.000000
  5 -23.858112 0.031626 1.824526 -0.516464 0.721886 0.460593 0.000000 0.000000
  5 -23.902467 0.121366 1.568832 -0.733566 0.669422 -0.117284 0.000000 0.000000
rubbergloveCHROME.bmp
  5 -23.902467 0.121366 1.568832 -0.733566 0.669422 -0.117284 0.000000 0.000000
  5 -23.858112 0.031626 1.824526 -0.516464 0.721886 0.460593 0.000000 0.000000
  5 -23.764867 0.134490 1.734946 -0.579153 0.671643 0.462035 0.000000 0.000000
rubbergloveCHROME.bmp
  5 -23.858112 0.031626 1.824526 -0.516464 0.721886 0.460593 0.000000 0.000000
  5 -23.552662 0.055395 1.962131 -0.166869 0.625330 0.762310 0.000000 0.000000
  5 -23.764867 0.134490 1.734946 -0.579153 0.671643 0.462035 0.000000 0.000000
rubbergloveCHROME.bmp
  5 -23.764867 0.134490 1.734946 -0.579153 0.671643 0.462035 0.000000 0.000000
  5 -23.552662 0.055395 1.962131 -0.166869 0.625330 0.762310 0.000000 0.000000
  5 -23.439130 0.310105 1.834720 -0.406301 0.415618 0.813745 0.000000 0.000000
rubbergloveCHROME.bmp
  5 -23.552662 0.055395 1.962131 -0.166869 0.625330 0.762310 0.000000 0.000000
  5 -23.198703 0.133891 1.946269 0.040999 0.200558 0.978824 0.000000 0.000000
  5 -23.439130 0.310105 1.834720 -0.406301 0.415618 0.813745 0.000000 0.000000
rubbergloveCHROME.bmp
  5 -23.447968 -0.166597 2.134348 0.096345 0.277087 0.956002 0.000000 0.000000
  5 -23.343726 -0.048434 2.038062 0.246508 0.363807 0.898264 0.000000 0.000000
  5 -23.552662 0.055395 1.962131 -0.166869 0.625330 0.762310 0.000000 0.000000
rubbergloveCHROME.bmp
  5 -23.552662 0.055395 1.962131 -0.166869 0.625330 0.762310 0.000000 0.000000
  5 -23.343726 -0.048434 2.038062 0.246508 0.363807 0.898264 0.000000 0.000000
  5 -23.198703 0.133891 1.946269 0.040999 0.200558 0.978824 0.000000 0.000000
rubbergloveCHROME.bmp
  5 -23.343726 -0.048434 2.038062 0.246508 0.363807 0.898264 0.000000 0.000000
  5 -23.114887 -0.244000 1.996996 0.527451 0.017407 0.849407 0.000000 0.000000
  5 -23.198703 0.133891 1.946269 0.040999 0.200558 0.978824 0.000000 0.000000
rubbergloveCHROME.bmp
  5 -23.198703 0.133891 1.946269 0.040999 0.200558 0.978824 0.000000 0.000000
  5 -23.114887 -0.244000 1.996996 0.527451 0.017407 0.849407 0.000000 0.000000
  5 -22.982292 -0.023154 1.913057 0.608566 -0.161806 0.776831 0.000000 0.000000
rubbergloveCHROME.bmp
  5 -23.114887 -0.244000 1.996996 0.527451 0.017407 0.849407 0.000000 0.000000
  5 -22.939074 -0.215607 1.843101 0.882751 -0.109233 0.456967 0.000000 0.000000
  5 -22.982292 -0.023154 1.913057 0.608566 -0.161806 0.776831 0.000000 0.000000
rubbergloveCHROME.bmp
  5 -22.982292 -0.023154 1.913057 0.608566 -0.161806 0.776831 0.000000 0.000000
  5 -22.939074 -0.215607 1.843101 0.882751 -0.109233 0.456967 0.000000 0.000000
  5 -22.942742 -0.016895 1.843081 0.652438 -0.238504 0.719333 0.000000 0.000000
rubbergloveCHROME.bmp
  5 -22.939074 -0.215607 1.843101 0.882751 -0.109233 0.456967 0.000000 0.000000
  5 -22.911815 -0.204541 1.793760 0.782860 -0.245064 0.571903 0.000000 0.000000
  5 -22.942742 -0.016895 1.843081 0.652438 -0.238504 0.719333 0.000000 0.000000
rubbergloveCHROME.bmp
  5 -22.942742 -0.016895 1.843081 0.652438 -0.238504 0.719333 0.000000 0.000000
  5 -22.911815 -0.204541 1.793760 0.782860 -0.245064 0.571903 0.000000 0.000000
  5 -22.813756 -0.053269 1.792688 0.432536 -0.388462 0.813640 0.000000 0.000000
rubbergloveCHROME.bmp
  5 -22.911815 -0.204541 1.793760 0.782860 -0.245064 0.571903 0.000000 0.000000
  5 -22.678057 -0.146396 1.623829 0.593192 -0.649585 0.475566 0.000000 0.000000
  5 -22.813756 -0.053269 1.792688 0.432536 -0.388462 0.813640 0.000000 0.000000
rubbergloveCHROME.bmp
  5 -22.813756 -0.053269 1.792688 0.432536 -0.388462 0.813640 0.000000 0.000000
  5 -22.678057 -0.146396 1.623829 0.593192 -0.649585 0.475566 0.000000 0.000000
  5 -22.631802 0.142331 1.821560 0.380785 -0.411453 0.828076 0.000000 0.000000
rubbergloveCHROME.bmp
  5 -22.678057 -0.146396 1.623829 0.593192 -0.649585 0.475566 0.000000 0.000000
  5 -22.492461 -0.038300 1.578339 0.593192 -0.649585 0.475566 0.000000 0.000000
  5 -22.631802 0.142331 1.821560 0.380785 -0.411453 0.828076 0.000000 0.000000
rubbergloveCHROME.bmp
  5 -22.631802 0.142331 1.821560 0.380785 -0.411453 0.828076 0.000000 0.000000
  5 -22.492461 -0.038300 1.578339 0.593192 -0.649585 0.475566 0.000000 0.000000
  4 -22.499944 0.250264 1.809983 0.471708 -0.266828 0.840413 0.000000 0.000000
rubbergloveCHROME.bmp
  5 -22.492461 -0.038300 1.578339 0.593192 -0.649585 0.475566 0.000000 0.000000
  4 -22.364239 0.074166 1.533444 0.691016 -0.593550 0.412546 0.000000 0.000000
  4 -22.499944 0.250264 1.809983 0.471708 -0.266828 0.840413 0.000000 0.000000
rubbergloveCHROME.bmp
  4 -22.499944 0.250264 1.809983 0.471708 -0.266828 0.840413 0.000000 0.000000
  4 -22.364239 0.074166 1.533444 0.691016 -0.593550 0.412546 0.000000 0.000000
  4 -22.356692 0.416132 1.737410 0.647011 -0.165228 0.744363 0.000000 0.000000
rubbergloveCHROME.bmp
  4 -22.364239 0.074166 1.533444 0.691016 -0.593550 0.412546 0.000000 0.000000
  4 -22.213334 0.258131 1.485649 0.786313 -0.454837 0.418133 0.000000 0.000000
  4 -22.356692 0.416132 1.737410 0.647011 -0.165228 0.744363 0.000000 0.000000
rubbergloveCHROME.bmp
  5 -23.552957 -0.271699 2.139921 -0.133774 0.102725 0.985673 0.000000 0.000000
  5 -23.780956 -0.134006 2.020518 -0.401749 0.377393 0.834369 0.000000 0.000000
  6 -23.699966 -0.439347 2.155035 -0.031337 0.129107 0.991135 0.000000 0.000000
rubbergloveCHROME.bmp
  6 -23.699966 -0.439347 2.155035 -0.031337 0.129107 0.991135 0.000000 0.000000
  5 -23.780956 -0.134006 2.020518 -0.401749 0.377393 0.834369 0.000000 0.000000
  6 -23.886766 -0.329145 2.042512 -0.311039 0.442763 0.840961 0.000000 0.000000
rubbergloveCHROME.bmp
  5 -23.780956 -0.134006 2.020518 -0.401749 0.377393 0.834369 0.000000 0.000000
  5 -23.945702 -0.080702 1.842144 -0.592087 0.605781 0.531472 0.000000 0.000000
  6 -23.886766 -0.329145 2.042512 -0.311039 0.442763 0.840961 0.000000 0.000000
rubbergloveCHROME.bmp
  6 -23.886766 -0.329145 2.042512 -0.311039 0.442763 0.840961 0.000000 0.000000
  5 -23.945702 -0.080702 1.842144 -0.592087 0.605781 0.531472 0.000000 0.000000
  6 -24.062837 -0.264739 1.903765 -0.567261 0.614355 0.548437 0.000000 0.000000
rubbergloveCHROME.bmp
  5 -23.945702 -0.080702 1.842144 -0.592087 0.605781 0.531472 0.000000 0.000000
  5 -24.128038 -0.141963 1.612142 -0.761451 0.639532 -0.105792 0.000000 0.000000
  6 -24.062837 -0.264739 1.903765 -0.567261 0.614355 0.548437 0.000000 0.000000
rubbergloveCHROME.bmp
  6 -24.062837 -0.264739 1.903765 -0.567261 0.614355 0.548437 0.000000 0.000000
  5 -24.128038 -0.141963 1.612142 -0.761451 0.639532 -0.105792 0.000000 0.000000
  6 -24.223755 -0.303145 1.706710 -0.809298 0.585548 0.046579 0.000000 0.000000
rubbergloveCHROME.bmp
  5 -24.128038 -0.141963 1.612142 -0.761451 0.639532 -0.105792 0.000000 0.000000
  6 -24.098287 -0.233946 1.507539 -0.732926 0.612721 -0.295622 0.000000 0.000000
  6 -24.223755 -0.303145 1.706710 -0.809298 0.585548 0.046579 0.000000 0.000000
rubbergloveCHROME.bmp
  6 -24.223755 -0.303145 1.706710 -0.809298 0.585548 0.046579 0.000000 0.000000
  6 -24.098287 -0.233946 1.507539 -0.732926 0.612721 -0.295622 0.000000 0.000000
  6 -24.242444 -0.378221 1.597558 -0.850918 0.489053 -0.191745 0.000000 0.000000
rubbergloveCHROME.bmp
  6 -24.098287 -0.233946 1.507539 -0.732926 0.612721 -0.295622 0.000000 0.000000
  6 -24.274688 -0.394500 1.509834 -0.836472 0.413966 -0.359092 0.000000 0.000000
  6 -24.242444 -0.378221 1.597558 -0.850918 0.489053 -0.191745 0.000000 0.000000
rubbergloveCHROME.bmp
  6 -24.242444 -0.378221 1.597558 -0.850918 0.489053 -0.191745 0.000000 0.000000
  6 -24.274688 -0.394500 1.509834 -0.836472 0.413966 -0.359092 0.000000 0.000000
  6 -24.346813 -0.574211 1.607312 -0.874716 0.251223 -0.414437 0.000000 0.000000
rubbergloveCHROME.bmp
  6 -24.274688 -0.394500 1.509834 -0.836472 0.413966 -0.359092 0.000000 0.000000
  6 -24.171441 -0.537303 1.416309 -0.640347 0.050707 -0.766410 0.000000 0.000000
  6 -24.346813 -0.574211 1.607312 -0.874716 0.251223 -0.414437 0.000000 0.000000
rubbergloveCHROME.bmp
  6 -24.346813 -0.574211 1.607312 -0.874716 0.251223 -0.414437 0.000000 0.000000
  6 -24.171441 -0.537303 1.416309 -0.640347 0.050707 -0.766410 0.000000 0.000000
  6 -24.324152 -0.686009 1.541072 -0.726165 -0.122189 -0.676576 0.000000 0.000000
rubbergloveCHROME.bmp
  6 -24.171441 -0.537303 1.416309 -0.640347 0.050707 -0.766410 0.000000 0.000000
  6 -24.028621 -0.690413 1.334089 -0.494802 -0.176399 -0.850914 0.000000 0.000000
  6 -24.324152 -0.686009 1.541072 -0.726165 -0.122189 -0.676576 0.000000 0.000000
rubbergloveCHROME.bmp
  6 -24.324152 -0.686009 1.541072 -0.726165 -0.122189 -0.676576 0.000000 0.000000
  6 -24.028621 -0.690413 1.334089 -0.494802 -0.176399 -0.850914 0.000000 0.000000
  6 -24.185856 -0.876757 1.484599 -0.582684 -0.346086 -0.735326 0.000000 0.000000
rubbergloveCHROME.bmp
  6 -24.028621 -0.690413 1.334089 -0.494802 -0.176399 -0.850914 0.000000 0.000000
  6 -23.927703 -0.869860 1.330296 -0.310580 -0.427725 -0.848877 0.000000 0.000000
  6 -24.185856 -0.876757 1.484599 -0.582684 -0.346086 -0.735326 0.000000 0.000000
rubbergloveCHROME.bmp
  32 27.017723 -0.381277 -3.172330 0.134942 0.262580 -0.955428 0.000000 0.000000
  32 26.888766 -0.273091 -3.139682 0.327493 0.038493 -0.944069 0.000000 0.000000
  32 27.107654 -0.309921 -3.022929 0.523815 0.621297 -0.582759 0.000000 0.000000
rubbergloveCHROME.bmp
  32 27.107654 -0.309921 -3.022929 0.523815 0.621297 -0.582759 0.000000 0.000000
  32 26.888766 -0.273091 -3.139682 0.327493 0.038493 -0.944069 0.000000 0.000000
  32 27.047659 -0.211118 -2.977781 0.760852 0.218817 -0.610920 0.000000 0.000000
rubbergloveCHROME.bmp
  32 26.888766 -0.273091 -3.139682 0.327493 0.038493 -0.944069 0.000000 0.000000
  31 26.940889 -0.161699 -3.130326 0.482192 0.193447 -0.854441 0.000000 0.000000
  32 27.047659 -0.211118 -2.977781 0.760852 0.218817 -0.610920 0.000000 0.000000
rubbergloveCHROME.bmp
  32 27.047659 -0.211118 -2.977781 0.760852 0.218817 -0.610920 0.000000 0.000000
  31 26.940889 -0.161699 -3.130326 0.482192 0.193447 -0.854441 0.000000 0.000000
  31 27.072769 -0.115460 -2.985862 0.755471 0.164366 -0.634230 0.000000 0.000000
rubbergloveCHROME.bmp
  31 26.940889 -0.161699 -3.130326 0.482192 0.193447 -0.854441 0.000000 0.000000
  31 26.878734 -0.078483 -3.087760 0.094590 0.664058 -0.741674 0.000000 0.000000
  31 27.072769 -0.115460 -2.985862 0.755471 0.164366 -0.634230 0.000000 0.000000
rubbergloveCHROME.bmp
  31 27.072769 -0.115460 -2.985862 0.755471 0.164366 -0.634230 0.000000 0.000000
  31 26.878734 -0.078483 -3.087760 0.094590 0.664058 -0.741674 0.000000 0.000000
  31 27.010196 -0.018404 -2.940423 0.388338 0.767902 -0.509432 0.000000 0.000000
rubbergloveCHROME.bmp
  31 26.878734 -0.078483 -3.087760 0.094590 0.664058 -0.741674 0.000000 0.000000
  31 26.829634 -0.046985 -3.037790 0.186231 0.617927 -0.763862 0.000000 0.000000
  31 27.010196 -0.018404 -2.940423 0.388338 0.767902 -0.509432 0.000000 0.000000
rubbergloveCHROME.bmp
  31 27.010196 -0.018404 -2.940423 0.388338 0.767902 -0.509432 0.000000 0.000000
  31 26.829634 -0.046985 -3.037790 0.186231 0.617927 -0.763862 0.000000 0.000000
  31 26.970103 0.017983 -2.912700 0.542386 0.554969 -0.630735 0.000000 0.000000
rubbergloveCHROME.bmp
  31 26.829634 -0.046985 -3.037790 0.186231 0.617927 -0.763862 0.000000 0.000000
  31 26.818525 0.016667 -3.032794 0.342786 0.362999 -0.866446 0.000000 0.000000
  31 26.970103 0.017983 -2.912700 0.542386 0.554969 -0.630735 0.000000 0.000000
rubbergloveCHROME.bmp
  31 26.970103 0.017983 -2.912700 0.542386 0.554969 -0.630735 0.000000 0.000000
  31 26.818525 0.016667 -3.032794 0.342786 0.362999 -0.866446 0.000000 0.000000
  31 26.913062 0.082219 -2.917184 0.580691 0.509397 -0.635069 0.000000 0.000000
rubbergloveCHROME.bmp
  31 26.818525 0.016667 -3.032794 0.342786 0.362999 -0.866446 0.000000 0.000000
  31 26.763863 0.079660 -2.996133 0.198262 0.561933 -0.803071 0.000000 0.000000
  31 26.913062 0.082219 -2.917184 0.580691 0.509397 -0.635069 0.000000 0.000000
rubbergloveCHROME.bmp
  31 26.913062 0.082219 -2.917184 0.580691 0.509397 -0.635069 0.000000 0.000000
  31 26.763863 0.079660 -2.996133 0.198262 0.561933 -0.803071 0.000000 0.000000
  31 26.876446 0.156317 -2.861787 0.509960 0.655831 -0.556621 0.000000 0.000000
rubbergloveCHROME.bmp
  31 26.763863 0.079660 -2.996133 0.198262 0.561933 -0.803071 0.000000 0.000000
  31 26.739020 0.142236 -2.987945 0.317847 0.477739 -0.818986 0.000000 0.000000
  31 26.876446 0.156317 -2.861787 0.509960 0.655831 -0.556621 0.000000 0.000000
rubbergloveCHROME.bmp
  31 26.876446 0.156317 -2.861787 0.509960 0.655831 -0.556621 0.000000 0.000000
  31 26.739020 0.142236 -2.987945 0.317847 0.477739 -0.818986 0.000000 0.000000
  31 26.822603 0.190964 -2.862488 0.488268 0.705816 -0.513243 0.000000 0.000000
rubbergloveCHROME.bmp
  31 26.739020 0.142236 -2.987945 0.317847 0.477739 -0.818986 0.000000 0.000000
  31 26.808034 0.217570 -2.853550 0.599730 0.367869 -0.710631 0.000000 0.000000
  31 26.822603 0.190964 -2.862488 0.488268 0.705816 -0.513243 0.000000 0.000000
rubbergloveCHROME.bmp
  32 27.323685 -0.819529 -2.349334 0.074944 -0.168101 0.982917 0.000000 0.000000
  32 27.205827 -0.653255 -2.318313 0.138187 -0.123044 0.982733 0.000000 0.000000
  32 27.231783 -0.816262 -2.367863 0.074944 -0.168101 0.982917 0.000000 0.000000
rubbergloveCHROME.bmp
  32 27.231783 -0.816262 -2.367863 0.074944 -0.168101 0.982917 0.000000 0.000000
  32 27.205827 -0.653255 -2.318313 0.138187 -0.123044 0.982733 0.000000 0.000000
  32 27.089015 -0.694938 -2.329161 0.065145 -0.210702 0.975377 0.000000 0.000000
rubbergloveCHROME.bmp
  32 27.205827 -0.653255 -2.318313 0.138187 -0.123044 0.982733 0.000000 0.000000
  32 27.007954 -0.507109 -2.260973 0.185801 -0.222486 0.957067 0.000000 0.000000
  32 27.089015 -0.694938 -2.329161 0.065145 -0.210702 0.975377 0.000000 0.000000
rubbergloveCHROME.bmp
  32 27.089015 -0.694938 -2.329161 0.065145 -0.210702 0.975377 0.000000 0.000000
  32 27.007954 -0.507109 -2.260973 0.185801 -0.222486 0.957067 0.000000 0.000000
  32 26.913968 -0.557390 -2.300195 0.126832 -0.261826 0.956745 0.000000 0.000000
rubbergloveCHROME.bmp
  32 27.007954 -0.507109 -2.260973 0.185801 -0.222486 0.957067 0.000000 0.000000
  32 26.874595 -0.421988 -2.221353 0.185801 -0.222486 0.957067 0.000000 0.000000
  32 26.913968 -0.557390 -2.300195 0.126832 -0.261826 0.956745 0.000000 0.000000
rubbergloveCHROME.bmp
  32 26.913968 -0.557390 -2.300195 0.126832 -0.261826 0.956745 0.000000 0.000000
  32 26.874595 -0.421988 -2.221353 0.185801 -0.222486 0.957067 0.000000 0.000000
  32 26.826839 -0.529358 -2.262475 0.130125 -0.299967 0.945033 0.000000 0.000000
rubbergloveCHROME.bmp
  32 26.874595 -0.421988 -2.221353 0.185801 -0.222486 0.957067 0.000000 0.000000
  31 26.773337 -0.354048 -2.193134 0.146831 -0.290776 0.945458 0.000000 0.000000
  32 26.826839 -0.529358 -2.262475 0.130125 -0.299967 0.945033 0.000000 0.000000
rubbergloveCHROME.bmp
  32 26.826839 -0.529358 -2.262475 0.130125 -0.299967 0.945033 0.000000 0.000000
  31 26.773337 -0.354048 -2.193134 0.146831 -0.290776 0.945458 0.000000 0.000000
  31 26.728656 -0.394988 -2.211232 0.210034 -0.336607 0.917922 0.000000 0.000000
rubbergloveCHROME.bmp
  31 26.773337 -0.354048 -2.193134 0.146831 -0.290776 0.945458 0.000000 0.000000
  31 26.674287 -0.264034 -2.119064 0.266919 -0.102504 0.958252 0.000000 0.000000
  31 26.728656 -0.394988 -2.211232 0.210034 -0.336607 0.917922 0.000000 0.000000
rubbergloveCHROME.bmp
  31 26.728656 -0.394988 -2.211232 0.210034 -0.336607 0.917922 0.000000 0.000000
  31 26.674287 -0.264034 -2.119064 0.266919 -0.102504 0.958252 0.000000 0.000000
  31 26.550116 -0.408319 -2.138119 0.099251 -0.289734 0.951947 0.000000 0.000000
rubbergloveCHROME.bmp
  31 26.674287 -0.264034 -2.119064 0.266919 -0.102504 0.958252 0.000000 0.000000
  31 26.509993 -0.143681 -2.096206 0.195094 -0.160924 0.967493 0.000000 0.000000
  31 26.550116 -0.408319 -2.138119 0.099251 -0.289734 0.951947 0.000000 0.000000
rubbergloveCHROME.bmp
  31 26.550116 -0.408319 -2.138119 0.099251 -0.289734 0.951947 0.000000 0.000000
  31 26.509993 -0.143681 -2.096206 0.195094 -0.160924 0.967493 0.000000 0.000000
  31 26.386918 -0.249013 -2.128731 0.131199 -0.564937 0.814637 0.000000 0.000000
rubbergloveCHROME.bmp
  31 26.509993 -0.143681 -2.096206 0.195094 -0.160924 0.967493 0.000000 0.000000
  31 26.356280 -0.220251 -2.062897 0.207741 -0.975292 -0.075160 0.000000 0.000000
  31 26.386918 -0.249013 -2.128731 0.131199 -0.564937 0.814637 0.000000 0.000000
rubbergloveCHROME.bmp
  31 26.386918 -0.249013 -2.128731 0.131199 -0.564937 0.814637 0.000000 0.000000
  31 26.356280 -0.220251 -2.062897 0.207741 -0.975292 -0.075160 0.000000 0.000000
  31 26.230703 -0.242537 -2.078185 0.270809 -0.940048 0.207298 0.000000 0.000000
rubbergloveCHROME.bmp
  31 26.356280 -0.220251 -2.062897 0.207741 -0.975292 -0.075160 0.000000 0.000000
  3 26.294122 -0.283692 -1.956611 0.036595 -0.652816 -0.756632 0.000000 0.000000
  31 26.230703 -0.242537 -2.078185 0.270809 -0.940048 0.207298 0.000000 0.000000
rubbergloveCHROME.bmp
  33 27.504913 -0.824651 -3.171995 0.278808 0.799597 -0.531893 0.000000 0.000000
  33 27.436303 -0.839375 -3.126433 -0.050227 0.943636 -0.327152 0.000000 0.000000
  33 27.645378 -0.785916 -2.978684 0.340482 0.884869 -0.317930 0.000000 0.000000
rubbergloveCHROME.bmp
  33 27.645378 -0.785916 -2.978684 0.340482 0.884869 -0.317930 0.000000 0.000000
  33 27.436303 -0.839375 -3.126433 -0.050227 0.943636 -0.327152 0.000000 0.000000
  33 27.574405 -0.798734 -2.942650 0.379888 0.868540 -0.318314 0.000000 0.000000
rubbergloveCHROME.bmp
  33 27.436303 -0.839375 -3.126433 -0.050227 0.943636 -0.327152 0.000000 0.000000
  32 27.366452 -0.664082 -3.084526 0.570755 0.431233 -0.698768 0.000000 0.000000
  33 27.574405 -0.798734 -2.942650 0.379888 0.868540 -0.318314 0.000000 0.000000
rubbergloveCHROME.bmp
  33 27.574405 -0.798734 -2.942650 0.379888 0.868540 -0.318314 0.000000 0.000000
  32 27.366452 -0.664082 -3.084526 0.570755 0.431233 -0.698768 0.000000 0.000000
  32 27.488919 -0.621964 -2.896569 0.758614 0.524504 -0.386523 0.000000 0.000000
rubbergloveCHROME.bmp
  32 27.366452 -0.664082 -3.084526 0.570755 0.431233 -0.698768 0.000000 0.000000
  32 27.338571 -0.397874 -2.866911 0.678838 0.620858 -0.392064 0.000000 0.000000
  32 27.488919 -0.621964 -2.896569 0.758614 0.524504 -0.386523 0.000000 0.000000
rubbergloveCHROME.bmp
  32 27.488919 -0.621964 -2.896569 0.758614 0.524504 -0.386523 0.000000 0.000000
  32 27.338571 -0.397874 -2.866911 0.678838 0.620858 -0.392064 0.000000 0.000000
  32 27.403919 -0.398347 -2.683801 0.766802 0.637043 -0.078679 0.000000 0.000000
rubbergloveCHROME.bmp
  32 27.338571 -0.397874 -2.866911 0.678838 0.620858 -0.392064 0.000000 0.000000
  32 27.309280 -0.281413 -2.657917 0.727312 0.671947 -0.139661 0.000000 0.000000
  32 27.403919 -0.398347 -2.683801 0.766802 0.637043 -0.078679 0.000000 0.000000
rubbergloveCHROME.bmp
  32 27.403919 -0.398347 -2.683801 0.766802 0.637043 -0.078679 0.000000 0.000000
  32 27.309280 -0.281413 -2.657917 0.727312 0.671947 -0.139661 0.000000 0.000000
  32 27.276355 -0.340517 -2.472653 0.773136 0.520512 0.362392 0.000000 0.000000
rubbergloveCHROME.bmp
  32 27.309280 -0.281413 -2.657917 0.727312 0.671947 -0.139661 0.000000 0.000000
  32 27.219369 -0.168292 -2.612977 0.981390 0.055005 -0.183976 0.000000 0.000000
  32 27.276355 -0.340517 -2.472653 0.773136 0.520512 0.362392 0.000000 0.000000
rubbergloveCHROME.bmp
  32 27.276355 -0.340517 -2.472653 0.773136 0.520512 0.362392 0.000000 0.000000
  32 27.219369 -0.168292 -2.612977 0.981390 0.055005 -0.183976 0.000000 0.000000
  32 27.232465 -0.242894 -2.421240 0.955311 -0.112994 0.273153 0.000000 0.000000
rubbergloveCHROME.bmp
  32 27.219369 -0.168292 -2.612977 0.981390 0.055005 -0.183976 0.000000 0.000000
  31 27.249401 -0.167436 -2.431335 0.986684 0.029439 0.159964 0.000000 0.000000
  32 27.232465 -0.242894 -2.421240 0.955311 -0.112994 0.273153 0.000000 0.000000
rubbergloveCHROME.bmp
  32 27.232465 -0.242894 -2.421240 0.955311 -0.112994 0.273153 0.000000 0.000000
  31 27.249401 -0.167436 -2.431335 0.986684 0.029439 0.159964 0.000000 0.000000
  32 27.260318 -0.239742 -2.364546 0.824654 -0.234183 0.514883 0.000000 0.000000
rubbergloveCHROME.bmp
  31 27.249401 -0.167436 -2.431335 0.986684 0.029439 0.159964 0.000000 0.000000
  31 27.159959 -0.165523 -2.314303 0.390522 0.320079 0.863158 0.000000 0.000000
  32 27.260318 -0.239742 -2.364546 0.824654 -0.234183 0.514883 0.000000 0.000000
rubbergloveCHROME.bmp
  32 27.260318 -0.239742 -2.364546 0.824654 -0.234183 0.514883 0.000000 0.000000
  31 27.159959 -0.165523 -2.314303 0.390522 0.320079 0.863158 0.000000 0.000000
  32 27.148629 -0.325979 -2.333101 0.604018 -0.103885 0.790171 0.000000 0.000000
rubbergloveCHROME.bmp
  31 27.159959 -0.165523 -2.314303 0.390522 0.320079 0.863158 0.000000 0.000000
  31 27.079635 -0.241187 -2.309514 0.413849 0.147619 0.898297 0.000000 0.000000
  32 27.148629 -0.325979 -2.333101 0.604018 -0.103885 0.790171 0.000000 0.000000
rubbergloveCHROME.bmp
  23 28.009251 -0.833511 0.305427 0.792652 0.199258 -0.576194 0.000000 0.000000
  23 28.010812 -0.807084 0.283085 0.826851 -0.061275 -0.559073 0.000000 0.000000
  23 28.080169 -0.765941 0.390308 0.968671 -0.005315 -0.248289 0.000000 0.000000
rubbergloveCHROME.bmp
  23 28.080169 -0.765941 0.390308 0.968671 -0.005315 -0.248289 0.000000 0.000000
  23 28.010812 -0.807084 0.283085 0.826851 -0.061275 -0.559073 0.000000 0.000000
  23 28.112075 -0.698397 0.338156 0.861263 0.112889 -0.495461 0.000000 0.000000
rubbergloveCHROME.bmp
  23 28.010812 -0.807084 0.283085 0.826851 -0.061275 -0.559073 0.000000 0.000000
  23 27.914602 -0.650927 0.246227 0.473526 0.442689 -0.761446 0.000000 0.000000
  23 28.112075 -0.698397 0.338156 0.861263 0.112889 -0.495461 0.000000 0.000000
rubbergloveCHROME.bmp
  23 28.112075 -0.698397 0.338156 0.861263 0.112889 -0.495461 0.000000 0.000000
  23 27.914602 -0.650927 0.246227 0.473526 0.442689 -0.761446 0.000000 0.000000
  23 28.005495 -0.600118 0.294775 0.404247 0.673390 -0.618975 0.000000 0.000000
rubbergloveCHROME.bmp
  23 27.914602 -0.650927 0.246227 0.473526 0.442689 -0.761446 0.000000 0.000000
  23 27.904997 -0.576287 0.289083 0.598644 0.329787 -0.729977 0.000000 0.000000
  23 28.005495 -0.600118 0.294775 0.404247 0.673390 -0.618975 0.000000 0.000000
rubbergloveCHROME.bmp
  23 28.005495 -0.600118 0.294775 0.404247 0.673390 -0.618975 0.000000 0.000000
  23 27.904997 -0.576287 0.289083 0.598644 0.329787 -0.729977 0.000000 0.000000
  23 27.969732 -0.518501 0.424620 0.704697 0.704566 -0.083598 0.000000 0.000000
rubbergloveCHROME.bmp
  23 27.904997 -0.576287 0.289083 0.598644 0.329787 -0.729977 0.000000 0.000000
  22 27.931956 -0.454543 0.434157 0.911095 0.375188 -0.170704 0.000000 0.000000
  23 27.969732 -0.518501 0.424620 0.704697 0.704566 -0.083598 0.000000 0.000000
rubbergloveCHROME.bmp
  23 27.969732 -0.518501 0.424620 0.704697 0.704566 -0.083598 0.000000 0.000000
  22 27.931956 -0.454543 0.434157 0.911095 0.375188 -0.170704 0.000000 0.000000
  22 27.934479 -0.447925 0.575755 0.844397 0.477153 0.243555 0.000000 0.000000
rubbergloveCHROME.bmp
  22 27.931956 -0.454543 0.434157 0.911095 0.375188 -0.170704 0.000000 0.000000
  22 27.871836 -0.375490 0.408934 0.690676 0.708494 -0.144926 0.000000 0.000000
  22 27.934479 -0.447925 0.575755 0.844397 0.477153 0.243555 0.000000 0.000000
rubbergloveCHROME.bmp
  22 27.934479 -0.447925 0.575755 0.844397 0.477153 0.243555 0.000000 0.000000
  22 27.871836 -0.375490 0.408934 0.690676 0.708494 -0.144926 0.000000 0.000000
  22 27.852498 -0.376679 0.558349 0.590804 0.763815 0.259877 0.000000 0.000000
rubbergloveCHROME.bmp
  22 27.871836 -0.375490 0.408934 0.690676 0.708494 -0.144926 0.000000 0.000000
  22 27.825768 -0.335771 0.409311 0.761845 0.639521 -0.102982 0.000000 0.000000
  22 27.852498 -0.376679 0.558349 0.590804 0.763815 0.259877 0.000000 0.000000
rubbergloveCHROME.bmp
  22 27.852498 -0.376679 0.558349 0.590804 0.763815 0.259877 0.000000 0.000000
  22 27.825768 -0.335771 0.409311 0.761845 0.639521 -0.102982 0.000000 0.000000
  22 27.827437 -0.355533 0.573344 0.943046 0.284016 0.173205 0.000000 0.000000
rubbergloveCHROME.bmp
  22 27.825768 -0.335771 0.409311 0.761845 0.639521 -0.102982 0.000000 0.000000
  22 27.786206 -0.251578 0.497891 0.965355 0.179880 -0.189032 0.000000 0.000000
  22 27.827437 -0.355533 0.573344 0.943046 0.284016 0.173205 0.000000 0.000000
rubbergloveCHROME.bmp
  22 27.827437 -0.355533 0.573344 0.943046 0.284016 0.173205 0.000000 0.000000
  22 27.786206 -0.251578 0.497891 0.965355 0.179880 -0.189032 0.000000 0.000000
  22 27.816359 -0.333294 0.590157 0.961962 -0.257211 -0.092043 0.000000 0.000000
rubbergloveCHROME.bmp
  22 27.786206 -0.251578 0.497891 0.965355 0.179880 -0.189032 0.000000 0.000000
  22 27.824527 -0.232534 0.521742 0.970964 0.083533 -0.224167 0.000000 0.000000
  22 27.816359 -0.333294 0.590157 0.961962 -0.257211 -0.092043 0.000000 0.000000
rubbergloveCHROME.bmp
  29 27.636980 -0.547517 -2.175599 0.019619 0.004604 -0.999797 0.000000 0.000000
  29 27.784159 -0.481577 -2.185112 -0.002355 0.240734 -0.970588 0.000000 0.000000
  29 27.641699 -0.607755 -2.141701 0.177565 -0.049858 -0.982845 0.000000 0.000000
rubbergloveCHROME.bmp
  29 27.641699 -0.607755 -2.141701 0.177565 -0.049858 -0.982845 0.000000 0.000000
  29 27.784159 -0.481577 -2.185112 -0.002355 0.240734 -0.970588 0.000000 0.000000
  29 27.734504 -0.656369 -2.146610 0.120713 0.068026 -0.990354 0.000000 0.000000
rubbergloveCHROME.bmp
  29 27.784159 -0.481577 -2.185112 -0.002355 0.240734 -0.970588 0.000000 0.000000
  29 27.873133 -0.526248 -2.158879 0.368016 0.034997 -0.929161 0.000000 0.000000
  29 27.734504 -0.656369 -2.146610 0.120713 0.068026 -0.990354 0.000000 0.000000
rubbergloveCHROME.bmp
  29 27.734504 -0.656369 -2.146610 0.120713 0.068026 -0.990354 0.000000 0.000000
  29 27.873133 -0.526248 -2.158879 0.368016 0.034997 -0.929161 0.000000 0.000000
  29 27.779137 -0.699809 -2.135620 0.259007 0.112594 -0.959290 0.000000 0.000000
rubbergloveCHROME.bmp
  29 27.873133 -0.526248 -2.158879 0.368016 0.034997 -0.929161 0.000000 0.000000
  29 27.938805 -0.562279 -2.149451 0.510478 0.033610 -0.859234 0.000000 0.000000
  29 27.779137 -0.699809 -2.135620 0.259007 0.112594 -0.959290 0.000000 0.000000
rubbergloveCHROME.bmp
  29 27.779137 -0.699809 -2.135620 0.259007 0.112594 -0.959290 0.000000 0.000000
  29 27.938805 -0.562279 -2.149451 0.510478 0.033610 -0.859234 0.000000 0.000000
  29 27.936628 -0.797535 -2.142409 0.181126 0.201637 -0.962567 0.000000 0.000000
rubbergloveCHROME.bmp
  29 27.938805 -0.562279 -2.149451 0.510478 0.033610 -0.859234 0.000000 0.000000
  29 28.007518 -0.726923 -2.132997 0.544326 0.379067 -0.748343 0.000000 0.000000
  29 27.936628 -0.797535 -2.142409 0.181126 0.201637 -0.962567 0.000000 0.000000
rubbergloveCHROME.bmp
  29 27.936628 -0.797535 -2.142409 0.181126 0.201637 -0.962567 0.000000 0.000000
  29 28.007518 -0.726923 -2.132997 0.544326 0.379067 -0.748343 0.000000 0.000000
  29 28.166676 -0.910062 -2.138400 0.442718 0.456986 -0.771469 0.000000 0.000000
rubbergloveCHROME.bmp
  29 28.007518 -0.726923 -2.132997 0.544326 0.379067 -0.748343 0.000000 0.000000
  29 28.123458 -0.698803 -1.910360 0.769674 0.596586 -0.227348 0.000000 0.000000
  29 28.166676 -0.910062 -2.138400 0.442718 0.456986 -0.771469 0.000000 0.000000
rubbergloveCHROME.bmp
  29 28.166676 -0.910062 -2.138400 0.442718 0.456986 -0.771469 0.000000 0.000000
  29 28.123458 -0.698803 -1.910360 0.769674 0.596586 -0.227348 0.000000 0.000000
  29 28.260202 -0.846151 -1.919841 0.718437 0.669298 -0.189442 0.000000 0.000000
rubbergloveCHROME.bmp
  29 28.123458 -0.698803 -1.910360 0.769674 0.596586 -0.227348 0.000000 0.000000
  29 28.134784 -0.708708 -1.740733 0.750268 0.661120 -0.004393 0.000000 0.000000
  29 28.260202 -0.846151 -1.919841 0.718437 0.669298 -0.189442 0.000000 0.000000
rubbergloveCHROME.bmp
  29 28.260202 -0.846151 -1.919841 0.718437 0.669298 -0.189442 0.000000 0.000000
  29 28.134784 -0.708708 -1.740733 0.750268 0.661120 -0.004393 0.000000 0.000000
  29 28.262479 -0.875308 -1.771367 0.741509 0.668691 0.054924 0.000000 0.000000
rubbergloveCHROME.bmp
  29 28.134784 -0.708708 -1.740733 0.750268 0.661120 -0.004393 0.000000 0.000000
  29 28.142862 -0.715646 -1.600780 0.794642 0.580459 0.177795 0.000000 0.000000
  29 28.262479 -0.875308 -1.771367 0.741509 0.668691 0.054924 0.000000 0.000000
rubbergloveCHROME.bmp
  29 28.262479 -0.875308 -1.771367 0.741509 0.668691 0.054924 0.000000 0.000000
  29 28.142862 -0.715646 -1.600780 0.794642 0.580459 0.177795 0.000000 0.000000
  29 28.286781 -0.883974 -1.613144 0.731620 0.648416 0.210449 0.000000 0.000000
rubbergloveCHROME.bmp
  32 27.176440 -0.789615 -3.146469 -0.216563 0.049378 -0.975019 0.000000 0.000000
  32 27.073370 -0.830571 -3.160581 -0.311637 -0.106730 -0.944188 0.000000 0.000000
  32 27.040113 -0.620255 -3.131240 -0.149945 -0.050875 -0.987385 0.000000 0.000000
rubbergloveCHROME.bmp
  32 27.040113 -0.620255 -3.131240 -0.149945 -0.050875 -0.987385 0.000000 0.000000
  32 27.073370 -0.830571 -3.160581 -0.311637 -0.106730 -0.944188 0.000000 0.000000
  32 26.952938 -0.620800 -3.130713 -0.224600 -0.094503 -0.969858 0.000000 0.000000
rubbergloveCHROME.bmp
  32 27.073370 -0.830571 -3.160581 -0.311637 -0.106730 -0.944188 0.000000 0.000000
  32 26.823617 -0.756856 -3.031393 -0.564073 -0.395430 -0.724884 0.000000 0.000000
  32 26.952938 -0.620800 -3.130713 -0.224600 -0.094503 -0.969858 0.000000 0.000000
rubbergloveCHROME.bmp
  32 26.952938 -0.620800 -3.130713 -0.224600 -0.094503 -0.969858 0.000000 0.000000
  32 26.823617 -0.756856 -3.031393 -0.564073 -0.395430 -0.724884 0.000000 0.000000
  32 26.818975 -0.453346 -3.105956 -0.311637 -0.106730 -0.944188 0.000000 0.000000
rubbergloveCHROME.bmp
  32 26.823617 -0.756856 -3.031393 -0.564073 -0.395430 -0.724884 0.000000 0.000000
  32 26.630402 -0.600659 -2.952206 -0.626070 -0.443619 -0.641279 0.000000 0.000000
  32 26.818975 -0.453346 -3.105956 -0.311637 -0.106730 -0.944188 0.000000 0.000000
rubbergloveCHROME.bmp
  32 26.818975 -0.453346 -3.105956 -0.311637 -0.106730 -0.944188 0.000000 0.000000
  32 26.630402 -0.600659 -2.952206 -0.626070 -0.443619 -0.641279 0.000000 0.000000
  32 26.745122 -0.369982 -3.091946 -0.410702 -0.211380 -0.886929 0.000000 0.000000
rubbergloveCHROME.bmp
  32 26.630402 -0.600659 -2.952206 -0.626070 -0.443619 -0.641279 0.000000 0.000000
  32 26.540561 -0.501402 -2.910058 -0.609850 -0.360991 -0.705527 0.000000 0.000000
  32 26.745122 -0.369982 -3.091946 -0.410702 -0.211380 -0.886929 0.000000 0.000000
rubbergloveCHROME.bmp
  32 26.745122 -0.369982 -3.091946 -0.410702 -0.211380 -0.886929 0.000000 0.000000
  32 26.540561 -0.501402 -2.910058 -0.609850 -0.360991 -0.705527 0.000000 0.000000
  31 26.585879 -0.258229 -3.030080 -0.424457 0.056410 -0.903689 0.000000 0.000000
rubbergloveCHROME.bmp
  32 26.540561 -0.501402 -2.910058 -0.609850 -0.360991 -0.705527 0.000000 0.000000
  31 26.412404 -0.435000 -2.864978 -0.523471 -0.489012 -0.697743 0.000000 0.000000
  31 26.585879 -0.258229 -3.030080 -0.424457 0.056410 -0.903689 0.000000 0.000000
rubbergloveCHROME.bmp
  31 26.585879 -0.258229 -3.030080 -0.424457 0.056410 -0.903689 0.000000 0.000000
  31 26.412404 -0.435000 -2.864978 -0.523471 -0.489012 -0.697743 0.000000 0.000000
  31 26.386636 -0.119143 -2.963317 -0.206838 -0.066616 -0.976105 0.000000 0.000000
rubbergloveCHROME.bmp
  31 26.412404 -0.435000 -2.864978 -0.523471 -0.489012 -0.697743 0.000000 0.000000
  31 26.325961 -0.384188 -2.843861 -0.348258 -0.532991 -0.771127 0.000000 0.000000
  31 26.386636 -0.119143 -2.963317 -0.206838 -0.066616 -0.976105 0.000000 0.000000
rubbergloveCHROME.bmp
  31 26.386636 -0.119143 -2.963317 -0.206838 -0.066616 -0.976105 0.000000 0.000000
  31 26.325961 -0.384188 -2.843861 -0.348258 -0.532991 -0.771127 0.000000 0.000000
  31 26.080756 -0.245845 -2.849809 -0.281706 -0.505445 -0.815578 0.000000 0.000000
rubbergloveCHROME.bmp
  31 26.325961 -0.384188 -2.843861 -0.348258 -0.532991 -0.771127 0.000000 0.000000
  31 26.074713 -0.345631 -2.752824 -0.416412 -0.679414 -0.604150 0.000000 0.000000
  31 26.080756 -0.245845 -2.849809 -0.281706 -0.505445 -0.815578 0.000000 0.000000
rubbergloveCHROME.bmp
  31 26.080756 -0.245845 -2.849809 -0.281706 -0.505445 -0.815578 0.000000 0.000000
  31 26.074713 -0.345631 -2.752824 -0.416412 -0.679414 -0.604150 0.000000 0.000000
  31 25.849902 -0.198753 -2.762124 -0.554080 -0.602568 -0.574375 0.000000 0.000000
rubbergloveCHROME.bmp
  19 24.371124 0.086448 1.550772 -0.691017 -0.593552 0.412544 0.000000 0.000000
  20 24.517922 -0.058469 1.434024 -0.561343 -0.821452 0.100555 0.000000 0.000000
  20 24.509152 -0.023652 1.591539 -0.582600 -0.662131 0.471339 0.000000 0.000000
rubbergloveCHROME.bmp
  20 24.509152 -0.023652 1.591539 -0.582600 -0.662131 0.471339 0.000000 0.000000
  20 24.517922 -0.058469 1.434024 -0.561343 -0.821452 0.100555 0.000000 0.000000
  20 24.668615 -0.134629 1.612885 -0.582600 -0.662131 0.471339 0.000000 0.000000
rubbergloveCHROME.bmp
  20 24.517922 -0.058469 1.434024 -0.561343 -0.821452 0.100555 0.000000 0.000000
  20 24.704313 -0.170569 1.468545 -0.625019 -0.777946 0.064429 0.000000 0.000000
  20 24.668615 -0.134629 1.612885 -0.582600 -0.662131 0.471339 0.000000 0.000000
rubbergloveCHROME.bmp
  20 24.668615 -0.134629 1.612885 -0.582600 -0.662131 0.471339 0.000000 0.000000
  20 24.704313 -0.170569 1.468545 -0.625019 -0.777946 0.064429 0.000000 0.000000
  20 24.903768 -0.373128 1.665997 -0.903795 -0.384702 0.187507 0.000000 0.000000
rubbergloveCHROME.bmp
  20 24.704313 -0.170569 1.468545 -0.625019 -0.777946 0.064429 0.000000 0.000000
  20 24.911822 -0.404473 1.517833 -0.889621 -0.452383 -0.062641 0.000000 0.000000
  20 24.903768 -0.373128 1.665997 -0.903795 -0.384702 0.187507 0.000000 0.000000
rubbergloveCHROME.bmp
  20 24.903768 -0.373128 1.665997 -0.903795 -0.384702 0.187507 0.000000 0.000000
  20 24.911822 -0.404473 1.517833 -0.889621 -0.452383 -0.062641 0.000000 0.000000
  20 24.899403 -0.413048 1.701877 -0.930510 -0.303974 0.204331 0.000000 0.000000
rubbergloveCHROME.bmp
  20 24.911822 -0.404473 1.517833 -0.889621 -0.452383 -0.062641 0.000000 0.000000
  20 24.911582 -0.472079 1.542921 -0.863886 -0.491985 -0.107944 0.000000 0.000000
  20 24.899403 -0.413048 1.701877 -0.930510 -0.303974 0.204331 0.000000 0.000000
rubbergloveCHROME.bmp
  20 24.899403 -0.413048 1.701877 -0.930510 -0.303974 0.204331 0.000000 0.000000
  20 24.911582 -0.472079 1.542921 -0.863886 -0.491985 -0.107944 0.000000 0.000000
  20 24.964867 -0.467929 1.737968 -0.831167 -0.462670 0.308379 0.000000 0.000000
rubbergloveCHROME.bmp
  20 24.911582 -0.472079 1.542921 -0.863886 -0.491985 -0.107944 0.000000 0.000000
  20 24.992301 -0.536202 1.562224 -0.783665 -0.618485 -0.057843 0.000000 0.000000
  20 24.964867 -0.467929 1.737968 -0.831167 -0.462670 0.308379 0.000000 0.000000
rubbergloveCHROME.bmp
  20 24.964867 -0.467929 1.737968 -0.831167 -0.462670 0.308379 0.000000 0.000000
  20 24.992301 -0.536202 1.562224 -0.783665 -0.618485 -0.057843 0.000000 0.000000
  20 25.038169 -0.652639 1.822874 -0.845598 -0.461145 0.268904 0.000000 0.000000
rubbergloveCHROME.bmp
  20 24.992301 -0.536202 1.562224 -0.783665 -0.618485 -0.057843 0.000000 0.000000
  20 25.094085 -0.695177 1.629060 -0.832536 -0.547838 -0.082200 0.000000 0.000000
  20 25.038169 -0.652639 1.822874 -0.845598 -0.461145 0.268904 0.000000 0.000000
rubbergloveCHROME.bmp
  20 25.038169 -0.652639 1.822874 -0.845598 -0.461145 0.268904 0.000000 0.000000
  20 25.094085 -0.695177 1.629060 -0.832536 -0.547838 -0.082200 0.000000 0.000000
  20 25.159453 -0.814740 1.849585 -0.831167 -0.462670 0.308379 0.000000 0.000000
rubbergloveCHROME.bmp
  20 25.094085 -0.695177 1.629060 -0.832536 -0.547838 -0.082200 0.000000 0.000000
  21 25.207966 -0.850915 1.709138 -0.834199 -0.550027 -0.039778 0.000000 0.000000
  20 25.159453 -0.814740 1.849585 -0.831167 -0.462670 0.308379 0.000000 0.000000
rubbergloveCHROME.bmp
  17 -25.037758 -0.618303 -3.140757 0.149947 -0.050872 -0.987384 0.000000 0.000000
  17 -24.964324 -0.618122 -3.143494 0.224597 -0.094503 -0.969858 0.000000 0.000000
  17 -25.070946 -0.814756 -3.167306 0.311643 -0.106730 -0.944186 0.000000 0.000000
rubbergloveCHROME.bmp
  17 -25.070946 -0.814756 -3.167306 0.311643 -0.106730 -0.944186 0.000000 0.000000
  17 -24.964324 -0.618122 -3.143494 0.224597 -0.094503 -0.969858 0.000000 0.000000
  17 -24.839731 -0.757992 -3.025118 0.564073 -0.395433 -0.724883 0.000000 0.000000
rubbergloveCHROME.bmp
  17 -24.964324 -0.618122 -3.143494 0.224597 -0.094503 -0.969858 0.000000 0.000000
  17 -24.809784 -0.458690 -3.115237 0.311643 -0.106730 -0.944186 0.000000 0.000000
  17 -24.839731 -0.757992 -3.025118 0.564073 -0.395433 -0.724883 0.000000 0.000000
rubbergloveCHROME.bmp
  17 -24.839731 -0.757992 -3.025118 0.564073 -0.395433 -0.724883 0.000000 0.000000
  17 -24.809784 -0.458690 -3.115237 0.311643 -0.106730 -0.944186 0.000000 0.000000
  17 -24.616670 -0.601342 -2.948931 0.626067 -0.443627 -0.641276 0.000000 0.000000
rubbergloveCHROME.bmp
  17 -24.809784 -0.458690 -3.115237 0.311643 -0.106730 -0.944186 0.000000 0.000000
  17 -24.722120 -0.362189 -3.095172 0.410704 -0.211374 -0.886929 0.000000 0.000000
  17 -24.616670 -0.601342 -2.948931 0.626067 -0.443627 -0.641276 0.000000 0.000000
rubbergloveCHROME.bmp
  17 -24.616670 -0.601342 -2.948931 0.626067 -0.443627 -0.641276 0.000000 0.000000
  17 -24.722120 -0.362189 -3.095172 0.410704 -0.211374 -0.886929 0.000000 0.000000
  17 -24.540569 -0.501358 -2.910047 0.609849 -0.360995 -0.705526 0.000000 0.000000
rubbergloveCHROME.bmp
  17 -24.722120 -0.362189 -3.095172 0.410704 -0.211374 -0.886929 0.000000 0.000000
  16 -24.576864 -0.263736 -3.039437 0.424463 0.056399 -0.903687 0.000000 0.000000
  17 -24.540569 -0.501358 -2.910047 0.609849 -0.360995 -0.705526 0.000000 0.000000
rubbergloveCHROME.bmp
  17 -24.540569 -0.501358 -2.910047 0.609849 -0.360995 -0.705526 0.000000 0.000000
  16 -24.576864 -0.263736 -3.039437 0.424463 0.056399 -0.903687 0.000000 0.000000
  16 -24.428078 -0.422607 -2.887374 0.523465 -0.489019 -0.697743 0.000000 0.000000
rubbergloveCHROME.bmp
  16 -24.576864 -0.263736 -3.039437 0.424463 0.056399 -0.903687 0.000000 0.000000
  16 -24.397597 -0.102274 -2.973153 0.206835 -0.066625 -0.976105 0.000000 0.000000
  16 -24.428078 -0.422607 -2.887374 0.523465 -0.489019 -0.697743 0.000000 0.000000
rubbergloveCHROME.bmp
  16 -24.428078 -0.422607 -2.887374 0.523465 -0.489019 -0.697743 0.000000 0.000000
  16 -24.397597 -0.102274 -2.973153 0.206835 -0.066625 -0.976105 0.000000 0.000000
  16 -24.342068 -0.384973 -2.837514 0.348259 -0.532992 -0.771126 0.000000 0.000000
rubbergloveCHROME.bmp
  16 -24.397597 -0.102274 -2.973153 0.206835 -0.066625 -0.976105 0.000000 0.000000
  16 -24.083127 -0.247707 -2.840270 0.281703 -0.505448 -0.815577 0.000000 0.000000
  16 -24.342068 -0.384973 -2.837514 0.348259 -0.532992 -0.771126 0.000000 0.000000
rubbergloveCHROME.bmp
  16 -24.342068 -0.384973 -2.837514 0.348259 -0.532992 -0.771126 0.000000 0.000000
  16 -24.083127 -0.247707 -2.840270 0.281703 -0.505448 -0.815577 0.000000 0.000000
  16 -24.074721 -0.345587 -2.752813 0.416413 -0.679414 -0.604150 0.000000 0.000000
rubbergloveCHROME.bmp
  16 -24.083127 -0.247707 -2.840270 0.281703 -0.505448 -0.815577 0.000000 0.000000
  16 -23.840469 -0.190421 -2.768608 0.554079 -0.602575 -0.574369 0.000000 0.000000
  16 -24.074721 -0.345587 -2.752813 0.416413 -0.679414 -0.604150 0.000000 0.000000
rubbergloveCHROME.bmp
  16 -25.194931 -0.183547 -2.326581 -0.390527 0.320074 0.863158 0.000000 0.000000
  16 -25.279227 -0.167806 -2.459797 -0.986681 0.029443 0.159982 0.000000 0.000000
  17 -25.260326 -0.239696 -2.364535 -0.824641 -0.234172 0.514908 0.000000 0.000000
rubbergloveCHROME.bmp
  17 -25.260326 -0.239696 -2.364535 -0.824641 -0.234172 0.514908 0.000000 0.000000
  16 -25.279227 -0.167806 -2.459797 -0.986681 0.029443 0.159982 0.000000 0.000000
  17 -25.237014 -0.247511 -2.433785 -0.955306 -0.112986 0.273176 0.000000 0.000000
rubbergloveCHROME.bmp
  16 -25.279227 -0.167806 -2.459797 -0.986681 0.029443 0.159982 0.000000 0.000000
  17 -25.228460 -0.177571 -2.638077 -0.981391 0.055003 -0.183975 0.000000 0.000000
  17 -25.237014 -0.247511 -2.433785 -0.955306 -0.112986 0.273176 0.000000 0.000000
rubbergloveCHROME.bmp
  17 -25.237014 -0.247511 -2.433785 -0.955306 -0.112986 0.273176 0.000000 0.000000
  17 -25.228460 -0.177571 -2.638077 -0.981391 0.055003 -0.183975 0.000000 0.000000
  17 -25.273930 -0.324702 -2.479379 -0.773131 0.520517 0.362396 0.000000 0.000000
rubbergloveCHROME.bmp
  17 -25.228460 -0.177571 -2.638077 -0.981391 0.055003 -0.183975 0.000000 0.000000
  17 -25.300019 -0.272892 -2.664406 -0.727310 0.671948 -0.139664 0.000000 0.000000
  17 -25.273930 -0.324702 -2.479379 -0.773131 0.520517 0.362396 0.000000 0.000000
rubbergloveCHROME.bmp
  17 -25.273930 -0.324702 -2.479379 -0.773131 0.520517 0.362396 0.000000 0.000000
  17 -25.300019 -0.272892 -2.664406 -0.727310 0.671948 -0.139664 0.000000 0.000000
  17 -25.387822 -0.397120 -2.690054 -0.766801 0.637044 -0.078679 0.000000 0.000000
rubbergloveCHROME.bmp
  17 -25.300019 -0.272892 -2.664406 -0.727310 0.671948 -0.139664 0.000000 0.000000
  17 -25.338579 -0.397829 -2.866900 -0.678836 0.620860 -0.392063 0.000000 0.000000
  17 -25.387822 -0.397120 -2.690054 -0.766801 0.637044 -0.078679 0.000000 0.000000
rubbergloveCHROME.bmp
  17 -25.387822 -0.397120 -2.690054 -0.766801 0.637044 -0.078679 0.000000 0.000000
  17 -25.338579 -0.397829 -2.866900 -0.678836 0.620860 -0.392063 0.000000 0.000000
  17 -25.486634 -0.633875 -2.908877 -0.758614 0.524505 -0.386522 0.000000 0.000000
rubbergloveCHROME.bmp
  17 -25.338579 -0.397829 -2.866900 -0.678836 0.620860 -0.392063 0.000000 0.000000
  17 -25.364097 -0.662130 -3.094043 -0.570757 0.431234 -0.698766 0.000000 0.000000
  17 -25.486634 -0.633875 -2.908877 -0.758614 0.524505 -0.386522 0.000000 0.000000
rubbergloveCHROME.bmp
  17 -25.486634 -0.633875 -2.908877 -0.758614 0.524505 -0.386522 0.000000 0.000000
  17 -25.364097 -0.662130 -3.094043 -0.570757 0.431234 -0.698766 0.000000 0.000000
  18 -25.588429 -0.784428 -2.943265 -0.379893 0.868536 -0.318318 0.000000 0.000000
rubbergloveCHROME.bmp
  17 -25.364097 -0.662130 -3.094043 -0.570757 0.431234 -0.698766 0.000000 0.000000
  18 -25.468433 -0.829539 -3.142929 0.050212 0.943634 -0.327161 0.000000 0.000000
  18 -25.588429 -0.784428 -2.943265 -0.379893 0.868536 -0.318318 0.000000 0.000000
rubbergloveCHROME.bmp
  18 -25.588429 -0.784428 -2.943265 -0.379893 0.868536 -0.318318 0.000000 0.000000
  18 -25.468433 -0.829539 -3.142929 0.050212 0.943634 -0.327161 0.000000 0.000000
  18 -25.631648 -0.786239 -2.975341 -0.340487 0.884865 -0.317934 0.000000 0.000000
rubbergloveCHROME.bmp
  18 -25.468433 -0.829539 -3.142929 0.050212 0.943634 -0.327161 0.000000 0.000000
  18 -25.502835 -0.808815 -3.178804 -0.278811 0.799592 -0.531899 0.000000 0.000000
  18 -25.631648 -0.786239 -2.975341 -0.340487 0.884865 -0.317934 0.000000 0.000000
rubbergloveCHROME.bmp
  17 -25.213324 -0.813129 -2.383644 -0.074940 -0.168102 0.982917 0.000000 0.000000
  17 -24.986559 -0.818182 -2.328398 0.044874 -0.290781 0.955737 0.000000 0.000000
  17 -25.084297 -0.691080 -2.348206 -0.065144 -0.210703 0.975377 0.000000 0.000000
rubbergloveCHROME.bmp
  17 -25.084297 -0.691080 -2.348206 -0.065144 -0.210703 0.975377 0.000000 0.000000
  17 -24.986559 -0.818182 -2.328398 0.044874 -0.290781 0.955737 0.000000 0.000000
  17 -24.923176 -0.551956 -2.290893 -0.126829 -0.261826 0.956745 0.000000 0.000000
rubbergloveCHROME.bmp
  17 -24.986559 -0.818182 -2.328398 0.044874 -0.290781 0.955737 0.000000 0.000000
  17 -24.813875 -0.682541 -2.289904 0.084878 -0.475879 0.875405 0.000000 0.000000
  17 -24.923176 -0.551956 -2.290893 -0.126829 -0.261826 0.956745 0.000000 0.000000
rubbergloveCHROME.bmp
  17 -24.923176 -0.551956 -2.290893 -0.126829 -0.261826 0.956745 0.000000 0.000000
  17 -24.813875 -0.682541 -2.289904 0.084878 -0.475879 0.875405 0.000000 0.000000
  17 -24.840449 -0.500859 -2.260146 -0.130123 -0.299966 0.945034 0.000000 0.000000
rubbergloveCHROME.bmp
  17 -24.813875 -0.682541 -2.289904 0.084878 -0.475879 0.875405 0.000000 0.000000
  17 -24.728785 -0.629537 -2.268685 0.081899 -0.506607 0.858278 0.000000 0.000000
  17 -24.840449 -0.500859 -2.260146 -0.130123 -0.299966 0.945034 0.000000 0.000000
rubbergloveCHROME.bmp
  17 -24.840449 -0.500859 -2.260146 -0.130123 -0.299966 0.945034 0.000000 0.000000
  17 -24.728785 -0.629537 -2.268685 0.081899 -0.506607 0.858278 0.000000 0.000000
  16 -24.712983 -0.407953 -2.220429 -0.210033 -0.336603 0.917924 0.000000 0.000000
rubbergloveCHROME.bmp
  17 -24.728785 -0.629537 -2.268685 0.081899 -0.506607 0.858278 0.000000 0.000000
  16 -24.613516 -0.533675 -2.220908 0.006685 -0.619442 0.785014 0.000000 0.000000
  16 -24.712983 -0.407953 -2.220429 -0.210033 -0.336603 0.917924 0.000000 0.000000
rubbergloveCHROME.bmp
  16 -24.712983 -0.407953 -2.220429 -0.210033 -0.336603 0.917924 0.000000 0.000000
  16 -24.613516 -0.533675 -2.220908 0.006685 -0.619442 0.785014 0.000000 0.000000
  16 -24.556783 -0.400815 -2.138267 -0.099253 -0.289734 0.951947 0.000000 0.000000
rubbergloveCHROME.bmp
  16 -24.613516 -0.533675 -2.220908 0.006685 -0.619442 0.785014 0.000000 0.000000
  16 -24.407475 -0.550486 -2.204642 0.077459 -0.767876 0.635898 0.000000 0.000000
  16 -24.556783 -0.400815 -2.138267 -0.099253 -0.289734 0.951947 0.000000 0.000000
rubbergloveCHROME.bmp
  16 -24.556783 -0.400815 -2.138267 -0.099253 -0.289734 0.951947 0.000000 0.000000
  16 -24.407475 -0.550486 -2.204642 0.077459 -0.767876 0.635898 0.000000 0.000000
  16 -24.239982 -0.400545 -2.185567 0.172275 -0.584185 0.793126 0.000000 0.000000
rubbergloveCHROME.bmp
  16 -24.407475 -0.550486 -2.204642 0.077459 -0.767876 0.635898 0.000000 0.000000
  16 -24.370599 -0.630132 -2.452829 0.219039 -0.975259 0.029851 0.000000 0.000000
  16 -24.239982 -0.400545 -2.185567 0.172275 -0.584185 0.793126 0.000000 0.000000
rubbergloveCHROME.bmp
  16 -24.239982 -0.400545 -2.185567 0.172275 -0.584185 0.793126 0.000000 0.000000
  16 -24.370599 -0.630132 -2.452829 0.219039 -0.975259 0.029851 0.000000 0.000000
  16 -24.117667 -0.536875 -2.381916 0.463161 -0.849117 0.253934 0.000000 0.000000
rubbergloveCHROME.bmp
  16 -24.370599 -0.630132 -2.452829 0.219039 -0.975259 0.029851 0.000000 0.000000
  16 -24.213042 -0.586113 -2.583359 0.243134 -0.899005 -0.364247 0.000000 0.000000
  16 -24.117667 -0.536875 -2.381916 0.463161 -0.849117 0.253934 0.000000 0.000000
rubbergloveCHROME.bmp
  1 -25.247784 0.255219 0.184957 -0.868069 -0.060677 -0.492722 0.000000 0.000000
  7 -25.305872 0.093097 0.189502 -0.573603 0.331271 -0.749159 0.000000 0.000000
  7 -25.400028 0.193847 0.284811 -0.592497 0.386857 -0.706604 0.000000 0.000000
rubbergloveCHROME.bmp
  7 -25.400028 0.193847 0.284811 -0.592497 0.386857 -0.706604 0.000000 0.000000
  7 -25.305872 0.093097 0.189502 -0.573603 0.331271 -0.749159 0.000000 0.000000
  7 -25.624989 -0.038221 0.234445 -0.600257 0.490757 -0.631545 0.000000 0.000000
rubbergloveCHROME.bmp
  7 -25.305872 0.093097 0.189502 -0.573603 0.331271 -0.749159 0.000000 0.000000
  7 -25.560846 -0.139832 0.183839 -0.441003 0.294262 -0.847895 0.000000 0.000000
  7 -25.624989 -0.038221 0.234445 -0.600257 0.490757 -0.631545 0.000000 0.000000
rubbergloveCHROME.bmp
  7 -25.624989 -0.038221 0.234445 -0.600257 0.490757 -0.631545 0.000000 0.000000
  7 -25.560846 -0.139832 0.183839 -0.441003 0.294262 -0.847895 0.000000 0.000000
  7 -25.707832 -0.229419 0.262386 -0.684898 0.307164 -0.660730 0.000000 0.000000
rubbergloveCHROME.bmp
  7 -25.560846 -0.139832 0.183839 -0.441003 0.294262 -0.847895 0.000000 0.000000
  7 -25.594919 -0.289596 0.231899 -0.554268 0.175540 -0.813617 0.000000 0.000000
  7 -25.707832 -0.229419 0.262386 -0.684898 0.307164 -0.660730 0.000000 0.000000
rubbergloveCHROME.bmp
  7 -25.707832 -0.229419 0.262386 -0.684898 0.307164 -0.660730 0.000000 0.000000
  7 -25.594919 -0.289596 0.231899 -0.554268 0.175540 -0.813617 0.000000 0.000000
  7 -25.746090 -0.316279 0.295426 -0.720231 0.332059 -0.609101 0.000000 0.000000
rubbergloveCHROME.bmp
  7 -25.594919 -0.289596 0.231899 -0.554268 0.175540 -0.813617 0.000000 0.000000
  7 -25.685076 -0.406414 0.213860 -0.488112 0.290873 -0.822885 0.000000 0.000000
  7 -25.746090 -0.316279 0.295426 -0.720231 0.332059 -0.609101 0.000000 0.000000
rubbergloveCHROME.bmp
  7 -25.746090 -0.316279 0.295426 -0.720231 0.332059 -0.609101 0.000000 0.000000
  7 -25.685076 -0.406414 0.213860 -0.488112 0.290873 -0.822885 0.000000 0.000000
  7 -25.763565 -0.396423 0.264255 -0.467990 0.491633 -0.734358 0.000000 0.000000
rubbergloveCHROME.bmp
  7 -25.685076 -0.406414 0.213860 -0.488112 0.290873 -0.822885 0.000000 0.000000
  7 -25.750599 -0.488896 0.199598 -0.467990 0.491633 -0.734358 0.000000 0.000000
  7 -25.763565 -0.396423 0.264255 -0.467990 0.491633 -0.734358 0.000000 0.000000
rubbergloveCHROME.bmp
  7 -25.763565 -0.396423 0.264255 -0.467990 0.491633 -0.734358 0.000000 0.000000
  7 -25.750599 -0.488896 0.199598 -0.467990 0.491633 -0.734358 0.000000 0.000000
  7 -25.825889 -0.449952 0.257171 -0.444117 0.444478 -0.777945 0.000000 0.000000
rubbergloveCHROME.bmp
  7 -25.750599 -0.488896 0.199598 -0.467990 0.491633 -0.734358 0.000000 0.000000
  7 -25.765147 -0.555469 0.237762 -0.474760 0.408461 -0.779592 0.000000 0.000000
  7 -25.825889 -0.449952 0.257171 -0.444117 0.444478 -0.777945 0.000000 0.000000
rubbergloveCHROME.bmp
  7 -25.825889 -0.449952 0.257171 -0.444117 0.444478 -0.777945 0.000000 0.000000
  7 -25.765147 -0.555469 0.237762 -0.474760 0.408461 -0.779592 0.000000 0.000000
  8 -25.907347 -0.536587 0.255581 -0.633175 0.117148 -0.765092 0.000000 0.000000
rubbergloveCHROME.bmp
  7 -25.765147 -0.555469 0.237762 -0.474760 0.408461 -0.779592 0.000000 0.000000
  8 -25.873598 -0.612585 0.217041 -0.674176 0.230135 -0.701801 0.000000 0.000000
  8 -25.907347 -0.536587 0.255581 -0.633175 0.117148 -0.765092 0.000000 0.000000
rubbergloveCHROME.bmp
  14 -25.642796 -0.608697 -2.131799 -0.177563 -0.049844 -0.982846 0.000000 0.000000
  14 -25.725372 -0.661502 -2.166335 -0.120722 0.068025 -0.990353 0.000000 0.000000
  14 -25.784075 -0.467459 -2.183684 0.002357 0.240734 -0.970588 0.000000 0.000000
rubbergloveCHROME.bmp
  14 -25.784075 -0.467459 -2.183684 0.002357 0.240734 -0.970588 0.000000 0.000000
  14 -25.725372 -0.661502 -2.166335 -0.120722 0.068025 -0.990353 0.000000 0.000000
  14 -25.880224 -0.533110 -2.160334 -0.368022 0.034999 -0.929158 0.000000 0.000000
rubbergloveCHROME.bmp
  14 -25.725372 -0.661502 -2.166335 -0.120722 0.068025 -0.990353 0.000000 0.000000
  14 -25.772170 -0.706921 -2.135561 -0.259014 0.112591 -0.959289 0.000000 0.000000
  14 -25.880224 -0.533110 -2.160334 -0.368022 0.034999 -0.929158 0.000000 0.000000
rubbergloveCHROME.bmp
  14 -25.880224 -0.533110 -2.160334 -0.368022 0.034999 -0.929158 0.000000 0.000000
  14 -25.772170 -0.706921 -2.135561 -0.259014 0.112591 -0.959289 0.000000 0.000000
  14 -25.912964 -0.578778 -2.128047 -0.510477 0.033610 -0.859234 0.000000 0.000000
rubbergloveCHROME.bmp
  14 -25.772170 -0.706921 -2.135561 -0.259014 0.112591 -0.959289 0.000000 0.000000
  14 -25.928482 -0.789587 -2.150825 -0.181121 0.201637 -0.962568 0.000000 0.000000
  14 -25.912964 -0.578778 -2.128047 -0.510477 0.033610 -0.859234 0.000000 0.000000
rubbergloveCHROME.bmp
  14 -25.912964 -0.578778 -2.128047 -0.510477 0.033610 -0.859234 0.000000 0.000000
  14 -25.928482 -0.789587 -2.150825 -0.181121 0.201637 -0.962568 0.000000 0.000000
  14 -26.001537 -0.720953 -2.121629 -0.544323 0.379066 -0.748346 0.000000 0.000000
rubbergloveCHROME.bmp
  14 -25.928482 -0.789587 -2.150825 -0.181121 0.201637 -0.962568 0.000000 0.000000
  14 -26.166496 -0.881871 -2.135555 -0.442719 0.456985 -0.771469 0.000000 0.000000
  14 -26.001537 -0.720953 -2.121629 -0.544323 0.379066 -0.748346 0.000000 0.000000
rubbergloveCHROME.bmp
  14 -26.001537 -0.720953 -2.121629 -0.544323 0.379066 -0.748346 0.000000 0.000000
  14 -26.166496 -0.881871 -2.135555 -0.442719 0.456985 -0.771469 0.000000 0.000000
  14 -26.123472 -0.698754 -1.910350 -0.769674 0.596587 -0.227345 0.000000 0.000000
rubbergloveCHROME.bmp
  14 -26.166496 -0.881871 -2.135555 -0.442719 0.456985 -0.771469 0.000000 0.000000
  14 -26.239177 -0.853511 -1.918269 -0.718436 0.669299 -0.189444 0.000000 0.000000
  14 -26.123472 -0.698754 -1.910350 -0.769674 0.596587 -0.227345 0.000000 0.000000
rubbergloveCHROME.bmp
  14 -26.123472 -0.698754 -1.910350 -0.769674 0.596587 -0.227345 0.000000 0.000000
  14 -26.239177 -0.853511 -1.918269 -0.718436 0.669299 -0.189444 0.000000 0.000000
  14 -26.134798 -0.708659 -1.740722 -0.750263 0.661125 -0.004393 0.000000 0.000000
rubbergloveCHROME.bmp
  14 -26.239177 -0.853511 -1.918269 -0.718436 0.669299 -0.189444 0.000000 0.000000
  14 -26.248338 -0.861438 -1.768425 -0.741508 0.668692 0.054926 0.000000 0.000000
  14 -26.134798 -0.708659 -1.740722 -0.750263 0.661125 -0.004393 0.000000 0.000000
rubbergloveCHROME.bmp
  14 -26.134798 -0.708659 -1.740722 -0.750263 0.661125 -0.004393 0.000000 0.000000
  14 -26.248338 -0.861438 -1.768425 -0.741508 0.668692 0.054926 0.000000 0.000000
  14 -26.128818 -0.715846 -1.599256 -0.794638 0.580465 0.177794 0.000000 0.000000
rubbergloveCHROME.bmp
  14 -26.248338 -0.861438 -1.768425 -0.741508 0.668692 0.054926 0.000000 0.000000
  14 -26.286796 -0.883924 -1.613134 -0.731621 0.648415 0.210448 0.000000 0.000000
  14 -26.128818 -0.715846 -1.599256 -0.794638 0.580465 0.177794 0.000000 0.000000
rubbergloveCHROME.bmp
  32 26.774318 -0.316680 -3.141002 -0.214677 -0.366083 -0.905482 0.000000 0.000000
  31 26.714609 -0.267521 -3.105858 -0.583819 0.106119 -0.804919 0.000000 0.000000
  31 26.819747 -0.255759 -3.182066 -0.016737 -0.164474 -0.986239 0.000000 0.000000
rubbergloveCHROME.bmp
  31 26.819747 -0.255759 -3.182066 -0.016737 -0.164474 -0.986239 0.000000 0.000000
  31 26.714609 -0.267521 -3.105858 -0.583819 0.106119 -0.804919 0.000000 0.000000
  31 26.748569 -0.178096 -3.148868 -0.445817 0.343427 -0.826623 0.000000 0.000000
rubbergloveCHROME.bmp
  31 26.714609 -0.267521 -3.105858 -0.583819 0.106119 -0.804919 0.000000 0.000000
  31 26.695342 -0.235776 -3.052744 -0.565053 0.149607 -0.811377 0.000000 0.000000
  31 26.748569 -0.178096 -3.148868 -0.445817 0.343427 -0.826623 0.000000 0.000000
rubbergloveCHROME.bmp
  31 26.748569 -0.178096 -3.148868 -0.445817 0.343427 -0.826623 0.000000 0.000000
  31 26.695342 -0.235776 -3.052744 -0.565053 0.149607 -0.811377 0.000000 0.000000
  31 26.710854 -0.142952 -3.080002 -0.096507 0.299646 -0.949157 0.000000 0.000000
rubbergloveCHROME.bmp
  31 26.695342 -0.235776 -3.052744 -0.565053 0.149607 -0.811377 0.000000 0.000000
  31 26.647974 -0.114520 -3.121687 -0.181703 -0.173643 -0.967901 0.000000 0.000000
  31 26.710854 -0.142952 -3.080002 -0.096507 0.299646 -0.949157 0.000000 0.000000
rubbergloveCHROME.bmp
  31 26.710854 -0.142952 -3.080002 -0.096507 0.299646 -0.949157 0.000000 0.000000
  31 26.647974 -0.114520 -3.121687 -0.181703 -0.173643 -0.967901 0.000000 0.000000
  31 26.818525 0.016667 -3.032794 0.342786 0.362999 -0.866446 0.000000 0.000000
rubbergloveCHROME.bmp
  31 26.647974 -0.114520 -3.121687 -0.181703 -0.173643 -0.967901 0.000000 0.000000
  31 26.602752 -0.059816 -3.078531 -0.295605 0.306592 -0.904776 0.000000 0.000000
  31 26.818525 0.016667 -3.032794 0.342786 0.362999 -0.866446 0.000000 0.000000
rubbergloveCHROME.bmp
  31 26.818525 0.016667 -3.032794 0.342786 0.362999 -0.866446 0.000000 0.000000
  31 26.602752 -0.059816 -3.078531 -0.295605 0.306592 -0.904776 0.000000 0.000000
  31 26.763863 0.079660 -2.996133 0.198262 0.561933 -0.803071 0.000000 0.000000
rubbergloveCHROME.bmp
  31 26.602752 -0.059816 -3.078531 -0.295605 0.306592 -0.904776 0.000000 0.000000
  31 26.578757 -0.024259 -3.044473 -0.366398 0.110011 -0.923932 0.000000 0.000000
  31 26.763863 0.079660 -2.996133 0.198262 0.561933 -0.803071 0.000000 0.000000
rubbergloveCHROME.bmp
  31 26.763863 0.079660 -2.996133 0.198262 0.561933 -0.803071 0.000000 0.000000
  31 26.578757 -0.024259 -3.044473 -0.366398 0.110011 -0.923932 0.000000 0.000000
  31 26.739020 0.142236 -2.987945 0.317847 0.477739 -0.818986 0.000000 0.000000
rubbergloveCHROME.bmp
  31 26.578757 -0.024259 -3.044473 -0.366398 0.110011 -0.923932 0.000000 0.000000
  31 26.500905 0.045283 -3.042732 -0.093626 0.038509 -0.994862 0.000000 0.000000
  31 26.739020 0.142236 -2.987945 0.317847 0.477739 -0.818986 0.000000 0.000000
rubbergloveCHROME.bmp
  31 26.739020 0.142236 -2.987945 0.317847 0.477739 -0.818986 0.000000 0.000000
  31 26.500905 0.045283 -3.042732 -0.093626 0.038509 -0.994862 0.000000 0.000000
  31 26.676030 0.253134 -2.939634 0.376857 0.196141 -0.905267 0.000000 0.000000
rubbergloveCHROME.bmp
  31 26.500905 0.045283 -3.042732 -0.093626 0.038509 -0.994862 0.000000 0.000000
  31 26.575823 0.301542 -2.978557 0.217960 0.164113 -0.962060 0.000000 0.000000
  31 26.676030 0.253134 -2.939634 0.376857 0.196141 -0.905267 0.000000 0.000000
rubbergloveCHROME.bmp
  31 26.226351 -0.571240 -2.583690 -0.243130 -0.899002 -0.364256 0.000000 0.000000
  31 26.363931 -0.637636 -2.452681 -0.219032 -0.975261 0.029848 0.000000 0.000000
  31 26.120022 -0.538826 -2.372400 -0.463163 -0.849116 0.253933 0.000000 0.000000
rubbergloveCHROME.bmp
  31 26.120022 -0.538826 -2.372400 -0.463163 -0.849116 0.253933 0.000000 0.000000
  31 26.363931 -0.637636 -2.452681 -0.219032 -0.975261 0.029848 0.000000 0.000000
  31 26.251360 -0.396944 -2.166682 -0.172272 -0.584186 0.793126 0.000000 0.000000
rubbergloveCHROME.bmp
  31 26.363931 -0.637636 -2.452681 -0.219032 -0.975261 0.029848 0.000000 0.000000
  31 26.432588 -0.545809 -2.188950 -0.077455 -0.767877 0.635898 0.000000 0.000000
  31 26.251360 -0.396944 -2.166682 -0.172272 -0.584186 0.793126 0.000000 0.000000
rubbergloveCHROME.bmp
  31 26.251360 -0.396944 -2.166682 -0.172272 -0.584186 0.793126 0.000000 0.000000
  31 26.432588 -0.545809 -2.188950 -0.077455 -0.767877 0.635898 0.000000 0.000000
  31 26.550116 -0.408319 -2.138119 0.099251 -0.289734 0.951947 0.000000 0.000000
rubbergloveCHROME.bmp
  31 26.432588 -0.545809 -2.188950 -0.077455 -0.767877 0.635898 0.000000 0.000000
  31 26.613924 -0.547562 -2.223792 -0.006686 -0.619443 0.785013 0.000000 0.000000
  31 26.550116 -0.408319 -2.138119 0.099251 -0.289734 0.951947 0.000000 0.000000
rubbergloveCHROME.bmp
  31 26.550116 -0.408319 -2.138119 0.099251 -0.289734 0.951947 0.000000 0.000000
  31 26.613924 -0.547562 -2.223792 -0.006686 -0.619443 0.785013 0.000000 0.000000
  31 26.728656 -0.394988 -2.211232 0.210034 -0.336607 0.917922 0.000000 0.000000
rubbergloveCHROME.bmp
  31 26.613924 -0.547562 -2.223792 -0.006686 -0.619443 0.785013 0.000000 0.000000
  32 26.708129 -0.623740 -2.262405 -0.081902 -0.506609 0.858277 0.000000 0.000000
  31 26.728656 -0.394988 -2.211232 0.210034 -0.336607 0.917922 0.000000 0.000000
rubbergloveCHROME.bmp
  31 26.728656 -0.394988 -2.211232 0.210034 -0.336607 0.917922 0.000000 0.000000
  32 26.708129 -0.623740 -2.262405 -0.081902 -0.506609 0.858277 0.000000 0.000000
  32 26.826839 -0.529358 -2.262475 0.130125 -0.299967 0.945033 0.000000 0.000000
rubbergloveCHROME.bmp
  32 26.708129 -0.623740 -2.262405 -0.081902 -0.506609 0.858277 0.000000 0.000000
  32 26.836876 -0.690335 -2.286679 -0.084880 -0.475881 0.875404 0.000000 0.000000
  32 26.826839 -0.529358 -2.262475 0.130125 -0.299967 0.945033 0.000000 0.000000
rubbergloveCHROME.bmp
  32 26.826839 -0.529358 -2.262475 0.130125 -0.299967 0.945033 0.000000 0.000000
  32 26.836876 -0.690335 -2.286679 -0.084880 -0.475881 0.875404 0.000000 0.000000
  32 26.913968 -0.557390 -2.300195 0.126832 -0.261826 0.956745 0.000000 0.000000
rubbergloveCHROME.bmp
  32 26.836876 -0.690335 -2.286679 -0.084880 -0.475881 0.875404 0.000000 0.000000
  32 26.986550 -0.818227 -2.328409 -0.044873 -0.290784 0.955736 0.000000 0.000000
  32 26.913968 -0.557390 -2.300195 0.126832 -0.261826 0.956745 0.000000 0.000000
rubbergloveCHROME.bmp
  32 26.913968 -0.557390 -2.300195 0.126832 -0.261826 0.956745 0.000000 0.000000
  32 26.986550 -0.818227 -2.328409 -0.044873 -0.290784 0.955736 0.000000 0.000000
  32 27.089015 -0.694938 -2.329161 0.065145 -0.210702 0.975377 0.000000 0.000000
rubbergloveCHROME.bmp
  32 26.986550 -0.818227 -2.328409 -0.044873 -0.290784 0.955736 0.000000 0.000000
  32 27.231783 -0.816262 -2.367863 0.074944 -0.168101 0.982917 0.000000 0.000000
  32 27.089015 -0.694938 -2.329161 0.065145 -0.210702 0.975377 0.000000 0.000000
rubbergloveCHROME.bmp
  23 27.835602 -0.605740 0.231492 0.674160 0.230101 -0.701827 0.000000 0.000000
  22 27.798508 -0.556765 0.201902 0.474762 0.408455 -0.779593 0.000000 0.000000
  23 27.900054 -0.529981 0.253994 0.633172 0.117155 -0.765093 0.000000 0.000000
rubbergloveCHROME.bmp
  23 27.900054 -0.529981 0.253994 0.633172 0.117155 -0.765093 0.000000 0.000000
  22 27.798508 -0.556765 0.201902 0.474762 0.408455 -0.779593 0.000000 0.000000
  22 27.818430 -0.443531 0.255578 0.444123 0.444476 -0.777943 0.000000 0.000000
rubbergloveCHROME.bmp
  22 27.798508 -0.556765 0.201902 0.474762 0.408455 -0.779593 0.000000 0.000000
  22 27.704594 -0.489661 0.223745 0.467992 0.491638 -0.734354 0.000000 0.000000
  22 27.818430 -0.443531 0.255578 0.444123 0.444476 -0.777943 0.000000 0.000000
rubbergloveCHROME.bmp
  22 27.818430 -0.443531 0.255578 0.444123 0.444476 -0.777943 0.000000 0.000000
  22 27.704594 -0.489661 0.223745 0.467992 0.491638 -0.734354 0.000000 0.000000
  22 27.816086 -0.388198 0.240321 0.467992 0.491638 -0.734354 0.000000 0.000000
rubbergloveCHROME.bmp
  22 27.704594 -0.489661 0.223745 0.467992 0.491638 -0.734354 0.000000 0.000000
  22 27.660933 -0.399371 0.230190 0.488113 0.290881 -0.822881 0.000000 0.000000
  22 27.816086 -0.388198 0.240321 0.467992 0.491638 -0.734354 0.000000 0.000000
rubbergloveCHROME.bmp
  22 27.816086 -0.388198 0.240321 0.467992 0.491638 -0.734354 0.000000 0.000000
  22 27.660933 -0.399371 0.230190 0.488113 0.290881 -0.822881 0.000000 0.000000
  22 27.774048 -0.314146 0.299051 0.720232 0.332062 -0.609099 0.000000 0.000000
rubbergloveCHROME.bmp
  22 27.660933 -0.399371 0.230190 0.488113 0.290881 -0.822881 0.000000 0.000000
  22 27.616348 -0.295034 0.235289 0.554269 0.175541 -0.813616 0.000000 0.000000
  22 27.774048 -0.314146 0.299051 0.720232 0.332062 -0.609099 0.000000 0.000000
rubbergloveCHROME.bmp
  22 27.774048 -0.314146 0.299051 0.720232 0.332062 -0.609099 0.000000 0.000000
  22 27.616348 -0.295034 0.235289 0.554269 0.175541 -0.813616 0.000000 0.000000
  22 27.720457 -0.227523 0.274064 0.684898 0.307162 -0.660731 0.000000 0.000000
rubbergloveCHROME.bmp
  22 27.616348 -0.295034 0.235289 0.554269 0.175541 -0.813616 0.000000 0.000000
  22 27.534002 -0.131075 0.219912 0.441001 0.294257 -0.847898 0.000000 0.000000
  22 27.720457 -0.227523 0.274064 0.684898 0.307162 -0.660731 0.000000 0.000000
rubbergloveCHROME.bmp
  22 27.720457 -0.227523 0.274064 0.684898 0.307162 -0.660731 0.000000 0.000000
  22 27.534002 -0.131075 0.219912 0.441001 0.294257 -0.847898 0.000000 0.000000
  22 27.598145 -0.029464 0.270518 0.600258 0.490757 -0.631544 0.000000 0.000000
rubbergloveCHROME.bmp
  22 27.534002 -0.131075 0.219912 0.441001 0.294257 -0.847898 0.000000 0.000000
  22 27.294361 0.102091 0.217521 0.573608 0.331263 -0.749159 0.000000 0.000000
  22 27.598145 -0.029464 0.270518 0.600258 0.490757 -0.631544 0.000000 0.000000
rubbergloveCHROME.bmp
  22 27.598145 -0.029464 0.270518 0.600258 0.490757 -0.631544 0.000000 0.000000
  22 27.294361 0.102091 0.217521 0.573608 0.331263 -0.749159 0.000000 0.000000
  22 27.433390 0.192551 0.248952 0.592502 0.386845 -0.706606 0.000000 0.000000
rubbergloveCHROME.bmp
  22 27.294361 0.102091 0.217521 0.573608 0.331263 -0.749159 0.000000 0.000000
  3 27.232577 0.268167 0.184616 0.868069 -0.060696 -0.492720 0.000000 0.000000
  22 27.433390 0.192551 0.248952 0.592502 0.386845 -0.706606 0.000000 0.000000
rubbergloveCHROME.bmp
  17 -24.864818 -0.469648 -3.131083 0.182273 -0.023798 -0.982960 0.000000 0.000000
  17 -24.918620 -0.273500 -3.136671 -0.327491 0.038492 -0.944070 0.000000 0.000000
  17 -24.811403 -0.350536 -3.114990 -0.026475 -0.331535 -0.943071 0.000000 0.000000
rubbergloveCHROME.bmp
  17 -24.811403 -0.350536 -3.114990 -0.026475 -0.331535 -0.943071 0.000000 0.000000
  17 -24.918620 -0.273500 -3.136671 -0.327491 0.038492 -0.944070 0.000000 0.000000
  16 -24.831125 -0.252731 -3.194775 0.016735 -0.164468 -0.986240 0.000000 0.000000
rubbergloveCHROME.bmp
  17 -24.918620 -0.273500 -3.136671 -0.327491 0.038492 -0.944070 0.000000 0.000000
  16 -24.935752 -0.143999 -3.146498 -0.482187 0.193452 -0.854443 0.000000 0.000000
  16 -24.831125 -0.252731 -3.194775 0.016735 -0.164468 -0.986240 0.000000 0.000000
rubbergloveCHROME.bmp
  16 -24.831125 -0.252731 -3.194775 0.016735 -0.164468 -0.986240 0.000000 0.000000
  16 -24.935752 -0.143999 -3.146498 -0.482187 0.193452 -0.854443 0.000000 0.000000
  16 -24.755652 -0.184433 -3.151890 0.445812 0.343423 -0.826627 0.000000 0.000000
rubbergloveCHROME.bmp
  16 -24.935752 -0.143999 -3.146498 -0.482187 0.193452 -0.854443 0.000000 0.000000
  16 -24.872082 -0.085896 -3.087589 -0.094589 0.664059 -0.741673 0.000000 0.000000
  16 -24.755652 -0.184433 -3.151890 0.445812 0.343423 -0.826627 0.000000 0.000000
rubbergloveCHROME.bmp
  16 -24.755652 -0.184433 -3.151890 0.445812 0.343423 -0.826627 0.000000 0.000000
  16 -24.872082 -0.085896 -3.087589 -0.094589 0.664059 -0.741673 0.000000 0.000000
  16 -24.744976 -0.133958 -3.118150 0.096500 0.299642 -0.949159 0.000000 0.000000
rubbergloveCHROME.bmp
  16 -24.872082 -0.085896 -3.087589 -0.094589 0.664059 -0.741673 0.000000 0.000000
  16 -24.817837 -0.036744 -3.053802 -0.186233 0.617926 -0.763862 0.000000 0.000000
  16 -24.744976 -0.133958 -3.118150 0.096500 0.299642 -0.949159 0.000000 0.000000
rubbergloveCHROME.bmp
  16 -24.744976 -0.133958 -3.118150 0.096500 0.299642 -0.949159 0.000000 0.000000
  16 -24.817837 -0.036744 -3.053802 -0.186233 0.617926 -0.763862 0.000000 0.000000
  16 -24.802016 0.031384 -3.036246 -0.342794 0.362993 -0.866446 0.000000 0.000000
rubbergloveCHROME.bmp
  16 -24.817837 -0.036744 -3.053802 -0.186233 0.617926 -0.763862 0.000000 0.000000
  16 -24.942640 0.015877 -2.906305 -0.542383 0.554973 -0.630735 0.000000 0.000000
  16 -24.802016 0.031384 -3.036246 -0.342794 0.362993 -0.866446 0.000000 0.000000
rubbergloveCHROME.bmp
  16 -24.802016 0.031384 -3.036246 -0.342794 0.362993 -0.866446 0.000000 0.000000
  16 -24.942640 0.015877 -2.906305 -0.542383 0.554973 -0.630735 0.000000 0.000000
  16 -24.936244 0.075053 -2.913870 -0.580692 0.509399 -0.635066 0.000000 0.000000
rubbergloveCHROME.bmp
  16 -24.942640 0.015877 -2.906305 -0.542383 0.554973 -0.630735 0.000000 0.000000
  16 -25.068695 0.026975 -2.767427 -0.626332 0.681435 -0.378621 0.000000 0.000000
  16 -24.936244 0.075053 -2.913870 -0.580692 0.509399 -0.635066 0.000000 0.000000
rubbergloveCHROME.bmp
  16 -24.936244 0.075053 -2.913870 -0.580692 0.509399 -0.635066 0.000000 0.000000
  16 -25.068695 0.026975 -2.767427 -0.626332 0.681435 -0.378621 0.000000 0.000000
  16 -25.028865 0.129997 -2.747429 -0.741394 0.570093 -0.354019 0.000000 0.000000
rubbergloveCHROME.bmp
  1 -24.718622 -0.334222 -1.077083 -0.146393 -0.957186 -0.249729 0.000000 0.000000
  1 -24.771586 -0.351489 -1.165946 -0.250437 -0.685739 0.683406 0.000000 0.000000
  1 -24.626999 -0.398316 -1.199137 -0.207572 -0.806683 0.553332 0.000000 0.000000
rubbergloveCHROME.bmp
  1 -24.626999 -0.398316 -1.199137 -0.207572 -0.806683 0.553332 0.000000 0.000000
  1 -24.771586 -0.351489 -1.165946 -0.250437 -0.685739 0.683406 0.000000 0.000000
  1 -24.683723 -0.486095 -1.207913 0.154218 -0.249770 0.955945 0.000000 0.000000
rubbergloveCHROME.bmp
  1 -24.771586 -0.351489 -1.165946 -0.250437 -0.685739 0.683406 0.000000 0.000000
  1 -24.810022 -0.383974 -1.185114 0.051155 -0.129050 0.990318 0.000000 0.000000
  1 -24.683723 -0.486095 -1.207913 0.154218 -0.249770 0.955945 0.000000 0.000000
rubbergloveCHROME.bmp
  1 -24.683723 -0.486095 -1.207913 0.154218 -0.249770 0.955945 0.000000 0.000000
  1 -24.810022 -0.383974 -1.185114 0.051155 -0.129050 0.990318 0.000000 0.000000
  13 -24.830939 -0.655952 -1.249040 0.158741 -0.138487 0.977560 0.000000 0.000000
rubbergloveCHROME.bmp
  1 -24.810022 -0.383974 -1.185114 0.051155 -0.129050 0.990318 0.000000 0.000000
  13 -24.954769 -0.470695 -1.213740 0.120691 -0.057859 0.991003 0.000000 0.000000
  13 -24.830939 -0.655952 -1.249040 0.158741 -0.138487 0.977560 0.000000 0.000000
rubbergloveCHROME.bmp
  13 -24.830939 -0.655952 -1.249040 0.158741 -0.138487 0.977560 0.000000 0.000000
  13 -24.954769 -0.470695 -1.213740 0.120691 -0.057859 0.991003 0.000000 0.000000
  13 -25.237929 -0.733254 -1.200219 0.100123 -0.187712 0.977108 0.000000 0.000000
rubbergloveCHROME.bmp
  13 -24.954769 -0.470695 -1.213740 0.120691 -0.057859 0.991003 0.000000 0.000000
  13 -25.354615 -0.391361 -1.168692 -0.161235 0.175591 0.971170 0.000000 0.000000
  13 -25.237929 -0.733254 -1.200219 0.100123 -0.187712 0.977108 0.000000 0.000000
rubbergloveCHROME.bmp
  13 -25.237929 -0.733254 -1.200219 0.100123 -0.187712 0.977108 0.000000 0.000000
  13 -25.354615 -0.391361 -1.168692 -0.161235 0.175591 0.971170 0.000000 0.000000
  14 -25.474086 -0.843168 -1.226945 0.060722 -0.218783 0.973882 0.000000 0.000000
rubbergloveCHROME.bmp
  13 -25.354615 -0.391361 -1.168692 -0.161235 0.175591 0.971170 0.000000 0.000000
  14 -25.721755 -0.609601 -1.200367 -0.340792 0.180893 0.922572 0.000000 0.000000
  14 -25.474086 -0.843168 -1.226945 0.060722 -0.218783 0.973882 0.000000 0.000000
rubbergloveCHROME.bmp
  14 -25.474086 -0.843168 -1.226945 0.060722 -0.218783 0.973882 0.000000 0.000000
  14 -25.721755 -0.609601 -1.200367 -0.340792 0.180893 0.922572 0.000000 0.000000
  14 -25.857806 -0.812241 -1.225410 -0.373232 0.110345 0.921152 0.000000 0.000000
rubbergloveCHROME.bmp
  14 -25.721755 -0.609601 -1.200367 -0.340792 0.180893 0.922572 0.000000 0.000000
  14 -25.889266 -0.661884 -1.304802 -0.487632 -0.056708 0.871206 0.000000 0.000000
  14 -25.857806 -0.812241 -1.225410 -0.373232 0.110345 0.921152 0.000000 0.000000
rubbergloveCHROME.bmp
  14 -25.857806 -0.812241 -1.225410 -0.373232 0.110345 0.921152 0.000000 0.000000
  14 -25.889266 -0.661884 -1.304802 -0.487632 -0.056708 0.871206 0.000000 0.000000
  14 -25.896831 -0.739148 -1.313356 -0.501564 0.194304 0.843018 0.000000 0.000000
rubbergloveCHROME.bmp
  7 -24.918220 -0.839614 0.156671 0.288386 -0.466071 -0.836428 0.000000 0.000000
  7 -24.626633 -0.572967 0.093612 0.183686 -0.742674 -0.643968 0.000000 0.000000
  7 -24.897282 -0.861469 0.165834 0.423807 -0.578365 -0.697052 0.000000 0.000000
rubbergloveCHROME.bmp
  7 -24.897282 -0.861469 0.165834 0.423807 -0.578365 -0.697052 0.000000 0.000000
  7 -24.626633 -0.572967 0.093612 0.183686 -0.742674 -0.643968 0.000000 0.000000
  7 -24.552740 -0.616292 0.137915 0.262026 -0.870060 -0.417538 0.000000 0.000000
rubbergloveCHROME.bmp
  7 -24.626633 -0.572967 0.093612 0.183686 -0.742674 -0.643968 0.000000 0.000000
  1 -24.421518 -0.561508 0.016612 0.033776 -0.984804 -0.170356 0.000000 0.000000
  7 -24.552740 -0.616292 0.137915 0.262026 -0.870060 -0.417538 0.000000 0.000000
rubbergloveCHROME.bmp
  7 -24.552740 -0.616292 0.137915 0.262026 -0.870060 -0.417538 0.000000 0.000000
  1 -24.421518 -0.561508 0.016612 0.033776 -0.984804 -0.170356 0.000000 0.000000
  1 -24.335195 -0.582255 0.144744 0.253356 -0.962915 -0.092762 0.000000 0.000000
rubbergloveCHROME.bmp
  1 -24.421518 -0.561508 0.016612 0.033776 -0.984804 -0.170356 0.000000 0.000000
  1 -23.981681 -0.425457 0.177028 0.601893 -0.798390 -0.017256 0.000000 0.000000
  1 -24.335195 -0.582255 0.144744 0.253356 -0.962915 -0.092762 0.000000 0.000000
rubbergloveCHROME.bmp
  1 -24.335195 -0.582255 0.144744 0.253356 -0.962915 -0.092762 0.000000 0.000000
  1 -23.981681 -0.425457 0.177028 0.601893 -0.798390 -0.017256 0.000000 0.000000
  1 -23.949209 -0.363727 0.466398 0.640777 -0.751525 0.156893 0.000000 0.000000
rubbergloveCHROME.bmp
  1 -23.981681 -0.425457 0.177028 0.601893 -0.798390 -0.017256 0.000000 0.000000
  1 -23.758317 -0.130742 0.252206 0.872492 -0.488315 -0.017504 0.000000 0.000000
  1 -23.949209 -0.363727 0.466398 0.640777 -0.751525 0.156893 0.000000 0.000000
rubbergloveCHROME.bmp
  1 -23.949209 -0.363727 0.466398 0.640777 -0.751525 0.156893 0.000000 0.000000
  1 -23.758317 -0.130742 0.252206 0.872492 -0.488315 -0.017504 0.000000 0.000000
  1 -23.756141 -0.173092 0.502210 0.859849 -0.472407 0.193625 0.000000 0.000000
rubbergloveCHROME.bmp
  1 -23.758317 -0.130742 0.252206 0.872492 -0.488315 -0.017504 0.000000 0.000000
  1 -23.707431 -0.035367 0.291119 0.929451 -0.363026 0.065830 0.000000 0.000000
  1 -23.756141 -0.173092 0.502210 0.859849 -0.472407 0.193625 0.000000 0.000000
rubbergloveCHROME.bmp
  1 -23.756141 -0.173092 0.502210 0.859849 -0.472407 0.193625 0.000000 0.000000
  1 -23.707431 -0.035367 0.291119 0.929451 -0.363026 0.065830 0.000000 0.000000
  1 -23.724181 0.037278 0.561567 0.570618 -0.819543 -0.052390 0.000000 0.000000
rubbergloveCHROME.bmp
  1 -23.707431 -0.035367 0.291119 0.929451 -0.363026 0.065830 0.000000 0.000000
  1 -23.677677 0.146804 0.350519 0.584283 -0.796239 -0.156898 0.000000 0.000000
  1 -23.724181 0.037278 0.561567 0.570618 -0.819543 -0.052390 0.000000 0.000000
rubbergloveCHROME.bmp
  1 -23.724181 0.037278 0.561567 0.570618 -0.819543 -0.052390 0.000000 0.000000
  1 -23.677677 0.146804 0.350519 0.584283 -0.796239 -0.156898 0.000000 0.000000
  1 -23.480461 0.039162 0.346167 -0.274049 -0.864914 -0.420501 0.000000 0.000000
rubbergloveCHROME.bmp
  32 27.148629 -0.325979 -2.333101 0.604018 -0.103885 0.790171 0.000000 0.000000
  32 27.180793 -0.356916 -2.357766 0.813580 -0.070034 0.577220 0.000000 0.000000
  32 27.260318 -0.239742 -2.364546 0.824654 -0.234183 0.514883 0.000000 0.000000
rubbergloveCHROME.bmp
  32 27.260318 -0.239742 -2.364546 0.824654 -0.234183 0.514883 0.000000 0.000000
  32 27.180793 -0.356916 -2.357766 0.813580 -0.070034 0.577220 0.000000 0.000000
  32 27.232465 -0.242894 -2.421240 0.955311 -0.112994 0.273153 0.000000 0.000000
rubbergloveCHROME.bmp
  32 27.180793 -0.356916 -2.357766 0.813580 -0.070034 0.577220 0.000000 0.000000
  32 27.238216 -0.412222 -2.404069 0.630076 0.275154 0.726151 0.000000 0.000000
  32 27.232465 -0.242894 -2.421240 0.955311 -0.112994 0.273153 0.000000 0.000000
rubbergloveCHROME.bmp
  32 27.232465 -0.242894 -2.421240 0.955311 -0.112994 0.273153 0.000000 0.000000
  32 27.238216 -0.412222 -2.404069 0.630076 0.275154 0.726151 0.000000 0.000000
  32 27.276355 -0.340517 -2.472653 0.773136 0.520512 0.362392 0.000000 0.000000
rubbergloveCHROME.bmp
  32 27.238216 -0.412222 -2.404069 0.630076 0.275154 0.726151 0.000000 0.000000
  32 27.412217 -0.455272 -2.508328 0.726642 0.471633 0.499554 0.000000 0.000000
  32 27.276355 -0.340517 -2.472653 0.773136 0.520512 0.362392 0.000000 0.000000
rubbergloveCHROME.bmp
  32 27.276355 -0.340517 -2.472653 0.773136 0.520512 0.362392 0.000000 0.000000
  32 27.412217 -0.455272 -2.508328 0.726642 0.471633 0.499554 0.000000 0.000000
  32 27.403919 -0.398347 -2.683801 0.766802 0.637043 -0.078679 0.000000 0.000000
rubbergloveCHROME.bmp
  32 27.412217 -0.455272 -2.508328 0.726642 0.471633 0.499554 0.000000 0.000000
  32 27.554011 -0.609422 -2.742278 0.840868 0.541213 -0.005501 0.000000 0.000000
  32 27.403919 -0.398347 -2.683801 0.766802 0.637043 -0.078679 0.000000 0.000000
rubbergloveCHROME.bmp
  32 27.403919 -0.398347 -2.683801 0.766802 0.637043 -0.078679 0.000000 0.000000
  32 27.554011 -0.609422 -2.742278 0.840868 0.541213 -0.005501 0.000000 0.000000
  32 27.488919 -0.621964 -2.896569 0.758614 0.524504 -0.386523 0.000000 0.000000
rubbergloveCHROME.bmp
  32 27.554011 -0.609422 -2.742278 0.840868 0.541213 -0.005501 0.000000 0.000000
  33 27.682110 -0.784692 -2.767144 0.443292 0.896018 -0.025373 0.000000 0.000000
  32 27.488919 -0.621964 -2.896569 0.758614 0.524504 -0.386523 0.000000 0.000000
rubbergloveCHROME.bmp
  32 27.488919 -0.621964 -2.896569 0.758614 0.524504 -0.386523 0.000000 0.000000
  33 27.682110 -0.784692 -2.767144 0.443292 0.896018 -0.025373 0.000000 0.000000
  33 27.574405 -0.798734 -2.942650 0.379888 0.868540 -0.318314 0.000000 0.000000
rubbergloveCHROME.bmp
  33 27.682110 -0.784692 -2.767144 0.443292 0.896018 -0.025373 0.000000 0.000000
  33 27.730251 -0.763593 -2.806353 0.535216 0.839880 -0.090248 0.000000 0.000000
  33 27.574405 -0.798734 -2.942650 0.379888 0.868540 -0.318314 0.000000 0.000000
rubbergloveCHROME.bmp
  33 27.574405 -0.798734 -2.942650 0.379888 0.868540 -0.318314 0.000000 0.000000
  33 27.730251 -0.763593 -2.806353 0.535216 0.839880 -0.090248 0.000000 0.000000
  33 27.645378 -0.785916 -2.978684 0.340482 0.884869 -0.317930 0.000000 0.000000
rubbergloveCHROME.bmp
  20 24.668615 -0.134629 1.612885 -0.582600 -0.662131 0.471339 0.000000 0.000000
  20 24.903768 -0.373128 1.665997 -0.903795 -0.384702 0.187507 0.000000 0.000000
  20 24.924503 -0.187689 1.791227 -0.782861 -0.245058 0.571906 0.000000 0.000000
rubbergloveCHROME.bmp
  20 24.924503 -0.187689 1.791227 -0.782861 -0.245058 0.571906 0.000000 0.000000
  20 24.903768 -0.373128 1.665997 -0.903795 -0.384702 0.187507 0.000000 0.000000
  20 24.921518 -0.207602 1.841172 -0.882753 -0.109229 0.456965 0.000000 0.000000
rubbergloveCHROME.bmp
  20 24.903768 -0.373128 1.665997 -0.903795 -0.384702 0.187507 0.000000 0.000000
  20 24.899403 -0.413048 1.701877 -0.930510 -0.303974 0.204331 0.000000 0.000000
  20 24.921518 -0.207602 1.841172 -0.882753 -0.109229 0.456965 0.000000 0.000000
rubbergloveCHROME.bmp
  20 24.921518 -0.207602 1.841172 -0.882753 -0.109229 0.456965 0.000000 0.000000
  20 24.899403 -0.413048 1.701877 -0.930510 -0.303974 0.204331 0.000000 0.000000
  20 25.011628 -0.374697 1.878044 -0.736494 -0.265448 0.622184 0.000000 0.000000
rubbergloveCHROME.bmp
  20 24.899403 -0.413048 1.701877 -0.930510 -0.303974 0.204331 0.000000 0.000000
  20 24.964867 -0.467929 1.737968 -0.831167 -0.462670 0.308379 0.000000 0.000000
  20 25.011628 -0.374697 1.878044 -0.736494 -0.265448 0.622184 0.000000 0.000000
rubbergloveCHROME.bmp
  20 25.011628 -0.374697 1.878044 -0.736494 -0.265448 0.622184 0.000000 0.000000
  20 24.964867 -0.467929 1.737968 -0.831167 -0.462670 0.308379 0.000000 0.000000
  20 25.087862 -0.512543 1.945771 -0.694868 -0.241103 0.677516 0.000000 0.000000
rubbergloveCHROME.bmp
  20 24.964867 -0.467929 1.737968 -0.831167 -0.462670 0.308379 0.000000 0.000000
  20 25.038169 -0.652639 1.822874 -0.845598 -0.461145 0.268904 0.000000 0.000000
  20 25.087862 -0.512543 1.945771 -0.694868 -0.241103 0.677516 0.000000 0.000000
rubbergloveCHROME.bmp
  20 25.087862 -0.512543 1.945771 -0.694868 -0.241103 0.677516 0.000000 0.000000
  20 25.038169 -0.652639 1.822874 -0.845598 -0.461145 0.268904 0.000000 0.000000
  20 25.218843 -0.649255 1.985187 -0.588042 -0.270506 0.762255 0.000000 0.000000
rubbergloveCHROME.bmp
  20 25.038169 -0.652639 1.822874 -0.845598 -0.461145 0.268904 0.000000 0.000000
  20 25.159453 -0.814740 1.849585 -0.831167 -0.462670 0.308379 0.000000 0.000000
  20 25.218843 -0.649255 1.985187 -0.588042 -0.270506 0.762255 0.000000 0.000000
rubbergloveCHROME.bmp
  20 25.218843 -0.649255 1.985187 -0.588042 -0.270506 0.762255 0.000000 0.000000
  20 25.159453 -0.814740 1.849585 -0.831167 -0.462670 0.308379 0.000000 0.000000
  21 25.343699 -0.790986 2.040778 -0.574397 -0.200825 0.793560 0.000000 0.000000
rubbergloveCHROME.bmp
  20 25.159453 -0.814740 1.849585 -0.831167 -0.462670 0.308379 0.000000 0.000000
  21 25.268391 -0.907365 1.928596 -0.740068 -0.497521 0.452518 0.000000 0.000000
  21 25.343699 -0.790986 2.040778 -0.574397 -0.200825 0.793560 0.000000 0.000000
rubbergloveCHROME.bmp
  22 26.902453 -0.853094 0.175929 -0.423807 -0.578367 -0.697051 0.000000 0.000000
  22 26.552734 -0.616344 0.137903 -0.262022 -0.870063 -0.417534 0.000000 0.000000
  22 26.603841 -0.566779 0.100070 -0.183682 -0.742675 -0.643967 0.000000 0.000000
rubbergloveCHROME.bmp
  22 26.603841 -0.566779 0.100070 -0.183682 -0.742675 -0.643967 0.000000 0.000000
  22 26.552734 -0.616344 0.137903 -0.262022 -0.870063 -0.417534 0.000000 0.000000
  3 26.450363 -0.573451 0.037237 -0.033767 -0.984805 -0.170349 0.000000 0.000000
rubbergloveCHROME.bmp
  22 26.552734 -0.616344 0.137903 -0.262022 -0.870063 -0.417534 0.000000 0.000000
  3 26.355557 -0.573598 0.155184 -0.253354 -0.962916 -0.092759 0.000000 0.000000
  3 26.450363 -0.573451 0.037237 -0.033767 -0.984805 -0.170349 0.000000 0.000000
rubbergloveCHROME.bmp
  3 26.450363 -0.573451 0.037237 -0.033767 -0.984805 -0.170349 0.000000 0.000000
  3 26.355557 -0.573598 0.155184 -0.253354 -0.962916 -0.092759 0.000000 0.000000
  3 25.981890 -0.425499 0.167018 -0.605033 -0.795252 -0.038858 0.000000 0.000000
rubbergloveCHROME.bmp
  3 26.355557 -0.573598 0.155184 -0.253354 -0.962916 -0.092759 0.000000 0.000000
  3 25.942923 -0.371371 0.456244 -0.636256 -0.759724 0.134154 0.000000 0.000000
  3 25.981890 -0.425499 0.167018 -0.605033 -0.795252 -0.038858 0.000000 0.000000
rubbergloveCHROME.bmp
  3 25.981890 -0.425499 0.167018 -0.605033 -0.795252 -0.038858 0.000000 0.000000
  3 25.942923 -0.371371 0.456244 -0.636256 -0.759724 0.134154 0.000000 0.000000
  3 25.765907 -0.137284 0.252360 -0.872491 -0.488317 -0.017507 0.000000 0.000000
rubbergloveCHROME.bmp
  3 25.942923 -0.371371 0.456244 -0.636256 -0.759724 0.134154 0.000000 0.000000
  3 25.796876 -0.155731 0.523101 -0.859846 -0.472412 0.193627 0.000000 0.000000
  3 25.765907 -0.137284 0.252360 -0.872491 -0.488317 -0.017507 0.000000 0.000000
rubbergloveCHROME.bmp
  3 25.765907 -0.137284 0.252360 -0.872491 -0.488317 -0.017507 0.000000 0.000000
  3 25.796876 -0.155731 0.523101 -0.859846 -0.472412 0.193627 0.000000 0.000000
  3 25.728897 -0.040808 0.301580 -0.929451 -0.363026 0.065827 0.000000 0.000000
rubbergloveCHROME.bmp
  3 25.796876 -0.155731 0.523101 -0.859846 -0.472412 0.193627 0.000000 0.000000
  3 25.744325 0.045934 0.582005 -0.570619 -0.819542 -0.052390 0.000000 0.000000
  3 25.728897 -0.040808 0.301580 -0.929451 -0.363026 0.065827 0.000000 0.000000
rubbergloveCHROME.bmp
  3 25.728897 -0.040808 0.301580 -0.929451 -0.363026 0.065827 0.000000 0.000000
  3 25.744325 0.045934 0.582005 -0.570619 -0.819542 -0.052390 0.000000 0.000000
  3 25.683287 0.154353 0.390642 -0.611697 -0.776597 -0.150747 0.000000 0.000000
rubbergloveCHROME.bmp
  3 25.744325 0.045934 0.582005 -0.570619 -0.819542 -0.052390 0.000000 0.000000
  3 25.507985 0.041318 0.376768 0.274047 -0.864914 -0.420501 0.000000 0.000000
  3 25.683287 0.154353 0.390642 -0.611697 -0.776597 -0.150747 0.000000 0.000000
rubbergloveCHROME.bmp
  3 25.794219 0.270435 1.063263 0.182111 -0.310193 0.933068 0.000000 0.000000
  3 25.909087 0.172976 1.025754 -0.038251 -0.303244 0.952145 0.000000 0.000000
  3 25.959954 0.247884 1.026887 -0.038251 -0.303244 0.952145 0.000000 0.000000
rubbergloveCHROME.bmp
  3 25.959954 0.247884 1.026887 -0.038251 -0.303244 0.952145 0.000000 0.000000
  3 25.909087 0.172976 1.025754 -0.038251 -0.303244 0.952145 0.000000 0.000000
  3 26.183865 0.017151 1.021750 -0.108569 -0.297376 0.948568 0.000000 0.000000
rubbergloveCHROME.bmp
  3 25.909087 0.172976 1.025754 -0.038251 -0.303244 0.952145 0.000000 0.000000
  3 26.139933 -0.050152 1.000767 -0.103184 -0.377938 0.920063 0.000000 0.000000
  3 26.183865 0.017151 1.021750 -0.108569 -0.297376 0.948568 0.000000 0.000000
rubbergloveCHROME.bmp
  3 26.183865 0.017151 1.021750 -0.108569 -0.297376 0.948568 0.000000 0.000000
  3 26.139933 -0.050152 1.000767 -0.103184 -0.377938 0.920063 0.000000 0.000000
  3 26.370651 -0.166974 0.925787 -0.137837 -0.454659 0.879935 0.000000 0.000000
rubbergloveCHROME.bmp
  3 26.139933 -0.050152 1.000767 -0.103184 -0.377938 0.920063 0.000000 0.000000
  3 26.334763 -0.254880 0.934983 -0.058951 -0.460710 0.885591 0.000000 0.000000
  3 26.370651 -0.166974 0.925787 -0.137837 -0.454659 0.879935 0.000000 0.000000
rubbergloveCHROME.bmp
  3 26.370651 -0.166974 0.925787 -0.137837 -0.454659 0.879935 0.000000 0.000000
  3 26.334763 -0.254880 0.934983 -0.058951 -0.460710 0.885591 0.000000 0.000000
  22 26.494550 -0.285534 0.881260 -0.215887 -0.463497 0.859397 0.000000 0.000000
rubbergloveCHROME.bmp
  3 26.334763 -0.254880 0.934983 -0.058951 -0.460710 0.885591 0.000000 0.000000
  22 26.430610 -0.362098 0.869029 -0.132582 -0.372887 0.918356 0.000000 0.000000
  22 26.494550 -0.285534 0.881260 -0.215887 -0.463497 0.859397 0.000000 0.000000
rubbergloveCHROME.bmp
  22 26.494550 -0.285534 0.881260 -0.215887 -0.463497 0.859397 0.000000 0.000000
  22 26.430610 -0.362098 0.869029 -0.132582 -0.372887 0.918356 0.000000 0.000000
  22 26.779700 -0.637085 0.879898 -0.321827 -0.292168 0.900592 0.000000 0.000000
rubbergloveCHROME.bmp
  22 26.430610 -0.362098 0.869029 -0.132582 -0.372887 0.918356 0.000000 0.000000
  22 26.713283 -0.723791 0.837817 -0.432808 -0.433306 0.790521 0.000000 0.000000
  22 26.779700 -0.637085 0.879898 -0.321827 -0.292168 0.900592 0.000000 0.000000
rubbergloveCHROME.bmp
  22 26.779700 -0.637085 0.879898 -0.321827 -0.292168 0.900592 0.000000 0.000000
  22 26.713283 -0.723791 0.837817 -0.432808 -0.433306 0.790521 0.000000 0.000000
  22 26.947520 -0.953528 0.879692 -0.350704 -0.359518 0.864727 0.000000 0.000000
rubbergloveCHROME.bmp
  22 26.713283 -0.723791 0.837817 -0.432808 -0.433306 0.790521 0.000000 0.000000
  22 26.724586 -0.757887 0.771411 -0.408757 -0.385640 0.827163 0.000000 0.000000
  22 26.947520 -0.953528 0.879692 -0.350704 -0.359518 0.864727 0.000000 0.000000
rubbergloveCHROME.bmp
  3 25.697542 0.220402 1.121145 0.160204 -0.433772 0.886666 0.000000 0.000000
  3 25.754919 0.146738 1.032367 0.189307 -0.541324 0.819226 0.000000 0.000000
  3 25.794219 0.270435 1.063263 0.182111 -0.310193 0.933068 0.000000 0.000000
rubbergloveCHROME.bmp
  3 25.794219 0.270435 1.063263 0.182111 -0.310193 0.933068 0.000000 0.000000
  3 25.754919 0.146738 1.032367 0.189307 -0.541324 0.819226 0.000000 0.000000
  3 25.909087 0.172976 1.025754 -0.038251 -0.303244 0.952145 0.000000 0.000000
rubbergloveCHROME.bmp
  3 25.754919 0.146738 1.032367 0.189307 -0.541324 0.819226 0.000000 0.000000
  3 25.846442 0.004790 0.924320 -0.387250 -0.695560 0.605173 0.000000 0.000000
  3 25.909087 0.172976 1.025754 -0.038251 -0.303244 0.952145 0.000000 0.000000
rubbergloveCHROME.bmp
  3 25.909087 0.172976 1.025754 -0.038251 -0.303244 0.952145 0.000000 0.000000
  3 25.846442 0.004790 0.924320 -0.387250 -0.695560 0.605173 0.000000 0.000000
  3 26.139933 -0.050152 1.000767 -0.103184 -0.377938 0.920063 0.000000 0.000000
rubbergloveCHROME.bmp
  3 25.846442 0.004790 0.924320 -0.387250 -0.695560 0.605173 0.000000 0.000000
  3 26.016931 -0.166351 0.878014 -0.505897 -0.655783 0.560373 0.000000 0.000000
  3 26.139933 -0.050152 1.000767 -0.103184 -0.377938 0.920063 0.000000 0.000000
rubbergloveCHROME.bmp
  3 26.139933 -0.050152 1.000767 -0.103184 -0.377938 0.920063 0.000000 0.000000
  3 26.016931 -0.166351 0.878014 -0.505897 -0.655783 0.560373 0.000000 0.000000
  3 26.334763 -0.254880 0.934983 -0.058951 -0.460710 0.885591 0.000000 0.000000
rubbergloveCHROME.bmp
  3 26.016931 -0.166351 0.878014 -0.505897 -0.655783 0.560373 0.000000 0.000000
  3 26.174765 -0.430777 0.771396 -0.396522 -0.662691 0.635304 0.000000 0.000000
  3 26.334763 -0.254880 0.934983 -0.058951 -0.460710 0.885591 0.000000 0.000000
rubbergloveCHROME.bmp
  3 26.334763 -0.254880 0.934983 -0.058951 -0.460710 0.885591 0.000000 0.000000
  3 26.174765 -0.430777 0.771396 -0.396522 -0.662691 0.635304 0.000000 0.000000
  22 26.396838 -0.410951 0.828128 -0.359871 -0.553804 0.750862 0.000000 0.000000
rubbergloveCHROME.bmp
  3 26.174765 -0.430777 0.771396 -0.396522 -0.662691 0.635304 0.000000 0.000000
  22 26.351856 -0.503040 0.789448 -0.366971 -0.626301 0.687807 0.000000 0.000000
  22 26.396838 -0.410951 0.828128 -0.359871 -0.553804 0.750862 0.000000 0.000000
rubbergloveCHROME.bmp
  22 26.396838 -0.410951 0.828128 -0.359871 -0.553804 0.750862 0.000000 0.000000
  22 26.351856 -0.503040 0.789448 -0.366971 -0.626301 0.687807 0.000000 0.000000
  22 26.724586 -0.757887 0.771411 -0.408757 -0.385640 0.827163 0.000000 0.000000
rubbergloveCHROME.bmp
  22 26.351856 -0.503040 0.789448 -0.366971 -0.626301 0.687807 0.000000 0.000000
  22 26.674131 -0.806119 0.748434 -0.519560 -0.548079 0.655490 0.000000 0.000000
  22 26.724586 -0.757887 0.771411 -0.408757 -0.385640 0.827163 0.000000 0.000000
rubbergloveCHROME.bmp
  16 -24.117667 -0.536875 -2.381916 0.463161 -0.849117 0.253934 0.000000 0.000000
  16 -24.084015 -0.328098 -2.174360 0.201405 -0.903980 0.377170 0.000000 0.000000
  16 -24.239982 -0.400545 -2.185567 0.172275 -0.584185 0.793126 0.000000 0.000000
rubbergloveCHROME.bmp
  16 -24.239982 -0.400545 -2.185567 0.172275 -0.584185 0.793126 0.000000 0.000000
  16 -24.084015 -0.328098 -2.174360 0.201405 -0.903980 0.377170 0.000000 0.000000
  16 -24.248741 -0.232050 -2.091053 -0.270803 -0.940048 0.207304 0.000000 0.000000
rubbergloveCHROME.bmp
  16 -24.084015 -0.328098 -2.174360 0.201405 -0.903980 0.377170 0.000000 0.000000
  1 -24.065633 -0.351197 -1.971632 -0.038751 -0.873424 -0.485417 0.000000 0.000000
  16 -24.248741 -0.232050 -2.091053 -0.270803 -0.940048 0.207304 0.000000 0.000000
rubbergloveCHROME.bmp
  16 -24.248741 -0.232050 -2.091053 -0.270803 -0.940048 0.207304 0.000000 0.000000
  1 -24.065633 -0.351197 -1.971632 -0.038751 -0.873424 -0.485417 0.000000 0.000000
  1 -24.287634 -0.291249 -1.956744 -0.036592 -0.652813 -0.756635 0.000000 0.000000
rubbergloveCHROME.bmp
  1 -24.065633 -0.351197 -1.971632 -0.038751 -0.873424 -0.485417 0.000000 0.000000
  1 -24.156173 -0.443287 -1.889645 0.060218 -0.770450 -0.634650 0.000000 0.000000
  1 -24.287634 -0.291249 -1.956744 -0.036592 -0.652813 -0.756635 0.000000 0.000000
rubbergloveCHROME.bmp
  1 -24.287634 -0.291249 -1.956744 -0.036592 -0.652813 -0.756635 0.000000 0.000000
  1 -24.156173 -0.443287 -1.889645 0.060218 -0.770450 -0.634650 0.000000 0.000000
  1 -24.328502 -0.366039 -1.935858 0.023043 -0.589251 -0.807622 0.000000 0.000000
rubbergloveCHROME.bmp
  1 -24.156173 -0.443287 -1.889645 0.060218 -0.770450 -0.634650 0.000000 0.000000
  1 -24.345603 -0.527652 -1.815488 0.269562 -0.876371 -0.399136 0.000000 0.000000
  1 -24.328502 -0.366039 -1.935858 0.023043 -0.589251 -0.807622 0.000000 0.000000
rubbergloveCHROME.bmp
  1 -24.328502 -0.366039 -1.935858 0.023043 -0.589251 -0.807622 0.000000 0.000000
  1 -24.345603 -0.527652 -1.815488 0.269562 -0.876371 -0.399136 0.000000 0.000000
  1 -24.463407 -0.376712 -1.902892 0.224437 -0.529889 -0.817830 0.000000 0.000000
rubbergloveCHROME.bmp
  1 -24.345603 -0.527652 -1.815488 0.269562 -0.876371 -0.399136 0.000000 0.000000
  13 -24.613048 -0.686632 -1.844928 0.531027 -0.502762 -0.682085 0.000000 0.000000
  1 -24.463407 -0.376712 -1.902892 0.224437 -0.529889 -0.817830 0.000000 0.000000
rubbergloveCHROME.bmp
  1 -24.463407 -0.376712 -1.902892 0.224437 -0.529889 -0.817830 0.000000 0.000000
  13 -24.613048 -0.686632 -1.844928 0.531027 -0.502762 -0.682085 0.000000 0.000000
  13 -24.709028 -0.530312 -1.951003 0.440914 -0.318059 -0.839305 0.000000 0.000000
rubbergloveCHROME.bmp
  13 -24.613048 -0.686632 -1.844928 0.531027 -0.502762 -0.682085 0.000000 0.000000
  13 -24.976098 -0.805361 -2.027954 0.496273 -0.400011 -0.770522 0.000000 0.000000
  13 -24.709028 -0.530312 -1.951003 0.440914 -0.318059 -0.839305 0.000000 0.000000
rubbergloveCHROME.bmp
  1 -23.345636 0.260513 -1.087090 0.687199 -0.700804 0.191392 0.000000 0.000000
  1 -23.316870 0.136917 -1.597870 0.792911 -0.568523 0.219258 0.000000 0.000000
  1 -23.239650 0.308190 -1.599529 0.653333 -0.725657 0.215819 0.000000 0.000000
rubbergloveCHROME.bmp
  1 -23.239650 0.308190 -1.599529 0.653333 -0.725657 0.215819 0.000000 0.000000
  1 -23.316870 0.136917 -1.597870 0.792911 -0.568523 0.219258 0.000000 0.000000
  1 -23.079617 0.216951 -2.063172 0.640777 -0.751525 0.156893 0.000000 0.000000
rubbergloveCHROME.bmp
  1 -23.316870 0.136917 -1.597870 0.792911 -0.568523 0.219258 0.000000 0.000000
  1 -23.261124 0.060994 -2.019211 0.660360 -0.740382 0.125538 0.000000 0.000000
  1 -23.079617 0.216951 -2.063172 0.640777 -0.751525 0.156893 0.000000 0.000000
rubbergloveCHROME.bmp
  1 -23.079617 0.216951 -2.063172 0.640777 -0.751525 0.156893 0.000000 0.000000
  1 -23.261124 0.060994 -2.019211 0.660360 -0.740382 0.125538 0.000000 0.000000
  1 -23.074305 0.201822 -2.413376 0.690285 -0.721894 -0.048738 0.000000 0.000000
rubbergloveCHROME.bmp
  1 -23.261124 0.060994 -2.019211 0.660360 -0.740382 0.125538 0.000000 0.000000
  1 -23.495355 -0.183748 -2.444225 0.462339 -0.865526 -0.192634 0.000000 0.000000
  1 -23.074305 0.201822 -2.413376 0.690285 -0.721894 -0.048738 0.000000 0.000000
rubbergloveCHROME.bmp
  1 -23.074305 0.201822 -2.413376 0.690285 -0.721894 -0.048738 0.000000 0.000000
  1 -23.495355 -0.183748 -2.444225 0.462339 -0.865526 -0.192634 0.000000 0.000000
  1 -23.396320 -0.042840 -2.636415 0.416475 -0.755739 -0.505378 0.000000 0.000000
rubbergloveCHROME.bmp
  1 -23.495355 -0.183748 -2.444225 0.462339 -0.865526 -0.192634 0.000000 0.000000
  1 -23.693560 -0.140074 -2.579899 0.490634 -0.762438 -0.421861 0.000000 0.000000
  1 -23.396320 -0.042840 -2.636415 0.416475 -0.755739 -0.505378 0.000000 0.000000
rubbergloveCHROME.bmp
  1 -23.396320 -0.042840 -2.636415 0.416475 -0.755739 -0.505378 0.000000 0.000000
  1 -23.693560 -0.140074 -2.579899 0.490634 -0.762438 -0.421861 0.000000 0.000000
  1 -23.700044 -0.104253 -2.679773 0.455660 -0.703958 -0.544809 0.000000 0.000000
rubbergloveCHROME.bmp
  1 -23.693560 -0.140074 -2.579899 0.490634 -0.762438 -0.421861 0.000000 0.000000
  16 -23.867290 -0.239736 -2.701164 0.583480 -0.595667 -0.552026 0.000000 0.000000
  1 -23.700044 -0.104253 -2.679773 0.455660 -0.703958 -0.544809 0.000000 0.000000
rubbergloveCHROME.bmp
  1 -23.700044 -0.104253 -2.679773 0.455660 -0.703958 -0.544809 0.000000 0.000000
  16 -23.867290 -0.239736 -2.701164 0.583480 -0.595667 -0.552026 0.000000 0.000000
  16 -23.840469 -0.190421 -2.768608 0.554079 -0.602575 -0.574369 0.000000 0.000000
rubbergloveCHROME.bmp
  16 -23.867290 -0.239736 -2.701164 0.583480 -0.595667 -0.552026 0.000000 0.000000
  16 -24.074721 -0.345587 -2.752813 0.416413 -0.679414 -0.604150 0.000000 0.000000
  16 -23.840469 -0.190421 -2.768608 0.554079 -0.602575 -0.574369 0.000000 0.000000
rubbergloveCHROME.bmp
  10 -25.952443 -0.720347 -0.130459 -0.077710 0.081761 0.993618 0.000000 0.000000
  10 -26.087360 -0.720583 -0.091761 -0.419066 -0.247608 0.873541 0.000000 0.000000
  10 -26.005596 -0.781453 -0.111998 -0.296406 -0.053847 0.953543 0.000000 0.000000
rubbergloveCHROME.bmp
  10 -26.005596 -0.781453 -0.111998 -0.296406 -0.053847 0.953543 0.000000 0.000000
  10 -26.087360 -0.720583 -0.091761 -0.419066 -0.247608 0.873541 0.000000 0.000000
  10 -26.038734 -0.743849 -0.131690 -0.298511 0.006331 0.954385 0.000000 0.000000
rubbergloveCHROME.bmp
  10 -26.087360 -0.720583 -0.091761 -0.419066 -0.247608 0.873541 0.000000 0.000000
  10 -26.133746 -0.680675 -0.201560 -0.606292 0.301994 0.735669 0.000000 0.000000
  10 -26.038734 -0.743849 -0.131690 -0.298511 0.006331 0.954385 0.000000 0.000000
rubbergloveCHROME.bmp
  10 -26.038734 -0.743849 -0.131690 -0.298511 0.006331 0.954385 0.000000 0.000000
  10 -26.133746 -0.680675 -0.201560 -0.606292 0.301994 0.735669 0.000000 0.000000
  11 -26.121753 -0.793435 -0.093321 -0.146487 0.333666 0.931240 0.000000 0.000000
rubbergloveCHROME.bmp
  10 -26.133746 -0.680675 -0.201560 -0.606292 0.301994 0.735669 0.000000 0.000000
  11 -26.174843 -0.705391 -0.182370 -0.517685 0.581654 0.627440 0.000000 0.000000
  11 -26.121753 -0.793435 -0.093321 -0.146487 0.333666 0.931240 0.000000 0.000000
rubbergloveCHROME.bmp
  11 -26.121753 -0.793435 -0.093321 -0.146487 0.333666 0.931240 0.000000 0.000000
  11 -26.174843 -0.705391 -0.182370 -0.517685 0.581654 0.627440 0.000000 0.000000
  11 -26.192082 -0.804062 -0.174195 -0.819854 -0.230091 0.524307 0.000000 0.000000
rubbergloveCHROME.bmp
  11 -26.174843 -0.705391 -0.182370 -0.517685 0.581654 0.627440 0.000000 0.000000
  11 -26.314825 -0.725469 -0.414106 -0.942286 -0.149240 0.299708 0.000000 0.000000
  11 -26.192082 -0.804062 -0.174195 -0.819854 -0.230091 0.524307 0.000000 0.000000
rubbergloveCHROME.bmp
  11 -26.192082 -0.804062 -0.174195 -0.819854 -0.230091 0.524307 0.000000 0.000000
  11 -26.314825 -0.725469 -0.414106 -0.942286 -0.149240 0.299708 0.000000 0.000000
  11 -26.288274 -0.782867 -0.414815 -0.911117 0.102890 0.399099 0.000000 0.000000
rubbergloveCHROME.bmp
  11 -26.314825 -0.725469 -0.414106 -0.942286 -0.149240 0.299708 0.000000 0.000000
  11 -26.320601 -0.743087 -0.614496 -0.976990 0.060040 0.204659 0.000000 0.000000
  11 -26.288274 -0.782867 -0.414815 -0.911117 0.102890 0.399099 0.000000 0.000000
rubbergloveCHROME.bmp
  11 -26.288274 -0.782867 -0.414815 -0.911117 0.102890 0.399099 0.000000 0.000000
  11 -26.320601 -0.743087 -0.614496 -0.976990 0.060040 0.204659 0.000000 0.000000
  11 -26.411547 -0.885029 -0.427730 -0.579448 0.703585 0.411350 0.000000 0.000000
rubbergloveCHROME.bmp
  11 -26.320601 -0.743087 -0.614496 -0.976990 0.060040 0.204659 0.000000 0.000000
  11 -26.451253 -0.852268 -0.617599 -0.598607 0.767981 0.227761 0.000000 0.000000
  11 -26.411547 -0.885029 -0.427730 -0.579448 0.703585 0.411350 0.000000 0.000000
rubbergloveCHROME.bmp
  10 -26.267823 -0.501114 -0.729935 -0.876785 0.471592 -0.094067 0.000000 0.000000
  10 -26.246032 -0.469358 -0.589164 -0.673230 0.718536 0.174549 0.000000 0.000000
  10 -26.223104 -0.461127 -0.728829 -0.692545 0.713359 -0.107239 0.000000 0.000000
rubbergloveCHROME.bmp
  10 -26.223104 -0.461127 -0.728829 -0.692545 0.713359 -0.107239 0.000000 0.000000
  10 -26.246032 -0.469358 -0.589164 -0.673230 0.718536 0.174549 0.000000 0.000000
  10 -26.156316 -0.401651 -0.697176 -0.765103 0.643787 -0.012456 0.000000 0.000000
rubbergloveCHROME.bmp
  10 -26.246032 -0.469358 -0.589164 -0.673230 0.718536 0.174549 0.000000 0.000000
  10 -26.201410 -0.429539 -0.578059 -0.809252 0.546871 0.214579 0.000000 0.000000
  10 -26.156316 -0.401651 -0.697176 -0.765103 0.643787 -0.012456 0.000000 0.000000
rubbergloveCHROME.bmp
  10 -26.156316 -0.401651 -0.697176 -0.765103 0.643787 -0.012456 0.000000 0.000000
  10 -26.201410 -0.429539 -0.578059 -0.809252 0.546871 0.214579 0.000000 0.000000
  10 -26.164144 -0.396216 -0.577138 -0.985846 0.081499 0.146513 0.000000 0.000000
rubbergloveCHROME.bmp
  10 -26.201410 -0.429539 -0.578059 -0.809252 0.546871 0.214579 0.000000 0.000000
  10 -26.123334 -0.401276 -0.416798 -0.865861 0.224685 0.446992 0.000000 0.000000
  10 -26.164144 -0.396216 -0.577138 -0.985846 0.081499 0.146513 0.000000 0.000000
rubbergloveCHROME.bmp
  10 -26.164144 -0.396216 -0.577138 -0.985846 0.081499 0.146513 0.000000 0.000000
  10 -26.123334 -0.401276 -0.416798 -0.865861 0.224685 0.446992 0.000000 0.000000
  10 -26.125873 -0.322895 -0.435507 -0.881792 0.252833 0.398144 0.000000 0.000000
rubbergloveCHROME.bmp
  10 -26.123334 -0.401276 -0.416798 -0.865861 0.224685 0.446992 0.000000 0.000000
  10 -26.038383 -0.259058 -0.313562 -0.757576 0.335010 0.560221 0.000000 0.000000
  10 -26.125873 -0.322895 -0.435507 -0.881792 0.252833 0.398144 0.000000 0.000000
rubbergloveCHROME.bmp
  10 -26.125873 -0.322895 -0.435507 -0.881792 0.252833 0.398144 0.000000 0.000000
  10 -26.038383 -0.259058 -0.313562 -0.757576 0.335010 0.560221 0.000000 0.000000
  10 -26.103513 -0.302902 -0.434954 -0.798872 0.527746 0.288596 0.000000 0.000000
rubbergloveCHROME.bmp
  10 -26.038383 -0.259058 -0.313562 -0.757576 0.335010 0.560221 0.000000 0.000000
  10 -26.000040 -0.211113 -0.342390 -0.712215 0.308879 0.630352 0.000000 0.000000
  10 -26.103513 -0.302902 -0.434954 -0.798872 0.527746 0.288596 0.000000 0.000000
rubbergloveCHROME.bmp
  10 -26.103513 -0.302902 -0.434954 -0.798872 0.527746 0.288596 0.000000 0.000000
  10 -26.000040 -0.211113 -0.342390 -0.712215 0.308879 0.630352 0.000000 0.000000
  10 -26.036794 -0.109751 -0.351042 -0.815131 0.253141 0.521038 0.000000 0.000000
rubbergloveCHROME.bmp
  10 -26.000040 -0.211113 -0.342390 -0.712215 0.308879 0.630352 0.000000 0.000000
  10 -25.938441 -0.116115 -0.300187 -0.552628 0.308549 0.774209 0.000000 0.000000
  10 -26.036794 -0.109751 -0.351042 -0.815131 0.253141 0.521038 0.000000 0.000000
rubbergloveCHROME.bmp
  7 -25.811009 -0.333334 0.741402 -0.888417 0.327982 0.321158 0.000000 0.000000
  7 -25.739794 -0.341470 0.853929 -0.844363 -0.077564 0.530128 0.000000 0.000000
  7 -25.750578 -0.311424 0.862926 -0.818371 0.381964 0.429386 0.000000 0.000000
rubbergloveCHROME.bmp
  7 -25.750578 -0.311424 0.862926 -0.818371 0.381964 0.429386 0.000000 0.000000
  7 -25.739794 -0.341470 0.853929 -0.844363 -0.077564 0.530128 0.000000 0.000000
  7 -25.615913 -0.277029 0.942815 -0.691954 0.144774 0.707277 0.000000 0.000000
rubbergloveCHROME.bmp
  7 -25.739794 -0.341470 0.853929 -0.844363 -0.077564 0.530128 0.000000 0.000000
  7 -25.719353 -0.390562 0.875656 -0.747691 -0.301675 0.591565 0.000000 0.000000
  7 -25.615913 -0.277029 0.942815 -0.691954 0.144774 0.707277 0.000000 0.000000
rubbergloveCHROME.bmp
  7 -25.615913 -0.277029 0.942815 -0.691954 0.144774 0.707277 0.000000 0.000000
  7 -25.719353 -0.390562 0.875656 -0.747691 -0.301675 0.591565 0.000000 0.000000
  7 -25.579712 -0.339548 0.983813 -0.611909 0.101750 0.784356 0.000000 0.000000
rubbergloveCHROME.bmp
  7 -25.719353 -0.390562 0.875656 -0.747691 -0.301675 0.591565 0.000000 0.000000
  7 -25.690333 -0.444178 0.856080 -0.726081 0.470324 0.501598 0.000000 0.000000
  7 -25.579712 -0.339548 0.983813 -0.611909 0.101750 0.784356 0.000000 0.000000
rubbergloveCHROME.bmp
  7 -25.579712 -0.339548 0.983813 -0.611909 0.101750 0.784356 0.000000 0.000000
  7 -25.690333 -0.444178 0.856080 -0.726081 0.470324 0.501598 0.000000 0.000000
  7 -25.605835 -0.455598 1.017727 -0.545462 0.496514 0.675237 0.000000 0.000000
rubbergloveCHROME.bmp
  7 -25.690333 -0.444178 0.856080 -0.726081 0.470324 0.501598 0.000000 0.000000
  7 -25.656228 -0.513269 1.049892 -0.505253 0.548134 0.666534 0.000000 0.000000
  7 -25.605835 -0.455598 1.017727 -0.545462 0.496514 0.675237 0.000000 0.000000
rubbergloveCHROME.bmp
  7 -25.605835 -0.455598 1.017727 -0.545462 0.496514 0.675237 0.000000 0.000000
  7 -25.656228 -0.513269 1.049892 -0.505253 0.548134 0.666534 0.000000 0.000000
  7 -25.528883 -0.550827 1.116771 -0.211381 0.264318 0.940986 0.000000 0.000000
rubbergloveCHROME.bmp
  7 -25.656228 -0.513269 1.049892 -0.505253 0.548134 0.666534 0.000000 0.000000
  7 -25.555434 -0.653686 1.139468 -0.107001 -0.057765 0.992579 0.000000 0.000000
  7 -25.528883 -0.550827 1.116771 -0.211381 0.264318 0.940986 0.000000 0.000000
rubbergloveCHROME.bmp
  7 -25.528883 -0.550827 1.116771 -0.211381 0.264318 0.940986 0.000000 0.000000
  7 -25.555434 -0.653686 1.139468 -0.107001 -0.057765 0.992579 0.000000 0.000000
  7 -25.459540 -0.623962 1.144025 0.134797 -0.191429 0.972206 0.000000 0.000000
rubbergloveCHROME.bmp
  7 -25.555434 -0.653686 1.139468 -0.107001 -0.057765 0.992579 0.000000 0.000000
  7 -25.458212 -0.660008 1.065929 0.048036 -0.491994 0.869272 0.000000 0.000000
  7 -25.459540 -0.623962 1.144025 0.134797 -0.191429 0.972206 0.000000 0.000000
rubbergloveCHROME.bmp
  7 -25.811009 -0.333334 0.741402 -0.888417 0.327982 0.321158 0.000000 0.000000
  7 -25.750578 -0.311424 0.862926 -0.818371 0.381964 0.429386 0.000000 0.000000
  7 -25.701195 -0.198800 0.734952 -0.870961 0.269385 0.410925 0.000000 0.000000
rubbergloveCHROME.bmp
  7 -25.701195 -0.198800 0.734952 -0.870961 0.269385 0.410925 0.000000 0.000000
  7 -25.750578 -0.311424 0.862926 -0.818371 0.381964 0.429386 0.000000 0.000000
  7 -25.677082 -0.158323 0.951008 -0.756807 0.114467 0.643537 0.000000 0.000000
rubbergloveCHROME.bmp
  7 -25.750578 -0.311424 0.862926 -0.818371 0.381964 0.429386 0.000000 0.000000
  7 -25.650833 -0.254081 0.935471 -0.611909 0.101750 0.784356 0.000000 0.000000
  7 -25.677082 -0.158323 0.951008 -0.756807 0.114467 0.643537 0.000000 0.000000
rubbergloveCHROME.bmp
  7 -25.677082 -0.158323 0.951008 -0.756807 0.114467 0.643537 0.000000 0.000000
  7 -25.650833 -0.254081 0.935471 -0.611909 0.101750 0.784356 0.000000 0.000000
  7 -25.584883 -0.184789 0.960950 -0.507439 0.247287 0.825442 0.000000 0.000000
rubbergloveCHROME.bmp
  7 -25.650833 -0.254081 0.935471 -0.611909 0.101750 0.784356 0.000000 0.000000
  7 -25.615913 -0.277029 0.942815 -0.691954 0.144774 0.707277 0.000000 0.000000
  7 -25.584883 -0.184789 0.960950 -0.507439 0.247287 0.825442 0.000000 0.000000
rubbergloveCHROME.bmp
  7 -25.584883 -0.184789 0.960950 -0.507439 0.247287 0.825442 0.000000 0.000000
  7 -25.615913 -0.277029 0.942815 -0.691954 0.144774 0.707277 0.000000 0.000000
  7 -25.549738 -0.195880 1.017887 -0.557287 0.260139 0.788517 0.000000 0.000000
rubbergloveCHROME.bmp
  7 -25.615913 -0.277029 0.942815 -0.691954 0.144774 0.707277 0.000000 0.000000
  7 -25.579712 -0.339548 0.983813 -0.611909 0.101750 0.784356 0.000000 0.000000
  7 -25.549738 -0.195880 1.017887 -0.557287 0.260139 0.788517 0.000000 0.000000
rubbergloveCHROME.bmp
  7 -25.549738 -0.195880 1.017887 -0.557287 0.260139 0.788517 0.000000 0.000000
  7 -25.579712 -0.339548 0.983813 -0.611909 0.101750 0.784356 0.000000 0.000000
  7 -25.466342 -0.229681 1.019540 -0.296459 0.212726 0.931053 0.000000 0.000000
rubbergloveCHROME.bmp
  7 -25.579712 -0.339548 0.983813 -0.611909 0.101750 0.784356 0.000000 0.000000
  7 -25.399552 -0.479433 1.133395 -0.114581 0.147398 0.982418 0.000000 0.000000
  7 -25.466342 -0.229681 1.019540 -0.296459 0.212726 0.931053 0.000000 0.000000
rubbergloveCHROME.bmp
  7 -25.466342 -0.229681 1.019540 -0.296459 0.212726 0.931053 0.000000 0.000000
  7 -25.399552 -0.479433 1.133395 -0.114581 0.147398 0.982418 0.000000 0.000000
  7 -25.301446 -0.328901 1.137288 0.222773 -0.086548 0.971021 0.000000 0.000000
rubbergloveCHROME.bmp
  7 -25.399552 -0.479433 1.133395 -0.114581 0.147398 0.982418 0.000000 0.000000
  7 -25.337614 -0.555521 1.050483 0.403020 -0.101499 0.909545 0.000000 0.000000
  7 -25.301446 -0.328901 1.137288 0.222773 -0.086548 0.971021 0.000000 0.000000
rubbergloveCHROME.bmp
  8 -26.006283 -0.586845 0.283615 -0.404242 0.673393 -0.618975 0.000000 0.000000
  8 -26.029585 -0.545344 0.414896 -0.704700 0.704563 -0.083599 0.000000 0.000000
  8 -25.963805 -0.512632 0.413184 -0.704700 0.704563 -0.083599 0.000000 0.000000
rubbergloveCHROME.bmp
  8 -25.963805 -0.512632 0.413184 -0.704700 0.704563 -0.083599 0.000000 0.000000
  8 -26.029585 -0.545344 0.414896 -0.704700 0.704563 -0.083599 0.000000 0.000000
  8 -26.006621 -0.530771 0.582706 -0.600950 0.780176 0.173738 0.000000 0.000000
rubbergloveCHROME.bmp
  8 -26.029585 -0.545344 0.414896 -0.704700 0.704563 -0.083599 0.000000 0.000000
  8 -26.077743 -0.662835 0.583647 -0.940802 0.191596 0.279612 0.000000 0.000000
  8 -26.006621 -0.530771 0.582706 -0.600950 0.780176 0.173738 0.000000 0.000000
rubbergloveCHROME.bmp
  8 -26.006621 -0.530771 0.582706 -0.600950 0.780176 0.173738 0.000000 0.000000
  8 -26.077743 -0.662835 0.583647 -0.940802 0.191596 0.279612 0.000000 0.000000
  8 -26.001797 -0.682593 0.787710 -0.885906 0.266533 0.379645 0.000000 0.000000
rubbergloveCHROME.bmp
  8 -26.077743 -0.662835 0.583647 -0.940802 0.191596 0.279612 0.000000 0.000000
  8 -25.976474 -0.793399 0.753346 -0.921061 0.081877 0.380714 0.000000 0.000000
  8 -26.001797 -0.682593 0.787710 -0.885906 0.266533 0.379645 0.000000 0.000000
rubbergloveCHROME.bmp
  8 -26.001797 -0.682593 0.787710 -0.885906 0.266533 0.379645 0.000000 0.000000
  8 -25.976474 -0.793399 0.753346 -0.921061 0.081877 0.380714 0.000000 0.000000
  8 -25.894656 -0.711425 0.907249 -0.851416 0.105213 0.513830 0.000000 0.000000
rubbergloveCHROME.bmp
  8 -25.976474 -0.793399 0.753346 -0.921061 0.081877 0.380714 0.000000 0.000000
  8 -25.916661 -0.800063 0.938219 -0.835968 0.239663 0.493679 0.000000 0.000000
  8 -25.894656 -0.711425 0.907249 -0.851416 0.105213 0.513830 0.000000 0.000000
rubbergloveCHROME.bmp
  8 -25.894656 -0.711425 0.907249 -0.851416 0.105213 0.513830 0.000000 0.000000
  8 -25.916661 -0.800063 0.938219 -0.835968 0.239663 0.493679 0.000000 0.000000
  8 -25.803187 -0.770040 1.082171 -0.674899 0.082061 0.733333 0.000000 0.000000
rubbergloveCHROME.bmp
  8 -25.916661 -0.800063 0.938219 -0.835968 0.239663 0.493679 0.000000 0.000000
  8 -25.792645 -0.866893 1.038487 -0.485509 0.066577 0.871693 0.000000 0.000000
  8 -25.803187 -0.770040 1.082171 -0.674899 0.082061 0.733333 0.000000 0.000000
rubbergloveCHROME.bmp
  8 -25.803187 -0.770040 1.082171 -0.674899 0.082061 0.733333 0.000000 0.000000
  8 -25.792645 -0.866893 1.038487 -0.485509 0.066577 0.871693 0.000000 0.000000
  8 -25.755188 -0.862369 1.103882 -0.090285 -0.403975 0.910304 0.000000 0.000000
rubbergloveCHROME.bmp
  8 -25.792645 -0.866893 1.038487 -0.485509 0.066577 0.871693 0.000000 0.000000
  8 -25.672759 -0.959677 1.009878 -0.128698 -0.084713 0.988059 0.000000 0.000000
  8 -25.755188 -0.862369 1.103882 -0.090285 -0.403975 0.910304 0.000000 0.000000
rubbergloveCHROME.bmp
  16 -24.982941 -0.153695 -2.257521 -0.512017 -0.147906 0.846146 0.000000 0.000000
  16 -24.863373 -0.219991 -2.199140 -0.341675 0.121885 0.931881 0.000000 0.000000
  16 -24.991392 -0.053826 -2.250131 -0.111193 0.265776 0.957601 0.000000 0.000000
rubbergloveCHROME.bmp
  16 -24.991392 -0.053826 -2.250131 -0.111193 0.265776 0.957601 0.000000 0.000000
  16 -24.863373 -0.219991 -2.199140 -0.341675 0.121885 0.931881 0.000000 0.000000
  16 -24.918809 -0.083741 -2.290588 -0.051982 0.498207 0.865498 0.000000 0.000000
rubbergloveCHROME.bmp
  16 -24.863373 -0.219991 -2.199140 -0.341675 0.121885 0.931881 0.000000 0.000000
  16 -24.731261 -0.101961 -2.195227 -0.404219 0.376495 0.833582 0.000000 0.000000
  16 -24.918809 -0.083741 -2.290588 -0.051982 0.498207 0.865498 0.000000 0.000000
rubbergloveCHROME.bmp
  16 -24.918809 -0.083741 -2.290588 -0.051982 0.498207 0.865498 0.000000 0.000000
  16 -24.731261 -0.101961 -2.195227 -0.404219 0.376495 0.833582 0.000000 0.000000
  16 -24.783653 -0.016599 -2.285606 -0.370695 0.353770 0.858739 0.000000 0.000000
rubbergloveCHROME.bmp
  16 -24.731261 -0.101961 -2.195227 -0.404219 0.376495 0.833582 0.000000 0.000000
  16 -24.667159 -0.030680 -2.165062 -0.561433 0.218728 0.798092 0.000000 0.000000
  16 -24.783653 -0.016599 -2.285606 -0.370695 0.353770 0.858739 0.000000 0.000000
rubbergloveCHROME.bmp
  16 -24.783653 -0.016599 -2.285606 -0.370695 0.353770 0.858739 0.000000 0.000000
  16 -24.667159 -0.030680 -2.165062 -0.561433 0.218728 0.798092 0.000000 0.000000
  16 -24.698322 0.073829 -2.246343 -0.679367 0.196040 0.707127 0.000000 0.000000
rubbergloveCHROME.bmp
  16 -24.667159 -0.030680 -2.165062 -0.561433 0.218728 0.798092 0.000000 0.000000
  16 -24.635502 0.104913 -2.161565 -0.995909 -0.071675 -0.055032 0.000000 0.000000
  16 -24.698322 0.073829 -2.246343 -0.679367 0.196040 0.707127 0.000000 0.000000
rubbergloveCHROME.bmp
  16 -24.698322 0.073829 -2.246343 -0.679367 0.196040 0.707127 0.000000 0.000000
  16 -24.635502 0.104913 -2.161565 -0.995909 -0.071675 -0.055032 0.000000 0.000000
  1 -24.584109 0.235238 -2.150173 -0.993929 0.041484 -0.101901 0.000000 0.000000
rubbergloveCHROME.bmp
  16 -24.635502 0.104913 -2.161565 -0.995909 -0.071675 -0.055032 0.000000 0.000000
  16 -24.727367 0.103747 -2.142606 -0.384060 -0.171914 -0.907162 0.000000 0.000000
  1 -24.584109 0.235238 -2.150173 -0.993929 0.041484 -0.101901 0.000000 0.000000
rubbergloveCHROME.bmp
  1 -24.584109 0.235238 -2.150173 -0.993929 0.041484 -0.101901 0.000000 0.000000
  16 -24.727367 0.103747 -2.142606 -0.384060 -0.171914 -0.907162 0.000000 0.000000
  1 -24.695215 0.336245 -2.077696 -0.594238 -0.121973 -0.794987 0.000000 0.000000
rubbergloveCHROME.bmp
  16 -24.727367 0.103747 -2.142606 -0.384060 -0.171914 -0.907162 0.000000 0.000000
  1 -24.741276 0.112870 -2.086735 -0.198395 0.037420 -0.979408 0.000000 0.000000
  1 -24.695215 0.336245 -2.077696 -0.594238 -0.121973 -0.794987 0.000000 0.000000
rubbergloveCHROME.bmp
  13 -25.634294 0.030459 -1.652476 -0.950951 0.299002 -0.079313 0.000000 0.000000
  13 -25.609376 0.216980 -1.813066 -0.650420 0.471837 -0.595251 0.000000 0.000000
  13 -25.649435 0.097997 -1.819238 -0.782801 0.224205 -0.580478 0.000000 0.000000
rubbergloveCHROME.bmp
  13 -25.649435 0.097997 -1.819238 -0.782801 0.224205 -0.580478 0.000000 0.000000
  13 -25.609376 0.216980 -1.813066 -0.650420 0.471837 -0.595251 0.000000 0.000000
  13 -25.567417 0.078524 -1.862755 -0.488067 0.484497 -0.725984 0.000000 0.000000
rubbergloveCHROME.bmp
  13 -25.609376 0.216980 -1.813066 -0.650420 0.471837 -0.595251 0.000000 0.000000
  13 -25.420661 0.200987 -1.854667 -0.418131 0.575127 -0.703133 0.000000 0.000000
  13 -25.567417 0.078524 -1.862755 -0.488067 0.484497 -0.725984 0.000000 0.000000
rubbergloveCHROME.bmp
  13 -25.567417 0.078524 -1.862755 -0.488067 0.484497 -0.725984 0.000000 0.000000
  13 -25.420661 0.200987 -1.854667 -0.418131 0.575127 -0.703133 0.000000 0.000000
  13 -25.534353 0.068199 -1.910716 -0.539764 0.554571 -0.633329 0.000000 0.000000
rubbergloveCHROME.bmp
  13 -25.420661 0.200987 -1.854667 -0.418131 0.575127 -0.703133 0.000000 0.000000
  13 -25.402732 0.190278 -1.894213 -0.504416 0.616170 -0.604895 0.000000 0.000000
  13 -25.534353 0.068199 -1.910716 -0.539764 0.554571 -0.633329 0.000000 0.000000
rubbergloveCHROME.bmp
  13 -25.534353 0.068199 -1.910716 -0.539764 0.554571 -0.633329 0.000000 0.000000
  13 -25.402732 0.190278 -1.894213 -0.504416 0.616170 -0.604895 0.000000 0.000000
  13 -25.497738 0.047574 -1.928989 -0.443568 0.488975 -0.751100 0.000000 0.000000
rubbergloveCHROME.bmp
  13 -25.402732 0.190278 -1.894213 -0.504416 0.616170 -0.604895 0.000000 0.000000
  13 -25.370750 0.178964 -1.932281 -0.423217 0.533904 -0.732007 0.000000 0.000000
  13 -25.497738 0.047574 -1.928989 -0.443568 0.488975 -0.751100 0.000000 0.000000
rubbergloveCHROME.bmp
  13 -25.497738 0.047574 -1.928989 -0.443568 0.488975 -0.751100 0.000000 0.000000
  13 -25.370750 0.178964 -1.932281 -0.423217 0.533904 -0.732007 0.000000 0.000000
  13 -25.261581 0.020847 -2.087784 -0.096042 0.233820 -0.967525 0.000000 0.000000
rubbergloveCHROME.bmp
  13 -25.370750 0.178964 -1.932281 -0.423217 0.533904 -0.732007 0.000000 0.000000
  13 -25.133688 0.180357 -2.088165 -0.130043 0.245148 -0.960724 0.000000 0.000000
  13 -25.261581 0.020847 -2.087784 -0.096042 0.233820 -0.967525 0.000000 0.000000
rubbergloveCHROME.bmp
  13 -25.261581 0.020847 -2.087784 -0.096042 0.233820 -0.967525 0.000000 0.000000
  13 -25.133688 0.180357 -2.088165 -0.130043 0.245148 -0.960724 0.000000 0.000000
  13 -25.162560 -0.050918 -2.043686 0.089556 0.031922 -0.995470 0.000000 0.000000
rubbergloveCHROME.bmp
  13 -25.133688 0.180357 -2.088165 -0.130043 0.245148 -0.960724 0.000000 0.000000
  13 -24.972291 0.111909 -2.026799 -0.001999 0.111167 -0.993800 0.000000 0.000000
  13 -25.162560 -0.050918 -2.043686 0.089556 0.031922 -0.995470 0.000000 0.000000
rubbergloveCHROME.bmp
  13 -25.607831 0.013800 -1.843322 -0.669230 0.347522 -0.656780 0.000000 0.000000
  13 -25.624174 -0.001436 -1.897181 -0.681928 0.578291 -0.447832 0.000000 0.000000
  13 -25.696265 -0.068112 -1.780317 -0.775162 0.631374 -0.022163 0.000000 0.000000
rubbergloveCHROME.bmp
  13 -25.696265 -0.068112 -1.780317 -0.775162 0.631374 -0.022163 0.000000 0.000000
  13 -25.624174 -0.001436 -1.897181 -0.681928 0.578291 -0.447832 0.000000 0.000000
  13 -25.729908 -0.085710 -1.805977 -0.832051 0.371783 -0.411665 0.000000 0.000000
rubbergloveCHROME.bmp
  13 -25.624174 -0.001436 -1.897181 -0.681928 0.578291 -0.447832 0.000000 0.000000
  13 -25.609945 -0.029171 -1.908506 -0.577647 0.418797 -0.700666 0.000000 0.000000
  13 -25.729908 -0.085710 -1.805977 -0.832051 0.371783 -0.411665 0.000000 0.000000
rubbergloveCHROME.bmp
  13 -25.729908 -0.085710 -1.805977 -0.832051 0.371783 -0.411665 0.000000 0.000000
  13 -25.609945 -0.029171 -1.908506 -0.577647 0.418797 -0.700666 0.000000 0.000000
  13 -25.694828 -0.121384 -1.815815 -0.917340 0.135185 -0.374449 0.000000 0.000000
rubbergloveCHROME.bmp
  13 -25.609945 -0.029171 -1.908506 -0.577647 0.418797 -0.700666 0.000000 0.000000
  13 -25.690849 -0.213474 -2.026773 -0.454241 0.747789 -0.484228 0.000000 0.000000
  13 -25.694828 -0.121384 -1.815815 -0.917340 0.135185 -0.374449 0.000000 0.000000
rubbergloveCHROME.bmp
  13 -25.694828 -0.121384 -1.815815 -0.917340 0.135185 -0.374449 0.000000 0.000000
  13 -25.690849 -0.213474 -2.026773 -0.454241 0.747789 -0.484228 0.000000 0.000000
  13 -25.748486 -0.225703 -1.822009 -0.637797 0.767778 -0.061092 0.000000 0.000000
rubbergloveCHROME.bmp
  13 -25.690849 -0.213474 -2.026773 -0.454241 0.747789 -0.484228 0.000000 0.000000
  13 -25.831084 -0.234153 -1.852112 -0.431139 0.899353 -0.072689 0.000000 0.000000
  13 -25.748486 -0.225703 -1.822009 -0.637797 0.767778 -0.061092 0.000000 0.000000
rubbergloveCHROME.bmp
  13 -25.748486 -0.225703 -1.822009 -0.637797 0.767778 -0.061092 0.000000 0.000000
  13 -25.831084 -0.234153 -1.852112 -0.431139 0.899353 -0.072689 0.000000 0.000000
  13 -25.858453 -0.245613 -1.664177 -0.312586 0.945380 0.092450 0.000000 0.000000
rubbergloveCHROME.bmp
  13 -25.831084 -0.234153 -1.852112 -0.431139 0.899353 -0.072689 0.000000 0.000000
  13 -25.923270 -0.292099 -1.675919 -0.929976 0.364321 -0.049152 0.000000 0.000000
  13 -25.858453 -0.245613 -1.664177 -0.312586 0.945380 0.092450 0.000000 0.000000
rubbergloveCHROME.bmp
  13 -25.858453 -0.245613 -1.664177 -0.312586 0.945380 0.092450 0.000000 0.000000
  13 -25.923270 -0.292099 -1.675919 -0.929976 0.364321 -0.049152 0.000000 0.000000
  13 -25.901358 -0.312511 -1.554250 -0.805730 0.575143 0.141457 0.000000 0.000000
rubbergloveCHROME.bmp
  13 -25.923270 -0.292099 -1.675919 -0.929976 0.364321 -0.049152 0.000000 0.000000
  14 -25.941555 -0.379420 -1.565340 -0.821676 0.549707 0.150568 0.000000 0.000000
  13 -25.901358 -0.312511 -1.554250 -0.805730 0.575143 0.141457 0.000000 0.000000
rubbergloveCHROME.bmp
  7 -25.076895 -0.263353 1.009693 0.152622 -0.220331 0.963411 0.000000 0.000000
  7 -24.993702 -0.272107 1.049721 -0.053732 -0.065556 0.996401 0.000000 0.000000
  7 -24.958550 -0.136866 1.073688 0.170969 -0.415835 0.893225 0.000000 0.000000
rubbergloveCHROME.bmp
  7 -24.958550 -0.136866 1.073688 0.170969 -0.415835 0.893225 0.000000 0.000000
  7 -24.993702 -0.272107 1.049721 -0.053732 -0.065556 0.996401 0.000000 0.000000
  7 -24.752352 -0.091702 1.092201 0.032191 -0.161110 0.986411 0.000000 0.000000
rubbergloveCHROME.bmp
  7 -24.993702 -0.272107 1.049721 -0.053732 -0.065556 0.996401 0.000000 0.000000
  7 -24.590203 -0.266445 1.014273 0.287165 -0.413852 0.863865 0.000000 0.000000
  7 -24.752352 -0.091702 1.092201 0.032191 -0.161110 0.986411 0.000000 0.000000
rubbergloveCHROME.bmp
  7 -24.752352 -0.091702 1.092201 0.032191 -0.161110 0.986411 0.000000 0.000000
  7 -24.590203 -0.266445 1.014273 0.287165 -0.413852 0.863865 0.000000 0.000000
  1 -24.574145 0.090377 1.080355 0.051155 -0.129050 0.990318 0.000000 0.000000
rubbergloveCHROME.bmp
  7 -24.590203 -0.266445 1.014273 0.287165 -0.413852 0.863865 0.000000 0.000000
  1 -24.386729 -0.037851 1.026203 0.194046 -0.341044 0.919802 0.000000 0.000000
  1 -24.574145 0.090377 1.080355 0.051155 -0.129050 0.990318 0.000000 0.000000
rubbergloveCHROME.bmp
  1 -24.574145 0.090377 1.080355 0.051155 -0.129050 0.990318 0.000000 0.000000
  1 -24.386729 -0.037851 1.026203 0.194046 -0.341044 0.919802 0.000000 0.000000
  1 -24.436917 0.207334 1.097373 -0.005496 -0.154983 0.987902 0.000000 0.000000
rubbergloveCHROME.bmp
  1 -24.386729 -0.037851 1.026203 0.194046 -0.341044 0.919802 0.000000 0.000000
  1 -24.299832 0.061812 1.074328 0.159176 -0.379614 0.911348 0.000000 0.000000
  1 -24.436917 0.207334 1.097373 -0.005496 -0.154983 0.987902 0.000000 0.000000
rubbergloveCHROME.bmp
  1 -24.436917 0.207334 1.097373 -0.005496 -0.154983 0.987902 0.000000 0.000000
  1 -24.299832 0.061812 1.074328 0.159176 -0.379614 0.911348 0.000000 0.000000
  1 -24.204891 0.182079 1.092275 0.141015 -0.175108 0.974398 0.000000 0.000000
rubbergloveCHROME.bmp
  1 -24.299832 0.061812 1.074328 0.159176 -0.379614 0.911348 0.000000 0.000000
  1 -24.162618 0.022596 1.001291 0.108569 -0.297372 0.948569 0.000000 0.000000
  1 -24.204891 0.182079 1.092275 0.141015 -0.175108 0.974398 0.000000 0.000000
rubbergloveCHROME.bmp
  1 -24.204891 0.182079 1.092275 0.141015 -0.175108 0.974398 0.000000 0.000000
  1 -24.162618 0.022596 1.001291 0.108569 -0.297372 0.948569 0.000000 0.000000
  1 -24.115905 0.231855 1.090332 0.154218 -0.249770 0.955945 0.000000 0.000000
rubbergloveCHROME.bmp
  1 -24.162618 0.022596 1.001291 0.108569 -0.297372 0.948569 0.000000 0.000000
  1 -23.945429 0.246822 1.046583 0.022001 -0.280730 0.959535 0.000000 0.000000
  1 -24.115905 0.231855 1.090332 0.154218 -0.249770 0.955945 0.000000 0.000000
rubbergloveCHROME.bmp
  7 -24.655474 -0.842826 0.749085 0.519557 -0.548071 0.655499 0.000000 0.000000
  7 -24.351862 -0.502988 0.789460 0.366975 -0.626300 0.687806 0.000000 0.000000
  7 -24.718491 -0.752214 0.759970 0.408752 -0.385641 0.827165 0.000000 0.000000
rubbergloveCHROME.bmp
  7 -24.718491 -0.752214 0.759970 0.408752 -0.385641 0.827165 0.000000 0.000000
  7 -24.351862 -0.502988 0.789460 0.366975 -0.626300 0.687806 0.000000 0.000000
  7 -24.390742 -0.405279 0.816686 0.359879 -0.553806 0.750857 0.000000 0.000000
rubbergloveCHROME.bmp
  7 -24.351862 -0.502988 0.789460 0.366975 -0.626300 0.687806 0.000000 0.000000
  1 -24.157809 -0.389533 0.751038 0.396528 -0.662690 0.635302 0.000000 0.000000
  7 -24.390742 -0.405279 0.816686 0.359879 -0.553806 0.750857 0.000000 0.000000
rubbergloveCHROME.bmp
  7 -24.390742 -0.405279 0.816686 0.359879 -0.553806 0.750857 0.000000 0.000000
  1 -24.157809 -0.389533 0.751038 0.396528 -0.662690 0.635302 0.000000 0.000000
  1 -24.299202 -0.250541 0.924212 0.058957 -0.460710 0.885590 0.000000 0.000000
rubbergloveCHROME.bmp
  1 -24.157809 -0.389533 0.751038 0.396528 -0.662690 0.635302 0.000000 0.000000
  1 -23.989853 -0.182611 0.877427 0.505897 -0.655782 0.560374 0.000000 0.000000
  1 -24.299202 -0.250541 0.924212 0.058957 -0.460710 0.885590 0.000000 0.000000
rubbergloveCHROME.bmp
  1 -24.299202 -0.250541 0.924212 0.058957 -0.460710 0.885590 0.000000 0.000000
  1 -23.989853 -0.182611 0.877427 0.505897 -0.655782 0.560374 0.000000 0.000000
  1 -24.118467 -0.044710 0.990306 0.103187 -0.377935 0.920064 0.000000 0.000000
rubbergloveCHROME.bmp
  1 -23.989853 -0.182611 0.877427 0.505897 -0.655782 0.560374 0.000000 0.000000
  1 -23.833014 0.003738 0.894028 0.387253 -0.695559 0.605172 0.000000 0.000000
  1 -24.118467 -0.044710 0.990306 0.103187 -0.377935 0.920064 0.000000 0.000000
rubbergloveCHROME.bmp
  1 -24.118467 -0.044710 0.990306 0.103187 -0.377935 0.920064 0.000000 0.000000
  1 -23.833014 0.003738 0.894028 0.387253 -0.695559 0.605172 0.000000 0.000000
  1 -23.909980 0.158920 1.035784 0.022001 -0.280730 0.959535 0.000000 0.000000
rubbergloveCHROME.bmp
  1 -23.833014 0.003738 0.894028 0.387253 -0.695559 0.605172 0.000000 0.000000
  1 -23.741052 0.145682 1.022071 -0.189318 -0.541325 0.819223 0.000000 0.000000
  1 -23.909980 0.158920 1.035784 0.022001 -0.280730 0.959535 0.000000 0.000000
rubbergloveCHROME.bmp
  1 -23.909980 0.158920 1.035784 0.022001 -0.280730 0.959535 0.000000 0.000000
  1 -23.741052 0.145682 1.022071 -0.189318 -0.541325 0.819223 0.000000 0.000000
  1 -23.760643 0.246573 1.062532 -0.182113 -0.310198 0.933066 0.000000 0.000000
rubbergloveCHROME.bmp
  1 -23.741052 0.145682 1.022071 -0.189318 -0.541325 0.819223 0.000000 0.000000
  1 -23.688623 0.255151 1.080958 -0.160220 -0.433775 0.886662 0.000000 0.000000
  1 -23.760643 0.246573 1.062532 -0.182113 -0.310198 0.933066 0.000000 0.000000
rubbergloveCHROME.bmp
  7 -24.718491 -0.752214 0.759970 0.408752 -0.385641 0.827165 0.000000 0.000000
  7 -24.715068 -0.711405 0.816740 0.432812 -0.433307 0.790518 0.000000 0.000000
  7 -24.925596 -0.920853 0.863739 0.350708 -0.359520 0.864725 0.000000 0.000000
rubbergloveCHROME.bmp
  7 -24.925596 -0.920853 0.863739 0.350708 -0.359520 0.864725 0.000000 0.000000
  7 -24.715068 -0.711405 0.816740 0.432812 -0.433307 0.790518 0.000000 0.000000
  7 -24.781058 -0.637889 0.870039 0.321829 -0.292168 0.900591 0.000000 0.000000
rubbergloveCHROME.bmp
  7 -24.715068 -0.711405 0.816740 0.432812 -0.433307 0.790518 0.000000 0.000000
  7 -24.416207 -0.376330 0.878440 0.132586 -0.372885 0.918356 0.000000 0.000000
  7 -24.781058 -0.637889 0.870039 0.321829 -0.292168 0.900591 0.000000 0.000000
rubbergloveCHROME.bmp
  7 -24.781058 -0.637889 0.870039 0.321829 -0.292168 0.900591 0.000000 0.000000
  7 -24.416207 -0.376330 0.878440 0.132586 -0.372885 0.918356 0.000000 0.000000
  7 -24.499735 -0.277054 0.891379 0.215891 -0.463497 0.859396 0.000000 0.000000
rubbergloveCHROME.bmp
  7 -24.416207 -0.376330 0.878440 0.132586 -0.372885 0.918356 0.000000 0.000000
  1 -24.299202 -0.250541 0.924212 0.058957 -0.460710 0.885590 0.000000 0.000000
  7 -24.499735 -0.277054 0.891379 0.215891 -0.463497 0.859396 0.000000 0.000000
rubbergloveCHROME.bmp
  7 -24.499735 -0.277054 0.891379 0.215891 -0.463497 0.859396 0.000000 0.000000
  1 -24.299202 -0.250541 0.924212 0.058957 -0.460710 0.885590 0.000000 0.000000
  1 -24.356784 -0.168029 0.915491 0.137833 -0.454653 0.879939 0.000000 0.000000
rubbergloveCHROME.bmp
  1 -24.299202 -0.250541 0.924212 0.058957 -0.460710 0.885590 0.000000 0.000000
  1 -24.118467 -0.044710 0.990306 0.103187 -0.377935 0.920064 0.000000 0.000000
  1 -24.356784 -0.168029 0.915491 0.137833 -0.454653 0.879939 0.000000 0.000000
rubbergloveCHROME.bmp
  1 -24.356784 -0.168029 0.915491 0.137833 -0.454653 0.879939 0.000000 0.000000
  1 -24.118467 -0.044710 0.990306 0.103187 -0.377935 0.920064 0.000000 0.000000
  1 -24.162618 0.022596 1.001291 0.108569 -0.297372 0.948569 0.000000 0.000000
rubbergloveCHROME.bmp
  1 -24.118467 -0.044710 0.990306 0.103187 -0.377935 0.920064 0.000000 0.000000
  1 -23.909980 0.158920 1.035784 0.022001 -0.280730 0.959535 0.000000 0.000000
  1 -24.162618 0.022596 1.001291 0.108569 -0.297372 0.948569 0.000000 0.000000
rubbergloveCHROME.bmp
  1 -24.162618 0.022596 1.001291 0.108569 -0.297372 0.948569 0.000000 0.000000
  1 -23.909980 0.158920 1.035784 0.022001 -0.280730 0.959535 0.000000 0.000000
  1 -23.945429 0.246822 1.046583 0.022001 -0.280730 0.959535 0.000000 0.000000
rubbergloveCHROME.bmp
  1 -23.909980 0.158920 1.035784 0.022001 -0.280730 0.959535 0.000000 0.000000
  1 -23.760643 0.246573 1.062532 -0.182113 -0.310198 0.933066 0.000000 0.000000
  1 -23.945429 0.246822 1.046583 0.022001 -0.280730 0.959535 0.000000 0.000000
rubbergloveCHROME.bmp
  6 -23.334214 -0.796197 2.035522 0.574395 -0.200830 0.793560 0.000000 0.000000
  6 -23.480669 -0.633689 2.103654 0.307758 -0.055075 0.949869 0.000000 0.000000
  6 -23.505754 -0.935134 2.093577 0.574722 -0.143495 0.805670 0.000000 0.000000
rubbergloveCHROME.bmp
  6 -23.505754 -0.935134 2.093577 0.574722 -0.143495 0.805670 0.000000 0.000000
  6 -23.480669 -0.633689 2.103654 0.307758 -0.055075 0.949869 0.000000 0.000000
  6 -23.626052 -0.808979 2.152001 0.371601 0.149479 0.916280 0.000000 0.000000
rubbergloveCHROME.bmp
  6 -23.480669 -0.633689 2.103654 0.307758 -0.055075 0.949869 0.000000 0.000000
  6 -23.699966 -0.439347 2.155035 -0.031337 0.129107 0.991135 0.000000 0.000000
  6 -23.626052 -0.808979 2.152001 0.371601 0.149479 0.916280 0.000000 0.000000
rubbergloveCHROME.bmp
  6 -23.626052 -0.808979 2.152001 0.371601 0.149479 0.916280 0.000000 0.000000
  6 -23.699966 -0.439347 2.155035 -0.031337 0.129107 0.991135 0.000000 0.000000
  6 -23.870716 -0.625903 2.166918 0.139156 0.419298 0.897120 0.000000 0.000000
rubbergloveCHROME.bmp
  6 -23.699966 -0.439347 2.155035 -0.031337 0.129107 0.991135 0.000000 0.000000
  6 -23.886766 -0.329145 2.042512 -0.311039 0.442763 0.840961 0.000000 0.000000
  6 -23.870716 -0.625903 2.166918 0.139156 0.419298 0.897120 0.000000 0.000000
rubbergloveCHROME.bmp
  6 -23.870716 -0.625903 2.166918 0.139156 0.419298 0.897120 0.000000 0.000000
  6 -23.886766 -0.329145 2.042512 -0.311039 0.442763 0.840961 0.000000 0.000000
  6 -24.050799 -0.477067 2.092635 -0.173153 0.606365 0.776105 0.000000 0.000000
rubbergloveCHROME.bmp
  6 -23.886766 -0.329145 2.042512 -0.311039 0.442763 0.840961 0.000000 0.000000
  6 -24.166376 -0.405904 1.978277 -0.502481 0.675720 0.539365 0.000000 0.000000
  6 -24.050799 -0.477067 2.092635 -0.173153 0.606365 0.776105 0.000000 0.000000
rubbergloveCHROME.bmp
  6 -24.050799 -0.477067 2.092635 -0.173153 0.606365 0.776105 0.000000 0.000000
  6 -24.166376 -0.405904 1.978277 -0.502481 0.675720 0.539365 0.000000 0.000000
  6 -24.419801 -0.708775 2.182347 -0.519148 0.704271 0.484240 0.000000 0.000000
rubbergloveCHROME.bmp
  6 -24.166376 -0.405904 1.978277 -0.502481 0.675720 0.539365 0.000000 0.000000
  6 -24.496062 -0.708953 2.059937 -0.828947 0.543705 0.131272 0.000000 0.000000
  6 -24.419801 -0.708775 2.182347 -0.519148 0.704271 0.484240 0.000000 0.000000
rubbergloveCHROME.bmp
  6 -24.419801 -0.708775 2.182347 -0.519148 0.704271 0.484240 0.000000 0.000000
  6 -24.496062 -0.708953 2.059937 -0.828947 0.543705 0.131272 0.000000 0.000000
  6 -24.579567 -0.880093 2.187365 -0.962227 0.202555 0.181908 0.000000 0.000000
rubbergloveCHROME.bmp
  6 -24.496062 -0.708953 2.059937 -0.828947 0.543705 0.131272 0.000000 0.000000
  6 -24.577731 -0.914297 2.114381 -0.994057 0.088564 0.063294 0.000000 0.000000
  6 -24.579567 -0.880093 2.187365 -0.962227 0.202555 0.181908 0.000000 0.000000
rubbergloveCHROME.bmp
  28 26.986786 0.098408 -2.029743 0.001996 0.111168 -0.993800 0.000000 0.000000
  28 27.120710 0.178716 -2.076806 0.130042 0.245151 -0.960724 0.000000 0.000000
  28 27.163003 -0.065024 -2.045152 -0.089558 0.031921 -0.995470 0.000000 0.000000
rubbergloveCHROME.bmp
  28 27.163003 -0.065024 -2.045152 -0.089558 0.031921 -0.995470 0.000000 0.000000
  28 27.120710 0.178716 -2.076806 0.130042 0.245151 -0.960724 0.000000 0.000000
  28 27.246890 0.007125 -2.097664 0.096045 0.233819 -0.967525 0.000000 0.000000
rubbergloveCHROME.bmp
  28 27.120710 0.178716 -2.076806 0.130042 0.245151 -0.960724 0.000000 0.000000
  28 27.358224 0.163263 -1.922378 0.423223 0.533908 -0.732001 0.000000 0.000000
  28 27.246890 0.007125 -2.097664 0.096045 0.233819 -0.967525 0.000000 0.000000
rubbergloveCHROME.bmp
  28 27.246890 0.007125 -2.097664 0.096045 0.233819 -0.967525 0.000000 0.000000
  28 27.358224 0.163263 -1.922378 0.423223 0.533908 -0.732001 0.000000 0.000000
  28 27.497728 0.047527 -1.929000 0.443570 0.488974 -0.751099 0.000000 0.000000
rubbergloveCHROME.bmp
  28 27.358224 0.163263 -1.922378 0.423223 0.533908 -0.732001 0.000000 0.000000
  28 27.417227 0.176777 -1.897156 0.504414 0.616171 -0.604897 0.000000 0.000000
  28 27.497728 0.047527 -1.929000 0.443570 0.488974 -0.751099 0.000000 0.000000
rubbergloveCHROME.bmp
  28 27.497728 0.047527 -1.929000 0.443570 0.488974 -0.751099 0.000000 0.000000
  28 27.417227 0.176777 -1.897156 0.504414 0.616171 -0.604897 0.000000 0.000000
  28 27.528174 0.073889 -1.899368 0.539760 0.554569 -0.633335 0.000000 0.000000
rubbergloveCHROME.bmp
  28 27.417227 0.176777 -1.897156 0.504414 0.616171 -0.604897 0.000000 0.000000
  28 27.427904 0.194212 -1.856144 0.418128 0.575124 -0.703137 0.000000 0.000000
  28 27.528174 0.073889 -1.899368 0.539760 0.554569 -0.633335 0.000000 0.000000
rubbergloveCHROME.bmp
  28 27.528174 0.073889 -1.899368 0.539760 0.554569 -0.633335 0.000000 0.000000
  28 27.427904 0.194212 -1.856144 0.418128 0.575124 -0.703137 0.000000 0.000000
  28 27.553356 0.077871 -1.861289 0.488064 0.484496 -0.725987 0.000000 0.000000
rubbergloveCHROME.bmp
  28 27.427904 0.194212 -1.856144 0.418128 0.575124 -0.703137 0.000000 0.000000
  28 27.603650 0.208611 -1.803173 0.650421 0.471833 -0.595254 0.000000 0.000000
  28 27.553356 0.077871 -1.861289 0.488064 0.484496 -0.725987 0.000000 0.000000
rubbergloveCHROME.bmp
  28 27.553356 0.077871 -1.861289 0.488064 0.484496 -0.725987 0.000000 0.000000
  28 27.603650 0.208611 -1.803173 0.650421 0.471833 -0.595254 0.000000 0.000000
  28 27.656678 0.091221 -1.820715 0.782797 0.224211 -0.580481 0.000000 0.000000
rubbergloveCHROME.bmp
  28 27.603650 0.208611 -1.803173 0.650421 0.471833 -0.595254 0.000000 0.000000
  28 27.641537 0.023684 -1.653953 0.950950 0.299005 -0.079315 0.000000 0.000000
  28 27.656678 0.091221 -1.820715 0.782797 0.224211 -0.580481 0.000000 0.000000
rubbergloveCHROME.bmp
  29 27.920502 -0.386879 -1.563789 0.821678 0.549703 0.150571 0.000000 0.000000
  28 27.921547 -0.304229 -1.697169 0.929981 0.364306 -0.049150 0.000000 0.000000
  28 27.944585 -0.311733 -1.548801 0.805747 0.575119 0.141458 0.000000 0.000000
rubbergloveCHROME.bmp
  28 27.944585 -0.311733 -1.548801 0.805747 0.575119 0.141458 0.000000 0.000000
  28 27.921547 -0.304229 -1.697169 0.929981 0.364306 -0.049150 0.000000 0.000000
  28 27.872494 -0.245057 -1.665665 0.312595 0.945377 0.092449 0.000000 0.000000
rubbergloveCHROME.bmp
  28 27.921547 -0.304229 -1.697169 0.929981 0.364306 -0.049150 0.000000 0.000000
  28 27.845126 -0.233596 -1.853600 0.431143 0.899351 -0.072692 0.000000 0.000000
  28 27.872494 -0.245057 -1.665665 0.312595 0.945377 0.092449 0.000000 0.000000
rubbergloveCHROME.bmp
  28 27.872494 -0.245057 -1.665665 0.312595 0.945377 0.092449 0.000000 0.000000
  28 27.845126 -0.233596 -1.853600 0.431143 0.899351 -0.072692 0.000000 0.000000
  28 27.749559 -0.226740 -1.812128 0.637808 0.767768 -0.061095 0.000000 0.000000
rubbergloveCHROME.bmp
  28 27.845126 -0.233596 -1.853600 0.431143 0.899351 -0.072692 0.000000 0.000000
  28 27.690839 -0.213522 -2.026784 0.454246 0.747779 -0.484238 0.000000 0.000000
  28 27.749559 -0.226740 -1.812128 0.637808 0.767768 -0.061095 0.000000 0.000000
rubbergloveCHROME.bmp
  28 27.749559 -0.226740 -1.812128 0.637808 0.767768 -0.061095 0.000000 0.000000
  28 27.690839 -0.213522 -2.026784 0.454246 0.747779 -0.484238 0.000000 0.000000
  28 27.695271 -0.135492 -1.817281 0.917340 0.135196 -0.374446 0.000000 0.000000
rubbergloveCHROME.bmp
  28 27.690839 -0.213522 -2.026784 0.454246 0.747779 -0.484238 0.000000 0.000000
  28 27.603589 -0.050611 -1.909961 0.577645 0.418797 -0.700668 0.000000 0.000000
  28 27.695271 -0.135492 -1.817281 0.917340 0.135196 -0.374446 0.000000 0.000000
rubbergloveCHROME.bmp
  28 27.695271 -0.135492 -1.817281 0.917340 0.135196 -0.374446 0.000000 0.000000
  28 27.603589 -0.050611 -1.909961 0.577645 0.418797 -0.700668 0.000000 0.000000
  28 27.715394 -0.072304 -1.803055 0.832053 0.371784 -0.411660 0.000000 0.000000
rubbergloveCHROME.bmp
  28 27.603589 -0.050611 -1.909961 0.577645 0.418797 -0.700668 0.000000 0.000000
  28 27.632499 -0.009200 -1.888766 0.681927 0.578285 -0.447841 0.000000 0.000000
  28 27.715394 -0.072304 -1.803055 0.832053 0.371784 -0.411660 0.000000 0.000000
rubbergloveCHROME.bmp
  28 27.715394 -0.072304 -1.803055 0.832053 0.371784 -0.411660 0.000000 0.000000
  28 27.632499 -0.009200 -1.888766 0.681927 0.578285 -0.447841 0.000000 0.000000
  28 27.695173 -0.067171 -1.790220 0.775166 0.631368 -0.022170 0.000000 0.000000
rubbergloveCHROME.bmp
  28 27.632499 -0.009200 -1.888766 0.681927 0.578285 -0.447841 0.000000 0.000000
  28 27.621873 0.014358 -1.844810 0.669226 0.347525 -0.656783 0.000000 0.000000
  28 27.695173 -0.067171 -1.790220 0.775166 0.631368 -0.022170 0.000000 0.000000
rubbergloveCHROME.bmp
  31 26.074713 -0.345631 -2.752824 -0.416412 -0.679414 -0.604150 0.000000 0.000000
  31 25.860206 -0.233397 -2.698143 -0.583483 -0.595664 -0.552025 0.000000 0.000000
  31 25.849902 -0.198753 -2.762124 -0.554080 -0.602568 -0.574375 0.000000 0.000000
rubbergloveCHROME.bmp
  31 25.849902 -0.198753 -2.762124 -0.554080 -0.602568 -0.574375 0.000000 0.000000
  31 25.860206 -0.233397 -2.698143 -0.583483 -0.595664 -0.552025 0.000000 0.000000
  3 25.692217 -0.097801 -2.669952 -0.455665 -0.703952 -0.544813 0.000000 0.000000
rubbergloveCHROME.bmp
  31 25.860206 -0.233397 -2.698143 -0.583483 -0.595664 -0.552025 0.000000 0.000000
  3 25.700932 -0.146617 -2.569747 -0.490634 -0.762439 -0.421859 0.000000 0.000000
  3 25.692217 -0.097801 -2.669952 -0.455665 -0.703952 -0.544813 0.000000 0.000000
rubbergloveCHROME.bmp
  3 25.692217 -0.097801 -2.669952 -0.455665 -0.703952 -0.544813 0.000000 0.000000
  3 25.700932 -0.146617 -2.569747 -0.490634 -0.762439 -0.421859 0.000000 0.000000
  3 25.405014 -0.063479 -2.636240 -0.416475 -0.755738 -0.505380 0.000000 0.000000
rubbergloveCHROME.bmp
  3 25.700932 -0.146617 -2.569747 -0.490634 -0.762439 -0.421859 0.000000 0.000000
  3 25.486864 -0.163192 -2.454421 -0.462338 -0.865526 -0.192634 0.000000 0.000000
  3 25.405014 -0.063479 -2.636240 -0.416475 -0.755738 -0.505380 0.000000 0.000000
rubbergloveCHROME.bmp
  3 25.405014 -0.063479 -2.636240 -0.416475 -0.755738 -0.505380 0.000000 0.000000
  3 25.486864 -0.163192 -2.454421 -0.462338 -0.865526 -0.192634 0.000000 0.000000
  3 25.081677 0.195281 -2.403224 -0.690286 -0.721894 -0.048738 0.000000 0.000000
rubbergloveCHROME.bmp
  3 25.486864 -0.163192 -2.454421 -0.462338 -0.865526 -0.192634 0.000000 0.000000
  3 25.282592 0.055555 -2.008750 -0.663207 -0.736220 0.134674 0.000000 0.000000
  3 25.081677 0.195281 -2.403224 -0.690286 -0.721894 -0.048738 0.000000 0.000000
rubbergloveCHROME.bmp
  3 25.081677 0.195281 -2.403224 -0.690286 -0.721894 -0.048738 0.000000 0.000000
  3 25.282592 0.055555 -2.008750 -0.663207 -0.736220 0.134674 0.000000 0.000000
  3 25.071345 0.237510 -2.083365 -0.636256 -0.759724 0.134154 0.000000 0.000000
rubbergloveCHROME.bmp
  3 25.282592 0.055555 -2.008750 -0.663207 -0.736220 0.134674 0.000000 0.000000
  3 25.325784 0.116280 -1.607693 -0.792911 -0.568522 0.219258 0.000000 0.000000
  3 25.071345 0.237510 -2.083365 -0.636256 -0.759724 0.134154 0.000000 0.000000
rubbergloveCHROME.bmp
  3 25.071345 0.237510 -2.083365 -0.636256 -0.759724 0.134154 0.000000 0.000000
  3 25.325784 0.116280 -1.607693 -0.792911 -0.568522 0.219258 0.000000 0.000000
  3 25.247681 0.301654 -1.619370 -0.653334 -0.725656 0.215819 0.000000 0.000000
rubbergloveCHROME.bmp
  3 25.325784 0.116280 -1.607693 -0.792911 -0.568522 0.219258 0.000000 0.000000
  3 25.374922 0.248578 -1.086461 -0.687200 -0.700803 0.191393 0.000000 0.000000
  3 25.247681 0.301654 -1.619370 -0.653334 -0.725656 0.215819 0.000000 0.000000
rubbergloveCHROME.bmp
  28 26.989686 -0.790742 -2.027987 -0.496274 -0.400008 -0.770523 0.000000 0.000000
  28 26.597903 -0.686294 -1.853354 -0.531028 -0.502762 -0.682085 0.000000 0.000000
  28 26.693883 -0.529974 -1.959429 -0.440915 -0.318059 -0.839305 0.000000 0.000000
rubbergloveCHROME.bmp
  28 26.693883 -0.529974 -1.959429 -0.440915 -0.318059 -0.839305 0.000000 0.000000
  28 26.597903 -0.686294 -1.853354 -0.531028 -0.502762 -0.682085 0.000000 0.000000
  3 26.463836 -0.376753 -1.922898 -0.224435 -0.529889 -0.817831 0.000000 0.000000
rubbergloveCHROME.bmp
  28 26.597903 -0.686294 -1.853354 -0.531028 -0.502762 -0.682085 0.000000 0.000000
  3 26.331278 -0.528802 -1.805811 -0.269564 -0.876370 -0.399138 0.000000 0.000000
  3 26.463836 -0.376753 -1.922898 -0.224435 -0.529889 -0.817831 0.000000 0.000000
rubbergloveCHROME.bmp
  3 26.463836 -0.376753 -1.922898 -0.224435 -0.529889 -0.817831 0.000000 0.000000
  3 26.331278 -0.528802 -1.805811 -0.269564 -0.876370 -0.399138 0.000000 0.000000
  3 26.337195 -0.386681 -1.935683 -0.023047 -0.589248 -0.807623 0.000000 0.000000
rubbergloveCHROME.bmp
  3 26.331278 -0.528802 -1.805811 -0.269564 -0.876370 -0.399138 0.000000 0.000000
  3 26.164867 -0.463928 -1.889470 -0.060222 -0.770451 -0.634649 0.000000 0.000000
  3 26.337195 -0.386681 -1.935683 -0.023047 -0.589248 -0.807623 0.000000 0.000000
rubbergloveCHROME.bmp
  3 26.337195 -0.386681 -1.935683 -0.023047 -0.589248 -0.807623 0.000000 0.000000
  3 26.164867 -0.463928 -1.889470 -0.060222 -0.770451 -0.634649 0.000000 0.000000
  3 26.294122 -0.283692 -1.956611 0.036595 -0.652816 -0.756632 0.000000 0.000000
rubbergloveCHROME.bmp
  3 26.164867 -0.463928 -1.889470 -0.060222 -0.770451 -0.634649 0.000000 0.000000
  3 26.065624 -0.351241 -1.971643 0.038747 -0.873424 -0.485417 0.000000 0.000000
  3 26.294122 -0.283692 -1.956611 0.036595 -0.652816 -0.756632 0.000000 0.000000
rubbergloveCHROME.bmp
  3 26.294122 -0.283692 -1.956611 0.036595 -0.652816 -0.756632 0.000000 0.000000
  3 26.065624 -0.351241 -1.971643 0.038747 -0.873424 -0.485417 0.000000 0.000000
  31 26.230703 -0.242537 -2.078185 0.270809 -0.940048 0.207298 0.000000 0.000000
rubbergloveCHROME.bmp
  3 26.065624 -0.351241 -1.971643 0.038747 -0.873424 -0.485417 0.000000 0.000000
  31 26.088734 -0.331955 -2.155316 -0.201406 -0.903979 0.377169 0.000000 0.000000
  31 26.230703 -0.242537 -2.078185 0.270809 -0.940048 0.207298 0.000000 0.000000
rubbergloveCHROME.bmp
  31 26.230703 -0.242537 -2.078185 0.270809 -0.940048 0.207298 0.000000 0.000000
  31 26.088734 -0.331955 -2.155316 -0.201406 -0.903979 0.377169 0.000000 0.000000
  31 26.251360 -0.396944 -2.166682 -0.172272 -0.584186 0.793126 0.000000 0.000000
rubbergloveCHROME.bmp
  31 26.088734 -0.331955 -2.155316 -0.201406 -0.903979 0.377169 0.000000 0.000000
  31 26.120022 -0.538826 -2.372400 -0.463163 -0.849116 0.253933 0.000000 0.000000
  31 26.251360 -0.396944 -2.166682 -0.172272 -0.584186 0.793126 0.000000 0.000000
rubbergloveCHROME.bmp
  3 26.763402 0.107434 -2.106266 0.198402 0.037418 -0.979406 0.000000 0.000000
  31 26.727360 0.103701 -2.142617 0.384073 -0.171913 -0.907157 0.000000 0.000000
  3 26.716902 0.330805 -2.077232 0.594246 -0.121979 -0.794980 0.000000 0.000000
rubbergloveCHROME.bmp
  3 26.716902 0.330805 -2.077232 0.594246 -0.121979 -0.794980 0.000000 0.000000
  31 26.727360 0.103701 -2.142617 0.384073 -0.171913 -0.907157 0.000000 0.000000
  3 26.612512 0.237402 -2.159563 0.993929 0.041490 -0.101902 0.000000 0.000000
rubbergloveCHROME.bmp
  31 26.727360 0.103701 -2.142617 0.384073 -0.171913 -0.907157 0.000000 0.000000
  31 26.644517 0.110420 -2.152208 0.995908 -0.071683 -0.055032 0.000000 0.000000
  3 26.612512 0.237402 -2.159563 0.993929 0.041490 -0.101902 0.000000 0.000000
rubbergloveCHROME.bmp
  3 26.612512 0.237402 -2.159563 0.993929 0.041490 -0.101902 0.000000 0.000000
  31 26.644517 0.110420 -2.152208 0.995908 -0.071683 -0.055032 0.000000 0.000000
  31 26.712467 0.061018 -2.252419 0.679372 0.196037 0.707123 0.000000 0.000000
rubbergloveCHROME.bmp
  31 26.644517 0.110420 -2.152208 0.995908 -0.071683 -0.055032 0.000000 0.000000
  31 26.651469 -0.043737 -2.174281 0.561432 0.218726 0.798093 0.000000 0.000000
  31 26.712467 0.061018 -2.252419 0.679372 0.196037 0.707123 0.000000 0.000000
rubbergloveCHROME.bmp
  31 26.712467 0.061018 -2.252419 0.679372 0.196037 0.707123 0.000000 0.000000
  31 26.651469 -0.043737 -2.174281 0.561432 0.218726 0.798093 0.000000 0.000000
  31 26.769910 -0.017722 -2.282424 0.370693 0.353772 0.858739 0.000000 0.000000
rubbergloveCHROME.bmp
  31 26.651469 -0.043737 -2.174281 0.561432 0.218726 0.798093 0.000000 0.000000
  31 26.740276 -0.096455 -2.185870 0.404221 0.376502 0.833578 0.000000 0.000000
  31 26.769910 -0.017722 -2.282424 0.370693 0.353772 0.858739 0.000000 0.000000
rubbergloveCHROME.bmp
  31 26.769910 -0.017722 -2.282424 0.370693 0.353772 0.858739 0.000000 0.000000
  31 26.740276 -0.096455 -2.185870 0.404221 0.376502 0.833578 0.000000 0.000000
  31 26.890914 -0.072099 -2.281341 0.051979 0.498206 0.865499 0.000000 0.000000
rubbergloveCHROME.bmp
  31 26.740276 -0.096455 -2.185870 0.404221 0.376502 0.833578 0.000000 0.000000
  31 26.900692 -0.240014 -2.201913 0.341677 0.121880 0.931881 0.000000 0.000000
  31 26.890914 -0.072099 -2.281341 0.051979 0.498206 0.865499 0.000000 0.000000
rubbergloveCHROME.bmp
  31 26.890914 -0.072099 -2.281341 0.051979 0.498206 0.865499 0.000000 0.000000
  31 26.900692 -0.240014 -2.201913 0.341677 0.121880 0.931881 0.000000 0.000000
  31 26.973772 -0.078155 -2.240135 0.111193 0.265773 0.957602 0.000000 0.000000
rubbergloveCHROME.bmp
  31 26.900692 -0.240014 -2.201913 0.341677 0.121880 0.931881 0.000000 0.000000
  31 26.973911 -0.159294 -2.266900 0.512023 -0.147911 0.846141 0.000000 0.000000
  31 26.973772 -0.078155 -2.240135 0.111193 0.265773 0.957602 0.000000 0.000000
rubbergloveCHROME.bmp
  29 27.881189 -0.668104 -1.314657 0.487635 -0.056706 0.871204 0.000000 0.000000
  29 27.693721 -0.624220 -1.198768 0.340790 0.180884 0.922574 0.000000 0.000000
  29 27.843733 -0.812540 -1.223907 0.373232 0.110341 0.921153 0.000000 0.000000
rubbergloveCHROME.bmp
  29 27.843733 -0.812540 -1.223907 0.373232 0.110341 0.921153 0.000000 0.000000
  29 27.693721 -0.624220 -1.198768 0.340790 0.180884 0.922574 0.000000 0.000000
  29 27.448216 -0.859764 -1.205563 -0.060722 -0.218782 0.973883 0.000000 0.000000
rubbergloveCHROME.bmp
  29 27.693721 -0.624220 -1.198768 0.340790 0.180884 0.922574 0.000000 0.000000
  28 27.331587 -0.397368 -1.186999 0.161233 0.175590 0.971170 0.000000 0.000000
  29 27.448216 -0.859764 -1.205563 -0.060722 -0.218782 0.973883 0.000000 0.000000
rubbergloveCHROME.bmp
  29 27.448216 -0.859764 -1.205563 -0.060722 -0.218782 0.973883 0.000000 0.000000
  28 27.331587 -0.397368 -1.186999 0.161233 0.175590 0.971170 0.000000 0.000000
  28 27.250434 -0.717647 -1.210143 -0.100122 -0.187712 0.977108 0.000000 0.000000
rubbergloveCHROME.bmp
  28 27.331587 -0.397368 -1.186999 0.161233 0.175590 0.971170 0.000000 0.000000
  28 26.968809 -0.470136 -1.215228 -0.120695 -0.057855 0.991002 0.000000 0.000000
  28 27.250434 -0.717647 -1.210143 -0.100122 -0.187712 0.977108 0.000000 0.000000
rubbergloveCHROME.bmp
  28 27.250434 -0.717647 -1.210143 -0.100122 -0.187712 0.977108 0.000000 0.000000
  28 26.968809 -0.470136 -1.215228 -0.120695 -0.057855 0.991002 0.000000 0.000000
  28 26.829845 -0.655009 -1.258943 -0.158744 -0.138484 0.977559 0.000000 0.000000
rubbergloveCHROME.bmp
  28 26.968809 -0.470136 -1.215228 -0.120695 -0.057855 0.991002 0.000000 0.000000
  3 26.838204 -0.381814 -1.184506 -0.051160 -0.129045 0.990318 0.000000 0.000000
  28 26.829845 -0.655009 -1.258943 -0.158744 -0.138484 0.977559 0.000000 0.000000
rubbergloveCHROME.bmp
  28 26.829845 -0.655009 -1.258943 -0.158744 -0.138484 0.977559 0.000000 0.000000
  3 26.838204 -0.381814 -1.184506 -0.051160 -0.129045 0.990318 0.000000 0.000000
  3 26.677217 -0.493742 -1.208068 -0.154218 -0.249766 0.955947 0.000000 0.000000
rubbergloveCHROME.bmp
  3 26.838204 -0.381814 -1.184506 -0.051160 -0.129045 0.990318 0.000000 0.000000
  3 26.799549 -0.349331 -1.155340 0.250436 -0.685737 0.683408 0.000000 0.000000
  3 26.677217 -0.493742 -1.208068 -0.154218 -0.249766 0.955947 0.000000 0.000000
rubbergloveCHROME.bmp
  3 26.677217 -0.493742 -1.208068 -0.154218 -0.249766 0.955947 0.000000 0.000000
  3 26.799549 -0.349331 -1.155340 0.250436 -0.685737 0.683408 0.000000 0.000000
  3 26.628092 -0.412461 -1.199127 0.207573 -0.806679 0.553337 0.000000 0.000000
rubbergloveCHROME.bmp
  3 26.799549 -0.349331 -1.155340 0.250436 -0.685737 0.683408 0.000000 0.000000
  3 26.698021 -0.342972 -1.077548 0.146394 -0.957185 -0.249732 0.000000 0.000000
  3 26.628092 -0.412461 -1.199127 0.207573 -0.806679 0.553337 0.000000 0.000000
rubbergloveCHROME.bmp
  25 28.298390 -0.516398 -0.570469 0.981058 0.140840 0.133002 0.000000 0.000000
  25 28.253477 -0.476074 -0.589359 0.673233 0.718534 0.174547 0.000000 0.000000
  25 28.223461 -0.544607 -0.410188 0.924811 0.249196 0.287447 0.000000 0.000000
rubbergloveCHROME.bmp
  25 28.223461 -0.544607 -0.410188 0.924811 0.249196 0.287447 0.000000 0.000000
  25 28.253477 -0.476074 -0.589359 0.673233 0.718534 0.174547 0.000000 0.000000
  25 28.221198 -0.502421 -0.399454 0.627217 0.688705 0.363709 0.000000 0.000000
rubbergloveCHROME.bmp
  25 28.253477 -0.476074 -0.589359 0.673233 0.718534 0.174547 0.000000 0.000000
  25 28.162856 -0.476836 -0.428465 0.612275 0.729758 0.304258 0.000000 0.000000
  25 28.221198 -0.502421 -0.399454 0.627217 0.688705 0.363709 0.000000 0.000000
rubbergloveCHROME.bmp
  25 28.221198 -0.502421 -0.399454 0.627217 0.688705 0.363709 0.000000 0.000000
  25 28.162856 -0.476836 -0.428465 0.612275 0.729758 0.304258 0.000000 0.000000
  25 28.111848 -0.540503 -0.188997 0.576966 0.620859 0.530702 0.000000 0.000000
rubbergloveCHROME.bmp
  25 28.162856 -0.476836 -0.428465 0.612275 0.729758 0.304258 0.000000 0.000000
  25 28.137446 -0.400538 -0.416932 0.865858 0.224687 0.446997 0.000000 0.000000
  25 28.111848 -0.540503 -0.188997 0.576966 0.620859 0.530702 0.000000 0.000000
rubbergloveCHROME.bmp
  25 28.111848 -0.540503 -0.188997 0.576966 0.620859 0.530702 0.000000 0.000000
  25 28.137446 -0.400538 -0.416932 0.865858 0.224687 0.446997 0.000000 0.000000
  25 28.012787 -0.303546 -0.284069 0.674631 0.303867 0.672710 0.000000 0.000000
rubbergloveCHROME.bmp
  25 28.137446 -0.400538 -0.416932 0.865858 0.224687 0.446997 0.000000 0.000000
  25 28.024159 -0.259730 -0.323449 0.757576 0.335010 0.560221 0.000000 0.000000
  25 28.012787 -0.303546 -0.284069 0.674631 0.303867 0.672710 0.000000 0.000000
rubbergloveCHROME.bmp
  25 28.012787 -0.303546 -0.284069 0.674631 0.303867 0.672710 0.000000 0.000000
  25 28.024159 -0.259730 -0.323449 0.757576 0.335010 0.560221 0.000000 0.000000
  25 27.868224 -0.120784 -0.259589 0.672666 0.397302 0.624237 0.000000 0.000000
rubbergloveCHROME.bmp
  25 28.024159 -0.259730 -0.323449 0.757576 0.335010 0.560221 0.000000 0.000000
  25 27.992579 -0.204499 -0.342217 0.712217 0.308880 0.630349 0.000000 0.000000
  25 27.868224 -0.120784 -0.259589 0.672666 0.397302 0.624237 0.000000 0.000000
rubbergloveCHROME.bmp
  25 27.868224 -0.120784 -0.259589 0.672666 0.397302 0.624237 0.000000 0.000000
  25 27.992579 -0.204499 -0.342217 0.712217 0.308880 0.630349 0.000000 0.000000
  25 27.910195 -0.117744 -0.299952 0.552632 0.308549 0.774206 0.000000 0.000000
rubbergloveCHROME.bmp
  25 27.992579 -0.204499 -0.342217 0.712217 0.308880 0.630349 0.000000 0.000000
  25 28.043454 -0.102348 -0.350992 0.815131 0.253139 0.521040 0.000000 0.000000
  25 27.910195 -0.117744 -0.299952 0.552632 0.308549 0.774206 0.000000 0.000000
rubbergloveCHROME.bmp
  26 28.415593 -0.846169 -0.627164 0.598600 0.767986 0.227763 0.000000 0.000000
  26 28.299700 -0.751026 -0.604437 0.976991 0.060013 0.204662 0.000000 0.000000
  26 28.362043 -0.879866 -0.407171 0.579443 0.703588 0.411351 0.000000 0.000000
rubbergloveCHROME.bmp
  26 28.362043 -0.879866 -0.407171 0.579443 0.703588 0.411351 0.000000 0.000000
  26 28.299700 -0.751026 -0.604437 0.976991 0.060013 0.204662 0.000000 0.000000
  26 28.252711 -0.776935 -0.414382 0.911116 0.102892 0.399100 0.000000 0.000000
rubbergloveCHROME.bmp
  26 28.299700 -0.751026 -0.604437 0.976991 0.060013 0.204662 0.000000 0.000000
  26 28.286309 -0.712591 -0.393620 0.942282 -0.149266 0.299708 0.000000 0.000000
  26 28.252711 -0.776935 -0.414382 0.911116 0.102892 0.399100 0.000000 0.000000
rubbergloveCHROME.bmp
  26 28.252711 -0.776935 -0.414382 0.911116 0.102892 0.399100 0.000000 0.000000
  26 28.286309 -0.712591 -0.393620 0.942282 -0.149266 0.299708 0.000000 0.000000
  26 28.170558 -0.797530 -0.183890 0.819862 -0.230093 0.524294 0.000000 0.000000
rubbergloveCHROME.bmp
  26 28.286309 -0.712591 -0.393620 0.942282 -0.149266 0.299708 0.000000 0.000000
  26 28.167550 -0.698596 -0.182195 0.517692 0.581646 0.627441 0.000000 0.000000
  26 28.170558 -0.797530 -0.183890 0.819862 -0.230093 0.524294 0.000000 0.000000
rubbergloveCHROME.bmp
  26 28.170558 -0.797530 -0.183890 0.819862 -0.230093 0.524294 0.000000 0.000000
  26 28.167550 -0.698596 -0.182195 0.517692 0.581646 0.627441 0.000000 0.000000
  26 28.085996 -0.787166 -0.112883 0.146493 0.333667 0.931239 0.000000 0.000000
rubbergloveCHROME.bmp
  26 28.167550 -0.698596 -0.182195 0.517692 0.581646 0.627441 0.000000 0.000000
  25 28.126975 -0.688012 -0.211630 0.606282 0.302006 0.735673 0.000000 0.000000
  26 28.085996 -0.787166 -0.112883 0.146493 0.333667 0.931239 0.000000 0.000000
rubbergloveCHROME.bmp
  26 28.085996 -0.787166 -0.112883 0.146493 0.333667 0.931239 0.000000 0.000000
  25 28.126975 -0.688012 -0.211630 0.606282 0.302006 0.735673 0.000000 0.000000
  25 28.074515 -0.749155 -0.122134 0.298503 0.006336 0.954388 0.000000 0.000000
rubbergloveCHROME.bmp
  25 28.126975 -0.688012 -0.211630 0.606282 0.302006 0.735673 0.000000 0.000000
  25 28.065585 -0.714423 -0.111461 0.419058 -0.247599 0.873547 0.000000 0.000000
  25 28.074515 -0.749155 -0.122134 0.298503 0.006336 0.954388 0.000000 0.000000
rubbergloveCHROME.bmp
  25 28.074515 -0.749155 -0.122134 0.298503 0.006336 0.954388 0.000000 0.000000
  25 28.065585 -0.714423 -0.111461 0.419058 -0.247599 0.873547 0.000000 0.000000
  25 28.012350 -0.774219 -0.101951 0.296403 -0.053835 0.953544 0.000000 0.000000
rubbergloveCHROME.bmp
  25 28.065585 -0.714423 -0.111461 0.419058 -0.247599 0.873547 0.000000 0.000000
  25 27.966748 -0.719946 -0.110597 0.077710 0.081761 0.993618 0.000000 0.000000
  25 28.012350 -0.774219 -0.101951 0.296403 -0.053835 0.953544 0.000000 0.000000
rubbergloveCHROME.bmp
  22 27.857435 -0.465822 0.738984 0.816872 0.479382 0.320799 0.000000 0.000000
  23 27.857641 -0.522902 0.733839 0.768824 0.541886 0.339513 0.000000 0.000000
  23 27.896738 -0.524381 0.546838 0.761284 0.615330 0.204488 0.000000 0.000000
rubbergloveCHROME.bmp
  23 27.896738 -0.524381 0.546838 0.761284 0.615330 0.204488 0.000000 0.000000
  23 27.857641 -0.522902 0.733839 0.768824 0.541886 0.339513 0.000000 0.000000
  23 27.917448 -0.538114 0.773736 0.495998 0.825918 0.268040 0.000000 0.000000
rubbergloveCHROME.bmp
  23 27.857641 -0.522902 0.733839 0.768824 0.541886 0.339513 0.000000 0.000000
  23 27.804372 -0.561137 0.881827 0.614763 0.629602 0.475044 0.000000 0.000000
  23 27.917448 -0.538114 0.773736 0.495998 0.825918 0.268040 0.000000 0.000000
rubbergloveCHROME.bmp
  23 27.917448 -0.538114 0.773736 0.495998 0.825918 0.268040 0.000000 0.000000
  23 27.804372 -0.561137 0.881827 0.614763 0.629602 0.475044 0.000000 0.000000
  23 27.876259 -0.560682 0.932147 0.501419 0.724812 0.472468 0.000000 0.000000
rubbergloveCHROME.bmp
  23 27.804372 -0.561137 0.881827 0.614763 0.629602 0.475044 0.000000 0.000000
  23 27.731167 -0.594301 1.016516 0.465894 0.499568 0.730325 0.000000 0.000000
  23 27.876259 -0.560682 0.932147 0.501419 0.724812 0.472468 0.000000 0.000000
rubbergloveCHROME.bmp
  23 27.876259 -0.560682 0.932147 0.501419 0.724812 0.472468 0.000000 0.000000
  23 27.731167 -0.594301 1.016516 0.465894 0.499568 0.730325 0.000000 0.000000
  23 27.731487 -0.623965 1.079919 0.226737 0.616842 0.753721 0.000000 0.000000
rubbergloveCHROME.bmp
  23 27.731167 -0.594301 1.016516 0.465894 0.499568 0.730325 0.000000 0.000000
  23 27.624782 -0.717533 1.113965 -0.264866 -0.074192 0.961427 0.000000 0.000000
  23 27.731487 -0.623965 1.079919 0.226737 0.616842 0.753721 0.000000 0.000000
rubbergloveCHROME.bmp
  23 27.731487 -0.623965 1.079919 0.226737 0.616842 0.753721 0.000000 0.000000
  23 27.624782 -0.717533 1.113965 -0.264866 -0.074192 0.961427 0.000000 0.000000
  23 27.649872 -0.741626 1.149882 -0.204020 0.119607 0.971633 0.000000 0.000000
rubbergloveCHROME.bmp
  23 27.624782 -0.717533 1.113965 -0.264866 -0.074192 0.961427 0.000000 0.000000
  23 27.614810 -0.828457 1.071581 -0.185400 -0.136106 0.973192 0.000000 0.000000
  23 27.649872 -0.741626 1.149882 -0.204020 0.119607 0.971633 0.000000 0.000000
rubbergloveCHROME.bmp
  23 27.649872 -0.741626 1.149882 -0.204020 0.119607 0.971633 0.000000 0.000000
  23 27.614810 -0.828457 1.071581 -0.185400 -0.136106 0.973192 0.000000 0.000000
  23 27.737125 -0.860595 1.131632 0.090269 -0.403975 0.910305 0.000000 0.000000
rubbergloveCHROME.bmp
  23 27.614810 -0.828457 1.071581 -0.185400 -0.136106 0.973192 0.000000 0.000000
  23 27.628218 -0.921262 1.061214 0.001589 -0.220948 0.975284 0.000000 0.000000
  23 27.737125 -0.860595 1.131632 0.090269 -0.403975 0.910305 0.000000 0.000000
rubbergloveCHROME.bmp
  3 25.959954 0.247884 1.026887 -0.038251 -0.303244 0.952145 0.000000 0.000000
  3 26.183865 0.017151 1.021750 -0.108569 -0.297376 0.948568 0.000000 0.000000
  3 26.128005 0.261113 1.080590 -0.154218 -0.249766 0.955947 0.000000 0.000000
rubbergloveCHROME.bmp
  3 26.128005 0.261113 1.080590 -0.154218 -0.249766 0.955947 0.000000 0.000000
  3 26.183865 0.017151 1.021750 -0.108569 -0.297376 0.948568 0.000000 0.000000
  3 26.218977 0.183137 1.092573 -0.141008 -0.175105 0.974400 0.000000 0.000000
rubbergloveCHROME.bmp
  3 26.183865 0.017151 1.021750 -0.108569 -0.297376 0.948568 0.000000 0.000000
  3 26.313918 0.062870 1.074627 -0.159180 -0.379621 0.911345 0.000000 0.000000
  3 26.218977 0.183137 1.092573 -0.141008 -0.175105 0.974400 0.000000 0.000000
rubbergloveCHROME.bmp
  3 26.218977 0.183137 1.092573 -0.141008 -0.175105 0.974400 0.000000 0.000000
  3 26.313918 0.062870 1.074627 -0.159180 -0.379621 0.911345 0.000000 0.000000
  3 26.436469 0.207284 1.117357 0.005498 -0.154985 0.987902 0.000000 0.000000
rubbergloveCHROME.bmp
  3 26.313918 0.062870 1.074627 -0.159180 -0.379621 0.911345 0.000000 0.000000
  3 26.387603 -0.051999 1.036210 -0.194048 -0.341052 0.919798 0.000000 0.000000
  3 26.436469 0.207284 1.117357 0.005498 -0.154985 0.987902 0.000000 0.000000
rubbergloveCHROME.bmp
  3 26.436469 0.207284 1.117357 0.005498 -0.154985 0.987902 0.000000 0.000000
  3 26.387603 -0.051999 1.036210 -0.194048 -0.341052 0.919798 0.000000 0.000000
  3 26.581735 0.083833 1.080510 -0.051160 -0.129045 0.990318 0.000000 0.000000
rubbergloveCHROME.bmp
  3 26.387603 -0.051999 1.036210 -0.194048 -0.341052 0.919798 0.000000 0.000000
  22 26.587495 -0.264783 1.034004 -0.287166 -0.413857 0.863862 0.000000 0.000000
  3 26.581735 0.083833 1.080510 -0.051160 -0.129045 0.990318 0.000000 0.000000
rubbergloveCHROME.bmp
  3 26.581735 0.083833 1.080510 -0.051160 -0.129045 0.990318 0.000000 0.000000
  22 26.587495 -0.264783 1.034004 -0.287166 -0.413857 0.863862 0.000000 0.000000
  22 26.729987 -0.072325 1.087442 -0.032189 -0.161113 0.986411 0.000000 0.000000
rubbergloveCHROME.bmp
  22 26.587495 -0.264783 1.034004 -0.287166 -0.413857 0.863862 0.000000 0.000000
  22 26.992772 -0.258113 1.048363 0.053736 -0.065558 0.996401 0.000000 0.000000
  22 26.729987 -0.072325 1.087442 -0.032189 -0.161113 0.986411 0.000000 0.000000
rubbergloveCHROME.bmp
  22 26.729987 -0.072325 1.087442 -0.032189 -0.161113 0.986411 0.000000 0.000000
  22 26.992772 -0.258113 1.048363 0.053736 -0.065558 0.996401 0.000000 0.000000
  22 26.971602 -0.121779 1.074148 -0.170962 -0.415834 0.893227 0.000000 0.000000
rubbergloveCHROME.bmp
  22 26.992772 -0.258113 1.048363 0.053736 -0.065558 0.996401 0.000000 0.000000
  22 27.074614 -0.248502 1.018206 -0.152617 -0.220331 0.963412 0.000000 0.000000
  22 26.971602 -0.121779 1.074148 -0.170962 -0.415834 0.893227 0.000000 0.000000
rubbergloveCHROME.bmp
  1 -25.179507 0.311766 -1.106840 -0.917195 -0.317032 -0.241336 0.000000 0.000000
  1 -25.153420 0.203273 -1.147445 -0.900576 -0.073827 0.428384 0.000000 0.000000
  10 -25.161240 0.102706 -1.119135 -0.715234 -0.174297 -0.676802 0.000000 0.000000
rubbergloveCHROME.bmp
  10 -25.161240 0.102706 -1.119135 -0.715234 -0.174297 -0.676802 0.000000 0.000000
  1 -25.153420 0.203273 -1.147445 -0.900576 -0.073827 0.428384 0.000000 0.000000
  1 -25.196932 0.100289 -1.146512 -0.901610 -0.353720 0.248961 0.000000 0.000000
rubbergloveCHROME.bmp
  1 -25.153420 0.203273 -1.147445 -0.900576 -0.073827 0.428384 0.000000 0.000000
  13 -25.229861 0.065194 -1.220589 -0.383026 -0.037045 0.922995 0.000000 0.000000
  1 -25.196932 0.100289 -1.146512 -0.901610 -0.353720 0.248961 0.000000 0.000000
rubbergloveCHROME.bmp
  1 -25.196932 0.100289 -1.146512 -0.901610 -0.353720 0.248961 0.000000 0.000000
  13 -25.229861 0.065194 -1.220589 -0.383026 -0.037045 0.922995 0.000000 0.000000
  1 -25.158736 -0.037507 -1.177387 -0.280054 -0.041294 0.959096 0.000000 0.000000
rubbergloveCHROME.bmp
  13 -25.229861 0.065194 -1.220589 -0.383026 -0.037045 0.922995 0.000000 0.000000
  13 -25.241639 -0.082130 -1.236609 -0.216112 0.103580 0.970859 0.000000 0.000000
  1 -25.158736 -0.037507 -1.177387 -0.280054 -0.041294 0.959096 0.000000 0.000000
rubbergloveCHROME.bmp
  1 -25.158736 -0.037507 -1.177387 -0.280054 -0.041294 0.959096 0.000000 0.000000
  13 -25.241639 -0.082130 -1.236609 -0.216112 0.103580 0.970859 0.000000 0.000000
  13 -25.230904 -0.208481 -1.187413 -0.123954 0.186558 0.974593 0.000000 0.000000
rubbergloveCHROME.bmp
  13 -25.241639 -0.082130 -1.236609 -0.216112 0.103580 0.970859 0.000000 0.000000
  13 -25.359839 -0.191745 -1.240287 -0.216112 0.103580 0.970859 0.000000 0.000000
  13 -25.230904 -0.208481 -1.187413 -0.123954 0.186558 0.974593 0.000000 0.000000
rubbergloveCHROME.bmp
  13 -25.230904 -0.208481 -1.187413 -0.123954 0.186558 0.974593 0.000000 0.000000
  13 -25.359839 -0.191745 -1.240287 -0.216112 0.103580 0.970859 0.000000 0.000000
  13 -25.354615 -0.391361 -1.168692 -0.161235 0.175591 0.971170 0.000000 0.000000
rubbergloveCHROME.bmp
  13 -25.359839 -0.191745 -1.240287 -0.216112 0.103580 0.970859 0.000000 0.000000
  13 -25.483578 -0.320167 -1.266671 -0.162062 0.064676 0.984659 0.000000 0.000000
  13 -25.354615 -0.391361 -1.168692 -0.161235 0.175591 0.971170 0.000000 0.000000
rubbergloveCHROME.bmp
  13 -25.354615 -0.391361 -1.168692 -0.161235 0.175591 0.971170 0.000000 0.000000
  13 -25.483578 -0.320167 -1.266671 -0.162062 0.064676 0.984659 0.000000 0.000000
  13 -25.655997 -0.398252 -1.283239 -0.123954 0.186558 0.974593 0.000000 0.000000
rubbergloveCHROME.bmp
  11 -26.320601 -0.743087 -0.614496 -0.976990 0.060040 0.204659 0.000000 0.000000
  11 -26.314825 -0.725469 -0.414106 -0.942286 -0.149240 0.299708 0.000000 0.000000
  11 -26.382898 -0.692013 -0.594236 -0.984613 0.048568 0.167864 0.000000 0.000000
rubbergloveCHROME.bmp
  11 -26.382898 -0.692013 -0.594236 -0.984613 0.048568 0.167864 0.000000 0.000000
  11 -26.314825 -0.725469 -0.414106 -0.942286 -0.149240 0.299708 0.000000 0.000000
  11 -26.289971 -0.605981 -0.411855 -0.613900 0.717091 0.330011 0.000000 0.000000
rubbergloveCHROME.bmp
  11 -26.314825 -0.725469 -0.414106 -0.942286 -0.149240 0.299708 0.000000 0.000000
  11 -26.174843 -0.705391 -0.182370 -0.517685 0.581654 0.627440 0.000000 0.000000
  11 -26.289971 -0.605981 -0.411855 -0.613900 0.717091 0.330011 0.000000 0.000000
rubbergloveCHROME.bmp
  11 -26.289971 -0.605981 -0.411855 -0.613900 0.717091 0.330011 0.000000 0.000000
  11 -26.174843 -0.705391 -0.182370 -0.517685 0.581654 0.627440 0.000000 0.000000
  10 -26.232399 -0.579288 -0.420850 -0.850298 0.376778 0.367466 0.000000 0.000000
rubbergloveCHROME.bmp
  11 -26.174843 -0.705391 -0.182370 -0.517685 0.581654 0.627440 0.000000 0.000000
  10 -26.133746 -0.680675 -0.201560 -0.606292 0.301994 0.735669 0.000000 0.000000
  10 -26.232399 -0.579288 -0.420850 -0.850298 0.376778 0.367466 0.000000 0.000000
rubbergloveCHROME.bmp
  10 -26.232399 -0.579288 -0.420850 -0.850298 0.376778 0.367466 0.000000 0.000000
  10 -26.133746 -0.680675 -0.201560 -0.606292 0.301994 0.735669 0.000000 0.000000
  10 -26.152269 -0.630247 -0.190888 -0.828250 0.035539 0.559231 0.000000 0.000000
rubbergloveCHROME.bmp
  10 -26.133746 -0.680675 -0.201560 -0.606292 0.301994 0.735669 0.000000 0.000000
  10 -26.087360 -0.720583 -0.091761 -0.419066 -0.247608 0.873541 0.000000 0.000000
  10 -26.152269 -0.630247 -0.190888 -0.828250 0.035539 0.559231 0.000000 0.000000
rubbergloveCHROME.bmp
  10 -26.152269 -0.630247 -0.190888 -0.828250 0.035539 0.559231 0.000000 0.000000
  10 -26.087360 -0.720583 -0.091761 -0.419066 -0.247608 0.873541 0.000000 0.000000
  10 -26.048520 -0.659025 -0.090349 -0.184868 0.027533 0.982378 0.000000 0.000000
rubbergloveCHROME.bmp
  10 -26.087360 -0.720583 -0.091761 -0.419066 -0.247608 0.873541 0.000000 0.000000
  10 -25.952443 -0.720347 -0.130459 -0.077710 0.081761 0.993618 0.000000 0.000000
  10 -26.048520 -0.659025 -0.090349 -0.184868 0.027533 0.982378 0.000000 0.000000
rubbergloveCHROME.bmp
  10 -26.048520 -0.659025 -0.090349 -0.184868 0.027533 0.982378 0.000000 0.000000
  10 -25.952443 -0.720347 -0.130459 -0.077710 0.081761 0.993618 0.000000 0.000000
  10 -25.914487 -0.673074 -0.119294 -0.040311 0.110928 0.993011 0.000000 0.000000
rubbergloveCHROME.bmp
  10 -25.956464 0.056226 -0.377476 -0.685968 0.465289 0.559423 0.000000 0.000000
  10 -25.817617 0.018754 -0.296747 -0.525807 0.465121 0.712172 0.000000 0.000000
  10 -25.829663 0.169692 -0.384340 -0.429545 0.593130 0.680947 0.000000 0.000000
rubbergloveCHROME.bmp
  10 -25.829663 0.169692 -0.384340 -0.429545 0.593130 0.680947 0.000000 0.000000
  10 -25.817617 0.018754 -0.296747 -0.525807 0.465121 0.712172 0.000000 0.000000
  10 -25.710524 0.155085 -0.333423 -0.635317 0.524000 0.567270 0.000000 0.000000
rubbergloveCHROME.bmp
  10 -25.817617 0.018754 -0.296747 -0.525807 0.465121 0.712172 0.000000 0.000000
  10 -25.796334 0.024125 -0.266445 -0.614712 0.487556 0.620015 0.000000 0.000000
  10 -25.710524 0.155085 -0.333423 -0.635317 0.524000 0.567270 0.000000 0.000000
rubbergloveCHROME.bmp
  10 -25.710524 0.155085 -0.333423 -0.635317 0.524000 0.567270 0.000000 0.000000
  10 -25.796334 0.024125 -0.266445 -0.614712 0.487556 0.620015 0.000000 0.000000
  10 -25.680905 0.181406 -0.312690 -0.635317 0.524000 0.567270 0.000000 0.000000
rubbergloveCHROME.bmp
  10 -25.796334 0.024125 -0.266445 -0.614712 0.487556 0.620015 0.000000 0.000000
  10 -25.727697 -0.008730 -0.226326 -0.527151 0.412984 0.742668 0.000000 0.000000
  10 -25.680905 0.181406 -0.312690 -0.635317 0.524000 0.567270 0.000000 0.000000
rubbergloveCHROME.bmp
  10 -25.680905 0.181406 -0.312690 -0.635317 0.524000 0.567270 0.000000 0.000000
  10 -25.727697 -0.008730 -0.226326 -0.527151 0.412984 0.742668 0.000000 0.000000
  10 -25.632558 0.170408 -0.242393 -0.559001 0.460492 0.689540 0.000000 0.000000
rubbergloveCHROME.bmp
  10 -25.727697 -0.008730 -0.226326 -0.527151 0.412984 0.742668 0.000000 0.000000
  10 -25.639049 -0.051173 -0.106159 -0.267199 0.155374 0.951033 0.000000 0.000000
  10 -25.632558 0.170408 -0.242393 -0.559001 0.460492 0.689540 0.000000 0.000000
rubbergloveCHROME.bmp
  10 -25.632558 0.170408 -0.242393 -0.559001 0.460492 0.689540 0.000000 0.000000
  10 -25.639049 -0.051173 -0.106159 -0.267199 0.155374 0.951033 0.000000 0.000000
  10 -25.509887 0.104647 -0.112288 -0.296166 0.131483 0.946043 0.000000 0.000000
rubbergloveCHROME.bmp
  10 -25.639049 -0.051173 -0.106159 -0.267199 0.155374 0.951033 0.000000 0.000000
  10 -25.499330 -0.087131 -0.115414 -0.070226 0.013102 0.997445 0.000000 0.000000
  10 -25.509887 0.104647 -0.112288 -0.296166 0.131483 0.946043 0.000000 0.000000
rubbergloveCHROME.bmp
  10 -25.509887 0.104647 -0.112288 -0.296166 0.131483 0.946043 0.000000 0.000000
  10 -25.499330 -0.087131 -0.115414 -0.070226 0.013102 0.997445 0.000000 0.000000
  10 -25.369285 0.082975 -0.131295 -0.281606 -0.177292 0.943009 0.000000 0.000000
rubbergloveCHROME.bmp
  13 -25.869362 -0.459668 -1.241967 -0.566898 -0.157422 0.808607 0.000000 0.000000
  13 -25.732850 -0.469481 -1.258335 0.042897 0.167649 0.984913 0.000000 0.000000
  13 -25.809357 -0.376741 -1.237217 -0.184515 0.422134 0.887557 0.000000 0.000000
rubbergloveCHROME.bmp
  13 -25.809357 -0.376741 -1.237217 -0.184515 0.422134 0.887557 0.000000 0.000000
  13 -25.732850 -0.469481 -1.258335 0.042897 0.167649 0.984913 0.000000 0.000000
  13 -25.702689 -0.318805 -1.280405 -0.105359 0.478301 0.871853 0.000000 0.000000
rubbergloveCHROME.bmp
  13 -25.732850 -0.469481 -1.258335 0.042897 0.167649 0.984913 0.000000 0.000000
  13 -25.655997 -0.398252 -1.283239 -0.123954 0.186558 0.974593 0.000000 0.000000
  13 -25.702689 -0.318805 -1.280405 -0.105359 0.478301 0.871853 0.000000 0.000000
rubbergloveCHROME.bmp
  13 -25.702689 -0.318805 -1.280405 -0.105359 0.478301 0.871853 0.000000 0.000000
  13 -25.655997 -0.398252 -1.283239 -0.123954 0.186558 0.974593 0.000000 0.000000
  13 -25.580307 -0.232561 -1.258388 -0.397929 0.197019 0.896011 0.000000 0.000000
rubbergloveCHROME.bmp
  13 -25.655997 -0.398252 -1.283239 -0.123954 0.186558 0.974593 0.000000 0.000000
  13 -25.483578 -0.320167 -1.266671 -0.162062 0.064676 0.984659 0.000000 0.000000
  13 -25.580307 -0.232561 -1.258388 -0.397929 0.197019 0.896011 0.000000 0.000000
rubbergloveCHROME.bmp
  13 -25.580307 -0.232561 -1.258388 -0.397929 0.197019 0.896011 0.000000 0.000000
  13 -25.483578 -0.320167 -1.266671 -0.162062 0.064676 0.984659 0.000000 0.000000
  13 -25.492101 -0.082524 -1.223622 -0.337948 0.212899 0.916769 0.000000 0.000000
rubbergloveCHROME.bmp
  13 -25.483578 -0.320167 -1.266671 -0.162062 0.064676 0.984659 0.000000 0.000000
  13 -25.359839 -0.191745 -1.240287 -0.216112 0.103580 0.970859 0.000000 0.000000
  13 -25.492101 -0.082524 -1.223622 -0.337948 0.212899 0.916769 0.000000 0.000000
rubbergloveCHROME.bmp
  13 -25.492101 -0.082524 -1.223622 -0.337948 0.212899 0.916769 0.000000 0.000000
  13 -25.359839 -0.191745 -1.240287 -0.216112 0.103580 0.970859 0.000000 0.000000
  13 -25.350432 0.035190 -1.236784 -0.240619 0.222299 0.944820 0.000000 0.000000
rubbergloveCHROME.bmp
  13 -25.359839 -0.191745 -1.240287 -0.216112 0.103580 0.970859 0.000000 0.000000
  13 -25.241639 -0.082130 -1.236609 -0.216112 0.103580 0.970859 0.000000 0.000000
  13 -25.350432 0.035190 -1.236784 -0.240619 0.222299 0.944820 0.000000 0.000000
rubbergloveCHROME.bmp
  13 -25.350432 0.035190 -1.236784 -0.240619 0.222299 0.944820 0.000000 0.000000
  13 -25.241639 -0.082130 -1.236609 -0.216112 0.103580 0.970859 0.000000 0.000000
  13 -25.229861 0.065194 -1.220589 -0.383026 -0.037045 0.922995 0.000000 0.000000
rubbergloveCHROME.bmp
  19 25.250013 0.014770 0.393440 0.109800 -0.877406 -0.467015 0.000000 0.000000
  19 25.155135 -0.051097 0.581748 -0.025586 -0.961290 -0.274347 0.000000 0.000000
  19 25.026039 0.038472 0.367478 0.034429 -0.925904 -0.376187 0.000000 0.000000
rubbergloveCHROME.bmp
  19 25.026039 0.038472 0.367478 0.034429 -0.925904 -0.376187 0.000000 0.000000
  19 25.155135 -0.051097 0.581748 -0.025586 -0.961290 -0.274347 0.000000 0.000000
  19 24.818509 -0.056427 0.707663 -0.097770 -0.963903 -0.247654 0.000000 0.000000
rubbergloveCHROME.bmp
  19 25.155135 -0.051097 0.581748 -0.025586 -0.961290 -0.274347 0.000000 0.000000
  20 24.943152 -0.120651 0.848010 -0.098456 -0.894676 -0.435731 0.000000 0.000000
  19 24.818509 -0.056427 0.707663 -0.097770 -0.963903 -0.247654 0.000000 0.000000
rubbergloveCHROME.bmp
  19 24.818509 -0.056427 0.707663 -0.097770 -0.963903 -0.247654 0.000000 0.000000
  20 24.943152 -0.120651 0.848010 -0.098456 -0.894676 -0.435731 0.000000 0.000000
  20 24.660754 -0.145403 1.081545 -0.373040 -0.908343 -0.189088 0.000000 0.000000
rubbergloveCHROME.bmp
  20 24.943152 -0.120651 0.848010 -0.098456 -0.894676 -0.435731 0.000000 0.000000
  20 24.806394 -0.254082 1.100979 -0.516996 -0.783668 -0.344354 0.000000 0.000000
  20 24.660754 -0.145403 1.081545 -0.373040 -0.908343 -0.189088 0.000000 0.000000
rubbergloveCHROME.bmp
  20 24.660754 -0.145403 1.081545 -0.373040 -0.908343 -0.189088 0.000000 0.000000
  20 24.806394 -0.254082 1.100979 -0.516996 -0.783668 -0.344354 0.000000 0.000000
  20 24.710390 -0.184645 1.303122 -0.646987 -0.762416 0.011371 0.000000 0.000000
rubbergloveCHROME.bmp
  20 24.806394 -0.254082 1.100979 -0.516996 -0.783668 -0.344354 0.000000 0.000000
  20 24.970747 -0.457977 1.445964 -0.797124 -0.589260 -0.131784 0.000000 0.000000
  20 24.710390 -0.184645 1.303122 -0.646987 -0.762416 0.011371 0.000000 0.000000
rubbergloveCHROME.bmp
  20 24.710390 -0.184645 1.303122 -0.646987 -0.762416 0.011371 0.000000 0.000000
  20 24.970747 -0.457977 1.445964 -0.797124 -0.589260 -0.131784 0.000000 0.000000
  20 24.911822 -0.404473 1.517833 -0.889621 -0.452383 -0.062641 0.000000 0.000000
rubbergloveCHROME.bmp
  20 24.970747 -0.457977 1.445964 -0.797124 -0.589260 -0.131784 0.000000 0.000000
  20 24.911582 -0.472079 1.542921 -0.863886 -0.491985 -0.107944 0.000000 0.000000
  20 24.911822 -0.404473 1.517833 -0.889621 -0.452383 -0.062641 0.000000 0.000000
rubbergloveCHROME.bmp
  20 25.218876 -0.044548 0.776704 0.111050 -0.961640 -0.250831 0.000000 0.000000
  20 25.362738 -0.159986 0.905460 0.190430 -0.528890 -0.827050 0.000000 0.000000
  20 25.087013 -0.236089 0.976765 -0.120205 -0.706736 -0.697190 0.000000 0.000000
rubbergloveCHROME.bmp
  20 25.087013 -0.236089 0.976765 -0.120205 -0.706736 -0.697190 0.000000 0.000000
  20 25.362738 -0.159986 0.905460 0.190430 -0.528890 -0.827050 0.000000 0.000000
  20 25.260126 -0.356216 1.045334 -0.148118 -0.504351 -0.850700 0.000000 0.000000
rubbergloveCHROME.bmp
  20 25.362738 -0.159986 0.905460 0.190430 -0.528890 -0.827050 0.000000 0.000000
  20 25.458247 -0.280858 1.011138 0.232641 -0.322753 -0.917447 0.000000 0.000000
  20 25.260126 -0.356216 1.045334 -0.148118 -0.504351 -0.850700 0.000000 0.000000
rubbergloveCHROME.bmp
  20 25.260126 -0.356216 1.045334 -0.148118 -0.504351 -0.850700 0.000000 0.000000
  20 25.458247 -0.280858 1.011138 0.232641 -0.322753 -0.917447 0.000000 0.000000
  20 25.370399 -0.502957 1.065498 -0.179137 -0.398963 -0.899299 0.000000 0.000000
rubbergloveCHROME.bmp
  20 25.458247 -0.280858 1.011138 0.232641 -0.322753 -0.917447 0.000000 0.000000
  20 25.542255 -0.402998 1.041544 0.231499 -0.256624 -0.938377 0.000000 0.000000
  20 25.370399 -0.502957 1.065498 -0.179137 -0.398963 -0.899299 0.000000 0.000000
rubbergloveCHROME.bmp
  20 25.370399 -0.502957 1.065498 -0.179137 -0.398963 -0.899299 0.000000 0.000000
  20 25.542255 -0.402998 1.041544 0.231499 -0.256624 -0.938377 0.000000 0.000000
  21 25.517581 -0.724835 1.161011 0.001651 -0.546107 -0.837714 0.000000 0.000000
rubbergloveCHROME.bmp
  20 25.542255 -0.402998 1.041544 0.231499 -0.256624 -0.938377 0.000000 0.000000
  21 25.669491 -0.577678 1.128331 0.371874 -0.322153 -0.870590 0.000000 0.000000
  21 25.517581 -0.724835 1.161011 0.001651 -0.546107 -0.837714 0.000000 0.000000
rubbergloveCHROME.bmp
  21 25.517581 -0.724835 1.161011 0.001651 -0.546107 -0.837714 0.000000 0.000000
  21 25.669491 -0.577678 1.128331 0.371874 -0.322153 -0.870590 0.000000 0.000000
  21 25.641138 -0.852917 1.262642 0.105223 -0.602080 -0.791472 0.000000 0.000000
rubbergloveCHROME.bmp
  21 25.669491 -0.577678 1.128331 0.371874 -0.322153 -0.870590 0.000000 0.000000
  21 25.794965 -0.722903 1.247352 0.311576 -0.353185 -0.882146 0.000000 0.000000
  21 25.641138 -0.852917 1.262642 0.105223 -0.602080 -0.791472 0.000000 0.000000
rubbergloveCHROME.bmp
  10 -25.200177 0.040979 -1.110549 -0.175959 0.152802 -0.972466 0.000000 0.000000
  10 -25.161240 0.102706 -1.119135 -0.715234 -0.174297 -0.676802 0.000000 0.000000
  10 -24.919211 -0.365916 -1.014659 0.008272 -0.254682 -0.966990 0.000000 0.000000
rubbergloveCHROME.bmp
  10 -24.919211 -0.365916 -1.014659 0.008272 -0.254682 -0.966990 0.000000 0.000000
  10 -25.161240 0.102706 -1.119135 -0.715234 -0.174297 -0.676802 0.000000 0.000000
  1 -24.826652 -0.347089 -1.104722 -0.423183 -0.781704 -0.458099 0.000000 0.000000
rubbergloveCHROME.bmp
  10 -25.161240 0.102706 -1.119135 -0.715234 -0.174297 -0.676802 0.000000 0.000000
  1 -25.196932 0.100289 -1.146512 -0.901610 -0.353720 0.248961 0.000000 0.000000
  1 -24.826652 -0.347089 -1.104722 -0.423183 -0.781704 -0.458099 0.000000 0.000000
rubbergloveCHROME.bmp
  1 -24.826652 -0.347089 -1.104722 -0.423183 -0.781704 -0.458099 0.000000 0.000000
  1 -25.196932 0.100289 -1.146512 -0.901610 -0.353720 0.248961 0.000000 0.000000
  1 -24.771586 -0.351489 -1.165946 -0.250437 -0.685739 0.683406 0.000000 0.000000
rubbergloveCHROME.bmp
  1 -25.196932 0.100289 -1.146512 -0.901610 -0.353720 0.248961 0.000000 0.000000
  1 -25.158736 -0.037507 -1.177387 -0.280054 -0.041294 0.959096 0.000000 0.000000
  1 -24.771586 -0.351489 -1.165946 -0.250437 -0.685739 0.683406 0.000000 0.000000
rubbergloveCHROME.bmp
  1 -24.771586 -0.351489 -1.165946 -0.250437 -0.685739 0.683406 0.000000 0.000000
  1 -25.158736 -0.037507 -1.177387 -0.280054 -0.041294 0.959096 0.000000 0.000000
  1 -24.810022 -0.383974 -1.185114 0.051155 -0.129050 0.990318 0.000000 0.000000
rubbergloveCHROME.bmp
  1 -25.158736 -0.037507 -1.177387 -0.280054 -0.041294 0.959096 0.000000 0.000000
  13 -25.230904 -0.208481 -1.187413 -0.123954 0.186558 0.974593 0.000000 0.000000
  1 -24.810022 -0.383974 -1.185114 0.051155 -0.129050 0.990318 0.000000 0.000000
rubbergloveCHROME.bmp
  1 -24.810022 -0.383974 -1.185114 0.051155 -0.129050 0.990318 0.000000 0.000000
  13 -25.230904 -0.208481 -1.187413 -0.123954 0.186558 0.974593 0.000000 0.000000
  13 -24.954769 -0.470695 -1.213740 0.120691 -0.057859 0.991003 0.000000 0.000000
rubbergloveCHROME.bmp
  13 -25.230904 -0.208481 -1.187413 -0.123954 0.186558 0.974593 0.000000 0.000000
  13 -25.354615 -0.391361 -1.168692 -0.161235 0.175591 0.971170 0.000000 0.000000
  13 -24.954769 -0.470695 -1.213740 0.120691 -0.057859 0.991003 0.000000 0.000000
rubbergloveCHROME.bmp
  10 -25.695888 -0.437280 -0.123210 -0.078002 0.128944 0.988579 0.000000 0.000000
  10 -25.545169 -0.396656 -0.091061 -0.138082 0.125444 0.982445 0.000000 0.000000
  10 -25.617132 -0.299539 -0.150135 -0.111805 0.052103 0.992363 0.000000 0.000000
rubbergloveCHROME.bmp
  10 -25.617132 -0.299539 -0.150135 -0.111805 0.052103 0.992363 0.000000 0.000000
  10 -25.545169 -0.396656 -0.091061 -0.138082 0.125444 0.982445 0.000000 0.000000
  10 -25.499330 -0.087131 -0.115414 -0.070226 0.013102 0.997445 0.000000 0.000000
rubbergloveCHROME.bmp
  10 -25.545169 -0.396656 -0.091061 -0.138082 0.125444 0.982445 0.000000 0.000000
  10 -25.306846 -0.062656 -0.103136 -0.281606 -0.177292 0.943009 0.000000 0.000000
  10 -25.499330 -0.087131 -0.115414 -0.070226 0.013102 0.997445 0.000000 0.000000
rubbergloveCHROME.bmp
  10 -25.499330 -0.087131 -0.115414 -0.070226 0.013102 0.997445 0.000000 0.000000
  10 -25.306846 -0.062656 -0.103136 -0.281606 -0.177292 0.943009 0.000000 0.000000
  10 -25.369285 0.082975 -0.131295 -0.281606 -0.177292 0.943009 0.000000 0.000000
rubbergloveCHROME.bmp
  10 -25.306846 -0.062656 -0.103136 -0.281606 -0.177292 0.943009 0.000000 0.000000
  10 -25.276315 0.111795 -0.049895 -0.804002 -0.297919 0.514612 0.000000 0.000000
  10 -25.369285 0.082975 -0.131295 -0.281606 -0.177292 0.943009 0.000000 0.000000
rubbergloveCHROME.bmp
  10 -25.369285 0.082975 -0.131295 -0.281606 -0.177292 0.943009 0.000000 0.000000
  10 -25.276315 0.111795 -0.049895 -0.804002 -0.297919 0.514612 0.000000 0.000000
  10 -25.286210 0.183680 -0.078786 -0.764109 -0.346237 0.544295 0.000000 0.000000
rubbergloveCHROME.bmp
  10 -25.276315 0.111795 -0.049895 -0.804002 -0.297919 0.514612 0.000000 0.000000
  1 -25.294589 0.152267 0.035927 -0.944255 -0.323178 0.062753 0.000000 0.000000
  10 -25.286210 0.183680 -0.078786 -0.764109 -0.346237 0.544295 0.000000 0.000000
rubbergloveCHROME.bmp
  10 -25.286210 0.183680 -0.078786 -0.764109 -0.346237 0.544295 0.000000 0.000000
  1 -25.294589 0.152267 0.035927 -0.944255 -0.323178 0.062753 0.000000 0.000000
  1 -25.256030 0.276947 0.055112 -0.824822 -0.510018 0.244030 0.000000 0.000000
rubbergloveCHROME.bmp
  1 -25.294589 0.152267 0.035927 -0.944255 -0.323178 0.062753 0.000000 0.000000
  1 -25.236006 0.161942 0.084655 -0.981707 -0.044464 -0.185134 0.000000 0.000000
  1 -25.256030 0.276947 0.055112 -0.824822 -0.510018 0.244030 0.000000 0.000000
rubbergloveCHROME.bmp
  10 -26.231019 -0.551388 -0.400363 -0.924804 0.249213 0.287455 0.000000 0.000000
  10 -26.221109 -0.502201 -0.409441 -0.627215 0.688706 0.363709 0.000000 0.000000
  10 -26.246032 -0.469358 -0.589164 -0.673230 0.718536 0.174549 0.000000 0.000000
rubbergloveCHROME.bmp
  10 -26.246032 -0.469358 -0.589164 -0.673230 0.718536 0.174549 0.000000 0.000000
  10 -26.221109 -0.502201 -0.409441 -0.627215 0.688706 0.363709 0.000000 0.000000
  10 -26.155507 -0.470288 -0.418271 -0.612284 0.729749 0.304261 0.000000 0.000000
rubbergloveCHROME.bmp
  10 -26.221109 -0.502201 -0.409441 -0.627215 0.688706 0.363709 0.000000 0.000000
  10 -26.111856 -0.540452 -0.188986 -0.576974 0.620854 0.530698 0.000000 0.000000
  10 -26.155507 -0.470288 -0.418271 -0.612284 0.729749 0.304261 0.000000 0.000000
rubbergloveCHROME.bmp
  10 -26.155507 -0.470288 -0.418271 -0.612284 0.729749 0.304261 0.000000 0.000000
  10 -26.111856 -0.540452 -0.188986 -0.576974 0.620854 0.530698 0.000000 0.000000
  10 -26.123334 -0.401276 -0.416798 -0.865861 0.224685 0.446992 0.000000 0.000000
rubbergloveCHROME.bmp
  10 -26.111856 -0.540452 -0.188986 -0.576974 0.620854 0.530698 0.000000 0.000000
  10 -25.984555 -0.305073 -0.283810 -0.674632 0.303870 0.672707 0.000000 0.000000
  10 -26.123334 -0.401276 -0.416798 -0.865861 0.224685 0.446992 0.000000 0.000000
rubbergloveCHROME.bmp
  10 -26.123334 -0.401276 -0.416798 -0.865861 0.224685 0.446992 0.000000 0.000000
  10 -25.984555 -0.305073 -0.283810 -0.674632 0.303870 0.672707 0.000000 0.000000
  10 -26.038383 -0.259058 -0.313562 -0.757576 0.335010 0.560221 0.000000 0.000000
rubbergloveCHROME.bmp
  10 -25.984555 -0.305073 -0.283810 -0.674632 0.303870 0.672707 0.000000 0.000000
  10 -25.897256 -0.133273 -0.260070 -0.672667 0.397301 0.624236 0.000000 0.000000
  10 -26.038383 -0.259058 -0.313562 -0.757576 0.335010 0.560221 0.000000 0.000000
rubbergloveCHROME.bmp
  10 -26.038383 -0.259058 -0.313562 -0.757576 0.335010 0.560221 0.000000 0.000000
  10 -25.897256 -0.133273 -0.260070 -0.672667 0.397301 0.624236 0.000000 0.000000
  10 -26.000040 -0.211113 -0.342390 -0.712215 0.308879 0.630352 0.000000 0.000000
rubbergloveCHROME.bmp
  10 -25.897256 -0.133273 -0.260070 -0.672667 0.397301 0.624236 0.000000 0.000000
  10 -25.938441 -0.116115 -0.300187 -0.552628 0.308549 0.774209 0.000000 0.000000
  10 -26.000040 -0.211113 -0.342390 -0.712215 0.308879 0.630352 0.000000 0.000000
rubbergloveCHROME.bmp
  7 -25.836147 -0.139148 0.596281 -0.991200 0.131884 0.011331 0.000000 0.000000
  7 -25.701195 -0.198800 0.734952 -0.870961 0.269385 0.410925 0.000000 0.000000
  7 -25.794893 0.001712 0.608795 -0.862573 0.484371 -0.146122 0.000000 0.000000
rubbergloveCHROME.bmp
  7 -25.794893 0.001712 0.608795 -0.862573 0.484371 -0.146122 0.000000 0.000000
  7 -25.701195 -0.198800 0.734952 -0.870961 0.269385 0.410925 0.000000 0.000000
  7 -25.668287 0.104771 0.805390 -0.731257 0.523272 0.437550 0.000000 0.000000
rubbergloveCHROME.bmp
  7 -25.701195 -0.198800 0.734952 -0.870961 0.269385 0.410925 0.000000 0.000000
  7 -25.677082 -0.158323 0.951008 -0.756807 0.114467 0.643537 0.000000 0.000000
  7 -25.668287 0.104771 0.805390 -0.731257 0.523272 0.437550 0.000000 0.000000
rubbergloveCHROME.bmp
  7 -25.668287 0.104771 0.805390 -0.731257 0.523272 0.437550 0.000000 0.000000
  7 -25.677082 -0.158323 0.951008 -0.756807 0.114467 0.643537 0.000000 0.000000
  7 -25.587353 -0.028315 0.957830 -0.394976 0.302077 0.867608 0.000000 0.000000
rubbergloveCHROME.bmp
  7 -25.677082 -0.158323 0.951008 -0.756807 0.114467 0.643537 0.000000 0.000000
  7 -25.584883 -0.184789 0.960950 -0.507439 0.247287 0.825442 0.000000 0.000000
  7 -25.587353 -0.028315 0.957830 -0.394976 0.302077 0.867608 0.000000 0.000000
rubbergloveCHROME.bmp
  7 -25.587353 -0.028315 0.957830 -0.394976 0.302077 0.867608 0.000000 0.000000
  7 -25.584883 -0.184789 0.960950 -0.507439 0.247287 0.825442 0.000000 0.000000
  7 -25.473921 -0.024350 1.002746 -0.490340 0.436923 0.754099 0.000000 0.000000
rubbergloveCHROME.bmp
  7 -25.584883 -0.184789 0.960950 -0.507439 0.247287 0.825442 0.000000 0.000000
  7 -25.549738 -0.195880 1.017887 -0.557287 0.260139 0.788517 0.000000 0.000000
  7 -25.473921 -0.024350 1.002746 -0.490340 0.436923 0.754099 0.000000 0.000000
rubbergloveCHROME.bmp
  7 -25.473921 -0.024350 1.002746 -0.490340 0.436923 0.754099 0.000000 0.000000
  7 -25.549738 -0.195880 1.017887 -0.557287 0.260139 0.788517 0.000000 0.000000
  7 -25.447082 -0.015538 1.038830 -0.436626 0.391937 0.809780 0.000000 0.000000
rubbergloveCHROME.bmp
  7 -25.549738 -0.195880 1.017887 -0.557287 0.260139 0.788517 0.000000 0.000000
  7 -25.466342 -0.229681 1.019540 -0.296459 0.212726 0.931053 0.000000 0.000000
  7 -25.447082 -0.015538 1.038830 -0.436626 0.391937 0.809780 0.000000 0.000000
rubbergloveCHROME.bmp
  8 -25.635669 -0.769589 1.160513 0.204022 0.119611 0.971632 0.000000 0.000000
  8 -25.729403 -0.647952 1.051341 -0.226737 0.616840 0.753723 0.000000 0.000000
  8 -25.803187 -0.770040 1.082171 -0.674899 0.082061 0.733333 0.000000 0.000000
rubbergloveCHROME.bmp
  8 -25.803187 -0.770040 1.082171 -0.674899 0.082061 0.733333 0.000000 0.000000
  8 -25.729403 -0.647952 1.051341 -0.226737 0.616840 0.753723 0.000000 0.000000
  8 -25.894656 -0.711425 0.907249 -0.851416 0.105213 0.513830 0.000000 0.000000
rubbergloveCHROME.bmp
  8 -25.729403 -0.647952 1.051341 -0.226737 0.616840 0.753723 0.000000 0.000000
  8 -25.854238 -0.579599 0.890270 -0.501421 0.724810 0.472470 0.000000 0.000000
  8 -25.894656 -0.711425 0.907249 -0.851416 0.105213 0.513830 0.000000 0.000000
rubbergloveCHROME.bmp
  8 -25.894656 -0.711425 0.907249 -0.851416 0.105213 0.513830 0.000000 0.000000
  8 -25.854238 -0.579599 0.890270 -0.501421 0.724810 0.472470 0.000000 0.000000
  8 -26.001797 -0.682593 0.787710 -0.885906 0.266533 0.379645 0.000000 0.000000
rubbergloveCHROME.bmp
  8 -25.854238 -0.579599 0.890270 -0.501421 0.724810 0.472470 0.000000 0.000000
  8 -25.891375 -0.554459 0.761472 -0.496001 0.825915 0.268042 0.000000 0.000000
  8 -26.001797 -0.682593 0.787710 -0.885906 0.266533 0.379645 0.000000 0.000000
rubbergloveCHROME.bmp
  8 -26.001797 -0.682593 0.787710 -0.885906 0.266533 0.379645 0.000000 0.000000
  8 -25.891375 -0.554459 0.761472 -0.496001 0.825915 0.268042 0.000000 0.000000
  8 -26.006621 -0.530771 0.582706 -0.600950 0.780176 0.173738 0.000000 0.000000
rubbergloveCHROME.bmp
  8 -25.891375 -0.554459 0.761472 -0.496001 0.825915 0.268042 0.000000 0.000000
  8 -25.920695 -0.520273 0.580167 -0.761283 0.615333 0.204486 0.000000 0.000000
  8 -26.006621 -0.530771 0.582706 -0.600950 0.780176 0.173738 0.000000 0.000000
rubbergloveCHROME.bmp
  8 -26.006621 -0.530771 0.582706 -0.600950 0.780176 0.173738 0.000000 0.000000
  8 -25.920695 -0.520273 0.580167 -0.761283 0.615333 0.204486 0.000000 0.000000
  8 -25.963805 -0.512632 0.413184 -0.704700 0.704563 -0.083599 0.000000 0.000000
rubbergloveCHROME.bmp
  8 -25.920695 -0.520273 0.580167 -0.761283 0.615333 0.204486 0.000000 0.000000
  7 -25.908796 -0.464962 0.563605 -0.844398 0.477151 0.243556 0.000000 0.000000
  8 -25.963805 -0.512632 0.413184 -0.704700 0.704563 -0.083599 0.000000 0.000000
rubbergloveCHROME.bmp
  14 -25.642796 -0.608697 -2.131799 -0.177563 -0.049844 -0.982846 0.000000 0.000000
  14 -25.784075 -0.467459 -2.183684 0.002357 0.240734 -0.970588 0.000000 0.000000
  14 -25.631096 -0.555618 -2.165648 -0.019615 0.004612 -0.999797 0.000000 0.000000
rubbergloveCHROME.bmp
  14 -25.631096 -0.555618 -2.165648 -0.019615 0.004612 -0.999797 0.000000 0.000000
  14 -25.784075 -0.467459 -2.183684 0.002357 0.240734 -0.970588 0.000000 0.000000
  14 -25.775234 -0.444513 -2.129876 -0.313805 0.451140 -0.835464 0.000000 0.000000
rubbergloveCHROME.bmp
  14 -25.784075 -0.467459 -2.183684 0.002357 0.240734 -0.970588 0.000000 0.000000
  14 -25.877684 -0.404510 -2.096651 -0.277127 0.786890 -0.551366 0.000000 0.000000
  14 -25.775234 -0.444513 -2.129876 -0.313805 0.451140 -0.835464 0.000000 0.000000
rubbergloveCHROME.bmp
  14 -25.775234 -0.444513 -2.129876 -0.313805 0.451140 -0.835464 0.000000 0.000000
  14 -25.877684 -0.404510 -2.096651 -0.277127 0.786890 -0.551366 0.000000 0.000000
  14 -25.816536 -0.400576 -2.069347 -0.640983 0.612094 -0.463122 0.000000 0.000000
rubbergloveCHROME.bmp
  14 -25.877684 -0.404510 -2.096651 -0.277127 0.786890 -0.551366 0.000000 0.000000
  14 -25.959511 -0.370968 -1.859629 -0.458894 0.871935 -0.170722 0.000000 0.000000
  14 -25.816536 -0.400576 -2.069347 -0.640983 0.612094 -0.463122 0.000000 0.000000
rubbergloveCHROME.bmp
  14 -25.816536 -0.400576 -2.069347 -0.640983 0.612094 -0.463122 0.000000 0.000000
  14 -25.959511 -0.370968 -1.859629 -0.458894 0.871935 -0.170722 0.000000 0.000000
  14 -25.875256 -0.386536 -1.851965 -0.728951 0.666753 -0.155150 0.000000 0.000000
rubbergloveCHROME.bmp
  14 -25.959511 -0.370968 -1.859629 -0.458894 0.871935 -0.170722 0.000000 0.000000
  14 -25.977915 -0.387783 -1.691467 -0.341772 0.939635 0.016648 0.000000 0.000000
  14 -25.875256 -0.386536 -1.851965 -0.728951 0.666753 -0.155150 0.000000 0.000000
rubbergloveCHROME.bmp
  14 -25.875256 -0.386536 -1.851965 -0.728951 0.666753 -0.155150 0.000000 0.000000
  14 -25.977915 -0.387783 -1.691467 -0.341772 0.939635 0.016648 0.000000 0.000000
  14 -25.920598 -0.387792 -1.695304 -0.573885 0.818929 0.003364 0.000000 0.000000
rubbergloveCHROME.bmp
  14 -25.977915 -0.387783 -1.691467 -0.341772 0.939635 0.016648 0.000000 0.000000
  14 -25.962789 -0.400152 -1.569737 -0.445182 0.884658 0.138540 0.000000 0.000000
  14 -25.920598 -0.387792 -1.695304 -0.573885 0.818929 0.003364 0.000000 0.000000
rubbergloveCHROME.bmp
  16 -24.662492 -0.253793 -2.135076 -0.266921 -0.102504 0.958252 0.000000 0.000000
  16 -24.863373 -0.219991 -2.199140 -0.341675 0.121885 0.931881 0.000000 0.000000
  16 -24.775709 -0.355908 -2.183595 -0.146827 -0.290775 0.945459 0.000000 0.000000
rubbergloveCHROME.bmp
  16 -24.775709 -0.355908 -2.183595 -0.146827 -0.290775 0.945459 0.000000 0.000000
  16 -24.863373 -0.219991 -2.199140 -0.341675 0.121885 0.931881 0.000000 0.000000
  17 -24.904520 -0.436261 -2.221133 -0.178508 -0.247076 0.952412 0.000000 0.000000
rubbergloveCHROME.bmp
  16 -24.863373 -0.219991 -2.199140 -0.341675 0.121885 0.931881 0.000000 0.000000
  17 -25.096432 -0.371487 -2.287271 -0.567874 0.050340 0.821575 0.000000 0.000000
  17 -24.904520 -0.436261 -2.221133 -0.178508 -0.247076 0.952412 0.000000 0.000000
rubbergloveCHROME.bmp
  17 -24.904520 -0.436261 -2.221133 -0.178508 -0.247076 0.952412 0.000000 0.000000
  17 -25.096432 -0.371487 -2.287271 -0.567874 0.050340 0.821575 0.000000 0.000000
  17 -25.012505 -0.511726 -2.273518 -0.178508 -0.247076 0.952412 0.000000 0.000000
rubbergloveCHROME.bmp
  17 -25.096432 -0.371487 -2.287271 -0.567874 0.050340 0.821575 0.000000 0.000000
  17 -25.179298 -0.450311 -2.323600 -0.546636 0.156449 0.822626 0.000000 0.000000
  17 -25.012505 -0.511726 -2.273518 -0.178508 -0.247076 0.952412 0.000000 0.000000
rubbergloveCHROME.bmp
  17 -25.012505 -0.511726 -2.273518 -0.178508 -0.247076 0.952412 0.000000 0.000000
  17 -25.179298 -0.450311 -2.323600 -0.546636 0.156449 0.822626 0.000000 0.000000
  17 -25.198930 -0.646641 -2.315275 -0.138185 -0.123046 0.982733 0.000000 0.000000
rubbergloveCHROME.bmp
  17 -25.179298 -0.450311 -2.323600 -0.546636 0.156449 0.822626 0.000000 0.000000
  17 -25.246455 -0.568698 -2.342957 -0.501834 0.215421 0.837709 0.000000 0.000000
  17 -25.198930 -0.646641 -2.315275 -0.138185 -0.123046 0.982733 0.000000 0.000000
rubbergloveCHROME.bmp
  17 -25.198930 -0.646641 -2.315275 -0.138185 -0.123046 0.982733 0.000000 0.000000
  17 -25.246455 -0.568698 -2.342957 -0.501834 0.215421 0.837709 0.000000 0.000000
  17 -25.293849 -0.819030 -2.352324 -0.074940 -0.168102 0.982917 0.000000 0.000000
rubbergloveCHROME.bmp
  17 -25.246455 -0.568698 -2.342957 -0.501834 0.215421 0.837709 0.000000 0.000000
  17 -25.390037 -0.813945 -2.375170 -0.457357 0.106886 0.882836 0.000000 0.000000
  17 -25.293849 -0.819030 -2.352324 -0.074940 -0.168102 0.982917 0.000000 0.000000
rubbergloveCHROME.bmp
  14 -25.486665 -0.624511 -2.197167 0.003703 0.189692 -0.981837 0.000000 0.000000
  13 -25.223311 -0.352866 -2.131074 0.061939 0.145716 -0.987386 0.000000 0.000000
  13 -25.048402 -0.722528 -2.118567 0.404441 -0.190770 -0.894447 0.000000 0.000000
rubbergloveCHROME.bmp
  14 -25.486665 -0.624511 -2.197167 0.003703 0.189692 -0.981837 0.000000 0.000000
  13 -25.454005 -0.362187 -2.106707 0.093668 0.126386 -0.987549 0.000000 0.000000
  13 -25.223311 -0.352866 -2.131074 0.061939 0.145716 -0.987386 0.000000 0.000000
rubbergloveCHROME.bmp
  14 -25.486665 -0.624511 -2.197167 0.003703 0.189692 -0.981837 0.000000 0.000000
  14 -25.546257 -0.486763 -2.149478 0.191972 0.150899 -0.969730 0.000000 0.000000
  13 -25.454005 -0.362187 -2.106707 0.093668 0.126386 -0.987549 0.000000 0.000000
rubbergloveCHROME.bmp
  14 -25.486665 -0.624511 -2.197167 0.003703 0.189692 -0.981837 0.000000 0.000000
  14 -25.583909 -0.537364 -2.138440 0.105955 0.208128 -0.972346 0.000000 0.000000
  14 -25.546257 -0.486763 -2.149478 0.191972 0.150899 -0.969730 0.000000 0.000000
rubbergloveCHROME.bmp
  14 -25.486665 -0.624511 -2.197167 0.003703 0.189692 -0.981837 0.000000 0.000000
  14 -25.631096 -0.555618 -2.165648 -0.019615 0.004612 -0.999797 0.000000 0.000000
  14 -25.583909 -0.537364 -2.138440 0.105955 0.208128 -0.972346 0.000000 0.000000
rubbergloveCHROME.bmp
  14 -25.486665 -0.624511 -2.197167 0.003703 0.189692 -0.981837 0.000000 0.000000
  14 -25.642796 -0.608697 -2.131799 -0.177563 -0.049844 -0.982846 0.000000 0.000000
  14 -25.631096 -0.555618 -2.165648 -0.019615 0.004612 -0.999797 0.000000 0.000000
rubbergloveCHROME.bmp
  14 -25.486665 -0.624511 -2.197167 0.003703 0.189692 -0.981837 0.000000 0.000000
  14 -25.678756 -0.798012 -2.225430 -0.146440 0.240291 -0.959591 0.000000 0.000000
  14 -25.642796 -0.608697 -2.131799 -0.177563 -0.049844 -0.982846 0.000000 0.000000
rubbergloveCHROME.bmp
  14 -25.486665 -0.624511 -2.197167 0.003703 0.189692 -0.981837 0.000000 0.000000
  14 -25.310276 -0.927196 -2.167693 0.316967 -0.224565 -0.921468 0.000000 0.000000
  14 -25.678756 -0.798012 -2.225430 -0.146440 0.240291 -0.959591 0.000000 0.000000
rubbergloveCHROME.bmp
  14 -25.486665 -0.624511 -2.197167 0.003703 0.189692 -0.981837 0.000000 0.000000
  13 -25.048402 -0.722528 -2.118567 0.404441 -0.190770 -0.894447 0.000000 0.000000
  14 -25.310276 -0.927196 -2.167693 0.316967 -0.224565 -0.921468 0.000000 0.000000
rubbergloveCHROME.bmp
  13 -25.696265 -0.068112 -1.780317 -0.775162 0.631374 -0.022163 0.000000 0.000000
  13 -25.751687 -0.119356 -1.680305 -0.848076 0.529300 -0.024657 0.000000 0.000000
  13 -25.703362 -0.115434 -1.664514 -0.527865 0.849324 0.002822 0.000000 0.000000
rubbergloveCHROME.bmp
  13 -25.703362 -0.115434 -1.664514 -0.527865 0.849324 0.002822 0.000000 0.000000
  13 -25.751687 -0.119356 -1.680305 -0.848076 0.529300 -0.024657 0.000000 0.000000
  13 -25.754355 -0.094401 -1.577008 -0.868148 0.490616 0.074936 0.000000 0.000000
rubbergloveCHROME.bmp
  13 -25.751687 -0.119356 -1.680305 -0.848076 0.529300 -0.024657 0.000000 0.000000
  13 -25.756292 -0.164503 -1.654995 -0.999441 -0.006567 -0.032780 0.000000 0.000000
  13 -25.754355 -0.094401 -1.577008 -0.868148 0.490616 0.074936 0.000000 0.000000
rubbergloveCHROME.bmp
  13 -25.754355 -0.094401 -1.577008 -0.868148 0.490616 0.074936 0.000000 0.000000
  13 -25.756292 -0.164503 -1.654995 -0.999441 -0.006567 -0.032780 0.000000 0.000000
  13 -25.710006 -0.148696 -1.547256 -0.953063 0.055730 0.297599 0.000000 0.000000
rubbergloveCHROME.bmp
  13 -25.756292 -0.164503 -1.654995 -0.999441 -0.006567 -0.032780 0.000000 0.000000
  13 -25.765355 -0.227469 -1.662283 -0.772635 0.627847 0.094044 0.000000 0.000000
  13 -25.710006 -0.148696 -1.547256 -0.953063 0.055730 0.297599 0.000000 0.000000
rubbergloveCHROME.bmp
  13 -25.710006 -0.148696 -1.547256 -0.953063 0.055730 0.297599 0.000000 0.000000
  13 -25.765355 -0.227469 -1.662283 -0.772635 0.627847 0.094044 0.000000 0.000000
  13 -25.786503 -0.274185 -1.547958 -0.578465 0.788517 0.208851 0.000000 0.000000
rubbergloveCHROME.bmp
  13 -25.765355 -0.227469 -1.662283 -0.772635 0.627847 0.094044 0.000000 0.000000
  13 -25.858453 -0.245613 -1.664177 -0.312586 0.945380 0.092450 0.000000 0.000000
  13 -25.786503 -0.274185 -1.547958 -0.578465 0.788517 0.208851 0.000000 0.000000
rubbergloveCHROME.bmp
  13 -25.786503 -0.274185 -1.547958 -0.578465 0.788517 0.208851 0.000000 0.000000
  13 -25.858453 -0.245613 -1.664177 -0.312586 0.945380 0.092450 0.000000 0.000000
  13 -25.879778 -0.265199 -1.537049 -0.257536 0.951036 0.170895 0.000000 0.000000
rubbergloveCHROME.bmp
  13 -25.858453 -0.245613 -1.664177 -0.312586 0.945380 0.092450 0.000000 0.000000
  13 -25.901358 -0.312511 -1.554250 -0.805730 0.575143 0.141457 0.000000 0.000000
  13 -25.879778 -0.265199 -1.537049 -0.257536 0.951036 0.170895 0.000000 0.000000
rubbergloveCHROME.bmp
  7 -24.766764 -0.504887 -0.034951 -0.117636 -0.911817 -0.393384 0.000000 0.000000
  7 -24.922911 -0.548189 0.000308 0.151502 -0.482823 -0.862513 0.000000 0.000000
  7 -24.941435 -0.430573 -0.047893 -0.363965 -0.377579 -0.851448 0.000000 0.000000
rubbergloveCHROME.bmp
  7 -24.941435 -0.430573 -0.047893 -0.363965 -0.377579 -0.851448 0.000000 0.000000
  7 -24.922911 -0.548189 0.000308 0.151502 -0.482823 -0.862513 0.000000 0.000000
  7 -25.061039 -0.480585 -0.057574 -0.080575 -0.091423 -0.992547 0.000000 0.000000
rubbergloveCHROME.bmp
  7 -24.922911 -0.548189 0.000308 0.151502 -0.482823 -0.862513 0.000000 0.000000
  7 -25.132873 -0.689971 0.010962 0.159966 -0.386370 -0.908366 0.000000 0.000000
  7 -25.061039 -0.480585 -0.057574 -0.080575 -0.091423 -0.992547 0.000000 0.000000
rubbergloveCHROME.bmp
  7 -25.061039 -0.480585 -0.057574 -0.080575 -0.091423 -0.992547 0.000000 0.000000
  7 -25.132873 -0.689971 0.010962 0.159966 -0.386370 -0.908366 0.000000 0.000000
  7 -25.218901 -0.617457 -0.034216 -0.143630 -0.046039 -0.988560 0.000000 0.000000
rubbergloveCHROME.bmp
  7 -25.132873 -0.689971 0.010962 0.159966 -0.386370 -0.908366 0.000000 0.000000
  7 -25.390612 -0.818711 -0.023632 -0.026301 -0.141364 -0.989608 0.000000 0.000000
  7 -25.218901 -0.617457 -0.034216 -0.143630 -0.046039 -0.988560 0.000000 0.000000
rubbergloveCHROME.bmp
  7 -25.218901 -0.617457 -0.034216 -0.143630 -0.046039 -0.988560 0.000000 0.000000
  7 -25.390612 -0.818711 -0.023632 -0.026301 -0.141364 -0.989608 0.000000 0.000000
  7 -25.613411 -0.461120 0.137890 -0.532561 0.335190 -0.777191 0.000000 0.000000
rubbergloveCHROME.bmp
  7 -25.390612 -0.818711 -0.023632 -0.026301 -0.141364 -0.989608 0.000000 0.000000
  7 -25.778229 -0.577231 0.150267 -0.617033 0.528326 -0.583217 0.000000 0.000000
  7 -25.613411 -0.461120 0.137890 -0.532561 0.335190 -0.777191 0.000000 0.000000
rubbergloveCHROME.bmp
  7 -25.613411 -0.461120 0.137890 -0.532561 0.335190 -0.777191 0.000000 0.000000
  7 -25.778229 -0.577231 0.150267 -0.617033 0.528326 -0.583217 0.000000 0.000000
  7 -25.750599 -0.488896 0.199598 -0.467990 0.491633 -0.734358 0.000000 0.000000
rubbergloveCHROME.bmp
  7 -25.778229 -0.577231 0.150267 -0.617033 0.528326 -0.583217 0.000000 0.000000
  7 -25.765147 -0.555469 0.237762 -0.474760 0.408461 -0.779592 0.000000 0.000000
  7 -25.750599 -0.488896 0.199598 -0.467990 0.491633 -0.734358 0.000000 0.000000
rubbergloveCHROME.bmp
  1 -25.236006 0.161942 0.084655 -0.981707 -0.044464 -0.185134 0.000000 0.000000
  1 -25.294589 0.152267 0.035927 -0.944255 -0.323178 0.062753 0.000000 0.000000
  7 -24.941435 -0.430573 -0.047893 -0.363965 -0.377579 -0.851448 0.000000 0.000000
rubbergloveCHROME.bmp
  7 -24.941435 -0.430573 -0.047893 -0.363965 -0.377579 -0.851448 0.000000 0.000000
  1 -25.294589 0.152267 0.035927 -0.944255 -0.323178 0.062753 0.000000 0.000000
  10 -24.896758 -0.460346 -0.135865 -0.490842 -0.866599 -0.089896 0.000000 0.000000
rubbergloveCHROME.bmp
  1 -25.294589 0.152267 0.035927 -0.944255 -0.323178 0.062753 0.000000 0.000000
  10 -25.276315 0.111795 -0.049895 -0.804002 -0.297919 0.514612 0.000000 0.000000
  10 -24.896758 -0.460346 -0.135865 -0.490842 -0.866599 -0.089896 0.000000 0.000000
rubbergloveCHROME.bmp
  10 -24.896758 -0.460346 -0.135865 -0.490842 -0.866599 -0.089896 0.000000 0.000000
  10 -25.276315 0.111795 -0.049895 -0.804002 -0.297919 0.514612 0.000000 0.000000
  10 -24.924114 -0.444482 -0.145864 -0.433827 -0.838873 0.328765 0.000000 0.000000
rubbergloveCHROME.bmp
  10 -25.276315 0.111795 -0.049895 -0.804002 -0.297919 0.514612 0.000000 0.000000
  10 -25.306846 -0.062656 -0.103136 -0.281606 -0.177292 0.943009 0.000000 0.000000
  10 -24.924114 -0.444482 -0.145864 -0.433827 -0.838873 0.328765 0.000000 0.000000
rubbergloveCHROME.bmp
  10 -24.924114 -0.444482 -0.145864 -0.433827 -0.838873 0.328765 0.000000 0.000000
  10 -25.306846 -0.062656 -0.103136 -0.281606 -0.177292 0.943009 0.000000 0.000000
  10 -24.944416 -0.435398 -0.195918 -0.013601 -0.671315 0.741048 0.000000 0.000000
rubbergloveCHROME.bmp
  10 -25.306846 -0.062656 -0.103136 -0.281606 -0.177292 0.943009 0.000000 0.000000
  10 -25.142795 -0.559373 -0.169919 0.284626 -0.257813 0.923320 0.000000 0.000000
  10 -24.944416 -0.435398 -0.195918 -0.013601 -0.671315 0.741048 0.000000 0.000000
rubbergloveCHROME.bmp
  10 -24.944416 -0.435398 -0.195918 -0.013601 -0.671315 0.741048 0.000000 0.000000
  10 -25.142795 -0.559373 -0.169919 0.284626 -0.257813 0.923320 0.000000 0.000000
  10 -25.004178 -0.635498 -0.309885 0.383443 -0.360751 0.850194 0.000000 0.000000
rubbergloveCHROME.bmp
  10 -25.142795 -0.559373 -0.169919 0.284626 -0.257813 0.923320 0.000000 0.000000
  10 -25.237312 -1.005019 -0.308360 0.407082 -0.414101 0.814128 0.000000 0.000000
  10 -25.004178 -0.635498 -0.309885 0.383443 -0.360751 0.850194 0.000000 0.000000
rubbergloveCHROME.bmp
  5 -23.532093 -0.410821 1.021748 -0.231499 -0.256623 -0.938378 0.000000 0.000000
  5 -23.701947 -0.249391 1.081665 -0.601109 -0.028712 -0.798651 0.000000 0.000000
  5 -23.479161 -0.317754 0.992823 -0.232639 -0.322753 -0.917447 0.000000 0.000000
rubbergloveCHROME.bmp
  5 -23.479161 -0.317754 0.992823 -0.232639 -0.322753 -0.917447 0.000000 0.000000
  5 -23.701947 -0.249391 1.081665 -0.601109 -0.028712 -0.798651 0.000000 0.000000
  5 -23.652640 -0.052221 1.045712 -0.732009 0.026393 -0.680784 0.000000 0.000000
rubbergloveCHROME.bmp
  5 -23.701947 -0.249391 1.081665 -0.601109 -0.028712 -0.798651 0.000000 0.000000
  5 -23.805182 -0.086721 1.253656 -0.722853 0.236303 -0.649341 0.000000 0.000000
  5 -23.652640 -0.052221 1.045712 -0.732009 0.026393 -0.680784 0.000000 0.000000
rubbergloveCHROME.bmp
  5 -23.652640 -0.052221 1.045712 -0.732009 0.026393 -0.680784 0.000000 0.000000
  5 -23.805182 -0.086721 1.253656 -0.722853 0.236303 -0.649341 0.000000 0.000000
  5 -23.687713 0.135365 1.267029 -0.857033 0.299988 -0.418930 0.000000 0.000000
rubbergloveCHROME.bmp
  5 -23.805182 -0.086721 1.253656 -0.722853 0.236303 -0.649341 0.000000 0.000000
  5 -23.884168 -0.021743 1.332009 -0.776169 0.472785 -0.417177 0.000000 0.000000
  5 -23.687713 0.135365 1.267029 -0.857033 0.299988 -0.418930 0.000000 0.000000
rubbergloveCHROME.bmp
  5 -23.687713 0.135365 1.267029 -0.857033 0.299988 -0.418930 0.000000 0.000000
  5 -23.884168 -0.021743 1.332009 -0.776169 0.472785 -0.417177 0.000000 0.000000
  5 -23.666914 0.246967 1.287337 -0.880289 0.445273 -0.163779 0.000000 0.000000
rubbergloveCHROME.bmp
  5 -23.884168 -0.021743 1.332009 -0.776169 0.472785 -0.417177 0.000000 0.000000
  5 -23.880273 0.040242 1.479802 -0.768389 0.505773 -0.392138 0.000000 0.000000
  5 -23.666914 0.246967 1.287337 -0.880289 0.445273 -0.163779 0.000000 0.000000
rubbergloveCHROME.bmp
  5 -23.666914 0.246967 1.287337 -0.880289 0.445273 -0.163779 0.000000 0.000000
  5 -23.880273 0.040242 1.479802 -0.768389 0.505773 -0.392138 0.000000 0.000000
  5 -23.644997 0.338977 1.443714 -0.815690 0.530455 -0.230799 0.000000 0.000000
rubbergloveCHROME.bmp
  5 -23.880273 0.040242 1.479802 -0.768389 0.505773 -0.392138 0.000000 0.000000
  5 -23.902467 0.121366 1.568832 -0.733566 0.669422 -0.117284 0.000000 0.000000
  5 -23.644997 0.338977 1.443714 -0.815690 0.530455 -0.230799 0.000000 0.000000
rubbergloveCHROME.bmp
  5 -22.943473 -0.470863 1.521969 0.863886 -0.491986 -0.107941 0.000000 0.000000
  5 -22.982086 -0.474099 1.451269 0.797125 -0.589258 -0.131783 0.000000 0.000000
  5 -22.935823 -0.418887 1.533800 0.889620 -0.452384 -0.062643 0.000000 0.000000
rubbergloveCHROME.bmp
  5 -22.935823 -0.418887 1.533800 0.889620 -0.452384 -0.062643 0.000000 0.000000
  5 -22.982086 -0.474099 1.451269 0.797125 -0.589258 -0.131783 0.000000 0.000000
  5 -22.706732 -0.192750 1.321953 0.646982 -0.762420 0.011370 0.000000 0.000000
rubbergloveCHROME.bmp
  5 -22.982086 -0.474099 1.451269 0.797125 -0.589258 -0.131783 0.000000 0.000000
  5 -22.799006 -0.259392 1.108074 0.516996 -0.783669 -0.344352 0.000000 0.000000
  5 -22.706732 -0.192750 1.321953 0.646982 -0.762420 0.011370 0.000000 0.000000
rubbergloveCHROME.bmp
  5 -22.706732 -0.192750 1.321953 0.646982 -0.762420 0.011370 0.000000 0.000000
  5 -22.799006 -0.259392 1.108074 0.516996 -0.783669 -0.344352 0.000000 0.000000
  5 -22.625309 -0.136420 1.047185 0.373036 -0.908345 -0.189087 0.000000 0.000000
rubbergloveCHROME.bmp
  5 -22.799006 -0.259392 1.108074 0.516996 -0.783669 -0.344352 0.000000 0.000000
  5 -22.925244 -0.135940 0.824836 0.098455 -0.894676 -0.435731 0.000000 0.000000
  5 -22.625309 -0.136420 1.047185 0.373036 -0.908345 -0.189087 0.000000 0.000000
rubbergloveCHROME.bmp
  5 -22.625309 -0.136420 1.047185 0.373036 -0.908345 -0.189087 0.000000 0.000000
  5 -22.925244 -0.135940 0.824836 0.098455 -0.894676 -0.435731 0.000000 0.000000
  4 -22.826110 -0.047527 0.715663 0.097770 -0.963903 -0.247654 0.000000 0.000000
rubbergloveCHROME.bmp
  5 -22.925244 -0.135940 0.824836 0.098455 -0.894676 -0.435731 0.000000 0.000000
  4 -23.126947 -0.036131 0.541975 0.025583 -0.961290 -0.274347 0.000000 0.000000
  4 -22.826110 -0.047527 0.715663 0.097770 -0.963903 -0.247654 0.000000 0.000000
rubbergloveCHROME.bmp
  4 -22.826110 -0.047527 0.715663 0.097770 -0.963903 -0.247654 0.000000 0.000000
  4 -23.126947 -0.036131 0.541975 0.025583 -0.961290 -0.274347 0.000000 0.000000
  4 -23.018438 0.029663 0.359501 -0.034430 -0.925904 -0.376186 0.000000 0.000000
rubbergloveCHROME.bmp
  4 -23.126947 -0.036131 0.541975 0.025583 -0.961290 -0.274347 0.000000 0.000000
  4 -23.279807 -0.000196 0.369225 -0.109800 -0.877406 -0.467014 0.000000 0.000000
  4 -23.018438 0.029663 0.359501 -0.034430 -0.925904 -0.376186 0.000000 0.000000
rubbergloveCHROME.bmp
  6 -23.805672 -0.722441 1.240987 -0.311578 -0.353186 -0.882144 0.000000 0.000000
  6 -23.684057 -0.602434 1.119299 -0.371880 -0.322154 -0.870587 0.000000 0.000000
  6 -23.631815 -0.839065 1.260283 -0.105226 -0.602083 -0.791469 0.000000 0.000000
rubbergloveCHROME.bmp
  6 -23.631815 -0.839065 1.260283 -0.105226 -0.602083 -0.791469 0.000000 0.000000
  6 -23.684057 -0.602434 1.119299 -0.371880 -0.322154 -0.870587 0.000000 0.000000
  6 -23.519327 -0.717278 1.127940 -0.001655 -0.546109 -0.837713 0.000000 0.000000
rubbergloveCHROME.bmp
  6 -23.684057 -0.602434 1.119299 -0.371880 -0.322154 -0.870587 0.000000 0.000000
  5 -23.532093 -0.410821 1.021748 -0.231499 -0.256623 -0.938378 0.000000 0.000000
  6 -23.519327 -0.717278 1.127940 -0.001655 -0.546109 -0.837713 0.000000 0.000000
rubbergloveCHROME.bmp
  6 -23.519327 -0.717278 1.127940 -0.001655 -0.546109 -0.837713 0.000000 0.000000
  5 -23.532093 -0.410821 1.021748 -0.231499 -0.256623 -0.938378 0.000000 0.000000
  5 -23.381615 -0.504159 1.055576 0.179139 -0.398962 -0.899299 0.000000 0.000000
rubbergloveCHROME.bmp
  5 -23.532093 -0.410821 1.021748 -0.231499 -0.256623 -0.938378 0.000000 0.000000
  5 -23.479161 -0.317754 0.992823 -0.232639 -0.322753 -0.917447 0.000000 0.000000
  5 -23.381615 -0.504159 1.055576 0.179139 -0.398962 -0.899299 0.000000 0.000000
rubbergloveCHROME.bmp
  5 -23.381615 -0.504159 1.055576 0.179139 -0.398962 -0.899299 0.000000 0.000000
  5 -23.479161 -0.317754 0.992823 -0.232639 -0.322753 -0.917447 0.000000 0.000000
  5 -23.253868 -0.364920 1.045912 0.148114 -0.504355 -0.850699 0.000000 0.000000
rubbergloveCHROME.bmp
  5 -23.479161 -0.317754 0.992823 -0.232639 -0.322753 -0.917447 0.000000 0.000000
  5 -23.339108 -0.166724 0.881132 -0.190431 -0.528890 -0.827050 0.000000 0.000000
  5 -23.253868 -0.364920 1.045912 0.148114 -0.504355 -0.850699 0.000000 0.000000
rubbergloveCHROME.bmp
  5 -23.253868 -0.364920 1.045912 0.148114 -0.504355 -0.850699 0.000000 0.000000
  5 -23.339108 -0.166724 0.881132 -0.190431 -0.528890 -0.827050 0.000000 0.000000
  5 -23.070562 -0.267438 0.972455 0.120205 -0.706736 -0.697191 0.000000 0.000000
rubbergloveCHROME.bmp
  5 -23.339108 -0.166724 0.881132 -0.190431 -0.528890 -0.827050 0.000000 0.000000
  5 -23.204649 -0.084239 0.753003 -0.111050 -0.961639 -0.250835 0.000000 0.000000
  5 -23.070562 -0.267438 0.972455 0.120205 -0.706736 -0.697191 0.000000 0.000000
rubbergloveCHROME.bmp
  31 26.876446 0.156317 -2.861787 0.509960 0.655831 -0.556621 0.000000 0.000000
  31 26.938120 0.171397 -2.716636 0.547494 0.802452 -0.237321 0.000000 0.000000
  31 27.038298 0.121662 -2.740944 0.741397 0.570090 -0.354017 0.000000 0.000000
rubbergloveCHROME.bmp
  31 27.038298 0.121662 -2.740944 0.741397 0.570090 -0.354017 0.000000 0.000000
  31 26.938120 0.171397 -2.716636 0.547494 0.802452 -0.237321 0.000000 0.000000
  31 27.037986 0.140145 -2.516760 0.629899 0.775105 0.049396 0.000000 0.000000
rubbergloveCHROME.bmp
  31 26.938120 0.171397 -2.716636 0.547494 0.802452 -0.237321 0.000000 0.000000
  31 26.987619 0.212503 -2.489787 0.615470 0.788023 0.014711 0.000000 0.000000
  31 27.037986 0.140145 -2.516760 0.629899 0.775105 0.049396 0.000000 0.000000
rubbergloveCHROME.bmp
  31 27.037986 0.140145 -2.516760 0.629899 0.775105 0.049396 0.000000 0.000000
  31 26.987619 0.212503 -2.489787 0.615470 0.788023 0.014711 0.000000 0.000000
  31 26.996841 0.139568 -2.380721 0.479049 0.694868 0.536349 0.000000 0.000000
rubbergloveCHROME.bmp
  31 26.987619 0.212503 -2.489787 0.615470 0.788023 0.014711 0.000000 0.000000
  31 26.852478 0.280308 -2.453190 0.711121 0.565900 0.417210 0.000000 0.000000
  31 26.996841 0.139568 -2.380721 0.479049 0.694868 0.536349 0.000000 0.000000
rubbergloveCHROME.bmp
  31 26.996841 0.139568 -2.380721 0.479049 0.694868 0.536349 0.000000 0.000000
  31 26.852478 0.280308 -2.453190 0.711121 0.565900 0.417210 0.000000 0.000000
  31 26.866165 0.136925 -2.317344 0.404221 0.376502 0.833578 0.000000 0.000000
rubbergloveCHROME.bmp
  31 26.852478 0.280308 -2.453190 0.711121 0.565900 0.417210 0.000000 0.000000
  31 26.769031 0.237548 -2.294104 0.650256 0.314570 0.691530 0.000000 0.000000
  31 26.866165 0.136925 -2.317344 0.404221 0.376502 0.833578 0.000000 0.000000
rubbergloveCHROME.bmp
  31 26.866165 0.136925 -2.317344 0.404221 0.376502 0.833578 0.000000 0.000000
  31 26.769031 0.237548 -2.294104 0.650256 0.314570 0.691530 0.000000 0.000000
  31 26.712467 0.061018 -2.252419 0.679372 0.196037 0.707123 0.000000 0.000000
rubbergloveCHROME.bmp
  31 26.769031 0.237548 -2.294104 0.650256 0.314570 0.691530 0.000000 0.000000
  3 26.612512 0.237402 -2.159563 0.993929 0.041490 -0.101902 0.000000 0.000000
  31 26.712467 0.061018 -2.252419 0.679372 0.196037 0.707123 0.000000 0.000000
rubbergloveCHROME.bmp
  28 27.944585 -0.311733 -1.548801 0.805747 0.575119 0.141458 0.000000 0.000000
  28 27.872494 -0.245057 -1.665665 0.312595 0.945377 0.092449 0.000000 0.000000
  28 27.842877 -0.244682 -1.541075 0.257547 0.951033 0.170896 0.000000 0.000000
rubbergloveCHROME.bmp
  28 27.842877 -0.244682 -1.541075 0.257547 0.951033 0.170896 0.000000 0.000000
  28 27.872494 -0.245057 -1.665665 0.312595 0.945377 0.092449 0.000000 0.000000
  28 27.750055 -0.267728 -1.553439 0.578468 0.788515 0.208849 0.000000 0.000000
rubbergloveCHROME.bmp
  28 27.872494 -0.245057 -1.665665 0.312595 0.945377 0.092449 0.000000 0.000000
  28 27.771967 -0.247315 -1.675107 0.772641 0.627839 0.094045 0.000000 0.000000
  28 27.750055 -0.267728 -1.553439 0.578468 0.788515 0.208849 0.000000 0.000000
rubbergloveCHROME.bmp
  28 27.750055 -0.267728 -1.553439 0.578468 0.788515 0.208849 0.000000 0.000000
  28 27.771967 -0.247315 -1.675107 0.772641 0.627839 0.094045 0.000000 0.000000
  28 27.724048 -0.148138 -1.548744 0.953063 0.055730 0.297598 0.000000 0.000000
rubbergloveCHROME.bmp
  28 27.771967 -0.247315 -1.675107 0.772641 0.627839 0.094045 0.000000 0.000000
  28 27.749030 -0.157824 -1.653539 0.999441 -0.006566 -0.032776 0.000000 0.000000
  28 27.724048 -0.148138 -1.548744 0.953063 0.055730 0.297598 0.000000 0.000000
rubbergloveCHROME.bmp
  28 27.724048 -0.148138 -1.548744 0.953063 0.055730 0.297598 0.000000 0.000000
  28 27.749030 -0.157824 -1.653539 0.999441 -0.006566 -0.032776 0.000000 0.000000
  28 27.768397 -0.093844 -1.578496 0.868148 0.490615 0.074934 0.000000 0.000000
rubbergloveCHROME.bmp
  28 27.749030 -0.157824 -1.653539 0.999441 -0.006566 -0.032776 0.000000 0.000000
  28 27.766811 -0.119788 -1.671901 0.848073 0.529306 -0.024653 0.000000 0.000000
  28 27.768397 -0.093844 -1.578496 0.868148 0.490615 0.074934 0.000000 0.000000
rubbergloveCHROME.bmp
  28 27.768397 -0.093844 -1.578496 0.868148 0.490615 0.074934 0.000000 0.000000
  28 27.766811 -0.119788 -1.671901 0.848073 0.529306 -0.024653 0.000000 0.000000
  28 27.703804 -0.129542 -1.665980 0.527871 0.849320 0.002824 0.000000 0.000000
rubbergloveCHROME.bmp
  28 27.766811 -0.119788 -1.671901 0.848073 0.529306 -0.024653 0.000000 0.000000
  28 27.695173 -0.067171 -1.790220 0.775166 0.631368 -0.022170 0.000000 0.000000
  28 27.703804 -0.129542 -1.665980 0.527871 0.849320 0.002824 0.000000 0.000000
rubbergloveCHROME.bmp
  28 27.255681 -0.081572 -1.238097 0.184738 0.117785 0.975704 0.000000 0.000000
  28 27.316591 -0.192619 -1.245758 0.184738 0.117785 0.975704 0.000000 0.000000
  28 27.349792 0.022072 -1.248142 0.240618 0.222305 0.944819 0.000000 0.000000
rubbergloveCHROME.bmp
  28 27.349792 0.022072 -1.248142 0.240618 0.222305 0.944819 0.000000 0.000000
  28 27.316591 -0.192619 -1.245758 0.184738 0.117785 0.975704 0.000000 0.000000
  28 27.477409 -0.096248 -1.233503 0.337949 0.212901 0.916768 0.000000 0.000000
rubbergloveCHROME.bmp
  28 27.316591 -0.192619 -1.245758 0.184738 0.117785 0.975704 0.000000 0.000000
  28 27.433078 -0.314315 -1.270675 0.162062 0.064677 0.984659 0.000000 0.000000
  28 27.477409 -0.096248 -1.233503 0.337949 0.212901 0.916768 0.000000 0.000000
rubbergloveCHROME.bmp
  28 27.477409 -0.096248 -1.233503 0.337949 0.212901 0.916768 0.000000 0.000000
  28 27.433078 -0.314315 -1.270675 0.162062 0.064677 0.984659 0.000000 0.000000
  28 27.601148 -0.224671 -1.259887 0.397930 0.197020 0.896010 0.000000 0.000000
rubbergloveCHROME.bmp
  28 27.433078 -0.314315 -1.270675 0.162062 0.064677 0.984659 0.000000 0.000000
  28 27.663869 -0.391957 -1.273369 0.115976 0.215088 0.969684 0.000000 0.000000
  28 27.601148 -0.224671 -1.259887 0.397930 0.197020 0.896010 0.000000 0.000000
rubbergloveCHROME.bmp
  28 27.601148 -0.224671 -1.259887 0.397930 0.197020 0.896010 0.000000 0.000000
  28 27.663869 -0.391957 -1.273369 0.115976 0.215088 0.969684 0.000000 0.000000
  28 27.746369 -0.332086 -1.276411 0.105354 0.478300 0.871854 0.000000 0.000000
rubbergloveCHROME.bmp
  28 27.663869 -0.391957 -1.273369 0.115976 0.215088 0.969684 0.000000 0.000000
  28 27.698565 -0.465001 -1.244033 -0.042903 0.167642 0.984914 0.000000 0.000000
  28 27.746369 -0.332086 -1.276411 0.105354 0.478300 0.871854 0.000000 0.000000
rubbergloveCHROME.bmp
  28 27.746369 -0.332086 -1.276411 0.105354 0.478300 0.871854 0.000000 0.000000
  28 27.698565 -0.465001 -1.244033 -0.042903 0.167642 0.984914 0.000000 0.000000
  28 27.795295 -0.377395 -1.235750 0.184510 0.422134 0.887558 0.000000 0.000000
rubbergloveCHROME.bmp
  28 27.698565 -0.465001 -1.244033 -0.042903 0.167642 0.984914 0.000000 0.000000
  28 27.862099 -0.452989 -1.240511 0.566906 -0.157433 0.808599 0.000000 0.000000
  28 27.795295 -0.377395 -1.235750 0.184510 0.422134 0.887558 0.000000 0.000000
rubbergloveCHROME.bmp
  32 27.392391 -0.815898 -2.365653 0.457355 0.106881 0.882838 0.000000 0.000000
  32 27.276292 -0.569197 -2.339967 0.501830 0.215424 0.837710 0.000000 0.000000
  32 27.323685 -0.819529 -2.349334 0.074944 -0.168101 0.982917 0.000000 0.000000
rubbergloveCHROME.bmp
  32 27.323685 -0.819529 -2.349334 0.074944 -0.168101 0.982917 0.000000 0.000000
  32 27.276292 -0.569197 -2.339967 0.501830 0.215424 0.837710 0.000000 0.000000
  32 27.205827 -0.653255 -2.318313 0.138187 -0.123044 0.982733 0.000000 0.000000
rubbergloveCHROME.bmp
  32 27.276292 -0.569197 -2.339967 0.501830 0.215424 0.837710 0.000000 0.000000
  32 27.172454 -0.457652 -2.323375 0.546641 0.156441 0.822624 0.000000 0.000000
  32 27.205827 -0.653255 -2.318313 0.138187 -0.123044 0.982733 0.000000 0.000000
rubbergloveCHROME.bmp
  32 27.205827 -0.653255 -2.318313 0.138187 -0.123044 0.982733 0.000000 0.000000
  32 27.172454 -0.457652 -2.323375 0.546641 0.156441 0.822624 0.000000 0.000000
  32 27.007954 -0.507109 -2.260973 0.185801 -0.222486 0.957067 0.000000 0.000000
rubbergloveCHROME.bmp
  32 27.172454 -0.457652 -2.323375 0.546641 0.156441 0.822624 0.000000 0.000000
  32 27.105623 -0.366144 -2.277990 0.567879 0.050315 0.821573 0.000000 0.000000
  32 27.007954 -0.507109 -2.260973 0.185801 -0.222486 0.957067 0.000000 0.000000
rubbergloveCHROME.bmp
  32 27.007954 -0.507109 -2.260973 0.185801 -0.222486 0.957067 0.000000 0.000000
  32 27.105623 -0.366144 -2.277990 0.567879 0.050315 0.821573 0.000000 0.000000
  32 26.874595 -0.421988 -2.221353 0.185801 -0.222486 0.957067 0.000000 0.000000
rubbergloveCHROME.bmp
  32 27.105623 -0.366144 -2.277990 0.567879 0.050315 0.821573 0.000000 0.000000
  31 26.900692 -0.240014 -2.201913 0.341677 0.121880 0.931881 0.000000 0.000000
  32 26.874595 -0.421988 -2.221353 0.185801 -0.222486 0.957067 0.000000 0.000000
rubbergloveCHROME.bmp
  32 26.874595 -0.421988 -2.221353 0.185801 -0.222486 0.957067 0.000000 0.000000
  31 26.900692 -0.240014 -2.201913 0.341677 0.121880 0.931881 0.000000 0.000000
  31 26.773337 -0.354048 -2.193134 0.146831 -0.290776 0.945458 0.000000 0.000000
rubbergloveCHROME.bmp
  31 26.900692 -0.240014 -2.201913 0.341677 0.121880 0.931881 0.000000 0.000000
  31 26.674287 -0.264034 -2.119064 0.266919 -0.102504 0.958252 0.000000 0.000000
  31 26.773337 -0.354048 -2.193134 0.146831 -0.290776 0.945458 0.000000 0.000000
rubbergloveCHROME.bmp
  28 27.433078 -0.314315 -1.270675 0.162062 0.064677 0.984659 0.000000 0.000000
  28 27.316591 -0.192619 -1.245758 0.184738 0.117785 0.975704 0.000000 0.000000
  28 27.331587 -0.397368 -1.186999 0.161233 0.175590 0.971170 0.000000 0.000000
rubbergloveCHROME.bmp
  28 27.331587 -0.397368 -1.186999 0.161233 0.175590 0.971170 0.000000 0.000000
  28 27.316591 -0.192619 -1.245758 0.184738 0.117785 0.975704 0.000000 0.000000
  28 27.180856 -0.216687 -1.192873 0.115976 0.215088 0.969684 0.000000 0.000000
rubbergloveCHROME.bmp
  28 27.316591 -0.192619 -1.245758 0.184738 0.117785 0.975704 0.000000 0.000000
  28 27.255681 -0.081572 -1.238097 0.184738 0.117785 0.975704 0.000000 0.000000
  28 27.180856 -0.216687 -1.192873 0.115976 0.215088 0.969684 0.000000 0.000000
rubbergloveCHROME.bmp
  28 27.180856 -0.216687 -1.192873 0.115976 0.215088 0.969684 0.000000 0.000000
  28 27.255681 -0.081572 -1.238097 0.184738 0.117785 0.975704 0.000000 0.000000
  3 27.158727 -0.037554 -1.177397 0.280066 -0.041300 0.959092 0.000000 0.000000
rubbergloveCHROME.bmp
  28 27.255681 -0.081572 -1.238097 0.184738 0.117785 0.975704 0.000000 0.000000
  28 27.237103 0.058420 -1.222066 0.383061 -0.037040 0.922980 0.000000 0.000000
  3 27.158727 -0.037554 -1.177397 0.280066 -0.041300 0.959092 0.000000 0.000000
rubbergloveCHROME.bmp
  3 27.158727 -0.037554 -1.177397 0.280066 -0.041300 0.959092 0.000000 0.000000
  28 27.237103 0.058420 -1.222066 0.383061 -0.037040 0.922980 0.000000 0.000000
  3 27.196704 0.100240 -1.136525 0.901611 -0.353689 0.249003 0.000000 0.000000
rubbergloveCHROME.bmp
  28 27.237103 0.058420 -1.222066 0.383061 -0.037040 0.922980 0.000000 0.000000
  3 27.153631 0.203228 -1.157453 0.900579 -0.073811 0.428379 0.000000 0.000000
  3 27.196704 0.100240 -1.136525 0.901611 -0.353689 0.249003 0.000000 0.000000
rubbergloveCHROME.bmp
  3 27.196704 0.100240 -1.136525 0.901611 -0.353689 0.249003 0.000000 0.000000
  3 27.153631 0.203228 -1.157453 0.900579 -0.073811 0.428379 0.000000 0.000000
  25 27.168591 0.096161 -1.129329 0.715286 -0.174310 -0.676744 0.000000 0.000000
rubbergloveCHROME.bmp
  3 27.153631 0.203228 -1.157453 0.900579 -0.073811 0.428379 0.000000 0.000000
  3 27.201194 0.306324 -1.106376 0.917196 -0.317034 -0.241330 0.000000 0.000000
  25 27.168591 0.096161 -1.129329 0.715286 -0.174310 -0.676744 0.000000 0.000000
rubbergloveCHROME.bmp
  28 27.331587 -0.397368 -1.186999 0.161233 0.175590 0.971170 0.000000 0.000000
  28 27.180856 -0.216687 -1.192873 0.115976 0.215088 0.969684 0.000000 0.000000
  28 26.968809 -0.470136 -1.215228 -0.120695 -0.057855 0.991002 0.000000 0.000000
rubbergloveCHROME.bmp
  28 26.968809 -0.470136 -1.215228 -0.120695 -0.057855 0.991002 0.000000 0.000000
  28 27.180856 -0.216687 -1.192873 0.115976 0.215088 0.969684 0.000000 0.000000
  3 26.838204 -0.381814 -1.184506 -0.051160 -0.129045 0.990318 0.000000 0.000000
rubbergloveCHROME.bmp
  28 27.180856 -0.216687 -1.192873 0.115976 0.215088 0.969684 0.000000 0.000000
  3 27.158727 -0.037554 -1.177397 0.280066 -0.041300 0.959092 0.000000 0.000000
  3 26.838204 -0.381814 -1.184506 -0.051160 -0.129045 0.990318 0.000000 0.000000
rubbergloveCHROME.bmp
  3 26.838204 -0.381814 -1.184506 -0.051160 -0.129045 0.990318 0.000000 0.000000
  3 27.158727 -0.037554 -1.177397 0.280066 -0.041300 0.959092 0.000000 0.000000
  3 26.799549 -0.349331 -1.155340 0.250436 -0.685737 0.683408 0.000000 0.000000
rubbergloveCHROME.bmp
  3 27.158727 -0.037554 -1.177397 0.280066 -0.041300 0.959092 0.000000 0.000000
  3 27.196704 0.100240 -1.136525 0.901611 -0.353689 0.249003 0.000000 0.000000
  3 26.799549 -0.349331 -1.155340 0.250436 -0.685737 0.683408 0.000000 0.000000
rubbergloveCHROME.bmp
  3 26.799549 -0.349331 -1.155340 0.250436 -0.685737 0.683408 0.000000 0.000000
  3 27.196704 0.100240 -1.136525 0.901611 -0.353689 0.249003 0.000000 0.000000
  3 26.826643 -0.347135 -1.104733 0.423202 -0.781716 -0.458061 0.000000 0.000000
rubbergloveCHROME.bmp
  3 27.196704 0.100240 -1.136525 0.901611 -0.353689 0.249003 0.000000 0.000000
  25 27.168591 0.096161 -1.129329 0.715286 -0.174310 -0.676744 0.000000 0.000000
  3 26.826643 -0.347135 -1.104733 0.423202 -0.781716 -0.458061 0.000000 0.000000
rubbergloveCHROME.bmp
  3 26.826643 -0.347135 -1.104733 0.423202 -0.781716 -0.458061 0.000000 0.000000
  25 27.168591 0.096161 -1.129329 0.715286 -0.174310 -0.676744 0.000000 0.000000
  25 26.918417 -0.351846 -1.014425 -0.008267 -0.254683 -0.966989 0.000000 0.000000
rubbergloveCHROME.bmp
  25 27.168591 0.096161 -1.129329 0.715286 -0.174310 -0.676744 0.000000 0.000000
  25 27.186148 0.039973 -1.100440 0.175963 0.152797 -0.972466 0.000000 0.000000
  25 26.918417 -0.351846 -1.014425 -0.008267 -0.254683 -0.966989 0.000000 0.000000
rubbergloveCHROME.bmp
  29 27.484486 -0.622581 -2.216962 -0.003705 0.189685 -0.981838 0.000000 0.000000
  29 27.309178 -0.926254 -2.177595 -0.316969 -0.224566 -0.921467 0.000000 0.000000
  28 27.034339 -0.723180 -2.117101 -0.404442 -0.190770 -0.894446 0.000000 0.000000
rubbergloveCHROME.bmp
  29 27.484486 -0.622581 -2.216962 -0.003705 0.189685 -0.981838 0.000000 0.000000
  29 27.678547 -0.769918 -2.222605 0.146432 0.240289 -0.959593 0.000000 0.000000
  29 27.309178 -0.926254 -2.177595 -0.316969 -0.224566 -0.921467 0.000000 0.000000
rubbergloveCHROME.bmp
  29 27.484486 -0.622581 -2.216962 -0.003705 0.189685 -0.981838 0.000000 0.000000
  29 27.641699 -0.607755 -2.141701 0.177565 -0.049858 -0.982845 0.000000 0.000000
  29 27.678547 -0.769918 -2.222605 0.146432 0.240289 -0.959593 0.000000 0.000000
rubbergloveCHROME.bmp
  29 27.484486 -0.622581 -2.216962 -0.003705 0.189685 -0.981838 0.000000 0.000000
  29 27.636980 -0.547517 -2.175599 0.019619 0.004604 -0.999797 0.000000 0.000000
  29 27.641699 -0.607755 -2.141701 0.177565 -0.049858 -0.982845 0.000000 0.000000
rubbergloveCHROME.bmp
  29 27.484486 -0.622581 -2.216962 -0.003705 0.189685 -0.981838 0.000000 0.000000
  29 27.590877 -0.530252 -2.138499 -0.105960 0.208129 -0.972345 0.000000 0.000000
  29 27.636980 -0.547517 -2.175599 0.019619 0.004604 -0.999797 0.000000 0.000000
rubbergloveCHROME.bmp
  29 27.484486 -0.622581 -2.216962 -0.003705 0.189685 -0.981838 0.000000 0.000000
  29 27.531102 -0.486072 -2.157867 -0.191974 0.150892 -0.969731 0.000000 0.000000
  29 27.590877 -0.530252 -2.138499 -0.105960 0.208129 -0.972345 0.000000 0.000000
rubbergloveCHROME.bmp
  29 27.484486 -0.622581 -2.216962 -0.003705 0.189685 -0.981838 0.000000 0.000000
  28 27.461246 -0.368961 -2.108184 -0.126897 0.118432 -0.984820 0.000000 0.000000
  29 27.531102 -0.486072 -2.157867 -0.191974 0.150892 -0.969731 0.000000 0.000000
rubbergloveCHROME.bmp
  29 27.484486 -0.622581 -2.216962 -0.003705 0.189685 -0.981838 0.000000 0.000000
  28 27.218037 -0.375294 -2.122637 -0.061942 0.145713 -0.987386 0.000000 0.000000
  28 27.461246 -0.368961 -2.108184 -0.126897 0.118432 -0.984820 0.000000 0.000000
rubbergloveCHROME.bmp
  29 27.484486 -0.622581 -2.216962 -0.003705 0.189685 -0.981838 0.000000 0.000000
  28 27.034339 -0.723180 -2.117101 -0.404442 -0.190770 -0.894446 0.000000 0.000000
  28 27.218037 -0.375294 -2.122637 -0.061942 0.145713 -0.987386 0.000000 0.000000
rubbergloveCHROME.bmp
  25 27.235826 -0.977001 -0.297883 -0.407083 -0.414102 0.814127 0.000000 0.000000
  25 27.169356 -0.529440 -0.179686 -0.277423 -0.230903 0.932588 0.000000 0.000000
  25 27.005053 -0.649833 -0.300144 -0.383448 -0.360749 0.850193 0.000000 0.000000
rubbergloveCHROME.bmp
  25 27.005053 -0.649833 -0.300144 -0.383448 -0.360749 0.850193 0.000000 0.000000
  25 27.169356 -0.529440 -0.179686 -0.277423 -0.230903 0.932588 0.000000 0.000000
  25 26.957741 -0.420540 -0.195808 0.013612 -0.671326 0.741038 0.000000 0.000000
rubbergloveCHROME.bmp
  25 27.169356 -0.529440 -0.179686 -0.277423 -0.230903 0.932588 0.000000 0.000000
  25 27.314292 -0.069370 -0.103332 0.252550 -0.161543 0.954003 0.000000 0.000000
  25 26.957741 -0.420540 -0.195808 0.013612 -0.671326 0.741038 0.000000 0.000000
rubbergloveCHROME.bmp
  25 26.957741 -0.420540 -0.195808 0.013612 -0.671326 0.741038 0.000000 0.000000
  25 27.314292 -0.069370 -0.103332 0.252550 -0.161543 0.954003 0.000000 0.000000
  25 26.902533 -0.438655 -0.145569 0.433831 -0.838873 0.328758 0.000000 0.000000
rubbergloveCHROME.bmp
  25 27.314292 -0.069370 -0.103332 0.252550 -0.161543 0.954003 0.000000 0.000000
  25 27.276309 0.111746 -0.049906 0.804006 -0.297930 0.514599 0.000000 0.000000
  25 26.902533 -0.438655 -0.145569 0.433831 -0.838873 0.328758 0.000000 0.000000
rubbergloveCHROME.bmp
  25 26.902533 -0.438655 -0.145569 0.433831 -0.838873 0.328758 0.000000 0.000000
  25 27.276309 0.111746 -0.049906 0.804006 -0.297930 0.514599 0.000000 0.000000
  25 26.889491 -0.454067 -0.115696 0.490836 -0.866603 -0.089885 0.000000 0.000000
rubbergloveCHROME.bmp
  25 27.276309 0.111746 -0.049906 0.804006 -0.297930 0.514599 0.000000 0.000000
  3 27.294799 0.152221 0.025919 0.944252 -0.323188 0.062750 0.000000 0.000000
  25 26.889491 -0.454067 -0.115696 0.490836 -0.866603 -0.089885 0.000000 0.000000
rubbergloveCHROME.bmp
  25 26.889491 -0.454067 -0.115696 0.490836 -0.866603 -0.089885 0.000000 0.000000
  3 27.294799 0.152221 0.025919 0.944252 -0.323188 0.062750 0.000000 0.000000
  22 26.965565 -0.437723 -0.064247 0.363957 -0.377576 -0.851453 0.000000 0.000000
rubbergloveCHROME.bmp
  3 27.294799 0.152221 0.025919 0.944252 -0.323188 0.062750 0.000000 0.000000
  3 27.242274 0.169493 0.094786 0.981707 -0.044479 -0.185130 0.000000 0.000000
  22 26.965565 -0.437723 -0.064247 0.363957 -0.377576 -0.851453 0.000000 0.000000
rubbergloveCHROME.bmp
  3 27.242274 0.169493 0.094786 0.981707 -0.044479 -0.185130 0.000000 0.000000
  3 27.294799 0.152221 0.025919 0.944252 -0.323188 0.062750 0.000000 0.000000
  3 27.304585 0.287808 0.066172 0.824823 -0.510017 0.244027 0.000000 0.000000
rubbergloveCHROME.bmp
  3 27.304585 0.287808 0.066172 0.824823 -0.510017 0.244027 0.000000 0.000000
  3 27.294799 0.152221 0.025919 0.944252 -0.323188 0.062750 0.000000 0.000000
  25 27.300227 0.184587 -0.088920 0.764109 -0.346253 0.544285 0.000000 0.000000
rubbergloveCHROME.bmp
  3 27.294799 0.152221 0.025919 0.944252 -0.323188 0.062750 0.000000 0.000000
  25 27.276309 0.111746 -0.049906 0.804006 -0.297930 0.514599 0.000000 0.000000
  25 27.300227 0.184587 -0.088920 0.764109 -0.346253 0.544285 0.000000 0.000000
rubbergloveCHROME.bmp
  25 27.300227 0.184587 -0.088920 0.764109 -0.346253 0.544285 0.000000 0.000000
  25 27.276309 0.111746 -0.049906 0.804006 -0.297930 0.514599 0.000000 0.000000
  25 27.340846 0.081684 -0.151056 0.252550 -0.161543 0.954003 0.000000 0.000000
rubbergloveCHROME.bmp
  25 27.276309 0.111746 -0.049906 0.804006 -0.297930 0.514599 0.000000 0.000000
  25 27.314292 -0.069370 -0.103332 0.252550 -0.161543 0.954003 0.000000 0.000000
  25 27.340846 0.081684 -0.151056 0.252550 -0.161543 0.954003 0.000000 0.000000
rubbergloveCHROME.bmp
  25 27.340846 0.081684 -0.151056 0.252550 -0.161543 0.954003 0.000000 0.000000
  25 27.314292 -0.069370 -0.103332 0.252550 -0.161543 0.954003 0.000000 0.000000
  25 27.527562 -0.085603 -0.115672 0.070228 0.013103 0.997445 0.000000 0.000000
rubbergloveCHROME.bmp
  25 27.314292 -0.069370 -0.103332 0.252550 -0.161543 0.954003 0.000000 0.000000
  25 27.558300 -0.381463 -0.110948 0.138083 0.125445 0.982444 0.000000 0.000000
  25 27.527562 -0.085603 -0.115672 0.070228 0.013103 0.997445 0.000000 0.000000
rubbergloveCHROME.bmp
  25 27.527562 -0.085603 -0.115672 0.070228 0.013103 0.997445 0.000000 0.000000
  25 27.558300 -0.381463 -0.110948 0.138083 0.125445 0.982444 0.000000 0.000000
  25 27.594668 -0.279428 -0.159592 0.111805 0.052106 0.992363 0.000000 0.000000
rubbergloveCHROME.bmp
  25 27.558300 -0.381463 -0.110948 0.138083 0.125445 0.982444 0.000000 0.000000
  25 27.716666 -0.429088 -0.123284 0.078005 0.128944 0.988579 0.000000 0.000000
  25 27.594668 -0.279428 -0.159592 0.111805 0.052106 0.992363 0.000000 0.000000
rubbergloveCHROME.bmp
  25 27.966748 -0.719946 -0.110597 0.077710 0.081761 0.993618 0.000000 0.000000
  25 28.065585 -0.714423 -0.111461 0.419058 -0.247599 0.873547 0.000000 0.000000
  25 28.034199 -0.659528 -0.110234 0.184865 0.027533 0.982378 0.000000 0.000000
rubbergloveCHROME.bmp
  25 28.034199 -0.659528 -0.110234 0.184865 0.027533 0.982378 0.000000 0.000000
  25 28.065585 -0.714423 -0.111461 0.419058 -0.247599 0.873547 0.000000 0.000000
  25 28.180693 -0.629057 -0.171150 0.828246 0.035538 0.559236 0.000000 0.000000
rubbergloveCHROME.bmp
  25 28.065585 -0.714423 -0.111461 0.419058 -0.247599 0.873547 0.000000 0.000000
  25 28.126975 -0.688012 -0.211630 0.606282 0.302006 0.735673 0.000000 0.000000
  25 28.180693 -0.629057 -0.171150 0.828246 0.035538 0.559236 0.000000 0.000000
rubbergloveCHROME.bmp
  25 28.180693 -0.629057 -0.171150 0.828246 0.035538 0.559236 0.000000 0.000000
  25 28.126975 -0.688012 -0.211630 0.606282 0.302006 0.735673 0.000000 0.000000
  25 28.239941 -0.586172 -0.411047 0.850303 0.376770 0.367464 0.000000 0.000000
rubbergloveCHROME.bmp
  25 28.126975 -0.688012 -0.211630 0.606282 0.302006 0.735673 0.000000 0.000000
  26 28.167550 -0.698596 -0.182195 0.517692 0.581646 0.627441 0.000000 0.000000
  25 28.239941 -0.586172 -0.411047 0.850303 0.376770 0.367464 0.000000 0.000000
rubbergloveCHROME.bmp
  25 28.239941 -0.586172 -0.411047 0.850303 0.376770 0.367464 0.000000 0.000000
  26 28.167550 -0.698596 -0.182195 0.517692 0.581646 0.627441 0.000000 0.000000
  26 28.254409 -0.600050 -0.411421 0.613901 0.717090 0.330011 0.000000 0.000000
rubbergloveCHROME.bmp
  26 28.167550 -0.698596 -0.182195 0.517692 0.581646 0.627441 0.000000 0.000000
  26 28.286309 -0.712591 -0.393620 0.942282 -0.149266 0.299708 0.000000 0.000000
  26 28.254409 -0.600050 -0.411421 0.613901 0.717090 0.330011 0.000000 0.000000
rubbergloveCHROME.bmp
  26 28.254409 -0.600050 -0.411421 0.613901 0.717090 0.330011 0.000000 0.000000
  26 28.286309 -0.712591 -0.393620 0.942282 -0.149266 0.299708 0.000000 0.000000
  26 28.333298 -0.686682 -0.583675 0.984612 0.048560 0.167872 0.000000 0.000000
rubbergloveCHROME.bmp
  26 28.286309 -0.712591 -0.393620 0.942282 -0.149266 0.299708 0.000000 0.000000
  26 28.299700 -0.751026 -0.604437 0.976991 0.060013 0.204662 0.000000 0.000000
  26 28.333298 -0.686682 -0.583675 0.984612 0.048560 0.167872 0.000000 0.000000
rubbergloveCHROME.bmp
  25 27.992579 -0.204499 -0.342217 0.712217 0.308880 0.630349 0.000000 0.000000
  25 28.024159 -0.259730 -0.323449 0.757576 0.335010 0.560221 0.000000 0.000000
  25 28.110959 -0.309617 -0.435149 0.798871 0.527747 0.288597 0.000000 0.000000
rubbergloveCHROME.bmp
  25 28.110959 -0.309617 -0.435149 0.798871 0.527747 0.288597 0.000000 0.000000
  25 28.024159 -0.259730 -0.323449 0.757576 0.335010 0.560221 0.000000 0.000000
  25 28.111552 -0.323399 -0.455391 0.881791 0.252837 0.398144 0.000000 0.000000
rubbergloveCHROME.bmp
  25 28.024159 -0.259730 -0.323449 0.757576 0.335010 0.560221 0.000000 0.000000
  25 28.137446 -0.400538 -0.416932 0.865858 0.224687 0.446997 0.000000 0.000000
  25 28.111552 -0.323399 -0.455391 0.881791 0.252837 0.398144 0.000000 0.000000
rubbergloveCHROME.bmp
  25 28.111552 -0.323399 -0.455391 0.881791 0.252837 0.398144 0.000000 0.000000
  25 28.137446 -0.400538 -0.416932 0.865858 0.224687 0.446997 0.000000 0.000000
  25 28.156586 -0.389435 -0.586963 0.985846 0.081494 0.146512 0.000000 0.000000
rubbergloveCHROME.bmp
  25 28.137446 -0.400538 -0.416932 0.865858 0.224687 0.446997 0.000000 0.000000
  25 28.193852 -0.422758 -0.587885 0.809260 0.546859 0.214576 0.000000 0.000000
  25 28.156586 -0.389435 -0.586963 0.985846 0.081494 0.146512 0.000000 0.000000
rubbergloveCHROME.bmp
  25 28.156586 -0.389435 -0.586963 0.985846 0.081494 0.146512 0.000000 0.000000
  25 28.193852 -0.422758 -0.587885 0.809260 0.546859 0.214576 0.000000 0.000000
  25 28.155521 -0.387584 -0.696942 0.765105 0.643785 -0.012464 0.000000 0.000000
rubbergloveCHROME.bmp
  25 28.193852 -0.422758 -0.587885 0.809260 0.546859 0.214576 0.000000 0.000000
  25 28.253477 -0.476074 -0.589359 0.673233 0.718534 0.174547 0.000000 0.000000
  25 28.155521 -0.387584 -0.696942 0.765105 0.643785 -0.012464 0.000000 0.000000
rubbergloveCHROME.bmp
  25 28.155521 -0.387584 -0.696942 0.765105 0.643785 -0.012464 0.000000 0.000000
  25 28.253477 -0.476074 -0.589359 0.673233 0.718534 0.174547 0.000000 0.000000
  25 28.237409 -0.460726 -0.708968 0.692550 0.713353 -0.107245 0.000000 0.000000
rubbergloveCHROME.bmp
  25 28.253477 -0.476074 -0.589359 0.673233 0.718534 0.174547 0.000000 0.000000
  25 28.253006 -0.488004 -0.719580 0.876778 0.471606 -0.094060 0.000000 0.000000
  25 28.237409 -0.460726 -0.708968 0.692550 0.713353 -0.107245 0.000000 0.000000
rubbergloveCHROME.bmp
  25 27.527562 -0.085603 -0.115672 0.070228 0.013103 0.997445 0.000000 0.000000
  25 27.631589 -0.044559 -0.105987 0.267198 0.155374 0.951033 0.000000 0.000000
  25 27.523407 0.119167 -0.092182 0.296171 0.131476 0.946043 0.000000 0.000000
rubbergloveCHROME.bmp
  25 27.523407 0.119167 -0.092182 0.296171 0.131476 0.946043 0.000000 0.000000
  25 27.631589 -0.044559 -0.105987 0.267198 0.155374 0.951033 0.000000 0.000000
  25 27.647458 0.157028 -0.242774 0.558996 0.460492 0.689544 0.000000 0.000000
rubbergloveCHROME.bmp
  25 27.631589 -0.044559 -0.105987 0.267198 0.155374 0.951033 0.000000 0.000000
  25 27.713765 -0.009906 -0.206218 0.527151 0.412985 0.742667 0.000000 0.000000
  25 27.647458 0.157028 -0.242774 0.558996 0.460492 0.689544 0.000000 0.000000
rubbergloveCHROME.bmp
  25 27.647458 0.157028 -0.242774 0.558996 0.460492 0.689544 0.000000 0.000000
  25 27.713765 -0.009906 -0.206218 0.527151 0.412985 0.742667 0.000000 0.000000
  25 27.688546 0.174355 -0.292889 0.643281 0.500736 0.579183 0.000000 0.000000
rubbergloveCHROME.bmp
  25 27.713765 -0.009906 -0.206218 0.527151 0.412985 0.742667 0.000000 0.000000
  25 27.824567 0.025652 -0.266703 0.614706 0.487552 0.620024 0.000000 0.000000
  25 27.688546 0.174355 -0.292889 0.643281 0.500736 0.579183 0.000000 0.000000
rubbergloveCHROME.bmp
  25 27.688546 0.174355 -0.292889 0.643281 0.500736 0.579183 0.000000 0.000000
  25 27.824567 0.025652 -0.266703 0.614706 0.487552 0.620024 0.000000 0.000000
  25 27.717184 0.162488 -0.333374 0.611775 0.546744 0.571666 0.000000 0.000000
rubbergloveCHROME.bmp
  25 27.824567 0.025652 -0.266703 0.614706 0.487552 0.620024 0.000000 0.000000
  25 27.839183 0.012828 -0.297066 0.525806 0.465118 0.712175 0.000000 0.000000
  25 27.717184 0.162488 -0.333374 0.611775 0.546744 0.571666 0.000000 0.000000
rubbergloveCHROME.bmp
  25 27.717184 0.162488 -0.333374 0.611775 0.546744 0.571666 0.000000 0.000000
  25 27.839183 0.012828 -0.297066 0.525806 0.465118 0.712175 0.000000 0.000000
  25 27.829657 0.169641 -0.384352 0.429545 0.593128 0.680948 0.000000 0.000000
rubbergloveCHROME.bmp
  25 27.839183 0.012828 -0.297066 0.525806 0.465118 0.712175 0.000000 0.000000
  25 27.963221 0.063461 -0.367428 0.685972 0.465286 0.559421 0.000000 0.000000
  25 27.829657 0.169641 -0.384352 0.429545 0.593128 0.680948 0.000000 0.000000
rubbergloveCHROME.bmp
  22 27.833672 -0.295678 0.599390 0.997472 -0.070207 0.010970 0.000000 0.000000
  22 27.813363 -0.279295 0.635710 0.955210 0.164053 0.246292 0.000000 0.000000
  22 27.792766 -0.356959 0.730811 0.947705 -0.258033 0.187813 0.000000 0.000000
rubbergloveCHROME.bmp
  22 27.792766 -0.356959 0.730811 0.947705 -0.258033 0.187813 0.000000 0.000000
  22 27.813363 -0.279295 0.635710 0.955210 0.164053 0.246292 0.000000 0.000000
  22 27.823634 -0.331439 0.753080 0.888414 0.327997 0.321151 0.000000 0.000000
rubbergloveCHROME.bmp
  22 27.813363 -0.279295 0.635710 0.955210 0.164053 0.246292 0.000000 0.000000
  22 27.697362 -0.208141 0.714962 0.870961 0.269384 0.410925 0.000000 0.000000
  22 27.823634 -0.331439 0.753080 0.888414 0.327997 0.321151 0.000000 0.000000
rubbergloveCHROME.bmp
  22 27.823634 -0.331439 0.753080 0.888414 0.327997 0.321151 0.000000 0.000000
  22 27.697362 -0.208141 0.714962 0.870961 0.269384 0.410925 0.000000 0.000000
  22 27.731411 -0.321001 0.850988 0.818365 0.381989 0.429376 0.000000 0.000000
rubbergloveCHROME.bmp
  22 27.697362 -0.208141 0.714962 0.870961 0.269384 0.410925 0.000000 0.000000
  22 27.684529 -0.164855 0.952578 0.756804 0.114462 0.643542 0.000000 0.000000
  22 27.731411 -0.321001 0.850988 0.818365 0.381989 0.429376 0.000000 0.000000
rubbergloveCHROME.bmp
  22 27.731411 -0.321001 0.850988 0.818365 0.381989 0.429376 0.000000 0.000000
  22 27.684529 -0.164855 0.952578 0.756804 0.114462 0.643542 0.000000 0.000000
  22 27.668637 -0.243757 0.957256 0.597239 0.074361 0.798609 0.000000 0.000000
rubbergloveCHROME.bmp
  22 27.684529 -0.164855 0.952578 0.756804 0.114462 0.643542 0.000000 0.000000
  22 27.570895 -0.185937 0.959120 0.507446 0.247294 0.825436 0.000000 0.000000
  22 27.668637 -0.243757 0.957256 0.597239 0.074361 0.798609 0.000000 0.000000
rubbergloveCHROME.bmp
  22 27.668637 -0.243757 0.957256 0.597239 0.074361 0.798609 0.000000 0.000000
  22 27.570895 -0.185937 0.959120 0.507446 0.247294 0.825436 0.000000 0.000000
  22 27.650400 -0.267326 0.946677 0.691960 0.144799 0.707265 0.000000 0.000000
rubbergloveCHROME.bmp
  22 27.570895 -0.185937 0.959120 0.507446 0.247294 0.825436 0.000000 0.000000
  22 27.527373 -0.176504 1.013128 0.557284 0.260139 0.788519 0.000000 0.000000
  22 27.650400 -0.267326 0.946677 0.691960 0.144799 0.707265 0.000000 0.000000
rubbergloveCHROME.bmp
  22 27.798508 -0.556765 0.201902 0.474762 0.408455 -0.779593 0.000000 0.000000
  22 27.808888 -0.576813 0.134150 0.617034 0.528307 -0.583233 0.000000 0.000000
  22 27.704594 -0.489661 0.223745 0.467992 0.491638 -0.734354 0.000000 0.000000
rubbergloveCHROME.bmp
  22 27.704594 -0.489661 0.223745 0.467992 0.491638 -0.734354 0.000000 0.000000
  22 27.808888 -0.576813 0.134150 0.617034 0.528307 -0.583233 0.000000 0.000000
  22 27.605524 -0.467888 0.147514 0.532563 0.335194 -0.777188 0.000000 0.000000
rubbergloveCHROME.bmp
  22 27.808888 -0.576813 0.134150 0.617034 0.528307 -0.583233 0.000000 0.000000
  22 27.390605 -0.818765 -0.023644 0.026301 -0.141370 -0.989607 0.000000 0.000000
  22 27.605524 -0.467888 0.147514 0.532563 0.335194 -0.777188 0.000000 0.000000
rubbergloveCHROME.bmp
  22 27.605524 -0.467888 0.147514 0.532563 0.335194 -0.777188 0.000000 0.000000
  22 27.390605 -0.818765 -0.023644 0.026301 -0.141370 -0.989607 0.000000 0.000000
  22 27.207389 -0.608462 -0.006196 0.143630 -0.046037 -0.988560 0.000000 0.000000
rubbergloveCHROME.bmp
  22 27.390605 -0.818765 -0.023644 0.026301 -0.141370 -0.989607 0.000000 0.000000
  22 27.126337 -0.697595 0.010714 -0.159963 -0.386372 -0.908366 0.000000 0.000000
  22 27.207389 -0.608462 -0.006196 0.143630 -0.046037 -0.988560 0.000000 0.000000
rubbergloveCHROME.bmp
  22 27.207389 -0.608462 -0.006196 0.143630 -0.046037 -0.988560 0.000000 0.000000
  22 27.126337 -0.697595 0.010714 -0.159963 -0.386372 -0.908366 0.000000 0.000000
  22 27.068485 -0.487115 -0.056004 0.080576 -0.091420 -0.992547 0.000000 0.000000
rubbergloveCHROME.bmp
  22 27.126337 -0.697595 0.010714 -0.159963 -0.386372 -0.908366 0.000000 0.000000
  22 26.932562 -0.529195 -0.030428 -0.151503 -0.482821 -0.862514 0.000000 0.000000
  22 27.068485 -0.487115 -0.056004 0.080576 -0.091420 -0.992547 0.000000 0.000000
rubbergloveCHROME.bmp
  22 27.068485 -0.487115 -0.056004 0.080576 -0.091420 -0.992547 0.000000 0.000000
  22 26.932562 -0.529195 -0.030428 -0.151503 -0.482821 -0.862514 0.000000 0.000000
  22 26.965565 -0.437723 -0.064247 0.363957 -0.377576 -0.851453 0.000000 0.000000
rubbergloveCHROME.bmp
  22 26.932562 -0.529195 -0.030428 -0.151503 -0.482821 -0.862514 0.000000 0.000000
  22 26.763132 -0.489177 -0.016567 0.117640 -0.911820 -0.393376 0.000000 0.000000
  22 26.965565 -0.437723 -0.064247 0.363957 -0.377576 -0.851453 0.000000 0.000000
rubbergloveCHROME.bmp
  20 25.204168 0.143942 1.946172 -0.041000 0.200559 0.978823 0.000000 0.000000
  20 25.536626 0.085325 1.982718 0.166870 0.625330 0.762310 0.000000 0.000000
  20 25.406894 0.326825 1.851009 0.406302 0.415619 0.813744 0.000000 0.000000
rubbergloveCHROME.bmp
  20 25.406894 0.326825 1.851009 0.406302 0.415619 0.813744 0.000000 0.000000
  20 25.536626 0.085325 1.982718 0.166870 0.625330 0.762310 0.000000 0.000000
  20 25.734059 0.168083 1.753216 0.579151 0.671643 0.462040 0.000000 0.000000
rubbergloveCHROME.bmp
  20 25.536626 0.085325 1.982718 0.166870 0.625330 0.762310 0.000000 0.000000
  20 25.849069 0.044085 1.818770 0.516465 0.721884 0.460595 0.000000 0.000000
  20 25.734059 0.168083 1.753216 0.579151 0.671643 0.462040 0.000000 0.000000
rubbergloveCHROME.bmp
  20 25.734059 0.168083 1.753216 0.579151 0.671643 0.462040 0.000000 0.000000
  20 25.849069 0.044085 1.818770 0.516465 0.721884 0.460595 0.000000 0.000000
  20 25.884757 0.126730 1.555529 0.733568 0.669419 -0.117289 0.000000 0.000000
rubbergloveCHROME.bmp
  20 25.849069 0.044085 1.818770 0.516465 0.721884 0.460595 0.000000 0.000000
  20 25.961111 0.022687 1.610711 0.721912 0.667954 -0.180777 0.000000 0.000000
  20 25.884757 0.126730 1.555529 0.733568 0.669419 -0.117289 0.000000 0.000000
rubbergloveCHROME.bmp
  20 25.884757 0.126730 1.555529 0.733568 0.669419 -0.117289 0.000000 0.000000
  20 25.961111 0.022687 1.610711 0.721912 0.667954 -0.180777 0.000000 0.000000
  20 25.838540 0.023174 1.451412 0.768386 0.505778 -0.392137 0.000000 0.000000
rubbergloveCHROME.bmp
  20 25.961111 0.022687 1.610711 0.721912 0.667954 -0.180777 0.000000 0.000000
  20 25.925481 -0.052101 1.464638 0.695965 0.569175 -0.437803 0.000000 0.000000
  20 25.838540 0.023174 1.451412 0.768386 0.505778 -0.392137 0.000000 0.000000
rubbergloveCHROME.bmp
  20 25.838540 0.023174 1.451412 0.768386 0.505778 -0.392137 0.000000 0.000000
  20 25.925481 -0.052101 1.464638 0.695965 0.569175 -0.437803 0.000000 0.000000
  20 25.869277 -0.015410 1.339759 0.776167 0.472775 -0.417191 0.000000 0.000000
rubbergloveCHROME.bmp
  21 26.124542 -0.215663 1.446566 0.681295 0.482003 -0.550918 0.000000 0.000000
  21 26.114325 -0.220500 1.511928 0.732929 0.612715 -0.295628 0.000000 0.000000
  21 26.246278 -0.387496 1.511016 0.836472 0.413969 -0.359089 0.000000 0.000000
rubbergloveCHROME.bmp
  21 26.246278 -0.387496 1.511016 0.836472 0.413969 -0.359089 0.000000 0.000000
  21 26.114325 -0.220500 1.511928 0.732929 0.612715 -0.295628 0.000000 0.000000
  21 26.243381 -0.356231 1.616913 0.850920 0.489049 -0.191743 0.000000 0.000000
rubbergloveCHROME.bmp
  21 26.114325 -0.220500 1.511928 0.732929 0.612715 -0.295628 0.000000 0.000000
  21 26.246650 -0.275258 1.736632 0.809303 0.585542 0.046577 0.000000 0.000000
  21 26.243381 -0.356231 1.616913 0.850920 0.489049 -0.191743 0.000000 0.000000
rubbergloveCHROME.bmp
  21 26.243381 -0.356231 1.616913 0.850920 0.489049 -0.191743 0.000000 0.000000
  21 26.246650 -0.275258 1.736632 0.809303 0.585542 0.046577 0.000000 0.000000
  21 26.333493 -0.400648 1.844963 0.829618 0.557861 0.022905 0.000000 0.000000
rubbergloveCHROME.bmp
  21 26.246650 -0.275258 1.736632 0.809303 0.585542 0.046577 0.000000 0.000000
  21 26.185130 -0.399406 1.971797 0.502481 0.675719 0.539367 0.000000 0.000000
  21 26.333493 -0.400648 1.844963 0.829618 0.557861 0.022905 0.000000 0.000000
rubbergloveCHROME.bmp
  21 26.333493 -0.400648 1.844963 0.829618 0.557861 0.022905 0.000000 0.000000
  21 26.185130 -0.399406 1.971797 0.502481 0.675719 0.539367 0.000000 0.000000
  21 26.509722 -0.705823 2.082475 0.828949 0.543701 0.131275 0.000000 0.000000
rubbergloveCHROME.bmp
  21 26.185130 -0.399406 1.971797 0.502481 0.675719 0.539367 0.000000 0.000000
  21 26.451949 -0.675555 2.216439 0.519152 0.704268 0.484239 0.000000 0.000000
  21 26.509722 -0.705823 2.082475 0.828949 0.543701 0.131275 0.000000 0.000000
rubbergloveCHROME.bmp
  21 26.509722 -0.705823 2.082475 0.828949 0.543701 0.131275 0.000000 0.000000
  21 26.451949 -0.675555 2.216439 0.519152 0.704268 0.484239 0.000000 0.000000
  21 26.567501 -0.880497 2.185675 0.962227 0.202553 0.181909 0.000000 0.000000
rubbergloveCHROME.bmp
  16 -24.020542 0.220734 -2.982911 0.120876 -0.168875 -0.978197 0.000000 0.000000
  16 -24.226489 0.091096 -2.954986 0.067371 -0.219456 -0.973293 0.000000 0.000000
  16 -24.240720 0.224117 -3.036858 0.032365 -0.115047 -0.992833 0.000000 0.000000
rubbergloveCHROME.bmp
  16 -24.240720 0.224117 -3.036858 0.032365 -0.115047 -0.992833 0.000000 0.000000
  16 -24.226489 0.091096 -2.954986 0.067371 -0.219456 -0.973293 0.000000 0.000000
  16 -24.438742 0.127880 -3.031771 0.032365 -0.115047 -0.992833 0.000000 0.000000
rubbergloveCHROME.bmp
  16 -24.226489 0.091096 -2.954986 0.067371 -0.219456 -0.973293 0.000000 0.000000
  16 -24.386072 -0.024781 -2.965284 0.159271 -0.139401 -0.977343 0.000000 0.000000
  16 -24.438742 0.127880 -3.031771 0.032365 -0.115047 -0.992833 0.000000 0.000000
rubbergloveCHROME.bmp
  16 -24.438742 0.127880 -3.031771 0.032365 -0.115047 -0.992833 0.000000 0.000000
  16 -24.386072 -0.024781 -2.965284 0.159271 -0.139401 -0.977343 0.000000 0.000000
  16 -24.478155 0.038699 -3.048897 0.093624 0.038509 -0.994863 0.000000 0.000000
rubbergloveCHROME.bmp
  16 -24.386072 -0.024781 -2.965284 0.159271 -0.139401 -0.977343 0.000000 0.000000
  16 -24.456833 -0.088603 -2.995609 0.312139 -0.080599 -0.946611 0.000000 0.000000
  16 -24.478155 0.038699 -3.048897 0.093624 0.038509 -0.994863 0.000000 0.000000
rubbergloveCHROME.bmp
  16 -24.478155 0.038699 -3.048897 0.093624 0.038509 -0.994863 0.000000 0.000000
  16 -24.456833 -0.088603 -2.995609 0.312139 -0.080599 -0.946611 0.000000 0.000000
  16 -24.585841 -0.030596 -3.047494 0.366392 0.110013 -0.923934 0.000000 0.000000
rubbergloveCHROME.bmp
  16 -24.456833 -0.088603 -2.995609 0.312139 -0.080599 -0.946611 0.000000 0.000000
  16 -24.511093 -0.137091 -2.997780 0.456117 0.053021 -0.888339 0.000000 0.000000
  16 -24.585841 -0.030596 -3.047494 0.366392 0.110013 -0.923934 0.000000 0.000000
rubbergloveCHROME.bmp
  16 -24.585841 -0.030596 -3.047494 0.366392 0.110013 -0.923934 0.000000 0.000000
  16 -24.511093 -0.137091 -2.997780 0.456117 0.053021 -0.888339 0.000000 0.000000
  16 -24.573511 -0.153672 -3.048070 0.508542 -0.158948 -0.846239 0.000000 0.000000
rubbergloveCHROME.bmp
  16 -24.991392 -0.053826 -2.250131 -0.111193 0.265776 0.957601 0.000000 0.000000
  16 -25.076568 -0.063777 -2.294244 -0.691719 0.028887 0.721589 0.000000 0.000000
  16 -24.982941 -0.153695 -2.257521 -0.512017 -0.147906 0.846146 0.000000 0.000000
rubbergloveCHROME.bmp
  16 -24.982941 -0.153695 -2.257521 -0.512017 -0.147906 0.846146 0.000000 0.000000
  16 -25.076568 -0.063777 -2.294244 -0.691719 0.028887 0.721589 0.000000 0.000000
  16 -25.081003 -0.135552 -2.330697 -0.527185 0.136738 0.838677 0.000000 0.000000
rubbergloveCHROME.bmp
  16 -25.076568 -0.063777 -2.294244 -0.691719 0.028887 0.721589 0.000000 0.000000
  16 -25.170305 -0.056325 -2.420964 -0.746697 0.524788 0.408707 0.000000 0.000000
  16 -25.081003 -0.135552 -2.330697 -0.527185 0.136738 0.838677 0.000000 0.000000
rubbergloveCHROME.bmp
  16 -25.081003 -0.135552 -2.330697 -0.527185 0.136738 0.838677 0.000000 0.000000
  16 -25.170305 -0.056325 -2.420964 -0.746697 0.524788 0.408707 0.000000 0.000000
  16 -25.194931 -0.183547 -2.326581 -0.390527 0.320074 0.863158 0.000000 0.000000
rubbergloveCHROME.bmp
  16 -25.170305 -0.056325 -2.420964 -0.746697 0.524788 0.408707 0.000000 0.000000
  16 -25.211510 -0.053095 -2.430541 -0.678526 0.629032 0.379370 0.000000 0.000000
  16 -25.194931 -0.183547 -2.326581 -0.390527 0.320074 0.863158 0.000000 0.000000
rubbergloveCHROME.bmp
  16 -25.194931 -0.183547 -2.326581 -0.390527 0.320074 0.863158 0.000000 0.000000
  16 -25.211510 -0.053095 -2.430541 -0.678526 0.629032 0.379370 0.000000 0.000000
  16 -25.279227 -0.167806 -2.459797 -0.986681 0.029443 0.159982 0.000000 0.000000
rubbergloveCHROME.bmp
  16 -25.211510 -0.053095 -2.430541 -0.678526 0.629032 0.379370 0.000000 0.000000
  16 -25.235429 -0.091968 -2.622678 -0.958508 0.228723 -0.170143 0.000000 0.000000
  16 -25.279227 -0.167806 -2.459797 -0.986681 0.029443 0.159982 0.000000 0.000000
rubbergloveCHROME.bmp
  16 -25.279227 -0.167806 -2.459797 -0.986681 0.029443 0.159982 0.000000 0.000000
  16 -25.235429 -0.091968 -2.622678 -0.958508 0.228723 -0.170143 0.000000 0.000000
  17 -25.228460 -0.177571 -2.638077 -0.981391 0.055003 -0.183975 0.000000 0.000000
rubbergloveCHROME.bmp
  10 -25.910121 -0.754737 -1.140818 -0.157584 0.289261 -0.944190 0.000000 0.000000
  10 -25.625229 -0.473080 -1.143321 -0.220786 0.228799 -0.948106 0.000000 0.000000
  10 -25.366139 -0.899127 -1.097974 0.197901 -0.169612 -0.965436 0.000000 0.000000
rubbergloveCHROME.bmp
  10 -25.366139 -0.899127 -1.097974 0.197901 -0.169612 -0.965436 0.000000 0.000000
  10 -25.625229 -0.473080 -1.143321 -0.220786 0.228799 -0.948106 0.000000 0.000000
  10 -25.070538 -0.541392 -1.029079 0.248120 -0.066667 -0.966433 0.000000 0.000000
rubbergloveCHROME.bmp
  10 -25.625229 -0.473080 -1.143321 -0.220786 0.228799 -0.948106 0.000000 0.000000
  10 -25.435063 -0.236044 -1.127488 -0.175959 0.152802 -0.972466 0.000000 0.000000
  10 -25.070538 -0.541392 -1.029079 0.248120 -0.066667 -0.966433 0.000000 0.000000
rubbergloveCHROME.bmp
  10 -25.070538 -0.541392 -1.029079 0.248120 -0.066667 -0.966433 0.000000 0.000000
  10 -25.435063 -0.236044 -1.127488 -0.175959 0.152802 -0.972466 0.000000 0.000000
  10 -24.919211 -0.365916 -1.014659 0.008272 -0.254682 -0.966990 0.000000 0.000000
rubbergloveCHROME.bmp
  10 -25.435063 -0.236044 -1.127488 -0.175959 0.152802 -0.972466 0.000000 0.000000
  10 -25.302754 -0.023752 -1.132636 -0.157584 0.289261 -0.944190 0.000000 0.000000
  10 -24.919211 -0.365916 -1.014659 0.008272 -0.254682 -0.966990 0.000000 0.000000
rubbergloveCHROME.bmp
  10 -24.919211 -0.365916 -1.014659 0.008272 -0.254682 -0.966990 0.000000 0.000000
  10 -25.302754 -0.023752 -1.132636 -0.157584 0.289261 -0.944190 0.000000 0.000000
  10 -25.200177 0.040979 -1.110549 -0.175959 0.152802 -0.972466 0.000000 0.000000
rubbergloveCHROME.bmp
  10 -25.302754 -0.023752 -1.132636 -0.157584 0.289261 -0.944190 0.000000 0.000000
  10 -25.348523 0.055481 -1.061732 -0.228430 0.291473 -0.928904 0.000000 0.000000
  10 -25.200177 0.040979 -1.110549 -0.175959 0.152802 -0.972466 0.000000 0.000000
rubbergloveCHROME.bmp
  10 -25.200177 0.040979 -1.110549 -0.175959 0.152802 -0.972466 0.000000 0.000000
  10 -25.348523 0.055481 -1.061732 -0.228430 0.291473 -0.928904 0.000000 0.000000
  1 -25.219155 0.329160 -1.035949 -0.491831 -0.077686 -0.867218 0.000000 0.000000
rubbergloveCHROME.bmp
  14 -25.631096 -0.555618 -2.165648 -0.019615 0.004612 -0.999797 0.000000 0.000000
  13 -25.718920 -0.417029 -2.181620 -0.165812 -0.002223 -0.986155 0.000000 0.000000
  14 -25.583909 -0.537364 -2.138440 0.105955 0.208128 -0.972346 0.000000 0.000000
rubbergloveCHROME.bmp
  14 -25.583909 -0.537364 -2.138440 0.105955 0.208128 -0.972346 0.000000 0.000000
  13 -25.718920 -0.417029 -2.181620 -0.165812 -0.002223 -0.986155 0.000000 0.000000
  14 -25.546257 -0.486763 -2.149478 0.191972 0.150899 -0.969730 0.000000 0.000000
rubbergloveCHROME.bmp
  13 -25.718920 -0.417029 -2.181620 -0.165812 -0.002223 -0.986155 0.000000 0.000000
  13 -25.651840 -0.300244 -2.162601 -0.065856 0.515623 -0.854281 0.000000 0.000000
  14 -25.546257 -0.486763 -2.149478 0.191972 0.150899 -0.969730 0.000000 0.000000
rubbergloveCHROME.bmp
  14 -25.546257 -0.486763 -2.149478 0.191972 0.150899 -0.969730 0.000000 0.000000
  13 -25.651840 -0.300244 -2.162601 -0.065856 0.515623 -0.854281 0.000000 0.000000
  13 -25.555191 -0.292400 -2.131021 0.067735 0.201174 -0.977211 0.000000 0.000000
rubbergloveCHROME.bmp
  13 -25.651840 -0.300244 -2.162601 -0.065856 0.515623 -0.854281 0.000000 0.000000
  13 -25.690849 -0.213474 -2.026773 -0.454241 0.747789 -0.484228 0.000000 0.000000
  13 -25.555191 -0.292400 -2.131021 0.067735 0.201174 -0.977211 0.000000 0.000000
rubbergloveCHROME.bmp
  13 -25.555191 -0.292400 -2.131021 0.067735 0.201174 -0.977211 0.000000 0.000000
  13 -25.690849 -0.213474 -2.026773 -0.454241 0.747789 -0.484228 0.000000 0.000000
  13 -25.521124 -0.206284 -2.149009 -0.244791 0.298688 -0.922422 0.000000 0.000000
rubbergloveCHROME.bmp
  13 -25.690849 -0.213474 -2.026773 -0.454241 0.747789 -0.484228 0.000000 0.000000
  13 -25.609945 -0.029171 -1.908506 -0.577647 0.418797 -0.700666 0.000000 0.000000
  13 -25.521124 -0.206284 -2.149009 -0.244791 0.298688 -0.922422 0.000000 0.000000
rubbergloveCHROME.bmp
  13 -25.521124 -0.206284 -2.149009 -0.244791 0.298688 -0.922422 0.000000 0.000000
  13 -25.609945 -0.029171 -1.908506 -0.577647 0.418797 -0.700666 0.000000 0.000000
  13 -25.377616 -0.086789 -2.111246 -0.106598 0.317853 -0.942129 0.000000 0.000000
rubbergloveCHROME.bmp
  13 -25.511120 -0.004884 -1.349361 -0.561662 0.422344 0.711450 0.000000 0.000000
  13 -25.553304 0.051390 -1.398897 -0.705287 0.449214 0.548431 0.000000 0.000000
  13 -25.623454 -0.095492 -1.401043 -0.768394 0.338831 0.542921 0.000000 0.000000
rubbergloveCHROME.bmp
  13 -25.623454 -0.095492 -1.401043 -0.768394 0.338831 0.542921 0.000000 0.000000
  13 -25.553304 0.051390 -1.398897 -0.705287 0.449214 0.548431 0.000000 0.000000
  13 -25.657756 -0.045562 -1.460460 -0.824887 0.444674 0.349036 0.000000 0.000000
rubbergloveCHROME.bmp
  13 -25.553304 0.051390 -1.398897 -0.705287 0.449214 0.548431 0.000000 0.000000
  13 -25.667025 -0.026941 -1.500050 -0.825450 0.386339 0.411552 0.000000 0.000000
  13 -25.657756 -0.045562 -1.460460 -0.824887 0.444674 0.349036 0.000000 0.000000
rubbergloveCHROME.bmp
  13 -25.657756 -0.045562 -1.460460 -0.824887 0.444674 0.349036 0.000000 0.000000
  13 -25.667025 -0.026941 -1.500050 -0.825450 0.386339 0.411552 0.000000 0.000000
  13 -25.682109 -0.068318 -1.576603 -0.852764 0.518816 -0.060194 0.000000 0.000000
rubbergloveCHROME.bmp
  13 -25.667025 -0.026941 -1.500050 -0.825450 0.386339 0.411552 0.000000 0.000000
  13 -25.704781 0.101609 -1.562092 -0.921907 0.230286 0.311539 0.000000 0.000000
  13 -25.682109 -0.068318 -1.576603 -0.852764 0.518816 -0.060194 0.000000 0.000000
rubbergloveCHROME.bmp
  13 -25.682109 -0.068318 -1.576603 -0.852764 0.518816 -0.060194 0.000000 0.000000
  13 -25.704781 0.101609 -1.562092 -0.921907 0.230286 0.311539 0.000000 0.000000
  13 -25.634294 0.030459 -1.652476 -0.950951 0.299002 -0.079313 0.000000 0.000000
rubbergloveCHROME.bmp
  13 -25.704781 0.101609 -1.562092 -0.921907 0.230286 0.311539 0.000000 0.000000
  13 -25.596176 0.229648 -1.527294 -0.742695 0.507457 0.436911 0.000000 0.000000
  13 -25.634294 0.030459 -1.652476 -0.950951 0.299002 -0.079313 0.000000 0.000000
rubbergloveCHROME.bmp
  13 -25.634294 0.030459 -1.652476 -0.950951 0.299002 -0.079313 0.000000 0.000000
  13 -25.596176 0.229648 -1.527294 -0.742695 0.507457 0.436911 0.000000 0.000000
  13 -25.581374 0.297757 -1.640175 -0.736559 0.676285 -0.010946 0.000000 0.000000
rubbergloveCHROME.bmp
  16 -24.863373 -0.219991 -2.199140 -0.341675 0.121885 0.931881 0.000000 0.000000
  16 -24.662492 -0.253793 -2.135076 -0.266921 -0.102504 0.958252 0.000000 0.000000
  16 -24.731261 -0.101961 -2.195227 -0.404219 0.376495 0.833582 0.000000 0.000000
rubbergloveCHROME.bmp
  16 -24.731261 -0.101961 -2.195227 -0.404219 0.376495 0.833582 0.000000 0.000000
  16 -24.662492 -0.253793 -2.135076 -0.266921 -0.102504 0.958252 0.000000 0.000000
  16 -24.667159 -0.030680 -2.165062 -0.561433 0.218728 0.798092 0.000000 0.000000
rubbergloveCHROME.bmp
  16 -24.662492 -0.253793 -2.135076 -0.266921 -0.102504 0.958252 0.000000 0.000000
  16 -24.490024 -0.166011 -2.095716 -0.195093 -0.160920 0.967493 0.000000 0.000000
  16 -24.667159 -0.030680 -2.165062 -0.561433 0.218728 0.798092 0.000000 0.000000
rubbergloveCHROME.bmp
  16 -24.667159 -0.030680 -2.165062 -0.561433 0.218728 0.798092 0.000000 0.000000
  16 -24.490024 -0.166011 -2.095716 -0.195093 -0.160920 0.967493 0.000000 0.000000
  16 -24.635502 0.104913 -2.161565 -0.995909 -0.071675 -0.055032 0.000000 0.000000
rubbergloveCHROME.bmp
  16 -24.490024 -0.166011 -2.095716 -0.195093 -0.160920 0.967493 0.000000 0.000000
  16 -24.363364 -0.226588 -2.065918 -0.207727 -0.975296 -0.075153 0.000000 0.000000
  16 -24.635502 0.104913 -2.161565 -0.995909 -0.071675 -0.055032 0.000000 0.000000
rubbergloveCHROME.bmp
  16 -24.635502 0.104913 -2.161565 -0.995909 -0.071675 -0.055032 0.000000 0.000000
  16 -24.363364 -0.226588 -2.065918 -0.207727 -0.975296 -0.075153 0.000000 0.000000
  13 -24.430324 -0.285572 -1.997122 -0.054777 -0.493819 -0.867838 0.000000 0.000000
rubbergloveCHROME.bmp
  16 -24.363364 -0.226588 -2.065918 -0.207727 -0.975296 -0.075153 0.000000 0.000000
  1 -24.287634 -0.291249 -1.956744 -0.036592 -0.652813 -0.756635 0.000000 0.000000
  13 -24.430324 -0.285572 -1.997122 -0.054777 -0.493819 -0.867838 0.000000 0.000000
rubbergloveCHROME.bmp
  13 -24.430324 -0.285572 -1.997122 -0.054777 -0.493819 -0.867838 0.000000 0.000000
  1 -24.287634 -0.291249 -1.956744 -0.036592 -0.652813 -0.756635 0.000000 0.000000
  1 -24.328502 -0.366039 -1.935858 0.023043 -0.589251 -0.807622 0.000000 0.000000
rubbergloveCHROME.bmp
  29 28.142862 -0.715646 -1.600780 0.794642 0.580459 0.177795 0.000000 0.000000
  29 28.041396 -0.575672 -1.727318 0.961211 0.273800 -0.033277 0.000000 0.000000
  29 28.071499 -0.562118 -1.577618 0.990356 0.065129 0.122280 0.000000 0.000000
rubbergloveCHROME.bmp
  29 28.071499 -0.562118 -1.577618 0.990356 0.065129 0.122280 0.000000 0.000000
  29 28.041396 -0.575672 -1.727318 0.961211 0.273800 -0.033277 0.000000 0.000000
  29 28.048779 -0.471007 -1.707551 0.938962 0.342218 -0.035182 0.000000 0.000000
rubbergloveCHROME.bmp
  29 28.041396 -0.575672 -1.727318 0.961211 0.273800 -0.033277 0.000000 0.000000
  29 28.029390 -0.467273 -1.887023 0.941158 0.269559 -0.203860 0.000000 0.000000
  29 28.048779 -0.471007 -1.707551 0.938962 0.342218 -0.035182 0.000000 0.000000
rubbergloveCHROME.bmp
  29 28.048779 -0.471007 -1.707551 0.938962 0.342218 -0.035182 0.000000 0.000000
  29 28.029390 -0.467273 -1.887023 0.941158 0.269559 -0.203860 0.000000 0.000000
  29 27.945536 -0.385337 -1.859544 0.458899 0.871933 -0.170720 0.000000 0.000000
rubbergloveCHROME.bmp
  29 28.029390 -0.467273 -1.887023 0.941158 0.269559 -0.203860 0.000000 0.000000
  29 27.942649 -0.495882 -2.102795 0.766384 0.324250 -0.554543 0.000000 0.000000
  29 27.945536 -0.385337 -1.859544 0.458899 0.871933 -0.170720 0.000000 0.000000
rubbergloveCHROME.bmp
  29 27.945536 -0.385337 -1.859544 0.458899 0.871933 -0.170720 0.000000 0.000000
  29 27.942649 -0.495882 -2.102795 0.766384 0.324250 -0.554543 0.000000 0.000000
  29 27.877768 -0.418629 -2.098079 0.277127 0.786885 -0.551373 0.000000 0.000000
rubbergloveCHROME.bmp
  29 27.942649 -0.495882 -2.102795 0.766384 0.324250 -0.554543 0.000000 0.000000
  29 27.873133 -0.526248 -2.158879 0.368016 0.034997 -0.929161 0.000000 0.000000
  29 27.877768 -0.418629 -2.098079 0.277127 0.786885 -0.551373 0.000000 0.000000
rubbergloveCHROME.bmp
  29 27.877768 -0.418629 -2.098079 0.277127 0.786885 -0.551373 0.000000 0.000000
  29 27.873133 -0.526248 -2.158879 0.368016 0.034997 -0.929161 0.000000 0.000000
  29 27.784159 -0.481577 -2.185112 -0.002355 0.240734 -0.970588 0.000000 0.000000
rubbergloveCHROME.bmp
  29 27.997873 -0.392541 -1.572823 0.445172 0.884663 0.138537 0.000000 0.000000
  29 27.963843 -0.388081 -1.689964 0.341776 0.939634 0.016652 0.000000 0.000000
  29 27.928550 -0.367600 -1.684053 0.573886 0.818928 0.003369 0.000000 0.000000
rubbergloveCHROME.bmp
  29 27.928550 -0.367600 -1.684053 0.573886 0.818928 0.003369 0.000000 0.000000
  29 27.963843 -0.388081 -1.689964 0.341776 0.939634 0.016652 0.000000 0.000000
  29 27.889302 -0.386335 -1.853489 0.728948 0.666756 -0.155149 0.000000 0.000000
rubbergloveCHROME.bmp
  29 27.963843 -0.388081 -1.689964 0.341776 0.939634 0.016652 0.000000 0.000000
  29 27.945536 -0.385337 -1.859544 0.458899 0.871933 -0.170720 0.000000 0.000000
  29 27.889302 -0.386335 -1.853489 0.728948 0.666756 -0.155149 0.000000 0.000000
rubbergloveCHROME.bmp
  29 27.889302 -0.386335 -1.853489 0.728948 0.666756 -0.155149 0.000000 0.000000
  29 27.945536 -0.385337 -1.859544 0.458899 0.871933 -0.170720 0.000000 0.000000
  29 27.817605 -0.401614 -2.059465 0.640975 0.612097 -0.463129 0.000000 0.000000
rubbergloveCHROME.bmp
  29 27.945536 -0.385337 -1.859544 0.458899 0.871933 -0.170720 0.000000 0.000000
  29 27.877768 -0.418629 -2.098079 0.277127 0.786885 -0.551373 0.000000 0.000000
  29 27.817605 -0.401614 -2.059465 0.640975 0.612097 -0.463129 0.000000 0.000000
rubbergloveCHROME.bmp
  29 27.817605 -0.401614 -2.059465 0.640975 0.612097 -0.463129 0.000000 0.000000
  29 27.877768 -0.418629 -2.098079 0.277127 0.786885 -0.551373 0.000000 0.000000
  29 27.760177 -0.457892 -2.139682 0.313809 0.451154 -0.835454 0.000000 0.000000
rubbergloveCHROME.bmp
  29 27.877768 -0.418629 -2.098079 0.277127 0.786885 -0.551373 0.000000 0.000000
  29 27.784159 -0.481577 -2.185112 -0.002355 0.240734 -0.970588 0.000000 0.000000
  29 27.760177 -0.457892 -2.139682 0.313809 0.451154 -0.835454 0.000000 0.000000
rubbergloveCHROME.bmp
  29 27.760177 -0.457892 -2.139682 0.313809 0.451154 -0.835454 0.000000 0.000000
  29 27.784159 -0.481577 -2.185112 -0.002355 0.240734 -0.970588 0.000000 0.000000
  29 27.636980 -0.547517 -2.175599 0.019619 0.004604 -0.999797 0.000000 0.000000
rubbergloveCHROME.bmp
  31 26.330873 -0.467151 -2.756723 -0.416412 -0.679414 -0.604150 0.000000 0.000000
  31 26.067404 -0.404558 -2.678836 -0.316281 -0.620937 -0.717219 0.000000 0.000000
  31 26.074713 -0.345631 -2.752824 -0.416412 -0.679414 -0.604150 0.000000 0.000000
rubbergloveCHROME.bmp
  31 26.074713 -0.345631 -2.752824 -0.416412 -0.679414 -0.604150 0.000000 0.000000
  31 26.067404 -0.404558 -2.678836 -0.316281 -0.620937 -0.717219 0.000000 0.000000
  31 25.860206 -0.233397 -2.698143 -0.583483 -0.595664 -0.552025 0.000000 0.000000
rubbergloveCHROME.bmp
  31 26.067404 -0.404558 -2.678836 -0.316281 -0.620937 -0.717219 0.000000 0.000000
  31 25.848154 -0.289174 -2.674826 -0.632530 -0.612809 -0.473678 0.000000 0.000000
  31 25.860206 -0.233397 -2.698143 -0.583483 -0.595664 -0.552025 0.000000 0.000000
rubbergloveCHROME.bmp
  31 25.860206 -0.233397 -2.698143 -0.583483 -0.595664 -0.552025 0.000000 0.000000
  31 25.848154 -0.289174 -2.674826 -0.632530 -0.612809 -0.473678 0.000000 0.000000
  3 25.700932 -0.146617 -2.569747 -0.490634 -0.762439 -0.421859 0.000000 0.000000
rubbergloveCHROME.bmp
  31 25.848154 -0.289174 -2.674826 -0.632530 -0.612809 -0.473678 0.000000 0.000000
  3 25.776943 -0.253924 -2.418065 -0.487664 -0.869419 -0.079335 0.000000 0.000000
  3 25.700932 -0.146617 -2.569747 -0.490634 -0.762439 -0.421859 0.000000 0.000000
rubbergloveCHROME.bmp
  3 25.700932 -0.146617 -2.569747 -0.490634 -0.762439 -0.421859 0.000000 0.000000
  3 25.776943 -0.253924 -2.418065 -0.487664 -0.869419 -0.079335 0.000000 0.000000
  3 25.486864 -0.163192 -2.454421 -0.462338 -0.865526 -0.192634 0.000000 0.000000
rubbergloveCHROME.bmp
  3 25.776943 -0.253924 -2.418065 -0.487664 -0.869419 -0.079335 0.000000 0.000000
  3 25.553409 -0.200042 -2.122888 -0.397056 -0.913570 0.087957 0.000000 0.000000
  3 25.486864 -0.163192 -2.454421 -0.462338 -0.865526 -0.192634 0.000000 0.000000
rubbergloveCHROME.bmp
  3 25.486864 -0.163192 -2.454421 -0.462338 -0.865526 -0.192634 0.000000 0.000000
  3 25.553409 -0.200042 -2.122888 -0.397056 -0.913570 0.087957 0.000000 0.000000
  3 25.282592 0.055555 -2.008750 -0.663207 -0.736220 0.134674 0.000000 0.000000
rubbergloveCHROME.bmp
  28 27.415116 -0.312560 -2.117714 -0.112093 -0.011255 -0.993634 0.000000 0.000000
  28 27.218037 -0.375294 -2.122637 -0.061942 0.145713 -0.987386 0.000000 0.000000
  28 27.274678 -0.223161 -2.063077 -0.126897 0.118432 -0.984820 0.000000 0.000000
rubbergloveCHROME.bmp
  28 27.274678 -0.223161 -2.063077 -0.126897 0.118432 -0.984820 0.000000 0.000000
  28 27.218037 -0.375294 -2.122637 -0.061942 0.145713 -0.987386 0.000000 0.000000
  28 27.053431 -0.168088 -2.114231 0.049496 0.141566 -0.988691 0.000000 0.000000
rubbergloveCHROME.bmp
  28 27.218037 -0.375294 -2.122637 -0.061942 0.145713 -0.987386 0.000000 0.000000
  28 26.774247 -0.413667 -2.027359 -0.274176 -0.120588 -0.954089 0.000000 0.000000
  28 27.053431 -0.168088 -2.114231 0.049496 0.141566 -0.988691 0.000000 0.000000
rubbergloveCHROME.bmp
  28 27.053431 -0.168088 -2.114231 0.049496 0.141566 -0.988691 0.000000 0.000000
  28 26.774247 -0.413667 -2.027359 -0.274176 -0.120588 -0.954089 0.000000 0.000000
  28 26.850646 -0.020915 -2.087431 -0.050195 -0.003839 -0.998732 0.000000 0.000000
rubbergloveCHROME.bmp
  28 26.774247 -0.413667 -2.027359 -0.274176 -0.120588 -0.954089 0.000000 0.000000
  28 26.605075 -0.338550 -1.981115 -0.246573 -0.351115 -0.903283 0.000000 0.000000
  28 26.850646 -0.020915 -2.087431 -0.050195 -0.003839 -0.998732 0.000000 0.000000
rubbergloveCHROME.bmp
  28 26.850646 -0.020915 -2.087431 -0.050195 -0.003839 -0.998732 0.000000 0.000000
  28 26.605075 -0.338550 -1.981115 -0.246573 -0.351115 -0.903283 0.000000 0.000000
  3 26.487165 -0.289935 -2.002387 -0.016898 -0.422475 -0.906217 0.000000 0.000000
rubbergloveCHROME.bmp
  28 26.605075 -0.338550 -1.981115 -0.246573 -0.351115 -0.903283 0.000000 0.000000
  3 26.463836 -0.376753 -1.922898 -0.224435 -0.529889 -0.817831 0.000000 0.000000
  3 26.487165 -0.289935 -2.002387 -0.016898 -0.422475 -0.906217 0.000000 0.000000
rubbergloveCHROME.bmp
  3 26.487165 -0.289935 -2.002387 -0.016898 -0.422475 -0.906217 0.000000 0.000000
  3 26.463836 -0.376753 -1.922898 -0.224435 -0.529889 -0.817831 0.000000 0.000000
  3 26.337195 -0.386681 -1.935683 -0.023047 -0.589248 -0.807623 0.000000 0.000000
rubbergloveCHROME.bmp
  3 27.261434 0.332423 -1.035031 0.491838 -0.077690 -0.867214 0.000000 0.000000
  25 27.362443 0.056558 -1.081863 0.228430 0.291474 -0.928904 0.000000 0.000000
  25 27.186148 0.039973 -1.100440 0.175963 0.152797 -0.972466 0.000000 0.000000
rubbergloveCHROME.bmp
  25 27.186148 0.039973 -1.100440 0.175963 0.152797 -0.972466 0.000000 0.000000
  25 27.362443 0.056558 -1.081863 0.228430 0.291474 -0.928904 0.000000 0.000000
  25 27.288725 -0.024758 -1.122526 0.152429 0.238678 -0.959061 0.000000 0.000000
rubbergloveCHROME.bmp
  25 27.362443 0.056558 -1.081863 0.228430 0.291474 -0.928904 0.000000 0.000000
  25 27.522493 -0.140544 -1.046723 0.262534 0.204176 -0.943074 0.000000 0.000000
  25 27.288725 -0.024758 -1.122526 0.152429 0.238678 -0.959061 0.000000 0.000000
rubbergloveCHROME.bmp
  25 27.288725 -0.024758 -1.122526 0.152429 0.238678 -0.959061 0.000000 0.000000
  25 27.522493 -0.140544 -1.046723 0.262534 0.204176 -0.943074 0.000000 0.000000
  25 27.442509 -0.242758 -1.127684 0.175963 0.152797 -0.972466 0.000000 0.000000
rubbergloveCHROME.bmp
  25 27.522493 -0.140544 -1.046723 0.262534 0.204176 -0.943074 0.000000 0.000000
  25 27.624008 -0.311723 -1.060589 0.262534 0.204176 -0.943074 0.000000 0.000000
  25 27.442509 -0.242758 -1.127684 0.175963 0.152797 -0.972466 0.000000 0.000000
rubbergloveCHROME.bmp
  25 27.442509 -0.242758 -1.127684 0.175963 0.152797 -0.972466 0.000000 0.000000
  25 27.624008 -0.311723 -1.060589 0.262534 0.204176 -0.943074 0.000000 0.000000
  25 27.639341 -0.472341 -1.143456 0.192768 0.225488 -0.954985 0.000000 0.000000
rubbergloveCHROME.bmp
  25 27.624008 -0.311723 -1.060589 0.262534 0.204176 -0.943074 0.000000 0.000000
  25 27.751499 -0.439139 -1.063968 0.192768 0.225488 -0.954985 0.000000 0.000000
  25 27.639341 -0.472341 -1.143456 0.192768 0.225488 -0.954985 0.000000 0.000000
rubbergloveCHROME.bmp
  25 27.639341 -0.472341 -1.143456 0.192768 0.225488 -0.954985 0.000000 0.000000
  25 27.751499 -0.439139 -1.063968 0.192768 0.225488 -0.954985 0.000000 0.000000
  25 27.882040 -0.622858 -1.078326 0.262534 0.204176 -0.943074 0.000000 0.000000
rubbergloveCHROME.bmp
  22 27.537455 -0.546359 1.158063 0.211380 0.264317 0.940986 0.000000 0.000000
  22 27.636696 -0.430132 1.039984 0.545461 0.496512 0.675239 0.000000 0.000000
  22 27.438790 -0.474492 1.158581 0.114581 0.147396 0.982418 0.000000 0.000000
rubbergloveCHROME.bmp
  22 27.438790 -0.474492 1.158581 0.114581 0.147396 0.982418 0.000000 0.000000
  22 27.636696 -0.430132 1.039984 0.545461 0.496512 0.675239 0.000000 0.000000
  22 27.606746 -0.323368 0.986092 0.597239 0.074361 0.798609 0.000000 0.000000
rubbergloveCHROME.bmp
  22 27.636696 -0.430132 1.039984 0.545461 0.496512 0.675239 0.000000 0.000000
  22 27.721194 -0.418713 0.878337 0.726076 0.470331 0.501600 0.000000 0.000000
  22 27.606746 -0.323368 0.986092 0.597239 0.074361 0.798609 0.000000 0.000000
rubbergloveCHROME.bmp
  22 27.606746 -0.323368 0.986092 0.597239 0.074361 0.798609 0.000000 0.000000
  22 27.721194 -0.418713 0.878337 0.726076 0.470331 0.501600 0.000000 0.000000
  22 27.711894 -0.384141 0.874062 0.747700 -0.301653 0.591566 0.000000 0.000000
rubbergloveCHROME.bmp
  22 27.721194 -0.418713 0.878337 0.726076 0.470331 0.501600 0.000000 0.000000
  22 27.790359 -0.407529 0.724743 0.821966 0.416412 0.388553 0.000000 0.000000
  22 27.711894 -0.384141 0.874062 0.747700 -0.301653 0.591566 0.000000 0.000000
rubbergloveCHROME.bmp
  22 27.711894 -0.384141 0.874062 0.747700 -0.301653 0.591566 0.000000 0.000000
  22 27.790359 -0.407529 0.724743 0.821966 0.416412 0.388553 0.000000 0.000000
  22 27.795537 -0.399101 0.734850 0.880786 -0.396715 0.258523 0.000000 0.000000
rubbergloveCHROME.bmp
  22 27.790359 -0.407529 0.724743 0.821966 0.416412 0.388553 0.000000 0.000000
  22 27.827437 -0.355533 0.573344 0.943046 0.284016 0.173205 0.000000 0.000000
  22 27.795537 -0.399101 0.734850 0.880786 -0.396715 0.258523 0.000000 0.000000
rubbergloveCHROME.bmp
  22 27.795537 -0.399101 0.734850 0.880786 -0.396715 0.258523 0.000000 0.000000
  22 27.827437 -0.355533 0.573344 0.943046 0.284016 0.173205 0.000000 0.000000
  22 27.816359 -0.333294 0.590157 0.961962 -0.257211 -0.092043 0.000000 0.000000
rubbergloveCHROME.bmp
  22 27.574547 -0.787027 1.072604 -0.019928 -0.074336 0.997034 0.000000 0.000000
  23 27.624782 -0.717533 1.113965 -0.264866 -0.074192 0.961427 0.000000 0.000000
  22 27.545163 -0.747929 1.055057 -0.092085 -0.285248 0.954020 0.000000 0.000000
rubbergloveCHROME.bmp
  22 27.545163 -0.747929 1.055057 -0.092085 -0.285248 0.954020 0.000000 0.000000
  23 27.624782 -0.717533 1.113965 -0.264866 -0.074192 0.961427 0.000000 0.000000
  22 27.610501 -0.675746 1.169164 0.173425 -0.331706 0.927305 0.000000 0.000000
rubbergloveCHROME.bmp
  23 27.624782 -0.717533 1.113965 -0.264866 -0.074192 0.961427 0.000000 0.000000
  23 27.731167 -0.594301 1.016516 0.465894 0.499568 0.730325 0.000000 0.000000
  22 27.610501 -0.675746 1.169164 0.173425 -0.331706 0.927305 0.000000 0.000000
rubbergloveCHROME.bmp
  22 27.610501 -0.675746 1.169164 0.173425 -0.331706 0.927305 0.000000 0.000000
  23 27.731167 -0.594301 1.016516 0.465894 0.499568 0.730325 0.000000 0.000000
  22 27.683556 -0.549374 1.026360 0.681054 0.280261 0.676476 0.000000 0.000000
rubbergloveCHROME.bmp
  23 27.731167 -0.594301 1.016516 0.465894 0.499568 0.730325 0.000000 0.000000
  23 27.804372 -0.561137 0.881827 0.614763 0.629602 0.475044 0.000000 0.000000
  22 27.683556 -0.549374 1.026360 0.681054 0.280261 0.676476 0.000000 0.000000
rubbergloveCHROME.bmp
  22 27.683556 -0.549374 1.026360 0.681054 0.280261 0.676476 0.000000 0.000000
  23 27.804372 -0.561137 0.881827 0.614763 0.629602 0.475044 0.000000 0.000000
  22 27.798424 -0.485196 0.874418 0.767958 0.467292 0.438040 0.000000 0.000000
rubbergloveCHROME.bmp
  23 27.804372 -0.561137 0.881827 0.614763 0.629602 0.475044 0.000000 0.000000
  23 27.857641 -0.522902 0.733839 0.768824 0.541886 0.339513 0.000000 0.000000
  22 27.798424 -0.485196 0.874418 0.767958 0.467292 0.438040 0.000000 0.000000
rubbergloveCHROME.bmp
  22 27.798424 -0.485196 0.874418 0.767958 0.467292 0.438040 0.000000 0.000000
  23 27.857641 -0.522902 0.733839 0.768824 0.541886 0.339513 0.000000 0.000000
  22 27.857435 -0.465822 0.738984 0.816872 0.479382 0.320799 0.000000 0.000000
rubbergloveCHROME.bmp
  23 27.737125 -0.860595 1.131632 0.090269 -0.403975 0.910305 0.000000 0.000000
  23 27.822544 -0.761099 1.094159 0.674899 0.082055 0.733334 0.000000 0.000000
  23 27.649872 -0.741626 1.149882 -0.204020 0.119607 0.971633 0.000000 0.000000
rubbergloveCHROME.bmp
  23 27.649872 -0.741626 1.149882 -0.204020 0.119607 0.971633 0.000000 0.000000
  23 27.822544 -0.761099 1.094159 0.674899 0.082055 0.733334 0.000000 0.000000
  23 27.731487 -0.623965 1.079919 0.226737 0.616842 0.753721 0.000000 0.000000
rubbergloveCHROME.bmp
  23 27.822544 -0.761099 1.094159 0.674899 0.082055 0.733334 0.000000 0.000000
  23 27.939313 -0.699294 0.942683 0.851419 0.105222 0.513822 0.000000 0.000000
  23 27.731487 -0.623965 1.079919 0.226737 0.616842 0.753721 0.000000 0.000000
rubbergloveCHROME.bmp
  23 27.731487 -0.623965 1.079919 0.226737 0.616842 0.753721 0.000000 0.000000
  23 27.939313 -0.699294 0.942683 0.851419 0.105222 0.513822 0.000000 0.000000
  23 27.876259 -0.560682 0.932147 0.501419 0.724812 0.472468 0.000000 0.000000
rubbergloveCHROME.bmp
  23 27.939313 -0.699294 0.942683 0.851419 0.105222 0.513822 0.000000 0.000000
  23 27.981854 -0.677583 0.774400 0.885904 0.266537 0.379648 0.000000 0.000000
  23 27.876259 -0.560682 0.932147 0.501419 0.724812 0.472468 0.000000 0.000000
rubbergloveCHROME.bmp
  23 27.876259 -0.560682 0.932147 0.501419 0.724812 0.472468 0.000000 0.000000
  23 27.981854 -0.677583 0.774400 0.885904 0.266537 0.379648 0.000000 0.000000
  23 27.917448 -0.538114 0.773736 0.495998 0.825918 0.268040 0.000000 0.000000
rubbergloveCHROME.bmp
  23 27.981854 -0.677583 0.774400 0.885904 0.266537 0.379648 0.000000 0.000000
  23 27.982664 -0.534879 0.549378 0.600952 0.780174 0.173739 0.000000 0.000000
  23 27.917448 -0.538114 0.773736 0.495998 0.825918 0.268040 0.000000 0.000000
rubbergloveCHROME.bmp
  23 27.917448 -0.538114 0.773736 0.495998 0.825918 0.268040 0.000000 0.000000
  23 27.982664 -0.534879 0.549378 0.600952 0.780174 0.173739 0.000000 0.000000
  23 27.896738 -0.524381 0.546838 0.761284 0.615330 0.204488 0.000000 0.000000
rubbergloveCHROME.bmp
  23 27.695349 -0.954831 1.053055 0.128688 -0.084704 0.988061 0.000000 0.000000
  23 27.809300 -0.856238 1.070217 0.485504 0.066567 0.871697 0.000000 0.000000
  23 27.737125 -0.860595 1.131632 0.090269 -0.403975 0.910305 0.000000 0.000000
rubbergloveCHROME.bmp
  23 27.737125 -0.860595 1.131632 0.090269 -0.403975 0.910305 0.000000 0.000000
  23 27.809300 -0.856238 1.070217 0.485504 0.066567 0.871697 0.000000 0.000000
  23 27.822544 -0.761099 1.094159 0.674899 0.082055 0.733334 0.000000 0.000000
rubbergloveCHROME.bmp
  23 27.809300 -0.856238 1.070217 0.485504 0.066567 0.871697 0.000000 0.000000
  23 27.915302 -0.799265 0.948079 0.835972 0.239661 0.493674 0.000000 0.000000
  23 27.822544 -0.761099 1.094159 0.674899 0.082055 0.733334 0.000000 0.000000
rubbergloveCHROME.bmp
  23 27.822544 -0.761099 1.094159 0.674899 0.082055 0.733334 0.000000 0.000000
  23 27.915302 -0.799265 0.948079 0.835972 0.239661 0.493674 0.000000 0.000000
  23 27.939313 -0.699294 0.942683 0.851419 0.105222 0.513822 0.000000 0.000000
rubbergloveCHROME.bmp
  23 27.915302 -0.799265 0.948079 0.835972 0.239661 0.493674 0.000000 0.000000
  23 27.981830 -0.785197 0.763482 0.921060 0.081879 0.380716 0.000000 0.000000
  23 27.939313 -0.699294 0.942683 0.851419 0.105222 0.513822 0.000000 0.000000
rubbergloveCHROME.bmp
  23 27.939313 -0.699294 0.942683 0.851419 0.105222 0.513822 0.000000 0.000000
  23 27.981830 -0.785197 0.763482 0.921060 0.081879 0.380716 0.000000 0.000000
  23 27.981854 -0.677583 0.774400 0.885904 0.266537 0.379648 0.000000 0.000000
rubbergloveCHROME.bmp
  23 27.981830 -0.785197 0.763482 0.921060 0.081879 0.380716 0.000000 0.000000
  23 28.056448 -0.656967 0.580208 0.940801 0.191601 0.279611 0.000000 0.000000
  23 27.981854 -0.677583 0.774400 0.885904 0.266537 0.379648 0.000000 0.000000
rubbergloveCHROME.bmp
  23 27.981854 -0.677583 0.774400 0.885904 0.266537 0.379648 0.000000 0.000000
  23 28.056448 -0.656967 0.580208 0.940801 0.191601 0.279611 0.000000 0.000000
  23 27.982664 -0.534879 0.549378 0.600952 0.780174 0.173739 0.000000 0.000000
rubbergloveCHROME.bmp
  3 27.232577 0.268167 0.184616 0.868069 -0.060696 -0.492720 0.000000 0.000000
  22 27.294361 0.102091 0.217521 0.573608 0.331263 -0.749159 0.000000 0.000000
  3 27.242274 0.169493 0.094786 0.981707 -0.044479 -0.185130 0.000000 0.000000
rubbergloveCHROME.bmp
  3 27.242274 0.169493 0.094786 0.981707 -0.044479 -0.185130 0.000000 0.000000
  22 27.294361 0.102091 0.217521 0.573608 0.331263 -0.749159 0.000000 0.000000
  22 27.323861 -0.051243 0.082917 0.441001 0.294257 -0.847898 0.000000 0.000000
rubbergloveCHROME.bmp
  22 27.294361 0.102091 0.217521 0.573608 0.331263 -0.749159 0.000000 0.000000
  22 27.534002 -0.131075 0.219912 0.441001 0.294257 -0.847898 0.000000 0.000000
  22 27.323861 -0.051243 0.082917 0.441001 0.294257 -0.847898 0.000000 0.000000
rubbergloveCHROME.bmp
  22 27.323861 -0.051243 0.082917 0.441001 0.294257 -0.847898 0.000000 0.000000
  22 27.534002 -0.131075 0.219912 0.441001 0.294257 -0.847898 0.000000 0.000000
  22 27.463059 -0.224875 0.106914 0.431478 0.244646 -0.868317 0.000000 0.000000
rubbergloveCHROME.bmp
  22 27.534002 -0.131075 0.219912 0.441001 0.294257 -0.847898 0.000000 0.000000
  22 27.616348 -0.295034 0.235289 0.554269 0.175541 -0.813616 0.000000 0.000000
  22 27.463059 -0.224875 0.106914 0.431478 0.244646 -0.868317 0.000000 0.000000
rubbergloveCHROME.bmp
  22 27.463059 -0.224875 0.106914 0.431478 0.244646 -0.868317 0.000000 0.000000
  22 27.616348 -0.295034 0.235289 0.554269 0.175541 -0.813616 0.000000 0.000000
  22 27.605524 -0.467888 0.147514 0.532563 0.335194 -0.777188 0.000000 0.000000
rubbergloveCHROME.bmp
  22 27.616348 -0.295034 0.235289 0.554269 0.175541 -0.813616 0.000000 0.000000
  22 27.660933 -0.399371 0.230190 0.488113 0.290881 -0.822881 0.000000 0.000000
  22 27.605524 -0.467888 0.147514 0.532563 0.335194 -0.777188 0.000000 0.000000
rubbergloveCHROME.bmp
  22 27.605524 -0.467888 0.147514 0.532563 0.335194 -0.777188 0.000000 0.000000
  22 27.660933 -0.399371 0.230190 0.488113 0.290881 -0.822881 0.000000 0.000000
  22 27.704594 -0.489661 0.223745 0.467992 0.491638 -0.734354 0.000000 0.000000
rubbergloveCHROME.bmp
  21 25.514577 -0.926990 2.106381 -0.574718 -0.143495 0.805672 0.000000 0.000000
  21 25.491419 -0.632671 2.100065 -0.307761 -0.055074 0.949868 0.000000 0.000000
  21 25.343699 -0.790986 2.040778 -0.574397 -0.200825 0.793560 0.000000 0.000000
rubbergloveCHROME.bmp
  21 25.343699 -0.790986 2.040778 -0.574397 -0.200825 0.793560 0.000000 0.000000
  21 25.491419 -0.632671 2.100065 -0.307761 -0.055074 0.949868 0.000000 0.000000
  20 25.218843 -0.649255 1.985187 -0.588042 -0.270506 0.762255 0.000000 0.000000
rubbergloveCHROME.bmp
  21 25.491419 -0.632671 2.100065 -0.307761 -0.055074 0.949868 0.000000 0.000000
  20 25.335793 -0.469576 2.087842 -0.257649 -0.149490 0.954604 0.000000 0.000000
  20 25.218843 -0.649255 1.985187 -0.588042 -0.270506 0.762255 0.000000 0.000000
rubbergloveCHROME.bmp
  20 25.218843 -0.649255 1.985187 -0.588042 -0.270506 0.762255 0.000000 0.000000
  20 25.335793 -0.469576 2.087842 -0.257649 -0.149490 0.954604 0.000000 0.000000
  20 25.087862 -0.512543 1.945771 -0.694868 -0.241103 0.677516 0.000000 0.000000
rubbergloveCHROME.bmp
  20 25.335793 -0.469576 2.087842 -0.257649 -0.149490 0.954604 0.000000 0.000000
  20 25.239885 -0.335456 2.105550 -0.458190 0.019010 0.888651 0.000000 0.000000
  20 25.087862 -0.512543 1.945771 -0.694868 -0.241103 0.677516 0.000000 0.000000
rubbergloveCHROME.bmp
  20 25.087862 -0.512543 1.945771 -0.694868 -0.241103 0.677516 0.000000 0.000000
  20 25.239885 -0.335456 2.105550 -0.458190 0.019010 0.888651 0.000000 0.000000
  20 25.138034 -0.237235 2.018492 -0.527451 0.017408 0.849407 0.000000 0.000000
rubbergloveCHROME.bmp
  20 25.239885 -0.335456 2.105550 -0.458190 0.019010 0.888651 0.000000 0.000000
  20 25.359689 -0.051082 2.051902 -0.246509 0.363805 0.898264 0.000000 0.000000
  20 25.138034 -0.237235 2.018492 -0.527451 0.017408 0.849407 0.000000 0.000000
rubbergloveCHROME.bmp
  21 25.947932 -0.528455 1.261175 0.480051 -0.042732 -0.876199 0.000000 0.000000
  21 26.182496 -0.495530 1.428793 0.640345 0.050709 -0.766411 0.000000 0.000000
  21 26.075696 -0.684294 1.352230 0.494801 -0.176398 -0.850915 0.000000 0.000000
rubbergloveCHROME.bmp
  21 25.947932 -0.528455 1.261175 0.480051 -0.042732 -0.876199 0.000000 0.000000
  21 26.023518 -0.344650 1.347791 0.498294 0.216872 -0.839446 0.000000 0.000000
  21 26.182496 -0.495530 1.428793 0.640345 0.050709 -0.766411 0.000000 0.000000
rubbergloveCHROME.bmp
  21 25.947932 -0.528455 1.261175 0.480051 -0.042732 -0.876199 0.000000 0.000000
  20 25.871052 -0.214941 1.296351 0.617425 0.186937 -0.764095 0.000000 0.000000
  21 26.023518 -0.344650 1.347791 0.498294 0.216872 -0.839446 0.000000 0.000000
rubbergloveCHROME.bmp
  21 25.947932 -0.528455 1.261175 0.480051 -0.042732 -0.876199 0.000000 0.000000
  20 25.779229 -0.371623 1.144301 0.569281 -0.080606 -0.818182 0.000000 0.000000
  20 25.871052 -0.214941 1.296351 0.617425 0.186937 -0.764095 0.000000 0.000000
rubbergloveCHROME.bmp
  21 25.947932 -0.528455 1.261175 0.480051 -0.042732 -0.876199 0.000000 0.000000
  21 25.669491 -0.577678 1.128331 0.371874 -0.322153 -0.870590 0.000000 0.000000
  20 25.779229 -0.371623 1.144301 0.569281 -0.080606 -0.818182 0.000000 0.000000
rubbergloveCHROME.bmp
  21 25.947932 -0.528455 1.261175 0.480051 -0.042732 -0.876199 0.000000 0.000000
  21 25.794965 -0.722903 1.247352 0.311576 -0.353185 -0.882146 0.000000 0.000000
  21 25.669491 -0.577678 1.128331 0.371874 -0.322153 -0.870590 0.000000 0.000000
rubbergloveCHROME.bmp
  21 25.947932 -0.528455 1.261175 0.480051 -0.042732 -0.876199 0.000000 0.000000
  21 26.075696 -0.684294 1.352230 0.494801 -0.176398 -0.850915 0.000000 0.000000
  21 25.794965 -0.722903 1.247352 0.311576 -0.353185 -0.882146 0.000000 0.000000
rubbergloveCHROME.bmp
  3 25.759216 -0.125174 -0.778032 -0.729801 -0.653440 0.201014 0.000000 0.000000
  3 25.620328 -0.157835 -1.121170 -0.714905 -0.654612 0.245753 0.000000 0.000000
  3 25.987407 -0.419842 -1.073158 -0.426847 -0.875060 0.228191 0.000000 0.000000
rubbergloveCHROME.bmp
  3 25.987407 -0.419842 -1.073158 -0.426847 -0.875060 0.228191 0.000000 0.000000
  3 25.620328 -0.157835 -1.121170 -0.714905 -0.654612 0.245753 0.000000 0.000000
  3 25.900946 -0.434019 -1.285109 -0.500356 -0.855153 0.135490 0.000000 0.000000
rubbergloveCHROME.bmp
  3 25.620328 -0.157835 -1.121170 -0.714905 -0.654612 0.245753 0.000000 0.000000
  3 25.758193 -0.346302 -1.558289 -0.605033 -0.795252 -0.038858 0.000000 0.000000
  3 25.900946 -0.434019 -1.285109 -0.500356 -0.855153 0.135490 0.000000 0.000000
rubbergloveCHROME.bmp
  3 25.900946 -0.434019 -1.285109 -0.500356 -0.855153 0.135490 0.000000 0.000000
  3 25.758193 -0.346302 -1.558289 -0.605033 -0.795252 -0.038858 0.000000 0.000000
  3 26.092212 -0.511795 -1.641014 -0.289790 -0.950620 -0.111096 0.000000 0.000000
rubbergloveCHROME.bmp
  3 25.758193 -0.346302 -1.558289 -0.605033 -0.795252 -0.038858 0.000000 0.000000
  3 25.999137 -0.455487 -1.803084 -0.357832 -0.868518 -0.342976 0.000000 0.000000
  3 26.092212 -0.511795 -1.641014 -0.289790 -0.950620 -0.111096 0.000000 0.000000
rubbergloveCHROME.bmp
  3 26.092212 -0.511795 -1.641014 -0.289790 -0.950620 -0.111096 0.000000 0.000000
  3 25.999137 -0.455487 -1.803084 -0.357832 -0.868518 -0.342976 0.000000 0.000000
  3 26.164867 -0.463928 -1.889470 -0.060222 -0.770451 -0.634649 0.000000 0.000000
rubbergloveCHROME.bmp
  3 25.999137 -0.455487 -1.803084 -0.357832 -0.868518 -0.342976 0.000000 0.000000
  3 26.065624 -0.351241 -1.971643 0.038747 -0.873424 -0.485417 0.000000 0.000000
  3 26.164867 -0.463928 -1.889470 -0.060222 -0.770451 -0.634649 0.000000 0.000000
rubbergloveCHROME.bmp
  19 25.026039 0.038472 0.367478 0.034429 -0.925904 -0.376187 0.000000 0.000000
  19 24.818509 -0.056427 0.707663 -0.097770 -0.963903 -0.247654 0.000000 0.000000
  19 24.706352 -0.034024 0.551718 -0.097770 -0.963903 -0.247654 0.000000 0.000000
rubbergloveCHROME.bmp
  19 24.706352 -0.034024 0.551718 -0.097770 -0.963903 -0.247654 0.000000 0.000000
  19 24.818509 -0.056427 0.707663 -0.097770 -0.963903 -0.247654 0.000000 0.000000
  19 24.326426 -0.012268 0.813984 -0.334453 -0.923075 -0.189932 0.000000 0.000000
rubbergloveCHROME.bmp
  19 24.818509 -0.056427 0.707663 -0.097770 -0.963903 -0.247654 0.000000 0.000000
  19 24.449474 -0.083833 0.989020 -0.275310 -0.957792 -0.082703 0.000000 0.000000
  19 24.326426 -0.012268 0.813984 -0.334453 -0.923075 -0.189932 0.000000 0.000000
rubbergloveCHROME.bmp
  19 24.326426 -0.012268 0.813984 -0.334453 -0.923075 -0.189932 0.000000 0.000000
  19 24.449474 -0.083833 0.989020 -0.275310 -0.957792 -0.082703 0.000000 0.000000
  19 24.125890 0.057547 1.040062 -0.642994 -0.755892 0.123232 0.000000 0.000000
rubbergloveCHROME.bmp
  19 24.449474 -0.083833 0.989020 -0.275310 -0.957792 -0.082703 0.000000 0.000000
  19 24.361668 -0.042817 1.202345 -0.502787 -0.830207 0.240754 0.000000 0.000000
  19 24.125890 0.057547 1.040062 -0.642994 -0.755892 0.123232 0.000000 0.000000
rubbergloveCHROME.bmp
  19 24.125890 0.057547 1.040062 -0.642994 -0.755892 0.123232 0.000000 0.000000
  19 24.361668 -0.042817 1.202345 -0.502787 -0.830207 0.240754 0.000000 0.000000
  19 24.207074 0.212413 1.266834 -0.753717 -0.582360 0.304578 0.000000 0.000000
rubbergloveCHROME.bmp
  19 24.361668 -0.042817 1.202345 -0.502787 -0.830207 0.240754 0.000000 0.000000
  19 24.367504 0.046984 1.372644 -0.644044 -0.732066 0.222006 0.000000 0.000000
  19 24.207074 0.212413 1.266834 -0.753717 -0.582360 0.304578 0.000000 0.000000
rubbergloveCHROME.bmp
  20 24.580602 -0.122483 1.270093 -0.426378 -0.898992 0.100075 0.000000 0.000000
  20 24.660754 -0.145403 1.081545 -0.373040 -0.908343 -0.189088 0.000000 0.000000
  20 24.710390 -0.184645 1.303122 -0.646987 -0.762416 0.011371 0.000000 0.000000
rubbergloveCHROME.bmp
  20 24.580602 -0.122483 1.270093 -0.426378 -0.898992 0.100075 0.000000 0.000000
  19 24.449474 -0.083833 0.989020 -0.275310 -0.957792 -0.082703 0.000000 0.000000
  20 24.660754 -0.145403 1.081545 -0.373040 -0.908343 -0.189088 0.000000 0.000000
rubbergloveCHROME.bmp
  20 24.580602 -0.122483 1.270093 -0.426378 -0.898992 0.100075 0.000000 0.000000
  19 24.361668 -0.042817 1.202345 -0.502787 -0.830207 0.240754 0.000000 0.000000
  19 24.449474 -0.083833 0.989020 -0.275310 -0.957792 -0.082703 0.000000 0.000000
rubbergloveCHROME.bmp
  20 24.580602 -0.122483 1.270093 -0.426378 -0.898992 0.100075 0.000000 0.000000
  19 24.367504 0.046984 1.372644 -0.644044 -0.732066 0.222006 0.000000 0.000000
  19 24.361668 -0.042817 1.202345 -0.502787 -0.830207 0.240754 0.000000 0.000000
rubbergloveCHROME.bmp
  20 24.580602 -0.122483 1.270093 -0.426378 -0.898992 0.100075 0.000000 0.000000
  20 24.517922 -0.058469 1.434024 -0.561343 -0.821452 0.100555 0.000000 0.000000
  19 24.367504 0.046984 1.372644 -0.644044 -0.732066 0.222006 0.000000 0.000000
rubbergloveCHROME.bmp
  20 24.580602 -0.122483 1.270093 -0.426378 -0.898992 0.100075 0.000000 0.000000
  20 24.704313 -0.170569 1.468545 -0.625019 -0.777946 0.064429 0.000000 0.000000
  20 24.517922 -0.058469 1.434024 -0.561343 -0.821452 0.100555 0.000000 0.000000
rubbergloveCHROME.bmp
  20 24.580602 -0.122483 1.270093 -0.426378 -0.898992 0.100075 0.000000 0.000000
  20 24.710390 -0.184645 1.303122 -0.646987 -0.762416 0.011371 0.000000 0.000000
  20 24.704313 -0.170569 1.468545 -0.625019 -0.777946 0.064429 0.000000 0.000000
rubbergloveCHROME.bmp
  20 25.087013 -0.236089 0.976765 -0.120205 -0.706736 -0.697190 0.000000 0.000000
  20 25.260126 -0.356216 1.045334 -0.148118 -0.504351 -0.850700 0.000000 0.000000
  20 25.044850 -0.462893 1.218182 -0.546833 -0.683906 -0.482956 0.000000 0.000000
rubbergloveCHROME.bmp
  20 25.044850 -0.462893 1.218182 -0.546833 -0.683906 -0.482956 0.000000 0.000000
  20 25.260126 -0.356216 1.045334 -0.148118 -0.504351 -0.850700 0.000000 0.000000
  20 25.138066 -0.576271 1.192565 -0.535550 -0.610546 -0.583455 0.000000 0.000000
rubbergloveCHROME.bmp
  20 25.260126 -0.356216 1.045334 -0.148118 -0.504351 -0.850700 0.000000 0.000000
  20 25.370399 -0.502957 1.065498 -0.179137 -0.398963 -0.899299 0.000000 0.000000
  20 25.138066 -0.576271 1.192565 -0.535550 -0.610546 -0.583455 0.000000 0.000000
rubbergloveCHROME.bmp
  20 25.138066 -0.576271 1.192565 -0.535550 -0.610546 -0.583455 0.000000 0.000000
  20 25.370399 -0.502957 1.065498 -0.179137 -0.398963 -0.899299 0.000000 0.000000
  20 25.292620 -0.716844 1.213831 -0.430584 -0.645187 -0.631135 0.000000 0.000000
rubbergloveCHROME.bmp
  20 25.370399 -0.502957 1.065498 -0.179137 -0.398963 -0.899299 0.000000 0.000000
  21 25.517581 -0.724835 1.161011 0.001651 -0.546107 -0.837714 0.000000 0.000000
  20 25.292620 -0.716844 1.213831 -0.430584 -0.645187 -0.631135 0.000000 0.000000
rubbergloveCHROME.bmp
  20 25.292620 -0.716844 1.213831 -0.430584 -0.645187 -0.631135 0.000000 0.000000
  21 25.517581 -0.724835 1.161011 0.001651 -0.546107 -0.837714 0.000000 0.000000
  21 25.455004 -0.896273 1.349673 -0.239871 -0.729151 -0.640938 0.000000 0.000000
rubbergloveCHROME.bmp
  21 25.517581 -0.724835 1.161011 0.001651 -0.546107 -0.837714 0.000000 0.000000
  21 25.641138 -0.852917 1.262642 0.105223 -0.602080 -0.791472 0.000000 0.000000
  21 25.455004 -0.896273 1.349673 -0.239871 -0.729151 -0.640938 0.000000 0.000000
rubbergloveCHROME.bmp
  1 -23.772867 0.312401 -2.958154 0.188512 -0.219114 -0.957315 0.000000 0.000000
  16 -23.973249 0.115728 -2.971197 0.178872 -0.198008 -0.963742 0.000000 0.000000
  16 -24.020542 0.220734 -2.982911 0.120876 -0.168875 -0.978197 0.000000 0.000000
rubbergloveCHROME.bmp
  16 -24.020542 0.220734 -2.982911 0.120876 -0.168875 -0.978197 0.000000 0.000000
  16 -23.973249 0.115728 -2.971197 0.178872 -0.198008 -0.963742 0.000000 0.000000
  16 -24.226489 0.091096 -2.954986 0.067371 -0.219456 -0.973293 0.000000 0.000000
rubbergloveCHROME.bmp
  16 -23.973249 0.115728 -2.971197 0.178872 -0.198008 -0.963742 0.000000 0.000000
  16 -24.156022 -0.006697 -2.946576 0.072484 -0.166087 -0.983444 0.000000 0.000000
  16 -24.226489 0.091096 -2.954986 0.067371 -0.219456 -0.973293 0.000000 0.000000
rubbergloveCHROME.bmp
  16 -24.226489 0.091096 -2.954986 0.067371 -0.219456 -0.973293 0.000000 0.000000
  16 -24.156022 -0.006697 -2.946576 0.072484 -0.166087 -0.983444 0.000000 0.000000
  16 -24.386072 -0.024781 -2.965284 0.159271 -0.139401 -0.977343 0.000000 0.000000
rubbergloveCHROME.bmp
  16 -24.156022 -0.006697 -2.946576 0.072484 -0.166087 -0.983444 0.000000 0.000000
  16 -24.397597 -0.102274 -2.973153 0.206835 -0.066625 -0.976105 0.000000 0.000000
  16 -24.386072 -0.024781 -2.965284 0.159271 -0.139401 -0.977343 0.000000 0.000000
rubbergloveCHROME.bmp
  16 -24.386072 -0.024781 -2.965284 0.159271 -0.139401 -0.977343 0.000000 0.000000
  16 -24.397597 -0.102274 -2.973153 0.206835 -0.066625 -0.976105 0.000000 0.000000
  16 -24.456833 -0.088603 -2.995609 0.312139 -0.080599 -0.946611 0.000000 0.000000
rubbergloveCHROME.bmp
  16 -24.397597 -0.102274 -2.973153 0.206835 -0.066625 -0.976105 0.000000 0.000000
  16 -24.511093 -0.137091 -2.997780 0.456117 0.053021 -0.888339 0.000000 0.000000
  16 -24.456833 -0.088603 -2.995609 0.312139 -0.080599 -0.946611 0.000000 0.000000
rubbergloveCHROME.bmp
  17 -24.811403 -0.350536 -3.114990 -0.026475 -0.331535 -0.943071 0.000000 0.000000
  16 -24.831125 -0.252731 -3.194775 0.016735 -0.164468 -0.986240 0.000000 0.000000
  17 -24.762833 -0.333982 -3.162602 0.214669 -0.366076 -0.905486 0.000000 0.000000
rubbergloveCHROME.bmp
  17 -24.762833 -0.333982 -3.162602 0.214669 -0.366076 -0.905486 0.000000 0.000000
  16 -24.831125 -0.252731 -3.194775 0.016735 -0.164468 -0.986240 0.000000 0.000000
  16 -24.714616 -0.267475 -3.105846 0.583819 0.106120 -0.804919 0.000000 0.000000
rubbergloveCHROME.bmp
  16 -24.831125 -0.252731 -3.194775 0.016735 -0.164468 -0.986240 0.000000 0.000000
  16 -24.755652 -0.184433 -3.151890 0.445812 0.343423 -0.826627 0.000000 0.000000
  16 -24.714616 -0.267475 -3.105846 0.583819 0.106120 -0.804919 0.000000 0.000000
rubbergloveCHROME.bmp
  16 -24.714616 -0.267475 -3.105846 0.583819 0.106120 -0.804919 0.000000 0.000000
  16 -24.755652 -0.184433 -3.151890 0.445812 0.343423 -0.826627 0.000000 0.000000
  16 -24.672592 -0.242360 -3.058909 0.565048 0.149589 -0.811384 0.000000 0.000000
rubbergloveCHROME.bmp
  16 -24.755652 -0.184433 -3.151890 0.445812 0.343423 -0.826627 0.000000 0.000000
  16 -24.744976 -0.133958 -3.118150 0.096500 0.299642 -0.949159 0.000000 0.000000
  16 -24.672592 -0.242360 -3.058909 0.565048 0.149589 -0.811384 0.000000 0.000000
rubbergloveCHROME.bmp
  16 -24.672592 -0.242360 -3.058909 0.565048 0.149589 -0.811384 0.000000 0.000000
  16 -24.744976 -0.133958 -3.118150 0.096500 0.299642 -0.949159 0.000000 0.000000
  16 -24.673103 -0.109752 -3.105972 0.178872 -0.198008 -0.963742 0.000000 0.000000
rubbergloveCHROME.bmp
  16 -24.744976 -0.133958 -3.118150 0.096500 0.299642 -0.949159 0.000000 0.000000
  16 -24.802016 0.031384 -3.036246 -0.342794 0.362993 -0.866446 0.000000 0.000000
  16 -24.673103 -0.109752 -3.105972 0.178872 -0.198008 -0.963742 0.000000 0.000000
rubbergloveCHROME.bmp
  17 -25.132967 -0.305667 -3.007363 -0.523815 0.621295 -0.582761 0.000000 0.000000
  17 -25.054502 -0.203777 -2.978006 -0.760850 0.218823 -0.610920 0.000000 0.000000
  17 -24.918620 -0.273500 -3.136671 -0.327491 0.038492 -0.944070 0.000000 0.000000
rubbergloveCHROME.bmp
  17 -24.918620 -0.273500 -3.136671 -0.327491 0.038492 -0.944070 0.000000 0.000000
  17 -25.054502 -0.203777 -2.978006 -0.760850 0.218823 -0.610920 0.000000 0.000000
  16 -24.935752 -0.143999 -3.146498 -0.482187 0.193452 -0.854443 0.000000 0.000000
rubbergloveCHROME.bmp
  17 -25.054502 -0.203777 -2.978006 -0.760850 0.218823 -0.610920 0.000000 0.000000
  16 -25.072776 -0.115414 -2.985851 -0.755466 0.164375 -0.634233 0.000000 0.000000
  16 -24.935752 -0.143999 -3.146498 -0.482187 0.193452 -0.854443 0.000000 0.000000
rubbergloveCHROME.bmp
  16 -24.935752 -0.143999 -3.146498 -0.482187 0.193452 -0.854443 0.000000 0.000000
  16 -25.072776 -0.115414 -2.985851 -0.755466 0.164375 -0.634233 0.000000 0.000000
  16 -24.872082 -0.085896 -3.087589 -0.094589 0.664059 -0.741673 0.000000 0.000000
rubbergloveCHROME.bmp
  16 -25.072776 -0.115414 -2.985851 -0.755466 0.164375 -0.634233 0.000000 0.000000
  16 -24.982718 -0.021173 -2.965644 -0.388331 0.767907 -0.509429 0.000000 0.000000
  16 -24.872082 -0.085896 -3.087589 -0.094589 0.664059 -0.741673 0.000000 0.000000
rubbergloveCHROME.bmp
  16 -24.872082 -0.085896 -3.087589 -0.094589 0.664059 -0.741673 0.000000 0.000000
  16 -24.982718 -0.021173 -2.965644 -0.388331 0.767907 -0.509429 0.000000 0.000000
  16 -24.817837 -0.036744 -3.053802 -0.186233 0.617926 -0.763862 0.000000 0.000000
rubbergloveCHROME.bmp
  16 -24.982718 -0.021173 -2.965644 -0.388331 0.767907 -0.509429 0.000000 0.000000
  16 -24.942640 0.015877 -2.906305 -0.542383 0.554973 -0.630735 0.000000 0.000000
  16 -24.817837 -0.036744 -3.053802 -0.186233 0.617926 -0.763862 0.000000 0.000000
rubbergloveCHROME.bmp
  16 -24.735149 0.119076 -2.981120 -0.317842 0.477747 -0.818984 0.000000 0.000000
  16 -24.869794 0.148904 -2.861616 -0.509970 0.655820 -0.556624 0.000000 0.000000
  16 -24.804147 0.193746 -2.878341 -0.488257 0.705823 -0.513243 0.000000 0.000000
rubbergloveCHROME.bmp
  16 -24.735149 0.119076 -2.981120 -0.317842 0.477747 -0.818984 0.000000 0.000000
  16 -24.747771 0.080536 -3.002458 -0.198264 0.561932 -0.803071 0.000000 0.000000
  16 -24.869794 0.148904 -2.861616 -0.509970 0.655820 -0.556624 0.000000 0.000000
rubbergloveCHROME.bmp
  16 -24.735149 0.119076 -2.981120 -0.317842 0.477747 -0.818984 0.000000 0.000000
  16 -24.585841 -0.030596 -3.047494 0.366392 0.110013 -0.923934 0.000000 0.000000
  16 -24.747771 0.080536 -3.002458 -0.198264 0.561932 -0.803071 0.000000 0.000000
rubbergloveCHROME.bmp
  16 -24.735149 0.119076 -2.981120 -0.317842 0.477747 -0.818984 0.000000 0.000000
  16 -24.478155 0.038699 -3.048897 0.093624 0.038509 -0.994863 0.000000 0.000000
  16 -24.585841 -0.030596 -3.047494 0.366392 0.110013 -0.923934 0.000000 0.000000
rubbergloveCHROME.bmp
  16 -24.735149 0.119076 -2.981120 -0.317842 0.477747 -0.818984 0.000000 0.000000
  16 -24.676037 0.253179 -2.939623 -0.376859 0.196133 -0.905267 0.000000 0.000000
  16 -24.478155 0.038699 -3.048897 0.093624 0.038509 -0.994863 0.000000 0.000000
rubbergloveCHROME.bmp
  16 -24.735149 0.119076 -2.981120 -0.317842 0.477747 -0.818984 0.000000 0.000000
  16 -24.794305 0.216539 -2.850347 -0.599724 0.367866 -0.710638 0.000000 0.000000
  16 -24.676037 0.253179 -2.939623 -0.376859 0.196133 -0.905267 0.000000 0.000000
rubbergloveCHROME.bmp
  16 -24.735149 0.119076 -2.981120 -0.317842 0.477747 -0.818984 0.000000 0.000000
  16 -24.804147 0.193746 -2.878341 -0.488257 0.705823 -0.513243 0.000000 0.000000
  16 -24.794305 0.216539 -2.850347 -0.599724 0.367866 -0.710638 0.000000 0.000000
rubbergloveCHROME.bmp
  17 -25.210741 -0.413629 -2.397531 -0.630072 0.275160 0.726152 0.000000 0.000000
  17 -25.402957 -0.446751 -2.514818 -0.726641 0.471634 0.499554 0.000000 0.000000
  17 -25.319191 -0.543700 -2.429470 -0.590155 0.298639 0.750021 0.000000 0.000000
rubbergloveCHROME.bmp
  17 -25.319191 -0.543700 -2.429470 -0.590155 0.298639 0.750021 0.000000 0.000000
  17 -25.402957 -0.446751 -2.514818 -0.726641 0.471634 0.499554 0.000000 0.000000
  17 -25.539564 -0.671566 -2.541212 -0.730845 0.372088 0.572203 0.000000 0.000000
rubbergloveCHROME.bmp
  17 -25.402957 -0.446751 -2.514818 -0.726641 0.471634 0.499554 0.000000 0.000000
  17 -25.554020 -0.609375 -2.742268 -0.840867 0.541214 -0.005502 0.000000 0.000000
  17 -25.539564 -0.671566 -2.541212 -0.730845 0.372088 0.572203 0.000000 0.000000
rubbergloveCHROME.bmp
  17 -25.539564 -0.671566 -2.541212 -0.730845 0.372088 0.572203 0.000000 0.000000
  17 -25.554020 -0.609375 -2.742268 -0.840867 0.541214 -0.005502 0.000000 0.000000
  18 -25.641791 -0.809394 -2.636134 -0.382705 0.848114 0.366386 0.000000 0.000000
rubbergloveCHROME.bmp
  17 -25.554020 -0.609375 -2.742268 -0.840867 0.541214 -0.005502 0.000000 0.000000
  18 -25.638817 -0.769983 -2.763954 -0.443297 0.896015 -0.025374 0.000000 0.000000
  18 -25.641791 -0.809394 -2.636134 -0.382705 0.848114 0.366386 0.000000 0.000000
rubbergloveCHROME.bmp
  18 -25.641791 -0.809394 -2.636134 -0.382705 0.848114 0.366386 0.000000 0.000000
  18 -25.638817 -0.769983 -2.763954 -0.443297 0.896015 -0.025374 0.000000 0.000000
  18 -25.710844 -0.806484 -2.621196 -0.382705 0.848114 0.366386 0.000000 0.000000
rubbergloveCHROME.bmp
  18 -25.638817 -0.769983 -2.763954 -0.443297 0.896015 -0.025374 0.000000 0.000000
  18 -25.700419 -0.762385 -2.809203 -0.535222 0.839877 -0.090247 0.000000 0.000000
  18 -25.710844 -0.806484 -2.621196 -0.382705 0.848114 0.366386 0.000000 0.000000
rubbergloveCHROME.bmp
  16 -24.074721 -0.345587 -2.752813 0.416413 -0.679414 -0.604150 0.000000 0.000000
  16 -23.867290 -0.239736 -2.701164 0.583480 -0.595667 -0.552026 0.000000 0.000000
  16 -24.072124 -0.408990 -2.691385 0.316278 -0.620931 -0.717226 0.000000 0.000000
rubbergloveCHROME.bmp
  16 -24.072124 -0.408990 -2.691385 0.316278 -0.620931 -0.717226 0.000000 0.000000
  16 -23.867290 -0.239736 -2.701164 0.583480 -0.595667 -0.552026 0.000000 0.000000
  16 -23.829700 -0.286394 -2.690678 0.632531 -0.612799 -0.473690 0.000000 0.000000
rubbergloveCHROME.bmp
  16 -23.867290 -0.239736 -2.701164 0.583480 -0.595667 -0.552026 0.000000 0.000000
  1 -23.693560 -0.140074 -2.579899 0.490634 -0.762438 -0.421861 0.000000 0.000000
  16 -23.829700 -0.286394 -2.690678 0.632531 -0.612799 -0.473690 0.000000 0.000000
rubbergloveCHROME.bmp
  16 -23.829700 -0.286394 -2.690678 0.632531 -0.612799 -0.473690 0.000000 0.000000
  1 -23.693560 -0.140074 -2.579899 0.490634 -0.762438 -0.421861 0.000000 0.000000
  1 -23.777391 -0.253877 -2.438049 0.487671 -0.869416 -0.079334 0.000000 0.000000
rubbergloveCHROME.bmp
  1 -23.693560 -0.140074 -2.579899 0.490634 -0.762438 -0.421861 0.000000 0.000000
  1 -23.495355 -0.183748 -2.444225 0.462339 -0.865526 -0.192634 0.000000 0.000000
  1 -23.777391 -0.253877 -2.438049 0.487671 -0.869416 -0.079334 0.000000 0.000000
rubbergloveCHROME.bmp
  1 -23.777391 -0.253877 -2.438049 0.487671 -0.869416 -0.079334 0.000000 0.000000
  1 -23.495355 -0.183748 -2.444225 0.462339 -0.865526 -0.192634 0.000000 0.000000
  1 -23.560578 -0.206502 -2.102716 0.397058 -0.913569 0.087958 0.000000 0.000000
rubbergloveCHROME.bmp
  1 -23.495355 -0.183748 -2.444225 0.462339 -0.865526 -0.192634 0.000000 0.000000
  1 -23.261124 0.060994 -2.019211 0.660360 -0.740382 0.125538 0.000000 0.000000
  1 -23.560578 -0.206502 -2.102716 0.397058 -0.913569 0.087958 0.000000 0.000000
rubbergloveCHROME.bmp
  1 -24.065633 -0.351197 -1.971632 -0.038751 -0.873424 -0.485417 0.000000 0.000000
  1 -23.998263 -0.441342 -1.813091 0.357829 -0.868520 -0.342975 0.000000 0.000000
  1 -24.156173 -0.443287 -1.889645 0.060218 -0.770450 -0.634650 0.000000 0.000000
rubbergloveCHROME.bmp
  1 -24.156173 -0.443287 -1.889645 0.060218 -0.770450 -0.634650 0.000000 0.000000
  1 -23.998263 -0.441342 -1.813091 0.357829 -0.868520 -0.342975 0.000000 0.000000
  1 -24.084622 -0.505253 -1.641168 0.289789 -0.950621 -0.111094 0.000000 0.000000
rubbergloveCHROME.bmp
  1 -23.998263 -0.441342 -1.813091 0.357829 -0.868520 -0.342975 0.000000 0.000000
  1 -23.737391 -0.354965 -1.548734 0.601893 -0.798390 -0.017256 0.000000 0.000000
  1 -24.084622 -0.505253 -1.641168 0.289789 -0.950621 -0.111094 0.000000 0.000000
rubbergloveCHROME.bmp
  1 -24.084622 -0.505253 -1.641168 0.289789 -0.950621 -0.111094 0.000000 0.000000
  1 -23.737391 -0.354965 -1.548734 0.601893 -0.798390 -0.017256 0.000000 0.000000
  1 -23.871441 -0.422085 -1.275741 0.500357 -0.855152 0.135488 0.000000 0.000000
rubbergloveCHROME.bmp
  1 -23.737391 -0.354965 -1.548734 0.601893 -0.798390 -0.017256 0.000000 0.000000
  1 -23.612957 -0.151291 -1.131321 0.714905 -0.654612 0.245752 0.000000 0.000000
  1 -23.871441 -0.422085 -1.275741 0.500357 -0.855152 0.135488 0.000000 0.000000
rubbergloveCHROME.bmp
  1 -23.871441 -0.422085 -1.275741 0.500357 -0.855152 0.135488 0.000000 0.000000
  1 -23.612957 -0.151291 -1.131321 0.714905 -0.654612 0.245752 0.000000 0.000000
  1 -23.971999 -0.406804 -1.063480 0.426848 -0.875060 0.228192 0.000000 0.000000
rubbergloveCHROME.bmp
  1 -23.612957 -0.151291 -1.131321 0.714905 -0.654612 0.245752 0.000000 0.000000
  1 -23.758122 -0.111031 -0.778042 0.734419 -0.653441 0.183423 0.000000 0.000000
  1 -23.971999 -0.406804 -1.063480 0.426848 -0.875060 0.228192 0.000000 0.000000
rubbergloveCHROME.bmp
  10 -24.588103 -0.621393 -0.825717 0.303519 -0.854569 -0.421412 0.000000 0.000000
  1 -24.346029 -0.575580 -0.695219 0.289789 -0.950621 -0.111094 0.000000 0.000000
  10 -24.635702 -0.640885 -0.366419 0.213174 -0.887120 0.409360 0.000000 0.000000
rubbergloveCHROME.bmp
  10 -24.588103 -0.621393 -0.825717 0.303519 -0.854569 -0.421412 0.000000 0.000000
  1 -24.317363 -0.493133 -0.975898 0.195052 -0.968625 -0.154014 0.000000 0.000000
  1 -24.346029 -0.575580 -0.695219 0.289789 -0.950621 -0.111094 0.000000 0.000000
rubbergloveCHROME.bmp
  10 -24.588103 -0.621393 -0.825717 0.303519 -0.854569 -0.421412 0.000000 0.000000
  1 -24.472190 -0.466889 -1.012504 -0.195247 -0.931967 -0.305477 0.000000 0.000000
  1 -24.317363 -0.493133 -0.975898 0.195052 -0.968625 -0.154014 0.000000 0.000000
rubbergloveCHROME.bmp
  10 -24.588103 -0.621393 -0.825717 0.303519 -0.854569 -0.421412 0.000000 0.000000
  10 -24.803716 -0.450608 -0.994962 0.065472 -0.580143 -0.811879 0.000000 0.000000
  1 -24.472190 -0.466889 -1.012504 -0.195247 -0.931967 -0.305477 0.000000 0.000000
rubbergloveCHROME.bmp
  10 -24.588103 -0.621393 -0.825717 0.303519 -0.854569 -0.421412 0.000000 0.000000
  10 -24.842380 -0.741202 -0.860201 0.487246 -0.595705 -0.638535 0.000000 0.000000
  10 -24.803716 -0.450608 -0.994962 0.065472 -0.580143 -0.811879 0.000000 0.000000
rubbergloveCHROME.bmp
  10 -24.588103 -0.621393 -0.825717 0.303519 -0.854569 -0.421412 0.000000 0.000000
  10 -24.813247 -0.824021 -0.671277 0.649984 -0.757651 -0.059041 0.000000 0.000000
  10 -24.842380 -0.741202 -0.860201 0.487246 -0.595705 -0.638535 0.000000 0.000000
rubbergloveCHROME.bmp
  10 -24.588103 -0.621393 -0.825717 0.303519 -0.854569 -0.421412 0.000000 0.000000
  10 -24.635702 -0.640885 -0.366419 0.213174 -0.887120 0.409360 0.000000 0.000000
  10 -24.813247 -0.824021 -0.671277 0.649984 -0.757651 -0.059041 0.000000 0.000000
rubbergloveCHROME.bmp
  10 -25.868674 0.031334 -0.857135 -0.631457 0.567233 -0.528685 0.000000 0.000000
  10 -25.938887 -0.072348 -0.779545 -0.722361 0.451384 -0.523877 0.000000 0.000000
  10 -25.861111 0.050938 -0.786719 -0.596907 0.634467 -0.491073 0.000000 0.000000
rubbergloveCHROME.bmp
  10 -25.868674 0.031334 -0.857135 -0.631457 0.567233 -0.528685 0.000000 0.000000
  10 -25.968022 -0.097828 -0.850269 -0.748559 0.502453 -0.432667 0.000000 0.000000
  10 -25.938887 -0.072348 -0.779545 -0.722361 0.451384 -0.523877 0.000000 0.000000
rubbergloveCHROME.bmp
  10 -25.868674 0.031334 -0.857135 -0.631457 0.567233 -0.528685 0.000000 0.000000
  10 -25.912731 -0.128547 -0.890259 -0.622717 0.348890 -0.700356 0.000000 0.000000
  10 -25.968022 -0.097828 -0.850269 -0.748559 0.502453 -0.432667 0.000000 0.000000
rubbergloveCHROME.bmp
  10 -25.868674 0.031334 -0.857135 -0.631457 0.567233 -0.528685 0.000000 0.000000
  10 -25.811905 0.028682 -0.886636 -0.551461 0.508258 -0.661487 0.000000 0.000000
  10 -25.912731 -0.128547 -0.890259 -0.622717 0.348890 -0.700356 0.000000 0.000000
rubbergloveCHROME.bmp
  10 -25.868674 0.031334 -0.857135 -0.631457 0.567233 -0.528685 0.000000 0.000000
  10 -25.668612 0.196485 -0.812411 -0.508225 0.661560 -0.551404 0.000000 0.000000
  10 -25.811905 0.028682 -0.886636 -0.551461 0.508258 -0.661487 0.000000 0.000000
rubbergloveCHROME.bmp
  10 -25.868674 0.031334 -0.857135 -0.631457 0.567233 -0.528685 0.000000 0.000000
  10 -25.725381 0.199136 -0.782910 -0.601510 0.721814 -0.342302 0.000000 0.000000
  10 -25.668612 0.196485 -0.812411 -0.508225 0.661560 -0.551404 0.000000 0.000000
rubbergloveCHROME.bmp
  10 -25.868674 0.031334 -0.857135 -0.631457 0.567233 -0.528685 0.000000 0.000000
  10 -25.861111 0.050938 -0.786719 -0.596907 0.634467 -0.491073 0.000000 0.000000
  10 -25.725381 0.199136 -0.782910 -0.601510 0.721814 -0.342302 0.000000 0.000000
rubbergloveCHROME.bmp
  7 -25.707832 -0.229419 0.262386 -0.684898 0.307164 -0.660730 0.000000 0.000000
  7 -25.647798 -0.011082 0.427689 -0.756142 0.566083 -0.328330 0.000000 0.000000
  7 -25.624989 -0.038221 0.234445 -0.600257 0.490757 -0.631545 0.000000 0.000000
rubbergloveCHROME.bmp
  7 -25.624989 -0.038221 0.234445 -0.600257 0.490757 -0.631545 0.000000 0.000000
  7 -25.647798 -0.011082 0.427689 -0.756142 0.566083 -0.328330 0.000000 0.000000
  7 -25.493042 0.174170 0.461337 -0.755912 0.627140 -0.187862 0.000000 0.000000
rubbergloveCHROME.bmp
  7 -25.647798 -0.011082 0.427689 -0.756142 0.566083 -0.328330 0.000000 0.000000
  7 -25.664257 0.000154 0.459357 -0.755912 0.627140 -0.187862 0.000000 0.000000
  7 -25.493042 0.174170 0.461337 -0.755912 0.627140 -0.187862 0.000000 0.000000
rubbergloveCHROME.bmp
  7 -25.493042 0.174170 0.461337 -0.755912 0.627140 -0.187862 0.000000 0.000000
  7 -25.664257 0.000154 0.459357 -0.755912 0.627140 -0.187862 0.000000 0.000000
  7 -25.512901 0.181501 0.524201 -0.703222 0.706253 -0.081764 0.000000 0.000000
rubbergloveCHROME.bmp
  7 -25.664257 0.000154 0.459357 -0.755912 0.627140 -0.187862 0.000000 0.000000
  7 -25.678938 -0.000943 0.512113 -0.700929 0.667649 -0.250884 0.000000 0.000000
  7 -25.512901 0.181501 0.524201 -0.703222 0.706253 -0.081764 0.000000 0.000000
rubbergloveCHROME.bmp
  7 -25.512901 0.181501 0.524201 -0.703222 0.706253 -0.081764 0.000000 0.000000
  7 -25.678938 -0.000943 0.512113 -0.700929 0.667649 -0.250884 0.000000 0.000000
  7 -25.482011 0.192885 0.589898 -0.703222 0.706253 -0.081764 0.000000 0.000000
rubbergloveCHROME.bmp
  7 -25.678938 -0.000943 0.512113 -0.700929 0.667649 -0.250884 0.000000 0.000000
  7 -25.547014 0.174545 0.651039 -0.542008 0.812144 -0.215986 0.000000 0.000000
  7 -25.482011 0.192885 0.589898 -0.703222 0.706253 -0.081764 0.000000 0.000000
rubbergloveCHROME.bmp
  7 -25.518130 -0.764109 1.052778 0.092083 -0.285247 0.954020 0.000000 0.000000
  7 -25.595400 -0.687785 1.127637 -0.173441 -0.331723 0.927296 0.000000 0.000000
  8 -25.615412 -0.734854 1.083811 0.264865 -0.074200 0.961426 0.000000 0.000000
rubbergloveCHROME.bmp
  8 -25.615412 -0.734854 1.083811 0.264865 -0.074200 0.961426 0.000000 0.000000
  7 -25.595400 -0.687785 1.127637 -0.173441 -0.331723 0.927296 0.000000 0.000000
  8 -25.730394 -0.607454 1.027699 -0.465907 0.499557 0.730324 0.000000 0.000000
rubbergloveCHROME.bmp
  7 -25.595400 -0.687785 1.127637 -0.173441 -0.331723 0.927296 0.000000 0.000000
  7 -25.712450 -0.561179 1.031355 -0.681057 0.280257 0.676474 0.000000 0.000000
  8 -25.730394 -0.607454 1.027699 -0.465907 0.499557 0.730324 0.000000 0.000000
rubbergloveCHROME.bmp
  8 -25.730394 -0.607454 1.027699 -0.465907 0.499557 0.730324 0.000000 0.000000
  7 -25.712450 -0.561179 1.031355 -0.681057 0.280257 0.676474 0.000000 0.000000
  8 -25.827759 -0.542958 0.913856 -0.614762 0.629603 0.475045 0.000000 0.000000
rubbergloveCHROME.bmp
  7 -25.712450 -0.561179 1.031355 -0.681057 0.280257 0.676474 0.000000 0.000000
  7 -25.803182 -0.489903 0.895755 -0.767947 0.467310 0.438041 0.000000 0.000000
  8 -25.827759 -0.542958 0.913856 -0.614762 0.629603 0.475045 0.000000 0.000000
rubbergloveCHROME.bmp
  8 -25.827759 -0.542958 0.913856 -0.614762 0.629603 0.475045 0.000000 0.000000
  7 -25.803182 -0.489903 0.895755 -0.767947 0.467310 0.438041 0.000000 0.000000
  8 -25.853065 -0.517891 0.712532 -0.768835 0.541873 0.339509 0.000000 0.000000
rubbergloveCHROME.bmp
  7 -25.803182 -0.489903 0.895755 -0.767947 0.467310 0.438041 0.000000 0.000000
  7 -25.856090 -0.464909 0.748867 -0.816870 0.479387 0.320797 0.000000 0.000000
  8 -25.853065 -0.517891 0.712532 -0.768835 0.541873 0.339509 0.000000 0.000000
rubbergloveCHROME.bmp
  8 -25.916661 -0.800063 0.938219 -0.835968 0.239663 0.493679 0.000000 0.000000
  8 -25.976474 -0.793399 0.753346 -0.921061 0.081877 0.380714 0.000000 0.000000
  8 -26.076948 -0.924843 0.748119 -0.717822 0.623063 0.310684 0.000000 0.000000
rubbergloveCHROME.bmp
  8 -26.076948 -0.924843 0.748119 -0.717822 0.623063 0.310684 0.000000 0.000000
  8 -25.976474 -0.793399 0.753346 -0.921061 0.081877 0.380714 0.000000 0.000000
  8 -26.045704 -0.781044 0.549006 -0.931607 0.258668 0.255342 0.000000 0.000000
rubbergloveCHROME.bmp
  8 -25.976474 -0.793399 0.753346 -0.921061 0.081877 0.380714 0.000000 0.000000
  8 -26.077743 -0.662835 0.583647 -0.940802 0.191596 0.279612 0.000000 0.000000
  8 -26.045704 -0.781044 0.549006 -0.931607 0.258668 0.255342 0.000000 0.000000
rubbergloveCHROME.bmp
  8 -26.045704 -0.781044 0.549006 -0.931607 0.258668 0.255342 0.000000 0.000000
  8 -26.077743 -0.662835 0.583647 -0.940802 0.191596 0.279612 0.000000 0.000000
  8 -26.084004 -0.676432 0.433727 -0.985423 0.146563 0.086377 0.000000 0.000000
rubbergloveCHROME.bmp
  8 -26.077743 -0.662835 0.583647 -0.940802 0.191596 0.279612 0.000000 0.000000
  8 -26.029585 -0.545344 0.414896 -0.704700 0.704563 -0.083599 0.000000 0.000000
  8 -26.084004 -0.676432 0.433727 -0.985423 0.146563 0.086377 0.000000 0.000000
rubbergloveCHROME.bmp
  8 -26.084004 -0.676432 0.433727 -0.985423 0.146563 0.086377 0.000000 0.000000
  8 -26.029585 -0.545344 0.414896 -0.704700 0.704563 -0.083599 0.000000 0.000000
  8 -26.106719 -0.706598 0.328020 -0.861267 0.112879 -0.495457 0.000000 0.000000
rubbergloveCHROME.bmp
  8 -26.029585 -0.545344 0.414896 -0.704700 0.704563 -0.083599 0.000000 0.000000
  8 -26.006283 -0.586845 0.283615 -0.404242 0.673393 -0.618975 0.000000 0.000000
  8 -26.106719 -0.706598 0.328020 -0.861267 0.112879 -0.495457 0.000000 0.000000
rubbergloveCHROME.bmp
  14 -26.001537 -0.720953 -2.121629 -0.544323 0.379066 -0.748346 0.000000 0.000000
  14 -26.020744 -0.542759 -1.913837 -0.925988 0.225866 -0.302539 0.000000 0.000000
  14 -25.912964 -0.578778 -2.128047 -0.510477 0.033610 -0.859234 0.000000 0.000000
rubbergloveCHROME.bmp
  14 -25.912964 -0.578778 -2.128047 -0.510477 0.033610 -0.859234 0.000000 0.000000
  14 -26.020744 -0.542759 -1.913837 -0.925988 0.225866 -0.302539 0.000000 0.000000
  14 -25.935585 -0.488923 -2.101319 -0.766383 0.324261 -0.554538 0.000000 0.000000
rubbergloveCHROME.bmp
  14 -26.020744 -0.542759 -1.913837 -0.925988 0.225866 -0.302539 0.000000 0.000000
  14 -26.029500 -0.481294 -1.888430 -0.941155 0.269571 -0.203860 0.000000 0.000000
  14 -25.935585 -0.488923 -2.101319 -0.766383 0.324261 -0.554538 0.000000 0.000000
rubbergloveCHROME.bmp
  14 -25.935585 -0.488923 -2.101319 -0.766383 0.324261 -0.554538 0.000000 0.000000
  14 -26.029500 -0.481294 -1.888430 -0.941155 0.269571 -0.203860 0.000000 0.000000
  14 -25.959511 -0.370968 -1.859629 -0.458894 0.871935 -0.170722 0.000000 0.000000
rubbergloveCHROME.bmp
  14 -26.029500 -0.481294 -1.888430 -0.941155 0.269571 -0.203860 0.000000 0.000000
  14 -26.048890 -0.485028 -1.708959 -0.938961 0.342220 -0.035177 0.000000 0.000000
  14 -25.959511 -0.370968 -1.859629 -0.458894 0.871935 -0.170722 0.000000 0.000000
rubbergloveCHROME.bmp
  14 -25.959511 -0.370968 -1.859629 -0.458894 0.871935 -0.170722 0.000000 0.000000
  14 -26.048890 -0.485028 -1.708959 -0.938961 0.342220 -0.035177 0.000000 0.000000
  14 -25.977915 -0.387783 -1.691467 -0.341772 0.939635 0.016648 0.000000 0.000000
rubbergloveCHROME.bmp
  14 -26.048890 -0.485028 -1.708959 -0.938961 0.342220 -0.035177 0.000000 0.000000
  14 -25.962789 -0.400152 -1.569737 -0.445182 0.884658 0.138540 0.000000 0.000000
  14 -25.977915 -0.387783 -1.691467 -0.341772 0.939635 0.016648 0.000000 0.000000
rubbergloveCHROME.bmp
  14 -26.013293 -0.576122 -1.724281 -0.961212 0.273798 -0.033272 0.000000 0.000000
  14 -26.123472 -0.698754 -1.910350 -0.769674 0.596587 -0.227345 0.000000 0.000000
  14 -26.134798 -0.708659 -1.740722 -0.750263 0.661125 -0.004393 0.000000 0.000000
rubbergloveCHROME.bmp
  14 -26.013293 -0.576122 -1.724281 -0.961212 0.273798 -0.033272 0.000000 0.000000
  14 -26.020744 -0.542759 -1.913837 -0.925988 0.225866 -0.302539 0.000000 0.000000
  14 -26.123472 -0.698754 -1.910350 -0.769674 0.596587 -0.227345 0.000000 0.000000
rubbergloveCHROME.bmp
  14 -26.013293 -0.576122 -1.724281 -0.961212 0.273798 -0.033272 0.000000 0.000000
  14 -26.029500 -0.481294 -1.888430 -0.941155 0.269571 -0.203860 0.000000 0.000000
  14 -26.020744 -0.542759 -1.913837 -0.925988 0.225866 -0.302539 0.000000 0.000000
rubbergloveCHROME.bmp
  14 -26.013293 -0.576122 -1.724281 -0.961212 0.273798 -0.033272 0.000000 0.000000
  14 -26.048890 -0.485028 -1.708959 -0.938961 0.342220 -0.035177 0.000000 0.000000
  14 -26.029500 -0.481294 -1.888430 -0.941155 0.269571 -0.203860 0.000000 0.000000
rubbergloveCHROME.bmp
  14 -26.013293 -0.576122 -1.724281 -0.961212 0.273798 -0.033272 0.000000 0.000000
  14 -26.057454 -0.562318 -1.576094 -0.990356 0.065131 0.122281 0.000000 0.000000
  14 -26.048890 -0.485028 -1.708959 -0.938961 0.342220 -0.035177 0.000000 0.000000
rubbergloveCHROME.bmp
  14 -26.013293 -0.576122 -1.724281 -0.961212 0.273798 -0.033272 0.000000 0.000000
  14 -26.128818 -0.715846 -1.599256 -0.794638 0.580465 0.177794 0.000000 0.000000
  14 -26.057454 -0.562318 -1.576094 -0.990356 0.065131 0.122281 0.000000 0.000000
rubbergloveCHROME.bmp
  14 -26.013293 -0.576122 -1.724281 -0.961212 0.273798 -0.033272 0.000000 0.000000
  14 -26.134798 -0.708659 -1.740722 -0.750263 0.661125 -0.004393 0.000000 0.000000
  14 -26.128818 -0.715846 -1.599256 -0.794638 0.580465 0.177794 0.000000 0.000000
rubbergloveCHROME.bmp
  17 -25.441732 -0.742364 -2.478629 -0.655649 0.287092 0.698357 0.000000 0.000000
  17 -25.246455 -0.568698 -2.342957 -0.501834 0.215421 0.837709 0.000000 0.000000
  17 -25.319191 -0.543700 -2.429470 -0.590155 0.298639 0.750021 0.000000 0.000000
rubbergloveCHROME.bmp
  17 -25.319191 -0.543700 -2.429470 -0.590155 0.298639 0.750021 0.000000 0.000000
  17 -25.246455 -0.568698 -2.342957 -0.501834 0.215421 0.837709 0.000000 0.000000
  17 -25.210741 -0.413629 -2.397531 -0.630072 0.275160 0.726152 0.000000 0.000000
rubbergloveCHROME.bmp
  17 -25.246455 -0.568698 -2.342957 -0.501834 0.215421 0.837709 0.000000 0.000000
  17 -25.179298 -0.450311 -2.323600 -0.546636 0.156449 0.822626 0.000000 0.000000
  17 -25.210741 -0.413629 -2.397531 -0.630072 0.275160 0.726152 0.000000 0.000000
rubbergloveCHROME.bmp
  17 -25.210741 -0.413629 -2.397531 -0.630072 0.275160 0.726152 0.000000 0.000000
  17 -25.179298 -0.450311 -2.323600 -0.546636 0.156449 0.822626 0.000000 0.000000
  17 -25.150886 -0.342553 -2.357965 -0.813570 -0.069995 0.577239 0.000000 0.000000
rubbergloveCHROME.bmp
  17 -25.179298 -0.450311 -2.323600 -0.546636 0.156449 0.822626 0.000000 0.000000
  17 -25.096432 -0.371487 -2.287271 -0.567874 0.050340 0.821575 0.000000 0.000000
  17 -25.150886 -0.342553 -2.357965 -0.813570 -0.069995 0.577239 0.000000 0.000000
rubbergloveCHROME.bmp
  17 -25.150886 -0.342553 -2.357965 -0.813570 -0.069995 0.577239 0.000000 0.000000
  17 -25.096432 -0.371487 -2.287271 -0.567874 0.050340 0.821575 0.000000 0.000000
  17 -25.132533 -0.324753 -2.339354 -0.604009 -0.103851 0.790182 0.000000 0.000000
rubbergloveCHROME.bmp
  17 -25.096432 -0.371487 -2.287271 -0.567874 0.050340 0.821575 0.000000 0.000000
  16 -25.082006 -0.243047 -2.299976 -0.413847 0.147627 0.898297 0.000000 0.000000
  17 -25.132533 -0.324753 -2.339354 -0.604009 -0.103851 0.790182 0.000000 0.000000
rubbergloveCHROME.bmp
  13 -25.273783 -0.194995 -2.060155 0.093668 0.126386 -0.987549 0.000000 0.000000
  13 -25.025968 -0.156181 -2.099918 -0.049499 0.141569 -0.988690 0.000000 0.000000
  13 -25.223311 -0.352866 -2.131074 0.061939 0.145716 -0.987386 0.000000 0.000000
rubbergloveCHROME.bmp
  13 -25.223311 -0.352866 -2.131074 0.061939 0.145716 -0.987386 0.000000 0.000000
  13 -25.025968 -0.156181 -2.099918 -0.049499 0.141569 -0.988690 0.000000 0.000000
  13 -24.768540 -0.421943 -2.017445 0.274175 -0.120588 -0.954089 0.000000 0.000000
rubbergloveCHROME.bmp
  13 -25.025968 -0.156181 -2.099918 -0.049499 0.141569 -0.988690 0.000000 0.000000
  13 -24.843403 -0.014142 -2.085954 0.050195 -0.003836 -0.998732 0.000000 0.000000
  13 -24.768540 -0.421943 -2.017445 0.274175 -0.120588 -0.954089 0.000000 0.000000
rubbergloveCHROME.bmp
  13 -24.768540 -0.421943 -2.017445 0.274175 -0.120588 -0.954089 0.000000 0.000000
  13 -24.843403 -0.014142 -2.085954 0.050195 -0.003836 -0.998732 0.000000 0.000000
  13 -24.602921 -0.336526 -2.000888 0.246580 -0.351112 -0.903282 0.000000 0.000000
rubbergloveCHROME.bmp
  13 -24.843403 -0.014142 -2.085954 0.050195 -0.003836 -0.998732 0.000000 0.000000
  1 -24.473297 -0.290991 -2.012683 0.016901 -0.422475 -0.906217 0.000000 0.000000
  13 -24.602921 -0.336526 -2.000888 0.246580 -0.351112 -0.903282 0.000000 0.000000
rubbergloveCHROME.bmp
  13 -24.602921 -0.336526 -2.000888 0.246580 -0.351112 -0.903282 0.000000 0.000000
  1 -24.473297 -0.290991 -2.012683 0.016901 -0.422475 -0.906217 0.000000 0.000000
  1 -24.463407 -0.376712 -1.902892 0.224437 -0.529889 -0.817830 0.000000 0.000000
rubbergloveCHROME.bmp
  1 -24.473297 -0.290991 -2.012683 0.016901 -0.422475 -0.906217 0.000000 0.000000
  1 -24.328502 -0.366039 -1.935858 0.023043 -0.589251 -0.807622 0.000000 0.000000
  1 -24.463407 -0.376712 -1.902892 0.224437 -0.529889 -0.817830 0.000000 0.000000
rubbergloveCHROME.bmp
  7 -25.316983 0.098474 0.980734 -0.473593 0.406123 0.781520 0.000000 0.000000
  7 -25.250046 0.075910 1.014055 -0.339759 0.251291 0.906321 0.000000 0.000000
  7 -25.240808 0.216386 1.000592 -0.514936 0.346489 0.784083 0.000000 0.000000
rubbergloveCHROME.bmp
  7 -25.240808 0.216386 1.000592 -0.514936 0.346489 0.784083 0.000000 0.000000
  7 -25.250046 0.075910 1.014055 -0.339759 0.251291 0.906321 0.000000 0.000000
  7 -24.933529 0.027087 1.167461 -0.045475 -0.129453 0.990542 0.000000 0.000000
rubbergloveCHROME.bmp
  7 -25.250046 0.075910 1.014055 -0.339759 0.251291 0.906321 0.000000 0.000000
  7 -25.050726 -0.073496 1.151712 -0.045475 -0.129453 0.990542 0.000000 0.000000
  7 -24.933529 0.027087 1.167461 -0.045475 -0.129453 0.990542 0.000000 0.000000
rubbergloveCHROME.bmp
  7 -24.933529 0.027087 1.167461 -0.045475 -0.129453 0.990542 0.000000 0.000000
  7 -25.050726 -0.073496 1.151712 -0.045475 -0.129453 0.990542 0.000000 0.000000
  7 -24.958550 -0.136866 1.073688 0.170969 -0.415835 0.893225 0.000000 0.000000
rubbergloveCHROME.bmp
  7 -25.050726 -0.073496 1.151712 -0.045475 -0.129453 0.990542 0.000000 0.000000
  7 -25.110442 -0.202644 1.100186 0.199485 -0.220800 0.954701 0.000000 0.000000
  7 -24.958550 -0.136866 1.073688 0.170969 -0.415835 0.893225 0.000000 0.000000
rubbergloveCHROME.bmp
  7 -24.958550 -0.136866 1.073688 0.170969 -0.415835 0.893225 0.000000 0.000000
  7 -25.110442 -0.202644 1.100186 0.199485 -0.220800 0.954701 0.000000 0.000000
  7 -25.076895 -0.263353 1.009693 0.152622 -0.220331 0.963411 0.000000 0.000000
rubbergloveCHROME.bmp
  7 -25.110442 -0.202644 1.100186 0.199485 -0.220800 0.954701 0.000000 0.000000
  7 -25.246037 -0.397418 1.054612 0.291290 -0.144421 0.945671 0.000000 0.000000
  7 -25.076895 -0.263353 1.009693 0.152622 -0.220331 0.963411 0.000000 0.000000
rubbergloveCHROME.bmp
  1 -25.236006 0.161942 0.084655 -0.981707 -0.044464 -0.185134 0.000000 0.000000
  7 -25.315986 -0.057903 0.092564 -0.441003 0.294262 -0.847895 0.000000 0.000000
  7 -25.305872 0.093097 0.189502 -0.573603 0.331271 -0.749159 0.000000 0.000000
rubbergloveCHROME.bmp
  7 -25.305872 0.093097 0.189502 -0.573603 0.331271 -0.749159 0.000000 0.000000
  7 -25.315986 -0.057903 0.092564 -0.441003 0.294262 -0.847895 0.000000 0.000000
  7 -25.560846 -0.139832 0.183839 -0.441003 0.294262 -0.847895 0.000000 0.000000
rubbergloveCHROME.bmp
  7 -25.315986 -0.057903 0.092564 -0.441003 0.294262 -0.847895 0.000000 0.000000
  7 -25.460363 -0.223107 0.126668 -0.431477 0.244646 -0.868318 0.000000 0.000000
  7 -25.560846 -0.139832 0.183839 -0.441003 0.294262 -0.847895 0.000000 0.000000
rubbergloveCHROME.bmp
  7 -25.560846 -0.139832 0.183839 -0.441003 0.294262 -0.847895 0.000000 0.000000
  7 -25.460363 -0.223107 0.126668 -0.431477 0.244646 -0.868318 0.000000 0.000000
  7 -25.594919 -0.289596 0.231899 -0.554268 0.175540 -0.813617 0.000000 0.000000
rubbergloveCHROME.bmp
  7 -25.460363 -0.223107 0.126668 -0.431477 0.244646 -0.868318 0.000000 0.000000
  7 -25.613411 -0.461120 0.137890 -0.532561 0.335190 -0.777191 0.000000 0.000000
  7 -25.594919 -0.289596 0.231899 -0.554268 0.175540 -0.813617 0.000000 0.000000
rubbergloveCHROME.bmp
  7 -25.594919 -0.289596 0.231899 -0.554268 0.175540 -0.813617 0.000000 0.000000
  7 -25.613411 -0.461120 0.137890 -0.532561 0.335190 -0.777191 0.000000 0.000000
  7 -25.685076 -0.406414 0.213860 -0.488112 0.290873 -0.822885 0.000000 0.000000
rubbergloveCHROME.bmp
  7 -25.613411 -0.461120 0.137890 -0.532561 0.335190 -0.777191 0.000000 0.000000
  7 -25.750599 -0.488896 0.199598 -0.467990 0.491633 -0.734358 0.000000 0.000000
  7 -25.685076 -0.406414 0.213860 -0.488112 0.290873 -0.822885 0.000000 0.000000
rubbergloveCHROME.bmp
  7 -25.271105 -0.564895 1.072587 0.205307 0.022849 0.978431 0.000000 0.000000
  7 -25.419603 -0.773098 1.100859 -0.107001 -0.057765 0.992579 0.000000 0.000000
  7 -25.072615 -0.721300 0.988094 0.383117 -0.270088 0.883331 0.000000 0.000000
rubbergloveCHROME.bmp
  7 -25.271105 -0.564895 1.072587 0.205307 0.022849 0.978431 0.000000 0.000000
  7 -25.459540 -0.623962 1.144025 0.134797 -0.191429 0.972206 0.000000 0.000000
  7 -25.419603 -0.773098 1.100859 -0.107001 -0.057765 0.992579 0.000000 0.000000
rubbergloveCHROME.bmp
  7 -25.271105 -0.564895 1.072587 0.205307 0.022849 0.978431 0.000000 0.000000
  7 -25.337614 -0.555521 1.050483 0.403020 -0.101499 0.909545 0.000000 0.000000
  7 -25.459540 -0.623962 1.144025 0.134797 -0.191429 0.972206 0.000000 0.000000
rubbergloveCHROME.bmp
  7 -25.271105 -0.564895 1.072587 0.205307 0.022849 0.978431 0.000000 0.000000
  7 -25.246037 -0.397418 1.054612 0.291290 -0.144421 0.945671 0.000000 0.000000
  7 -25.337614 -0.555521 1.050483 0.403020 -0.101499 0.909545 0.000000 0.000000
rubbergloveCHROME.bmp
  7 -25.271105 -0.564895 1.072587 0.205307 0.022849 0.978431 0.000000 0.000000
  7 -24.993702 -0.272107 1.049721 -0.053732 -0.065556 0.996401 0.000000 0.000000
  7 -25.246037 -0.397418 1.054612 0.291290 -0.144421 0.945671 0.000000 0.000000
rubbergloveCHROME.bmp
  7 -25.271105 -0.564895 1.072587 0.205307 0.022849 0.978431 0.000000 0.000000
  7 -24.825318 -0.506705 0.945747 0.350708 -0.359520 0.864725 0.000000 0.000000
  7 -24.993702 -0.272107 1.049721 -0.053732 -0.065556 0.996401 0.000000 0.000000
rubbergloveCHROME.bmp
  7 -25.271105 -0.564895 1.072587 0.205307 0.022849 0.978431 0.000000 0.000000
  7 -25.072615 -0.721300 0.988094 0.383117 -0.270088 0.883331 0.000000 0.000000
  7 -24.825318 -0.506705 0.945747 0.350708 -0.359520 0.864725 0.000000 0.000000
rubbergloveCHROME.bmp
  7 -25.030629 -0.867389 0.903861 0.408752 -0.385641 0.827165 0.000000 0.000000
  7 -24.781058 -0.637889 0.870039 0.321829 -0.292168 0.900591 0.000000 0.000000
  7 -25.072615 -0.721300 0.988094 0.383117 -0.270088 0.883331 0.000000 0.000000
rubbergloveCHROME.bmp
  7 -25.072615 -0.721300 0.988094 0.383117 -0.270088 0.883331 0.000000 0.000000
  7 -24.781058 -0.637889 0.870039 0.321829 -0.292168 0.900591 0.000000 0.000000
  7 -24.825318 -0.506705 0.945747 0.350708 -0.359520 0.864725 0.000000 0.000000
rubbergloveCHROME.bmp
  7 -24.781058 -0.637889 0.870039 0.321829 -0.292168 0.900591 0.000000 0.000000
  7 -24.499735 -0.277054 0.891379 0.215891 -0.463497 0.859396 0.000000 0.000000
  7 -24.825318 -0.506705 0.945747 0.350708 -0.359520 0.864725 0.000000 0.000000
rubbergloveCHROME.bmp
  7 -24.825318 -0.506705 0.945747 0.350708 -0.359520 0.864725 0.000000 0.000000
  7 -24.499735 -0.277054 0.891379 0.215891 -0.463497 0.859396 0.000000 0.000000
  7 -24.590203 -0.266445 1.014273 0.287165 -0.413852 0.863865 0.000000 0.000000
rubbergloveCHROME.bmp
  7 -24.499735 -0.277054 0.891379 0.215891 -0.463497 0.859396 0.000000 0.000000
  1 -24.356784 -0.168029 0.915491 0.137833 -0.454653 0.879939 0.000000 0.000000
  7 -24.590203 -0.266445 1.014273 0.287165 -0.413852 0.863865 0.000000 0.000000
rubbergloveCHROME.bmp
  7 -24.590203 -0.266445 1.014273 0.287165 -0.413852 0.863865 0.000000 0.000000
  1 -24.356784 -0.168029 0.915491 0.137833 -0.454653 0.879939 0.000000 0.000000
  1 -24.386729 -0.037851 1.026203 0.194046 -0.341044 0.919802 0.000000 0.000000
rubbergloveCHROME.bmp
  1 -24.356784 -0.168029 0.915491 0.137833 -0.454653 0.879939 0.000000 0.000000
  1 -24.299832 0.061812 1.074328 0.159176 -0.379614 0.911348 0.000000 0.000000
  1 -24.386729 -0.037851 1.026203 0.194046 -0.341044 0.919802 0.000000 0.000000
rubbergloveCHROME.bmp
  5 -22.573053 -0.130402 1.265893 0.426374 -0.898994 0.100074 0.000000 0.000000
  5 -22.706732 -0.192750 1.321953 0.646982 -0.762420 0.011370 0.000000 0.000000
  5 -22.625309 -0.136420 1.047185 0.373036 -0.908345 -0.189087 0.000000 0.000000
rubbergloveCHROME.bmp
  5 -22.573053 -0.130402 1.265893 0.426374 -0.898994 0.100074 0.000000 0.000000
  5 -22.709724 -0.179203 1.467238 0.625015 -0.777949 0.064429 0.000000 0.000000
  5 -22.706732 -0.192750 1.321953 0.646982 -0.762420 0.011370 0.000000 0.000000
rubbergloveCHROME.bmp
  5 -22.573053 -0.130402 1.265893 0.426374 -0.898994 0.100074 0.000000 0.000000
  5 -22.543442 -0.081025 1.427092 0.561344 -0.821451 0.100558 0.000000 0.000000
  5 -22.709724 -0.179203 1.467238 0.625015 -0.777949 0.064429 0.000000 0.000000
rubbergloveCHROME.bmp
  5 -22.573053 -0.130402 1.265893 0.426374 -0.898994 0.100074 0.000000 0.000000
  4 -22.332974 0.039297 1.351492 0.644042 -0.732067 0.222009 0.000000 0.000000
  5 -22.543442 -0.081025 1.427092 0.561344 -0.821451 0.100558 0.000000 0.000000
rubbergloveCHROME.bmp
  5 -22.573053 -0.130402 1.265893 0.426374 -0.898994 0.100074 0.000000 0.000000
  4 -22.355500 -0.058571 1.175667 0.502787 -0.830206 0.240755 0.000000 0.000000
  4 -22.332974 0.039297 1.351492 0.644042 -0.732067 0.222009 0.000000 0.000000
rubbergloveCHROME.bmp
  5 -22.573053 -0.130402 1.265893 0.426374 -0.898994 0.100074 0.000000 0.000000
  4 -22.450734 -0.097585 1.015641 0.275309 -0.957792 -0.082705 0.000000 0.000000
  4 -22.355500 -0.058571 1.175667 0.502787 -0.830206 0.240755 0.000000 0.000000
rubbergloveCHROME.bmp
  5 -22.573053 -0.130402 1.265893 0.426374 -0.898994 0.100074 0.000000 0.000000
  5 -22.625309 -0.136420 1.047185 0.373036 -0.908345 -0.189087 0.000000 0.000000
  4 -22.450734 -0.097585 1.015641 0.275309 -0.957792 -0.082705 0.000000 0.000000
rubbergloveCHROME.bmp
  4 -22.332974 0.039297 1.351492 0.644042 -0.732067 0.222009 0.000000 0.000000
  4 -22.355500 -0.058571 1.175667 0.502787 -0.830206 0.240755 0.000000 0.000000
  4 -22.198757 0.207075 1.268207 0.753716 -0.582361 0.304579 0.000000 0.000000
rubbergloveCHROME.bmp
  4 -22.198757 0.207075 1.268207 0.753716 -0.582361 0.304579 0.000000 0.000000
  4 -22.355500 -0.058571 1.175667 0.502787 -0.830206 0.240755 0.000000 0.000000
  4 -22.146651 0.040669 1.026559 0.642993 -0.755892 0.123233 0.000000 0.000000
rubbergloveCHROME.bmp
  4 -22.355500 -0.058571 1.175667 0.502787 -0.830206 0.240755 0.000000 0.000000
  4 -22.450734 -0.097585 1.015641 0.275309 -0.957792 -0.082705 0.000000 0.000000
  4 -22.146651 0.040669 1.026559 0.642993 -0.755892 0.123233 0.000000 0.000000
rubbergloveCHROME.bmp
  4 -22.146651 0.040669 1.026559 0.642993 -0.755892 0.123233 0.000000 0.000000
  4 -22.450734 -0.097585 1.015641 0.275309 -0.957792 -0.082705 0.000000 0.000000
  4 -22.318825 -0.021078 0.806006 0.334451 -0.923076 -0.189931 0.000000 0.000000
rubbergloveCHROME.bmp
  4 -22.450734 -0.097585 1.015641 0.275309 -0.957792 -0.082705 0.000000 0.000000
  4 -22.826110 -0.047527 0.715663 0.097770 -0.963903 -0.247654 0.000000 0.000000
  4 -22.318825 -0.021078 0.806006 0.334451 -0.923076 -0.189931 0.000000 0.000000
rubbergloveCHROME.bmp
  4 -22.318825 -0.021078 0.806006 0.334451 -0.923076 -0.189931 0.000000 0.000000
  4 -22.826110 -0.047527 0.715663 0.097770 -0.963903 -0.247654 0.000000 0.000000
  4 -22.693962 -0.038626 0.531117 0.097770 -0.963903 -0.247654 0.000000 0.000000
rubbergloveCHROME.bmp
  4 -22.826110 -0.047527 0.715663 0.097770 -0.963903 -0.247654 0.000000 0.000000
  4 -23.018438 0.029663 0.359501 -0.034430 -0.925904 -0.376186 0.000000 0.000000
  4 -22.693962 -0.038626 0.531117 0.097770 -0.963903 -0.247654 0.000000 0.000000
rubbergloveCHROME.bmp
  6 -23.186263 -0.856396 1.701626 0.834200 -0.550026 -0.039773 0.000000 0.000000
  5 -23.116754 -0.694974 1.621206 0.832534 -0.547842 -0.082193 0.000000 0.000000
  5 -23.181246 -0.812895 1.842871 0.831164 -0.462675 0.308380 0.000000 0.000000
rubbergloveCHROME.bmp
  5 -23.181246 -0.812895 1.842871 0.831164 -0.462675 0.308380 0.000000 0.000000
  5 -23.116754 -0.694974 1.621206 0.832534 -0.547842 -0.082193 0.000000 0.000000
  5 -23.059510 -0.641062 1.778421 0.845597 -0.461149 0.268901 0.000000 0.000000
rubbergloveCHROME.bmp
  5 -23.116754 -0.694974 1.621206 0.832534 -0.547842 -0.082193 0.000000 0.000000
  5 -22.975564 -0.546937 1.564194 0.783665 -0.618486 -0.057838 0.000000 0.000000
  5 -23.059510 -0.641062 1.778421 0.845597 -0.461149 0.268901 0.000000 0.000000
rubbergloveCHROME.bmp
  5 -23.059510 -0.641062 1.778421 0.845597 -0.461149 0.268901 0.000000 0.000000
  5 -22.975564 -0.546937 1.564194 0.783665 -0.618486 -0.057838 0.000000 0.000000
  5 -22.962588 -0.486797 1.722670 0.831164 -0.462675 0.308380 0.000000 0.000000
rubbergloveCHROME.bmp
  5 -22.975564 -0.546937 1.564194 0.783665 -0.618486 -0.057838 0.000000 0.000000
  5 -22.943473 -0.470863 1.521969 0.863886 -0.491986 -0.107941 0.000000 0.000000
  5 -22.962588 -0.486797 1.722670 0.831164 -0.462675 0.308380 0.000000 0.000000
rubbergloveCHROME.bmp
  5 -22.962588 -0.486797 1.722670 0.831164 -0.462675 0.308380 0.000000 0.000000
  5 -22.943473 -0.470863 1.521969 0.863886 -0.491986 -0.107941 0.000000 0.000000
  5 -22.931651 -0.424328 1.707158 0.930508 -0.303978 0.204333 0.000000 0.000000
rubbergloveCHROME.bmp
  5 -22.943473 -0.470863 1.521969 0.863886 -0.491986 -0.107941 0.000000 0.000000
  5 -22.935823 -0.418887 1.533800 0.889620 -0.452384 -0.062643 0.000000 0.000000
  5 -22.931651 -0.424328 1.707158 0.930508 -0.303978 0.204333 0.000000 0.000000
rubbergloveCHROME.bmp
  6 -23.268682 -0.911677 1.913170 0.740067 -0.497517 0.452523 0.000000 0.000000
  5 -23.181246 -0.812895 1.842871 0.831164 -0.462675 0.308380 0.000000 0.000000
  6 -23.334214 -0.796197 2.035522 0.574395 -0.200830 0.793560 0.000000 0.000000
rubbergloveCHROME.bmp
  6 -23.334214 -0.796197 2.035522 0.574395 -0.200830 0.793560 0.000000 0.000000
  5 -23.181246 -0.812895 1.842871 0.831164 -0.462675 0.308380 0.000000 0.000000
  5 -23.209373 -0.654880 1.978297 0.588043 -0.270514 0.762252 0.000000 0.000000
rubbergloveCHROME.bmp
  5 -23.181246 -0.812895 1.842871 0.831164 -0.462675 0.308380 0.000000 0.000000
  5 -23.059510 -0.641062 1.778421 0.845597 -0.461149 0.268901 0.000000 0.000000
  5 -23.209373 -0.654880 1.978297 0.588043 -0.270514 0.762252 0.000000 0.000000
rubbergloveCHROME.bmp
  5 -23.209373 -0.654880 1.978297 0.588043 -0.270514 0.762252 0.000000 0.000000
  5 -23.059510 -0.641062 1.778421 0.845597 -0.461149 0.268901 0.000000 0.000000
  5 -23.100551 -0.515491 1.937944 0.694872 -0.241101 0.677513 0.000000 0.000000
rubbergloveCHROME.bmp
  5 -23.059510 -0.641062 1.778421 0.845597 -0.461149 0.268901 0.000000 0.000000
  5 -22.962588 -0.486797 1.722670 0.831164 -0.462675 0.308380 0.000000 0.000000
  5 -23.100551 -0.515491 1.937944 0.694872 -0.241101 0.677513 0.000000 0.000000
rubbergloveCHROME.bmp
  5 -23.100551 -0.515491 1.937944 0.694872 -0.241101 0.677513 0.000000 0.000000
  5 -22.962588 -0.486797 1.722670 0.831164 -0.462675 0.308380 0.000000 0.000000
  5 -23.024470 -0.378218 1.868894 0.736493 -0.265452 0.622184 0.000000 0.000000
rubbergloveCHROME.bmp
  5 -22.962588 -0.486797 1.722670 0.831164 -0.462675 0.308380 0.000000 0.000000
  5 -22.931651 -0.424328 1.707158 0.930508 -0.303978 0.204333 0.000000 0.000000
  5 -23.024470 -0.378218 1.868894 0.736493 -0.265452 0.622184 0.000000 0.000000
rubbergloveCHROME.bmp
  6 -24.166376 -0.405904 1.978277 -0.502481 0.675720 0.539365 0.000000 0.000000
  6 -24.311054 -0.431265 1.807031 -0.829616 0.557864 0.022908 0.000000 0.000000
  6 -24.496062 -0.708953 2.059937 -0.828947 0.543705 0.131272 0.000000 0.000000
rubbergloveCHROME.bmp
  6 -24.496062 -0.708953 2.059937 -0.828947 0.543705 0.131272 0.000000 0.000000
  6 -24.311054 -0.431265 1.807031 -0.829616 0.557864 0.022908 0.000000 0.000000
  6 -24.504974 -0.748583 1.957711 -0.878560 0.474462 0.054939 0.000000 0.000000
rubbergloveCHROME.bmp
  6 -24.311054 -0.431265 1.807031 -0.829616 0.557864 0.022908 0.000000 0.000000
  6 -24.345410 -0.525596 1.717469 -0.847744 0.518524 -0.111633 0.000000 0.000000
  6 -24.504974 -0.748583 1.957711 -0.878560 0.474462 0.054939 0.000000 0.000000
rubbergloveCHROME.bmp
  6 -24.504974 -0.748583 1.957711 -0.878560 0.474462 0.054939 0.000000 0.000000
  6 -24.345410 -0.525596 1.717469 -0.847744 0.518524 -0.111633 0.000000 0.000000
  6 -24.561437 -0.788547 1.924324 -0.945114 0.300864 -0.127441 0.000000 0.000000
rubbergloveCHROME.bmp
  6 -24.345410 -0.525596 1.717469 -0.847744 0.518524 -0.111633 0.000000 0.000000
  6 -24.346813 -0.574211 1.607312 -0.874716 0.251223 -0.414437 0.000000 0.000000
  6 -24.561437 -0.788547 1.924324 -0.945114 0.300864 -0.127441 0.000000 0.000000
rubbergloveCHROME.bmp
  6 -24.561437 -0.788547 1.924324 -0.945114 0.300864 -0.127441 0.000000 0.000000
  6 -24.346813 -0.574211 1.607312 -0.874716 0.251223 -0.414437 0.000000 0.000000
  6 -24.497921 -0.887423 1.806471 -0.858348 -0.137309 -0.494353 0.000000 0.000000
rubbergloveCHROME.bmp
  6 -24.346813 -0.574211 1.607312 -0.874716 0.251223 -0.414437 0.000000 0.000000
  6 -24.324152 -0.686009 1.541072 -0.726165 -0.122189 -0.676576 0.000000 0.000000
  6 -24.497921 -0.887423 1.806471 -0.858348 -0.137309 -0.494353 0.000000 0.000000
rubbergloveCHROME.bmp
  6 -23.631815 -0.839065 1.260283 -0.105226 -0.602083 -0.791469 0.000000 0.000000
  6 -23.519327 -0.717278 1.127940 -0.001655 -0.546109 -0.837713 0.000000 0.000000
  6 -23.468111 -0.916103 1.351202 0.239868 -0.729153 -0.640936 0.000000 0.000000
rubbergloveCHROME.bmp
  6 -23.468111 -0.916103 1.351202 0.239868 -0.729153 -0.640936 0.000000 0.000000
  6 -23.519327 -0.717278 1.127940 -0.001655 -0.546109 -0.837713 0.000000 0.000000
  5 -23.294320 -0.718925 1.215748 0.430584 -0.645187 -0.631135 0.000000 0.000000
rubbergloveCHROME.bmp
  6 -23.519327 -0.717278 1.127940 -0.001655 -0.546109 -0.837713 0.000000 0.000000
  5 -23.381615 -0.504159 1.055576 0.179139 -0.398962 -0.899299 0.000000 0.000000
  5 -23.294320 -0.718925 1.215748 0.430584 -0.645187 -0.631135 0.000000 0.000000
rubbergloveCHROME.bmp
  5 -23.294320 -0.718925 1.215748 0.430584 -0.645187 -0.631135 0.000000 0.000000
  5 -23.381615 -0.504159 1.055576 0.179139 -0.398962 -0.899299 0.000000 0.000000
  5 -23.131386 -0.584071 1.194139 0.535547 -0.610548 -0.583456 0.000000 0.000000
rubbergloveCHROME.bmp
  5 -23.381615 -0.504159 1.055576 0.179139 -0.398962 -0.899299 0.000000 0.000000
  5 -23.253868 -0.364920 1.045912 0.148114 -0.504355 -0.850699 0.000000 0.000000
  5 -23.131386 -0.584071 1.194139 0.535547 -0.610548 -0.583456 0.000000 0.000000
rubbergloveCHROME.bmp
  5 -23.131386 -0.584071 1.194139 0.535547 -0.610548 -0.583456 0.000000 0.000000
  5 -23.253868 -0.364920 1.045912 0.148114 -0.504355 -0.850699 0.000000 0.000000
  5 -23.023579 -0.492000 1.193281 0.546829 -0.683908 -0.482957 0.000000 0.000000
rubbergloveCHROME.bmp
  5 -23.253868 -0.364920 1.045912 0.148114 -0.504355 -0.850699 0.000000 0.000000
  5 -23.070562 -0.267438 0.972455 0.120205 -0.706736 -0.697191 0.000000 0.000000
  5 -23.023579 -0.492000 1.193281 0.546829 -0.683908 -0.482957 0.000000 0.000000
rubbergloveCHROME.bmp
  33 27.730251 -0.763593 -2.806353 0.535216 0.839880 -0.090248 0.000000 0.000000
  33 27.682110 -0.784692 -2.767144 0.443292 0.896018 -0.025373 0.000000 0.000000
  33 27.713199 -0.808443 -2.611679 0.396087 0.844480 0.360512 0.000000 0.000000
rubbergloveCHROME.bmp
  33 27.713199 -0.808443 -2.611679 0.396087 0.844480 0.360512 0.000000 0.000000
  33 27.682110 -0.784692 -2.767144 0.443292 0.896018 -0.025373 0.000000 0.000000
  33 27.641782 -0.809447 -2.636145 0.396087 0.844480 0.360512 0.000000 0.000000
rubbergloveCHROME.bmp
  33 27.682110 -0.784692 -2.767144 0.443292 0.896018 -0.025373 0.000000 0.000000
  32 27.554011 -0.609422 -2.742278 0.840868 0.541213 -0.005501 0.000000 0.000000
  33 27.641782 -0.809447 -2.636145 0.396087 0.844480 0.360512 0.000000 0.000000
rubbergloveCHROME.bmp
  33 27.641782 -0.809447 -2.636145 0.396087 0.844480 0.360512 0.000000 0.000000
  32 27.554011 -0.609422 -2.742278 0.840868 0.541213 -0.005501 0.000000 0.000000
  32 27.569471 -0.685930 -2.541014 0.730846 0.372088 0.572202 0.000000 0.000000
rubbergloveCHROME.bmp
  32 27.554011 -0.609422 -2.742278 0.840868 0.541213 -0.005501 0.000000 0.000000
  32 27.412217 -0.455272 -2.508328 0.726642 0.471633 0.499554 0.000000 0.000000
  32 27.569471 -0.685930 -2.541014 0.730846 0.372088 0.572202 0.000000 0.000000
rubbergloveCHROME.bmp
  32 27.569471 -0.685930 -2.541014 0.730846 0.372088 0.572202 0.000000 0.000000
  32 27.412217 -0.455272 -2.508328 0.726642 0.471633 0.499554 0.000000 0.000000
  32 27.358298 -0.552675 -2.419980 0.590154 0.298645 0.750019 0.000000 0.000000
rubbergloveCHROME.bmp
  32 27.412217 -0.455272 -2.508328 0.726642 0.471633 0.499554 0.000000 0.000000
  32 27.238216 -0.412222 -2.404069 0.630076 0.275154 0.726151 0.000000 0.000000
  32 27.358298 -0.552675 -2.419980 0.590154 0.298645 0.750019 0.000000 0.000000
rubbergloveCHROME.bmp
  31 27.240149 -0.095828 -2.603633 0.958512 0.228699 -0.170154 0.000000 0.000000
  31 27.198185 -0.068060 -2.430232 0.678524 0.629032 0.379373 0.000000 0.000000
  31 27.249401 -0.167436 -2.431335 0.986684 0.029439 0.159964 0.000000 0.000000
rubbergloveCHROME.bmp
  31 27.249401 -0.167436 -2.431335 0.986684 0.029439 0.159964 0.000000 0.000000
  31 27.198185 -0.068060 -2.430232 0.678524 0.629032 0.379373 0.000000 0.000000
  31 27.159959 -0.165523 -2.314303 0.390522 0.320079 0.863158 0.000000 0.000000
rubbergloveCHROME.bmp
  31 27.198185 -0.068060 -2.430232 0.678524 0.629032 0.379373 0.000000 0.000000
  31 27.128675 -0.045760 -2.408526 0.746695 0.524791 0.408706 0.000000 0.000000
  31 27.159959 -0.165523 -2.314303 0.390522 0.320079 0.863158 0.000000 0.000000
rubbergloveCHROME.bmp
  31 27.159959 -0.165523 -2.314303 0.390522 0.320079 0.863158 0.000000 0.000000
  31 27.128675 -0.045760 -2.408526 0.746695 0.524791 0.408706 0.000000 0.000000
  31 27.124564 -0.134275 -2.330756 0.527199 0.136746 0.838667 0.000000 0.000000
rubbergloveCHROME.bmp
  31 27.128675 -0.045760 -2.408526 0.746695 0.524791 0.408706 0.000000 0.000000
  31 27.113888 -0.083801 -2.297017 0.691736 0.028886 0.721573 0.000000 0.000000
  31 27.124564 -0.134275 -2.330756 0.527199 0.136746 0.838667 0.000000 0.000000
rubbergloveCHROME.bmp
  31 27.124564 -0.134275 -2.330756 0.527199 0.136746 0.838667 0.000000 0.000000
  31 27.113888 -0.083801 -2.297017 0.691736 0.028886 0.721573 0.000000 0.000000
  31 26.973911 -0.159294 -2.266900 0.512023 -0.147911 0.846141 0.000000 0.000000
rubbergloveCHROME.bmp
  31 27.113888 -0.083801 -2.297017 0.691736 0.028886 0.721573 0.000000 0.000000
  31 26.973772 -0.078155 -2.240135 0.111193 0.265773 0.957602 0.000000 0.000000
  31 26.973911 -0.159294 -2.266900 0.512023 -0.147911 0.846141 0.000000 0.000000
rubbergloveCHROME.bmp
  31 26.829634 -0.046985 -3.037790 0.186231 0.617927 -0.763862 0.000000 0.000000
  31 26.878734 -0.078483 -3.087760 0.094590 0.664058 -0.741674 0.000000 0.000000
  31 26.710854 -0.142952 -3.080002 -0.096507 0.299646 -0.949157 0.000000 0.000000
rubbergloveCHROME.bmp
  31 26.710854 -0.142952 -3.080002 -0.096507 0.299646 -0.949157 0.000000 0.000000
  31 26.878734 -0.078483 -3.087760 0.094590 0.664058 -0.741674 0.000000 0.000000
  31 26.748569 -0.178096 -3.148868 -0.445817 0.343427 -0.826623 0.000000 0.000000
rubbergloveCHROME.bmp
  31 26.878734 -0.078483 -3.087760 0.094590 0.664058 -0.741674 0.000000 0.000000
  31 26.940889 -0.161699 -3.130326 0.482192 0.193447 -0.854441 0.000000 0.000000
  31 26.748569 -0.178096 -3.148868 -0.445817 0.343427 -0.826623 0.000000 0.000000
rubbergloveCHROME.bmp
  31 26.748569 -0.178096 -3.148868 -0.445817 0.343427 -0.826623 0.000000 0.000000
  31 26.940889 -0.161699 -3.130326 0.482192 0.193447 -0.854441 0.000000 0.000000
  31 26.819747 -0.255759 -3.182066 -0.016737 -0.164474 -0.986239 0.000000 0.000000
rubbergloveCHROME.bmp
  31 26.940889 -0.161699 -3.130326 0.482192 0.193447 -0.854441 0.000000 0.000000
  32 26.888766 -0.273091 -3.139682 0.327493 0.038493 -0.944069 0.000000 0.000000
  31 26.819747 -0.255759 -3.182066 -0.016737 -0.164474 -0.986239 0.000000 0.000000
rubbergloveCHROME.bmp
  31 26.819747 -0.255759 -3.182066 -0.016737 -0.164474 -0.986239 0.000000 0.000000
  32 26.888766 -0.273091 -3.139682 0.327493 0.038493 -0.944069 0.000000 0.000000
  32 26.788454 -0.356695 -3.121029 0.026467 -0.331539 -0.943070 0.000000 0.000000
rubbergloveCHROME.bmp
  32 26.888766 -0.273091 -3.139682 0.327493 0.038493 -0.944069 0.000000 0.000000
  32 26.901562 -0.476716 -3.131121 -0.182278 -0.023798 -0.982959 0.000000 0.000000
  32 26.788454 -0.356695 -3.121029 0.026467 -0.331539 -0.943070 0.000000 0.000000
rubbergloveCHROME.bmp
  31 26.254449 0.225149 -3.040061 -0.032367 -0.115046 -0.992833 0.000000 0.000000
  31 26.438735 0.127835 -3.031782 -0.032367 -0.115046 -0.992833 0.000000 0.000000
  31 26.213165 0.076134 -2.954678 -0.067372 -0.219464 -0.973292 0.000000 0.000000
rubbergloveCHROME.bmp
  31 26.213165 0.076134 -2.954678 -0.067372 -0.219464 -0.973292 0.000000 0.000000
  31 26.438735 0.127835 -3.031782 -0.032367 -0.115046 -0.992833 0.000000 0.000000
  31 26.383716 -0.022256 -2.943207 -0.159272 -0.139397 -0.977344 0.000000 0.000000
rubbergloveCHROME.bmp
  31 26.438735 0.127835 -3.031782 -0.032367 -0.115046 -0.992833 0.000000 0.000000
  31 26.500905 0.045283 -3.042732 -0.093626 0.038509 -0.994862 0.000000 0.000000
  31 26.383716 -0.022256 -2.943207 -0.159272 -0.139397 -0.977344 0.000000 0.000000
rubbergloveCHROME.bmp
  31 26.383716 -0.022256 -2.943207 -0.159272 -0.139397 -0.977344 0.000000 0.000000
  31 26.500905 0.045283 -3.042732 -0.093626 0.038509 -0.994862 0.000000 0.000000
  31 26.440325 -0.073314 -2.967467 -0.312139 -0.080589 -0.946612 0.000000 0.000000
rubbergloveCHROME.bmp
  31 26.500905 0.045283 -3.042732 -0.093626 0.038509 -0.994862 0.000000 0.000000
  31 26.578757 -0.024259 -3.044473 -0.366398 0.110011 -0.923932 0.000000 0.000000
  31 26.440325 -0.073314 -2.967467 -0.312139 -0.080589 -0.946612 0.000000 0.000000
rubbergloveCHROME.bmp
  31 26.440325 -0.073314 -2.967467 -0.312139 -0.080589 -0.946612 0.000000 0.000000
  31 26.578757 -0.024259 -3.044473 -0.366398 0.110011 -0.923932 0.000000 0.000000
  31 26.515813 -0.140949 -2.978736 -0.456106 0.053033 -0.888344 0.000000 0.000000
rubbergloveCHROME.bmp
  31 26.578757 -0.024259 -3.044473 -0.366398 0.110011 -0.923932 0.000000 0.000000
  31 26.562133 -0.156700 -3.035361 -0.508547 -0.158948 -0.846236 0.000000 0.000000
  31 26.515813 -0.140949 -2.978736 -0.456106 0.053033 -0.888344 0.000000 0.000000
rubbergloveCHROME.bmp
  28 27.575681 0.044231 -1.391959 0.705288 0.449211 0.548433 0.000000 0.000000
  28 27.654046 -0.028583 -1.488691 0.825451 0.386333 0.411555 0.000000 0.000000
  28 27.588501 0.073152 -1.461236 0.680287 0.298011 0.669626 0.000000 0.000000
rubbergloveCHROME.bmp
  28 27.575681 0.044231 -1.391959 0.705288 0.449211 0.548433 0.000000 0.000000
  28 27.686932 -0.045389 -1.453533 0.824888 0.444672 0.349038 0.000000 0.000000
  28 27.654046 -0.028583 -1.488691 0.825451 0.386333 0.411555 0.000000 0.000000
rubbergloveCHROME.bmp
  28 27.575681 0.044231 -1.391959 0.705288 0.449211 0.548433 0.000000 0.000000
  28 27.623444 -0.095540 -1.401054 0.768395 0.338833 0.542919 0.000000 0.000000
  28 27.686932 -0.045389 -1.453533 0.824888 0.444672 0.349038 0.000000 0.000000
rubbergloveCHROME.bmp
  28 27.575681 0.044231 -1.391959 0.705288 0.449211 0.548433 0.000000 0.000000
  28 27.539843 0.009350 -1.340979 0.561662 0.422346 0.711449 0.000000 0.000000
  28 27.623444 -0.095540 -1.401054 0.768395 0.338833 0.542919 0.000000 0.000000
rubbergloveCHROME.bmp
  28 27.575681 0.044231 -1.391959 0.705288 0.449211 0.548433 0.000000 0.000000
  28 27.479415 0.160794 -1.379878 0.625323 0.546330 0.557220 0.000000 0.000000
  28 27.539843 0.009350 -1.340979 0.561662 0.422346 0.711449 0.000000 0.000000
rubbergloveCHROME.bmp
  28 27.575681 0.044231 -1.391959 0.705288 0.449211 0.548433 0.000000 0.000000
  28 27.501653 0.181010 -1.430836 0.530859 0.531854 0.659788 0.000000 0.000000
  28 27.479415 0.160794 -1.379878 0.625323 0.546330 0.557220 0.000000 0.000000
rubbergloveCHROME.bmp
  28 27.575681 0.044231 -1.391959 0.705288 0.449211 0.548433 0.000000 0.000000
  28 27.588501 0.073152 -1.461236 0.680287 0.298011 0.669626 0.000000 0.000000
  28 27.501653 0.181010 -1.430836 0.530859 0.531854 0.659788 0.000000 0.000000
rubbergloveCHROME.bmp
  28 27.461246 -0.368961 -2.108184 -0.126897 0.118432 -0.984820 0.000000 0.000000
  28 27.569685 -0.305902 -2.133964 -0.067729 0.201166 -0.977213 0.000000 0.000000
  29 27.531102 -0.486072 -2.157867 -0.191974 0.150892 -0.969731 0.000000 0.000000
rubbergloveCHROME.bmp
  29 27.531102 -0.486072 -2.157867 -0.191974 0.150892 -0.969731 0.000000 0.000000
  28 27.569685 -0.305902 -2.133964 -0.067729 0.201166 -0.977213 0.000000 0.000000
  28 27.652735 -0.328412 -2.165523 0.065864 0.515616 -0.854285 0.000000 0.000000
rubbergloveCHROME.bmp
  28 27.569685 -0.305902 -2.133964 -0.067729 0.201166 -0.977213 0.000000 0.000000
  28 27.690839 -0.213522 -2.026784 0.454246 0.747779 -0.484238 0.000000 0.000000
  28 27.652735 -0.328412 -2.165523 0.065864 0.515616 -0.854285 0.000000 0.000000
rubbergloveCHROME.bmp
  28 27.652735 -0.328412 -2.165523 0.065864 0.515616 -0.854285 0.000000 0.000000
  28 27.690839 -0.213522 -2.026784 0.454246 0.747779 -0.484238 0.000000 0.000000
  28 27.789476 -0.250475 -2.051383 0.470336 0.760995 -0.446845 0.000000 0.000000
rubbergloveCHROME.bmp
  28 27.690839 -0.213522 -2.026784 0.454246 0.747779 -0.484238 0.000000 0.000000
  28 27.845126 -0.233596 -1.853600 0.431143 0.899351 -0.072692 0.000000 0.000000
  28 27.789476 -0.250475 -2.051383 0.470336 0.760995 -0.446845 0.000000 0.000000
rubbergloveCHROME.bmp
  28 27.789476 -0.250475 -2.051383 0.470336 0.760995 -0.446845 0.000000 0.000000
  28 27.845126 -0.233596 -1.853600 0.431143 0.899351 -0.072692 0.000000 0.000000
  28 27.904678 -0.302463 -1.856894 0.901246 0.354912 -0.248581 0.000000 0.000000
rubbergloveCHROME.bmp
  28 27.845126 -0.233596 -1.853600 0.431143 0.899351 -0.072692 0.000000 0.000000
  28 27.921547 -0.304229 -1.697169 0.929981 0.364306 -0.049150 0.000000 0.000000
  28 27.904678 -0.302463 -1.856894 0.901246 0.354912 -0.248581 0.000000 0.000000
rubbergloveCHROME.bmp
  25 26.616237 -0.619694 -0.835974 -0.303522 -0.854567 -0.421413 0.000000 0.000000
  3 26.301716 -0.480187 -0.956245 -0.195052 -0.968624 -0.154019 0.000000 0.000000
  3 26.492991 -0.458228 -1.022059 0.195248 -0.931966 -0.305479 0.000000 0.000000
rubbergloveCHROME.bmp
  25 26.616237 -0.619694 -0.835974 -0.303522 -0.854567 -0.421413 0.000000 0.000000
  3 26.360114 -0.574522 -0.694921 -0.289790 -0.950620 -0.111096 0.000000 0.000000
  3 26.301716 -0.480187 -0.956245 -0.195052 -0.968624 -0.154019 0.000000 0.000000
rubbergloveCHROME.bmp
  25 26.616237 -0.619694 -0.835974 -0.303522 -0.854567 -0.421413 0.000000 0.000000
  25 26.620787 -0.627603 -0.366063 -0.213176 -0.887117 0.409364 0.000000 0.000000
  3 26.360114 -0.574522 -0.694921 -0.289790 -0.950620 -0.111096 0.000000 0.000000
rubbergloveCHROME.bmp
  25 26.616237 -0.619694 -0.835974 -0.303522 -0.854567 -0.421413 0.000000 0.000000
  25 26.808437 -0.860264 -0.641846 -0.649988 -0.757648 -0.059038 0.000000 0.000000
  25 26.620787 -0.627603 -0.366063 -0.213176 -0.887117 0.409364 0.000000 0.000000
rubbergloveCHROME.bmp
  25 26.616237 -0.619694 -0.835974 -0.303522 -0.854567 -0.421413 0.000000 0.000000
  25 26.821682 -0.749661 -0.850153 -0.487247 -0.595704 -0.638535 0.000000 0.000000
  25 26.808437 -0.860264 -0.641846 -0.649988 -0.757648 -0.059038 0.000000 0.000000
rubbergloveCHROME.bmp
  25 26.616237 -0.619694 -0.835974 -0.303522 -0.854567 -0.421413 0.000000 0.000000
  25 26.783612 -0.472849 -1.005155 -0.065471 -0.580137 -0.811883 0.000000 0.000000
  25 26.821682 -0.749661 -0.850153 -0.487247 -0.595704 -0.638535 0.000000 0.000000
rubbergloveCHROME.bmp
  25 26.616237 -0.619694 -0.835974 -0.303522 -0.854567 -0.421413 0.000000 0.000000
  3 26.492991 -0.458228 -1.022059 0.195248 -0.931966 -0.305479 0.000000 0.000000
  25 26.783612 -0.472849 -1.005155 -0.065471 -0.580137 -0.811883 0.000000 0.000000
rubbergloveCHROME.bmp
  31 27.079635 -0.241187 -2.309514 0.413849 0.147619 0.898297 0.000000 0.000000
  32 27.105623 -0.366144 -2.277990 0.567879 0.050315 0.821573 0.000000 0.000000
  32 27.148629 -0.325979 -2.333101 0.604018 -0.103885 0.790171 0.000000 0.000000
rubbergloveCHROME.bmp
  32 27.148629 -0.325979 -2.333101 0.604018 -0.103885 0.790171 0.000000 0.000000
  32 27.105623 -0.366144 -2.277990 0.567879 0.050315 0.821573 0.000000 0.000000
  32 27.180793 -0.356916 -2.357766 0.813580 -0.070034 0.577220 0.000000 0.000000
rubbergloveCHROME.bmp
  32 27.105623 -0.366144 -2.277990 0.567879 0.050315 0.821573 0.000000 0.000000
  32 27.172454 -0.457652 -2.323375 0.546641 0.156441 0.822624 0.000000 0.000000
  32 27.180793 -0.356916 -2.357766 0.813580 -0.070034 0.577220 0.000000 0.000000
rubbergloveCHROME.bmp
  32 27.180793 -0.356916 -2.357766 0.813580 -0.070034 0.577220 0.000000 0.000000
  32 27.172454 -0.457652 -2.323375 0.546641 0.156441 0.822624 0.000000 0.000000
  32 27.238216 -0.412222 -2.404069 0.630076 0.275154 0.726151 0.000000 0.000000
rubbergloveCHROME.bmp
  32 27.172454 -0.457652 -2.323375 0.546641 0.156441 0.822624 0.000000 0.000000
  32 27.276292 -0.569197 -2.339967 0.501830 0.215424 0.837710 0.000000 0.000000
  32 27.238216 -0.412222 -2.404069 0.630076 0.275154 0.726151 0.000000 0.000000
rubbergloveCHROME.bmp
  32 27.238216 -0.412222 -2.404069 0.630076 0.275154 0.726151 0.000000 0.000000
  32 27.276292 -0.569197 -2.339967 0.501830 0.215424 0.837710 0.000000 0.000000
  32 27.358298 -0.552675 -2.419980 0.590154 0.298645 0.750019 0.000000 0.000000
rubbergloveCHROME.bmp
  32 27.276292 -0.569197 -2.339967 0.501830 0.215424 0.837710 0.000000 0.000000
  32 27.455650 -0.740834 -2.450292 0.655658 0.287092 0.698349 0.000000 0.000000
  32 27.358298 -0.552675 -2.419980 0.590154 0.298645 0.750019 0.000000 0.000000
rubbergloveCHROME.bmp
  3 26.294122 -0.283692 -1.956611 0.036595 -0.652816 -0.756632 0.000000 0.000000
  31 26.356280 -0.220251 -2.062897 0.207741 -0.975292 -0.075160 0.000000 0.000000
  28 26.435854 -0.304426 -2.019839 0.054777 -0.493819 -0.867838 0.000000 0.000000
rubbergloveCHROME.bmp
  28 26.435854 -0.304426 -2.019839 0.054777 -0.493819 -0.867838 0.000000 0.000000
  31 26.356280 -0.220251 -2.062897 0.207741 -0.975292 -0.075160 0.000000 0.000000
  31 26.644517 0.110420 -2.152208 0.995908 -0.071683 -0.055032 0.000000 0.000000
rubbergloveCHROME.bmp
  31 26.356280 -0.220251 -2.062897 0.207741 -0.975292 -0.075160 0.000000 0.000000
  31 26.509993 -0.143681 -2.096206 0.195094 -0.160924 0.967493 0.000000 0.000000
  31 26.644517 0.110420 -2.152208 0.995908 -0.071683 -0.055032 0.000000 0.000000
rubbergloveCHROME.bmp
  31 26.644517 0.110420 -2.152208 0.995908 -0.071683 -0.055032 0.000000 0.000000
  31 26.509993 -0.143681 -2.096206 0.195094 -0.160924 0.967493 0.000000 0.000000
  31 26.651469 -0.043737 -2.174281 0.561432 0.218726 0.798093 0.000000 0.000000
rubbergloveCHROME.bmp
  31 26.509993 -0.143681 -2.096206 0.195094 -0.160924 0.967493 0.000000 0.000000
  31 26.674287 -0.264034 -2.119064 0.266919 -0.102504 0.958252 0.000000 0.000000
  31 26.651469 -0.043737 -2.174281 0.561432 0.218726 0.798093 0.000000 0.000000
rubbergloveCHROME.bmp
  31 26.651469 -0.043737 -2.174281 0.561432 0.218726 0.798093 0.000000 0.000000
  31 26.674287 -0.264034 -2.119064 0.266919 -0.102504 0.958252 0.000000 0.000000
  31 26.740276 -0.096455 -2.185870 0.404221 0.376502 0.833578 0.000000 0.000000
rubbergloveCHROME.bmp
  31 26.674287 -0.264034 -2.119064 0.266919 -0.102504 0.958252 0.000000 0.000000
  31 26.900692 -0.240014 -2.201913 0.341677 0.121880 0.931881 0.000000 0.000000
  31 26.740276 -0.096455 -2.185870 0.404221 0.376502 0.833578 0.000000 0.000000
rubbergloveCHROME.bmp
  31 26.515813 -0.140949 -2.978736 -0.456106 0.053033 -0.888344 0.000000 0.000000
  31 26.386636 -0.119143 -2.963317 -0.206838 -0.066616 -0.976105 0.000000 0.000000
  31 26.440325 -0.073314 -2.967467 -0.312139 -0.080589 -0.946612 0.000000 0.000000
rubbergloveCHROME.bmp
  31 26.440325 -0.073314 -2.967467 -0.312139 -0.080589 -0.946612 0.000000 0.000000
  31 26.386636 -0.119143 -2.963317 -0.206838 -0.066616 -0.976105 0.000000 0.000000
  31 26.383716 -0.022256 -2.943207 -0.159272 -0.139397 -0.977344 0.000000 0.000000
rubbergloveCHROME.bmp
  31 26.386636 -0.119143 -2.963317 -0.206838 -0.066616 -0.976105 0.000000 0.000000
  31 26.162674 0.000717 -2.946746 -0.072486 -0.166086 -0.983444 0.000000 0.000000
  31 26.383716 -0.022256 -2.943207 -0.159272 -0.139397 -0.977344 0.000000 0.000000
rubbergloveCHROME.bmp
  31 26.383716 -0.022256 -2.943207 -0.159272 -0.139397 -0.977344 0.000000 0.000000
  31 26.162674 0.000717 -2.946746 -0.072486 -0.166086 -0.983444 0.000000 0.000000
  31 26.213165 0.076134 -2.954678 -0.067372 -0.219464 -0.973292 0.000000 0.000000
rubbergloveCHROME.bmp
  31 26.162674 0.000717 -2.946746 -0.072486 -0.166086 -0.983444 0.000000 0.000000
  31 25.988924 0.128695 -2.962000 -0.181703 -0.173643 -0.967901 0.000000 0.000000
  31 26.213165 0.076134 -2.954678 -0.067372 -0.219464 -0.973292 0.000000 0.000000
rubbergloveCHROME.bmp
  31 26.213165 0.076134 -2.954678 -0.067372 -0.219464 -0.973292 0.000000 0.000000
  31 25.988924 0.128695 -2.962000 -0.181703 -0.173643 -0.967901 0.000000 0.000000
  31 26.029975 0.212401 -2.976427 -0.120879 -0.168875 -0.978197 0.000000 0.000000
rubbergloveCHROME.bmp
  31 25.988924 0.128695 -2.962000 -0.181703 -0.173643 -0.967901 0.000000 0.000000
  3 25.774182 0.298261 -2.968142 -0.188513 -0.219114 -0.957315 0.000000 0.000000
  31 26.029975 0.212401 -2.976427 -0.120879 -0.168875 -0.978197 0.000000 0.000000
rubbergloveCHROME.bmp
  25 27.832039 0.210043 -0.663748 0.461069 0.794366 -0.395472 0.000000 0.000000
  25 27.876108 0.037390 -0.777101 0.603619 0.629333 -0.489473 0.000000 0.000000
  25 27.747528 0.192201 -0.723241 0.563620 0.726261 -0.393544 0.000000 0.000000
rubbergloveCHROME.bmp
  25 27.747528 0.192201 -0.723241 0.563620 0.726261 -0.393544 0.000000 0.000000
  25 27.876108 0.037390 -0.777101 0.603619 0.629333 -0.489473 0.000000 0.000000
  25 27.753420 0.201000 -0.803165 0.601511 0.721813 -0.342301 0.000000 0.000000
rubbergloveCHROME.bmp
  25 27.876108 0.037390 -0.777101 0.603619 0.629333 -0.489473 0.000000 0.000000
  25 27.846405 0.051108 -0.846596 0.631457 0.567231 -0.528688 0.000000 0.000000
  25 27.753420 0.201000 -0.803165 0.601511 0.721813 -0.342301 0.000000 0.000000
rubbergloveCHROME.bmp
  25 27.753420 0.201000 -0.803165 0.601511 0.721813 -0.342301 0.000000 0.000000
  25 27.846405 0.051108 -0.846596 0.631457 0.567231 -0.528688 0.000000 0.000000
  25 27.668606 0.196435 -0.812423 0.508225 0.661556 -0.551408 0.000000 0.000000
rubbergloveCHROME.bmp
  25 27.846405 0.051108 -0.846596 0.631457 0.567231 -0.528688 0.000000 0.000000
  25 27.826805 0.015303 -0.887016 0.551460 0.508256 -0.661489 0.000000 0.000000
  25 27.668606 0.196435 -0.812423 0.508225 0.661556 -0.551408 0.000000 0.000000
rubbergloveCHROME.bmp
  25 27.668606 0.196435 -0.812423 0.508225 0.661556 -0.551408 0.000000 0.000000
  25 27.826805 0.015303 -0.887016 0.551460 0.508256 -0.661489 0.000000 0.000000
  25 27.708780 -0.052243 -1.047040 0.313153 0.320335 -0.894047 0.000000 0.000000
rubbergloveCHROME.bmp
  25 27.826805 0.015303 -0.887016 0.551460 0.508256 -0.661489 0.000000 0.000000
  25 27.808129 -0.181404 -1.040174 0.364240 0.265694 -0.892601 0.000000 0.000000
  25 27.708780 -0.052243 -1.047040 0.313153 0.320335 -0.894047 0.000000 0.000000
rubbergloveCHROME.bmp
  25 27.889423 -0.763198 -1.130769 0.157586 0.289263 -0.944189 0.000000 0.000000
  25 28.080818 -0.760279 -1.092565 0.133557 0.486168 -0.863599 0.000000 0.000000
  26 28.135573 -0.867040 -1.144902 0.254972 0.390041 -0.884792 0.000000 0.000000
rubbergloveCHROME.bmp
  25 27.889423 -0.763198 -1.130769 0.157586 0.289263 -0.944189 0.000000 0.000000
  25 28.071985 -0.725715 -1.071894 0.262534 0.204176 -0.943074 0.000000 0.000000
  25 28.080818 -0.760279 -1.092565 0.133557 0.486168 -0.863599 0.000000 0.000000
rubbergloveCHROME.bmp
  25 27.889423 -0.763198 -1.130769 0.157586 0.289263 -0.944189 0.000000 0.000000
  25 28.014030 -0.700803 -1.060912 0.088782 0.161419 -0.982884 0.000000 0.000000
  25 28.071985 -0.725715 -1.071894 0.262534 0.204176 -0.943074 0.000000 0.000000
rubbergloveCHROME.bmp
  25 27.889423 -0.763198 -1.130769 0.157586 0.289263 -0.944189 0.000000 0.000000
  25 27.947642 -0.654771 -1.069496 0.088782 0.161419 -0.982884 0.000000 0.000000
  25 28.014030 -0.700803 -1.060912 0.088782 0.161419 -0.982884 0.000000 0.000000
rubbergloveCHROME.bmp
  25 27.889423 -0.763198 -1.130769 0.157586 0.289263 -0.944189 0.000000 0.000000
  25 27.882040 -0.622858 -1.078326 0.262534 0.204176 -0.943074 0.000000 0.000000
  25 27.947642 -0.654771 -1.069496 0.088782 0.161419 -0.982884 0.000000 0.000000
rubbergloveCHROME.bmp
  25 27.889423 -0.763198 -1.130769 0.157586 0.289263 -0.944189 0.000000 0.000000
  25 27.639341 -0.472341 -1.143456 0.192768 0.225488 -0.954985 0.000000 0.000000
  25 27.882040 -0.622858 -1.078326 0.262534 0.204176 -0.943074 0.000000 0.000000
rubbergloveCHROME.bmp
  25 27.889423 -0.763198 -1.130769 0.157586 0.289263 -0.944189 0.000000 0.000000
  25 27.372700 -0.891554 -1.107923 -0.197902 -0.169614 -0.965436 0.000000 0.000000
  25 27.639341 -0.472341 -1.143456 0.192768 0.225488 -0.954985 0.000000 0.000000
rubbergloveCHROME.bmp
  22 27.537455 -0.546359 1.158063 0.211380 0.264317 0.940986 0.000000 0.000000
  22 27.678510 -0.492327 1.030846 0.505243 0.548141 0.666537 0.000000 0.000000
  22 27.636696 -0.430132 1.039984 0.545461 0.496512 0.675239 0.000000 0.000000
rubbergloveCHROME.bmp
  22 27.636696 -0.430132 1.039984 0.545461 0.496512 0.675239 0.000000 0.000000
  22 27.678510 -0.492327 1.030846 0.505243 0.548141 0.666537 0.000000 0.000000
  22 27.721194 -0.418713 0.878337 0.726076 0.470331 0.501600 0.000000 0.000000
rubbergloveCHROME.bmp
  22 27.678510 -0.492327 1.030846 0.505243 0.548141 0.666537 0.000000 0.000000
  22 27.767262 -0.458431 0.877960 0.550915 0.742826 0.380398 0.000000 0.000000
  22 27.721194 -0.418713 0.878337 0.726076 0.470331 0.501600 0.000000 0.000000
rubbergloveCHROME.bmp
  22 27.721194 -0.418713 0.878337 0.726076 0.470331 0.501600 0.000000 0.000000
  22 27.767262 -0.458431 0.877960 0.550915 0.742826 0.380398 0.000000 0.000000
  22 27.790359 -0.407529 0.724743 0.821966 0.416412 0.388553 0.000000 0.000000
rubbergloveCHROME.bmp
  22 27.767262 -0.458431 0.877960 0.550915 0.742826 0.380398 0.000000 0.000000
  22 27.819743 -0.446627 0.742290 0.555963 0.779012 0.289907 0.000000 0.000000
  22 27.790359 -0.407529 0.724743 0.821966 0.416412 0.388553 0.000000 0.000000
rubbergloveCHROME.bmp
  22 27.790359 -0.407529 0.724743 0.821966 0.416412 0.388553 0.000000 0.000000
  22 27.819743 -0.446627 0.742290 0.555963 0.779012 0.289907 0.000000 0.000000
  22 27.852498 -0.376679 0.558349 0.590804 0.763815 0.259877 0.000000 0.000000
rubbergloveCHROME.bmp
  22 27.819743 -0.446627 0.742290 0.555963 0.779012 0.289907 0.000000 0.000000
  22 27.934479 -0.447925 0.575755 0.844397 0.477153 0.243555 0.000000 0.000000
  22 27.852498 -0.376679 0.558349 0.590804 0.763815 0.259877 0.000000 0.000000
rubbergloveCHROME.bmp
  22 27.552188 0.182918 0.661135 0.542008 0.812143 -0.215988 0.000000 0.000000
  22 27.680283 -0.001855 0.502231 0.700930 0.667648 -0.250886 0.000000 0.000000
  22 27.494210 0.181592 0.612794 0.703225 0.706250 -0.081760 0.000000 0.000000
rubbergloveCHROME.bmp
  22 27.494210 0.181592 0.612794 0.703225 0.706250 -0.081760 0.000000 0.000000
  22 27.680283 -0.001855 0.502231 0.700930 0.667648 -0.250886 0.000000 0.000000
  22 27.506794 0.187067 0.512736 0.703225 0.706250 -0.081760 0.000000 0.000000
rubbergloveCHROME.bmp
  22 27.680283 -0.001855 0.502231 0.700930 0.667648 -0.250886 0.000000 0.000000
  22 27.670781 0.007670 0.459581 0.755918 0.627134 -0.187858 0.000000 0.000000
  22 27.506794 0.187067 0.512736 0.703225 0.706250 -0.081760 0.000000 0.000000
rubbergloveCHROME.bmp
  22 27.506794 0.187067 0.512736 0.703225 0.706250 -0.081760 0.000000 0.000000
  22 27.670781 0.007670 0.459581 0.755918 0.627134 -0.187858 0.000000 0.000000
  22 27.486935 0.179736 0.449872 0.755918 0.627134 -0.187858 0.000000 0.000000
rubbergloveCHROME.bmp
  22 27.670781 0.007670 0.459581 0.755918 0.627134 -0.187858 0.000000 0.000000
  22 27.665827 -0.012615 0.399882 0.756147 0.566082 -0.328318 0.000000 0.000000
  22 27.486935 0.179736 0.449872 0.755918 0.627134 -0.187858 0.000000 0.000000
rubbergloveCHROME.bmp
  22 27.486935 0.179736 0.449872 0.755918 0.627134 -0.187858 0.000000 0.000000
  22 27.665827 -0.012615 0.399882 0.756147 0.566082 -0.328318 0.000000 0.000000
  22 27.598145 -0.029464 0.270518 0.600258 0.490757 -0.631544 0.000000 0.000000
rubbergloveCHROME.bmp
  22 27.665827 -0.012615 0.399882 0.756147 0.566082 -0.328318 0.000000 0.000000
  22 27.720457 -0.227523 0.274064 0.684898 0.307162 -0.660731 0.000000 0.000000
  22 27.598145 -0.029464 0.270518 0.600258 0.490757 -0.631544 0.000000 0.000000
rubbergloveCHROME.bmp
  22 27.415341 -0.795628 1.092086 0.106993 -0.057761 0.992581 0.000000 0.000000
  22 27.082964 -0.704498 1.008296 -0.383116 -0.270082 0.883333 0.000000 0.000000
  23 27.272260 -0.933910 1.003471 -0.458052 -0.285607 0.841794 0.000000 0.000000
rubbergloveCHROME.bmp
  22 27.415341 -0.795628 1.092086 0.106993 -0.057761 0.992581 0.000000 0.000000
  22 27.287781 -0.565570 1.054651 -0.205308 0.022849 0.978431 0.000000 0.000000
  22 27.082964 -0.704498 1.008296 -0.383116 -0.270082 0.883333 0.000000 0.000000
rubbergloveCHROME.bmp
  22 27.415341 -0.795628 1.092086 0.106993 -0.057761 0.992581 0.000000 0.000000
  22 27.444627 -0.611062 1.140848 -0.134798 -0.191427 0.972206 0.000000 0.000000
  22 27.287781 -0.565570 1.054651 -0.205308 0.022849 0.978431 0.000000 0.000000
rubbergloveCHROME.bmp
  22 27.415341 -0.795628 1.092086 0.106993 -0.057761 0.992581 0.000000 0.000000
  22 27.458205 -0.660063 1.065918 -0.048035 -0.491987 0.869276 0.000000 0.000000
  22 27.444627 -0.611062 1.140848 -0.134798 -0.191427 0.972206 0.000000 0.000000
rubbergloveCHROME.bmp
  22 27.415341 -0.795628 1.092086 0.106993 -0.057761 0.992581 0.000000 0.000000
  22 27.545163 -0.747929 1.055057 -0.092085 -0.285248 0.954020 0.000000 0.000000
  22 27.458205 -0.660063 1.065918 -0.048035 -0.491987 0.869276 0.000000 0.000000
rubbergloveCHROME.bmp
  22 27.415341 -0.795628 1.092086 0.106993 -0.057761 0.992581 0.000000 0.000000
  22 27.574547 -0.787027 1.072604 -0.019928 -0.074336 0.997034 0.000000 0.000000
  22 27.545163 -0.747929 1.055057 -0.092085 -0.285248 0.954020 0.000000 0.000000
rubbergloveCHROME.bmp
  22 27.415341 -0.795628 1.092086 0.106993 -0.057761 0.992581 0.000000 0.000000
  23 27.614810 -0.828457 1.071581 -0.185400 -0.136106 0.973192 0.000000 0.000000
  22 27.574547 -0.787027 1.072604 -0.019928 -0.074336 0.997034 0.000000 0.000000
rubbergloveCHROME.bmp
  3 26.313918 0.062870 1.074627 -0.159180 -0.379621 0.911345 0.000000 0.000000
  3 26.370651 -0.166974 0.925787 -0.137837 -0.454659 0.879935 0.000000 0.000000
  3 26.387603 -0.051999 1.036210 -0.194048 -0.341052 0.919798 0.000000 0.000000
rubbergloveCHROME.bmp
  3 26.387603 -0.051999 1.036210 -0.194048 -0.341052 0.919798 0.000000 0.000000
  3 26.370651 -0.166974 0.925787 -0.137837 -0.454659 0.879935 0.000000 0.000000
  22 26.587495 -0.264783 1.034004 -0.287166 -0.413857 0.863862 0.000000 0.000000
rubbergloveCHROME.bmp
  3 26.370651 -0.166974 0.925787 -0.137837 -0.454659 0.879935 0.000000 0.000000
  22 26.494550 -0.285534 0.881260 -0.215887 -0.463497 0.859397 0.000000 0.000000
  22 26.587495 -0.264783 1.034004 -0.287166 -0.413857 0.863862 0.000000 0.000000
rubbergloveCHROME.bmp
  22 26.587495 -0.264783 1.034004 -0.287166 -0.413857 0.863862 0.000000 0.000000
  22 26.494550 -0.285534 0.881260 -0.215887 -0.463497 0.859397 0.000000 0.000000
  22 26.817004 -0.526662 0.966588 -0.350704 -0.359518 0.864727 0.000000 0.000000
rubbergloveCHROME.bmp
  22 26.494550 -0.285534 0.881260 -0.215887 -0.463497 0.859397 0.000000 0.000000
  22 26.779700 -0.637085 0.879898 -0.321827 -0.292168 0.900592 0.000000 0.000000
  22 26.817004 -0.526662 0.966588 -0.350704 -0.359518 0.864727 0.000000 0.000000
rubbergloveCHROME.bmp
  22 26.817004 -0.526662 0.966588 -0.350704 -0.359518 0.864727 0.000000 0.000000
  22 26.779700 -0.637085 0.879898 -0.321827 -0.292168 0.900592 0.000000 0.000000
  22 27.082964 -0.704498 1.008296 -0.383116 -0.270082 0.883333 0.000000 0.000000
rubbergloveCHROME.bmp
  22 26.779700 -0.637085 0.879898 -0.321827 -0.292168 0.900592 0.000000 0.000000
  22 27.037151 -0.859872 0.904085 -0.408757 -0.385640 0.827163 0.000000 0.000000
  22 27.082964 -0.704498 1.008296 -0.383116 -0.270082 0.883333 0.000000 0.000000
rubbergloveCHROME.bmp
  20 25.969040 -0.077268 1.851639 0.592090 0.605776 0.531474 0.000000 0.000000
  20 25.849069 0.044085 1.818770 0.516465 0.721884 0.460595 0.000000 0.000000
  20 25.773159 -0.133168 2.049896 0.401750 0.377391 0.834370 0.000000 0.000000
rubbergloveCHROME.bmp
  20 25.969040 -0.077268 1.851639 0.592090 0.605776 0.531474 0.000000 0.000000
  20 25.961111 0.022687 1.610711 0.721912 0.667954 -0.180777 0.000000 0.000000
  20 25.849069 0.044085 1.818770 0.516465 0.721884 0.460595 0.000000 0.000000
rubbergloveCHROME.bmp
  20 25.969040 -0.077268 1.851639 0.592090 0.605776 0.531474 0.000000 0.000000
  20 26.128228 -0.106387 1.607280 0.761455 0.639528 -0.105789 0.000000 0.000000
  20 25.961111 0.022687 1.610711 0.721912 0.667954 -0.180777 0.000000 0.000000
rubbergloveCHROME.bmp
  20 25.969040 -0.077268 1.851639 0.592090 0.605776 0.531474 0.000000 0.000000
  21 26.079891 -0.250523 1.917407 0.567261 0.614352 0.548440 0.000000 0.000000
  20 26.128228 -0.106387 1.607280 0.761455 0.639528 -0.105789 0.000000 0.000000
rubbergloveCHROME.bmp
  20 25.969040 -0.077268 1.851639 0.592090 0.605776 0.531474 0.000000 0.000000
  21 25.899646 -0.311597 2.043825 0.311042 0.442761 0.840961 0.000000 0.000000
  21 26.079891 -0.250523 1.917407 0.567261 0.614352 0.548440 0.000000 0.000000
rubbergloveCHROME.bmp
  20 25.969040 -0.077268 1.851639 0.592090 0.605776 0.531474 0.000000 0.000000
  20 25.773159 -0.133168 2.049896 0.401750 0.377391 0.834370 0.000000 0.000000
  21 25.899646 -0.311597 2.043825 0.311042 0.442761 0.840961 0.000000 0.000000
rubbergloveCHROME.bmp
  3 26.172189 -0.533439 -1.329189 -0.174834 -0.977367 0.119106 0.000000 0.000000
  3 25.987407 -0.419842 -1.073158 -0.426847 -0.875060 0.228191 0.000000 0.000000
  3 25.900946 -0.434019 -1.285109 -0.500356 -0.855153 0.135490 0.000000 0.000000
rubbergloveCHROME.bmp
  3 26.172189 -0.533439 -1.329189 -0.174834 -0.977367 0.119106 0.000000 0.000000
  3 26.265140 -0.497551 -1.167102 0.013324 -0.969020 0.246624 0.000000 0.000000
  3 25.987407 -0.419842 -1.073158 -0.426847 -0.875060 0.228191 0.000000 0.000000
rubbergloveCHROME.bmp
  3 26.172189 -0.533439 -1.329189 -0.174834 -0.977367 0.119106 0.000000 0.000000
  3 26.490556 -0.529767 -1.302195 -0.238737 -0.767847 0.594487 0.000000 0.000000
  3 26.265140 -0.497551 -1.167102 0.013324 -0.969020 0.246624 0.000000 0.000000
rubbergloveCHROME.bmp
  3 26.172189 -0.533439 -1.329189 -0.174834 -0.977367 0.119106 0.000000 0.000000
  3 26.331278 -0.528802 -1.805811 -0.269564 -0.876370 -0.399138 0.000000 0.000000
  3 26.490556 -0.529767 -1.302195 -0.238737 -0.767847 0.594487 0.000000 0.000000
rubbergloveCHROME.bmp
  3 26.172189 -0.533439 -1.329189 -0.174834 -0.977367 0.119106 0.000000 0.000000
  3 26.092212 -0.511795 -1.641014 -0.289790 -0.950620 -0.111096 0.000000 0.000000
  3 26.331278 -0.528802 -1.805811 -0.269564 -0.876370 -0.399138 0.000000 0.000000
rubbergloveCHROME.bmp
  3 26.172189 -0.533439 -1.329189 -0.174834 -0.977367 0.119106 0.000000 0.000000
  3 25.900946 -0.434019 -1.285109 -0.500356 -0.855153 0.135490 0.000000 0.000000
  3 26.092212 -0.511795 -1.641014 -0.289790 -0.950620 -0.111096 0.000000 0.000000
rubbergloveCHROME.bmp
  3 25.682796 0.077228 1.010765 -0.197866 -0.629964 0.750995 0.000000 0.000000
  3 25.446245 -0.069453 0.675462 0.094742 -0.987113 0.128967 0.000000 0.000000
  3 25.671231 -0.001937 0.850455 0.176689 -0.964763 0.194969 0.000000 0.000000
rubbergloveCHROME.bmp
  3 25.682796 0.077228 1.010765 -0.197866 -0.629964 0.750995 0.000000 0.000000
  20 25.392362 0.024439 0.860630 0.161323 -0.963965 -0.211534 0.000000 0.000000
  3 25.446245 -0.069453 0.675462 0.094742 -0.987113 0.128967 0.000000 0.000000
rubbergloveCHROME.bmp
  3 25.682796 0.077228 1.010765 -0.197866 -0.629964 0.750995 0.000000 0.000000
  20 25.598175 0.138525 1.026537 0.813374 -0.536334 0.225320 0.000000 0.000000
  20 25.392362 0.024439 0.860630 0.161323 -0.963965 -0.211534 0.000000 0.000000
rubbergloveCHROME.bmp
  3 25.682796 0.077228 1.010765 -0.197866 -0.629964 0.750995 0.000000 0.000000
  3 25.697542 0.220402 1.121145 0.160204 -0.433772 0.886666 0.000000 0.000000
  20 25.598175 0.138525 1.026537 0.813374 -0.536334 0.225320 0.000000 0.000000
rubbergloveCHROME.bmp
  3 25.682796 0.077228 1.010765 -0.197866 -0.629964 0.750995 0.000000 0.000000
  3 25.754919 0.146738 1.032367 0.189307 -0.541324 0.819226 0.000000 0.000000
  3 25.697542 0.220402 1.121145 0.160204 -0.433772 0.886666 0.000000 0.000000
rubbergloveCHROME.bmp
  3 25.682796 0.077228 1.010765 -0.197866 -0.629964 0.750995 0.000000 0.000000
  3 25.671231 -0.001937 0.850455 0.176689 -0.964763 0.194969 0.000000 0.000000
  3 25.754919 0.146738 1.032367 0.189307 -0.541324 0.819226 0.000000 0.000000
rubbergloveCHROME.bmp
  17 -25.037758 -0.618303 -3.140757 0.149947 -0.050872 -0.987384 0.000000 0.000000
  17 -24.864818 -0.469648 -3.131083 0.182273 -0.023798 -0.982960 0.000000 0.000000
  17 -24.964324 -0.618122 -3.143494 0.224597 -0.094503 -0.969858 0.000000 0.000000
rubbergloveCHROME.bmp
  17 -24.964324 -0.618122 -3.143494 0.224597 -0.094503 -0.969858 0.000000 0.000000
  17 -24.864818 -0.469648 -3.131083 0.182273 -0.023798 -0.982960 0.000000 0.000000
  17 -24.809784 -0.458690 -3.115237 0.311643 -0.106730 -0.944186 0.000000 0.000000
rubbergloveCHROME.bmp
  17 -24.864818 -0.469648 -3.131083 0.182273 -0.023798 -0.982960 0.000000 0.000000
  17 -24.811403 -0.350536 -3.114990 -0.026475 -0.331535 -0.943071 0.000000 0.000000
  17 -24.809784 -0.458690 -3.115237 0.311643 -0.106730 -0.944186 0.000000 0.000000
rubbergloveCHROME.bmp
  17 -24.809784 -0.458690 -3.115237 0.311643 -0.106730 -0.944186 0.000000 0.000000
  17 -24.811403 -0.350536 -3.114990 -0.026475 -0.331535 -0.943071 0.000000 0.000000
  17 -24.722120 -0.362189 -3.095172 0.410704 -0.211374 -0.886929 0.000000 0.000000
rubbergloveCHROME.bmp
  17 -24.811403 -0.350536 -3.114990 -0.026475 -0.331535 -0.943071 0.000000 0.000000
  17 -24.762833 -0.333982 -3.162602 0.214669 -0.366076 -0.905486 0.000000 0.000000
  17 -24.722120 -0.362189 -3.095172 0.410704 -0.211374 -0.886929 0.000000 0.000000
rubbergloveCHROME.bmp
  17 -24.722120 -0.362189 -3.095172 0.410704 -0.211374 -0.886929 0.000000 0.000000
  17 -24.762833 -0.333982 -3.162602 0.214669 -0.366076 -0.905486 0.000000 0.000000
  16 -24.714616 -0.267475 -3.105846 0.583819 0.106120 -0.804919 0.000000 0.000000
rubbergloveCHROME.bmp
  16 -24.083127 -0.247707 -2.840270 0.281703 -0.505448 -0.815577 0.000000 0.000000
  16 -23.889385 -0.142768 -2.886661 0.434661 -0.453287 -0.778204 0.000000 0.000000
  16 -23.840469 -0.190421 -2.768608 0.554079 -0.602575 -0.574369 0.000000 0.000000
rubbergloveCHROME.bmp
  16 -23.840469 -0.190421 -2.768608 0.554079 -0.602575 -0.574369 0.000000 0.000000
  16 -23.889385 -0.142768 -2.886661 0.434661 -0.453287 -0.778204 0.000000 0.000000
  1 -23.688246 -0.027248 -2.740030 0.494279 -0.559510 -0.665310 0.000000 0.000000
rubbergloveCHROME.bmp
  16 -23.889385 -0.142768 -2.886661 0.434661 -0.453287 -0.778204 0.000000 0.000000
  1 -23.668184 0.070359 -2.820469 0.424155 -0.519307 -0.741898 0.000000 0.000000
  1 -23.688246 -0.027248 -2.740030 0.494279 -0.559510 -0.665310 0.000000 0.000000
rubbergloveCHROME.bmp
  1 -23.688246 -0.027248 -2.740030 0.494279 -0.559510 -0.665310 0.000000 0.000000
  1 -23.668184 0.070359 -2.820469 0.424155 -0.519307 -0.741898 0.000000 0.000000
  1 -23.489998 0.155799 -2.764348 0.424155 -0.519307 -0.741898 0.000000 0.000000
rubbergloveCHROME.bmp
  1 -23.668184 0.070359 -2.820469 0.424155 -0.519307 -0.741898 0.000000 0.000000
  1 -23.508371 0.220921 -2.863955 0.424155 -0.519307 -0.741898 0.000000 0.000000
  1 -23.489998 0.155799 -2.764348 0.424155 -0.519307 -0.741898 0.000000 0.000000
rubbergloveCHROME.bmp
  1 -23.489998 0.155799 -2.764348 0.424155 -0.519307 -0.741898 0.000000 0.000000
  1 -23.508371 0.220921 -2.863955 0.424155 -0.519307 -0.741898 0.000000 0.000000
  1 -23.184035 0.443913 -2.781005 0.528636 -0.431921 -0.730745 0.000000 0.000000
rubbergloveCHROME.bmp
  16 -24.397597 -0.102274 -2.973153 0.206835 -0.066625 -0.976105 0.000000 0.000000
  16 -24.156022 -0.006697 -2.946576 0.072484 -0.166087 -0.983444 0.000000 0.000000
  16 -24.083127 -0.247707 -2.840270 0.281703 -0.505448 -0.815577 0.000000 0.000000
rubbergloveCHROME.bmp
  16 -24.083127 -0.247707 -2.840270 0.281703 -0.505448 -0.815577 0.000000 0.000000
  16 -24.156022 -0.006697 -2.946576 0.072484 -0.166087 -0.983444 0.000000 0.000000
  16 -23.889385 -0.142768 -2.886661 0.434661 -0.453287 -0.778204 0.000000 0.000000
rubbergloveCHROME.bmp
  16 -24.156022 -0.006697 -2.946576 0.072484 -0.166087 -0.983444 0.000000 0.000000
  16 -23.973249 0.115728 -2.971197 0.178872 -0.198008 -0.963742 0.000000 0.000000
  16 -23.889385 -0.142768 -2.886661 0.434661 -0.453287 -0.778204 0.000000 0.000000
rubbergloveCHROME.bmp
  16 -23.889385 -0.142768 -2.886661 0.434661 -0.453287 -0.778204 0.000000 0.000000
  16 -23.973249 0.115728 -2.971197 0.178872 -0.198008 -0.963742 0.000000 0.000000
  1 -23.668184 0.070359 -2.820469 0.424155 -0.519307 -0.741898 0.000000 0.000000
rubbergloveCHROME.bmp
  16 -23.973249 0.115728 -2.971197 0.178872 -0.198008 -0.963742 0.000000 0.000000
  1 -23.772867 0.312401 -2.958154 0.188512 -0.219114 -0.957315 0.000000 0.000000
  1 -23.668184 0.070359 -2.820469 0.424155 -0.519307 -0.741898 0.000000 0.000000
rubbergloveCHROME.bmp
  1 -23.668184 0.070359 -2.820469 0.424155 -0.519307 -0.741898 0.000000 0.000000
  1 -23.772867 0.312401 -2.958154 0.188512 -0.219114 -0.957315 0.000000 0.000000
  1 -23.508371 0.220921 -2.863955 0.424155 -0.519307 -0.741898 0.000000 0.000000
rubbergloveCHROME.bmp
  16 -24.576864 -0.263736 -3.039437 0.424463 0.056399 -0.903687 0.000000 0.000000
  16 -24.511093 -0.137091 -2.997780 0.456117 0.053021 -0.888339 0.000000 0.000000
  16 -24.397597 -0.102274 -2.973153 0.206835 -0.066625 -0.976105 0.000000 0.000000
rubbergloveCHROME.bmp
  16 -24.576864 -0.263736 -3.039437 0.424463 0.056399 -0.903687 0.000000 0.000000
  16 -24.573511 -0.153672 -3.048070 0.508542 -0.158948 -0.846239 0.000000 0.000000
  16 -24.511093 -0.137091 -2.997780 0.456117 0.053021 -0.888339 0.000000 0.000000
rubbergloveCHROME.bmp
  16 -24.576864 -0.263736 -3.039437 0.424463 0.056399 -0.903687 0.000000 0.000000
  16 -24.628204 -0.215338 -3.021499 0.371492 -0.126243 -0.919813 0.000000 0.000000
  16 -24.573511 -0.153672 -3.048070 0.508542 -0.158948 -0.846239 0.000000 0.000000
rubbergloveCHROME.bmp
  16 -24.576864 -0.263736 -3.039437 0.424463 0.056399 -0.903687 0.000000 0.000000
  16 -24.672592 -0.242360 -3.058909 0.565048 0.149589 -0.811384 0.000000 0.000000
  16 -24.628204 -0.215338 -3.021499 0.371492 -0.126243 -0.919813 0.000000 0.000000
rubbergloveCHROME.bmp
  16 -24.576864 -0.263736 -3.039437 0.424463 0.056399 -0.903687 0.000000 0.000000
  16 -24.714616 -0.267475 -3.105846 0.583819 0.106120 -0.804919 0.000000 0.000000
  16 -24.672592 -0.242360 -3.058909 0.565048 0.149589 -0.811384 0.000000 0.000000
rubbergloveCHROME.bmp
  16 -24.576864 -0.263736 -3.039437 0.424463 0.056399 -0.903687 0.000000 0.000000
  17 -24.722120 -0.362189 -3.095172 0.410704 -0.211374 -0.886929 0.000000 0.000000
  16 -24.714616 -0.267475 -3.105846 0.583819 0.106120 -0.804919 0.000000 0.000000
rubbergloveCHROME.bmp
  1 -23.405113 0.042870 -2.696218 0.334834 -0.496112 -0.801099 0.000000 0.000000
  1 -23.489998 0.155799 -2.764348 0.424155 -0.519307 -0.741898 0.000000 0.000000
  1 -23.091996 0.323376 -2.683027 0.469501 -0.390349 -0.791958 0.000000 0.000000
rubbergloveCHROME.bmp
  1 -23.405113 0.042870 -2.696218 0.334834 -0.496112 -0.801099 0.000000 0.000000
  1 -23.688246 -0.027248 -2.740030 0.494279 -0.559510 -0.665310 0.000000 0.000000
  1 -23.489998 0.155799 -2.764348 0.424155 -0.519307 -0.741898 0.000000 0.000000
rubbergloveCHROME.bmp
  1 -23.405113 0.042870 -2.696218 0.334834 -0.496112 -0.801099 0.000000 0.000000
  1 -23.700044 -0.104253 -2.679773 0.455660 -0.703958 -0.544809 0.000000 0.000000
  1 -23.688246 -0.027248 -2.740030 0.494279 -0.559510 -0.665310 0.000000 0.000000
rubbergloveCHROME.bmp
  1 -23.405113 0.042870 -2.696218 0.334834 -0.496112 -0.801099 0.000000 0.000000
  1 -23.396320 -0.042840 -2.636415 0.416475 -0.755739 -0.505378 0.000000 0.000000
  1 -23.700044 -0.104253 -2.679773 0.455660 -0.703958 -0.544809 0.000000 0.000000
rubbergloveCHROME.bmp
  1 -23.405113 0.042870 -2.696218 0.334834 -0.496112 -0.801099 0.000000 0.000000
  1 -23.021750 0.289642 -2.594554 0.680429 -0.585016 -0.441330 0.000000 0.000000
  1 -23.396320 -0.042840 -2.636415 0.416475 -0.755739 -0.505378 0.000000 0.000000
rubbergloveCHROME.bmp
  1 -23.405113 0.042870 -2.696218 0.334834 -0.496112 -0.801099 0.000000 0.000000
  1 -23.091996 0.323376 -2.683027 0.469501 -0.390349 -0.791958 0.000000 0.000000
  1 -23.021750 0.289642 -2.594554 0.680429 -0.585016 -0.441330 0.000000 0.000000
rubbergloveCHROME.bmp
  1 -24.165038 -0.526892 -1.349338 0.174836 -0.977367 0.119103 0.000000 0.000000
  1 -24.084622 -0.505253 -1.641168 0.289789 -0.950621 -0.111094 0.000000 0.000000
  1 -23.871441 -0.422085 -1.275741 0.500357 -0.855152 0.135488 0.000000 0.000000
rubbergloveCHROME.bmp
  1 -24.165038 -0.526892 -1.349338 0.174836 -0.977367 0.119103 0.000000 0.000000
  1 -24.345603 -0.527652 -1.815488 0.269562 -0.876371 -0.399136 0.000000 0.000000
  1 -24.084622 -0.505253 -1.641168 0.289789 -0.950621 -0.111094 0.000000 0.000000
rubbergloveCHROME.bmp
  1 -24.165038 -0.526892 -1.349338 0.174836 -0.977367 0.119103 0.000000 0.000000
  1 -24.477354 -0.544926 -1.292474 0.238739 -0.767853 0.594480 0.000000 0.000000
  1 -24.345603 -0.527652 -1.815488 0.269562 -0.876371 -0.399136 0.000000 0.000000
rubbergloveCHROME.bmp
  1 -24.165038 -0.526892 -1.349338 0.174836 -0.977367 0.119103 0.000000 0.000000
  1 -24.266034 -0.511608 -1.157072 -0.013320 -0.969020 0.246621 0.000000 0.000000
  1 -24.477354 -0.544926 -1.292474 0.238739 -0.767853 0.594480 0.000000 0.000000
rubbergloveCHROME.bmp
  1 -24.165038 -0.526892 -1.349338 0.174836 -0.977367 0.119103 0.000000 0.000000
  1 -23.971999 -0.406804 -1.063480 0.426848 -0.875060 0.228192 0.000000 0.000000
  1 -24.266034 -0.511608 -1.157072 -0.013320 -0.969020 0.246621 0.000000 0.000000
rubbergloveCHROME.bmp
  1 -24.165038 -0.526892 -1.349338 0.174836 -0.977367 0.119103 0.000000 0.000000
  1 -23.871441 -0.422085 -1.275741 0.500357 -0.855152 0.135488 0.000000 0.000000
  1 -23.971999 -0.406804 -1.063480 0.426848 -0.875060 0.228192 0.000000 0.000000
rubbergloveCHROME.bmp
  14 -25.721755 -0.609601 -1.200367 -0.340792 0.180893 0.922572 0.000000 0.000000
  14 -25.834613 -0.580438 -1.270458 -0.182114 -0.006435 0.983256 0.000000 0.000000
  14 -25.889266 -0.661884 -1.304802 -0.487632 -0.056708 0.871206 0.000000 0.000000
rubbergloveCHROME.bmp
  14 -25.721755 -0.609601 -1.200367 -0.340792 0.180893 0.922572 0.000000 0.000000
  14 -25.784179 -0.559217 -1.272926 -0.413190 0.057226 0.908845 0.000000 0.000000
  14 -25.834613 -0.580438 -1.270458 -0.182114 -0.006435 0.983256 0.000000 0.000000
rubbergloveCHROME.bmp
  14 -25.721755 -0.609601 -1.200367 -0.340792 0.180893 0.922572 0.000000 0.000000
  13 -25.793032 -0.525277 -1.250283 -0.394448 -0.123930 0.910523 0.000000 0.000000
  14 -25.784179 -0.559217 -1.272926 -0.413190 0.057226 0.908845 0.000000 0.000000
rubbergloveCHROME.bmp
  14 -25.721755 -0.609601 -1.200367 -0.340792 0.180893 0.922572 0.000000 0.000000
  13 -25.732850 -0.469481 -1.258335 0.042897 0.167649 0.984913 0.000000 0.000000
  13 -25.793032 -0.525277 -1.250283 -0.394448 -0.123930 0.910523 0.000000 0.000000
rubbergloveCHROME.bmp
  14 -25.721755 -0.609601 -1.200367 -0.340792 0.180893 0.922572 0.000000 0.000000
  13 -25.655997 -0.398252 -1.283239 -0.123954 0.186558 0.974593 0.000000 0.000000
  13 -25.732850 -0.469481 -1.258335 0.042897 0.167649 0.984913 0.000000 0.000000
rubbergloveCHROME.bmp
  14 -25.721755 -0.609601 -1.200367 -0.340792 0.180893 0.922572 0.000000 0.000000
  13 -25.354615 -0.391361 -1.168692 -0.161235 0.175591 0.971170 0.000000 0.000000
  13 -25.655997 -0.398252 -1.283239 -0.123954 0.186558 0.974593 0.000000 0.000000
rubbergloveCHROME.bmp
  10 -25.910121 -0.754737 -1.140818 -0.157584 0.289261 -0.944190 0.000000 0.000000
  10 -25.867928 -0.623597 -1.078191 -0.220786 0.228799 -0.948106 0.000000 0.000000
  10 -25.625229 -0.473080 -1.143321 -0.220786 0.228799 -0.948106 0.000000 0.000000
rubbergloveCHROME.bmp
  10 -25.910121 -0.754737 -1.140818 -0.157584 0.289261 -0.944190 0.000000 0.000000
  10 -25.976579 -0.667093 -1.079975 -0.094259 0.178933 -0.979336 0.000000 0.000000
  10 -25.867928 -0.623597 -1.078191 -0.220786 0.228799 -0.948106 0.000000 0.000000
rubbergloveCHROME.bmp
  10 -25.910121 -0.754737 -1.140818 -0.157584 0.289261 -0.944190 0.000000 0.000000
  10 -25.999919 -0.701541 -1.060777 -0.094259 0.178933 -0.979336 0.000000 0.000000
  10 -25.976579 -0.667093 -1.079975 -0.094259 0.178933 -0.979336 0.000000 0.000000
rubbergloveCHROME.bmp
  10 -25.910121 -0.754737 -1.140818 -0.157584 0.289261 -0.944190 0.000000 0.000000
  10 -26.057874 -0.726453 -1.071759 -0.220786 0.228799 -0.948106 0.000000 0.000000
  10 -25.999919 -0.701541 -1.060777 -0.094259 0.178933 -0.979336 0.000000 0.000000
rubbergloveCHROME.bmp
  10 -25.910121 -0.754737 -1.140818 -0.157584 0.289261 -0.944190 0.000000 0.000000
  10 -26.080826 -0.760228 -1.092554 -0.133555 0.486169 -0.863599 0.000000 0.000000
  10 -26.057874 -0.726453 -1.071759 -0.220786 0.228799 -0.948106 0.000000 0.000000
rubbergloveCHROME.bmp
  10 -25.910121 -0.754737 -1.140818 -0.157584 0.289261 -0.944190 0.000000 0.000000
  11 -26.191832 -0.864753 -1.175403 -0.254977 0.390039 -0.884792 0.000000 0.000000
  10 -26.080826 -0.760228 -1.092554 -0.133555 0.486169 -0.863599 0.000000 0.000000
rubbergloveCHROME.bmp
  10 -26.122472 -0.304234 -0.705211 -0.887689 0.386896 -0.249639 0.000000 0.000000
  10 -26.037945 -0.201005 -0.802674 -0.809088 0.444436 -0.384516 0.000000 0.000000
  10 -25.997560 -0.245053 -0.843031 -0.753745 0.325960 -0.570630 0.000000 0.000000
rubbergloveCHROME.bmp
  10 -26.122472 -0.304234 -0.705211 -0.887689 0.386896 -0.249639 0.000000 0.000000
  10 -26.091376 -0.249844 -0.673988 -0.817868 0.575390 0.004280 0.000000 0.000000
  10 -26.037945 -0.201005 -0.802674 -0.809088 0.444436 -0.384516 0.000000 0.000000
rubbergloveCHROME.bmp
  10 -26.122472 -0.304234 -0.705211 -0.887689 0.386896 -0.249639 0.000000 0.000000
  10 -26.152660 -0.318793 -0.585725 -0.747162 0.654666 0.114723 0.000000 0.000000
  10 -26.091376 -0.249844 -0.673988 -0.817868 0.575390 0.004280 0.000000 0.000000
rubbergloveCHROME.bmp
  10 -26.122472 -0.304234 -0.705211 -0.887689 0.386896 -0.249639 0.000000 0.000000
  10 -26.182666 -0.345788 -0.566466 -0.988986 0.142362 0.040492 0.000000 0.000000
  10 -26.152660 -0.318793 -0.585725 -0.747162 0.654666 0.114723 0.000000 0.000000
rubbergloveCHROME.bmp
  10 -26.122472 -0.304234 -0.705211 -0.887689 0.386896 -0.249639 0.000000 0.000000
  10 -26.110616 -0.347209 -0.715821 -0.932794 0.281256 -0.225369 0.000000 0.000000
  10 -26.182666 -0.345788 -0.566466 -0.988986 0.142362 0.040492 0.000000 0.000000
rubbergloveCHROME.bmp
  10 -26.122472 -0.304234 -0.705211 -0.887689 0.386896 -0.249639 0.000000 0.000000
  10 -25.997560 -0.245053 -0.843031 -0.753745 0.325960 -0.570630 0.000000 0.000000
  10 -26.110616 -0.347209 -0.715821 -0.932794 0.281256 -0.225369 0.000000 0.000000
rubbergloveCHROME.bmp
  13 -25.704781 0.101609 -1.562092 -0.921907 0.230286 0.311539 0.000000 0.000000
  13 -25.617697 0.073421 -1.454288 -0.680285 0.298015 0.669627 0.000000 0.000000
  13 -25.596176 0.229648 -1.527294 -0.742695 0.507457 0.436911 0.000000 0.000000
rubbergloveCHROME.bmp
  13 -25.596176 0.229648 -1.527294 -0.742695 0.507457 0.436911 0.000000 0.000000
  13 -25.617697 0.073421 -1.454288 -0.680285 0.298015 0.669627 0.000000 0.000000
  13 -25.494410 0.187784 -1.429359 -0.530860 0.531855 0.659786 0.000000 0.000000
rubbergloveCHROME.bmp
  13 -25.617697 0.073421 -1.454288 -0.680285 0.298015 0.669627 0.000000 0.000000
  13 -25.553304 0.051390 -1.398897 -0.705287 0.449214 0.548431 0.000000 0.000000
  13 -25.494410 0.187784 -1.429359 -0.530860 0.531855 0.659786 0.000000 0.000000
rubbergloveCHROME.bmp
  13 -25.494410 0.187784 -1.429359 -0.530860 0.531855 0.659786 0.000000 0.000000
  13 -25.553304 0.051390 -1.398897 -0.705287 0.449214 0.548431 0.000000 0.000000
  13 -25.486224 0.168174 -1.379878 -0.625326 0.546332 0.557215 0.000000 0.000000
rubbergloveCHROME.bmp
  13 -25.553304 0.051390 -1.398897 -0.705287 0.449214 0.548431 0.000000 0.000000
  13 -25.511120 -0.004884 -1.349361 -0.561662 0.422344 0.711450 0.000000 0.000000
  13 -25.486224 0.168174 -1.379878 -0.625326 0.546332 0.557215 0.000000 0.000000
rubbergloveCHROME.bmp
  13 -25.486224 0.168174 -1.379878 -0.625326 0.546332 0.557215 0.000000 0.000000
  13 -25.511120 -0.004884 -1.349361 -0.561662 0.422344 0.711450 0.000000 0.000000
  13 -25.413949 0.139799 -1.334368 -0.525172 0.417808 0.741371 0.000000 0.000000
rubbergloveCHROME.bmp
  10 -25.004178 -0.635498 -0.309885 0.383443 -0.360751 0.850194 0.000000 0.000000
  10 -24.860994 -0.480635 -0.305892 -0.000272 -0.743362 0.668889 0.000000 0.000000
  10 -24.944416 -0.435398 -0.195918 -0.013601 -0.671315 0.741048 0.000000 0.000000
rubbergloveCHROME.bmp
  10 -24.944416 -0.435398 -0.195918 -0.013601 -0.671315 0.741048 0.000000 0.000000
  10 -24.860994 -0.480635 -0.305892 -0.000272 -0.743362 0.668889 0.000000 0.000000
  10 -24.924114 -0.444482 -0.145864 -0.433827 -0.838873 0.328765 0.000000 0.000000
rubbergloveCHROME.bmp
  10 -24.860994 -0.480635 -0.305892 -0.000272 -0.743362 0.668889 0.000000 0.000000
  10 -24.775574 -0.458648 -0.214678 -0.232786 -0.945820 0.226354 0.000000 0.000000
  10 -24.924114 -0.444482 -0.145864 -0.433827 -0.838873 0.328765 0.000000 0.000000
rubbergloveCHROME.bmp
  10 -24.924114 -0.444482 -0.145864 -0.433827 -0.838873 0.328765 0.000000 0.000000
  10 -24.775574 -0.458648 -0.214678 -0.232786 -0.945820 0.226354 0.000000 0.000000
  10 -24.896758 -0.460346 -0.135865 -0.490842 -0.866599 -0.089896 0.000000 0.000000
rubbergloveCHROME.bmp
  10 -24.775574 -0.458648 -0.214678 -0.232786 -0.945820 0.226354 0.000000 0.000000
  1 -24.694710 -0.476516 -0.127409 -0.261053 -0.963575 -0.058097 0.000000 0.000000
  10 -24.896758 -0.460346 -0.135865 -0.490842 -0.866599 -0.089896 0.000000 0.000000
rubbergloveCHROME.bmp
  10 -24.896758 -0.460346 -0.135865 -0.490842 -0.866599 -0.089896 0.000000 0.000000
  1 -24.694710 -0.476516 -0.127409 -0.261053 -0.963575 -0.058097 0.000000 0.000000
  7 -24.766764 -0.504887 -0.034951 -0.117636 -0.911817 -0.393384 0.000000 0.000000
rubbergloveCHROME.bmp
  5 -23.632215 0.065912 1.020663 -0.778995 0.221065 -0.586768 0.000000 0.000000
  5 -23.655900 0.278866 1.199240 -0.739410 0.471689 -0.480399 0.000000 0.000000
  5 -23.618129 0.234268 1.159436 -0.988650 0.116095 0.095356 0.000000 0.000000
rubbergloveCHROME.bmp
  5 -23.632215 0.065912 1.020663 -0.778995 0.221065 -0.586768 0.000000 0.000000
  5 -23.687713 0.135365 1.267029 -0.857033 0.299988 -0.418930 0.000000 0.000000
  5 -23.655900 0.278866 1.199240 -0.739410 0.471689 -0.480399 0.000000 0.000000
rubbergloveCHROME.bmp
  5 -23.632215 0.065912 1.020663 -0.778995 0.221065 -0.586768 0.000000 0.000000
  5 -23.652640 -0.052221 1.045712 -0.732009 0.026393 -0.680784 0.000000 0.000000
  5 -23.687713 0.135365 1.267029 -0.857033 0.299988 -0.418930 0.000000 0.000000
rubbergloveCHROME.bmp
  5 -23.632215 0.065912 1.020663 -0.778995 0.221065 -0.586768 0.000000 0.000000
  5 -23.487435 -0.029060 0.862488 -0.546646 -0.120903 -0.828590 0.000000 0.000000
  5 -23.652640 -0.052221 1.045712 -0.732009 0.026393 -0.680784 0.000000 0.000000
rubbergloveCHROME.bmp
  5 -23.632215 0.065912 1.020663 -0.778995 0.221065 -0.586768 0.000000 0.000000
  5 -23.596932 0.122424 1.028510 -0.813441 -0.536252 0.225271 0.000000 0.000000
  5 -23.487435 -0.029060 0.862488 -0.546646 -0.120903 -0.828590 0.000000 0.000000
rubbergloveCHROME.bmp
  5 -23.632215 0.065912 1.020663 -0.778995 0.221065 -0.586768 0.000000 0.000000
  5 -23.618129 0.234268 1.159436 -0.988650 0.116095 0.095356 0.000000 0.000000
  5 -23.596932 0.122424 1.028510 -0.813441 -0.536252 0.225271 0.000000 0.000000
rubbergloveCHROME.bmp
  1 -23.662433 0.068571 1.000324 0.197842 -0.629973 0.750995 0.000000 0.000000
  1 -23.688623 0.255151 1.080958 -0.160220 -0.433775 0.886662 0.000000 0.000000
  1 -23.741052 0.145682 1.022071 -0.189318 -0.541325 0.819223 0.000000 0.000000
rubbergloveCHROME.bmp
  1 -23.662433 0.068571 1.000324 0.197842 -0.629973 0.750995 0.000000 0.000000
  5 -23.596932 0.122424 1.028510 -0.813441 -0.536252 0.225271 0.000000 0.000000
  1 -23.688623 0.255151 1.080958 -0.160220 -0.433775 0.886662 0.000000 0.000000
rubbergloveCHROME.bmp
  1 -23.662433 0.068571 1.000324 0.197842 -0.629973 0.750995 0.000000 0.000000
  5 -23.388804 0.003959 0.831155 -0.161322 -0.963965 -0.211534 0.000000 0.000000
  5 -23.596932 0.122424 1.028510 -0.813441 -0.536252 0.225271 0.000000 0.000000
rubbergloveCHROME.bmp
  1 -23.662433 0.068571 1.000324 0.197842 -0.629973 0.750995 0.000000 0.000000
  1 -23.466627 -0.060706 0.685924 -0.094741 -0.987113 0.128968 0.000000 0.000000
  5 -23.388804 0.003959 0.831155 -0.161322 -0.963965 -0.211534 0.000000 0.000000
rubbergloveCHROME.bmp
  1 -23.662433 0.068571 1.000324 0.197842 -0.629973 0.750995 0.000000 0.000000
  1 -23.671021 -0.001895 0.860464 -0.176696 -0.964763 0.194965 0.000000 0.000000
  1 -23.466627 -0.060706 0.685924 -0.094741 -0.987113 0.128968 0.000000 0.000000
rubbergloveCHROME.bmp
  1 -23.662433 0.068571 1.000324 0.197842 -0.629973 0.750995 0.000000 0.000000
  1 -23.741052 0.145682 1.022071 -0.189318 -0.541325 0.819223 0.000000 0.000000
  1 -23.671021 -0.001895 0.860464 -0.176696 -0.964763 0.194965 0.000000 0.000000
rubbergloveCHROME.bmp
  6 -24.271508 -0.744035 2.312215 -0.106699 0.661766 0.742079 0.000000 0.000000
  6 -24.075996 -0.883428 2.403014 0.207925 0.475117 0.855004 0.000000 0.000000
  6 -23.870716 -0.625903 2.166918 0.139156 0.419298 0.897120 0.000000 0.000000
rubbergloveCHROME.bmp
  6 -24.271508 -0.744035 2.312215 -0.106699 0.661766 0.742079 0.000000 0.000000
  6 -24.359695 -0.919192 2.452369 -0.318869 0.367094 0.873822 0.000000 0.000000
  6 -24.075996 -0.883428 2.403014 0.207925 0.475117 0.855004 0.000000 0.000000
rubbergloveCHROME.bmp
  6 -24.271508 -0.744035 2.312215 -0.106699 0.661766 0.742079 0.000000 0.000000
  6 -24.474226 -0.834613 2.311199 -0.694544 0.462239 0.551311 0.000000 0.000000
  6 -24.359695 -0.919192 2.452369 -0.318869 0.367094 0.873822 0.000000 0.000000
rubbergloveCHROME.bmp
  6 -24.271508 -0.744035 2.312215 -0.106699 0.661766 0.742079 0.000000 0.000000
  6 -24.419801 -0.708775 2.182347 -0.519148 0.704271 0.484240 0.000000 0.000000
  6 -24.474226 -0.834613 2.311199 -0.694544 0.462239 0.551311 0.000000 0.000000
rubbergloveCHROME.bmp
  6 -24.271508 -0.744035 2.312215 -0.106699 0.661766 0.742079 0.000000 0.000000
  6 -24.050799 -0.477067 2.092635 -0.173153 0.606365 0.776105 0.000000 0.000000
  6 -24.419801 -0.708775 2.182347 -0.519148 0.704271 0.484240 0.000000 0.000000
rubbergloveCHROME.bmp
  6 -24.271508 -0.744035 2.312215 -0.106699 0.661766 0.742079 0.000000 0.000000
  6 -23.870716 -0.625903 2.166918 0.139156 0.419298 0.897120 0.000000 0.000000
  6 -24.050799 -0.477067 2.092635 -0.173153 0.606365 0.776105 0.000000 0.000000
rubbergloveCHROME.bmp
  29 28.040687 -0.534409 -1.925300 0.925989 0.225858 -0.302544 0.000000 0.000000
  29 28.029390 -0.467273 -1.887023 0.941158 0.269559 -0.203860 0.000000 0.000000
  29 28.041396 -0.575672 -1.727318 0.961211 0.273800 -0.033277 0.000000 0.000000
rubbergloveCHROME.bmp
  29 28.040687 -0.534409 -1.925300 0.925989 0.225858 -0.302544 0.000000 0.000000
  29 27.942649 -0.495882 -2.102795 0.766384 0.324250 -0.554543 0.000000 0.000000
  29 28.029390 -0.467273 -1.887023 0.941158 0.269559 -0.203860 0.000000 0.000000
rubbergloveCHROME.bmp
  29 28.040687 -0.534409 -1.925300 0.925989 0.225858 -0.302544 0.000000 0.000000
  29 27.938805 -0.562279 -2.149451 0.510478 0.033610 -0.859234 0.000000 0.000000
  29 27.942649 -0.495882 -2.102795 0.766384 0.324250 -0.554543 0.000000 0.000000
rubbergloveCHROME.bmp
  29 28.040687 -0.534409 -1.925300 0.925989 0.225858 -0.302544 0.000000 0.000000
  29 28.007518 -0.726923 -2.132997 0.544326 0.379067 -0.748343 0.000000 0.000000
  29 27.938805 -0.562279 -2.149451 0.510478 0.033610 -0.859234 0.000000 0.000000
rubbergloveCHROME.bmp
  29 28.040687 -0.534409 -1.925300 0.925989 0.225858 -0.302544 0.000000 0.000000
  29 28.123458 -0.698803 -1.910360 0.769674 0.596586 -0.227348 0.000000 0.000000
  29 28.007518 -0.726923 -2.132997 0.544326 0.379067 -0.748343 0.000000 0.000000
rubbergloveCHROME.bmp
  29 28.040687 -0.534409 -1.925300 0.925989 0.225858 -0.302544 0.000000 0.000000
  29 28.041396 -0.575672 -1.727318 0.961211 0.273800 -0.033277 0.000000 0.000000
  29 28.123458 -0.698803 -1.910360 0.769674 0.596586 -0.227348 0.000000 0.000000
rubbergloveCHROME.bmp
  28 27.695173 -0.067171 -1.790220 0.775166 0.631368 -0.022170 0.000000 0.000000
  28 27.766811 -0.119788 -1.671901 0.848073 0.529306 -0.024653 0.000000 0.000000
  28 27.715394 -0.072304 -1.803055 0.832053 0.371784 -0.411660 0.000000 0.000000
rubbergloveCHROME.bmp
  28 27.715394 -0.072304 -1.803055 0.832053 0.371784 -0.411660 0.000000 0.000000
  28 27.766811 -0.119788 -1.671901 0.848073 0.529306 -0.024653 0.000000 0.000000
  28 27.695271 -0.135492 -1.817281 0.917340 0.135196 -0.374446 0.000000 0.000000
rubbergloveCHROME.bmp
  28 27.766811 -0.119788 -1.671901 0.848073 0.529306 -0.024653 0.000000 0.000000
  28 27.749030 -0.157824 -1.653539 0.999441 -0.006566 -0.032776 0.000000 0.000000
  28 27.695271 -0.135492 -1.817281 0.917340 0.135196 -0.374446 0.000000 0.000000
rubbergloveCHROME.bmp
  28 27.695271 -0.135492 -1.817281 0.917340 0.135196 -0.374446 0.000000 0.000000
  28 27.749030 -0.157824 -1.653539 0.999441 -0.006566 -0.032776 0.000000 0.000000
  28 27.749559 -0.226740 -1.812128 0.637808 0.767768 -0.061095 0.000000 0.000000
rubbergloveCHROME.bmp
  28 27.749030 -0.157824 -1.653539 0.999441 -0.006566 -0.032776 0.000000 0.000000
  28 27.771967 -0.247315 -1.675107 0.772641 0.627839 0.094045 0.000000 0.000000
  28 27.749559 -0.226740 -1.812128 0.637808 0.767768 -0.061095 0.000000 0.000000
rubbergloveCHROME.bmp
  28 27.749559 -0.226740 -1.812128 0.637808 0.767768 -0.061095 0.000000 0.000000
  28 27.771967 -0.247315 -1.675107 0.772641 0.627839 0.094045 0.000000 0.000000
  28 27.872494 -0.245057 -1.665665 0.312595 0.945377 0.092449 0.000000 0.000000
rubbergloveCHROME.bmp
  32 26.836876 -0.690335 -2.286679 -0.084880 -0.475881 0.875404 0.000000 0.000000
  32 26.708129 -0.623740 -2.262405 -0.081902 -0.506609 0.858277 0.000000 0.000000
  32 26.627328 -0.789302 -2.516885 -0.489140 -0.810221 0.322932 0.000000 0.000000
rubbergloveCHROME.bmp
  32 26.627328 -0.789302 -2.516885 -0.489140 -0.810221 0.322932 0.000000 0.000000
  32 26.708129 -0.623740 -2.262405 -0.081902 -0.506609 0.858277 0.000000 0.000000
  32 26.512252 -0.708117 -2.493084 -0.579023 -0.747924 0.324564 0.000000 0.000000
rubbergloveCHROME.bmp
  32 26.708129 -0.623740 -2.262405 -0.081902 -0.506609 0.858277 0.000000 0.000000
  31 26.613924 -0.547562 -2.223792 -0.006686 -0.619443 0.785013 0.000000 0.000000
  32 26.512252 -0.708117 -2.493084 -0.579023 -0.747924 0.324564 0.000000 0.000000
rubbergloveCHROME.bmp
  32 26.512252 -0.708117 -2.493084 -0.579023 -0.747924 0.324564 0.000000 0.000000
  31 26.613924 -0.547562 -2.223792 -0.006686 -0.619443 0.785013 0.000000 0.000000
  31 26.469099 -0.624548 -2.465657 -0.376592 -0.905013 0.197812 0.000000 0.000000
rubbergloveCHROME.bmp
  31 26.613924 -0.547562 -2.223792 -0.006686 -0.619443 0.785013 0.000000 0.000000
  31 26.432588 -0.545809 -2.188950 -0.077455 -0.767877 0.635898 0.000000 0.000000
  31 26.469099 -0.624548 -2.465657 -0.376592 -0.905013 0.197812 0.000000 0.000000
rubbergloveCHROME.bmp
  31 26.469099 -0.624548 -2.465657 -0.376592 -0.905013 0.197812 0.000000 0.000000
  31 26.432588 -0.545809 -2.188950 -0.077455 -0.767877 0.635898 0.000000 0.000000
  31 26.363931 -0.637636 -2.452681 -0.219032 -0.975261 0.029848 0.000000 0.000000
rubbergloveCHROME.bmp
  3 25.411602 0.050429 -2.696085 -0.334836 -0.496117 -0.801095 0.000000 0.000000
  3 25.405014 -0.063479 -2.636240 -0.416475 -0.755738 -0.505380 0.000000 0.000000
  3 25.029561 0.283105 -2.604398 -0.680431 -0.585016 -0.441328 0.000000 0.000000
rubbergloveCHROME.bmp
  3 25.411602 0.050429 -2.696085 -0.334836 -0.496117 -0.801095 0.000000 0.000000
  3 25.692217 -0.097801 -2.669952 -0.455665 -0.703952 -0.544813 0.000000 0.000000
  3 25.405014 -0.063479 -2.636240 -0.416475 -0.755738 -0.505380 0.000000 0.000000
rubbergloveCHROME.bmp
  3 25.411602 0.050429 -2.696085 -0.334836 -0.496117 -0.801095 0.000000 0.000000
  3 25.703437 -0.040286 -2.739711 -0.494281 -0.559514 -0.665305 0.000000 0.000000
  3 25.692217 -0.097801 -2.669952 -0.455665 -0.703952 -0.544813 0.000000 0.000000
rubbergloveCHROME.bmp
  3 25.411602 0.050429 -2.696085 -0.334836 -0.496117 -0.801095 0.000000 0.000000
  3 25.489990 0.155757 -2.764359 -0.424154 -0.519308 -0.741898 0.000000 0.000000
  3 25.703437 -0.040286 -2.739711 -0.494281 -0.559514 -0.665305 0.000000 0.000000
rubbergloveCHROME.bmp
  3 25.411602 0.050429 -2.696085 -0.334836 -0.496117 -0.801095 0.000000 0.000000
  3 25.098924 0.330940 -2.702889 -0.469505 -0.390349 -0.791955 0.000000 0.000000
  3 25.489990 0.155757 -2.764359 -0.424154 -0.519308 -0.741898 0.000000 0.000000
rubbergloveCHROME.bmp
  3 25.411602 0.050429 -2.696085 -0.334836 -0.496117 -0.801095 0.000000 0.000000
  3 25.029561 0.283105 -2.604398 -0.680431 -0.585016 -0.441328 0.000000 0.000000
  3 25.098924 0.330940 -2.702889 -0.469505 -0.390349 -0.791955 0.000000 0.000000
rubbergloveCHROME.bmp
  3 26.301716 -0.480187 -0.956245 -0.195052 -0.968624 -0.154019 0.000000 0.000000
  3 26.360114 -0.574522 -0.694921 -0.289790 -0.950620 -0.111096 0.000000 0.000000
  3 26.059993 -0.406767 -0.871514 -0.507843 -0.861065 -0.025750 0.000000 0.000000
rubbergloveCHROME.bmp
  3 26.059993 -0.406767 -0.871514 -0.507843 -0.861065 -0.025750 0.000000 0.000000
  3 26.360114 -0.574522 -0.694921 -0.289790 -0.950620 -0.111096 0.000000 0.000000
  3 26.080175 -0.468615 -0.601019 -0.554403 -0.832245 -0.002431 0.000000 0.000000
rubbergloveCHROME.bmp
  3 26.360114 -0.574522 -0.694921 -0.289790 -0.950620 -0.111096 0.000000 0.000000
  3 26.437013 -0.582085 -0.293138 -0.084400 -0.982197 0.167826 0.000000 0.000000
  3 26.080175 -0.468615 -0.601019 -0.554403 -0.832245 -0.002431 0.000000 0.000000
rubbergloveCHROME.bmp
  3 26.080175 -0.468615 -0.601019 -0.554403 -0.832245 -0.002431 0.000000 0.000000
  3 26.437013 -0.582085 -0.293138 -0.084400 -0.982197 0.167826 0.000000 0.000000
  3 26.089893 -0.495773 -0.300739 -0.554403 -0.832245 -0.002431 0.000000 0.000000
rubbergloveCHROME.bmp
  3 26.437013 -0.582085 -0.293138 -0.084400 -0.982197 0.167826 0.000000 0.000000
  3 26.432180 -0.568023 -0.123200 -0.082592 -0.994715 0.060991 0.000000 0.000000
  3 26.089893 -0.495773 -0.300739 -0.554403 -0.832245 -0.002431 0.000000 0.000000
rubbergloveCHROME.bmp
  3 26.089893 -0.495773 -0.300739 -0.554403 -0.832245 -0.002431 0.000000 0.000000
  3 26.432180 -0.568023 -0.123200 -0.082592 -0.994715 0.060991 0.000000 0.000000
  3 25.994537 -0.431948 -0.062761 -0.570619 -0.819542 -0.052390 0.000000 0.000000
rubbergloveCHROME.bmp
  29 27.693721 -0.624220 -1.198768 0.340790 0.180884 0.922574 0.000000 0.000000
  28 27.663869 -0.391957 -1.273369 0.115976 0.215088 0.969684 0.000000 0.000000
  28 27.331587 -0.397368 -1.186999 0.161233 0.175590 0.971170 0.000000 0.000000
rubbergloveCHROME.bmp
  29 27.693721 -0.624220 -1.198768 0.340790 0.180884 0.922574 0.000000 0.000000
  28 27.698565 -0.465001 -1.244033 -0.042903 0.167642 0.984914 0.000000 0.000000
  28 27.663869 -0.391957 -1.273369 0.115976 0.215088 0.969684 0.000000 0.000000
rubbergloveCHROME.bmp
  29 27.693721 -0.624220 -1.198768 0.340790 0.180884 0.922574 0.000000 0.000000
  28 27.793021 -0.525325 -1.250293 0.394465 -0.123958 0.910512 0.000000 0.000000
  28 27.698565 -0.465001 -1.244033 -0.042903 0.167642 0.984914 0.000000 0.000000
rubbergloveCHROME.bmp
  29 27.693721 -0.624220 -1.198768 0.340790 0.180884 0.922574 0.000000 0.000000
  29 27.771189 -0.560504 -1.261531 0.413203 0.057205 0.908841 0.000000 0.000000
  28 27.793021 -0.525325 -1.250293 0.394465 -0.123958 0.910512 0.000000 0.000000
rubbergloveCHROME.bmp
  29 27.693721 -0.624220 -1.198768 0.340790 0.180884 0.922574 0.000000 0.000000
  29 27.834599 -0.580487 -1.270469 0.182112 -0.006426 0.983257 0.000000 0.000000
  29 27.771189 -0.560504 -1.261531 0.413203 0.057205 0.908841 0.000000 0.000000
rubbergloveCHROME.bmp
  29 27.693721 -0.624220 -1.198768 0.340790 0.180884 0.922574 0.000000 0.000000
  29 27.881189 -0.668104 -1.314657 0.487635 -0.056706 0.871204 0.000000 0.000000
  29 27.834599 -0.580487 -1.270469 0.182112 -0.006426 0.983257 0.000000 0.000000
rubbergloveCHROME.bmp
  31 26.585879 -0.258229 -3.030080 -0.424457 0.056410 -0.903689 0.000000 0.000000
  31 26.714609 -0.267521 -3.105858 -0.583819 0.106119 -0.804919 0.000000 0.000000
  32 26.745122 -0.369982 -3.091946 -0.410702 -0.211380 -0.886929 0.000000 0.000000
rubbergloveCHROME.bmp
  31 26.585879 -0.258229 -3.030080 -0.424457 0.056410 -0.903689 0.000000 0.000000
  31 26.695342 -0.235776 -3.052744 -0.565053 0.149607 -0.811377 0.000000 0.000000
  31 26.714609 -0.267521 -3.105858 -0.583819 0.106119 -0.804919 0.000000 0.000000
rubbergloveCHROME.bmp
  31 26.585879 -0.258229 -3.030080 -0.424457 0.056410 -0.903689 0.000000 0.000000
  31 26.605438 -0.222012 -3.027686 -0.371493 -0.126230 -0.919815 0.000000 0.000000
  31 26.695342 -0.235776 -3.052744 -0.565053 0.149607 -0.811377 0.000000 0.000000
rubbergloveCHROME.bmp
  31 26.585879 -0.258229 -3.030080 -0.424457 0.056410 -0.903689 0.000000 0.000000
  31 26.562133 -0.156700 -3.035361 -0.508547 -0.158948 -0.846236 0.000000 0.000000
  31 26.605438 -0.222012 -3.027686 -0.371493 -0.126230 -0.919815 0.000000 0.000000
rubbergloveCHROME.bmp
  31 26.585879 -0.258229 -3.030080 -0.424457 0.056410 -0.903689 0.000000 0.000000
  31 26.515813 -0.140949 -2.978736 -0.456106 0.053033 -0.888344 0.000000 0.000000
  31 26.562133 -0.156700 -3.035361 -0.508547 -0.158948 -0.846236 0.000000 0.000000
rubbergloveCHROME.bmp
  31 26.585879 -0.258229 -3.030080 -0.424457 0.056410 -0.903689 0.000000 0.000000
  31 26.386636 -0.119143 -2.963317 -0.206838 -0.066616 -0.976105 0.000000 0.000000
  31 26.515813 -0.140949 -2.978736 -0.456106 0.053033 -0.888344 0.000000 0.000000
rubbergloveCHROME.bmp
  31 25.884248 -0.124495 -2.871239 -0.434660 -0.453288 -0.778204 0.000000 0.000000
  31 26.080756 -0.245845 -2.849809 -0.281706 -0.505445 -0.815578 0.000000 0.000000
  31 25.849902 -0.198753 -2.762124 -0.554080 -0.602568 -0.574375 0.000000 0.000000
rubbergloveCHROME.bmp
  31 25.884248 -0.124495 -2.871239 -0.434660 -0.453288 -0.778204 0.000000 0.000000
  31 26.162674 0.000717 -2.946746 -0.072486 -0.166086 -0.983444 0.000000 0.000000
  31 26.080756 -0.245845 -2.849809 -0.281706 -0.505445 -0.815578 0.000000 0.000000
rubbergloveCHROME.bmp
  31 25.884248 -0.124495 -2.871239 -0.434660 -0.453288 -0.778204 0.000000 0.000000
  31 25.988924 0.128695 -2.962000 -0.181703 -0.173643 -0.967901 0.000000 0.000000
  31 26.162674 0.000717 -2.946746 -0.072486 -0.166086 -0.983444 0.000000 0.000000
rubbergloveCHROME.bmp
  31 25.884248 -0.124495 -2.871239 -0.434660 -0.453288 -0.778204 0.000000 0.000000
  3 25.690310 0.064926 -2.840001 -0.424154 -0.519308 -0.741898 0.000000 0.000000
  31 25.988924 0.128695 -2.962000 -0.181703 -0.173643 -0.967901 0.000000 0.000000
rubbergloveCHROME.bmp
  31 25.884248 -0.124495 -2.871239 -0.434660 -0.453288 -0.778204 0.000000 0.000000
  3 25.703437 -0.040286 -2.739711 -0.494281 -0.559514 -0.665305 0.000000 0.000000
  3 25.690310 0.064926 -2.840001 -0.424154 -0.519308 -0.741898 0.000000 0.000000
rubbergloveCHROME.bmp
  31 25.884248 -0.124495 -2.871239 -0.434660 -0.453288 -0.778204 0.000000 0.000000
  31 25.849902 -0.198753 -2.762124 -0.554080 -0.602568 -0.574375 0.000000 0.000000
  3 25.703437 -0.040286 -2.739711 -0.494281 -0.559514 -0.665305 0.000000 0.000000
rubbergloveCHROME.bmp
  25 27.978234 0.145491 -0.556229 0.839481 0.538372 0.073674 0.000000 0.000000
  25 27.981502 0.063307 -0.707672 0.809089 0.444436 -0.384516 0.000000 0.000000
  25 27.832039 0.210043 -0.663748 0.461069 0.794366 -0.395472 0.000000 0.000000
rubbergloveCHROME.bmp
  25 27.832039 0.210043 -0.663748 0.461069 0.794366 -0.395472 0.000000 0.000000
  25 27.981502 0.063307 -0.707672 0.809089 0.444436 -0.384516 0.000000 0.000000
  25 27.876108 0.037390 -0.777101 0.603619 0.629333 -0.489473 0.000000 0.000000
rubbergloveCHROME.bmp
  25 27.981502 0.063307 -0.707672 0.809089 0.444436 -0.384516 0.000000 0.000000
  25 27.924761 -0.073188 -0.779433 0.722361 0.451385 -0.523876 0.000000 0.000000
  25 27.876108 0.037390 -0.777101 0.603619 0.629333 -0.489473 0.000000 0.000000
rubbergloveCHROME.bmp
  25 27.876108 0.037390 -0.777101 0.603619 0.629333 -0.489473 0.000000 0.000000
  25 27.924761 -0.073188 -0.779433 0.722361 0.451385 -0.523876 0.000000 0.000000
  25 27.846405 0.051108 -0.846596 0.631457 0.567231 -0.528688 0.000000 0.000000
rubbergloveCHROME.bmp
  25 27.924761 -0.073188 -0.779433 0.722361 0.451385 -0.523876 0.000000 0.000000
  25 27.995964 -0.095796 -0.880522 0.748558 0.502453 -0.432668 0.000000 0.000000
  25 27.846405 0.051108 -0.846596 0.631457 0.567231 -0.528688 0.000000 0.000000
rubbergloveCHROME.bmp
  25 27.846405 0.051108 -0.846596 0.631457 0.567231 -0.528688 0.000000 0.000000
  25 27.995964 -0.095796 -0.880522 0.748558 0.502453 -0.432668 0.000000 0.000000
  25 27.941156 -0.127356 -0.870521 0.622717 0.348889 -0.700357 0.000000 0.000000
rubbergloveCHROME.bmp
  25 28.053011 -0.080878 -0.740797 0.914555 0.310868 -0.258748 0.000000 0.000000
  25 28.071370 -0.272256 -0.674183 0.817869 0.575389 0.004282 0.000000 0.000000
  25 28.022633 -0.174282 -0.762079 0.824459 0.470617 -0.314303 0.000000 0.000000
rubbergloveCHROME.bmp
  25 28.022633 -0.174282 -0.762079 0.824459 0.470617 -0.314303 0.000000 0.000000
  25 28.071370 -0.272256 -0.674183 0.817869 0.575389 0.004282 0.000000 0.000000
  25 28.030485 -0.194391 -0.802501 0.809089 0.444436 -0.384516 0.000000 0.000000
rubbergloveCHROME.bmp
  25 28.071370 -0.272256 -0.674183 0.817869 0.575389 0.004282 0.000000 0.000000
  25 28.108345 -0.305074 -0.705099 0.887690 0.386895 -0.249638 0.000000 0.000000
  25 28.030485 -0.194391 -0.802501 0.809089 0.444436 -0.384516 0.000000 0.000000
rubbergloveCHROME.bmp
  25 28.030485 -0.194391 -0.802501 0.809089 0.444436 -0.384516 0.000000 0.000000
  25 28.108345 -0.305074 -0.705099 0.887690 0.386895 -0.249638 0.000000 0.000000
  25 28.032652 -0.236409 -0.823233 0.753745 0.325955 -0.570632 0.000000 0.000000
rubbergloveCHROME.bmp
  25 28.108345 -0.305074 -0.705099 0.887690 0.386895 -0.249638 0.000000 0.000000
  25 28.132278 -0.353304 -0.706142 0.932791 0.281260 -0.225376 0.000000 0.000000
  25 28.032652 -0.236409 -0.823233 0.753745 0.325955 -0.570632 0.000000 0.000000
rubbergloveCHROME.bmp
  25 28.032652 -0.236409 -0.823233 0.753745 0.325955 -0.570632 0.000000 0.000000
  25 28.132278 -0.353304 -0.706142 0.932791 0.281260 -0.225376 0.000000 0.000000
  25 28.127610 -0.427982 -0.907392 0.678687 0.625553 -0.384795 0.000000 0.000000
rubbergloveCHROME.bmp
  25 28.201851 -0.494123 -0.939229 0.603619 0.629333 -0.489473 0.000000 0.000000
  25 28.218428 -0.535856 -0.930090 0.908373 0.135838 -0.395482 0.000000 0.000000
  25 28.170807 -0.599120 -1.110728 0.540804 0.058042 -0.839144 0.000000 0.000000
rubbergloveCHROME.bmp
  25 28.170807 -0.599120 -1.110728 0.540804 0.058042 -0.839144 0.000000 0.000000
  25 28.218428 -0.535856 -0.930090 0.908373 0.135838 -0.395482 0.000000 0.000000
  25 28.166489 -0.636156 -1.031294 0.463555 0.299511 -0.833912 0.000000 0.000000
rubbergloveCHROME.bmp
  25 28.218428 -0.535856 -0.930090 0.908373 0.135838 -0.395482 0.000000 0.000000
  25 28.221575 -0.592329 -0.931071 0.403606 0.820042 -0.405750 0.000000 0.000000
  25 28.166489 -0.636156 -1.031294 0.463555 0.299511 -0.833912 0.000000 0.000000
rubbergloveCHROME.bmp
  25 28.166489 -0.636156 -1.031294 0.463555 0.299511 -0.833912 0.000000 0.000000
  25 28.221575 -0.592329 -0.931071 0.403606 0.820042 -0.405750 0.000000 0.000000
  25 28.215223 -0.625831 -1.061598 0.121083 0.626585 -0.769890 0.000000 0.000000
rubbergloveCHROME.bmp
  25 28.221575 -0.592329 -0.931071 0.403606 0.820042 -0.405750 0.000000 0.000000
  25 28.277666 -0.588500 -0.971557 0.497928 0.803512 -0.326245 0.000000 0.000000
  25 28.215223 -0.625831 -1.061598 0.121083 0.626585 -0.769890 0.000000 0.000000
rubbergloveCHROME.bmp
  25 28.215223 -0.625831 -1.061598 0.121083 0.626585 -0.769890 0.000000 0.000000
  25 28.277666 -0.588500 -0.971557 0.497928 0.803512 -0.326245 0.000000 0.000000
  26 28.322337 -0.673436 -0.963418 0.897880 0.210427 -0.386694 0.000000 0.000000
rubbergloveCHROME.bmp
  20 24.822374 -0.042417 1.815011 -0.432538 -0.388454 0.813643 0.000000 0.000000
  20 24.937810 -0.004252 1.863156 -0.652444 -0.238500 0.719329 0.000000 0.000000
  20 24.638688 0.136647 1.841388 -0.380783 -0.411452 0.828077 0.000000 0.000000
rubbergloveCHROME.bmp
  20 24.638688 0.136647 1.841388 -0.380783 -0.411452 0.828077 0.000000 0.000000
  20 24.937810 -0.004252 1.863156 -0.652444 -0.238500 0.719329 0.000000 0.000000
  20 24.820015 0.282094 1.908214 -0.534805 -0.323227 0.780710 0.000000 0.000000
rubbergloveCHROME.bmp
  20 24.937810 -0.004252 1.863156 -0.652444 -0.238500 0.719329 0.000000 0.000000
  20 24.956248 -0.017609 1.923003 -0.608567 -0.161804 0.776830 0.000000 0.000000
  20 24.820015 0.282094 1.908214 -0.534805 -0.323227 0.780710 0.000000 0.000000
rubbergloveCHROME.bmp
  20 24.820015 0.282094 1.908214 -0.534805 -0.323227 0.780710 0.000000 0.000000
  20 24.956248 -0.017609 1.923003 -0.608567 -0.161804 0.776830 0.000000 0.000000
  20 24.813567 0.313345 1.992368 -0.420478 -0.251914 0.871629 0.000000 0.000000
rubbergloveCHROME.bmp
  20 24.956248 -0.017609 1.923003 -0.608567 -0.161804 0.776830 0.000000 0.000000
  20 25.204168 0.143942 1.946172 -0.041000 0.200559 0.978823 0.000000 0.000000
  20 24.813567 0.313345 1.992368 -0.420478 -0.251914 0.871629 0.000000 0.000000
rubbergloveCHROME.bmp
  20 25.112552 -0.704605 1.484249 -0.790832 -0.569857 -0.223266 0.000000 0.000000
  20 25.292620 -0.716844 1.213831 -0.430584 -0.645187 -0.631135 0.000000 0.000000
  21 25.255600 -0.930316 1.539354 -0.623823 -0.705633 -0.336045 0.000000 0.000000
rubbergloveCHROME.bmp
  20 25.112552 -0.704605 1.484249 -0.790832 -0.569857 -0.223266 0.000000 0.000000
  20 25.138066 -0.576271 1.192565 -0.535550 -0.610546 -0.583455 0.000000 0.000000
  20 25.292620 -0.716844 1.213831 -0.430584 -0.645187 -0.631135 0.000000 0.000000
rubbergloveCHROME.bmp
  20 25.112552 -0.704605 1.484249 -0.790832 -0.569857 -0.223266 0.000000 0.000000
  20 24.995460 -0.509437 1.466968 -0.764130 -0.621060 -0.174324 0.000000 0.000000
  20 25.138066 -0.576271 1.192565 -0.535550 -0.610546 -0.583455 0.000000 0.000000
rubbergloveCHROME.bmp
  20 25.112552 -0.704605 1.484249 -0.790832 -0.569857 -0.223266 0.000000 0.000000
  20 25.094085 -0.695177 1.629060 -0.832536 -0.547838 -0.082200 0.000000 0.000000
  20 24.995460 -0.509437 1.466968 -0.764130 -0.621060 -0.174324 0.000000 0.000000
rubbergloveCHROME.bmp
  20 25.112552 -0.704605 1.484249 -0.790832 -0.569857 -0.223266 0.000000 0.000000
  21 25.207966 -0.850915 1.709138 -0.834199 -0.550027 -0.039778 0.000000 0.000000
  20 25.094085 -0.695177 1.629060 -0.832536 -0.547838 -0.082200 0.000000 0.000000
rubbergloveCHROME.bmp
  18 -25.379804 -0.884523 -3.184421 -0.069945 0.775174 -0.627864 0.000000 0.000000
  18 -25.468433 -0.829539 -3.142929 0.050212 0.943634 -0.327161 0.000000 0.000000
  17 -25.364097 -0.662130 -3.094043 -0.570757 0.431234 -0.698766 0.000000 0.000000
rubbergloveCHROME.bmp
  18 -25.379804 -0.884523 -3.184421 -0.069945 0.775174 -0.627864 0.000000 0.000000
  18 -25.427861 -0.850578 -3.252525 0.183057 0.833684 -0.521019 0.000000 0.000000
  18 -25.468433 -0.829539 -3.142929 0.050212 0.943634 -0.327161 0.000000 0.000000
rubbergloveCHROME.bmp
  18 -25.379804 -0.884523 -3.184421 -0.069945 0.775174 -0.627864 0.000000 0.000000
  18 -25.346961 -0.896372 -3.231122 0.345649 0.813869 -0.467059 0.000000 0.000000
  18 -25.427861 -0.850578 -3.252525 0.183057 0.833684 -0.521019 0.000000 0.000000
rubbergloveCHROME.bmp
  18 -25.379804 -0.884523 -3.184421 -0.069945 0.775174 -0.627864 0.000000 0.000000
  17 -25.244760 -0.745197 -3.186014 -0.006918 0.133833 -0.990980 0.000000 0.000000
  18 -25.346961 -0.896372 -3.231122 0.345649 0.813869 -0.467059 0.000000 0.000000
rubbergloveCHROME.bmp
  18 -25.379804 -0.884523 -3.184421 -0.069945 0.775174 -0.627864 0.000000 0.000000
  17 -25.364097 -0.662130 -3.094043 -0.570757 0.431234 -0.698766 0.000000 0.000000
  17 -25.244760 -0.745197 -3.186014 -0.006918 0.133833 -0.990980 0.000000 0.000000
rubbergloveCHROME.bmp
  17 -25.319191 -0.543700 -2.429470 -0.590155 0.298639 0.750021 0.000000 0.000000
  17 -25.539564 -0.671566 -2.541212 -0.730845 0.372088 0.572203 0.000000 0.000000
  17 -25.441732 -0.742364 -2.478629 -0.655649 0.287092 0.698357 0.000000 0.000000
rubbergloveCHROME.bmp
  17 -25.441732 -0.742364 -2.478629 -0.655649 0.287092 0.698357 0.000000 0.000000
  17 -25.539564 -0.671566 -2.541212 -0.730845 0.372088 0.572203 0.000000 0.000000
  18 -25.641763 -0.861809 -2.552154 -0.295806 0.570212 0.766392 0.000000 0.000000
rubbergloveCHROME.bmp
  17 -25.539564 -0.671566 -2.541212 -0.730845 0.372088 0.572203 0.000000 0.000000
  18 -25.641791 -0.809394 -2.636134 -0.382705 0.848114 0.366386 0.000000 0.000000
  18 -25.641763 -0.861809 -2.552154 -0.295806 0.570212 0.766392 0.000000 0.000000
rubbergloveCHROME.bmp
  18 -25.641763 -0.861809 -2.552154 -0.295806 0.570212 0.766392 0.000000 0.000000
  18 -25.641791 -0.809394 -2.636134 -0.382705 0.848114 0.366386 0.000000 0.000000
  18 -25.685980 -0.847679 -2.518314 -0.157075 0.588277 0.793257 0.000000 0.000000
rubbergloveCHROME.bmp
  18 -25.641791 -0.809394 -2.636134 -0.382705 0.848114 0.366386 0.000000 0.000000
  18 -25.710844 -0.806484 -2.621196 -0.382705 0.848114 0.366386 0.000000 0.000000
  18 -25.685980 -0.847679 -2.518314 -0.157075 0.588277 0.793257 0.000000 0.000000
rubbergloveCHROME.bmp
  16 -24.407475 -0.550486 -2.204642 0.077459 -0.767876 0.635898 0.000000 0.000000
  16 -24.613516 -0.533675 -2.220908 0.006685 -0.619442 0.785014 0.000000 0.000000
  16 -24.473403 -0.615138 -2.475333 0.376587 -0.905016 0.197807 0.000000 0.000000
rubbergloveCHROME.bmp
  16 -24.473403 -0.615138 -2.475333 0.376587 -0.905016 0.197807 0.000000 0.000000
  16 -24.613516 -0.533675 -2.220908 0.006685 -0.619442 0.785014 0.000000 0.000000
  17 -24.519097 -0.700778 -2.493309 0.579021 -0.747928 0.324559 0.000000 0.000000
rubbergloveCHROME.bmp
  16 -24.613516 -0.533675 -2.220908 0.006685 -0.619442 0.785014 0.000000 0.000000
  17 -24.728785 -0.629537 -2.268685 0.081899 -0.506607 0.858278 0.000000 0.000000
  17 -24.519097 -0.700778 -2.493309 0.579021 -0.747928 0.324559 0.000000 0.000000
rubbergloveCHROME.bmp
  17 -24.519097 -0.700778 -2.493309 0.579021 -0.747928 0.324559 0.000000 0.000000
  17 -24.728785 -0.629537 -2.268685 0.081899 -0.506607 0.858278 0.000000 0.000000
  17 -24.618068 -0.780783 -2.523374 0.489140 -0.810221 0.322929 0.000000 0.000000
rubbergloveCHROME.bmp
  17 -24.728785 -0.629537 -2.268685 0.081899 -0.506607 0.858278 0.000000 0.000000
  17 -24.813875 -0.682541 -2.289904 0.084878 -0.475879 0.875405 0.000000 0.000000
  17 -24.618068 -0.780783 -2.523374 0.489140 -0.810221 0.322929 0.000000 0.000000
rubbergloveCHROME.bmp
  1 -24.039410 -0.415427 -0.871956 0.502474 -0.864363 -0.019908 0.000000 0.000000
  1 -24.060471 -0.477266 -0.641452 0.601893 -0.798390 -0.017256 0.000000 0.000000
  1 -24.346029 -0.575580 -0.695219 0.289789 -0.950621 -0.111094 0.000000 0.000000
rubbergloveCHROME.bmp
  1 -24.346029 -0.575580 -0.695219 0.289789 -0.950621 -0.111094 0.000000 0.000000
  1 -24.060471 -0.477266 -0.641452 0.601893 -0.798390 -0.017256 0.000000 0.000000
  1 -24.424031 -0.597242 -0.293415 0.084399 -0.982198 0.167820 0.000000 0.000000
rubbergloveCHROME.bmp
  1 -24.060471 -0.477266 -0.641452 0.601893 -0.798390 -0.017256 0.000000 0.000000
  1 -24.074924 -0.482730 -0.311056 0.554401 -0.832246 -0.002436 0.000000 0.000000
  1 -24.424031 -0.597242 -0.293415 0.084399 -0.982198 0.167820 0.000000 0.000000
rubbergloveCHROME.bmp
  1 -24.424031 -0.597242 -0.293415 0.084399 -0.982198 0.167820 0.000000 0.000000
  1 -24.074924 -0.482730 -0.311056 0.554401 -0.832246 -0.002436 0.000000 0.000000
  1 -24.395296 -0.549587 -0.123995 0.082595 -0.994715 0.060988 0.000000 0.000000
rubbergloveCHROME.bmp
  1 -24.074924 -0.482730 -0.311056 0.554401 -0.832246 -0.002436 0.000000 0.000000
  1 -23.994986 -0.431900 -0.082744 0.570618 -0.819543 -0.052390 0.000000 0.000000
  1 -24.395296 -0.549587 -0.123995 0.082595 -0.994715 0.060988 0.000000 0.000000
rubbergloveCHROME.bmp
  10 -26.005596 -0.781453 -0.111998 -0.296406 -0.053847 0.953543 0.000000 0.000000
  10 -25.901557 -0.809726 -0.041453 -0.213971 0.161001 0.963481 0.000000 0.000000
  10 -25.952443 -0.720347 -0.130459 -0.077710 0.081761 0.993618 0.000000 0.000000
rubbergloveCHROME.bmp
  10 -25.952443 -0.720347 -0.130459 -0.077710 0.081761 0.993618 0.000000 0.000000
  10 -25.901557 -0.809726 -0.041453 -0.213971 0.161001 0.963481 0.000000 0.000000
  10 -25.914487 -0.673074 -0.119294 -0.040311 0.110928 0.993011 0.000000 0.000000
rubbergloveCHROME.bmp
  10 -25.901557 -0.809726 -0.041453 -0.213971 0.161001 0.963481 0.000000 0.000000
  10 -25.803588 -0.708464 -0.068806 -0.040311 0.110928 0.993011 0.000000 0.000000
  10 -25.914487 -0.673074 -0.119294 -0.040311 0.110928 0.993011 0.000000 0.000000
rubbergloveCHROME.bmp
  10 -25.914487 -0.673074 -0.119294 -0.040311 0.110928 0.993011 0.000000 0.000000
  10 -25.803588 -0.708464 -0.068806 -0.040311 0.110928 0.993011 0.000000 0.000000
  10 -25.695888 -0.437280 -0.123210 -0.078002 0.128944 0.988579 0.000000 0.000000
rubbergloveCHROME.bmp
  10 -25.803588 -0.708464 -0.068806 -0.040311 0.110928 0.993011 0.000000 0.000000
  10 -25.545169 -0.396656 -0.091061 -0.138082 0.125444 0.982445 0.000000 0.000000
  10 -25.695888 -0.437280 -0.123210 -0.078002 0.128944 0.988579 0.000000 0.000000
rubbergloveCHROME.bmp
  10 -25.786908 -0.443670 -1.094382 -0.220786 0.228799 -0.948106 0.000000 0.000000
  10 -25.652255 -0.310095 -1.060824 -0.262533 0.204176 -0.943074 0.000000 0.000000
  10 -25.625229 -0.473080 -1.143321 -0.220786 0.228799 -0.948106 0.000000 0.000000
rubbergloveCHROME.bmp
  10 -25.625229 -0.473080 -1.143321 -0.220786 0.228799 -0.948106 0.000000 0.000000
  10 -25.652255 -0.310095 -1.060824 -0.262533 0.204176 -0.943074 0.000000 0.000000
  10 -25.435063 -0.236044 -1.127488 -0.175959 0.152802 -0.972466 0.000000 0.000000
rubbergloveCHROME.bmp
  10 -25.652255 -0.310095 -1.060824 -0.262533 0.204176 -0.943074 0.000000 0.000000
  10 -25.550642 -0.138748 -1.056956 -0.262533 0.204176 -0.943074 0.000000 0.000000
  10 -25.435063 -0.236044 -1.127488 -0.175959 0.152802 -0.972466 0.000000 0.000000
rubbergloveCHROME.bmp
  10 -25.435063 -0.236044 -1.127488 -0.175959 0.152802 -0.972466 0.000000 0.000000
  10 -25.550642 -0.138748 -1.056956 -0.262533 0.204176 -0.943074 0.000000 0.000000
  10 -25.302754 -0.023752 -1.132636 -0.157584 0.289261 -0.944190 0.000000 0.000000
rubbergloveCHROME.bmp
  10 -25.550642 -0.138748 -1.056956 -0.262533 0.204176 -0.943074 0.000000 0.000000
  10 -25.348523 0.055481 -1.061732 -0.228430 0.291473 -0.928904 0.000000 0.000000
  10 -25.302754 -0.023752 -1.132636 -0.157584 0.289261 -0.944190 0.000000 0.000000
rubbergloveCHROME.bmp
  10 -26.276887 -0.574330 -0.971301 -0.497922 0.803520 -0.326236 0.000000 0.000000
  10 -26.207463 -0.593066 -0.930936 -0.403588 0.820051 -0.405750 0.000000 0.000000
  10 -26.236804 -0.631655 -1.061894 -0.121075 0.626583 -0.769892 0.000000 0.000000
rubbergloveCHROME.bmp
  10 -26.236804 -0.631655 -1.061894 -0.121075 0.626583 -0.769892 0.000000 0.000000
  10 -26.207463 -0.593066 -0.930936 -0.403588 0.820051 -0.405750 0.000000 0.000000
  10 -26.144924 -0.630230 -1.030975 -0.463553 0.299531 -0.833906 0.000000 0.000000
rubbergloveCHROME.bmp
  10 -26.207463 -0.593066 -0.930936 -0.403588 0.820051 -0.405750 0.000000 0.000000
  10 -26.204219 -0.536426 -0.939953 -0.908375 0.135829 -0.395482 0.000000 0.000000
  10 -26.144924 -0.630230 -1.030975 -0.463553 0.299531 -0.833906 0.000000 0.000000
rubbergloveCHROME.bmp
  10 -26.144924 -0.630230 -1.030975 -0.463553 0.299531 -0.833906 0.000000 0.000000
  10 -26.204219 -0.536426 -0.939953 -0.908375 0.135829 -0.395482 0.000000 0.000000
  10 -26.128747 -0.601941 -1.080352 -0.540833 0.058016 -0.839127 0.000000 0.000000
rubbergloveCHROME.bmp
  10 -26.204219 -0.536426 -0.939953 -0.908375 0.135829 -0.395482 0.000000 0.000000
  10 -26.186855 -0.480574 -0.948847 -0.596907 0.634467 -0.491073 0.000000 0.000000
  10 -26.128747 -0.601941 -1.080352 -0.540833 0.058016 -0.839127 0.000000 0.000000
rubbergloveCHROME.bmp
  11 -26.089444 -0.900179 -0.114808 -0.545604 0.024576 0.837683 0.000000 0.000000
  11 -26.038565 -0.852392 -0.103509 -0.282533 0.191159 0.940018 0.000000 0.000000
  11 -26.158206 -0.841149 -0.134484 -0.506026 -0.351536 0.787629 0.000000 0.000000
rubbergloveCHROME.bmp
  11 -26.158206 -0.841149 -0.134484 -0.506026 -0.351536 0.787629 0.000000 0.000000
  11 -26.038565 -0.852392 -0.103509 -0.282533 0.191159 0.940018 0.000000 0.000000
  11 -26.121753 -0.793435 -0.093321 -0.146487 0.333666 0.931240 0.000000 0.000000
rubbergloveCHROME.bmp
  11 -26.038565 -0.852392 -0.103509 -0.282533 0.191159 0.940018 0.000000 0.000000
  10 -26.013049 -0.788118 -0.112182 -0.144789 0.260805 0.954472 0.000000 0.000000
  11 -26.121753 -0.793435 -0.093321 -0.146487 0.333666 0.931240 0.000000 0.000000
rubbergloveCHROME.bmp
  11 -26.121753 -0.793435 -0.093321 -0.146487 0.333666 0.931240 0.000000 0.000000
  10 -26.013049 -0.788118 -0.112182 -0.144789 0.260805 0.954472 0.000000 0.000000
  10 -26.038734 -0.743849 -0.131690 -0.298511 0.006331 0.954385 0.000000 0.000000
rubbergloveCHROME.bmp
  10 -26.013049 -0.788118 -0.112182 -0.144789 0.260805 0.954472 0.000000 0.000000
  10 -26.005596 -0.781453 -0.111998 -0.296406 -0.053847 0.953543 0.000000 0.000000
  10 -26.038734 -0.743849 -0.131690 -0.298511 0.006331 0.954385 0.000000 0.000000
rubbergloveCHROME.bmp
  10 -25.617132 -0.299539 -0.150135 -0.111805 0.052103 0.992363 0.000000 0.000000
  10 -25.732421 -0.201738 -0.109598 -0.213971 0.161001 0.963481 0.000000 0.000000
  10 -25.695888 -0.437280 -0.123210 -0.078002 0.128944 0.988579 0.000000 0.000000
rubbergloveCHROME.bmp
  10 -25.695888 -0.437280 -0.123210 -0.078002 0.128944 0.988579 0.000000 0.000000
  10 -25.732421 -0.201738 -0.109598 -0.213971 0.161001 0.963481 0.000000 0.000000
  10 -25.855703 -0.379130 -0.103775 -0.304868 0.230933 0.923973 0.000000 0.000000
rubbergloveCHROME.bmp
  10 -25.732421 -0.201738 -0.109598 -0.213971 0.161001 0.963481 0.000000 0.000000
  10 -25.842933 -0.165675 -0.200078 -0.563633 0.341840 0.751973 0.000000 0.000000
  10 -25.855703 -0.379130 -0.103775 -0.304868 0.230933 0.923973 0.000000 0.000000
rubbergloveCHROME.bmp
  10 -25.855703 -0.379130 -0.103775 -0.304868 0.230933 0.923973 0.000000 0.000000
  10 -25.842933 -0.165675 -0.200078 -0.563633 0.341840 0.751973 0.000000 0.000000
  10 -25.984555 -0.305073 -0.283810 -0.674632 0.303870 0.672707 0.000000 0.000000
rubbergloveCHROME.bmp
  10 -25.842933 -0.165675 -0.200078 -0.563633 0.341840 0.751973 0.000000 0.000000
  10 -25.897256 -0.133273 -0.260070 -0.672667 0.397301 0.624236 0.000000 0.000000
  10 -25.984555 -0.305073 -0.283810 -0.674632 0.303870 0.672707 0.000000 0.000000
rubbergloveCHROME.bmp
  10 -25.912731 -0.128547 -0.890259 -0.622717 0.348890 -0.700356 0.000000 0.000000
  10 -25.811905 0.028682 -0.886636 -0.551461 0.508258 -0.661487 0.000000 0.000000
  10 -25.801566 -0.188976 -1.030226 -0.364239 0.265695 -0.892601 0.000000 0.000000
rubbergloveCHROME.bmp
  10 -25.801566 -0.188976 -1.030226 -0.364239 0.265695 -0.892601 0.000000 0.000000
  10 -25.811905 0.028682 -0.886636 -0.551461 0.508258 -0.661487 0.000000 0.000000
  10 -25.673191 -0.047274 -1.036600 -0.313151 0.320336 -0.894048 0.000000 0.000000
rubbergloveCHROME.bmp
  10 -25.811905 0.028682 -0.886636 -0.551461 0.508258 -0.661487 0.000000 0.000000
  10 -25.668612 0.196485 -0.812411 -0.508225 0.661560 -0.551404 0.000000 0.000000
  10 -25.673191 -0.047274 -1.036600 -0.313151 0.320336 -0.894048 0.000000 0.000000
rubbergloveCHROME.bmp
  10 -25.673191 -0.047274 -1.036600 -0.313151 0.320336 -0.894048 0.000000 0.000000
  10 -25.668612 0.196485 -0.812411 -0.508225 0.661560 -0.551404 0.000000 0.000000
  10 -25.492741 0.140911 -1.031685 -0.313151 0.320336 -0.894048 0.000000 0.000000
rubbergloveCHROME.bmp
  10 -25.668612 0.196485 -0.812411 -0.508225 0.661560 -0.551404 0.000000 0.000000
  10 -25.539935 0.351463 -0.768549 -0.787016 0.448558 -0.423557 0.000000 0.000000
  10 -25.492741 0.140911 -1.031685 -0.313151 0.320336 -0.894048 0.000000 0.000000
rubbergloveCHROME.bmp
  13 -25.806460 -0.252593 -2.093884 -0.470329 0.761004 -0.446838 0.000000 0.000000
  13 -25.904236 -0.288354 -1.855428 -0.901249 0.354914 -0.248570 0.000000 0.000000
  13 -25.831084 -0.234153 -1.852112 -0.431139 0.899353 -0.072689 0.000000 0.000000
rubbergloveCHROME.bmp
  13 -25.806460 -0.252593 -2.093884 -0.470329 0.761004 -0.446838 0.000000 0.000000
  13 -25.824487 -0.310205 -2.081399 -0.728378 0.245160 -0.639814 0.000000 0.000000
  13 -25.904236 -0.288354 -1.855428 -0.901249 0.354914 -0.248570 0.000000 0.000000
rubbergloveCHROME.bmp
  13 -25.806460 -0.252593 -2.093884 -0.470329 0.761004 -0.446838 0.000000 0.000000
  13 -25.651840 -0.300244 -2.162601 -0.065856 0.515623 -0.854281 0.000000 0.000000
  13 -25.824487 -0.310205 -2.081399 -0.728378 0.245160 -0.639814 0.000000 0.000000
rubbergloveCHROME.bmp
  13 -25.806460 -0.252593 -2.093884 -0.470329 0.761004 -0.446838 0.000000 0.000000
  13 -25.690849 -0.213474 -2.026773 -0.454241 0.747789 -0.484228 0.000000 0.000000
  13 -25.651840 -0.300244 -2.162601 -0.065856 0.515623 -0.854281 0.000000 0.000000
rubbergloveCHROME.bmp
  13 -25.806460 -0.252593 -2.093884 -0.470329 0.761004 -0.446838 0.000000 0.000000
  13 -25.831084 -0.234153 -1.852112 -0.431139 0.899353 -0.072689 0.000000 0.000000
  13 -25.690849 -0.213474 -2.026773 -0.454241 0.747789 -0.484228 0.000000 0.000000
rubbergloveCHROME.bmp
  1 -24.473297 -0.290991 -2.012683 0.016901 -0.422475 -0.906217 0.000000 0.000000
  13 -24.843403 -0.014142 -2.085954 0.050195 -0.003836 -0.998732 0.000000 0.000000
  1 -24.741276 0.112870 -2.086735 -0.198395 0.037420 -0.979408 0.000000 0.000000
rubbergloveCHROME.bmp
  1 -24.741276 0.112870 -2.086735 -0.198395 0.037420 -0.979408 0.000000 0.000000
  13 -24.843403 -0.014142 -2.085954 0.050195 -0.003836 -0.998732 0.000000 0.000000
  13 -24.972291 0.111909 -2.026799 -0.001999 0.111167 -0.993800 0.000000 0.000000
rubbergloveCHROME.bmp
  13 -24.843403 -0.014142 -2.085954 0.050195 -0.003836 -0.998732 0.000000 0.000000
  13 -25.025968 -0.156181 -2.099918 -0.049499 0.141569 -0.988690 0.000000 0.000000
  13 -24.972291 0.111909 -2.026799 -0.001999 0.111167 -0.993800 0.000000 0.000000
rubbergloveCHROME.bmp
  13 -24.972291 0.111909 -2.026799 -0.001999 0.111167 -0.993800 0.000000 0.000000
  13 -25.025968 -0.156181 -2.099918 -0.049499 0.141569 -0.988690 0.000000 0.000000
  13 -25.162560 -0.050918 -2.043686 0.089556 0.031922 -0.995470 0.000000 0.000000
rubbergloveCHROME.bmp
  13 -25.025968 -0.156181 -2.099918 -0.049499 0.141569 -0.988690 0.000000 0.000000
  13 -25.273783 -0.194995 -2.060155 0.093668 0.126386 -0.987549 0.000000 0.000000
  13 -25.162560 -0.050918 -2.043686 0.089556 0.031922 -0.995470 0.000000 0.000000
rubbergloveCHROME.bmp
  13 -25.765355 -0.227469 -1.662283 -0.772635 0.627847 0.094044 0.000000 0.000000
  13 -25.756292 -0.164503 -1.654995 -0.999441 -0.006567 -0.032780 0.000000 0.000000
  13 -25.748486 -0.225703 -1.822009 -0.637797 0.767778 -0.061092 0.000000 0.000000
rubbergloveCHROME.bmp
  13 -25.748486 -0.225703 -1.822009 -0.637797 0.767778 -0.061092 0.000000 0.000000
  13 -25.756292 -0.164503 -1.654995 -0.999441 -0.006567 -0.032780 0.000000 0.000000
  13 -25.694828 -0.121384 -1.815815 -0.917340 0.135185 -0.374449 0.000000 0.000000
rubbergloveCHROME.bmp
  13 -25.756292 -0.164503 -1.654995 -0.999441 -0.006567 -0.032780 0.000000 0.000000
  13 -25.751687 -0.119356 -1.680305 -0.848076 0.529300 -0.024657 0.000000 0.000000
  13 -25.694828 -0.121384 -1.815815 -0.917340 0.135185 -0.374449 0.000000 0.000000
rubbergloveCHROME.bmp
  13 -25.694828 -0.121384 -1.815815 -0.917340 0.135185 -0.374449 0.000000 0.000000
  13 -25.751687 -0.119356 -1.680305 -0.848076 0.529300 -0.024657 0.000000 0.000000
  13 -25.729908 -0.085710 -1.805977 -0.832051 0.371783 -0.411665 0.000000 0.000000
rubbergloveCHROME.bmp
  13 -25.751687 -0.119356 -1.680305 -0.848076 0.529300 -0.024657 0.000000 0.000000
  13 -25.696265 -0.068112 -1.780317 -0.775162 0.631374 -0.022163 0.000000 0.000000
  13 -25.729908 -0.085710 -1.805977 -0.832051 0.371783 -0.411665 0.000000 0.000000
rubbergloveCHROME.bmp
  7 -25.613411 -0.461120 0.137890 -0.532561 0.335190 -0.777191 0.000000 0.000000
  7 -25.460363 -0.223107 0.126668 -0.431477 0.244646 -0.868318 0.000000 0.000000
  7 -25.218901 -0.617457 -0.034216 -0.143630 -0.046039 -0.988560 0.000000 0.000000
rubbergloveCHROME.bmp
  7 -25.218901 -0.617457 -0.034216 -0.143630 -0.046039 -0.988560 0.000000 0.000000
  7 -25.460363 -0.223107 0.126668 -0.431477 0.244646 -0.868318 0.000000 0.000000
  7 -25.061039 -0.480585 -0.057574 -0.080575 -0.091423 -0.992547 0.000000 0.000000
rubbergloveCHROME.bmp
  7 -25.460363 -0.223107 0.126668 -0.431477 0.244646 -0.868318 0.000000 0.000000
  7 -25.315986 -0.057903 0.092564 -0.441003 0.294262 -0.847895 0.000000 0.000000
  7 -25.061039 -0.480585 -0.057574 -0.080575 -0.091423 -0.992547 0.000000 0.000000
rubbergloveCHROME.bmp
  7 -25.061039 -0.480585 -0.057574 -0.080575 -0.091423 -0.992547 0.000000 0.000000
  7 -25.315986 -0.057903 0.092564 -0.441003 0.294262 -0.847895 0.000000 0.000000
  7 -24.941435 -0.430573 -0.047893 -0.363965 -0.377579 -0.851448 0.000000 0.000000
rubbergloveCHROME.bmp
  7 -25.315986 -0.057903 0.092564 -0.441003 0.294262 -0.847895 0.000000 0.000000
  1 -25.236006 0.161942 0.084655 -0.981707 -0.044464 -0.185134 0.000000 0.000000
  7 -24.941435 -0.430573 -0.047893 -0.363965 -0.377579 -0.851448 0.000000 0.000000
rubbergloveCHROME.bmp
  8 -25.873598 -0.612585 0.217041 -0.674176 0.230135 -0.701801 0.000000 0.000000
  7 -25.778229 -0.577231 0.150267 -0.617033 0.528326 -0.583217 0.000000 0.000000
  8 -25.892542 -0.658153 0.253982 -0.539332 0.616943 -0.573152 0.000000 0.000000
rubbergloveCHROME.bmp
  8 -25.892542 -0.658153 0.253982 -0.539332 0.616943 -0.573152 0.000000 0.000000
  7 -25.778229 -0.577231 0.150267 -0.617033 0.528326 -0.583217 0.000000 0.000000
  8 -25.923816 -0.672462 0.239243 -0.473530 0.442682 -0.761447 0.000000 0.000000
rubbergloveCHROME.bmp
  7 -25.778229 -0.577231 0.150267 -0.617033 0.528326 -0.583217 0.000000 0.000000
  8 -25.995335 -0.857571 0.204323 -0.616858 0.152894 -0.772081 0.000000 0.000000
  8 -25.923816 -0.672462 0.239243 -0.473530 0.442682 -0.761447 0.000000 0.000000
rubbergloveCHROME.bmp
  8 -25.923816 -0.672462 0.239243 -0.473530 0.442682 -0.761447 0.000000 0.000000
  8 -25.995335 -0.857571 0.204323 -0.616858 0.152894 -0.772081 0.000000 0.000000
  8 -26.012171 -0.807882 0.273225 -0.826850 -0.061266 -0.559076 0.000000 0.000000
rubbergloveCHROME.bmp
  8 -25.995335 -0.857571 0.204323 -0.616858 0.152894 -0.772081 0.000000 0.000000
  8 -26.024611 -0.833570 0.297419 -0.792645 0.199272 -0.576198 0.000000 0.000000
  8 -26.012171 -0.807882 0.273225 -0.826850 -0.061266 -0.559076 0.000000 0.000000
rubbergloveCHROME.bmp
  7 -24.646243 -0.918966 0.480911 0.680722 -0.731862 0.031569 0.000000 0.000000
  1 -24.304716 -0.562836 0.494164 0.500357 -0.855152 0.135488 0.000000 0.000000
  7 -24.655474 -0.842826 0.749085 0.519557 -0.548071 0.655499 0.000000 0.000000
rubbergloveCHROME.bmp
  7 -24.655474 -0.842826 0.749085 0.519557 -0.548071 0.655499 0.000000 0.000000
  1 -24.304716 -0.562836 0.494164 0.500357 -0.855152 0.135488 0.000000 0.000000
  7 -24.351862 -0.502988 0.789460 0.366975 -0.626300 0.687806 0.000000 0.000000
rubbergloveCHROME.bmp
  1 -24.304716 -0.562836 0.494164 0.500357 -0.855152 0.135488 0.000000 0.000000
  1 -24.186222 -0.515279 0.551587 0.459648 -0.835505 0.301088 0.000000 0.000000
  7 -24.351862 -0.502988 0.789460 0.366975 -0.626300 0.687806 0.000000 0.000000
rubbergloveCHROME.bmp
  7 -24.351862 -0.502988 0.789460 0.366975 -0.626300 0.687806 0.000000 0.000000
  1 -24.186222 -0.515279 0.551587 0.459648 -0.835505 0.301088 0.000000 0.000000
  1 -24.157809 -0.389533 0.751038 0.396528 -0.662690 0.635302 0.000000 0.000000
rubbergloveCHROME.bmp
  1 -24.186222 -0.515279 0.551587 0.459648 -0.835505 0.301088 0.000000 0.000000
  1 -23.989853 -0.182611 0.877427 0.505897 -0.655782 0.560374 0.000000 0.000000
  1 -24.157809 -0.389533 0.751038 0.396528 -0.662690 0.635302 0.000000 0.000000
rubbergloveCHROME.bmp
  7 -25.132873 -0.689971 0.010962 0.159966 -0.386370 -0.908366 0.000000 0.000000
  7 -24.922911 -0.548189 0.000308 0.151502 -0.482823 -0.862513 0.000000 0.000000
  7 -24.918220 -0.839614 0.156671 0.288386 -0.466071 -0.836428 0.000000 0.000000
rubbergloveCHROME.bmp
  7 -24.918220 -0.839614 0.156671 0.288386 -0.466071 -0.836428 0.000000 0.000000
  7 -24.922911 -0.548189 0.000308 0.151502 -0.482823 -0.862513 0.000000 0.000000
  7 -24.626633 -0.572967 0.093612 0.183686 -0.742674 -0.643968 0.000000 0.000000
rubbergloveCHROME.bmp
  7 -24.922911 -0.548189 0.000308 0.151502 -0.482823 -0.862513 0.000000 0.000000
  7 -24.766764 -0.504887 -0.034951 -0.117636 -0.911817 -0.393384 0.000000 0.000000
  7 -24.626633 -0.572967 0.093612 0.183686 -0.742674 -0.643968 0.000000 0.000000
rubbergloveCHROME.bmp
  7 -24.626633 -0.572967 0.093612 0.183686 -0.742674 -0.643968 0.000000 0.000000
  7 -24.766764 -0.504887 -0.034951 -0.117636 -0.911817 -0.393384 0.000000 0.000000
  1 -24.421518 -0.561508 0.016612 0.033776 -0.984804 -0.170356 0.000000 0.000000
rubbergloveCHROME.bmp
  7 -24.766764 -0.504887 -0.034951 -0.117636 -0.911817 -0.393384 0.000000 0.000000
  1 -24.694710 -0.476516 -0.127409 -0.261053 -0.963575 -0.058097 0.000000 0.000000
  1 -24.421518 -0.561508 0.016612 0.033776 -0.984804 -0.170356 0.000000 0.000000
rubbergloveCHROME.bmp
  5 -23.198703 0.133891 1.946269 0.040999 0.200558 0.978824 0.000000 0.000000
  5 -22.982292 -0.023154 1.913057 0.608566 -0.161806 0.776831 0.000000 0.000000
  5 -22.837762 0.321721 1.952707 0.420482 -0.251919 0.871626 0.000000 0.000000
rubbergloveCHROME.bmp
  5 -22.837762 0.321721 1.952707 0.420482 -0.251919 0.871626 0.000000 0.000000
  5 -22.982292 -0.023154 1.913057 0.608566 -0.161806 0.776831 0.000000 0.000000
  5 -22.818152 0.280812 1.891537 0.534810 -0.323231 0.780705 0.000000 0.000000
rubbergloveCHROME.bmp
  5 -22.982292 -0.023154 1.913057 0.608566 -0.161806 0.776831 0.000000 0.000000
  5 -22.942742 -0.016895 1.843081 0.652438 -0.238504 0.719333 0.000000 0.000000
  5 -22.818152 0.280812 1.891537 0.534810 -0.323231 0.780705 0.000000 0.000000
rubbergloveCHROME.bmp
  5 -22.818152 0.280812 1.891537 0.534810 -0.323231 0.780705 0.000000 0.000000
  5 -22.942742 -0.016895 1.843081 0.652438 -0.238504 0.719333 0.000000 0.000000
  5 -22.631802 0.142331 1.821560 0.380785 -0.411453 0.828076 0.000000 0.000000
rubbergloveCHROME.bmp
  5 -22.942742 -0.016895 1.843081 0.652438 -0.238504 0.719333 0.000000 0.000000
  5 -22.813756 -0.053269 1.792688 0.432536 -0.388462 0.813640 0.000000 0.000000
  5 -22.631802 0.142331 1.821560 0.380785 -0.411453 0.828076 0.000000 0.000000
rubbergloveCHROME.bmp
  5 -22.678057 -0.146396 1.623829 0.593192 -0.649585 0.475566 0.000000 0.000000
  5 -22.543442 -0.081025 1.427092 0.561344 -0.821451 0.100558 0.000000 0.000000
  5 -22.492461 -0.038300 1.578339 0.593192 -0.649585 0.475566 0.000000 0.000000
rubbergloveCHROME.bmp
  5 -22.492461 -0.038300 1.578339 0.593192 -0.649585 0.475566 0.000000 0.000000
  5 -22.543442 -0.081025 1.427092 0.561344 -0.821451 0.100558 0.000000 0.000000
  4 -22.364239 0.074166 1.533444 0.691016 -0.593550 0.412546 0.000000 0.000000
rubbergloveCHROME.bmp
  5 -22.543442 -0.081025 1.427092 0.561344 -0.821451 0.100558 0.000000 0.000000
  4 -22.332974 0.039297 1.351492 0.644042 -0.732067 0.222009 0.000000 0.000000
  4 -22.364239 0.074166 1.533444 0.691016 -0.593550 0.412546 0.000000 0.000000
rubbergloveCHROME.bmp
  4 -22.364239 0.074166 1.533444 0.691016 -0.593550 0.412546 0.000000 0.000000
  4 -22.332974 0.039297 1.351492 0.644042 -0.732067 0.222009 0.000000 0.000000
  4 -22.213334 0.258131 1.485649 0.786313 -0.454837 0.418133 0.000000 0.000000
rubbergloveCHROME.bmp
  4 -22.332974 0.039297 1.351492 0.644042 -0.732067 0.222009 0.000000 0.000000
  4 -22.198757 0.207075 1.268207 0.753716 -0.582361 0.304579 0.000000 0.000000
  4 -22.213334 0.258131 1.485649 0.786313 -0.454837 0.418133 0.000000 0.000000
rubbergloveCHROME.bmp
  5 -23.105444 -0.713903 1.477283 0.790831 -0.569859 -0.223265 0.000000 0.000000
  5 -23.116754 -0.694974 1.621206 0.832534 -0.547842 -0.082193 0.000000 0.000000
  6 -23.186263 -0.856396 1.701626 0.834200 -0.550026 -0.039773 0.000000 0.000000
rubbergloveCHROME.bmp
  5 -23.105444 -0.713903 1.477283 0.790831 -0.569859 -0.223265 0.000000 0.000000
  5 -23.003179 -0.534874 1.486787 0.764129 -0.621062 -0.174324 0.000000 0.000000
  5 -23.116754 -0.694974 1.621206 0.832534 -0.547842 -0.082193 0.000000 0.000000
rubbergloveCHROME.bmp
  5 -23.105444 -0.713903 1.477283 0.790831 -0.569859 -0.223265 0.000000 0.000000
  5 -23.131386 -0.584071 1.194139 0.535547 -0.610548 -0.583456 0.000000 0.000000
  5 -23.003179 -0.534874 1.486787 0.764129 -0.621062 -0.174324 0.000000 0.000000
rubbergloveCHROME.bmp
  5 -23.105444 -0.713903 1.477283 0.790831 -0.569859 -0.223265 0.000000 0.000000
  5 -23.294320 -0.718925 1.215748 0.430584 -0.645187 -0.631135 0.000000 0.000000
  5 -23.131386 -0.584071 1.194139 0.535547 -0.610548 -0.583456 0.000000 0.000000
rubbergloveCHROME.bmp
  5 -23.105444 -0.713903 1.477283 0.790831 -0.569859 -0.223265 0.000000 0.000000
  6 -23.268688 -0.952639 1.530911 0.623823 -0.705633 -0.336047 0.000000 0.000000
  5 -23.294320 -0.718925 1.215748 0.430584 -0.645187 -0.631135 0.000000 0.000000
rubbergloveCHROME.bmp
  6 -24.062837 -0.264739 1.903765 -0.567261 0.614355 0.548437 0.000000 0.000000
  6 -24.223755 -0.303145 1.706710 -0.809298 0.585548 0.046579 0.000000 0.000000
  6 -24.166376 -0.405904 1.978277 -0.502481 0.675720 0.539365 0.000000 0.000000
rubbergloveCHROME.bmp
  6 -24.166376 -0.405904 1.978277 -0.502481 0.675720 0.539365 0.000000 0.000000
  6 -24.223755 -0.303145 1.706710 -0.809298 0.585548 0.046579 0.000000 0.000000
  6 -24.311054 -0.431265 1.807031 -0.829616 0.557864 0.022908 0.000000 0.000000
rubbergloveCHROME.bmp
  6 -24.223755 -0.303145 1.706710 -0.809298 0.585548 0.046579 0.000000 0.000000
  6 -24.242444 -0.378221 1.597558 -0.850918 0.489053 -0.191745 0.000000 0.000000
  6 -24.311054 -0.431265 1.807031 -0.829616 0.557864 0.022908 0.000000 0.000000
rubbergloveCHROME.bmp
  6 -24.311054 -0.431265 1.807031 -0.829616 0.557864 0.022908 0.000000 0.000000
  6 -24.242444 -0.378221 1.597558 -0.850918 0.489053 -0.191745 0.000000 0.000000
  6 -24.345410 -0.525596 1.717469 -0.847744 0.518524 -0.111633 0.000000 0.000000
rubbergloveCHROME.bmp
  6 -24.242444 -0.378221 1.597558 -0.850918 0.489053 -0.191745 0.000000 0.000000
  6 -24.346813 -0.574211 1.607312 -0.874716 0.251223 -0.414437 0.000000 0.000000
  6 -24.345410 -0.525596 1.717469 -0.847744 0.518524 -0.111633 0.000000 0.000000
rubbergloveCHROME.bmp
  33 27.713199 -0.808443 -2.611679 0.396087 0.844480 0.360512 0.000000 0.000000
  33 27.641782 -0.809447 -2.636145 0.396087 0.844480 0.360512 0.000000 0.000000
  33 27.722265 -0.869515 -2.521192 0.157076 0.588271 0.793262 0.000000 0.000000
rubbergloveCHROME.bmp
  33 27.722265 -0.869515 -2.521192 0.157076 0.588271 0.793262 0.000000 0.000000
  33 27.641782 -0.809447 -2.636145 0.396087 0.844480 0.360512 0.000000 0.000000
  33 27.614276 -0.862613 -2.545498 0.295817 0.570201 0.766396 0.000000 0.000000
rubbergloveCHROME.bmp
  33 27.641782 -0.809447 -2.636145 0.396087 0.844480 0.360512 0.000000 0.000000
  32 27.569471 -0.685930 -2.541014 0.730846 0.372088 0.572202 0.000000 0.000000
  33 27.614276 -0.862613 -2.545498 0.295817 0.570201 0.766396 0.000000 0.000000
rubbergloveCHROME.bmp
  33 27.614276 -0.862613 -2.545498 0.295817 0.570201 0.766396 0.000000 0.000000
  32 27.569471 -0.685930 -2.541014 0.730846 0.372088 0.572202 0.000000 0.000000
  32 27.455650 -0.740834 -2.450292 0.655658 0.287092 0.698349 0.000000 0.000000
rubbergloveCHROME.bmp
  32 27.569471 -0.685930 -2.541014 0.730846 0.372088 0.572202 0.000000 0.000000
  32 27.358298 -0.552675 -2.419980 0.590154 0.298645 0.750019 0.000000 0.000000
  32 27.455650 -0.740834 -2.450292 0.655658 0.287092 0.698349 0.000000 0.000000
rubbergloveCHROME.bmp
  32 27.138061 -0.534744 -3.159421 0.223386 0.218618 -0.949897 0.000000 0.000000
  32 27.366452 -0.664082 -3.084526 0.570755 0.431233 -0.698768 0.000000 0.000000
  32 27.251657 -0.751811 -3.189052 0.006908 0.133825 -0.990981 0.000000 0.000000
rubbergloveCHROME.bmp
  32 27.251657 -0.751811 -3.189052 0.006908 0.133825 -0.990981 0.000000 0.000000
  32 27.366452 -0.664082 -3.084526 0.570755 0.431233 -0.698768 0.000000 0.000000
  33 27.395897 -0.886105 -3.178237 0.069934 0.775175 -0.627864 0.000000 0.000000
rubbergloveCHROME.bmp
  32 27.366452 -0.664082 -3.084526 0.570755 0.431233 -0.698768 0.000000 0.000000
  33 27.436303 -0.839375 -3.126433 -0.050227 0.943636 -0.327152 0.000000 0.000000
  33 27.395897 -0.886105 -3.178237 0.069934 0.775175 -0.627864 0.000000 0.000000
rubbergloveCHROME.bmp
  33 27.395897 -0.886105 -3.178237 0.069934 0.775175 -0.627864 0.000000 0.000000
  33 27.436303 -0.839375 -3.126433 -0.050227 0.943636 -0.327152 0.000000 0.000000
  33 27.420845 -0.857756 -3.252224 -0.183062 0.833690 -0.521008 0.000000 0.000000
rubbergloveCHROME.bmp
  33 27.436303 -0.839375 -3.126433 -0.050227 0.943636 -0.327152 0.000000 0.000000
  33 27.504913 -0.824651 -3.171995 0.278808 0.799597 -0.531893 0.000000 0.000000
  33 27.420845 -0.857756 -3.252224 -0.183062 0.833690 -0.521008 0.000000 0.000000
rubbergloveCHROME.bmp
  28 27.720988 0.100188 -1.543796 0.921908 0.230286 0.311534 0.000000 0.000000
  28 27.611301 0.229217 -1.518890 0.742696 0.507457 0.436909 0.000000 0.000000
  28 27.588501 0.073152 -1.461236 0.680287 0.298011 0.669626 0.000000 0.000000
rubbergloveCHROME.bmp
  28 27.720988 0.100188 -1.543796 0.921908 0.230286 0.311534 0.000000 0.000000
  28 27.641537 0.023684 -1.653953 0.950950 0.299005 -0.079315 0.000000 0.000000
  28 27.611301 0.229217 -1.518890 0.742696 0.507457 0.436909 0.000000 0.000000
rubbergloveCHROME.bmp
  28 27.720988 0.100188 -1.543796 0.921908 0.230286 0.311534 0.000000 0.000000
  28 27.703403 -0.074488 -1.579557 0.852768 0.518809 -0.060193 0.000000 0.000000
  28 27.641537 0.023684 -1.653953 0.950950 0.299005 -0.079315 0.000000 0.000000
rubbergloveCHROME.bmp
  28 27.720988 0.100188 -1.543796 0.921908 0.230286 0.311534 0.000000 0.000000
  28 27.654046 -0.028583 -1.488691 0.825451 0.386333 0.411555 0.000000 0.000000
  28 27.703403 -0.074488 -1.579557 0.852768 0.518809 -0.060193 0.000000 0.000000
rubbergloveCHROME.bmp
  28 27.720988 0.100188 -1.543796 0.921908 0.230286 0.311534 0.000000 0.000000
  28 27.588501 0.073152 -1.461236 0.680287 0.298011 0.669626 0.000000 0.000000
  28 27.654046 -0.028583 -1.488691 0.825451 0.386333 0.411555 0.000000 0.000000
rubbergloveCHROME.bmp
  28 27.515397 -0.214654 -2.139117 0.244799 0.298681 -0.922422 0.000000 0.000000
  28 27.415116 -0.312560 -2.117714 -0.112093 -0.011255 -0.993634 0.000000 0.000000
  28 27.377606 -0.086836 -2.111256 0.106602 0.317853 -0.942128 0.000000 0.000000
rubbergloveCHROME.bmp
  28 27.515397 -0.214654 -2.139117 0.244799 0.298681 -0.922422 0.000000 0.000000
  28 27.569685 -0.305902 -2.133964 -0.067729 0.201166 -0.977213 0.000000 0.000000
  28 27.415116 -0.312560 -2.117714 -0.112093 -0.011255 -0.993634 0.000000 0.000000
rubbergloveCHROME.bmp
  28 27.515397 -0.214654 -2.139117 0.244799 0.298681 -0.922422 0.000000 0.000000
  28 27.690839 -0.213522 -2.026784 0.454246 0.747779 -0.484238 0.000000 0.000000
  28 27.569685 -0.305902 -2.133964 -0.067729 0.201166 -0.977213 0.000000 0.000000
rubbergloveCHROME.bmp
  28 27.515397 -0.214654 -2.139117 0.244799 0.298681 -0.922422 0.000000 0.000000
  28 27.603589 -0.050611 -1.909961 0.577645 0.418797 -0.700668 0.000000 0.000000
  28 27.690839 -0.213522 -2.026784 0.454246 0.747779 -0.484238 0.000000 0.000000
rubbergloveCHROME.bmp
  28 27.515397 -0.214654 -2.139117 0.244799 0.298681 -0.922422 0.000000 0.000000
  28 27.377606 -0.086836 -2.111256 0.106602 0.317853 -0.942128 0.000000 0.000000
  28 27.603589 -0.050611 -1.909961 0.577645 0.418797 -0.700668 0.000000 0.000000
rubbergloveCHROME.bmp
  28 27.904678 -0.302463 -1.856894 0.901246 0.354912 -0.248581 0.000000 0.000000
  28 27.817677 -0.317586 -2.081399 0.728382 0.245159 -0.639810 0.000000 0.000000
  28 27.789476 -0.250475 -2.051383 0.470336 0.760995 -0.446845 0.000000 0.000000
rubbergloveCHROME.bmp
  28 27.789476 -0.250475 -2.051383 0.470336 0.760995 -0.446845 0.000000 0.000000
  28 27.817677 -0.317586 -2.081399 0.728382 0.245159 -0.639810 0.000000 0.000000
  28 27.652735 -0.328412 -2.165523 0.065864 0.515616 -0.854285 0.000000 0.000000
rubbergloveCHROME.bmp
  28 27.817677 -0.317586 -2.081399 0.728382 0.245159 -0.639810 0.000000 0.000000
  28 27.703775 -0.416693 -2.190046 0.165820 -0.002219 -0.986154 0.000000 0.000000
  28 27.652735 -0.328412 -2.165523 0.065864 0.515616 -0.854285 0.000000 0.000000
rubbergloveCHROME.bmp
  28 27.652735 -0.328412 -2.165523 0.065864 0.515616 -0.854285 0.000000 0.000000
  28 27.703775 -0.416693 -2.190046 0.165820 -0.002219 -0.986154 0.000000 0.000000
  29 27.531102 -0.486072 -2.157867 -0.191974 0.150892 -0.969731 0.000000 0.000000
rubbergloveCHROME.bmp
  28 27.703775 -0.416693 -2.190046 0.165820 -0.002219 -0.986154 0.000000 0.000000
  29 27.590877 -0.530252 -2.138499 -0.105960 0.208129 -0.972345 0.000000 0.000000
  29 27.531102 -0.486072 -2.157867 -0.191974 0.150892 -0.969731 0.000000 0.000000
rubbergloveCHROME.bmp
  32 26.952938 -0.620800 -3.130713 -0.224600 -0.094503 -0.969858 0.000000 0.000000
  32 26.818975 -0.453346 -3.105956 -0.311637 -0.106730 -0.944188 0.000000 0.000000
  32 26.901562 -0.476716 -3.131121 -0.182278 -0.023798 -0.982959 0.000000 0.000000
rubbergloveCHROME.bmp
  32 26.901562 -0.476716 -3.131121 -0.182278 -0.023798 -0.982959 0.000000 0.000000
  32 26.818975 -0.453346 -3.105956 -0.311637 -0.106730 -0.944188 0.000000 0.000000
  32 26.788454 -0.356695 -3.121029 0.026467 -0.331539 -0.943070 0.000000 0.000000
rubbergloveCHROME.bmp
  32 26.818975 -0.453346 -3.105956 -0.311637 -0.106730 -0.944188 0.000000 0.000000
  32 26.745122 -0.369982 -3.091946 -0.410702 -0.211380 -0.886929 0.000000 0.000000
  32 26.788454 -0.356695 -3.121029 0.026467 -0.331539 -0.943070 0.000000 0.000000
rubbergloveCHROME.bmp
  32 26.788454 -0.356695 -3.121029 0.026467 -0.331539 -0.943070 0.000000 0.000000
  32 26.745122 -0.369982 -3.091946 -0.410702 -0.211380 -0.886929 0.000000 0.000000
  32 26.774318 -0.316680 -3.141002 -0.214677 -0.366083 -0.905482 0.000000 0.000000
rubbergloveCHROME.bmp
  32 26.745122 -0.369982 -3.091946 -0.410702 -0.211380 -0.886929 0.000000 0.000000
  31 26.714609 -0.267521 -3.105858 -0.583819 0.106119 -0.804919 0.000000 0.000000
  32 26.774318 -0.316680 -3.141002 -0.214677 -0.366083 -0.905482 0.000000 0.000000
rubbergloveCHROME.bmp
  28 27.274678 -0.223161 -2.063077 -0.126897 0.118432 -0.984820 0.000000 0.000000
  28 27.053431 -0.168088 -2.114231 0.049496 0.141566 -0.988691 0.000000 0.000000
  28 27.163003 -0.065024 -2.045152 -0.089558 0.031921 -0.995470 0.000000 0.000000
rubbergloveCHROME.bmp
  28 27.163003 -0.065024 -2.045152 -0.089558 0.031921 -0.995470 0.000000 0.000000
  28 27.053431 -0.168088 -2.114231 0.049496 0.141566 -0.988691 0.000000 0.000000
  28 26.986786 0.098408 -2.029743 0.001996 0.111168 -0.993800 0.000000 0.000000
rubbergloveCHROME.bmp
  28 27.053431 -0.168088 -2.114231 0.049496 0.141566 -0.988691 0.000000 0.000000
  28 26.850646 -0.020915 -2.087431 -0.050195 -0.003839 -0.998732 0.000000 0.000000
  28 26.986786 0.098408 -2.029743 0.001996 0.111168 -0.993800 0.000000 0.000000
rubbergloveCHROME.bmp
  28 26.986786 0.098408 -2.029743 0.001996 0.111168 -0.993800 0.000000 0.000000
  28 26.850646 -0.020915 -2.087431 -0.050195 -0.003839 -0.998732 0.000000 0.000000
  3 26.763402 0.107434 -2.106266 0.198402 0.037418 -0.979406 0.000000 0.000000
rubbergloveCHROME.bmp
  28 26.850646 -0.020915 -2.087431 -0.050195 -0.003839 -0.998732 0.000000 0.000000
  3 26.487165 -0.289935 -2.002387 -0.016898 -0.422475 -0.906217 0.000000 0.000000
  3 26.763402 0.107434 -2.106266 0.198402 0.037418 -0.979406 0.000000 0.000000
rubbergloveCHROME.bmp
  25 26.957741 -0.420540 -0.195808 0.013612 -0.671326 0.741038 0.000000 0.000000
  25 26.902533 -0.438655 -0.145569 0.433831 -0.838873 0.328758 0.000000 0.000000
  25 26.882752 -0.486896 -0.286216 0.000270 -0.743360 0.668891 0.000000 0.000000
rubbergloveCHROME.bmp
  25 26.882752 -0.486896 -0.286216 0.000270 -0.743360 0.668891 0.000000 0.000000
  25 26.902533 -0.438655 -0.145569 0.433831 -0.838873 0.328758 0.000000 0.000000
  25 26.764001 -0.502176 -0.195306 0.232780 -0.945817 0.226371 0.000000 0.000000
rubbergloveCHROME.bmp
  25 26.902533 -0.438655 -0.145569 0.433831 -0.838873 0.328758 0.000000 0.000000
  25 26.889491 -0.454067 -0.115696 0.490836 -0.866603 -0.089885 0.000000 0.000000
  25 26.764001 -0.502176 -0.195306 0.232780 -0.945817 0.226371 0.000000 0.000000
rubbergloveCHROME.bmp
  25 26.764001 -0.502176 -0.195306 0.232780 -0.945817 0.226371 0.000000 0.000000
  25 26.889491 -0.454067 -0.115696 0.490836 -0.866603 -0.089885 0.000000 0.000000
  3 26.702739 -0.483056 -0.147250 0.261057 -0.963574 -0.058082 0.000000 0.000000
rubbergloveCHROME.bmp
  25 26.889491 -0.454067 -0.115696 0.490836 -0.866603 -0.089885 0.000000 0.000000
  22 26.763132 -0.489177 -0.016567 0.117640 -0.911820 -0.393376 0.000000 0.000000
  3 26.702739 -0.483056 -0.147250 0.261057 -0.963574 -0.058082 0.000000 0.000000
rubbergloveCHROME.bmp
  25 27.859589 -0.825589 -0.081332 0.213969 0.161008 0.963480 0.000000 0.000000
  25 27.921242 -0.665840 -0.109246 0.040309 0.110928 0.993011 0.000000 0.000000
  25 27.795933 -0.701514 -0.088630 0.040309 0.110928 0.993011 0.000000 0.000000
rubbergloveCHROME.bmp
  25 27.859589 -0.825589 -0.081332 0.213969 0.161008 0.963480 0.000000 0.000000
  25 27.966748 -0.719946 -0.110597 0.077710 0.081761 0.993618 0.000000 0.000000
  25 27.921242 -0.665840 -0.109246 0.040309 0.110928 0.993011 0.000000 0.000000
rubbergloveCHROME.bmp
  25 27.859589 -0.825589 -0.081332 0.213969 0.161008 0.963480 0.000000 0.000000
  25 28.012350 -0.774219 -0.101951 0.296403 -0.053835 0.953544 0.000000 0.000000
  25 27.966748 -0.719946 -0.110597 0.077710 0.081761 0.993618 0.000000 0.000000
rubbergloveCHROME.bmp
  25 27.859589 -0.825589 -0.081332 0.213969 0.161008 0.963480 0.000000 0.000000
  25 28.026966 -0.787044 -0.132314 0.144785 0.260815 0.954470 0.000000 0.000000
  25 28.012350 -0.774219 -0.101951 0.296403 -0.053835 0.953544 0.000000 0.000000
rubbergloveCHROME.bmp
  25 27.859589 -0.825589 -0.081332 0.213969 0.161008 0.963480 0.000000 0.000000
  26 27.996149 -0.853742 -0.103132 0.282536 0.191162 0.940016 0.000000 0.000000
  25 28.026966 -0.787044 -0.132314 0.144785 0.260815 0.954470 0.000000 0.000000
rubbergloveCHROME.bmp
  26 28.252711 -0.776935 -0.414382 0.911116 0.102892 0.399100 0.000000 0.000000
  26 28.170558 -0.797530 -0.183890 0.819862 -0.230093 0.524294 0.000000 0.000000
  26 28.137251 -0.862379 -0.174657 0.712076 -0.057167 0.699771 0.000000 0.000000
rubbergloveCHROME.bmp
  26 28.137251 -0.862379 -0.174657 0.712076 -0.057167 0.699771 0.000000 0.000000
  26 28.170558 -0.797530 -0.183890 0.819862 -0.230093 0.524294 0.000000 0.000000
  26 28.115985 -0.842836 -0.114111 0.506037 -0.351533 0.787624 0.000000 0.000000
rubbergloveCHROME.bmp
  26 28.170558 -0.797530 -0.183890 0.819862 -0.230093 0.524294 0.000000 0.000000
  26 28.085996 -0.787166 -0.112883 0.146493 0.333667 0.931239 0.000000 0.000000
  26 28.115985 -0.842836 -0.114111 0.506037 -0.351533 0.787624 0.000000 0.000000
rubbergloveCHROME.bmp
  26 28.115985 -0.842836 -0.114111 0.506037 -0.351533 0.787624 0.000000 0.000000
  26 28.085996 -0.787166 -0.112883 0.146493 0.333667 0.931239 0.000000 0.000000
  26 27.996149 -0.853742 -0.103132 0.282536 0.191162 0.940016 0.000000 0.000000
rubbergloveCHROME.bmp
  26 28.085996 -0.787166 -0.112883 0.146493 0.333667 0.931239 0.000000 0.000000
  25 28.026966 -0.787044 -0.132314 0.144785 0.260815 0.954470 0.000000 0.000000
  26 27.996149 -0.853742 -0.103132 0.282536 0.191162 0.940016 0.000000 0.000000
rubbergloveCHROME.bmp
  25 28.132278 -0.353304 -0.706142 0.932791 0.281260 -0.225376 0.000000 0.000000
  25 28.108345 -0.305074 -0.705099 0.887690 0.386895 -0.249638 0.000000 0.000000
  25 28.196778 -0.345050 -0.566601 0.988985 0.142373 0.040491 0.000000 0.000000
rubbergloveCHROME.bmp
  25 28.196778 -0.345050 -0.566601 0.988985 0.142373 0.040491 0.000000 0.000000
  25 28.108345 -0.305074 -0.705099 0.887690 0.386895 -0.249638 0.000000 0.000000
  25 28.145296 -0.312348 -0.575554 0.747162 0.654666 0.114723 0.000000 0.000000
rubbergloveCHROME.bmp
  25 28.108345 -0.305074 -0.705099 0.887690 0.386895 -0.249638 0.000000 0.000000
  25 28.071370 -0.272256 -0.674183 0.817869 0.575389 0.004282 0.000000 0.000000
  25 28.145296 -0.312348 -0.575554 0.747162 0.654666 0.114723 0.000000 0.000000
rubbergloveCHROME.bmp
  25 28.145296 -0.312348 -0.575554 0.747162 0.654666 0.114723 0.000000 0.000000
  25 28.071370 -0.272256 -0.674183 0.817869 0.575389 0.004282 0.000000 0.000000
  25 27.965536 -0.138112 -0.580883 0.924214 0.365685 0.110012 0.000000 0.000000
rubbergloveCHROME.bmp
  25 28.071370 -0.272256 -0.674183 0.817869 0.575389 0.004282 0.000000 0.000000
  25 28.053011 -0.080878 -0.740797 0.914555 0.310868 -0.258748 0.000000 0.000000
  25 27.965536 -0.138112 -0.580883 0.924214 0.365685 0.110012 0.000000 0.000000
rubbergloveCHROME.bmp
  3 26.771242 0.261949 1.184732 -0.141008 -0.175105 0.974400 0.000000 0.000000
  22 26.950409 0.051459 1.187899 0.045484 -0.129454 0.990542 0.000000 0.000000
  3 27.059955 0.412035 1.071072 0.547541 0.115095 0.828826 0.000000 0.000000
rubbergloveCHROME.bmp
  3 27.059955 0.412035 1.071072 0.547541 0.115095 0.828826 0.000000 0.000000
  22 26.950409 0.051459 1.187899 0.045484 -0.129454 0.990542 0.000000 0.000000
  22 27.242154 0.215474 0.990709 0.514939 0.346478 0.784086 0.000000 0.000000
rubbergloveCHROME.bmp
  22 26.950409 0.051459 1.187899 0.045484 -0.129454 0.990542 0.000000 0.000000
  22 27.276654 0.078901 1.027552 0.339758 0.251287 0.906322 0.000000 0.000000
  22 27.242154 0.215474 0.990709 0.514939 0.346478 0.784086 0.000000 0.000000
rubbergloveCHROME.bmp
  22 27.242154 0.215474 0.990709 0.514939 0.346478 0.784086 0.000000 0.000000
  22 27.276654 0.078901 1.027552 0.339758 0.251287 0.906322 0.000000 0.000000
  22 27.344018 0.114655 0.983012 0.473605 0.406117 0.781516 0.000000 0.000000
rubbergloveCHROME.bmp
  22 27.276654 0.078901 1.027552 0.339758 0.251287 0.906322 0.000000 0.000000
  22 27.329188 -0.059151 1.036599 0.231509 0.193760 0.953342 0.000000 0.000000
  22 27.344018 0.114655 0.983012 0.473605 0.406117 0.781516 0.000000 0.000000
rubbergloveCHROME.bmp
  25 27.868224 -0.120784 -0.259589 0.672666 0.397302 0.624237 0.000000 0.000000
  25 27.857045 -0.164937 -0.200213 0.563634 0.341839 0.751973 0.000000 0.000000
  25 28.012787 -0.303546 -0.284069 0.674631 0.303867 0.672710 0.000000 0.000000
rubbergloveCHROME.bmp
  25 28.012787 -0.303546 -0.284069 0.674631 0.303867 0.672710 0.000000 0.000000
  25 27.857045 -0.164937 -0.200213 0.563634 0.341839 0.751973 0.000000 0.000000
  25 27.869815 -0.378391 -0.103910 0.304869 0.230933 0.923972 0.000000 0.000000
rubbergloveCHROME.bmp
  25 27.857045 -0.164937 -0.200213 0.563634 0.341839 0.751973 0.000000 0.000000
  25 27.711531 -0.209863 -0.119545 0.213969 0.161008 0.963480 0.000000 0.000000
  25 27.869815 -0.378391 -0.103910 0.304869 0.230933 0.923972 0.000000 0.000000
rubbergloveCHROME.bmp
  25 27.869815 -0.378391 -0.103910 0.304869 0.230933 0.923972 0.000000 0.000000
  25 27.711531 -0.209863 -0.119545 0.213969 0.161008 0.963480 0.000000 0.000000
  25 27.716666 -0.429088 -0.123284 0.078005 0.128944 0.988579 0.000000 0.000000
rubbergloveCHROME.bmp
  25 27.711531 -0.209863 -0.119545 0.213969 0.161008 0.963480 0.000000 0.000000
  25 27.594668 -0.279428 -0.159592 0.111805 0.052106 0.992363 0.000000 0.000000
  25 27.716666 -0.429088 -0.123284 0.078005 0.128944 0.988579 0.000000 0.000000
rubbergloveCHROME.bmp
  25 27.372700 -0.891554 -1.107923 -0.197902 -0.169614 -0.965436 0.000000 0.000000
  25 27.048861 -0.535397 -1.038782 -0.248123 -0.066668 -0.966432 0.000000 0.000000
  25 27.639341 -0.472341 -1.143456 0.192768 0.225488 -0.954985 0.000000 0.000000
rubbergloveCHROME.bmp
  25 27.639341 -0.472341 -1.143456 0.192768 0.225488 -0.954985 0.000000 0.000000
  25 27.048861 -0.535397 -1.038782 -0.248123 -0.066668 -0.966432 0.000000 0.000000
  25 27.442509 -0.242758 -1.127684 0.175963 0.152797 -0.972466 0.000000 0.000000
rubbergloveCHROME.bmp
  25 27.048861 -0.535397 -1.038782 -0.248123 -0.066668 -0.966432 0.000000 0.000000
  25 26.918417 -0.351846 -1.014425 -0.008267 -0.254683 -0.966989 0.000000 0.000000
  25 27.442509 -0.242758 -1.127684 0.175963 0.152797 -0.972466 0.000000 0.000000
rubbergloveCHROME.bmp
  25 27.442509 -0.242758 -1.127684 0.175963 0.152797 -0.972466 0.000000 0.000000
  25 26.918417 -0.351846 -1.014425 -0.008267 -0.254683 -0.966989 0.000000 0.000000
  25 27.288725 -0.024758 -1.122526 0.152429 0.238678 -0.959061 0.000000 0.000000
rubbergloveCHROME.bmp
  25 26.918417 -0.351846 -1.014425 -0.008267 -0.254683 -0.966989 0.000000 0.000000
  25 27.186148 0.039973 -1.100440 0.175963 0.152797 -0.972466 0.000000 0.000000
  25 27.288725 -0.024758 -1.122526 0.152429 0.238678 -0.959061 0.000000 0.000000
rubbergloveCHROME.bmp
  22 27.287781 -0.565570 1.054651 -0.205308 0.022849 0.978431 0.000000 0.000000
  22 26.817004 -0.526662 0.966588 -0.350704 -0.359518 0.864727 0.000000 0.000000
  22 27.082964 -0.704498 1.008296 -0.383116 -0.270082 0.883333 0.000000 0.000000
rubbergloveCHROME.bmp
  22 27.287781 -0.565570 1.054651 -0.205308 0.022849 0.978431 0.000000 0.000000
  22 26.992772 -0.258113 1.048363 0.053736 -0.065558 0.996401 0.000000 0.000000
  22 26.817004 -0.526662 0.966588 -0.350704 -0.359518 0.864727 0.000000 0.000000
rubbergloveCHROME.bmp
  22 27.287781 -0.565570 1.054651 -0.205308 0.022849 0.978431 0.000000 0.000000
  22 27.232049 -0.398565 1.052782 -0.291290 -0.144420 0.945671 0.000000 0.000000
  22 26.992772 -0.258113 1.048363 0.053736 -0.065558 0.996401 0.000000 0.000000
rubbergloveCHROME.bmp
  22 27.287781 -0.565570 1.054651 -0.205308 0.022849 0.978431 0.000000 0.000000
  22 27.353142 -0.530291 1.080793 -0.403023 -0.101501 0.909544 0.000000 0.000000
  22 27.232049 -0.398565 1.052782 -0.291290 -0.144420 0.945671 0.000000 0.000000
rubbergloveCHROME.bmp
  22 27.287781 -0.565570 1.054651 -0.205308 0.022849 0.978431 0.000000 0.000000
  22 27.444627 -0.611062 1.140848 -0.134798 -0.191427 0.972206 0.000000 0.000000
  22 27.353142 -0.530291 1.080793 -0.403023 -0.101501 0.909544 0.000000 0.000000
rubbergloveCHROME.bmp
  3 26.016931 -0.166351 0.878014 -0.505897 -0.655783 0.560373 0.000000 0.000000
  3 26.179051 -0.508823 0.531415 -0.459649 -0.835506 0.301086 0.000000 0.000000
  3 26.174765 -0.430777 0.771396 -0.396522 -0.662691 0.635304 0.000000 0.000000
rubbergloveCHROME.bmp
  3 26.174765 -0.430777 0.771396 -0.396522 -0.662691 0.635304 0.000000 0.000000
  3 26.179051 -0.508823 0.531415 -0.459649 -0.835506 0.301086 0.000000 0.000000
  22 26.351856 -0.503040 0.789448 -0.366971 -0.626301 0.687807 0.000000 0.000000
rubbergloveCHROME.bmp
  3 26.179051 -0.508823 0.531415 -0.459649 -0.835506 0.301086 0.000000 0.000000
  3 26.325297 -0.554177 0.494606 -0.500356 -0.855153 0.135490 0.000000 0.000000
  22 26.351856 -0.503040 0.789448 -0.366971 -0.626301 0.687807 0.000000 0.000000
rubbergloveCHROME.bmp
  22 26.351856 -0.503040 0.789448 -0.366971 -0.626301 0.687807 0.000000 0.000000
  3 26.325297 -0.554177 0.494606 -0.500356 -0.855153 0.135490 0.000000 0.000000
  22 26.674131 -0.806119 0.748434 -0.519560 -0.548079 0.655490 0.000000 0.000000
rubbergloveCHROME.bmp
  3 26.325297 -0.554177 0.494606 -0.500356 -0.855153 0.135490 0.000000 0.000000
  22 26.647159 -0.933066 0.482245 -0.680723 -0.731860 0.031576 0.000000 0.000000
  22 26.674131 -0.806119 0.748434 -0.519560 -0.548079 0.655490 0.000000 0.000000
rubbergloveCHROME.bmp
  3 26.702739 -0.483056 -0.147250 0.261057 -0.963574 -0.058082 0.000000 0.000000
  22 26.763132 -0.489177 -0.016567 0.117640 -0.911820 -0.393376 0.000000 0.000000
  3 26.450363 -0.573451 0.037237 -0.033767 -0.984805 -0.170349 0.000000 0.000000
rubbergloveCHROME.bmp
  3 26.450363 -0.573451 0.037237 -0.033767 -0.984805 -0.170349 0.000000 0.000000
  22 26.763132 -0.489177 -0.016567 0.117640 -0.911820 -0.393376 0.000000 0.000000
  22 26.603841 -0.566779 0.100070 -0.183682 -0.742675 -0.643967 0.000000 0.000000
rubbergloveCHROME.bmp
  22 26.763132 -0.489177 -0.016567 0.117640 -0.911820 -0.393376 0.000000 0.000000
  22 26.932562 -0.529195 -0.030428 -0.151503 -0.482821 -0.862514 0.000000 0.000000
  22 26.603841 -0.566779 0.100070 -0.183682 -0.742675 -0.643967 0.000000 0.000000
rubbergloveCHROME.bmp
  22 26.603841 -0.566779 0.100070 -0.183682 -0.742675 -0.643967 0.000000 0.000000
  22 26.932562 -0.529195 -0.030428 -0.151503 -0.482821 -0.862514 0.000000 0.000000
  22 26.914386 -0.848952 0.136680 -0.288383 -0.466071 -0.836429 0.000000 0.000000
rubbergloveCHROME.bmp
  22 26.932562 -0.529195 -0.030428 -0.151503 -0.482821 -0.862514 0.000000 0.000000
  22 27.126337 -0.697595 0.010714 -0.159963 -0.386372 -0.908366 0.000000 0.000000
  22 26.914386 -0.848952 0.136680 -0.288383 -0.466071 -0.836429 0.000000 0.000000
rubbergloveCHROME.bmp
  3 27.242274 0.169493 0.094786 0.981707 -0.044479 -0.185130 0.000000 0.000000
  22 27.323861 -0.051243 0.082917 0.441001 0.294257 -0.847898 0.000000 0.000000
  22 26.965565 -0.437723 -0.064247 0.363957 -0.377576 -0.851453 0.000000 0.000000
rubbergloveCHROME.bmp
  22 26.965565 -0.437723 -0.064247 0.363957 -0.377576 -0.851453 0.000000 0.000000
  22 27.323861 -0.051243 0.082917 0.441001 0.294257 -0.847898 0.000000 0.000000
  22 27.068485 -0.487115 -0.056004 0.080576 -0.091420 -0.992547 0.000000 0.000000
rubbergloveCHROME.bmp
  22 27.323861 -0.051243 0.082917 0.441001 0.294257 -0.847898 0.000000 0.000000
  22 27.463059 -0.224875 0.106914 0.431478 0.244646 -0.868317 0.000000 0.000000
  22 27.068485 -0.487115 -0.056004 0.080576 -0.091420 -0.992547 0.000000 0.000000
rubbergloveCHROME.bmp
  22 27.068485 -0.487115 -0.056004 0.080576 -0.091420 -0.992547 0.000000 0.000000
  22 27.463059 -0.224875 0.106914 0.431478 0.244646 -0.868317 0.000000 0.000000
  22 27.207389 -0.608462 -0.006196 0.143630 -0.046037 -0.988560 0.000000 0.000000
rubbergloveCHROME.bmp
  22 27.463059 -0.224875 0.106914 0.431478 0.244646 -0.868317 0.000000 0.000000
  22 27.605524 -0.467888 0.147514 0.532563 0.335194 -0.777188 0.000000 0.000000
  22 27.207389 -0.608462 -0.006196 0.143630 -0.046037 -0.988560 0.000000 0.000000
rubbergloveCHROME.bmp
  23 28.009251 -0.833511 0.305427 0.792652 0.199258 -0.576194 0.000000 0.000000
  23 27.985910 -0.863321 0.223778 0.616865 0.152893 -0.772076 0.000000 0.000000
  23 28.010812 -0.807084 0.283085 0.826851 -0.061275 -0.559073 0.000000 0.000000
rubbergloveCHROME.bmp
  23 28.010812 -0.807084 0.283085 0.826851 -0.061275 -0.559073 0.000000 0.000000
  23 27.985910 -0.863321 0.223778 0.616865 0.152893 -0.772076 0.000000 0.000000
  23 27.914602 -0.650927 0.246227 0.473526 0.442689 -0.761446 0.000000 0.000000
rubbergloveCHROME.bmp
  23 27.985910 -0.863321 0.223778 0.616865 0.152893 -0.772076 0.000000 0.000000
  22 27.808888 -0.576813 0.134150 0.617034 0.528307 -0.583233 0.000000 0.000000
  23 27.914602 -0.650927 0.246227 0.473526 0.442689 -0.761446 0.000000 0.000000
rubbergloveCHROME.bmp
  23 27.914602 -0.650927 0.246227 0.473526 0.442689 -0.761446 0.000000 0.000000
  22 27.808888 -0.576813 0.134150 0.617034 0.528307 -0.583233 0.000000 0.000000
  23 27.869897 -0.651428 0.260414 0.539338 0.616900 -0.573191 0.000000 0.000000
rubbergloveCHROME.bmp
  22 27.808888 -0.576813 0.134150 0.617034 0.528307 -0.583233 0.000000 0.000000
  23 27.835602 -0.605740 0.231492 0.674160 0.230101 -0.701827 0.000000 0.000000
  23 27.869897 -0.651428 0.260414 0.539338 0.616900 -0.573191 0.000000 0.000000
rubbergloveCHROME.bmp
  20 25.453938 -0.158157 2.130971 -0.096343 0.277084 0.956003 0.000000 0.000000
  20 25.335793 -0.469576 2.087842 -0.257649 -0.149490 0.954604 0.000000 0.000000
  20 25.573366 -0.269186 2.127880 0.133771 0.102726 0.985674 0.000000 0.000000
rubbergloveCHROME.bmp
  20 25.573366 -0.269186 2.127880 0.133771 0.102726 0.985674 0.000000 0.000000
  20 25.335793 -0.469576 2.087842 -0.257649 -0.149490 0.954604 0.000000 0.000000
  21 25.723841 -0.427611 2.127093 0.031337 0.129106 0.991136 0.000000 0.000000
rubbergloveCHROME.bmp
  20 25.335793 -0.469576 2.087842 -0.257649 -0.149490 0.954604 0.000000 0.000000
  21 25.491419 -0.632671 2.100065 -0.307761 -0.055074 0.949868 0.000000 0.000000
  21 25.723841 -0.427611 2.127093 0.031337 0.129106 0.991136 0.000000 0.000000
rubbergloveCHROME.bmp
  21 25.723841 -0.427611 2.127093 0.031337 0.129106 0.991136 0.000000 0.000000
  21 25.491419 -0.632671 2.100065 -0.307761 -0.055074 0.949868 0.000000 0.000000
  21 25.636052 -0.804928 2.155823 -0.371600 0.149476 0.916281 0.000000 0.000000
rubbergloveCHROME.bmp
  21 25.491419 -0.632671 2.100065 -0.307761 -0.055074 0.949868 0.000000 0.000000
  21 25.514577 -0.926990 2.106381 -0.574718 -0.143495 0.805672 0.000000 0.000000
  21 25.636052 -0.804928 2.155823 -0.371600 0.149476 0.916281 0.000000 0.000000
rubbergloveCHROME.bmp
  20 25.884757 0.126730 1.555529 0.733568 0.669419 -0.117289 0.000000 0.000000
  20 25.838540 0.023174 1.451412 0.768386 0.505778 -0.392137 0.000000 0.000000
  20 25.635290 0.350900 1.431777 0.815691 0.530448 -0.230808 0.000000 0.000000
rubbergloveCHROME.bmp
  20 25.635290 0.350900 1.431777 0.815691 0.530448 -0.230808 0.000000 0.000000
  20 25.838540 0.023174 1.451412 0.768386 0.505778 -0.392137 0.000000 0.000000
  20 25.663984 0.268830 1.282642 0.880290 0.445268 -0.163787 0.000000 0.000000
rubbergloveCHROME.bmp
  20 25.838540 0.023174 1.451412 0.768386 0.505778 -0.392137 0.000000 0.000000
  20 25.869277 -0.015410 1.339759 0.776167 0.472775 -0.417191 0.000000 0.000000
  20 25.663984 0.268830 1.282642 0.880290 0.445268 -0.163787 0.000000 0.000000
rubbergloveCHROME.bmp
  20 25.663984 0.268830 1.282642 0.880290 0.445268 -0.163787 0.000000 0.000000
  20 25.869277 -0.015410 1.339759 0.776167 0.472775 -0.417191 0.000000 0.000000
  20 25.694135 0.148937 1.286697 0.857027 0.299982 -0.418945 0.000000 0.000000
rubbergloveCHROME.bmp
  21 26.382220 -0.571666 1.613492 0.874718 0.251225 -0.414434 0.000000 0.000000
  21 26.322939 -0.656629 1.576518 0.726165 -0.122188 -0.676576 0.000000 0.000000
  21 26.182496 -0.495530 1.428793 0.640345 0.050709 -0.766411 0.000000 0.000000
rubbergloveCHROME.bmp
  21 26.182496 -0.495530 1.428793 0.640345 0.050709 -0.766411 0.000000 0.000000
  21 26.322939 -0.656629 1.576518 0.726165 -0.122188 -0.676576 0.000000 0.000000
  21 26.075696 -0.684294 1.352230 0.494801 -0.176398 -0.850915 0.000000 0.000000
rubbergloveCHROME.bmp
  21 26.322939 -0.656629 1.576518 0.726165 -0.122188 -0.676576 0.000000 0.000000
  21 26.205766 -0.867344 1.496709 0.582684 -0.346085 -0.735326 0.000000 0.000000
  21 26.075696 -0.684294 1.352230 0.494801 -0.176398 -0.850915 0.000000 0.000000
rubbergloveCHROME.bmp
  21 26.075696 -0.684294 1.352230 0.494801 -0.176398 -0.850915 0.000000 0.000000
  21 26.205766 -0.867344 1.496709 0.582684 -0.346085 -0.735326 0.000000 0.000000
  21 25.902650 -0.865286 1.342384 0.310578 -0.427724 -0.848878 0.000000 0.000000
rubbergloveCHROME.bmp
  21 26.322939 -0.656629 1.576518 0.726165 -0.122188 -0.676576 0.000000 0.000000
  21 26.382220 -0.571666 1.613492 0.874718 0.251225 -0.414434 0.000000 0.000000
  21 26.523261 -0.881224 1.839060 0.858349 -0.137312 -0.494350 0.000000 0.000000
rubbergloveCHROME.bmp
  21 26.523261 -0.881224 1.839060 0.858349 -0.137312 -0.494350 0.000000 0.000000
  21 26.382220 -0.571666 1.613492 0.874718 0.251225 -0.414434 0.000000 0.000000
  21 26.578726 -0.778573 1.922644 0.945116 0.300858 -0.127440 0.000000 0.000000
rubbergloveCHROME.bmp
  21 26.382220 -0.571666 1.613492 0.874718 0.251225 -0.414434 0.000000 0.000000
  21 26.348247 -0.511646 1.716659 0.847743 0.518525 -0.111637 0.000000 0.000000
  21 26.578726 -0.778573 1.922644 0.945116 0.300858 -0.127440 0.000000 0.000000
rubbergloveCHROME.bmp
  21 26.578726 -0.778573 1.922644 0.945116 0.300858 -0.127440 0.000000 0.000000
  21 26.348247 -0.511646 1.716659 0.847743 0.518525 -0.111637 0.000000 0.000000
  21 26.494067 -0.730708 1.961911 0.878562 0.474458 0.054940 0.000000 0.000000
rubbergloveCHROME.bmp
  3 25.504922 0.345131 -0.243384 -0.791163 -0.598199 0.127356 0.000000 0.000000
  3 25.621461 0.127271 -0.250875 -0.804264 -0.593994 0.018169 0.000000 0.000000
  3 25.631173 0.114223 -0.000604 -0.849492 -0.524206 0.059765 0.000000 0.000000
rubbergloveCHROME.bmp
  3 25.631173 0.114223 -0.000604 -0.849492 -0.524206 0.059765 0.000000 0.000000
  3 25.621461 0.127271 -0.250875 -0.804264 -0.593994 0.018169 0.000000 0.000000
  3 25.738667 0.009154 0.001733 -0.850617 -0.524425 -0.037803 0.000000 0.000000
rubbergloveCHROME.bmp
  3 25.621461 0.127271 -0.250875 -0.804264 -0.593994 0.018169 0.000000 0.000000
  3 25.793182 -0.164273 -0.247167 -0.821680 -0.568627 -0.038804 0.000000 0.000000
  3 25.738667 0.009154 0.001733 -0.850617 -0.524425 -0.037803 0.000000 0.000000
rubbergloveCHROME.bmp
  3 25.738667 0.009154 0.001733 -0.850617 -0.524425 -0.037803 0.000000 0.000000
  3 25.793182 -0.164273 -0.247167 -0.821680 -0.568627 -0.038804 0.000000 0.000000
  3 25.791985 -0.128527 0.002874 -0.864273 -0.498806 -0.064998 0.000000 0.000000
rubbergloveCHROME.bmp
  17 -24.616670 -0.601342 -2.948931 0.626067 -0.443627 -0.641276 0.000000 0.000000
  17 -24.810651 -0.796581 -2.941659 0.662698 -0.563144 -0.493659 0.000000 0.000000
  17 -24.839731 -0.757992 -3.025118 0.564073 -0.395433 -0.724883 0.000000 0.000000
rubbergloveCHROME.bmp
  17 -24.616670 -0.601342 -2.948931 0.626067 -0.443627 -0.641276 0.000000 0.000000
  17 -24.617506 -0.654248 -2.865264 0.604867 -0.487655 -0.629547 0.000000 0.000000
  17 -24.810651 -0.796581 -2.941659 0.662698 -0.563144 -0.493659 0.000000 0.000000
rubbergloveCHROME.bmp
  17 -24.616670 -0.601342 -2.948931 0.626067 -0.443627 -0.641276 0.000000 0.000000
  17 -24.500182 -0.556443 -2.816588 0.673227 -0.450542 -0.586325 0.000000 0.000000
  17 -24.617506 -0.654248 -2.865264 0.604867 -0.487655 -0.629547 0.000000 0.000000
rubbergloveCHROME.bmp
  17 -24.616670 -0.601342 -2.948931 0.626067 -0.443627 -0.641276 0.000000 0.000000
  17 -24.540569 -0.501358 -2.910047 0.609849 -0.360995 -0.705526 0.000000 0.000000
  17 -24.500182 -0.556443 -2.816588 0.673227 -0.450542 -0.586325 0.000000 0.000000
rubbergloveCHROME.bmp
  16 -24.428078 -0.422607 -2.887374 0.523465 -0.489019 -0.697743 0.000000 0.000000
  17 -24.500182 -0.556443 -2.816588 0.673227 -0.450542 -0.586325 0.000000 0.000000
  17 -24.540569 -0.501358 -2.910047 0.609849 -0.360995 -0.705526 0.000000 0.000000
rubbergloveCHROME.bmp
  16 -24.428078 -0.422607 -2.887374 0.523465 -0.489019 -0.697743 0.000000 0.000000
  16 -24.425914 -0.499187 -2.797203 0.528579 -0.592040 -0.608352 0.000000 0.000000
  17 -24.500182 -0.556443 -2.816588 0.673227 -0.450542 -0.586325 0.000000 0.000000
rubbergloveCHROME.bmp
  16 -24.428078 -0.422607 -2.887374 0.523465 -0.489019 -0.697743 0.000000 0.000000
  16 -24.317146 -0.468183 -2.753520 0.416413 -0.679414 -0.604150 0.000000 0.000000
  16 -24.425914 -0.499187 -2.797203 0.528579 -0.592040 -0.608352 0.000000 0.000000
rubbergloveCHROME.bmp
  16 -24.428078 -0.422607 -2.887374 0.523465 -0.489019 -0.697743 0.000000 0.000000
  16 -24.342068 -0.384973 -2.837514 0.348259 -0.532992 -0.771126 0.000000 0.000000
  16 -24.317146 -0.468183 -2.753520 0.416413 -0.679414 -0.604150 0.000000 0.000000
rubbergloveCHROME.bmp
  16 -24.400575 -0.568555 -2.710336 0.554506 -0.692746 -0.461114 0.000000 0.000000
  17 -24.473560 -0.653243 -2.766378 0.757886 -0.546286 -0.356624 0.000000 0.000000
  17 -24.500182 -0.556443 -2.816588 0.673227 -0.450542 -0.586325 0.000000 0.000000
rubbergloveCHROME.bmp
  17 -24.500182 -0.556443 -2.816588 0.673227 -0.450542 -0.586325 0.000000 0.000000
  17 -24.473560 -0.653243 -2.766378 0.757886 -0.546286 -0.356624 0.000000 0.000000
  17 -24.617506 -0.654248 -2.865264 0.604867 -0.487655 -0.629547 0.000000 0.000000
rubbergloveCHROME.bmp
  17 -24.473560 -0.653243 -2.766378 0.757886 -0.546286 -0.356624 0.000000 0.000000
  17 -24.584164 -0.743629 -2.780415 0.632393 -0.714032 -0.300396 0.000000 0.000000
  17 -24.617506 -0.654248 -2.865264 0.604867 -0.487655 -0.629547 0.000000 0.000000
rubbergloveCHROME.bmp
  17 -24.617506 -0.654248 -2.865264 0.604867 -0.487655 -0.629547 0.000000 0.000000
  17 -24.584164 -0.743629 -2.780415 0.632393 -0.714032 -0.300396 0.000000 0.000000
  17 -24.758956 -0.868162 -2.838201 0.659852 -0.638312 -0.396426 0.000000 0.000000
rubbergloveCHROME.bmp
  10 -25.984907 0.152996 -0.556157 -0.839477 0.538377 0.073676 0.000000 0.000000
  10 -25.832046 0.210094 -0.663736 -0.461066 0.794368 -0.395472 0.000000 0.000000
  10 -25.967486 0.062400 -0.697539 -0.809088 0.444436 -0.384516 0.000000 0.000000
rubbergloveCHROME.bmp
  10 -25.967486 0.062400 -0.697539 -0.809088 0.444436 -0.384516 0.000000 0.000000
  10 -25.832046 0.210094 -0.663736 -0.461066 0.794368 -0.395472 0.000000 0.000000
  10 -25.861111 0.050938 -0.786719 -0.596907 0.634467 -0.491073 0.000000 0.000000
rubbergloveCHROME.bmp
  10 -25.832046 0.210094 -0.663736 -0.461066 0.794368 -0.395472 0.000000 0.000000
  10 -25.733511 0.191294 -0.713108 -0.563621 0.726261 -0.393543 0.000000 0.000000
  10 -25.861111 0.050938 -0.786719 -0.596907 0.634467 -0.491073 0.000000 0.000000
rubbergloveCHROME.bmp
  10 -25.861111 0.050938 -0.786719 -0.596907 0.634467 -0.491073 0.000000 0.000000
  10 -25.733511 0.191294 -0.713108 -0.563621 0.726261 -0.393543 0.000000 0.000000
  10 -25.725381 0.199136 -0.782910 -0.601510 0.721814 -0.342302 0.000000 0.000000
rubbergloveCHROME.bmp
  10 -26.091376 -0.249844 -0.673988 -0.817868 0.575390 0.004280 0.000000 0.000000
  10 -26.007636 -0.160733 -0.771697 -0.824460 0.470616 -0.314303 0.000000 0.000000
  10 -26.037945 -0.201005 -0.802674 -0.809088 0.444436 -0.384516 0.000000 0.000000
rubbergloveCHROME.bmp
  10 -26.091376 -0.249844 -0.673988 -0.817868 0.575390 0.004280 0.000000 0.000000
  10 -26.053115 -0.080995 -0.730787 -0.914555 0.310867 -0.258748 0.000000 0.000000
  10 -26.007636 -0.160733 -0.771697 -0.824460 0.470616 -0.314303 0.000000 0.000000
rubbergloveCHROME.bmp
  10 -26.091376 -0.249844 -0.673988 -0.817868 0.575390 0.004280 0.000000 0.000000
  10 -25.979663 -0.137272 -0.580995 -0.924214 0.365685 0.110012 0.000000 0.000000
  10 -26.053115 -0.080995 -0.730787 -0.914555 0.310867 -0.258748 0.000000 0.000000
rubbergloveCHROME.bmp
  10 -26.091376 -0.249844 -0.673988 -0.817868 0.575390 0.004280 0.000000 0.000000
  10 -26.152660 -0.318793 -0.585725 -0.747162 0.654666 0.114723 0.000000 0.000000
  10 -25.979663 -0.137272 -0.580995 -0.924214 0.365685 0.110012 0.000000 0.000000
rubbergloveCHROME.bmp
  8 -26.106719 -0.706598 0.328020 -0.861267 0.112879 -0.495457 0.000000 0.000000
  8 -26.101464 -0.771809 0.393747 -0.968670 -0.005311 -0.248293 0.000000 0.000000
  8 -26.084004 -0.676432 0.433727 -0.985423 0.146563 0.086377 0.000000 0.000000
rubbergloveCHROME.bmp
  8 -26.084004 -0.676432 0.433727 -0.985423 0.146563 0.086377 0.000000 0.000000
  8 -26.101464 -0.771809 0.393747 -0.968670 -0.005311 -0.248293 0.000000 0.000000
  8 -26.045704 -0.781044 0.549006 -0.931607 0.258668 0.255342 0.000000 0.000000
rubbergloveCHROME.bmp
  8 -26.101464 -0.771809 0.393747 -0.968670 -0.005311 -0.248293 0.000000 0.000000
  8 -26.169884 -0.902158 0.414430 -0.776177 0.492560 -0.393617 0.000000 0.000000
  8 -26.045704 -0.781044 0.549006 -0.931607 0.258668 0.255342 0.000000 0.000000
rubbergloveCHROME.bmp
  8 -26.045704 -0.781044 0.549006 -0.931607 0.258668 0.255342 0.000000 0.000000
  8 -26.169884 -0.902158 0.414430 -0.776177 0.492560 -0.393617 0.000000 0.000000
  8 -26.147490 -0.901655 0.583540 -0.761283 0.615333 0.204486 0.000000 0.000000
rubbergloveCHROME.bmp
  13 -25.223311 -0.352866 -2.131074 0.061939 0.145716 -0.987386 0.000000 0.000000
  13 -24.768540 -0.421943 -2.017445 0.274175 -0.120588 -0.954089 0.000000 0.000000
  13 -25.048402 -0.722528 -2.118567 0.404441 -0.190770 -0.894447 0.000000 0.000000
rubbergloveCHROME.bmp
  13 -25.048402 -0.722528 -2.118567 0.404441 -0.190770 -0.894447 0.000000 0.000000
  13 -24.768540 -0.421943 -2.017445 0.274175 -0.120588 -0.954089 0.000000 0.000000
  13 -24.709028 -0.530312 -1.951003 0.440914 -0.318059 -0.839305 0.000000 0.000000
rubbergloveCHROME.bmp
  13 -24.768540 -0.421943 -2.017445 0.274175 -0.120588 -0.954089 0.000000 0.000000
  13 -24.602921 -0.336526 -2.000888 0.246580 -0.351112 -0.903282 0.000000 0.000000
  13 -24.709028 -0.530312 -1.951003 0.440914 -0.318059 -0.839305 0.000000 0.000000
rubbergloveCHROME.bmp
  13 -24.709028 -0.530312 -1.951003 0.440914 -0.318059 -0.839305 0.000000 0.000000
  13 -24.602921 -0.336526 -2.000888 0.246580 -0.351112 -0.903282 0.000000 0.000000
  1 -24.463407 -0.376712 -1.902892 0.224437 -0.529889 -0.817830 0.000000 0.000000
rubbergloveCHROME.bmp
  14 -25.928482 -0.789587 -2.150825 -0.181121 0.201637 -0.962568 0.000000 0.000000
  14 -25.772170 -0.706921 -2.135561 -0.259014 0.112591 -0.959289 0.000000 0.000000
  14 -25.788271 -0.918706 -2.219156 -0.095255 0.140289 -0.985518 0.000000 0.000000
rubbergloveCHROME.bmp
  14 -25.788271 -0.918706 -2.219156 -0.095255 0.140289 -0.985518 0.000000 0.000000
  14 -25.772170 -0.706921 -2.135561 -0.259014 0.112591 -0.959289 0.000000 0.000000
  14 -25.678756 -0.798012 -2.225430 -0.146440 0.240291 -0.959591 0.000000 0.000000
rubbergloveCHROME.bmp
  14 -25.772170 -0.706921 -2.135561 -0.259014 0.112591 -0.959289 0.000000 0.000000
  14 -25.725372 -0.661502 -2.166335 -0.120722 0.068025 -0.990353 0.000000 0.000000
  14 -25.678756 -0.798012 -2.225430 -0.146440 0.240291 -0.959591 0.000000 0.000000
rubbergloveCHROME.bmp
  14 -25.678756 -0.798012 -2.225430 -0.146440 0.240291 -0.959591 0.000000 0.000000
  14 -25.725372 -0.661502 -2.166335 -0.120722 0.068025 -0.990353 0.000000 0.000000
  14 -25.642796 -0.608697 -2.131799 -0.177563 -0.049844 -0.982846 0.000000 0.000000
rubbergloveCHROME.bmp
  7 -25.240808 0.216386 1.000592 -0.514936 0.346489 0.784083 0.000000 0.000000
  7 -24.933529 0.027087 1.167461 -0.045475 -0.129453 0.990542 0.000000 0.000000
  1 -25.017457 0.408771 1.080151 -0.547540 0.115103 0.828825 0.000000 0.000000
rubbergloveCHROME.bmp
  1 -25.017457 0.408771 1.080151 -0.547540 0.115103 0.828825 0.000000 0.000000
  7 -24.933529 0.027087 1.167461 -0.045475 -0.129453 0.990542 0.000000 0.000000
  1 -24.749994 0.267394 1.164272 0.141015 -0.175108 0.974398 0.000000 0.000000
rubbergloveCHROME.bmp
  7 -24.933529 0.027087 1.167461 -0.045475 -0.129453 0.990542 0.000000 0.000000
  7 -24.848511 0.009524 1.116830 0.268655 -0.280350 0.921536 0.000000 0.000000
  1 -24.749994 0.267394 1.164272 0.141015 -0.175108 0.974398 0.000000 0.000000
rubbergloveCHROME.bmp
  1 -24.749994 0.267394 1.164272 0.141015 -0.175108 0.974398 0.000000 0.000000
  7 -24.848511 0.009524 1.116830 0.268655 -0.280350 0.921536 0.000000 0.000000
  1 -24.684807 0.205490 1.122818 0.313178 -0.285002 0.905921 0.000000 0.000000
rubbergloveCHROME.bmp
  7 -25.399552 -0.479433 1.133395 -0.114581 0.147398 0.982418 0.000000 0.000000
  7 -25.459540 -0.623962 1.144025 0.134797 -0.191429 0.972206 0.000000 0.000000
  7 -25.337614 -0.555521 1.050483 0.403020 -0.101499 0.909545 0.000000 0.000000
rubbergloveCHROME.bmp
  7 -25.399552 -0.479433 1.133395 -0.114581 0.147398 0.982418 0.000000 0.000000
  7 -25.528883 -0.550827 1.116771 -0.211381 0.264318 0.940986 0.000000 0.000000
  7 -25.459540 -0.623962 1.144025 0.134797 -0.191429 0.972206 0.000000 0.000000
rubbergloveCHROME.bmp
  7 -25.399552 -0.479433 1.133395 -0.114581 0.147398 0.982418 0.000000 0.000000
  7 -25.605835 -0.455598 1.017727 -0.545462 0.496514 0.675237 0.000000 0.000000
  7 -25.528883 -0.550827 1.116771 -0.211381 0.264318 0.940986 0.000000 0.000000
rubbergloveCHROME.bmp
  7 -25.399552 -0.479433 1.133395 -0.114581 0.147398 0.982418 0.000000 0.000000
  7 -25.579712 -0.339548 0.983813 -0.611909 0.101750 0.784356 0.000000 0.000000
  7 -25.605835 -0.455598 1.017727 -0.545462 0.496514 0.675237 0.000000 0.000000
rubbergloveCHROME.bmp
  13 -25.393192 -0.319461 -2.126107 0.112095 -0.011257 -0.993634 0.000000 0.000000
  13 -25.377616 -0.086789 -2.111246 -0.106598 0.317853 -0.942129 0.000000 0.000000
  13 -25.273783 -0.194995 -2.060155 0.093668 0.126386 -0.987549 0.000000 0.000000
rubbergloveCHROME.bmp
  13 -25.393192 -0.319461 -2.126107 0.112095 -0.011257 -0.993634 0.000000 0.000000
  13 -25.521124 -0.206284 -2.149009 -0.244791 0.298688 -0.922422 0.000000 0.000000
  13 -25.377616 -0.086789 -2.111246 -0.106598 0.317853 -0.942129 0.000000 0.000000
rubbergloveCHROME.bmp
  13 -25.393192 -0.319461 -2.126107 0.112095 -0.011257 -0.993634 0.000000 0.000000
  13 -25.555191 -0.292400 -2.131021 0.067735 0.201174 -0.977211 0.000000 0.000000
  13 -25.521124 -0.206284 -2.149009 -0.244791 0.298688 -0.922422 0.000000 0.000000
rubbergloveCHROME.bmp
  13 -25.393192 -0.319461 -2.126107 0.112095 -0.011257 -0.993634 0.000000 0.000000
  13 -25.454005 -0.362187 -2.106707 0.093668 0.126386 -0.987549 0.000000 0.000000
  13 -25.555191 -0.292400 -2.131021 0.067735 0.201174 -0.977211 0.000000 0.000000
rubbergloveCHROME.bmp
  7 -25.419603 -0.773098 1.100859 -0.107001 -0.057765 0.992579 0.000000 0.000000
  7 -25.559020 -0.812255 1.042294 0.019929 -0.074350 0.997033 0.000000 0.000000
  8 -25.598155 -0.839112 1.039851 0.185400 -0.136121 0.973190 0.000000 0.000000
rubbergloveCHROME.bmp
  7 -25.419603 -0.773098 1.100859 -0.107001 -0.057765 0.992579 0.000000 0.000000
  7 -25.518130 -0.764109 1.052778 0.092083 -0.285247 0.954020 0.000000 0.000000
  7 -25.559020 -0.812255 1.042294 0.019929 -0.074350 0.997033 0.000000 0.000000
rubbergloveCHROME.bmp
  7 -25.419603 -0.773098 1.100859 -0.107001 -0.057765 0.992579 0.000000 0.000000
  7 -25.458212 -0.660008 1.065929 0.048036 -0.491994 0.869272 0.000000 0.000000
  7 -25.518130 -0.764109 1.052778 0.092083 -0.285247 0.954020 0.000000 0.000000
rubbergloveCHROME.bmp
  7 -25.419603 -0.773098 1.100859 -0.107001 -0.057765 0.992579 0.000000 0.000000
  7 -25.459540 -0.623962 1.144025 0.134797 -0.191429 0.972206 0.000000 0.000000
  7 -25.458212 -0.660008 1.065929 0.048036 -0.491994 0.869272 0.000000 0.000000
rubbergloveCHROME.bmp
  1 -24.574145 0.090377 1.080355 0.051155 -0.129050 0.990318 0.000000 0.000000
  7 -24.848511 0.009524 1.116830 0.268655 -0.280350 0.921536 0.000000 0.000000
  7 -24.752352 -0.091702 1.092201 0.032191 -0.161110 0.986411 0.000000 0.000000
rubbergloveCHROME.bmp
  1 -24.574145 0.090377 1.080355 0.051155 -0.129050 0.990318 0.000000 0.000000
  1 -24.684807 0.205490 1.122818 0.313178 -0.285002 0.905921 0.000000 0.000000
  7 -24.848511 0.009524 1.116830 0.268655 -0.280350 0.921536 0.000000 0.000000
rubbergloveCHROME.bmp
  1 -24.574145 0.090377 1.080355 0.051155 -0.129050 0.990318 0.000000 0.000000
  1 -24.554733 0.330054 1.109987 0.182971 -0.224070 0.957243 0.000000 0.000000
  1 -24.684807 0.205490 1.122818 0.313178 -0.285002 0.905921 0.000000 0.000000
rubbergloveCHROME.bmp
  1 -24.574145 0.090377 1.080355 0.051155 -0.129050 0.990318 0.000000 0.000000
  1 -24.436917 0.207334 1.097373 -0.005496 -0.154983 0.987902 0.000000 0.000000
  1 -24.554733 0.330054 1.109987 0.182971 -0.224070 0.957243 0.000000 0.000000
rubbergloveCHROME.bmp
  1 -23.628630 0.120813 -0.230703 0.794822 -0.605803 0.035503 0.000000 0.000000
  1 -23.798804 -0.142526 -0.257030 0.821680 -0.568626 -0.038808 0.000000 0.000000
  1 -23.803187 -0.128375 -0.506991 0.794822 -0.605803 0.035503 0.000000 0.000000
rubbergloveCHROME.bmp
  1 -23.628630 0.120813 -0.230703 0.794822 -0.605803 0.035503 0.000000 0.000000
  1 -23.711808 -0.007106 -0.008851 0.850619 -0.524423 -0.037800 0.000000 0.000000
  1 -23.798804 -0.142526 -0.257030 0.821680 -0.568626 -0.038808 0.000000 0.000000
rubbergloveCHROME.bmp
  1 -23.628630 0.120813 -0.230703 0.794822 -0.605803 0.035503 0.000000 0.000000
  1 -23.588011 0.125058 -0.011541 0.849493 -0.524203 0.059765 0.000000 0.000000
  1 -23.711808 -0.007106 -0.008851 0.850619 -0.524423 -0.037800 0.000000 0.000000
rubbergloveCHROME.bmp
  1 -23.628630 0.120813 -0.230703 0.794822 -0.605803 0.035503 0.000000 0.000000
  1 -23.463082 0.341868 -0.264297 0.791163 -0.598199 0.127354 0.000000 0.000000
  1 -23.588011 0.125058 -0.011541 0.849493 -0.524203 0.059765 0.000000 0.000000
rubbergloveCHROME.bmp
  5 -23.204649 -0.084239 0.753003 -0.111050 -0.961639 -0.250835 0.000000 0.000000
  5 -23.339108 -0.166724 0.881132 -0.190431 -0.528890 -0.827050 0.000000 0.000000
  5 -23.388804 0.003959 0.831155 -0.161322 -0.963965 -0.211534 0.000000 0.000000
rubbergloveCHROME.bmp
  5 -23.388804 0.003959 0.831155 -0.161322 -0.963965 -0.211534 0.000000 0.000000
  5 -23.339108 -0.166724 0.881132 -0.190431 -0.528890 -0.827050 0.000000 0.000000
  5 -23.487435 -0.029060 0.862488 -0.546646 -0.120903 -0.828590 0.000000 0.000000
rubbergloveCHROME.bmp
  5 -23.339108 -0.166724 0.881132 -0.190431 -0.528890 -0.827050 0.000000 0.000000
  5 -23.479161 -0.317754 0.992823 -0.232639 -0.322753 -0.917447 0.000000 0.000000
  5 -23.487435 -0.029060 0.862488 -0.546646 -0.120903 -0.828590 0.000000 0.000000
rubbergloveCHROME.bmp
  5 -23.487435 -0.029060 0.862488 -0.546646 -0.120903 -0.828590 0.000000 0.000000
  5 -23.479161 -0.317754 0.992823 -0.232639 -0.322753 -0.917447 0.000000 0.000000
  5 -23.652640 -0.052221 1.045712 -0.732009 0.026393 -0.680784 0.000000 0.000000
rubbergloveCHROME.bmp
  6 -23.684057 -0.602434 1.119299 -0.371880 -0.322154 -0.870587 0.000000 0.000000
  6 -23.905780 -0.539391 1.254073 -0.480052 -0.042736 -0.876199 0.000000 0.000000
  5 -23.775348 -0.365982 1.142648 -0.569283 -0.080616 -0.818179 0.000000 0.000000
rubbergloveCHROME.bmp
  5 -23.775348 -0.365982 1.142648 -0.569283 -0.080616 -0.818179 0.000000 0.000000
  6 -23.905780 -0.539391 1.254073 -0.480052 -0.042736 -0.876199 0.000000 0.000000
  5 -23.903007 -0.210810 1.287303 -0.617425 0.186935 -0.764095 0.000000 0.000000
rubbergloveCHROME.bmp
  6 -23.905780 -0.539391 1.254073 -0.480052 -0.042736 -0.876199 0.000000 0.000000
  6 -24.014027 -0.333360 1.334284 -0.498296 0.216868 -0.839446 0.000000 0.000000
  5 -23.903007 -0.210810 1.287303 -0.617425 0.186935 -0.764095 0.000000 0.000000
rubbergloveCHROME.bmp
  5 -23.903007 -0.210810 1.287303 -0.617425 0.186935 -0.764095 0.000000 0.000000
  6 -24.014027 -0.333360 1.334284 -0.498296 0.216868 -0.839446 0.000000 0.000000
  5 -23.975730 -0.134646 1.371625 -0.642179 0.512280 -0.570241 0.000000 0.000000
rubbergloveCHROME.bmp
  5 -22.939074 -0.215607 1.843101 0.882751 -0.109233 0.456967 0.000000 0.000000
  5 -22.930636 -0.377009 1.667663 0.903795 -0.384702 0.187509 0.000000 0.000000
  5 -22.911815 -0.204541 1.793760 0.782860 -0.245064 0.571903 0.000000 0.000000
rubbergloveCHROME.bmp
  5 -22.911815 -0.204541 1.793760 0.782860 -0.245064 0.571903 0.000000 0.000000
  5 -22.930636 -0.377009 1.667663 0.903795 -0.384702 0.187509 0.000000 0.000000
  5 -22.678057 -0.146396 1.623829 0.593192 -0.649585 0.475566 0.000000 0.000000
rubbergloveCHROME.bmp
  5 -22.930636 -0.377009 1.667663 0.903795 -0.384702 0.187509 0.000000 0.000000
  5 -22.709724 -0.179203 1.467238 0.625015 -0.777949 0.064429 0.000000 0.000000
  5 -22.678057 -0.146396 1.623829 0.593192 -0.649585 0.475566 0.000000 0.000000
rubbergloveCHROME.bmp
  5 -22.678057 -0.146396 1.623829 0.593192 -0.649585 0.475566 0.000000 0.000000
  5 -22.709724 -0.179203 1.467238 0.625015 -0.777949 0.064429 0.000000 0.000000
  5 -22.543442 -0.081025 1.427092 0.561344 -0.821451 0.100558 0.000000 0.000000
rubbergloveCHROME.bmp
  5 -23.329616 -0.474915 2.102209 0.257647 -0.149490 0.954605 0.000000 0.000000
  5 -23.209373 -0.654880 1.978297 0.588043 -0.270514 0.762252 0.000000 0.000000
  5 -23.100551 -0.515491 1.937944 0.694872 -0.241101 0.677513 0.000000 0.000000
rubbergloveCHROME.bmp
  5 -23.329616 -0.474915 2.102209 0.257647 -0.149490 0.954605 0.000000 0.000000
  6 -23.480669 -0.633689 2.103654 0.307758 -0.055075 0.949869 0.000000 0.000000
  5 -23.209373 -0.654880 1.978297 0.588043 -0.270514 0.762252 0.000000 0.000000
rubbergloveCHROME.bmp
  5 -23.329616 -0.474915 2.102209 0.257647 -0.149490 0.954605 0.000000 0.000000
  6 -23.699966 -0.439347 2.155035 -0.031337 0.129107 0.991135 0.000000 0.000000
  6 -23.480669 -0.633689 2.103654 0.307758 -0.055075 0.949869 0.000000 0.000000
rubbergloveCHROME.bmp
  5 -23.329616 -0.474915 2.102209 0.257647 -0.149490 0.954605 0.000000 0.000000
  5 -23.552957 -0.271699 2.139921 -0.133774 0.102725 0.985673 0.000000 0.000000
  6 -23.699966 -0.439347 2.155035 -0.031337 0.129107 0.991135 0.000000 0.000000
rubbergloveCHROME.bmp
  28 27.698565 -0.465001 -1.244033 -0.042903 0.167642 0.984914 0.000000 0.000000
  28 27.793021 -0.525325 -1.250293 0.394465 -0.123958 0.910512 0.000000 0.000000
  28 27.862099 -0.452989 -1.240511 0.566906 -0.157433 0.808599 0.000000 0.000000
rubbergloveCHROME.bmp
  28 27.862099 -0.452989 -1.240511 0.566906 -0.157433 0.808599 0.000000 0.000000
  28 27.793021 -0.525325 -1.250293 0.394465 -0.123958 0.910512 0.000000 0.000000
  29 27.868031 -0.487415 -1.274930 0.399909 0.001887 0.916553 0.000000 0.000000
rubbergloveCHROME.bmp
  28 27.793021 -0.525325 -1.250293 0.394465 -0.123958 0.910512 0.000000 0.000000
  29 27.771189 -0.560504 -1.261531 0.413203 0.057205 0.908841 0.000000 0.000000
  29 27.868031 -0.487415 -1.274930 0.399909 0.001887 0.916553 0.000000 0.000000
rubbergloveCHROME.bmp
  29 27.868031 -0.487415 -1.274930 0.399909 0.001887 0.916553 0.000000 0.000000
  29 27.771189 -0.560504 -1.261531 0.413203 0.057205 0.908841 0.000000 0.000000
  29 27.834599 -0.580487 -1.270469 0.182112 -0.006426 0.983257 0.000000 0.000000
rubbergloveCHROME.bmp
  29 28.048779 -0.471007 -1.707551 0.938962 0.342218 -0.035182 0.000000 0.000000
  29 28.071013 -0.491765 -1.570530 0.922458 0.336215 0.189817 0.000000 0.000000
  29 28.071499 -0.562118 -1.577618 0.990356 0.065129 0.122280 0.000000 0.000000
rubbergloveCHROME.bmp
  29 28.048779 -0.471007 -1.707551 0.938962 0.342218 -0.035182 0.000000 0.000000
  29 27.997873 -0.392541 -1.572823 0.445172 0.884663 0.138537 0.000000 0.000000
  29 28.071013 -0.491765 -1.570530 0.922458 0.336215 0.189817 0.000000 0.000000
rubbergloveCHROME.bmp
  29 28.048779 -0.471007 -1.707551 0.938962 0.342218 -0.035182 0.000000 0.000000
  29 27.963843 -0.388081 -1.689964 0.341776 0.939634 0.016652 0.000000 0.000000
  29 27.997873 -0.392541 -1.572823 0.445172 0.884663 0.138537 0.000000 0.000000
rubbergloveCHROME.bmp
  29 28.048779 -0.471007 -1.707551 0.938962 0.342218 -0.035182 0.000000 0.000000
  29 27.945536 -0.385337 -1.859544 0.458899 0.871933 -0.170720 0.000000 0.000000
  29 27.963843 -0.388081 -1.689964 0.341776 0.939634 0.016652 0.000000 0.000000
rubbergloveCHROME.bmp
  32 26.603756 -0.655018 -2.862011 -0.604865 -0.487649 -0.629553 0.000000 0.000000
  32 26.459810 -0.654013 -2.763125 -0.757899 -0.546269 -0.356622 0.000000 0.000000
  32 26.497810 -0.554581 -2.826127 -0.673234 -0.450529 -0.586328 0.000000 0.000000
rubbergloveCHROME.bmp
  32 26.603756 -0.655018 -2.862011 -0.604865 -0.487649 -0.629553 0.000000 0.000000
  32 26.568050 -0.742493 -2.786691 -0.632394 -0.714030 -0.300397 0.000000 0.000000
  32 26.459810 -0.654013 -2.763125 -0.757899 -0.546269 -0.356622 0.000000 0.000000
rubbergloveCHROME.bmp
  32 26.603756 -0.655018 -2.862011 -0.604865 -0.487649 -0.629553 0.000000 0.000000
  32 26.768216 -0.876682 -2.831711 -0.659851 -0.638312 -0.396428 0.000000 0.000000
  32 26.568050 -0.742493 -2.786691 -0.632394 -0.714030 -0.300397 0.000000 0.000000
rubbergloveCHROME.bmp
  32 26.603756 -0.655018 -2.862011 -0.604865 -0.487649 -0.629553 0.000000 0.000000
  32 26.792359 -0.792689 -2.925851 -0.662698 -0.563143 -0.493661 0.000000 0.000000
  32 26.768216 -0.876682 -2.831711 -0.659851 -0.638312 -0.396428 0.000000 0.000000
rubbergloveCHROME.bmp
  3 26.763402 0.107434 -2.106266 0.198402 0.037418 -0.979406 0.000000 0.000000
  3 26.487165 -0.289935 -2.002387 -0.016898 -0.422475 -0.906217 0.000000 0.000000
  31 26.727360 0.103701 -2.142617 0.384073 -0.171913 -0.907157 0.000000 0.000000
rubbergloveCHROME.bmp
  31 26.727360 0.103701 -2.142617 0.384073 -0.171913 -0.907157 0.000000 0.000000
  3 26.487165 -0.289935 -2.002387 -0.016898 -0.422475 -0.906217 0.000000 0.000000
  28 26.435854 -0.304426 -2.019839 0.054777 -0.493819 -0.867838 0.000000 0.000000
rubbergloveCHROME.bmp
  3 26.487165 -0.289935 -2.002387 -0.016898 -0.422475 -0.906217 0.000000 0.000000
  3 26.337195 -0.386681 -1.935683 -0.023047 -0.589248 -0.807623 0.000000 0.000000
  28 26.435854 -0.304426 -2.019839 0.054777 -0.493819 -0.867838 0.000000 0.000000
rubbergloveCHROME.bmp
  28 26.435854 -0.304426 -2.019839 0.054777 -0.493819 -0.867838 0.000000 0.000000
  3 26.337195 -0.386681 -1.935683 -0.023047 -0.589248 -0.807623 0.000000 0.000000
  3 26.294122 -0.283692 -1.956611 0.036595 -0.652816 -0.756632 0.000000 0.000000
rubbergloveCHROME.bmp
  31 26.412404 -0.435000 -2.864978 -0.523471 -0.489012 -0.697743 0.000000 0.000000
  31 26.330873 -0.467151 -2.756723 -0.416412 -0.679414 -0.604150 0.000000 0.000000
  31 26.325961 -0.384188 -2.843861 -0.348258 -0.532991 -0.771127 0.000000 0.000000
rubbergloveCHROME.bmp
  31 26.412404 -0.435000 -2.864978 -0.523471 -0.489012 -0.697743 0.000000 0.000000
  31 26.421193 -0.494756 -2.784654 -0.528584 -0.592036 -0.608351 0.000000 0.000000
  31 26.330873 -0.467151 -2.756723 -0.416412 -0.679414 -0.604150 0.000000 0.000000
rubbergloveCHROME.bmp
  31 26.412404 -0.435000 -2.864978 -0.523471 -0.489012 -0.697743 0.000000 0.000000
  32 26.497810 -0.554581 -2.826127 -0.673234 -0.450529 -0.586328 0.000000 0.000000
  31 26.421193 -0.494756 -2.784654 -0.528584 -0.592036 -0.608351 0.000000 0.000000
rubbergloveCHROME.bmp
  31 26.412404 -0.435000 -2.864978 -0.523471 -0.489012 -0.697743 0.000000 0.000000
  32 26.540561 -0.501402 -2.910058 -0.609850 -0.360991 -0.705527 0.000000 0.000000
  32 26.497810 -0.554581 -2.826127 -0.673234 -0.450529 -0.586328 0.000000 0.000000
rubbergloveCHROME.bmp
  32 26.630402 -0.600659 -2.952206 -0.626070 -0.443619 -0.641279 0.000000 0.000000
  32 26.497810 -0.554581 -2.826127 -0.673234 -0.450529 -0.586328 0.000000 0.000000
  32 26.540561 -0.501402 -2.910058 -0.609850 -0.360991 -0.705527 0.000000 0.000000
rubbergloveCHROME.bmp
  32 26.630402 -0.600659 -2.952206 -0.626070 -0.443619 -0.641279 0.000000 0.000000
  32 26.603756 -0.655018 -2.862011 -0.604865 -0.487649 -0.629553 0.000000 0.000000
  32 26.497810 -0.554581 -2.826127 -0.673234 -0.450529 -0.586328 0.000000 0.000000
rubbergloveCHROME.bmp
  32 26.630402 -0.600659 -2.952206 -0.626070 -0.443619 -0.641279 0.000000 0.000000
  32 26.792359 -0.792689 -2.925851 -0.662698 -0.563143 -0.493661 0.000000 0.000000
  32 26.603756 -0.655018 -2.862011 -0.604865 -0.487649 -0.629553 0.000000 0.000000
rubbergloveCHROME.bmp
  32 26.630402 -0.600659 -2.952206 -0.626070 -0.443619 -0.641279 0.000000 0.000000
  32 26.823617 -0.756856 -3.031393 -0.564073 -0.395430 -0.724884 0.000000 0.000000
  32 26.792359 -0.792689 -2.925851 -0.662698 -0.563143 -0.493661 0.000000 0.000000
rubbergloveCHROME.bmp
  3 25.182706 0.457968 -2.771040 -0.528639 -0.431920 -0.730743 0.000000 0.000000
  3 25.509687 0.206782 -2.873943 -0.424154 -0.519308 -0.741898 0.000000 0.000000
  3 25.489990 0.155757 -2.764359 -0.424154 -0.519308 -0.741898 0.000000 0.000000
rubbergloveCHROME.bmp
  3 25.489990 0.155757 -2.764359 -0.424154 -0.519308 -0.741898 0.000000 0.000000
  3 25.509687 0.206782 -2.873943 -0.424154 -0.519308 -0.741898 0.000000 0.000000
  3 25.690310 0.064926 -2.840001 -0.424154 -0.519308 -0.741898 0.000000 0.000000
rubbergloveCHROME.bmp
  3 25.509687 0.206782 -2.873943 -0.424154 -0.519308 -0.741898 0.000000 0.000000
  3 25.774182 0.298261 -2.968142 -0.188513 -0.219114 -0.957315 0.000000 0.000000
  3 25.690310 0.064926 -2.840001 -0.424154 -0.519308 -0.741898 0.000000 0.000000
rubbergloveCHROME.bmp
  3 25.690310 0.064926 -2.840001 -0.424154 -0.519308 -0.741898 0.000000 0.000000
  3 25.774182 0.298261 -2.968142 -0.188513 -0.219114 -0.957315 0.000000 0.000000
  31 25.988924 0.128695 -2.962000 -0.181703 -0.173643 -0.967901 0.000000 0.000000
rubbergloveCHROME.bmp
  28 26.693883 -0.529974 -1.959429 -0.440915 -0.318059 -0.839305 0.000000 0.000000
  28 27.034339 -0.723180 -2.117101 -0.404442 -0.190770 -0.894446 0.000000 0.000000
  28 26.989686 -0.790742 -2.027987 -0.496274 -0.400008 -0.770523 0.000000 0.000000
rubbergloveCHROME.bmp
  28 26.693883 -0.529974 -1.959429 -0.440915 -0.318059 -0.839305 0.000000 0.000000
  28 26.774247 -0.413667 -2.027359 -0.274176 -0.120588 -0.954089 0.000000 0.000000
  28 27.034339 -0.723180 -2.117101 -0.404442 -0.190770 -0.894446 0.000000 0.000000
rubbergloveCHROME.bmp
  28 26.693883 -0.529974 -1.959429 -0.440915 -0.318059 -0.839305 0.000000 0.000000
  28 26.605075 -0.338550 -1.981115 -0.246573 -0.351115 -0.903283 0.000000 0.000000
  28 26.774247 -0.413667 -2.027359 -0.274176 -0.120588 -0.954089 0.000000 0.000000
rubbergloveCHROME.bmp
  28 26.693883 -0.529974 -1.959429 -0.440915 -0.318059 -0.839305 0.000000 0.000000
  3 26.463836 -0.376753 -1.922898 -0.224435 -0.529889 -0.817831 0.000000 0.000000
  28 26.605075 -0.338550 -1.981115 -0.246573 -0.351115 -0.903283 0.000000 0.000000
rubbergloveCHROME.bmp
  25 27.558300 -0.381463 -0.110948 0.138083 0.125445 0.982444 0.000000 0.000000
  25 27.795933 -0.701514 -0.088630 0.040309 0.110928 0.993011 0.000000 0.000000
  25 27.716666 -0.429088 -0.123284 0.078005 0.128944 0.988579 0.000000 0.000000
rubbergloveCHROME.bmp
  25 27.558300 -0.381463 -0.110948 0.138083 0.125445 0.982444 0.000000 0.000000
  25 27.393559 -0.864229 -0.167488 -0.277423 -0.230903 0.932588 0.000000 0.000000
  25 27.795933 -0.701514 -0.088630 0.040309 0.110928 0.993011 0.000000 0.000000
rubbergloveCHROME.bmp
  25 27.558300 -0.381463 -0.110948 0.138083 0.125445 0.982444 0.000000 0.000000
  25 27.169356 -0.529440 -0.179686 -0.277423 -0.230903 0.932588 0.000000 0.000000
  25 27.393559 -0.864229 -0.167488 -0.277423 -0.230903 0.932588 0.000000 0.000000
rubbergloveCHROME.bmp
  25 27.558300 -0.381463 -0.110948 0.138083 0.125445 0.982444 0.000000 0.000000
  25 27.314292 -0.069370 -0.103332 0.252550 -0.161543 0.954003 0.000000 0.000000
  25 27.169356 -0.529440 -0.179686 -0.277423 -0.230903 0.932588 0.000000 0.000000
rubbergloveCHROME.bmp
  25 28.034199 -0.659528 -0.110234 0.184865 0.027533 0.982378 0.000000 0.000000
  25 27.921242 -0.665840 -0.109246 0.040309 0.110928 0.993011 0.000000 0.000000
  25 27.966748 -0.719946 -0.110597 0.077710 0.081761 0.993618 0.000000 0.000000
rubbergloveCHROME.bmp
  25 28.034199 -0.659528 -0.110234 0.184865 0.027533 0.982378 0.000000 0.000000
  25 28.030362 -0.589106 -0.099009 0.210086 0.316798 0.924934 0.000000 0.000000
  25 27.921242 -0.665840 -0.109246 0.040309 0.110928 0.993011 0.000000 0.000000
rubbergloveCHROME.bmp
  25 28.034199 -0.659528 -0.110234 0.184865 0.027533 0.982378 0.000000 0.000000
  25 28.136168 -0.589406 -0.150048 0.558996 0.460492 0.689544 0.000000 0.000000
  25 28.030362 -0.589106 -0.099009 0.210086 0.316798 0.924934 0.000000 0.000000
rubbergloveCHROME.bmp
  25 28.034199 -0.659528 -0.110234 0.184865 0.027533 0.982378 0.000000 0.000000
  25 28.180693 -0.629057 -0.171150 0.828246 0.035538 0.559236 0.000000 0.000000
  25 28.136168 -0.589406 -0.150048 0.558996 0.460492 0.689544 0.000000 0.000000
rubbergloveCHROME.bmp
  23 28.080169 -0.765941 0.390308 0.968671 -0.005315 -0.248289 0.000000 0.000000
  23 28.112075 -0.698397 0.338156 0.861263 0.112889 -0.495461 0.000000 0.000000
  23 28.108726 -0.659230 0.455862 0.985422 0.146568 0.086375 0.000000 0.000000
rubbergloveCHROME.bmp
  23 28.108726 -0.659230 0.455862 0.985422 0.146568 0.086375 0.000000 0.000000
  23 28.112075 -0.698397 0.338156 0.861263 0.112889 -0.495461 0.000000 0.000000
  23 28.034942 -0.537142 0.425032 0.704697 0.704566 -0.083598 0.000000 0.000000
rubbergloveCHROME.bmp
  23 28.112075 -0.698397 0.338156 0.861263 0.112889 -0.495461 0.000000 0.000000
  23 28.005495 -0.600118 0.294775 0.404247 0.673390 -0.618975 0.000000 0.000000
  23 28.034942 -0.537142 0.425032 0.704697 0.704566 -0.083598 0.000000 0.000000
rubbergloveCHROME.bmp
  23 28.034942 -0.537142 0.425032 0.704697 0.704566 -0.083598 0.000000 0.000000
  23 28.005495 -0.600118 0.294775 0.404247 0.673390 -0.618975 0.000000 0.000000
  23 27.969732 -0.518501 0.424620 0.704697 0.704566 -0.083598 0.000000 0.000000
rubbergloveCHROME.bmp
  22 27.427917 -0.025115 1.026893 0.436626 0.391936 0.809780 0.000000 0.000000
  22 27.448226 -0.041497 0.990573 0.490340 0.436923 0.754099 0.000000 0.000000
  22 27.376034 0.114271 0.957036 0.545461 0.496512 0.675239 0.000000 0.000000
rubbergloveCHROME.bmp
  22 27.376034 0.114271 0.957036 0.545461 0.496512 0.675239 0.000000 0.000000
  22 27.448226 -0.041497 0.990573 0.490340 0.436923 0.754099 0.000000 0.000000
  22 27.442544 0.123644 0.934932 0.322343 0.511152 0.796755 0.000000 0.000000
rubbergloveCHROME.bmp
  22 27.448226 -0.041497 0.990573 0.490340 0.436923 0.754099 0.000000 0.000000
  22 27.616662 -0.027039 0.951584 0.394975 0.302079 0.867608 0.000000 0.000000
  22 27.442544 0.123644 0.934932 0.322343 0.511152 0.796755 0.000000 0.000000
rubbergloveCHROME.bmp
  22 27.442544 0.123644 0.934932 0.322343 0.511152 0.796755 0.000000 0.000000
  22 27.616662 -0.027039 0.951584 0.394975 0.302079 0.867608 0.000000 0.000000
  22 27.673033 0.099954 0.826704 0.731256 0.523272 0.437551 0.000000 0.000000
rubbergloveCHROME.bmp
  3 25.942923 -0.371371 0.456244 -0.636256 -0.759724 0.134154 0.000000 0.000000
  3 26.355557 -0.573598 0.155184 -0.253354 -0.962916 -0.092759 0.000000 0.000000
  3 26.228817 -0.547769 0.342454 -0.373421 -0.927614 0.009415 0.000000 0.000000
rubbergloveCHROME.bmp
  3 26.228817 -0.547769 0.342454 -0.373421 -0.927614 0.009415 0.000000 0.000000
  3 26.355557 -0.573598 0.155184 -0.253354 -0.962916 -0.092759 0.000000 0.000000
  3 26.403913 -0.590911 0.276271 -0.416238 -0.893357 -0.169287 0.000000 0.000000
rubbergloveCHROME.bmp
  3 26.355557 -0.573598 0.155184 -0.253354 -0.962916 -0.092759 0.000000 0.000000
  22 26.552734 -0.616344 0.137903 -0.262022 -0.870063 -0.417534 0.000000 0.000000
  3 26.403913 -0.590911 0.276271 -0.416238 -0.893357 -0.169287 0.000000 0.000000
rubbergloveCHROME.bmp
  3 26.403913 -0.590911 0.276271 -0.416238 -0.893357 -0.169287 0.000000 0.000000
  22 26.552734 -0.616344 0.137903 -0.262022 -0.870063 -0.417534 0.000000 0.000000
  22 26.715400 -0.907835 0.327304 -0.580205 -0.700234 -0.415974 0.000000 0.000000
rubbergloveCHROME.bmp
  22 26.971602 -0.121779 1.074148 -0.170962 -0.415834 0.893227 0.000000 0.000000
  22 26.841480 0.029138 1.104018 -0.268650 -0.280344 0.921539 0.000000 0.000000
  22 26.729987 -0.072325 1.087442 -0.032189 -0.161113 0.986411 0.000000 0.000000
rubbergloveCHROME.bmp
  22 26.729987 -0.072325 1.087442 -0.032189 -0.161113 0.986411 0.000000 0.000000
  22 26.841480 0.029138 1.104018 -0.268650 -0.280344 0.921539 0.000000 0.000000
  3 26.581735 0.083833 1.080510 -0.051160 -0.129045 0.990318 0.000000 0.000000
rubbergloveCHROME.bmp
  22 26.841480 0.029138 1.104018 -0.268650 -0.280344 0.921539 0.000000 0.000000
  3 26.706932 0.200053 1.103287 -0.313172 -0.285000 0.905924 0.000000 0.000000
  3 26.581735 0.083833 1.080510 -0.051160 -0.129045 0.990318 0.000000 0.000000
rubbergloveCHROME.bmp
  3 26.581735 0.083833 1.080510 -0.051160 -0.129045 0.990318 0.000000 0.000000
  3 26.706932 0.200053 1.103287 -0.313172 -0.285000 0.905924 0.000000 0.000000
  3 26.553621 0.344107 1.109955 -0.182970 -0.224071 0.957243 0.000000 0.000000
rubbergloveCHROME.bmp
  19 24.207074 0.212413 1.266834 -0.753717 -0.582360 0.304578 0.000000 0.000000
  19 24.367504 0.046984 1.372644 -0.644044 -0.732066 0.222006 0.000000 0.000000
  19 24.226440 0.259261 1.496900 -0.786317 -0.454833 0.418130 0.000000 0.000000
rubbergloveCHROME.bmp
  19 24.226440 0.259261 1.496900 -0.786317 -0.454833 0.418130 0.000000 0.000000
  19 24.367504 0.046984 1.372644 -0.644044 -0.732066 0.222006 0.000000 0.000000
  19 24.371124 0.086448 1.550772 -0.691017 -0.593552 0.412544 0.000000 0.000000
rubbergloveCHROME.bmp
  19 24.367504 0.046984 1.372644 -0.644044 -0.732066 0.222006 0.000000 0.000000
  20 24.517922 -0.058469 1.434024 -0.561343 -0.821452 0.100555 0.000000 0.000000
  19 24.371124 0.086448 1.550772 -0.691017 -0.593552 0.412544 0.000000 0.000000
rubbergloveCHROME.bmp
  20 25.694135 0.148937 1.286697 0.857027 0.299982 -0.418945 0.000000 0.000000
  20 25.620076 0.074004 1.052176 0.779014 0.221031 -0.586756 0.000000 0.000000
  20 25.655959 0.304103 1.226149 0.739410 0.471680 -0.480408 0.000000 0.000000
rubbergloveCHROME.bmp
  20 25.655959 0.304103 1.226149 0.739410 0.471680 -0.480408 0.000000 0.000000
  20 25.620076 0.074004 1.052176 0.779014 0.221031 -0.586756 0.000000 0.000000
  20 25.615858 0.243297 1.181489 0.988652 0.116056 0.095388 0.000000 0.000000
rubbergloveCHROME.bmp
  20 25.620076 0.074004 1.052176 0.779014 0.221031 -0.586756 0.000000 0.000000
  20 25.598175 0.138525 1.026537 0.813374 -0.536334 0.225320 0.000000 0.000000
  20 25.615858 0.243297 1.181489 0.988652 0.116056 0.095388 0.000000 0.000000
rubbergloveCHROME.bmp
  21 26.496442 -0.824317 2.340899 0.694550 0.462234 0.551308 0.000000 0.000000
  21 26.262996 -0.731943 2.308184 0.106699 0.661766 0.742079 0.000000 0.000000
  21 26.397039 -0.915568 2.474661 0.318871 0.367090 0.873823 0.000000 0.000000
rubbergloveCHROME.bmp
  21 26.397039 -0.915568 2.474661 0.318871 0.367090 0.873823 0.000000 0.000000
  21 26.262996 -0.731943 2.308184 0.106699 0.661766 0.742079 0.000000 0.000000
  21 26.085527 -0.874595 2.422879 -0.207926 0.475116 0.855004 0.000000 0.000000
rubbergloveCHROME.bmp
  21 26.262996 -0.731943 2.308184 0.106699 0.661766 0.742079 0.000000 0.000000
  21 25.867182 -0.619975 2.168922 -0.139154 0.419297 0.897121 0.000000 0.000000
  21 26.085527 -0.874595 2.422879 -0.207926 0.475116 0.855004 0.000000 0.000000
rubbergloveCHROME.bmp
  20 25.871052 -0.214941 1.296351 0.617425 0.186937 -0.764095 0.000000 0.000000
  20 25.779229 -0.371623 1.144301 0.569281 -0.080606 -0.818182 0.000000 0.000000
  20 25.693960 -0.235687 1.087286 0.601111 -0.028714 -0.798649 0.000000 0.000000
rubbergloveCHROME.bmp
  20 25.693960 -0.235687 1.087286 0.601111 -0.028714 -0.798649 0.000000 0.000000
  20 25.779229 -0.371623 1.144301 0.569281 -0.080606 -0.818182 0.000000 0.000000
  20 25.542255 -0.402998 1.041544 0.231499 -0.256624 -0.938377 0.000000 0.000000
rubbergloveCHROME.bmp
  20 25.779229 -0.371623 1.144301 0.569281 -0.080606 -0.818182 0.000000 0.000000
  21 25.669491 -0.577678 1.128331 0.371874 -0.322153 -0.870590 0.000000 0.000000
  20 25.542255 -0.402998 1.041544 0.231499 -0.256624 -0.938377 0.000000 0.000000
rubbergloveCHROME.bmp
  17 -25.037758 -0.618303 -3.140757 0.149947 -0.050872 -0.987384 0.000000 0.000000
  17 -25.017730 -0.381232 -3.172319 -0.134941 0.262582 -0.955427 0.000000 0.000000
  17 -24.864818 -0.469648 -3.131083 0.182273 -0.023798 -0.982960 0.000000 0.000000
rubbergloveCHROME.bmp
  17 -24.864818 -0.469648 -3.131083 0.182273 -0.023798 -0.982960 0.000000 0.000000
  17 -25.017730 -0.381232 -3.172319 -0.134941 0.262582 -0.955427 0.000000 0.000000
  17 -24.918620 -0.273500 -3.136671 -0.327491 0.038492 -0.944070 0.000000 0.000000
rubbergloveCHROME.bmp
  17 -25.017730 -0.381232 -3.172319 -0.134941 0.262582 -0.955427 0.000000 0.000000
  17 -25.132967 -0.305667 -3.007363 -0.523815 0.621295 -0.582761 0.000000 0.000000
  17 -24.918620 -0.273500 -3.136671 -0.327491 0.038492 -0.944070 0.000000 0.000000
rubbergloveCHROME.bmp
  16 -25.170305 -0.056325 -2.420964 -0.746697 0.524788 0.408707 0.000000 0.000000
  16 -25.076568 -0.063777 -2.294244 -0.691719 0.028887 0.721589 0.000000 0.000000
  16 -25.150606 -0.011402 -2.396593 -0.831610 0.380577 0.404458 0.000000 0.000000
rubbergloveCHROME.bmp
  16 -25.150606 -0.011402 -2.396593 -0.831610 0.380577 0.404458 0.000000 0.000000
  16 -25.076568 -0.063777 -2.294244 -0.691719 0.028887 0.721589 0.000000 0.000000
  16 -25.008573 -0.016365 -2.288881 -0.294211 0.496074 0.816915 0.000000 0.000000
rubbergloveCHROME.bmp
  16 -25.076568 -0.063777 -2.294244 -0.691719 0.028887 0.721589 0.000000 0.000000
  16 -24.991392 -0.053826 -2.250131 -0.111193 0.265776 0.957601 0.000000 0.000000
  16 -25.008573 -0.016365 -2.288881 -0.294211 0.496074 0.816915 0.000000 0.000000
rubbergloveCHROME.bmp
  1 -23.928949 -0.284103 -2.124654 0.325485 -0.944880 -0.035528 0.000000 0.000000
  1 -23.612127 -0.188025 -1.931540 0.502474 -0.864363 -0.019908 0.000000 0.000000
  1 -23.937011 -0.347035 -1.944447 0.334985 -0.865440 -0.372558 0.000000 0.000000
rubbergloveCHROME.bmp
  1 -23.937011 -0.347035 -1.944447 0.334985 -0.865440 -0.372558 0.000000 0.000000
  1 -23.612127 -0.188025 -1.931540 0.502474 -0.864363 -0.019908 0.000000 0.000000
  1 -23.722607 -0.285526 -1.769097 0.584283 -0.796239 -0.156898 0.000000 0.000000
rubbergloveCHROME.bmp
  1 -23.612127 -0.188025 -1.931540 0.502474 -0.864363 -0.019908 0.000000 0.000000
  1 -23.435493 -0.016944 -1.605301 0.732358 -0.673393 0.100962 0.000000 0.000000
  1 -23.722607 -0.285526 -1.769097 0.584283 -0.796239 -0.156898 0.000000 0.000000
rubbergloveCHROME.bmp
  13 -24.710386 -0.789719 -1.299769 0.452909 -0.518297 0.725425 0.000000 0.000000
  13 -24.595134 -0.778726 -1.579226 0.688923 -0.724677 0.015131 0.000000 0.000000
  1 -24.477354 -0.544926 -1.292474 0.238739 -0.767853 0.594480 0.000000 0.000000
rubbergloveCHROME.bmp
  1 -24.477354 -0.544926 -1.292474 0.238739 -0.767853 0.594480 0.000000 0.000000
  13 -24.595134 -0.778726 -1.579226 0.688923 -0.724677 0.015131 0.000000 0.000000
  1 -24.345603 -0.527652 -1.815488 0.269562 -0.876371 -0.399136 0.000000 0.000000
rubbergloveCHROME.bmp
  13 -24.595134 -0.778726 -1.579226 0.688923 -0.724677 0.015131 0.000000 0.000000
  13 -24.613048 -0.686632 -1.844928 0.531027 -0.502762 -0.682085 0.000000 0.000000
  1 -24.345603 -0.527652 -1.815488 0.269562 -0.876371 -0.399136 0.000000 0.000000
rubbergloveCHROME.bmp
  10 -24.919211 -0.365916 -1.014659 0.008272 -0.254682 -0.966990 0.000000 0.000000
  1 -24.826652 -0.347089 -1.104722 -0.423183 -0.781704 -0.458099 0.000000 0.000000
  10 -24.803716 -0.450608 -0.994962 0.065472 -0.580143 -0.811879 0.000000 0.000000
rubbergloveCHROME.bmp
  10 -24.803716 -0.450608 -0.994962 0.065472 -0.580143 -0.811879 0.000000 0.000000
  1 -24.826652 -0.347089 -1.104722 -0.423183 -0.781704 -0.458099 0.000000 0.000000
  1 -24.718622 -0.334222 -1.077083 -0.146393 -0.957186 -0.249729 0.000000 0.000000
rubbergloveCHROME.bmp
  1 -24.826652 -0.347089 -1.104722 -0.423183 -0.781704 -0.458099 0.000000 0.000000
  1 -24.771586 -0.351489 -1.165946 -0.250437 -0.685739 0.683406 0.000000 0.000000
  1 -24.718622 -0.334222 -1.077083 -0.146393 -0.957186 -0.249729 0.000000 0.000000
rubbergloveCHROME.bmp
  10 -24.803716 -0.450608 -0.994962 0.065472 -0.580143 -0.811879 0.000000 0.000000
  10 -25.003088 -0.601810 -1.029443 0.377927 -0.265522 -0.886944 0.000000 0.000000
  10 -24.919211 -0.365916 -1.014659 0.008272 -0.254682 -0.966990 0.000000 0.000000
rubbergloveCHROME.bmp
  10 -24.919211 -0.365916 -1.014659 0.008272 -0.254682 -0.966990 0.000000 0.000000
  10 -25.003088 -0.601810 -1.029443 0.377927 -0.265522 -0.886944 0.000000 0.000000
  10 -25.070538 -0.541392 -1.029079 0.248120 -0.066667 -0.966433 0.000000 0.000000
rubbergloveCHROME.bmp
  10 -25.003088 -0.601810 -1.029443 0.377927 -0.265522 -0.886944 0.000000 0.000000
  10 -25.276619 -0.940055 -1.067790 0.389974 -0.350416 -0.851545 0.000000 0.000000
  10 -25.070538 -0.541392 -1.029079 0.248120 -0.066667 -0.966433 0.000000 0.000000
rubbergloveCHROME.bmp
  11 -26.382898 -0.692013 -0.594236 -0.984613 0.048568 0.167864 0.000000 0.000000
  11 -26.289971 -0.605981 -0.411855 -0.613900 0.717091 0.330011 0.000000 0.000000
  11 -26.329871 -0.573558 -0.581727 -0.538269 0.826350 0.165564 0.000000 0.000000
rubbergloveCHROME.bmp
  11 -26.329871 -0.573558 -0.581727 -0.538269 0.826350 0.165564 0.000000 0.000000
  11 -26.289971 -0.605981 -0.411855 -0.613900 0.717091 0.330011 0.000000 0.000000
  10 -26.265756 -0.567564 -0.581006 -0.673230 0.718536 0.174549 0.000000 0.000000
rubbergloveCHROME.bmp
  11 -26.289971 -0.605981 -0.411855 -0.613900 0.717091 0.330011 0.000000 0.000000
  10 -26.232399 -0.579288 -0.420850 -0.850298 0.376778 0.367466 0.000000 0.000000
  10 -26.265756 -0.567564 -0.581006 -0.673230 0.718536 0.174549 0.000000 0.000000
rubbergloveCHROME.bmp
  11 -26.295645 -0.743903 -1.024346 -0.718588 0.095611 -0.688832 0.000000 0.000000
  11 -26.351476 -0.700784 -0.964149 -0.897876 0.210441 -0.386696 0.000000 0.000000
  11 -26.287116 -0.708112 -1.063668 -0.528346 0.001331 -0.849028 0.000000 0.000000
rubbergloveCHROME.bmp
  11 -26.287116 -0.708112 -1.063668 -0.528346 0.001331 -0.849028 0.000000 0.000000
  11 -26.351476 -0.700784 -0.964149 -0.897876 0.210441 -0.386696 0.000000 0.000000
  10 -26.236804 -0.631655 -1.061894 -0.121075 0.626583 -0.769892 0.000000 0.000000
rubbergloveCHROME.bmp
  11 -26.351476 -0.700784 -0.964149 -0.897876 0.210441 -0.386696 0.000000 0.000000
  10 -26.276887 -0.574330 -0.971301 -0.497922 0.803520 -0.326236 0.000000 0.000000
  10 -26.236804 -0.631655 -1.061894 -0.121075 0.626583 -0.769892 0.000000 0.000000
rubbergloveCHROME.bmp
  11 -26.097198 -0.934624 -0.155470 -0.600625 0.068723 0.796572 0.000000 0.000000
  11 -26.158206 -0.841149 -0.134484 -0.506026 -0.351536 0.787629 0.000000 0.000000
  11 -26.193801 -0.860596 -0.175164 -0.712069 -0.057177 0.699777 0.000000 0.000000
rubbergloveCHROME.bmp
  11 -26.193801 -0.860596 -0.175164 -0.712069 -0.057177 0.699777 0.000000 0.000000
  11 -26.158206 -0.841149 -0.134484 -0.506026 -0.351536 0.787629 0.000000 0.000000
  11 -26.192082 -0.804062 -0.174195 -0.819854 -0.230091 0.524307 0.000000 0.000000
rubbergloveCHROME.bmp
  11 -26.158206 -0.841149 -0.134484 -0.506026 -0.351536 0.787629 0.000000 0.000000
  11 -26.121753 -0.793435 -0.093321 -0.146487 0.333666 0.931240 0.000000 0.000000
  11 -26.192082 -0.804062 -0.174195 -0.819854 -0.230091 0.524307 0.000000 0.000000
rubbergloveCHROME.bmp
  10 -26.152269 -0.630247 -0.190888 -0.828250 0.035539 0.559231 0.000000 0.000000
  10 -26.048520 -0.659025 -0.090349 -0.184868 0.027533 0.982378 0.000000 0.000000
  10 -26.100387 -0.584100 -0.159604 -0.559001 0.460492 0.689540 0.000000 0.000000
rubbergloveCHROME.bmp
  10 -26.100387 -0.584100 -0.159604 -0.559001 0.460492 0.689540 0.000000 0.000000
  10 -26.048520 -0.659025 -0.090349 -0.184868 0.027533 0.982378 0.000000 0.000000
  10 -26.030370 -0.589055 -0.098998 -0.210092 0.316797 0.924933 0.000000 0.000000
rubbergloveCHROME.bmp
  10 -26.048520 -0.659025 -0.090349 -0.184868 0.027533 0.982378 0.000000 0.000000
  10 -25.914487 -0.673074 -0.119294 -0.040311 0.110928 0.993011 0.000000 0.000000
  10 -26.030370 -0.589055 -0.098998 -0.210092 0.316797 0.924933 0.000000 0.000000
rubbergloveCHROME.bmp
  10 -26.269493 -0.529518 -0.720428 -0.838475 0.540296 -0.070990 0.000000 0.000000
  10 -26.298301 -0.516178 -0.580456 -0.981057 0.140843 0.133006 0.000000 0.000000
  10 -26.267823 -0.501114 -0.729935 -0.876785 0.471592 -0.094067 0.000000 0.000000
rubbergloveCHROME.bmp
  10 -26.267823 -0.501114 -0.729935 -0.876785 0.471592 -0.094067 0.000000 0.000000
  10 -26.298301 -0.516178 -0.580456 -0.981057 0.140843 0.133006 0.000000 0.000000
  10 -26.246032 -0.469358 -0.589164 -0.673230 0.718536 0.174549 0.000000 0.000000
rubbergloveCHROME.bmp
  10 -26.298301 -0.516178 -0.580456 -0.981057 0.140843 0.133006 0.000000 0.000000
  10 -26.231019 -0.551388 -0.400363 -0.924804 0.249213 0.287455 0.000000 0.000000
  10 -26.246032 -0.469358 -0.589164 -0.673230 0.718536 0.174549 0.000000 0.000000
rubbergloveCHROME.bmp
  7 -25.778759 -0.245046 0.496320 -0.965354 0.179869 -0.189045 0.000000 0.000000
  7 -25.798843 -0.249571 0.509592 -0.970964 0.083542 -0.224165 0.000000 0.000000
  7 -25.760158 -0.175902 0.487770 -0.904901 0.344878 -0.249427 0.000000 0.000000
rubbergloveCHROME.bmp
  7 -25.760158 -0.175902 0.487770 -0.904901 0.344878 -0.249427 0.000000 0.000000
  7 -25.798843 -0.249571 0.509592 -0.970964 0.083542 -0.224165 0.000000 0.000000
  7 -25.781795 -0.156237 0.529545 -0.839659 0.439083 -0.319655 0.000000 0.000000
rubbergloveCHROME.bmp
  7 -25.798843 -0.249571 0.509592 -0.970964 0.083542 -0.224165 0.000000 0.000000
  7 -25.806925 -0.217811 0.538331 -0.974614 0.159625 -0.156993 0.000000 0.000000
  7 -25.781795 -0.156237 0.529545 -0.839659 0.439083 -0.319655 0.000000 0.000000
rubbergloveCHROME.bmp
  7 -25.746090 -0.316279 0.295426 -0.720231 0.332059 -0.609101 0.000000 0.000000
  7 -25.728367 -0.187374 0.464154 -0.874732 0.373557 -0.308707 0.000000 0.000000
  7 -25.707832 -0.229419 0.262386 -0.684898 0.307164 -0.660730 0.000000 0.000000
rubbergloveCHROME.bmp
  7 -25.707832 -0.229419 0.262386 -0.684898 0.307164 -0.660730 0.000000 0.000000
  7 -25.728367 -0.187374 0.464154 -0.874732 0.373557 -0.308707 0.000000 0.000000
  7 -25.647798 -0.011082 0.427689 -0.756142 0.566083 -0.328330 0.000000 0.000000
rubbergloveCHROME.bmp
  7 -25.728367 -0.187374 0.464154 -0.874732 0.373557 -0.308707 0.000000 0.000000
  7 -25.664257 0.000154 0.459357 -0.755912 0.627140 -0.187862 0.000000 0.000000
  7 -25.647798 -0.011082 0.427689 -0.756142 0.566083 -0.328330 0.000000 0.000000
rubbergloveCHROME.bmp
  7 -25.766453 -0.412233 0.691504 -0.821981 0.416379 0.388556 0.000000 0.000000
  7 -25.808469 -0.449380 0.720740 -0.555954 0.779019 0.289905 0.000000 0.000000
  7 -25.763643 -0.442614 0.896368 -0.550925 0.742820 0.380394 0.000000 0.000000
rubbergloveCHROME.bmp
  7 -25.763643 -0.442614 0.896368 -0.550925 0.742820 0.380394 0.000000 0.000000
  7 -25.808469 -0.449380 0.720740 -0.555954 0.779019 0.289905 0.000000 0.000000
  7 -25.803182 -0.489903 0.895755 -0.767947 0.467310 0.438041 0.000000 0.000000
rubbergloveCHROME.bmp
  7 -25.808469 -0.449380 0.720740 -0.555954 0.779019 0.289905 0.000000 0.000000
  7 -25.856090 -0.464909 0.748867 -0.816870 0.479387 0.320797 0.000000 0.000000
  7 -25.803182 -0.489903 0.895755 -0.767947 0.467310 0.438041 0.000000 0.000000
rubbergloveCHROME.bmp
  14 -25.912964 -0.578778 -2.128047 -0.510477 0.033610 -0.859234 0.000000 0.000000
  14 -25.935585 -0.488923 -2.101319 -0.766383 0.324261 -0.554538 0.000000 0.000000
  14 -25.880224 -0.533110 -2.160334 -0.368022 0.034999 -0.929158 0.000000 0.000000
rubbergloveCHROME.bmp
  14 -25.880224 -0.533110 -2.160334 -0.368022 0.034999 -0.929158 0.000000 0.000000
  14 -25.935585 -0.488923 -2.101319 -0.766383 0.324261 -0.554538 0.000000 0.000000
  14 -25.877684 -0.404510 -2.096651 -0.277127 0.786890 -0.551366 0.000000 0.000000
rubbergloveCHROME.bmp
  14 -25.935585 -0.488923 -2.101319 -0.766383 0.324261 -0.554538 0.000000 0.000000
  14 -25.959511 -0.370968 -1.859629 -0.458894 0.871935 -0.170722 0.000000 0.000000
  14 -25.877684 -0.404510 -2.096651 -0.277127 0.786890 -0.551366 0.000000 0.000000
rubbergloveCHROME.bmp
  13 -25.869362 -0.459668 -1.241967 -0.566898 -0.157422 0.808607 0.000000 0.000000
  14 -25.817708 -0.480216 -1.278805 -0.399901 0.001927 0.916556 0.000000 0.000000
  13 -25.793032 -0.525277 -1.250283 -0.394448 -0.123930 0.910523 0.000000 0.000000
rubbergloveCHROME.bmp
  13 -25.793032 -0.525277 -1.250283 -0.394448 -0.123930 0.910523 0.000000 0.000000
  14 -25.817708 -0.480216 -1.278805 -0.399901 0.001927 0.916556 0.000000 0.000000
  14 -25.784179 -0.559217 -1.272926 -0.413190 0.057226 0.908845 0.000000 0.000000
rubbergloveCHROME.bmp
  14 -25.817708 -0.480216 -1.278805 -0.399901 0.001927 0.916556 0.000000 0.000000
  14 -25.834613 -0.580438 -1.270458 -0.182114 -0.006435 0.983256 0.000000 0.000000
  14 -25.784179 -0.559217 -1.272926 -0.413190 0.057226 0.908845 0.000000 0.000000
rubbergloveCHROME.bmp
  14 -26.030132 -0.855386 -1.349677 -0.480754 0.279744 0.831035 0.000000 0.000000
  14 -25.896831 -0.739148 -1.313356 -0.501564 0.194304 0.843018 0.000000 0.000000
  14 -26.102687 -0.786739 -1.391190 -0.574269 0.420287 0.702548 0.000000 0.000000
rubbergloveCHROME.bmp
  14 -26.102687 -0.786739 -1.391190 -0.574269 0.420287 0.702548 0.000000 0.000000
  14 -25.896831 -0.739148 -1.313356 -0.501564 0.194304 0.843018 0.000000 0.000000
  14 -25.959947 -0.633470 -1.370352 -0.767888 0.056333 0.638102 0.000000 0.000000
rubbergloveCHROME.bmp
  14 -25.896831 -0.739148 -1.313356 -0.501564 0.194304 0.843018 0.000000 0.000000
  14 -25.889266 -0.661884 -1.304802 -0.487632 -0.056708 0.871206 0.000000 0.000000
  14 -25.959947 -0.633470 -1.370352 -0.767888 0.056333 0.638102 0.000000 0.000000
rubbergloveCHROME.bmp
  17 -25.096432 -0.371487 -2.287271 -0.567874 0.050340 0.821575 0.000000 0.000000
  16 -24.863373 -0.219991 -2.199140 -0.341675 0.121885 0.931881 0.000000 0.000000
  16 -25.082006 -0.243047 -2.299976 -0.413847 0.147627 0.898297 0.000000 0.000000
rubbergloveCHROME.bmp
  16 -25.082006 -0.243047 -2.299976 -0.413847 0.147627 0.898297 0.000000 0.000000
  16 -24.863373 -0.219991 -2.199140 -0.341675 0.121885 0.931881 0.000000 0.000000
  16 -25.041898 -0.207323 -2.303869 -0.340997 0.158148 0.926666 0.000000 0.000000
rubbergloveCHROME.bmp
  16 -24.863373 -0.219991 -2.199140 -0.341675 0.121885 0.931881 0.000000 0.000000
  16 -24.982941 -0.153695 -2.257521 -0.512017 -0.147906 0.846146 0.000000 0.000000
  16 -25.041898 -0.207323 -2.303869 -0.340997 0.158148 0.926666 0.000000 0.000000
rubbergloveCHROME.bmp
  7 -25.316983 0.098474 0.980734 -0.473593 0.406123 0.781520 0.000000 0.000000
  7 -25.309606 -0.081809 1.035903 -0.231509 0.193759 0.953342 0.000000 0.000000
  7 -25.250046 0.075910 1.014055 -0.339759 0.251291 0.906321 0.000000 0.000000
rubbergloveCHROME.bmp
  7 -25.250046 0.075910 1.014055 -0.339759 0.251291 0.906321 0.000000 0.000000
  7 -25.309606 -0.081809 1.035903 -0.231509 0.193759 0.953342 0.000000 0.000000
  7 -25.050726 -0.073496 1.151712 -0.045475 -0.129453 0.990542 0.000000 0.000000
rubbergloveCHROME.bmp
  7 -25.309606 -0.081809 1.035903 -0.231509 0.193759 0.953342 0.000000 0.000000
  7 -25.110442 -0.202644 1.100186 0.199485 -0.220800 0.954701 0.000000 0.000000
  7 -25.050726 -0.073496 1.151712 -0.045475 -0.129453 0.990542 0.000000 0.000000
rubbergloveCHROME.bmp
  7 -25.587353 -0.028315 0.957830 -0.394976 0.302077 0.867608 0.000000 0.000000
  7 -25.473921 -0.024350 1.002746 -0.490340 0.436923 0.754099 0.000000 0.000000
  7 -25.456531 0.124793 0.936761 -0.322344 0.511154 0.796754 0.000000 0.000000
rubbergloveCHROME.bmp
  7 -25.456531 0.124793 0.936761 -0.322344 0.511154 0.796754 0.000000 0.000000
  7 -25.473921 -0.024350 1.002746 -0.490340 0.436923 0.754099 0.000000 0.000000
  7 -25.355528 0.105661 0.954993 -0.545462 0.496514 0.675237 0.000000 0.000000
rubbergloveCHROME.bmp
  7 -25.473921 -0.024350 1.002746 -0.490340 0.436923 0.754099 0.000000 0.000000
  7 -25.447082 -0.015538 1.038830 -0.436626 0.391937 0.809780 0.000000 0.000000
  7 -25.355528 0.105661 0.954993 -0.545462 0.496514 0.675237 0.000000 0.000000
rubbergloveCHROME.bmp
  16 -24.635502 0.104913 -2.161565 -0.995909 -0.071675 -0.055032 0.000000 0.000000
  13 -24.430324 -0.285572 -1.997122 -0.054777 -0.493819 -0.867838 0.000000 0.000000
  16 -24.727367 0.103747 -2.142606 -0.384060 -0.171914 -0.907162 0.000000 0.000000
rubbergloveCHROME.bmp
  16 -24.727367 0.103747 -2.142606 -0.384060 -0.171914 -0.907162 0.000000 0.000000
  13 -24.430324 -0.285572 -1.997122 -0.054777 -0.493819 -0.867838 0.000000 0.000000
  1 -24.473297 -0.290991 -2.012683 0.016901 -0.422475 -0.906217 0.000000 0.000000
rubbergloveCHROME.bmp
  13 -24.430324 -0.285572 -1.997122 -0.054777 -0.493819 -0.867838 0.000000 0.000000
  1 -24.328502 -0.366039 -1.935858 0.023043 -0.589251 -0.807622 0.000000 0.000000
  1 -24.473297 -0.290991 -2.012683 0.016901 -0.422475 -0.906217 0.000000 0.000000
rubbergloveCHROME.bmp
  10 -25.306846 -0.062656 -0.103136 -0.281606 -0.177292 0.943009 0.000000 0.000000
  10 -25.545169 -0.396656 -0.091061 -0.138082 0.125444 0.982445 0.000000 0.000000
  10 -25.142795 -0.559373 -0.169919 0.284626 -0.257813 0.923320 0.000000 0.000000
rubbergloveCHROME.bmp
  10 -25.142795 -0.559373 -0.169919 0.284626 -0.257813 0.923320 0.000000 0.000000
  10 -25.545169 -0.396656 -0.091061 -0.138082 0.125444 0.982445 0.000000 0.000000
  10 -25.428667 -0.855485 -0.147665 0.284626 -0.257813 0.923320 0.000000 0.000000
rubbergloveCHROME.bmp
  10 -25.545169 -0.396656 -0.091061 -0.138082 0.125444 0.982445 0.000000 0.000000
  10 -25.803588 -0.708464 -0.068806 -0.040311 0.110928 0.993011 0.000000 0.000000
  10 -25.428667 -0.855485 -0.147665 0.284626 -0.257813 0.923320 0.000000 0.000000
rubbergloveCHROME.bmp
  7 -24.718491 -0.752214 0.759970 0.408752 -0.385641 0.827165 0.000000 0.000000
  7 -24.390742 -0.405279 0.816686 0.359879 -0.553806 0.750857 0.000000 0.000000
  7 -24.715068 -0.711405 0.816740 0.432812 -0.433307 0.790518 0.000000 0.000000
rubbergloveCHROME.bmp
  7 -24.715068 -0.711405 0.816740 0.432812 -0.433307 0.790518 0.000000 0.000000
  7 -24.390742 -0.405279 0.816686 0.359879 -0.553806 0.750857 0.000000 0.000000
  7 -24.416207 -0.376330 0.878440 0.132586 -0.372885 0.918356 0.000000 0.000000
rubbergloveCHROME.bmp
  7 -24.390742 -0.405279 0.816686 0.359879 -0.553806 0.750857 0.000000 0.000000
  1 -24.299202 -0.250541 0.924212 0.058957 -0.460710 0.885590 0.000000 0.000000
  7 -24.416207 -0.376330 0.878440 0.132586 -0.372885 0.918356 0.000000 0.000000
rubbergloveCHROME.bmp
  1 -24.216274 -0.562922 0.322181 0.373417 -0.927616 0.009417 0.000000 0.000000
  1 -24.403704 -0.590867 0.286280 0.416241 -0.893356 -0.169290 0.000000 0.000000
  1 -24.335195 -0.582255 0.144744 0.253356 -0.962915 -0.092762 0.000000 0.000000
rubbergloveCHROME.bmp
  1 -24.335195 -0.582255 0.144744 0.253356 -0.962915 -0.092762 0.000000 0.000000
  1 -24.403704 -0.590867 0.286280 0.416241 -0.893356 -0.169290 0.000000 0.000000
  7 -24.552740 -0.616292 0.137915 0.262026 -0.870060 -0.417538 0.000000 0.000000
rubbergloveCHROME.bmp
  1 -24.403704 -0.590867 0.286280 0.416241 -0.893356 -0.169290 0.000000 0.000000
  7 -24.702349 -0.922924 0.326844 0.580205 -0.700235 -0.415973 0.000000 0.000000
  7 -24.552740 -0.616292 0.137915 0.262026 -0.870060 -0.417538 0.000000 0.000000
rubbergloveCHROME.bmp
  31 26.973911 -0.159294 -2.266900 0.512023 -0.147911 0.846141 0.000000 0.000000
  31 27.078800 -0.213505 -2.303769 0.341002 0.158147 0.926665 0.000000 0.000000
  31 27.124564 -0.134275 -2.330756 0.527199 0.136746 0.838667 0.000000 0.000000
rubbergloveCHROME.bmp
  31 27.124564 -0.134275 -2.330756 0.527199 0.136746 0.838667 0.000000 0.000000
  31 27.078800 -0.213505 -2.303769 0.341002 0.158147 0.926665 0.000000 0.000000
  31 27.159959 -0.165523 -2.314303 0.390522 0.320079 0.863158 0.000000 0.000000
rubbergloveCHROME.bmp
  31 27.078800 -0.213505 -2.303769 0.341002 0.158147 0.926665 0.000000 0.000000
  31 27.079635 -0.241187 -2.309514 0.413849 0.147619 0.898297 0.000000 0.000000
  31 27.159959 -0.165523 -2.314303 0.390522 0.320079 0.863158 0.000000 0.000000
rubbergloveCHROME.bmp
  31 27.038298 0.121662 -2.740944 0.741397 0.570090 -0.354017 0.000000 0.000000
  31 27.047877 0.032234 -2.761214 0.626338 0.681430 -0.378621 0.000000 0.000000
  31 26.913062 0.082219 -2.917184 0.580691 0.509397 -0.635069 0.000000 0.000000
rubbergloveCHROME.bmp
  31 26.913062 0.082219 -2.917184 0.580691 0.509397 -0.635069 0.000000 0.000000
  31 27.047877 0.032234 -2.761214 0.626338 0.681430 -0.378621 0.000000 0.000000
  31 26.970103 0.017983 -2.912700 0.542386 0.554969 -0.630735 0.000000 0.000000
rubbergloveCHROME.bmp
  31 27.047877 0.032234 -2.761214 0.626338 0.681430 -0.378621 0.000000 0.000000
  31 27.010196 -0.018404 -2.940423 0.388338 0.767902 -0.509432 0.000000 0.000000
  31 26.970103 0.017983 -2.912700 0.542386 0.554969 -0.630735 0.000000 0.000000
rubbergloveCHROME.bmp
  31 26.605438 -0.222012 -3.027686 -0.371493 -0.126230 -0.919815 0.000000 0.000000
  31 26.562133 -0.156700 -3.035361 -0.508547 -0.158948 -0.846236 0.000000 0.000000
  31 26.647974 -0.114520 -3.121687 -0.181703 -0.173643 -0.967901 0.000000 0.000000
rubbergloveCHROME.bmp
  31 26.647974 -0.114520 -3.121687 -0.181703 -0.173643 -0.967901 0.000000 0.000000
  31 26.562133 -0.156700 -3.035361 -0.508547 -0.158948 -0.846236 0.000000 0.000000
  31 26.602752 -0.059816 -3.078531 -0.295605 0.306592 -0.904776 0.000000 0.000000
rubbergloveCHROME.bmp
  31 26.562133 -0.156700 -3.035361 -0.508547 -0.158948 -0.846236 0.000000 0.000000
  31 26.578757 -0.024259 -3.044473 -0.366398 0.110011 -0.923932 0.000000 0.000000
  31 26.602752 -0.059816 -3.078531 -0.295605 0.306592 -0.904776 0.000000 0.000000
rubbergloveCHROME.bmp
  31 26.973772 -0.078155 -2.240135 0.111193 0.265773 0.957602 0.000000 0.000000
  31 27.113888 -0.083801 -2.297017 0.691736 0.028886 0.721573 0.000000 0.000000
  31 27.014808 0.004888 -2.286178 0.294226 0.496072 0.816911 0.000000 0.000000
rubbergloveCHROME.bmp
  31 27.014808 0.004888 -2.286178 0.294226 0.496072 0.816911 0.000000 0.000000
  31 27.113888 -0.083801 -2.297017 0.691736 0.028886 0.721573 0.000000 0.000000
  31 27.106613 0.001069 -2.393683 0.831625 0.380560 0.404442 0.000000 0.000000
rubbergloveCHROME.bmp
  31 27.113888 -0.083801 -2.297017 0.691736 0.028886 0.721573 0.000000 0.000000
  31 27.128675 -0.045760 -2.408526 0.746695 0.524791 0.408706 0.000000 0.000000
  31 27.106613 0.001069 -2.393683 0.831625 0.380560 0.404442 0.000000 0.000000
rubbergloveCHROME.bmp
  28 27.257886 0.189136 -1.241597 0.551028 0.173195 0.816316 0.000000 0.000000
  28 27.390923 0.133792 -1.352675 0.525167 0.417809 0.741374 0.000000 0.000000
  28 27.295316 0.317883 -1.374350 0.775074 0.427480 0.465318 0.000000 0.000000
rubbergloveCHROME.bmp
  28 27.295316 0.317883 -1.374350 0.775074 0.427480 0.465318 0.000000 0.000000
  28 27.390923 0.133792 -1.352675 0.525167 0.417809 0.741374 0.000000 0.000000
  28 27.479415 0.160794 -1.379878 0.625323 0.546330 0.557220 0.000000 0.000000
rubbergloveCHROME.bmp
  28 27.390923 0.133792 -1.352675 0.525167 0.417809 0.741374 0.000000 0.000000
  28 27.539843 0.009350 -1.340979 0.561662 0.422346 0.711449 0.000000 0.000000
  28 27.479415 0.160794 -1.379878 0.625323 0.546330 0.557220 0.000000 0.000000
rubbergloveCHROME.bmp
  3 27.153631 0.203228 -1.157453 0.900579 -0.073811 0.428379 0.000000 0.000000
  28 27.237103 0.058420 -1.222066 0.383061 -0.037040 0.922980 0.000000 0.000000
  28 27.257886 0.189136 -1.241597 0.551028 0.173195 0.816316 0.000000 0.000000
rubbergloveCHROME.bmp
  28 27.257886 0.189136 -1.241597 0.551028 0.173195 0.816316 0.000000 0.000000
  28 27.237103 0.058420 -1.222066 0.383061 -0.037040 0.922980 0.000000 0.000000
  28 27.349792 0.022072 -1.248142 0.240618 0.222305 0.944819 0.000000 0.000000
rubbergloveCHROME.bmp
  28 27.237103 0.058420 -1.222066 0.383061 -0.037040 0.922980 0.000000 0.000000
  28 27.255681 -0.081572 -1.238097 0.184738 0.117785 0.975704 0.000000 0.000000
  28 27.349792 0.022072 -1.248142 0.240618 0.222305 0.944819 0.000000 0.000000
rubbergloveCHROME.bmp
  3 25.449799 -0.015882 -1.615001 -0.732358 -0.673393 0.100963 0.000000 0.000000
  3 25.612338 -0.188066 -1.941549 -0.507843 -0.861065 -0.025750 0.000000 0.000000
  3 25.713896 -0.264973 -1.769295 -0.611697 -0.776597 -0.150747 0.000000 0.000000
rubbergloveCHROME.bmp
  3 25.713896 -0.264973 -1.769295 -0.611697 -0.776597 -0.150747 0.000000 0.000000
  3 25.612338 -0.188066 -1.941549 -0.507843 -0.861065 -0.025750 0.000000 0.000000
  3 25.944821 -0.353574 -1.954291 -0.334984 -0.865439 -0.372559 0.000000 0.000000
rubbergloveCHROME.bmp
  3 25.612338 -0.188066 -1.941549 -0.507843 -0.861065 -0.025750 0.000000 0.000000
  3 25.935437 -0.276545 -2.124521 -0.325482 -0.944880 -0.035530 0.000000 0.000000
  3 25.944821 -0.353574 -1.954291 -0.334984 -0.865439 -0.372559 0.000000 0.000000
rubbergloveCHROME.bmp
  28 26.597903 -0.686294 -1.853354 -0.531028 -0.502762 -0.682085 0.000000 0.000000
  28 26.597110 -0.807880 -1.572256 -0.688924 -0.724675 0.015132 0.000000 0.000000
  3 26.331278 -0.528802 -1.805811 -0.269564 -0.876370 -0.399138 0.000000 0.000000
rubbergloveCHROME.bmp
  3 26.331278 -0.528802 -1.805811 -0.269564 -0.876370 -0.399138 0.000000 0.000000
  28 26.597110 -0.807880 -1.572256 -0.688924 -0.724675 0.015132 0.000000 0.000000
  3 26.490556 -0.529767 -1.302195 -0.238737 -0.767847 0.594487 0.000000 0.000000
rubbergloveCHROME.bmp
  28 26.597110 -0.807880 -1.572256 -0.688924 -0.724675 0.015132 0.000000 0.000000
  28 26.704480 -0.825217 -1.302680 -0.452911 -0.518294 0.725426 0.000000 0.000000
  3 26.490556 -0.529767 -1.302195 -0.238737 -0.767847 0.594487 0.000000 0.000000
rubbergloveCHROME.bmp
  31 26.973911 -0.159294 -2.266900 0.512023 -0.147911 0.846141 0.000000 0.000000
  31 26.900692 -0.240014 -2.201913 0.341677 0.121880 0.931881 0.000000 0.000000
  31 27.078800 -0.213505 -2.303769 0.341002 0.158147 0.926665 0.000000 0.000000
rubbergloveCHROME.bmp
  31 27.078800 -0.213505 -2.303769 0.341002 0.158147 0.926665 0.000000 0.000000
  31 26.900692 -0.240014 -2.201913 0.341677 0.121880 0.931881 0.000000 0.000000
  31 27.079635 -0.241187 -2.309514 0.413849 0.147619 0.898297 0.000000 0.000000
rubbergloveCHROME.bmp
  31 26.900692 -0.240014 -2.201913 0.341677 0.121880 0.931881 0.000000 0.000000
  32 27.105623 -0.366144 -2.277990 0.567879 0.050315 0.821573 0.000000 0.000000
  31 27.079635 -0.241187 -2.309514 0.413849 0.147619 0.898297 0.000000 0.000000
rubbergloveCHROME.bmp
  29 27.881189 -0.668104 -1.314657 0.487635 -0.056706 0.871204 0.000000 0.000000
  29 27.843733 -0.812540 -1.223907 0.373232 0.110341 0.921153 0.000000 0.000000
  29 27.888558 -0.717226 -1.320375 0.501570 0.194296 0.843016 0.000000 0.000000
rubbergloveCHROME.bmp
  29 27.888558 -0.717226 -1.320375 0.501570 0.194296 0.843016 0.000000 0.000000
  29 27.843733 -0.812540 -1.223907 0.373232 0.110341 0.921153 0.000000 0.000000
  29 28.024220 -0.863585 -1.339748 0.480754 0.279744 0.831035 0.000000 0.000000
rubbergloveCHROME.bmp
  29 27.843733 -0.812540 -1.223907 0.373232 0.110341 0.921153 0.000000 0.000000
  29 27.892780 -0.944347 -1.252564 0.258410 0.073577 0.963229 0.000000 0.000000
  29 28.024220 -0.863585 -1.339748 0.480754 0.279744 0.831035 0.000000 0.000000
rubbergloveCHROME.bmp
  3 26.799549 -0.349331 -1.155340 0.250436 -0.685737 0.683408 0.000000 0.000000
  3 26.826643 -0.347135 -1.104733 0.423202 -0.781716 -0.458061 0.000000 0.000000
  3 26.698021 -0.342972 -1.077548 0.146394 -0.957185 -0.249732 0.000000 0.000000
rubbergloveCHROME.bmp
  3 26.698021 -0.342972 -1.077548 0.146394 -0.957185 -0.249732 0.000000 0.000000
  3 26.826643 -0.347135 -1.104733 0.423202 -0.781716 -0.458061 0.000000 0.000000
  25 26.783612 -0.472849 -1.005155 -0.065471 -0.580137 -0.811883 0.000000 0.000000
rubbergloveCHROME.bmp
  3 26.826643 -0.347135 -1.104733 0.423202 -0.781716 -0.458061 0.000000 0.000000
  25 26.918417 -0.351846 -1.014425 -0.008267 -0.254683 -0.966989 0.000000 0.000000
  25 26.783612 -0.472849 -1.005155 -0.065471 -0.580137 -0.811883 0.000000 0.000000
rubbergloveCHROME.bmp
  29 27.802315 -0.918504 -2.220680 0.095251 0.140289 -0.985518 0.000000 0.000000
  29 27.678547 -0.769918 -2.222605 0.146432 0.240289 -0.959593 0.000000 0.000000
  29 27.779137 -0.699809 -2.135620 0.259007 0.112594 -0.959290 0.000000 0.000000
rubbergloveCHROME.bmp
  29 27.779137 -0.699809 -2.135620 0.259007 0.112594 -0.959290 0.000000 0.000000
  29 27.678547 -0.769918 -2.222605 0.146432 0.240289 -0.959593 0.000000 0.000000
  29 27.734504 -0.656369 -2.146610 0.120713 0.068026 -0.990354 0.000000 0.000000
rubbergloveCHROME.bmp
  29 27.678547 -0.769918 -2.222605 0.146432 0.240289 -0.959593 0.000000 0.000000
  29 27.641699 -0.607755 -2.141701 0.177565 -0.049858 -0.982845 0.000000 0.000000
  29 27.734504 -0.656369 -2.146610 0.120713 0.068026 -0.990354 0.000000 0.000000
rubbergloveCHROME.bmp
  25 27.846405 0.051108 -0.846596 0.631457 0.567231 -0.528688 0.000000 0.000000
  25 27.941156 -0.127356 -0.870521 0.622717 0.348889 -0.700357 0.000000 0.000000
  25 27.826805 0.015303 -0.887016 0.551460 0.508256 -0.661489 0.000000 0.000000
rubbergloveCHROME.bmp
  25 27.826805 0.015303 -0.887016 0.551460 0.508256 -0.661489 0.000000 0.000000
  25 27.941156 -0.127356 -0.870521 0.622717 0.348889 -0.700357 0.000000 0.000000
  25 27.808129 -0.181404 -1.040174 0.364240 0.265694 -0.892601 0.000000 0.000000
rubbergloveCHROME.bmp
  25 27.941156 -0.127356 -0.870521 0.622717 0.348889 -0.700357 0.000000 0.000000
  25 27.916310 -0.345130 -1.053979 0.403658 0.353673 -0.843787 0.000000 0.000000
  25 27.808129 -0.181404 -1.040174 0.364240 0.265694 -0.892601 0.000000 0.000000
rubbergloveCHROME.bmp
  25 28.239941 -0.586172 -0.411047 0.850303 0.376770 0.367464 0.000000 0.000000
  26 28.254409 -0.600050 -0.411421 0.613901 0.717090 0.330011 0.000000 0.000000
  25 28.279771 -0.566658 -0.591139 0.673233 0.718534 0.174547 0.000000 0.000000
rubbergloveCHROME.bmp
  25 28.279771 -0.566658 -0.591139 0.673233 0.718534 0.174547 0.000000 0.000000
  26 28.254409 -0.600050 -0.411421 0.613901 0.717090 0.330011 0.000000 0.000000
  26 28.287456 -0.574909 -0.581350 0.538261 0.826356 0.165563 0.000000 0.000000
rubbergloveCHROME.bmp
  26 28.254409 -0.600050 -0.411421 0.613901 0.717090 0.330011 0.000000 0.000000
  26 28.333298 -0.686682 -0.583675 0.984612 0.048560 0.167872 0.000000 0.000000
  26 28.287456 -0.574909 -0.581350 0.538261 0.826356 0.165563 0.000000 0.000000
rubbergloveCHROME.bmp
  22 27.670781 0.007670 0.459581 0.755918 0.627134 -0.187858 0.000000 0.000000
  22 27.736241 -0.180716 0.454508 0.874732 0.373560 -0.308703 0.000000 0.000000
  22 27.665827 -0.012615 0.399882 0.756147 0.566082 -0.328318 0.000000 0.000000
rubbergloveCHROME.bmp
  22 27.665827 -0.012615 0.399882 0.756147 0.566082 -0.328318 0.000000 0.000000
  22 27.736241 -0.180716 0.454508 0.874732 0.373560 -0.308703 0.000000 0.000000
  22 27.720457 -0.227523 0.274064 0.684898 0.307162 -0.660731 0.000000 0.000000
rubbergloveCHROME.bmp
  22 27.736241 -0.180716 0.454508 0.874732 0.373560 -0.308703 0.000000 0.000000
  22 27.774048 -0.314146 0.299051 0.720232 0.332062 -0.609099 0.000000 0.000000
  22 27.720457 -0.227523 0.274064 0.684898 0.307162 -0.660731 0.000000 0.000000
rubbergloveCHROME.bmp
  25 27.300227 0.184587 -0.088920 0.764109 -0.346253 0.544285 0.000000 0.000000
  25 27.340846 0.081684 -0.151056 0.252550 -0.161543 0.954003 0.000000 0.000000
  3 27.387503 0.258654 -0.052043 0.670408 -0.242536 0.701234 0.000000 0.000000
rubbergloveCHROME.bmp
  3 27.387503 0.258654 -0.052043 0.670408 -0.242536 0.701234 0.000000 0.000000
  25 27.340846 0.081684 -0.151056 0.252550 -0.161543 0.954003 0.000000 0.000000
  25 27.523407 0.119167 -0.092182 0.296171 0.131476 0.946043 0.000000 0.000000
rubbergloveCHROME.bmp
  25 27.340846 0.081684 -0.151056 0.252550 -0.161543 0.954003 0.000000 0.000000
  25 27.527562 -0.085603 -0.115672 0.070228 0.013103 0.997445 0.000000 0.000000
  25 27.523407 0.119167 -0.092182 0.296171 0.131476 0.946043 0.000000 0.000000
rubbergloveCHROME.bmp
  23 28.056448 -0.656967 0.580208 0.940801 0.191601 0.279611 0.000000 0.000000
  23 27.981830 -0.785197 0.763482 0.921060 0.081879 0.380716 0.000000 0.000000
  23 28.064491 -0.758034 0.559694 0.931609 0.258662 0.255339 0.000000 0.000000
rubbergloveCHROME.bmp
  23 28.064491 -0.758034 0.559694 0.931609 0.258662 0.255339 0.000000 0.000000
  23 27.981830 -0.785197 0.763482 0.921060 0.081879 0.380716 0.000000 0.000000
  23 28.066952 -0.916523 0.766274 0.717824 0.623060 0.310683 0.000000 0.000000
rubbergloveCHROME.bmp
  23 27.981830 -0.785197 0.763482 0.921060 0.081879 0.380716 0.000000 0.000000
  23 27.915302 -0.799265 0.948079 0.835972 0.239661 0.493674 0.000000 0.000000
  23 28.066952 -0.916523 0.766274 0.717824 0.623060 0.310683 0.000000 0.000000
rubbergloveCHROME.bmp
  22 27.697362 -0.208141 0.714962 0.870961 0.269384 0.410925 0.000000 0.000000
  22 27.813363 -0.279295 0.635710 0.955210 0.164053 0.246292 0.000000 0.000000
  22 27.822160 -0.140297 0.594452 0.991201 0.131882 0.011332 0.000000 0.000000
rubbergloveCHROME.bmp
  22 27.822160 -0.140297 0.594452 0.991201 0.131882 0.011332 0.000000 0.000000
  22 27.813363 -0.279295 0.635710 0.955210 0.164053 0.246292 0.000000 0.000000
  22 27.813448 -0.210295 0.538556 0.974615 0.159626 -0.156989 0.000000 0.000000
rubbergloveCHROME.bmp
  22 27.813363 -0.279295 0.635710 0.955210 0.164053 0.246292 0.000000 0.000000
  22 27.833672 -0.295678 0.599390 0.997472 -0.070207 0.010970 0.000000 0.000000
  22 27.813448 -0.210295 0.538556 0.974615 0.159626 -0.156989 0.000000 0.000000
rubbergloveCHROME.bmp
  22 27.823634 -0.331439 0.753080 0.888414 0.327997 0.321151 0.000000 0.000000
  22 27.731411 -0.321001 0.850988 0.818365 0.381989 0.429376 0.000000 0.000000
  22 27.736590 -0.312573 0.861096 0.844370 -0.077541 0.530120 0.000000 0.000000
rubbergloveCHROME.bmp
  22 27.736590 -0.312573 0.861096 0.844370 -0.077541 0.530120 0.000000 0.000000
  22 27.731411 -0.321001 0.850988 0.818365 0.381989 0.429376 0.000000 0.000000
  22 27.650400 -0.267326 0.946677 0.691960 0.144799 0.707265 0.000000 0.000000
rubbergloveCHROME.bmp
  22 27.731411 -0.321001 0.850988 0.818365 0.381989 0.429376 0.000000 0.000000
  22 27.668637 -0.243757 0.957256 0.597239 0.074361 0.798609 0.000000 0.000000
  22 27.650400 -0.267326 0.946677 0.691960 0.144799 0.707265 0.000000 0.000000
rubbergloveCHROME.bmp
  22 27.606746 -0.323368 0.986092 0.597239 0.074361 0.798609 0.000000 0.000000
  22 27.470591 -0.207260 1.028290 0.296457 0.212726 0.931054 0.000000 0.000000
  22 27.438790 -0.474492 1.158581 0.114581 0.147396 0.982418 0.000000 0.000000
rubbergloveCHROME.bmp
  22 27.438790 -0.474492 1.158581 0.114581 0.147396 0.982418 0.000000 0.000000
  22 27.470591 -0.207260 1.028290 0.296457 0.212726 0.931054 0.000000 0.000000
  22 27.302363 -0.343002 1.138623 -0.222776 -0.086550 0.971020 0.000000 0.000000
rubbergloveCHROME.bmp
  22 27.470591 -0.207260 1.028290 0.296457 0.212726 0.931054 0.000000 0.000000
  22 27.143578 -0.192082 1.113918 -0.199485 -0.220796 0.954701 0.000000 0.000000
  22 27.302363 -0.343002 1.138623 -0.222776 -0.086550 0.971020 0.000000 0.000000
rubbergloveCHROME.bmp
  22 27.444627 -0.611062 1.140848 -0.134798 -0.191427 0.972206 0.000000 0.000000
  22 27.458205 -0.660063 1.065918 -0.048035 -0.491987 0.869276 0.000000 0.000000
  22 27.564433 -0.636027 1.169542 0.106993 -0.057761 0.992581 0.000000 0.000000
rubbergloveCHROME.bmp
  22 27.564433 -0.636027 1.169542 0.106993 -0.057761 0.992581 0.000000 0.000000
  22 27.458205 -0.660063 1.065918 -0.048035 -0.491987 0.869276 0.000000 0.000000
  22 27.610501 -0.675746 1.169164 0.173425 -0.331706 0.927305 0.000000 0.000000
rubbergloveCHROME.bmp
  22 27.458205 -0.660063 1.065918 -0.048035 -0.491987 0.869276 0.000000 0.000000
  22 27.545163 -0.747929 1.055057 -0.092085 -0.285248 0.954020 0.000000 0.000000
  22 27.610501 -0.675746 1.169164 0.173425 -0.331706 0.927305 0.000000 0.000000
rubbergloveCHROME.bmp
  3 26.334763 -0.254880 0.934983 -0.058951 -0.460710 0.885591 0.000000 0.000000
  22 26.396838 -0.410951 0.828128 -0.359871 -0.553804 0.750862 0.000000 0.000000
  22 26.430610 -0.362098 0.869029 -0.132582 -0.372887 0.918356 0.000000 0.000000
rubbergloveCHROME.bmp
  22 26.430610 -0.362098 0.869029 -0.132582 -0.372887 0.918356 0.000000 0.000000
  22 26.396838 -0.410951 0.828128 -0.359871 -0.553804 0.750862 0.000000 0.000000
  22 26.713283 -0.723791 0.837817 -0.432808 -0.433306 0.790521 0.000000 0.000000
rubbergloveCHROME.bmp
  22 26.396838 -0.410951 0.828128 -0.359871 -0.553804 0.750862 0.000000 0.000000
  22 26.724586 -0.757887 0.771411 -0.408757 -0.385640 0.827163 0.000000 0.000000
  22 26.713283 -0.723791 0.837817 -0.432808 -0.433306 0.790521 0.000000 0.000000
rubbergloveCHROME.bmp
  25 27.304850 -0.938526 -1.068049 -0.389975 -0.350416 -0.851544 0.000000 0.000000
  25 26.988367 -0.588866 -1.009090 -0.377927 -0.265521 -0.886944 0.000000 0.000000
  25 27.048861 -0.535397 -1.038782 -0.248123 -0.066668 -0.966432 0.000000 0.000000
rubbergloveCHROME.bmp
  25 27.048861 -0.535397 -1.038782 -0.248123 -0.066668 -0.966432 0.000000 0.000000
  25 26.988367 -0.588866 -1.009090 -0.377927 -0.265521 -0.886944 0.000000 0.000000
  25 26.918417 -0.351846 -1.014425 -0.008267 -0.254683 -0.966989 0.000000 0.000000
rubbergloveCHROME.bmp
  25 26.988367 -0.588866 -1.009090 -0.377927 -0.265521 -0.886944 0.000000 0.000000
  25 26.783612 -0.472849 -1.005155 -0.065471 -0.580137 -0.811883 0.000000 0.000000
  25 26.918417 -0.351846 -1.014425 -0.008267 -0.254683 -0.966989 0.000000 0.000000
rubbergloveCHROME.bmp
  20 24.921518 -0.207602 1.841172 -0.882753 -0.109229 0.456965 0.000000 0.000000
  20 25.011628 -0.374697 1.878044 -0.736494 -0.265448 0.622184 0.000000 0.000000
  20 25.138034 -0.237235 2.018492 -0.527451 0.017408 0.849407 0.000000 0.000000
rubbergloveCHROME.bmp
  20 25.138034 -0.237235 2.018492 -0.527451 0.017408 0.849407 0.000000 0.000000
  20 25.011628 -0.374697 1.878044 -0.736494 -0.265448 0.622184 0.000000 0.000000
  20 25.087862 -0.512543 1.945771 -0.694868 -0.241103 0.677516 0.000000 0.000000
rubbergloveCHROME.bmp
  20 25.536626 0.085325 1.982718 0.166870 0.625330 0.762310 0.000000 0.000000
  20 25.648943 -0.017931 2.040364 0.273017 0.511130 0.814989 0.000000 0.000000
  20 25.849069 0.044085 1.818770 0.516465 0.721884 0.460595 0.000000 0.000000
rubbergloveCHROME.bmp
  20 25.849069 0.044085 1.818770 0.516465 0.721884 0.460595 0.000000 0.000000
  20 25.648943 -0.017931 2.040364 0.273017 0.511130 0.814989 0.000000 0.000000
  20 25.773159 -0.133168 2.049896 0.401750 0.377391 0.834370 0.000000 0.000000
rubbergloveCHROME.bmp
  20 25.392362 0.024439 0.860630 0.161323 -0.963965 -0.211534 0.000000 0.000000
  20 25.218876 -0.044548 0.776704 0.111050 -0.961640 -0.250831 0.000000 0.000000
  3 25.446245 -0.069453 0.675462 0.094742 -0.987113 0.128967 0.000000 0.000000
rubbergloveCHROME.bmp
  3 25.446245 -0.069453 0.675462 0.094742 -0.987113 0.128967 0.000000 0.000000
  20 25.218876 -0.044548 0.776704 0.111050 -0.961640 -0.250831 0.000000 0.000000
  19 25.309386 -0.113740 0.541966 0.061752 -0.964274 -0.257610 0.000000 0.000000
rubbergloveCHROME.bmp
  16 -24.573511 -0.153672 -3.048070 0.508542 -0.158948 -0.846239 0.000000 0.000000
  16 -24.616494 -0.058694 -3.081712 0.295584 0.306590 -0.904783 0.000000 0.000000
  16 -24.585841 -0.030596 -3.047494 0.366392 0.110013 -0.923934 0.000000 0.000000
rubbergloveCHROME.bmp
  16 -24.585841 -0.030596 -3.047494 0.366392 0.110013 -0.923934 0.000000 0.000000
  16 -24.616494 -0.058694 -3.081712 0.295584 0.306590 -0.904783 0.000000 0.000000
  16 -24.747771 0.080536 -3.002458 -0.198264 0.561932 -0.803071 0.000000 0.000000
rubbergloveCHROME.bmp
  16 -24.438742 0.127880 -3.031771 0.032365 -0.115047 -0.992833 0.000000 0.000000
  16 -24.478155 0.038699 -3.048897 0.093624 0.038509 -0.994863 0.000000 0.000000
  16 -24.557799 0.291146 -2.965667 -0.217960 0.164118 -0.962060 0.000000 0.000000
rubbergloveCHROME.bmp
  16 -24.557799 0.291146 -2.965667 -0.217960 0.164118 -0.962060 0.000000 0.000000
  16 -24.478155 0.038699 -3.048897 0.093624 0.038509 -0.994863 0.000000 0.000000
  16 -24.676037 0.253179 -2.939623 -0.376859 0.196133 -0.905267 0.000000 0.000000
rubbergloveCHROME.bmp
  16 -24.804147 0.193746 -2.878341 -0.488257 0.705823 -0.513243 0.000000 0.000000
  16 -24.869794 0.148904 -2.861616 -0.509970 0.655820 -0.556624 0.000000 0.000000
  16 -24.918830 0.201862 -2.726743 -0.595116 0.756186 -0.272065 0.000000 0.000000
rubbergloveCHROME.bmp
  16 -24.918830 0.201862 -2.726743 -0.595116 0.756186 -0.272065 0.000000 0.000000
  16 -24.869794 0.148904 -2.861616 -0.509970 0.655820 -0.556624 0.000000 0.000000
  16 -24.965180 0.187437 -2.720136 -0.555080 0.796139 -0.240933 0.000000 0.000000
rubbergloveCHROME.bmp
  16 -25.235429 -0.091968 -2.622678 -0.958508 0.228723 -0.170143 0.000000 0.000000
  16 -25.211510 -0.053095 -2.430541 -0.678526 0.629032 0.379370 0.000000 0.000000
  16 -25.193667 -0.000217 -2.583464 -0.564284 0.821241 0.084534 0.000000 0.000000
rubbergloveCHROME.bmp
  16 -25.193667 -0.000217 -2.583464 -0.564284 0.821241 0.084534 0.000000 0.000000
  16 -25.211510 -0.053095 -2.430541 -0.678526 0.629032 0.379370 0.000000 0.000000
  16 -25.170305 -0.056325 -2.420964 -0.746697 0.524788 0.408707 0.000000 0.000000
rubbergloveCHROME.bmp
  16 -24.982941 -0.153695 -2.257521 -0.512017 -0.147906 0.846146 0.000000 0.000000
  16 -25.081003 -0.135552 -2.330697 -0.527185 0.136738 0.838677 0.000000 0.000000
  16 -25.041898 -0.207323 -2.303869 -0.340997 0.158148 0.926666 0.000000 0.000000
rubbergloveCHROME.bmp
  16 -25.041898 -0.207323 -2.303869 -0.340997 0.158148 0.926666 0.000000 0.000000
  16 -25.081003 -0.135552 -2.330697 -0.527185 0.136738 0.838677 0.000000 0.000000
  16 -25.194931 -0.183547 -2.326581 -0.390527 0.320074 0.863158 0.000000 0.000000
rubbergloveCHROME.bmp
  16 -24.556783 -0.400815 -2.138267 -0.099253 -0.289734 0.951947 0.000000 0.000000
  16 -24.239982 -0.400545 -2.185567 0.172275 -0.584185 0.793126 0.000000 0.000000
  16 -24.384563 -0.247061 -2.138247 -0.131190 -0.564931 0.814642 0.000000 0.000000
rubbergloveCHROME.bmp
  16 -24.384563 -0.247061 -2.138247 -0.131190 -0.564931 0.814642 0.000000 0.000000
  16 -24.239982 -0.400545 -2.185567 0.172275 -0.584185 0.793126 0.000000 0.000000
  16 -24.248741 -0.232050 -2.091053 -0.270803 -0.940048 0.207304 0.000000 0.000000
rubbergloveCHROME.bmp
  1 -24.626999 -0.398316 -1.199137 -0.207572 -0.806683 0.553332 0.000000 0.000000
  1 -24.472190 -0.466889 -1.012504 -0.195247 -0.931967 -0.305477 0.000000 0.000000
  1 -24.718622 -0.334222 -1.077083 -0.146393 -0.957186 -0.249729 0.000000 0.000000
rubbergloveCHROME.bmp
  1 -24.718622 -0.334222 -1.077083 -0.146393 -0.957186 -0.249729 0.000000 0.000000
  1 -24.472190 -0.466889 -1.012504 -0.195247 -0.931967 -0.305477 0.000000 0.000000
  10 -24.803716 -0.450608 -0.994962 0.065472 -0.580143 -0.811879 0.000000 0.000000
rubbergloveCHROME.bmp
  14 -25.891615 -0.929239 -1.261028 -0.258411 0.073573 0.963229 0.000000 0.000000
  14 -25.857806 -0.812241 -1.225410 -0.373232 0.110345 0.921152 0.000000 0.000000
  14 -26.030132 -0.855386 -1.349677 -0.480754 0.279744 0.831035 0.000000 0.000000
rubbergloveCHROME.bmp
  14 -26.030132 -0.855386 -1.349677 -0.480754 0.279744 0.831035 0.000000 0.000000
  14 -25.857806 -0.812241 -1.225410 -0.373232 0.110345 0.921152 0.000000 0.000000
  14 -25.896831 -0.739148 -1.313356 -0.501564 0.194304 0.843018 0.000000 0.000000
rubbergloveCHROME.bmp
  10 -26.005596 -0.781453 -0.111998 -0.296406 -0.053847 0.953543 0.000000 0.000000
  10 -26.013049 -0.788118 -0.112182 -0.144789 0.260805 0.954472 0.000000 0.000000
  10 -25.901557 -0.809726 -0.041453 -0.213971 0.161001 0.963481 0.000000 0.000000
rubbergloveCHROME.bmp
  10 -25.901557 -0.809726 -0.041453 -0.213971 0.161001 0.963481 0.000000 0.000000
  10 -26.013049 -0.788118 -0.112182 -0.144789 0.260805 0.954472 0.000000 0.000000
  11 -26.038565 -0.852392 -0.103509 -0.282533 0.191159 0.940018 0.000000 0.000000
rubbergloveCHROME.bmp
  10 -26.080826 -0.760228 -1.092554 -0.133555 0.486169 -0.863599 0.000000 0.000000
  11 -26.191832 -0.864753 -1.175403 -0.254977 0.390039 -0.884792 0.000000 0.000000
  11 -26.141728 -0.818312 -1.084119 -0.326032 0.255657 -0.910133 0.000000 0.000000
rubbergloveCHROME.bmp
  11 -26.141728 -0.818312 -1.084119 -0.326032 0.255657 -0.910133 0.000000 0.000000
  11 -26.191832 -0.864753 -1.175403 -0.254977 0.390039 -0.884792 0.000000 0.000000
  11 -26.234110 -0.823076 -1.055088 -0.431709 0.249082 -0.866940 0.000000 0.000000
rubbergloveCHROME.bmp
  10 -26.123334 -0.401276 -0.416798 -0.865861 0.224685 0.446992 0.000000 0.000000
  10 -26.201410 -0.429539 -0.578059 -0.809252 0.546871 0.214579 0.000000 0.000000
  10 -26.155507 -0.470288 -0.418271 -0.612284 0.729749 0.304261 0.000000 0.000000
rubbergloveCHROME.bmp
  10 -26.155507 -0.470288 -0.418271 -0.612284 0.729749 0.304261 0.000000 0.000000
  10 -26.201410 -0.429539 -0.578059 -0.809252 0.546871 0.214579 0.000000 0.000000
  10 -26.246032 -0.469358 -0.589164 -0.673230 0.718536 0.174549 0.000000 0.000000
rubbergloveCHROME.bmp
  10 -25.680905 0.181406 -0.312690 -0.635317 0.524000 0.567270 0.000000 0.000000
  10 -25.632558 0.170408 -0.242393 -0.559001 0.460492 0.689540 0.000000 0.000000
  10 -25.575084 0.302778 -0.299620 -0.635317 0.524000 0.567270 0.000000 0.000000
rubbergloveCHROME.bmp
  10 -25.575084 0.302778 -0.299620 -0.635317 0.524000 0.567270 0.000000 0.000000
  10 -25.632558 0.170408 -0.242393 -0.559001 0.460492 0.689540 0.000000 0.000000
  10 -25.509887 0.104647 -0.112288 -0.296166 0.131483 0.946043 0.000000 0.000000
rubbergloveCHROME.bmp
  10 -25.829663 0.169692 -0.384340 -0.429545 0.593130 0.680947 0.000000 0.000000
  10 -25.710524 0.155085 -0.333423 -0.635317 0.524000 0.567270 0.000000 0.000000
  10 -25.667073 0.288412 -0.400772 -0.675344 0.626713 0.388770 0.000000 0.000000
rubbergloveCHROME.bmp
  10 -25.667073 0.288412 -0.400772 -0.675344 0.626713 0.388770 0.000000 0.000000
  10 -25.710524 0.155085 -0.333423 -0.635317 0.524000 0.567270 0.000000 0.000000
  10 -25.680905 0.181406 -0.312690 -0.635317 0.524000 0.567270 0.000000 0.000000
rubbergloveCHROME.bmp
  10 -25.286210 0.183680 -0.078786 -0.764109 -0.346237 0.544295 0.000000 0.000000
  1 -25.387511 0.258702 -0.052033 -0.670407 -0.242534 0.701236 0.000000 0.000000
  10 -25.369285 0.082975 -0.131295 -0.281606 -0.177292 0.943009 0.000000 0.000000
rubbergloveCHROME.bmp
  10 -25.369285 0.082975 -0.131295 -0.281606 -0.177292 0.943009 0.000000 0.000000
  1 -25.387511 0.258702 -0.052033 -0.670407 -0.242534 0.701236 0.000000 0.000000
  10 -25.509887 0.104647 -0.112288 -0.296166 0.131483 0.946043 0.000000 0.000000
rubbergloveCHROME.bmp
  8 -25.598155 -0.839112 1.039851 0.185400 -0.136121 0.973190 0.000000 0.000000
  7 -25.559020 -0.812255 1.042294 0.019929 -0.074350 0.997033 0.000000 0.000000
  8 -25.615412 -0.734854 1.083811 0.264865 -0.074200 0.961426 0.000000 0.000000
rubbergloveCHROME.bmp
  8 -25.615412 -0.734854 1.083811 0.264865 -0.074200 0.961426 0.000000 0.000000
  7 -25.559020 -0.812255 1.042294 0.019929 -0.074350 0.997033 0.000000 0.000000
  7 -25.518130 -0.764109 1.052778 0.092083 -0.285247 0.954020 0.000000 0.000000
rubbergloveCHROME.bmp
  14 -25.962789 -0.400152 -1.569737 -0.445182 0.884658 0.138540 0.000000 0.000000
  14 -26.048890 -0.485028 -1.708959 -0.938961 0.342220 -0.035177 0.000000 0.000000
  14 -26.056968 -0.491966 -1.569006 -0.922455 0.336221 0.189820 0.000000 0.000000
rubbergloveCHROME.bmp
  14 -26.056968 -0.491966 -1.569006 -0.922455 0.336221 0.189820 0.000000 0.000000
  14 -26.048890 -0.485028 -1.708959 -0.938961 0.342220 -0.035177 0.000000 0.000000
  14 -26.057454 -0.562318 -1.576094 -0.990356 0.065131 0.122281 0.000000 0.000000
rubbergloveCHROME.bmp
  17 -25.246455 -0.568698 -2.342957 -0.501834 0.215421 0.837709 0.000000 0.000000
  17 -25.441732 -0.742364 -2.478629 -0.655649 0.287092 0.698357 0.000000 0.000000
  17 -25.390037 -0.813945 -2.375170 -0.457357 0.106886 0.882836 0.000000 0.000000
rubbergloveCHROME.bmp
  17 -25.390037 -0.813945 -2.375170 -0.457357 0.106886 0.882836 0.000000 0.000000
  17 -25.441732 -0.742364 -2.478629 -0.655649 0.287092 0.698357 0.000000 0.000000
  18 -25.560751 -0.947172 -2.475666 -0.465791 0.371091 0.803324 0.000000 0.000000
rubbergloveCHROME.bmp
  13 -25.454005 -0.362187 -2.106707 0.093668 0.126386 -0.987549 0.000000 0.000000
  13 -25.393192 -0.319461 -2.126107 0.112095 -0.011257 -0.993634 0.000000 0.000000
  13 -25.223311 -0.352866 -2.131074 0.061939 0.145716 -0.987386 0.000000 0.000000
rubbergloveCHROME.bmp
  13 -25.223311 -0.352866 -2.131074 0.061939 0.145716 -0.987386 0.000000 0.000000
  13 -25.393192 -0.319461 -2.126107 0.112095 -0.011257 -0.993634 0.000000 0.000000
  13 -25.273783 -0.194995 -2.060155 0.093668 0.126386 -0.987549 0.000000 0.000000
rubbergloveCHROME.bmp
  13 -25.553304 0.051390 -1.398897 -0.705287 0.449214 0.548431 0.000000 0.000000
  13 -25.617697 0.073421 -1.454288 -0.680285 0.298015 0.669627 0.000000 0.000000
  13 -25.667025 -0.026941 -1.500050 -0.825450 0.386339 0.411552 0.000000 0.000000
rubbergloveCHROME.bmp
  13 -25.667025 -0.026941 -1.500050 -0.825450 0.386339 0.411552 0.000000 0.000000
  13 -25.617697 0.073421 -1.454288 -0.680285 0.298015 0.669627 0.000000 0.000000
  13 -25.704781 0.101609 -1.562092 -0.921907 0.230286 0.311539 0.000000 0.000000
rubbergloveCHROME.bmp
  1 -25.153420 0.203273 -1.147445 -0.900576 -0.073827 0.428384 0.000000 0.000000
  13 -25.250013 0.182840 -1.251467 -0.551020 0.173198 0.816321 0.000000 0.000000
  13 -25.229861 0.065194 -1.220589 -0.383026 -0.037045 0.922995 0.000000 0.000000
rubbergloveCHROME.bmp
  13 -25.229861 0.065194 -1.220589 -0.383026 -0.037045 0.922995 0.000000 0.000000
  13 -25.250013 0.182840 -1.251467 -0.551020 0.173198 0.816321 0.000000 0.000000
  13 -25.350432 0.035190 -1.236784 -0.240619 0.222299 0.944820 0.000000 0.000000
rubbergloveCHROME.bmp
  5 -23.858112 0.031626 1.824526 -0.516464 0.721886 0.460593 0.000000 0.000000
  5 -23.652307 -0.024943 2.032959 -0.273015 0.511133 0.814988 0.000000 0.000000
  5 -23.552662 0.055395 1.962131 -0.166869 0.625330 0.762310 0.000000 0.000000
rubbergloveCHROME.bmp
  5 -23.552662 0.055395 1.962131 -0.166869 0.625330 0.762310 0.000000 0.000000
  5 -23.652307 -0.024943 2.032959 -0.273015 0.511133 0.814988 0.000000 0.000000
  5 -23.447968 -0.166597 2.134348 0.096345 0.277087 0.956002 0.000000 0.000000
rubbergloveCHROME.bmp
  5 -23.447968 -0.166597 2.134348 0.096345 0.277087 0.956002 0.000000 0.000000
  5 -23.228209 -0.360319 2.082599 0.458192 0.019011 0.888650 0.000000 0.000000
  5 -23.343726 -0.048434 2.038062 0.246508 0.363807 0.898264 0.000000 0.000000
rubbergloveCHROME.bmp
  5 -23.343726 -0.048434 2.038062 0.246508 0.363807 0.898264 0.000000 0.000000
  5 -23.228209 -0.360319 2.082599 0.458192 0.019011 0.888650 0.000000 0.000000
  5 -23.114887 -0.244000 1.996996 0.527451 0.017407 0.849407 0.000000 0.000000
rubbergloveCHROME.bmp
  5 -23.388804 0.003959 0.831155 -0.161322 -0.963965 -0.211534 0.000000 0.000000
  1 -23.466627 -0.060706 0.685924 -0.094741 -0.987113 0.128968 0.000000 0.000000
  5 -23.204649 -0.084239 0.753003 -0.111050 -0.961639 -0.250835 0.000000 0.000000
rubbergloveCHROME.bmp
  5 -23.204649 -0.084239 0.753003 -0.111050 -0.961639 -0.250835 0.000000 0.000000
  1 -23.466627 -0.060706 0.685924 -0.094741 -0.987113 0.128968 0.000000 0.000000
  4 -23.309386 -0.113694 0.541978 -0.061751 -0.964274 -0.257610 0.000000 0.000000
rubbergloveCHROME.bmp
  6 -24.098287 -0.233946 1.507539 -0.732926 0.612721 -0.295622 0.000000 0.000000
  6 -24.145545 -0.232256 1.435679 -0.681302 0.482003 -0.550910 0.000000 0.000000
  6 -24.274688 -0.394500 1.509834 -0.836472 0.413966 -0.359092 0.000000 0.000000
rubbergloveCHROME.bmp
  6 -24.274688 -0.394500 1.509834 -0.836472 0.413966 -0.359092 0.000000 0.000000
  6 -24.145545 -0.232256 1.435679 -0.681302 0.482003 -0.550910 0.000000 0.000000
  6 -24.171441 -0.537303 1.416309 -0.640347 0.050707 -0.766410 0.000000 0.000000
rubbergloveCHROME.bmp
  31 27.240149 -0.095828 -2.603633 0.958512 0.228699 -0.170154 0.000000 0.000000
  31 27.196024 -0.002171 -2.573947 0.564281 0.821243 0.084533 0.000000 0.000000
  31 27.198185 -0.068060 -2.430232 0.678524 0.629032 0.379373 0.000000 0.000000
rubbergloveCHROME.bmp
  31 27.198185 -0.068060 -2.430232 0.678524 0.629032 0.379373 0.000000 0.000000
  31 27.196024 -0.002171 -2.573947 0.564281 0.821243 0.084533 0.000000 0.000000
  31 27.128675 -0.045760 -2.408526 0.746695 0.524791 0.408706 0.000000 0.000000
rubbergloveCHROME.bmp
  31 26.822603 0.190964 -2.862488 0.488268 0.705816 -0.513243 0.000000 0.000000
  31 26.923551 0.198003 -2.707698 0.595118 0.756185 -0.272065 0.000000 0.000000
  31 26.876446 0.156317 -2.861787 0.509960 0.655831 -0.556621 0.000000 0.000000
rubbergloveCHROME.bmp
  31 26.876446 0.156317 -2.861787 0.509960 0.655831 -0.556621 0.000000 0.000000
  31 26.923551 0.198003 -2.707698 0.595118 0.756185 -0.272065 0.000000 0.000000
  31 26.938120 0.171397 -2.716636 0.547494 0.802452 -0.237321 0.000000 0.000000
rubbergloveCHROME.bmp
  32 27.251657 -0.751811 -3.189052 0.006908 0.133825 -0.990981 0.000000 0.000000
  33 27.395897 -0.886105 -3.178237 0.069934 0.775175 -0.627864 0.000000 0.000000
  33 27.337941 -0.900611 -3.208744 -0.345660 0.813870 -0.467048 0.000000 0.000000
rubbergloveCHROME.bmp
  33 27.337941 -0.900611 -3.208744 -0.345660 0.813870 -0.467048 0.000000 0.000000
  33 27.395897 -0.886105 -3.178237 0.069934 0.775175 -0.627864 0.000000 0.000000
  33 27.420845 -0.857756 -3.252224 -0.183062 0.833690 -0.521008 0.000000 0.000000
rubbergloveCHROME.bmp
  32 26.888766 -0.273091 -3.139682 0.327493 0.038493 -0.944069 0.000000 0.000000
  32 27.017723 -0.381277 -3.172330 0.134942 0.262580 -0.955428 0.000000 0.000000
  32 26.901562 -0.476716 -3.131121 -0.182278 -0.023798 -0.982959 0.000000 0.000000
rubbergloveCHROME.bmp
  32 26.901562 -0.476716 -3.131121 -0.182278 -0.023798 -0.982959 0.000000 0.000000
  32 27.017723 -0.381277 -3.172330 0.134942 0.262580 -0.955428 0.000000 0.000000
  32 27.040113 -0.620255 -3.131240 -0.149945 -0.050875 -0.987385 0.000000 0.000000
rubbergloveCHROME.bmp
  29 28.123458 -0.698803 -1.910360 0.769674 0.596586 -0.227348 0.000000 0.000000
  29 28.041396 -0.575672 -1.727318 0.961211 0.273800 -0.033277 0.000000 0.000000
  29 28.134784 -0.708708 -1.740733 0.750268 0.661120 -0.004393 0.000000 0.000000
rubbergloveCHROME.bmp
  29 28.134784 -0.708708 -1.740733 0.750268 0.661120 -0.004393 0.000000 0.000000
  29 28.041396 -0.575672 -1.727318 0.961211 0.273800 -0.033277 0.000000 0.000000
  29 28.142862 -0.715646 -1.600780 0.794642 0.580459 0.177795 0.000000 0.000000
rubbergloveCHROME.bmp
  29 27.961016 -0.634508 -1.360471 0.767892 0.056340 0.638097 0.000000 0.000000
  29 27.888558 -0.717226 -1.320375 0.501570 0.194296 0.843016 0.000000 0.000000
  29 28.102673 -0.786788 -1.391201 0.574270 0.420286 0.702548 0.000000 0.000000
rubbergloveCHROME.bmp
  29 28.102673 -0.786788 -1.391201 0.574270 0.420286 0.702548 0.000000 0.000000
  29 27.888558 -0.717226 -1.320375 0.501570 0.194296 0.843016 0.000000 0.000000
  29 28.024220 -0.863585 -1.339748 0.480754 0.279744 0.831035 0.000000 0.000000
rubbergloveCHROME.bmp
  28 27.603650 0.208611 -1.803173 0.650421 0.471833 -0.595254 0.000000 0.000000
  28 27.595417 0.298314 -1.641663 0.736559 0.676285 -0.010946 0.000000 0.000000
  28 27.641537 0.023684 -1.653953 0.950950 0.299005 -0.079315 0.000000 0.000000
rubbergloveCHROME.bmp
  28 27.641537 0.023684 -1.653953 0.950950 0.299005 -0.079315 0.000000 0.000000
  28 27.595417 0.298314 -1.641663 0.736559 0.676285 -0.010946 0.000000 0.000000
  28 27.611301 0.229217 -1.518890 0.742696 0.507457 0.436909 0.000000 0.000000
rubbergloveCHROME.bmp
  31 26.550116 -0.408319 -2.138119 0.099251 -0.289734 0.951947 0.000000 0.000000
  31 26.386918 -0.249013 -2.128731 0.131199 -0.564937 0.814637 0.000000 0.000000
  31 26.251360 -0.396944 -2.166682 -0.172272 -0.584186 0.793126 0.000000 0.000000
rubbergloveCHROME.bmp
  31 26.251360 -0.396944 -2.166682 -0.172272 -0.584186 0.793126 0.000000 0.000000
  31 26.386918 -0.249013 -2.128731 0.131199 -0.564937 0.814637 0.000000 0.000000
  31 26.230703 -0.242537 -2.078185 0.270809 -0.940048 0.207298 0.000000 0.000000
rubbergloveCHROME.bmp
  3 26.628092 -0.412461 -1.199127 0.207573 -0.806679 0.553337 0.000000 0.000000
  3 26.698021 -0.342972 -1.077548 0.146394 -0.957185 -0.249732 0.000000 0.000000
  3 26.492991 -0.458228 -1.022059 0.195248 -0.931966 -0.305479 0.000000 0.000000
rubbergloveCHROME.bmp
  3 26.492991 -0.458228 -1.022059 0.195248 -0.931966 -0.305479 0.000000 0.000000
  3 26.698021 -0.342972 -1.077548 0.146394 -0.957185 -0.249732 0.000000 0.000000
  25 26.783612 -0.472849 -1.005155 -0.065471 -0.580137 -0.811883 0.000000 0.000000
rubbergloveCHROME.bmp
  32 27.276292 -0.569197 -2.339967 0.501830 0.215424 0.837710 0.000000 0.000000
  32 27.392391 -0.815898 -2.365653 0.457355 0.106881 0.882838 0.000000 0.000000
  32 27.455650 -0.740834 -2.450292 0.655658 0.287092 0.698349 0.000000 0.000000
rubbergloveCHROME.bmp
  32 27.455650 -0.740834 -2.450292 0.655658 0.287092 0.698349 0.000000 0.000000
  32 27.392391 -0.815898 -2.365653 0.457355 0.106881 0.882838 0.000000 0.000000
  33 27.570114 -0.942004 -2.466462 0.465802 0.371089 0.803319 0.000000 0.000000
rubbergloveCHROME.bmp
  25 28.253477 -0.476074 -0.589359 0.673233 0.718534 0.174547 0.000000 0.000000
  25 28.298390 -0.516398 -0.570469 0.981058 0.140840 0.133002 0.000000 0.000000
  25 28.253006 -0.488004 -0.719580 0.876778 0.471606 -0.094060 0.000000 0.000000
rubbergloveCHROME.bmp
  25 28.253006 -0.488004 -0.719580 0.876778 0.471606 -0.094060 0.000000 0.000000
  25 28.298390 -0.516398 -0.570469 0.981058 0.140840 0.133002 0.000000 0.000000
  25 28.256153 -0.544477 -0.720561 0.838480 0.540290 -0.070981 0.000000 0.000000
rubbergloveCHROME.bmp
  25 28.253477 -0.476074 -0.589359 0.673233 0.718534 0.174547 0.000000 0.000000
  25 28.193852 -0.422758 -0.587885 0.809260 0.546859 0.214576 0.000000 0.000000
  25 28.162856 -0.476836 -0.428465 0.612275 0.729758 0.304258 0.000000 0.000000
rubbergloveCHROME.bmp
  25 28.162856 -0.476836 -0.428465 0.612275 0.729758 0.304258 0.000000 0.000000
  25 28.193852 -0.422758 -0.587885 0.809260 0.546859 0.214576 0.000000 0.000000
  25 28.137446 -0.400538 -0.416932 0.865858 0.224687 0.446997 0.000000 0.000000
rubbergloveCHROME.bmp
  26 28.085996 -0.787166 -0.112883 0.146493 0.333667 0.931239 0.000000 0.000000
  25 28.074515 -0.749155 -0.122134 0.298503 0.006336 0.954388 0.000000 0.000000
  25 28.026966 -0.787044 -0.132314 0.144785 0.260815 0.954470 0.000000 0.000000
rubbergloveCHROME.bmp
  25 28.026966 -0.787044 -0.132314 0.144785 0.260815 0.954470 0.000000 0.000000
  25 28.074515 -0.749155 -0.122134 0.298503 0.006336 0.954388 0.000000 0.000000
  25 28.012350 -0.774219 -0.101951 0.296403 -0.053835 0.953544 0.000000 0.000000
rubbergloveCHROME.bmp
  25 27.708780 -0.052243 -1.047040 0.313153 0.320335 -0.894047 0.000000 0.000000
  25 27.506855 0.141650 -1.031820 0.313153 0.320335 -0.894047 0.000000 0.000000
  25 27.668606 0.196435 -0.812423 0.508225 0.661556 -0.551408 0.000000 0.000000
rubbergloveCHROME.bmp
  25 27.668606 0.196435 -0.812423 0.508225 0.661556 -0.551408 0.000000 0.000000
  25 27.506855 0.141650 -1.031820 0.313153 0.320335 -0.894047 0.000000 0.000000
  25 27.574544 0.360950 -0.798741 0.787023 0.448548 -0.423556 0.000000 0.000000
rubbergloveCHROME.bmp
  26 28.295538 -0.743789 -1.034356 0.718598 0.095623 -0.688820 0.000000 0.000000
  26 28.266118 -0.715881 -1.063607 0.528360 0.001340 -0.849019 0.000000 0.000000
  26 28.322337 -0.673436 -0.963418 0.897880 0.210427 -0.386694 0.000000 0.000000
rubbergloveCHROME.bmp
  26 28.322337 -0.673436 -0.963418 0.897880 0.210427 -0.386694 0.000000 0.000000
  26 28.266118 -0.715881 -1.063607 0.528360 0.001340 -0.849019 0.000000 0.000000
  25 28.215223 -0.625831 -1.061598 0.121083 0.626585 -0.769890 0.000000 0.000000
rubbergloveCHROME.bmp
  22 26.950409 0.051459 1.187899 0.045484 -0.129454 0.990542 0.000000 0.000000
  22 27.047816 -0.096883 1.133068 0.045484 -0.129454 0.990542 0.000000 0.000000
  22 27.276654 0.078901 1.027552 0.339758 0.251287 0.906322 0.000000 0.000000
rubbergloveCHROME.bmp
  22 27.276654 0.078901 1.027552 0.339758 0.251287 0.906322 0.000000 0.000000
  22 27.047816 -0.096883 1.133068 0.045484 -0.129454 0.990542 0.000000 0.000000
  22 27.329188 -0.059151 1.036599 0.231509 0.193760 0.953342 0.000000 0.000000
rubbergloveCHROME.bmp
  25 27.523407 0.119167 -0.092182 0.296171 0.131476 0.946043 0.000000 0.000000
  25 27.647458 0.157028 -0.242774 0.558996 0.460492 0.689544 0.000000 0.000000
  25 27.589197 0.303517 -0.299755 0.643281 0.500736 0.579183 0.000000 0.000000
rubbergloveCHROME.bmp
  25 27.589197 0.303517 -0.299755 0.643281 0.500736 0.579183 0.000000 0.000000
  25 27.647458 0.157028 -0.242774 0.558996 0.460492 0.689544 0.000000 0.000000
  25 27.688546 0.174355 -0.292889 0.643281 0.500736 0.579183 0.000000 0.000000
rubbergloveCHROME.bmp
  25 27.688546 0.174355 -0.292889 0.643281 0.500736 0.579183 0.000000 0.000000
  25 27.717184 0.162488 -0.333374 0.611775 0.546744 0.571666 0.000000 0.000000
  25 27.653045 0.287405 -0.390661 0.675353 0.626705 0.388768 0.000000 0.000000
rubbergloveCHROME.bmp
  25 27.653045 0.287405 -0.390661 0.675353 0.626705 0.388768 0.000000 0.000000
  25 27.717184 0.162488 -0.333374 0.611775 0.546744 0.571666 0.000000 0.000000
  25 27.829657 0.169641 -0.384352 0.429545 0.593128 0.680948 0.000000 0.000000
rubbergloveCHROME.bmp
  25 28.080818 -0.760279 -1.092565 0.133557 0.486168 -0.863599 0.000000 0.000000
  26 28.141717 -0.818366 -1.084131 0.326027 0.255662 -0.910134 0.000000 0.000000
  26 28.135573 -0.867040 -1.144902 0.254972 0.390041 -0.884792 0.000000 0.000000
rubbergloveCHROME.bmp
  26 28.135573 -0.867040 -1.144902 0.254972 0.390041 -0.884792 0.000000 0.000000
  26 28.141717 -0.818366 -1.084131 0.326027 0.255662 -0.910134 0.000000 0.000000
  26 28.198977 -0.831277 -1.054897 0.431708 0.249090 -0.866939 0.000000 0.000000
rubbergloveCHROME.bmp
  23 27.835602 -0.605740 0.231492 0.674160 0.230101 -0.701827 0.000000 0.000000
  23 27.904997 -0.576287 0.289083 0.598644 0.329787 -0.729977 0.000000 0.000000
  23 27.869897 -0.651428 0.260414 0.539338 0.616900 -0.573191 0.000000 0.000000
rubbergloveCHROME.bmp
  23 27.869897 -0.651428 0.260414 0.539338 0.616900 -0.573191 0.000000 0.000000
  23 27.904997 -0.576287 0.289083 0.598644 0.329787 -0.729977 0.000000 0.000000
  23 27.914602 -0.650927 0.246227 0.473526 0.442689 -0.761446 0.000000 0.000000
rubbergloveCHROME.bmp
  22 27.786206 -0.251578 0.497891 0.965355 0.179880 -0.189032 0.000000 0.000000
  22 27.779740 -0.153245 0.488466 0.904901 0.344878 -0.249428 0.000000 0.000000
  22 27.824527 -0.232534 0.521742 0.970964 0.083533 -0.224167 0.000000 0.000000
rubbergloveCHROME.bmp
  22 27.824527 -0.232534 0.521742 0.970964 0.083533 -0.224167 0.000000 0.000000
  22 27.779740 -0.153245 0.488466 0.904901 0.344878 -0.249428 0.000000 0.000000
  22 27.794848 -0.141151 0.530005 0.839660 0.439083 -0.319653 0.000000 0.000000
rubbergloveCHROME.bmp
  20 25.359689 -0.051082 2.051902 -0.246509 0.363805 0.898264 0.000000 0.000000
  20 25.239885 -0.335456 2.105550 -0.458190 0.019010 0.888651 0.000000 0.000000
  20 25.453938 -0.158157 2.130971 -0.096343 0.277084 0.956003 0.000000 0.000000
rubbergloveCHROME.bmp
  20 25.453938 -0.158157 2.130971 -0.096343 0.277084 0.956003 0.000000 0.000000
  20 25.239885 -0.335456 2.105550 -0.458190 0.019010 0.888651 0.000000 0.000000
  20 25.335793 -0.469576 2.087842 -0.257649 -0.149490 0.954604 0.000000 0.000000
rubbergloveCHROME.bmp
  20 25.884757 0.126730 1.555529 0.733568 0.669419 -0.117289 0.000000 0.000000
  20 25.651699 0.381763 1.507131 0.830174 0.556331 -0.036153 0.000000 0.000000
  20 25.734059 0.168083 1.753216 0.579151 0.671643 0.462040 0.000000 0.000000
rubbergloveCHROME.bmp
  20 25.925481 -0.052101 1.464638 0.695965 0.569175 -0.437803 0.000000 0.000000
  20 25.961111 0.022687 1.610711 0.721912 0.667954 -0.180777 0.000000 0.000000
  20 26.128228 -0.106387 1.607280 0.761455 0.639528 -0.105789 0.000000 0.000000
rubbergloveCHROME.bmp
  21 25.867182 -0.619975 2.168922 -0.139154 0.419297 0.897121 0.000000 0.000000
  21 25.723841 -0.427611 2.127093 0.031337 0.129106 0.991136 0.000000 0.000000
  21 25.636052 -0.804928 2.155823 -0.371600 0.149476 0.916281 0.000000 0.000000
rubbergloveCHROME.bmp
  21 26.114325 -0.220500 1.511928 0.732929 0.612715 -0.295628 0.000000 0.000000
  21 26.124542 -0.215663 1.446566 0.681295 0.482003 -0.550918 0.000000 0.000000
  20 25.945631 -0.119453 1.394941 0.642182 0.512267 -0.570249 0.000000 0.000000
rubbergloveCHROME.bmp
  20 25.362738 -0.159986 0.905460 0.190430 -0.528890 -0.827050 0.000000 0.000000
  20 25.218876 -0.044548 0.776704 0.111050 -0.961640 -0.250831 0.000000 0.000000
  20 25.392362 0.024439 0.860630 0.161323 -0.963965 -0.211534 0.000000 0.000000
rubbergloveCHROME.bmp
  21 26.592767 -0.935831 2.047835 0.999624 -0.019810 0.018951 0.000000 0.000000
  21 26.578726 -0.778573 1.922644 0.945116 0.300858 -0.127440 0.000000 0.000000
  21 26.494067 -0.730708 1.961911 0.878562 0.474458 0.054940 0.000000 0.000000
rubbergloveCHROME.bmp
  21 26.075696 -0.684294 1.352230 0.494801 -0.176398 -0.850915 0.000000 0.000000
  21 25.902650 -0.865286 1.342384 0.310578 -0.427724 -0.848878 0.000000 0.000000
  21 25.794965 -0.722903 1.247352 0.311576 -0.353185 -0.882146 0.000000 0.000000
rubbergloveCHROME.bmp
  20 25.693960 -0.235687 1.087286 0.601111 -0.028714 -0.798649 0.000000 0.000000
  20 25.542255 -0.402998 1.041544 0.231499 -0.256624 -0.938377 0.000000 0.000000
  20 25.458247 -0.280858 1.011138 0.232641 -0.322753 -0.917447 0.000000 0.000000
rubbergloveCHROME.bmp
  3 25.515689 0.189061 -0.823321 -0.729801 -0.653440 0.201014 0.000000 0.000000
  3 25.616916 0.176128 -0.541034 -0.783613 -0.617809 0.065285 0.000000 0.000000
  3 25.356995 0.411150 -0.526685 -0.663207 -0.736220 0.134674 0.000000 0.000000
rubbergloveCHROME.bmp
  3 25.793182 -0.164273 -0.247167 -0.821680 -0.568627 -0.038804 0.000000 0.000000
  3 25.621461 0.127271 -0.250875 -0.804264 -0.593994 0.018169 0.000000 0.000000
  3 25.790843 -0.143615 -0.537284 -0.783613 -0.617809 0.065285 0.000000 0.000000
rubbergloveCHROME.bmp
  22 26.914386 -0.848952 0.136680 -0.288383 -0.466071 -0.836429 0.000000 0.000000
  22 26.902453 -0.853094 0.175929 -0.423807 -0.578367 -0.697051 0.000000 0.000000
  22 26.603841 -0.566779 0.100070 -0.183682 -0.742675 -0.643967 0.000000 0.000000
rubbergloveCHROME.bmp
  3 25.754919 0.146738 1.032367 0.189307 -0.541324 0.819226 0.000000 0.000000
  3 25.671231 -0.001937 0.850455 0.176689 -0.964763 0.194969 0.000000 0.000000
  3 25.846442 0.004790 0.924320 -0.387250 -0.695560 0.605173 0.000000 0.000000
rubbergloveCHROME.bmp
  3 25.697542 0.220402 1.121145 0.160204 -0.433772 0.886666 0.000000 0.000000
  20 25.615858 0.243297 1.181489 0.988652 0.116056 0.095388 0.000000 0.000000
  20 25.598175 0.138525 1.026537 0.813374 -0.536334 0.225320 0.000000 0.000000
rubbergloveCHROME.bmp
  20 25.138066 -0.576271 1.192565 -0.535550 -0.610546 -0.583455 0.000000 0.000000
  20 24.995460 -0.509437 1.466968 -0.764130 -0.621060 -0.174324 0.000000 0.000000
  20 25.044850 -0.462893 1.218182 -0.546833 -0.683906 -0.482956 0.000000 0.000000
rubbergloveCHROME.bmp
  20 24.704313 -0.170569 1.468545 -0.625019 -0.777946 0.064429 0.000000 0.000000
  20 24.710390 -0.184645 1.303122 -0.646987 -0.762416 0.011371 0.000000 0.000000
  20 24.911822 -0.404473 1.517833 -0.889621 -0.452383 -0.062641 0.000000 0.000000
rubbergloveCHROME.bmp
  20 24.992301 -0.536202 1.562224 -0.783665 -0.618485 -0.057843 0.000000 0.000000
  20 24.995460 -0.509437 1.466968 -0.764130 -0.621060 -0.174324 0.000000 0.000000
  20 25.094085 -0.695177 1.629060 -0.832536 -0.547838 -0.082200 0.000000 0.000000
rubbergloveCHROME.bmp
  19 24.125890 0.057547 1.040062 -0.642994 -0.755892 0.123232 0.000000 0.000000
  19 24.207074 0.212413 1.266834 -0.753717 -0.582360 0.304578 0.000000 0.000000
  19 23.997749 0.382732 1.101988 -0.784448 -0.511128 0.351268 0.000000 0.000000
rubbergloveCHROME.bmp
  19 23.945046 0.253601 0.857146 -0.778181 -0.611194 0.144485 0.000000 0.000000
  19 23.694016 0.569497 0.645737 -0.802269 -0.589525 0.093942 0.000000 0.000000
  19 24.091008 0.189505 0.614068 -0.576995 -0.787591 -0.216281 0.000000 0.000000
rubbergloveCHROME.bmp
  20 24.660754 -0.145403 1.081545 -0.373040 -0.908343 -0.189088 0.000000 0.000000
  19 24.449474 -0.083833 0.989020 -0.275310 -0.957792 -0.082703 0.000000 0.000000
  19 24.818509 -0.056427 0.707663 -0.097770 -0.963903 -0.247654 0.000000 0.000000
rubbergloveCHROME.bmp
  19 24.064606 0.452280 0.022501 -0.422702 -0.826323 -0.372174 0.000000 0.000000
  19 24.428976 0.158015 0.277339 -0.365263 -0.855022 -0.368130 0.000000 0.000000
  19 24.091008 0.189505 0.614068 -0.576995 -0.787591 -0.216281 0.000000 0.000000
rubbergloveCHROME.bmp
  19 24.304103 0.490870 -0.198071 -0.216360 -0.799373 -0.560528 0.000000 0.000000
  19 24.693306 0.178948 0.065228 -0.090170 -0.837038 -0.539664 0.000000 0.000000
  19 24.428976 0.158015 0.277339 -0.365263 -0.855022 -0.368130 0.000000 0.000000
rubbergloveCHROME.bmp
  17 -25.070946 -0.814756 -3.167306 0.311643 -0.106730 -0.944186 0.000000 0.000000
  17 -25.167180 -0.781095 -3.152959 0.216566 0.049380 -0.975018 0.000000 0.000000
  17 -25.037758 -0.618303 -3.140757 0.149947 -0.050872 -0.987384 0.000000 0.000000
rubbergloveCHROME.bmp
  17 -24.925566 -0.921056 -3.037056 0.702370 -0.458456 -0.544513 0.000000 0.000000
  17 -24.839731 -0.757992 -3.025118 0.564073 -0.395433 -0.724883 0.000000 0.000000
  17 -24.810651 -0.796581 -2.941659 0.662698 -0.563144 -0.493659 0.000000 0.000000
rubbergloveCHROME.bmp
  16 -24.074721 -0.345587 -2.752813 0.416413 -0.679414 -0.604150 0.000000 0.000000
  16 -24.317146 -0.468183 -2.753520 0.416413 -0.679414 -0.604150 0.000000 0.000000
  16 -24.342068 -0.384973 -2.837514 0.348259 -0.532992 -0.771126 0.000000 0.000000
rubbergloveCHROME.bmp
  16 -24.628204 -0.215338 -3.021499 0.371492 -0.126243 -0.919813 0.000000 0.000000
  16 -24.672592 -0.242360 -3.058909 0.565048 0.149589 -0.811384 0.000000 0.000000
  16 -24.673103 -0.109752 -3.105972 0.178872 -0.198008 -0.963742 0.000000 0.000000
rubbergloveCHROME.bmp
  16 -24.240720 0.224117 -3.036858 0.032365 -0.115047 -0.992833 0.000000 0.000000
  16 -24.438742 0.127880 -3.031771 0.032365 -0.115047 -0.992833 0.000000 0.000000
  16 -24.404443 0.427659 -2.984272 -0.138480 0.222748 -0.964990 0.000000 0.000000
rubbergloveCHROME.bmp
  13 -24.972291 0.111909 -2.026799 -0.001999 0.111167 -0.993800 0.000000 0.000000
  13 -25.133688 0.180357 -2.088165 -0.130043 0.245148 -0.960724 0.000000 0.000000
  1 -24.915674 0.410289 -2.042834 -0.313844 0.190310 -0.930206 0.000000 0.000000
rubbergloveCHROME.bmp
  16 -24.918809 -0.083741 -2.290588 -0.051982 0.498207 0.865498 0.000000 0.000000
  16 -24.783653 -0.016599 -2.285606 -0.370695 0.353770 0.858739 0.000000 0.000000
  16 -24.958593 0.040825 -2.328012 -0.017692 0.459756 0.887869 0.000000 0.000000
rubbergloveCHROME.bmp
  16 -24.942640 0.015877 -2.906305 -0.542383 0.554973 -0.630735 0.000000 0.000000
  16 -24.982718 -0.021173 -2.965644 -0.388331 0.767907 -0.509429 0.000000 0.000000
  16 -25.068695 0.026975 -2.767427 -0.626332 0.681435 -0.378621 0.000000 0.000000
rubbergloveCHROME.bmp
  18 -25.641763 -0.861809 -2.552154 -0.295806 0.570212 0.766392 0.000000 0.000000
  18 -25.551851 -0.911791 -2.508362 -0.530557 0.466447 0.707769 0.000000 0.000000
  17 -25.441732 -0.742364 -2.478629 -0.655649 0.287092 0.698357 0.000000 0.000000
rubbergloveCHROME.bmp
  18 -25.502835 -0.808815 -3.178804 -0.278811 0.799592 -0.531899 0.000000 0.000000
  18 -25.468433 -0.829539 -3.142929 0.050212 0.943634 -0.327161 0.000000 0.000000
  18 -25.427861 -0.850578 -3.252525 0.183057 0.833684 -0.521019 0.000000 0.000000
rubbergloveCHROME.bmp
  16 -24.370599 -0.630132 -2.452829 0.219039 -0.975259 0.029851 0.000000 0.000000
  16 -24.407475 -0.550486 -2.204642 0.077459 -0.767876 0.635898 0.000000 0.000000
  16 -24.473403 -0.615138 -2.475333 0.376587 -0.905016 0.197807 0.000000 0.000000
rubbergloveCHROME.bmp
  17 -24.758956 -0.868162 -2.838201 0.659852 -0.638312 -0.396426 0.000000 0.000000
  17 -24.810651 -0.796581 -2.941659 0.662698 -0.563144 -0.493659 0.000000 0.000000
  17 -24.617506 -0.654248 -2.865264 0.604867 -0.487655 -0.629547 0.000000 0.000000
rubbergloveCHROME.bmp
  1 -23.688246 -0.027248 -2.740030 0.494279 -0.559510 -0.665310 0.000000 0.000000
  1 -23.700044 -0.104253 -2.679773 0.455660 -0.703958 -0.544809 0.000000 0.000000
  16 -23.840469 -0.190421 -2.768608 0.554079 -0.602575 -0.574369 0.000000 0.000000
rubbergloveCHROME.bmp
  16 -24.317146 -0.468183 -2.753520 0.416413 -0.679414 -0.604150 0.000000 0.000000
  16 -24.074721 -0.345587 -2.752813 0.416413 -0.679414 -0.604150 0.000000 0.000000
  16 -24.072124 -0.408990 -2.691385 0.316278 -0.620931 -0.717226 0.000000 0.000000
rubbergloveCHROME.bmp
  1 -23.396320 -0.042840 -2.636415 0.416475 -0.755739 -0.505378 0.000000 0.000000
  1 -23.021750 0.289642 -2.594554 0.680429 -0.585016 -0.441330 0.000000 0.000000
  1 -23.074305 0.201822 -2.413376 0.690285 -0.721894 -0.048738 0.000000 0.000000
rubbergloveCHROME.bmp
  1 -23.074305 0.201822 -2.413376 0.690285 -0.721894 -0.048738 0.000000 0.000000
  1 -22.965713 0.306881 -2.365725 0.674647 -0.733214 -0.085141 0.000000 0.000000
  1 -23.079617 0.216951 -2.063172 0.640777 -0.751525 0.156893 0.000000 0.000000
rubbergloveCHROME.bmp
  1 -24.084622 -0.505253 -1.641168 0.289789 -0.950621 -0.111094 0.000000 0.000000
  1 -24.345603 -0.527652 -1.815488 0.269562 -0.876371 -0.399136 0.000000 0.000000
  1 -24.156173 -0.443287 -1.889645 0.060218 -0.770450 -0.634650 0.000000 0.000000
rubbergloveCHROME.bmp
  1 -24.346029 -0.575580 -0.695219 0.289789 -0.950621 -0.111094 0.000000 0.000000
  1 -24.317363 -0.493133 -0.975898 0.195052 -0.968625 -0.154014 0.000000 0.000000
  1 -24.039410 -0.415427 -0.871956 0.502474 -0.864363 -0.019908 0.000000 0.000000
rubbergloveCHROME.bmp
  1 -24.420861 -0.485363 -1.193678 -0.281613 -0.890354 0.357720 0.000000 0.000000
  1 -24.477354 -0.544926 -1.292474 0.238739 -0.767853 0.594480 0.000000 0.000000
  1 -24.266034 -0.511608 -1.157072 -0.013320 -0.969020 0.246621 0.000000 0.000000
rubbergloveCHROME.bmp
  1 -24.424031 -0.597242 -0.293415 0.084399 -0.982198 0.167820 0.000000 0.000000
  10 -24.635702 -0.640885 -0.366419 0.213174 -0.887120 0.409360 0.000000 0.000000
  1 -24.346029 -0.575580 -0.695219 0.289789 -0.950621 -0.111094 0.000000 0.000000
rubbergloveCHROME.bmp
  10 -24.635702 -0.640885 -0.366419 0.213174 -0.887120 0.409360 0.000000 0.000000
  10 -24.834287 -0.777968 -0.400655 0.431750 -0.538505 0.723605 0.000000 0.000000
  10 -24.813247 -0.824021 -0.671277 0.649984 -0.757651 -0.059041 0.000000 0.000000
rubbergloveCHROME.bmp
  10 -24.842380 -0.741202 -0.860201 0.487246 -0.595705 -0.638535 0.000000 0.000000
  10 -25.003088 -0.601810 -1.029443 0.377927 -0.265522 -0.886944 0.000000 0.000000
  10 -24.803716 -0.450608 -0.994962 0.065472 -0.580143 -0.811879 0.000000 0.000000
rubbergloveCHROME.bmp
  13 -25.110577 -0.874354 -1.250936 0.130794 -0.356738 0.925003 0.000000 0.000000
  13 -24.830939 -0.655952 -1.249040 0.158741 -0.138487 0.977560 0.000000 0.000000
  13 -25.237929 -0.733254 -1.200219 0.100123 -0.187712 0.977108 0.000000 0.000000
rubbergloveCHROME.bmp
  10 -25.161240 0.102706 -1.119135 -0.715234 -0.174297 -0.676802 0.000000 0.000000
  10 -25.200177 0.040979 -1.110549 -0.175959 0.152802 -0.972466 0.000000 0.000000
  1 -25.219155 0.329160 -1.035949 -0.491831 -0.077686 -0.867218 0.000000 0.000000
rubbergloveCHROME.bmp
  10 -25.867928 -0.623597 -1.078191 -0.220786 0.228799 -0.948106 0.000000 0.000000
  10 -25.786908 -0.443670 -1.094382 -0.220786 0.228799 -0.948106 0.000000 0.000000
  10 -25.625229 -0.473080 -1.143321 -0.220786 0.228799 -0.948106 0.000000 0.000000
rubbergloveCHROME.bmp
  11 -26.455891 -0.814363 -0.757032 -0.634910 0.772545 0.007997 0.000000 0.000000
  11 -26.347849 -0.753833 -0.764969 -0.931694 0.363009 -0.013078 0.000000 0.000000
  11 -26.426157 -0.839455 -0.997212 -0.556965 0.599464 -0.574832 0.000000 0.000000
rubbergloveCHROME.bmp
  11 -26.295645 -0.743903 -1.024346 -0.718588 0.095611 -0.688832 0.000000 0.000000
  11 -26.234110 -0.823076 -1.055088 -0.431709 0.249082 -0.866940 0.000000 0.000000
  11 -26.350197 -0.918555 -1.057819 -0.396251 0.388629 -0.831837 0.000000 0.000000
rubbergloveCHROME.bmp
  11 -26.193801 -0.860596 -0.175164 -0.712069 -0.057177 0.699777 0.000000 0.000000
  11 -26.192082 -0.804062 -0.174195 -0.819854 -0.230091 0.524307 0.000000 0.000000
  11 -26.288274 -0.782867 -0.414815 -0.911117 0.102890 0.399099 0.000000 0.000000
rubbergloveCHROME.bmp
  10 -25.855703 -0.379130 -0.103775 -0.304868 0.230933 0.923973 0.000000 0.000000
  10 -25.984555 -0.305073 -0.283810 -0.674632 0.303870 0.672707 0.000000 0.000000
  10 -26.111856 -0.540452 -0.188986 -0.576974 0.620854 0.530698 0.000000 0.000000
rubbergloveCHROME.bmp
  10 -26.110616 -0.347209 -0.715821 -0.932794 0.281256 -0.225369 0.000000 0.000000
  10 -25.997560 -0.245053 -0.843031 -0.753745 0.325960 -0.570630 0.000000 0.000000
  10 -26.113594 -0.428888 -0.897258 -0.678692 0.625553 -0.384787 0.000000 0.000000
rubbergloveCHROME.bmp
  10 -25.861111 0.050938 -0.786719 -0.596907 0.634467 -0.491073 0.000000 0.000000
  10 -25.938887 -0.072348 -0.779545 -0.722361 0.451384 -0.523877 0.000000 0.000000
  10 -25.967486 0.062400 -0.697539 -0.809088 0.444436 -0.384516 0.000000 0.000000
rubbergloveCHROME.bmp
  10 -25.912731 -0.128547 -0.890259 -0.622717 0.348890 -0.700356 0.000000 0.000000
  10 -25.801566 -0.188976 -1.030226 -0.364239 0.265695 -0.892601 0.000000 0.000000
  10 -25.908864 -0.338415 -1.053784 -0.403654 0.353673 -0.843788 0.000000 0.000000
rubbergloveCHROME.bmp
  7 -25.493042 0.174170 0.461337 -0.755912 0.627140 -0.187862 0.000000 0.000000
  7 -25.400028 0.193847 0.284811 -0.592497 0.386857 -0.706604 0.000000 0.000000
  7 -25.624989 -0.038221 0.234445 -0.600257 0.490757 -0.631545 0.000000 0.000000
rubbergloveCHROME.bmp
  7 -25.587353 -0.028315 0.957830 -0.394976 0.302077 0.867608 0.000000 0.000000
  7 -25.456531 0.124793 0.936761 -0.322344 0.511154 0.796754 0.000000 0.000000
  7 -25.668287 0.104771 0.805390 -0.731257 0.523272 0.437550 0.000000 0.000000
rubbergloveCHROME.bmp
  7 -25.650833 -0.254081 0.935471 -0.611909 0.101750 0.784356 0.000000 0.000000
  7 -25.750578 -0.311424 0.862926 -0.818371 0.381964 0.429386 0.000000 0.000000
  7 -25.615913 -0.277029 0.942815 -0.691954 0.144774 0.707277 0.000000 0.000000
rubbergloveCHROME.bmp
  8 -25.892542 -0.658153 0.253982 -0.539332 0.616943 -0.573152 0.000000 0.000000
  8 -25.923816 -0.672462 0.239243 -0.473530 0.442682 -0.761447 0.000000 0.000000
  8 -25.948359 -0.574870 0.284779 -0.598646 0.329783 -0.729977 0.000000 0.000000
rubbergloveCHROME.bmp
  8 -25.792645 -0.866893 1.038487 -0.485509 0.066577 0.871693 0.000000 0.000000
  8 -25.916661 -0.800063 0.938219 -0.835968 0.239663 0.493679 0.000000 0.000000
  8 -26.010951 -0.941292 0.983648 -0.614762 0.629603 0.475045 0.000000 0.000000
rubbergloveCHROME.bmp
  8 -25.755188 -0.862369 1.103882 -0.090285 -0.403975 0.910304 0.000000 0.000000
  8 -25.635669 -0.769589 1.160513 0.204022 0.119611 0.971632 0.000000 0.000000
  8 -25.803187 -0.770040 1.082171 -0.674899 0.082061 0.733333 0.000000 0.000000
rubbergloveCHROME.bmp
  7 -25.763643 -0.442614 0.896368 -0.550925 0.742820 0.380394 0.000000 0.000000
  7 -25.803182 -0.489903 0.895755 -0.767947 0.467310 0.438041 0.000000 0.000000
  7 -25.712450 -0.561179 1.031355 -0.681057 0.280257 0.676474 0.000000 0.000000
rubbergloveCHROME.bmp
  14 -26.123472 -0.698754 -1.910350 -0.769674 0.596587 -0.227345 0.000000 0.000000
  14 -26.020744 -0.542759 -1.913837 -0.925988 0.225866 -0.302539 0.000000 0.000000
  14 -26.001537 -0.720953 -2.121629 -0.544323 0.379066 -0.748346 0.000000 0.000000
rubbergloveCHROME.bmp
  14 -25.877684 -0.404510 -2.096651 -0.277127 0.786890 -0.551366 0.000000 0.000000
  14 -25.784075 -0.467459 -2.183684 0.002357 0.240734 -0.970588 0.000000 0.000000
  14 -25.880224 -0.533110 -2.160334 -0.368022 0.034999 -0.929158 0.000000 0.000000
rubbergloveCHROME.bmp
  13 -25.831084 -0.234153 -1.852112 -0.431139 0.899353 -0.072689 0.000000 0.000000
  13 -25.904236 -0.288354 -1.855428 -0.901249 0.354914 -0.248570 0.000000 0.000000
  13 -25.923270 -0.292099 -1.675919 -0.929976 0.364321 -0.049152 0.000000 0.000000
rubbergloveCHROME.bmp
  13 -25.651840 -0.300244 -2.162601 -0.065856 0.515623 -0.854281 0.000000 0.000000
  13 -25.718920 -0.417029 -2.181620 -0.165812 -0.002223 -0.986155 0.000000 0.000000
  13 -25.824487 -0.310205 -2.081399 -0.728378 0.245160 -0.639814 0.000000 0.000000
rubbergloveCHROME.bmp
  13 -25.869362 -0.459668 -1.241967 -0.566898 -0.157422 0.808607 0.000000 0.000000
  13 -25.793032 -0.525277 -1.250283 -0.394448 -0.123930 0.910523 0.000000 0.000000
  13 -25.732850 -0.469481 -1.258335 0.042897 0.167649 0.984913 0.000000 0.000000
rubbergloveCHROME.bmp
  13 -24.709028 -0.530312 -1.951003 0.440914 -0.318059 -0.839305 0.000000 0.000000
  13 -24.976098 -0.805361 -2.027954 0.496273 -0.400011 -0.770522 0.000000 0.000000
  13 -25.048402 -0.722528 -2.118567 0.404441 -0.190770 -0.894447 0.000000 0.000000
rubbergloveCHROME.bmp
  13 -24.972291 0.111909 -2.026799 -0.001999 0.111167 -0.993800 0.000000 0.000000
  1 -24.808870 0.316861 -2.015191 -0.207332 -0.095168 -0.973631 0.000000 0.000000
  1 -24.741276 0.112870 -2.086735 -0.198395 0.037420 -0.979408 0.000000 0.000000
rubbergloveCHROME.bmp
  13 -25.765355 -0.227469 -1.662283 -0.772635 0.627847 0.094044 0.000000 0.000000
  13 -25.748486 -0.225703 -1.822009 -0.637797 0.767778 -0.061092 0.000000 0.000000
  13 -25.858453 -0.245613 -1.664177 -0.312586 0.945380 0.092450 0.000000 0.000000
rubbergloveCHROME.bmp
  13 -25.310133 0.317743 -1.436634 -0.748551 0.611097 0.257356 0.000000 0.000000
  13 -25.494410 0.187784 -1.429359 -0.530860 0.531855 0.659786 0.000000 0.000000
  13 -25.486224 0.168174 -1.379878 -0.625326 0.546332 0.557215 0.000000 0.000000
rubbergloveCHROME.bmp
  13 -25.413949 0.139799 -1.334368 -0.525172 0.417808 0.741371 0.000000 0.000000
  13 -25.302125 0.325262 -1.374350 -0.775070 0.427491 0.465315 0.000000 0.000000
  13 -25.486224 0.168174 -1.379878 -0.625326 0.546332 0.557215 0.000000 0.000000
rubbergloveCHROME.bmp
  7 -24.958550 -0.136866 1.073688 0.170969 -0.415835 0.893225 0.000000 0.000000
  7 -24.848511 0.009524 1.116830 0.268655 -0.280350 0.921536 0.000000 0.000000
  7 -24.933529 0.027087 1.167461 -0.045475 -0.129453 0.990542 0.000000 0.000000
rubbergloveCHROME.bmp
  7 -25.240808 0.216386 1.000592 -0.514936 0.346489 0.784083 0.000000 0.000000
  7 -25.290859 0.214523 0.946820 -0.505253 0.548134 0.666534 0.000000 0.000000
  7 -25.316983 0.098474 0.980734 -0.473593 0.406123 0.781520 0.000000 0.000000
rubbergloveCHROME.bmp
  13 -25.555191 -0.292400 -2.131021 0.067735 0.201174 -0.977211 0.000000 0.000000
  13 -25.454005 -0.362187 -2.106707 0.093668 0.126386 -0.987549 0.000000 0.000000
  14 -25.546257 -0.486763 -2.149478 0.191972 0.150899 -0.969730 0.000000 0.000000
rubbergloveCHROME.bmp
  1 -24.473297 -0.290991 -2.012683 0.016901 -0.422475 -0.906217 0.000000 0.000000
  1 -24.741276 0.112870 -2.086735 -0.198395 0.037420 -0.979408 0.000000 0.000000
  16 -24.727367 0.103747 -2.142606 -0.384060 -0.171914 -0.907162 0.000000 0.000000
rubbergloveCHROME.bmp
  13 -25.581374 0.297757 -1.640175 -0.736559 0.676285 -0.010946 0.000000 0.000000
  13 -25.609376 0.216980 -1.813066 -0.650420 0.471837 -0.595251 0.000000 0.000000
  13 -25.634294 0.030459 -1.652476 -0.950951 0.299002 -0.079313 0.000000 0.000000
rubbergloveCHROME.bmp
  7 -25.305872 0.093097 0.189502 -0.573603 0.331271 -0.749159 0.000000 0.000000
  1 -25.247784 0.255219 0.184957 -0.868069 -0.060677 -0.492722 0.000000 0.000000
  1 -25.236006 0.161942 0.084655 -0.981707 -0.044464 -0.185134 0.000000 0.000000
rubbergloveCHROME.bmp
  7 -25.340700 -0.897705 0.077703 0.240967 -0.417147 -0.876312 0.000000 0.000000
  7 -25.390612 -0.818711 -0.023632 -0.026301 -0.141364 -0.989608 0.000000 0.000000
  7 -25.132873 -0.689971 0.010962 0.159966 -0.386370 -0.908366 0.000000 0.000000
rubbergloveCHROME.bmp
  8 -25.873598 -0.612585 0.217041 -0.674176 0.230135 -0.701801 0.000000 0.000000
  7 -25.765147 -0.555469 0.237762 -0.474760 0.408461 -0.779592 0.000000 0.000000
  7 -25.778229 -0.577231 0.150267 -0.617033 0.528326 -0.583217 0.000000 0.000000
rubbergloveCHROME.bmp
  7 -24.941435 -0.430573 -0.047893 -0.363965 -0.377579 -0.851448 0.000000 0.000000
  10 -24.896758 -0.460346 -0.135865 -0.490842 -0.866599 -0.089896 0.000000 0.000000
  7 -24.766764 -0.504887 -0.034951 -0.117636 -0.911817 -0.393384 0.000000 0.000000
rubbergloveCHROME.bmp
  7 -25.419603 -0.773098 1.100859 -0.107001 -0.057765 0.992579 0.000000 0.000000
  8 -25.246188 -0.950256 0.991208 0.458050 -0.285610 0.841794 0.000000 0.000000
  7 -25.072615 -0.721300 0.988094 0.383117 -0.270088 0.883331 0.000000 0.000000
rubbergloveCHROME.bmp
  7 -24.993702 -0.272107 1.049721 -0.053732 -0.065556 0.996401 0.000000 0.000000
  7 -24.825318 -0.506705 0.945747 0.350708 -0.359520 0.864725 0.000000 0.000000
  7 -24.590203 -0.266445 1.014273 0.287165 -0.413852 0.863865 0.000000 0.000000
rubbergloveCHROME.bmp
  1 -24.299832 0.061812 1.074328 0.159176 -0.379614 0.911348 0.000000 0.000000
  1 -24.356784 -0.168029 0.915491 0.137833 -0.454653 0.879939 0.000000 0.000000
  1 -24.162618 0.022596 1.001291 0.108569 -0.297372 0.948569 0.000000 0.000000
rubbergloveCHROME.bmp
  7 -24.752352 -0.091702 1.092201 0.032191 -0.161110 0.986411 0.000000 0.000000
  7 -24.848511 0.009524 1.116830 0.268655 -0.280350 0.921536 0.000000 0.000000
  7 -24.958550 -0.136866 1.073688 0.170969 -0.415835 0.893225 0.000000 0.000000
rubbergloveCHROME.bmp
  7 -24.993702 -0.272107 1.049721 -0.053732 -0.065556 0.996401 0.000000 0.000000
  7 -25.076895 -0.263353 1.009693 0.152622 -0.220331 0.963411 0.000000 0.000000
  7 -25.246037 -0.397418 1.054612 0.291290 -0.144421 0.945671 0.000000 0.000000
rubbergloveCHROME.bmp
  1 -24.204891 0.182079 1.092275 0.141015 -0.175108 0.974398 0.000000 0.000000
  1 -24.283387 0.351386 1.114038 0.011898 -0.034203 0.999344 0.000000 0.000000
  1 -24.436917 0.207334 1.097373 -0.005496 -0.154983 0.987902 0.000000 0.000000
rubbergloveCHROME.bmp
  1 -23.949209 -0.363727 0.466398 0.640777 -0.751525 0.156893 0.000000 0.000000
  1 -24.216274 -0.562922 0.322181 0.373417 -0.927616 0.009417 0.000000 0.000000
  1 -24.335195 -0.582255 0.144744 0.253356 -0.962915 -0.092762 0.000000 0.000000
rubbergloveCHROME.bmp
  1 -23.785499 -0.136083 0.002742 0.864272 -0.498809 -0.064992 0.000000 0.000000
  1 -23.798804 -0.142526 -0.257030 0.821680 -0.568626 -0.038808 0.000000 0.000000
  1 -23.711808 -0.007106 -0.008851 0.850619 -0.524423 -0.037800 0.000000 0.000000
rubbergloveCHROME.bmp
  1 -23.364163 0.404691 -0.506513 0.660360 -0.740382 0.125538 0.000000 0.000000
  1 -23.603712 0.160967 -0.531314 0.794822 -0.605803 0.035503 0.000000 0.000000
  1 -23.493782 0.194496 -0.813787 0.734419 -0.653441 0.183423 0.000000 0.000000
rubbergloveCHROME.bmp
  5 -23.388804 0.003959 0.831155 -0.161322 -0.963965 -0.211534 0.000000 0.000000
  5 -23.487435 -0.029060 0.862488 -0.546646 -0.120903 -0.828590 0.000000 0.000000
  5 -23.596932 0.122424 1.028510 -0.813441 -0.536252 0.225271 0.000000 0.000000
rubbergloveCHROME.bmp
  5 -23.902467 0.121366 1.568832 -0.733566 0.669422 -0.117284 0.000000 0.000000
  5 -23.764867 0.134490 1.734946 -0.579153 0.671643 0.462035 0.000000 0.000000
  5 -23.647971 0.369123 1.507608 -0.830173 0.556332 -0.036150 0.000000 0.000000
rubbergloveCHROME.bmp
  6 -23.684057 -0.602434 1.119299 -0.371880 -0.322154 -0.870587 0.000000 0.000000
  6 -23.805672 -0.722441 1.240987 -0.311578 -0.353186 -0.882144 0.000000 0.000000
  6 -23.905780 -0.539391 1.254073 -0.480052 -0.042736 -0.876199 0.000000 0.000000
rubbergloveCHROME.bmp
  1 -23.741052 0.145682 1.022071 -0.189318 -0.541325 0.819223 0.000000 0.000000
  1 -23.833014 0.003738 0.894028 0.387253 -0.695559 0.605172 0.000000 0.000000
  1 -23.671021 -0.001895 0.860464 -0.176696 -0.964763 0.194965 0.000000 0.000000
rubbergloveCHROME.bmp
  5 -23.618129 0.234268 1.159436 -0.988650 0.116095 0.095356 0.000000 0.000000
  1 -23.688623 0.255151 1.080958 -0.160220 -0.433775 0.886662 0.000000 0.000000
  5 -23.596932 0.122424 1.028510 -0.813441 -0.536252 0.225271 0.000000 0.000000
rubbergloveCHROME.bmp
  4 -22.399234 0.146120 0.268811 0.340347 -0.854814 -0.391735 0.000000 0.000000
  4 -22.708508 0.196701 0.081217 0.090170 -0.837038 -0.539664 0.000000 0.000000
  4 -22.294405 0.465525 -0.210763 0.216360 -0.799373 -0.560528 0.000000 0.000000
rubbergloveCHROME.bmp
  4 -22.826110 -0.047527 0.715663 0.097770 -0.963903 -0.247654 0.000000 0.000000
  4 -22.450734 -0.097585 1.015641 0.275309 -0.957792 -0.082705 0.000000 0.000000
  5 -22.625309 -0.136420 1.047185 0.373036 -0.908345 -0.189087 0.000000 0.000000
rubbergloveCHROME.bmp
  5 -23.131386 -0.584071 1.194139 0.535547 -0.610548 -0.583456 0.000000 0.000000
  5 -23.023579 -0.492000 1.193281 0.546829 -0.683908 -0.482957 0.000000 0.000000
  5 -23.003179 -0.534874 1.486787 0.764129 -0.621062 -0.174324 0.000000 0.000000
rubbergloveCHROME.bmp
  4 -22.097229 0.178396 0.608003 0.576996 -0.787590 -0.216281 0.000000 0.000000
  4 -22.399234 0.146120 0.268811 0.340347 -0.854814 -0.391735 0.000000 0.000000
  4 -22.072922 0.457705 0.021151 0.422702 -0.826323 -0.372174 0.000000 0.000000
rubbergloveCHROME.bmp
  5 -22.975564 -0.546937 1.564194 0.783665 -0.618486 -0.057838 0.000000 0.000000
  5 -23.116754 -0.694974 1.621206 0.832534 -0.547842 -0.082193 0.000000 0.000000
  5 -23.003179 -0.534874 1.486787 0.764129 -0.621062 -0.174324 0.000000 0.000000
rubbergloveCHROME.bmp
  4 -22.198757 0.207075 1.268207 0.753716 -0.582361 0.304579 0.000000 0.000000
  4 -22.146651 0.040669 1.026559 0.642993 -0.755892 0.123233 0.000000 0.000000
  4 -21.994219 0.373186 1.115985 0.784447 -0.511128 0.351270 0.000000 0.000000
rubbergloveCHROME.bmp
  5 -22.709724 -0.179203 1.467238 0.625015 -0.777949 0.064429 0.000000 0.000000
  5 -22.935823 -0.418887 1.533800 0.889620 -0.452384 -0.062643 0.000000 0.000000
  5 -22.706732 -0.192750 1.321953 0.646982 -0.762420 0.011370 0.000000 0.000000
rubbergloveCHROME.bmp
  4 -21.677380 0.558776 0.648472 0.802269 -0.589525 0.093942 0.000000 0.000000
  4 -21.933319 0.272476 0.859960 0.778181 -0.611194 0.144484 0.000000 0.000000
  4 -22.097229 0.178396 0.608003 0.576996 -0.787590 -0.216281 0.000000 0.000000
rubbergloveCHROME.bmp
  6 -24.062837 -0.264739 1.903765 -0.567261 0.614355 0.548437 0.000000 0.000000
  6 -24.166376 -0.405904 1.978277 -0.502481 0.675720 0.539365 0.000000 0.000000
  6 -23.886766 -0.329145 2.042512 -0.311039 0.442763 0.840961 0.000000 0.000000
rubbergloveCHROME.bmp
  6 -23.334214 -0.796197 2.035522 0.574395 -0.200830 0.793560 0.000000 0.000000
  5 -23.209373 -0.654880 1.978297 0.588043 -0.270514 0.762252 0.000000 0.000000
  6 -23.480669 -0.633689 2.103654 0.307758 -0.055075 0.949869 0.000000 0.000000
rubbergloveCHROME.bmp
  6 -24.504974 -0.748583 1.957711 -0.878560 0.474462 0.054939 0.000000 0.000000
  6 -24.561437 -0.788547 1.924324 -0.945114 0.300864 -0.127441 0.000000 0.000000
  6 -24.584211 -0.943119 2.040035 -0.999624 -0.019806 0.018948 0.000000 0.000000
rubbergloveCHROME.bmp
  6 -24.504974 -0.748583 1.957711 -0.878560 0.474462 0.054939 0.000000 0.000000
  6 -24.577731 -0.914297 2.114381 -0.994057 0.088564 0.063294 0.000000 0.000000
  6 -24.496062 -0.708953 2.059937 -0.828947 0.543705 0.131272 0.000000 0.000000
rubbergloveCHROME.bmp
  6 -24.474226 -0.834613 2.311199 -0.694544 0.462239 0.551311 0.000000 0.000000
  6 -24.419801 -0.708775 2.182347 -0.519148 0.704271 0.484240 0.000000 0.000000
  6 -24.579567 -0.880093 2.187365 -0.962227 0.202555 0.181908 0.000000 0.000000
rubbergloveCHROME.bmp
  32 27.455650 -0.740834 -2.450292 0.655658 0.287092 0.698349 0.000000 0.000000
  33 27.556569 -0.915656 -2.489317 0.530583 0.466447 0.707749 0.000000 0.000000
  33 27.614276 -0.862613 -2.545498 0.295817 0.570201 0.766396 0.000000 0.000000
rubbergloveCHROME.bmp
  32 27.219369 -0.168292 -2.612977 0.981390 0.055005 -0.183976 0.000000 0.000000
  31 27.240149 -0.095828 -2.603633 0.958512 0.228699 -0.170154 0.000000 0.000000
  31 27.249401 -0.167436 -2.431335 0.986684 0.029439 0.159964 0.000000 0.000000
rubbergloveCHROME.bmp
  31 27.038298 0.121662 -2.740944 0.741397 0.570090 -0.354017 0.000000 0.000000
  31 26.913062 0.082219 -2.917184 0.580691 0.509397 -0.635069 0.000000 0.000000
  31 26.876446 0.156317 -2.861787 0.509960 0.655831 -0.556621 0.000000 0.000000
rubbergloveCHROME.bmp
  31 26.818525 0.016667 -3.032794 0.342786 0.362999 -0.866446 0.000000 0.000000
  31 26.829634 -0.046985 -3.037790 0.186231 0.617927 -0.763862 0.000000 0.000000
  31 26.710854 -0.142952 -3.080002 -0.096507 0.299646 -0.949157 0.000000 0.000000
rubbergloveCHROME.bmp
  32 27.176440 -0.789615 -3.146469 -0.216563 0.049378 -0.975019 0.000000 0.000000
  32 27.251657 -0.751811 -3.189052 0.006908 0.133825 -0.990981 0.000000 0.000000
  33 27.294167 -0.926555 -3.182084 -0.513723 0.396154 -0.761020 0.000000 0.000000
rubbergloveCHROME.bmp
  31 26.605438 -0.222012 -3.027686 -0.371493 -0.126230 -0.919815 0.000000 0.000000
  31 26.647974 -0.114520 -3.121687 -0.181703 -0.173643 -0.967901 0.000000 0.000000
  31 26.695342 -0.235776 -3.052744 -0.565053 0.149607 -0.811377 0.000000 0.000000
rubbergloveCHROME.bmp
  32 26.774318 -0.316680 -3.141002 -0.214677 -0.366083 -0.905482 0.000000 0.000000
  31 26.819747 -0.255759 -3.182066 -0.016737 -0.164474 -0.986239 0.000000 0.000000
  32 26.788454 -0.356695 -3.121029 0.026467 -0.331539 -0.943070 0.000000 0.000000
rubbergloveCHROME.bmp
  31 26.213165 0.076134 -2.954678 -0.067372 -0.219464 -0.973292 0.000000 0.000000
  31 26.029975 0.212401 -2.976427 -0.120879 -0.168875 -0.978197 0.000000 0.000000
  31 26.254449 0.225149 -3.040061 -0.032367 -0.115046 -0.992833 0.000000 0.000000
rubbergloveCHROME.bmp
  31 26.438735 0.127835 -3.031782 -0.032367 -0.115046 -0.992833 0.000000 0.000000
  31 26.254449 0.225149 -3.040061 -0.032367 -0.115046 -0.992833 0.000000 0.000000
  31 26.406801 0.425708 -2.974755 0.138471 0.222744 -0.964993 0.000000 0.000000
rubbergloveCHROME.bmp
  31 26.438735 0.127835 -3.031782 -0.032367 -0.115046 -0.992833 0.000000 0.000000
  31 26.575823 0.301542 -2.978557 0.217960 0.164113 -0.962060 0.000000 0.000000
  31 26.500905 0.045283 -3.042732 -0.093626 0.038509 -0.994862 0.000000 0.000000
rubbergloveCHROME.bmp
  31 26.739020 0.142236 -2.987945 0.317847 0.477739 -0.818986 0.000000 0.000000
  31 26.676030 0.253134 -2.939634 0.376857 0.196141 -0.905267 0.000000 0.000000
  31 26.808034 0.217570 -2.853550 0.599730 0.367869 -0.710631 0.000000 0.000000
rubbergloveCHROME.bmp
  31 26.769910 -0.017722 -2.282424 0.370693 0.353772 0.858739 0.000000 0.000000
  31 26.890914 -0.072099 -2.281341 0.051979 0.498206 0.865499 0.000000 0.000000
  31 26.967609 0.046331 -2.318655 0.017691 0.459759 0.887868 0.000000 0.000000
rubbergloveCHROME.bmp
  28 27.120710 0.178716 -2.076806 0.130042 0.245151 -0.960724 0.000000 0.000000
  28 26.986786 0.098408 -2.029743 0.001996 0.111168 -0.993800 0.000000 0.000000
  3 26.951677 0.405954 -2.052058 0.313847 0.190307 -0.930206 0.000000 0.000000
rubbergloveCHROME.bmp
  28 27.501653 0.181010 -1.430836 0.530859 0.531854 0.659788 0.000000 0.000000
  28 27.344397 0.313168 -1.450958 0.748546 0.611103 0.257354 0.000000 0.000000
  28 27.479415 0.160794 -1.379878 0.625323 0.546330 0.557220 0.000000 0.000000
rubbergloveCHROME.bmp
  28 27.461246 -0.368961 -2.108184 -0.126897 0.118432 -0.984820 0.000000 0.000000
  28 27.415116 -0.312560 -2.117714 -0.112093 -0.011255 -0.993634 0.000000 0.000000
  28 27.569685 -0.305902 -2.133964 -0.067729 0.201166 -0.977213 0.000000 0.000000
rubbergloveCHROME.bmp
  29 27.942649 -0.495882 -2.102795 0.766384 0.324250 -0.554543 0.000000 0.000000
  29 27.938805 -0.562279 -2.149451 0.510478 0.033610 -0.859234 0.000000 0.000000
  29 27.873133 -0.526248 -2.158879 0.368016 0.034997 -0.929161 0.000000 0.000000
rubbergloveCHROME.bmp
  28 27.274678 -0.223161 -2.063077 -0.126897 0.118432 -0.984820 0.000000 0.000000
  28 27.377606 -0.086836 -2.111256 0.106602 0.317853 -0.942128 0.000000 0.000000
  28 27.415116 -0.312560 -2.117714 -0.112093 -0.011255 -0.993634 0.000000 0.000000
rubbergloveCHROME.bmp
  28 27.654046 -0.028583 -1.488691 0.825451 0.386333 0.411555 0.000000 0.000000
  28 27.686932 -0.045389 -1.453533 0.824888 0.444672 0.349038 0.000000 0.000000
  28 27.703403 -0.074488 -1.579557 0.852768 0.518809 -0.060193 0.000000 0.000000
rubbergloveCHROME.bmp
  28 27.611301 0.229217 -1.518890 0.742696 0.507457 0.436909 0.000000 0.000000
  28 27.501653 0.181010 -1.430836 0.530859 0.531854 0.659788 0.000000 0.000000
  28 27.588501 0.073152 -1.461236 0.680287 0.298011 0.669626 0.000000 0.000000
rubbergloveCHROME.bmp
  32 26.497810 -0.554581 -2.826127 -0.673234 -0.450529 -0.586328 0.000000 0.000000
  32 26.459810 -0.654013 -2.763125 -0.757899 -0.546269 -0.356622 0.000000 0.000000
  31 26.410006 -0.576889 -2.703852 -0.554517 -0.692741 -0.461108 0.000000 0.000000
rubbergloveCHROME.bmp
  3 25.071345 0.237510 -2.083365 -0.636256 -0.759724 0.134154 0.000000 0.000000
  3 24.964383 0.320936 -2.355760 -0.674648 -0.733213 -0.085140 0.000000 0.000000
  3 25.081677 0.195281 -2.403224 -0.690286 -0.721894 -0.048738 0.000000 0.000000
rubbergloveCHROME.bmp
  3 25.081677 0.195281 -2.403224 -0.690286 -0.721894 -0.048738 0.000000 0.000000
  3 25.029561 0.283105 -2.604398 -0.680431 -0.585016 -0.441328 0.000000 0.000000
  3 25.405014 -0.063479 -2.636240 -0.416475 -0.755738 -0.505380 0.000000 0.000000
rubbergloveCHROME.bmp
  3 25.692217 -0.097801 -2.669952 -0.455665 -0.703952 -0.544813 0.000000 0.000000
  3 25.703437 -0.040286 -2.739711 -0.494281 -0.559514 -0.665305 0.000000 0.000000
  31 25.849902 -0.198753 -2.762124 -0.554080 -0.602568 -0.574375 0.000000 0.000000
rubbergloveCHROME.bmp
  3 26.164867 -0.463928 -1.889470 -0.060222 -0.770451 -0.634649 0.000000 0.000000
  3 26.331278 -0.528802 -1.805811 -0.269564 -0.876370 -0.399138 0.000000 0.000000
  3 26.092212 -0.511795 -1.641014 -0.289790 -0.950620 -0.111096 0.000000 0.000000
rubbergloveCHROME.bmp
  25 26.620787 -0.627603 -0.366063 -0.213176 -0.887117 0.409364 0.000000 0.000000
  3 26.437013 -0.582085 -0.293138 -0.084400 -0.982197 0.167826 0.000000 0.000000
  3 26.360114 -0.574522 -0.694921 -0.289790 -0.950620 -0.111096 0.000000 0.000000
rubbergloveCHROME.bmp
  3 26.405652 -0.472413 -1.194020 0.281619 -0.890349 0.357728 0.000000 0.000000
  3 26.265140 -0.497551 -1.167102 0.013324 -0.969020 0.246624 0.000000 0.000000
  3 26.490556 -0.529767 -1.302195 -0.238737 -0.767847 0.594487 0.000000 0.000000
rubbergloveCHROME.bmp
  25 26.783612 -0.472849 -1.005155 -0.065471 -0.580137 -0.811883 0.000000 0.000000
  25 26.988367 -0.588866 -1.009090 -0.377927 -0.265521 -0.886944 0.000000 0.000000
  25 26.821682 -0.749661 -0.850153 -0.487247 -0.595704 -0.638535 0.000000 0.000000
rubbergloveCHROME.bmp
  25 26.836045 -0.806589 -0.381161 -0.431754 -0.538504 0.723603 0.000000 0.000000
  25 26.620787 -0.627603 -0.366063 -0.213176 -0.887117 0.409364 0.000000 0.000000
  25 26.808437 -0.860264 -0.641846 -0.649988 -0.757648 -0.059038 0.000000 0.000000
rubbergloveCHROME.bmp
  31 26.644517 0.110420 -2.152208 0.995908 -0.071683 -0.055032 0.000000 0.000000
  31 26.727360 0.103701 -2.142617 0.384073 -0.171913 -0.907157 0.000000 0.000000
  28 26.435854 -0.304426 -2.019839 0.054777 -0.493819 -0.867838 0.000000 0.000000
rubbergloveCHROME.bmp
  28 27.433078 -0.314315 -1.270675 0.162062 0.064677 0.984659 0.000000 0.000000
  28 27.331587 -0.397368 -1.186999 0.161233 0.175590 0.971170 0.000000 0.000000
  28 27.663869 -0.391957 -1.273369 0.115976 0.215088 0.969684 0.000000 0.000000
rubbergloveCHROME.bmp
  3 27.261434 0.332423 -1.035031 0.491838 -0.077690 -0.867214 0.000000 0.000000
  25 27.186148 0.039973 -1.100440 0.175963 0.152797 -0.972466 0.000000 0.000000
  25 27.168591 0.096161 -1.129329 0.715286 -0.174310 -0.676744 0.000000 0.000000
rubbergloveCHROME.bmp
  28 26.829845 -0.655009 -1.258943 -0.158744 -0.138484 0.977559 0.000000 0.000000
  28 27.103765 -0.881733 -1.250937 -0.130797 -0.356737 0.925003 0.000000 0.000000
  28 27.250434 -0.717647 -1.210143 -0.100122 -0.187712 0.977108 0.000000 0.000000
rubbergloveCHROME.bmp
  32 27.040113 -0.620255 -3.131240 -0.149945 -0.050875 -0.987385 0.000000 0.000000
  32 26.952938 -0.620800 -3.130713 -0.224600 -0.094503 -0.969858 0.000000 0.000000
  32 26.901562 -0.476716 -3.131121 -0.182278 -0.023798 -0.982959 0.000000 0.000000
rubbergloveCHROME.bmp
  31 26.330873 -0.467151 -2.756723 -0.416412 -0.679414 -0.604150 0.000000 0.000000
  31 26.074713 -0.345631 -2.752824 -0.416412 -0.679414 -0.604150 0.000000 0.000000
  31 26.325961 -0.384188 -2.843861 -0.348258 -0.532991 -0.771127 0.000000 0.000000
rubbergloveCHROME.bmp
  32 26.792359 -0.792689 -2.925851 -0.662698 -0.563143 -0.493661 0.000000 0.000000
  32 26.823617 -0.756856 -3.031393 -0.564073 -0.395430 -0.724884 0.000000 0.000000
  32 26.934826 -0.929576 -3.030567 -0.702370 -0.458458 -0.544511 0.000000 0.000000
rubbergloveCHROME.bmp
  3 25.690310 0.064926 -2.840001 -0.424154 -0.519308 -0.741898 0.000000 0.000000
  3 25.703437 -0.040286 -2.739711 -0.494281 -0.559514 -0.665305 0.000000 0.000000
  3 25.489990 0.155757 -2.764359 -0.424154 -0.519308 -0.741898 0.000000 0.000000
rubbergloveCHROME.bmp
  31 26.080756 -0.245845 -2.849809 -0.281706 -0.505445 -0.815578 0.000000 0.000000
  31 26.162674 0.000717 -2.946746 -0.072486 -0.166086 -0.983444 0.000000 0.000000
  31 26.386636 -0.119143 -2.963317 -0.206838 -0.066616 -0.976105 0.000000 0.000000
rubbergloveCHROME.bmp
  29 27.779137 -0.699809 -2.135620 0.259007 0.112594 -0.959290 0.000000 0.000000
  29 27.936628 -0.797535 -2.142409 0.181126 0.201637 -0.962567 0.000000 0.000000
  29 27.802315 -0.918504 -2.220680 0.095251 0.140289 -0.985518 0.000000 0.000000
rubbergloveCHROME.bmp
  28 27.415116 -0.312560 -2.117714 -0.112093 -0.011255 -0.993634 0.000000 0.000000
  28 27.461246 -0.368961 -2.108184 -0.126897 0.118432 -0.984820 0.000000 0.000000
  28 27.218037 -0.375294 -2.122637 -0.061942 0.145713 -0.987386 0.000000 0.000000
rubbergloveCHROME.bmp
  28 27.034339 -0.723180 -2.117101 -0.404442 -0.190770 -0.894446 0.000000 0.000000
  28 26.774247 -0.413667 -2.027359 -0.274176 -0.120588 -0.954089 0.000000 0.000000
  28 27.218037 -0.375294 -2.122637 -0.061942 0.145713 -0.987386 0.000000 0.000000
rubbergloveCHROME.bmp
  3 26.763402 0.107434 -2.106266 0.198402 0.037418 -0.979406 0.000000 0.000000
  3 26.845311 0.312531 -2.044410 0.207336 -0.095171 -0.973629 0.000000 0.000000
  28 26.986786 0.098408 -2.029743 0.001996 0.111168 -0.993800 0.000000 0.000000
rubbergloveCHROME.bmp
  25 26.882752 -0.486896 -0.286216 0.000270 -0.743360 0.668891 0.000000 0.000000
  25 27.005053 -0.649833 -0.300144 -0.383448 -0.360749 0.850193 0.000000 0.000000
  25 26.957741 -0.420540 -0.195808 0.013612 -0.671326 0.741038 0.000000 0.000000
rubbergloveCHROME.bmp
  25 26.889491 -0.454067 -0.115696 0.490836 -0.866603 -0.089885 0.000000 0.000000
  22 26.965565 -0.437723 -0.064247 0.363957 -0.377576 -0.851453 0.000000 0.000000
  22 26.763132 -0.489177 -0.016567 0.117640 -0.911820 -0.393376 0.000000 0.000000
rubbergloveCHROME.bmp
  25 27.921242 -0.665840 -0.109246 0.040309 0.110928 0.993011 0.000000 0.000000
  25 27.716666 -0.429088 -0.123284 0.078005 0.128944 0.988579 0.000000 0.000000
  25 27.795933 -0.701514 -0.088630 0.040309 0.110928 0.993011 0.000000 0.000000
rubbergloveCHROME.bmp
  25 28.012787 -0.303546 -0.284069 0.674631 0.303867 0.672710 0.000000 0.000000
  25 27.869815 -0.378391 -0.103910 0.304869 0.230933 0.923972 0.000000 0.000000
  25 28.111848 -0.540503 -0.188997 0.576966 0.620859 0.530702 0.000000 0.000000
rubbergloveCHROME.bmp
  26 27.996149 -0.853742 -0.103132 0.282536 0.191162 0.940016 0.000000 0.000000
  26 28.046835 -0.901193 -0.134427 0.545604 0.024582 0.837682 0.000000 0.000000
  26 28.115985 -0.842836 -0.114111 0.506037 -0.351533 0.787624 0.000000 0.000000
rubbergloveCHROME.bmp
  26 28.082720 -0.921146 -0.145112 0.600624 0.068728 0.796572 0.000000 0.000000
  26 28.137251 -0.862379 -0.174657 0.712076 -0.057167 0.699771 0.000000 0.000000
  26 28.115985 -0.842836 -0.114111 0.506037 -0.351533 0.787624 0.000000 0.000000
rubbergloveCHROME.bmp
  25 27.992579 -0.204499 -0.342217 0.712217 0.308880 0.630349 0.000000 0.000000
  25 28.110959 -0.309617 -0.435149 0.798871 0.527747 0.288597 0.000000 0.000000
  25 28.043454 -0.102348 -0.350992 0.815131 0.253139 0.521040 0.000000 0.000000
rubbergloveCHROME.bmp
  26 28.325895 -0.733167 -0.774422 0.931697 0.363001 -0.013085 0.000000 0.000000
  26 28.441746 -0.814850 -0.756914 0.634904 0.772550 0.007995 0.000000 0.000000
  26 28.412109 -0.840111 -0.987096 0.556959 0.599468 -0.574835 0.000000 0.000000
rubbergloveCHROME.bmp
  22 27.433390 0.192551 0.248952 0.592502 0.386845 -0.706606 0.000000 0.000000
  22 27.486935 0.179736 0.449872 0.755918 0.627134 -0.187858 0.000000 0.000000
  22 27.598145 -0.029464 0.270518 0.600258 0.490757 -0.631544 0.000000 0.000000
rubbergloveCHROME.bmp
  23 28.064491 -0.758034 0.559694 0.931609 0.258662 0.255339 0.000000 0.000000
  23 28.130779 -0.900739 0.601419 0.761284 0.615330 0.204488 0.000000 0.000000
  23 28.192512 -0.909003 0.407975 0.776177 0.492559 -0.393618 0.000000 0.000000
rubbergloveCHROME.bmp
  22 27.736590 -0.312573 0.861096 0.844370 -0.077541 0.530120 0.000000 0.000000
  22 27.792766 -0.356959 0.730811 0.947705 -0.258033 0.187813 0.000000 0.000000
  22 27.823634 -0.331439 0.753080 0.888414 0.327997 0.321151 0.000000 0.000000
rubbergloveCHROME.bmp
  22 27.344018 0.114655 0.983012 0.473605 0.406117 0.781516 0.000000 0.000000
  22 27.291281 0.227660 0.935591 0.505243 0.548141 0.666537 0.000000 0.000000
  22 27.242154 0.215474 0.990709 0.514939 0.346478 0.784086 0.000000 0.000000
rubbergloveCHROME.bmp
  23 27.624782 -0.717533 1.113965 -0.264866 -0.074192 0.961427 0.000000 0.000000
  22 27.574547 -0.787027 1.072604 -0.019928 -0.074336 0.997034 0.000000 0.000000
  23 27.614810 -0.828457 1.071581 -0.185400 -0.136106 0.973192 0.000000 0.000000
rubbergloveCHROME.bmp
  23 27.915302 -0.799265 0.948079 0.835972 0.239661 0.493674 0.000000 0.000000
  23 27.809300 -0.856238 1.070217 0.485504 0.066567 0.871697 0.000000 0.000000
  23 27.999643 -0.943805 0.962042 0.614763 0.629602 0.475044 0.000000 0.000000
rubbergloveCHROME.bmp
  22 27.564433 -0.636027 1.169542 0.106993 -0.057761 0.992581 0.000000 0.000000
  22 27.610501 -0.675746 1.169164 0.173425 -0.331706 0.927305 0.000000 0.000000
  22 27.683556 -0.549374 1.026360 0.681054 0.280261 0.676476 0.000000 0.000000
rubbergloveCHROME.bmp
  22 27.827437 -0.355533 0.573344 0.943046 0.284016 0.173205 0.000000 0.000000
  22 27.790359 -0.407529 0.724743 0.821966 0.416412 0.388553 0.000000 0.000000
  22 27.852498 -0.376679 0.558349 0.590804 0.763815 0.259877 0.000000 0.000000
rubbergloveCHROME.bmp
  22 26.587495 -0.264783 1.034004 -0.287166 -0.413857 0.863862 0.000000 0.000000
  22 26.817004 -0.526662 0.966588 -0.350704 -0.359518 0.864727 0.000000 0.000000
  22 26.992772 -0.258113 1.048363 0.053736 -0.065558 0.996401 0.000000 0.000000
rubbergloveCHROME.bmp
  22 27.340693 -0.897759 0.077691 -0.240968 -0.417153 -0.876309 0.000000 0.000000
  22 27.126337 -0.697595 0.010714 -0.159963 -0.386372 -0.908366 0.000000 0.000000
  22 27.390605 -0.818765 -0.023644 0.026301 -0.141370 -0.989607 0.000000 0.000000
rubbergloveCHROME.bmp
  22 27.798508 -0.556765 0.201902 0.474762 0.408455 -0.779593 0.000000 0.000000
  23 27.835602 -0.605740 0.231492 0.674160 0.230101 -0.701827 0.000000 0.000000
  22 27.808888 -0.576813 0.134150 0.617034 0.528307 -0.583233 0.000000 0.000000
rubbergloveCHROME.bmp
  3 26.370651 -0.166974 0.925787 -0.137837 -0.454659 0.879935 0.000000 0.000000
  3 26.313918 0.062870 1.074627 -0.159180 -0.379621 0.911345 0.000000 0.000000
  3 26.183865 0.017151 1.021750 -0.108569 -0.297376 0.948568 0.000000 0.000000
rubbergloveCHROME.bmp
  22 27.074614 -0.248502 1.018206 -0.152617 -0.220331 0.963412 0.000000 0.000000
  22 26.992772 -0.258113 1.048363 0.053736 -0.065558 0.996401 0.000000 0.000000
  22 27.232049 -0.398565 1.052782 -0.291290 -0.144420 0.945671 0.000000 0.000000
rubbergloveCHROME.bmp
  3 26.325885 0.354652 1.104959 -0.011899 -0.034201 0.999344 0.000000 0.000000
  3 26.218977 0.183137 1.092573 -0.141008 -0.175105 0.974400 0.000000 0.000000
  3 26.436469 0.207284 1.117357 0.005498 -0.154985 0.987902 0.000000 0.000000
rubbergloveCHROME.bmp
  3 26.553621 0.344107 1.109955 -0.182970 -0.224071 0.957243 0.000000 0.000000
  3 26.436469 0.207284 1.117357 0.005498 -0.154985 0.987902 0.000000 0.000000
  3 26.581735 0.083833 1.080510 -0.051160 -0.129045 0.990318 0.000000 0.000000
rubbergloveCHROME.bmp
  21 26.451949 -0.675555 2.216439 0.519152 0.704268 0.484239 0.000000 0.000000
  21 26.185130 -0.399406 1.971797 0.502481 0.675719 0.539367 0.000000 0.000000
  21 26.030462 -0.481586 2.097592 0.173152 0.606364 0.776106 0.000000 0.000000
end
