version 1
nodes
  0 "v_weapon.Bip01_R_Forearm" -1
  1 "v_weapon.Bip01_R_Hand" 0
  2 "v_weapon.Bip01_L_Forearm" -1
  3 "v_weapon.Bip01_L_Hand" 2
  4 "v_weapon.Bip01_R_Finger0" 1
  5 "v_weapon.Bip01_R_Finger01" 4
  6 "v_weapon.Bip01_R_Finger02" 5
  7 "v_weapon.Bip01_R_Finger1" 1
  8 "v_weapon.Bip01_R_Finger11" 7
  9 "v_weapon.Bip01_R_Finger12" 8
  10 "v_weapon.Bip01_R_Finger2" 1
  11 "v_weapon.Bip01_R_Finger21" 10
  12 "v_weapon.Bip01_R_Finger22" 11
  13 "v_weapon.Bip01_R_Finger3" 1
  14 "v_weapon.Bip01_R_Finger31" 13
  15 "v_weapon.Bip01_R_Finger32" 14
  16 "v_weapon.Bip01_R_Finger4" 1
  17 "v_weapon.Bip01_R_Finger41" 16
  18 "v_weapon.Bip01_R_Finger42" 17
  19 "v_weapon.Bip01_L_Finger0" 3
  20 "v_weapon.Bip01_L_Finger01" 19
  21 "v_weapon.Bip01_L_Finger02" 20
  22 "v_weapon.Bip01_L_Finger1" 3
  23 "v_weapon.Bip01_L_Finger11" 22
  24 "v_weapon.Bip01_L_Finger12" 23
  25 "v_weapon.Bip01_L_Finger2" 3
  26 "v_weapon.Bip01_L_Finger21" 25
  27 "v_weapon.Bip01_L_Finger22" 26
  28 "v_weapon.Bip01_L_Finger3" 3
  29 "v_weapon.Bip01_L_Finger31" 28
  30 "v_weapon.Bip01_L_Finger32" 29
  31 "v_weapon.Bip01_L_Finger4" 3
  32 "v_weapon.Bip01_L_Finger41" 31
  33 "v_weapon.Bip01_L_Finger42" 32
  34 "v_weapon.Bip01_L_ForeTwist" -1
  35 "v_weapon.Bip01_R_ForeTwist" -1
  36 "v_weapon" -1
  37 "v_weapon.knife" 36
  38 "v_weapon.front" 37
  39 "v_weapon.blade1" 38
  40 "v_weapon.rear" 39
  41 "v_weapon.lock" 40
end
skeleton
  time 0
    0 -6.140408 -3.924542 -11.038158 -1.867010 -0.474302 -1.482123
    1 10.295578 0.000000 0.000002 0.239605 0.262412 -0.332608
    2 14.821153 -10.669605 -8.952167 -0.593557 -0.050433 -2.242166
    3 10.295582 0.000001 -0.000006 -0.304993 -0.340107 -0.371547
    4 1.149520 0.416502 1.414117 -2.019661 -0.212521 0.859433
    5 1.263885 0.000000 -0.000008 0.010475 -0.004219 0.261076
    6 1.188939 -0.000002 0.000010 0.004326 -0.004338 0.883994
    7 3.773755 0.133215 0.970575 0.064352 0.064068 1.441404
    8 1.433456 0.000000 0.000000 0.082047 -0.025959 1.400638
    9 1.019165 -0.000006 0.000001 0.111253 -0.007191 1.169694
    10 3.799514 0.014957 0.039959 0.061612 0.037539 1.689009
    11 1.774878 0.000000 0.000000 0.019487 -0.092150 1.499680
    12 1.008844 -0.000004 0.000000 0.102121 -0.036158 0.427732
    13 3.632766 0.059052 -0.757493 -0.011547 -0.048840 1.869198
    14 1.500137 0.000002 0.000000 0.117785 -0.032119 0.854881
    15 0.905666 -0.000002 -0.000001 0.110474 -0.051989 1.029571
    16 3.323331 0.233744 -1.479075 0.059018 -0.114598 1.951257
    17 0.963100 0.000011 0.000000 0.060462 0.054818 0.140231
    18 0.682894 -0.000006 -0.000001 0.068037 -0.045170 1.459530
    19 1.149529 0.416498 -1.414117 1.695985 0.643369 0.384411
    20 1.263884 0.000001 0.000000 -0.009336 0.006472 0.475871
    21 1.188946 0.000000 0.000002 -0.011266 0.001930 0.214506
    22 3.773762 0.133217 -0.970574 0.032715 0.177469 0.050131
    23 1.433458 0.000004 0.000000 -0.035223 0.012931 0.451902
    24 1.019165 0.000011 0.000000 -0.035247 0.012979 0.452158
    25 3.799517 0.014957 -0.039958 -0.033200 -0.011856 0.276310
    26 1.774879 0.000004 0.000000 -0.022399 0.008929 0.454686
    27 1.008841 0.000004 0.000000 -0.022447 0.008929 0.454767
    28 3.632765 0.059053 0.757493 -0.281201 -0.185819 0.459243
    29 1.500135 0.000004 0.000000 -0.017030 0.006580 0.424967
    30 0.905668 0.000002 -0.000001 -0.017030 0.006568 0.424967
    31 3.323332 0.233744 1.479075 -0.403142 -0.444304 0.630425
    32 0.963099 0.000010 0.000000 -0.017929 0.008941 0.552300
    33 0.682898 -0.000002 0.000000 -0.017557 0.009540 0.574774
    34 14.821153 -10.669605 -8.952167 0.490666 -0.050409 -2.242234
    35 -6.140408 -3.924542 -11.038158 -3.043722 -0.474418 -1.482214
    36 0.000000 3.992340 0.007782 1.570796 0.000000 -1.570796
    37 19.563097 -4.589984 4.968902 -1.174985 0.212742 -0.943334
    38 -0.021929 2.029111 -0.137266 -1.570805 0.000001 0.000000
    39 0.019532 0.000000 0.007813 0.000007 0.000000 0.000001
    40 0.002397 -0.669111 0.409449 1.570796 0.000000 0.000000
    41 -0.002402 -6.221447 0.929182 -0.816043 0.000000 0.000000
  time 1
    0 -6.191191 -4.303460 -10.729555 -1.863967 -0.426335 -1.508520
    1 10.295578 0.000000 0.000002 0.381120 0.076852 -0.180141
    2 14.914905 -10.571946 -9.018575 -0.595774 -0.058848 -2.261148
    3 10.295582 0.000001 -0.000006 -0.365501 -0.277648 -0.272696
    4 1.149520 0.416502 1.414117 -1.975748 -0.193190 0.818147
    5 1.263885 0.000000 -0.000008 0.017533 0.002673 0.262709
    6 1.188939 -0.000002 0.000010 0.005046 -0.003500 0.713787
    7 3.773755 0.133215 0.970575 0.067405 0.025598 1.152621
    8 1.433456 0.000000 0.000000 0.082981 -0.033773 1.301707
    9 1.019165 -0.000006 0.000001 0.110965 -0.008162 1.179450
    10 3.799514 0.014957 0.039959 0.050458 0.036640 1.557243
    11 1.774878 0.000000 0.000000 0.023718 -0.091131 1.451854
    12 1.008844 -0.000004 0.000000 0.100599 -0.040472 0.467951
    13 3.632766 0.059052 -0.757493 -0.002149 -0.052387 1.570004
    14 1.500137 0.000002 0.000000 0.118564 -0.029147 0.830116
    15 0.905666 -0.000002 -0.000001 0.104362 -0.044055 1.021448
    16 3.323331 0.233744 -1.479075 0.086906 -0.089567 1.599253
    17 0.963100 0.000011 0.000000 0.059468 0.055788 0.121799
    18 0.682894 -0.000006 -0.000001 0.073981 -0.034600 1.313627
    19 1.149529 0.416498 -1.414117 1.695985 0.643369 0.384411
    20 1.263884 0.000001 0.000000 -0.009336 0.006472 0.475871
    21 1.188946 0.000000 0.000002 -0.011266 0.001930 0.214506
    22 3.773762 0.133217 -0.970574 0.032715 0.177469 0.050131
    23 1.433458 0.000004 0.000000 -0.035223 0.012931 0.451902
    24 1.019165 0.000011 0.000000 -0.035247 0.012979 0.452158
    25 3.799517 0.014957 -0.039958 -0.033200 -0.011856 0.276310
    26 1.774879 0.000004 0.000000 -0.022399 0.008929 0.454686
    27 1.008841 0.000004 0.000000 -0.022447 0.008929 0.454767
    28 3.632765 0.059053 0.757493 -0.281201 -0.185819 0.459243
    29 1.500135 0.000004 0.000000 -0.017030 0.006580 0.424967
    30 0.905668 0.000002 -0.000001 -0.017030 0.006568 0.424967
    31 3.323332 0.233744 1.479075 -0.406300 -0.440469 0.637135
    32 0.963099 0.000010 0.000000 -0.017917 0.008941 0.554797
    33 0.682898 -0.000002 0.000000 -0.017557 0.009540 0.574774
    34 14.914905 -10.571946 -9.018575 0.488041 -0.058895 -2.261145
    35 -6.191191 -4.303460 -10.729555 -2.987147 -0.427005 -1.508420
    36 0.000000 3.992340 0.007782 1.570796 0.000000 -1.570796
    37 20.938139 -5.418134 4.578265 -1.313917 0.286457 -1.430668
    38 -0.021929 2.029111 -0.137266 -1.570805 0.000001 0.000000
    39 0.019532 0.000000 0.007813 0.000007 0.000000 0.000001
    40 0.002397 -0.669111 0.409449 1.532545 0.000000 0.000000
    41 -0.002402 -6.221447 0.929182 -1.069768 0.000000 0.000000
  time 2
    0 -6.515420 -4.338617 -10.596739 -1.887719 -0.504211 -1.512250
    1 10.295578 0.000000 0.000002 0.674244 -0.219904 0.242484
    2 15.036003 -10.349283 -9.178737 -0.605689 -0.062666 -2.288622
    3 10.295582 0.000001 -0.000006 -0.461751 -0.171999 -0.190066
    4 1.149520 0.416502 1.414117 -1.902224 -0.157895 0.745816
    5 1.263885 0.000000 -0.000008 0.030717 0.017414 0.265719
    6 1.188939 -0.000002 0.000010 0.005920 -0.001774 0.383820
    7 3.773755 0.133215 0.970575 0.069949 -0.057527 0.645804
    8 1.433456 0.000000 0.000000 0.083113 -0.047171 1.126498
    9 1.019165 -0.000006 0.000001 0.110845 -0.010211 1.196944
    10 3.799514 0.014957 0.039959 0.027312 0.034651 1.292085
    11 1.774878 0.000000 0.000000 0.034288 -0.087583 1.335773
    12 1.008844 -0.000004 0.000000 0.097591 -0.047052 0.535498
    13 3.632766 0.059052 -0.757493 0.014421 -0.043399 1.002604
    14 1.500137 0.000002 0.000000 0.120122 -0.021860 0.769449
    15 0.905666 -0.000002 -0.000001 0.094355 -0.028236 0.988590
    16 3.323331 0.233744 -1.479075 0.107448 -0.012009 0.928347
    17 0.963100 0.000011 0.000000 0.057993 0.057250 0.096874
    18 0.682894 -0.000006 -0.000001 0.080560 -0.012788 1.031890
    19 1.149529 0.416498 -1.414117 1.695985 0.643369 0.384411
    20 1.263884 0.000001 0.000000 -0.009252 0.006484 0.475871
    21 1.188946 0.000000 0.000002 -0.011266 0.001930 0.214506
    22 3.773762 0.133217 -0.970574 0.032715 0.177469 0.050131
    23 1.433458 0.000004 0.000000 -0.035223 0.012931 0.451902
    24 1.019165 0.000011 0.000000 -0.035247 0.012979 0.452158
    25 3.799517 0.014957 -0.039958 -0.033200 -0.011856 0.276310
    26 1.774879 0.000004 0.000000 -0.022399 0.008929 0.454686
    27 1.008841 0.000004 0.000000 -0.022447 0.008929 0.454767
    28 3.632765 0.059053 0.757493 -0.281201 -0.185819 0.459243
    29 1.500135 0.000004 0.000000 -0.017030 0.006580 0.424967
    30 0.905668 0.000002 -0.000001 -0.017030 0.006568 0.424967
    31 3.323332 0.233744 1.479075 -0.405194 -0.441823 0.634737
    32 0.963099 0.000010 0.000000 -0.017929 0.008941 0.553889
    33 0.682898 -0.000002 0.000000 -0.017557 0.009540 0.574774
    34 15.036003 -10.349283 -9.178737 0.478572 -0.062640 -2.288620
    35 -6.515420 -4.338617 -10.596739 -2.902285 -0.503920 -1.511002
    36 0.000000 3.992340 0.007782 1.570796 0.000000 -1.570796
    37 21.000641 -6.000183 3.754021 4.470360 0.302594 -2.535973
    38 -0.021929 2.029111 -0.137266 -1.570805 0.000001 0.000000
    39 0.019532 0.000000 0.007813 -0.044773 0.000000 0.000001
    40 0.002397 -0.669111 0.409449 1.217688 0.000000 0.000000
    41 -0.002402 -6.221447 0.929182 -1.474065 0.000000 0.000000
  time 3
    0 -6.769334 -4.584719 -10.288135 -1.919191 -0.604095 -1.498191
    1 10.295578 0.000000 0.000002 1.194475 -0.526025 0.529062
    2 15.168819 -10.009429 -9.424838 -0.622871 -0.061001 -2.319521
    3 10.295582 0.000001 -0.000006 -0.579836 -0.044851 -0.118892
    4 1.149520 0.416502 1.414117 -1.855657 -0.133904 0.697822
    5 1.263885 0.000000 -0.000008 0.039274 0.033054 0.267883
    6 1.188939 -0.000002 0.000010 0.006364 0.000000 0.083917
    7 3.773755 0.133215 0.970575 0.074640 -0.123574 0.308832
    8 1.433456 0.000000 0.000000 0.082047 -0.056340 1.008712
    9 1.019165 -0.000006 0.000001 0.110810 -0.011325 1.208756
    10 3.799514 0.014957 0.039959 0.004375 0.033596 1.025146
    11 1.774878 0.000000 0.000000 0.048298 -0.080896 1.170255
    12 1.008844 -0.000004 0.000000 0.095925 -0.050455 0.570128
    13 3.632766 0.059052 -0.757493 0.022642 -0.016170 0.520648
    14 1.500137 0.000002 0.000000 0.121572 -0.011254 0.682560
    15 0.905666 -0.000002 -0.000001 0.089597 -0.011266 0.914843
    16 3.323331 0.233744 -1.479075 0.083059 0.072165 0.337474
    17 0.963100 0.000011 0.000000 0.058485 0.057095 0.102800
    18 0.682894 -0.000006 -0.000001 0.080680 0.011901 0.728528
    19 1.149529 0.416498 -1.414117 1.695997 0.643369 0.384411
    20 1.263884 0.000001 0.000000 -0.009252 0.006484 0.475871
    21 1.188946 0.000000 0.000002 -0.011266 0.001930 0.214506
    22 3.773762 0.133217 -0.970574 0.032715 0.177469 0.050131
    23 1.433458 0.000004 0.000000 -0.035223 0.012931 0.451902
    24 1.019165 0.000011 0.000000 -0.035247 0.012979 0.452158
    25 3.799517 0.014957 -0.039958 -0.033200 -0.011856 0.276310
    26 1.774879 0.000004 0.000000 -0.022399 0.008929 0.454686
    27 1.008841 0.000004 0.000000 -0.022447 0.008929 0.454767
    28 3.632765 0.059053 0.757493 -0.281201 -0.185819 0.459243
    29 1.500135 0.000004 0.000000 -0.017030 0.006568 0.424967
    30 0.905668 0.000002 -0.000001 -0.017030 0.006568 0.424967
    31 3.323332 0.233744 1.479075 -0.400057 -0.448007 0.623553
    32 0.963099 0.000010 0.000000 -0.017941 0.008941 0.549929
    33 0.682898 -0.000002 0.000000 -0.017557 0.009540 0.574774
    34 15.168819 -10.009429 -9.424838 0.461603 -0.060957 -2.319663
    35 -6.769334 -4.584719 -10.288135 -2.806946 -0.604781 -1.497421
    36 0.000000 3.992340 0.007782 1.570796 0.000000 -1.570796
    37 20.000610 -4.906400 2.804773 4.003740 -0.196987 3.098944
    38 -0.021929 2.029111 -0.137266 -1.570805 0.000001 0.000000
    39 0.019532 0.000000 0.007813 -0.094337 0.000000 0.000001
    40 0.002397 -0.669111 0.409449 0.718331 0.000000 0.000000
    41 -0.002402 -6.221447 0.929182 -1.659847 0.000000 0.000000
  time 4
    0 -6.796678 -4.932385 -9.948281 -1.932700 -0.646701 -1.484610
    1 10.295578 0.000000 0.000002 1.846673 -0.576200 0.400258
    2 15.344606 -9.603167 -9.710003 -0.646519 -0.052731 -2.349564
    3 10.295582 0.000001 -0.000006 -0.703899 0.083365 -0.054103
    4 1.149520 0.416502 1.414117 -1.868755 -0.205168 0.686006
    5 1.263885 0.000000 -0.000008 0.038339 0.048705 0.200956
    6 1.188939 -0.000002 0.000010 0.006304 0.001091 -0.084367
    7 3.773755 0.133215 0.970575 0.073312 -0.102242 0.204700
    8 1.433456 0.000000 0.000000 0.085774 -0.050863 0.929766
    9 1.019165 -0.000006 0.000001 0.121488 -0.012632 1.114485
    10 3.799514 0.014957 0.039959 -0.007616 0.042597 0.817250
    11 1.774878 0.000000 0.000000 0.066491 -0.066479 0.921220
    12 1.008844 -0.000004 0.000000 0.098070 -0.046237 0.526436
    13 3.632766 0.059052 -0.757493 0.026577 0.024902 0.340675
    14 1.500137 0.000002 0.000000 0.121883 0.003320 0.563106
    15 0.905666 -0.000002 -0.000001 0.096764 0.002061 0.773540
    16 3.323331 0.233744 -1.479075 0.067982 0.139169 0.062280
    17 0.963100 0.000011 0.000000 0.062739 0.052193 0.183807
    18 0.682894 -0.000006 -0.000001 0.076222 0.029278 0.507113
    19 1.149529 0.416498 -1.414117 1.695997 0.643369 0.384411
    20 1.263884 0.000001 0.000000 -0.009096 0.006496 0.475871
    21 1.188946 0.000000 0.000002 -0.011266 0.001930 0.214506
    22 3.773762 0.133217 -0.970574 0.030570 0.177817 0.038157
    23 1.433458 0.000004 0.000000 -0.035019 0.013519 0.464298
    24 1.019165 0.000011 0.000000 -0.035247 0.012979 0.452158
    25 3.799517 0.014957 -0.039958 -0.033200 -0.011796 0.279708
    26 1.774879 0.000004 0.000000 -0.022279 0.008941 0.461973
    27 1.008841 0.000004 0.000000 -0.022447 0.008929 0.454767
    28 3.632765 0.059053 0.757493 -0.283753 -0.181361 0.470685
    29 1.500135 0.000004 0.000000 -0.017030 0.006568 0.424967
    30 0.905668 0.000002 -0.000001 -0.017030 0.006568 0.424967
    31 3.323332 0.233744 1.479075 -0.398980 -0.449073 0.621398
    32 0.963099 0.000010 0.000000 -0.017941 0.008941 0.549223
    33 0.682898 -0.000002 0.000000 -0.017557 0.009540 0.574774
    34 15.344606 -9.603167 -9.710003 0.437790 -0.052779 -2.349279
    35 -6.796678 -4.932385 -9.948281 -2.495168 -0.646543 -1.484892
    36 0.000000 3.992340 0.007782 1.570796 0.000000 -1.570796
    37 19.500595 -3.109470 2.441481 3.543634 -1.014152 2.969348
    38 -0.021929 2.029111 -0.137266 -1.570805 0.000001 0.000000
    39 0.019532 0.000000 0.007813 -0.139978 0.000000 0.000001
    40 0.002397 -0.669111 0.409449 0.529455 0.000000 0.000000
    41 -0.002402 -6.221447 0.929182 -1.623841 0.000000 0.000000
  time 5
    0 -6.863087 -5.143329 -9.725618 -1.939232 -0.657611 -1.486714
    1 10.295578 0.000000 0.000002 2.214340 -0.296962 0.063357
    2 15.532112 -9.110964 -10.014700 -0.675833 -0.035451 -2.373756
    3 10.295582 0.000001 -0.000006 -0.808703 0.184801 0.008875
    4 1.149520 0.416502 1.414117 -1.904583 -0.404324 0.663788
    5 1.263885 0.000000 -0.000008 0.031903 0.066946 0.017901
    6 1.188939 -0.000002 0.000010 0.005980 0.001570 -0.171029
    7 3.773755 0.133215 0.970575 0.068373 -0.020746 0.042040
    8 1.433456 0.000000 0.000000 0.095110 -0.031460 0.740133
    9 1.019165 -0.000006 0.000001 0.146584 -0.012943 0.827297
    10 3.799514 0.014957 0.039959 -0.011804 0.060406 0.632900
    11 1.774878 0.000000 0.000000 0.084791 -0.040915 0.589330
    12 1.008844 -0.000004 0.000000 0.102265 -0.035414 0.420216
    13 3.632766 0.059052 -0.757493 0.033270 0.076471 0.367317
    14 1.500137 0.000002 0.000000 0.120086 0.022160 0.406951
    15 0.905666 -0.000002 -0.000001 0.109767 0.015256 0.568268
    16 3.323331 0.233744 -1.479075 0.081105 0.208035 -0.003106
    17 0.963100 0.000011 0.000000 0.069607 0.042413 0.327606
    18 0.682894 -0.000006 -0.000001 0.069331 0.043157 0.318004
    19 1.149529 0.416498 -1.414117 1.696009 0.643357 0.384422
    20 1.263884 0.000001 0.000000 -0.009084 0.006496 0.475888
    21 1.188946 0.000000 0.000002 -0.011266 0.001930 0.214506
    22 3.773762 0.133217 -0.970574 0.024062 0.178655 0.001731
    23 1.433458 0.000004 0.000000 -0.034588 0.014501 0.497612
    24 1.019165 0.000011 0.000000 -0.035247 0.012979 0.452158
    25 3.799517 0.014957 -0.039958 -0.033319 -0.011629 0.288403
    26 1.774879 0.000004 0.000000 -0.022148 0.009504 0.482002
    27 1.008841 0.000004 0.000000 -0.022447 0.008929 0.454767
    28 3.632765 0.059053 0.757493 -0.291316 -0.168897 0.501881
    29 1.500135 0.000004 0.000000 -0.017030 0.006568 0.424967
    30 0.905668 0.000002 -0.000001 -0.017030 0.006556 0.424967
    31 3.323332 0.233744 1.479075 -0.398980 -0.449073 0.621398
    32 0.963099 0.000010 0.000000 -0.017941 0.008941 0.549223
    33 0.682898 -0.000002 0.000000 -0.017557 0.009540 0.574774
    34 15.532112 -9.110964 -10.014700 0.408352 -0.035464 -2.373614
    35 -6.863087 -5.143329 -9.725618 -1.759942 -0.658995 -1.486518
    36 0.000000 3.992340 0.007782 1.570796 0.000000 -1.570796
    37 18.992767 -1.597705 3.129002 0.499293 -1.358950 -0.045250
    38 -0.021929 2.029111 -0.137266 -1.570805 0.000001 0.000000
    39 0.019532 0.000000 0.007813 -0.246665 0.000000 0.000001
    40 0.002397 -0.669111 0.409449 0.475884 0.000000 0.000000
    41 -0.002402 -6.221447 0.929182 -1.458580 0.000000 0.000000
  time 6
    0 -6.894338 -5.248801 -9.600614 -1.941904 -0.660903 -1.489583
    1 10.295578 0.000000 0.000002 2.501258 -0.039973 -0.229059
    2 15.731337 -8.575792 -10.272520 -0.707549 -0.008924 -2.388884
    3 10.295582 0.000001 -0.000006 -0.870461 0.243296 0.073302
    4 1.149520 0.416502 1.414117 -1.915297 -0.557624 0.637224
    5 1.263885 0.000000 -0.000008 0.026162 0.078823 -0.125357
    6 1.188939 -0.000002 0.000010 0.005932 0.001822 -0.209067
    7 3.773755 0.133215 0.970575 0.063657 0.042137 -0.090918
    8 1.433456 0.000000 0.000000 0.101198 -0.012224 0.544215
    9 1.019165 -0.000006 0.000001 0.163817 -0.007514 0.531325
    10 3.799514 0.014957 0.039959 -0.015574 0.072402 0.484606
    11 1.774878 0.000000 0.000000 0.092162 -0.018756 0.338209
    12 1.008844 -0.000004 0.000000 0.105476 -0.024437 0.313639
    13 3.632766 0.059052 -0.757493 0.038228 0.111478 0.424893
    14 1.500137 0.000002 0.000000 0.115412 0.039861 0.258972
    15 0.905666 -0.000002 -0.000001 0.115531 0.029938 0.372191
    16 3.323331 0.233744 -1.479075 0.093366 0.255366 -0.031756
    17 0.963100 0.000011 0.000000 0.073645 0.035115 0.431533
    18 0.682894 -0.000006 -0.000001 0.061805 0.053307 0.162821
    19 1.149529 0.416498 -1.414117 1.696009 0.643357 0.384422
    20 1.263884 0.000001 0.000000 -0.009072 0.006508 0.475888
    21 1.188946 0.000000 0.000002 -0.011266 0.001930 0.214506
    22 3.773762 0.133217 -0.970574 0.016859 0.179482 -0.037933
    23 1.433458 0.000004 0.000000 -0.033988 0.015604 0.523049
    24 1.019165 0.000011 0.000000 -0.035247 0.012979 0.452158
    25 3.799517 0.014957 -0.039958 -0.033487 -0.011197 0.295900
    26 1.774879 0.000004 0.000000 -0.022136 0.009720 0.497594
    27 1.008841 0.000004 0.000000 -0.022447 0.008929 0.454767
    28 3.632765 0.059053 0.757493 -0.297404 -0.158194 0.525920
    29 1.500135 0.000004 0.000000 -0.017030 0.006568 0.424967
    30 0.905668 0.000002 -0.000001 -0.017030 0.006556 0.424967
    31 3.323332 0.233744 1.479075 -0.398980 -0.449073 0.621398
    32 0.963099 0.000010 0.000000 -0.017941 0.008941 0.549223
    33 0.682898 -0.000002 0.000000 -0.017557 0.009540 0.574774
    34 15.731337 -8.575792 -10.272520 0.376289 -0.008922 -2.388600
    35 -6.894338 -5.248801 -9.600614 -0.965429 -0.661677 -1.489674
    36 0.000000 3.992340 0.007782 1.570796 0.000000 -1.570796
    37 17.938047 -0.218757 4.472793 0.403861 -0.583894 0.761294
    38 -0.021929 2.029111 -0.137266 -1.570805 0.000001 0.000000
    39 0.019532 0.000000 0.007813 -0.373924 0.000000 0.000001
    40 0.002397 -0.669111 0.409449 0.439251 0.000000 0.000000
    41 -0.002402 -6.221447 0.929182 -1.320722 0.000000 0.000000
  time 7
    0 -6.847461 -5.291771 -9.596708 -1.939900 -0.659398 -1.486427
    1 10.295578 0.000000 0.000002 2.860400 0.003991 -0.324429
    2 16.157131 -7.689046 -10.549872 -0.750596 0.057829 -2.379037
    3 10.295582 0.000001 -0.000006 -0.850812 0.249033 0.127988
    4 1.149520 0.416502 1.414117 -1.914953 -0.592636 0.629184
    5 1.263885 0.000000 -0.000008 0.025060 0.081268 -0.158722
    6 1.188939 -0.000002 0.000010 0.005932 0.001846 -0.215483
    7 3.773755 0.133215 0.970575 0.062292 0.056950 -0.126753
    8 1.433456 0.000000 0.000000 0.102720 -0.004075 0.452609
    9 1.019165 -0.000006 0.000001 0.169043 0.000324 0.394104
    10 3.799514 0.014957 0.039959 -0.019664 0.071420 0.406340
    11 1.774878 0.000000 0.000000 0.093648 -0.010283 0.247155
    12 1.008844 -0.000004 0.000000 0.106903 -0.018169 0.254797
    13 3.632766 0.059052 -0.757493 0.035833 0.117435 0.410401
    14 1.500137 0.000002 0.000000 0.111313 0.050156 0.168324
    15 0.905666 -0.000002 -0.000001 0.113938 0.041299 0.260559
    16 3.323331 0.233744 -1.479075 0.087865 0.264392 -0.095560
    17 0.963100 0.000011 0.000000 0.073394 0.035954 0.420160
    18 0.682894 -0.000006 -0.000001 0.057011 0.058581 0.076584
    19 1.149529 0.416498 -1.414117 1.696021 0.643357 0.384434
    20 1.263884 0.000001 0.000000 -0.009060 0.006532 0.475905
    21 1.188946 0.000000 0.000002 -0.011266 0.001942 0.214506
    22 3.773762 0.133217 -0.970574 0.011993 0.180046 -0.064773
    23 1.433458 0.000004 0.000000 -0.034552 0.014813 0.500668
    24 1.019165 0.000011 0.000000 -0.035247 0.012979 0.452158
    25 3.799517 0.014957 -0.039958 -0.033319 -0.011593 0.289853
    26 1.774879 0.000004 0.000000 -0.022148 0.009540 0.483712
    27 1.008841 0.000004 0.000000 -0.022447 0.008929 0.454767
    28 3.632765 0.059053 0.757493 -0.297092 -0.158710 0.517907
    29 1.500135 0.000004 0.000000 -0.017030 0.006568 0.424967
    30 0.905668 0.000002 -0.000001 -0.017030 0.006556 0.424967
    31 3.323332 0.233744 1.479075 -0.398980 -0.449073 0.621398
    32 0.963099 0.000010 0.000000 -0.017941 0.008941 0.549223
    33 0.682898 -0.000002 0.000000 -0.017557 0.009540 0.574774
    34 16.157131 -7.689046 -10.549872 0.333257 0.057805 -2.378966
    35 -6.847461 -5.291771 -9.596708 -0.479551 -0.660336 -1.486518
    36 0.000000 3.992340 0.007782 1.570796 0.000000 -1.570796
    37 16.688009 0.800806 5.191565 1.098810 -0.205867 1.286115
    38 -0.021929 2.029111 -0.137266 -1.570805 0.000001 0.000000
    39 0.019532 0.000000 0.007813 -0.541657 0.000000 0.000001
    40 0.002397 -0.669111 0.409449 0.399002 0.000000 0.000000
    41 -0.002402 -6.221447 0.929182 -1.274812 0.000000 0.000000
  time 8
    0 -6.706832 -5.291771 -9.659210 -1.933294 -0.653849 -1.477724
    1 10.295578 0.000000 0.000002 2.984729 -0.088134 -0.318716
    2 16.778244 -6.368693 -10.713940 -0.802573 0.193234 -2.336719
    3 10.295582 0.000001 -0.000006 -0.760227 0.220348 0.135479
    4 1.149520 0.416502 1.414117 -1.914953 -0.592636 0.629184
    5 1.263885 0.000000 -0.000008 0.025060 0.081268 -0.158722
    6 1.188939 -0.000002 0.000010 0.005932 0.001846 -0.215483
    7 3.773755 0.133215 0.970575 0.062354 0.056986 -0.126534
    8 1.433456 0.000000 0.000000 0.102552 -0.004554 0.459120
    9 1.019165 -0.000006 0.000001 0.168803 -0.001019 0.403374
    10 3.799514 0.014957 0.039959 -0.021172 0.067033 0.384320
    11 1.774878 0.000000 0.000000 0.093696 -0.009372 0.237912
    12 1.008844 -0.000004 0.000000 0.107034 -0.016011 0.236055
    13 3.632766 0.059052 -0.757493 0.031354 0.114822 0.374340
    14 1.500137 0.000002 0.000000 0.109419 0.054027 0.133784
    15 0.905666 -0.000002 -0.000001 0.112320 0.045529 0.223992
    16 3.323331 0.233744 -1.479075 0.080231 0.260642 -0.143017
    17 0.963100 0.000011 0.000000 0.071800 0.038986 0.378023
    18 0.682894 -0.000006 -0.000001 0.055417 0.060079 0.050669
    19 1.149529 0.416498 -1.414117 1.696033 0.643357 0.384434
    20 1.263884 0.000001 0.000000 -0.009048 0.006544 0.475905
    21 1.188946 0.000000 0.000002 -0.011266 0.001942 0.214506
    22 3.773762 0.133217 -0.970574 0.009153 0.180154 -0.082185
    23 1.433458 0.000004 0.000000 -0.035223 0.012943 0.451945
    24 1.019165 0.000011 0.000000 -0.035247 0.012979 0.452158
    25 3.799517 0.014957 -0.039958 -0.033200 -0.011856 0.276310
    26 1.774879 0.000004 0.000000 -0.022399 0.008929 0.454808
    27 1.008841 0.000004 0.000000 -0.022447 0.008929 0.454767
    28 3.632765 0.059053 0.757493 -0.293029 -0.165026 0.491929
    29 1.500135 0.000004 0.000000 -0.017030 0.006568 0.424967
    30 0.905668 0.000002 -0.000001 -0.017030 0.006556 0.424967
    31 3.323332 0.233744 1.479075 -0.398980 -0.449073 0.621398
    32 0.963099 0.000010 0.000000 -0.017941 0.008941 0.549223
    33 0.682898 -0.000002 0.000000 -0.017557 0.009540 0.574774
    34 16.778244 -6.368693 -10.713940 0.281600 0.193176 -2.336505
    35 -6.706832 -5.291771 -9.659210 -0.435425 -0.654110 -1.478006
    36 0.000000 3.992340 0.007782 1.570796 0.000000 -1.570796
    37 16.230964 0.750023 6.125187 1.605194 -0.148194 2.006134
    38 -0.021929 2.029111 -0.137266 -1.570805 0.000001 0.000000
    39 0.019532 0.000000 0.007813 -0.234609 0.000000 0.000001
    40 0.002397 -0.669111 0.409449 0.346573 0.000000 0.000000
    41 -0.002402 -6.221447 0.929182 -1.262642 0.000000 0.000000
  time 9
    0 -6.519326 -5.260520 -9.760776 -1.923793 -0.643409 -1.466725
    1 10.295578 0.000000 0.000002 2.749916 -0.229318 -0.280256
    2 16.981375 -5.884303 -10.737378 -0.818708 0.258249 -2.316667
    3 10.295582 0.000001 -0.000006 -0.719445 0.204528 0.123947
    4 1.149520 0.416502 1.414117 -1.914953 -0.592636 0.629184
    5 1.263885 0.000000 -0.000008 0.025060 0.081268 -0.158722
    6 1.188939 -0.000002 0.000010 0.005932 0.001846 -0.215483
    7 3.773755 0.133215 0.970575 0.062565 0.056998 -0.122942
    8 1.433456 0.000000 0.000000 0.101953 -0.008917 0.509354
    9 1.019165 -0.000006 0.000001 0.166622 -0.010906 0.476937
    10 3.799514 0.014957 0.039959 -0.017319 0.074548 0.436243
    11 1.774878 0.000000 0.000000 0.093384 -0.012200 0.269670
    12 1.008844 -0.000004 0.000000 0.106267 -0.020446 0.276060
    13 3.632766 0.059052 -0.757493 0.039626 0.118573 0.440610
    14 1.500137 0.000002 0.000000 0.113027 0.046249 0.203709
    15 0.905666 -0.000002 -0.000001 0.115496 0.036613 0.299149
    16 3.323331 0.233744 -1.479075 0.093869 0.266133 -0.058707
    17 0.963100 0.000011 0.000000 0.074269 0.033785 0.449399
    18 0.682894 -0.000006 -0.000001 0.058509 0.057023 0.102061
    19 1.149529 0.416498 -1.414117 1.696045 0.643357 0.384446
    20 1.263884 0.000001 0.000000 -0.009024 0.006556 0.475923
    21 1.188946 0.000000 0.000002 -0.011266 0.001942 0.214506
    22 3.773762 0.133217 -0.970574 0.010639 0.180154 -0.072725
    23 1.433458 0.000004 0.000000 -0.035223 0.012943 0.451945
    24 1.019165 0.000011 0.000000 -0.035247 0.012979 0.452158
    25 3.799517 0.014957 -0.039958 -0.033200 -0.011856 0.276310
    26 1.774879 0.000004 0.000000 -0.022399 0.008929 0.454686
    27 1.008841 0.000004 0.000000 -0.022447 0.008929 0.454767
    28 3.632765 0.059053 0.757493 -0.291232 -0.168261 0.483208
    29 1.500135 0.000004 0.000000 -0.017030 0.006568 0.424967
    30 0.905668 0.000002 -0.000001 -0.017030 0.006556 0.424967
    31 3.323332 0.233744 1.479075 -0.398980 -0.449073 0.621398
    32 0.963099 0.000010 0.000000 -0.017941 0.008941 0.549223
    33 0.682898 -0.000002 0.000000 -0.017557 0.009540 0.574774
    34 16.981375 -5.884303 -10.737378 0.265381 0.258130 -2.316523
    35 -6.519326 -5.260520 -9.760776 -0.500135 -0.644723 -1.466529
    36 0.000000 3.992340 0.007782 1.570796 0.000000 -1.570796
    37 16.000488 0.546892 5.457198 2.018829 -0.315580 1.922545
    38 -0.021929 2.029111 -0.137266 -1.570805 0.000001 0.000000
    39 0.019532 0.000000 0.007813 0.226107 0.000000 0.000001
    40 0.002397 -0.669111 0.409449 0.372549 0.000000 0.000000
    41 -0.002402 -6.221447 0.929182 -1.257396 0.000000 0.000000
  time 10
    0 -6.359165 -5.229270 -9.854528 -1.915257 -0.634286 -1.457065
    1 10.295578 0.000000 0.000002 2.356810 -0.360336 -0.225469
    2 16.981375 -5.884303 -10.737378 -0.818708 0.258249 -2.316667
    3 10.295582 0.000001 -0.000006 -0.719445 0.204528 0.123947
    4 1.149520 0.416502 1.414117 -1.914953 -0.592636 0.629184
    5 1.263885 0.000000 -0.000008 0.025060 0.081268 -0.158722
    6 1.188939 -0.000002 0.000010 0.005932 0.001846 -0.215483
    7 3.773755 0.133215 0.970575 0.062863 0.056986 -0.118561
    8 1.433456 0.000000 0.000000 0.100707 -0.014969 0.575323
    9 1.019165 -0.000006 0.000001 0.162919 -0.024353 0.573339
    10 3.799514 0.014957 0.039959 -0.011735 0.084315 0.509525
    11 1.774878 0.000000 0.000000 0.092761 -0.016503 0.314462
    12 1.008844 -0.000004 0.000000 0.105105 -0.026318 0.332167
    13 3.632766 0.059052 -0.757493 0.050746 0.123882 0.533022
    14 1.500137 0.000002 0.000000 0.116958 0.035007 0.300513
    15 0.905666 -0.000002 -0.000001 0.119127 0.023658 0.403885
    16 3.323331 0.233744 -1.479075 0.111990 0.272441 0.057300
    17 0.963100 0.000011 0.000000 0.077361 0.026174 0.548141
    18 0.682894 -0.000006 -0.000001 0.062488 0.052493 0.173896
    19 1.149529 0.416498 -1.414117 1.696057 0.643357 0.384458
    20 1.263884 0.000001 0.000000 -0.009012 0.006580 0.475940
    21 1.188946 0.000000 0.000002 -0.011266 0.001942 0.214506
    22 3.773762 0.133217 -0.970574 0.014678 0.179866 -0.050819
    23 1.433458 0.000004 0.000000 -0.035223 0.012931 0.451945
    24 1.019165 0.000011 0.000000 -0.035247 0.012979 0.452158
    25 3.799517 0.014957 -0.039958 -0.033200 -0.011856 0.276310
    26 1.774879 0.000004 0.000000 -0.022399 0.008929 0.454686
    27 1.008841 0.000004 0.000000 -0.022447 0.008929 0.454767
    28 3.632765 0.059053 0.757493 -0.288931 -0.172468 0.475642
    29 1.500135 0.000004 0.000000 -0.017030 0.006568 0.424967
    30 0.905668 0.000002 -0.000001 -0.017030 0.006556 0.424967
    31 3.323332 0.233744 1.479075 -0.401105 -0.446689 0.625871
    32 0.963099 0.000010 0.000000 -0.017941 0.008941 0.550736
    33 0.682898 -0.000002 0.000000 -0.017557 0.009540 0.574774
    34 16.981375 -5.884303 -10.737378 0.265381 0.258130 -2.316523
    35 -6.359165 -5.229270 -9.854528 -0.760761 -0.635432 -1.456869
    36 0.000000 3.992340 0.007782 1.570796 0.000000 -1.570796
    37 15.875484 0.136723 4.062624 2.414834 -0.123081 1.853630
    38 -0.021929 2.029111 -0.137266 -1.570805 0.000001 0.000000
    39 0.019532 0.000000 0.007813 0.355184 0.000000 0.000001
    40 0.002397 -0.669111 0.409449 0.492060 0.000000 0.000000
    41 -0.002402 -6.221447 0.929182 -1.256935 0.000000 0.000000
  time 11
    0 -6.281038 -5.205831 -9.909218 -1.910952 -0.629019 -1.452570
    1 10.295578 0.000000 0.000002 1.930832 -0.439068 -0.161036
    2 16.981375 -5.884303 -10.737378 -0.818708 0.258249 -2.316667
    3 10.295582 0.000001 -0.000006 -0.719445 0.204528 0.123947
    4 1.149520 0.416502 1.414117 -1.914953 -0.592636 0.629184
    5 1.263885 0.000000 -0.000008 0.025060 0.081268 -0.158722
    6 1.188939 -0.000002 0.000010 0.005932 0.001846 -0.215483
    7 3.773755 0.133215 0.970575 0.063173 0.056950 -0.114049
    8 1.433456 0.000000 0.000000 0.099184 -0.021093 0.641202
    9 1.019165 -0.000006 0.000001 0.158364 -0.038303 0.669891
    10 3.799514 0.014957 0.039959 -0.007184 0.092680 0.567449
    11 1.774878 0.000000 0.000000 0.092102 -0.019787 0.350201
    12 1.008844 -0.000004 0.000000 0.103775 -0.031292 0.378118
    13 3.632766 0.059052 -0.757493 0.059963 0.128952 0.609771
    14 1.500137 0.000002 0.000000 0.119355 0.025252 0.382280
    15 0.905666 -0.000002 -0.000001 0.120937 0.012464 0.492559
    16 3.323331 0.233744 -1.479075 0.127030 0.277892 0.163171
    17 0.963100 0.000011 0.000000 0.079398 0.019211 0.637297
    18 0.682894 -0.000006 -0.000001 0.065712 0.048442 0.238727
    19 1.149529 0.416498 -1.414117 1.696069 0.643357 0.384470
    20 1.263884 0.000001 0.000000 -0.008988 0.006592 0.475940
    21 1.188946 0.000000 0.000002 -0.011266 0.001942 0.214506
    22 3.773762 0.133217 -0.970574 0.019700 0.179375 -0.021873
    23 1.433458 0.000004 0.000000 -0.035223 0.012931 0.451902
    24 1.019165 0.000011 0.000000 -0.035247 0.012979 0.452158
    25 3.799517 0.014957 -0.039958 -0.033200 -0.011856 0.276310
    26 1.774879 0.000004 0.000000 -0.022399 0.008929 0.454686
    27 1.008841 0.000004 0.000000 -0.022447 0.008929 0.454767
    28 3.632765 0.059053 0.757493 -0.286414 -0.176699 0.469269
    29 1.500135 0.000004 0.000000 -0.017030 0.006568 0.424967
    30 0.905668 0.000002 -0.000001 -0.017030 0.006556 0.424967
    31 3.323332 0.233744 1.479075 -0.406242 -0.440493 0.637108
    32 0.963099 0.000010 0.000000 -0.017917 0.008941 0.554746
    33 0.682898 -0.000002 0.000000 -0.017557 0.009540 0.574774
    34 16.981375 -5.884303 -10.737378 0.265381 0.258130 -2.316523
    35 -6.281038 -5.205831 -9.909218 -1.216934 -0.629685 -1.452374
    36 0.000000 3.992340 0.007782 1.570796 0.000000 -1.570796
    37 15.750481 -0.472671 2.918058 2.824061 0.180277 1.857038
    38 -0.021929 2.029111 -0.137266 -1.570805 0.000001 0.000000
    39 0.019532 0.000000 0.007813 0.406853 0.000000 0.000001
    40 0.002397 -0.669111 0.409449 0.405091 0.000000 0.000000
    41 -0.002402 -6.221447 0.929182 -1.259956 0.000000 0.000000
  time 12
    0 -6.327914 -5.213644 -9.885779 -1.913030 -0.630900 -1.455057
    1 10.295578 0.000000 0.000002 1.593446 -0.418566 -0.127664
    2 16.981375 -5.884303 -10.737378 -0.818708 0.258249 -2.316667
    3 10.295582 0.000001 -0.000006 -0.719445 0.204528 0.123947
    4 1.149520 0.416502 1.414117 -1.914953 -0.592636 0.629184
    5 1.263885 0.000000 -0.000008 0.025060 0.081268 -0.158722
    6 1.188939 -0.000002 0.000010 0.005932 0.001846 -0.215483
    7 3.773755 0.133215 0.970575 0.063409 0.056866 -0.110632
    8 1.433456 0.000000 0.000000 0.098058 -0.025863 0.691165
    9 1.019165 -0.000006 0.000001 0.154374 -0.049185 0.742819
    10 3.799514 0.014957 0.039959 -0.006486 0.096491 0.573756
    11 1.774878 0.000000 0.000000 0.092006 -0.019978 0.354230
    12 1.008844 -0.000004 0.000000 0.103499 -0.032203 0.387822
    13 3.632766 0.059052 -0.757493 0.062552 0.131636 0.628610
    14 1.500137 0.000002 0.000000 0.120050 0.022591 0.405353
    15 0.905666 -0.000002 -0.000001 0.121596 0.008917 0.519134
    16 3.323331 0.233744 -1.479075 0.133226 0.282633 0.213499
    17 0.963100 0.000011 0.000000 0.080141 0.015892 0.679042
    18 0.682894 -0.000006 -0.000001 0.067126 0.046392 0.269545
    19 1.149529 0.416498 -1.414117 1.696093 0.643357 0.384482
    20 1.263884 0.000001 0.000000 -0.008964 0.006592 0.475957
    21 1.188946 0.000000 0.000002 -0.011266 0.001942 0.214506
    22 3.773762 0.133217 -0.970574 0.025141 0.178620 0.007985
    23 1.433458 0.000004 0.000000 -0.035223 0.012931 0.451902
    24 1.019165 0.000011 0.000000 -0.035247 0.012979 0.452158
    25 3.799517 0.014957 -0.039958 -0.033200 -0.011856 0.276310
    26 1.774879 0.000004 0.000000 -0.022399 0.008929 0.454686
    27 1.008841 0.000004 0.000000 -0.022447 0.008929 0.454767
    28 3.632765 0.059053 0.757493 -0.284149 -0.180605 0.464312
    29 1.500135 0.000004 0.000000 -0.017030 0.006556 0.424967
    30 0.905668 0.000002 -0.000001 -0.017030 0.006556 0.424967
    31 3.323332 0.233744 1.479075 -0.403142 -0.444304 0.630425
    32 0.963099 0.000010 0.000000 -0.017929 0.008941 0.552300
    33 0.682898 -0.000002 0.000000 -0.017557 0.009540 0.574774
    34 16.981375 -5.884303 -10.737378 0.265381 0.258130 -2.316523
    35 -6.327914 -5.213644 -9.885779 -1.707866 -0.631888 -1.455339
    36 0.000000 3.992340 0.007782 1.570796 0.000000 -1.570796
    37 15.875484 -0.738304 2.503983 3.282154 0.448782 1.855334
    38 -0.021929 2.029111 -0.137266 -1.570805 0.000001 0.000000
    39 0.019532 0.000000 0.007813 0.416804 0.000000 0.000001
    40 0.002397 -0.669111 0.409449 0.338200 0.000000 0.000000
    41 -0.002402 -6.221447 0.929182 -1.265496 0.000000 0.000000
  time 13
    0 -6.511513 -5.237082 -9.792027 -1.922086 -0.641434 -1.465960
    1 10.295578 0.000000 0.000002 1.638663 -0.286626 -0.176988
    2 16.981375 -5.884303 -10.737378 -0.818708 0.258249 -2.316667
    3 10.295582 0.000001 -0.000006 -0.719445 0.204528 0.123947
    4 1.149520 0.416502 1.414117 -1.914953 -0.592636 0.629184
    5 1.263885 0.000000 -0.000008 0.025060 0.081268 -0.158722
    6 1.188939 -0.000002 0.000010 0.005932 0.001846 -0.215483
    7 3.773755 0.133215 0.970575 0.063384 0.056914 -0.109931
    8 1.433456 0.000000 0.000000 0.097662 -0.026582 0.698987
    9 1.019165 -0.000006 0.000001 0.153642 -0.050923 0.754444
    10 3.799514 0.014957 0.039959 -0.007547 0.094574 0.560635
    11 1.774878 0.000000 0.000000 0.092138 -0.019475 0.346598
    12 1.008844 -0.000004 0.000000 0.103799 -0.031148 0.377119
    13 3.632766 0.059052 -0.757493 0.060429 0.130366 0.610329
    14 1.500137 0.000002 0.000000 0.119390 0.024652 0.386274
    15 0.905666 -0.000002 -0.000001 0.121044 0.011553 0.498628
    16 3.323331 0.233744 -1.479075 0.129907 0.281307 0.188130
    17 0.963100 0.000011 0.000000 0.079698 0.017509 0.657167
    18 0.682894 -0.000006 -0.000001 0.066443 0.047591 0.254355
    19 1.149529 0.416498 -1.414117 1.696117 0.643345 0.384506
    20 1.263884 0.000001 0.000000 -0.008941 0.006592 0.475974
    21 1.188946 0.000000 0.000002 -0.011266 0.001942 0.214506
    22 3.773762 0.133217 -0.970574 0.029719 0.177864 0.033191
    23 1.433458 0.000004 0.000000 -0.035223 0.012931 0.451902
    24 1.019165 0.000011 0.000000 -0.035247 0.012967 0.452158
    25 3.799517 0.014957 -0.039958 -0.033200 -0.011856 0.276310
    26 1.774879 0.000004 0.000000 -0.022399 0.008929 0.454686
    27 1.008841 0.000004 0.000000 -0.022447 0.008929 0.454767
    28 3.632765 0.059053 0.757493 -0.282315 -0.183698 0.461069
    29 1.500135 0.000004 0.000000 -0.017030 0.006556 0.424929
    30 0.905668 0.000002 -0.000001 -0.017030 0.006544 0.424967
    31 3.323332 0.233744 1.479075 -0.398980 -0.449073 0.621398
    32 0.963099 0.000010 0.000000 -0.017941 0.008941 0.549223
    33 0.682898 -0.000002 0.000000 -0.017557 0.009540 0.574774
    34 16.981375 -5.884303 -10.737378 0.265381 0.258130 -2.316523
    35 -6.511513 -5.237082 -9.792027 -1.931885 -0.641945 -1.465477
    36 0.000000 3.992340 0.007782 1.570796 0.000000 -1.570796
    37 16.563005 0.179693 3.414167 4.113832 0.467784 1.890549
    38 -0.021929 2.029111 -0.137266 -1.570805 0.000001 0.000000
    39 0.019532 0.000000 0.007813 0.416804 0.000000 0.000001
    40 0.002397 -0.669111 0.409449 0.352282 0.000000 0.000000
    41 -0.002402 -6.221447 0.929182 -1.271916 0.000000 0.000000
  time 14
    0 -6.718551 -5.260520 -9.686555 -1.932700 -0.650369 -1.479828
    1 10.295578 0.000000 0.000002 1.987370 -0.118705 -0.254876
    2 16.981375 -5.884303 -10.737378 -0.818708 0.258249 -2.316667
    3 10.295582 0.000001 -0.000006 -0.719445 0.204528 0.123947
    4 1.149520 0.416502 1.414117 -1.914953 -0.592636 0.629184
    5 1.263885 0.000000 -0.000008 0.025060 0.081268 -0.158722
    6 1.188939 -0.000002 0.000010 0.005932 0.001846 -0.215483
    7 3.773755 0.133215 0.970575 0.063136 0.056854 -0.113129
    8 1.433456 0.000000 0.000000 0.099149 -0.021704 0.648482
    9 1.019165 -0.000006 0.000001 0.158065 -0.039705 0.680694
    10 3.799514 0.014957 0.039959 -0.010618 0.088713 0.523765
    11 1.774878 0.000000 0.000000 0.092557 -0.017438 0.324653
    12 1.008844 -0.000004 0.000000 0.104602 -0.028032 0.347603
    13 3.632766 0.059052 -0.757493 0.054293 0.127046 0.560166
    14 1.500137 0.000002 0.000000 0.117916 0.031160 0.333361
    15 0.905666 -0.000002 -0.000001 0.120086 0.018960 0.441065
    16 3.323331 0.233744 -1.479075 0.119912 0.277490 0.117940
    17 0.963100 0.000011 0.000000 0.078595 0.022267 0.597251
    18 0.682894 -0.000006 -0.000001 0.064189 0.050191 0.211849
    19 1.149529 0.416498 -1.414117 1.696129 0.643345 0.384518
    20 1.263884 0.000001 0.000000 -0.008941 0.006592 0.475991
    21 1.188946 0.000000 0.000002 -0.011266 0.001942 0.214506
    22 3.773762 0.133217 -0.970574 0.032128 0.177565 0.047240
    23 1.433458 0.000004 0.000000 -0.035223 0.012931 0.451902
    24 1.019165 0.000011 0.000000 -0.035247 0.012967 0.452158
    25 3.799517 0.014957 -0.039958 -0.033200 -0.011856 0.276310
    26 1.774879 0.000004 0.000000 -0.022399 0.008929 0.454686
    27 1.008841 0.000004 0.000000 -0.022447 0.008929 0.454767
    28 3.632765 0.059053 0.757493 -0.281260 -0.185315 0.459504
    29 1.500135 0.000004 0.000000 -0.017030 0.006556 0.424929
    30 0.905668 0.000002 -0.000001 -0.017030 0.006544 0.424967
    31 3.323332 0.233744 1.479075 -0.398980 -0.449073 0.621398
    32 0.963099 0.000010 0.000000 -0.017941 0.008941 0.549223
    33 0.682898 -0.000002 0.000000 -0.017557 0.009540 0.574774
    34 16.981375 -5.884303 -10.737378 0.265381 0.258130 -2.316523
    35 -6.718551 -5.260520 -9.686555 -1.340499 -0.652290 -1.478771
    36 0.000000 3.992340 0.007782 1.570796 0.000000 -1.570796
    37 17.059114 1.183630 4.761864 -1.313151 0.351196 1.851926
    38 -0.021929 2.029111 -0.137266 -1.570805 0.000001 0.000000
    39 0.019532 0.000000 0.007813 0.416804 0.000000 0.000001
    40 0.002397 -0.669111 0.409449 0.371027 0.000000 0.000000
    41 -0.002402 -6.221447 0.929182 -1.278337 0.000000 0.000000
  time 15
    0 -6.925589 -5.260520 -9.592802 -1.941533 -0.657423 -1.494174
    1 10.295578 0.000000 0.000002 2.375224 0.024687 -0.304512
    2 16.981375 -5.884303 -10.737378 -0.818708 0.258249 -2.316667
    3 10.295582 0.000001 -0.000006 -0.719445 0.204528 0.123947
    4 1.149520 0.416502 1.414117 -1.914953 -0.592636 0.629184
    5 1.263885 0.000000 -0.000008 0.025060 0.081268 -0.158722
    6 1.188939 -0.000002 0.000010 0.005932 0.001846 -0.215483
    7 3.773755 0.133215 0.970575 0.062801 0.056758 -0.118824
    8 1.433456 0.000000 0.000000 0.101018 -0.013579 0.560809
    9 1.019165 -0.000006 0.000001 0.163721 -0.020661 0.552855
    10 3.799514 0.014957 0.039959 -0.014178 0.081679 0.477385
    11 1.774878 0.000000 0.000000 0.092929 -0.014873 0.296829
    12 1.008844 -0.000004 0.000000 0.105548 -0.024113 0.310238
    13 3.632766 0.059052 -0.757493 0.046500 0.123043 0.497295
    14 1.500137 0.000002 0.000000 0.115579 0.038986 0.266303
    15 0.905666 -0.000002 -0.000001 0.117868 0.028092 0.368544
    16 3.323331 0.233744 -1.479075 0.106896 0.272173 0.030583
    17 0.963100 0.000011 0.000000 0.076582 0.028284 0.522562
    18 0.682894 -0.000006 -0.000001 0.061577 0.053763 0.158312
    19 1.149529 0.416498 -1.414117 1.696153 0.643345 0.384542
    20 1.263884 0.000001 0.000000 -0.008941 0.006604 0.476008
    21 1.188946 0.000000 0.000002 -0.011266 0.001942 0.214506
    22 3.773762 0.133217 -0.970574 0.026794 0.178452 0.017791
    23 1.433458 0.000004 0.000000 -0.034647 0.014154 0.480955
    24 1.019165 0.000011 0.000000 -0.035247 0.012967 0.452158
    25 3.799517 0.014957 -0.039958 -0.033259 -0.011712 0.284156
    26 1.774879 0.000004 0.000000 -0.022160 0.009108 0.472191
    27 1.008841 0.000004 0.000000 -0.022447 0.008929 0.454767
    28 3.632765 0.059053 0.757493 -0.287840 -0.174913 0.486488
    29 1.500135 0.000004 0.000000 -0.017030 0.006556 0.424929
    30 0.905668 0.000002 -0.000001 -0.017030 0.006544 0.424967
    31 3.323332 0.233744 1.479075 -0.398980 -0.449085 0.621398
    32 0.963099 0.000010 0.000000 -0.017941 0.008941 0.549223
    33 0.682898 -0.000002 0.000000 -0.017557 0.009540 0.574774
    34 16.981375 -5.884303 -10.737378 0.265381 0.258130 -2.316523
    35 -6.925589 -5.260520 -9.592802 -0.623700 -0.657654 -1.493978
    36 0.000000 3.992340 0.007782 1.570796 0.000000 -1.570796
    37 16.875515 1.742241 6.324412 -0.737204 0.147239 1.987675
    38 -0.021929 2.029111 -0.137266 -1.570805 0.000001 0.000000
    39 0.019532 0.000000 0.007813 0.233666 0.000000 0.000001
    40 0.002397 -0.669111 0.409449 0.653913 0.000000 0.000000
    41 -0.002402 -6.221447 0.929182 -1.282995 0.000000 0.000000
  time 16
    0 -7.015435 -5.350367 -9.448266 -1.946729 -0.662690 -1.500008
    1 10.295578 0.000000 0.000002 2.668962 0.062828 -0.305230
    2 16.981375 -5.884303 -10.737378 -0.818708 0.258249 -2.316667
    3 10.295582 0.000001 -0.000006 -0.719445 0.204528 0.123947
    4 1.149520 0.416502 1.414117 -1.914953 -0.592636 0.629184
    5 1.263885 0.000000 -0.000008 0.025060 0.081268 -0.158722
    6 1.188939 -0.000002 0.000010 0.005932 0.001846 -0.215483
    7 3.773755 0.133215 0.970575 0.062441 0.056746 -0.124256
    8 1.433456 0.000000 0.000000 0.102288 -0.005956 0.476799
    9 1.019165 -0.000006 0.000001 0.168060 -0.003523 0.429951
    10 3.799514 0.014957 0.039959 -0.017319 0.074787 0.435328
    11 1.774878 0.000000 0.000000 0.093360 -0.012560 0.271139
    12 1.008844 -0.000004 0.000000 0.106303 -0.020470 0.276464
    13 3.632766 0.059052 -0.757493 0.039406 0.119208 0.440332
    14 1.500137 0.000002 0.000000 0.113111 0.045973 0.205541
    15 0.905666 -0.000002 -0.000001 0.115519 0.036158 0.302827
    16 3.323331 0.233744 -1.479075 0.094948 0.266883 -0.049157
    17 0.963100 0.000011 0.000000 0.074472 0.033221 0.454803
    18 0.682894 -0.000006 -0.000001 0.058713 0.056519 0.109459
    19 1.149529 0.416498 -1.414117 1.696177 0.643333 0.384554
    20 1.263884 0.000001 0.000000 -0.008929 0.006604 0.476026
    21 1.188946 0.000000 0.000002 -0.011266 0.001942 0.214506
    22 3.773762 0.133217 -0.970574 0.014247 0.179866 -0.052139
    23 1.433458 0.000004 0.000000 -0.033880 0.015772 0.529290
    24 1.019165 0.000011 0.000000 -0.035247 0.012967 0.452158
    25 3.799517 0.014957 -0.039958 -0.033595 -0.011125 0.297898
    26 1.774879 0.000004 0.000000 -0.022112 0.009731 0.501095
    27 1.008841 0.000004 0.000000 -0.022447 0.008929 0.454767
    28 3.632765 0.059053 0.757493 -0.298998 -0.155306 0.531325
    29 1.500135 0.000004 0.000000 -0.017030 0.006556 0.424929
    30 0.905668 0.000002 -0.000001 -0.017030 0.006544 0.424967
    31 3.323332 0.233744 1.479075 -0.398980 -0.449085 0.621398
    32 0.963099 0.000010 0.000000 -0.017941 0.008941 0.549223
    33 0.682898 -0.000002 0.000000 -0.017557 0.009540 0.574774
    34 16.981375 -5.884303 -10.737378 0.265381 0.258130 -2.316523
    35 -7.015435 -5.350367 -9.448266 -0.678056 -0.663017 -1.500099
    36 0.000000 3.992340 0.007782 1.570796 0.000000 -1.570796
    37 16.813013 1.777398 6.761925 0.297314 -0.214938 2.100136
    38 -0.021929 2.029111 -0.137266 -1.570805 0.000001 0.000000
    39 0.019532 0.000000 0.007813 -0.425497 0.000000 0.000001
    40 0.002397 -0.669111 0.409449 1.356229 0.000000 0.000000
    41 -0.002402 -6.221447 0.929182 -1.285094 0.000000 0.000000
  time 17
    0 -6.796678 -5.303491 -9.600614 -1.934259 -0.646701 -1.488340
    1 10.295578 0.000000 0.000002 2.963996 -0.046621 -0.285157
    2 16.981375 -5.884303 -10.737378 -0.818708 0.258249 -2.316667
    3 10.295582 0.000001 -0.000006 -0.719445 0.204528 0.123947
    4 1.149520 0.416502 1.414117 -1.914953 -0.592636 0.629184
    5 1.263885 0.000000 -0.000008 0.025443 0.080692 -0.149043
    6 1.188939 -0.000002 0.000010 0.005932 0.001846 -0.215483
    7 3.773755 0.133215 0.970575 0.062267 0.056998 -0.127279
    8 1.433456 0.000000 0.000000 0.102756 -0.003523 0.448268
    9 1.019165 -0.000006 0.000001 0.169151 0.001007 0.387488
    10 3.799514 0.014957 0.039959 -0.020474 0.068579 0.394694
    11 1.774878 0.000000 0.000000 0.093672 -0.010007 0.245117
    12 1.008844 -0.000004 0.000000 0.106939 -0.016898 0.244094
    13 3.632766 0.059052 -0.757493 0.032972 0.115877 0.387326
    14 1.500137 0.000002 0.000000 0.110138 0.052445 0.148211
    15 0.905666 -0.000002 -0.000001 0.113075 0.043768 0.239900
    16 3.323331 0.233744 -1.479075 0.083179 0.261767 -0.124327
    17 0.963100 0.000011 0.000000 0.072387 0.037763 0.392969
    18 0.682894 -0.000006 -0.000001 0.056148 0.059408 0.062532
    19 1.149529 0.416498 -1.414117 1.696212 0.643333 0.384578
    20 1.263884 0.000001 0.000000 -0.008929 0.006604 0.476043
    21 1.188946 0.000000 0.000002 -0.011254 0.001942 0.214506
    22 3.773762 0.133217 -0.970574 0.009764 0.180154 -0.077093
    23 1.433458 0.000004 0.000000 -0.034647 0.014154 0.480955
    24 1.019165 0.000011 0.000000 -0.035235 0.012967 0.452158
    25 3.799517 0.014957 -0.039958 -0.033259 -0.011712 0.284156
    26 1.774879 0.000004 0.000000 -0.022160 0.009108 0.472191
    27 1.008841 0.000004 0.000000 -0.022447 0.008929 0.454767
    28 3.632765 0.059053 0.757493 -0.295942 -0.160627 0.507956
    29 1.500135 0.000004 0.000000 -0.017030 0.006544 0.424929
    30 0.905668 0.000002 -0.000001 -0.017030 0.006544 0.424967
    31 3.323332 0.233744 1.479075 -0.398980 -0.449085 0.621424
    32 0.963099 0.000010 0.000000 -0.017941 0.008941 0.549223
    33 0.682898 -0.000002 0.000000 -0.017557 0.009540 0.574850
    34 16.981375 -5.884303 -10.737378 0.265381 0.258130 -2.316523
    35 -6.796678 -5.303491 -9.600614 -0.416690 -0.647692 -1.488144
    36 0.000000 3.992340 0.007782 1.570796 0.000000 -1.570796
    37 16.672384 1.289102 6.566607 1.156682 -0.374017 2.104586
    38 -0.021929 2.029111 -0.137266 -1.570805 0.000001 0.000000
    39 0.019532 0.000000 0.007813 -0.494389 0.000000 0.000001
    40 0.002397 -0.669111 0.409449 1.318263 0.000000 0.000000
    41 -0.002402 -6.221447 0.929182 -1.283457 0.000000 0.000000
  time 18
    0 -6.519326 -5.244895 -9.784214 -1.918894 -0.627232 -1.473898
    1 10.295578 0.000000 0.000002 2.909913 -0.175358 -0.271234
    2 16.981375 -5.884303 -10.737378 -0.818708 0.258249 -2.316667
    3 10.295582 0.000001 -0.000006 -0.719445 0.204528 0.123947
    4 1.149520 0.416502 1.414117 -1.914953 -0.592636 0.629184
    5 1.263885 0.000000 -0.000008 0.027241 0.079542 -0.124098
    6 1.188939 -0.000002 0.000010 0.005932 0.001846 -0.215483
    7 3.773755 0.133215 0.970575 0.062441 0.056998 -0.125220
    8 1.433456 0.000000 0.000000 0.102265 -0.006268 0.477975
    9 1.019165 -0.000006 0.000001 0.168060 -0.004686 0.430811
    10 3.799514 0.014957 0.039959 -0.019776 0.069910 0.402984
    11 1.774878 0.000000 0.000000 0.093624 -0.010475 0.249240
    12 1.008844 -0.000004 0.000000 0.106915 -0.017557 0.250492
    13 3.632766 0.059052 -0.757493 0.034215 0.116188 0.398306
    14 1.500137 0.000002 0.000000 0.110810 0.051078 0.158596
    15 0.905666 -0.000002 -0.000001 0.113590 0.042354 0.251149
    16 3.323331 0.233744 -1.479075 0.085072 0.262758 -0.112375
    17 0.963100 0.000011 0.000000 0.072711 0.036948 0.404037
    18 0.682894 -0.000006 -0.000001 0.056399 0.058808 0.069492
    19 1.149529 0.416498 -1.414117 1.696212 0.643333 0.384602
    20 1.263884 0.000001 0.000000 -0.008929 0.006604 0.476077
    21 1.188946 0.000000 0.000002 -0.011242 0.001942 0.214506
    22 3.773762 0.133217 -0.970574 0.009573 0.180154 -0.079325
    23 1.433458 0.000004 0.000000 -0.035223 0.012931 0.451902
    24 1.019165 0.000011 0.000000 -0.035235 0.012967 0.452158
    25 3.799517 0.014957 -0.039958 -0.033200 -0.011856 0.276310
    26 1.774879 0.000004 0.000000 -0.022399 0.008929 0.454686
    27 1.008841 0.000004 0.000000 -0.022447 0.008929 0.454767
    28 3.632765 0.059053 0.757493 -0.292262 -0.166380 0.488351
    29 1.500135 0.000004 0.000000 -0.017030 0.006544 0.424929
    30 0.905668 0.000002 -0.000001 -0.017030 0.006532 0.424967
    31 3.323332 0.233744 1.479075 -0.398980 -0.449085 0.621424
    32 0.963099 0.000010 0.000000 -0.017941 0.008941 0.549273
    33 0.682898 -0.000002 0.000000 -0.017557 0.009540 0.574850
    34 16.981375 -5.884303 -10.737378 0.265381 0.258130 -2.316523
    35 -6.519326 -5.244895 -9.784214 -0.440109 -0.627003 -1.473702
    36 0.000000 3.992340 0.007782 1.570796 0.000000 -1.570796
    37 16.563005 0.792993 6.007996 1.741922 -0.406291 1.915730
    38 -0.021929 2.029111 -0.137266 -1.570805 0.000001 0.000000
    39 0.019532 0.000000 0.007813 -0.019991 0.000000 0.000001
    40 0.002397 -0.669111 0.409449 0.769713 0.000000 0.000000
    41 -0.002402 -6.221447 0.929182 -1.278463 0.000000 0.000000
  time 19
    0 -6.253693 -5.182393 -9.944375 -1.904123 -0.605788 -1.459839
    1 10.295578 0.000000 0.000002 2.594556 -0.299243 -0.250568
    2 16.981375 -5.884303 -10.737378 -0.818708 0.258249 -2.316667
    3 10.295582 0.000001 -0.000006 -0.719445 0.204528 0.123947
    4 1.149520 0.416502 1.414117 -1.914953 -0.592636 0.629184
    5 1.263885 0.000000 -0.000008 0.029350 0.077396 -0.086641
    6 1.188939 -0.000002 0.000010 0.005932 0.001846 -0.215483
    7 3.773755 0.133215 0.970575 0.062652 0.056986 -0.121321
    8 1.433456 0.000000 0.000000 0.101486 -0.011230 0.534584
    9 1.019165 -0.000006 0.000001 0.165256 -0.015940 0.514242
    10 3.799514 0.014957 0.039959 -0.015197 0.078479 0.465485
    11 1.774878 0.000000 0.000000 0.092941 -0.014034 0.287492
    12 1.008844 -0.000004 0.000000 0.105932 -0.022819 0.298393
    13 3.632766 0.059052 -0.757493 0.044118 0.120706 0.477229
    14 1.500137 0.000002 0.000000 0.114681 0.041670 0.241773
    15 0.905666 -0.000002 -0.000001 0.117053 0.031472 0.340559
    16 3.323331 0.233744 -1.479075 0.101120 0.268691 -0.013066
    17 0.963100 0.000011 0.000000 0.075659 0.030740 0.488007
    18 0.682894 -0.000006 -0.000001 0.060115 0.055321 0.130252
    19 1.149529 0.416498 -1.414117 1.696212 0.643321 0.384698
    20 1.263884 0.000001 0.000000 -0.008929 0.006627 0.476094
    21 1.188946 0.000000 0.000002 -0.011230 0.001942 0.214506
    22 3.773762 0.133217 -0.970574 0.011922 0.180046 -0.065213
    23 1.433458 0.000004 0.000000 -0.035223 0.012931 0.451902
    24 1.019165 0.000011 0.000000 -0.035235 0.012967 0.452158
    25 3.799517 0.014957 -0.039958 -0.033200 -0.011856 0.276310
    26 1.774879 0.000004 0.000000 -0.022399 0.008929 0.454686
    27 1.008841 0.000004 0.000000 -0.022447 0.008929 0.454767
    28 3.632765 0.059053 0.757493 -0.290357 -0.169807 0.480040
    29 1.500135 0.000004 0.000000 -0.017030 0.006544 0.424929
    30 0.905668 0.000002 -0.000001 -0.017030 0.006532 0.424967
    31 3.323332 0.233744 1.479075 -0.398980 -0.449085 0.621424
    32 0.963099 0.000010 0.000000 -0.017941 0.008941 0.549273
    33 0.682898 -0.000002 0.000000 -0.017557 0.009540 0.574850
    34 16.981375 -5.884303 -10.737378 0.265381 0.258130 -2.316523
    35 -6.253693 -5.182393 -9.944375 -0.553382 -0.606505 -1.459834
    36 0.000000 3.992340 0.007782 1.570796 0.000000 -1.570796
    37 16.289560 0.410169 4.683737 2.192063 -0.286266 1.834129
    38 -0.021929 2.029111 -0.137266 -1.570805 0.000001 0.000000
    39 0.019532 0.000000 0.007813 0.290119 0.000000 0.000001
    40 0.002397 -0.669111 0.409449 0.512327 0.000000 0.000000
    41 -0.002402 -6.221447 0.929182 -1.270741 0.000000 0.000000
  time 20
    0 -6.062281 -5.119891 -10.065472 -1.892915 -0.589799 -1.449605
    1 10.295578 0.000000 0.000002 2.156029 -0.395250 -0.215823
    2 16.981375 -5.884303 -10.737378 -0.818708 0.258249 -2.316667
    3 10.295582 0.000001 -0.000006 -0.719445 0.204528 0.123947
    4 1.149520 0.416502 1.414117 -1.914953 -0.592636 0.629184
    5 1.263885 0.000000 -0.000008 0.032275 0.074976 -0.038836
    6 1.188939 -0.000002 0.000010 0.005932 0.001846 -0.215483
    7 3.773755 0.133215 0.970575 0.062962 0.056962 -0.116546
    8 1.433456 0.000000 0.000000 0.100083 -0.017462 0.602769
    9 1.019165 -0.000006 0.000001 0.161289 -0.029938 0.614083
    10 3.799514 0.014957 0.039959 -0.009361 0.088354 0.538818
    11 1.774878 0.000000 0.000000 0.092257 -0.018157 0.332521
    12 1.008844 -0.000004 0.000000 0.104482 -0.028823 0.354762
    13 3.632766 0.059052 -0.757493 0.055238 0.126159 0.570533
    14 1.500137 0.000002 0.000000 0.118252 0.030261 0.340127
    15 0.905666 -0.000002 -0.000001 0.120146 0.018253 0.446521
    16 3.323331 0.233744 -1.479075 0.119133 0.274624 0.105695
    17 0.963100 0.000011 0.000000 0.078223 0.023034 0.588928
    18 0.682894 -0.000006 -0.000001 0.064022 0.050731 0.203532
    19 1.149529 0.416498 -1.414117 1.696212 0.643321 0.384806
    20 1.263884 0.000001 0.000000 -0.008929 0.006651 0.476111
    21 1.188946 0.000000 0.000002 -0.011218 0.001953 0.214506
    22 3.773762 0.133217 -0.970574 0.016548 0.179530 -0.040164
    23 1.433458 0.000004 0.000000 -0.035223 0.012931 0.451902
    24 1.019165 0.000011 0.000000 -0.035235 0.012967 0.452158
    25 3.799517 0.014957 -0.039958 -0.033200 -0.011856 0.276310
    26 1.774879 0.000004 0.000000 -0.022399 0.008929 0.454686
    27 1.008841 0.000004 0.000000 -0.022447 0.008929 0.454767
    28 3.632765 0.059053 0.757493 -0.287948 -0.174170 0.472847
    29 1.500135 0.000004 0.000000 -0.017030 0.006544 0.424929
    30 0.905668 0.000002 -0.000001 -0.017030 0.006532 0.424967
    31 3.323332 0.233744 1.479075 -0.398980 -0.449085 0.621424
    32 0.963099 0.000010 0.000000 -0.017941 0.008941 0.549273
    33 0.682898 -0.000002 0.000000 -0.017557 0.009540 0.574850
    34 16.981375 -5.884303 -10.737378 0.265381 0.258130 -2.316523
    35 -6.062281 -5.119891 -10.065472 -0.897576 -0.589934 -1.449696
    36 0.000000 3.992340 0.007782 1.570796 0.000000 -1.570796
    37 16.000488 -0.355480 3.035249 2.551658 -0.098255 1.853346
    38 -0.021929 2.029111 -0.137266 -1.570805 0.000001 0.000000
    39 0.019532 0.000000 0.007813 0.388386 0.000000 0.000001
    40 0.002397 -0.669111 0.409449 0.469033 0.000000 0.000000
    41 -0.002402 -6.221447 0.929182 -1.260669 0.000000 0.000000
  time 21
    0 -6.015405 -5.104266 -10.096723 -1.890317 -0.586131 -1.447214
    1 10.295578 0.000000 0.000002 1.754535 -0.428611 -0.169527
    2 16.981375 -5.884303 -10.737378 -0.818708 0.258249 -2.316667
    3 10.295582 0.000001 -0.000006 -0.719445 0.204528 0.123947
    4 1.149520 0.416502 1.414117 -1.914953 -0.592636 0.629184
    5 1.263885 0.000000 -0.000008 0.035930 0.071932 0.017783
    6 1.188939 -0.000002 0.000010 0.005932 0.001846 -0.215483
    7 3.773755 0.133215 0.970575 0.063285 0.056926 -0.112428
    8 1.433456 0.000000 0.000000 0.098789 -0.022998 0.663222
    9 1.019165 -0.000006 0.000001 0.156699 -0.043061 0.702299
    10 3.799514 0.014957 0.039959 -0.006486 0.094910 0.576247
    11 1.774878 0.000000 0.000000 0.091982 -0.020290 0.355604
    12 1.008844 -0.000004 0.000000 0.103523 -0.032131 0.386395
    13 3.632766 0.059052 -0.757493 0.061619 0.130234 0.624319
    14 1.500137 0.000002 0.000000 0.119846 0.023334 0.398868
    15 0.905666 -0.000002 -0.000001 0.121392 0.010115 0.510766
    16 3.323331 0.233744 -1.479075 0.130746 0.279834 0.190122
    17 0.963100 0.000011 0.000000 0.079710 0.017486 0.659695
    18 0.682894 -0.000006 -0.000001 0.066491 0.047219 0.255143
    19 1.149529 0.416498 -1.414117 1.696212 0.643309 0.384842
    20 1.263884 0.000001 0.000000 -0.008905 0.006699 0.476128
    21 1.188946 0.000000 0.000002 -0.011194 0.001965 0.214506
    22 3.773762 0.133217 -0.970574 0.022001 0.179135 -0.009710
    23 1.433458 0.000004 0.000000 -0.035223 0.012931 0.451902
    24 1.019165 0.000011 0.000000 -0.035235 0.012967 0.452158
    25 3.799517 0.014957 -0.039958 -0.033200 -0.011856 0.276310
    26 1.774879 0.000004 0.000000 -0.022399 0.008929 0.454686
    27 1.008841 0.000004 0.000000 -0.022447 0.008929 0.454767
    28 3.632765 0.059053 0.757493 -0.285287 -0.178280 0.467144
    29 1.500135 0.000004 0.000000 -0.017030 0.006544 0.424929
    30 0.905668 0.000002 -0.000001 -0.017030 0.006532 0.424967
    31 3.323332 0.233744 1.479075 -0.398980 -0.449085 0.621424
    32 0.963099 0.000010 0.000000 -0.017941 0.008941 0.549273
    33 0.682898 -0.000002 0.000000 -0.017557 0.009540 0.574850
    34 16.981375 -5.884303 -10.737378 0.265381 0.258130 -2.316523
    35 -6.015405 -5.104266 -10.096723 -1.393376 -0.585624 -1.447592
    36 0.000000 3.992340 0.007782 1.570796 0.000000 -1.570796
    37 16.062990 -1.097690 2.089908 3.026327 0.269747 1.871900
    38 -0.021929 2.029111 -0.137266 -1.570805 0.000001 0.000000
    39 0.019532 0.000000 0.007813 0.414029 0.000000 0.000001
    40 0.002397 -0.669111 0.409449 0.372549 0.000000 0.000000
    41 -0.002402 -6.221447 0.929182 -1.247744 0.000000 0.000000
  time 22
    0 -6.144315 -5.135517 -10.034221 -1.897888 -0.597135 -1.453431
    1 10.295578 0.000000 0.000002 1.560437 -0.364873 -0.170495
    2 16.981375 -5.884303 -10.737378 -0.818708 0.258249 -2.316667
    3 10.295582 0.000001 -0.000006 -0.719445 0.204528 0.123947
    4 1.149520 0.416502 1.414117 -1.914953 -0.592636 0.629184
    5 1.263885 0.000000 -0.000008 0.039393 0.068708 0.079516
    6 1.188939 -0.000002 0.000010 0.005932 0.001846 -0.215483
    7 3.773755 0.133215 0.970575 0.063409 0.056902 -0.110150
    8 1.433456 0.000000 0.000000 0.097674 -0.026534 0.698309
    9 1.019165 -0.000006 0.000001 0.153678 -0.050791 0.753584
    10 3.799514 0.014957 0.039959 -0.008314 0.095701 0.549040
    11 1.774878 0.000000 0.000000 0.092162 -0.018804 0.339252
    12 1.008844 -0.000004 0.000000 0.103858 -0.030597 0.372719
    13 3.632766 0.059052 -0.757493 0.060908 0.131325 0.610775
    14 1.500137 0.000002 0.000000 0.119379 0.025156 0.383407
    15 0.905666 -0.000002 -0.000001 0.121104 0.011445 0.497770
    16 3.323331 0.233744 -1.479075 0.130003 0.284856 0.195102
    17 0.963100 0.000011 0.000000 0.079710 0.016922 0.662701
    18 0.682894 -0.000006 -0.000001 0.066467 0.047507 0.258207
    19 1.149529 0.416498 -1.414117 1.696212 0.643309 0.384878
    20 1.263884 0.000001 0.000000 -0.008869 0.006735 0.476163
    21 1.188946 0.000000 0.000002 -0.011182 0.001977 0.214506
    22 3.773762 0.133217 -0.970574 0.027154 0.178464 0.018765
    23 1.433458 0.000004 0.000000 -0.035223 0.012931 0.451902
    24 1.019165 0.000011 0.000000 -0.035235 0.012967 0.452158
    25 3.799517 0.014957 -0.039958 -0.033200 -0.011856 0.276310
    26 1.774879 0.000004 0.000000 -0.022399 0.008929 0.454686
    27 1.008841 0.000004 0.000000 -0.022447 0.008929 0.454767
    28 3.632765 0.059053 0.757493 -0.283406 -0.182068 0.462933
    29 1.500135 0.000004 0.000000 -0.017030 0.006532 0.424929
    30 0.905668 0.000002 -0.000001 -0.017030 0.006532 0.424967
    31 3.323332 0.233744 1.479075 -0.398980 -0.449073 0.621424
    32 0.963099 0.000010 0.000000 -0.017941 0.008941 0.549273
    33 0.682898 -0.000002 0.000000 -0.017557 0.009540 0.574850
    34 16.981375 -5.884303 -10.737378 0.265381 0.258130 -2.316523
    35 -6.144315 -5.135517 -10.034221 -1.837101 -0.597597 -1.454191
    36 0.000000 3.992340 0.007782 1.570796 0.000000 -1.570796
    37 16.438002 -0.949248 2.273507 3.603423 0.478860 1.864611
    38 -0.021929 2.029111 -0.137266 -1.570805 0.000001 0.000000
    39 0.019532 0.000000 0.007813 0.416804 0.000000 0.000001
    40 0.002397 -0.669111 0.409449 0.342862 0.000000 0.000000
    41 -0.002402 -6.221447 0.929182 -1.233014 0.000000 0.000000
  time 23
    0 -6.406042 -5.182393 -9.881873 -1.912956 -0.620084 -1.466247
    1 10.295578 0.000000 0.000002 1.733052 -0.227110 -0.229028
    2 16.981375 -5.884303 -10.737378 -0.818708 0.258249 -2.316667
    3 10.295582 0.000001 -0.000006 -0.719445 0.204528 0.123947
    4 1.149520 0.416502 1.414117 -1.914953 -0.592636 0.629184
    5 1.263885 0.000000 -0.000008 0.043192 0.065112 0.144141
    6 1.188939 -0.000002 0.000010 0.005932 0.001846 -0.215483
    7 3.773755 0.133215 0.970575 0.062652 0.057549 -0.122022
    8 1.433456 0.000000 0.000000 0.099005 -0.017953 0.623071
    9 1.019165 -0.000006 0.000001 0.156435 -0.040832 0.695571
    10 3.799514 0.014957 0.039959 -0.014527 0.091794 0.464976
    11 1.774878 0.000000 0.000000 0.092941 -0.014106 0.288534
    12 1.008844 -0.000004 0.000000 0.105416 -0.025000 0.320156
    13 3.632766 0.059052 -0.757493 0.055005 0.129299 0.553310
    14 1.500137 0.000002 0.000000 0.117053 0.034228 0.307139
    15 0.905666 -0.000002 -0.000001 0.119798 0.021141 0.419762
    16 3.323331 0.233744 -1.479075 0.115214 0.290682 0.110382
    17 0.963100 0.000011 0.000000 0.078283 0.022579 0.589146
    18 0.682894 -0.000006 -0.000001 0.063398 0.051618 0.206202
    19 1.149529 0.416498 -1.414117 1.696260 0.643297 0.384902
    20 1.263884 0.000001 0.000000 -0.008833 0.006771 0.476180
    21 1.188946 0.000000 0.000002 -0.011170 0.002001 0.214506
    22 3.773762 0.133217 -0.970574 0.031037 0.177793 0.040671
    23 1.433458 0.000004 0.000000 -0.035223 0.012931 0.451902
    24 1.019165 0.000011 0.000000 -0.035235 0.012967 0.452158
    25 3.799517 0.014957 -0.039958 -0.033200 -0.011856 0.276310
    26 1.774879 0.000004 0.000000 -0.022399 0.008929 0.454686
    27 1.008841 0.000004 0.000000 -0.022447 0.008929 0.454767
    28 3.632765 0.059053 0.757493 -0.281872 -0.184524 0.460212
    29 1.500135 0.000004 0.000000 -0.017030 0.006532 0.424929
    30 0.905668 0.000002 -0.000001 -0.017030 0.006520 0.424967
    31 3.323332 0.233744 1.479075 -0.398980 -0.449073 0.621478
    32 0.963099 0.000010 0.000000 -0.017941 0.008941 0.549273
    33 0.682898 -0.000002 0.000000 -0.017557 0.009540 0.574850
    34 16.981375 -5.884303 -10.737378 0.265381 0.258130 -2.316523
    35 -6.406042 -5.182393 -9.881873 -1.776027 -0.620777 -1.465668
    36 0.000000 3.992340 0.007782 1.570796 0.000000 -1.570796
    37 17.313028 0.253914 3.437605 4.528329 0.422428 1.902193
    38 -0.021929 2.029111 -0.137266 -1.570805 0.000001 0.000000
    39 0.019532 0.000000 0.007813 0.416804 0.000000 0.000001
    40 0.002397 -0.669111 0.409449 0.361131 0.000000 0.000000
    41 -0.002402 -6.221447 0.929182 -1.216354 0.000000 0.000000
  time 24
    0 -6.706832 -5.229270 -9.717806 -1.930028 -0.643221 -1.482219
    1 10.295578 0.000000 0.000002 2.131545 -0.067899 -0.293461
    2 16.981375 -5.884303 -10.737378 -0.818708 0.258249 -2.316667
    3 10.295582 0.000001 -0.000006 -0.719445 0.204528 0.123947
    4 1.149520 0.416502 1.414117 -1.914953 -0.592636 0.629184
    5 1.263885 0.000000 -0.000008 0.047052 0.061829 0.208727
    6 1.188939 -0.000002 0.000010 0.005932 0.001846 -0.215483
    7 3.773755 0.133215 0.970575 0.059686 0.059347 -0.169904
    8 1.433456 0.000000 0.000000 0.099916 0.010247 0.356165
    9 1.019165 -0.000006 0.000001 0.163002 -0.005573 0.474022
    10 3.799514 0.014957 0.039959 -0.022917 0.084447 0.348976
    11 1.774878 0.000000 0.000000 0.093720 -0.007406 0.218099
    12 1.008844 -0.000004 0.000000 0.107010 -0.016790 0.245545
    13 3.632766 0.059052 -0.757493 0.046500 0.125620 0.473328
    14 1.500137 0.000002 0.000000 0.112511 0.047028 0.195438
    15 0.905666 -0.000002 -0.000001 0.116251 0.034803 0.305402
    16 3.323331 0.233744 -1.479075 0.092659 0.295249 -0.016347
    17 0.963100 0.000011 0.000000 0.075551 0.030573 0.479466
    18 0.682894 -0.000006 -0.000001 0.058784 0.057131 0.128107
    19 1.149529 0.416498 -1.414117 1.696296 0.643285 0.384938
    20 1.263884 0.000001 0.000000 -0.008785 0.007011 0.476214
    21 1.188946 0.000000 0.000002 -0.011146 0.002013 0.214506
    22 3.773762 0.133217 -0.970574 0.032715 0.177469 0.050131
    23 1.433458 0.000004 0.000000 -0.035223 0.012931 0.451902
    24 1.019165 0.000011 0.000000 -0.035235 0.012967 0.452115
    25 3.799517 0.014957 -0.039958 -0.033200 -0.011856 0.276310
    26 1.774879 0.000004 0.000000 -0.022399 0.008929 0.454686
    27 1.008841 0.000004 0.000000 -0.022447 0.008929 0.454889
    28 3.632765 0.059053 0.757493 -0.281201 -0.185819 0.459243
    29 1.500135 0.000004 0.000000 -0.017030 0.006532 0.424929
    30 0.905668 0.000002 -0.000001 -0.017030 0.006520 0.424967
    31 3.323332 0.233744 1.479075 -0.398980 -0.449073 0.621478
    32 0.963099 0.000010 0.000000 -0.017941 0.008941 0.549273
    33 0.682898 -0.000002 0.000000 -0.017557 0.009540 0.574850
    34 16.981375 -5.884303 -10.737378 0.265381 0.258130 -2.316523
    35 -6.706832 -5.229270 -9.717806 -0.954521 -0.643382 -1.482214
    36 0.000000 3.992340 0.007782 1.570796 0.000000 -1.570796
    37 17.563036 1.402387 4.855617 -1.042664 0.359694 1.812924
    38 -0.021929 2.029111 -0.137266 -1.570805 0.000001 0.000000
    39 0.019532 0.000000 0.007813 0.416804 0.000000 0.000001
    40 0.002397 -0.669111 0.409449 0.376451 0.000000 0.000000
    41 -0.002402 -6.221447 0.929182 -1.198308 0.000000 0.000000
  time 25
    0 -6.956840 -5.213644 -9.627959 -1.940197 -0.649899 -1.499817
    1 10.295578 0.000000 0.000002 2.495461 0.037061 -0.303919
    2 16.981375 -5.884303 -10.737378 -0.818708 0.258249 -2.316667
    3 10.295582 0.000001 -0.000006 -0.719445 0.204528 0.123947
    4 1.149520 0.416502 1.414117 -1.914953 -0.592636 0.629184
    5 1.263885 0.000000 -0.000008 0.050719 0.058593 0.270755
    6 1.188939 -0.000002 0.000010 0.005932 0.001846 -0.215483
    7 3.773755 0.133215 0.970575 0.057750 0.061612 -0.202629
    8 1.433456 0.000000 0.000000 0.096140 0.034300 0.088038
    9 1.019165 -0.000006 0.000001 0.165687 0.026450 0.250865
    10 3.799514 0.014957 0.039959 -0.031949 0.074584 0.220210
    11 1.774878 0.000000 0.000000 0.094187 -0.000168 0.139938
    12 1.008844 -0.000004 0.000000 0.108353 -0.007862 0.161991
    13 3.632766 0.059052 -0.757493 0.035160 0.121953 0.374061
    14 1.500137 0.000002 0.000000 0.105824 0.060978 0.069499
    15 0.905666 -0.000002 -0.000001 0.110198 0.050132 0.175195
    16 3.323331 0.233744 -1.479075 0.074538 0.296950 -0.114250
    17 0.963100 0.000011 0.000000 0.072687 0.036361 0.395496
    18 0.682894 -0.000006 -0.000001 0.055009 0.061133 0.068135
    19 1.149529 0.416498 -1.414117 1.696344 0.643273 0.384974
    20 1.263884 0.000001 0.000000 -0.008749 0.007059 0.476231
    21 1.188946 0.000000 0.000002 -0.011122 0.002037 0.214506
    22 3.773762 0.133217 -0.970574 0.032727 0.177469 0.050194
    23 1.433458 0.000004 0.000000 -0.035223 0.012931 0.451945
    24 1.019165 0.000011 0.000000 -0.035235 0.012967 0.452115
    25 3.799517 0.014957 -0.039958 -0.033200 -0.011856 0.276310
    26 1.774879 0.000004 0.000000 -0.022399 0.008929 0.454808
    27 1.008841 0.000004 0.000000 -0.022447 0.008929 0.454889
    28 3.632765 0.059053 0.757493 -0.281201 -0.185819 0.459243
    29 1.500135 0.000004 0.000000 -0.017030 0.006532 0.424929
    30 0.905668 0.000002 -0.000001 -0.017030 0.006520 0.424967
    31 3.323332 0.233744 1.479075 -0.398980 -0.449073 0.621478
    32 0.963099 0.000010 0.000000 -0.017941 0.008941 0.549273
    33 0.682898 -0.000002 0.000000 -0.017557 0.009540 0.574850
    34 16.981375 -5.884303 -10.737378 0.265381 0.258130 -2.316523
    35 -6.956840 -5.213644 -9.627959 -0.527621 -0.650087 -1.499621
    36 0.000000 3.992340 0.007782 1.570796 0.000000 -1.570796
    37 17.563036 1.988342 6.199408 -0.487797 0.137786 2.024973
    38 -0.021929 2.029111 -0.137266 -1.570805 0.000001 0.000000
    39 0.019532 0.000000 0.007813 0.073875 0.000000 0.000001
    40 0.002397 -0.669111 0.409449 0.803587 0.000000 0.000000
    41 -0.002402 -6.221447 0.929182 -1.178585 0.000000 0.000000
  time 26
    0 -6.968559 -5.088640 -9.729525 -1.934333 -0.630712 -1.508616
    1 10.295578 0.000000 0.000002 2.766011 0.043272 -0.206676
    2 16.981375 -5.884303 -10.737378 -0.818708 0.258249 -2.316667
    3 10.295582 0.000001 -0.000006 -0.719445 0.204528 0.123947
    4 1.149520 0.416502 1.414117 -1.914953 -0.592636 0.629184
    5 1.263885 0.000000 -0.000008 0.053931 0.055573 0.327688
    6 1.188939 -0.000002 0.000010 0.005932 0.001846 -0.215483
    7 3.773755 0.133215 0.970575 0.057601 0.062594 -0.197547
    8 1.433456 0.000000 0.000000 0.095182 0.038495 0.031338
    9 1.019165 -0.000006 0.000001 0.165795 0.032275 0.203655
    10 3.799514 0.014957 0.039959 -0.039669 0.064433 0.102938
    11 1.774878 0.000000 0.000000 0.093708 0.006496 0.068602
    12 1.008844 -0.000004 0.000000 0.108580 0.000384 0.085358
    13 3.632766 0.059052 -0.757493 0.022409 0.119268 0.264761
    14 1.500137 0.000002 0.000000 0.098034 0.072711 -0.046243
    15 0.905666 -0.000002 -0.000001 0.103044 0.063375 0.054858
    16 3.323331 0.233744 -1.479075 0.069301 0.297191 -0.142021
    17 0.963100 0.000011 0.000000 0.071824 0.038147 0.371530
    18 0.682894 -0.000006 -0.000001 0.054015 0.062428 0.051194
    19 1.149529 0.416498 -1.414117 1.696392 0.643273 0.385010
    20 1.263884 0.000001 0.000000 -0.008701 0.007095 0.476266
    21 1.188946 0.000000 0.000002 -0.011098 0.002049 0.214506
    22 3.773762 0.133217 -0.970574 0.032727 0.177469 0.050225
    23 1.433458 0.000004 0.000000 -0.035223 0.012931 0.451945
    24 1.019165 0.000011 0.000000 -0.035235 0.012967 0.452115
    25 3.799517 0.014957 -0.039958 -0.033200 -0.011856 0.276310
    26 1.774879 0.000004 0.000000 -0.022399 0.008929 0.454808
    27 1.008841 0.000004 0.000000 -0.022447 0.008929 0.454889
    28 3.632765 0.059053 0.757493 -0.281201 -0.185819 0.459243
    29 1.500135 0.000004 0.000000 -0.017030 0.006520 0.424929
    30 0.905668 0.000002 -0.000001 -0.017030 0.006520 0.424967
    31 3.323332 0.233744 1.479075 -0.399082 -0.449061 0.621667
    32 0.963099 0.000010 0.000000 -0.017941 0.008941 0.549273
    33 0.682898 -0.000002 0.000000 -0.017557 0.009540 0.574850
    34 16.981375 -5.884303 -10.737378 0.265381 0.258130 -2.316523
    35 -6.968559 -5.088640 -9.729525 -0.700119 -0.630930 -1.508420
    36 0.000000 3.992340 0.007782 1.570796 0.000000 -1.570796
    37 18.125553 1.445357 6.527543 0.153208 0.129574 1.993071
    38 -0.021929 2.029111 -0.137266 -1.570805 0.000001 0.000000
    39 0.019532 0.000000 0.007813 0.096839 0.000000 0.000001
    40 0.002397 -0.669111 0.409449 0.750207 0.000000 0.000000
    41 -0.002402 -6.221447 0.929182 -1.157937 0.000000 0.000000
  time 27
    0 -6.706832 -5.053483 -9.885779 -1.922828 -0.620084 -1.490731
    1 10.295578 0.000000 0.000002 2.709746 -0.075663 -0.120359
    2 16.981375 -5.884303 -10.737378 -0.818708 0.258249 -2.316667
    3 10.295582 0.000001 -0.000006 -0.719445 0.204528 0.123947
    4 1.149520 0.416502 1.414117 -1.914953 -0.592636 0.629184
    5 1.263885 0.000000 -0.000008 0.056459 0.052984 0.377165
    6 1.188939 -0.000002 0.000010 0.005932 0.001846 -0.215483
    7 3.773755 0.133215 0.970575 0.060083 0.058891 -0.137092
    8 1.433456 0.000000 0.000000 0.097363 0.032155 0.108973
    9 1.019165 -0.000006 0.000001 0.166082 0.022171 0.270751
    10 3.799514 0.014957 0.039959 -0.044932 0.056127 0.017349
    11 1.774878 0.000000 0.000000 0.093480 0.011301 0.016321
    12 1.008844 -0.000004 0.000000 0.108628 0.006663 0.028704
    13 3.632766 0.059052 -0.757493 0.008829 0.119077 0.151225
    14 1.500137 0.000002 0.000000 0.091347 0.081088 -0.132521
    15 0.905666 -0.000002 -0.000001 0.096824 0.072711 -0.034338
    16 3.323331 0.233744 -1.479075 0.069301 0.297191 -0.142197
    17 0.963100 0.000011 0.000000 0.071824 0.038147 0.371530
    18 0.682894 -0.000006 -0.000001 0.054015 0.062428 0.051194
    19 1.149529 0.416498 -1.414117 1.696560 0.643261 0.385046
    20 1.263884 0.000001 0.000000 -0.008653 0.007143 0.476300
    21 1.188946 0.000000 0.000002 -0.011086 0.002073 0.214506
    22 3.773762 0.133217 -0.970574 0.032727 0.177469 0.050225
    23 1.433458 0.000004 0.000000 -0.035223 0.012931 0.451945
    24 1.019165 0.000011 0.000000 -0.035235 0.012967 0.452115
    25 3.799517 0.014957 -0.039958 -0.033200 -0.011856 0.276310
    26 1.774879 0.000004 0.000000 -0.022399 0.008929 0.454808
    27 1.008841 0.000004 0.000000 -0.022447 0.008929 0.454889
    28 3.632765 0.059053 0.757493 -0.281201 -0.185819 0.459243
    29 1.500135 0.000004 0.000000 -0.017030 0.006520 0.424929
    30 0.905668 0.000002 -0.000001 -0.017030 0.006508 0.424967
    31 3.323332 0.233744 1.479075 -0.399082 -0.449061 0.621667
    32 0.963099 0.000010 0.000000 -0.017941 0.008941 0.549273
    33 0.682898 -0.000002 0.000000 -0.017557 0.009540 0.574875
    34 16.981375 -5.884303 -10.737378 0.265381 0.258130 -2.316523
    35 -6.706832 -5.053483 -9.885779 -1.055838 -0.621160 -1.490535
    36 0.000000 3.992340 0.007782 1.570796 0.000000 -1.570796
    37 17.938047 0.515641 5.351726 0.979232 0.197369 1.908062
    38 -0.021929 2.029111 -0.137266 -1.570805 0.000001 0.000000
    39 0.019532 0.000000 0.007813 0.416804 0.000000 0.000001
    40 0.002397 -0.669111 0.409449 0.414321 0.000000 0.000000
    41 -0.002402 -6.221447 0.929182 -1.136451 0.000000 0.000000
  time 28
    0 -6.417761 -4.994887 -10.061566 -1.909319 -0.609268 -1.469594
    1 10.295578 0.000000 0.000002 2.410620 -0.274398 -0.076311
    2 16.981375 -5.884303 -10.737378 -0.818708 0.258249 -2.316667
    3 10.295582 0.000001 -0.000006 -0.719445 0.204528 0.123947
    4 1.149520 0.416502 1.414117 -1.914953 -0.592636 0.629184
    5 1.263885 0.000000 -0.000008 0.058713 0.050779 0.421488
    6 1.188939 -0.000002 0.000010 0.005932 0.001846 -0.215483
    7 3.773755 0.133215 0.970575 0.069167 0.031147 -0.084259
    8 1.433456 0.000000 0.000000 0.098358 0.029147 0.144105
    9 1.019165 -0.000006 0.000001 0.166154 0.016083 0.309215
    10 3.799514 0.014957 0.039959 -0.047026 0.052544 -0.019521
    11 1.774878 0.000000 0.000000 0.093000 0.013531 -0.005578
    12 1.008844 -0.000004 0.000000 0.108988 0.009636 0.005062
    13 3.632766 0.059052 -0.757493 -0.005217 0.122264 0.038804
    14 1.500137 0.000002 0.000000 0.088231 0.084372 -0.169739
    15 0.905666 -0.000002 -0.000001 0.093851 0.076606 -0.072499
    16 3.323331 0.233744 -1.479075 0.069337 0.297191 -0.142197
    17 0.963100 0.000011 0.000000 0.071824 0.038147 0.371356
    18 0.682894 -0.000006 -0.000001 0.054027 0.062428 0.051194
    19 1.149529 0.416498 -1.414117 1.696668 0.643249 0.385082
    20 1.263884 0.000001 0.000000 -0.008605 0.007191 0.476317
    21 1.188946 0.000000 0.000002 -0.011062 0.002097 0.214506
    22 3.773762 0.133217 -0.970574 0.032727 0.177469 0.050225
    23 1.433458 0.000004 0.000000 -0.035223 0.012931 0.451945
    24 1.019165 0.000011 0.000000 -0.035235 0.012955 0.452115
    25 3.799517 0.014957 -0.039958 -0.033200 -0.011856 0.276310
    26 1.774879 0.000004 0.000000 -0.022399 0.008929 0.454808
    27 1.008841 0.000004 0.000000 -0.022447 0.008929 0.454889
    28 3.632765 0.059053 0.757493 -0.281201 -0.185819 0.459243
    29 1.500135 0.000004 0.000000 -0.017030 0.006520 0.424929
    30 0.905668 0.000002 -0.000001 -0.017030 0.006508 0.424967
    31 3.323332 0.233744 1.479075 -0.399082 -0.449050 0.621667
    32 0.963099 0.000010 0.000000 -0.017941 0.008941 0.549273
    33 0.682898 -0.000002 0.000000 -0.017557 0.009540 0.574951
    34 16.981375 -5.884303 -10.737378 0.265381 0.258130 -2.316523
    35 -6.417761 -4.994887 -10.061566 -1.448965 -0.608804 -1.469685
    36 0.000000 3.992340 0.007782 1.570796 0.000000 -1.570796
    37 17.313028 -0.820338 4.105594 1.813975 0.641663 1.900489
    38 -0.021929 2.029111 -0.137266 -1.570805 0.000001 0.000000
    39 0.019532 0.000000 0.007813 0.416230 0.000000 0.000001
    40 0.002397 -0.669111 0.409449 0.338961 0.000000 0.000000
    41 -0.002402 -6.221447 0.929182 -1.114419 0.000000 0.000000
  time 29
    0 -6.191191 -4.791756 -10.315480 -1.893583 -0.580958 -1.458978
    1 10.295578 0.000000 0.000002 2.123702 -0.438437 -0.017278
    2 16.981375 -5.884303 -10.737378 -0.818708 0.258249 -2.316667
    3 10.295582 0.000001 -0.000006 -0.719445 0.204528 0.123947
    4 1.149520 0.416502 1.414117 -1.914953 -0.592636 0.629184
    5 1.263885 0.000000 -0.000008 0.053272 0.053883 0.340200
    6 1.188939 -0.000002 0.000010 0.005932 0.001846 -0.215483
    7 3.773755 0.133215 0.970575 0.085064 -0.006185 -0.032040
    8 1.433456 0.000000 0.000000 0.099041 0.028068 0.159026
    9 1.019165 -0.000006 0.000001 0.166442 0.011230 0.339978
    10 3.799514 0.014957 0.039959 -0.046328 0.054462 0.003720
    11 1.774878 0.000000 0.000000 0.094211 -0.000539 0.146337
    12 1.008844 -0.000004 0.000000 0.110798 -0.004722 0.143154
    13 3.632766 0.059052 -0.757493 -0.024583 0.173762 -0.130914
    14 1.500137 0.000002 0.000000 0.091994 0.080357 -0.124485
    15 0.905666 -0.000002 -0.000001 0.098202 0.071165 -0.016407
    16 3.323331 0.233744 -1.479075 0.069864 0.289691 -0.179108
    17 0.963100 0.000011 0.000000 0.071009 0.036913 0.347389
    18 0.682894 -0.000006 -0.000001 0.055585 0.060678 0.069186
    19 1.149529 0.416498 -1.414117 1.696716 0.643249 0.385130
    20 1.263884 0.000001 0.000000 -0.008569 0.007239 0.476351
    21 1.188946 0.000000 0.000002 -0.011026 0.002205 0.214506
    22 3.773762 0.133217 -0.970574 0.032727 0.177469 0.050225
    23 1.433458 0.000004 0.000000 -0.035223 0.012931 0.451945
    24 1.019165 0.000011 0.000000 -0.035235 0.012955 0.452115
    25 3.799517 0.014957 -0.039958 -0.033200 -0.011856 0.276310
    26 1.774879 0.000004 0.000000 -0.022399 0.008929 0.454808
    27 1.008841 0.000004 0.000000 -0.022447 0.008929 0.454889
    28 3.632765 0.059053 0.757493 -0.281201 -0.185807 0.459280
    29 1.500135 0.000004 0.000000 -0.017030 0.006520 0.424929
    30 0.905668 0.000002 -0.000001 -0.017030 0.006508 0.424967
    31 3.323332 0.233744 1.479075 -0.399082 -0.449050 0.621667
    32 0.963099 0.000010 0.000000 -0.017941 0.008941 0.549374
    33 0.682898 -0.000002 0.000000 -0.017557 0.009540 0.574951
    34 16.981375 -5.884303 -10.737378 0.265381 0.258130 -2.316523
    35 -6.191191 -4.791756 -10.315480 -1.692459 -0.581697 -1.458782
    36 0.000000 3.992340 0.007782 1.570796 0.000000 -1.570796
    37 17.293496 -1.925840 2.707114 1.623590 1.037546 1.530255
    38 -0.021929 2.029111 -0.137266 -1.570805 0.000001 0.000000
    39 0.019532 0.000000 0.007813 0.249741 0.000000 0.000001
    40 0.002397 -0.669111 0.409449 0.574557 0.000000 0.000000
    41 -0.002402 -6.221447 0.929182 -1.092177 0.000000 0.000000
  time 30
    0 -6.062281 -4.358149 -10.725649 -1.875843 -0.527724 -1.462134
    1 10.295578 0.000000 0.000002 1.880705 -0.545896 0.077280
    2 16.981375 -5.884303 -10.737378 -0.818708 0.258249 -2.316667
    3 10.295582 0.000001 -0.000006 -0.719445 0.204528 0.123947
    4 1.149520 0.416502 1.414117 -1.805527 -0.327922 0.505762
    5 1.263885 0.000000 -0.000008 0.036948 0.063590 0.084867
    6 1.188939 -0.000002 0.000010 0.005860 0.001906 -0.233677
    7 3.773755 0.133215 0.970575 0.089544 -0.004280 0.079364
    8 1.433456 0.000000 0.000000 0.102241 0.014801 0.297882
    9 1.019165 -0.000006 0.000001 0.165927 -0.010427 0.470957
    10 3.799514 0.014957 0.039959 -0.040395 0.058045 0.093327
    11 1.774878 0.000000 0.000000 0.091850 -0.020649 0.361103
    12 1.008844 -0.000004 0.000000 0.109264 -0.026822 0.353763
    13 3.632766 0.059052 -0.757493 -0.000207 0.138647 0.066227
    14 1.500137 0.000002 0.000000 0.099975 0.069714 -0.016121
    15 0.905666 -0.000002 -0.000001 0.106327 0.058089 0.108559
    16 3.323331 0.233744 -1.479075 0.075772 0.268892 -0.179577
    17 0.963100 0.000011 0.000000 0.069702 0.034683 0.311439
    18 0.682894 -0.000006 -0.000001 0.060714 0.054818 0.146668
    19 1.149529 0.416498 -1.414117 1.696776 0.643249 0.385166
    20 1.263884 0.000001 0.000000 -0.008293 0.007287 0.476386
    21 1.188946 0.000000 0.000002 -0.011002 0.002241 0.214529
    22 3.773762 0.133217 -0.970574 0.032727 0.177469 0.050225
    23 1.433458 0.000004 0.000000 -0.035223 0.012931 0.451945
    24 1.019165 0.000011 0.000000 -0.035235 0.012955 0.452115
    25 3.799517 0.014957 -0.039958 -0.033200 -0.011856 0.276310
    26 1.774879 0.000004 0.000000 -0.022399 0.008929 0.454808
    27 1.008841 0.000004 0.000000 -0.022447 0.008929 0.454930
    28 3.632765 0.059053 0.757493 -0.281201 -0.185795 0.459280
    29 1.500135 0.000004 0.000000 -0.017030 0.006520 0.424929
    30 0.905668 0.000002 -0.000001 -0.017030 0.006508 0.424967
    31 3.323332 0.233744 1.479075 -0.399082 -0.449050 0.621667
    32 0.963099 0.000010 0.000000 -0.017941 0.008941 0.549450
    33 0.682898 -0.000002 0.000000 -0.017557 0.009540 0.574951
    34 16.981375 -5.884303 -10.737378 0.265381 0.258130 -2.316523
    35 -6.062281 -4.358149 -10.725649 -1.751992 -0.527866 -1.462225
    36 0.000000 3.992340 0.007782 1.570796 0.000000 -1.570796
    37 17.856014 -3.562609 1.777398 0.737107 1.118040 0.572343
    38 -0.021929 2.029111 -0.137266 -1.570805 0.000001 0.000000
    39 0.019532 0.000000 0.007813 0.033688 0.000000 0.000001
    40 0.002397 -0.669111 0.409449 0.988467 0.000000 0.000000
    41 -0.002402 -6.221447 0.929182 -1.069809 0.000000 0.000000
  time 31
    0 -5.988060 -3.998763 -11.034252 -1.863744 -0.483237 -1.465960
    1 10.295578 0.000000 0.000002 1.654758 -0.610192 0.196188
    2 16.981375 -5.884303 -10.737378 -0.818708 0.258249 -2.316667
    3 10.295582 0.000001 -0.000006 -0.719445 0.204528 0.123947
    4 1.149520 0.416502 1.414117 -1.710796 -0.071854 0.395867
    5 1.263885 0.000000 -0.000008 0.023622 0.071165 -0.116740
    6 1.188939 -0.000002 0.000010 0.006268 0.001091 -0.085329
    7 3.773755 0.133215 0.970575 0.081937 0.026665 0.223931
    8 1.433456 0.000000 0.000000 0.103559 -0.013543 0.561894
    9 1.019165 -0.000006 0.000001 0.161456 -0.044343 0.668059
    10 3.799514 0.014957 0.039959 -0.004336 0.058009 0.451957
    11 1.774878 0.000000 0.000000 0.088087 -0.033233 0.500504
    12 1.008844 -0.000004 0.000000 0.109815 -0.022915 0.320251
    13 3.632766 0.059052 -0.757493 0.018862 0.065338 0.541996
    14 1.500137 0.000002 0.000000 0.114573 0.042282 0.238248
    15 0.905666 -0.000002 -0.000001 0.117821 0.028368 0.366153
    16 3.323331 0.233744 -1.479075 0.104332 0.201660 0.188013
    17 0.963100 0.000011 0.000000 0.070134 0.034588 0.318411
    18 0.682894 -0.000006 -0.000001 0.075119 0.031663 0.473406
    19 1.149529 0.416498 -1.414117 1.696836 0.643249 0.385166
    20 1.263884 0.000001 0.000000 -0.008245 0.007335 0.476420
    21 1.188946 0.000000 0.000002 -0.010978 0.002337 0.214529
    22 3.773762 0.133217 -0.970574 0.032727 0.177469 0.050225
    23 1.433458 0.000004 0.000000 -0.035223 0.012943 0.451945
    24 1.019165 0.000011 0.000000 -0.035235 0.012955 0.452115
    25 3.799517 0.014957 -0.039958 -0.033200 -0.011856 0.276310
    26 1.774879 0.000004 0.000000 -0.022399 0.008929 0.454808
    27 1.008841 0.000004 0.000000 -0.022447 0.008929 0.454930
    28 3.632765 0.059053 0.757493 -0.281201 -0.185795 0.459280
    29 1.500135 0.000004 0.000000 -0.017030 0.006508 0.424929
    30 0.905668 0.000002 -0.000001 -0.017030 0.006496 0.424967
    31 3.323332 0.233744 1.479075 -0.399213 -0.449026 0.621883
    32 0.963099 0.000010 0.000000 -0.017941 0.008941 0.549727
    33 0.682898 -0.000002 0.000000 -0.017521 0.009528 0.575203
    34 16.981375 -5.884303 -10.737378 0.265381 0.258130 -2.316523
    35 -5.988060 -3.998763 -11.034252 -1.736092 -0.484380 -1.465955
    36 0.000000 3.992340 0.007782 1.570796 0.000000 -1.570796
    37 18.875576 -5.402509 1.171911 0.074448 1.049386 -0.046670
    38 -0.021929 2.029111 -0.137266 -1.570805 0.000001 0.000000
    39 0.019532 0.000000 0.007813 -0.005543 0.000000 0.000001
    40 0.002397 -0.669111 0.409449 1.321879 0.000000 0.000000
    41 -0.002402 -6.221447 0.929182 -1.047610 0.000000 0.000000
  time 32
    0 -5.878682 -3.881572 -11.155349 -1.858400 -0.482767 -1.453144
    1 10.295578 0.000000 0.000002 1.497420 -0.552156 0.354618
    2 16.981375 -5.884303 -10.737378 -0.818708 0.258249 -2.316667
    3 10.295582 0.000001 -0.000006 -0.719445 0.204528 0.123947
    4 1.149520 0.416502 1.414117 -1.704284 -0.059770 0.412789
    5 1.263885 0.000000 -0.000008 0.021153 0.072423 -0.152112
    6 1.188939 -0.000002 0.000010 0.006340 0.000671 -0.030747
    7 3.773755 0.133215 0.970575 0.080373 0.032633 0.249209
    8 1.433456 0.000000 0.000000 0.103020 -0.019032 0.611405
    9 1.019165 -0.000006 0.000001 0.160414 -0.050275 0.702897
    10 3.799514 0.014957 0.039959 0.006846 0.054761 0.556516
    11 1.774878 0.000000 0.000000 0.087488 -0.034588 0.514534
    12 1.008844 -0.000004 0.000000 0.110702 -0.017126 0.266998
    13 3.632766 0.059052 -0.757493 0.016493 0.045323 0.667459
    14 1.500137 0.000002 0.000000 0.116670 0.036134 0.290692
    15 0.905666 -0.000002 -0.000001 0.119355 0.021225 0.425310
    16 3.323331 0.233744 -1.479075 0.151695 0.125080 0.662996
    17 0.963100 0.000011 0.000000 0.069415 0.036146 0.301286
    18 0.682894 -0.000006 -0.000001 0.065688 0.048598 0.235619
    19 1.149529 0.416498 -1.414117 1.696896 0.643249 0.385190
    20 1.263884 0.000001 0.000000 -0.008197 0.007371 0.476454
    21 1.188946 0.000000 0.000002 -0.010942 0.002361 0.214529
    22 3.773762 0.133217 -0.970574 0.032727 0.177469 0.050257
    23 1.433458 0.000004 0.000000 -0.035223 0.012943 0.451945
    24 1.019165 0.000011 0.000000 -0.035223 0.012955 0.452115
    25 3.799517 0.014957 -0.039958 -0.033200 -0.011856 0.276310
    26 1.774879 0.000004 0.000000 -0.022399 0.008929 0.454808
    27 1.008841 0.000004 0.000000 -0.022447 0.008929 0.454930
    28 3.632765 0.059053 0.757493 -0.281201 -0.185783 0.459318
    29 1.500135 0.000004 0.000000 -0.017030 0.006508 0.424929
    30 0.905668 0.000002 -0.000001 -0.017030 0.006496 0.424967
    31 3.323332 0.233744 1.479075 -0.399475 -0.448786 0.622529
    32 0.963099 0.000010 0.000000 -0.017941 0.008941 0.550383
    33 0.682898 -0.000002 0.000000 -0.017498 0.009528 0.575859
    34 16.981375 -5.884303 -10.737378 0.265381 0.258130 -2.316523
    35 -5.878682 -3.881572 -11.155349 -1.728265 -0.482847 -1.453139
    36 0.000000 3.992340 0.007782 1.570796 0.000000 -1.570796
    37 19.313089 -6.168157 1.003937 -0.418043 1.128066 -0.591276
    38 -0.021929 2.029111 -0.137266 -1.570805 0.000001 0.000000
    39 0.019532 0.000000 0.007813 0.000007 0.000000 0.000001
    40 0.002397 -0.669111 0.409449 1.509804 0.000000 0.000000
    41 -0.002402 -6.221447 0.929182 -1.025829 0.000000 0.000000
  time 33
    0 -5.613049 -3.901104 -11.198319 -1.850606 -0.496969 -1.424356
    1 10.295578 0.000000 0.000002 1.488690 -0.456440 0.439998
    2 16.981375 -5.884303 -10.737378 -0.818708 0.258249 -2.316667
    3 10.295582 0.000001 -0.000006 -0.719445 0.204547 0.123947
    4 1.149520 0.416502 1.414117 -1.704284 -0.035425 0.459262
    5 1.263885 0.000000 -0.000008 0.019870 0.072711 -0.166886
    6 1.188939 -0.000002 0.000010 0.006340 0.000671 -0.032993
    7 3.773755 0.133215 0.970575 0.080795 0.032225 0.253590
    8 1.433456 0.000000 0.000000 0.103115 -0.018828 0.606115
    9 1.019165 -0.000006 0.000001 0.160546 -0.050144 0.700767
    10 3.799514 0.014957 0.039959 0.004808 0.056175 0.548175
    11 1.774878 0.000000 0.000000 0.086804 -0.036134 0.531645
    12 1.008844 -0.000004 0.000000 0.109395 -0.021225 0.303293
    13 3.632766 0.059052 -0.757493 0.019561 0.051076 0.648787
    14 1.500137 0.000002 0.000000 0.117821 0.031579 0.328285
    15 0.905666 -0.000002 -0.000001 0.119882 0.018948 0.443517
    16 3.323331 0.233744 -1.479075 0.188332 0.104696 0.823765
    17 0.963100 0.000011 0.000000 0.071632 0.033054 0.355843
    18 0.682894 -0.000006 -0.000001 0.048370 0.065771 -0.063410
    19 1.149529 0.416498 -1.414117 1.696956 0.643249 0.385190
    20 1.263884 0.000001 0.000000 -0.008162 0.007371 0.476489
    21 1.188946 0.000000 0.000002 -0.010918 0.002397 0.214529
    22 3.773762 0.133217 -0.970574 0.032727 0.177469 0.050257
    23 1.433458 0.000004 0.000000 -0.035223 0.012943 0.451945
    24 1.019165 0.000011 0.000000 -0.035223 0.012955 0.452115
    25 3.799517 0.014957 -0.039958 -0.033200 -0.011856 0.276310
    26 1.774879 0.000004 0.000000 -0.022399 0.008929 0.454930
    27 1.008841 0.000004 0.000000 -0.022447 0.008929 0.454930
    28 3.632765 0.059053 0.757493 -0.281201 -0.185771 0.459355
    29 1.500135 0.000004 0.000000 -0.017030 0.006508 0.424929
    30 0.905668 0.000002 -0.000001 -0.017030 0.006496 0.424967
    31 3.323332 0.233744 1.479075 -0.399795 -0.448294 0.623446
    32 0.963099 0.000010 0.000000 -0.017929 0.008941 0.551190
    33 0.682898 -0.000002 0.000000 -0.017498 0.009564 0.576565
    34 16.981375 -5.884303 -10.737378 0.265381 0.258130 -2.316523
    35 -5.613049 -3.901104 -11.198319 -1.721856 -0.496832 -1.424160
    36 0.000000 3.992340 0.007782 1.570796 0.000000 -1.570796
    37 19.535752 -6.156438 0.695334 -0.794598 1.214958 -1.066209
    38 -0.021929 2.029111 -0.137266 -1.570805 0.000001 0.000000
    39 0.019532 0.000000 0.007813 0.000007 0.000000 0.000001
    40 0.002397 -0.669111 0.409449 1.573175 0.000000 0.000000
    41 -0.002402 -6.221447 0.929182 -1.004805 0.000000 0.000000
  time 34
    0 -5.425543 -3.979231 -11.190507 -1.847637 -0.518225 -1.401689
    1 10.295578 0.000000 0.000002 1.584853 -0.432226 0.433692
    2 16.981375 -5.884303 -10.737378 -0.818708 0.258249 -2.316667
    3 10.295582 0.000001 -0.000006 -0.719445 0.204547 0.123947
    4 1.149520 0.416502 1.414117 -1.702613 -0.034539 0.494137
    5 1.263885 0.000000 -0.000008 0.019823 0.072711 -0.167555
    6 1.188939 -0.000002 0.000010 0.006340 0.000695 -0.037163
    7 3.773755 0.133215 0.970575 0.083525 0.030715 0.281232
    8 1.433456 0.000000 0.000000 0.104578 -0.016802 0.573560
    9 1.019165 -0.000006 0.000001 0.161361 -0.047866 0.686413
    10 3.799514 0.014957 0.039959 -0.001488 0.061125 0.523256
    11 1.774878 0.000000 0.000000 0.084384 -0.041467 0.593501
    12 1.008844 -0.000004 0.000000 0.104578 -0.034683 0.426281
    13 3.632766 0.059052 -0.757493 0.029671 0.068873 0.591100
    14 1.500137 0.000002 0.000000 0.120937 0.015916 0.459629
    15 0.905666 -0.000002 -0.000001 0.120948 0.010427 0.510153
    16 3.323331 0.233744 -1.479075 0.193785 0.138754 0.664754
    17 0.963100 0.000011 0.000000 0.077432 0.023706 0.527399
    18 0.682894 -0.000006 -0.000001 0.059515 0.055728 0.122066
    19 1.149529 0.416498 -1.414117 1.696979 0.643238 0.385190
    20 1.263884 0.000001 0.000000 -0.008162 0.007383 0.476523
    21 1.188946 0.000000 0.000002 -0.010702 0.002421 0.214529
    22 3.773762 0.133217 -0.970574 0.032727 0.177469 0.050288
    23 1.433458 0.000004 0.000000 -0.035223 0.012943 0.451945
    24 1.019165 0.000011 0.000000 -0.035223 0.012955 0.452115
    25 3.799517 0.014957 -0.039958 -0.033200 -0.011856 0.276310
    26 1.774879 0.000004 0.000000 -0.022399 0.008929 0.454930
    27 1.008841 0.000004 0.000000 -0.022351 0.008929 0.455011
    28 3.632765 0.059053 0.757493 -0.281201 -0.185747 0.459392
    29 1.500135 0.000004 0.000000 -0.017030 0.006508 0.424929
    30 0.905668 0.000002 -0.000001 -0.017030 0.006496 0.424967
    31 3.323332 0.233744 1.479075 -0.400217 -0.448031 0.624362
    32 0.963099 0.000010 0.000000 -0.017905 0.009000 0.552199
    33 0.682898 -0.000002 0.000000 -0.017498 0.009624 0.577549
    34 16.981375 -5.884303 -10.737378 0.265381 0.258130 -2.316523
    35 -5.425543 -3.979231 -11.190507 -1.718651 -0.518383 -1.401684
    36 0.000000 3.992340 0.007782 1.570796 0.000000 -1.570796
    37 19.473251 -5.648610 0.367199 -1.422380 1.314454 -1.735867
    38 -0.021929 2.029111 -0.137266 -1.570805 0.000001 0.000000
    39 0.019532 0.000000 0.007813 0.000007 0.000000 0.000001
    40 0.002397 -0.669111 0.409449 1.589541 0.000000 0.000000
    41 -0.002402 -6.221447 0.929182 -0.984661 0.000000 0.000000
  time 35
    0 -5.390386 -4.014389 -11.163162 -1.851274 -0.547193 -1.388682
    1 10.295578 0.000000 0.000002 1.759377 -0.415800 0.392641
    2 16.981375 -5.884303 -10.737378 -0.818708 0.258249 -2.316667
    3 10.295582 0.000001 -0.000006 -0.719445 0.204547 0.123947
    4 1.149520 0.416502 1.414117 -1.717996 -0.070206 0.521706
    5 1.263885 0.000000 -0.000008 0.024317 0.071212 -0.107907
    6 1.188939 -0.000002 0.000010 0.006340 0.000791 -0.042250
    7 3.773755 0.133215 0.970575 0.085399 0.029781 0.300201
    8 1.433456 0.000000 0.000000 0.105357 -0.015748 0.551314
    9 1.019165 -0.000006 0.000001 0.161912 -0.046704 0.676769
    10 3.799514 0.014957 0.039959 -0.008594 0.066326 0.493048
    11 1.774878 0.000000 0.000000 0.081771 -0.046788 0.657158
    12 1.008844 -0.000004 0.000000 0.097411 -0.049053 0.560305
    13 3.632766 0.059052 -0.757493 0.040351 0.089858 0.523324
    14 1.500137 0.000002 0.000000 0.122027 -0.001151 0.599807
    15 0.905666 -0.000002 -0.000001 0.121716 0.001726 0.578199
    16 3.323331 0.233744 -1.479075 0.184449 0.188093 0.408953
    17 0.963100 0.000011 0.000000 0.081387 0.011266 0.725145
    18 0.682894 -0.000006 -0.000001 0.072890 0.036661 0.410326
    19 1.149529 0.416498 -1.414117 1.696979 0.643226 0.385237
    20 1.263884 0.000001 0.000000 -0.008150 0.007383 0.476557
    21 1.188946 0.000000 0.000002 -0.010666 0.002457 0.214529
    22 3.773762 0.133217 -0.970574 0.032739 0.177469 0.050351
    23 1.433458 0.000004 0.000000 -0.035223 0.012943 0.451988
    24 1.019165 0.000011 0.000000 -0.035223 0.012943 0.452287
    25 3.799517 0.014957 -0.039958 -0.033200 -0.011856 0.276310
    26 1.774879 0.000004 0.000000 -0.022399 0.008929 0.454971
    27 1.008841 0.000004 0.000000 -0.022351 0.008929 0.455011
    28 3.632765 0.059053 0.757493 -0.281201 -0.185735 0.459429
    29 1.500135 0.000004 0.000000 -0.017006 0.006544 0.425081
    30 0.905668 0.000002 -0.000001 -0.016994 0.006544 0.425119
    31 3.323332 0.233744 1.479075 -0.400639 -0.447456 0.625520
    32 0.963099 0.000010 0.000000 -0.017677 0.009036 0.553334
    33 0.682898 -0.000002 0.000000 -0.017498 0.009672 0.578608
    34 16.981375 -5.884303 -10.737378 0.265381 0.258130 -2.316523
    35 -5.390386 -4.014389 -11.163162 -1.719514 -0.548172 -1.388868
    36 0.000000 3.992340 0.007782 1.570796 0.000000 -1.570796
    37 19.305277 -4.812647 0.335948 3.954778 1.326867 -2.648340
    38 -0.021929 2.029111 -0.137266 -1.570805 0.000001 0.000000
    39 0.019532 0.000000 0.007813 0.000007 0.000000 0.000001
    40 0.002397 -0.669111 0.409449 1.601340 0.000000 0.000000
    41 -0.002402 -6.221447 0.929182 -0.966070 0.000000 0.000000
  time 36
    0 -5.452887 -3.998763 -11.163162 -1.860404 -0.582745 -1.381509
    1 10.295578 0.000000 0.000002 1.983278 -0.404518 0.329144
    2 16.981375 -5.884303 -10.737378 -0.818708 0.258249 -2.316667
    3 10.295582 0.000001 -0.000006 -0.719445 0.204547 0.123947
    4 1.149520 0.416502 1.414117 -1.747042 -0.122954 0.539714
    5 1.263885 0.000000 -0.000008 0.030776 0.068732 -0.012809
    6 1.188939 -0.000002 0.000010 0.006328 0.000923 -0.056549
    7 3.773755 0.133215 0.970575 0.080373 0.032645 0.249033
    8 1.433456 0.000000 0.000000 0.103020 -0.019044 0.611586
    9 1.019165 -0.000006 0.000001 0.160414 -0.050275 0.702897
    10 3.799514 0.014957 0.039959 -0.014513 0.070737 0.462484
    11 1.774878 0.000000 0.000000 0.081232 -0.047735 0.669056
    12 1.008844 -0.000004 0.000000 0.092881 -0.055776 0.627662
    13 3.632766 0.059052 -0.757493 0.045956 0.108314 0.463184
    14 1.500137 0.000002 0.000000 0.121716 -0.007550 0.653190
    15 0.905666 -0.000002 -0.000001 0.121895 0.000252 0.588222
    16 3.323331 0.233744 -1.479075 0.164770 0.231151 0.165573
    17 0.963100 0.000011 0.000000 0.081675 -0.000503 0.883019
    18 0.682894 -0.000006 -0.000001 0.079110 0.019823 0.628239
    19 1.149529 0.416498 -1.414117 1.697003 0.643226 0.385285
    20 1.263884 0.000001 0.000000 -0.008150 0.007394 0.476591
    21 1.188946 0.000000 0.000002 -0.010630 0.002493 0.214529
    22 3.773762 0.133217 -0.970574 0.032799 0.177493 0.050665
    23 1.433458 0.000004 0.000000 -0.035211 0.012955 0.452763
    24 1.019165 0.000011 0.000000 -0.035223 0.012967 0.452803
    25 3.799517 0.014957 -0.039958 -0.033200 -0.011844 0.276359
    26 1.774879 0.000004 0.000000 -0.022291 0.008917 0.455337
    27 1.008841 0.000004 0.000000 -0.022315 0.008917 0.455337
    28 3.632765 0.059053 0.757493 -0.281213 -0.185459 0.459765
    29 1.500135 0.000004 0.000000 -0.016994 0.006592 0.425841
    30 0.905668 0.000002 -0.000001 -0.016982 0.006580 0.425841
    31 3.323332 0.233744 1.479075 -0.401294 -0.446748 0.627030
    32 0.963099 0.000010 0.000000 -0.017605 0.009084 0.554797
    33 0.682898 -0.000002 0.000000 -0.017486 0.009696 0.579920
    34 16.981375 -5.884303 -10.737378 0.265381 0.258130 -2.316523
    35 -5.452887 -3.998763 -11.163162 -1.721301 -0.583421 -1.381791
    36 0.000000 3.992340 0.007782 1.570796 0.000000 -1.570796
    37 18.981048 -3.828242 0.558611 3.271423 1.201208 2.978152
    38 -0.021929 2.029111 -0.137266 -1.570805 0.000001 0.000000
    39 0.019532 0.000000 0.007813 0.000007 0.000000 0.000001
    40 0.002397 -0.669111 0.409449 1.579265 0.000000 0.000000
    41 -0.002402 -6.221447 0.929182 -0.948654 0.000000 0.000000
  time 37
    0 -5.581798 -3.963606 -11.163162 -1.873913 -0.621871 -1.377970
    1 10.295578 0.000000 0.000002 2.231731 -0.399811 0.253691
    2 16.981375 -5.884303 -10.737378 -0.818708 0.258249 -2.316667
    3 10.295582 0.000001 -0.000006 -0.719445 0.204547 0.123947
    4 1.149520 0.416502 1.414117 -1.776432 -0.152987 0.551747
    5 1.263885 0.000000 -0.000008 0.033461 0.067449 0.022760
    6 1.188939 -0.000002 0.000010 0.006280 0.001127 -0.092112
    7 3.773755 0.133215 0.970575 0.051421 0.046439 -0.095299
    8 1.433456 0.000000 0.000000 0.089669 -0.034456 0.861627
    9 1.019165 -0.000006 0.000001 0.148861 -0.071943 0.837539
    10 3.799514 0.014957 0.039959 -0.018296 0.073146 0.427852
    11 1.774878 0.000000 0.000000 0.084372 -0.041599 0.597056
    12 1.008844 -0.000004 0.000000 0.094463 -0.052900 0.593032
    13 3.632766 0.059052 -0.757493 0.041542 0.123355 0.411293
    14 1.500137 0.000002 0.000000 0.121859 0.003967 0.558031
    15 0.905666 -0.000002 -0.000001 0.121416 0.013447 0.479655
    16 3.323331 0.233744 -1.479075 0.140130 0.256932 0.019861
    17 0.963100 0.000011 0.000000 0.078619 -0.008329 0.867027
    18 0.682894 -0.000006 -0.000001 0.076606 0.028068 0.524842
    19 1.149529 0.416498 -1.414117 1.697075 0.643214 0.385345
    20 1.263884 0.000001 0.000000 -0.008150 0.007442 0.476626
    21 1.188946 0.000000 0.000002 -0.010594 0.002529 0.214552
    22 3.773762 0.133217 -0.970574 0.032907 0.177529 0.051420
    23 1.433458 0.000004 0.000000 -0.035163 0.012979 0.453064
    24 1.019165 0.000011 0.000000 -0.035175 0.012991 0.453405
    25 3.799517 0.014957 -0.039958 -0.033200 -0.011808 0.277659
    26 1.774879 0.000004 0.000000 -0.022243 0.008917 0.456070
    27 1.008841 0.000004 0.000000 -0.022267 0.008929 0.456029
    28 3.632765 0.059053 0.757493 -0.281260 -0.185244 0.460548
    29 1.500135 0.000004 0.000000 -0.016862 0.006592 0.426258
    30 0.905668 0.000002 -0.000001 -0.016862 0.006580 0.426258
    31 3.323332 0.233744 1.479075 -0.401876 -0.446089 0.628566
    32 0.963099 0.000010 0.000000 -0.017557 0.009252 0.556361
    33 0.682898 -0.000002 0.000000 -0.017474 0.009708 0.581383
    34 16.981375 -5.884303 -10.737378 0.265381 0.258130 -2.316523
    35 -5.581798 -3.963606 -11.163162 -1.528404 -0.622501 -1.376913
    36 0.000000 3.992340 0.007782 1.570796 0.000000 -1.570796
    37 18.500565 -2.824305 1.000031 2.940668 1.007659 2.699459
    38 -0.021929 2.029111 -0.137266 -1.570805 0.000001 0.000000
    39 0.019532 0.000000 0.007813 -0.003725 0.000000 0.000001
    40 0.002397 -0.669111 0.409449 1.508757 0.000000 0.000000
    41 -0.002402 -6.221447 0.929182 -0.933127 0.000000 0.000000
  time 38
    0 -5.749771 -3.944074 -11.135818 -1.889649 -0.660903 -1.376057
    1 10.295578 0.000000 0.000002 2.471318 -0.397409 0.178519
    2 16.981375 -5.884303 -10.737378 -0.818708 0.258249 -2.316667
    3 10.295582 0.000001 -0.000006 -0.719445 0.204547 0.123947
    4 1.149520 0.416502 1.414117 -1.809557 -0.182931 0.563915
    5 1.263885 0.000000 -0.000008 0.035379 0.066491 0.054197
    6 1.188939 -0.000002 0.000010 0.006016 0.001210 -0.135466
    7 3.773755 0.133215 0.970575 0.027160 0.047686 -0.337996
    8 1.433456 0.000000 0.000000 0.063938 -0.056124 1.194502
    9 1.019165 -0.000006 0.000001 0.136576 -0.094522 0.991244
    10 3.799514 0.014957 0.039959 -0.021479 0.075243 0.388897
    11 1.774878 0.000000 0.000000 0.088278 -0.032263 0.487801
    12 1.008844 -0.000004 0.000000 0.098094 -0.045494 0.517517
    13 3.632766 0.059052 -0.757493 0.032558 0.137665 0.361130
    14 1.500137 0.000002 0.000000 0.119558 0.023873 0.392900
    15 0.905666 -0.000002 -0.000001 0.117545 0.033125 0.314536
    16 3.323331 0.233744 -1.479075 0.087230 0.279767 -0.177526
    17 0.963100 0.000011 0.000000 0.072758 -0.022279 0.903020
    18 0.682894 -0.000006 -0.000001 0.074245 0.033940 0.445171
    19 1.149529 0.416498 -1.414117 1.697159 0.643214 0.385477
    20 1.263884 0.000001 0.000000 -0.008090 0.007502 0.476660
    21 1.188946 0.000000 0.000002 -0.010558 0.002565 0.214552
    22 3.773762 0.133217 -0.970574 0.032919 0.177517 0.052268
    23 1.433458 0.000004 0.000000 -0.035103 0.013255 0.454097
    24 1.019165 0.000011 0.000000 -0.035115 0.013243 0.454264
    25 3.799517 0.014957 -0.039958 -0.033200 -0.011736 0.278259
    26 1.774879 0.000004 0.000000 -0.022231 0.008929 0.456925
    27 1.008841 0.000004 0.000000 -0.022255 0.008929 0.456884
    28 3.632765 0.059053 0.757493 -0.281392 -0.185112 0.461405
    29 1.500135 0.000004 0.000000 -0.016814 0.006592 0.427207
    30 0.905668 0.000002 -0.000001 -0.016814 0.006580 0.427207
    31 3.323332 0.233744 1.479075 -0.402560 -0.445418 0.630425
    32 0.963099 0.000010 0.000000 -0.017498 0.009420 0.558076
    33 0.682898 -0.000002 0.000000 -0.017462 0.009720 0.583073
    34 16.981375 -5.884303 -10.737378 0.265381 0.258130 -2.316523
    35 -5.749771 -3.944074 -11.135818 -1.138050 -0.660719 -1.374522
    36 0.000000 3.992340 0.007782 1.570796 0.000000 -1.570796
    37 18.035707 -1.945372 1.523484 2.775099 0.807044 2.590216
    38 -0.021929 2.029111 -0.137266 -1.570805 0.000001 0.000000
    39 0.019532 0.000000 0.007813 -0.035492 0.000000 0.000001
    40 0.002397 -0.669111 0.409449 1.402377 0.000000 0.000000
    41 -0.002402 -6.221447 0.929182 -0.919740 0.000000 0.000000
  time 39
    0 -5.909933 -3.924542 -11.104567 -1.905385 -0.692975 -1.375101
    1 10.295578 0.000000 0.000002 2.675987 -0.396172 0.112712
    2 16.981375 -5.884303 -10.737378 -0.818708 0.258249 -2.316667
    3 10.295582 0.000001 -0.000006 -0.719445 0.204547 0.123947
    4 1.149520 0.416502 1.414117 -1.842019 -0.210129 0.575052
    5 1.263885 0.000000 -0.000008 0.037008 0.065628 0.079929
    6 1.188939 -0.000002 0.000010 0.005968 0.001618 -0.179324
    7 3.773755 0.133215 0.970575 0.013534 0.040878 -0.300584
    8 1.433456 0.000000 0.000000 0.038495 -0.073214 1.452410
    9 1.019165 -0.000006 0.000001 0.177636 -0.071081 1.003205
    10 3.799514 0.014957 0.039959 -0.023950 0.076417 0.352739
    11 1.774878 0.000000 0.000000 0.091502 -0.021333 0.366506
    12 1.008844 -0.000004 0.000000 0.102049 -0.035834 0.421096
    13 3.632766 0.059052 -0.757493 0.023587 0.148067 0.322895
    14 1.500137 0.000002 0.000000 0.113159 0.045494 0.209160
    15 0.905666 -0.000002 -0.000001 0.110845 0.050911 0.160881
    16 3.323331 0.233744 -1.479075 0.109053 0.266883 -0.073530
    17 0.963100 0.000011 0.000000 0.062739 -0.044810 1.081854
    18 0.682894 -0.000006 -0.000001 0.076018 0.029650 0.504399
    19 1.149529 0.416498 -1.414117 1.697399 0.643214 0.385621
    20 1.263884 0.000001 0.000000 -0.008030 0.007646 0.476694
    21 1.188946 0.000000 0.000002 -0.010522 0.002601 0.214552
    22 3.773762 0.133217 -0.970574 0.033326 0.177493 0.053337
    23 1.433458 0.000004 0.000000 -0.035091 0.013315 0.455087
    24 1.019165 0.000011 0.000000 -0.035079 0.013315 0.455296
    25 3.799517 0.014957 -0.039958 -0.033200 -0.011736 0.279608
    26 1.774879 0.000004 0.000000 -0.022207 0.008929 0.457902
    27 1.008841 0.000004 0.000000 -0.022231 0.008941 0.457983
    28 3.632765 0.059053 0.757493 -0.281752 -0.184560 0.462560
    29 1.500135 0.000004 0.000000 -0.016802 0.006592 0.428308
    30 0.905668 0.000002 -0.000001 -0.016802 0.006580 0.428308
    31 3.323332 0.233744 1.479075 -0.403404 -0.444555 0.632284
    32 0.963099 0.000010 0.000000 -0.017498 0.009504 0.560094
    33 0.682898 -0.000002 0.000000 -0.017402 0.009743 0.584763
    34 16.981375 -5.884303 -10.737378 0.265381 0.258130 -2.316523
    35 -5.909933 -3.924542 -11.104567 -0.747881 -0.693573 -1.374235
    36 0.000000 3.992340 0.007782 1.570796 0.000000 -1.570796
    37 17.594287 -1.269570 2.031312 2.685416 0.634215 2.548658
    38 -0.021929 2.029111 -0.137266 -1.570805 0.000001 0.000000
    39 0.019532 0.000000 0.007813 -0.094050 0.000000 0.000001
    40 0.002397 -0.669111 0.409449 1.281249 0.000000 0.000000
    41 -0.002402 -6.221447 0.929182 -0.908451 0.000000 0.000000
  time 40
    0 -6.031030 -3.912823 -11.073316 -1.918226 -0.716206 -1.374814
    1 10.295578 0.000000 0.000002 2.820230 -0.395638 0.064793
    2 16.981375 -5.884303 -10.737378 -0.818708 0.258249 -2.316667
    3 10.295582 0.000001 -0.000006 -0.719445 0.204547 0.123947
    4 1.149520 0.416502 1.414117 -1.869541 -0.232153 0.584096
    5 1.263885 0.000000 -0.000008 0.038495 0.064897 0.099051
    6 1.188939 -0.000002 0.000010 0.005932 0.001846 -0.217362
    7 3.773755 0.133215 0.970575 0.005083 0.036072 -0.067480
    8 1.433456 0.000000 0.000000 0.040628 -0.079698 1.470089
    9 1.019165 -0.000006 0.000001 0.176940 -0.060882 0.912896
    10 3.799514 0.014957 0.039959 -0.025360 0.077172 0.326447
    11 1.774878 0.000000 0.000000 0.093516 -0.011266 0.258246
    12 1.008844 -0.000004 0.000000 0.105177 -0.025563 0.323557
    13 3.632766 0.059052 -0.757493 0.019043 0.152633 0.306285
    14 1.500137 0.000002 0.000000 0.105057 0.062344 0.057281
    15 0.905666 -0.000002 -0.000001 0.106927 0.058916 0.086858
    16 3.323331 0.233744 -1.479075 0.180578 0.214959 0.272147
    17 0.963100 0.000011 0.000000 0.041575 -0.071440 1.388146
    18 0.682894 -0.000006 -0.000001 0.077385 0.025767 0.554259
    19 1.149529 0.416498 -1.414117 1.697483 0.643214 0.385681
    20 1.263884 0.000001 0.000000 -0.007970 0.007826 0.476746
    21 1.188946 0.000000 0.000002 -0.010499 0.002637 0.214552
    22 3.773762 0.133217 -0.970574 0.033590 0.177505 0.054594
    23 1.433458 0.000004 0.000000 -0.035067 0.013375 0.456206
    24 1.019165 0.000011 0.000000 -0.035067 0.013387 0.456500
    25 3.799517 0.014957 -0.039958 -0.033188 -0.011724 0.280208
    26 1.774879 0.000004 0.000000 -0.022160 0.008941 0.459164
    27 1.008841 0.000004 0.000000 -0.022183 0.008941 0.459245
    28 3.632765 0.059053 0.757493 -0.281956 -0.184321 0.463790
    29 1.500135 0.000004 0.000000 -0.016790 0.006604 0.429637
    30 0.905668 0.000002 -0.000001 -0.016790 0.006604 0.429637
    31 3.323332 0.233744 1.479075 -0.404219 -0.443692 0.634548
    32 0.963099 0.000010 0.000000 -0.017474 0.009588 0.562137
    33 0.682898 -0.000002 0.000000 -0.017330 0.009815 0.586806
    34 16.981375 -5.884303 -10.737378 0.265381 0.258130 -2.316523
    35 -6.031030 -3.912823 -11.073316 -0.554368 -0.717136 -1.375000
    36 0.000000 3.992340 0.007782 1.570796 0.000000 -1.570796
    37 17.250526 -0.812525 2.418043 2.640095 0.513808 2.534837
    38 -0.021929 2.029111 -0.137266 -1.570805 0.000001 0.000000
    39 0.019532 0.000000 0.007813 -0.158732 0.000000 0.000001
    40 0.002397 -0.669111 0.409449 1.169065 0.000000 0.000000
    41 -0.002402 -6.221447 0.929182 -0.899429 0.000000 0.000000
  time 41
    0 -6.081813 -3.932355 -11.042065 -1.923793 -0.725235 -1.375579
    1 10.295578 0.000000 0.000002 2.867834 -0.395808 0.047998
    2 16.981375 -5.884303 -10.737378 -0.818708 0.258249 -2.316667
    3 10.295582 0.000001 -0.000006 -0.719445 0.204547 0.123947
    4 1.149520 0.416502 1.414117 -1.885563 -0.244290 0.589013
    5 1.263885 0.000000 -0.000008 0.039106 0.064321 0.108966
    6 1.188939 -0.000002 0.000010 0.005872 0.001918 -0.239543
    7 3.773755 0.133215 0.970575 0.004909 0.028199 0.222968
    8 1.433456 0.000000 0.000000 0.063375 -0.078056 1.309665
    9 1.019165 -0.000006 0.000001 0.148933 -0.084384 0.961976
    10 3.799514 0.014957 0.039959 -0.025360 0.076250 0.322175
    11 1.774878 0.000000 0.000000 0.093803 -0.005561 0.197196
    12 1.008844 -0.000004 0.000000 0.106831 -0.017893 0.251919
    13 3.632766 0.059052 -0.757493 0.025231 0.137269 0.329416
    14 1.500137 0.000002 0.000000 0.099748 0.070409 -0.022653
    15 0.905666 -0.000002 -0.000001 0.108772 0.055357 0.121739
    16 3.323331 0.233744 -1.479075 0.208082 0.176977 0.472874
    17 0.963100 0.000011 0.000000 0.040029 -0.080381 1.378211
    18 0.682894 -0.000006 -0.000001 0.070194 0.041730 0.337309
    19 1.149529 0.416498 -1.414117 1.697567 0.643190 0.385741
    20 1.263884 0.000001 0.000000 -0.007910 0.007886 0.476780
    21 1.188946 0.000000 0.000002 -0.010499 0.002661 0.214552
    22 3.773762 0.133217 -0.970574 0.033709 0.177529 0.056071
    23 1.433458 0.000004 0.000000 -0.035031 0.013471 0.457799
    24 1.019165 0.000011 0.000000 -0.035031 0.013471 0.457962
    25 3.799517 0.014957 -0.039958 -0.033176 -0.011712 0.282207
    26 1.774879 0.000004 0.000000 -0.022160 0.008952 0.460711
    27 1.008841 0.000004 0.000000 -0.022160 0.008941 0.460792
    28 3.632765 0.059053 0.757493 -0.282015 -0.183698 0.465281
    29 1.500135 0.000004 0.000000 -0.016742 0.006604 0.431422
    30 0.905668 0.000002 -0.000001 -0.016742 0.006604 0.431422
    31 3.323332 0.233744 1.479075 -0.405165 -0.442818 0.636650
    32 0.963099 0.000010 0.000000 -0.017474 0.009672 0.564382
    33 0.682898 -0.000002 0.000000 -0.017246 0.009911 0.588874
    34 16.981375 -5.884303 -10.737378 0.265381 0.258130 -2.316523
    35 -6.081813 -3.932355 -11.042065 -0.557141 -0.726523 -1.375574
    36 0.000000 3.992340 0.007782 1.570796 0.000000 -1.570796
    37 17.164586 -0.644551 2.558672 2.628789 0.475900 2.535121
    38 -0.021929 2.029111 -0.137266 -1.570805 0.000001 0.000000
    39 0.019532 0.000000 0.007813 -0.202268 0.000000 0.000001
    40 0.002397 -0.669111 0.409449 1.100270 0.000000 0.000000
    41 -0.002402 -6.221447 0.929182 -0.893637 0.000000 0.000000
  time 42
    0 -6.109157 -3.944074 -11.038158 -1.925426 -0.728527 -1.375866
    1 10.295578 0.000000 0.000002 2.877041 -0.393964 0.044689
    2 16.981375 -5.884303 -10.737378 -0.818708 0.258249 -2.316667
    3 10.295582 0.000001 -0.000006 -0.719445 0.204547 0.123947
    4 1.149520 0.416502 1.414117 -1.889544 -0.247391 0.590235
    5 1.263885 0.000000 -0.000008 0.039274 0.064213 0.111248
    6 1.188939 -0.000002 0.000010 0.005825 0.001918 -0.245455
    7 3.773755 0.133215 0.970575 0.005840 0.024340 0.317988
    8 1.433456 0.000000 0.000000 0.071608 -0.076570 1.246454
    9 1.019165 -0.000006 0.000001 0.138925 -0.094498 0.995244
    10 3.799514 0.014957 0.039959 -0.023601 0.070749 0.337279
    11 1.774878 0.000000 0.000000 0.094139 -0.003907 0.179469
    12 1.008844 -0.000004 0.000000 0.107430 -0.014346 0.219311
    13 3.632766 0.059052 -0.757493 0.033244 0.117579 0.359291
    14 1.500137 0.000002 0.000000 0.097147 0.073945 -0.057146
    15 0.905666 -0.000002 -0.000001 0.111277 0.050203 0.167103
    16 3.323331 0.233744 -1.479075 0.221996 0.149361 0.607395
    17 0.963100 0.000011 0.000000 0.040029 -0.087488 1.365574
    18 0.682894 -0.000006 -0.000001 0.055597 0.059587 0.055659
    19 1.149529 0.416498 -1.414117 1.697651 0.643166 0.385801
    20 1.263884 0.000001 0.000000 -0.007850 0.007946 0.476814
    21 1.188946 0.000000 0.000002 -0.010499 0.002661 0.214575
    22 3.773762 0.133217 -0.970574 0.034249 0.177529 0.057705
    23 1.433458 0.000004 0.000000 -0.034779 0.013567 0.459650
    24 1.019165 0.000011 0.000000 -0.034743 0.013567 0.459553
    25 3.799517 0.014957 -0.039958 -0.033188 -0.011617 0.283956
    26 1.774879 0.000004 0.000000 -0.022148 0.009036 0.462380
    27 1.008841 0.000004 0.000000 -0.022160 0.009024 0.462339
    28 3.632765 0.059053 0.757493 -0.282447 -0.183338 0.466921
    29 1.500135 0.000004 0.000000 -0.016719 0.006651 0.433017
    30 0.905668 0.000002 -0.000001 -0.016719 0.006651 0.433017
    31 3.323332 0.233744 1.479075 -0.406140 -0.441883 0.639183
    32 0.963099 0.000010 0.000000 -0.017390 0.009684 0.566854
    33 0.682898 -0.000002 0.000000 -0.017162 0.010199 0.591018
    34 16.981375 -5.884303 -10.737378 0.265381 0.258130 -2.316523
    35 -6.109157 -3.944074 -11.038158 -0.560654 -0.729013 -1.375861
    36 0.000000 3.992340 0.007782 1.570796 0.000000 -1.570796
    37 17.125523 -0.589862 2.609455 2.624478 0.469980 2.535405
    38 -0.021929 2.029111 -0.137266 -1.570805 0.000001 0.000000
    39 0.019532 0.000000 0.007813 -0.214037 0.000000 0.000001
    40 0.002397 -0.669111 0.409449 1.082572 0.000000 0.000000
    41 -0.002402 -6.221447 0.929182 -0.890826 0.000000 0.000000
  time 43
    0 -6.109157 -3.944074 -11.038158 -1.925723 -0.728621 -1.376057
    1 10.295578 0.000000 0.000002 2.880110 -0.391731 0.044439
    2 16.981375 -5.884303 -10.737378 -0.818708 0.258249 -2.316667
    3 10.295582 0.000001 -0.000006 -0.719445 0.204547 0.123947
    4 1.149520 0.416502 1.414117 -1.889544 -0.247391 0.590235
    5 1.263885 0.000000 -0.000008 0.039274 0.064213 0.111307
    6 1.188939 -0.000002 0.000010 0.005825 0.001918 -0.245455
    7 3.773755 0.133215 0.970575 0.005840 0.024340 0.317988
    8 1.433456 0.000000 0.000000 0.071608 -0.076570 1.246454
    9 1.019165 -0.000006 0.000001 0.138925 -0.094498 0.995244
    10 3.799514 0.014957 0.039959 -0.022861 0.068472 0.343331
    11 1.774878 0.000000 0.000000 0.094151 -0.003619 0.177905
    12 1.008844 -0.000004 0.000000 0.107502 -0.013626 0.214007
    13 3.632766 0.059052 -0.757493 0.035354 0.112209 0.367205
    14 1.500137 0.000002 0.000000 0.096776 0.074280 -0.062644
    15 0.905666 -0.000002 -0.000001 0.111660 0.049029 0.178996
    16 3.323331 0.233744 -1.479075 0.224777 0.143147 0.636924
    17 0.963100 0.000011 0.000000 0.040053 -0.089177 1.362262
    18 0.682894 -0.000006 -0.000001 0.050958 0.063662 -0.018365
    19 1.149529 0.416498 -1.414117 1.697723 0.643142 0.385861
    20 1.263884 0.000001 0.000000 -0.007790 0.008006 0.476866
    21 1.188946 0.000000 0.000002 -0.010499 0.002673 0.214575
    22 3.773762 0.133217 -0.970574 0.034477 0.177517 0.059497
    23 1.433458 0.000004 0.000000 -0.034707 0.013603 0.461199
    24 1.019165 0.000011 0.000000 -0.034659 0.013591 0.461358
    25 3.799517 0.014957 -0.039958 -0.033188 -0.011305 0.285805
    26 1.774879 0.000004 0.000000 -0.022136 0.009120 0.464212
    27 1.008841 0.000004 0.000000 -0.022136 0.009192 0.464171
    28 3.632765 0.059053 0.757493 -0.282747 -0.182763 0.468822
    29 1.500135 0.000004 0.000000 -0.016695 0.006711 0.435029
    30 0.905668 0.000002 -0.000001 -0.016707 0.006723 0.435029
    31 3.323332 0.233744 1.479075 -0.407115 -0.440636 0.641743
    32 0.963099 0.000010 0.000000 -0.017318 0.009720 0.569351
    33 0.682898 -0.000002 0.000000 -0.016886 0.010319 0.593389
    34 16.981375 -5.884303 -10.737378 0.265381 0.258130 -2.316523
    35 -6.109157 -3.944074 -11.038158 -0.561825 -0.729205 -1.375861
    36 0.000000 3.992340 0.007782 1.570796 0.000000 -1.570796
    37 17.160680 -0.589862 2.625080 2.620741 0.468261 2.533133
    38 -0.021929 2.029111 -0.137266 -1.570805 0.000001 0.000000
    39 0.019532 0.000000 0.007813 -0.214037 0.000000 0.000001
    40 0.002397 -0.669111 0.409449 1.082572 0.000000 0.000000
    41 -0.002402 -6.221447 0.929182 -0.890280 0.000000 0.000000
  time 44
    0 -6.109157 -3.944074 -11.034252 -1.925723 -0.728621 -1.376057
    1 10.295578 0.000000 0.000002 2.881542 -0.389451 0.045157
    2 16.981375 -5.884303 -10.737378 -0.818708 0.258249 -2.316667
    3 10.295582 0.000001 -0.000006 -0.719445 0.204547 0.123947
    4 1.149520 0.416502 1.414117 -1.889544 -0.247391 0.590235
    5 1.263885 0.000000 -0.000008 0.039274 0.064213 0.111307
    6 1.188939 -0.000002 0.000010 0.005825 0.001918 -0.245455
    7 3.773755 0.133215 0.970575 0.005840 0.024340 0.317988
    8 1.433456 0.000000 0.000000 0.071608 -0.076570 1.246454
    9 1.019165 -0.000006 0.000001 0.138925 -0.094498 0.995244
    10 3.799514 0.014957 0.039959 -0.022861 0.068472 0.343331
    11 1.774878 0.000000 0.000000 0.094151 -0.003607 0.177905
    12 1.008844 -0.000004 0.000000 0.107502 -0.013603 0.213912
    13 3.632766 0.059052 -0.757493 0.035354 0.112209 0.367205
    14 1.500137 0.000002 0.000000 0.096776 0.074280 -0.062644
    15 0.905666 -0.000002 -0.000001 0.111660 0.049029 0.178996
    16 3.323331 0.233744 -1.479075 0.224777 0.143147 0.636924
    17 0.963100 0.000011 0.000000 0.040053 -0.089177 1.362262
    18 0.682894 -0.000006 -0.000001 0.050958 0.063662 -0.018365
    19 1.149529 0.416498 -1.414117 1.697746 0.643118 0.385921
    20 1.263884 0.000001 0.000000 -0.007514 0.008066 0.476900
    21 1.188946 0.000000 0.000002 -0.010487 0.002709 0.214575
    22 3.773762 0.133217 -0.970574 0.035040 0.177505 0.061508
    23 1.433458 0.000004 0.000000 -0.034623 0.013603 0.463265
    24 1.019165 0.000011 0.000000 -0.034600 0.013603 0.463336
    25 3.799517 0.014957 -0.039958 -0.033176 -0.011209 0.287804
    26 1.774879 0.000004 0.000000 -0.022136 0.009408 0.466166
    27 1.008841 0.000004 0.000000 -0.022136 0.009420 0.466247
    28 3.632765 0.059053 0.757493 -0.282866 -0.182116 0.470872
    29 1.500135 0.000004 0.000000 -0.016683 0.006795 0.436889
    30 0.905668 0.000002 -0.000001 -0.016683 0.006795 0.436889
    31 3.323332 0.233744 1.479075 -0.408221 -0.439642 0.644330
    32 0.963099 0.000010 0.000000 -0.017234 0.009803 0.572050
    33 0.682898 -0.000002 0.000000 -0.016790 0.010427 0.595962
    34 16.981375 -5.884303 -10.737378 0.265381 0.258130 -2.316523
    35 -6.109157 -3.944074 -11.034252 -0.561948 -0.729205 -1.376052
    36 0.000000 3.992340 0.007782 1.570796 0.000000 -1.570796
    37 17.164586 -0.582049 2.644612 2.617770 0.467402 2.530956
    38 -0.021929 2.029111 -0.137266 -1.570805 0.000001 0.000000
    39 0.019532 0.000000 0.007813 -0.214037 0.000000 0.000001
    40 0.002397 -0.669111 0.409449 1.082572 0.000000 0.000000
    41 -0.002402 -6.221447 0.929182 -0.889819 0.000000 0.000000
  time 45
    0 -6.109157 -3.944074 -11.034252 -1.925723 -0.728621 -1.376057
    1 10.295578 0.000000 0.000002 2.882906 -0.387486 0.045844
    2 16.981375 -5.884303 -10.737378 -0.818708 0.258249 -2.316667
    3 10.295582 0.000001 -0.000006 -0.719445 0.204547 0.123947
    4 1.149520 0.416502 1.414117 -1.889544 -0.247391 0.590208
    5 1.263885 0.000000 -0.000008 0.039274 0.064213 0.111307
    6 1.188939 -0.000002 0.000010 0.005825 0.001918 -0.245455
    7 3.773755 0.133215 0.970575 0.005840 0.024340 0.317988
    8 1.433456 0.000000 0.000000 0.071608 -0.076570 1.246454
    9 1.019165 -0.000006 0.000001 0.138925 -0.094498 0.995244
    10 3.799514 0.014957 0.039959 -0.022861 0.068472 0.343331
    11 1.774878 0.000000 0.000000 0.094151 -0.003607 0.177905
    12 1.008844 -0.000004 0.000000 0.107502 -0.013603 0.213864
    13 3.632766 0.059052 -0.757493 0.035354 0.112209 0.367205
    14 1.500137 0.000002 0.000000 0.096776 0.074280 -0.062644
    15 0.905666 -0.000002 -0.000001 0.111660 0.049029 0.178996
    16 3.323331 0.233744 -1.479075 0.224777 0.143147 0.636924
    17 0.963100 0.000011 0.000000 0.040053 -0.089177 1.362262
    18 0.682894 -0.000006 -0.000001 0.050958 0.063662 -0.018365
    19 1.149529 0.416498 -1.414117 1.697746 0.643094 0.385933
    20 1.263884 0.000001 0.000000 -0.007454 0.008126 0.476952
    21 1.188946 0.000000 0.000002 -0.010439 0.002721 0.214575
    22 3.773762 0.133217 -0.970574 0.035291 0.177481 0.063645
    23 1.433458 0.000004 0.000000 -0.034600 0.013722 0.465374
    24 1.019165 0.000011 0.000000 -0.034588 0.013710 0.465443
    25 3.799517 0.014957 -0.039958 -0.033176 -0.011101 0.290003
    26 1.774879 0.000004 0.000000 -0.022064 0.009504 0.468283
    27 1.008841 0.000004 0.000000 -0.022064 0.009504 0.468364
    28 3.632765 0.059053 0.757493 -0.283370 -0.181361 0.473033
    29 1.500135 0.000004 0.000000 -0.016635 0.007071 0.439167
    30 0.905668 0.000002 -0.000001 -0.016635 0.007071 0.439167
    31 3.323332 0.233744 1.479075 -0.409327 -0.438251 0.647375
    32 0.963099 0.000010 0.000000 -0.017150 0.010007 0.574875
    33 0.682898 -0.000002 0.000000 -0.016719 0.010475 0.598560
    34 16.981375 -5.884303 -10.737378 0.265381 0.258130 -2.316523
    35 -6.109157 -3.944074 -11.034252 -0.562010 -0.729013 -1.376052
    36 0.000000 3.992340 0.007782 1.570796 0.000000 -1.570796
    37 17.168493 -0.582049 2.656331 2.614609 0.467020 2.528684
    38 -0.021929 2.029111 -0.137266 -1.570805 0.000001 0.000000
    39 0.019532 0.000000 0.007813 -0.214037 0.000000 0.000001
    40 0.002397 -0.669111 0.409449 1.082572 0.000000 0.000000
    41 -0.002402 -6.221447 0.929182 -0.889399 0.000000 0.000000
  time 46
    0 -6.109157 -3.944074 -11.034252 -1.925500 -0.728527 -1.376153
    1 10.295578 0.000000 0.000002 2.884270 -0.385545 0.046281
    2 16.981375 -5.884303 -10.737378 -0.818708 0.258249 -2.316667
    3 10.295582 0.000001 -0.000006 -0.719445 0.204547 0.123947
    4 1.149520 0.416502 1.414117 -1.889544 -0.247391 0.590208
    5 1.263885 0.000000 -0.000008 0.039274 0.064213 0.111307
    6 1.188939 -0.000002 0.000010 0.005825 0.001918 -0.245455
    7 3.773755 0.133215 0.970575 0.005840 0.024340 0.317988
    8 1.433456 0.000000 0.000000 0.071608 -0.076570 1.246454
    9 1.019165 -0.000006 0.000001 0.138925 -0.094498 0.995244
    10 3.799514 0.014957 0.039959 -0.022861 0.068472 0.343331
    11 1.774878 0.000000 0.000000 0.094151 -0.003607 0.177810
    12 1.008844 -0.000004 0.000000 0.107502 -0.013603 0.213793
    13 3.632766 0.059052 -0.757493 0.035354 0.112209 0.367205
    14 1.500137 0.000002 0.000000 0.096776 0.074280 -0.062644
    15 0.905666 -0.000002 -0.000001 0.111660 0.049029 0.178996
    16 3.323331 0.233744 -1.479075 0.224777 0.143147 0.636924
    17 0.963100 0.000011 0.000000 0.040053 -0.089177 1.362262
    18 0.682894 -0.000006 -0.000001 0.050958 0.063662 -0.018365
    19 1.149529 0.416498 -1.414117 1.697842 0.643070 0.385969
    20 1.263884 0.000001 0.000000 -0.007383 0.008150 0.476986
    21 1.188946 0.000000 0.000002 -0.010391 0.002732 0.214598
    22 3.773762 0.133217 -0.970574 0.035963 0.177361 0.065971
    23 1.433458 0.000004 0.000000 -0.034588 0.014058 0.467612
    24 1.019165 0.000011 0.000000 -0.034588 0.014034 0.467721
    25 3.799517 0.014957 -0.039958 -0.033176 -0.010981 0.292002
    26 1.774879 0.000004 0.000000 -0.021980 0.009600 0.470685
    27 1.008841 0.000004 0.000000 -0.021980 0.009600 0.470766
    28 3.632765 0.059053 0.757493 -0.283538 -0.180593 0.475381
    29 1.500135 0.000004 0.000000 -0.016551 0.007203 0.441597
    30 0.905668 0.000002 -0.000001 -0.016551 0.007191 0.441635
    31 3.323332 0.233744 1.479075 -0.410506 -0.437149 0.650151
    32 0.963099 0.000010 0.000000 -0.016874 0.010223 0.577826
    33 0.682898 -0.000002 0.000000 -0.016707 0.010499 0.601284
    34 16.981375 -5.884303 -10.737378 0.265381 0.258130 -2.316523
    35 -6.109157 -3.944074 -11.034252 -0.561948 -0.729013 -1.376052
    36 0.000000 3.992340 0.007782 1.570796 0.000000 -1.570796
    37 17.172399 -0.578143 2.664144 2.612213 0.466447 2.526696
    38 -0.021929 2.029111 -0.137266 -1.570805 0.000001 0.000000
    39 0.019532 0.000000 0.007813 -0.214037 0.000000 0.000001
    40 0.002397 -0.669111 0.409449 1.082572 0.000000 0.000000
    41 -0.002402 -6.221447 0.929182 -0.888937 0.000000 0.000000
  time 47
    0 -6.109157 -3.944074 -11.034252 -1.925500 -0.728527 -1.376153
    1 10.295578 0.000000 0.000002 2.885566 -0.383701 0.046562
    2 16.981375 -5.884303 -10.737378 -0.818708 0.258249 -2.316667
    3 10.295582 0.000001 -0.000006 -0.719445 0.204547 0.123947
    4 1.149520 0.416502 1.414117 -1.889544 -0.247391 0.590208
    5 1.263885 0.000000 -0.000008 0.039274 0.064213 0.111307
    6 1.188939 -0.000002 0.000010 0.005825 0.001918 -0.245455
    7 3.773755 0.133215 0.970575 0.005840 0.024340 0.317988
    8 1.433456 0.000000 0.000000 0.071608 -0.076570 1.246454
    9 1.019165 -0.000006 0.000001 0.138925 -0.094498 0.995244
    10 3.799514 0.014957 0.039959 -0.022861 0.068472 0.343331
    11 1.774878 0.000000 0.000000 0.094151 -0.003607 0.177810
    12 1.008844 -0.000004 0.000000 0.107502 -0.013603 0.213793
    13 3.632766 0.059052 -0.757493 0.035354 0.112209 0.367205
    14 1.500137 0.000002 0.000000 0.096776 0.074280 -0.062644
    15 0.905666 -0.000002 -0.000001 0.111660 0.049029 0.178996
    16 3.323331 0.233744 -1.479075 0.224777 0.143147 0.636924
    17 0.963100 0.000011 0.000000 0.040053 -0.089177 1.362262
    18 0.682894 -0.000006 -0.000001 0.050958 0.063662 -0.018365
    19 1.149529 0.416498 -1.414117 1.697938 0.643034 0.385969
    20 1.263884 0.000001 0.000000 -0.007383 0.008162 0.477037
    21 1.188946 0.000000 0.000002 -0.010343 0.002768 0.214598
    22 3.773762 0.133217 -0.970574 0.036490 0.177337 0.068517
    23 1.433458 0.000004 0.000000 -0.034540 0.014190 0.470195
    24 1.019165 0.000011 0.000000 -0.034516 0.014178 0.470172
    25 3.799517 0.014957 -0.039958 -0.033116 -0.010933 0.294200
    26 1.774879 0.000004 0.000000 -0.021896 0.009708 0.473209
    27 1.008841 0.000004 0.000000 -0.021884 0.009708 0.473290
    28 3.632765 0.059053 0.757493 -0.284065 -0.179803 0.477841
    29 1.500135 0.000004 0.000000 -0.016467 0.007323 0.444483
    30 0.905668 0.000002 -0.000001 -0.016467 0.007311 0.444483
    31 3.323332 0.233744 1.479075 -0.411670 -0.435807 0.653250
    32 0.963099 0.000010 0.000000 -0.016754 0.010355 0.580853
    33 0.682898 -0.000002 0.000000 -0.016695 0.010594 0.604210
    34 16.981375 -5.884303 -10.737378 0.265381 0.258130 -2.316523
    35 -6.109157 -3.944074 -11.034252 -0.561825 -0.729013 -1.376339
    36 0.000000 3.992340 0.007782 1.570796 0.000000 -1.570796
    37 17.176305 -0.578143 2.671957 2.609435 0.465874 2.524992
    38 -0.021929 2.029111 -0.137266 -1.570805 0.000001 0.000000
    39 0.019532 0.000000 0.007813 -0.214037 0.000000 0.000001
    40 0.002397 -0.669111 0.409449 1.082572 0.000000 0.000000
    41 -0.002402 -6.221447 0.929182 -0.888182 0.000000 0.000000
  time 48
    0 -6.109157 -3.944074 -11.034252 -1.925426 -0.728527 -1.376344
    1 10.295578 0.000000 0.000002 2.886930 -0.382124 0.046718
    2 16.981375 -5.884303 -10.737378 -0.818708 0.258249 -2.316667
    3 10.295582 0.000001 -0.000006 -0.719445 0.204547 0.123947
    4 1.149520 0.416502 1.414117 -1.889544 -0.247391 0.590208
    5 1.263885 0.000000 -0.000008 0.039274 0.064213 0.111307
    6 1.188939 -0.000002 0.000010 0.005825 0.001918 -0.245455
    7 3.773755 0.133215 0.970575 0.005840 0.024340 0.317988
    8 1.433456 0.000000 0.000000 0.071608 -0.076570 1.246454
    9 1.019165 -0.000006 0.000001 0.138925 -0.094498 0.995244
    10 3.799514 0.014957 0.039959 -0.022861 0.068472 0.343331
    11 1.774878 0.000000 0.000000 0.094151 -0.003607 0.177810
    12 1.008844 -0.000004 0.000000 0.107502 -0.013603 0.213674
    13 3.632766 0.059052 -0.757493 0.035354 0.112209 0.367205
    14 1.500137 0.000002 0.000000 0.096776 0.074280 -0.062644
    15 0.905666 -0.000002 -0.000001 0.111660 0.049029 0.178996
    16 3.323331 0.233744 -1.479075 0.224777 0.143147 0.636924
    17 0.963100 0.000011 0.000000 0.040053 -0.089177 1.362262
    18 0.682894 -0.000006 -0.000001 0.050958 0.063662 -0.018365
    19 1.149529 0.416498 -1.414117 1.698202 0.643010 0.386016
    20 1.263884 0.000001 0.000000 -0.007371 0.008162 0.477072
    21 1.188946 0.000000 0.000002 -0.010283 0.002828 0.214598
    22 3.773762 0.133217 -0.970574 0.036837 0.177241 0.071126
    23 1.433458 0.000004 0.000000 -0.034444 0.014346 0.472691
    24 1.019165 0.000011 0.000000 -0.034420 0.014346 0.472752
    25 3.799517 0.014957 -0.039958 -0.033068 -0.010802 0.297399
    26 1.774879 0.000004 0.000000 -0.021800 0.009720 0.475814
    27 1.008841 0.000004 0.000000 -0.021800 0.009720 0.475814
    28 3.632765 0.059053 0.757493 -0.284317 -0.179000 0.480487
    29 1.500135 0.000004 0.000000 -0.016383 0.007371 0.447179
    30 0.905668 0.000002 -0.000001 -0.016383 0.007359 0.447179
    31 3.323332 0.233744 1.479075 -0.412907 -0.434296 0.656429
    32 0.963099 0.000010 0.000000 -0.016707 0.010463 0.584006
    33 0.682898 -0.000002 0.000000 -0.016635 0.010798 0.607136
    34 16.981375 -5.884303 -10.737378 0.265381 0.258130 -2.316523
    35 -6.109157 -3.944074 -11.034252 -0.561825 -0.728726 -1.376339
    36 0.000000 3.992340 0.007782 1.570796 0.000000 -1.570796
    37 17.180212 -0.570330 2.675863 2.607327 0.465492 2.523572
    38 -0.021929 2.029111 -0.137266 -1.570805 0.000001 0.000000
    39 0.019532 0.000000 0.007813 -0.214037 0.000000 0.000001
    40 0.002397 -0.669111 0.409449 1.082572 0.000000 0.000000
    41 -0.002402 -6.221447 0.929182 -0.887469 0.000000 0.000000
  time 49
    0 -6.109157 -3.944074 -11.034252 -1.925426 -0.728527 -1.376344
    1 10.295578 0.000000 0.000002 2.887953 -0.380765 0.046718
    2 16.981375 -5.884303 -10.737378 -0.818708 0.258249 -2.316667
    3 10.295582 0.000001 -0.000006 -0.719445 0.204547 0.123947
    4 1.149520 0.416502 1.414117 -1.889544 -0.247391 0.590208
    5 1.263885 0.000000 -0.000008 0.039274 0.064213 0.111307
    6 1.188939 -0.000002 0.000010 0.005825 0.001918 -0.245455
    7 3.773755 0.133215 0.970575 0.005840 0.024340 0.317988
    8 1.433456 0.000000 0.000000 0.071608 -0.076570 1.246454
    9 1.019165 -0.000006 0.000001 0.138925 -0.094498 0.995244
    10 3.799514 0.014957 0.039959 -0.022861 0.068472 0.343331
    11 1.774878 0.000000 0.000000 0.094151 -0.003607 0.177810
    12 1.008844 -0.000004 0.000000 0.107502 -0.013603 0.213674
    13 3.632766 0.059052 -0.757493 0.035354 0.112209 0.367205
    14 1.500137 0.000002 0.000000 0.096776 0.074280 -0.062644
    15 0.905666 -0.000002 -0.000001 0.111660 0.049029 0.178996
    16 3.323331 0.233744 -1.479075 0.224777 0.143147 0.636924
    17 0.963100 0.000011 0.000000 0.040053 -0.089177 1.362262
    18 0.682894 -0.000006 -0.000001 0.050958 0.063662 -0.018365
    19 1.149529 0.416498 -1.414117 1.698298 0.642974 0.386088
    20 1.263884 0.000001 0.000000 -0.007371 0.008185 0.477123
    21 1.188946 0.000000 0.000002 -0.010235 0.002876 0.214621
    22 3.773762 0.133217 -0.970574 0.037569 0.177217 0.073860
    23 1.433458 0.000004 0.000000 -0.034336 0.014382 0.475489
    24 1.019165 0.000011 0.000000 -0.034312 0.014382 0.475503
    25 3.799517 0.014957 -0.039958 -0.033032 -0.010454 0.299798
    26 1.774879 0.000004 0.000000 -0.021500 0.009791 0.478542
    27 1.008841 0.000004 0.000000 -0.021524 0.009791 0.478623
    28 3.632765 0.059053 0.757493 -0.284868 -0.178113 0.483283
    29 1.500135 0.000004 0.000000 -0.016227 0.007383 0.449798
    30 0.905668 0.000002 -0.000001 -0.016119 0.007383 0.449798
    31 3.323332 0.233744 1.479075 -0.414217 -0.432870 0.659744
    32 0.963099 0.000010 0.000000 -0.016671 0.010499 0.587411
    33 0.682898 -0.000002 0.000000 -0.016515 0.011014 0.610163
    34 16.981375 -5.884303 -10.737378 0.265381 0.258130 -2.316523
    35 -6.109157 -3.944074 -11.034252 -0.561825 -0.728247 -1.376339
    36 0.000000 3.992340 0.007782 1.570796 0.000000 -1.570796
    37 17.184118 -0.570330 2.687582 2.605794 0.464919 2.522152
    38 -0.021929 2.029111 -0.137266 -1.570805 0.000001 0.000000
    39 0.019532 0.000000 0.007813 -0.214037 0.000000 0.000001
    40 0.002397 -0.669111 0.409449 1.082572 0.000000 0.000000
    41 -0.002402 -6.221447 0.929182 -0.886252 0.000000 0.000000
  time 50
    0 -6.109157 -3.944074 -11.034252 -1.925426 -0.728527 -1.376440
    1 10.295578 0.000000 0.000002 2.888976 -0.379843 0.046437
    2 16.981375 -5.884303 -10.737378 -0.818708 0.258249 -2.316667
    3 10.295582 0.000001 -0.000006 -0.719445 0.204547 0.123947
    4 1.149520 0.416502 1.414117 -1.889544 -0.247391 0.590208
    5 1.263885 0.000000 -0.000008 0.039274 0.064213 0.111307
    6 1.188939 -0.000002 0.000010 0.005825 0.001918 -0.245455
    7 3.773755 0.133215 0.970575 0.005840 0.024340 0.317988
    8 1.433456 0.000000 0.000000 0.071608 -0.076570 1.246454
    9 1.019165 -0.000006 0.000001 0.138925 -0.094498 0.995244
    10 3.799514 0.014957 0.039959 -0.022861 0.068472 0.343331
    11 1.774878 0.000000 0.000000 0.094151 -0.003607 0.177810
    12 1.008844 -0.000004 0.000000 0.107502 -0.013603 0.213674
    13 3.632766 0.059052 -0.757493 0.035354 0.112209 0.367205
    14 1.500137 0.000002 0.000000 0.096776 0.074280 -0.062644
    15 0.905666 -0.000002 -0.000001 0.111660 0.049029 0.178996
    16 3.323331 0.233744 -1.479075 0.224777 0.143147 0.636924
    17 0.963100 0.000011 0.000000 0.040053 -0.089177 1.362262
    18 0.682894 -0.000006 -0.000001 0.050958 0.063662 -0.018365
    19 1.149529 0.416498 -1.414117 1.698394 0.642938 0.386148
    20 1.263884 0.000001 0.000000 -0.007335 0.008245 0.477174
    21 1.188946 0.000000 0.000002 -0.010187 0.003020 0.214621
    22 3.773762 0.133217 -0.970574 0.038216 0.177193 0.076783
    23 1.433458 0.000004 0.000000 -0.034228 0.014453 0.478200
    24 1.019165 0.000011 0.000000 -0.033988 0.014489 0.478341
    25 3.799517 0.014957 -0.039958 -0.033008 -0.010310 0.303096
    26 1.774879 0.000004 0.000000 -0.021404 0.010139 0.481473
    27 1.008841 0.000004 0.000000 -0.021428 0.010139 0.481554
    28 3.632765 0.059053 0.757493 -0.285107 -0.177178 0.486190
    29 1.500135 0.000004 0.000000 -0.016047 0.007490 0.453064
    30 0.905668 0.000002 -0.000001 -0.016023 0.007490 0.453102
    31 3.323332 0.233744 1.479075 -0.415512 -0.431576 0.663031
    32 0.963099 0.000010 0.000000 -0.016551 0.010606 0.590791
    33 0.682898 -0.000002 0.000000 -0.016371 0.011146 0.613240
    34 16.981375 -5.884303 -10.737378 0.265381 0.258130 -2.316523
    35 -6.109157 -3.944074 -11.034252 -0.561825 -0.728247 -1.376626
    36 0.000000 3.992340 0.007782 1.570796 0.000000 -1.570796
    37 17.184118 -0.570330 2.687582 2.604261 0.464251 2.521773
    38 -0.021929 2.029111 -0.137266 -1.570805 0.000001 0.000000
    39 0.019532 0.000000 0.007813 -0.214037 0.000000 0.000001
    40 0.002397 -0.669111 0.409449 1.082572 0.000000 0.000000
    41 -0.002402 -6.221447 0.929182 -0.885076 0.000000 0.000000
  time 51
    0 -6.109157 -3.944074 -11.034252 -1.925426 -0.728527 -1.376440
    1 10.295578 0.000000 0.000002 2.889385 -0.379188 0.045875
    2 16.981375 -5.884303 -10.737378 -0.818708 0.258249 -2.316667
    3 10.295582 0.000001 -0.000006 -0.719445 0.204547 0.123947
    4 1.149520 0.416502 1.414117 -1.889544 -0.247391 0.590208
    5 1.263885 0.000000 -0.000008 0.039274 0.064213 0.111307
    6 1.188939 -0.000002 0.000010 0.005825 0.001918 -0.245455
    7 3.773755 0.133215 0.970575 0.005840 0.024340 0.317988
    8 1.433456 0.000000 0.000000 0.071608 -0.076570 1.246454
    9 1.019165 -0.000006 0.000001 0.138925 -0.094498 0.995244
    10 3.799514 0.014957 0.039959 -0.022861 0.068472 0.343331
    11 1.774878 0.000000 0.000000 0.094151 -0.003607 0.177810
    12 1.008844 -0.000004 0.000000 0.107502 -0.013603 0.213579
    13 3.632766 0.059052 -0.757493 0.035354 0.112209 0.367205
    14 1.500137 0.000002 0.000000 0.096776 0.074280 -0.062644
    15 0.905666 -0.000002 -0.000001 0.111660 0.049029 0.178996
    16 3.323331 0.233744 -1.479075 0.224777 0.143147 0.636924
    17 0.963100 0.000011 0.000000 0.040053 -0.089177 1.362262
    18 0.682894 -0.000006 -0.000001 0.050958 0.063662 -0.018365
    19 1.149529 0.416498 -1.414117 1.698490 0.642914 0.386388
    20 1.263884 0.000001 0.000000 -0.007275 0.008317 0.477209
    21 1.188946 0.000000 0.000002 -0.010127 0.003140 0.214621
    22 3.773762 0.133217 -0.970574 0.038839 0.177169 0.079800
    23 1.433458 0.000004 0.000000 -0.033916 0.014849 0.481256
    24 1.019165 0.000011 0.000000 -0.033892 0.014849 0.481307
    25 3.799517 0.014957 -0.039958 -0.032984 -0.010178 0.305695
    26 1.774879 0.000004 0.000000 -0.021381 0.010283 0.484526
    27 1.008841 0.000004 0.000000 -0.021381 0.010259 0.484526
    28 3.632765 0.059053 0.757493 -0.285743 -0.176015 0.489283
    29 1.500135 0.000004 0.000000 -0.015951 0.007790 0.456177
    30 0.905668 0.000002 -0.000001 -0.015940 0.007682 0.456215
    31 3.323332 0.233744 1.479075 -0.416880 -0.430066 0.666481
    32 0.963099 0.000010 0.000000 -0.016443 0.010918 0.594272
    33 0.682898 -0.000002 0.000000 -0.016035 0.011254 0.616519
    34 16.981375 -5.884303 -10.737378 0.265381 0.258130 -2.316523
    35 -6.109157 -3.944074 -11.034252 -0.561825 -0.728247 -1.376626
    36 0.000000 3.992340 0.007782 1.570796 0.000000 -1.570796
    37 17.184118 -0.570330 2.695395 2.603494 0.463678 2.521300
    38 -0.021929 2.029111 -0.137266 -1.570805 0.000001 0.000000
    39 0.019532 0.000000 0.007813 -0.214037 0.000000 0.000001
    40 0.002397 -0.669111 0.409449 1.082572 0.000000 0.000000
    41 -0.002402 -6.221447 0.929182 -0.883859 0.000000 0.000000
  time 52
    0 -6.109157 -3.944074 -11.034252 -1.925426 -0.728527 -1.376440
    1 10.295578 0.000000 0.000002 2.890340 -0.379115 0.045157
    2 16.981375 -5.884303 -10.737378 -0.818708 0.258249 -2.316667
    3 10.295582 0.000001 -0.000006 -0.719445 0.204547 0.123947
    4 1.149520 0.416502 1.414117 -1.889544 -0.247391 0.590208
    5 1.263885 0.000000 -0.000008 0.039274 0.064213 0.111307
    6 1.188939 -0.000002 0.000010 0.005825 0.001918 -0.245455
    7 3.773755 0.133215 0.970575 0.005840 0.024340 0.317988
    8 1.433456 0.000000 0.000000 0.071608 -0.076570 1.246454
    9 1.019165 -0.000006 0.000001 0.138925 -0.094498 0.995244
    10 3.799514 0.014957 0.039959 -0.022861 0.068472 0.343331
    11 1.774878 0.000000 0.000000 0.094151 -0.003607 0.177810
    12 1.008844 -0.000004 0.000000 0.107514 -0.013603 0.213579
    13 3.632766 0.059052 -0.757493 0.035354 0.112209 0.367205
    14 1.500137 0.000002 0.000000 0.096776 0.074280 -0.062644
    15 0.905666 -0.000002 -0.000001 0.111660 0.049029 0.178996
    16 3.323331 0.233744 -1.479075 0.224777 0.143147 0.636924
    17 0.963100 0.000011 0.000000 0.040053 -0.089177 1.362262
    18 0.682894 -0.000006 -0.000001 0.050958 0.063662 -0.018365
    19 1.149529 0.416498 -1.414117 1.698525 0.642878 0.386460
    20 1.263884 0.000001 0.000000 -0.007203 0.008593 0.477260
    21 1.188946 0.000000 0.000002 -0.009899 0.003200 0.214621
    22 3.773762 0.133217 -0.970574 0.039282 0.177157 0.082911
    23 1.433458 0.000004 0.000000 -0.033832 0.015017 0.484269
    24 1.019165 0.000011 0.000000 -0.033832 0.015029 0.484360
    25 3.799517 0.014957 -0.039958 -0.032936 -0.010154 0.309293
    26 1.774879 0.000004 0.000000 -0.021357 0.010427 0.487620
    27 1.008841 0.000004 0.000000 -0.021357 0.010391 0.487742
    28 3.632765 0.059053 0.757493 -0.286018 -0.175141 0.492414
    29 1.500135 0.000004 0.000000 -0.015916 0.007910 0.459214
    30 0.905668 0.000002 -0.000001 -0.015916 0.007898 0.459252
    31 3.323332 0.233744 1.479075 -0.418248 -0.428496 0.670038
    32 0.963099 0.000010 0.000000 -0.016239 0.011062 0.597778
    33 0.682898 -0.000002 0.000000 -0.015940 0.011266 0.619899
    34 16.981375 -5.884303 -10.737378 0.265381 0.258130 -2.316523
    35 -6.109157 -3.944074 -11.034252 -0.561825 -0.728247 -1.376626
    36 0.000000 3.992340 0.007782 1.570796 0.000000 -1.570796
    37 17.184118 -0.570330 2.695395 2.603494 0.463105 2.521584
    38 -0.021929 2.029111 -0.137266 -1.570805 0.000001 0.000000
    39 0.019532 0.000000 0.007813 -0.214037 0.000000 0.000001
    40 0.002397 -0.669111 0.409449 1.082572 0.000000 0.000000
    41 -0.002402 -6.221447 0.929182 -0.882475 0.000000 0.000000
  time 53
    0 -6.109157 -3.944074 -11.034252 -1.925426 -0.728433 -1.376631
    1 10.295578 0.000000 0.000002 2.890681 -0.379455 0.044002
    2 16.981375 -5.884303 -10.737378 -0.818708 0.258249 -2.316667
    3 10.295582 0.000001 -0.000006 -0.719445 0.204547 0.123947
    4 1.149520 0.416502 1.414117 -1.889544 -0.247391 0.590208
    5 1.263885 0.000000 -0.000008 0.039274 0.064213 0.111307
    6 1.188939 -0.000002 0.000010 0.005825 0.001918 -0.245455
    7 3.773755 0.133215 0.970575 0.005840 0.024340 0.317988
    8 1.433456 0.000000 0.000000 0.071608 -0.076570 1.246454
    9 1.019165 -0.000006 0.000001 0.138925 -0.094498 0.995244
    10 3.799514 0.014957 0.039959 -0.022861 0.068472 0.343331
    11 1.774878 0.000000 0.000000 0.094151 -0.003607 0.177810
    12 1.008844 -0.000004 0.000000 0.107514 -0.013603 0.213579
    13 3.632766 0.059052 -0.757493 0.035354 0.112209 0.367205
    14 1.500137 0.000002 0.000000 0.096776 0.074280 -0.062644
    15 0.905666 -0.000002 -0.000001 0.111660 0.049029 0.178996
    16 3.323331 0.233744 -1.479075 0.224777 0.143147 0.636924
    17 0.963100 0.000011 0.000000 0.040053 -0.089177 1.362262
    18 0.682894 -0.000006 -0.000001 0.050958 0.063662 -0.018365
    19 1.149529 0.416498 -1.414117 1.698549 0.642770 0.386532
    20 1.263884 0.000001 0.000000 -0.007131 0.008653 0.477312
    21 1.188946 0.000000 0.000002 -0.009839 0.003248 0.214644
    22 3.773762 0.133217 -0.970574 0.039941 0.177133 0.086180
    23 1.433458 0.000004 0.000000 -0.033821 0.015161 0.487454
    24 1.019165 0.000011 0.000000 -0.033809 0.015149 0.487584
    25 3.799517 0.014957 -0.039958 -0.032888 -0.009903 0.311941
    26 1.774879 0.000004 0.000000 -0.021321 0.010487 0.490877
    27 1.008841 0.000004 0.000000 -0.021285 0.010487 0.490958
    28 3.632765 0.059053 0.757493 -0.286642 -0.174098 0.495694
    29 1.500135 0.000004 0.000000 -0.015892 0.008042 0.462631
    30 0.905668 0.000002 -0.000001 -0.015892 0.008030 0.462631
    31 3.323332 0.233744 1.479075 -0.419645 -0.426902 0.673676
    32 0.963099 0.000010 0.000000 -0.016023 0.011218 0.601511
    33 0.682898 -0.000002 0.000000 -0.015916 0.011409 0.623279
    34 16.981375 -5.884303 -10.737378 0.265381 0.258130 -2.316523
    35 -6.109157 -3.944074 -11.034252 -0.561825 -0.728247 -1.376626
    36 0.000000 3.992340 0.007782 1.570796 0.000000 -1.570796
    37 17.184118 -0.570330 2.695395 2.603494 0.462532 2.522436
    38 -0.021929 2.029111 -0.137266 -1.570805 0.000001 0.000000
    39 0.019532 0.000000 0.007813 -0.214037 0.000000 0.000001
    40 0.002397 -0.669111 0.409449 1.082572 0.000000 0.000000
    41 -0.002402 -6.221447 0.929182 -0.881258 0.000000 0.000000
  time 54
    0 -6.109157 -3.944074 -11.034252 -1.925426 -0.728433 -1.376631
    1 10.295578 0.000000 0.000002 2.889999 -0.380401 0.042972
    2 16.981375 -5.884303 -10.737378 -0.818708 0.258249 -2.316667
    3 10.295582 0.000001 -0.000006 -0.719445 0.204547 0.123947
    4 1.149520 0.416502 1.414117 -1.889618 -0.247391 0.590208
    5 1.263885 0.000000 -0.000008 0.039274 0.064213 0.111307
    6 1.188939 -0.000002 0.000010 0.005825 0.001918 -0.245455
    7 3.773755 0.133215 0.970575 0.005840 0.024340 0.317988
    8 1.433456 0.000000 0.000000 0.071608 -0.076570 1.246454
    9 1.019165 -0.000006 0.000001 0.138925 -0.094498 0.995244
    10 3.799514 0.014957 0.039959 -0.022861 0.068472 0.343331
    11 1.774878 0.000000 0.000000 0.094151 -0.003607 0.177810
    12 1.008844 -0.000004 0.000000 0.107514 -0.013603 0.213579
    13 3.632766 0.059052 -0.757493 0.035354 0.112209 0.367205
    14 1.500137 0.000002 0.000000 0.096776 0.074280 -0.062644
    15 0.905666 -0.000002 -0.000001 0.111660 0.049029 0.178996
    16 3.323331 0.233744 -1.479075 0.224777 0.143147 0.636924
    17 0.963100 0.000011 0.000000 0.040053 -0.089177 1.362262
    18 0.682894 -0.000006 -0.000001 0.050958 0.063662 -0.018365
    19 1.149529 0.416498 -1.414117 1.698621 0.642626 0.386604
    20 1.263884 0.000001 0.000000 -0.007059 0.008725 0.477363
    21 1.188946 0.000000 0.000002 -0.009791 0.003308 0.214644
    22 3.773762 0.133217 -0.970574 0.040697 0.177109 0.089574
    23 1.433458 0.000004 0.000000 -0.033749 0.015172 0.491070
    24 1.019165 0.000011 0.000000 -0.033773 0.015208 0.490895
    25 3.799517 0.014957 -0.039958 -0.032840 -0.009579 0.315539
    26 1.774879 0.000004 0.000000 -0.021213 0.010534 0.494337
    27 1.008841 0.000004 0.000000 -0.021177 0.010499 0.494337
    28 3.632765 0.059053 0.757493 -0.287157 -0.172815 0.499085
    29 1.500135 0.000004 0.000000 -0.015784 0.008150 0.466163
    30 0.905668 0.000002 -0.000001 -0.015784 0.008138 0.466163
    31 3.323332 0.233744 1.479075 -0.421042 -0.425104 0.677394
    32 0.963099 0.000010 0.000000 -0.015940 0.011266 0.605219
    33 0.682898 -0.000002 0.000000 -0.015844 0.011733 0.626785
    34 16.981375 -5.884303 -10.737378 0.265381 0.258130 -2.316523
    35 -6.109157 -3.944074 -11.034252 -0.561825 -0.727864 -1.376626
    36 0.000000 3.992340 0.007782 1.570796 0.000000 -1.570796
    37 17.184118 -0.570330 2.695395 2.605506 0.462723 2.524424
    38 -0.021929 2.029111 -0.137266 -1.570805 0.000001 0.000000
    39 0.019532 0.000000 0.007813 -0.214037 0.000000 0.000001
    40 0.002397 -0.669111 0.409449 1.082572 0.000000 0.000000
    41 -0.002402 -6.221447 0.929182 -0.879831 0.000000 0.000000
  time 55
    0 -6.109157 -3.944074 -11.034252 -1.925426 -0.728245 -1.376631
    1 10.295578 0.000000 0.000002 2.887953 -0.381881 0.041567
    2 16.981375 -5.884303 -10.737378 -0.818708 0.258249 -2.316667
    3 10.295582 0.000001 -0.000006 -0.719445 0.204547 0.123947
    4 1.149520 0.416502 1.414117 -1.889618 -0.247391 0.590208
    5 1.263885 0.000000 -0.000008 0.039274 0.064213 0.111307
    6 1.188939 -0.000002 0.000010 0.005825 0.001918 -0.245455
    7 3.773755 0.133215 0.970575 0.005840 0.024340 0.317988
    8 1.433456 0.000000 0.000000 0.071608 -0.076570 1.246454
    9 1.019165 -0.000006 0.000001 0.138925 -0.094498 0.995244
    10 3.799514 0.014957 0.039959 -0.022861 0.068472 0.343331
    11 1.774878 0.000000 0.000000 0.094151 -0.003607 0.177810
    12 1.008844 -0.000004 0.000000 0.107514 -0.013603 0.213579
    13 3.632766 0.059052 -0.757493 0.035354 0.112209 0.367205
    14 1.500137 0.000002 0.000000 0.096776 0.074280 -0.062644
    15 0.905666 -0.000002 -0.000001 0.111660 0.049029 0.178996
    16 3.323331 0.233744 -1.479075 0.224777 0.143147 0.636924
    17 0.963100 0.000011 0.000000 0.040053 -0.089177 1.362262
    18 0.682894 -0.000006 -0.000001 0.050958 0.063662 -0.018365
    19 1.149529 0.416498 -1.414117 1.698729 0.642590 0.386676
    20 1.263884 0.000001 0.000000 -0.006771 0.008797 0.477397
    21 1.188946 0.000000 0.000002 -0.009731 0.003356 0.214644
    22 3.773762 0.133217 -0.970574 0.041464 0.177085 0.093063
    23 1.433458 0.000004 0.000000 -0.033617 0.015592 0.494427
    24 1.019165 0.000011 0.000000 -0.033641 0.015592 0.494291
    25 3.799517 0.014957 -0.039958 -0.032600 -0.009399 0.319437
    26 1.774879 0.000004 0.000000 -0.021093 0.010894 0.497757
    27 1.008841 0.000004 0.000000 -0.021045 0.010750 0.497838
    28 3.632765 0.059053 0.757493 -0.287468 -0.171857 0.502552
    29 1.500135 0.000004 0.000000 -0.015676 0.008162 0.469731
    30 0.905668 0.000002 -0.000001 -0.015688 0.008162 0.469731
    31 3.323332 0.233744 1.479075 -0.422512 -0.423450 0.681275
    32 0.963099 0.000010 0.000000 -0.015916 0.011361 0.609053
    33 0.682898 -0.000002 0.000000 -0.015712 0.011889 0.630266
    34 16.981375 -5.884303 -10.737378 0.265381 0.258130 -2.316523
    35 -6.109157 -3.944074 -11.034252 -0.561825 -0.727864 -1.376913
    36 0.000000 3.992340 0.007782 1.570796 0.000000 -1.570796
    37 17.176305 -0.570330 2.687582 2.608093 0.464060 2.527548
    38 -0.021929 2.029111 -0.137266 -1.570805 0.000001 0.000000
    39 0.019532 0.000000 0.007813 -0.214037 0.000000 0.000001
    40 0.002397 -0.669111 0.409449 1.082572 0.000000 0.000000
    41 -0.002402 -6.221447 0.929182 -0.878152 0.000000 0.000000
  time 56
    0 -6.109157 -3.944074 -11.034252 -1.925426 -0.728245 -1.376631
    1 10.295578 0.000000 0.000002 2.884543 -0.383919 0.040131
    2 16.981375 -5.884303 -10.737378 -0.818708 0.258249 -2.316667
    3 10.295582 0.000001 -0.000006 -0.719445 0.204547 0.123947
    4 1.149520 0.416502 1.414117 -1.889618 -0.247391 0.590208
    5 1.263885 0.000000 -0.000008 0.039274 0.064213 0.111307
    6 1.188939 -0.000002 0.000010 0.005825 0.001918 -0.245455
    7 3.773755 0.133215 0.970575 0.005840 0.024340 0.317988
    8 1.433456 0.000000 0.000000 0.071608 -0.076570 1.246454
    9 1.019165 -0.000006 0.000001 0.138925 -0.094498 0.995244
    10 3.799514 0.014957 0.039959 -0.022861 0.068472 0.343331
    11 1.774878 0.000000 0.000000 0.094151 -0.003607 0.177810
    12 1.008844 -0.000004 0.000000 0.107514 -0.013603 0.213579
    13 3.632766 0.059052 -0.757493 0.035354 0.112209 0.367205
    14 1.500137 0.000002 0.000000 0.096776 0.074280 -0.062644
    15 0.905666 -0.000002 -0.000001 0.111660 0.049029 0.178996
    16 3.323331 0.233744 -1.479075 0.224777 0.143147 0.636924
    17 0.963100 0.000011 0.000000 0.040053 -0.089177 1.362262
    18 0.682894 -0.000006 -0.000001 0.050958 0.063662 -0.018365
    19 1.149529 0.416498 -1.414117 1.699005 0.642554 0.386712
    20 1.263884 0.000001 0.000000 -0.006699 0.008869 0.477449
    21 1.188946 0.000000 0.000002 -0.009720 0.003416 0.214667
    22 3.773762 0.133217 -0.970574 0.042243 0.177062 0.096583
    23 1.433458 0.000004 0.000000 -0.033485 0.015808 0.497698
    24 1.019165 0.000011 0.000000 -0.033497 0.015796 0.497774
    25 3.799517 0.014957 -0.039958 -0.032540 -0.009340 0.322986
    26 1.774879 0.000004 0.000000 -0.020769 0.011050 0.501339
    27 1.008841 0.000004 0.000000 -0.020745 0.011062 0.501339
    28 3.632765 0.059053 0.757493 -0.288140 -0.170538 0.506092
    29 1.500135 0.000004 0.000000 -0.015580 0.008305 0.473414
    30 0.905668 0.000002 -0.000001 -0.015580 0.008317 0.473376
    31 3.323332 0.233744 1.479075 -0.423938 -0.421832 0.684967
    32 0.963099 0.000010 0.000000 -0.015808 0.011685 0.613013
    33 0.682898 -0.000002 0.000000 -0.015580 0.012021 0.633873
    34 16.981375 -5.884303 -10.737378 0.265381 0.258130 -2.316523
    35 -6.109157 -3.944074 -11.034252 -0.561948 -0.728247 -1.376626
    36 0.000000 3.992340 0.007782 1.570796 0.000000 -1.570796
    37 17.164586 -0.570330 2.671957 2.611542 0.466065 2.531713
    38 -0.021929 2.029111 -0.137266 -1.570805 0.000001 0.000000
    39 0.019532 0.000000 0.007813 -0.214037 0.000000 0.000001
    40 0.002397 -0.669111 0.409449 1.082572 0.000000 0.000000
    41 -0.002402 -6.221447 0.929182 -0.876641 0.000000 0.000000
  time 57
    0 -6.109157 -3.944074 -11.034252 -1.925426 -0.728433 -1.376631
    1 10.295578 0.000000 0.000002 2.880110 -0.386224 0.038976
    2 16.981375 -5.884303 -10.737378 -0.818708 0.258249 -2.316667
    3 10.295582 0.000001 -0.000006 -0.719445 0.204547 0.123947
    4 1.149520 0.416502 1.414117 -1.889618 -0.247391 0.590208
    5 1.263885 0.000000 -0.000008 0.039274 0.064213 0.111307
    6 1.188939 -0.000002 0.000010 0.005825 0.001918 -0.245455
    7 3.773755 0.133215 0.970575 0.005840 0.024340 0.317988
    8 1.433456 0.000000 0.000000 0.071608 -0.076570 1.246454
    9 1.019165 -0.000006 0.000001 0.138925 -0.094498 0.995244
    10 3.799514 0.014957 0.039959 -0.022861 0.068472 0.343331
    11 1.774878 0.000000 0.000000 0.094151 -0.003595 0.177810
    12 1.008844 -0.000004 0.000000 0.107514 -0.013603 0.213460
    13 3.632766 0.059052 -0.757493 0.035354 0.112209 0.367205
    14 1.500137 0.000002 0.000000 0.096776 0.074280 -0.062644
    15 0.905666 -0.000002 -0.000001 0.111660 0.049029 0.178996
    16 3.323331 0.233744 -1.479075 0.224765 0.143147 0.636924
    17 0.963100 0.000011 0.000000 0.040053 -0.089177 1.362262
    18 0.682894 -0.000006 -0.000001 0.050958 0.063662 -0.018365
    19 1.149529 0.416498 -1.414117 1.699113 0.642518 0.386748
    20 1.263884 0.000001 0.000000 -0.006627 0.008929 0.477500
    21 1.188946 0.000000 0.000002 -0.009720 0.003440 0.214667
    22 3.773762 0.133217 -0.970574 0.042986 0.177062 0.100229
    23 1.433458 0.000004 0.000000 -0.033149 0.015940 0.501227
    24 1.019165 0.000011 0.000000 -0.033125 0.015928 0.501385
    25 3.799517 0.014957 -0.039958 -0.032480 -0.008932 0.326284
    26 1.774879 0.000004 0.000000 -0.020649 0.011230 0.504881
    27 1.008841 0.000004 0.000000 -0.020625 0.011230 0.505084
    28 3.632765 0.059053 0.757493 -0.288643 -0.169532 0.509708
    29 1.500135 0.000004 0.000000 -0.015292 0.008653 0.477439
    30 0.905668 0.000002 -0.000001 -0.015292 0.008641 0.477439
    31 3.323332 0.233744 1.479075 -0.425437 -0.420203 0.688955
    32 0.963099 0.000010 0.000000 -0.015664 0.011853 0.616948
    33 0.682898 -0.000002 0.000000 -0.015256 0.012045 0.637581
    34 16.981375 -5.884303 -10.737378 0.265381 0.258130 -2.316523
    35 -6.109157 -3.944074 -11.034252 -0.562195 -0.728247 -1.376626
    36 0.000000 3.992340 0.007782 1.570796 0.000000 -1.570796
    37 17.125523 -0.570330 2.652425 2.615375 0.469216 2.536825
    38 -0.021929 2.029111 -0.137266 -1.570805 0.000001 0.000000
    39 0.019532 0.000000 0.007813 -0.214037 0.000000 0.000001
    40 0.002397 -0.669111 0.409449 1.082572 0.000000 0.000000
    41 -0.002402 -6.221447 0.929182 -0.875256 0.000000 0.000000
  time 58
    0 -6.109157 -3.944074 -11.034252 -1.925500 -0.728527 -1.376440
    1 10.295578 0.000000 0.000002 2.874722 -0.388626 0.037821
    2 16.981375 -5.884303 -10.737378 -0.818708 0.258249 -2.316667
    3 10.295582 0.000001 -0.000006 -0.719445 0.204547 0.123947
    4 1.149520 0.416502 1.414117 -1.889618 -0.247391 0.590208
    5 1.263885 0.000000 -0.000008 0.039274 0.064213 0.111307
    6 1.188939 -0.000002 0.000010 0.005825 0.001918 -0.245455
    7 3.773755 0.133215 0.970575 0.005840 0.024340 0.317988
    8 1.433456 0.000000 0.000000 0.071608 -0.076570 1.246454
    9 1.019165 -0.000006 0.000001 0.138925 -0.094498 0.995244
    10 3.799514 0.014957 0.039959 -0.022861 0.068472 0.343331
    11 1.774878 0.000000 0.000000 0.094151 -0.003595 0.177810
    12 1.008844 -0.000004 0.000000 0.107514 -0.013603 0.213460
    13 3.632766 0.059052 -0.757493 0.035354 0.112209 0.367205
    14 1.500137 0.000002 0.000000 0.096776 0.074280 -0.062644
    15 0.905666 -0.000002 -0.000001 0.111660 0.049029 0.178996
    16 3.323331 0.233744 -1.479075 0.224765 0.143147 0.636924
    17 0.963100 0.000011 0.000000 0.040053 -0.089177 1.362262
    18 0.682894 -0.000006 -0.000001 0.050958 0.063662 -0.018365
    19 1.149529 0.416498 -1.414117 1.699221 0.642470 0.386748
    20 1.263884 0.000001 0.000000 -0.006604 0.008929 0.477552
    21 1.188946 0.000000 0.000002 -0.009720 0.003452 0.214667
    22 3.773762 0.133217 -0.970574 0.043753 0.177062 0.103937
    23 1.433458 0.000004 0.000000 -0.033054 0.016047 0.505101
    24 1.019165 0.000011 0.000000 -0.033054 0.016035 0.505125
    25 3.799517 0.014957 -0.039958 -0.032421 -0.008704 0.329732
    26 1.774879 0.000004 0.000000 -0.020590 0.011266 0.508667
    27 1.008841 0.000004 0.000000 -0.020602 0.011266 0.508789
    28 3.632765 0.059053 0.757493 -0.288979 -0.168153 0.513435
    29 1.500135 0.000004 0.000000 -0.015172 0.008821 0.481274
    30 0.905668 0.000002 -0.000001 -0.015172 0.008809 0.481312
    31 3.323332 0.233744 1.479075 -0.426936 -0.418453 0.692701
    32 0.963099 0.000010 0.000000 -0.015340 0.012009 0.620908
    33 0.682898 -0.000002 0.000000 -0.015161 0.012212 0.641213
    34 16.981375 -5.884303 -10.737378 0.265381 0.258130 -2.316523
    35 -6.109157 -3.944074 -11.034252 -0.562318 -0.728726 -1.376626
    36 0.000000 3.992340 0.007782 1.570796 0.000000 -1.570796
    37 17.125523 -0.578143 2.632893 2.620741 0.472749 2.542505
    38 -0.021929 2.029111 -0.137266 -1.570805 0.000001 0.000000
    39 0.019532 0.000000 0.007813 -0.214037 0.000000 0.000001
    40 0.002397 -0.669111 0.409449 1.082572 0.000000 0.000000
    41 -0.002402 -6.221447 0.929182 -0.873830 0.000000 0.000000
  time 59
    0 -6.109157 -3.944074 -11.034252 -1.925723 -0.728527 -1.376440
    1 10.295578 0.000000 0.000002 2.868857 -0.391222 0.036822
    2 16.981375 -5.884303 -10.737378 -0.818708 0.258249 -2.316667
    3 10.295582 0.000001 -0.000006 -0.719445 0.204547 0.123947
    4 1.149520 0.416502 1.414117 -1.889618 -0.247391 0.590208
    5 1.263885 0.000000 -0.000008 0.039274 0.064213 0.111307
    6 1.188939 -0.000002 0.000010 0.005825 0.001918 -0.245455
    7 3.773755 0.133215 0.970575 0.005840 0.024340 0.317988
    8 1.433456 0.000000 0.000000 0.071608 -0.076570 1.246454
    9 1.019165 -0.000006 0.000001 0.138925 -0.094498 0.995244
    10 3.799514 0.014957 0.039959 -0.022861 0.068472 0.343331
    11 1.774878 0.000000 0.000000 0.094151 -0.003595 0.177810
    12 1.008844 -0.000004 0.000000 0.107514 -0.013603 0.213460
    13 3.632766 0.059052 -0.757493 0.035354 0.112209 0.367205
    14 1.500137 0.000002 0.000000 0.096776 0.074280 -0.062644
    15 0.905666 -0.000002 -0.000001 0.111660 0.049029 0.178996
    16 3.323331 0.233744 -1.479075 0.224765 0.143147 0.636924
    17 0.963100 0.000011 0.000000 0.040053 -0.089177 1.362262
    18 0.682894 -0.000006 -0.000001 0.050958 0.063662 -0.018365
    19 1.149529 0.416498 -1.414117 1.699293 0.642447 0.386795
    20 1.263884 0.000001 0.000000 -0.006592 0.008941 0.477603
    21 1.188946 0.000000 0.000002 -0.009684 0.003488 0.214690
    22 3.773762 0.133217 -0.970574 0.044532 0.177038 0.107772
    23 1.433458 0.000004 0.000000 -0.033042 0.016503 0.508975
    24 1.019165 0.000011 0.000000 -0.033030 0.016455 0.508909
    25 3.799517 0.014957 -0.039958 -0.032421 -0.008596 0.333530
    26 1.774879 0.000004 0.000000 -0.020578 0.011397 0.512575
    27 1.008841 0.000004 0.000000 -0.020554 0.011373 0.512575
    28 3.632765 0.059053 0.757493 -0.289686 -0.167075 0.517274
    29 1.500135 0.000004 0.000000 -0.015137 0.008929 0.485071
    30 0.905668 0.000002 -0.000001 -0.015149 0.008917 0.485071
    31 3.323332 0.233744 1.479075 -0.428406 -0.416511 0.696743
    32 0.963099 0.000010 0.000000 -0.015184 0.012045 0.624969
    33 0.682898 -0.000002 0.000000 -0.015137 0.012548 0.644845
    34 16.981375 -5.884303 -10.737378 0.265381 0.258130 -2.316523
    35 -6.109157 -3.944074 -11.034252 -0.562503 -0.729013 -1.376339
    36 0.000000 3.992340 0.007782 1.570796 0.000000 -1.570796
    37 17.125523 -0.578143 2.609455 2.625915 0.476664 2.548469
    38 -0.021929 2.029111 -0.137266 -1.570805 0.000001 0.000000
    39 0.019532 0.000000 0.007813 -0.214037 0.000000 0.000001
    40 0.002397 -0.669111 0.409449 1.082572 0.000000 0.000000
    41 -0.002402 -6.221447 0.929182 -0.872403 0.000000 0.000000
  time 60
    0 -6.109157 -3.944074 -11.034252 -1.925723 -0.728621 -1.376153
    1 10.295578 0.000000 0.000002 2.862378 -0.393794 0.036104
    2 16.981375 -5.884303 -10.737378 -0.818708 0.258249 -2.316667
    3 10.295582 0.000001 -0.000006 -0.719445 0.204547 0.123947
    4 1.149520 0.416502 1.414117 -1.889618 -0.247391 0.590208
    5 1.263885 0.000000 -0.000008 0.039274 0.064213 0.111307
    6 1.188939 -0.000002 0.000010 0.005825 0.001918 -0.245455
    7 3.773755 0.133215 0.970575 0.005840 0.024340 0.317988
    8 1.433456 0.000000 0.000000 0.071608 -0.076570 1.246454
    9 1.019165 -0.000006 0.000001 0.138925 -0.094498 0.995244
    10 3.799514 0.014957 0.039959 -0.022861 0.068472 0.343331
    11 1.774878 0.000000 0.000000 0.094151 -0.003595 0.177810
    12 1.008844 -0.000004 0.000000 0.107514 -0.013603 0.213460
    13 3.632766 0.059052 -0.757493 0.035354 0.112209 0.367205
    14 1.500137 0.000002 0.000000 0.096776 0.074280 -0.062644
    15 0.905666 -0.000002 -0.000001 0.111660 0.049029 0.178996
    16 3.323331 0.233744 -1.479075 0.224765 0.143147 0.636924
    17 0.963100 0.000011 0.000000 0.040053 -0.089177 1.362262
    18 0.682894 -0.000006 -0.000001 0.050958 0.063662 -0.018365
    19 1.149529 0.416498 -1.414117 1.699316 0.642447 0.386867
    20 1.263884 0.000001 0.000000 -0.006592 0.008952 0.477655
    21 1.188946 0.000000 0.000002 -0.009624 0.003500 0.214690
    22 3.773762 0.133217 -0.970574 0.045335 0.177038 0.111669
    23 1.433458 0.000004 0.000000 -0.032898 0.016719 0.512504
    24 1.019165 0.000011 0.000000 -0.032886 0.016683 0.512735
    25 3.799517 0.014957 -0.039958 -0.032397 -0.008345 0.337428
    26 1.774879 0.000004 0.000000 -0.020446 0.011769 0.516402
    27 1.008841 0.000004 0.000000 -0.020422 0.011757 0.516483
    28 3.632765 0.059053 0.757493 -0.290213 -0.165805 0.521150
    29 1.500135 0.000004 0.000000 -0.015089 0.008976 0.489285
    30 0.905668 0.000002 -0.000001 -0.015089 0.008988 0.489285
    31 3.323332 0.233744 1.479075 -0.429861 -0.414810 0.700515
    32 0.963099 0.000010 0.000000 -0.015137 0.012188 0.629030
    33 0.682898 -0.000002 0.000000 -0.015029 0.012716 0.648553
    34 16.981375 -5.884303 -10.737378 0.265381 0.258130 -2.316523
    35 -6.109157 -3.944074 -11.034252 -0.562688 -0.729205 -1.376339
    36 0.000000 3.992340 0.007782 1.570796 0.000000 -1.570796
    37 17.117710 -0.582049 2.589923 2.630993 0.480961 2.554622
    38 -0.021929 2.029111 -0.137266 -1.570805 0.000001 0.000000
    39 0.019532 0.000000 0.007813 -0.214037 0.000000 0.000001
    40 0.002397 -0.669111 0.409449 1.082572 0.000000 0.000000
    41 -0.002402 -6.221447 0.929182 -0.870934 0.000000 0.000000
  time 61
    0 -6.109157 -3.944074 -11.034252 -1.926094 -0.729844 -1.376057
    1 10.295578 0.000000 0.000002 2.855899 -0.396269 0.035386
    2 16.981375 -5.884303 -10.737378 -0.818708 0.258249 -2.316667
    3 10.295582 0.000001 -0.000006 -0.719445 0.204547 0.123947
    4 1.149520 0.416502 1.414117 -1.889618 -0.247391 0.590208
    5 1.263885 0.000000 -0.000008 0.039274 0.064213 0.111307
    6 1.188939 -0.000002 0.000010 0.005825 0.001918 -0.245455
    7 3.773755 0.133215 0.970575 0.005840 0.024340 0.317988
    8 1.433456 0.000000 0.000000 0.071608 -0.076570 1.246454
    9 1.019165 -0.000006 0.000001 0.138925 -0.094498 0.995244
    10 3.799514 0.014957 0.039959 -0.022861 0.068472 0.343331
    11 1.774878 0.000000 0.000000 0.094151 -0.003595 0.177810
    12 1.008844 -0.000004 0.000000 0.107514 -0.013603 0.213460
    13 3.632766 0.059052 -0.757493 0.035354 0.112209 0.367205
    14 1.500137 0.000002 0.000000 0.096776 0.074280 -0.062644
    15 0.905666 -0.000002 -0.000001 0.111660 0.049029 0.178996
    16 3.323331 0.233744 -1.479075 0.224765 0.143147 0.636924
    17 0.963100 0.000011 0.000000 0.040053 -0.089177 1.362262
    18 0.682894 -0.000006 -0.000001 0.050958 0.063662 -0.018365
    19 1.149529 0.416498 -1.414117 1.699364 0.642447 0.386939
    20 1.263884 0.000001 0.000000 -0.006544 0.009024 0.477706
    21 1.188946 0.000000 0.000002 -0.009552 0.003547 0.214690
    22 3.773762 0.133217 -0.970574 0.046126 0.176990 0.115597
    23 1.433458 0.000004 0.000000 -0.032730 0.016766 0.516636
    24 1.019165 0.000011 0.000000 -0.032730 0.016719 0.516605
    25 3.799517 0.014957 -0.039958 -0.032397 -0.007985 0.341376
    26 1.774879 0.000004 0.000000 -0.020302 0.011961 0.520310
    27 1.008841 0.000004 0.000000 -0.020278 0.011937 0.520432
    28 3.632765 0.059053 0.757493 -0.290560 -0.164342 0.525063
    29 1.500135 0.000004 0.000000 -0.014957 0.009336 0.493272
    30 0.905668 0.000002 -0.000001 -0.014957 0.009240 0.493272
    31 3.323332 0.233744 1.479075 -0.431360 -0.413084 0.704558
    32 0.963099 0.000010 0.000000 -0.015065 0.012524 0.633091
    33 0.682898 -0.000002 0.000000 -0.014897 0.012812 0.652362
    34 16.981375 -5.884303 -10.737378 0.265381 0.258130 -2.316523
    35 -6.109157 -3.944074 -11.034252 -0.562996 -0.730067 -1.376052
    36 0.000000 3.992340 0.007782 1.570796 0.000000 -1.570796
    37 17.105991 -0.582049 2.578204 2.636167 0.485544 2.560491
    38 -0.021929 2.029111 -0.137266 -1.570805 0.000001 0.000000
    39 0.019532 0.000000 0.007813 -0.214037 0.000000 0.000001
    40 0.002397 -0.669111 0.409449 1.082572 0.000000 0.000000
    41 -0.002402 -6.221447 0.929182 -0.869801 0.000000 0.000000
  time 62
    0 -6.109157 -3.944074 -11.034252 -1.926168 -0.730314 -1.376057
    1 10.295578 0.000000 0.000002 2.849420 -0.398404 0.035105
    2 16.981375 -5.884303 -10.737378 -0.818708 0.258249 -2.316667
    3 10.295582 0.000001 -0.000006 -0.719445 0.204547 0.123947
    4 1.149520 0.416502 1.414117 -1.889618 -0.247391 0.590208
    5 1.263885 0.000000 -0.000008 0.039274 0.064213 0.111307
    6 1.188939 -0.000002 0.000010 0.005825 0.001918 -0.245455
    7 3.773755 0.133215 0.970575 0.005840 0.024340 0.317988
    8 1.433456 0.000000 0.000000 0.071608 -0.076570 1.246454
    9 1.019165 -0.000006 0.000001 0.138925 -0.094498 0.995244
    10 3.799514 0.014957 0.039959 -0.022861 0.068472 0.343331
    11 1.774878 0.000000 0.000000 0.094151 -0.003595 0.177810
    12 1.008844 -0.000004 0.000000 0.107514 -0.013603 0.213460
    13 3.632766 0.059052 -0.757493 0.035354 0.112209 0.367205
    14 1.500137 0.000002 0.000000 0.096776 0.074280 -0.062644
    15 0.905666 -0.000002 -0.000001 0.111660 0.049029 0.178996
    16 3.323331 0.233744 -1.479075 0.224765 0.143147 0.636924
    17 0.963100 0.000011 0.000000 0.040053 -0.089177 1.362262
    18 0.682894 -0.000006 -0.000001 0.050958 0.063662 -0.018365
    19 1.149529 0.416498 -1.414117 1.699484 0.642423 0.387179
    20 1.263884 0.000001 0.000000 -0.006472 0.009096 0.477775
    21 1.188946 0.000000 0.000002 -0.009492 0.003607 0.214714
    22 3.773762 0.133217 -0.970574 0.046905 0.176930 0.119589
    23 1.433458 0.000004 0.000000 -0.032382 0.017222 0.520553
    24 1.019165 0.000011 0.000000 -0.032346 0.017138 0.520517
    25 3.799517 0.014957 -0.039958 -0.032325 -0.007841 0.345324
    26 1.774879 0.000004 0.000000 -0.019954 0.012033 0.524381
    27 1.008841 0.000004 0.000000 -0.019954 0.012045 0.524340
    28 3.632765 0.059053 0.757493 -0.291268 -0.163204 0.529014
    29 1.500135 0.000004 0.000000 -0.014825 0.009504 0.497182
    30 0.905668 0.000002 -0.000001 -0.014825 0.009504 0.497182
    31 3.323332 0.233744 1.479075 -0.432859 -0.411082 0.708627
    32 0.963099 0.000010 0.000000 -0.014921 0.012704 0.637253
    33 0.682898 -0.000002 0.000000 -0.014561 0.012895 0.656095
    34 16.981375 -5.884303 -10.737378 0.265381 0.258130 -2.316523
    35 -6.109157 -3.944074 -11.034252 -0.563304 -0.730546 -1.375861
    36 0.000000 3.992340 0.007782 1.570796 0.000000 -1.570796
    37 17.094272 -0.582049 2.546953 2.640862 0.490032 2.566265
    38 -0.021929 2.029111 -0.137266 -1.570805 0.000001 0.000000
    39 0.019532 0.000000 0.007813 -0.214037 0.000000 0.000001
    40 0.002397 -0.669111 0.409449 1.082572 0.000000 0.000000
    41 -0.002402 -6.221447 0.929182 -0.868584 0.000000 0.000000
  time 63
    0 -6.109157 -3.944074 -11.034252 -1.926465 -0.730408 -1.375866
    1 10.295578 0.000000 0.000002 2.843350 -0.400272 0.035105
    2 16.981375 -5.884303 -10.737378 -0.818708 0.258249 -2.316667
    3 10.295582 0.000001 -0.000006 -0.719445 0.204547 0.123947
    4 1.149520 0.416502 1.414117 -1.889618 -0.247391 0.590208
    5 1.263885 0.000000 -0.000008 0.039274 0.064213 0.111307
    6 1.188939 -0.000002 0.000010 0.005825 0.001918 -0.245455
    7 3.773755 0.133215 0.970575 0.005840 0.024340 0.317988
    8 1.433456 0.000000 0.000000 0.071608 -0.076570 1.246454
    9 1.019165 -0.000006 0.000001 0.138925 -0.094498 0.995244
    10 3.799514 0.014957 0.039959 -0.022861 0.068472 0.343331
    11 1.774878 0.000000 0.000000 0.094151 -0.003595 0.177810
    12 1.008844 -0.000004 0.000000 0.107514 -0.013603 0.213460
    13 3.632766 0.059052 -0.757493 0.035354 0.112209 0.367205
    14 1.500137 0.000002 0.000000 0.096776 0.074280 -0.062644
    15 0.905666 -0.000002 -0.000001 0.111660 0.049029 0.178996
    16 3.323331 0.233744 -1.479075 0.224765 0.143147 0.636924
    17 0.963100 0.000011 0.000000 0.040053 -0.089177 1.362262
    18 0.682894 -0.000006 -0.000001 0.050958 0.063662 -0.018365
    19 1.149529 0.416498 -1.414117 1.699736 0.642411 0.387251
    20 1.263884 0.000001 0.000000 -0.006400 0.009384 0.477826
    21 1.188946 0.000000 0.000002 -0.009420 0.003763 0.214714
    22 3.773762 0.133217 -0.970574 0.047684 0.176870 0.123612
    23 1.433458 0.000004 0.000000 -0.032275 0.017462 0.523996
    24 1.019165 0.000011 0.000000 -0.032263 0.017378 0.524472
    25 3.799517 0.014957 -0.039958 -0.032253 -0.007698 0.349372
    26 1.774879 0.000004 0.000000 -0.019823 0.012140 0.528330
    27 1.008841 0.000004 0.000000 -0.019823 0.012116 0.528411
    28 3.632765 0.059053 0.757493 -0.291795 -0.161993 0.533002
    29 1.500135 0.000004 0.000000 -0.014513 0.009684 0.501511
    30 0.905668 0.000002 -0.000001 -0.014513 0.009672 0.501511
    31 3.323332 0.233744 1.479075 -0.434329 -0.409345 0.712642
    32 0.963099 0.000010 0.000000 -0.014669 0.012800 0.641314
    33 0.682898 -0.000002 0.000000 -0.014405 0.013231 0.659929
    34 16.981375 -5.884303 -10.737378 0.265381 0.258130 -2.316523
    35 -6.109157 -3.944074 -11.034252 -0.563489 -0.730546 -1.375574
    36 0.000000 3.992340 0.007782 1.570796 0.000000 -1.570796
    37 17.063021 -0.589862 2.527421 2.645269 0.494138 2.571567
    38 -0.021929 2.029111 -0.137266 -1.570805 0.000001 0.000000
    39 0.019532 0.000000 0.007813 -0.214037 0.000000 0.000001
    40 0.002397 -0.669111 0.409449 1.082572 0.000000 0.000000
    41 -0.002402 -6.221447 0.929182 -0.867409 0.000000 0.000000
  time 64
    0 -6.109157 -3.944074 -11.034252 -1.926465 -0.730408 -1.375579
    1 10.295578 0.000000 0.000002 2.837485 -0.401752 0.035386
    2 16.981375 -5.884303 -10.737378 -0.818708 0.258249 -2.316667
    3 10.295582 0.000001 -0.000006 -0.719445 0.204547 0.123947
    4 1.149520 0.416502 1.414117 -1.889618 -0.247391 0.590208
    5 1.263885 0.000000 -0.000008 0.039274 0.064213 0.111307
    6 1.188939 -0.000002 0.000010 0.005825 0.001918 -0.245455
    7 3.773755 0.133215 0.970575 0.005840 0.024340 0.317988
    8 1.433456 0.000000 0.000000 0.071608 -0.076570 1.246454
    9 1.019165 -0.000006 0.000001 0.138925 -0.094498 0.995244
    10 3.799514 0.014957 0.039959 -0.022861 0.068472 0.343331
    11 1.774878 0.000000 0.000000 0.094151 -0.003595 0.177810
    12 1.008844 -0.000004 0.000000 0.107514 -0.013603 0.213460
    13 3.632766 0.059052 -0.757493 0.035354 0.112209 0.367205
    14 1.500137 0.000002 0.000000 0.096776 0.074280 -0.062644
    15 0.905666 -0.000002 -0.000001 0.111660 0.049029 0.178996
    16 3.323331 0.233744 -1.479075 0.224765 0.143147 0.636924
    17 0.963100 0.000011 0.000000 0.040053 -0.089177 1.362262
    18 0.682894 -0.000006 -0.000001 0.050958 0.063662 -0.018365
    19 1.149529 0.416498 -1.414117 1.699868 0.642411 0.387335
    20 1.263884 0.000001 0.000000 -0.006316 0.009456 0.477877
    21 1.188946 0.000000 0.000002 -0.009348 0.003919 0.214714
    22 3.773762 0.133217 -0.970574 0.048475 0.176810 0.127698
    23 1.433458 0.000004 0.000000 -0.032251 0.017498 0.528257
    24 1.019165 0.000011 0.000000 -0.032239 0.017498 0.528471
    25 3.799517 0.014957 -0.039958 -0.032181 -0.007254 0.353720
    26 1.774879 0.000004 0.000000 -0.019799 0.012524 0.532482
    27 1.008841 0.000004 0.000000 -0.019799 0.012512 0.532482
    28 3.632765 0.059053 0.757493 -0.292142 -0.160615 0.537064
    29 1.500135 0.000004 0.000000 -0.014382 0.009720 0.505535
    30 0.905668 0.000002 -0.000001 -0.014382 0.009720 0.505535
    31 3.323332 0.233744 1.479075 -0.435784 -0.407523 0.716495
    32 0.963099 0.000010 0.000000 -0.014441 0.012883 0.645375
    33 0.682898 -0.000002 0.000000 -0.014358 0.013411 0.663763
    34 16.981375 -5.884303 -10.737378 0.265381 0.258130 -2.316523
    35 -6.109157 -3.944074 -11.034252 -0.563489 -0.730929 -1.375574
    36 0.000000 3.992340 0.007782 1.570796 0.000000 -1.570796
    37 17.063021 -0.589862 2.515702 2.648910 0.498721 2.575827
    38 -0.021929 2.029111 -0.137266 -1.570805 0.000001 0.000000
    39 0.019532 0.000000 0.007813 -0.214037 0.000000 0.000001
    40 0.002397 -0.669111 0.409449 1.082572 0.000000 0.000000
    41 -0.002402 -6.221447 0.929182 -0.866444 0.000000 0.000000
  time 65
    0 -6.109157 -3.944074 -11.034252 -1.926762 -0.730408 -1.375292
    1 10.295578 0.000000 0.000002 2.832779 -0.402383 0.036073
    2 16.981375 -5.884303 -10.737378 -0.818708 0.258249 -2.316667
    3 10.295582 0.000001 -0.000006 -0.719445 0.204547 0.123947
    4 1.149520 0.416502 1.414117 -1.889618 -0.247391 0.590208
    5 1.263885 0.000000 -0.000008 0.039274 0.064213 0.111307
    6 1.188939 -0.000002 0.000010 0.005825 0.001918 -0.245455
    7 3.773755 0.133215 0.970575 0.005840 0.024340 0.317988
    8 1.433456 0.000000 0.000000 0.071608 -0.076570 1.246454
    9 1.019165 -0.000006 0.000001 0.138925 -0.094498 0.995244
    10 3.799514 0.014957 0.039959 -0.022861 0.068472 0.343331
    11 1.774878 0.000000 0.000000 0.094151 -0.003595 0.177810
    12 1.008844 -0.000004 0.000000 0.107514 -0.013603 0.213460
    13 3.632766 0.059052 -0.757493 0.035354 0.112209 0.367205
    14 1.500137 0.000002 0.000000 0.096776 0.074280 -0.062644
    15 0.905666 -0.000002 -0.000001 0.111660 0.049029 0.178996
    16 3.323331 0.233744 -1.479075 0.224765 0.143147 0.636924
    17 0.963100 0.000011 0.000000 0.040053 -0.089177 1.362262
    18 0.682894 -0.000006 -0.000001 0.050958 0.063662 -0.018365
    19 1.149529 0.416498 -1.414117 1.699976 0.642363 0.387407
    20 1.263884 0.000001 0.000000 -0.006244 0.009540 0.477929
    21 1.188946 0.000000 0.000002 -0.009096 0.003991 0.214737
    22 3.773762 0.133217 -0.970574 0.049254 0.176750 0.131815
    23 1.433458 0.000004 0.000000 -0.032083 0.017941 0.532432
    24 1.019165 0.000011 0.000000 -0.032071 0.017665 0.532555
    25 3.799517 0.014957 -0.039958 -0.032109 -0.007074 0.357768
    26 1.774879 0.000004 0.000000 -0.019703 0.012728 0.536594
    27 1.008841 0.000004 0.000000 -0.019703 0.012704 0.536553
    28 3.632765 0.059053 0.757493 -0.292850 -0.159429 0.541127
    29 1.500135 0.000004 0.000000 -0.014346 0.009863 0.509977
    30 0.905668 0.000002 -0.000001 -0.014346 0.009863 0.509940
    31 3.323332 0.233744 1.479075 -0.437283 -0.405486 0.720511
    32 0.963099 0.000010 0.000000 -0.014370 0.013231 0.649436
    33 0.682898 -0.000002 0.000000 -0.014310 0.013579 0.667698
    34 16.981375 -5.884303 -10.737378 0.265381 0.258130 -2.316523
    35 -6.109157 -3.944074 -11.034252 -0.563674 -0.731695 -1.375287
    36 0.000000 3.992340 0.007782 1.570796 0.000000 -1.570796
    37 17.063021 -0.589862 2.503983 2.651785 0.502254 2.579235
    38 -0.021929 2.029111 -0.137266 -1.570805 0.000001 0.000000
    39 0.019532 0.000000 0.007813 -0.214037 0.000000 0.000001
    40 0.002397 -0.669111 0.409449 1.082572 0.000000 0.000000
    41 -0.002402 -6.221447 0.929182 -0.865688 0.000000 0.000000
  time 66
    0 -6.109157 -3.944074 -11.034252 -1.926762 -0.730502 -1.375101
    1 10.295578 0.000000 0.000002 2.829096 -0.403038 0.036822
    2 16.981375 -5.884303 -10.737378 -0.818708 0.258249 -2.316667
    3 10.295582 0.000001 -0.000006 -0.719445 0.204547 0.123947
    4 1.149520 0.416502 1.414117 -1.889618 -0.247391 0.590208
    5 1.263885 0.000000 -0.000008 0.039274 0.064213 0.111307
    6 1.188939 -0.000002 0.000010 0.005825 0.001918 -0.245455
    7 3.773755 0.133215 0.970575 0.005840 0.024340 0.317988
    8 1.433456 0.000000 0.000000 0.071608 -0.076570 1.246454
    9 1.019165 -0.000006 0.000001 0.138925 -0.094498 0.995244
    10 3.799514 0.014957 0.039959 -0.022861 0.068472 0.343331
    11 1.774878 0.000000 0.000000 0.094151 -0.003595 0.177810
    12 1.008844 -0.000004 0.000000 0.107514 -0.013603 0.213460
    13 3.632766 0.059052 -0.757493 0.035354 0.112209 0.367205
    14 1.500137 0.000002 0.000000 0.096776 0.074280 -0.062644
    15 0.905666 -0.000002 -0.000001 0.111660 0.049029 0.178996
    16 3.323331 0.233744 -1.479075 0.224765 0.143147 0.636924
    17 0.963100 0.000011 0.000000 0.040053 -0.089177 1.362262
    18 0.682894 -0.000006 -0.000001 0.050958 0.063662 -0.018365
    19 1.149529 0.416498 -1.414117 1.700060 0.642327 0.387479
    20 1.263884 0.000001 0.000000 -0.005944 0.009612 0.477998
    21 1.188946 0.000000 0.000002 -0.009024 0.004063 0.214737
    22 3.773762 0.133217 -0.970574 0.050080 0.176582 0.135963
    23 1.433458 0.000004 0.000000 -0.031915 0.018181 0.536607
    24 1.019165 0.000011 0.000000 -0.031891 0.018097 0.536639
    25 3.799517 0.014957 -0.039958 -0.032037 -0.006931 0.361966
    26 1.774879 0.000004 0.000000 -0.019547 0.012812 0.540665
    27 1.008841 0.000004 0.000000 -0.019547 0.012824 0.540705
    28 3.632765 0.059053 0.757493 -0.293377 -0.158038 0.545227
    29 1.500135 0.000004 0.000000 -0.014262 0.010223 0.514192
    30 0.905668 0.000002 -0.000001 -0.014250 0.010211 0.514230
    31 3.323332 0.233744 1.479075 -0.438782 -0.403748 0.724634
    32 0.963099 0.000010 0.000000 -0.014322 0.013411 0.653497
    33 0.682898 -0.000002 0.000000 -0.014154 0.013603 0.671582
    34 16.981375 -5.884303 -10.737378 0.265381 0.258130 -2.316523
    35 -6.109157 -3.944074 -11.034252 -0.563674 -0.731695 -1.375287
    36 0.000000 3.992340 0.007782 1.570796 0.000000 -1.570796
    37 17.063021 -0.589862 2.496170 2.653510 0.505023 2.581128
    38 -0.021929 2.029111 -0.137266 -1.570805 0.000001 0.000000
    39 0.019532 0.000000 0.007813 -0.214037 0.000000 0.000001
    40 0.002397 -0.669111 0.409449 1.082572 0.000000 0.000000
    41 -0.002402 -6.221447 0.929182 -0.865017 0.000000 0.000000
  time 67
    0 -6.109157 -3.944074 -11.034252 -1.926762 -0.730502 -1.375101
    1 10.295578 0.000000 0.000002 2.827323 -0.403596 0.037946
    2 16.981375 -5.884303 -10.737378 -0.818708 0.258249 -2.316667
    3 10.295582 0.000001 -0.000006 -0.719445 0.204547 0.123947
    4 1.149520 0.416502 1.414117 -1.889618 -0.247391 0.590208
    5 1.263885 0.000000 -0.000008 0.039274 0.064213 0.111307
    6 1.188939 -0.000002 0.000010 0.005825 0.001918 -0.245455
    7 3.773755 0.133215 0.970575 0.005840 0.024340 0.317988
    8 1.433456 0.000000 0.000000 0.071608 -0.076570 1.246454
    9 1.019165 -0.000006 0.000001 0.138925 -0.094498 0.995244
    10 3.799514 0.014957 0.039959 -0.022861 0.068472 0.343331
    11 1.774878 0.000000 0.000000 0.094151 -0.003595 0.177810
    12 1.008844 -0.000004 0.000000 0.107514 -0.013603 0.213460
    13 3.632766 0.059052 -0.757493 0.035354 0.112209 0.367205
    14 1.500137 0.000002 0.000000 0.096776 0.074280 -0.062644
    15 0.905666 -0.000002 -0.000001 0.111660 0.049029 0.178996
    16 3.323331 0.233744 -1.479075 0.224765 0.143147 0.636924
    17 0.963100 0.000011 0.000000 0.040053 -0.089177 1.362262
    18 0.682894 -0.000006 -0.000001 0.050958 0.063662 -0.018365
    19 1.149529 0.416498 -1.414117 1.700095 0.642279 0.387491
    20 1.263884 0.000001 0.000000 -0.005872 0.009684 0.478049
    21 1.188946 0.000000 0.000002 -0.008952 0.004135 0.214737
    22 3.773762 0.133217 -0.970574 0.050931 0.176426 0.140143
    23 1.433458 0.000004 0.000000 -0.031543 0.018277 0.540782
    24 1.019165 0.000011 0.000000 -0.031507 0.018265 0.540724
    25 3.799517 0.014957 -0.039958 -0.031773 -0.006487 0.366414
    26 1.774879 0.000004 0.000000 -0.019187 0.012931 0.544858
    27 1.008841 0.000004 0.000000 -0.019211 0.012895 0.544817
    28 3.632765 0.059053 0.757493 -0.293724 -0.156540 0.549326
    29 1.500135 0.000004 0.000000 -0.014106 0.010403 0.518292
    30 0.905668 0.000002 -0.000001 -0.014106 0.010391 0.518255
    31 3.323332 0.233744 1.479075 -0.440252 -0.401686 0.728730
    32 0.963099 0.000010 0.000000 -0.014178 0.013567 0.657659
    33 0.682898 -0.000002 0.000000 -0.014010 0.013770 0.675391
    34 16.981375 -5.884303 -10.737378 0.265381 0.258130 -2.316523
    35 -6.109157 -3.944074 -11.034252 -0.563982 -0.731695 -1.375287
    36 0.000000 3.992340 0.007782 1.570796 0.000000 -1.570796
    37 17.063021 -0.589862 2.496170 2.654755 0.506551 2.581696
    38 -0.021929 2.029111 -0.137266 -1.570805 0.000001 0.000000
    39 0.019532 0.000000 0.007813 -0.214037 0.000000 0.000001
    40 0.002397 -0.669111 0.409449 1.082572 0.000000 0.000000
    41 -0.002402 -6.221447 0.929182 -0.864261 0.000000 0.000000
  time 68
    0 -6.109157 -3.944074 -11.034252 -1.926762 -0.730502 -1.375101
    1 10.295578 0.000000 0.000002 2.826913 -0.404057 0.038695
    2 16.981375 -5.884303 -10.737378 -0.818708 0.258249 -2.316667
    3 10.295582 0.000001 -0.000006 -0.719445 0.204547 0.123947
    4 1.149520 0.416502 1.414117 -1.889618 -0.247391 0.590208
    5 1.263885 0.000000 -0.000008 0.039274 0.064213 0.111307
    6 1.188939 -0.000002 0.000010 0.005825 0.001918 -0.245455
    7 3.773755 0.133215 0.970575 0.005840 0.024340 0.317988
    8 1.433456 0.000000 0.000000 0.071608 -0.076570 1.246454
    9 1.019165 -0.000006 0.000001 0.138925 -0.094498 0.995244
    10 3.799514 0.014957 0.039959 -0.022861 0.068472 0.343331
    11 1.774878 0.000000 0.000000 0.094151 -0.003595 0.177810
    12 1.008844 -0.000004 0.000000 0.107514 -0.013603 0.213341
    13 3.632766 0.059052 -0.757493 0.035354 0.112209 0.367149
    14 1.500137 0.000002 0.000000 0.096776 0.074280 -0.062644
    15 0.905666 -0.000002 -0.000001 0.111660 0.049029 0.178996
    16 3.323331 0.233744 -1.479075 0.224765 0.143147 0.636924
    17 0.963100 0.000011 0.000000 0.040053 -0.089177 1.362262
    18 0.682894 -0.000006 -0.000001 0.050958 0.063662 -0.018365
    19 1.149529 0.416498 -1.414117 1.700143 0.642231 0.387527
    20 1.263884 0.000001 0.000000 -0.005825 0.009708 0.478100
    21 1.188946 0.000000 0.000002 -0.008941 0.004207 0.214760
    22 3.773762 0.133217 -0.970574 0.051866 0.176354 0.144355
    23 1.433458 0.000004 0.000000 -0.031496 0.018444 0.544871
    24 1.019165 0.000011 0.000000 -0.031484 0.018396 0.544894
    25 3.799517 0.014957 -0.039958 -0.031701 -0.006295 0.370361
    26 1.774879 0.000004 0.000000 -0.019044 0.013315 0.549092
    27 1.008841 0.000004 0.000000 -0.019055 0.013303 0.549010
    28 3.632765 0.059053 0.757493 -0.294420 -0.155126 0.553463
    29 1.500135 0.000004 0.000000 -0.013794 0.010499 0.522773
    30 0.905668 0.000002 -0.000001 -0.013794 0.010487 0.522773
    31 3.323332 0.233744 1.479075 -0.441678 -0.399949 0.732799
    32 0.963099 0.000010 0.000000 -0.014022 0.013614 0.661745
    33 0.682898 -0.000002 0.000000 -0.013662 0.014118 0.679225
    34 16.981375 -5.884303 -10.737378 0.265381 0.258130 -2.316523
    35 -6.109157 -3.944074 -11.034252 -0.563674 -0.731695 -1.375287
    36 0.000000 3.992340 0.007782 1.570796 0.000000 -1.570796
    37 17.063021 -0.589862 2.492264 2.655426 0.506933 2.581412
    38 -0.021929 2.029111 -0.137266 -1.570805 0.000001 0.000000
    39 0.019532 0.000000 0.007813 -0.214037 0.000000 0.000001
    40 0.002397 -0.669111 0.409449 1.082572 0.000000 0.000000
    41 -0.002402 -6.221447 0.929182 -0.864094 0.000000 0.000000
  time 69
    0 -6.109157 -3.944074 -11.034252 -1.926762 -0.730502 -1.375101
    1 10.295578 0.000000 0.000002 2.827664 -0.404324 0.039413
    2 16.981375 -5.884303 -10.737378 -0.818708 0.258249 -2.316667
    3 10.295582 0.000001 -0.000006 -0.719445 0.204547 0.123947
    4 1.149520 0.416502 1.414117 -1.889618 -0.247391 0.590208
    5 1.263885 0.000000 -0.000008 0.039274 0.064213 0.111307
    6 1.188939 -0.000002 0.000010 0.005825 0.001918 -0.245455
    7 3.773755 0.133215 0.970575 0.005840 0.024340 0.317988
    8 1.433456 0.000000 0.000000 0.071608 -0.076570 1.246454
    9 1.019165 -0.000006 0.000001 0.138925 -0.094498 0.995244
    10 3.799514 0.014957 0.039959 -0.022861 0.068472 0.343331
    11 1.774878 0.000000 0.000000 0.094151 -0.003595 0.177810
    12 1.008844 -0.000004 0.000000 0.107514 -0.013603 0.213341
    13 3.632766 0.059052 -0.757493 0.035354 0.112209 0.367149
    14 1.500137 0.000002 0.000000 0.096776 0.074280 -0.062644
    15 0.905666 -0.000002 -0.000001 0.111660 0.049029 0.178996
    16 3.323331 0.233744 -1.479075 0.224765 0.143147 0.636924
    17 0.963100 0.000011 0.000000 0.040053 -0.089177 1.362262
    18 0.682894 -0.000006 -0.000001 0.050958 0.063662 -0.018365
    19 1.149529 0.416498 -1.414117 1.700263 0.642171 0.387538
    20 1.263884 0.000001 0.000000 -0.005813 0.009720 0.478169
    21 1.188946 0.000000 0.000002 -0.008941 0.004219 0.214760
    22 3.773762 0.133217 -0.970574 0.052825 0.176295 0.148566
    23 1.433458 0.000004 0.000000 -0.031388 0.018900 0.549046
    24 1.019165 0.000011 0.000000 -0.031376 0.018840 0.549021
    25 3.799517 0.014957 -0.039958 -0.031642 -0.006164 0.374509
    26 1.774879 0.000004 0.000000 -0.019032 0.013519 0.553285
    27 1.008841 0.000004 0.000000 -0.019020 0.013507 0.553244
    28 3.632765 0.059053 0.757493 -0.294947 -0.153736 0.557600
    29 1.500135 0.000004 0.000000 -0.013638 0.010582 0.526873
    30 0.905668 0.000002 -0.000001 -0.013638 0.010582 0.527139
    31 3.323332 0.233744 1.479075 -0.443104 -0.397887 0.736760
    32 0.963099 0.000010 0.000000 -0.013698 0.013890 0.665907
    33 0.682898 -0.000002 0.000000 -0.013591 0.014286 0.683084
    34 16.981375 -5.884303 -10.737378 0.265381 0.258130 -2.316523
    35 -6.109157 -3.944074 -11.034252 -0.563674 -0.731695 -1.375287
    36 0.000000 3.992340 0.007782 1.570796 0.000000 -1.570796
    37 17.063021 -0.601581 2.492264 2.654851 0.506169 2.579992
    38 -0.021929 2.029111 -0.137266 -1.570805 0.000001 0.000000
    39 0.019532 0.000000 0.007813 -0.214037 0.000000 0.000001
    40 0.002397 -0.669111 0.409449 1.082572 0.000000 0.000000
    41 -0.002402 -6.221447 0.929182 -0.864094 0.000000 0.000000
  time 70
    0 -6.109157 -3.944074 -11.034252 -1.926465 -0.730502 -1.375101
    1 10.295578 0.000000 0.000002 2.829641 -0.404518 0.039944
    2 16.981375 -5.884303 -10.737378 -0.818708 0.258249 -2.316667
    3 10.295582 0.000001 -0.000006 -0.719445 0.204547 0.123947
    4 1.149520 0.416502 1.414117 -1.889618 -0.247391 0.590208
    5 1.263885 0.000000 -0.000008 0.039274 0.064213 0.111307
    6 1.188939 -0.000002 0.000010 0.005825 0.001918 -0.245455
    7 3.773755 0.133215 0.970575 0.005840 0.024340 0.317988
    8 1.433456 0.000000 0.000000 0.071608 -0.076570 1.246454
    9 1.019165 -0.000006 0.000001 0.138925 -0.094498 0.995244
    10 3.799514 0.014957 0.039959 -0.022861 0.068472 0.343331
    11 1.774878 0.000000 0.000000 0.094151 -0.003583 0.177810
    12 1.008844 -0.000004 0.000000 0.107514 -0.013603 0.213341
    13 3.632766 0.059052 -0.757493 0.035354 0.112209 0.367149
    14 1.500137 0.000002 0.000000 0.096776 0.074280 -0.062644
    15 0.905666 -0.000002 -0.000001 0.111660 0.049029 0.178996
    16 3.323331 0.233744 -1.479075 0.224753 0.143147 0.636924
    17 0.963100 0.000011 0.000000 0.040053 -0.089177 1.362262
    18 0.682894 -0.000006 -0.000001 0.050958 0.063662 -0.018365
    19 1.149529 0.416498 -1.414117 1.700563 0.642111 0.387622
    20 1.263884 0.000001 0.000000 -0.005813 0.009720 0.478220
    21 1.188946 0.000000 0.000002 -0.008893 0.004267 0.214783
    22 3.773762 0.133217 -0.970574 0.053676 0.176295 0.152809
    23 1.433458 0.000004 0.000000 -0.031220 0.019044 0.552877
    24 1.019165 0.000011 0.000000 -0.031196 0.019032 0.553192
    25 3.799517 0.014957 -0.039958 -0.031642 -0.005708 0.378707
    26 1.774879 0.000004 0.000000 -0.018924 0.013603 0.557478
    27 1.008841 0.000004 0.000000 -0.018924 0.013603 0.557437
    28 3.632765 0.059053 0.757493 -0.295270 -0.152514 0.561700
    29 1.500135 0.000004 0.000000 -0.013579 0.010954 0.531240
    30 0.905668 0.000002 -0.000001 -0.013579 0.010942 0.531240
    31 3.323332 0.233744 1.479075 -0.444545 -0.396126 0.740560
    32 0.963099 0.000010 0.000000 -0.013603 0.014154 0.670069
    33 0.682898 -0.000002 0.000000 -0.013555 0.014382 0.686918
    34 16.981375 -5.884303 -10.737378 0.265381 0.258130 -2.316523
    35 -6.109157 -3.944074 -11.034252 -0.563674 -0.731695 -1.375287
    36 0.000000 3.992340 0.007782 1.570796 0.000000 -1.570796
    37 17.063021 -0.601581 2.492264 2.654084 0.504832 2.578288
    38 -0.021929 2.029111 -0.137266 -1.570805 0.000001 0.000000
    39 0.019532 0.000000 0.007813 -0.214037 0.000000 0.000001
    40 0.002397 -0.669111 0.409449 1.082572 0.000000 0.000000
    41 -0.002402 -6.221447 0.929182 -0.864094 0.000000 0.000000
  time 71
    0 -6.109157 -3.944074 -11.034252 -1.926465 -0.730408 -1.375101
    1 10.295578 0.000000 0.000002 2.832369 -0.404518 0.040381
    2 16.981375 -5.884303 -10.737378 -0.818708 0.258249 -2.316667
    3 10.295582 0.000001 -0.000006 -0.719445 0.204547 0.123947
    4 1.149520 0.416502 1.414117 -1.889618 -0.247391 0.590208
    5 1.263885 0.000000 -0.000008 0.039274 0.064213 0.111307
    6 1.188939 -0.000002 0.000010 0.005825 0.001918 -0.245455
    7 3.773755 0.133215 0.970575 0.005840 0.024340 0.317988
    8 1.433456 0.000000 0.000000 0.071608 -0.076570 1.246454
    9 1.019165 -0.000006 0.000001 0.138925 -0.094498 0.995244
    10 3.799514 0.014957 0.039959 -0.022861 0.068472 0.343331
    11 1.774878 0.000000 0.000000 0.094151 -0.003583 0.177810
    12 1.008844 -0.000004 0.000000 0.107514 -0.013591 0.213341
    13 3.632766 0.059052 -0.757493 0.035354 0.112209 0.367149
    14 1.500137 0.000002 0.000000 0.096776 0.074280 -0.062644
    15 0.905666 -0.000002 -0.000001 0.111660 0.049029 0.178996
    16 3.323331 0.233744 -1.479075 0.224753 0.143147 0.636924
    17 0.963100 0.000011 0.000000 0.040053 -0.089177 1.362262
    18 0.682894 -0.000006 -0.000001 0.050958 0.063662 -0.018365
    19 1.149529 0.416498 -1.414117 1.700695 0.641943 0.387706
    20 1.263884 0.000001 0.000000 -0.005765 0.009803 0.478289
    21 1.188946 0.000000 0.000002 -0.008809 0.004290 0.214783
    22 3.773762 0.133217 -0.970574 0.054527 0.176271 0.157021
    23 1.433458 0.000004 0.000000 -0.030848 0.019175 0.557095
    24 1.019165 0.000011 0.000000 -0.030800 0.019139 0.557319
    25 3.799517 0.014957 -0.039958 -0.031618 -0.005516 0.382705
    26 1.774879 0.000004 0.000000 -0.018756 0.013722 0.561712
    27 1.008841 0.000004 0.000000 -0.018756 0.013698 0.561630
    28 3.632765 0.059053 0.757493 -0.295954 -0.151051 0.565800
    29 1.500135 0.000004 0.000000 -0.013507 0.011134 0.535682
    30 0.905668 0.000002 -0.000001 -0.013507 0.011122 0.535720
    31 3.323332 0.233744 1.479075 -0.445913 -0.394304 0.744629
    32 0.963099 0.000010 0.000000 -0.013579 0.014346 0.674130
    33 0.682898 -0.000002 0.000000 -0.013399 0.014465 0.690601
    34 16.981375 -5.884303 -10.737378 0.265381 0.258130 -2.316523
    35 -6.109157 -3.944074 -11.034252 -0.563612 -0.731695 -1.375287
    36 0.000000 3.992340 0.007782 1.570796 0.000000 -1.570796
    37 17.063021 -0.601581 2.492264 2.653318 0.502636 2.575827
    38 -0.021929 2.029111 -0.137266 -1.570805 0.000001 0.000000
    39 0.019532 0.000000 0.007813 -0.214037 0.000000 0.000001
    40 0.002397 -0.669111 0.409449 1.082572 0.000000 0.000000
    41 -0.002402 -6.221447 0.929182 -0.864303 0.000000 0.000000
  time 72
    0 -6.109157 -3.944074 -11.034252 -1.926465 -0.730408 -1.375101
    1 10.295578 0.000000 0.000002 2.835848 -0.404421 0.040818
    2 16.981375 -5.884303 -10.737378 -0.818708 0.258249 -2.316667
    3 10.295582 0.000001 -0.000006 -0.719445 0.204547 0.124157
    4 1.149520 0.416502 1.414117 -1.889618 -0.247391 0.590208
    5 1.263885 0.000000 -0.000008 0.039274 0.064213 0.111307
    6 1.188939 -0.000002 0.000010 0.005825 0.001918 -0.245455
    7 3.773755 0.133215 0.970575 0.005840 0.024340 0.317988
    8 1.433456 0.000000 0.000000 0.071608 -0.076570 1.246454
    9 1.019165 -0.000006 0.000001 0.138925 -0.094498 0.995244
    10 3.799514 0.014957 0.039959 -0.022861 0.068472 0.343331
    11 1.774878 0.000000 0.000000 0.094151 -0.003583 0.177810
    12 1.008844 -0.000004 0.000000 0.107514 -0.013591 0.213341
    13 3.632766 0.059052 -0.757493 0.035341 0.112209 0.367149
    14 1.500137 0.000002 0.000000 0.096776 0.074280 -0.062644
    15 0.905666 -0.000002 -0.000001 0.111660 0.049029 0.178996
    16 3.323331 0.233744 -1.479075 0.224753 0.143147 0.636924
    17 0.963100 0.000011 0.000000 0.040053 -0.089177 1.362262
    18 0.682894 -0.000006 -0.000001 0.050958 0.063662 -0.018365
    19 1.149529 0.416498 -1.414117 1.700827 0.641787 0.387958
    20 1.263884 0.000001 0.000000 -0.005693 0.009875 0.478340
    21 1.188946 0.000000 0.000002 -0.008725 0.004374 0.214806
    22 3.773762 0.133217 -0.970574 0.055378 0.176199 0.161232
    23 1.433458 0.000004 0.000000 -0.030717 0.019631 0.560968
    24 1.019165 0.000011 0.000000 -0.030705 0.019583 0.561446
    25 3.799517 0.014957 -0.039958 -0.031570 -0.005385 0.387053
    26 1.774879 0.000004 0.000000 -0.018396 0.014118 0.565905
    27 1.008841 0.000004 0.000000 -0.018420 0.014106 0.565864
    28 3.632765 0.059053 0.757493 -0.296445 -0.149577 0.569863
    29 1.500135 0.000004 0.000000 -0.013351 0.011266 0.539706
    30 0.905668 0.000002 -0.000001 -0.013351 0.011242 0.539744
    31 3.323332 0.233744 1.479075 -0.447281 -0.392278 0.748267
    32 0.963099 0.000010 0.000000 -0.013423 0.014382 0.678090
    33 0.682898 -0.000002 0.000000 -0.013243 0.014813 0.694334
    34 16.981375 -5.884303 -10.737378 0.265381 0.258130 -2.316523
    35 -6.109157 -3.944074 -11.034252 -0.563489 -0.731695 -1.375574
    36 0.000000 3.992340 0.007782 1.570796 0.000000 -1.570796
    37 17.063021 -0.601581 2.496170 2.651785 0.499867 2.572703
    38 -0.021929 2.029111 -0.137266 -1.570805 0.000001 0.000000
    39 0.019532 0.000000 0.007813 -0.214037 0.000000 0.000001
    40 0.002397 -0.669111 0.409449 1.082572 0.000000 0.000000
    41 -0.002402 -6.221447 0.929182 -0.865017 0.000000 0.000000
  time 73
    0 -6.109157 -3.944074 -11.034252 -1.926465 -0.730408 -1.375101
    1 10.295578 0.000000 0.000002 2.839940 -0.404154 0.040849
    2 16.981375 -5.884303 -10.737378 -0.818708 0.258249 -2.316667
    3 10.295582 0.000001 -0.000006 -0.719445 0.204547 0.124157
    4 1.149520 0.416502 1.414117 -1.889618 -0.247391 0.590208
    5 1.263885 0.000000 -0.000008 0.039274 0.064213 0.111307
    6 1.188939 -0.000002 0.000010 0.005825 0.001918 -0.245455
    7 3.773755 0.133215 0.970575 0.005840 0.024340 0.317988
    8 1.433456 0.000000 0.000000 0.071608 -0.076570 1.246454
    9 1.019165 -0.000006 0.000001 0.138925 -0.094498 0.995244
    10 3.799514 0.014957 0.039959 -0.022861 0.068472 0.343331
    11 1.774878 0.000000 0.000000 0.094151 -0.003583 0.177810
    12 1.008844 -0.000004 0.000000 0.107514 -0.013591 0.213341
    13 3.632766 0.059052 -0.757493 0.035341 0.112209 0.367149
    14 1.500137 0.000002 0.000000 0.096776 0.074280 -0.062644
    15 0.905666 -0.000002 -0.000001 0.111660 0.049029 0.178996
    16 3.323331 0.233744 -1.479075 0.224753 0.143147 0.636924
    17 0.963100 0.000011 0.000000 0.040053 -0.089177 1.362262
    18 0.682894 -0.000006 -0.000001 0.050958 0.063662 -0.018365
    19 1.149529 0.416498 -1.414117 1.700862 0.641703 0.388054
    20 1.263884 0.000001 0.000000 -0.005609 0.010163 0.478409
    21 1.188946 0.000000 0.000002 -0.008641 0.004542 0.214806
    22 3.773762 0.133217 -0.970574 0.056229 0.176115 0.165444
    23 1.433458 0.000004 0.000000 -0.030681 0.019823 0.565100
    24 1.019165 0.000011 0.000000 -0.030657 0.019811 0.565531
    25 3.799517 0.014957 -0.039958 -0.031486 -0.004929 0.391251
    26 1.774879 0.000004 0.000000 -0.018277 0.014322 0.570098
    27 1.008841 0.000004 0.000000 -0.018277 0.014310 0.570057
    28 3.632765 0.059053 0.757493 -0.296769 -0.148211 0.573888
    29 1.500135 0.000004 0.000000 -0.013123 0.011313 0.544187
    30 0.905668 0.000002 -0.000001 -0.013099 0.011313 0.544149
    31 3.323332 0.233744 1.479075 -0.448605 -0.390601 0.752255
    32 0.963099 0.000010 0.000000 -0.013267 0.014537 0.682025
    33 0.682898 -0.000002 0.000000 -0.012895 0.014981 0.697991
    34 16.981375 -5.884303 -10.737378 0.265381 0.258130 -2.316523
    35 -6.109157 -3.944074 -11.034252 -0.563489 -0.731695 -1.375574
    36 0.000000 3.992340 0.007782 1.570796 0.000000 -1.570796
    37 17.063021 -0.601581 2.503983 2.649677 0.496716 2.569011
    38 -0.021929 2.029111 -0.137266 -1.570805 0.000001 0.000000
    39 0.019532 0.000000 0.007813 -0.214037 0.000000 0.000001
    40 0.002397 -0.669111 0.409449 1.082572 0.000000 0.000000
    41 -0.002402 -6.221447 0.929182 -0.865730 0.000000 0.000000
  time 74
    0 -6.109157 -3.944074 -11.034252 -1.926465 -0.730408 -1.375101
    1 10.295578 0.000000 0.000002 2.844714 -0.403693 0.041130
    2 16.981375 -5.884303 -10.737378 -0.818708 0.258249 -2.316667
    3 10.295582 0.000001 -0.000006 -0.719445 0.204547 0.124157
    4 1.149520 0.416502 1.414117 -1.889618 -0.247391 0.590208
    5 1.263885 0.000000 -0.000008 0.039274 0.064213 0.111307
    6 1.188939 -0.000002 0.000010 0.005825 0.001918 -0.245455
    7 3.773755 0.133215 0.970575 0.005840 0.024340 0.317988
    8 1.433456 0.000000 0.000000 0.071608 -0.076570 1.246454
    9 1.019165 -0.000006 0.000001 0.138925 -0.094498 0.995244
    10 3.799514 0.014957 0.039959 -0.022861 0.068472 0.343331
    11 1.774878 0.000000 0.000000 0.094151 -0.003583 0.177810
    12 1.008844 -0.000004 0.000000 0.107514 -0.013591 0.213341
    13 3.632766 0.059052 -0.757493 0.035341 0.112209 0.367149
    14 1.500137 0.000002 0.000000 0.096776 0.074280 -0.062644
    15 0.905666 -0.000002 -0.000001 0.111660 0.049029 0.178996
    16 3.323331 0.233744 -1.479075 0.224753 0.143147 0.636924
    17 0.963100 0.000011 0.000000 0.040053 -0.089177 1.362262
    18 0.682894 -0.000006 -0.000001 0.050958 0.063662 -0.018365
    19 1.149529 0.416498 -1.414117 1.700946 0.641691 0.388138
    20 1.263884 0.000001 0.000000 -0.005525 0.010247 0.478461
    21 1.188946 0.000000 0.000002 -0.008461 0.004722 0.214829
    22 3.773762 0.133217 -0.970574 0.057020 0.176019 0.169592
    23 1.433458 0.000004 0.000000 -0.030501 0.019894 0.569275
    24 1.019165 0.000011 0.000000 -0.030477 0.019894 0.569615
    25 3.799517 0.014957 -0.039958 -0.031402 -0.004737 0.395349
    26 1.774879 0.000004 0.000000 -0.018253 0.014382 0.574169
    27 1.008841 0.000004 0.000000 -0.018253 0.014382 0.574128
    28 3.632765 0.059053 0.757493 -0.297404 -0.147013 0.577876
    29 1.500135 0.000004 0.000000 -0.012883 0.011673 0.548097
    30 0.905668 0.000002 -0.000001 -0.012883 0.011577 0.548135
    31 3.323332 0.233744 1.479075 -0.449944 -0.388683 0.755974
    32 0.963099 0.000010 0.000000 -0.012931 0.014873 0.685985
    33 0.682898 -0.000002 0.000000 -0.012824 0.015137 0.701598
    34 16.981375 -5.884303 -10.737378 0.265381 0.258130 -2.316523
    35 -6.109157 -3.944074 -11.034252 -0.563489 -0.731408 -1.375574
    36 0.000000 3.992340 0.007782 1.570796 0.000000 -1.570796
    37 17.063021 -0.601581 2.515702 2.647377 0.492992 2.565319
    38 -0.021929 2.029111 -0.137266 -1.570805 0.000001 0.000000
    39 0.019532 0.000000 0.007813 -0.214037 0.000000 0.000001
    40 0.002397 -0.669111 0.409449 1.082572 0.000000 0.000000
    41 -0.002402 -6.221447 0.929182 -0.867115 0.000000 0.000000
  time 75
    0 -6.109157 -3.944074 -11.034252 -1.926465 -0.730408 -1.375101
    1 10.295578 0.000000 0.000002 2.849420 -0.403135 0.041380
    2 16.981375 -5.884303 -10.737378 -0.818708 0.258249 -2.316667
    3 10.295582 0.000001 -0.000006 -0.719445 0.204547 0.124157
    4 1.149520 0.416502 1.414117 -1.889618 -0.247391 0.590181
    5 1.263885 0.000000 -0.000008 0.039274 0.064213 0.111307
    6 1.188939 -0.000002 0.000010 0.005825 0.001930 -0.245455
    7 3.773755 0.133215 0.970575 0.005840 0.024340 0.317988
    8 1.433456 0.000000 0.000000 0.071608 -0.076570 1.246454
    9 1.019165 -0.000006 0.000001 0.138925 -0.094498 0.995244
    10 3.799514 0.014957 0.039959 -0.022861 0.068472 0.343331
    11 1.774878 0.000000 0.000000 0.094151 -0.003583 0.177810
    12 1.008844 -0.000004 0.000000 0.107514 -0.013591 0.213341
    13 3.632766 0.059052 -0.757493 0.035341 0.112209 0.367149
    14 1.500137 0.000002 0.000000 0.096776 0.074280 -0.062644
    15 0.905666 -0.000002 -0.000001 0.111660 0.049029 0.178904
    16 3.323331 0.233744 -1.479075 0.224753 0.143147 0.636924
    17 0.963100 0.000011 0.000000 0.040053 -0.089177 1.362262
    18 0.682894 -0.000006 -0.000001 0.050958 0.063662 -0.018365
    19 1.149529 0.416498 -1.414117 1.701162 0.641644 0.388234
    20 1.263884 0.000001 0.000000 -0.005369 0.010331 0.478529
    21 1.188946 0.000000 0.000002 -0.008293 0.004806 0.214852
    22 3.773762 0.133217 -0.970574 0.057799 0.175923 0.173741
    23 1.433458 0.000004 0.000000 -0.030129 0.020350 0.573493
    24 1.019165 0.000011 0.000000 -0.030081 0.020326 0.573656
    25 3.799517 0.014957 -0.039958 -0.031318 -0.004618 0.399447
    26 1.774879 0.000004 0.000000 -0.018121 0.014513 0.578240
    27 1.008841 0.000004 0.000000 -0.018121 0.014501 0.578199
    28 3.632765 0.059053 0.757493 -0.297691 -0.145598 0.581826
    29 1.500135 0.000004 0.000000 -0.012812 0.011853 0.552502
    30 0.905668 0.000002 -0.000001 -0.012812 0.011841 0.552464
    31 3.323332 0.233744 1.479075 -0.451210 -0.386826 0.759558
    32 0.963099 0.000010 0.000000 -0.012824 0.015053 0.689819
    33 0.682898 -0.000002 0.000000 -0.012788 0.015161 0.705205
    34 16.981375 -5.884303 -10.737378 0.265381 0.258130 -2.316523
    35 -6.109157 -3.944074 -11.034252 -0.563304 -0.730929 -1.375574
    36 0.000000 3.992340 0.007782 1.570796 0.000000 -1.570796
    37 17.098178 -0.589862 2.527421 2.644503 0.489268 2.561343
    38 -0.021929 2.029111 -0.137266 -1.570805 0.000001 0.000000
    39 0.019532 0.000000 0.007813 -0.214037 0.000000 0.000001
    40 0.002397 -0.669111 0.409449 1.082572 0.000000 0.000000
    41 -0.002402 -6.221447 0.929182 -0.868332 0.000000 0.000000
  time 76
    0 -6.109157 -3.944074 -11.034252 -1.926465 -0.730408 -1.375292
    1 10.295578 0.000000 0.000002 2.854535 -0.402310 0.041567
    2 16.981375 -5.884303 -10.737378 -0.818708 0.258249 -2.316667
    3 10.295582 0.000001 -0.000006 -0.719445 0.204547 0.124157
    4 1.149520 0.416502 1.414117 -1.889618 -0.247391 0.590181
    5 1.263885 0.000000 -0.000008 0.039274 0.064213 0.111307
    6 1.188939 -0.000002 0.000010 0.005825 0.001930 -0.245455
    7 3.773755 0.133215 0.970575 0.005840 0.024340 0.317988
    8 1.433456 0.000000 0.000000 0.071608 -0.076570 1.246454
    9 1.019165 -0.000006 0.000001 0.138925 -0.094498 0.995244
    10 3.799514 0.014957 0.039959 -0.022861 0.068472 0.343331
    11 1.774878 0.000000 0.000000 0.094151 -0.003583 0.177810
    12 1.008844 -0.000004 0.000000 0.107514 -0.013591 0.213341
    13 3.632766 0.059052 -0.757493 0.035341 0.112209 0.367149
    14 1.500137 0.000002 0.000000 0.096776 0.074280 -0.062644
    15 0.905666 -0.000002 -0.000001 0.111660 0.049029 0.178904
    16 3.323331 0.233744 -1.479075 0.224753 0.143147 0.636924
    17 0.963100 0.000011 0.000000 0.040053 -0.089177 1.362262
    18 0.682894 -0.000006 -0.000001 0.050958 0.063662 -0.018365
    19 1.149529 0.416498 -1.414117 1.701414 0.641608 0.388270
    20 1.263884 0.000001 0.000000 -0.005141 0.010403 0.478598
    21 1.188946 0.000000 0.000002 -0.008209 0.004890 0.214875
    22 3.773762 0.133217 -0.970574 0.058578 0.175647 0.177827
    23 1.433458 0.000004 0.000000 -0.029949 0.020590 0.577496
    24 1.019165 0.000011 0.000000 -0.029938 0.020578 0.577655
    25 3.799517 0.014957 -0.039958 -0.031054 -0.004174 0.403645
    26 1.774879 0.000004 0.000000 -0.017965 0.014897 0.582311
    27 1.008841 0.000004 0.000000 -0.017965 0.014897 0.582270
    28 3.632765 0.059053 0.757493 -0.298303 -0.144160 0.585740
    29 1.500135 0.000004 0.000000 -0.012752 0.012021 0.556336
    30 0.905668 0.000002 -0.000001 -0.012752 0.012009 0.556374
    31 3.323332 0.233744 1.479075 -0.452520 -0.385172 0.763169
    32 0.963099 0.000010 0.000000 -0.012800 0.015137 0.693653
    33 0.682898 -0.000002 0.000000 -0.012620 0.015304 0.708711
    34 16.981375 -5.884303 -10.737378 0.265381 0.258130 -2.316523
    35 -6.109157 -3.944074 -11.034252 -0.563119 -0.730929 -1.375574
    36 0.000000 3.992340 0.007782 1.570796 0.000000 -1.570796
    37 17.105991 -0.589862 2.539140 2.642203 0.485544 2.557178
    38 -0.021929 2.029111 -0.137266 -1.570805 0.000001 0.000000
    39 0.019532 0.000000 0.007813 -0.214037 0.000000 0.000001
    40 0.002397 -0.669111 0.409449 1.082572 0.000000 0.000000
    41 -0.002402 -6.221447 0.929182 -0.870263 0.000000 0.000000
  time 77
    0 -6.109157 -3.944074 -11.034252 -1.926391 -0.730408 -1.375292
    1 10.295578 0.000000 0.000002 2.859650 -0.401364 0.041817
    2 16.981375 -5.884303 -10.737378 -0.818708 0.258249 -2.316667
    3 10.295582 0.000001 -0.000006 -0.719445 0.204566 0.124157
    4 1.149520 0.416502 1.414117 -1.889618 -0.247391 0.590181
    5 1.263885 0.000000 -0.000008 0.039274 0.064213 0.111307
    6 1.188939 -0.000002 0.000010 0.005825 0.001930 -0.245455
    7 3.773755 0.133215 0.970575 0.005840 0.024340 0.317988
    8 1.433456 0.000000 0.000000 0.071608 -0.076570 1.246454
    9 1.019165 -0.000006 0.000001 0.138925 -0.094498 0.995244
    10 3.799514 0.014957 0.039959 -0.022861 0.068472 0.343331
    11 1.774878 0.000000 0.000000 0.094151 -0.003583 0.177810
    12 1.008844 -0.000004 0.000000 0.107514 -0.013591 0.213341
    13 3.632766 0.059052 -0.757493 0.035341 0.112209 0.367149
    14 1.500137 0.000002 0.000000 0.096776 0.074280 -0.062644
    15 0.905666 -0.000002 -0.000001 0.111660 0.049029 0.178904
    16 3.323331 0.233744 -1.479075 0.224741 0.143147 0.636924
    17 0.963100 0.000011 0.000000 0.040053 -0.089177 1.362262
    18 0.682894 -0.000006 -0.000001 0.050958 0.063662 -0.018365
    19 1.149529 0.416498 -1.414117 1.701582 0.641500 0.388306
    20 1.263884 0.000001 0.000000 -0.005057 0.010487 0.478666
    21 1.188946 0.000000 0.000002 -0.008162 0.004986 0.214875
    22 3.773762 0.133217 -0.970574 0.059357 0.175539 0.181881
    23 1.433458 0.000004 0.000000 -0.029926 0.020613 0.581671
    24 1.019165 0.000011 0.000000 -0.029926 0.020625 0.581653
    25 3.799517 0.014957 -0.039958 -0.030970 -0.003958 0.407543
    26 1.774879 0.000004 0.000000 -0.017605 0.015089 0.586260
    27 1.008841 0.000004 0.000000 -0.017629 0.015101 0.586341
    28 3.632765 0.059053 0.757493 -0.298782 -0.142830 0.589616
    29 1.500135 0.000004 0.000000 -0.012608 0.012045 0.560665
    30 0.905668 0.000002 -0.000001 -0.012596 0.012045 0.560627
    31 3.323332 0.233744 1.479075 -0.453757 -0.383434 0.766753
    32 0.963099 0.000010 0.000000 -0.012632 0.015208 0.697386
    33 0.682898 -0.000002 0.000000 -0.012464 0.015640 0.712192
    34 16.981375 -5.884303 -10.737378 0.265381 0.258130 -2.316523
    35 -6.109157 -3.944074 -11.034252 -0.562996 -0.730929 -1.375861
    36 0.000000 3.992340 0.007782 1.570796 0.000000 -1.570796
    37 17.113804 -0.589862 2.546953 2.639329 0.481820 2.553202
    38 -0.021929 2.029111 -0.137266 -1.570805 0.000001 0.000000
    39 0.019532 0.000000 0.007813 -0.214037 0.000000 0.000001
    40 0.002397 -0.669111 0.409449 1.082572 0.000000 0.000000
    41 -0.002402 -6.221447 0.929182 -0.872403 0.000000 0.000000
  time 78
    0 -6.109157 -3.944074 -11.034252 -1.926391 -0.730408 -1.375579
    1 10.295578 0.000000 0.000002 2.864492 -0.400272 0.041848
    2 16.981375 -5.884303 -10.737378 -0.818708 0.258249 -2.316667
    3 10.295582 0.000001 -0.000006 -0.719445 0.204566 0.124157
    4 1.149520 0.416502 1.414117 -1.889618 -0.247391 0.590181
    5 1.263885 0.000000 -0.000008 0.039274 0.064213 0.111307
    6 1.188939 -0.000002 0.000010 0.005825 0.001930 -0.245455
    7 3.773755 0.133215 0.970575 0.005840 0.024340 0.317988
    8 1.433456 0.000000 0.000000 0.071608 -0.076570 1.246454
    9 1.019165 -0.000006 0.000001 0.138925 -0.094498 0.995244
    10 3.799514 0.014957 0.039959 -0.022861 0.068472 0.343331
    11 1.774878 0.000000 0.000000 0.094151 -0.003583 0.177810
    12 1.008844 -0.000004 0.000000 0.107514 -0.013591 0.213341
    13 3.632766 0.059052 -0.757493 0.035341 0.112209 0.367149
    14 1.500137 0.000002 0.000000 0.096776 0.074280 -0.062644
    15 0.905666 -0.000002 -0.000001 0.111660 0.049029 0.178904
    16 3.323331 0.233744 -1.479075 0.224741 0.143147 0.636924
    17 0.963100 0.000011 0.000000 0.040053 -0.089177 1.362262
    18 0.682894 -0.000006 -0.000001 0.050958 0.063662 -0.018365
    19 1.149529 0.416498 -1.414117 1.701630 0.641392 0.388353
    20 1.263884 0.000001 0.000000 -0.005046 0.010487 0.478718
    21 1.188946 0.000000 0.000002 -0.008162 0.004998 0.214898
    22 3.773762 0.133217 -0.970574 0.060159 0.175516 0.185935
    23 1.433458 0.000004 0.000000 -0.029782 0.021069 0.585459
    24 1.019165 0.000011 0.000000 -0.029770 0.021057 0.585565
    25 3.799517 0.014957 -0.039958 -0.030886 -0.003863 0.411540
    26 1.774879 0.000004 0.000000 -0.017498 0.015161 0.590168
    27 1.008841 0.000004 0.000000 -0.017498 0.015161 0.590249
    28 3.632765 0.059053 0.757493 -0.299094 -0.141680 0.593418
    29 1.500135 0.000004 0.000000 -0.012452 0.012188 0.564423
    30 0.905668 0.000002 -0.000001 -0.012452 0.012188 0.564461
    31 3.323332 0.233744 1.479075 -0.454921 -0.381576 0.770310
    32 0.963099 0.000010 0.000000 -0.012476 0.015472 0.700993
    33 0.682898 -0.000002 0.000000 -0.012104 0.015796 0.715471
    34 16.981375 -5.884303 -10.737378 0.265381 0.258130 -2.316523
    35 -6.109157 -3.944074 -11.034252 -0.562996 -0.730546 -1.375861
    36 0.000000 3.992340 0.007782 1.570796 0.000000 -1.570796
    37 17.125523 -0.589862 2.570391 2.636167 0.478287 2.549037
    38 -0.021929 2.029111 -0.137266 -1.570805 0.000001 0.000000
    39 0.019532 0.000000 0.007813 -0.214037 0.000000 0.000001
    40 0.002397 -0.669111 0.409449 1.082572 0.000000 0.000000
    41 -0.002402 -6.221447 0.929182 -0.874837 0.000000 0.000000
  time 79
    0 -6.109157 -3.944074 -11.034252 -1.926168 -0.730408 -1.375579
    1 10.295578 0.000000 0.000002 2.868857 -0.398889 0.042285
    2 16.981375 -5.884303 -10.737378 -0.818708 0.258249 -2.316667
    3 10.295582 0.000001 -0.000006 -0.719445 0.204566 0.124157
    4 1.149520 0.416502 1.414117 -1.889618 -0.247391 0.590181
    5 1.263885 0.000000 -0.000008 0.039274 0.064213 0.111307
    6 1.188939 -0.000002 0.000010 0.005825 0.001930 -0.245455
    7 3.773755 0.133215 0.970575 0.005840 0.024340 0.317988
    8 1.433456 0.000000 0.000000 0.071608 -0.076570 1.246454
    9 1.019165 -0.000006 0.000001 0.138925 -0.094498 0.995244
    10 3.799514 0.014957 0.039959 -0.022861 0.068472 0.343331
    11 1.774878 0.000000 0.000000 0.094151 -0.003583 0.177810
    12 1.008844 -0.000004 0.000000 0.107514 -0.013591 0.213341
    13 3.632766 0.059052 -0.757493 0.035341 0.112209 0.367149
    14 1.500137 0.000002 0.000000 0.096776 0.074280 -0.062644
    15 0.905666 -0.000002 -0.000001 0.111660 0.049029 0.178904
    16 3.323331 0.233744 -1.479075 0.224741 0.143147 0.636924
    17 0.963100 0.000011 0.000000 0.040053 -0.089177 1.362262
    18 0.682894 -0.000006 -0.000001 0.050958 0.063662 -0.018365
    19 1.149529 0.416498 -1.414117 1.701725 0.641200 0.388449
    20 1.263884 0.000001 0.000000 -0.005034 0.010499 0.478786
    21 1.188946 0.000000 0.000002 -0.008114 0.005046 0.214945
    22 3.773762 0.133217 -0.970574 0.060962 0.175492 0.189864
    23 1.433458 0.000004 0.000000 -0.029602 0.021309 0.589591
    24 1.019165 0.000011 0.000000 -0.029590 0.021297 0.589435
    25 3.799517 0.014957 -0.039958 -0.030863 -0.003431 0.415438
    26 1.774879 0.000004 0.000000 -0.017474 0.015280 0.594117
    27 1.008841 0.000004 0.000000 -0.017474 0.015268 0.594198
    28 3.632765 0.059053 0.757493 -0.299645 -0.140205 0.597182
    29 1.500135 0.000004 0.000000 -0.012140 0.012536 0.568600
    30 0.905668 0.000002 -0.000001 -0.012140 0.012536 0.568638
    31 3.323332 0.233744 1.479075 -0.456100 -0.379910 0.773436
    32 0.963099 0.000010 0.000000 -0.012140 0.015700 0.704423
    33 0.682898 -0.000002 0.000000 -0.012033 0.015916 0.718750
    34 16.981375 -5.884303 -10.737378 0.265381 0.258130 -2.316523
    35 -6.109157 -3.944074 -11.034252 -0.562996 -0.730546 -1.375861
    36 0.000000 3.992340 0.007782 1.570796 0.000000 -1.570796
    37 17.125523 -0.589862 2.578204 2.632622 0.475136 2.545250
    38 -0.021929 2.029111 -0.137266 -1.570805 0.000001 0.000000
    39 0.019532 0.000000 0.007813 -0.214037 0.000000 0.000001
    40 0.002397 -0.669111 0.409449 1.082572 0.000000 0.000000
    41 -0.002402 -6.221447 0.929182 -0.877607 0.000000 0.000000
  time 80
    0 -6.109157 -3.944074 -11.034252 -1.926094 -0.730314 -1.375866
    1 10.295578 0.000000 0.000002 2.872949 -0.397385 0.042816
    2 16.981375 -5.884303 -10.737378 -0.818708 0.258249 -2.316667
    3 10.295582 0.000001 -0.000006 -0.719445 0.204566 0.124157
    4 1.149520 0.416502 1.414117 -1.889618 -0.247391 0.590181
    5 1.263885 0.000000 -0.000008 0.039274 0.064213 0.111307
    6 1.188939 -0.000002 0.000010 0.005825 0.001930 -0.245455
    7 3.773755 0.133215 0.970575 0.005840 0.024340 0.317988
    8 1.433456 0.000000 0.000000 0.071608 -0.076570 1.246454
    9 1.019165 -0.000006 0.000001 0.138925 -0.094498 0.995244
    10 3.799514 0.014957 0.039959 -0.022861 0.068472 0.343331
    11 1.774878 0.000000 0.000000 0.094151 -0.003583 0.177810
    12 1.008844 -0.000004 0.000000 0.107514 -0.013591 0.213341
    13 3.632766 0.059052 -0.757493 0.035341 0.112209 0.367149
    14 1.500137 0.000002 0.000000 0.096776 0.074280 -0.062644
    15 0.905666 -0.000002 -0.000001 0.111660 0.049029 0.178904
    16 3.323331 0.233744 -1.479075 0.224729 0.143187 0.636924
    17 0.963100 0.000011 0.000000 0.040053 -0.089177 1.362262
    18 0.682894 -0.000006 -0.000001 0.050958 0.063662 -0.018365
    19 1.149529 0.416498 -1.414117 1.702025 0.640972 0.388725
    20 1.263884 0.000001 0.000000 -0.005034 0.010534 0.478855
    21 1.188946 0.000000 0.000002 -0.008030 0.005093 0.214968
    22 3.773762 0.133217 -0.970574 0.061753 0.175408 0.193824
    23 1.433458 0.000004 0.000000 -0.029218 0.021381 0.593206
    24 1.019165 0.000011 0.000000 -0.029206 0.021381 0.593261
    25 3.799517 0.014957 -0.039958 -0.030839 -0.003191 0.419237
    26 1.774879 0.000004 0.000000 -0.017342 0.015652 0.597984
    27 1.008841 0.000004 0.000000 -0.017342 0.015664 0.597984
    28 3.632765 0.059053 0.757493 -0.299884 -0.138923 0.600872
    29 1.500135 0.000004 0.000000 -0.012045 0.012704 0.572473
    30 0.905668 0.000002 -0.000001 -0.012045 0.012692 0.572435
    31 3.323332 0.233744 1.479075 -0.457235 -0.378269 0.776966
    32 0.963099 0.000010 0.000000 -0.012045 0.015868 0.707980
    33 0.682898 -0.000002 0.000000 -0.012021 0.015951 0.722004
    34 16.981375 -5.884303 -10.737378 0.265381 0.258130 -2.316523
    35 -6.109157 -3.944074 -11.034252 -0.562996 -0.730354 -1.376052
    36 0.000000 3.992340 0.007782 1.570796 0.000000 -1.570796
    37 17.125523 -0.582049 2.589923 2.629652 0.472367 2.541558
    38 -0.021929 2.029111 -0.137266 -1.570805 0.000001 0.000000
    39 0.019532 0.000000 0.007813 -0.214037 0.000000 0.000001
    40 0.002397 -0.669111 0.409449 1.082572 0.000000 0.000000
    41 -0.002402 -6.221447 0.929182 -0.880838 0.000000 0.000000
  time 81
    0 -6.109157 -3.944074 -11.034252 -1.925797 -0.730032 -1.375866
    1 10.295578 0.000000 0.000002 2.876086 -0.395638 0.043253
    2 16.981375 -5.884303 -10.737378 -0.818708 0.258249 -2.316667
    3 10.295582 0.000001 -0.000006 -0.719445 0.204566 0.124157
    4 1.149520 0.416502 1.414117 -1.889618 -0.247391 0.590181
    5 1.263885 0.000000 -0.000008 0.039274 0.064213 0.111307
    6 1.188939 -0.000002 0.000010 0.005825 0.001930 -0.245455
    7 3.773755 0.133215 0.970575 0.005840 0.024340 0.317988
    8 1.433456 0.000000 0.000000 0.071608 -0.076570 1.246454
    9 1.019165 -0.000006 0.000001 0.138925 -0.094498 0.995244
    10 3.799514 0.014957 0.039959 -0.022861 0.068472 0.343331
    11 1.774878 0.000000 0.000000 0.094151 -0.003571 0.177810
    12 1.008844 -0.000004 0.000000 0.107514 -0.013591 0.213341
    13 3.632766 0.059052 -0.757493 0.035341 0.112209 0.367149
    14 1.500137 0.000002 0.000000 0.096776 0.074280 -0.062644
    15 0.905666 -0.000002 -0.000001 0.111660 0.049029 0.178904
    16 3.323331 0.233744 -1.479075 0.224729 0.143187 0.636924
    17 0.963100 0.000011 0.000000 0.040053 -0.089177 1.362262
    18 0.682894 -0.000006 -0.000001 0.050958 0.063662 -0.018365
    19 1.149529 0.416498 -1.414117 1.702229 0.640889 0.388821
    20 1.263884 0.000001 0.000000 -0.004950 0.010618 0.478924
    21 1.188946 0.000000 0.000002 -0.007934 0.005189 0.214991
    22 3.773762 0.133217 -0.970574 0.062544 0.175300 0.197658
    23 1.433458 0.000004 0.000000 -0.029159 0.021788 0.597037
    24 1.019165 0.000011 0.000000 -0.029147 0.021668 0.597045
    25 3.799517 0.014957 -0.039958 -0.030803 -0.003144 0.422985
    26 1.774879 0.000004 0.000000 -0.017186 0.015844 0.601770
    27 1.008841 0.000004 0.000000 -0.017186 0.015844 0.601770
    28 3.632765 0.059053 0.757493 -0.300460 -0.137820 0.604450
    29 1.500135 0.000004 0.000000 -0.012009 0.012812 0.576232
    30 0.905668 0.000002 -0.000001 -0.012009 0.012800 0.576194
    31 3.323332 0.233744 1.479075 -0.458341 -0.376711 0.780092
    32 0.963099 0.000010 0.000000 -0.012021 0.015940 0.711284
    33 0.682898 -0.000002 0.000000 -0.011889 0.016107 0.725182
    34 16.981375 -5.884303 -10.737378 0.265381 0.258130 -2.316523
    35 -6.109157 -3.944074 -11.034252 -0.562996 -0.729588 -1.376052
    36 0.000000 3.992340 0.007782 1.570796 0.000000 -1.570796
    37 17.125523 -0.582049 2.609455 2.626681 0.470362 2.538245
    38 -0.021929 2.029111 -0.137266 -1.570805 0.000001 0.000000
    39 0.019532 0.000000 0.007813 -0.214037 0.000000 0.000001
    40 0.002397 -0.669111 0.409449 1.082572 0.000000 0.000000
    41 -0.002402 -6.221447 0.929182 -0.884363 0.000000 0.000000
  time 82
    0 -6.109157 -3.944074 -11.034252 -1.925723 -0.728621 -1.376057
    1 10.295578 0.000000 0.000002 2.878405 -0.393697 0.043721
    2 16.981375 -5.884303 -10.737378 -0.818708 0.258249 -2.316667
    3 10.295582 0.000001 -0.000006 -0.719445 0.204566 0.124157
    4 1.149520 0.416502 1.414117 -1.889618 -0.247391 0.590153
    5 1.263885 0.000000 -0.000008 0.039274 0.064213 0.111307
    6 1.188939 -0.000002 0.000010 0.005825 0.001930 -0.245455
    7 3.773755 0.133215 0.970575 0.005840 0.024340 0.317988
    8 1.433456 0.000000 0.000000 0.071608 -0.076570 1.246454
    9 1.019165 -0.000006 0.000001 0.138925 -0.094498 0.995244
    10 3.799514 0.014957 0.039959 -0.022861 0.068472 0.343331
    11 1.774878 0.000000 0.000000 0.094151 -0.003571 0.177810
    12 1.008844 -0.000004 0.000000 0.107514 -0.013591 0.213341
    13 3.632766 0.059052 -0.757493 0.035341 0.112209 0.367149
    14 1.500137 0.000002 0.000000 0.096776 0.074280 -0.062644
    15 0.905666 -0.000002 -0.000001 0.111660 0.049041 0.178904
    16 3.323331 0.233744 -1.479075 0.224717 0.143187 0.636924
    17 0.963100 0.000011 0.000000 0.040053 -0.089177 1.362262
    18 0.682894 -0.000006 -0.000001 0.050958 0.063662 -0.018365
    19 1.149529 0.416498 -1.414117 1.702397 0.640853 0.388929
    20 1.263884 0.000001 0.000000 -0.004866 0.010906 0.478992
    21 1.188946 0.000000 0.000002 -0.007838 0.005453 0.215037
    22 3.773762 0.133217 -0.970574 0.063299 0.175180 0.201398
    23 1.433458 0.000004 0.000000 -0.029051 0.022028 0.600652
    24 1.019165 0.000011 0.000000 -0.029063 0.022016 0.600742
    25 3.799517 0.014957 -0.039958 -0.030719 -0.002724 0.426683
    26 1.774879 0.000004 0.000000 -0.016826 0.015928 0.605434
    27 1.008841 0.000004 0.000000 -0.016850 0.015940 0.605393
    28 3.632765 0.059053 0.757493 -0.300663 -0.136478 0.607916
    29 1.500135 0.000004 0.000000 -0.011877 0.012859 0.579763
    30 0.905668 0.000002 -0.000001 -0.011877 0.012859 0.579763
    31 3.323332 0.233744 1.479075 -0.459374 -0.375165 0.783164
    32 0.963099 0.000010 0.000000 -0.011925 0.016035 0.714563
    33 0.682898 -0.000002 0.000000 -0.011757 0.016431 0.728108
    34 16.981375 -5.884303 -10.737378 0.265381 0.258130 -2.316523
    35 -6.109157 -3.944074 -11.034252 -0.563304 -0.729205 -1.376052
    36 0.000000 3.992340 0.007782 1.570796 0.000000 -1.570796
    37 17.125523 -0.582049 2.609455 2.623711 0.469025 2.535499
    38 -0.021929 2.029111 -0.137266 -1.570805 0.000001 0.000000
    39 0.019532 0.000000 0.007813 -0.214037 0.000000 0.000001
    40 0.002397 -0.669111 0.409449 1.082572 0.000000 0.000000
    41 -0.002402 -6.221447 0.929182 -0.888686 0.000000 0.000000
  time 83
    0 -5.999779 -3.901104 -11.096754 -1.918894 -0.723166 -1.370032
    1 10.295578 0.000000 0.000002 2.741118 -0.402650 0.103097
    2 16.981375 -5.884303 -10.737378 -0.818708 0.258249 -2.316667
    3 10.295582 0.000001 -0.000006 -0.719445 0.204566 0.124157
    4 1.149520 0.416502 1.414117 -1.889618 -0.247391 0.590153
    5 1.263885 0.000000 -0.000008 0.039274 0.064213 0.111307
    6 1.188939 -0.000002 0.000010 0.005825 0.001930 -0.245455
    7 3.773755 0.133215 0.970575 0.005840 0.024340 0.317988
    8 1.433456 0.000000 0.000000 0.071608 -0.076570 1.246454
    9 1.019165 -0.000006 0.000001 0.138925 -0.094498 0.995244
    10 3.799514 0.014957 0.039959 -0.022861 0.068472 0.343331
    11 1.774878 0.000000 0.000000 0.094151 -0.003571 0.177810
    12 1.008844 -0.000004 0.000000 0.107514 -0.013591 0.213341
    13 3.632766 0.059052 -0.757493 0.035341 0.112209 0.367149
    14 1.500137 0.000002 0.000000 0.096776 0.074280 -0.062644
    15 0.905666 -0.000002 -0.000001 0.111660 0.049041 0.178904
    16 3.323331 0.233744 -1.479075 0.224705 0.143187 0.636924
    17 0.963100 0.000011 0.000000 0.040053 -0.089177 1.362262
    18 0.682894 -0.000006 -0.000001 0.050970 0.063578 -0.017971
    19 1.149529 0.416498 -1.414117 1.702432 0.640781 0.389037
    20 1.263884 0.000001 0.000000 -0.004782 0.010978 0.479061
    21 1.188946 0.000000 0.000002 -0.007562 0.005549 0.215060
    22 3.773762 0.133217 -0.970574 0.064042 0.174892 0.205013
    23 1.433458 0.000004 0.000000 -0.028871 0.022160 0.604483
    24 1.019165 0.000011 0.000000 -0.028895 0.022160 0.604353
    25 3.799517 0.014957 -0.039958 -0.030647 -0.002496 0.430331
    26 1.774879 0.000004 0.000000 -0.016719 0.016011 0.608976
    27 1.008841 0.000004 0.000000 -0.016719 0.015999 0.609057
    28 3.632765 0.059053 0.757493 -0.301227 -0.135460 0.611345
    29 1.500135 0.000004 0.000000 -0.011733 0.013027 0.583332
    30 0.905668 0.000002 -0.000001 -0.011733 0.013027 0.583332
    31 3.323332 0.233744 1.479075 -0.460393 -0.373654 0.785831
    32 0.963099 0.000010 0.000000 -0.011793 0.016359 0.717716
    33 0.682898 -0.000002 0.000000 -0.011445 0.016587 0.731034
    34 16.981375 -5.884303 -10.737378 0.265381 0.258130 -2.316523
    35 -5.999779 -3.901104 -11.096754 -0.698085 -0.722979 -1.369740
    36 0.000000 3.992340 0.007782 1.570796 0.000000 -1.570796
    37 17.293496 -0.910184 2.218818 2.700172 0.533096 2.579424
    38 -0.021929 2.029111 -0.137266 -1.570805 0.000001 0.000000
    39 0.019532 0.000000 0.007813 -0.207052 0.000000 0.000001
    40 0.002397 -0.669111 0.409449 1.083143 0.000000 0.000000
    41 -0.002402 -6.221447 0.929182 -1.028221 0.000000 0.000000
  time 84
    0 -5.659925 -3.764381 -11.280353 -1.896255 -0.701628 -1.350521
    1 10.295578 0.000000 0.000002 2.292702 -0.426500 0.289841
    2 16.981375 -5.884303 -10.737378 -0.818708 0.258249 -2.316667
    3 10.295582 0.000001 -0.000006 -0.719445 0.204566 0.124157
    4 1.149520 0.416502 1.414117 -1.873571 -0.258642 0.526242
    5 1.263885 0.000000 -0.000008 0.041515 0.062823 0.146561
    6 1.188939 -0.000002 0.000010 0.005825 0.001953 -0.253750
    7 3.773755 0.133215 0.970575 0.005840 0.024340 0.317988
    8 1.433456 0.000000 0.000000 0.071608 -0.076570 1.246454
    9 1.019165 -0.000006 0.000001 0.138925 -0.094498 0.995244
    10 3.799514 0.014957 0.039959 -0.022861 0.068472 0.343331
    11 1.774878 0.000000 0.000000 0.094151 -0.003571 0.177810
    12 1.008844 -0.000004 0.000000 0.107514 -0.013591 0.213341
    13 3.632766 0.059052 -0.757493 0.035341 0.112209 0.367149
    14 1.500137 0.000002 0.000000 0.096776 0.074280 -0.062644
    15 0.905666 -0.000002 -0.000001 0.111660 0.049041 0.178904
    16 3.323331 0.233744 -1.479075 0.217898 0.152937 0.592103
    17 0.963100 0.000011 0.000000 0.038351 -0.089848 1.382655
    18 0.682894 -0.000006 -0.000001 0.061133 0.054027 0.153059
    19 1.149529 0.416498 -1.414117 1.702576 0.640649 0.389061
    20 1.263884 0.000001 0.000000 -0.004698 0.011062 0.479129
    21 1.188946 0.000000 0.000002 -0.007466 0.005645 0.215106
    22 3.773762 0.133217 -0.970574 0.064810 0.174784 0.208658
    23 1.433458 0.000004 0.000000 -0.028511 0.022255 0.607754
    24 1.019165 0.000011 0.000000 -0.028499 0.022279 0.607836
    25 3.799517 0.014957 -0.039958 -0.030563 -0.002388 0.434029
    26 1.774879 0.000004 0.000000 -0.016695 0.016383 0.612477
    27 1.008841 0.000004 0.000000 -0.016695 0.016383 0.612558
    28 3.632765 0.059053 0.757493 -0.301442 -0.134153 0.614662
    29 1.500135 0.000004 0.000000 -0.011421 0.013375 0.586938
    30 0.905668 0.000002 -0.000001 -0.011409 0.013363 0.586938
    31 3.323332 0.233744 1.479075 -0.461339 -0.372228 0.788850
    32 0.963099 0.000010 0.000000 -0.011673 0.016503 0.720667
    33 0.682898 -0.000002 0.000000 -0.011313 0.016695 0.733859
    34 16.981375 -5.884303 -10.737378 0.265381 0.258130 -2.316523
    35 -5.659925 -3.764381 -11.280353 -1.133551 -0.701619 -1.350516
    36 0.000000 3.992340 0.007782 1.570796 0.000000 -1.570796
    37 17.731010 -2.156316 0.980499 3.062641 0.666298 2.790621
    38 -0.021929 2.029111 -0.137266 -1.570805 0.000001 0.000000
    39 0.019532 0.000000 0.007813 -0.180548 0.000000 0.000001
    40 0.002397 -0.669111 0.409449 1.083143 0.000000 0.000000
    41 -0.002402 -6.221447 0.929182 -1.842692 0.000000 0.000000
  time 85
    0 -5.327884 -3.639377 -11.440514 -1.872577 -0.673506 -1.331584
    1 10.295578 0.000000 0.000002 1.852675 -0.440912 0.455076
    2 16.981375 -5.884303 -10.737378 -0.818708 0.258249 -2.316667
    3 10.295582 0.000001 -0.000006 -0.719445 0.204566 0.124157
    4 1.149520 0.416502 1.414117 -1.844328 -0.248454 0.416510
    5 1.263885 0.000000 -0.000008 0.041599 0.062608 0.151361
    6 1.188939 -0.000002 0.000010 0.005860 0.001870 -0.220570
    7 3.773755 0.133215 0.970575 0.005840 0.024340 0.317988
    8 1.433456 0.000000 0.000000 0.071608 -0.076570 1.246454
    9 1.019165 -0.000006 0.000001 0.138925 -0.094498 0.995244
    10 3.799514 0.014957 0.039959 -0.022861 0.068472 0.343331
    11 1.774878 0.000000 0.000000 0.094151 -0.003571 0.177810
    12 1.008844 -0.000004 0.000000 0.107514 -0.013591 0.213341
    13 3.632766 0.059052 -0.757493 0.035341 0.112209 0.367149
    14 1.500137 0.000002 0.000000 0.096776 0.074280 -0.062644
    15 0.905666 -0.000002 -0.000001 0.111660 0.049041 0.178812
    16 3.323331 0.233744 -1.479075 0.210275 0.163437 0.543884
    17 0.963100 0.000011 0.000000 0.035259 -0.091323 1.416731
    18 0.682894 -0.000006 -0.000001 0.073022 0.036565 0.412077
    19 1.149529 0.416498 -1.414117 1.702924 0.640397 0.389073
    20 1.263884 0.000001 0.000000 -0.004398 0.011146 0.479198
    21 1.188946 0.000000 0.000002 -0.007383 0.005741 0.215153
    22 3.773762 0.133217 -0.970574 0.065577 0.174725 0.212179
    23 1.433458 0.000004 0.000000 -0.028380 0.022699 0.611197
    24 1.019165 0.000011 0.000000 -0.028380 0.022699 0.611275
    25 3.799517 0.014957 -0.039958 -0.030491 -0.002233 0.437177
    26 1.774879 0.000004 0.000000 -0.016599 0.016551 0.615978
    27 1.008841 0.000004 0.000000 -0.016599 0.016551 0.616018
    28 3.632765 0.059053 0.757493 -0.301922 -0.133158 0.617867
    29 1.500135 0.000004 0.000000 -0.011277 0.013531 0.590318
    30 0.905668 0.000002 -0.000001 -0.011277 0.013519 0.590280
    31 3.323332 0.233744 1.479075 -0.462241 -0.371018 0.791410
    32 0.963099 0.000010 0.000000 -0.011361 0.016647 0.723694
    33 0.682898 -0.000002 0.000000 -0.011254 0.016719 0.736558
    34 16.981375 -5.884303 -10.737378 0.265381 0.258130 -2.316523
    35 -5.327884 -3.639377 -11.440514 -1.569880 -0.674512 -1.331005
    36 0.000000 3.992340 0.007782 1.570796 0.000000 -1.570796
    37 18.055238 -3.671987 -0.050783 3.535107 0.600604 3.004942
    38 -0.021929 2.029111 -0.137266 -1.570805 0.000001 0.000000
    39 0.019532 0.000000 0.007813 -0.136342 0.000000 0.000001
    40 0.002397 -0.669111 0.409449 1.072676 0.000000 0.000000
    41 -0.002402 -6.221447 0.929182 -2.054828 0.000000 0.000000
  time 86
    0 -5.234131 -3.627658 -11.471765 -1.864709 -0.659210 -1.328906
    1 10.295578 0.000000 0.000002 1.767220 -0.378096 0.427667
    2 16.981375 -5.884303 -10.737378 -0.818708 0.258249 -2.316667
    3 10.295582 0.000001 -0.000006 -0.719445 0.204566 0.124157
    4 1.149520 0.416502 1.414117 -1.830960 -0.206869 0.376881
    5 1.263885 0.000000 -0.000008 0.036709 0.065723 0.071273
    6 1.188939 -0.000002 0.000010 0.006244 0.001163 -0.117272
    7 3.773755 0.133215 0.970575 0.006026 0.024340 0.316629
    8 1.433456 0.000000 0.000000 0.071668 -0.076534 1.245595
    9 1.019165 -0.000006 0.000001 0.138865 -0.094498 0.996066
    10 3.799514 0.014957 0.039959 -0.022861 0.068472 0.343331
    11 1.774878 0.000000 0.000000 0.094151 -0.003571 0.177810
    12 1.008844 -0.000004 0.000000 0.107514 -0.013591 0.213341
    13 3.632766 0.059052 -0.757493 0.035341 0.112209 0.367149
    14 1.500137 0.000002 0.000000 0.096788 0.074269 -0.062362
    15 0.905666 -0.000002 -0.000001 0.111660 0.049041 0.178812
    16 3.323331 0.233744 -1.479075 0.213116 0.160062 0.559996
    17 0.963100 0.000011 0.000000 0.033054 -0.092102 1.439521
    18 0.682894 -0.000006 -0.000001 0.074412 0.033353 0.453751
    19 1.149529 0.416498 -1.414117 1.703104 0.640181 0.389180
    20 1.263884 0.000001 0.000000 -0.004314 0.011230 0.479284
    21 1.188946 0.000000 0.000002 -0.007383 0.005777 0.215199
    22 3.773762 0.133217 -0.970574 0.066296 0.174713 0.215541
    23 1.433458 0.000004 0.000000 -0.028368 0.022903 0.614813
    24 1.019165 0.000011 0.000000 -0.028368 0.022903 0.614629
    25 3.799517 0.014957 -0.039958 -0.030215 -0.001813 0.440476
    26 1.774879 0.000004 0.000000 -0.016455 0.016707 0.619194
    27 1.008841 0.000004 0.000000 -0.016455 0.016707 0.619275
    28 3.632765 0.059053 0.757493 -0.302198 -0.131984 0.620961
    29 1.500135 0.000004 0.000000 -0.011242 0.013603 0.593583
    30 0.905668 0.000002 -0.000001 -0.011242 0.013603 0.593545
    31 3.323332 0.233744 1.479075 -0.463129 -0.369676 0.793996
    32 0.963099 0.000010 0.000000 -0.011266 0.016683 0.726368
    33 0.682898 -0.000002 0.000000 -0.011230 0.016826 0.739156
    34 16.981375 -5.884303 -10.737378 0.265381 0.258130 -2.316523
    35 -5.234131 -3.627658 -11.471765 -1.661275 -0.660336 -1.329188
    36 0.000000 3.992340 0.007782 1.570796 0.000000 -1.570796
    37 18.313059 -3.808710 -0.082034 3.622011 0.476473 3.005226
    38 -0.021929 2.029111 -0.137266 -1.570805 0.000001 0.000000
    39 0.019532 0.000000 0.007813 -0.087161 0.000000 0.000001
    40 0.002397 -0.669111 0.409449 1.044321 0.000000 0.000000
    41 -0.002402 -6.221447 0.929182 -1.455013 0.000000 0.000000
  time 87
    0 -5.374760 -3.744849 -11.354574 -1.871835 -0.659210 -1.342487
    1 10.295578 0.000000 0.000002 1.945086 -0.150780 0.203587
    2 16.981375 -5.884303 -10.737378 -0.818708 0.258249 -2.316667
    3 10.295582 0.000001 -0.000006 -0.719445 0.204566 0.124157
    4 1.149520 0.416502 1.414117 -1.819657 -0.208375 0.351132
    5 1.263885 0.000000 -0.000008 0.035498 0.066143 0.059489
    6 1.188939 -0.000002 0.000010 0.006340 0.000551 -0.027906
    7 3.773755 0.133215 0.970575 0.007056 0.024375 0.309445
    8 1.433456 0.000000 0.000000 0.071836 -0.076258 1.241526
    9 1.019165 -0.000006 0.000001 0.138818 -0.094522 0.999879
    10 3.799514 0.014957 0.039959 -0.022861 0.068472 0.343077
    11 1.774878 0.000000 0.000000 0.094151 -0.003547 0.177573
    12 1.008844 -0.000004 0.000000 0.107514 -0.013591 0.213341
    13 3.632766 0.059052 -0.757493 0.035367 0.112209 0.366871
    14 1.500137 0.000002 0.000000 0.096824 0.074257 -0.061093
    15 0.905666 -0.000002 -0.000001 0.111660 0.049041 0.178812
    16 3.323331 0.233744 -1.479075 0.216363 0.155495 0.581381
    17 0.963100 0.000011 0.000000 0.031891 -0.092569 1.453073
    18 0.682894 -0.000006 -0.000001 0.075791 0.030597 0.491354
    19 1.149529 0.416498 -1.414117 1.703199 0.640110 0.389360
    20 1.263884 0.000001 0.000000 -0.004267 0.011254 0.479352
    21 1.188946 0.000000 0.000002 -0.007359 0.005825 0.215268
    22 3.773762 0.133217 -0.970574 0.066931 0.174641 0.218779
    23 1.433458 0.000004 0.000000 -0.028236 0.022939 0.617998
    24 1.019165 0.000011 0.000000 -0.028248 0.022939 0.617853
    25 3.799517 0.014957 -0.039958 -0.030107 -0.001621 0.443924
    26 1.774879 0.000004 0.000000 -0.016251 0.016719 0.622451
    27 1.008841 0.000004 0.000000 -0.016215 0.016719 0.622532
    28 3.632765 0.059053 0.757493 -0.302389 -0.130929 0.623942
    29 1.500135 0.000004 0.000000 -0.011194 0.013662 0.596430
    30 0.905668 0.000002 -0.000001 -0.011194 0.013662 0.596468
    31 3.323332 0.233744 1.479075 -0.463973 -0.368225 0.796557
    32 0.963099 0.000010 0.000000 -0.011242 0.016730 0.729016
    33 0.682898 -0.000002 0.000000 -0.011110 0.017126 0.741653
    34 16.981375 -5.884303 -10.737378 0.265381 0.258130 -2.316523
    35 -5.374760 -3.744849 -11.354574 -1.468501 -0.659857 -1.342482
    36 0.000000 3.992340 0.007782 1.570796 0.000000 -1.570796
    37 18.438063 -2.429762 1.023469 3.358327 0.440093 3.043281
    38 -0.021929 2.029111 -0.137266 -1.570805 0.000001 0.000000
    39 0.019532 0.000000 0.007813 -0.041807 0.000000 0.000001
    40 0.002397 -0.669111 0.409449 0.918340 0.000000 0.000000
    41 -0.002402 -6.221447 0.929182 -0.793801 0.000000 0.000000
  time 88
    0 -5.624768 -3.893291 -11.198319 -1.884379 -0.662690 -1.364676
    1 10.295578 0.000000 0.000002 2.250418 0.131103 -0.080744
    2 16.981375 -5.884303 -10.737378 -0.818708 0.258249 -2.316667
    3 10.295582 0.000001 -0.000006 -0.719445 0.204566 0.124157
    4 1.149520 0.416502 1.414117 -1.807149 -0.217057 0.320005
    5 1.263885 0.000000 -0.000008 0.036277 0.064345 0.086008
    6 1.188939 -0.000002 0.000010 0.006352 0.000348 0.022002
    7 3.773755 0.133215 0.970575 0.009054 0.024879 0.295514
    8 1.433456 0.000000 0.000000 0.071979 -0.075635 1.233432
    9 1.019165 -0.000006 0.000001 0.138182 -0.094546 1.007280
    10 3.799514 0.014957 0.039959 -0.022889 0.068448 0.342619
    11 1.774878 0.000000 0.000000 0.094151 -0.003500 0.177004
    12 1.008844 -0.000004 0.000000 0.107514 -0.013591 0.213341
    13 3.632766 0.059052 -0.757493 0.035393 0.112269 0.366258
    14 1.500137 0.000002 0.000000 0.096943 0.074113 -0.058602
    15 0.905666 -0.000002 -0.000001 0.111648 0.049065 0.178628
    16 3.323331 0.233744 -1.479075 0.190585 0.186620 0.428639
    17 0.963100 0.000011 0.000000 0.050227 -0.061361 1.200553
    18 0.682894 -0.000006 -0.000001 0.077133 0.026822 0.539069
    19 1.149529 0.416498 -1.414117 1.703283 0.640074 0.389564
    20 1.263884 0.000001 0.000000 -0.004255 0.011266 0.479421
    21 1.188946 0.000000 0.000002 -0.007263 0.005872 0.215314
    22 3.773762 0.133217 -0.970574 0.067566 0.174545 0.221953
    23 1.433458 0.000004 0.000000 -0.028080 0.023094 0.621140
    24 1.019165 0.000011 0.000000 -0.028104 0.023094 0.620949
    25 3.799517 0.014957 -0.039958 -0.030084 -0.001574 0.446723
    26 1.774879 0.000004 0.000000 -0.015963 0.016874 0.625504
    27 1.008841 0.000004 0.000000 -0.015987 0.016862 0.625585
    28 3.632765 0.059053 0.757493 -0.302869 -0.130042 0.626812
    29 1.500135 0.000004 0.000000 -0.011086 0.013806 0.599658
    30 0.905668 0.000002 -0.000001 -0.011074 0.013902 0.599658
    31 3.323332 0.233744 1.479075 -0.464744 -0.367195 0.799117
    32 0.963099 0.000010 0.000000 -0.011182 0.016850 0.731387
    33 0.682898 -0.000002 0.000000 -0.010990 0.017258 0.743898
    34 16.981375 -5.884303 -10.737378 0.265381 0.258130 -2.316523
    35 -5.624768 -3.893291 -11.198319 -1.148958 -0.662826 -1.364862
    36 0.000000 3.992340 0.007782 1.570796 0.000000 -1.570796
    37 17.731010 -0.792993 2.867275 2.927446 0.341552 -3.101973
    38 -0.021929 2.029111 -0.137266 -1.570805 0.000001 0.000000
    39 0.019532 0.000000 0.007813 -0.009083 0.000000 0.000001
    40 0.002397 -0.669111 0.409449 0.635549 0.000000 0.000000
    41 -0.002402 -6.221447 0.929182 -0.496012 0.000000 0.000000
  time 89
    0 -5.890401 -3.987044 -11.065503 -1.895884 -0.659210 -1.390212
    1 10.295578 0.000000 0.000002 2.647820 0.235335 -0.210516
    2 16.981375 -5.884303 -10.737378 -0.818708 0.258249 -2.316667
    3 10.295582 0.000001 -0.000006 -0.719445 0.204566 0.124157
    4 1.149520 0.416502 1.414117 -1.795501 -0.227316 0.292762
    5 1.263885 0.000000 -0.000008 0.037404 0.062332 0.120514
    6 1.188939 -0.000002 0.000010 0.006352 0.000336 0.022919
    7 3.773755 0.133215 0.970575 0.011834 0.025190 0.275406
    8 1.433456 0.000000 0.000000 0.072591 -0.074808 1.222083
    9 1.019165 -0.000006 0.000001 0.137583 -0.094510 1.018307
    10 3.799514 0.014957 0.039959 -0.022917 0.068436 0.342059
    11 1.774878 0.000000 0.000000 0.094163 -0.003500 0.176435
    12 1.008844 -0.000004 0.000000 0.107514 -0.013591 0.213246
    13 3.632766 0.059052 -0.757493 0.035393 0.112365 0.365533
    14 1.500137 0.000002 0.000000 0.097399 0.073501 -0.054420
    15 0.905666 -0.000002 -0.000001 0.111624 0.049125 0.178199
    16 3.323331 0.233744 -1.479075 0.126443 0.248401 0.100422
    17 0.963100 0.000011 0.000000 0.073202 0.006783 0.672811
    18 0.682894 -0.000006 -0.000001 0.078259 0.022915 0.590242
    19 1.149529 0.416498 -1.414117 1.703595 0.639918 0.389672
    20 1.263884 0.000001 0.000000 -0.004255 0.011277 0.479507
    21 1.188946 0.000000 0.000002 -0.007167 0.005980 0.215384
    22 3.773762 0.133217 -0.970574 0.067973 0.174449 0.225002
    23 1.433458 0.000004 0.000000 -0.027720 0.023502 0.624109
    24 1.019165 0.000011 0.000000 -0.027732 0.023478 0.623915
    25 3.799517 0.014957 -0.039958 -0.030072 -0.001166 0.450071
    26 1.774879 0.000004 0.000000 -0.015928 0.017246 0.628476
    27 1.008841 0.000004 0.000000 -0.015940 0.017246 0.628557
    28 3.632765 0.059053 0.757493 -0.302977 -0.129132 0.629496
    29 1.500135 0.000004 0.000000 -0.010966 0.014118 0.602278
    30 0.905668 0.000002 -0.000001 -0.010966 0.014118 0.602315
    31 3.323332 0.233744 1.479075 -0.465501 -0.365900 0.801191
    32 0.963099 0.000010 0.000000 -0.011062 0.017138 0.733733
    33 0.682898 -0.000002 0.000000 -0.010786 0.017390 0.746042
    34 16.981375 -5.884303 -10.737378 0.265381 0.258130 -2.316523
    35 -5.890401 -3.987044 -11.065503 -0.824115 -0.659378 -1.390494
    36 0.000000 3.992340 0.007782 1.570796 0.000000 -1.570796
    37 17.160680 -0.273446 4.410291 2.562772 0.090043 -2.974744
    38 -0.021929 2.029111 -0.137266 -1.570805 0.000001 0.000000
    39 0.019532 0.000000 0.007813 0.000007 0.000000 0.000001
    40 0.002397 -0.669111 0.409449 0.205463 0.000000 0.000000
    41 -0.002402 -6.221447 0.929182 -0.729719 0.000000 0.000000
  time 90
    0 -6.187285 -3.998763 -10.971750 -1.904123 -0.645008 -1.421678
    1 10.295578 0.000000 0.000002 3.001847 0.220729 -0.220568
    2 16.981375 -5.884303 -10.737378 -0.818708 0.258249 -2.316667
    3 10.295582 0.000001 -0.000006 -0.719445 0.204566 0.124214
    4 1.149520 0.416502 1.414117 -1.786163 -0.234226 0.277307
    5 1.263885 0.000000 -0.000008 0.036649 0.061050 0.128580
    6 1.188939 -0.000002 0.000010 0.006352 0.000384 -0.007420
    7 3.773755 0.133215 0.970575 0.015321 0.025922 0.251311
    8 1.433456 0.000000 0.000000 0.073166 -0.073597 1.208247
    9 1.019165 -0.000006 0.000001 0.136504 -0.094487 1.031577
    10 3.799514 0.014957 0.039959 -0.022917 0.068436 0.341246
    11 1.774878 0.000000 0.000000 0.094163 -0.003488 0.175772
    12 1.008844 -0.000004 0.000000 0.107514 -0.013591 0.213246
    13 3.632766 0.059052 -0.757493 0.035393 0.112497 0.364586
    14 1.500137 0.000002 0.000000 0.097650 0.073178 -0.048922
    15 0.905666 -0.000002 -0.000001 0.111601 0.049209 0.177586
    16 3.323331 0.233744 -1.479075 0.104308 0.265276 -0.001700
    17 0.963100 0.000011 0.000000 0.075203 0.028332 0.509664
    18 0.682894 -0.000006 -0.000001 0.079446 0.019044 0.638351
    19 1.149529 0.416498 -1.414117 1.703811 0.639774 0.389768
    20 1.263884 0.000001 0.000000 -0.004195 0.011349 0.479575
    21 1.188946 0.000000 0.000002 -0.007059 0.006244 0.215453
    22 3.773762 0.133217 -0.970574 0.068681 0.174353 0.227893
    23 1.433458 0.000004 0.000000 -0.027601 0.023682 0.626692
    24 1.019165 0.000011 0.000000 -0.027601 0.023670 0.626839
    25 3.799517 0.014957 -0.039958 -0.030060 -0.000974 0.452570
    26 1.774879 0.000004 0.000000 -0.015892 0.017402 0.631285
    27 1.008841 0.000004 0.000000 -0.015892 0.017402 0.631366
    28 3.632765 0.059053 0.757493 -0.303420 -0.128065 0.632105
    29 1.500135 0.000004 0.000000 -0.010678 0.014250 0.605011
    30 0.905668 0.000002 -0.000001 -0.010678 0.014238 0.605011
    31 3.323332 0.233744 1.479075 -0.466185 -0.365026 0.803240
    32 0.963099 0.000010 0.000000 -0.010942 0.017258 0.736104
    33 0.682898 -0.000002 0.000000 -0.010558 0.017474 0.748085
    34 16.981375 -5.884303 -10.737378 0.265381 0.258130 -2.316523
    35 -6.187285 -3.998763 -10.971750 -0.616243 -0.645202 -1.421960
    36 0.000000 3.992340 0.007782 1.570796 0.000000 -1.570796
    37 17.301309 -0.335948 5.519700 2.293915 -0.145329 -2.895415
    38 -0.021929 2.029111 -0.137266 -1.570805 0.000001 0.000000
    39 0.019532 0.000000 0.007813 -0.000376 0.000000 0.000001
    40 0.002397 -0.669111 0.409449 -0.360024 0.000000 0.000000
    41 -0.002402 -6.221447 0.929182 -1.315687 0.000000 0.000000
  time 91
    0 -6.238068 -3.963606 -10.975656 -1.899818 -0.619614 -1.437172
    1 10.295578 0.000000 0.000002 3.120788 0.183122 -0.210953
    2 16.981375 -5.884303 -10.737378 -0.818708 0.258249 -2.316667
    3 10.295582 0.000001 -0.000006 -0.719445 0.204566 0.124214
    4 1.149520 0.416502 1.414117 -1.784148 -0.250155 0.287900
    5 1.263885 0.000000 -0.000008 0.036158 0.060714 0.128934
    6 1.188939 -0.000002 0.000010 0.006340 0.000467 -0.024056
    7 3.773755 0.133215 0.970575 0.019168 0.026700 0.224939
    8 1.433456 0.000000 0.000000 0.073645 -0.072627 1.193055
    9 1.019165 -0.000006 0.000001 0.135558 -0.094223 1.046454
    10 3.799514 0.014957 0.039959 -0.022917 0.068424 0.340432
    11 1.774878 0.000000 0.000000 0.094175 -0.003464 0.174871
    12 1.008844 -0.000004 0.000000 0.107514 -0.013591 0.213246
    13 3.632766 0.059052 -0.757493 0.035380 0.112809 0.363694
    14 1.500137 0.000002 0.000000 0.098286 0.072531 -0.042390
    15 0.905666 -0.000002 -0.000001 0.111601 0.049293 0.176881
    16 3.323331 0.233744 -1.479075 0.107951 0.262557 0.014002
    17 0.963100 0.000011 0.000000 0.075024 0.025311 0.535243
    18 0.682894 -0.000006 -0.000001 0.079710 0.017498 0.657656
    19 1.149529 0.416498 -1.414117 1.703978 0.639438 0.389840
    20 1.263884 0.000001 0.000000 -0.004111 0.011433 0.479661
    21 1.188946 0.000000 0.000002 -0.006783 0.006352 0.215522
    22 3.773762 0.133217 -0.970574 0.069292 0.174089 0.230690
    23 1.433458 0.000004 0.000000 -0.027589 0.023718 0.629791
    24 1.019165 0.000011 0.000000 -0.027589 0.023718 0.629590
    25 3.799517 0.014957 -0.039958 -0.030024 -0.000854 0.455518
    26 1.774879 0.000004 0.000000 -0.015772 0.017486 0.633931
    27 1.008841 0.000004 0.000000 -0.015772 0.017486 0.634012
    28 3.632765 0.059053 0.757493 -0.303672 -0.127238 0.634527
    29 1.500135 0.000004 0.000000 -0.010570 0.014370 0.607783
    30 0.905668 0.000002 -0.000001 -0.010570 0.014358 0.607745
    31 3.323332 0.233744 1.479075 -0.466796 -0.364079 0.805288
    32 0.963099 0.000010 0.000000 -0.010642 0.017378 0.738021
    33 0.682898 -0.000002 0.000000 -0.010499 0.017498 0.750002
    34 16.981375 -5.884303 -10.737378 0.265381 0.258130 -2.316523
    35 -6.238068 -3.963606 -10.975656 -0.553505 -0.619723 -1.437167
    36 0.000000 3.992340 0.007782 1.570796 0.000000 -1.570796
    37 17.625538 -0.621113 5.754082 2.194362 -0.241674 -2.871938
    38 -0.021929 2.029111 -0.137266 -1.570805 0.000001 0.000000
    39 0.019532 0.000000 0.007813 -0.263601 0.000000 0.000001
    40 0.002397 -0.669111 0.409449 -0.766513 0.000000 0.000000
    41 -0.002402 -6.221447 0.929182 -1.478178 0.000000 0.000000
  time 92
    0 -6.156034 -3.932355 -11.034252 -1.889352 -0.588012 -1.442145
    1 10.295578 0.000000 0.000002 2.909777 0.127415 -0.182264
    2 16.981375 -5.884303 -10.737378 -0.818708 0.258249 -2.316667
    3 10.295582 0.000001 -0.000006 -0.719445 0.204566 0.124214
    4 1.149520 0.416502 1.414117 -1.788989 -0.274323 0.318755
    5 1.263885 0.000000 -0.000008 0.036158 0.060918 0.126652
    6 1.188939 -0.000002 0.000010 0.006340 0.000467 -0.023506
    7 3.773755 0.133215 0.970575 0.023226 0.027899 0.197077
    8 1.433456 0.000000 0.000000 0.074352 -0.071236 1.177139
    9 1.019165 -0.000006 0.000001 0.134144 -0.093624 1.062789
    10 3.799514 0.014957 0.039959 -0.022917 0.068424 0.339618
    11 1.774878 0.000000 0.000000 0.094175 -0.003392 0.174160
    12 1.008844 -0.000004 0.000000 0.107514 -0.013591 0.213246
    13 3.632766 0.059052 -0.757493 0.035380 0.112905 0.362969
    14 1.500137 0.000002 0.000000 0.098885 0.071728 -0.034307
    15 0.905666 -0.000002 -0.000001 0.111601 0.049341 0.176513
    16 3.323331 0.233744 -1.479075 0.107951 0.262557 0.014002
    17 0.963100 0.000011 0.000000 0.075024 0.025311 0.535243
    18 0.682894 -0.000006 -0.000001 0.078164 0.023574 0.582275
    19 1.149529 0.416498 -1.414117 1.704002 0.639331 0.389852
    20 1.263884 0.000001 0.000000 -0.004039 0.011721 0.479729
    21 1.188946 0.000000 0.000002 -0.006687 0.006448 0.215615
    22 3.773762 0.133217 -0.970574 0.069639 0.174005 0.233362
    23 1.433458 0.000004 0.000000 -0.027481 0.023825 0.631986
    24 1.019165 0.000011 0.000000 -0.027445 0.023849 0.632170
    25 3.799517 0.014957 -0.039958 -0.029940 -0.000807 0.458067
    26 1.774879 0.000004 0.000000 -0.015652 0.017498 0.636455
    27 1.008841 0.000004 0.000000 -0.015652 0.017498 0.636536
    28 3.632765 0.059053 0.757493 -0.303768 -0.126459 0.636764
    29 1.500135 0.000004 0.000000 -0.010499 0.014382 0.610213
    30 0.905668 0.000002 -0.000001 -0.010499 0.014382 0.610175
    31 3.323332 0.233744 1.479075 -0.467349 -0.363168 0.806824
    32 0.963099 0.000010 0.000000 -0.010534 0.017462 0.739963
    33 0.682898 -0.000002 0.000000 -0.010475 0.017509 0.751692
    34 16.981375 -5.884303 -10.737378 0.265381 0.258130 -2.316523
    35 -6.156034 -3.932355 -11.034252 -0.555046 -0.588785 -1.442236
    36 0.000000 3.992340 0.007782 1.570796 0.000000 -1.570796
    37 18.043519 -0.972686 5.109531 2.386472 -0.157647 -2.964899
    38 -0.021929 2.029111 -0.137266 -1.570805 0.000001 0.000000
    39 0.019532 0.000000 0.007813 -1.111547 0.000000 0.000001
    40 0.002397 -0.669111 0.409449 -1.012956 0.000000 0.000000
    41 -0.002402 -6.221447 0.929182 -1.353204 0.000000 0.000000
  time 93
    0 -6.046656 -3.901104 -11.096754 -1.877773 -0.554341 -1.444058
    1 10.295578 0.000000 0.000002 2.415326 0.055889 -0.142430
    2 16.981375 -5.884303 -10.737378 -0.818708 0.258249 -2.316667
    3 10.295582 0.000001 -0.000006 -0.719445 0.204566 0.124214
    4 1.149520 0.416502 1.414117 -1.797516 -0.303842 0.372372
    5 1.263885 0.000000 -0.000008 0.036169 0.060271 0.134108
    6 1.188939 -0.000002 0.000010 0.006340 0.000455 -0.018282
    7 3.773755 0.133215 0.970575 0.027284 0.029026 0.169303
    8 1.433456 0.000000 0.000000 0.075095 -0.070218 1.161178
    9 1.019165 -0.000006 0.000001 0.132586 -0.092665 1.079273
    10 3.799514 0.014957 0.039959 -0.022917 0.068424 0.339059
    11 1.774878 0.000000 0.000000 0.094175 -0.003332 0.173591
    12 1.008844 -0.000004 0.000000 0.107514 -0.013591 0.213246
    13 3.632766 0.059052 -0.757493 0.035393 0.112928 0.362356
    14 1.500137 0.000002 0.000000 0.099556 0.070817 -0.024815
    15 0.905666 -0.000002 -0.000001 0.111601 0.049353 0.176360
    16 3.323331 0.233744 -1.479075 0.121470 0.253142 0.069897
    17 0.963100 0.000011 0.000000 0.074245 0.014370 0.627841
    18 0.682894 -0.000006 -0.000001 0.074952 0.032430 0.464651
    19 1.149529 0.416498 -1.414117 1.704182 0.639283 0.389923
    20 1.263884 0.000001 0.000000 -0.003955 0.011805 0.479815
    21 1.188946 0.000000 0.000002 -0.006604 0.006544 0.215684
    22 3.773762 0.133217 -0.970574 0.070251 0.173958 0.235876
    23 1.433458 0.000004 0.000000 -0.027349 0.024209 0.634827
    24 1.019165 0.000011 0.000000 -0.027313 0.024221 0.634621
    25 3.799517 0.014957 -0.039958 -0.029856 -0.000567 0.460166
    26 1.774879 0.000004 0.000000 -0.015400 0.017605 0.638857
    27 1.008841 0.000004 0.000000 -0.015436 0.017593 0.638938
    28 3.632765 0.059053 0.757493 -0.303935 -0.125704 0.638888
    29 1.500135 0.000004 0.000000 -0.010463 0.014477 0.612415
    30 0.905668 0.000002 -0.000001 -0.010463 0.014477 0.612415
    31 3.323332 0.233744 1.479075 -0.467902 -0.362353 0.808386
    32 0.963099 0.000010 0.000000 -0.010499 0.017498 0.741653
    33 0.682898 -0.000002 0.000000 -0.010439 0.017605 0.753256
    34 16.981375 -5.884303 -10.737378 0.265381 0.258130 -2.316523
    35 -6.046656 -3.901104 -11.096754 -0.892461 -0.555452 -1.442523
    36 0.000000 3.992340 0.007782 1.570796 0.000000 -1.570796
    37 18.609943 -1.691458 3.851680 2.817545 0.114201 -3.047636
    38 -0.021929 2.029111 -0.137266 -1.570805 0.000001 0.000000
    39 0.019532 0.000000 0.007813 -1.954421 0.000000 0.000001
    40 0.002397 -0.669111 0.409449 -1.024374 0.000000 0.000000
    41 -0.002402 -6.221447 0.929182 -1.319925 0.000000 0.000000
  time 94
    0 -5.921652 -3.869853 -11.135818 -1.866713 -0.521893 -1.444345
    1 10.295578 0.000000 0.000002 1.802888 -0.017457 -0.096665
    2 16.981375 -5.884303 -10.737378 -0.818708 0.258249 -2.316667
    3 10.295582 0.000001 -0.000006 -0.719445 0.204566 0.124214
    4 1.149520 0.416502 1.414117 -1.811941 -0.267962 0.476265
    5 1.263885 0.000000 -0.000008 0.036589 0.058629 0.157125
    6 1.188939 -0.000002 0.000010 0.006352 0.000431 -0.010216
    7 3.773755 0.133215 0.970575 0.031218 0.030560 0.143062
    8 1.433456 0.000000 0.000000 0.075886 -0.068863 1.146031
    9 1.019165 -0.000006 0.000001 0.131028 -0.091383 1.095944
    10 3.799514 0.014957 0.039959 -0.023182 0.068424 0.338601
    11 1.774878 0.000000 0.000000 0.094175 -0.003308 0.173070
    12 1.008844 -0.000004 0.000000 0.107514 -0.013579 0.213246
    13 3.632766 0.059052 -0.757493 0.035393 0.112928 0.362245
    14 1.500137 0.000002 0.000000 0.100203 0.069607 -0.014054
    15 0.905666 -0.000002 -0.000001 0.111601 0.049353 0.176360
    16 3.323331 0.233744 -1.479075 0.191196 0.191736 0.388681
    17 0.963100 0.000011 0.000000 0.054230 -0.047914 1.154930
    18 0.682894 -0.000006 -0.000001 0.070362 0.041491 0.343700
    19 1.149529 0.416498 -1.414117 1.704530 0.639127 0.390031
    20 1.263884 0.000001 0.000000 -0.003655 0.011877 0.479901
    21 1.188946 0.000000 0.000002 -0.006604 0.006568 0.215799
    22 3.773762 0.133217 -0.970574 0.070802 0.173958 0.238202
    23 1.433458 0.000004 0.000000 -0.027013 0.024389 0.637194
    24 1.019165 0.000011 0.000000 -0.026965 0.024389 0.636942
    25 3.799517 0.014957 -0.039958 -0.029772 -0.000279 0.462414
    26 1.774879 0.000004 0.000000 -0.015208 0.017929 0.641096
    27 1.008841 0.000004 0.000000 -0.015232 0.017929 0.641177
    28 3.632765 0.059053 0.757493 -0.304295 -0.125093 0.640826
    29 1.500135 0.000004 0.000000 -0.010403 0.014789 0.614237
    30 0.905668 0.000002 -0.000001 -0.010403 0.014693 0.614237
    31 3.323332 0.233744 1.479075 -0.468368 -0.361622 0.809922
    32 0.963099 0.000010 0.000000 -0.010475 0.017569 0.743116
    33 0.682898 -0.000002 0.000000 -0.010367 0.017773 0.754618
    34 16.981375 -5.884303 -10.737378 0.265381 0.258130 -2.316523
    35 -5.921652 -3.869853 -11.135818 -1.572653 -0.521640 -1.441949
    36 0.000000 3.992340 0.007782 1.570796 0.000000 -1.570796
    37 19.375591 -2.984466 2.625080 3.394737 0.411734 -2.910845
    38 -0.021929 2.029111 -0.137266 -1.570805 0.000001 0.000000
    39 0.019532 0.000000 0.007813 -2.283190 0.000000 0.000001
    40 0.002397 -0.669111 0.409449 -1.373296 0.000000 0.000000
    41 -0.002402 -6.221447 0.929182 -1.371123 0.000000 0.000000
  time 95
    0 -5.812273 -3.850321 -11.190507 -1.856767 -0.490197 -1.444058
    1 10.295578 0.000000 0.000002 1.176743 -0.084349 -0.050775
    2 16.981375 -5.884303 -10.737378 -0.818708 0.258249 -2.316667
    3 10.295582 0.000001 -0.000006 -0.719445 0.204566 0.124214
    4 1.149520 0.416502 1.414117 -1.815283 -0.257455 0.526921
    5 1.263885 0.000000 -0.000008 0.035990 0.057358 0.168181
    6 1.188939 -0.000002 0.000010 0.006340 0.000551 -0.027081
    7 3.773755 0.133215 0.970575 0.034792 0.032285 0.119799
    8 1.433456 0.000000 0.000000 0.076713 -0.067989 1.132466
    9 1.019165 -0.000006 0.000001 0.129182 -0.089789 1.111457
    10 3.799514 0.014957 0.039959 -0.023210 0.068424 0.338398
    11 1.774878 0.000000 0.000000 0.094175 -0.003308 0.172928
    12 1.008844 -0.000004 0.000000 0.107514 -0.013579 0.213246
    13 3.632766 0.059052 -0.757493 0.035393 0.112928 0.362468
    14 1.500137 0.000002 0.000000 0.101150 0.068540 -0.002165
    15 0.905666 -0.000002 -0.000001 0.111601 0.049353 0.176360
    16 3.323331 0.233744 -1.479075 0.215752 0.161870 0.515937
    17 0.963100 0.000011 0.000000 0.038147 -0.070445 1.375901
    18 0.682894 -0.000006 -0.000001 0.065568 0.048645 0.236232
    19 1.149529 0.416498 -1.414117 1.704698 0.638887 0.390307
    20 1.263884 0.000001 0.000000 -0.003583 0.011949 0.479987
    21 1.188946 0.000000 0.000002 -0.006556 0.006604 0.215892
    22 3.773762 0.133217 -0.970574 0.071041 0.173934 0.240433
    23 1.433458 0.000004 0.000000 -0.026869 0.024497 0.639303
    24 1.019165 0.000011 0.000000 -0.026857 0.024485 0.639092
    25 3.799517 0.014957 -0.039958 -0.029496 -0.000135 0.464364
    26 1.774879 0.000004 0.000000 -0.015161 0.018061 0.643172
    27 1.008841 0.000004 0.000000 -0.015161 0.018061 0.643253
    28 3.632765 0.059053 0.757493 -0.304463 -0.124542 0.642615
    29 1.500135 0.000004 0.000000 -0.010295 0.014921 0.616326
    30 0.905668 0.000002 -0.000001 -0.010295 0.014909 0.616326
    31 3.323332 0.233744 1.479075 -0.468790 -0.360963 0.811243
    32 0.963099 0.000010 0.000000 -0.010415 0.017665 0.744453
    33 0.682898 -0.000002 0.000000 -0.010283 0.017965 0.755854
    34 16.981375 -5.884303 -10.737378 0.265381 0.258130 -2.316523
    35 -5.812273 -3.850321 -11.190507 -2.350095 -0.490127 -1.442236
    36 0.000000 3.992340 0.007782 1.570796 0.000000 -1.570796
    37 20.184210 -4.640767 1.964904 4.105591 0.520969 -2.503787
    38 -0.021929 2.029111 -0.137266 -1.570805 0.000001 0.000000
    39 0.019532 0.000000 0.007813 -2.217264 0.000000 0.000001
    40 0.002397 -0.669111 0.409449 -1.412974 0.000000 0.000000
    41 -0.002402 -6.221447 0.929182 -2.320136 0.000000 0.000000
  time 96
    0 -5.718521 -3.830789 -11.225664 -1.848973 -0.461887 -1.444345
    1 10.295578 0.000000 0.000002 0.646896 -0.137120 -0.012096
    2 16.981375 -5.884303 -10.737378 -0.818708 0.258249 -2.316667
    3 10.295582 0.000001 -0.000006 -0.719445 0.204566 0.124214
    4 1.149520 0.416502 1.414117 -1.805699 -0.309122 0.461353
    5 1.263885 0.000000 -0.000008 0.034600 0.057119 0.166194
    6 1.188939 -0.000002 0.000010 0.006328 0.000935 -0.063652
    7 3.773755 0.133215 0.970575 0.037845 0.034478 0.100568
    8 1.433456 0.000000 0.000000 0.077540 -0.067066 1.121253
    9 1.019165 -0.000006 0.000001 0.127157 -0.087488 1.125811
    10 3.799514 0.014957 0.039959 -0.023210 0.068424 0.338500
    11 1.774878 0.000000 0.000000 0.094175 -0.003308 0.173070
    12 1.008844 -0.000004 0.000000 0.107514 -0.013579 0.213246
    13 3.632766 0.059052 -0.757493 0.035380 0.112905 0.363136
    14 1.500137 0.000002 0.000000 0.102013 0.067222 0.010711
    15 0.905666 -0.000002 -0.000001 0.111601 0.049257 0.176697
    16 3.323331 0.233744 -1.479075 0.187301 0.192861 0.350071
    17 0.963100 0.000011 0.000000 0.052636 -0.049508 1.155845
    18 0.682894 -0.000006 -0.000001 0.061757 0.053379 0.161420
    19 1.149529 0.416498 -1.414117 1.704746 0.638611 0.390403
    20 1.263884 0.000001 0.000000 -0.003500 0.012033 0.480072
    21 1.188946 0.000000 0.000002 -0.006460 0.006699 0.216007
    22 3.773762 0.133217 -0.970574 0.071629 0.173886 0.242445
    23 1.433458 0.000004 0.000000 -0.026822 0.024497 0.641283
    24 1.019165 0.000011 0.000000 -0.026810 0.024497 0.641070
    25 3.799517 0.014957 -0.039958 -0.029424 -0.000063 0.466263
    26 1.774879 0.000004 0.000000 -0.015137 0.018181 0.645167
    27 1.008841 0.000004 0.000000 -0.015137 0.018181 0.645207
    28 3.632765 0.059053 0.757493 -0.304535 -0.123858 0.644292
    29 1.500135 0.000004 0.000000 -0.010199 0.015029 0.617806
    30 0.905668 0.000002 -0.000001 -0.010199 0.015017 0.617806
    31 3.323332 0.233744 1.479075 -0.469110 -0.360364 0.812456
    32 0.963099 0.000010 0.000000 -0.010331 0.017917 0.745588
    33 0.682898 -0.000002 0.000000 -0.010199 0.018061 0.756989
    34 16.981375 -5.884303 -10.737378 0.265381 0.258130 -2.316523
    35 -5.718521 -3.830789 -11.225664 -2.971740 -0.462158 -1.444149
    36 0.000000 3.992340 0.007782 1.570796 0.000000 -1.570796
    37 20.793603 -6.082217 1.976623 4.603161 0.356352 -2.354501
    38 -0.021929 2.029111 -0.137266 -1.570805 0.000001 0.000000
    39 0.019532 0.000000 0.007813 -1.833191 0.000000 0.000001
    40 0.002397 -0.669111 0.409449 -1.250645 0.000000 0.000000
    41 -0.002402 -6.221447 0.929182 -2.945928 0.000000 0.000000
  time 97
    0 -5.667738 -3.819070 -11.249102 -1.844371 -0.440537 -1.446162
    1 10.295578 0.000000 0.000002 0.349339 -0.168030 0.009569
    2 16.981375 -5.903835 -10.737378 -0.817784 0.256331 -2.316310
    3 10.295582 0.000001 -0.000006 -0.718742 0.203327 0.123280
    4 1.149520 0.416502 1.414117 -1.789235 -0.339758 0.399018
    5 1.263885 0.000000 -0.000008 0.033054 0.054051 0.168437
    6 1.188939 -0.000002 0.000010 0.006340 0.000563 -0.037438
    7 3.773755 0.133215 0.970575 0.039905 0.037259 0.087819
    8 1.433456 0.000000 0.000000 0.078583 -0.066419 1.113657
    9 1.019165 -0.000006 0.000001 0.125359 -0.084923 1.137585
    10 3.799514 0.014957 0.039959 -0.023154 0.068436 0.339110
    11 1.774878 0.000000 0.000000 0.094175 -0.003332 0.173639
    12 1.008844 -0.000004 0.000000 0.107514 -0.013579 0.213246
    13 3.632766 0.059052 -0.757493 0.035393 0.112473 0.364586
    14 1.500137 0.000002 0.000000 0.103008 0.065688 0.025138
    15 0.905666 -0.000002 -0.000001 0.111636 0.049173 0.177586
    16 3.323331 0.233744 -1.479075 0.147884 0.227910 0.151746
    17 0.963100 0.000011 0.000000 0.065472 -0.023334 0.884370
    18 0.682894 -0.000006 -0.000001 0.063375 0.051546 0.194120
    19 1.149529 0.416498 -1.414117 1.704877 0.638540 0.390511
    20 1.263884 0.000001 0.000000 -0.003500 0.012033 0.480158
    21 1.188946 0.000000 0.000002 -0.006352 0.006903 0.216146
    22 3.773762 0.133217 -0.970574 0.071809 0.173814 0.244267
    23 1.433458 0.000004 0.000000 -0.026810 0.024616 0.643091
    24 1.019165 0.000011 0.000000 -0.026810 0.024628 0.642875
    25 3.799517 0.014957 -0.039958 -0.029364 -0.000051 0.468062
    26 1.774879 0.000004 0.000000 -0.015089 0.018265 0.646836
    27 1.008841 0.000004 0.000000 -0.015089 0.018265 0.646917
    28 3.632765 0.059053 0.757493 -0.304547 -0.123307 0.645671
    29 1.500135 0.000004 0.000000 -0.010007 0.015125 0.619553
    30 0.905668 0.000002 -0.000001 -0.009983 0.015125 0.619553
    31 3.323332 0.233744 1.479075 -0.469372 -0.360004 0.812995
    32 0.963099 0.000010 0.000000 -0.010247 0.017989 0.746622
    33 0.682898 -0.000002 0.000000 -0.010031 0.018145 0.757771
    34 16.981375 -5.903835 -10.737378 0.266506 0.256230 -2.316309
    35 -5.667738 -3.819070 -11.249102 -3.147997 -0.441277 -1.446253
    36 0.000000 3.992340 0.007782 1.570796 0.000000 -1.570796
    37 20.934233 -6.711142 2.429762 -1.511872 0.300493 -2.450207
    38 -0.021929 2.029111 -0.137266 -1.570805 0.000001 0.000000
    39 0.019532 0.000000 0.007813 -0.739817 0.000000 0.000001
    40 0.002397 -0.669111 0.409449 -0.566028 0.000000 0.000000
    41 -0.002402 -6.221447 0.929182 -2.839797 0.000000 0.000000
  time 98
    0 -5.656019 -3.807351 -11.256915 -1.841773 -0.424548 -1.449701
    1 10.295578 0.000000 0.000002 0.215735 -0.181545 0.024335
    2 16.918873 -6.071809 -10.713940 -0.809347 0.240317 -2.314526
    3 10.295582 0.000001 -0.000006 -0.712570 0.192864 0.116094
    4 1.149520 0.416502 1.414117 -1.791692 -0.454680 0.418900
    5 1.263885 0.000000 -0.000008 0.030824 0.049185 0.176129
    6 1.188939 -0.000002 0.000010 0.006364 0.000276 0.035751
    7 3.773755 0.133215 0.970575 0.041034 0.040411 0.082124
    8 1.433456 0.000000 0.000000 0.079458 -0.065867 1.109678
    9 1.019165 -0.000006 0.000001 0.123250 -0.081411 1.146706
    10 3.799514 0.014957 0.039959 -0.022917 0.068436 0.340025
    11 1.774878 0.000000 0.000000 0.094175 -0.003428 0.174634
    12 1.008844 -0.000004 0.000000 0.107514 -0.013603 0.213341
    13 3.632766 0.059052 -0.757493 0.034836 0.096809 0.483695
    14 1.500137 0.000002 0.000000 0.107682 0.057322 0.101829
    15 0.905666 -0.000002 -0.000001 0.114717 0.041479 0.245264
    16 3.323331 0.233744 -1.479075 0.148051 0.193102 0.334662
    17 0.963100 0.000011 0.000000 0.069607 -0.001079 0.680349
    18 0.682894 -0.000006 -0.000001 0.078104 0.023993 0.575971
    19 1.149529 0.416498 -1.414117 1.705201 0.638456 0.390595
    20 1.263884 0.000001 0.000000 -0.003488 0.012045 0.480261
    21 1.188946 0.000000 0.000002 -0.006256 0.007083 0.216285
    22 3.773762 0.133217 -0.970574 0.072312 0.173754 0.245996
    23 1.433458 0.000004 0.000000 -0.026726 0.024952 0.644554
    24 1.019165 0.000011 0.000000 -0.026738 0.024940 0.644509
    25 3.799517 0.014957 -0.039958 -0.029316 0.000056 0.469911
    26 1.774879 0.000004 0.000000 -0.015005 0.018265 0.648383
    27 1.008841 0.000004 0.000000 -0.015005 0.018277 0.648464
    28 3.632765 0.059053 0.757493 -0.304642 -0.123032 0.646864
    29 1.500135 0.000004 0.000000 -0.009815 0.015149 0.620806
    30 0.905668 0.000002 -0.000001 -0.009815 0.015137 0.620768
    31 3.323332 0.233744 1.479075 -0.469561 -0.359585 0.813776
    32 0.963099 0.000010 0.000000 -0.010175 0.018049 0.747177
    33 0.682898 -0.000002 0.000000 -0.009851 0.018217 0.758452
    34 16.918873 -6.071809 -10.713940 0.274756 0.240291 -2.314382
    35 -5.656019 -3.807351 -11.256915 -3.133268 -0.425281 -1.449696
    36 0.000000 3.992340 0.007782 1.570796 0.000000 -1.570796
    37 20.746727 -6.961150 3.257912 -1.560546 0.126805 -2.441119
    38 -0.021929 2.029111 -0.137266 -1.570805 0.000001 0.000000
    39 0.019532 0.000000 0.007813 0.000007 0.000000 0.000001
    40 0.002397 -0.669111 0.409449 0.171589 0.000000 0.000000
    41 -0.002402 -6.221447 0.929182 -2.942067 0.000000 0.000000
  time 99
    0 -5.667738 -3.795632 -11.260821 -1.840734 -0.413544 -1.454483
    1 10.295578 0.000000 0.000002 0.171473 -0.184141 0.036822
    2 16.793869 -6.427289 -10.678782 -0.791180 0.207691 -2.310958
    3 10.295582 0.000001 -0.000006 -0.700149 0.169191 0.098405
    4 1.149520 0.416502 1.414117 -1.812162 -0.596675 0.470507
    5 1.263885 0.000000 -0.000008 0.028511 0.043324 0.185100
    6 1.188939 -0.000002 0.000010 0.006352 -0.000216 0.122688
    7 3.773755 0.133215 0.970575 0.043206 0.053630 0.241060
    8 1.433456 0.000000 0.000000 0.080548 -0.061097 1.143499
    9 1.019165 -0.000006 0.000001 0.120565 -0.070362 1.154032
    10 3.799514 0.014957 0.039959 -0.022917 0.068436 0.341551
    11 1.774878 0.000000 0.000000 0.094163 -0.003500 0.176103
    12 1.008844 -0.000004 0.000000 0.107502 -0.013603 0.213674
    13 3.632766 0.059052 -0.757493 0.024920 0.034381 0.988279
    14 1.500137 0.000002 0.000000 0.119367 0.025276 0.381293
    15 0.905666 -0.000002 -0.000001 0.121739 0.007191 0.531425
    16 3.323331 0.233744 -1.479075 0.138859 0.004906 1.247190
    17 0.963100 0.000011 0.000000 0.067234 0.032958 0.365124
    18 0.682894 -0.000006 -0.000001 0.078823 -0.021381 1.141284
    19 1.149529 0.416498 -1.414117 1.705369 0.638288 0.390631
    20 1.263884 0.000001 0.000000 -0.003488 0.012045 0.480347
    21 1.188946 0.000000 0.000002 -0.005968 0.007179 0.216446
    22 3.773762 0.133217 -0.970574 0.072576 0.173706 0.247505
    23 1.433458 0.000004 0.000000 -0.026606 0.025072 0.646276
    24 1.019165 0.000011 0.000000 -0.026606 0.025060 0.646057
    25 3.799517 0.014957 -0.039958 -0.029305 0.000368 0.471210
    26 1.774879 0.000004 0.000000 -0.014921 0.018288 0.649767
    27 1.008841 0.000004 0.000000 -0.014921 0.018277 0.649726
    28 3.632765 0.059053 0.757493 -0.304738 -0.122480 0.647907
    29 1.500135 0.000004 0.000000 -0.009767 0.015161 0.621907
    30 0.905668 0.000002 -0.000001 -0.009767 0.015161 0.621869
    31 3.323332 0.233744 1.479075 -0.469765 -0.359333 0.814288
    32 0.963099 0.000010 0.000000 -0.010115 0.018109 0.747858
    33 0.682898 -0.000002 0.000000 -0.009791 0.018253 0.759133
    34 16.793869 -6.427289 -10.678782 0.292944 0.207633 -2.311028
    35 -5.667738 -3.795632 -11.260821 -3.120696 -0.413212 -1.454191
    36 0.000000 3.992340 0.007782 1.570796 0.000000 -1.570796
    37 20.359996 -7.047090 3.277444 -1.562654 0.022344 -2.180507
    38 -0.021929 2.029111 -0.137266 -1.570805 0.000001 0.000000
    39 0.019532 0.000000 0.007813 0.000007 0.000000 0.000001
    40 0.002397 -0.669111 0.409449 1.322640 0.000000 0.000000
    41 -0.002402 -6.221447 0.929182 -2.916762 0.000000 0.000000
  time 100
    0 -5.698989 -3.776100 -11.260821 -1.840734 -0.404985 -1.459074
    1 10.295578 0.000000 0.000002 0.190569 -0.177760 0.047124
    2 16.606363 -6.919491 -10.608468 -0.765992 0.164698 -2.306248
    3 10.295582 0.000001 -0.000006 -0.684094 0.132692 0.068918
    4 1.149520 0.416502 1.414117 -1.810614 -0.605854 0.483517
    5 1.263885 0.000000 -0.000008 0.026066 0.037044 0.194897
    6 1.188939 -0.000002 0.000010 0.006304 -0.000659 0.219295
    7 3.773755 0.133215 0.970575 0.054958 0.074315 0.763254
    8 1.433456 0.000000 0.000000 0.082058 -0.046033 1.255497
    9 1.019165 -0.000006 0.000001 0.116047 -0.042042 1.162181
    10 3.799514 0.014957 0.039959 -0.007882 0.071588 0.555295
    11 1.774878 0.000000 0.000000 0.091311 -0.022939 0.385087
    12 1.008844 -0.000004 0.000000 0.106939 -0.017402 0.247638
    13 3.632766 0.059052 -0.757493 -0.001916 -0.030491 1.634101
    14 1.500137 0.000002 0.000000 0.120901 -0.016802 0.729976
    15 0.905666 -0.000002 -0.000001 0.116263 -0.036901 0.896912
    16 3.323331 0.233744 -1.479075 0.059018 -0.114598 1.951257
    17 0.963100 0.000011 0.000000 0.060462 0.054818 0.140231
    18 0.682894 -0.000006 -0.000001 0.068037 -0.045170 1.459530
    19 1.149529 0.416498 -1.414117 1.705513 0.637928 0.390631
    20 1.263884 0.000001 0.000000 -0.003440 0.012104 0.480450
    21 1.188946 0.000000 0.000002 -0.005860 0.007287 0.216631
    22 3.773762 0.133217 -0.970574 0.072659 0.173658 0.248793
    23 1.433458 0.000004 0.000000 -0.026486 0.025192 0.647567
    24 1.019165 0.000011 0.000000 -0.026498 0.025180 0.647347
    25 3.799517 0.014957 -0.039958 -0.029293 0.000488 0.472160
    26 1.774879 0.000004 0.000000 -0.014837 0.018384 0.650907
    27 1.008841 0.000004 0.000000 -0.014837 0.018372 0.650947
    28 3.632765 0.059053 0.757493 -0.305002 -0.122288 0.648727
    29 1.500135 0.000004 0.000000 -0.009720 0.015161 0.622514
    30 0.905668 0.000002 -0.000001 -0.009720 0.015161 0.622514
    31 3.323332 0.233744 1.479075 -0.469823 -0.359117 0.814531
    32 0.963099 0.000010 0.000000 -0.009875 0.018205 0.748085
    33 0.682898 -0.000002 0.000000 -0.009731 0.018265 0.759234
    34 16.606363 -6.919491 -10.608468 0.318444 0.164590 -2.306318
    35 -5.698989 -3.776100 -11.260821 -3.109911 -0.404783 -1.459260
    36 0.000000 3.992340 0.007782 1.570796 0.000000 -1.570796
    37 20.063112 -7.140843 3.312601 -1.553360 0.024922 -1.770609
    38 -0.021929 2.029111 -0.137266 -1.570805 0.000001 0.000000
    39 0.019532 0.000000 0.007813 0.000007 0.000000 0.000001
    40 0.002397 -0.669111 0.409449 1.570796 0.000000 0.000000
    41 -0.002402 -6.221447 0.929182 -1.745080 0.000000 0.000000
  time 101
    0 -5.730240 -3.764381 -11.260821 -1.841402 -0.399624 -1.464525
    1 10.295578 0.000000 0.000002 0.248812 -0.163712 0.054023
    2 16.348543 -7.552323 -10.460026 -0.736247 0.118302 -2.300325
    3 10.295582 0.000001 -0.000006 -0.666946 0.082488 0.024772
    4 1.149520 0.416502 1.414117 -1.789161 -0.558705 0.468334
    5 1.263885 0.000000 -0.000008 0.023718 0.030657 0.205225
    6 1.188939 -0.000002 0.000010 0.006124 -0.001234 0.322043
    7 3.773755 0.133215 0.970575 0.063893 0.069509 1.282293
    8 1.433456 0.000000 0.000000 0.082238 -0.030681 1.366772
    9 1.019165 -0.000006 0.000001 0.112332 -0.015161 1.167938
    10 3.799514 0.014957 0.039959 0.032282 0.064529 1.132399
    11 1.774878 0.000000 0.000000 0.064705 -0.068492 0.950749
    12 1.008844 -0.000004 0.000000 0.104793 -0.026965 0.339207
    13 3.632766 0.059052 -0.757493 -0.011547 -0.048840 1.869198
    14 1.500137 0.000002 0.000000 0.117785 -0.032119 0.854881
    15 0.905666 -0.000002 -0.000001 0.110474 -0.051989 1.029571
    16 3.323331 0.233744 -1.479075 0.059018 -0.114598 1.951257
    17 0.963100 0.000011 0.000000 0.060462 0.054818 0.140231
    18 0.682894 -0.000006 -0.000001 0.068037 -0.045170 1.459530
    19 1.149529 0.416498 -1.414117 1.705548 0.637808 0.390714
    20 1.263884 0.000001 0.000000 -0.003380 0.012152 0.480553
    21 1.188946 0.000000 0.000002 -0.005825 0.007323 0.216816
    22 3.773762 0.133217 -0.970574 0.073115 0.173622 0.249925
    23 1.433458 0.000004 0.000000 -0.026222 0.025276 0.648643
    24 1.019165 0.000011 0.000000 -0.026198 0.025264 0.648421
    25 3.799517 0.014957 -0.039958 -0.029281 0.000596 0.473309
    26 1.774879 0.000004 0.000000 -0.014537 0.018672 0.651884
    27 1.008841 0.000004 0.000000 -0.014561 0.018684 0.651924
    28 3.632765 0.059053 0.757493 -0.305062 -0.122181 0.649361
    29 1.500135 0.000004 0.000000 -0.009720 0.015244 0.623350
    30 0.905668 0.000002 -0.000001 -0.009720 0.015244 0.623350
    31 3.323332 0.233744 1.479075 -0.469270 -0.359752 0.812995
    32 0.963099 0.000010 0.000000 -0.009875 0.018193 0.746622
    33 0.682898 -0.000002 0.000000 -0.009720 0.018277 0.757771
    34 16.348543 -7.552323 -10.460026 0.347601 0.118344 -2.300395
    35 -5.730240 -3.764381 -11.260821 -3.100297 -0.400377 -1.464425
    36 0.000000 3.992340 0.007782 1.570796 0.000000 -1.570796
    37 20.000610 -7.183813 3.402448 -1.506027 0.109522 -1.537165
    38 -0.021929 2.029111 -0.137266 -1.570805 0.000001 0.000000
    39 0.019532 0.000000 0.007813 0.000007 0.000000 0.000001
    40 0.002397 -0.669111 0.409449 1.570796 0.000000 0.000000
    41 -0.002402 -6.221447 0.929182 -0.773909 0.000000 0.000000
  time 102
    0 -5.765397 -3.752662 -11.260821 -1.842738 -0.397931 -1.468925
    1 10.295578 0.000000 0.000002 0.312238 -0.145151 0.058331
    2 16.043846 -8.228125 -10.268614 -0.705455 0.074531 -2.293403
    3 10.295582 0.000001 -0.000006 -0.649563 0.021630 -0.030715
    4 1.149520 0.416502 1.414117 -1.774122 -0.503512 0.458556
    5 1.263885 0.000000 -0.000008 0.021273 0.023885 0.215691
    6 1.188939 -0.000002 0.000010 0.005836 -0.001942 0.426670
    7 3.773755 0.133215 0.970575 0.064352 0.064068 1.441404
    8 1.433456 0.000000 0.000000 0.082047 -0.025959 1.400638
    9 1.019165 -0.000006 0.000001 0.111253 -0.007191 1.169694
    10 3.799514 0.014957 0.039959 0.057144 0.043783 1.584298
    11 1.774878 0.000000 0.000000 0.028919 -0.089657 1.396160
    12 1.008844 -0.000004 0.000000 0.102732 -0.034564 0.410964
    13 3.632766 0.059052 -0.757493 -0.011547 -0.048840 1.869198
    14 1.500137 0.000002 0.000000 0.117785 -0.032119 0.854881
    15 0.905666 -0.000002 -0.000001 0.110474 -0.051989 1.029571
    16 3.323331 0.233744 -1.479075 0.059018 -0.114598 1.951257
    17 0.963100 0.000011 0.000000 0.060462 0.054818 0.140231
    18 0.682894 -0.000006 -0.000001 0.068037 -0.045170 1.459530
    19 1.149529 0.416498 -1.414117 1.705620 0.637761 0.390798
    20 1.263884 0.000001 0.000000 -0.003332 0.012200 0.480673
    21 1.188946 0.000000 0.000002 -0.005825 0.007383 0.217047
    22 3.773762 0.133217 -0.970574 0.073295 0.173598 0.250773
    23 1.433458 0.000004 0.000000 -0.026162 0.025276 0.649504
    24 1.019165 0.000011 0.000000 -0.026150 0.025276 0.649281
    25 3.799517 0.014957 -0.039958 -0.029281 0.000668 0.473909
    26 1.774879 0.000004 0.000000 -0.014465 0.018768 0.652616
    27 1.008841 0.000004 0.000000 -0.014489 0.018768 0.652657
    28 3.632765 0.059053 0.757493 -0.305098 -0.121977 0.649696
    29 1.500135 0.000004 0.000000 -0.009684 0.015328 0.623615
    30 0.905668 0.000002 -0.000001 -0.009684 0.015340 0.623615
    31 3.323332 0.233744 1.479075 -0.464584 -0.365960 0.800167
    32 0.963099 0.000010 0.000000 -0.010151 0.018013 0.732850
    33 0.682898 -0.000002 0.000000 -0.009851 0.018217 0.744024
    34 16.043846 -8.228125 -10.268614 0.378633 0.074541 -2.293544
    35 -5.765397 -3.752662 -11.260821 -3.091854 -0.398174 -1.469207
    36 0.000000 3.992340 0.007782 1.570796 0.000000 -1.570796
    37 19.996704 -7.160375 3.507920 -1.490696 0.175407 -1.521830
    38 -0.021929 2.029111 -0.137266 -1.570805 0.000001 0.000000
    39 0.019532 0.000000 0.007813 0.000007 0.000000 0.000001
    40 0.002397 -0.669111 0.409449 1.570796 0.000000 0.000000
    41 -0.002402 -6.221447 0.929182 -0.774665 0.000000 0.000000
  time 103
    0 -5.816180 -3.744849 -11.256915 -1.844297 -0.397931 -1.473133
    1 10.295578 0.000000 0.000002 0.353908 -0.124261 0.059642
    2 15.758681 -8.880488 -10.018606 -0.676449 0.036821 -2.285268
    3 10.295582 0.000001 -0.000006 -0.631125 -0.046452 -0.094970
    4 1.149520 0.416502 1.414117 -1.779381 -0.453422 0.472571
    5 1.263885 0.000000 -0.000008 0.018792 0.017498 0.225842
    6 1.188939 -0.000002 0.000010 0.005765 -0.002637 0.529143
    7 3.773755 0.133215 0.970575 0.064352 0.064068 1.441404
    8 1.433456 0.000000 0.000000 0.082047 -0.025959 1.400638
    9 1.019165 -0.000006 0.000001 0.111253 -0.007191 1.169694
    10 3.799514 0.014957 0.039959 0.061612 0.037539 1.689009
    11 1.774878 0.000000 0.000000 0.019487 -0.092150 1.499680
    12 1.008844 -0.000004 0.000000 0.102121 -0.036158 0.427732
    13 3.632766 0.059052 -0.757493 -0.011547 -0.048840 1.869198
    14 1.500137 0.000002 0.000000 0.117785 -0.032119 0.854881
    15 0.905666 -0.000002 -0.000001 0.110474 -0.051989 1.029571
    16 3.323331 0.233744 -1.479075 0.059018 -0.114598 1.951257
    17 0.963100 0.000011 0.000000 0.060462 0.054818 0.140231
    18 0.682894 -0.000006 -0.000001 0.068037 -0.045170 1.459530
    19 1.149529 0.416498 -1.414117 1.705728 0.637593 0.391050
    20 1.263884 0.000001 0.000000 -0.003296 0.012320 0.480775
    21 1.188946 0.000000 0.000002 -0.005729 0.007442 0.217301
    22 3.773762 0.133217 -0.970574 0.073343 0.173598 0.251433
    23 1.433458 0.000004 0.000000 -0.026126 0.025276 0.649805
    24 1.019165 0.000011 0.000000 -0.026102 0.025276 0.649969
    25 3.799517 0.014957 -0.039958 -0.029269 0.000704 0.474109
    26 1.774879 0.000004 0.000000 -0.014441 0.018840 0.653146
    27 1.008841 0.000004 0.000000 -0.014405 0.018816 0.653227
    28 3.632765 0.059053 0.757493 -0.305158 -0.121809 0.649883
    29 1.500135 0.000004 0.000000 -0.009660 0.015352 0.623767
    30 0.905668 0.000002 -0.000001 -0.009660 0.015352 0.623767
    31 3.323332 0.233744 1.479075 -0.454688 -0.378736 0.773409
    32 0.963099 0.000010 0.000000 -0.010439 0.017486 0.704927
    33 0.682898 -0.000002 0.000000 -0.010343 0.017665 0.716102
    34 15.758681 -8.880488 -10.018606 0.407977 0.036871 -2.285266
    35 -5.816180 -3.744849 -11.256915 -3.084150 -0.398557 -1.473224
    36 0.000000 3.992340 0.007782 1.570796 0.000000 -1.570796
    37 20.000610 -7.109592 3.617298 -1.469713 0.221240 -1.501193
    38 -0.021929 2.029111 -0.137266 -1.570805 0.000001 0.000000
    39 0.019532 0.000000 0.007813 0.000007 0.000000 0.000001
    40 0.002397 -0.669111 0.409449 1.570796 0.000000 0.000000
    41 -0.002402 -6.221447 0.929182 -0.776134 0.000000 0.000000
  time 104
    0 -5.863056 -3.733130 -11.253009 -1.846523 -0.404327 -1.475811
    1 10.295578 0.000000 0.000002 0.368230 -0.097839 0.058331
    2 15.473516 -9.446912 -9.764692 -0.651446 0.006928 -2.276776
    3 10.295582 0.000001 -0.000006 -0.610071 -0.118460 -0.163247
    4 1.149520 0.416502 1.414117 -1.813612 -0.409108 0.524504
    5 1.263885 0.000000 -0.000008 0.016491 0.011409 0.235482
    6 1.188939 -0.000002 0.000010 0.005453 -0.003200 0.626254
    7 3.773755 0.133215 0.970575 0.064352 0.064068 1.441404
    8 1.433456 0.000000 0.000000 0.082047 -0.025959 1.400638
    9 1.019165 -0.000006 0.000001 0.111253 -0.007191 1.169694
    10 3.799514 0.014957 0.039959 0.061612 0.037539 1.689009
    11 1.774878 0.000000 0.000000 0.019487 -0.092150 1.499680
    12 1.008844 -0.000004 0.000000 0.102121 -0.036158 0.427732
    13 3.632766 0.059052 -0.757493 -0.011547 -0.048840 1.869198
    14 1.500137 0.000002 0.000000 0.117785 -0.032119 0.854881
    15 0.905666 -0.000002 -0.000001 0.110474 -0.051989 1.029571
    16 3.323331 0.233744 -1.479075 0.059018 -0.114598 1.951257
    17 0.963100 0.000011 0.000000 0.060462 0.054818 0.140231
    18 0.682894 -0.000006 -0.000001 0.068037 -0.045170 1.459530
    19 1.149529 0.416498 -1.414117 1.705980 0.637425 0.391110
    20 1.263884 0.000001 0.000000 -0.003272 0.012464 0.480827
    21 1.188946 0.000000 0.000002 -0.005633 0.007622 0.217625
    22 3.773762 0.133217 -0.970574 0.073366 0.173586 0.251905
    23 1.433458 0.000004 0.000000 -0.026066 0.025323 0.650666
    24 1.019165 0.000011 0.000000 -0.026055 0.025335 0.650442
    25 3.799517 0.014957 -0.039958 -0.029161 0.000716 0.474658
    26 1.774879 0.000004 0.000000 -0.014417 0.018888 0.653431
    27 1.008841 0.000004 0.000000 -0.014382 0.018864 0.653512
    28 3.632765 0.059053 0.757493 -0.304343 -0.123870 0.643696
    29 1.500135 0.000004 0.000000 -0.009684 0.015316 0.617541
    30 0.905668 0.000002 -0.000001 -0.009684 0.015316 0.617541
    31 3.323332 0.233744 1.479075 -0.440601 -0.395227 0.736787
    32 0.963099 0.000010 0.000000 -0.010798 0.016826 0.667143
    33 0.682898 -0.000002 0.000000 -0.010534 0.017222 0.678418
    34 15.473516 -9.446912 -9.764692 0.432915 0.006964 -2.276631
    35 -5.863056 -3.733130 -11.253009 -3.077556 -0.404400 -1.475615
    36 0.000000 3.992340 0.007782 1.570796 0.000000 -1.570796
    37 20.000610 -6.992401 3.761834 -1.439435 0.240910 -1.469670
    38 -0.021929 2.029111 -0.137266 -1.570805 0.000001 0.000000
    39 0.019532 0.000000 0.007813 0.000007 0.000000 0.000001
    40 0.002397 -0.669111 0.409449 1.570796 0.000000 0.000000
    41 -0.002402 -6.221447 0.929182 -0.778693 0.000000 0.000000
  time 105
    0 -5.925558 -3.733130 -11.229570 -1.850532 -0.419281 -1.476863
    1 10.295578 0.000000 0.000002 0.375050 -0.058752 0.053586
    2 15.250853 -9.857081 -9.526403 -0.633525 -0.012814 -2.269283
    3 10.295582 0.000001 -0.000006 -0.584641 -0.188048 -0.228093
    4 1.149520 0.416502 1.414117 -1.870057 -0.358079 0.609492
    5 1.263885 0.000000 -0.000008 0.014382 0.006004 0.244000
    6 1.188939 -0.000002 0.000010 0.005046 -0.003500 0.712366
    7 3.773755 0.133215 0.970575 0.064352 0.064068 1.441404
    8 1.433456 0.000000 0.000000 0.082047 -0.025959 1.400638
    9 1.019165 -0.000006 0.000001 0.111253 -0.007191 1.169694
    10 3.799514 0.014957 0.039959 0.061612 0.037539 1.689009
    11 1.774878 0.000000 0.000000 0.019487 -0.092150 1.499680
    12 1.008844 -0.000004 0.000000 0.102121 -0.036158 0.427732
    13 3.632766 0.059052 -0.757493 -0.011547 -0.048840 1.869198
    14 1.500137 0.000002 0.000000 0.117785 -0.032119 0.854881
    15 0.905666 -0.000002 -0.000001 0.110474 -0.051989 1.029571
    16 3.323331 0.233744 -1.479075 0.059018 -0.114598 1.951257
    17 0.963100 0.000011 0.000000 0.060462 0.054818 0.140231
    18 0.682894 -0.000006 -0.000001 0.068037 -0.045170 1.459530
    19 1.149529 0.416498 -1.414117 1.706028 0.637077 0.391158
    20 1.263884 0.000001 0.000000 -0.003260 0.012476 0.480913
    21 1.188946 0.000000 0.000002 -0.005525 0.007814 0.217994
    22 3.773762 0.133217 -0.970574 0.073402 0.173574 0.252219
    23 1.433458 0.000004 0.000000 -0.026043 0.025371 0.650838
    24 1.019165 0.000011 0.000000 -0.026043 0.025383 0.650614
    25 3.799517 0.014957 -0.039958 -0.029149 0.000704 0.473309
    26 1.774879 0.000004 0.000000 -0.014382 0.018912 0.651884
    27 1.008841 0.000004 0.000000 -0.014382 0.018912 0.651924
    28 3.632765 0.059053 0.757493 -0.301287 -0.131109 0.620663
    29 1.500135 0.000004 0.000000 -0.009720 0.015149 0.593583
    30 0.905668 0.000002 -0.000001 -0.009720 0.015137 0.593545
    31 3.323332 0.233744 1.479075 -0.423909 -0.413252 0.694776
    32 0.963099 0.000010 0.000000 -0.011242 0.016227 0.624616
    33 0.682898 -0.000002 0.000000 -0.011158 0.016527 0.635790
    34 15.250853 -9.857081 -9.526403 0.450353 -0.012812 -2.269209
    35 -5.925558 -3.733130 -11.229570 -3.072934 -0.419055 -1.476858
    36 0.000000 3.992340 0.007782 1.570796 0.000000 -1.570796
    37 19.988891 -6.734581 3.945433 -1.399001 0.254851 -1.424514
    38 -0.021929 2.029111 -0.137266 -1.570805 0.000001 0.000000
    39 0.019532 0.000000 0.007813 0.000007 0.000000 0.000001
    40 0.002397 -0.669111 0.409449 1.570796 0.000000 0.000000
    41 -0.002402 -6.221447 0.929182 -0.781631 0.000000 0.000000
  time 106
    0 -5.988060 -3.744849 -11.217851 -1.855208 -0.436963 -1.477341
    1 10.295578 0.000000 0.000002 0.378801 -0.013090 0.042254
    2 15.106318 -10.103182 -9.385774 -0.622440 -0.024956 -2.264359
    3 10.295582 0.000001 -0.000006 -0.546399 -0.250125 -0.285467
    4 1.149520 0.416502 1.414117 -1.927977 -0.305029 0.701298
    5 1.263885 0.000000 -0.000008 0.012788 0.001702 0.251220
    6 1.188939 -0.000002 0.000010 0.004902 -0.004063 0.784684
    7 3.773755 0.133215 0.970575 0.064352 0.064068 1.441404
    8 1.433456 0.000000 0.000000 0.082047 -0.025959 1.400638
    9 1.019165 -0.000006 0.000001 0.111253 -0.007191 1.169694
    10 3.799514 0.014957 0.039959 0.061612 0.037539 1.689009
    11 1.774878 0.000000 0.000000 0.019487 -0.092150 1.499680
    12 1.008844 -0.000004 0.000000 0.102121 -0.036158 0.427732
    13 3.632766 0.059052 -0.757493 -0.011547 -0.048840 1.869198
    14 1.500137 0.000002 0.000000 0.117785 -0.032119 0.854881
    15 0.905666 -0.000002 -0.000001 0.110474 -0.051989 1.029571
    16 3.323331 0.233744 -1.479075 0.059018 -0.114598 1.951257
    17 0.963100 0.000011 0.000000 0.060462 0.054818 0.140231
    18 0.682894 -0.000006 -0.000001 0.068037 -0.045170 1.459530
    19 1.149529 0.416498 -1.414117 1.706040 0.637006 0.391182
    20 1.263884 0.000001 0.000000 -0.003236 0.012488 0.481050
    21 1.188946 0.000000 0.000002 -0.005249 0.007922 0.218456
    22 3.773762 0.133217 -0.970574 0.073067 0.173766 0.248982
    23 1.433458 0.000004 0.000000 -0.026043 0.025287 0.647696
    24 1.019165 0.000011 0.000000 -0.026043 0.025299 0.647476
    25 3.799517 0.014957 -0.039958 -0.029053 0.000356 0.459766
    26 1.774879 0.000004 0.000000 -0.014465 0.018576 0.638287
    27 1.008841 0.000004 0.000000 -0.014477 0.018528 0.638368
    28 3.632765 0.059053 0.757493 -0.296493 -0.141704 0.587119
    29 1.500135 0.000004 0.000000 -0.010163 0.014489 0.558501
    30 0.905668 0.000002 -0.000001 -0.010163 0.014489 0.558501
    31 3.323332 0.233744 1.479075 -0.406853 -0.430126 0.653681
    32 0.963099 0.000010 0.000000 -0.011577 0.015640 0.583451
    33 0.682898 -0.000002 0.000000 -0.011397 0.015808 0.594726
    34 15.106318 -10.103182 -9.385774 0.461978 -0.024952 -2.264285
    35 -5.988060 -3.744849 -11.217851 -3.069729 -0.437541 -1.477432
    36 0.000000 3.992340 0.007782 1.570796 0.000000 -1.570796
    37 19.938108 -6.406446 4.144658 -1.354639 0.265641 -1.371313
    38 -0.021929 2.029111 -0.137266 -1.570805 0.000001 0.000000
    39 0.019532 0.000000 0.007813 0.000007 0.000000 0.000001
    40 0.002397 -0.669111 0.409449 1.570796 0.000000 0.000000
    41 -0.002402 -6.221447 0.929182 -0.785198 0.000000 0.000000
  time 107
    0 -6.046656 -3.752662 -11.190507 -1.860107 -0.454739 -1.477724
    1 10.295578 0.000000 0.000002 0.378460 0.035023 0.021182
    2 14.981314 -10.298500 -9.268583 -0.614311 -0.033895 -2.261362
    3 10.295582 0.000001 -0.000006 -0.481438 -0.304065 -0.335369
    4 1.149520 0.416502 1.414117 -1.977321 -0.256640 0.784250
    5 1.263885 0.000000 -0.000008 0.011289 -0.001618 0.256689
    6 1.188939 -0.000002 0.000010 0.004590 -0.004243 0.840091
    7 3.773755 0.133215 0.970575 0.064352 0.064068 1.441404
    8 1.433456 0.000000 0.000000 0.082047 -0.025959 1.400638
    9 1.019165 -0.000006 0.000001 0.111253 -0.007191 1.169694
    10 3.799514 0.014957 0.039959 0.061612 0.037539 1.689009
    11 1.774878 0.000000 0.000000 0.019487 -0.092150 1.499680
    12 1.008844 -0.000004 0.000000 0.102121 -0.036158 0.427732
    13 3.632766 0.059052 -0.757493 -0.011547 -0.048840 1.869198
    14 1.500137 0.000002 0.000000 0.117785 -0.032119 0.854881
    15 0.905666 -0.000002 -0.000001 0.110474 -0.051989 1.029571
    16 3.323331 0.233744 -1.479075 0.059018 -0.114598 1.951257
    17 0.963100 0.000011 0.000000 0.060462 0.054818 0.140231
    18 0.682894 -0.000006 -0.000001 0.068037 -0.045170 1.459530
    19 1.149529 0.416498 -1.414117 1.706028 0.636970 0.391182
    20 1.263884 0.000001 0.000000 -0.003224 0.012500 0.481341
    21 1.188946 0.000000 0.000002 -0.005141 0.008018 0.219103
    22 3.773762 0.133217 -0.970574 0.070227 0.174725 0.232387
    23 1.433458 0.000004 0.000000 -0.026486 0.025072 0.630953
    24 1.019165 0.000011 0.000000 -0.026486 0.025060 0.631052
    25 3.799517 0.014957 -0.039958 -0.028633 -0.000771 0.431430
    26 1.774879 0.000004 0.000000 -0.014969 0.018169 0.610238
    27 1.008841 0.000004 0.000000 -0.014969 0.018169 0.610278
    28 3.632765 0.059053 0.757493 -0.290369 -0.153724 0.547314
    29 1.500135 0.000004 0.000000 -0.010463 0.014010 0.517305
    30 0.905668 0.000002 -0.000001 -0.010463 0.013914 0.517305
    31 3.323332 0.233744 1.479075 -0.391631 -0.443776 0.618299
    32 0.963099 0.000010 0.000000 -0.011973 0.015065 0.548466
    33 0.682898 -0.000002 0.000000 -0.011865 0.015149 0.559842
    34 14.981314 -10.298500 -9.268583 0.469853 -0.033926 -2.261145
    35 -6.046656 -3.752662 -11.190507 -3.066648 -0.454878 -1.478006
    36 0.000000 3.992340 0.007782 1.570796 0.000000 -1.570796
    37 19.910764 -6.054872 4.343883 -1.312288 0.272707 -1.312905
    38 -0.021929 2.029111 -0.137266 -1.570805 0.000001 0.000000
    39 0.019532 0.000000 0.007813 0.000007 0.000000 0.000001
    40 0.002397 -0.669111 0.409449 1.570796 0.000000 0.000000
    41 -0.002402 -6.221447 0.929182 -0.789269 0.000000 0.000000
  time 108
    0 -6.093532 -3.783913 -11.155349 -1.863670 -0.465461 -1.478967
    1 10.295578 0.000000 0.000002 0.374027 0.080467 -0.012096
    2 14.887561 -10.450849 -9.170924 -0.608091 -0.040934 -2.259007
    3 10.295582 0.000001 -0.000006 -0.407962 -0.342242 -0.371490
    4 1.149520 0.416502 1.414117 -2.010618 -0.222018 0.843054
    5 1.263885 0.000000 -0.000008 0.010499 -0.003535 0.260191
    6 1.188939 -0.000002 0.000010 0.004350 -0.004314 0.875150
    7 3.773755 0.133215 0.970575 0.064352 0.064068 1.441404
    8 1.433456 0.000000 0.000000 0.082047 -0.025959 1.400638
    9 1.019165 -0.000006 0.000001 0.111253 -0.007191 1.169694
    10 3.799514 0.014957 0.039959 0.061612 0.037539 1.689009
    11 1.774878 0.000000 0.000000 0.019487 -0.092150 1.499680
    12 1.008844 -0.000004 0.000000 0.102121 -0.036158 0.427732
    13 3.632766 0.059052 -0.757493 -0.011547 -0.048840 1.869198
    14 1.500137 0.000002 0.000000 0.117785 -0.032119 0.854881
    15 0.905666 -0.000002 -0.000001 0.110474 -0.051989 1.029571
    16 3.323331 0.233744 -1.479075 0.059018 -0.114598 1.951257
    17 0.963100 0.000011 0.000000 0.060462 0.054818 0.140231
    18 0.682894 -0.000006 -0.000001 0.068037 -0.045170 1.459530
    19 1.149529 0.416498 -1.414117 1.705980 0.636706 0.391134
    20 1.263884 0.000001 0.000000 -0.003212 0.012512 0.481839
    21 1.188946 0.000000 0.000002 -0.005057 0.008102 0.220420
    22 3.773762 0.133217 -0.970574 0.064869 0.176714 0.201901
    23 1.433458 0.000004 0.000000 -0.026822 0.023873 0.601255
    24 1.019165 0.000011 0.000000 -0.026810 0.023885 0.601043
    25 3.799517 0.014957 -0.039958 -0.028502 -0.001897 0.393899
    26 1.774879 0.000004 0.000000 -0.015161 0.017378 0.572500
    27 1.008841 0.000004 0.000000 -0.015184 0.017390 0.572581
    28 3.632765 0.059053 0.757493 -0.283538 -0.165816 0.506204
    29 1.500135 0.000004 0.000000 -0.010594 0.013339 0.475123
    30 0.905668 0.000002 -0.000001 -0.010582 0.013327 0.475123
    31 3.323332 0.233744 1.479075 -0.380862 -0.452921 0.593695
    32 0.963099 0.000010 0.000000 -0.012033 0.014417 0.524781
    33 0.682898 -0.000002 0.000000 -0.012021 0.014837 0.536031
    34 14.887561 -10.450849 -9.170924 0.476322 -0.040983 -2.259147
    35 -6.093532 -3.783913 -11.155349 -3.062827 -0.466181 -1.479058
    36 0.000000 3.992340 0.007782 1.570796 0.000000 -1.570796
    37 19.875607 -5.734550 4.515763 -1.275303 0.275667 -1.253077
    38 -0.021929 2.029111 -0.137266 -1.570805 0.000001 0.000000
    39 0.019532 0.000000 0.007813 0.000007 0.000000 0.000001
    40 0.002397 -0.669111 0.409449 1.570796 0.000000 0.000000
    41 -0.002402 -6.221447 0.929182 -0.793130 0.000000 0.000000
  time 109
    0 -6.113064 -3.838602 -11.100660 -1.865971 -0.472609 -1.480402
    1 10.295578 0.000000 0.000002 0.363456 0.120476 -0.058236
    2 14.848497 -10.540695 -9.112328 -0.604396 -0.044752 -2.257009
    3 10.295582 0.000001 -0.000006 -0.363743 -0.351333 -0.379667
    4 1.149520 0.416502 1.414117 -2.019661 -0.212521 0.859433
    5 1.263885 0.000000 -0.000008 0.010475 -0.004219 0.261076
    6 1.188939 -0.000002 0.000010 0.004326 -0.004338 0.883994
    7 3.773755 0.133215 0.970575 0.064352 0.064068 1.441404
    8 1.433456 0.000000 0.000000 0.082047 -0.025959 1.400638
    9 1.019165 -0.000006 0.000001 0.111253 -0.007191 1.169694
    10 3.799514 0.014957 0.039959 0.061612 0.037539 1.689009
    11 1.774878 0.000000 0.000000 0.019487 -0.092150 1.499680
    12 1.008844 -0.000004 0.000000 0.102121 -0.036158 0.427732
    13 3.632766 0.059052 -0.757493 -0.011547 -0.048840 1.869198
    14 1.500137 0.000002 0.000000 0.117785 -0.032119 0.854881
    15 0.905666 -0.000002 -0.000001 0.110474 -0.051989 1.029571
    16 3.323331 0.233744 -1.479075 0.059018 -0.114598 1.951257
    17 0.963100 0.000011 0.000000 0.060462 0.054818 0.140231
    18 0.682894 -0.000006 -0.000001 0.068037 -0.045170 1.459530
    19 1.149529 0.416498 -1.414117 1.705692 0.634812 0.390642
    20 1.263884 0.000001 0.000000 -0.003200 0.012536 0.483502
    21 1.188946 0.000000 0.000002 -0.005046 0.008102 0.226890
    22 3.773762 0.133217 -0.970574 0.058206 0.178715 0.161484
    23 1.433458 0.000004 0.000000 -0.027589 0.022819 0.561270
    24 1.019165 0.000011 0.000000 -0.027589 0.022807 0.561360
    25 3.799517 0.014957 -0.039958 -0.028154 -0.003323 0.351121
    26 1.774879 0.000004 0.000000 -0.015856 0.016527 0.529999
    27 1.008841 0.000004 0.000000 -0.015856 0.016527 0.530080
    28 3.632765 0.059053 0.757493 -0.277090 -0.176591 0.469492
    29 1.500135 0.000004 0.000000 -0.010990 0.012716 0.437383
    30 0.905668 0.000002 -0.000001 -0.010990 0.012704 0.437383
    31 3.323332 0.233744 1.479075 -0.378999 -0.454467 0.589572
    32 0.963099 0.000010 0.000000 -0.012045 0.014405 0.520796
    33 0.682898 -0.000002 0.000000 -0.012021 0.014585 0.531995
    34 14.848497 -10.540695 -9.112328 0.479416 -0.044746 -2.257006
    35 -6.113064 -3.838602 -11.100660 -3.057773 -0.472790 -1.480684
    36 0.000000 3.992340 0.007782 1.570796 0.000000 -1.570796
    37 19.875607 -5.449385 4.664205 -1.248475 0.273471 -1.193817
    38 -0.021929 2.029111 -0.137266 -1.570805 0.000001 0.000000
    39 0.019532 0.000000 0.007813 0.000007 0.000000 0.000001
    40 0.002397 -0.669111 0.409449 1.570796 0.000000 0.000000
    41 -0.002402 -6.221447 0.929182 -0.797158 0.000000 0.000000
  time 110
    0 -6.144315 -3.901104 -11.061597 -1.867678 -0.477688 -1.481645
    1 10.295578 0.000000 0.000002 0.347634 0.155390 -0.108715
    2 14.825059 -10.571946 -9.057639 -0.601871 -0.046869 -2.254654
    3 10.295582 0.000001 -0.000006 -0.348860 -0.347293 -0.372481
    4 1.149520 0.416502 1.414117 -2.019661 -0.212521 0.859433
    5 1.263885 0.000000 -0.000008 0.010475 -0.004219 0.261076
    6 1.188939 -0.000002 0.000010 0.004326 -0.004338 0.883994
    7 3.773755 0.133215 0.970575 0.064352 0.064068 1.441404
    8 1.433456 0.000000 0.000000 0.082047 -0.025959 1.400638
    9 1.019165 -0.000006 0.000001 0.111253 -0.007191 1.169694
    10 3.799514 0.014957 0.039959 0.061612 0.037539 1.689009
    11 1.774878 0.000000 0.000000 0.019487 -0.092150 1.499680
    12 1.008844 -0.000004 0.000000 0.102121 -0.036158 0.427732
    13 3.632766 0.059052 -0.757493 -0.011547 -0.048840 1.869198
    14 1.500137 0.000002 0.000000 0.117785 -0.032119 0.854881
    15 0.905666 -0.000002 -0.000001 0.110474 -0.051989 1.029571
    16 3.323331 0.233744 -1.479075 0.059018 -0.114598 1.951257
    17 0.963100 0.000011 0.000000 0.060462 0.054818 0.140231
    18 0.682894 -0.000006 -0.000001 0.068037 -0.045170 1.459530
    19 1.149529 0.416498 -1.414117 1.705513 0.631660 0.390307
    20 1.263884 0.000001 0.000000 -0.003164 0.012572 0.486709
    21 1.188946 0.000000 0.000002 -0.005046 0.008162 0.239666
    22 3.773762 0.133217 -0.970574 0.050728 0.180933 0.118332
    23 1.433458 0.000004 0.000000 -0.028272 0.021381 0.518831
    24 1.019165 0.000011 0.000000 -0.028284 0.021369 0.518840
    25 3.799517 0.014957 -0.039958 -0.027699 -0.004737 0.309892
    26 1.774879 0.000004 0.000000 -0.016011 0.015640 0.488923
    27 1.008841 0.000004 0.000000 -0.016035 0.015652 0.489004
    28 3.632765 0.059053 0.757493 -0.271877 -0.184321 0.442173
    29 1.500135 0.000004 0.000000 -0.011158 0.012092 0.409325
    30 0.905668 0.000002 -0.000001 -0.011158 0.012092 0.409325
    31 3.323332 0.233744 1.479075 -0.385475 -0.449050 0.604232
    32 0.963099 0.000010 0.000000 -0.012021 0.014849 0.534946
    33 0.682898 -0.000002 0.000000 -0.011937 0.015029 0.546196
    34 14.825059 -10.575853 -9.073265 0.482041 -0.046863 -2.254651
    35 -6.144315 -3.901104 -11.061597 -3.052658 -0.477196 -1.481736
    36 0.000000 3.992340 0.007782 1.570796 0.000000 -1.570796
    37 19.875607 -5.179846 4.769677 -1.227779 0.267073 -1.136734
    38 -0.021929 2.029111 -0.137266 -1.570805 0.000001 0.000000
    39 0.019532 0.000000 0.007813 0.000007 0.000000 0.000001
    40 0.002397 -0.669111 0.409449 1.570796 0.000000 0.000000
    41 -0.002402 -6.221447 0.929182 -0.801397 0.000000 0.000000
  time 111
    0 -6.156034 -3.881572 -11.065503 -1.867233 -0.474302 -1.482219
    1 10.295578 0.000000 0.000002 0.239605 0.262412 -0.332608
    2 14.825059 -10.665699 -8.959980 -0.593434 -0.050669 -2.242594
    3 10.295582 0.000001 -0.000006 -0.305149 -0.340031 -0.371547
    4 1.149520 0.416502 1.414117 -2.019538 -0.212592 0.859514
    5 1.263885 0.000000 -0.000008 0.010499 -0.004219 0.261076
    6 1.188939 -0.000002 0.000010 0.004326 -0.004386 0.883994
    7 3.773755 0.133215 0.970575 0.064352 0.064068 1.441404
    8 1.433456 0.000000 0.000000 0.082047 -0.025959 1.400638
    9 1.019165 -0.000006 0.000001 0.111253 -0.007191 1.169694
    10 3.799514 0.014957 0.039959 0.061640 0.037503 1.689009
    11 1.774878 0.000000 0.000000 0.019487 -0.092150 1.499775
    12 1.008844 -0.000004 0.000000 0.102193 -0.036229 0.427732
    13 3.632766 0.059052 -0.757493 -0.011599 -0.048840 1.869198
    14 1.500137 0.000002 0.000000 0.117797 -0.032107 0.854928
    15 0.905666 -0.000002 -0.000001 0.110558 -0.051989 1.029632
    16 3.323331 0.233744 -1.479075 0.058982 -0.114638 1.951257
    17 0.963100 0.000011 0.000000 0.060570 0.054818 0.140405
    18 0.682894 -0.000006 -0.000001 0.068049 -0.045158 1.459661
    19 1.149529 0.416498 -1.414117 1.695985 0.643369 0.384411
    20 1.263884 0.000001 0.000000 -0.009336 0.006472 0.475871
    21 1.188946 0.000000 0.000002 -0.011266 0.001930 0.214506
    22 3.773762 0.133217 -0.970574 0.032751 0.177553 0.050162
    23 1.433458 0.000004 0.000000 -0.035247 0.012967 0.451988
    24 1.019165 0.000011 0.000000 -0.035247 0.012979 0.452158
    25 3.799517 0.014957 -0.039958 -0.033223 -0.011916 0.276310
    26 1.774879 0.000004 0.000000 -0.022483 0.008929 0.454808
    27 1.008841 0.000004 0.000000 -0.022447 0.008929 0.454767
    28 3.632765 0.059053 0.757493 -0.281213 -0.185831 0.459280
    29 1.500135 0.000004 0.000000 -0.017030 0.006580 0.424967
    30 0.905668 0.000002 -0.000001 -0.017030 0.006568 0.424967
    31 3.323332 0.233744 1.479075 -0.399082 -0.449109 0.621478
    32 0.963099 0.000010 0.000000 -0.018001 0.008941 0.549273
    33 0.682898 -0.000002 0.000000 -0.018001 0.008941 0.549349
    34 14.825059 -10.665699 -8.959980 0.490666 -0.050554 -2.242448
    35 -6.156034 -3.881572 -11.065503 -3.043722 -0.474610 -1.482214
    36 0.000000 3.992340 0.007782 1.570796 0.000000 -1.570796
    37 19.563097 -4.601703 4.984527 -1.174985 0.212742 -0.943618
    38 -0.021929 2.029111 -0.137266 -1.570805 0.000001 0.000000
    39 0.019532 0.000000 0.007813 0.000007 0.000000 0.000001
    40 0.002397 -0.669111 0.409449 1.570796 0.000000 0.000000
    41 -0.002402 -6.221447 0.929182 -0.816043 0.000000 0.000000
  time 112
    0 -6.156034 -3.881572 -11.065503 -1.867307 -0.474302 -1.482123
    1 10.295578 0.000000 0.000002 0.239946 0.262315 -0.331890
    2 14.825059 -10.665699 -8.959980 -0.593434 -0.050759 -2.242594
    3 10.295582 0.000001 -0.000006 -0.305149 -0.340107 -0.371547
    4 1.149520 0.416502 1.414117 -2.019538 -0.212592 0.859514
    5 1.263885 0.000000 -0.000008 0.010499 -0.004219 0.261076
    6 1.188939 -0.000002 0.000010 0.004326 -0.004386 0.883994
    7 3.773755 0.133215 0.970575 0.064352 0.064068 1.441404
    8 1.433456 0.000000 0.000000 0.082047 -0.025959 1.400638
    9 1.019165 -0.000006 0.000001 0.111253 -0.007191 1.169694
    10 3.799514 0.014957 0.039959 0.061640 0.037503 1.689009
    11 1.774878 0.000000 0.000000 0.019487 -0.092150 1.499775
    12 1.008844 -0.000004 0.000000 0.102193 -0.036229 0.427732
    13 3.632766 0.059052 -0.757493 -0.011599 -0.048840 1.869198
    14 1.500137 0.000002 0.000000 0.117797 -0.032107 0.854928
    15 0.905666 -0.000002 -0.000001 0.110558 -0.051989 1.029632
    16 3.323331 0.233744 -1.479075 0.058982 -0.114638 1.951257
    17 0.963100 0.000011 0.000000 0.060570 0.054818 0.140405
    18 0.682894 -0.000006 -0.000001 0.068049 -0.045158 1.459661
    19 1.149529 0.416498 -1.414117 1.695985 0.643369 0.384411
    20 1.263884 0.000001 0.000000 -0.009336 0.006472 0.475871
    21 1.188946 0.000000 0.000002 -0.011266 0.001930 0.214506
    22 3.773762 0.133217 -0.970574 0.032751 0.177553 0.050162
    23 1.433458 0.000004 0.000000 -0.035247 0.012967 0.451988
    24 1.019165 0.000011 0.000000 -0.035247 0.012979 0.452158
    25 3.799517 0.014957 -0.039958 -0.033223 -0.011916 0.276310
    26 1.774879 0.000004 0.000000 -0.022483 0.008929 0.454808
    27 1.008841 0.000004 0.000000 -0.022447 0.008929 0.454767
    28 3.632765 0.059053 0.757493 -0.281213 -0.185831 0.459280
    29 1.500135 0.000004 0.000000 -0.017030 0.006580 0.424967
    30 0.905668 0.000002 -0.000001 -0.017030 0.006568 0.424967
    31 3.323332 0.233744 1.479075 -0.399082 -0.449109 0.621478
    32 0.963099 0.000010 0.000000 -0.018001 0.008941 0.549273
    33 0.682898 -0.000002 0.000000 -0.018001 0.008941 0.549349
    34 14.825059 -10.665699 -8.959980 0.491041 -0.050680 -2.242448
    35 -6.156034 -3.881572 -11.065503 -3.043907 -0.474993 -1.482214
    36 0.000000 3.992340 0.007782 1.570796 0.000000 -1.570796
    37 19.594348 -4.593890 4.984527 -1.174985 0.212742 -0.943618
    38 -0.021929 2.029111 -0.137266 -1.570805 0.000001 0.000000
    39 0.019532 0.000000 0.007813 0.000007 0.000000 0.000001
    40 0.002397 -0.669111 0.409449 1.570796 0.000000 0.000000
    41 -0.002402 -6.221447 0.929182 -0.816043 0.000000 0.000000
end
