version 1
nodes
  0 "v_weapon.Bip01_R_Forearm" -1
  1 "v_weapon.Bip01_R_Hand" 0
  2 "v_weapon.Bip01_L_Forearm" -1
  3 "v_weapon.Bip01_L_Hand" 2
  4 "v_weapon.Bip01_R_Finger0" 1
  5 "v_weapon.Bip01_R_Finger01" 4
  6 "v_weapon.Bip01_R_Finger02" 5
  7 "v_weapon.Bip01_R_Finger1" 1
  8 "v_weapon.Bip01_R_Finger11" 7
  9 "v_weapon.Bip01_R_Finger12" 8
  10 "v_weapon.Bip01_R_Finger2" 1
  11 "v_weapon.Bip01_R_Finger21" 10
  12 "v_weapon.Bip01_R_Finger22" 11
  13 "v_weapon.Bip01_R_Finger3" 1
  14 "v_weapon.Bip01_R_Finger31" 13
  15 "v_weapon.Bip01_R_Finger32" 14
  16 "v_weapon.Bip01_R_Finger4" 1
  17 "v_weapon.Bip01_R_Finger41" 16
  18 "v_weapon.Bip01_R_Finger42" 17
  19 "v_weapon.Bip01_L_Finger0" 3
  20 "v_weapon.Bip01_L_Finger01" 19
  21 "v_weapon.Bip01_L_Finger02" 20
  22 "v_weapon.Bip01_L_Finger1" 3
  23 "v_weapon.Bip01_L_Finger11" 22
  24 "v_weapon.Bip01_L_Finger12" 23
  25 "v_weapon.Bip01_L_Finger2" 3
  26 "v_weapon.Bip01_L_Finger21" 25
  27 "v_weapon.Bip01_L_Finger22" 26
  28 "v_weapon.Bip01_L_Finger3" 3
  29 "v_weapon.Bip01_L_Finger31" 28
  30 "v_weapon.Bip01_L_Finger32" 29
  31 "v_weapon.Bip01_L_Finger4" 3
  32 "v_weapon.Bip01_L_Finger41" 31
  33 "v_weapon.Bip01_L_Finger42" 32
  34 "v_weapon.Bip01_L_ForeTwist" -1
  35 "v_weapon.Bip01_R_ForeTwist" -1
  36 "v_weapon" -1
  37 "v_weapon.knife" 36
  38 "v_weapon.front" 37
  39 "v_weapon.blade1" 38
  40 "v_weapon.rear" 39
  41 "v_weapon.lock" 40
end
skeleton
  time 0
    0 -6.140408 -3.924542 -11.034252 -1.867010 -0.474302 -1.482123
    1 10.295578 0.000000 0.000002 0.239605 0.262412 -0.332608
    2 14.821153 -10.669605 -8.952167 -0.593434 -0.050451 -2.242166
    3 10.295582 0.000001 -0.000006 -0.304993 -0.340088 -0.371547
    4 1.149520 0.416502 1.414117 -2.019538 -0.212521 0.859406
    5 1.263885 0.000000 -0.000008 0.010475 -0.004219 0.261017
    6 1.188939 -0.000002 0.000010 0.004314 -0.004326 0.883994
    7 3.773755 0.133215 0.970575 0.064315 0.064056 1.441404
    8 1.433456 0.000000 0.000000 0.082047 -0.025947 1.400638
    9 1.019165 -0.000006 0.000001 0.111253 -0.007179 1.169620
    10 3.799514 0.014957 0.039959 0.061612 0.037539 1.689009
    11 1.774878 0.000000 0.000000 0.019487 -0.092150 1.499727
    12 1.008844 -0.000004 0.000000 0.102121 -0.036158 0.427613
    13 3.632766 0.059052 -0.757493 -0.011391 -0.048840 1.869198
    14 1.500137 0.000002 0.000000 0.117785 -0.032119 0.854975
    15 0.905666 -0.000002 -0.000001 0.110474 -0.051989 1.029571
    16 3.323331 0.233744 -1.479075 0.059018 -0.114598 1.951023
    17 0.963100 0.000011 0.000000 0.060462 0.054818 0.140231
    18 0.682894 -0.000006 -0.000001 0.068025 -0.045158 1.459530
    19 1.149529 0.416498 -1.414117 1.695985 0.643357 0.384411
    20 1.263884 0.000001 0.000000 -0.009336 0.006472 0.475854
    21 1.188946 0.000000 0.000002 -0.011266 0.001918 0.214483
    22 3.773762 0.133217 -0.970574 0.032715 0.177469 0.050100
    23 1.433458 0.000004 0.000000 -0.035223 0.012931 0.451773
    24 1.019165 0.000011 0.000000 -0.035247 0.012979 0.452115
    25 3.799517 0.014957 -0.039958 -0.033200 -0.011856 0.276310
    26 1.774879 0.000004 0.000000 -0.022399 0.008917 0.454686
    27 1.008841 0.000004 0.000000 -0.022387 0.008929 0.454767
    28 3.632765 0.059053 0.757493 -0.281201 -0.185819 0.459243
    29 1.500135 0.000004 0.000000 -0.017006 0.006568 0.424967
    30 0.905668 0.000002 -0.000001 -0.016994 0.006556 0.424967
    31 3.323332 0.233744 1.479075 -0.398951 -0.449061 0.621371
    32 0.963099 0.000010 0.000000 -0.017941 0.008941 0.549223
    33 0.682898 -0.000002 0.000000 -0.017989 0.008941 0.549349
    34 14.821153 -10.669605 -8.952167 0.490666 -0.050445 -2.242448
    35 -6.140408 -3.924542 -11.034252 0.097352 -2.666253 -4.623172
    36 0.000000 3.992340 0.007782 1.570796 0.000000 -1.570796
    37 19.563097 -4.589984 4.968902 -1.174985 0.212742 -0.943334
    38 -0.021929 2.029111 -0.137266 -1.570805 0.000001 0.000000
    39 0.007813 0.000000 0.007813 0.000007 0.000000 0.000001
    40 0.002397 -0.669111 0.409449 1.570796 0.000000 0.000000
    41 -0.002402 -6.221447 0.929182 -0.815749 0.000000 0.000000
  time 1
    0 -6.199004 -4.303460 -10.725649 -1.863744 -0.426335 -1.508520
    1 10.295578 0.000000 0.000002 0.380847 0.077119 -0.180734
    2 14.914905 -10.568040 -9.018575 -0.595774 -0.058848 -2.261148
    3 10.295582 0.000001 -0.000006 -0.365501 -0.277724 -0.272715
    4 1.149520 0.416502 1.414117 -1.975797 -0.193261 0.818202
    5 1.263885 0.000000 -0.000008 0.014382 0.000875 0.263063
    6 1.188939 -0.000002 0.000010 0.005010 -0.003655 0.745546
    7 3.773755 0.133215 0.970575 0.067380 0.025682 1.153102
    8 1.433456 0.000000 0.000000 0.082969 -0.033749 1.301888
    9 1.019165 -0.000006 0.000001 0.110953 -0.008162 1.179450
    10 3.799514 0.014957 0.039959 0.050807 0.037791 1.554701
    11 1.774878 0.000000 0.000000 0.024497 -0.090735 1.442753
    12 1.008844 -0.000004 0.000000 0.100695 -0.040017 0.463979
    13 3.632766 0.059052 -0.757493 -0.001618 -0.052375 1.578754
    14 1.500137 0.000002 0.000000 0.118600 -0.028523 0.826592
    15 0.905666 -0.000002 -0.000001 0.105129 -0.043947 1.015686
    16 3.323331 0.233744 -1.479075 0.087242 -0.088040 1.606049
    17 0.963100 0.000011 0.000000 0.059935 0.055597 0.128204
    18 0.682894 -0.000006 -0.000001 0.074077 -0.034552 1.311307
    19 1.149529 0.416498 -1.414117 1.695985 0.643357 0.384411
    20 1.263884 0.000001 0.000000 -0.009336 0.006472 0.475854
    21 1.188946 0.000000 0.000002 -0.011266 0.001918 0.214483
    22 3.773762 0.133217 -0.970574 0.032715 0.177469 0.050100
    23 1.433458 0.000004 0.000000 -0.035223 0.012931 0.451773
    24 1.019165 0.000011 0.000000 -0.035247 0.012979 0.452115
    25 3.799517 0.014957 -0.039958 -0.033200 -0.011856 0.276310
    26 1.774879 0.000004 0.000000 -0.022399 0.008917 0.454686
    27 1.008841 0.000004 0.000000 -0.022387 0.008929 0.454767
    28 3.632765 0.059053 0.757493 -0.281201 -0.185819 0.459243
    29 1.500135 0.000004 0.000000 -0.017006 0.006568 0.424967
    30 0.905668 0.000002 -0.000001 -0.016994 0.006556 0.424967
    31 3.323332 0.233744 1.479075 -0.398951 -0.449061 0.621371
    32 0.963099 0.000010 0.000000 -0.017941 0.008941 0.549223
    33 0.682898 -0.000002 0.000000 -0.017989 0.008941 0.549349
    34 14.914905 -10.568040 -9.018575 0.488041 -0.058913 -2.261288
    35 -6.199004 -4.303460 -10.725649 0.153680 -2.714241 -4.649091
    36 0.000000 3.992340 0.007782 1.570796 0.000000 -1.570796
    37 20.938139 -5.418134 4.578265 -1.313438 0.285693 -1.428964
    38 -0.021929 2.029111 -0.137266 -1.570805 0.000001 0.000000
    39 0.019532 0.000000 0.007813 0.000007 0.000000 0.000001
    40 0.002397 -0.669111 0.409449 1.532830 0.000000 0.000000
    41 -0.002402 -6.221447 0.929182 -1.091800 0.000000 0.000000
  time 2
    0 -6.519326 -4.338617 -10.596739 -1.887719 -0.504211 -1.512250
    1 10.295578 0.000000 0.000002 0.673903 -0.219540 0.242047
    2 15.036003 -10.349283 -9.178737 -0.605566 -0.062666 -2.288408
    3 10.295582 0.000001 -0.000006 -0.461751 -0.172113 -0.190085
    4 1.149520 0.416502 1.414117 -1.902273 -0.157948 0.745843
    5 1.263885 0.000000 -0.000008 0.023718 0.013686 0.266486
    6 1.188939 -0.000002 0.000010 0.005825 -0.001953 0.446697
    7 3.773755 0.133215 0.970575 0.069924 -0.057479 0.646111
    8 1.433456 0.000000 0.000000 0.083101 -0.047159 1.126588
    9 1.019165 -0.000006 0.000001 0.110833 -0.010199 1.196944
    10 3.799514 0.014957 0.039959 0.027731 0.036557 1.286694
    11 1.774878 0.000000 0.000000 0.035882 -0.087128 1.317382
    12 1.008844 -0.000004 0.000000 0.097998 -0.046273 0.527768
    13 3.632766 0.059052 -0.757493 0.016039 -0.043938 1.019436
    14 1.500137 0.000002 0.000000 0.120158 -0.020781 0.761789
    15 0.905666 -0.000002 -0.000001 0.095841 -0.027828 0.977004
    16 3.323331 0.233744 -1.479075 0.109006 -0.009143 0.941354
    17 0.963100 0.000011 0.000000 0.058713 0.056495 0.109728
    18 0.682894 -0.000006 -0.000001 0.080908 -0.011289 1.015562
    19 1.149529 0.416498 -1.414117 1.695985 0.643357 0.384411
    20 1.263884 0.000001 0.000000 -0.009336 0.006472 0.475854
    21 1.188946 0.000000 0.000002 -0.011266 0.001918 0.214483
    22 3.773762 0.133217 -0.970574 0.032715 0.177469 0.050100
    23 1.433458 0.000004 0.000000 -0.035223 0.012931 0.451773
    24 1.019165 0.000011 0.000000 -0.035247 0.012979 0.452115
    25 3.799517 0.014957 -0.039958 -0.033200 -0.011856 0.276310
    26 1.774879 0.000004 0.000000 -0.022399 0.008917 0.454686
    27 1.008841 0.000004 0.000000 -0.022387 0.008929 0.454767
    28 3.632765 0.059053 0.757493 -0.281201 -0.185819 0.459243
    29 1.500135 0.000004 0.000000 -0.017006 0.006568 0.424967
    30 0.905668 0.000002 -0.000001 -0.016994 0.006556 0.424967
    31 3.323332 0.233744 1.479075 -0.398951 -0.449061 0.621371
    32 0.963099 0.000010 0.000000 -0.017941 0.008941 0.549223
    33 0.682898 -0.000002 0.000000 -0.017989 0.008941 0.549349
    34 15.036003 -10.349283 -9.178737 0.478572 -0.062676 -2.288620
    35 -6.519326 -4.338617 -10.596739 0.238604 -2.636943 -4.651769
    36 0.000000 3.992340 0.007782 1.570796 0.000000 -1.570796
    37 21.000641 -6.000183 3.754021 4.470360 0.301830 -2.535499
    38 -0.021929 2.029111 -0.137266 -1.570805 0.000001 0.000000
    39 0.019532 0.000000 0.007813 -0.044773 0.000000 0.000001
    40 0.002397 -0.669111 0.409449 1.218068 0.000000 0.000000
    41 -0.014121 -6.221447 0.929182 -1.381824 0.000000 0.000000
  time 3
    0 -6.781053 -4.580812 -10.284229 -1.919191 -0.604095 -1.498191
    1 10.295578 0.000000 0.000002 1.193452 -0.525758 0.529062
    2 15.168819 -10.017242 -9.424838 -0.622748 -0.061001 -2.319450
    3 10.295582 0.000001 -0.000006 -0.579641 -0.045003 -0.118892
    4 1.149520 0.416502 1.414117 -1.855657 -0.133975 0.697795
    5 1.263885 0.000000 -0.000008 0.037596 0.032095 0.268060
    6 1.188939 -0.000002 0.000010 0.006364 -0.000048 0.100782
    7 3.773755 0.133215 0.970575 0.074615 -0.123562 0.308832
    8 1.433456 0.000000 0.000000 0.082047 -0.056340 1.008893
    9 1.019165 -0.000006 0.000001 0.110810 -0.011313 1.208195
    10 3.799514 0.014957 0.039959 0.004473 0.034267 1.023824
    11 1.774878 0.000000 0.000000 0.048598 -0.080489 1.165515
    12 1.008844 -0.000004 0.000000 0.096021 -0.050156 0.568106
    13 3.632766 0.059052 -0.757493 0.023108 -0.016229 0.525219
    14 1.500137 0.000002 0.000000 0.121596 -0.011074 0.680869
    15 0.905666 -0.000002 -0.000001 0.089825 -0.011254 0.911839
    16 3.323331 0.233744 -1.479075 0.083382 0.073022 0.341048
    17 0.963100 0.000011 0.000000 0.058677 0.056903 0.106112
    18 0.682894 -0.000006 -0.000001 0.080656 0.011985 0.727346
    19 1.149529 0.416498 -1.414117 1.695985 0.643357 0.384411
    20 1.263884 0.000001 0.000000 -0.009336 0.006472 0.475854
    21 1.188946 0.000000 0.000002 -0.011266 0.001918 0.214483
    22 3.773762 0.133217 -0.970574 0.032715 0.177469 0.050100
    23 1.433458 0.000004 0.000000 -0.035223 0.012931 0.451773
    24 1.019165 0.000011 0.000000 -0.035247 0.012979 0.452115
    25 3.799517 0.014957 -0.039958 -0.033200 -0.011856 0.276310
    26 1.774879 0.000004 0.000000 -0.022399 0.008917 0.454686
    27 1.008841 0.000004 0.000000 -0.022387 0.008929 0.454767
    28 3.632765 0.059053 0.757493 -0.281201 -0.185819 0.459243
    29 1.500135 0.000004 0.000000 -0.017006 0.006568 0.424967
    30 0.905668 0.000002 -0.000001 -0.016994 0.006556 0.424967
    31 3.323332 0.233744 1.479075 -0.398951 -0.449061 0.621371
    32 0.963099 0.000010 0.000000 -0.017941 0.008941 0.549223
    33 0.682898 -0.000002 0.000000 -0.017989 0.008941 0.549349
    34 15.168819 -10.017242 -9.424838 0.461228 -0.061012 -2.319663
    35 -6.781053 -4.580812 -10.284229 0.334128 -2.536082 -4.638188
    36 0.000000 3.992340 0.007782 1.570796 0.000000 -1.570796
    37 20.000610 -4.906400 2.804773 0.878243 -2.892161 -0.079992
    38 -0.021929 2.029111 -0.137266 -1.570805 0.000001 0.000000
    39 0.019532 0.000000 0.007813 -0.094337 0.000000 0.000001
    40 0.014116 -0.669111 0.409449 0.718331 0.000000 0.000000
    41 -0.002402 -6.221447 0.929182 -1.635927 0.000000 0.000000
  time 4
    0 -6.781053 -4.963636 -9.917030 -1.932997 -0.650463 -1.480880
    1 10.295578 0.000000 0.000002 2.433808 -0.541650 -0.137404
    2 15.344606 -9.607073 -9.710003 -0.646519 -0.052786 -2.349422
    3 10.295582 0.000001 -0.000006 -0.703781 0.083212 -0.054103
    4 1.149520 0.416502 1.414117 -1.850300 -0.131884 0.697822
    5 1.263885 0.000000 -0.000008 0.054051 0.053391 0.264400
    6 1.188939 -0.000002 0.000010 0.005956 0.001642 -0.180974
    7 3.773755 0.133215 0.970575 0.074429 -0.137273 0.269799
    8 1.433456 0.000000 0.000000 0.079829 -0.061121 1.028697
    9 1.019165 -0.000006 0.000001 0.110522 -0.014441 1.236679
    10 3.799514 0.014957 0.039959 -0.007184 0.038043 0.846797
    11 1.774878 0.000000 0.000000 0.062380 -0.070421 0.984071
    12 1.008844 -0.000004 0.000000 0.097591 -0.047016 0.534594
    13 3.632766 0.059052 -0.757493 0.019237 0.027718 0.339783
    14 1.500137 0.000002 0.000000 0.122027 0.001642 0.576828
    15 0.905666 -0.000002 -0.000001 0.094283 0.001930 0.793402
    16 3.323331 0.233744 -1.479075 0.064699 0.122964 0.073412
    17 0.963100 0.000011 0.000000 0.060786 0.054662 0.143194
    18 0.682894 -0.000006 -0.000001 0.077025 0.026977 0.536136
    19 1.149529 0.416498 -1.414117 1.695985 0.643357 0.384411
    20 1.263884 0.000001 0.000000 -0.009336 0.006472 0.475854
    21 1.188946 0.000000 0.000002 -0.011266 0.001918 0.214483
    22 3.773762 0.133217 -0.970574 0.032715 0.177469 0.050100
    23 1.433458 0.000004 0.000000 -0.035223 0.012931 0.451773
    24 1.019165 0.000011 0.000000 -0.035247 0.012979 0.452115
    25 3.799517 0.014957 -0.039958 -0.033200 -0.011856 0.276310
    26 1.774879 0.000004 0.000000 -0.022399 0.008917 0.454686
    27 1.008841 0.000004 0.000000 -0.022387 0.008929 0.454767
    28 3.632765 0.059053 0.757493 -0.281201 -0.185819 0.459243
    29 1.500135 0.000004 0.000000 -0.017006 0.006568 0.424967
    30 0.905668 0.000002 -0.000001 -0.016994 0.006556 0.424967
    31 3.323332 0.233744 1.479075 -0.398951 -0.449061 0.621371
    32 0.963099 0.000010 0.000000 -0.017941 0.008941 0.549223
    33 0.682898 -0.000002 0.000000 -0.017989 0.008941 0.549349
    34 15.344606 -9.607073 -9.710003 0.437790 -0.052779 -2.349279
    35 -6.781053 -4.963636 -9.917030 -2.377335 -0.651428 -1.480875
    36 0.000000 3.992340 0.007782 1.570796 0.000000 -1.570796
    37 18.563066 -0.761742 2.875088 0.335161 -2.645140 -0.259855
    38 -0.021929 2.029111 -0.137266 -1.570805 0.000001 0.000000
    39 0.007813 0.000000 0.007813 -0.102279 0.000000 0.000001
    40 0.002397 -0.669111 0.409449 0.626890 0.000000 0.000000
    41 -0.014121 -6.221447 0.929182 -1.806811 0.000000 0.000000
  time 5
    0 -6.781053 -5.080827 -9.815465 -1.935298 -0.655636 -1.481071
    1 10.295578 0.000000 0.000002 2.649457 -0.333744 -0.290589
    2 15.532112 -9.110964 -10.018606 -0.675833 -0.035487 -2.373756
    3 10.295582 0.000001 -0.000006 -0.808508 0.184725 0.008875
    4 1.149520 0.416502 1.414117 -1.850890 -0.132274 0.701027
    5 1.263885 0.000000 -0.000008 0.071224 0.075479 0.250433
    6 1.188939 -0.000002 0.000010 0.005825 0.001977 -0.262319
    7 3.773755 0.133215 0.970575 0.073820 -0.139741 0.273347
    8 1.433456 0.000000 0.000000 0.078907 -0.063207 1.046738
    9 1.019165 -0.000006 0.000001 0.110066 -0.015963 1.250061
    10 3.799514 0.014957 0.039959 -0.009641 0.048817 0.727135
    11 1.774878 0.000000 0.000000 0.075767 -0.055788 0.773713
    12 1.008844 -0.000004 0.000000 0.101474 -0.038027 0.444357
    13 3.632766 0.059052 -0.757493 0.014007 0.079659 0.378408
    14 1.500137 0.000002 0.000000 0.120901 0.016766 0.451593
    15 0.905666 -0.000002 -0.000001 0.103882 0.013722 0.630153
    16 3.323331 0.233744 -1.479075 0.073795 0.160236 0.047164
    17 0.963100 0.000011 0.000000 0.064237 0.050156 0.212349
    18 0.682894 -0.000006 -0.000001 0.072878 0.036577 0.411114
    19 1.149529 0.416498 -1.414117 1.695985 0.643357 0.384411
    20 1.263884 0.000001 0.000000 -0.009336 0.006472 0.475854
    21 1.188946 0.000000 0.000002 -0.011266 0.001918 0.214483
    22 3.773762 0.133217 -0.970574 0.032715 0.177469 0.050100
    23 1.433458 0.000004 0.000000 -0.035223 0.012931 0.451773
    24 1.019165 0.000011 0.000000 -0.035247 0.012979 0.452115
    25 3.799517 0.014957 -0.039958 -0.033200 -0.011856 0.276310
    26 1.774879 0.000004 0.000000 -0.022399 0.008917 0.454686
    27 1.008841 0.000004 0.000000 -0.022387 0.008929 0.454767
    28 3.632765 0.059053 0.757493 -0.281201 -0.185819 0.459243
    29 1.500135 0.000004 0.000000 -0.017006 0.006568 0.424967
    30 0.905668 0.000002 -0.000001 -0.016994 0.006556 0.424967
    31 3.323332 0.233744 1.479075 -0.398951 -0.449061 0.621371
    32 0.963099 0.000010 0.000000 -0.017941 0.008941 0.549223
    33 0.682898 -0.000002 0.000000 -0.017989 0.008941 0.549349
    34 15.532112 -9.110964 -10.018606 0.408352 -0.035555 -2.373400
    35 -6.781053 -5.080827 -9.815465 -1.402682 -0.655834 -1.480875
    36 0.000000 3.992340 0.007782 1.570796 0.000000 -1.570796
    37 18.551347 0.292978 3.734489 -0.211274 3.124572 0.087565
    38 -0.021929 2.029111 -0.137266 -1.570805 0.000001 0.000000
    39 0.019532 0.000000 0.007813 -0.090414 0.000000 0.000001
    40 0.002397 -0.669111 0.409449 -0.519499 0.000000 0.000000
    41 -0.002402 -6.221447 0.929182 -1.735805 0.000000 0.000000
  time 6
    0 -6.831836 -5.131610 -9.760776 -1.937228 -0.655636 -1.485662
    1 10.295578 0.000000 0.000002 2.853921 -0.060038 -0.273669
    2 15.731337 -8.575792 -10.272520 -0.707549 -0.008978 -2.388884
    3 10.295582 0.000001 -0.000006 -0.870461 0.243258 0.073302
    4 1.149520 0.416502 1.414117 -1.843100 -0.121696 0.633367
    5 1.263885 0.000000 -0.000008 0.119091 0.135390 0.201861
    6 1.188939 -0.000002 0.000010 0.005848 0.001906 -0.232348
    7 3.773755 0.133215 0.970575 0.087422 -0.094572 0.202422
    8 1.433456 0.000000 0.000000 0.095973 -0.028380 0.670230
    9 1.019165 -0.000006 0.000001 0.110546 0.014897 0.970162
    10 3.799514 0.014957 0.039959 -0.012307 0.056020 0.632036
    11 1.774878 0.000000 0.000000 0.083605 -0.043049 0.612366
    12 1.008844 -0.000004 0.000000 0.103799 -0.031112 0.377024
    13 3.632766 0.059052 -0.757493 0.013929 0.107715 0.399588
    14 1.500137 0.000002 0.000000 0.118600 0.028368 0.355917
    15 0.905666 -0.000002 -0.000001 0.109252 0.023382 0.505770
    16 3.323331 0.233744 -1.479075 0.079452 0.189352 0.017283
    17 0.963100 0.000011 0.000000 0.066946 0.046860 0.264683
    18 0.682894 -0.000006 -0.000001 0.068875 0.043672 0.311788
    19 1.149529 0.416498 -1.414117 1.695985 0.643357 0.384411
    20 1.263884 0.000001 0.000000 -0.009336 0.006472 0.475854
    21 1.188946 0.000000 0.000002 -0.011266 0.001918 0.214483
    22 3.773762 0.133217 -0.970574 0.032715 0.177469 0.050100
    23 1.433458 0.000004 0.000000 -0.035223 0.012931 0.451773
    24 1.019165 0.000011 0.000000 -0.035247 0.012979 0.452115
    25 3.799517 0.014957 -0.039958 -0.033200 -0.011856 0.276310
    26 1.774879 0.000004 0.000000 -0.022399 0.008917 0.454686
    27 1.008841 0.000004 0.000000 -0.022387 0.008929 0.454767
    28 3.632765 0.059053 0.757493 -0.281201 -0.185819 0.459243
    29 1.500135 0.000004 0.000000 -0.017006 0.006568 0.424967
    30 0.905668 0.000002 -0.000001 -0.016994 0.006556 0.424967
    31 3.323332 0.233744 1.479075 -0.398951 -0.449061 0.621371
    32 0.963099 0.000010 0.000000 -0.017941 0.008941 0.549223
    33 0.682898 -0.000002 0.000000 -0.017989 0.008941 0.549349
    34 15.731337 -8.575792 -10.272520 0.376289 -0.008958 -2.388600
    35 -6.831836 -5.131610 -9.760776 -0.651679 -0.656313 -1.485657
    36 0.000000 3.992340 0.007782 1.570796 0.000000 -1.570796
    37 18.660726 1.085971 5.273598 -0.669846 3.108340 -0.078856
    38 -0.021929 2.029111 -0.137266 -1.570805 0.000001 0.000000
    39 0.019532 0.000000 0.007813 -0.881237 0.000000 0.000001
    40 0.014116 -0.669111 0.409449 -1.547138 0.000000 0.000000
    41 -0.014121 -6.221447 0.929182 -1.542763 0.000000 0.000000
  time 7
    0 -6.909963 -5.080827 -9.760776 -1.939306 -0.655166 -1.491783
    1 10.295578 0.000000 0.000002 2.924849 0.016268 -0.210391
    2 16.157131 -7.689046 -10.549872 -0.750596 0.057829 -2.379037
    3 10.295582 0.000001 -0.000006 -0.850969 0.249014 0.127988
    4 1.149520 0.416502 1.414117 -1.876004 -0.143862 0.565464
    5 1.263885 0.000000 -0.000008 0.151893 0.176797 0.186890
    6 1.188939 -0.000002 0.000010 0.005956 0.001666 -0.180424
    7 3.773755 0.133215 0.970575 0.098926 -0.039418 0.146960
    8 1.433456 0.000000 0.000000 0.100455 0.000132 0.387318
    9 1.019165 -0.000006 0.000001 0.148921 -0.030884 0.696094
    10 3.799514 0.014957 0.039959 -0.015225 0.060022 0.551379
    11 1.774878 0.000000 0.000000 0.088267 -0.032334 0.490360
    12 1.008844 -0.000004 0.000000 0.105177 -0.026102 0.331073
    13 3.632766 0.059052 -0.757493 0.017593 0.116200 0.391116
    14 1.500137 0.000002 0.000000 0.116263 0.036925 0.283455
    15 0.905666 -0.000002 -0.000001 0.111313 0.030717 0.413969
    16 3.323331 0.233744 -1.479075 0.079955 0.212843 -0.034744
    17 0.963100 0.000011 0.000000 0.068624 0.044355 0.301548
    18 0.682894 -0.000006 -0.000001 0.064933 0.049365 0.226689
    19 1.149529 0.416498 -1.414117 1.695985 0.643357 0.384411
    20 1.263884 0.000001 0.000000 -0.009336 0.006472 0.475854
    21 1.188946 0.000000 0.000002 -0.011266 0.001918 0.214483
    22 3.773762 0.133217 -0.970574 0.032715 0.177469 0.050100
    23 1.433458 0.000004 0.000000 -0.035223 0.012931 0.451773
    24 1.019165 0.000011 0.000000 -0.035247 0.012979 0.452115
    25 3.799517 0.014957 -0.039958 -0.033200 -0.011856 0.276310
    26 1.774879 0.000004 0.000000 -0.022399 0.008917 0.454686
    27 1.008841 0.000004 0.000000 -0.022387 0.008929 0.454767
    28 3.632765 0.059053 0.757493 -0.281201 -0.185819 0.459243
    29 1.500135 0.000004 0.000000 -0.017006 0.006568 0.424967
    30 0.905668 0.000002 -0.000001 -0.016994 0.006556 0.424967
    31 3.323332 0.233744 1.479075 -0.398951 -0.449061 0.621371
    32 0.963099 0.000010 0.000000 -0.017941 0.008941 0.549223
    33 0.682898 -0.000002 0.000000 -0.017989 0.008941 0.549349
    34 16.157131 -7.689046 -10.549872 0.333257 0.057714 -2.378966
    35 -6.909963 -5.080827 -9.760776 -0.475730 -0.655259 -1.491587
    36 0.000000 3.992340 0.007782 1.570796 0.000000 -1.570796
    37 18.750572 1.054720 5.793146 -0.799101 -3.026891 0.075448
    38 -0.021929 2.029111 -0.137266 -1.570805 0.000001 0.000000
    39 0.019532 0.000000 0.007813 -2.022644 0.000000 0.000001
    40 0.014116 -0.669111 0.409449 -1.500133 0.000000 0.000000
    41 -0.002402 -6.221447 0.929182 -1.457153 0.000000 0.000000
  time 8
    0 -6.972465 -5.006606 -9.815465 -1.941830 -0.657141 -1.495513
    1 10.295578 0.000000 0.000002 2.965428 0.090900 -0.128320
    2 16.778244 -6.368693 -10.713940 -0.802573 0.193161 -2.336934
    3 10.295582 0.000001 -0.000006 -0.760227 0.220367 0.135479
    4 1.149520 0.416502 1.414117 -1.915371 -0.149089 0.515350
    5 1.263885 0.000000 -0.000008 0.140483 0.160522 0.220963
    6 1.188939 -0.000002 0.000010 0.006004 0.001163 -0.128775
    7 3.773755 0.133215 0.970575 0.102599 -0.017199 0.157431
    8 1.433456 0.000000 0.000000 0.099772 -0.008857 0.469836
    9 1.019165 -0.000006 0.000001 0.227480 -0.153307 0.667648
    10 3.799514 0.014957 0.039959 -0.017765 0.063234 0.481148
    11 1.774878 0.000000 0.000000 0.091323 -0.022927 0.384281
    12 1.008844 -0.000004 0.000000 0.106124 -0.022016 0.291044
    13 3.632766 0.059052 -0.757493 0.022875 0.116883 0.383982
    14 1.500137 0.000002 0.000000 0.113794 0.044211 0.220861
    15 0.905666 -0.000002 -0.000001 0.112260 0.037032 0.334153
    16 3.323331 0.233744 -1.479075 0.080171 0.233093 -0.079975
    17 0.963100 0.000011 0.000000 0.070038 0.042126 0.333576
    18 0.682894 -0.000006 -0.000001 0.061109 0.054027 0.152884
    19 1.149529 0.416498 -1.414117 1.695985 0.643357 0.384411
    20 1.263884 0.000001 0.000000 -0.009336 0.006472 0.475854
    21 1.188946 0.000000 0.000002 -0.011266 0.001918 0.214483
    22 3.773762 0.133217 -0.970574 0.033698 0.177085 0.056260
    23 1.433458 0.000004 0.000000 -0.034468 0.014921 0.503767
    24 1.019165 0.000011 0.000000 -0.035247 0.012979 0.452115
    25 3.799517 0.014957 -0.039958 -0.033295 -0.011629 0.290202
    26 1.774879 0.000004 0.000000 -0.022148 0.009576 0.485666
    27 1.008841 0.000004 0.000000 -0.022387 0.008929 0.454767
    28 3.632765 0.059053 0.757493 -0.284976 -0.179815 0.479779
    29 1.500135 0.000004 0.000000 -0.017006 0.006568 0.424967
    30 0.905668 0.000002 -0.000001 -0.016994 0.006556 0.424967
    31 3.323332 0.233744 1.479075 -0.404481 -0.442650 0.633254
    32 0.963099 0.000010 0.000000 -0.017917 0.008941 0.553334
    33 0.682898 -0.000002 0.000000 -0.017989 0.008941 0.549349
    34 16.778244 -6.368693 -10.713940 0.281600 0.193032 -2.336505
    35 -6.972465 -5.006606 -9.815465 -0.481092 -0.656792 -1.495317
    36 0.000000 3.992340 0.007782 1.570796 0.000000 -1.570796
    37 18.934172 0.929716 6.328318 -0.875658 -3.015623 0.021016
    38 -0.021929 2.029111 -0.137266 -1.570805 0.000001 0.000000
    39 0.007813 0.000000 0.007813 -2.170092 0.000000 0.000001
    40 0.002397 -0.669111 0.409449 4.669985 0.000000 0.000000
    41 -0.014121 -6.221447 0.929182 -1.435834 0.000000 0.000000
  time 9
    0 -6.956840 -5.022232 -9.815465 -1.941533 -0.657423 -1.494748
    1 10.295578 0.000000 0.000002 2.848806 0.055986 -0.097539
    2 16.981375 -5.872584 -10.737378 -0.818708 0.258285 -2.316667
    3 10.295582 0.000001 -0.000006 -0.719445 0.204509 0.123947
    4 1.149520 0.416502 1.414117 -1.811597 -0.297038 0.424767
    5 1.263885 0.000000 -0.000008 0.101497 0.099987 0.324580
    6 1.188939 -0.000002 0.000010 0.006316 0.001031 -0.079280
    7 3.773755 0.133215 0.970575 0.115431 -0.103512 0.243514
    8 1.433456 0.000000 0.000000 0.096800 -0.052013 0.529249
    9 1.019165 -0.000006 0.000001 0.057766 -0.057155 0.839669
    10 3.799514 0.014957 0.039959 -0.020125 0.065919 0.419308
    11 1.774878 0.000000 0.000000 0.092941 -0.014298 0.290810
    12 1.008844 -0.000004 0.000000 0.106843 -0.018241 0.255962
    13 3.632766 0.059052 -0.757493 0.028337 0.115194 0.377907
    14 1.500137 0.000002 0.000000 0.111001 0.050563 0.164893
    15 0.905666 -0.000002 -0.000001 0.112368 0.042521 0.263808
    16 3.323331 0.233744 -1.479075 0.080231 0.250718 -0.120226
    17 0.963100 0.000011 0.000000 0.071141 0.040053 0.361900
    18 0.682894 -0.000006 -0.000001 0.057634 0.057910 0.087659
    19 1.149529 0.416498 -1.414117 1.695985 0.643357 0.384411
    20 1.263884 0.000001 0.000000 -0.009336 0.006472 0.475854
    21 1.188946 0.000000 0.000002 -0.011266 0.001918 0.214483
    22 3.773762 0.133217 -0.970574 0.036981 0.176450 0.075526
    23 1.433458 0.000004 0.000000 -0.031496 0.019978 0.663406
    24 1.019165 0.000011 0.000000 -0.035247 0.012979 0.452115
    25 3.799517 0.014957 -0.039958 -0.033955 -0.010071 0.335080
    26 1.774879 0.000004 0.000000 -0.021189 0.011493 0.581781
    27 1.008841 0.000004 0.000000 -0.022387 0.008929 0.454767
    28 3.632765 0.059053 0.757493 -0.295798 -0.161298 0.543251
    29 1.500135 0.000004 0.000000 -0.017006 0.006568 0.424967
    30 0.905668 0.000002 -0.000001 -0.016994 0.006556 0.424967
    31 3.323332 0.233744 1.479075 -0.421144 -0.421821 0.669634
    32 0.963099 0.000010 0.000000 -0.017641 0.009336 0.566198
    33 0.682898 -0.000002 0.000000 -0.017989 0.008941 0.549349
    34 16.981375 -5.872584 -10.737378 0.265381 0.258112 -2.316523
    35 -6.956840 -5.022232 -9.815465 -0.630479 -0.657175 -1.494552
    36 0.000000 3.992340 0.007782 1.570796 0.000000 -1.570796
    37 19.113865 0.824244 5.996277 -0.690638 -3.017438 0.152505
    38 -0.021929 2.029111 -0.137266 -1.570805 0.000001 0.000000
    39 0.007813 0.000000 0.007813 -2.170762 0.000000 0.000001
    40 0.002397 -0.669111 0.409449 4.669795 0.000000 0.000000
    41 -0.002402 -6.221447 0.929182 -1.413215 0.000000 0.000000
  time 10
    0 -6.757615 -5.080827 -9.846716 -1.932329 -0.648488 -1.481645
    1 10.295578 0.000000 0.000002 2.565366 -0.097111 -0.166499
    2 16.981375 -5.872584 -10.737378 -0.818708 0.258285 -2.316667
    3 10.295582 0.000001 -0.000006 -0.719445 0.204509 0.123947
    4 1.149520 0.416502 1.414117 -1.656759 -0.353791 0.180530
    5 1.263885 0.000000 -0.000008 0.072351 0.062572 0.382280
    6 1.188939 -0.000002 0.000010 0.006340 0.000779 -0.041013
    7 3.773755 0.133215 0.970575 0.095662 -0.087692 0.245616
    8 1.433456 0.000000 0.000000 0.098010 -0.040544 0.714360
    9 1.019165 -0.000006 0.000001 0.079422 -0.104829 1.064844
    10 3.799514 0.014957 0.039959 -0.021856 0.067681 0.369114
    11 1.774878 0.000000 0.000000 0.093708 -0.007227 0.215066
    12 1.008844 -0.000004 0.000000 0.107238 -0.015149 0.227421
    13 3.632766 0.059052 -0.757493 0.032765 0.114391 0.372890
    14 1.500137 0.000002 0.000000 0.108652 0.055549 0.120156
    15 0.905666 -0.000002 -0.000001 0.112212 0.046932 0.206766
    16 3.323331 0.233744 -1.479075 0.080219 0.264901 -0.152860
    17 0.963100 0.000011 0.000000 0.071932 0.038483 0.384908
    18 0.682894 -0.000006 -0.000001 0.054458 0.060954 0.034691
    19 1.149529 0.416498 -1.414117 1.695985 0.643357 0.384411
    20 1.263884 0.000001 0.000000 -0.009336 0.006472 0.475854
    21 1.188946 0.000000 0.000002 -0.011266 0.001918 0.214483
    22 3.773762 0.133217 -0.970574 0.040697 0.175659 0.096112
    23 1.433458 0.000004 0.000000 -0.027601 0.025276 0.834968
    24 1.019165 0.000011 0.000000 -0.035247 0.012979 0.452115
    25 3.799517 0.014957 -0.039958 -0.034410 -0.008441 0.382705
    26 1.774879 0.000004 0.000000 -0.019811 0.013603 0.684696
    27 1.008841 0.000004 0.000000 -0.022387 0.008929 0.454767
    28 3.632765 0.059053 0.757493 -0.305949 -0.140637 0.610823
    29 1.500135 0.000004 0.000000 -0.017006 0.006568 0.424967
    30 0.905668 0.000002 -0.000001 -0.016994 0.006556 0.424967
    31 3.323332 0.233744 1.479075 -0.438127 -0.399134 0.707710
    32 0.963099 0.000010 0.000000 -0.017498 0.009612 0.580071
    33 0.682898 -0.000002 0.000000 -0.017989 0.008941 0.549349
    34 16.981375 -5.872584 -10.737378 0.265381 0.258112 -2.316523
    35 -6.757615 -5.080827 -9.846716 -0.944352 -0.649608 -1.481162
    36 0.000000 3.992340 0.007782 1.570796 0.000000 -1.570796
    37 19.063082 0.484390 4.461074 -0.279878 -2.786172 0.406964
    38 -0.021929 2.029111 -0.137266 -1.570805 0.000001 0.000000
    39 0.007813 0.000000 0.007813 -2.171240 0.000000 0.000001
    40 0.002397 -0.669111 0.409449 4.668938 0.000000 0.000000
    41 -0.014121 -6.221447 0.929182 -1.389210 0.000000 0.000000
  time 11
    0 -6.452918 -5.151142 -9.905311 -1.918300 -0.636073 -1.462708
    1 10.295578 0.000000 0.000002 2.218705 -0.297059 -0.229340
    2 16.981375 -5.872584 -10.737378 -0.818708 0.258285 -2.316667
    3 10.295582 0.000001 -0.000006 -0.719445 0.204509 0.123947
    4 1.149520 0.416502 1.414117 -1.693693 -0.296347 0.304414
    5 1.263885 0.000000 -0.000008 0.061757 0.061109 0.317773
    6 1.188939 -0.000002 0.000010 0.006328 0.000887 -0.053478
    7 3.773755 0.133215 0.970575 0.071438 0.025742 0.011506
    8 1.433456 0.000000 0.000000 0.088159 -0.053799 0.961643
    9 1.019165 -0.000006 0.000001 0.111337 -0.122327 1.227782
    10 3.799514 0.014957 0.039959 -0.022568 0.068472 0.348569
    11 1.774878 0.000000 0.000000 0.094115 -0.004255 0.183924
    12 1.008844 -0.000004 0.000000 0.107478 -0.013770 0.215672
    13 3.632766 0.059052 -0.757493 0.035095 0.112209 0.371051
    14 1.500137 0.000002 0.000000 0.107682 0.057310 0.101782
    15 0.905666 -0.000002 -0.000001 0.112020 0.048586 0.183563
    16 3.323331 0.233744 -1.479075 0.080231 0.270807 -0.165984
    17 0.963100 0.000011 0.000000 0.072423 0.037716 0.394799
    18 0.682894 -0.000006 -0.000001 0.053128 0.061936 0.013503
    19 1.149529 0.416498 -1.414117 1.695985 0.643357 0.384411
    20 1.263884 0.000001 0.000000 -0.009336 0.006472 0.475854
    21 1.188946 0.000000 0.000002 -0.011266 0.001918 0.214483
    22 3.773762 0.133217 -0.970574 0.042878 0.175336 0.108149
    23 1.433458 0.000004 0.000000 -0.025036 0.027756 0.935426
    24 1.019165 0.000011 0.000000 -0.035247 0.012979 0.452115
    25 3.799517 0.014957 -0.039958 -0.034626 -0.007302 0.411141
    26 1.774879 0.000004 0.000000 -0.019020 0.014921 0.744906
    27 1.008841 0.000004 0.000000 -0.022387 0.008929 0.454767
    28 3.632765 0.059053 0.757493 -0.311210 -0.128173 0.650144
    29 1.500135 0.000004 0.000000 -0.017006 0.006568 0.424967
    30 0.905668 0.000002 -0.000001 -0.016994 0.006556 0.424967
    31 3.323332 0.233744 1.479075 -0.447630 -0.385339 0.729754
    32 0.963099 0.000010 0.000000 -0.017486 0.009672 0.588193
    33 0.682898 -0.000002 0.000000 -0.017989 0.008941 0.549349
    34 16.981375 -5.872584 -10.737378 0.265381 0.258112 -2.316523
    35 -6.452918 -5.151142 -9.905311 -1.334706 -0.636773 -1.462225
    36 0.000000 3.992340 0.007782 1.570796 0.000000 -1.570796
    37 18.938078 -0.367199 2.656331 0.193354 -2.388093 0.398444
    38 -0.021929 2.029111 -0.137266 -1.570805 0.000001 0.000000
    39 0.019532 0.000000 0.007813 -2.107515 0.000000 0.000001
    40 0.002397 -0.669111 0.409449 -1.327623 0.000000 0.000000
    41 -0.014121 -6.221447 0.929182 -1.364660 0.000000 0.000000
  time 12
    0 -6.269319 -5.205831 -9.909218 -1.910358 -0.629019 -1.451901
    1 10.295578 0.000000 0.000002 1.897073 -0.448870 -0.146863
    2 16.981375 -5.872584 -10.737378 -0.818708 0.258285 -2.316667
    3 10.295582 0.000001 -0.000006 -0.719445 0.204509 0.123947
    4 1.149520 0.416502 1.414117 -1.750851 -0.363855 0.429384
    5 1.263885 0.000000 -0.000008 0.044870 0.070409 0.096474
    6 1.188939 -0.000002 0.000010 0.006100 0.001163 -0.123413
    7 3.773755 0.133215 0.970575 0.065233 0.051616 -0.070153
    8 1.433456 0.000000 0.000000 0.085462 -0.056471 0.999262
    9 1.019165 -0.000006 0.000001 0.116251 -0.113302 1.196458
    10 3.799514 0.014957 0.039959 -0.014778 0.083057 0.458670
    11 1.774878 0.000000 0.000000 0.093432 -0.012033 0.265735
    12 1.008844 -0.000004 0.000000 0.105944 -0.022915 0.300415
    13 3.632766 0.059052 -0.757493 0.049335 0.121485 0.499357
    14 1.500137 0.000002 0.000000 0.115028 0.040748 0.251594
    15 0.905666 -0.000002 -0.000001 0.118480 0.029206 0.348651
    16 3.323331 0.233744 -1.479075 0.108227 0.279057 0.022556
    17 0.963100 0.000011 0.000000 0.077121 0.026905 0.537552
    18 0.682894 -0.000006 -0.000001 0.060318 0.054818 0.139007
    19 1.149529 0.416498 -1.414117 1.695985 0.643357 0.384411
    20 1.263884 0.000001 0.000000 -0.009336 0.006472 0.475854
    21 1.188946 0.000000 0.000002 -0.011266 0.001918 0.214483
    22 3.773762 0.133217 -0.970574 0.041547 0.175516 0.101517
    23 1.433458 0.000004 0.000000 -0.025264 0.027601 0.927033
    24 1.019165 0.000011 0.000000 -0.035247 0.012979 0.452115
    25 3.799517 0.014957 -0.039958 -0.034650 -0.007386 0.408742
    26 1.774879 0.000004 0.000000 -0.019032 0.014885 0.739939
    27 1.008841 0.000004 0.000000 -0.022387 0.008929 0.454767
    28 3.632765 0.059053 0.757493 -0.311450 -0.127705 0.650218
    29 1.500135 0.000004 0.000000 -0.017006 0.006568 0.424967
    30 0.905668 0.000002 -0.000001 -0.016994 0.006556 0.424967
    31 3.323332 0.233744 1.479075 -0.446815 -0.386634 0.728029
    32 0.963099 0.000010 0.000000 -0.017486 0.009672 0.587512
    33 0.682898 -0.000002 0.000000 -0.017989 0.008941 0.549349
    34 16.981375 -5.872584 -10.737378 0.265381 0.258112 -2.316523
    35 -6.269319 -5.205831 -9.909218 -1.715200 -0.629206 -1.451800
    36 0.000000 3.992340 0.007782 1.570796 0.000000 -1.570796
    37 19.293558 -1.414106 1.636769 0.861283 -2.182799 -0.149476
    38 -0.021929 2.029111 -0.137266 -1.570805 0.000001 0.000000
    39 0.019532 0.000000 0.000000 -1.877301 0.000000 0.000001
    40 0.002397 -0.669111 0.409449 -0.401891 0.000000 0.000000
    41 -0.014121 -6.221447 0.929182 -1.338936 0.000000 0.000000
  time 13
    0 -6.359165 -5.237082 -9.846716 -1.915257 -0.634286 -1.457161
    1 10.295578 0.000000 0.000002 1.515493 -0.427058 -0.049620
    2 16.981375 -5.872584 -10.737378 -0.818708 0.258285 -2.316667
    3 10.295582 0.000001 -0.000006 -0.719445 0.204509 0.123947
    4 1.149520 0.416502 1.414117 -1.864479 -0.531649 0.574372
    5 1.263885 0.000000 -0.000008 0.028200 0.080285 -0.125239
    6 1.188939 -0.000002 0.000010 0.005944 0.001714 -0.193806
    7 3.773755 0.133215 0.970575 0.064563 0.053055 -0.082288
    8 1.433456 0.000000 0.000000 0.089813 -0.048346 0.914800
    9 1.019165 -0.000006 0.000001 0.132729 -0.088171 1.031053
    10 3.799514 0.014957 0.039959 -0.006486 0.096216 0.573349
    11 1.774878 0.000000 0.000000 0.091994 -0.020026 0.354751
    12 1.008844 -0.000004 0.000000 0.103499 -0.032203 0.386942
    13 3.632766 0.059052 -0.757493 0.062086 0.131529 0.626158
    14 1.500137 0.000002 0.000000 0.119978 0.022831 0.402956
    15 0.905666 -0.000002 -0.000001 0.121524 0.009120 0.516835
    16 3.323331 0.233744 -1.479075 0.132543 0.282057 0.208812
    17 0.963100 0.000011 0.000000 0.079949 0.016359 0.674336
    18 0.682894 -0.000006 -0.000001 0.067102 0.046440 0.267225
    19 1.149529 0.416498 -1.414117 1.695985 0.643357 0.384411
    20 1.263884 0.000001 0.000000 -0.009336 0.006472 0.475854
    21 1.188946 0.000000 0.000002 -0.011266 0.001918 0.214483
    22 3.773762 0.133217 -0.970574 0.036586 0.176738 0.072068
    23 1.433458 0.000004 0.000000 -0.027313 0.025743 0.850893
    24 1.019165 0.000011 0.000000 -0.035247 0.012979 0.452115
    25 3.799517 0.014957 -0.039958 -0.034506 -0.008117 0.387603
    26 1.774879 0.000004 0.000000 -0.019739 0.013770 0.694263
    27 1.008841 0.000004 0.000000 -0.022387 0.008929 0.454767
    28 3.632765 0.059053 0.757493 -0.309964 -0.131756 0.631434
    29 1.500135 0.000004 0.000000 -0.017006 0.006568 0.424967
    30 0.905668 0.000002 -0.000001 -0.016994 0.006556 0.424967
    31 3.323332 0.233744 1.479075 -0.439655 -0.396917 0.711214
    32 0.963099 0.000010 0.000000 -0.017498 0.009636 0.581307
    33 0.682898 -0.000002 0.000000 -0.017989 0.008941 0.549349
    34 16.981375 -5.872584 -10.737378 0.265381 0.258112 -2.316523
    35 -6.359165 -5.237082 -9.846716 -1.960234 -0.634570 -1.457443
    36 0.000000 3.992340 0.007782 1.570796 0.000000 -1.570796
    37 19.910764 -2.027406 1.828181 1.170863 -2.462094 -0.392575
    38 -0.021929 2.029111 -0.137266 -1.570805 0.000001 0.000000
    39 0.007813 0.000000 0.007813 -1.536764 0.000000 0.000001
    40 0.002397 -0.669111 0.409449 0.526505 0.000000 0.000000
    41 -0.002402 -6.221447 0.929182 -1.312581 0.000000 0.000000
  time 14
    0 -6.566203 -5.260520 -9.752963 -1.925129 -0.645008 -1.469212
    1 10.295578 0.000000 0.000002 1.595492 -0.276897 -0.109433
    2 16.981375 -5.872584 -10.737378 -0.818708 0.258285 -2.316667
    3 10.295582 0.000001 -0.000006 -0.719445 0.204509 0.123947
    4 1.149520 0.416502 1.414117 -1.914953 -0.592636 0.629157
    5 1.263885 0.000000 -0.000008 0.022915 0.083077 -0.192992
    6 1.188939 -0.000002 0.000010 0.005920 0.001834 -0.215208
    7 3.773755 0.133215 0.970575 0.063781 0.054469 -0.097840
    8 1.433456 0.000000 0.000000 0.094966 -0.036601 0.794753
    9 1.019165 -0.000006 0.000001 0.150119 -0.056543 0.812943
    10 3.799514 0.014957 0.039959 -0.007519 0.092608 0.565110
    11 1.774878 0.000000 0.000000 0.092042 -0.019823 0.352144
    12 1.008844 -0.000004 0.000000 0.103799 -0.031196 0.377024
    13 3.632766 0.059052 -0.757493 0.059056 0.129383 0.605647
    14 1.500137 0.000002 0.000000 0.119343 0.025264 0.381998
    15 0.905666 -0.000002 -0.000001 0.120937 0.012464 0.493264
    16 3.323331 0.233744 -1.479075 0.126922 0.278066 0.167858
    17 0.963100 0.000011 0.000000 0.079386 0.019199 0.637122
    18 0.682894 -0.000006 -0.000001 0.065987 0.047902 0.244024
    19 1.149529 0.416498 -1.414117 1.695985 0.643357 0.384411
    20 1.263884 0.000001 0.000000 -0.009336 0.006472 0.475854
    21 1.188946 0.000000 0.000002 -0.011266 0.001918 0.214483
    22 3.773762 0.133217 -0.970574 0.029215 0.177912 0.031337
    23 1.433458 0.000004 0.000000 -0.029878 0.022771 0.745873
    24 1.019165 0.000011 0.000000 -0.035247 0.012979 0.452115
    25 3.799517 0.014957 -0.039958 -0.034026 -0.009328 0.358168
    26 1.774879 0.000004 0.000000 -0.020578 0.012704 0.631000
    27 1.008841 0.000004 0.000000 -0.022387 0.008929 0.454767
    28 3.632765 0.059053 0.757493 -0.307423 -0.137988 0.604003
    29 1.500135 0.000004 0.000000 -0.017006 0.006568 0.424967
    30 0.905668 0.000002 -0.000001 -0.016994 0.006556 0.424967
    31 3.323332 0.233744 1.479075 -0.429410 -0.410939 0.688066
    32 0.963099 0.000010 0.000000 -0.017593 0.009480 0.572857
    33 0.682898 -0.000002 0.000000 -0.017989 0.008941 0.549349
    34 16.981375 -5.872584 -10.737378 0.265381 0.258112 -2.316523
    35 -6.566203 -5.260520 -9.752963 -1.899222 -0.645202 -1.468920
    36 0.000000 3.992340 0.007782 1.570796 0.000000 -1.570796
    37 19.785760 -1.566454 2.656331 1.449494 -2.313996 -0.660097
    38 -0.021929 2.029111 -0.137266 -1.570805 0.000001 0.000000
    39 0.007813 0.000000 0.000000 -1.159867 0.000000 0.000001
    40 0.014116 -0.669111 0.409449 0.769903 0.000000 0.000000
    41 -0.002402 -6.221447 0.929182 -1.285555 0.000000 0.000000
  time 15
    0 -6.769334 -5.272240 -9.647491 -1.935595 -0.655542 -1.482123
    1 10.295578 0.000000 0.000002 2.056525 -0.091749 -0.231213
    2 16.981375 -5.872584 -10.737378 -0.818708 0.258285 -2.316667
    3 10.295582 0.000001 -0.000006 -0.719445 0.204509 0.123947
    4 1.149520 0.416502 1.414117 -1.914953 -0.592636 0.629157
    5 1.263885 0.000000 -0.000008 0.022939 0.082885 -0.190356
    6 1.188939 -0.000002 0.000010 0.005920 0.001834 -0.215208
    7 3.773755 0.133215 0.970575 0.062987 0.055619 -0.112910
    8 1.433456 0.000000 0.000000 0.099161 -0.023514 0.659243
    9 1.019165 -0.000006 0.000001 0.162116 -0.026822 0.595356
    10 3.799514 0.014957 0.039959 -0.009641 0.086365 0.538564
    11 1.774878 0.000000 0.000000 0.092162 -0.018312 0.335649
    12 1.008844 -0.000004 0.000000 0.104530 -0.028380 0.351789
    13 3.632766 0.059052 -0.757493 0.053348 0.125357 0.561169
    14 1.500137 0.000002 0.000000 0.117880 0.031292 0.332421
    15 0.905666 -0.000002 -0.000001 0.119858 0.019559 0.437908
    16 3.323331 0.233744 -1.479075 0.115861 0.272133 0.085540
    17 0.963100 0.000011 0.000000 0.077852 0.024652 0.567968
    18 0.682894 -0.000006 -0.000001 0.063422 0.051090 0.193726
    19 1.149529 0.416498 -1.414117 1.695985 0.643357 0.384411
    20 1.263884 0.000001 0.000000 -0.009336 0.006472 0.475854
    21 1.188946 0.000000 0.000002 -0.011266 0.001918 0.214483
    22 3.773762 0.133217 -0.970574 0.021365 0.179207 -0.012475
    23 1.433458 0.000004 0.000000 -0.032263 0.019044 0.631943
    24 1.019165 0.000011 0.000000 -0.035247 0.012979 0.452115
    25 3.799517 0.014957 -0.039958 -0.033883 -0.010190 0.326434
    26 1.774879 0.000004 0.000000 -0.021357 0.011242 0.562689
    27 1.008841 0.000004 0.000000 -0.022387 0.008929 0.454767
    28 3.632765 0.059053 0.757493 -0.303899 -0.145598 0.571577
    29 1.500135 0.000004 0.000000 -0.017006 0.006568 0.424967
    30 0.905668 0.000002 -0.000001 -0.016994 0.006556 0.424967
    31 3.323332 0.233744 1.479075 -0.417957 -0.425907 0.662466
    32 0.963099 0.000010 0.000000 -0.017665 0.009156 0.563701
    33 0.682898 -0.000002 0.000000 -0.017989 0.008941 0.549349
    34 16.981375 -5.872584 -10.737378 0.265381 0.258112 -2.316523
    35 -6.769334 -5.272240 -9.647491 -1.376305 -0.655834 -1.481736
    36 0.000000 3.992340 0.007782 1.570796 0.000000 -1.570796
    37 18.688070 -0.832057 3.511826 -0.209358 -0.900715 1.247681
    38 -0.021929 2.029111 -0.137266 -1.570805 0.000001 0.000000
    39 0.019532 0.000000 0.007813 -0.700587 0.000000 0.000001
    40 0.002397 -0.669111 0.409449 0.601960 0.000000 0.000000
    41 -0.002402 -6.221447 0.929182 -1.258319 0.000000 0.000000
  time 16
    0 -6.894338 -5.280052 -9.573270 -1.941904 -0.660997 -1.489679
    1 10.295578 0.000000 0.000002 2.627701 0.028205 -0.312535
    2 16.981375 -5.872584 -10.737378 -0.818708 0.258285 -2.316667
    3 10.295582 0.000001 -0.000006 -0.719445 0.204509 0.123947
    4 1.149520 0.416502 1.414117 -1.914953 -0.592636 0.629157
    5 1.263885 0.000000 -0.000008 0.023634 0.082574 -0.180854
    6 1.188939 -0.000002 0.000010 0.005920 0.001834 -0.215208
    7 3.773755 0.133215 0.970575 0.062441 0.056734 -0.124256
    8 1.433456 0.000000 0.000000 0.101773 -0.011194 0.528571
    9 1.019165 -0.000006 0.000001 0.168060 -0.005117 0.429951
    10 3.799514 0.014957 0.039959 -0.013131 0.078587 0.493913
    11 1.774878 0.000000 0.000000 0.092881 -0.015772 0.306831
    12 1.008844 -0.000004 0.000000 0.105381 -0.024485 0.314376
    13 3.632766 0.059052 -0.757493 0.045788 0.120251 0.498465
    14 1.500137 0.000002 0.000000 0.115484 0.039274 0.262637
    15 0.905666 -0.000002 -0.000001 0.117713 0.029135 0.361157
    16 3.323331 0.233744 -1.479075 0.101311 0.265651 -0.014062
    17 0.963100 0.000011 0.000000 0.075575 0.031160 0.485218
    18 0.682894 -0.000006 -0.000001 0.060199 0.054961 0.131215
    19 1.149529 0.416498 -1.414117 1.695985 0.643357 0.384411
    20 1.263884 0.000001 0.000000 -0.009336 0.006472 0.475854
    21 1.188946 0.000000 0.000002 -0.011266 0.001918 0.214483
    22 3.773762 0.133217 -0.970574 0.014247 0.179866 -0.052107
    23 1.433458 0.000004 0.000000 -0.033880 0.015760 0.529290
    24 1.019165 0.000011 0.000000 -0.035247 0.012979 0.452115
    25 3.799517 0.014957 -0.039958 -0.033595 -0.011137 0.297898
    26 1.774879 0.000004 0.000000 -0.022112 0.009731 0.501258
    27 1.008841 0.000004 0.000000 -0.022387 0.008929 0.454767
    28 3.632765 0.059053 0.757493 -0.299873 -0.153424 0.537735
    29 1.500135 0.000004 0.000000 -0.017006 0.006568 0.424967
    30 0.905668 0.000002 -0.000001 -0.016994 0.006556 0.424967
    31 3.323332 0.233744 1.479075 -0.407217 -0.439330 0.639210
    32 0.963099 0.000010 0.000000 -0.017917 0.008941 0.555478
    33 0.682898 -0.000002 0.000000 -0.017989 0.008941 0.549349
    34 16.981375 -5.872584 -10.737378 0.265381 0.258112 -2.316523
    35 -6.894338 -5.280052 -9.573270 -0.674235 -0.662060 -1.489674
    36 0.000000 3.992340 0.007782 1.570796 0.000000 -1.570796
    37 17.422407 0.390637 4.906400 0.617529 -0.620656 1.133326
    38 -0.021929 2.029111 -0.137266 -1.570805 0.000001 0.000000
    39 0.007813 0.000000 0.007813 -0.425880 0.000000 0.000001
    40 0.002397 -0.669111 0.409449 0.423075 0.000000 0.000000
    41 -0.014121 -6.221447 0.929182 -1.230832 0.000000 0.000000
  time 17
    0 -6.781053 -5.303491 -9.596708 -1.937970 -0.660903 -1.480593
    1 10.295578 0.000000 0.000002 2.933647 -0.060693 -0.321994
    2 16.981375 -5.872584 -10.737378 -0.818708 0.258285 -2.316667
    3 10.295582 0.000001 -0.000006 -0.719445 0.204509 0.123947
    4 1.149520 0.416502 1.414117 -1.914953 -0.592636 0.629157
    5 1.263885 0.000000 -0.000008 0.025168 0.081256 -0.157148
    6 1.188939 -0.000002 0.000010 0.005920 0.001834 -0.215208
    7 3.773755 0.133215 0.970575 0.062230 0.056950 -0.126052
    8 1.433456 0.000000 0.000000 0.102804 -0.001438 0.426972
    9 1.019165 -0.000006 0.000001 0.169151 0.001942 0.382329
    10 3.799514 0.014957 0.039959 -0.018031 0.070976 0.429683
    11 1.774878 0.000000 0.000000 0.093432 -0.012033 0.265972
    12 1.008844 -0.000004 0.000000 0.106591 -0.019487 0.266903
    13 3.632766 0.059052 -0.757493 0.036817 0.116380 0.422663
    14 1.500137 0.000002 0.000000 0.112056 0.048574 0.182374
    15 0.905666 -0.000002 -0.000001 0.114585 0.039465 0.275241
    16 3.323331 0.233744 -1.479075 0.087254 0.261526 -0.102239
    17 0.963100 0.000011 0.000000 0.072938 0.036565 0.412360
    18 0.682894 -0.000006 -0.000001 0.056975 0.058497 0.075971
    19 1.149529 0.416498 -1.414117 1.695985 0.643357 0.384411
    20 1.263884 0.000001 0.000000 -0.009336 0.006472 0.475854
    21 1.188946 0.000000 0.000002 -0.011266 0.001918 0.214483
    22 3.773762 0.133217 -0.970574 0.010184 0.180154 -0.075962
    23 1.433458 0.000004 0.000000 -0.034875 0.013603 0.468086
    24 1.019165 0.000011 0.000000 -0.035247 0.012979 0.452115
    25 3.799517 0.014957 -0.039958 -0.033235 -0.011736 0.280208
    26 1.774879 0.000004 0.000000 -0.022207 0.008941 0.464334
    27 1.008841 0.000004 0.000000 -0.022387 0.008929 0.454767
    28 3.632765 0.059053 0.757493 -0.295774 -0.161083 0.507620
    29 1.500135 0.000004 0.000000 -0.017006 0.006568 0.424967
    30 0.905668 0.000002 -0.000001 -0.016994 0.006556 0.424967
    31 3.323332 0.233744 1.479075 -0.400639 -0.447192 0.625089
    32 0.963099 0.000010 0.000000 -0.017941 0.008941 0.550509
    33 0.682898 -0.000002 0.000000 -0.017989 0.008941 0.549349
    34 16.981375 -5.872584 -10.737378 0.265381 0.258112 -2.316523
    35 -6.781053 -5.303491 -9.596708 -0.420881 -0.661677 -1.480684
    36 0.000000 3.992340 0.007782 1.570796 0.000000 -1.570796
    37 16.438002 0.261727 5.371258 1.327042 -0.051849 1.816332
    38 -0.021929 2.029111 -0.137266 -1.570805 0.000001 0.000000
    39 0.019532 0.000000 0.007813 -0.499652 0.000000 0.000001
    40 0.002397 -0.669111 0.409449 0.354661 0.000000 0.000000
    41 -0.002402 -6.221447 0.929182 -1.203344 0.000000 0.000000
  time 18
    0 -6.589641 -5.303491 -9.690461 -1.929137 -0.653849 -1.467777
    1 10.295578 0.000000 0.000002 2.825959 -0.204667 -0.296770
    2 16.981375 -5.872584 -10.737378 -0.818708 0.258285 -2.316667
    3 10.295582 0.000001 -0.000006 -0.719445 0.204509 0.123947
    4 1.149520 0.416502 1.414117 -1.914953 -0.592636 0.629157
    5 1.263885 0.000000 -0.000008 0.027601 0.078942 -0.115304
    6 1.188939 -0.000002 0.000010 0.005920 0.001834 -0.215208
    7 3.773755 0.133215 0.970575 0.062416 0.056255 -0.112384
    8 1.433456 0.000000 0.000000 0.102253 0.007814 0.341515
    9 1.019165 -0.000006 0.000001 0.169115 0.003500 0.382815
    10 3.799514 0.014957 0.039959 -0.026016 0.064696 0.317090
    11 1.774878 0.000000 0.000000 0.093815 -0.005573 0.197243
    12 1.008844 -0.000004 0.000000 0.107706 -0.011865 0.196383
    13 3.632766 0.059052 -0.757493 0.026655 0.114858 0.331032
    14 1.500137 0.000002 0.000000 0.106303 0.059671 0.079931
    15 0.905666 -0.000002 -0.000001 0.109719 0.051666 0.170812
    16 3.323331 0.233744 -1.479075 0.077115 0.265611 -0.151571
    17 0.963100 0.000011 0.000000 0.071344 0.039333 0.370179
    18 0.682894 -0.000006 -0.000001 0.054806 0.060702 0.045197
    19 1.149529 0.416498 -1.414117 1.695985 0.643357 0.384411
    20 1.263884 0.000001 0.000000 -0.009336 0.006472 0.475854
    21 1.188946 0.000000 0.000002 -0.011266 0.001918 0.214483
    22 3.773762 0.133217 -0.970574 0.009309 0.180154 -0.080865
    23 1.433458 0.000004 0.000000 -0.035223 0.012931 0.451773
    24 1.019165 0.000011 0.000000 -0.035247 0.012979 0.452115
    25 3.799517 0.014957 -0.039958 -0.033200 -0.011856 0.276310
    26 1.774879 0.000004 0.000000 -0.022399 0.008917 0.454686
    27 1.008841 0.000004 0.000000 -0.022387 0.008929 0.454767
    28 3.632765 0.059053 0.757493 -0.292083 -0.166655 0.486302
    29 1.500135 0.000004 0.000000 -0.017006 0.006568 0.424967
    30 0.905668 0.000002 -0.000001 -0.016994 0.006556 0.424967
    31 3.323332 0.233744 1.479075 -0.398951 -0.449061 0.621371
    32 0.963099 0.000010 0.000000 -0.017941 0.008941 0.549223
    33 0.682898 -0.000002 0.000000 -0.017989 0.008941 0.549349
    34 16.981375 -5.872584 -10.737378 0.265381 0.258112 -2.316523
    35 -6.589641 -5.303491 -9.690461 -0.450709 -0.654110 -1.467868
    36 0.000000 3.992340 0.007782 1.570796 0.000000 -1.570796
    37 16.187994 0.218757 5.562670 1.783410 -0.152968 1.988527
    38 -0.021929 2.029111 -0.137266 -1.570805 0.000001 0.000000
    39 0.019532 0.000000 0.007813 -0.030612 0.000000 0.000001
    40 0.002397 -0.669111 0.409449 0.328684 0.000000 0.000000
    41 -0.002402 -6.221447 0.929182 -1.175857 0.000000 0.000000
  time 19
    0 -6.484169 -5.182393 -9.846716 -1.919859 -0.636073 -1.466247
    1 10.295578 0.000000 0.000002 2.626269 -0.254915 -0.207363
    2 16.981375 -5.872584 -10.737378 -0.818708 0.258285 -2.316667
    3 10.295582 0.000001 -0.000006 -0.719445 0.204509 0.123947
    4 1.149520 0.416502 1.414117 -1.914953 -0.592636 0.629157
    5 1.263885 0.000000 -0.000008 0.041383 0.067449 0.107471
    6 1.188939 -0.000002 0.000010 0.005920 0.001834 -0.215208
    7 3.773755 0.133215 0.970575 0.063049 0.054852 -0.080842
    8 1.433456 0.000000 0.000000 0.101162 0.015940 0.274325
    9 1.019165 -0.000006 0.000001 0.168252 0.004147 0.384423
    10 3.799514 0.014957 0.039959 -0.038985 0.057673 0.115144
    11 1.774878 0.000000 0.000000 0.093791 0.005789 0.075238
    12 1.008844 -0.000004 0.000000 0.108508 0.000935 0.080625
    13 3.632766 0.059052 -0.757493 0.012971 0.116392 0.199939
    14 1.500137 0.000002 0.000000 0.096033 0.075359 -0.071713
    15 0.905666 -0.000002 -0.000001 0.100707 0.067365 0.021999
    16 3.323331 0.233744 -1.479075 0.071362 0.283517 -0.152860
    17 0.963100 0.000011 0.000000 0.071272 0.039274 0.366954
    18 0.682894 -0.000006 -0.000001 0.054051 0.061829 0.044059
    19 1.149529 0.416498 -1.414117 1.695985 0.643357 0.384411
    20 1.263884 0.000001 0.000000 -0.009336 0.006472 0.475854
    21 1.188946 0.000000 0.000002 -0.011266 0.001918 0.214483
    22 3.773762 0.133217 -0.970574 0.011910 0.180058 -0.065999
    23 1.433458 0.000004 0.000000 -0.035223 0.012931 0.451773
    24 1.019165 0.000011 0.000000 -0.035247 0.012979 0.452115
    25 3.799517 0.014957 -0.039958 -0.033200 -0.011856 0.276310
    26 1.774879 0.000004 0.000000 -0.022399 0.008917 0.454686
    27 1.008841 0.000004 0.000000 -0.022387 0.008929 0.454767
    28 3.632765 0.059053 0.757493 -0.289494 -0.171258 0.474859
    29 1.500135 0.000004 0.000000 -0.017006 0.006568 0.424967
    30 0.905668 0.000002 -0.000001 -0.016994 0.006556 0.424967
    31 3.323332 0.233744 1.479075 -0.398951 -0.449061 0.621371
    32 0.963099 0.000010 0.000000 -0.017941 0.008941 0.549223
    33 0.682898 -0.000002 0.000000 -0.017989 0.008941 0.549349
    34 16.981375 -5.872584 -10.737378 0.265381 0.258112 -2.316523
    35 -6.484169 -5.182393 -9.846716 -0.763103 -0.635911 -1.465477
    36 0.000000 3.992340 0.007782 1.570796 0.000000 -1.570796
    37 16.250496 0.031251 5.105625 1.877884 -0.155737 1.930119
    38 -0.021929 2.029111 -0.137266 -1.570805 0.000001 0.000000
    39 0.019532 0.000000 0.007813 0.324087 0.000000 0.000001
    40 0.002397 -0.669111 0.409449 0.466940 0.000000 0.000000
    41 -0.002402 -6.221447 0.929182 -1.148579 0.000000 0.000000
  time 20
    0 -6.421667 -5.006606 -10.042034 -1.909096 -0.609362 -1.469690
    1 10.295578 0.000000 0.000002 2.411643 -0.273864 -0.076311
    2 16.981375 -5.872584 -10.737378 -0.818708 0.258285 -2.316667
    3 10.295582 0.000001 -0.000006 -0.719445 0.204509 0.123947
    4 1.149520 0.416502 1.414117 -1.914953 -0.592636 0.629157
    5 1.263885 0.000000 -0.000008 0.058713 0.050803 0.420465
    6 1.188939 -0.000002 0.000010 0.005920 0.001834 -0.215208
    7 3.773755 0.133215 0.970575 0.064836 0.052336 -0.031864
    8 1.433456 0.000000 0.000000 0.100383 0.019811 0.244528
    9 1.019165 -0.000006 0.000001 0.166118 0.003907 0.388011
    10 3.799514 0.014957 0.039959 -0.047026 0.052544 -0.019521
    11 1.774878 0.000000 0.000000 0.092976 0.013543 -0.005957
    12 1.008844 -0.000004 0.000000 0.108988 0.009648 0.004848
    13 3.632766 0.059052 -0.757493 -0.005009 0.121953 0.039641
    14 1.500137 0.000002 0.000000 0.088231 0.084372 -0.169739
    15 0.905666 -0.000002 -0.000001 0.093767 0.076606 -0.072499
    16 3.323331 0.233744 -1.479075 0.069301 0.297191 -0.142021
    17 0.963100 0.000011 0.000000 0.071812 0.038147 0.371530
    18 0.682894 -0.000006 -0.000001 0.054015 0.062428 0.051063
    19 1.149529 0.416498 -1.414117 1.695985 0.643357 0.384411
    20 1.263884 0.000001 0.000000 -0.009336 0.006472 0.475854
    21 1.188946 0.000000 0.000002 -0.011266 0.001918 0.214483
    22 3.773762 0.133217 -0.970574 0.032691 0.177469 0.050005
    23 1.433458 0.000004 0.000000 -0.035223 0.012931 0.451773
    24 1.019165 0.000011 0.000000 -0.035247 0.012979 0.452115
    25 3.799517 0.014957 -0.039958 -0.033200 -0.011856 0.276310
    26 1.774879 0.000004 0.000000 -0.022399 0.008917 0.454686
    27 1.008841 0.000004 0.000000 -0.022387 0.008929 0.454767
    28 3.632765 0.059053 0.757493 -0.281201 -0.185795 0.459243
    29 1.500135 0.000004 0.000000 -0.017006 0.006568 0.424967
    30 0.905668 0.000002 -0.000001 -0.016994 0.006556 0.424967
    31 3.323332 0.233744 1.479075 -0.398951 -0.449061 0.621371
    32 0.963099 0.000010 0.000000 -0.017941 0.008941 0.549223
    33 0.682898 -0.000002 0.000000 -0.017989 0.008941 0.549349
    34 16.981375 -5.872584 -10.737378 0.265381 0.258112 -2.316523
    35 -6.421667 -5.006606 -10.042034 -1.447486 -0.609187 -1.469972
    36 0.000000 3.992340 0.007782 1.570796 0.000000 -1.570796
    37 17.250526 -0.835963 4.242317 1.813975 0.639753 1.901057
    38 -0.021929 2.029111 -0.137266 -1.570805 0.000001 0.000000
    39 0.019532 0.000000 0.007813 0.416804 0.000000 0.000001
    40 0.002397 -0.669111 0.409449 0.338390 0.000000 0.000000
    41 -0.002402 -6.221447 0.929182 -1.121889 0.000000 0.000000
  time 21
    0 -6.199004 -4.791756 -10.315480 -1.893583 -0.580958 -1.459743
    1 10.295578 0.000000 0.000002 2.123020 -0.436666 -0.015405
    2 16.981375 -5.872584 -10.737378 -0.818708 0.258285 -2.316667
    3 10.295582 0.000001 -0.000006 -0.719445 0.204509 0.123947
    4 1.149520 0.416502 1.414117 -1.908613 -0.528194 0.561253
    5 1.263885 0.000000 -0.000008 0.053236 0.054039 0.335990
    6 1.188939 -0.000002 0.000010 0.005920 0.001834 -0.215208
    7 3.773755 0.133215 0.970575 0.069564 0.046415 0.061754
    8 1.433456 0.000000 0.000000 0.101965 0.011014 0.333783
    9 1.019165 -0.000006 0.000001 0.164477 -0.008929 0.466845
    10 3.799514 0.014957 0.039959 -0.047123 0.053695 0.021468
    11 1.774878 0.000000 0.000000 0.092629 0.016742 -0.042407
    12 1.008844 -0.000004 0.000000 0.111289 0.004362 0.061550
    13 3.632766 0.059052 -0.757493 -0.024350 0.173702 -0.127068
    14 1.500137 0.000002 0.000000 0.091323 0.081160 -0.132850
    15 0.905666 -0.000002 -0.000001 0.097315 0.072591 -0.028453
    16 3.323331 0.233744 -1.479075 0.071398 0.292356 -0.190826
    17 0.963100 0.000011 0.000000 0.071560 0.035139 0.358152
    18 0.682894 -0.000006 -0.000001 0.054086 0.061805 0.046204
    19 1.149529 0.416498 -1.414117 1.695985 0.643357 0.384411
    20 1.263884 0.000001 0.000000 -0.009336 0.006472 0.475854
    21 1.188946 0.000000 0.000002 -0.011266 0.001918 0.214483
    22 3.773762 0.133217 -0.970574 0.032715 0.177469 0.050100
    23 1.433458 0.000004 0.000000 -0.035223 0.012931 0.451773
    24 1.019165 0.000011 0.000000 -0.035247 0.012979 0.452115
    25 3.799517 0.014957 -0.039958 -0.033200 -0.011856 0.276310
    26 1.774879 0.000004 0.000000 -0.022399 0.008917 0.454686
    27 1.008841 0.000004 0.000000 -0.022387 0.008929 0.454767
    28 3.632765 0.059053 0.757493 -0.281201 -0.185819 0.459243
    29 1.500135 0.000004 0.000000 -0.017006 0.006568 0.424967
    30 0.905668 0.000002 -0.000001 -0.016994 0.006556 0.424967
    31 3.323332 0.233744 1.479075 -0.398951 -0.449061 0.621371
    32 0.963099 0.000010 0.000000 -0.017941 0.008941 0.549223
    33 0.682898 -0.000002 0.000000 -0.017989 0.008941 0.549349
    34 16.981375 -5.872584 -10.737378 0.265381 0.258112 -2.316523
    35 -6.199004 -4.791756 -10.315480 -1.683215 -0.580739 -1.459260
    36 0.000000 3.992340 0.007782 1.570796 0.000000 -1.570796
    37 17.734916 -1.964904 2.738365 1.607302 1.091877 1.507725
    38 -0.021929 2.029111 -0.137266 -1.570805 0.000001 0.000000
    39 0.019532 0.000000 0.007813 0.249454 0.000000 0.000001
    40 0.002397 -0.669111 0.409449 0.574747 0.000000 0.000000
    41 -0.002402 -6.221447 0.929182 -1.095828 0.000000 0.000000
  time 22
    0 -6.077906 -4.326898 -10.729555 -1.875843 -0.525843 -1.463569
    1 10.295578 0.000000 0.000002 1.879614 -0.539612 0.082431
    2 16.981375 -5.872584 -10.737378 -0.818708 0.258285 -2.316667
    3 10.295582 0.000001 -0.000006 -0.719445 0.204509 0.123947
    4 1.149520 0.416502 1.414117 -1.996955 -0.485953 0.783218
    5 1.263885 0.000000 -0.000008 0.036205 0.064165 0.073634
    6 1.188939 -0.000002 0.000010 0.005848 0.001906 -0.233677
    7 3.773755 0.133215 0.970575 0.075794 0.038433 0.172983
    8 1.433456 0.000000 0.000000 0.103139 -0.005597 0.491178
    9 1.019165 -0.000006 0.000001 0.162703 -0.032167 0.601000
    10 3.799514 0.014957 0.039959 -0.041093 0.057446 0.106651
    11 1.774878 0.000000 0.000000 0.093060 0.012824 -0.000080
    12 1.008844 -0.000004 0.000000 0.112799 -0.005645 0.163965
    13 3.632766 0.059052 -0.757493 -0.000013 0.138731 0.072247
    14 1.500137 0.000002 0.000000 0.099664 0.070445 -0.023828
    15 0.905666 -0.000002 -0.000001 0.105872 0.059456 0.098291
    16 3.323331 0.233744 -1.479075 0.077115 0.271142 -0.189244
    17 0.963100 0.000011 0.000000 0.070338 0.033629 0.321331
    18 0.682894 -0.000006 -0.000001 0.059492 0.055908 0.127582
    19 1.149529 0.416498 -1.414117 1.695985 0.643357 0.384411
    20 1.263884 0.000001 0.000000 -0.009336 0.006472 0.475854
    21 1.188946 0.000000 0.000002 -0.011266 0.001918 0.214483
    22 3.773762 0.133217 -0.970574 0.032715 0.177469 0.050100
    23 1.433458 0.000004 0.000000 -0.035223 0.012931 0.451773
    24 1.019165 0.000011 0.000000 -0.035247 0.012979 0.452115
    25 3.799517 0.014957 -0.039958 -0.033200 -0.011856 0.276310
    26 1.774879 0.000004 0.000000 -0.022399 0.008917 0.454686
    27 1.008841 0.000004 0.000000 -0.022387 0.008929 0.454767
    28 3.632765 0.059053 0.757493 -0.281201 -0.185819 0.459243
    29 1.500135 0.000004 0.000000 -0.017006 0.006568 0.424967
    30 0.905668 0.000002 -0.000001 -0.016994 0.006556 0.424967
    31 3.323332 0.233744 1.479075 -0.398951 -0.449061 0.621371
    32 0.963099 0.000010 0.000000 -0.017941 0.008941 0.549223
    33 0.682898 -0.000002 0.000000 -0.017989 0.008941 0.549349
    34 16.981375 -5.872584 -10.737378 0.265381 0.258112 -2.316523
    35 -6.077906 -4.326898 -10.729555 -1.725122 -0.525663 -1.463564
    36 0.000000 3.992340 0.007782 1.570796 0.000000 -1.570796
    37 18.188055 -3.605579 1.816462 0.702900 1.117658 0.530501
    38 -0.021929 2.029111 -0.137266 -1.570805 0.000001 0.000000
    39 0.007813 0.000000 0.007813 0.033975 0.000000 0.000001
    40 0.014116 -0.669111 0.409449 0.987706 0.000000 0.000000
    41 -0.002402 -6.221447 0.929182 -1.070775 0.000000 0.000000
  time 23
    0 -5.999779 -3.987044 -11.030346 -1.863744 -0.483237 -1.466151
    1 10.295578 0.000000 0.000002 1.654690 -0.608906 0.197187
    2 16.981375 -5.872584 -10.737378 -0.818708 0.258285 -2.316667
    3 10.295582 0.000001 -0.000006 -0.719445 0.204509 0.123947
    4 1.149520 0.416502 1.414117 -1.736377 -0.146945 0.448886
    5 1.263885 0.000000 -0.000008 0.023502 0.071165 -0.118452
    6 1.188939 -0.000002 0.000010 0.006268 0.001103 -0.085696
    7 3.773755 0.133215 0.970575 0.079790 0.033328 0.240316
    8 1.433456 0.000000 0.000000 0.103044 -0.017450 0.597072
    9 1.019165 -0.000006 0.000001 0.160582 -0.048250 0.690861
    10 3.799514 0.014957 0.039959 -0.015923 0.064612 0.226872
    11 1.774878 0.000000 0.000000 0.092042 -0.019954 0.353708
    12 1.008844 -0.000004 0.000000 0.110822 -0.016575 0.262503
    13 3.632766 0.059052 -0.757493 0.020933 0.071833 0.394460
    14 1.500137 0.000002 0.000000 0.113123 0.045925 0.206246
    15 0.905666 -0.000002 -0.000001 0.117821 0.028356 0.366153
    16 3.323331 0.233744 -1.479075 0.084078 0.209120 0.063042
    17 0.963100 0.000011 0.000000 0.064933 0.041742 0.209821
    18 0.682894 -0.000006 -0.000001 0.075083 0.031771 0.473231
    19 1.149529 0.416498 -1.414117 1.695985 0.643357 0.384411
    20 1.263884 0.000001 0.000000 -0.009336 0.006472 0.475854
    21 1.188946 0.000000 0.000002 -0.011266 0.001918 0.214483
    22 3.773762 0.133217 -0.970574 0.032715 0.177469 0.050100
    23 1.433458 0.000004 0.000000 -0.035223 0.012931 0.451773
    24 1.019165 0.000011 0.000000 -0.035247 0.012979 0.452115
    25 3.799517 0.014957 -0.039958 -0.033200 -0.011856 0.276310
    26 1.774879 0.000004 0.000000 -0.022399 0.008917 0.454686
    27 1.008841 0.000004 0.000000 -0.022387 0.008929 0.454767
    28 3.632765 0.059053 0.757493 -0.281201 -0.185819 0.459243
    29 1.500135 0.000004 0.000000 -0.017006 0.006568 0.424967
    30 0.905668 0.000002 -0.000001 -0.016994 0.006556 0.424967
    31 3.323332 0.233744 1.479075 -0.398951 -0.449061 0.621371
    32 0.963099 0.000010 0.000000 -0.017941 0.008941 0.549223
    33 0.682898 -0.000002 0.000000 -0.017989 0.008941 0.549349
    34 16.981375 -5.872584 -10.737378 0.265381 0.258112 -2.316523
    35 -5.999779 -3.987044 -11.030346 -1.731470 -0.484188 -1.465955
    36 0.000000 3.992340 0.007782 1.570796 0.000000 -1.570796
    37 18.875576 -5.406415 1.179724 0.075406 1.048431 -0.046954
    38 -0.021929 2.029111 -0.137266 -1.570805 0.000001 0.000000
    39 0.019532 0.000000 0.007813 -0.005543 0.000000 0.000001
    40 0.014116 -0.669111 0.409449 1.321498 0.000000 0.000000
    41 -0.014121 -6.221447 0.929182 -1.046602 0.000000 0.000000
  time 24
    0 -5.878682 -3.881572 -11.135818 -1.858103 -0.482955 -1.453144
    1 10.295578 0.000000 0.000002 1.497420 -0.552253 0.354368
    2 16.981375 -5.872584 -10.737378 -0.818708 0.258285 -2.316667
    3 10.295582 0.000001 -0.000006 -0.719445 0.204509 0.123947
    4 1.149520 0.416502 1.414117 -1.704284 -0.059770 0.412761
    5 1.263885 0.000000 -0.000008 0.021153 0.072411 -0.152053
    6 1.188939 -0.000002 0.000010 0.006340 0.000647 -0.030564
    7 3.773755 0.133215 0.970575 0.081279 0.032046 0.258803
    8 1.433456 0.000000 0.000000 0.103547 -0.018277 0.599152
    9 1.019165 -0.000006 0.000001 0.160606 -0.049472 0.697664
    10 3.799514 0.014957 0.039959 0.025302 0.073960 0.377505
    11 1.774878 0.000000 0.000000 0.062608 -0.070242 0.978762
    12 1.008844 -0.000004 0.000000 0.106064 -0.028284 0.358948
    13 3.632766 0.059052 -0.757493 0.029024 -0.008248 0.763159
    14 1.500137 0.000002 0.000000 0.121799 0.005717 0.542946
    15 0.905666 -0.000002 -0.000001 0.120014 -0.019727 0.755456
    16 3.323331 0.233744 -1.479075 0.072980 0.100290 0.525487
    17 0.963100 0.000011 0.000000 0.054830 0.057310 0.037654
    18 0.682894 -0.000006 -0.000001 0.080477 -0.014058 1.046511
    19 1.149529 0.416498 -1.414117 1.695985 0.643357 0.384411
    20 1.263884 0.000001 0.000000 -0.009336 0.006472 0.475854
    21 1.188946 0.000000 0.000002 -0.011266 0.001918 0.214483
    22 3.773762 0.133217 -0.970574 0.032751 0.177541 0.050162
    23 1.433458 0.000004 0.000000 -0.035235 0.012955 0.451859
    24 1.019165 0.000011 0.000000 -0.035247 0.012979 0.452115
    25 3.799517 0.014957 -0.039958 -0.033211 -0.011916 0.276310
    26 1.774879 0.000004 0.000000 -0.022471 0.008917 0.454686
    27 1.008841 0.000004 0.000000 -0.022387 0.008929 0.454767
    28 3.632765 0.059053 0.757493 -0.281213 -0.185819 0.459280
    29 1.500135 0.000004 0.000000 -0.017006 0.006568 0.424967
    30 0.905668 0.000002 -0.000001 -0.016994 0.006556 0.424967
    31 3.323332 0.233744 1.479075 -0.399082 -0.449109 0.621478
    32 0.963099 0.000010 0.000000 -0.018001 0.008941 0.549273
    33 0.682898 -0.000002 0.000000 -0.017989 0.008941 0.549349
    34 16.981375 -5.872584 -10.737378 0.265381 0.258112 -2.316523
    35 -5.878682 -3.881572 -11.135818 -1.728080 -0.482847 -1.453139
    36 0.000000 3.992340 0.007782 1.570796 0.000000 -1.570796
    37 19.313089 -6.168157 1.003937 -0.417852 1.127875 -0.590708
    38 -0.021929 2.029111 -0.137266 -1.570805 0.000001 0.000000
    39 0.019532 0.000000 0.007813 0.000007 0.000000 0.000001
    40 0.002397 -0.669111 0.409449 1.509613 0.000000 0.000000
    41 -0.002402 -6.221447 0.929182 -1.023228 0.000000 0.000000
  time 25
    0 -5.613049 -3.901104 -11.194413 -1.850606 -0.496969 -1.424356
    1 10.295578 0.000000 0.000002 1.488690 -0.456343 0.439998
    2 16.981375 -5.872584 -10.737378 -0.818708 0.258285 -2.316667
    3 10.295582 0.000001 -0.000006 -0.719445 0.204509 0.123947
    4 1.149520 0.416502 1.414117 -1.704284 -0.035531 0.459180
    5 1.263885 0.000000 -0.000008 0.019870 0.072711 -0.166886
    6 1.188939 -0.000002 0.000010 0.006340 0.000671 -0.032993
    7 3.773755 0.133215 0.970575 0.083910 0.030560 0.285701
    8 1.433456 0.000000 0.000000 0.104733 -0.016539 0.565602
    9 1.019165 -0.000006 0.000001 0.161373 -0.047639 0.683497
    10 3.799514 0.014957 0.039959 0.043031 0.077891 0.468892
    11 1.774878 0.000000 0.000000 0.038495 -0.085870 1.284582
    12 1.008844 -0.000004 0.000000 0.101390 -0.038135 0.444690
    13 3.632766 0.059052 -0.757493 0.034124 -0.033403 0.916212
    14 1.500137 0.000002 0.000000 0.120685 -0.018300 0.741865
    15 0.905666 -0.000002 -0.000001 0.114501 -0.042533 0.945617
    16 3.323331 0.233744 -1.479075 0.070727 0.053241 0.734768
    17 0.963100 0.000011 0.000000 0.055573 0.060247 0.053298
    18 0.682894 -0.000006 -0.000001 0.074113 -0.034360 1.308374
    19 1.149529 0.416498 -1.414117 1.695985 0.643357 0.384411
    20 1.263884 0.000001 0.000000 -0.009336 0.006472 0.475854
    21 1.188946 0.000000 0.000002 -0.011266 0.001918 0.214483
    22 3.773762 0.133217 -0.970574 0.032751 0.177541 0.050162
    23 1.433458 0.000004 0.000000 -0.035235 0.012955 0.451859
    24 1.019165 0.000011 0.000000 -0.035247 0.012979 0.452115
    25 3.799517 0.014957 -0.039958 -0.033211 -0.011916 0.276310
    26 1.774879 0.000004 0.000000 -0.022471 0.008917 0.454686
    27 1.008841 0.000004 0.000000 -0.022387 0.008929 0.454767
    28 3.632765 0.059053 0.757493 -0.281213 -0.185819 0.459280
    29 1.500135 0.000004 0.000000 -0.017006 0.006568 0.424967
    30 0.905668 0.000002 -0.000001 -0.016994 0.006556 0.424967
    31 3.323332 0.233744 1.479075 -0.399082 -0.449109 0.621478
    32 0.963099 0.000010 0.000000 -0.018001 0.008941 0.549273
    33 0.682898 -0.000002 0.000000 -0.017989 0.008941 0.549349
    34 16.981375 -5.872584 -10.737378 0.265381 0.258112 -2.316523
    35 -5.613049 -3.901104 -11.194413 -1.721486 -0.496832 -1.424447
    36 0.000000 3.992340 0.007782 1.570796 0.000000 -1.570796
    37 19.535752 -6.156438 0.695334 -0.793640 1.214576 -1.064694
    38 -0.021929 2.029111 -0.137266 -1.570805 0.000001 0.000000
    39 0.019532 0.000000 0.000000 0.000007 0.000000 0.000001
    40 0.002397 -0.669111 0.409449 1.572794 0.000000 0.000000
    41 -0.002402 -6.221447 0.929182 -1.001447 0.000000 0.000000
  time 26
    0 -5.425543 -3.979231 -11.186600 -1.847637 -0.518413 -1.401689
    1 10.295578 0.000000 0.000002 1.584853 -0.432129 0.433692
    2 16.981375 -5.872584 -10.737378 -0.818708 0.258285 -2.316667
    3 10.295582 0.000001 -0.000006 -0.719445 0.204509 0.123947
    4 1.149520 0.416502 1.414117 -1.702613 -0.034592 0.494110
    5 1.263885 0.000000 -0.000008 0.019823 0.072711 -0.167555
    6 1.188939 -0.000002 0.000010 0.006340 0.000695 -0.036980
    7 3.773755 0.133215 0.970575 0.085995 0.029469 0.306729
    8 1.433456 0.000000 0.000000 0.105920 -0.015053 0.539151
    9 1.019165 -0.000006 0.000001 0.162152 -0.046069 0.672433
    10 3.799514 0.014957 0.039959 0.029141 0.076250 0.490912
    11 1.774878 0.000000 0.000000 0.047938 -0.080944 1.171156
    12 1.008844 -0.000004 0.000000 0.097459 -0.046968 0.531074
    13 3.632766 0.059052 -0.757493 0.041296 0.001711 0.818617
    14 1.500137 0.000002 0.000000 0.119990 -0.022699 0.776639
    15 0.905666 -0.000002 -0.000001 0.116430 -0.036745 0.893816
    16 3.323331 0.233744 -1.479075 0.103577 0.093165 0.625909
    17 0.963100 0.000011 0.000000 0.068624 0.046296 0.296231
    18 0.682894 -0.000006 -0.000001 0.077996 -0.024281 1.176173
    19 1.149529 0.416498 -1.414117 1.695985 0.643357 0.384411
    20 1.263884 0.000001 0.000000 -0.009336 0.006472 0.475854
    21 1.188946 0.000000 0.000002 -0.011266 0.001918 0.214483
    22 3.773762 0.133217 -0.970574 0.032751 0.177541 0.050162
    23 1.433458 0.000004 0.000000 -0.035235 0.012955 0.451859
    24 1.019165 0.000011 0.000000 -0.035247 0.012979 0.452115
    25 3.799517 0.014957 -0.039958 -0.033211 -0.011916 0.276310
    26 1.774879 0.000004 0.000000 -0.022471 0.008917 0.454686
    27 1.008841 0.000004 0.000000 -0.022387 0.008929 0.454767
    28 3.632765 0.059053 0.757493 -0.281213 -0.185819 0.459280
    29 1.500135 0.000004 0.000000 -0.017006 0.006568 0.424967
    30 0.905668 0.000002 -0.000001 -0.016994 0.006556 0.424967
    31 3.323332 0.233744 1.479075 -0.399082 -0.449109 0.621478
    32 0.963099 0.000010 0.000000 -0.018001 0.008941 0.549273
    33 0.682898 -0.000002 0.000000 -0.017989 0.008941 0.549349
    34 16.981375 -5.872584 -10.737378 0.265381 0.258112 -2.316523
    35 -5.425543 -3.979231 -11.186600 -1.718528 -0.518383 -1.401684
    36 0.000000 3.992340 0.007782 1.570796 0.000000 -1.570796
    37 19.473251 -5.648610 0.367199 -1.422380 1.314454 -1.735867
    38 -0.021929 2.029111 -0.137266 -1.570805 0.000001 0.000000
    39 0.019532 0.000000 0.007813 0.000007 0.000000 0.000001
    40 0.002397 -0.669111 0.409449 1.589541 0.000000 0.000000
    41 -0.002402 -6.221447 0.929182 -0.981136 0.000000 0.000000
  time 27
    0 -5.390386 -4.014389 -11.159256 -1.851200 -0.547193 -1.388873
    1 10.295578 0.000000 0.000002 1.758695 -0.415800 0.392797
    2 16.981375 -5.872584 -10.737378 -0.818708 0.258285 -2.316667
    3 10.295582 0.000001 -0.000006 -0.719445 0.204509 0.123947
    4 1.149520 0.416502 1.414117 -1.717898 -0.070082 0.521679
    5 1.263885 0.000000 -0.000008 0.024305 0.071212 -0.108143
    6 1.188939 -0.000002 0.000010 0.006340 0.000791 -0.042067
    7 3.773755 0.133215 0.970575 0.085424 0.029769 0.301340
    8 1.433456 0.000000 0.000000 0.105464 -0.015256 0.545888
    9 1.019165 -0.000006 0.000001 0.161996 -0.046284 0.675199
    10 3.799514 0.014957 0.039959 0.004599 0.072846 0.482165
    11 1.774878 0.000000 0.000000 0.067941 -0.065088 0.902544
    12 1.008844 -0.000004 0.000000 0.093779 -0.053883 0.604353
    13 3.632766 0.059052 -0.757493 0.046254 0.060364 0.623929
    14 1.500137 0.000002 0.000000 0.120853 -0.017593 0.735944
    15 0.905666 -0.000002 -0.000001 0.120781 -0.018696 0.743318
    16 3.323331 0.233744 -1.479075 0.142982 0.166102 0.393427
    17 0.963100 0.000011 0.000000 0.079554 0.022615 0.618908
    18 0.682894 -0.000006 -0.000001 0.081723 -0.001294 0.893079
    19 1.149529 0.416498 -1.414117 1.695985 0.643357 0.384411
    20 1.263884 0.000001 0.000000 -0.009336 0.006472 0.475854
    21 1.188946 0.000000 0.000002 -0.011266 0.001918 0.214483
    22 3.773762 0.133217 -0.970574 0.032751 0.177541 0.050162
    23 1.433458 0.000004 0.000000 -0.035235 0.012955 0.451859
    24 1.019165 0.000011 0.000000 -0.035247 0.012979 0.452115
    25 3.799517 0.014957 -0.039958 -0.033211 -0.011916 0.276310
    26 1.774879 0.000004 0.000000 -0.022471 0.008917 0.454686
    27 1.008841 0.000004 0.000000 -0.022387 0.008929 0.454767
    28 3.632765 0.059053 0.757493 -0.281213 -0.185819 0.459280
    29 1.500135 0.000004 0.000000 -0.017006 0.006568 0.424967
    30 0.905668 0.000002 -0.000001 -0.016994 0.006556 0.424967
    31 3.323332 0.233744 1.479075 -0.399082 -0.449109 0.621478
    32 0.963099 0.000010 0.000000 -0.018001 0.008941 0.549273
    33 0.682898 -0.000002 0.000000 -0.017989 0.008941 0.549349
    34 16.981375 -5.872584 -10.737378 0.265381 0.258112 -2.316523
    35 -5.390386 -4.014389 -11.159256 -1.719329 -0.548172 -1.388868
    36 0.000000 3.992340 0.007782 1.570796 0.000000 -1.570796
    37 19.305277 -4.812647 0.335948 0.817304 1.814034 0.495570
    38 -0.021929 2.029111 -0.137266 -1.570805 0.000001 0.000000
    39 0.019532 0.000000 0.007813 0.000007 0.000000 0.000001
    40 0.002397 -0.669111 0.409449 1.601340 0.000000 0.000000
    41 -0.002402 -6.221447 0.929182 -0.962209 0.000000 0.000000
  time 28
    0 -5.452887 -3.998763 -11.159256 -1.860404 -0.582745 -1.381700
    1 10.295578 0.000000 0.000002 1.983687 -0.404421 0.328832
    2 16.981375 -5.872584 -10.737378 -0.818708 0.258285 -2.316667
    3 10.295582 0.000001 -0.000006 -0.719445 0.204509 0.123947
    4 1.149520 0.416502 1.414117 -1.747091 -0.123025 0.539714
    5 1.263885 0.000000 -0.000008 0.030752 0.068732 -0.012809
    6 1.188939 -0.000002 0.000010 0.006328 0.000923 -0.056549
    7 3.773755 0.133215 0.970575 0.080274 0.032669 0.248245
    8 1.433456 0.000000 0.000000 0.103008 -0.019044 0.612038
    9 1.019165 -0.000006 0.000001 0.160402 -0.050287 0.703308
    10 3.799514 0.014957 0.039959 -0.014527 0.070761 0.462383
    11 1.774878 0.000000 0.000000 0.081232 -0.047735 0.668913
    12 1.008844 -0.000004 0.000000 0.092893 -0.055764 0.627543
    13 3.632766 0.059052 -0.757493 0.045956 0.108326 0.463184
    14 1.500137 0.000002 0.000000 0.121716 -0.007526 0.653096
    15 0.905666 -0.000002 -0.000001 0.121895 0.000252 0.587977
    16 3.323331 0.233744 -1.479075 0.164710 0.231218 0.165573
    17 0.963100 0.000011 0.000000 0.081675 -0.000467 0.882757
    18 0.682894 -0.000006 -0.000001 0.079026 0.019823 0.627976
    19 1.149529 0.416498 -1.414117 1.695985 0.643357 0.384411
    20 1.263884 0.000001 0.000000 -0.009336 0.006472 0.475854
    21 1.188946 0.000000 0.000002 -0.011266 0.001918 0.214483
    22 3.773762 0.133217 -0.970574 0.032751 0.177541 0.050162
    23 1.433458 0.000004 0.000000 -0.035235 0.012955 0.451859
    24 1.019165 0.000011 0.000000 -0.035247 0.012979 0.452115
    25 3.799517 0.014957 -0.039958 -0.033211 -0.011916 0.276310
    26 1.774879 0.000004 0.000000 -0.022471 0.008917 0.454686
    27 1.008841 0.000004 0.000000 -0.022387 0.008929 0.454767
    28 3.632765 0.059053 0.757493 -0.281213 -0.185819 0.459280
    29 1.500135 0.000004 0.000000 -0.017006 0.006568 0.424967
    30 0.905668 0.000002 -0.000001 -0.016994 0.006556 0.424967
    31 3.323332 0.233744 1.479075 -0.399082 -0.449109 0.621478
    32 0.963099 0.000010 0.000000 -0.018001 0.008941 0.549273
    33 0.682898 -0.000002 0.000000 -0.017989 0.008941 0.549349
    34 16.981375 -5.872584 -10.737378 0.265381 0.258112 -2.316523
    35 -5.452887 -3.998763 -11.159256 -1.720808 -0.583421 -1.381791
    36 0.000000 3.992340 0.007782 1.570796 0.000000 -1.570796
    37 18.981048 -3.828242 0.558611 0.130116 1.940075 -0.163865
    38 -0.021929 2.029111 -0.137266 -1.570805 0.000001 0.000000
    39 0.019532 0.000000 0.007813 0.000007 0.000000 0.000001
    40 0.002397 -0.669111 0.409449 1.579265 0.000000 0.000000
    41 -0.002402 -6.221447 0.929182 -0.945255 0.000000 0.000000
  time 29
    0 -5.581798 -3.963606 -11.159256 -1.873616 -0.621871 -1.377970
    1 10.295578 0.000000 0.000002 2.231390 -0.399811 0.253816
    2 16.981375 -5.872584 -10.737378 -0.818708 0.258285 -2.316667
    3 10.295582 0.000001 -0.000006 -0.719445 0.204509 0.123947
    4 1.149520 0.416502 1.414117 -1.776383 -0.152987 0.551720
    5 1.263885 0.000000 -0.000008 0.033461 0.067437 0.022701
    6 1.188939 -0.000002 0.000010 0.006280 0.001127 -0.092112
    7 3.773755 0.133215 0.970575 0.051806 0.046175 -0.090480
    8 1.433456 0.000000 0.000000 0.090448 -0.033641 0.849057
    9 1.019165 -0.000006 0.000001 0.148980 -0.071332 0.832941
    10 3.799514 0.014957 0.039959 -0.021172 0.071576 0.434565
    11 1.774878 0.000000 0.000000 0.086697 -0.036913 0.540177
    12 1.008844 -0.000004 0.000000 0.095242 -0.051678 0.582234
    13 3.632766 0.059052 -0.757493 0.039652 0.130042 0.388998
    14 1.500137 0.000002 0.000000 0.121716 0.007514 0.527204
    15 0.905666 -0.000002 -0.000001 0.120805 0.018133 0.442107
    16 3.323331 0.233744 -1.479075 0.144168 0.258633 0.023318
    17 0.963100 0.000011 0.000000 0.078679 -0.009564 0.876700
    18 0.682894 -0.000006 -0.000001 0.075467 0.031424 0.481023
    19 1.149529 0.416498 -1.414117 1.695985 0.643357 0.384411
    20 1.263884 0.000001 0.000000 -0.009336 0.006472 0.475854
    21 1.188946 0.000000 0.000002 -0.011266 0.001918 0.214483
    22 3.773762 0.133217 -0.970574 0.032751 0.177541 0.050162
    23 1.433458 0.000004 0.000000 -0.035235 0.012955 0.451859
    24 1.019165 0.000011 0.000000 -0.035247 0.012979 0.452115
    25 3.799517 0.014957 -0.039958 -0.033211 -0.011916 0.276310
    26 1.774879 0.000004 0.000000 -0.022471 0.008917 0.454686
    27 1.008841 0.000004 0.000000 -0.022387 0.008929 0.454767
    28 3.632765 0.059053 0.757493 -0.281213 -0.185819 0.459280
    29 1.500135 0.000004 0.000000 -0.017006 0.006568 0.424967
    30 0.905668 0.000002 -0.000001 -0.016994 0.006556 0.424967
    31 3.323332 0.233744 1.479075 -0.399082 -0.449109 0.621478
    32 0.963099 0.000010 0.000000 -0.018001 0.008941 0.549273
    33 0.682898 -0.000002 0.000000 -0.017989 0.008941 0.549349
    34 16.981375 -5.872584 -10.737378 0.265381 0.258112 -2.316523
    35 -5.581798 -3.963606 -11.159256 -1.529020 -0.622501 -1.377200
    36 0.000000 3.992340 0.007782 1.570796 0.000000 -1.570796
    37 18.500565 -2.832118 1.000031 -0.199680 2.133242 -0.441706
    38 -0.021929 2.029111 -0.137266 -1.570805 0.000001 0.000000
    39 0.007813 0.000000 0.007813 -0.003725 0.000000 0.000001
    40 0.014116 -0.669111 0.409449 1.509233 0.000000 0.000000
    41 -0.014121 -6.221447 0.929182 -0.930232 0.000000 0.000000
  time 30
    0 -5.749771 -3.944074 -11.135818 -1.889575 -0.660903 -1.376057
    1 10.295578 0.000000 0.000002 2.470977 -0.397482 0.178675
    2 16.981375 -5.872584 -10.737378 -0.818708 0.258285 -2.316667
    3 10.295582 0.000001 -0.000006 -0.719445 0.204509 0.123947
    4 1.149520 0.416502 1.414117 -1.809459 -0.183002 0.563942
    5 1.263885 0.000000 -0.000008 0.035379 0.066491 0.054138
    6 1.188939 -0.000002 0.000010 0.006004 0.001210 -0.135191
    7 3.773755 0.133215 0.970575 0.027098 0.047674 -0.337821
    8 1.433456 0.000000 0.000000 0.064669 -0.055573 1.186363
    9 1.019165 -0.000006 0.000001 0.136984 -0.094475 0.989936
    10 3.799514 0.014957 0.039959 -0.024662 0.073205 0.396373
    11 1.774878 0.000000 0.000000 0.090340 -0.026618 0.424997
    12 1.008844 -0.000004 0.000000 0.099005 -0.044055 0.505625
    13 3.632766 0.059052 -0.757493 0.030202 0.143525 0.336773
    14 1.500137 0.000002 0.000000 0.118911 0.027433 0.364375
    15 0.905666 -0.000002 -0.000001 0.116251 0.037440 0.280360
    16 3.323331 0.233744 -1.479075 0.087254 0.279673 -0.176823
    17 0.963100 0.000011 0.000000 0.072734 -0.022291 0.903020
    18 0.682894 -0.000006 -0.000001 0.074233 0.033892 0.445390
    19 1.149529 0.416498 -1.414117 1.695985 0.643357 0.384411
    20 1.263884 0.000001 0.000000 -0.009336 0.006472 0.475854
    21 1.188946 0.000000 0.000002 -0.011266 0.001918 0.214483
    22 3.773762 0.133217 -0.970574 0.032751 0.177541 0.050162
    23 1.433458 0.000004 0.000000 -0.035235 0.012955 0.451859
    24 1.019165 0.000011 0.000000 -0.035247 0.012979 0.452115
    25 3.799517 0.014957 -0.039958 -0.033211 -0.011916 0.276310
    26 1.774879 0.000004 0.000000 -0.022471 0.008917 0.454686
    27 1.008841 0.000004 0.000000 -0.022387 0.008929 0.454767
    28 3.632765 0.059053 0.757493 -0.281213 -0.185819 0.459280
    29 1.500135 0.000004 0.000000 -0.017006 0.006568 0.424967
    30 0.905668 0.000002 -0.000001 -0.016994 0.006556 0.424967
    31 3.323332 0.233744 1.479075 -0.399082 -0.449109 0.621478
    32 0.963099 0.000010 0.000000 -0.018001 0.008941 0.549273
    33 0.682898 -0.000002 0.000000 -0.017989 0.008941 0.549349
    34 16.981375 -5.872584 -10.737378 0.265381 0.258112 -2.316523
    35 -5.749771 -3.944074 -11.135818 -1.138543 -0.660719 -1.374522
    36 0.000000 3.992340 0.007782 1.570796 0.000000 -1.570796
    37 18.035707 -1.945372 1.523484 -0.365728 2.333857 -0.551138
    38 -0.021929 2.029111 -0.137266 -1.570805 0.000001 0.000000
    39 0.019532 0.000000 0.007813 -0.035683 0.000000 0.000001
    40 0.002397 -0.669111 0.409449 1.402472 0.000000 0.000000
    41 -0.002402 -6.221447 0.929182 -0.917348 0.000000 0.000000
  time 31
    0 -5.909933 -3.924542 -11.100660 -1.905088 -0.692975 -1.375101
    1 10.295578 0.000000 0.000002 2.675714 -0.396172 0.112556
    2 16.981375 -5.872584 -10.737378 -0.818708 0.258285 -2.316667
    3 10.295582 0.000001 -0.000006 -0.719445 0.204509 0.123947
    4 1.149520 0.416502 1.414117 -1.841994 -0.210129 0.575052
    5 1.263885 0.000000 -0.000008 0.036996 0.065628 0.079870
    6 1.188939 -0.000002 0.000010 0.005956 0.001618 -0.179095
    7 3.773755 0.133215 0.970575 0.013509 0.040866 -0.300584
    8 1.433456 0.000000 0.000000 0.038614 -0.073142 1.451189
    9 1.019165 -0.000006 0.000001 0.177552 -0.071141 1.003205
    10 3.799514 0.014957 0.039959 -0.025806 0.075411 0.357418
    11 1.774878 0.000000 0.000000 0.092305 -0.017498 0.326596
    12 1.008844 -0.000004 0.000000 0.102672 -0.034695 0.413509
    13 3.632766 0.059052 -0.757493 0.021412 0.150632 0.305616
    14 1.500137 0.000002 0.000000 0.112643 0.046932 0.197929
    15 0.905666 -0.000002 -0.000001 0.110078 0.052481 0.147149
    16 3.323331 0.233744 -1.479075 0.109030 0.266950 -0.073706
    17 0.963100 0.000011 0.000000 0.062727 -0.044798 1.081854
    18 0.682894 -0.000006 -0.000001 0.075994 0.029626 0.504399
    19 1.149529 0.416498 -1.414117 1.695985 0.643357 0.384411
    20 1.263884 0.000001 0.000000 -0.009336 0.006472 0.475854
    21 1.188946 0.000000 0.000002 -0.011266 0.001918 0.214483
    22 3.773762 0.133217 -0.970574 0.032751 0.177541 0.050162
    23 1.433458 0.000004 0.000000 -0.035235 0.012955 0.451859
    24 1.019165 0.000011 0.000000 -0.035247 0.012979 0.452115
    25 3.799517 0.014957 -0.039958 -0.033211 -0.011916 0.276310
    26 1.774879 0.000004 0.000000 -0.022471 0.008917 0.454686
    27 1.008841 0.000004 0.000000 -0.022387 0.008929 0.454767
    28 3.632765 0.059053 0.757493 -0.281213 -0.185819 0.459280
    29 1.500135 0.000004 0.000000 -0.017006 0.006568 0.424967
    30 0.905668 0.000002 -0.000001 -0.016994 0.006556 0.424967
    31 3.323332 0.233744 1.479075 -0.399082 -0.449109 0.621478
    32 0.963099 0.000010 0.000000 -0.018001 0.008941 0.549273
    33 0.682898 -0.000002 0.000000 -0.017989 0.008941 0.549349
    34 16.981375 -5.872584 -10.737378 0.265381 0.258112 -2.316523
    35 -5.909933 -3.924542 -11.100660 -0.748189 -0.693573 -1.374235
    36 0.000000 3.992340 0.007782 1.570796 0.000000 -1.570796
    37 17.594287 -1.269570 2.031312 -0.455124 2.506877 -0.592412
    38 -0.021929 2.029111 -0.137266 -1.570805 0.000001 0.000000
    39 0.019532 0.000000 0.007813 -0.094050 0.000000 0.000001
    40 0.014116 -0.669111 0.409449 1.281249 0.000000 0.000000
    41 -0.002402 -6.221447 0.929182 -0.906857 0.000000 0.000000
  time 32
    0 -6.031030 -3.912823 -11.073316 -1.917929 -0.716206 -1.374814
    1 10.295578 0.000000 0.000002 2.819889 -0.395638 0.064793
    2 16.981375 -5.872584 -10.737378 -0.818708 0.258285 -2.316667
    3 10.295582 0.000001 -0.000006 -0.719445 0.204509 0.123947
    4 1.149520 0.416502 1.414117 -1.869541 -0.232153 0.584069
    5 1.263885 0.000000 -0.000008 0.038495 0.064885 0.099051
    6 1.188939 -0.000002 0.000010 0.005920 0.001846 -0.217087
    7 3.773755 0.133215 0.970575 0.005083 0.036072 -0.068751
    8 1.433456 0.000000 0.000000 0.040508 -0.079674 1.470677
    9 1.019165 -0.000006 0.000001 0.177024 -0.060798 0.912896
    10 3.799514 0.014957 0.039959 -0.025904 0.077017 0.327718
    11 1.774878 0.000000 0.000000 0.093636 -0.010355 0.247818
    12 1.008844 -0.000004 0.000000 0.105357 -0.025252 0.321916
    13 3.632766 0.059052 -0.757493 0.017205 0.152825 0.294302
    14 1.500137 0.000002 0.000000 0.105057 0.062236 0.057516
    15 0.905666 -0.000002 -0.000001 0.106855 0.059180 0.086858
    16 3.323331 0.233744 -1.479075 0.180554 0.215093 0.271268
    17 0.963100 0.000011 0.000000 0.041575 -0.071320 1.387928
    18 0.682894 -0.000006 -0.000001 0.077385 0.025743 0.555003
    19 1.149529 0.416498 -1.414117 1.695985 0.643357 0.384411
    20 1.263884 0.000001 0.000000 -0.009336 0.006472 0.475854
    21 1.188946 0.000000 0.000002 -0.011266 0.001918 0.214483
    22 3.773762 0.133217 -0.970574 0.032751 0.177541 0.050162
    23 1.433458 0.000004 0.000000 -0.035235 0.012955 0.451859
    24 1.019165 0.000011 0.000000 -0.035247 0.012979 0.452115
    25 3.799517 0.014957 -0.039958 -0.033211 -0.011916 0.276310
    26 1.774879 0.000004 0.000000 -0.022471 0.008917 0.454686
    27 1.008841 0.000004 0.000000 -0.022387 0.008929 0.454767
    28 3.632765 0.059053 0.757493 -0.281213 -0.185819 0.459280
    29 1.500135 0.000004 0.000000 -0.017006 0.006568 0.424967
    30 0.905668 0.000002 -0.000001 -0.016994 0.006556 0.424967
    31 3.323332 0.233744 1.479075 -0.399082 -0.449109 0.621478
    32 0.963099 0.000010 0.000000 -0.018001 0.008941 0.549273
    33 0.682898 -0.000002 0.000000 -0.017989 0.008941 0.549349
    34 16.981375 -5.872584 -10.737378 0.265381 0.258112 -2.316523
    35 -6.031030 -3.912823 -11.073316 -0.554368 -0.717136 -1.375000
    36 0.000000 3.992340 0.007782 1.570796 0.000000 -1.570796
    37 17.250526 -0.812525 2.418043 -0.500445 2.627093 -0.606233
    38 -0.021929 2.029111 -0.137266 -1.570805 0.000001 0.000000
    39 0.007813 0.000000 0.007813 -0.158445 0.000000 0.000001
    40 0.002397 -0.669111 0.409449 1.169446 0.000000 0.000000
    41 -0.014121 -6.221447 0.929182 -0.898631 0.000000 0.000000
  time 33
    0 -6.093532 -3.932355 -11.042065 -1.923496 -0.725235 -1.375579
    1 10.295578 0.000000 0.000002 2.867834 -0.395808 0.047873
    2 16.981375 -5.872584 -10.737378 -0.818708 0.258285 -2.316667
    3 10.295582 0.000001 -0.000006 -0.719445 0.204509 0.123947
    4 1.149520 0.416502 1.414117 -1.885514 -0.244361 0.589040
    5 1.263885 0.000000 -0.000008 0.039106 0.064321 0.108907
    6 1.188939 -0.000002 0.000010 0.005884 0.001918 -0.239543
    7 3.773755 0.133215 0.970575 0.004909 0.028187 0.222968
    8 1.433456 0.000000 0.000000 0.063375 -0.077984 1.309620
    9 1.019165 -0.000006 0.000001 0.148933 -0.084384 0.961976
    10 3.799514 0.014957 0.039959 -0.025360 0.076250 0.322175
    11 1.774878 0.000000 0.000000 0.093791 -0.005561 0.197149
    12 1.008844 -0.000004 0.000000 0.106903 -0.017641 0.251824
    13 3.632766 0.059052 -0.757493 0.021865 0.138060 0.301770
    14 1.500137 0.000002 0.000000 0.099748 0.070409 -0.022653
    15 0.905666 -0.000002 -0.000001 0.108772 0.055357 0.121831
    16 3.323331 0.233744 -1.479075 0.207998 0.176937 0.472991
    17 0.963100 0.000011 0.000000 0.040029 -0.080369 1.378211
    18 0.682894 -0.000006 -0.000001 0.070110 0.041742 0.336915
    19 1.149529 0.416498 -1.414117 1.695985 0.643357 0.384411
    20 1.263884 0.000001 0.000000 -0.009336 0.006472 0.475854
    21 1.188946 0.000000 0.000002 -0.011266 0.001918 0.214483
    22 3.773762 0.133217 -0.970574 0.032751 0.177541 0.050162
    23 1.433458 0.000004 0.000000 -0.035235 0.012955 0.451859
    24 1.019165 0.000011 0.000000 -0.035247 0.012979 0.452115
    25 3.799517 0.014957 -0.039958 -0.033211 -0.011916 0.276310
    26 1.774879 0.000004 0.000000 -0.022471 0.008917 0.454686
    27 1.008841 0.000004 0.000000 -0.022387 0.008929 0.454767
    28 3.632765 0.059053 0.757493 -0.281213 -0.185819 0.459280
    29 1.500135 0.000004 0.000000 -0.017006 0.006568 0.424967
    30 0.905668 0.000002 -0.000001 -0.016994 0.006556 0.424967
    31 3.323332 0.233744 1.479075 -0.399082 -0.449109 0.621478
    32 0.963099 0.000010 0.000000 -0.018001 0.008941 0.549273
    33 0.682898 -0.000002 0.000000 -0.017989 0.008941 0.549349
    34 16.981375 -5.872584 -10.737378 0.265381 0.258112 -2.316523
    35 -6.093532 -3.932355 -11.042065 -0.557511 -0.726523 -1.375574
    36 0.000000 3.992340 0.007782 1.570796 0.000000 -1.570796
    37 17.164586 -0.644551 2.558672 -0.512230 2.665192 -0.605949
    38 -0.021929 2.029111 -0.137266 -1.570805 0.000001 0.000000
    39 0.019532 0.000000 0.007813 -0.202268 0.000000 0.000001
    40 0.002397 -0.669111 0.409449 1.100651 0.000000 0.000000
    41 -0.002402 -6.221447 0.929182 -0.893260 0.000000 0.000000
  time 34
    0 -6.109157 -3.944074 -11.034252 -1.925351 -0.728527 -1.376057
    1 10.295578 0.000000 0.000002 2.877041 -0.393964 0.044439
    2 16.981375 -5.872584 -10.737378 -0.818708 0.258285 -2.316667
    3 10.295582 0.000001 -0.000006 -0.719445 0.204509 0.123947
    4 1.149520 0.416502 1.414117 -1.889544 -0.247391 0.590235
    5 1.263885 0.000000 -0.000008 0.039274 0.064201 0.111248
    6 1.188939 -0.000002 0.000010 0.005836 0.001930 -0.245180
    7 3.773755 0.133215 0.970575 0.005840 0.024328 0.317988
    8 1.433456 0.000000 0.000000 0.071596 -0.076558 1.246454
    9 1.019165 -0.000006 0.000001 0.138913 -0.094498 0.995244
    10 3.799514 0.014957 0.039959 -0.023559 0.070761 0.337228
    11 1.774878 0.000000 0.000000 0.094139 -0.003907 0.179421
    12 1.008844 -0.000004 0.000000 0.107442 -0.014334 0.219311
    13 3.632766 0.059052 -0.757493 0.027781 0.119125 0.311357
    14 1.500137 0.000002 0.000000 0.097147 0.073945 -0.057146
    15 0.905666 -0.000002 -0.000001 0.111277 0.050203 0.167042
    16 3.323331 0.233744 -1.479075 0.221984 0.149388 0.607219
    17 0.963100 0.000011 0.000000 0.040017 -0.087488 1.365574
    18 0.682894 -0.000006 -0.000001 0.055597 0.059575 0.055747
    19 1.149529 0.416498 -1.414117 1.695985 0.643357 0.384411
    20 1.263884 0.000001 0.000000 -0.009336 0.006472 0.475854
    21 1.188946 0.000000 0.000002 -0.011266 0.001918 0.214483
    22 3.773762 0.133217 -0.970574 0.032751 0.177541 0.050162
    23 1.433458 0.000004 0.000000 -0.035235 0.012955 0.451859
    24 1.019165 0.000011 0.000000 -0.035247 0.012979 0.452115
    25 3.799517 0.014957 -0.039958 -0.033211 -0.011916 0.276310
    26 1.774879 0.000004 0.000000 -0.022471 0.008917 0.454686
    27 1.008841 0.000004 0.000000 -0.022387 0.008929 0.454767
    28 3.632765 0.059053 0.757493 -0.281213 -0.185819 0.459280
    29 1.500135 0.000004 0.000000 -0.017006 0.006568 0.424967
    30 0.905668 0.000002 -0.000001 -0.016994 0.006556 0.424967
    31 3.323332 0.233744 1.479075 -0.399082 -0.449109 0.621478
    32 0.963099 0.000010 0.000000 -0.018001 0.008941 0.549273
    33 0.682898 -0.000002 0.000000 -0.017989 0.008941 0.549349
    34 16.981375 -5.872584 -10.737378 0.265381 0.258112 -2.316523
    35 -6.109157 -3.944074 -11.034252 -0.561147 -0.728726 -1.375861
    36 0.000000 3.992340 0.007782 1.570796 0.000000 -1.570796
    37 17.125523 -0.589862 2.609455 -0.516446 2.671112 -0.605949
    38 -0.021929 2.029111 -0.137266 -1.570805 0.000001 0.000000
    39 0.019532 0.000000 0.000000 -0.214324 0.000000 0.000001
    40 0.014116 -0.669111 0.409449 1.082572 0.000000 0.000000
    41 -0.002402 -6.221447 0.929182 -0.890826 0.000000 0.000000
  time 35
    0 -6.113064 -3.944074 -11.034252 -1.925500 -0.728621 -1.376057
    1 10.295578 0.000000 0.000002 2.880110 -0.391586 0.044439
    2 16.981375 -5.872584 -10.737378 -0.818708 0.258285 -2.316667
    3 10.295582 0.000001 -0.000006 -0.719445 0.204509 0.123947
    4 1.149520 0.416502 1.414117 -1.889544 -0.247391 0.590235
    5 1.263885 0.000000 -0.000008 0.039274 0.064201 0.111248
    6 1.188939 -0.000002 0.000010 0.005825 0.001918 -0.245180
    7 3.773755 0.133215 0.970575 0.005840 0.024328 0.317988
    8 1.433456 0.000000 0.000000 0.071596 -0.076558 1.246454
    9 1.019165 -0.000006 0.000001 0.138913 -0.094498 0.995244
    10 3.799514 0.014957 0.039959 -0.022819 0.068472 0.343331
    11 1.774878 0.000000 0.000000 0.094151 -0.003607 0.177905
    12 1.008844 -0.000004 0.000000 0.107502 -0.013614 0.214007
    13 3.632766 0.059052 -0.757493 0.029257 0.113899 0.313921
    14 1.500137 0.000002 0.000000 0.096776 0.074280 -0.062738
    15 0.905666 -0.000002 -0.000001 0.111660 0.049029 0.178996
    16 3.323331 0.233744 -1.479075 0.224777 0.143147 0.636924
    17 0.963100 0.000011 0.000000 0.040053 -0.089165 1.362262
    18 0.682894 -0.000006 -0.000001 0.050946 0.063578 -0.018234
    19 1.149529 0.416498 -1.414117 1.695985 0.643357 0.384411
    20 1.263884 0.000001 0.000000 -0.009336 0.006472 0.475854
    21 1.188946 0.000000 0.000002 -0.011266 0.001918 0.214483
    22 3.773762 0.133217 -0.970574 0.032751 0.177541 0.050162
    23 1.433458 0.000004 0.000000 -0.035235 0.012955 0.451859
    24 1.019165 0.000011 0.000000 -0.035247 0.012979 0.452115
    25 3.799517 0.014957 -0.039958 -0.033211 -0.011916 0.276310
    26 1.774879 0.000004 0.000000 -0.022471 0.008917 0.454686
    27 1.008841 0.000004 0.000000 -0.022387 0.008929 0.454767
    28 3.632765 0.059053 0.757493 -0.281213 -0.185819 0.459280
    29 1.500135 0.000004 0.000000 -0.017006 0.006568 0.424967
    30 0.905668 0.000002 -0.000001 -0.016994 0.006556 0.424967
    31 3.323332 0.233744 1.479075 -0.399082 -0.449109 0.621478
    32 0.963099 0.000010 0.000000 -0.018001 0.008941 0.549273
    33 0.682898 -0.000002 0.000000 -0.017989 0.008941 0.549349
    34 16.981375 -5.872584 -10.737378 0.265381 0.258112 -2.316523
    35 -6.113064 -3.944074 -11.034252 -0.562010 -0.729205 -1.375861
    36 0.000000 3.992340 0.007782 1.570796 0.000000 -1.570796
    37 17.164586 -0.582049 2.625080 -0.519704 2.672830 -0.608221
    38 -0.021929 2.029111 -0.137266 -1.570805 0.000001 0.000000
    39 0.019532 0.000000 0.000000 -0.214324 0.000000 0.000001
    40 0.002397 -0.669111 0.409449 1.082572 0.000000 0.000000
    41 -0.002402 -6.221447 0.929182 -0.890112 0.000000 0.000000
  time 36
    0 -6.113064 -3.944074 -11.034252 -1.925500 -0.728621 -1.376057
    1 10.295578 0.000000 0.000002 2.881474 -0.389427 0.045157
    2 16.981375 -5.872584 -10.737378 -0.818708 0.258285 -2.316667
    3 10.295582 0.000001 -0.000006 -0.719445 0.204509 0.123947
    4 1.149520 0.416502 1.414117 -1.889544 -0.247391 0.590235
    5 1.263885 0.000000 -0.000008 0.039274 0.064201 0.111248
    6 1.188939 -0.000002 0.000010 0.005872 0.001930 -0.245180
    7 3.773755 0.133215 0.970575 0.005840 0.024328 0.317988
    8 1.433456 0.000000 0.000000 0.071596 -0.076558 1.246454
    9 1.019165 -0.000006 0.000001 0.138913 -0.094498 0.995244
    10 3.799514 0.014957 0.039959 -0.022819 0.068472 0.343331
    11 1.774878 0.000000 0.000000 0.094151 -0.003607 0.177905
    12 1.008844 -0.000004 0.000000 0.107502 -0.013614 0.214007
    13 3.632766 0.059052 -0.757493 0.029257 0.113899 0.313921
    14 1.500137 0.000002 0.000000 0.096776 0.074280 -0.062738
    15 0.905666 -0.000002 -0.000001 0.111660 0.049029 0.178996
    16 3.323331 0.233744 -1.479075 0.224777 0.143147 0.636924
    17 0.963100 0.000011 0.000000 0.040053 -0.089165 1.362262
    18 0.682894 -0.000006 -0.000001 0.050946 0.063578 -0.018234
    19 1.149529 0.416498 -1.414117 1.695985 0.643357 0.384411
    20 1.263884 0.000001 0.000000 -0.009336 0.006472 0.475854
    21 1.188946 0.000000 0.000002 -0.011266 0.001918 0.214483
    22 3.773762 0.133217 -0.970574 0.032751 0.177541 0.050162
    23 1.433458 0.000004 0.000000 -0.035235 0.012955 0.451859
    24 1.019165 0.000011 0.000000 -0.035247 0.012979 0.452115
    25 3.799517 0.014957 -0.039958 -0.033211 -0.011916 0.276310
    26 1.774879 0.000004 0.000000 -0.022471 0.008917 0.454686
    27 1.008841 0.000004 0.000000 -0.022387 0.008929 0.454767
    28 3.632765 0.059053 0.757493 -0.281213 -0.185819 0.459280
    29 1.500135 0.000004 0.000000 -0.017006 0.006568 0.424967
    30 0.905668 0.000002 -0.000001 -0.016994 0.006556 0.424967
    31 3.323332 0.233744 1.479075 -0.399082 -0.449109 0.621478
    32 0.963099 0.000010 0.000000 -0.018001 0.008941 0.549273
    33 0.682898 -0.000002 0.000000 -0.017989 0.008941 0.549349
    34 16.981375 -5.872584 -10.737378 0.265381 0.258112 -2.316523
    35 -6.113064 -3.944074 -11.034252 -0.562010 -0.729205 -1.375861
    36 0.000000 3.992340 0.007782 1.570796 0.000000 -1.570796
    37 17.168493 -0.582049 2.640706 -0.522770 2.673499 -0.610493
    38 -0.021929 2.029111 -0.137266 -1.570805 0.000001 0.000000
    39 0.019532 0.000000 0.007813 -0.214324 0.000000 0.000001
    40 0.002397 -0.669111 0.409449 1.082572 0.000000 0.000000
    41 -0.002402 -6.221447 0.929182 -0.890070 0.000000 0.000000
  time 37
    0 -6.113064 -3.944074 -11.034252 -1.925723 -0.728621 -1.376057
    1 10.295578 0.000000 0.000002 2.882906 -0.387340 0.045844
    2 16.981375 -5.872584 -10.737378 -0.818708 0.258285 -2.316667
    3 10.295582 0.000001 -0.000006 -0.719445 0.204509 0.123947
    4 1.149520 0.416502 1.414117 -1.889544 -0.247391 0.590235
    5 1.263885 0.000000 -0.000008 0.039274 0.064201 0.111248
    6 1.188939 -0.000002 0.000010 0.005825 0.001930 -0.245180
    7 3.773755 0.133215 0.970575 0.005840 0.024328 0.317988
    8 1.433456 0.000000 0.000000 0.071596 -0.076558 1.246454
    9 1.019165 -0.000006 0.000001 0.138913 -0.094498 0.995244
    10 3.799514 0.014957 0.039959 -0.022819 0.068472 0.343331
    11 1.774878 0.000000 0.000000 0.094151 -0.003607 0.177905
    12 1.008844 -0.000004 0.000000 0.107502 -0.013614 0.214007
    13 3.632766 0.059052 -0.757493 0.029257 0.113899 0.313921
    14 1.500137 0.000002 0.000000 0.096776 0.074280 -0.062738
    15 0.905666 -0.000002 -0.000001 0.111660 0.049029 0.178996
    16 3.323331 0.233744 -1.479075 0.224777 0.143147 0.636924
    17 0.963100 0.000011 0.000000 0.040053 -0.089165 1.362262
    18 0.682894 -0.000006 -0.000001 0.050946 0.063578 -0.018234
    19 1.149529 0.416498 -1.414117 1.695985 0.643357 0.384411
    20 1.263884 0.000001 0.000000 -0.009336 0.006472 0.475854
    21 1.188946 0.000000 0.000002 -0.011266 0.001918 0.214483
    22 3.773762 0.133217 -0.970574 0.032751 0.177541 0.050162
    23 1.433458 0.000004 0.000000 -0.035235 0.012955 0.451859
    24 1.019165 0.000011 0.000000 -0.035247 0.012979 0.452115
    25 3.799517 0.014957 -0.039958 -0.033211 -0.011916 0.276310
    26 1.774879 0.000004 0.000000 -0.022471 0.008917 0.454686
    27 1.008841 0.000004 0.000000 -0.022387 0.008929 0.454767
    28 3.632765 0.059053 0.757493 -0.281213 -0.185819 0.459280
    29 1.500135 0.000004 0.000000 -0.017006 0.006568 0.424967
    30 0.905668 0.000002 -0.000001 -0.016994 0.006556 0.424967
    31 3.323332 0.233744 1.479075 -0.399082 -0.449109 0.621478
    32 0.963099 0.000010 0.000000 -0.018001 0.008941 0.549273
    33 0.682898 -0.000002 0.000000 -0.017989 0.008941 0.549349
    34 16.981375 -5.872584 -10.737378 0.265381 0.258112 -2.316523
    35 -6.113064 -3.944074 -11.034252 -0.562010 -0.729205 -1.376052
    36 0.000000 3.992340 0.007782 1.570796 0.000000 -1.570796
    37 17.168493 -0.578143 2.644612 -0.525740 2.674072 -0.612670
    38 -0.021929 2.029111 -0.137266 -1.570805 0.000001 0.000000
    39 0.019532 0.000000 0.007813 -0.214324 0.000000 0.000001
    40 0.002397 -0.669111 0.409449 1.082572 0.000000 0.000000
    41 -0.014121 -6.221447 0.929182 -0.889609 0.000000 0.000000
  time 38
    0 -6.113064 -3.944074 -11.034252 -1.925426 -0.728527 -1.376057
    1 10.295578 0.000000 0.000002 2.884270 -0.385472 0.046156
    2 16.981375 -5.872584 -10.737378 -0.818708 0.258285 -2.316667
    3 10.295582 0.000001 -0.000006 -0.719445 0.204509 0.123947
    4 1.149520 0.416502 1.414117 -1.889544 -0.247391 0.590235
    5 1.263885 0.000000 -0.000008 0.039274 0.064201 0.111248
    6 1.188939 -0.000002 0.000010 0.005836 0.001930 -0.245180
    7 3.773755 0.133215 0.970575 0.005840 0.024328 0.317988
    8 1.433456 0.000000 0.000000 0.071596 -0.076558 1.246454
    9 1.019165 -0.000006 0.000001 0.138913 -0.094498 0.995244
    10 3.799514 0.014957 0.039959 -0.022819 0.068472 0.343331
    11 1.774878 0.000000 0.000000 0.094151 -0.003607 0.177905
    12 1.008844 -0.000004 0.000000 0.107502 -0.013614 0.214007
    13 3.632766 0.059052 -0.757493 0.029257 0.113899 0.313921
    14 1.500137 0.000002 0.000000 0.096776 0.074280 -0.062738
    15 0.905666 -0.000002 -0.000001 0.111660 0.049029 0.178996
    16 3.323331 0.233744 -1.479075 0.224777 0.143147 0.636924
    17 0.963100 0.000011 0.000000 0.040053 -0.089165 1.362262
    18 0.682894 -0.000006 -0.000001 0.050946 0.063578 -0.018234
    19 1.149529 0.416498 -1.414117 1.695985 0.643357 0.384411
    20 1.263884 0.000001 0.000000 -0.009336 0.006472 0.475854
    21 1.188946 0.000000 0.000002 -0.011266 0.001918 0.214483
    22 3.773762 0.133217 -0.970574 0.032751 0.177541 0.050162
    23 1.433458 0.000004 0.000000 -0.035235 0.012955 0.451859
    24 1.019165 0.000011 0.000000 -0.035247 0.012979 0.452115
    25 3.799517 0.014957 -0.039958 -0.033211 -0.011916 0.276310
    26 1.774879 0.000004 0.000000 -0.022471 0.008917 0.454686
    27 1.008841 0.000004 0.000000 -0.022387 0.008929 0.454767
    28 3.632765 0.059053 0.757493 -0.281213 -0.185819 0.459280
    29 1.500135 0.000004 0.000000 -0.017006 0.006568 0.424967
    30 0.905668 0.000002 -0.000001 -0.016994 0.006556 0.424967
    31 3.323332 0.233744 1.479075 -0.399082 -0.449109 0.621478
    32 0.963099 0.000010 0.000000 -0.018001 0.008941 0.549273
    33 0.682898 -0.000002 0.000000 -0.017989 0.008941 0.549349
    34 16.981375 -5.872584 -10.737378 0.265381 0.258112 -2.316523
    35 -6.113064 -3.944074 -11.034252 -0.562010 -0.729013 -1.376052
    36 0.000000 3.992340 0.007782 1.570796 0.000000 -1.570796
    37 17.176305 -0.578143 2.656331 -0.528614 2.674645 -0.614658
    38 -0.021929 2.029111 -0.137266 -1.570805 0.000001 0.000000
    39 0.007813 0.000000 0.007813 -0.214324 0.000000 0.000001
    40 0.002397 -0.669111 0.409449 1.082572 0.000000 0.000000
    41 -0.002402 -6.221447 0.929182 -0.889063 0.000000 0.000000
  time 39
    0 -6.113064 -3.944074 -11.034252 -1.925426 -0.728527 -1.376057
    1 10.295578 0.000000 0.000002 2.885566 -0.383701 0.046562
    2 16.981375 -5.872584 -10.737378 -0.818708 0.258285 -2.316667
    3 10.295582 0.000001 -0.000006 -0.719445 0.204509 0.123947
    4 1.149520 0.416502 1.414117 -1.889544 -0.247391 0.590235
    5 1.263885 0.000000 -0.000008 0.039274 0.064201 0.111248
    6 1.188939 -0.000002 0.000010 0.005825 0.001918 -0.245180
    7 3.773755 0.133215 0.970575 0.005840 0.024328 0.317988
    8 1.433456 0.000000 0.000000 0.071596 -0.076558 1.246454
    9 1.019165 -0.000006 0.000001 0.138913 -0.094498 0.995244
    10 3.799514 0.014957 0.039959 -0.022819 0.068472 0.343331
    11 1.774878 0.000000 0.000000 0.094151 -0.003607 0.177905
    12 1.008844 -0.000004 0.000000 0.107502 -0.013614 0.214007
    13 3.632766 0.059052 -0.757493 0.029257 0.113899 0.313921
    14 1.500137 0.000002 0.000000 0.096776 0.074280 -0.062738
    15 0.905666 -0.000002 -0.000001 0.111660 0.049029 0.178996
    16 3.323331 0.233744 -1.479075 0.224777 0.143147 0.636924
    17 0.963100 0.000011 0.000000 0.040053 -0.089165 1.362262
    18 0.682894 -0.000006 -0.000001 0.050946 0.063578 -0.018234
    19 1.149529 0.416498 -1.414117 1.695985 0.643357 0.384411
    20 1.263884 0.000001 0.000000 -0.009336 0.006472 0.475854
    21 1.188946 0.000000 0.000002 -0.011266 0.001918 0.214483
    22 3.773762 0.133217 -0.970574 0.032751 0.177541 0.050162
    23 1.433458 0.000004 0.000000 -0.035235 0.012955 0.451859
    24 1.019165 0.000011 0.000000 -0.035247 0.012979 0.452115
    25 3.799517 0.014957 -0.039958 -0.033211 -0.011916 0.276310
    26 1.774879 0.000004 0.000000 -0.022471 0.008917 0.454686
    27 1.008841 0.000004 0.000000 -0.022387 0.008929 0.454767
    28 3.632765 0.059053 0.757493 -0.281213 -0.185819 0.459280
    29 1.500135 0.000004 0.000000 -0.017006 0.006568 0.424967
    30 0.905668 0.000002 -0.000001 -0.016994 0.006556 0.424967
    31 3.323332 0.233744 1.479075 -0.399082 -0.449109 0.621478
    32 0.963099 0.000010 0.000000 -0.018001 0.008941 0.549273
    33 0.682898 -0.000002 0.000000 -0.017989 0.008941 0.549349
    34 16.981375 -5.872584 -10.737378 0.265381 0.258112 -2.316523
    35 -6.113064 -3.944074 -11.034252 -0.562010 -0.728726 -1.376339
    36 0.000000 3.992340 0.007782 1.570796 0.000000 -1.570796
    37 17.184118 -0.570330 2.664144 -0.531010 2.675218 -0.616457
    38 -0.021929 2.029111 -0.137266 -1.570805 0.000001 0.000000
    39 0.019532 0.000000 0.007813 -0.214324 0.000000 0.000001
    40 0.002397 -0.669111 0.409449 1.082572 0.000000 0.000000
    41 -0.002402 -6.221447 0.929182 -0.888182 0.000000 0.000000
  time 40
    0 -6.113064 -3.944074 -11.034252 -1.925351 -0.728527 -1.376153
    1 10.295578 0.000000 0.000002 2.886930 -0.382075 0.046562
    2 16.981375 -5.872584 -10.737378 -0.818708 0.258285 -2.316667
    3 10.295582 0.000001 -0.000006 -0.719445 0.204509 0.123947
    4 1.149520 0.416502 1.414117 -1.889544 -0.247391 0.590235
    5 1.263885 0.000000 -0.000008 0.039274 0.064201 0.111248
    6 1.188939 -0.000002 0.000010 0.005825 0.001918 -0.245180
    7 3.773755 0.133215 0.970575 0.005840 0.024328 0.317988
    8 1.433456 0.000000 0.000000 0.071596 -0.076558 1.246454
    9 1.019165 -0.000006 0.000001 0.138913 -0.094498 0.995244
    10 3.799514 0.014957 0.039959 -0.022819 0.068472 0.343331
    11 1.774878 0.000000 0.000000 0.094151 -0.003607 0.177905
    12 1.008844 -0.000004 0.000000 0.107502 -0.013614 0.214007
    13 3.632766 0.059052 -0.757493 0.029257 0.113899 0.313921
    14 1.500137 0.000002 0.000000 0.096776 0.074280 -0.062738
    15 0.905666 -0.000002 -0.000001 0.111660 0.049029 0.178996
    16 3.323331 0.233744 -1.479075 0.224777 0.143147 0.636924
    17 0.963100 0.000011 0.000000 0.040053 -0.089165 1.362262
    18 0.682894 -0.000006 -0.000001 0.050946 0.063578 -0.018234
    19 1.149529 0.416498 -1.414117 1.695985 0.643357 0.384411
    20 1.263884 0.000001 0.000000 -0.009336 0.006472 0.475854
    21 1.188946 0.000000 0.000002 -0.011266 0.001918 0.214483
    22 3.773762 0.133217 -0.970574 0.032751 0.177541 0.050162
    23 1.433458 0.000004 0.000000 -0.035235 0.012955 0.451859
    24 1.019165 0.000011 0.000000 -0.035247 0.012979 0.452115
    25 3.799517 0.014957 -0.039958 -0.033211 -0.011916 0.276310
    26 1.774879 0.000004 0.000000 -0.022471 0.008917 0.454686
    27 1.008841 0.000004 0.000000 -0.022387 0.008929 0.454767
    28 3.632765 0.059053 0.757493 -0.281213 -0.185819 0.459280
    29 1.500135 0.000004 0.000000 -0.017006 0.006568 0.424967
    30 0.905668 0.000002 -0.000001 -0.016994 0.006556 0.424967
    31 3.323332 0.233744 1.479075 -0.399082 -0.449109 0.621478
    32 0.963099 0.000010 0.000000 -0.018001 0.008941 0.549273
    33 0.682898 -0.000002 0.000000 -0.017989 0.008941 0.549349
    34 16.981375 -5.872584 -10.737378 0.265381 0.258112 -2.316523
    35 -6.113064 -3.944074 -11.034252 -0.562010 -0.728726 -1.376052
    36 0.000000 3.992340 0.007782 1.570796 0.000000 -1.570796
    37 17.184118 -0.570330 2.675863 -0.533214 2.675791 -0.617877
    38 -0.021929 2.029111 -0.137266 -1.570805 0.000001 0.000000
    39 0.019532 0.000000 0.007813 -0.214324 0.000000 0.000001
    40 0.014116 -0.669111 0.409449 1.082572 0.000000 0.000000
    41 -0.002402 -6.221447 0.929182 -0.887259 0.000000 0.000000
  time 41
    0 -6.113064 -3.944074 -11.034252 -1.925351 -0.728527 -1.376153
    1 10.295578 0.000000 0.000002 2.887953 -0.380765 0.046562
    2 16.981375 -5.872584 -10.737378 -0.818708 0.258285 -2.316667
    3 10.295582 0.000001 -0.000006 -0.719445 0.204509 0.123947
    4 1.149520 0.416502 1.414117 -1.889544 -0.247391 0.590235
    5 1.263885 0.000000 -0.000008 0.039274 0.064201 0.111248
    6 1.188939 -0.000002 0.000010 0.005872 0.001930 -0.245180
    7 3.773755 0.133215 0.970575 0.005840 0.024328 0.317988
    8 1.433456 0.000000 0.000000 0.071596 -0.076558 1.246454
    9 1.019165 -0.000006 0.000001 0.138913 -0.094498 0.995244
    10 3.799514 0.014957 0.039959 -0.022819 0.068472 0.343331
    11 1.774878 0.000000 0.000000 0.094151 -0.003607 0.177905
    12 1.008844 -0.000004 0.000000 0.107502 -0.013614 0.214007
    13 3.632766 0.059052 -0.757493 0.029257 0.113899 0.313921
    14 1.500137 0.000002 0.000000 0.096776 0.074280 -0.062738
    15 0.905666 -0.000002 -0.000001 0.111660 0.049029 0.178996
    16 3.323331 0.233744 -1.479075 0.224777 0.143147 0.636924
    17 0.963100 0.000011 0.000000 0.040053 -0.089165 1.362262
    18 0.682894 -0.000006 -0.000001 0.050946 0.063578 -0.018234
    19 1.149529 0.416498 -1.414117 1.695985 0.643357 0.384411
    20 1.263884 0.000001 0.000000 -0.009336 0.006472 0.475854
    21 1.188946 0.000000 0.000002 -0.011266 0.001918 0.214483
    22 3.773762 0.133217 -0.970574 0.032751 0.177541 0.050162
    23 1.433458 0.000004 0.000000 -0.035235 0.012955 0.451859
    24 1.019165 0.000011 0.000000 -0.035247 0.012979 0.452115
    25 3.799517 0.014957 -0.039958 -0.033211 -0.011916 0.276310
    26 1.774879 0.000004 0.000000 -0.022471 0.008917 0.454686
    27 1.008841 0.000004 0.000000 -0.022387 0.008929 0.454767
    28 3.632765 0.059053 0.757493 -0.281213 -0.185819 0.459280
    29 1.500135 0.000004 0.000000 -0.017006 0.006568 0.424967
    30 0.905668 0.000002 -0.000001 -0.016994 0.006556 0.424967
    31 3.323332 0.233744 1.479075 -0.399082 -0.449109 0.621478
    32 0.963099 0.000010 0.000000 -0.018001 0.008941 0.549273
    33 0.682898 -0.000002 0.000000 -0.017989 0.008941 0.549349
    34 16.981375 -5.872584 -10.737378 0.265381 0.258112 -2.316523
    35 -6.113064 -3.944074 -11.034252 -0.562010 -0.728247 -1.376339
    36 0.000000 3.992340 0.007782 1.570796 0.000000 -1.570796
    37 17.184118 -0.570330 2.687582 -0.534747 2.676268 -0.618918
    38 -0.021929 2.029111 -0.137266 -1.570805 0.000001 0.000000
    39 0.019532 0.000000 0.000000 -0.214324 0.000000 0.000001
    40 0.002397 -0.669111 0.409449 1.082572 0.000000 0.000000
    41 -0.002402 -6.221447 0.929182 -0.886293 0.000000 0.000000
  time 42
    0 -6.113064 -3.944074 -11.034252 -1.925351 -0.728527 -1.376344
    1 10.295578 0.000000 0.000002 2.888976 -0.379843 0.046437
    2 16.981375 -5.872584 -10.737378 -0.818708 0.258285 -2.316667
    3 10.295582 0.000001 -0.000006 -0.719445 0.204509 0.123947
    4 1.149520 0.416502 1.414117 -1.889544 -0.247391 0.590235
    5 1.263885 0.000000 -0.000008 0.039274 0.064201 0.111248
    6 1.188939 -0.000002 0.000010 0.005872 0.001930 -0.245180
    7 3.773755 0.133215 0.970575 0.005840 0.024328 0.317988
    8 1.433456 0.000000 0.000000 0.071596 -0.076558 1.246454
    9 1.019165 -0.000006 0.000001 0.138913 -0.094498 0.995244
    10 3.799514 0.014957 0.039959 -0.022819 0.068472 0.343331
    11 1.774878 0.000000 0.000000 0.094151 -0.003607 0.177905
    12 1.008844 -0.000004 0.000000 0.107502 -0.013614 0.214007
    13 3.632766 0.059052 -0.757493 0.029257 0.113899 0.313921
    14 1.500137 0.000002 0.000000 0.096776 0.074280 -0.062738
    15 0.905666 -0.000002 -0.000001 0.111660 0.049029 0.178996
    16 3.323331 0.233744 -1.479075 0.224777 0.143147 0.636924
    17 0.963100 0.000011 0.000000 0.040053 -0.089165 1.362262
    18 0.682894 -0.000006 -0.000001 0.050946 0.063578 -0.018234
    19 1.149529 0.416498 -1.414117 1.695985 0.643357 0.384411
    20 1.263884 0.000001 0.000000 -0.009336 0.006472 0.475854
    21 1.188946 0.000000 0.000002 -0.011266 0.001918 0.214483
    22 3.773762 0.133217 -0.970574 0.032751 0.177541 0.050162
    23 1.433458 0.000004 0.000000 -0.035235 0.012955 0.451859
    24 1.019165 0.000011 0.000000 -0.035247 0.012979 0.452115
    25 3.799517 0.014957 -0.039958 -0.033211 -0.011916 0.276310
    26 1.774879 0.000004 0.000000 -0.022471 0.008917 0.454686
    27 1.008841 0.000004 0.000000 -0.022387 0.008929 0.454767
    28 3.632765 0.059053 0.757493 -0.281213 -0.185819 0.459280
    29 1.500135 0.000004 0.000000 -0.017006 0.006568 0.424967
    30 0.905668 0.000002 -0.000001 -0.016994 0.006556 0.424967
    31 3.323332 0.233744 1.479075 -0.399082 -0.449109 0.621478
    32 0.963099 0.000010 0.000000 -0.018001 0.008941 0.549273
    33 0.682898 -0.000002 0.000000 -0.017989 0.008941 0.549349
    34 16.981375 -5.872584 -10.737378 0.265381 0.258112 -2.316523
    35 -6.113064 -3.944074 -11.034252 -0.561825 -0.728247 -1.376339
    36 0.000000 3.992340 0.007782 1.570796 0.000000 -1.570796
    37 17.184118 -0.570330 2.687582 -0.536184 2.676841 -0.619580
    38 -0.021929 2.029111 -0.137266 -1.570805 0.000001 0.000000
    39 0.019532 0.000000 0.000000 -0.214324 0.000000 0.000001
    40 0.014116 -0.669111 0.409449 1.082572 0.000000 0.000000
    41 -0.002402 -6.221447 0.929182 -0.885076 0.000000 0.000000
  time 43
    0 -6.113064 -3.944074 -11.034252 -1.925129 -0.728245 -1.376440
    1 10.295578 0.000000 0.000002 2.889385 -0.379188 0.045875
    2 16.981375 -5.872584 -10.737378 -0.818708 0.258285 -2.316667
    3 10.295582 0.000001 -0.000006 -0.719445 0.204509 0.123947
    4 1.149520 0.416502 1.414117 -1.889544 -0.247391 0.590235
    5 1.263885 0.000000 -0.000008 0.039274 0.064201 0.111248
    6 1.188939 -0.000002 0.000010 0.005825 0.001930 -0.245180
    7 3.773755 0.133215 0.970575 0.005840 0.024328 0.317988
    8 1.433456 0.000000 0.000000 0.071596 -0.076558 1.246454
    9 1.019165 -0.000006 0.000001 0.138913 -0.094498 0.995244
    10 3.799514 0.014957 0.039959 -0.022819 0.068472 0.343331
    11 1.774878 0.000000 0.000000 0.094151 -0.003607 0.177905
    12 1.008844 -0.000004 0.000000 0.107502 -0.013614 0.214007
    13 3.632766 0.059052 -0.757493 0.029257 0.113899 0.313921
    14 1.500137 0.000002 0.000000 0.096776 0.074280 -0.062738
    15 0.905666 -0.000002 -0.000001 0.111660 0.049029 0.178996
    16 3.323331 0.233744 -1.479075 0.224777 0.143147 0.636924
    17 0.963100 0.000011 0.000000 0.040053 -0.089165 1.362262
    18 0.682894 -0.000006 -0.000001 0.050946 0.063578 -0.018234
    19 1.149529 0.416498 -1.414117 1.695985 0.643357 0.384411
    20 1.263884 0.000001 0.000000 -0.009336 0.006472 0.475854
    21 1.188946 0.000000 0.000002 -0.011266 0.001918 0.214483
    22 3.773762 0.133217 -0.970574 0.032751 0.177541 0.050162
    23 1.433458 0.000004 0.000000 -0.035235 0.012955 0.451859
    24 1.019165 0.000011 0.000000 -0.035247 0.012979 0.452115
    25 3.799517 0.014957 -0.039958 -0.033211 -0.011916 0.276310
    26 1.774879 0.000004 0.000000 -0.022471 0.008917 0.454686
    27 1.008841 0.000004 0.000000 -0.022387 0.008929 0.454767
    28 3.632765 0.059053 0.757493 -0.281213 -0.185819 0.459280
    29 1.500135 0.000004 0.000000 -0.017006 0.006568 0.424967
    30 0.905668 0.000002 -0.000001 -0.016994 0.006556 0.424967
    31 3.323332 0.233744 1.479075 -0.399082 -0.449109 0.621478
    32 0.963099 0.000010 0.000000 -0.018001 0.008941 0.549273
    33 0.682898 -0.000002 0.000000 -0.017989 0.008941 0.549349
    34 16.981375 -5.872584 -10.737378 0.265381 0.258112 -2.316523
    35 -6.113064 -3.944074 -11.034252 -0.562010 -0.728247 -1.376339
    36 0.000000 3.992340 0.007782 1.570796 0.000000 -1.570796
    37 17.184118 -0.570330 2.695395 -0.536950 2.677414 -0.619770
    38 -0.021929 2.029111 -0.137266 -1.570805 0.000001 0.000000
    39 0.007813 0.000000 0.007813 -0.214324 0.000000 0.000001
    40 0.002397 -0.669111 0.409449 1.082572 0.000000 0.000000
    41 -0.002402 -6.221447 0.929182 -0.883859 0.000000 0.000000
  time 44
    0 -6.113064 -3.944074 -11.034252 -1.925129 -0.728245 -1.376631
    1 10.295578 0.000000 0.000002 2.890340 -0.379115 0.045126
    2 16.981375 -5.872584 -10.737378 -0.818708 0.258285 -2.316667
    3 10.295582 0.000001 -0.000006 -0.719445 0.204509 0.123947
    4 1.149520 0.416502 1.414117 -1.889544 -0.247391 0.590235
    5 1.263885 0.000000 -0.000008 0.039274 0.064201 0.111248
    6 1.188939 -0.000002 0.000010 0.005872 0.001930 -0.245180
    7 3.773755 0.133215 0.970575 0.005840 0.024328 0.317988
    8 1.433456 0.000000 0.000000 0.071596 -0.076558 1.246454
    9 1.019165 -0.000006 0.000001 0.138913 -0.094498 0.995244
    10 3.799514 0.014957 0.039959 -0.022819 0.068472 0.343331
    11 1.774878 0.000000 0.000000 0.094151 -0.003607 0.177905
    12 1.008844 -0.000004 0.000000 0.107502 -0.013614 0.214007
    13 3.632766 0.059052 -0.757493 0.029257 0.113899 0.313921
    14 1.500137 0.000002 0.000000 0.096776 0.074280 -0.062738
    15 0.905666 -0.000002 -0.000001 0.111660 0.049029 0.178996
    16 3.323331 0.233744 -1.479075 0.224777 0.143147 0.636924
    17 0.963100 0.000011 0.000000 0.040053 -0.089165 1.362262
    18 0.682894 -0.000006 -0.000001 0.050946 0.063578 -0.018234
    19 1.149529 0.416498 -1.414117 1.695985 0.643357 0.384411
    20 1.263884 0.000001 0.000000 -0.009336 0.006472 0.475854
    21 1.188946 0.000000 0.000002 -0.011266 0.001918 0.214483
    22 3.773762 0.133217 -0.970574 0.032751 0.177541 0.050162
    23 1.433458 0.000004 0.000000 -0.035235 0.012955 0.451859
    24 1.019165 0.000011 0.000000 -0.035247 0.012979 0.452115
    25 3.799517 0.014957 -0.039958 -0.033211 -0.011916 0.276310
    26 1.774879 0.000004 0.000000 -0.022471 0.008917 0.454686
    27 1.008841 0.000004 0.000000 -0.022387 0.008929 0.454767
    28 3.632765 0.059053 0.757493 -0.281213 -0.185819 0.459280
    29 1.500135 0.000004 0.000000 -0.017006 0.006568 0.424967
    30 0.905668 0.000002 -0.000001 -0.016994 0.006556 0.424967
    31 3.323332 0.233744 1.479075 -0.399082 -0.449109 0.621478
    32 0.963099 0.000010 0.000000 -0.018001 0.008941 0.549273
    33 0.682898 -0.000002 0.000000 -0.017989 0.008941 0.549349
    34 16.981375 -5.872584 -10.737378 0.265381 0.258112 -2.316523
    35 -6.113064 -3.944074 -11.034252 -0.562010 -0.727864 -1.376626
    36 0.000000 3.992340 0.007782 1.570796 0.000000 -1.570796
    37 17.184118 -0.570330 2.695395 -0.537525 2.677987 -0.619580
    38 -0.021929 2.029111 -0.137266 -1.570805 0.000001 0.000000
    39 0.007813 0.000000 0.007813 -0.214324 0.000000 0.000001
    40 0.002397 -0.669111 0.409449 1.082572 0.000000 0.000000
    41 -0.002402 -6.221447 0.929182 -0.882642 0.000000 0.000000
  time 45
    0 -6.113064 -3.944074 -11.034252 -1.925351 -0.728057 -1.376440
    1 10.295578 0.000000 0.000002 2.890681 -0.379455 0.044002
    2 16.981375 -5.872584 -10.737378 -0.818708 0.258285 -2.316667
    3 10.295582 0.000001 -0.000006 -0.719445 0.204509 0.123947
    4 1.149520 0.416502 1.414117 -1.889544 -0.247391 0.590235
    5 1.263885 0.000000 -0.000008 0.039274 0.064201 0.111248
    6 1.188939 -0.000002 0.000010 0.005860 0.001930 -0.245180
    7 3.773755 0.133215 0.970575 0.005840 0.024328 0.317988
    8 1.433456 0.000000 0.000000 0.071596 -0.076558 1.246454
    9 1.019165 -0.000006 0.000001 0.138913 -0.094498 0.995244
    10 3.799514 0.014957 0.039959 -0.022819 0.068472 0.343331
    11 1.774878 0.000000 0.000000 0.094151 -0.003607 0.177905
    12 1.008844 -0.000004 0.000000 0.107502 -0.013614 0.214007
    13 3.632766 0.059052 -0.757493 0.029257 0.113899 0.313921
    14 1.500137 0.000002 0.000000 0.096776 0.074280 -0.062738
    15 0.905666 -0.000002 -0.000001 0.111660 0.049029 0.178996
    16 3.323331 0.233744 -1.479075 0.224777 0.143147 0.636924
    17 0.963100 0.000011 0.000000 0.040053 -0.089165 1.362262
    18 0.682894 -0.000006 -0.000001 0.050946 0.063578 -0.018234
    19 1.149529 0.416498 -1.414117 1.695985 0.643357 0.384411
    20 1.263884 0.000001 0.000000 -0.009336 0.006472 0.475854
    21 1.188946 0.000000 0.000002 -0.011266 0.001918 0.214483
    22 3.773762 0.133217 -0.970574 0.032751 0.177541 0.050162
    23 1.433458 0.000004 0.000000 -0.035235 0.012955 0.451859
    24 1.019165 0.000011 0.000000 -0.035247 0.012979 0.452115
    25 3.799517 0.014957 -0.039958 -0.033211 -0.011916 0.276310
    26 1.774879 0.000004 0.000000 -0.022471 0.008917 0.454686
    27 1.008841 0.000004 0.000000 -0.022387 0.008929 0.454767
    28 3.632765 0.059053 0.757493 -0.281213 -0.185819 0.459280
    29 1.500135 0.000004 0.000000 -0.017006 0.006568 0.424967
    30 0.905668 0.000002 -0.000001 -0.016994 0.006556 0.424967
    31 3.323332 0.233744 1.479075 -0.399082 -0.449109 0.621478
    32 0.963099 0.000010 0.000000 -0.018001 0.008941 0.549273
    33 0.682898 -0.000002 0.000000 -0.017989 0.008941 0.549349
    34 16.981375 -5.872584 -10.737378 0.265381 0.258112 -2.316523
    35 -6.113064 -3.944074 -11.034252 -0.562010 -0.727864 -1.376626
    36 0.000000 3.992340 0.007782 1.570796 0.000000 -1.570796
    37 17.184118 -0.570330 2.695395 -0.536950 2.678560 -0.618918
    38 -0.021929 2.029111 -0.137266 -1.570805 0.000001 0.000000
    39 0.019532 0.000000 0.007813 -0.214324 0.000000 0.000001
    40 0.014116 -0.669111 0.409449 1.082572 0.000000 0.000000
    41 -0.014121 -6.221447 0.929182 -0.881258 0.000000 0.000000
  time 46
    0 -6.113064 -3.944074 -11.034252 -1.925351 -0.728057 -1.376631
    1 10.295578 0.000000 0.000002 2.889999 -0.380401 0.042816
    2 16.981375 -5.872584 -10.737378 -0.818708 0.258285 -2.316667
    3 10.295582 0.000001 -0.000006 -0.719445 0.204509 0.123947
    4 1.149520 0.416502 1.414117 -1.889544 -0.247391 0.590235
    5 1.263885 0.000000 -0.000008 0.039274 0.064201 0.111248
    6 1.188939 -0.000002 0.000010 0.005836 0.001930 -0.245180
    7 3.773755 0.133215 0.970575 0.005840 0.024328 0.317988
    8 1.433456 0.000000 0.000000 0.071596 -0.076558 1.246454
    9 1.019165 -0.000006 0.000001 0.138913 -0.094498 0.995244
    10 3.799514 0.014957 0.039959 -0.022819 0.068472 0.343331
    11 1.774878 0.000000 0.000000 0.094151 -0.003607 0.177905
    12 1.008844 -0.000004 0.000000 0.107502 -0.013614 0.214007
    13 3.632766 0.059052 -0.757493 0.029257 0.113899 0.313921
    14 1.500137 0.000002 0.000000 0.096776 0.074280 -0.062738
    15 0.905666 -0.000002 -0.000001 0.111660 0.049029 0.178996
    16 3.323331 0.233744 -1.479075 0.224777 0.143147 0.636924
    17 0.963100 0.000011 0.000000 0.040053 -0.089165 1.362262
    18 0.682894 -0.000006 -0.000001 0.050946 0.063578 -0.018234
    19 1.149529 0.416498 -1.414117 1.695985 0.643357 0.384411
    20 1.263884 0.000001 0.000000 -0.009336 0.006472 0.475854
    21 1.188946 0.000000 0.000002 -0.011266 0.001918 0.214483
    22 3.773762 0.133217 -0.970574 0.032751 0.177541 0.050162
    23 1.433458 0.000004 0.000000 -0.035235 0.012955 0.451859
    24 1.019165 0.000011 0.000000 -0.035247 0.012979 0.452115
    25 3.799517 0.014957 -0.039958 -0.033211 -0.011916 0.276310
    26 1.774879 0.000004 0.000000 -0.022471 0.008917 0.454686
    27 1.008841 0.000004 0.000000 -0.022387 0.008929 0.454767
    28 3.632765 0.059053 0.757493 -0.281213 -0.185819 0.459280
    29 1.500135 0.000004 0.000000 -0.017006 0.006568 0.424967
    30 0.905668 0.000002 -0.000001 -0.016994 0.006556 0.424967
    31 3.323332 0.233744 1.479075 -0.399082 -0.449109 0.621478
    32 0.963099 0.000010 0.000000 -0.018001 0.008941 0.549273
    33 0.682898 -0.000002 0.000000 -0.017989 0.008941 0.549349
    34 16.981375 -5.872584 -10.737378 0.265381 0.258112 -2.316523
    35 -6.113064 -3.944074 -11.034252 -0.562195 -0.727864 -1.376626
    36 0.000000 3.992340 0.007782 1.570796 0.000000 -1.570796
    37 17.176305 -0.570330 2.695395 -0.535417 2.678369 -0.616930
    38 -0.021929 2.029111 -0.137266 -1.570805 0.000001 0.000000
    39 0.007813 0.000000 0.000000 -0.214324 0.000000 0.000001
    40 0.002397 -0.669111 0.409449 1.082572 0.000000 0.000000
    41 -0.002402 -6.221447 0.929182 -0.879831 0.000000 0.000000
  time 47
    0 -6.113064 -3.944074 -11.034252 -1.925426 -0.728245 -1.376631
    1 10.295578 0.000000 0.000002 2.887953 -0.381857 0.041536
    2 16.981375 -5.872584 -10.737378 -0.818708 0.258285 -2.316667
    3 10.295582 0.000001 -0.000006 -0.719445 0.204509 0.123947
    4 1.149520 0.416502 1.414117 -1.889544 -0.247391 0.590235
    5 1.263885 0.000000 -0.000008 0.039274 0.064201 0.111248
    6 1.188939 -0.000002 0.000010 0.005872 0.001930 -0.245180
    7 3.773755 0.133215 0.970575 0.005840 0.024328 0.317988
    8 1.433456 0.000000 0.000000 0.071596 -0.076558 1.246454
    9 1.019165 -0.000006 0.000001 0.138913 -0.094498 0.995244
    10 3.799514 0.014957 0.039959 -0.022819 0.068472 0.343331
    11 1.774878 0.000000 0.000000 0.094151 -0.003607 0.177905
    12 1.008844 -0.000004 0.000000 0.107502 -0.013614 0.214007
    13 3.632766 0.059052 -0.757493 0.029257 0.113899 0.313921
    14 1.500137 0.000002 0.000000 0.096776 0.074280 -0.062738
    15 0.905666 -0.000002 -0.000001 0.111660 0.049029 0.178996
    16 3.323331 0.233744 -1.479075 0.224777 0.143147 0.636924
    17 0.963100 0.000011 0.000000 0.040053 -0.089165 1.362262
    18 0.682894 -0.000006 -0.000001 0.050946 0.063578 -0.018234
    19 1.149529 0.416498 -1.414117 1.695985 0.643357 0.384411
    20 1.263884 0.000001 0.000000 -0.009336 0.006472 0.475854
    21 1.188946 0.000000 0.000002 -0.011266 0.001918 0.214483
    22 3.773762 0.133217 -0.970574 0.032751 0.177541 0.050162
    23 1.433458 0.000004 0.000000 -0.035235 0.012955 0.451859
    24 1.019165 0.000011 0.000000 -0.035247 0.012979 0.452115
    25 3.799517 0.014957 -0.039958 -0.033211 -0.011916 0.276310
    26 1.774879 0.000004 0.000000 -0.022471 0.008917 0.454686
    27 1.008841 0.000004 0.000000 -0.022387 0.008929 0.454767
    28 3.632765 0.059053 0.757493 -0.281213 -0.185819 0.459280
    29 1.500135 0.000004 0.000000 -0.017006 0.006568 0.424967
    30 0.905668 0.000002 -0.000001 -0.016994 0.006556 0.424967
    31 3.323332 0.233744 1.479075 -0.399082 -0.449109 0.621478
    32 0.963099 0.000010 0.000000 -0.018001 0.008941 0.549273
    33 0.682898 -0.000002 0.000000 -0.017989 0.008941 0.549349
    34 16.981375 -5.872584 -10.737378 0.265381 0.258112 -2.316523
    35 -6.113064 -3.944074 -11.034252 -0.562010 -0.727864 -1.376626
    36 0.000000 3.992340 0.007782 1.570796 0.000000 -1.570796
    37 17.168493 -0.570330 2.683676 -0.532447 2.677032 -0.613617
    38 -0.021929 2.029111 -0.137266 -1.570805 0.000001 0.000000
    39 0.019532 0.000000 0.007813 -0.214324 0.000000 0.000001
    40 0.002397 -0.669111 0.409449 1.082572 0.000000 0.000000
    41 -0.014121 -6.221447 0.929182 -0.878404 0.000000 0.000000
  time 48
    0 -6.124783 -3.944074 -11.034252 -1.925426 -0.728433 -1.376918
    1 10.295578 0.000000 0.000002 2.884543 -0.383919 0.040131
    2 16.981375 -5.872584 -10.737378 -0.818708 0.258285 -2.316667
    3 10.295582 0.000001 -0.000006 -0.719445 0.204509 0.123947
    4 1.149520 0.416502 1.414117 -1.889544 -0.247391 0.590235
    5 1.263885 0.000000 -0.000008 0.039274 0.064201 0.111248
    6 1.188939 -0.000002 0.000010 0.005825 0.001918 -0.245180
    7 3.773755 0.133215 0.970575 0.005840 0.024328 0.317988
    8 1.433456 0.000000 0.000000 0.071596 -0.076558 1.246454
    9 1.019165 -0.000006 0.000001 0.138913 -0.094498 0.995244
    10 3.799514 0.014957 0.039959 -0.022819 0.068472 0.343331
    11 1.774878 0.000000 0.000000 0.094151 -0.003607 0.177905
    12 1.008844 -0.000004 0.000000 0.107502 -0.013614 0.214007
    13 3.632766 0.059052 -0.757493 0.029257 0.113899 0.313921
    14 1.500137 0.000002 0.000000 0.096776 0.074280 -0.062738
    15 0.905666 -0.000002 -0.000001 0.111660 0.049029 0.178996
    16 3.323331 0.233744 -1.479075 0.224777 0.143147 0.636924
    17 0.963100 0.000011 0.000000 0.040053 -0.089165 1.362262
    18 0.682894 -0.000006 -0.000001 0.050946 0.063578 -0.018234
    19 1.149529 0.416498 -1.414117 1.695985 0.643357 0.384411
    20 1.263884 0.000001 0.000000 -0.009336 0.006472 0.475854
    21 1.188946 0.000000 0.000002 -0.011266 0.001918 0.214483
    22 3.773762 0.133217 -0.970574 0.032751 0.177541 0.050162
    23 1.433458 0.000004 0.000000 -0.035235 0.012955 0.451859
    24 1.019165 0.000011 0.000000 -0.035247 0.012979 0.452115
    25 3.799517 0.014957 -0.039958 -0.033211 -0.011916 0.276310
    26 1.774879 0.000004 0.000000 -0.022471 0.008917 0.454686
    27 1.008841 0.000004 0.000000 -0.022387 0.008929 0.454767
    28 3.632765 0.059053 0.757493 -0.281213 -0.185819 0.459280
    29 1.500135 0.000004 0.000000 -0.017006 0.006568 0.424967
    30 0.905668 0.000002 -0.000001 -0.016994 0.006556 0.424967
    31 3.323332 0.233744 1.479075 -0.399082 -0.449109 0.621478
    32 0.963099 0.000010 0.000000 -0.018001 0.008941 0.549273
    33 0.682898 -0.000002 0.000000 -0.017989 0.008941 0.549349
    34 16.981375 -5.872584 -10.737378 0.265381 0.258112 -2.316523
    35 -6.124783 -3.944074 -11.034252 -0.562195 -0.727864 -1.376626
    36 0.000000 3.992340 0.007782 1.570796 0.000000 -1.570796
    37 17.125523 -0.570330 2.671957 -0.529477 2.674836 -0.609357
    38 -0.021929 2.029111 -0.137266 -1.570805 0.000001 0.000000
    39 0.019532 0.000000 0.007813 -0.214324 0.000000 0.000001
    40 0.002397 -0.669111 0.409449 1.082572 0.000000 0.000000
    41 -0.002402 -6.221447 0.929182 -0.876641 0.000000 0.000000
  time 49
    0 -6.124783 -3.944074 -11.034252 -1.925426 -0.728527 -1.376631
    1 10.295578 0.000000 0.000002 2.880110 -0.386127 0.038976
    2 16.981375 -5.872584 -10.737378 -0.818708 0.258285 -2.316667
    3 10.295582 0.000001 -0.000006 -0.719445 0.204509 0.123947
    4 1.149520 0.416502 1.414117 -1.889544 -0.247391 0.590235
    5 1.263885 0.000000 -0.000008 0.039274 0.064201 0.111248
    6 1.188939 -0.000002 0.000010 0.005825 0.001918 -0.245180
    7 3.773755 0.133215 0.970575 0.005840 0.024328 0.317988
    8 1.433456 0.000000 0.000000 0.071596 -0.076558 1.246454
    9 1.019165 -0.000006 0.000001 0.138913 -0.094498 0.995244
    10 3.799514 0.014957 0.039959 -0.022819 0.068472 0.343331
    11 1.774878 0.000000 0.000000 0.094151 -0.003607 0.177905
    12 1.008844 -0.000004 0.000000 0.107502 -0.013614 0.214007
    13 3.632766 0.059052 -0.757493 0.029257 0.113899 0.313921
    14 1.500137 0.000002 0.000000 0.096776 0.074280 -0.062738
    15 0.905666 -0.000002 -0.000001 0.111660 0.049029 0.178996
    16 3.323331 0.233744 -1.479075 0.224777 0.143147 0.636924
    17 0.963100 0.000011 0.000000 0.040053 -0.089165 1.362262
    18 0.682894 -0.000006 -0.000001 0.050946 0.063578 -0.018234
    19 1.149529 0.416498 -1.414117 1.695985 0.643357 0.384411
    20 1.263884 0.000001 0.000000 -0.009336 0.006472 0.475854
    21 1.188946 0.000000 0.000002 -0.011266 0.001918 0.214483
    22 3.773762 0.133217 -0.970574 0.032751 0.177541 0.050162
    23 1.433458 0.000004 0.000000 -0.035235 0.012955 0.451859
    24 1.019165 0.000011 0.000000 -0.035247 0.012979 0.452115
    25 3.799517 0.014957 -0.039958 -0.033211 -0.011916 0.276310
    26 1.774879 0.000004 0.000000 -0.022471 0.008917 0.454686
    27 1.008841 0.000004 0.000000 -0.022387 0.008929 0.454767
    28 3.632765 0.059053 0.757493 -0.281213 -0.185819 0.459280
    29 1.500135 0.000004 0.000000 -0.017006 0.006568 0.424967
    30 0.905668 0.000002 -0.000001 -0.016994 0.006556 0.424967
    31 3.323332 0.233744 1.479075 -0.399082 -0.449109 0.621478
    32 0.963099 0.000010 0.000000 -0.018001 0.008941 0.549273
    33 0.682898 -0.000002 0.000000 -0.017989 0.008941 0.549349
    34 16.981375 -5.872584 -10.737378 0.265381 0.258112 -2.316523
    35 -6.124783 -3.944074 -11.034252 -0.562318 -0.728247 -1.376626
    36 0.000000 3.992340 0.007782 1.570796 0.000000 -1.570796
    37 17.125523 -0.570330 2.656331 -0.525069 2.671876 -0.604529
    38 -0.021929 2.029111 -0.137266 -1.570805 0.000001 0.000000
    39 0.007813 0.000000 0.007813 -0.214324 0.000000 0.000001
    40 0.002397 -0.669111 0.409449 1.082572 0.000000 0.000000
    41 -0.014121 -6.221447 0.929182 -0.875256 0.000000 0.000000
  time 50
    0 -6.124783 -3.944074 -11.034252 -1.925723 -0.728527 -1.376440
    1 10.295578 0.000000 0.000002 2.874722 -0.388529 0.037790
    2 16.981375 -5.872584 -10.737378 -0.818708 0.258285 -2.316667
    3 10.295582 0.000001 -0.000006 -0.719445 0.204509 0.123947
    4 1.149520 0.416502 1.414117 -1.889544 -0.247391 0.590235
    5 1.263885 0.000000 -0.000008 0.039274 0.064201 0.111248
    6 1.188939 -0.000002 0.000010 0.005825 0.001918 -0.245180
    7 3.773755 0.133215 0.970575 0.005840 0.024328 0.317988
    8 1.433456 0.000000 0.000000 0.071596 -0.076558 1.246454
    9 1.019165 -0.000006 0.000001 0.138913 -0.094498 0.995244
    10 3.799514 0.014957 0.039959 -0.022819 0.068472 0.343331
    11 1.774878 0.000000 0.000000 0.094151 -0.003607 0.177905
    12 1.008844 -0.000004 0.000000 0.107502 -0.013614 0.214007
    13 3.632766 0.059052 -0.757493 0.029257 0.113899 0.313921
    14 1.500137 0.000002 0.000000 0.096776 0.074280 -0.062738
    15 0.905666 -0.000002 -0.000001 0.111660 0.049029 0.178996
    16 3.323331 0.233744 -1.479075 0.224777 0.143147 0.636924
    17 0.963100 0.000011 0.000000 0.040053 -0.089165 1.362262
    18 0.682894 -0.000006 -0.000001 0.050946 0.063578 -0.018234
    19 1.149529 0.416498 -1.414117 1.695985 0.643357 0.384411
    20 1.263884 0.000001 0.000000 -0.009336 0.006472 0.475854
    21 1.188946 0.000000 0.000002 -0.011266 0.001918 0.214483
    22 3.773762 0.133217 -0.970574 0.032751 0.177541 0.050162
    23 1.433458 0.000004 0.000000 -0.035235 0.012955 0.451859
    24 1.019165 0.000011 0.000000 -0.035247 0.012979 0.452115
    25 3.799517 0.014957 -0.039958 -0.033211 -0.011916 0.276310
    26 1.774879 0.000004 0.000000 -0.022471 0.008917 0.454686
    27 1.008841 0.000004 0.000000 -0.022387 0.008929 0.454767
    28 3.632765 0.059053 0.757493 -0.281213 -0.185819 0.459280
    29 1.500135 0.000004 0.000000 -0.017006 0.006568 0.424967
    30 0.905668 0.000002 -0.000001 -0.016994 0.006556 0.424967
    31 3.323332 0.233744 1.479075 -0.399082 -0.449109 0.621478
    32 0.963099 0.000010 0.000000 -0.018001 0.008941 0.549273
    33 0.682898 -0.000002 0.000000 -0.017989 0.008941 0.549349
    34 16.981375 -5.872584 -10.737378 0.265381 0.258112 -2.316523
    35 -6.124783 -3.944074 -11.034252 -0.562503 -0.728726 -1.376626
    36 0.000000 3.992340 0.007782 1.570796 0.000000 -1.570796
    37 17.125523 -0.578143 2.632893 -0.520278 2.668343 -0.598849
    38 -0.021929 2.029111 -0.137266 -1.570805 0.000001 0.000000
    39 0.007813 0.000000 0.007813 -0.214324 0.000000 0.000001
    40 0.002397 -0.669111 0.409449 1.082572 0.000000 0.000000
    41 -0.002402 -6.221447 0.929182 -0.873830 0.000000 0.000000
  time 51
    0 -6.124783 -3.944074 -11.034252 -1.925723 -0.728621 -1.376440
    1 10.295578 0.000000 0.000002 2.868857 -0.391125 0.036822
    2 16.981375 -5.872584 -10.737378 -0.818708 0.258285 -2.316667
    3 10.295582 0.000001 -0.000006 -0.719445 0.204509 0.123947
    4 1.149520 0.416502 1.414117 -1.889544 -0.247391 0.590235
    5 1.263885 0.000000 -0.000008 0.039274 0.064201 0.111248
    6 1.188939 -0.000002 0.000010 0.005825 0.001918 -0.245180
    7 3.773755 0.133215 0.970575 0.005840 0.024328 0.317988
    8 1.433456 0.000000 0.000000 0.071596 -0.076558 1.246454
    9 1.019165 -0.000006 0.000001 0.138913 -0.094498 0.995244
    10 3.799514 0.014957 0.039959 -0.022819 0.068472 0.343331
    11 1.774878 0.000000 0.000000 0.094151 -0.003607 0.177905
    12 1.008844 -0.000004 0.000000 0.107502 -0.013614 0.214007
    13 3.632766 0.059052 -0.757493 0.029257 0.113899 0.313921
    14 1.500137 0.000002 0.000000 0.096776 0.074280 -0.062738
    15 0.905666 -0.000002 -0.000001 0.111660 0.049029 0.178996
    16 3.323331 0.233744 -1.479075 0.224777 0.143147 0.636924
    17 0.963100 0.000011 0.000000 0.040053 -0.089165 1.362262
    18 0.682894 -0.000006 -0.000001 0.050946 0.063578 -0.018234
    19 1.149529 0.416498 -1.414117 1.695985 0.643357 0.384411
    20 1.263884 0.000001 0.000000 -0.009336 0.006472 0.475854
    21 1.188946 0.000000 0.000002 -0.011266 0.001918 0.214483
    22 3.773762 0.133217 -0.970574 0.032751 0.177541 0.050162
    23 1.433458 0.000004 0.000000 -0.035235 0.012955 0.451859
    24 1.019165 0.000011 0.000000 -0.035247 0.012979 0.452115
    25 3.799517 0.014957 -0.039958 -0.033211 -0.011916 0.276310
    26 1.774879 0.000004 0.000000 -0.022471 0.008917 0.454686
    27 1.008841 0.000004 0.000000 -0.022387 0.008929 0.454767
    28 3.632765 0.059053 0.757493 -0.281213 -0.185819 0.459280
    29 1.500135 0.000004 0.000000 -0.017006 0.006568 0.424967
    30 0.905668 0.000002 -0.000001 -0.016994 0.006556 0.424967
    31 3.323332 0.233744 1.479075 -0.399082 -0.449109 0.621478
    32 0.963099 0.000010 0.000000 -0.018001 0.008941 0.549273
    33 0.682898 -0.000002 0.000000 -0.017989 0.008941 0.549349
    34 16.981375 -5.872584 -10.737378 0.265381 0.258112 -2.316523
    35 -6.124783 -3.944074 -11.034252 -0.562688 -0.729013 -1.376339
    36 0.000000 3.992340 0.007782 1.570796 0.000000 -1.570796
    37 17.125523 -0.578143 2.609455 -0.515200 2.664237 -0.592696
    38 -0.021929 2.029111 -0.137266 -1.570805 0.000001 0.000000
    39 0.019532 0.000000 0.007813 -0.214324 0.000000 0.000001
    40 0.014116 -0.669111 0.409449 1.082572 0.000000 0.000000
    41 -0.014121 -6.221447 0.929182 -0.872403 0.000000 0.000000
  time 52
    0 -6.124783 -3.944074 -11.034252 -1.925797 -0.728621 -1.376344
    1 10.295578 0.000000 0.000002 2.862378 -0.393867 0.036073
    2 16.981375 -5.872584 -10.737378 -0.818708 0.258285 -2.316667
    3 10.295582 0.000001 -0.000006 -0.719445 0.204509 0.123947
    4 1.149520 0.416502 1.414117 -1.889544 -0.247391 0.590235
    5 1.263885 0.000000 -0.000008 0.039274 0.064201 0.111248
    6 1.188939 -0.000002 0.000010 0.005825 0.001918 -0.245180
    7 3.773755 0.133215 0.970575 0.005840 0.024328 0.317988
    8 1.433456 0.000000 0.000000 0.071596 -0.076558 1.246454
    9 1.019165 -0.000006 0.000001 0.138913 -0.094498 0.995244
    10 3.799514 0.014957 0.039959 -0.022819 0.068472 0.343331
    11 1.774878 0.000000 0.000000 0.094151 -0.003607 0.177905
    12 1.008844 -0.000004 0.000000 0.107502 -0.013614 0.214007
    13 3.632766 0.059052 -0.757493 0.029257 0.113899 0.313921
    14 1.500137 0.000002 0.000000 0.096776 0.074280 -0.062738
    15 0.905666 -0.000002 -0.000001 0.111660 0.049029 0.178996
    16 3.323331 0.233744 -1.479075 0.224777 0.143147 0.636924
    17 0.963100 0.000011 0.000000 0.040053 -0.089165 1.362262
    18 0.682894 -0.000006 -0.000001 0.050946 0.063578 -0.018234
    19 1.149529 0.416498 -1.414117 1.695985 0.643357 0.384411
    20 1.263884 0.000001 0.000000 -0.009336 0.006472 0.475854
    21 1.188946 0.000000 0.000002 -0.011266 0.001918 0.214483
    22 3.773762 0.133217 -0.970574 0.032751 0.177541 0.050162
    23 1.433458 0.000004 0.000000 -0.035235 0.012955 0.451859
    24 1.019165 0.000011 0.000000 -0.035247 0.012979 0.452115
    25 3.799517 0.014957 -0.039958 -0.033211 -0.011916 0.276310
    26 1.774879 0.000004 0.000000 -0.022471 0.008917 0.454686
    27 1.008841 0.000004 0.000000 -0.022387 0.008929 0.454767
    28 3.632765 0.059053 0.757493 -0.281213 -0.185819 0.459280
    29 1.500135 0.000004 0.000000 -0.017006 0.006568 0.424967
    30 0.905668 0.000002 -0.000001 -0.016994 0.006556 0.424967
    31 3.323332 0.233744 1.479075 -0.399082 -0.449109 0.621478
    32 0.963099 0.000010 0.000000 -0.018001 0.008941 0.549273
    33 0.682898 -0.000002 0.000000 -0.017989 0.008941 0.549349
    34 16.981375 -5.872584 -10.737378 0.265381 0.258112 -2.316523
    35 -6.124783 -3.944074 -11.034252 -0.562996 -0.729205 -1.376339
    36 0.000000 3.992340 0.007782 1.570796 0.000000 -1.570796
    37 17.105991 -0.582049 2.589923 -0.510026 2.660131 -0.586448
    38 -0.021929 2.029111 -0.137266 -1.570805 0.000001 0.000000
    39 0.019532 0.000000 0.007813 -0.214324 0.000000 0.000001
    40 0.014116 -0.669111 0.409449 1.082572 0.000000 0.000000
    41 -0.002402 -6.221447 0.929182 -0.871228 0.000000 0.000000
  time 53
    0 -6.124783 -3.955793 -11.026439 -1.926094 -0.729844 -1.376153
    1 10.295578 0.000000 0.000002 2.855899 -0.396269 0.035386
    2 16.981375 -5.872584 -10.737378 -0.818708 0.258285 -2.316667
    3 10.295582 0.000001 -0.000006 -0.719445 0.204509 0.123947
    4 1.149520 0.416502 1.414117 -1.889544 -0.247391 0.590235
    5 1.263885 0.000000 -0.000008 0.039274 0.064201 0.111248
    6 1.188939 -0.000002 0.000010 0.005825 0.001918 -0.245180
    7 3.773755 0.133215 0.970575 0.005840 0.024328 0.317988
    8 1.433456 0.000000 0.000000 0.071596 -0.076558 1.246454
    9 1.019165 -0.000006 0.000001 0.138913 -0.094498 0.995244
    10 3.799514 0.014957 0.039959 -0.022819 0.068472 0.343331
    11 1.774878 0.000000 0.000000 0.094151 -0.003607 0.177905
    12 1.008844 -0.000004 0.000000 0.107502 -0.013614 0.214007
    13 3.632766 0.059052 -0.757493 0.029257 0.113899 0.313921
    14 1.500137 0.000002 0.000000 0.096776 0.074280 -0.062738
    15 0.905666 -0.000002 -0.000001 0.111660 0.049029 0.178996
    16 3.323331 0.233744 -1.479075 0.224777 0.143147 0.636924
    17 0.963100 0.000011 0.000000 0.040053 -0.089165 1.362262
    18 0.682894 -0.000006 -0.000001 0.050946 0.063578 -0.018234
    19 1.149529 0.416498 -1.414117 1.695985 0.643357 0.384411
    20 1.263884 0.000001 0.000000 -0.009336 0.006472 0.475854
    21 1.188946 0.000000 0.000002 -0.011266 0.001918 0.214483
    22 3.773762 0.133217 -0.970574 0.032751 0.177541 0.050162
    23 1.433458 0.000004 0.000000 -0.035235 0.012955 0.451859
    24 1.019165 0.000011 0.000000 -0.035247 0.012979 0.452115
    25 3.799517 0.014957 -0.039958 -0.033211 -0.011916 0.276310
    26 1.774879 0.000004 0.000000 -0.022471 0.008917 0.454686
    27 1.008841 0.000004 0.000000 -0.022387 0.008929 0.454767
    28 3.632765 0.059053 0.757493 -0.281213 -0.185819 0.459280
    29 1.500135 0.000004 0.000000 -0.017006 0.006568 0.424967
    30 0.905668 0.000002 -0.000001 -0.016994 0.006556 0.424967
    31 3.323332 0.233744 1.479075 -0.399082 -0.449109 0.621478
    32 0.963099 0.000010 0.000000 -0.018001 0.008941 0.549273
    33 0.682898 -0.000002 0.000000 -0.017989 0.008941 0.549349
    34 16.981375 -5.872584 -10.737378 0.265381 0.258112 -2.316523
    35 -6.124783 -3.955793 -11.026439 -0.562996 -0.729588 -1.376339
    36 0.000000 3.992340 0.007782 1.570796 0.000000 -1.570796
    37 17.102084 -0.582049 2.570391 -0.504852 2.655548 -0.580579
    38 -0.021929 2.029111 -0.137266 -1.570805 0.000001 0.000000
    39 0.019532 0.000000 0.007813 -0.214324 0.000000 0.000001
    40 0.002397 -0.669111 0.409449 1.082572 0.000000 0.000000
    41 -0.014121 -6.221447 0.929182 -0.869801 0.000000 0.000000
  time 54
    0 -6.124783 -3.955793 -11.026439 -1.926391 -0.730314 -1.376057
    1 10.295578 0.000000 0.000002 2.849420 -0.398404 0.035105
    2 16.981375 -5.872584 -10.737378 -0.818708 0.258285 -2.316667
    3 10.295582 0.000001 -0.000006 -0.719445 0.204509 0.123947
    4 1.149520 0.416502 1.414117 -1.889544 -0.247391 0.590235
    5 1.263885 0.000000 -0.000008 0.039274 0.064201 0.111248
    6 1.188939 -0.000002 0.000010 0.005825 0.001918 -0.245180
    7 3.773755 0.133215 0.970575 0.005840 0.024328 0.317988
    8 1.433456 0.000000 0.000000 0.071596 -0.076558 1.246454
    9 1.019165 -0.000006 0.000001 0.138913 -0.094498 0.995244
    10 3.799514 0.014957 0.039959 -0.022819 0.068472 0.343331
    11 1.774878 0.000000 0.000000 0.094151 -0.003607 0.177905
    12 1.008844 -0.000004 0.000000 0.107502 -0.013614 0.214007
    13 3.632766 0.059052 -0.757493 0.029257 0.113899 0.313921
    14 1.500137 0.000002 0.000000 0.096776 0.074280 -0.062738
    15 0.905666 -0.000002 -0.000001 0.111660 0.049029 0.178996
    16 3.323331 0.233744 -1.479075 0.224777 0.143147 0.636924
    17 0.963100 0.000011 0.000000 0.040053 -0.089165 1.362262
    18 0.682894 -0.000006 -0.000001 0.050946 0.063578 -0.018234
    19 1.149529 0.416498 -1.414117 1.695985 0.643357 0.384411
    20 1.263884 0.000001 0.000000 -0.009336 0.006472 0.475854
    21 1.188946 0.000000 0.000002 -0.011266 0.001918 0.214483
    22 3.773762 0.133217 -0.970574 0.032751 0.177541 0.050162
    23 1.433458 0.000004 0.000000 -0.035235 0.012955 0.451859
    24 1.019165 0.000011 0.000000 -0.035247 0.012979 0.452115
    25 3.799517 0.014957 -0.039958 -0.033211 -0.011916 0.276310
    26 1.774879 0.000004 0.000000 -0.022471 0.008917 0.454686
    27 1.008841 0.000004 0.000000 -0.022387 0.008929 0.454767
    28 3.632765 0.059053 0.757493 -0.281213 -0.185819 0.459280
    29 1.500135 0.000004 0.000000 -0.017006 0.006568 0.424967
    30 0.905668 0.000002 -0.000001 -0.016994 0.006556 0.424967
    31 3.323332 0.233744 1.479075 -0.399082 -0.449109 0.621478
    32 0.963099 0.000010 0.000000 -0.018001 0.008941 0.549273
    33 0.682898 -0.000002 0.000000 -0.017989 0.008941 0.549349
    34 16.981375 -5.872584 -10.737378 0.265381 0.258112 -2.316523
    35 -6.124783 -3.955793 -11.026439 -0.563489 -0.730354 -1.376052
    36 0.000000 3.992340 0.007782 1.570796 0.000000 -1.570796
    37 17.063021 -0.582049 2.546953 -0.499678 2.651060 -0.574899
    38 -0.021929 2.029111 -0.137266 -1.570805 0.000001 0.000000
    39 0.019532 0.000000 0.000000 -0.214324 0.000000 0.000001
    40 0.014116 -0.669111 0.409449 1.082572 0.000000 0.000000
    41 -0.002402 -6.221447 0.929182 -0.868584 0.000000 0.000000
  time 55
    0 -6.124783 -3.955793 -11.026439 -1.926465 -0.730314 -1.375866
    1 10.295578 0.000000 0.000002 2.843350 -0.400272 0.035105
    2 16.981375 -5.872584 -10.737378 -0.818708 0.258285 -2.316667
    3 10.295582 0.000001 -0.000006 -0.719445 0.204509 0.123947
    4 1.149520 0.416502 1.414117 -1.889544 -0.247391 0.590235
    5 1.263885 0.000000 -0.000008 0.039274 0.064201 0.111248
    6 1.188939 -0.000002 0.000010 0.005825 0.001918 -0.245180
    7 3.773755 0.133215 0.970575 0.005840 0.024328 0.317988
    8 1.433456 0.000000 0.000000 0.071596 -0.076558 1.246454
    9 1.019165 -0.000006 0.000001 0.138913 -0.094498 0.995244
    10 3.799514 0.014957 0.039959 -0.022819 0.068472 0.343331
    11 1.774878 0.000000 0.000000 0.094151 -0.003607 0.177905
    12 1.008844 -0.000004 0.000000 0.107502 -0.013614 0.214007
    13 3.632766 0.059052 -0.757493 0.029257 0.113899 0.313921
    14 1.500137 0.000002 0.000000 0.096776 0.074280 -0.062738
    15 0.905666 -0.000002 -0.000001 0.111660 0.049029 0.178996
    16 3.323331 0.233744 -1.479075 0.224777 0.143147 0.636924
    17 0.963100 0.000011 0.000000 0.040053 -0.089165 1.362262
    18 0.682894 -0.000006 -0.000001 0.050946 0.063578 -0.018234
    19 1.149529 0.416498 -1.414117 1.695985 0.643357 0.384411
    20 1.263884 0.000001 0.000000 -0.009336 0.006472 0.475854
    21 1.188946 0.000000 0.000002 -0.011266 0.001918 0.214483
    22 3.773762 0.133217 -0.970574 0.032751 0.177541 0.050162
    23 1.433458 0.000004 0.000000 -0.035235 0.012955 0.451859
    24 1.019165 0.000011 0.000000 -0.035247 0.012979 0.452115
    25 3.799517 0.014957 -0.039958 -0.033211 -0.011916 0.276310
    26 1.774879 0.000004 0.000000 -0.022471 0.008917 0.454686
    27 1.008841 0.000004 0.000000 -0.022387 0.008929 0.454767
    28 3.632765 0.059053 0.757493 -0.281213 -0.185819 0.459280
    29 1.500135 0.000004 0.000000 -0.017006 0.006568 0.424967
    30 0.905668 0.000002 -0.000001 -0.016994 0.006556 0.424967
    31 3.323332 0.233744 1.479075 -0.399082 -0.449109 0.621478
    32 0.963099 0.000010 0.000000 -0.018001 0.008941 0.549273
    33 0.682898 -0.000002 0.000000 -0.017989 0.008941 0.549349
    34 16.981375 -5.872584 -10.737378 0.265381 0.258112 -2.316523
    35 -6.124783 -3.955793 -11.026439 -0.563489 -0.730546 -1.375574
    36 0.000000 3.992340 0.007782 1.570796 0.000000 -1.570796
    37 17.063021 -0.589862 2.527421 -0.495654 2.646572 -0.569787
    38 -0.021929 2.029111 -0.137266 -1.570805 0.000001 0.000000
    39 0.019532 0.000000 0.007813 -0.214324 0.000000 0.000001
    40 0.014116 -0.669111 0.409449 1.082572 0.000000 0.000000
    41 -0.002402 -6.221447 0.929182 -0.867409 0.000000 0.000000
  time 56
    0 -6.124783 -3.955793 -11.026439 -1.926465 -0.730408 -1.375579
    1 10.295578 0.000000 0.000002 2.837485 -0.401752 0.035355
    2 16.981375 -5.872584 -10.737378 -0.818708 0.258285 -2.316667
    3 10.295582 0.000001 -0.000006 -0.719445 0.204509 0.123947
    4 1.149520 0.416502 1.414117 -1.889544 -0.247391 0.590235
    5 1.263885 0.000000 -0.000008 0.039274 0.064201 0.111248
    6 1.188939 -0.000002 0.000010 0.005825 0.001918 -0.245180
    7 3.773755 0.133215 0.970575 0.005840 0.024328 0.317988
    8 1.433456 0.000000 0.000000 0.071596 -0.076558 1.246454
    9 1.019165 -0.000006 0.000001 0.138913 -0.094498 0.995244
    10 3.799514 0.014957 0.039959 -0.022819 0.068472 0.343331
    11 1.774878 0.000000 0.000000 0.094151 -0.003607 0.177905
    12 1.008844 -0.000004 0.000000 0.107502 -0.013614 0.214007
    13 3.632766 0.059052 -0.757493 0.029257 0.113899 0.313921
    14 1.500137 0.000002 0.000000 0.096776 0.074280 -0.062738
    15 0.905666 -0.000002 -0.000001 0.111660 0.049029 0.178996
    16 3.323331 0.233744 -1.479075 0.224777 0.143147 0.636924
    17 0.963100 0.000011 0.000000 0.040053 -0.089165 1.362262
    18 0.682894 -0.000006 -0.000001 0.050946 0.063578 -0.018234
    19 1.149529 0.416498 -1.414117 1.695985 0.643357 0.384411
    20 1.263884 0.000001 0.000000 -0.009336 0.006472 0.475854
    21 1.188946 0.000000 0.000002 -0.011266 0.001918 0.214483
    22 3.773762 0.133217 -0.970574 0.032751 0.177541 0.050162
    23 1.433458 0.000004 0.000000 -0.035235 0.012955 0.451859
    24 1.019165 0.000011 0.000000 -0.035247 0.012979 0.452115
    25 3.799517 0.014957 -0.039958 -0.033211 -0.011916 0.276310
    26 1.774879 0.000004 0.000000 -0.022471 0.008917 0.454686
    27 1.008841 0.000004 0.000000 -0.022387 0.008929 0.454767
    28 3.632765 0.059053 0.757493 -0.281213 -0.185819 0.459280
    29 1.500135 0.000004 0.000000 -0.017006 0.006568 0.424967
    30 0.905668 0.000002 -0.000001 -0.016994 0.006556 0.424967
    31 3.323332 0.233744 1.479075 -0.399082 -0.449109 0.621478
    32 0.963099 0.000010 0.000000 -0.018001 0.008941 0.549273
    33 0.682898 -0.000002 0.000000 -0.017989 0.008941 0.549349
    34 16.981375 -5.872584 -10.737378 0.265381 0.258112 -2.316523
    35 -6.124783 -3.955793 -11.026439 -0.563674 -0.730929 -1.375574
    36 0.000000 3.992340 0.007782 1.570796 0.000000 -1.570796
    37 17.063021 -0.589862 2.515702 -0.491534 2.642371 -0.565527
    38 -0.021929 2.029111 -0.137266 -1.570805 0.000001 0.000000
    39 0.019532 0.000000 0.007813 -0.214324 0.000000 0.000001
    40 0.002397 -0.669111 0.409449 1.082572 0.000000 0.000000
    41 -0.002402 -6.221447 0.929182 -0.866486 0.000000 0.000000
  time 57
    0 -6.124783 -3.955793 -11.010814 -1.926465 -0.730408 -1.375579
    1 10.295578 0.000000 0.000002 2.832779 -0.402383 0.036073
    2 16.981375 -5.872584 -10.737378 -0.818708 0.258285 -2.316667
    3 10.295582 0.000001 -0.000006 -0.719445 0.204509 0.123947
    4 1.149520 0.416502 1.414117 -1.889544 -0.247391 0.590235
    5 1.263885 0.000000 -0.000008 0.039274 0.064201 0.111248
    6 1.188939 -0.000002 0.000010 0.005825 0.001918 -0.245180
    7 3.773755 0.133215 0.970575 0.005840 0.024328 0.317988
    8 1.433456 0.000000 0.000000 0.071596 -0.076558 1.246454
    9 1.019165 -0.000006 0.000001 0.138913 -0.094498 0.995244
    10 3.799514 0.014957 0.039959 -0.022819 0.068472 0.343331
    11 1.774878 0.000000 0.000000 0.094151 -0.003607 0.177905
    12 1.008844 -0.000004 0.000000 0.107502 -0.013614 0.214007
    13 3.632766 0.059052 -0.757493 0.029257 0.113899 0.313921
    14 1.500137 0.000002 0.000000 0.096776 0.074280 -0.062738
    15 0.905666 -0.000002 -0.000001 0.111660 0.049029 0.178996
    16 3.323331 0.233744 -1.479075 0.224777 0.143147 0.636924
    17 0.963100 0.000011 0.000000 0.040053 -0.089165 1.362262
    18 0.682894 -0.000006 -0.000001 0.050946 0.063578 -0.018234
    19 1.149529 0.416498 -1.414117 1.695985 0.643357 0.384411
    20 1.263884 0.000001 0.000000 -0.009336 0.006472 0.475854
    21 1.188946 0.000000 0.000002 -0.011266 0.001918 0.214483
    22 3.773762 0.133217 -0.970574 0.032751 0.177541 0.050162
    23 1.433458 0.000004 0.000000 -0.035235 0.012955 0.451859
    24 1.019165 0.000011 0.000000 -0.035247 0.012979 0.452115
    25 3.799517 0.014957 -0.039958 -0.033211 -0.011916 0.276310
    26 1.774879 0.000004 0.000000 -0.022471 0.008917 0.454686
    27 1.008841 0.000004 0.000000 -0.022387 0.008929 0.454767
    28 3.632765 0.059053 0.757493 -0.281213 -0.185819 0.459280
    29 1.500135 0.000004 0.000000 -0.017006 0.006568 0.424967
    30 0.905668 0.000002 -0.000001 -0.016994 0.006556 0.424967
    31 3.323332 0.233744 1.479075 -0.399082 -0.449109 0.621478
    32 0.963099 0.000010 0.000000 -0.018001 0.008941 0.549273
    33 0.682898 -0.000002 0.000000 -0.017989 0.008941 0.549349
    34 16.981375 -5.872584 -10.737378 0.265381 0.258112 -2.316523
    35 -6.124783 -3.955793 -11.010814 -0.563674 -0.731408 -1.375574
    36 0.000000 3.992340 0.007782 1.570796 0.000000 -1.570796
    37 17.063021 -0.589862 2.503983 -0.489234 2.638838 -0.562214
    38 -0.021929 2.029111 -0.137266 -1.570805 0.000001 0.000000
    39 0.019532 0.000000 0.007813 -0.214324 0.000000 0.000001
    40 0.002397 -0.669111 0.409449 1.082572 0.000000 0.000000
    41 -0.014121 -6.221447 0.929182 -0.865688 0.000000 0.000000
  time 58
    0 -6.124783 -3.955793 -11.010814 -1.926465 -0.730502 -1.375292
    1 10.295578 0.000000 0.000002 2.829096 -0.403038 0.036822
    2 16.981375 -5.872584 -10.737378 -0.818708 0.258285 -2.316667
    3 10.295582 0.000001 -0.000006 -0.719445 0.204509 0.123947
    4 1.149520 0.416502 1.414117 -1.889544 -0.247391 0.590235
    5 1.263885 0.000000 -0.000008 0.039274 0.064201 0.111248
    6 1.188939 -0.000002 0.000010 0.005825 0.001918 -0.245180
    7 3.773755 0.133215 0.970575 0.005840 0.024328 0.317988
    8 1.433456 0.000000 0.000000 0.071596 -0.076558 1.246454
    9 1.019165 -0.000006 0.000001 0.138913 -0.094498 0.995244
    10 3.799514 0.014957 0.039959 -0.022819 0.068472 0.343331
    11 1.774878 0.000000 0.000000 0.094151 -0.003607 0.177905
    12 1.008844 -0.000004 0.000000 0.107502 -0.013614 0.214007
    13 3.632766 0.059052 -0.757493 0.029257 0.113899 0.313921
    14 1.500137 0.000002 0.000000 0.096776 0.074280 -0.062738
    15 0.905666 -0.000002 -0.000001 0.111660 0.049029 0.178996
    16 3.323331 0.233744 -1.479075 0.224777 0.143147 0.636924
    17 0.963100 0.000011 0.000000 0.040053 -0.089165 1.362262
    18 0.682894 -0.000006 -0.000001 0.050946 0.063578 -0.018234
    19 1.149529 0.416498 -1.414117 1.695985 0.643357 0.384411
    20 1.263884 0.000001 0.000000 -0.009336 0.006472 0.475854
    21 1.188946 0.000000 0.000002 -0.011266 0.001918 0.214483
    22 3.773762 0.133217 -0.970574 0.032751 0.177541 0.050162
    23 1.433458 0.000004 0.000000 -0.035235 0.012955 0.451859
    24 1.019165 0.000011 0.000000 -0.035247 0.012979 0.452115
    25 3.799517 0.014957 -0.039958 -0.033211 -0.011916 0.276310
    26 1.774879 0.000004 0.000000 -0.022471 0.008917 0.454686
    27 1.008841 0.000004 0.000000 -0.022387 0.008929 0.454767
    28 3.632765 0.059053 0.757493 -0.281213 -0.185819 0.459280
    29 1.500135 0.000004 0.000000 -0.017006 0.006568 0.424967
    30 0.905668 0.000002 -0.000001 -0.016994 0.006556 0.424967
    31 3.323332 0.233744 1.479075 -0.399082 -0.449109 0.621478
    32 0.963099 0.000010 0.000000 -0.018001 0.008941 0.549273
    33 0.682898 -0.000002 0.000000 -0.017989 0.008941 0.549349
    34 16.981375 -5.872584 -10.737378 0.265381 0.258112 -2.316523
    35 -6.124783 -3.955793 -11.010814 -0.563982 -0.731695 -1.375287
    36 0.000000 3.992340 0.007782 1.570796 0.000000 -1.570796
    37 17.063021 -0.589862 2.496170 -0.487031 2.636069 -0.560226
    38 -0.021929 2.029111 -0.137266 -1.570805 0.000001 0.000000
    39 0.019532 0.000000 0.000000 -0.214324 0.000000 0.000001
    40 0.002397 -0.669111 0.409449 1.082572 0.000000 0.000000
    41 -0.002402 -6.221447 0.929182 -0.865059 0.000000 0.000000
  time 59
    0 -6.113064 -3.955793 -11.010814 -1.926465 -0.731631 -1.375101
    1 10.295578 0.000000 0.000002 2.827323 -0.403499 0.037821
    2 16.981375 -5.872584 -10.737378 -0.818708 0.258285 -2.316667
    3 10.295582 0.000001 -0.000006 -0.719445 0.204509 0.123947
    4 1.149520 0.416502 1.414117 -1.889544 -0.247391 0.590235
    5 1.263885 0.000000 -0.000008 0.039274 0.064201 0.111248
    6 1.188939 -0.000002 0.000010 0.005825 0.001918 -0.245180
    7 3.773755 0.133215 0.970575 0.005840 0.024328 0.317988
    8 1.433456 0.000000 0.000000 0.071596 -0.076558 1.246454
    9 1.019165 -0.000006 0.000001 0.138913 -0.094498 0.995244
    10 3.799514 0.014957 0.039959 -0.022819 0.068472 0.343331
    11 1.774878 0.000000 0.000000 0.094151 -0.003607 0.177905
    12 1.008844 -0.000004 0.000000 0.107502 -0.013614 0.214007
    13 3.632766 0.059052 -0.757493 0.029257 0.113899 0.313921
    14 1.500137 0.000002 0.000000 0.096776 0.074280 -0.062738
    15 0.905666 -0.000002 -0.000001 0.111660 0.049029 0.178996
    16 3.323331 0.233744 -1.479075 0.224777 0.143147 0.636924
    17 0.963100 0.000011 0.000000 0.040053 -0.089165 1.362262
    18 0.682894 -0.000006 -0.000001 0.050946 0.063578 -0.018234
    19 1.149529 0.416498 -1.414117 1.695985 0.643357 0.384411
    20 1.263884 0.000001 0.000000 -0.009336 0.006472 0.475854
    21 1.188946 0.000000 0.000002 -0.011266 0.001918 0.214483
    22 3.773762 0.133217 -0.970574 0.032751 0.177541 0.050162
    23 1.433458 0.000004 0.000000 -0.035235 0.012955 0.451859
    24 1.019165 0.000011 0.000000 -0.035247 0.012979 0.452115
    25 3.799517 0.014957 -0.039958 -0.033211 -0.011916 0.276310
    26 1.774879 0.000004 0.000000 -0.022471 0.008917 0.454686
    27 1.008841 0.000004 0.000000 -0.022387 0.008929 0.454767
    28 3.632765 0.059053 0.757493 -0.281213 -0.185819 0.459280
    29 1.500135 0.000004 0.000000 -0.017006 0.006568 0.424967
    30 0.905668 0.000002 -0.000001 -0.016994 0.006556 0.424967
    31 3.323332 0.233744 1.479075 -0.399082 -0.449109 0.621478
    32 0.963099 0.000010 0.000000 -0.018001 0.008941 0.549273
    33 0.682898 -0.000002 0.000000 -0.017989 0.008941 0.549349
    34 16.981375 -5.872584 -10.737378 0.265381 0.258112 -2.316523
    35 -6.113064 -3.955793 -11.010814 -0.564167 -0.731695 -1.375287
    36 0.000000 3.992340 0.007782 1.570796 0.000000 -1.570796
    37 17.063021 -0.589862 2.492264 -0.486168 2.634541 -0.559658
    38 -0.021929 2.029111 -0.137266 -1.570805 0.000001 0.000000
    39 0.019532 0.000000 0.007813 -0.214324 0.000000 0.000001
    40 0.002397 -0.669111 0.409449 1.082572 0.000000 0.000000
    41 -0.014121 -6.221447 0.929182 -0.864471 0.000000 0.000000
  time 60
    0 -6.113064 -3.955793 -11.010814 -1.926465 -0.731631 -1.375101
    1 10.295578 0.000000 0.000002 2.826913 -0.404057 0.038695
    2 16.981375 -5.872584 -10.737378 -0.818708 0.258285 -2.316667
    3 10.295582 0.000001 -0.000006 -0.719445 0.204509 0.123947
    4 1.149520 0.416502 1.414117 -1.889544 -0.247391 0.590235
    5 1.263885 0.000000 -0.000008 0.039274 0.064201 0.111248
    6 1.188939 -0.000002 0.000010 0.005825 0.001918 -0.245180
    7 3.773755 0.133215 0.970575 0.005840 0.024328 0.317988
    8 1.433456 0.000000 0.000000 0.071596 -0.076558 1.246454
    9 1.019165 -0.000006 0.000001 0.138913 -0.094498 0.995244
    10 3.799514 0.014957 0.039959 -0.022819 0.068472 0.343331
    11 1.774878 0.000000 0.000000 0.094151 -0.003607 0.177905
    12 1.008844 -0.000004 0.000000 0.107502 -0.013614 0.214007
    13 3.632766 0.059052 -0.757493 0.029257 0.113899 0.313921
    14 1.500137 0.000002 0.000000 0.096776 0.074280 -0.062738
    15 0.905666 -0.000002 -0.000001 0.111660 0.049029 0.178996
    16 3.323331 0.233744 -1.479075 0.224777 0.143147 0.636924
    17 0.963100 0.000011 0.000000 0.040053 -0.089165 1.362262
    18 0.682894 -0.000006 -0.000001 0.050946 0.063578 -0.018234
    19 1.149529 0.416498 -1.414117 1.695985 0.643357 0.384411
    20 1.263884 0.000001 0.000000 -0.009336 0.006472 0.475854
    21 1.188946 0.000000 0.000002 -0.011266 0.001918 0.214483
    22 3.773762 0.133217 -0.970574 0.032751 0.177541 0.050162
    23 1.433458 0.000004 0.000000 -0.035235 0.012955 0.451859
    24 1.019165 0.000011 0.000000 -0.035247 0.012979 0.452115
    25 3.799517 0.014957 -0.039958 -0.033211 -0.011916 0.276310
    26 1.774879 0.000004 0.000000 -0.022471 0.008917 0.454686
    27 1.008841 0.000004 0.000000 -0.022387 0.008929 0.454767
    28 3.632765 0.059053 0.757493 -0.281213 -0.185819 0.459280
    29 1.500135 0.000004 0.000000 -0.017006 0.006568 0.424967
    30 0.905668 0.000002 -0.000001 -0.016994 0.006556 0.424967
    31 3.323332 0.233744 1.479075 -0.399082 -0.449109 0.621478
    32 0.963099 0.000010 0.000000 -0.018001 0.008941 0.549273
    33 0.682898 -0.000002 0.000000 -0.017989 0.008941 0.549349
    34 16.981375 -5.872584 -10.737378 0.265381 0.258112 -2.316523
    35 -6.113064 -3.955793 -11.010814 -0.564167 -0.731695 -1.375000
    36 0.000000 3.992340 0.007782 1.570796 0.000000 -1.570796
    37 17.063021 -0.589862 2.484451 -0.485593 2.634159 -0.559658
    38 -0.021929 2.029111 -0.137266 -1.570805 0.000001 0.000000
    39 0.007813 0.000000 0.000000 -0.214324 0.000000 0.000001
    40 0.002397 -0.669111 0.409449 1.082572 0.000000 0.000000
    41 -0.002402 -6.221447 0.929182 -0.864010 0.000000 0.000000
  time 61
    0 -6.113064 -3.955793 -11.026439 -1.926762 -0.731819 -1.375005
    1 10.295578 0.000000 0.000002 2.827664 -0.404324 0.039382
    2 16.981375 -5.872584 -10.737378 -0.818708 0.258285 -2.316667
    3 10.295582 0.000001 -0.000006 -0.719445 0.204509 0.123947
    4 1.149520 0.416502 1.414117 -1.889544 -0.247391 0.590235
    5 1.263885 0.000000 -0.000008 0.039274 0.064201 0.111248
    6 1.188939 -0.000002 0.000010 0.005825 0.001918 -0.245180
    7 3.773755 0.133215 0.970575 0.005840 0.024328 0.317988
    8 1.433456 0.000000 0.000000 0.071596 -0.076558 1.246454
    9 1.019165 -0.000006 0.000001 0.138913 -0.094498 0.995244
    10 3.799514 0.014957 0.039959 -0.022819 0.068472 0.343331
    11 1.774878 0.000000 0.000000 0.094151 -0.003607 0.177905
    12 1.008844 -0.000004 0.000000 0.107502 -0.013614 0.214007
    13 3.632766 0.059052 -0.757493 0.029257 0.113899 0.313921
    14 1.500137 0.000002 0.000000 0.096776 0.074280 -0.062738
    15 0.905666 -0.000002 -0.000001 0.111660 0.049029 0.178996
    16 3.323331 0.233744 -1.479075 0.224777 0.143147 0.636924
    17 0.963100 0.000011 0.000000 0.040053 -0.089165 1.362262
    18 0.682894 -0.000006 -0.000001 0.050946 0.063578 -0.018234
    19 1.149529 0.416498 -1.414117 1.695985 0.643357 0.384411
    20 1.263884 0.000001 0.000000 -0.009336 0.006472 0.475854
    21 1.188946 0.000000 0.000002 -0.011266 0.001918 0.214483
    22 3.773762 0.133217 -0.970574 0.032751 0.177541 0.050162
    23 1.433458 0.000004 0.000000 -0.035235 0.012955 0.451859
    24 1.019165 0.000011 0.000000 -0.035247 0.012979 0.452115
    25 3.799517 0.014957 -0.039958 -0.033211 -0.011916 0.276310
    26 1.774879 0.000004 0.000000 -0.022471 0.008917 0.454686
    27 1.008841 0.000004 0.000000 -0.022387 0.008929 0.454767
    28 3.632765 0.059053 0.757493 -0.281213 -0.185819 0.459280
    29 1.500135 0.000004 0.000000 -0.017006 0.006568 0.424967
    30 0.905668 0.000002 -0.000001 -0.016994 0.006556 0.424967
    31 3.323332 0.233744 1.479075 -0.399082 -0.449109 0.621478
    32 0.963099 0.000010 0.000000 -0.018001 0.008941 0.549273
    33 0.682898 -0.000002 0.000000 -0.017989 0.008941 0.549349
    34 16.981375 -5.872584 -10.737378 0.265381 0.258112 -2.316523
    35 -6.113064 -3.955793 -11.026439 -0.564167 -0.731695 -1.375000
    36 0.000000 3.992340 0.007782 1.570796 0.000000 -1.570796
    37 17.063021 -0.601581 2.484451 -0.485593 2.634923 -0.561078
    38 -0.021929 2.029111 -0.137266 -1.570805 0.000001 0.000000
    39 0.007813 0.000000 0.007813 -0.214324 0.000000 0.000001
    40 0.002397 -0.669111 0.409449 1.082572 0.000000 0.000000
    41 -0.014121 -6.221447 0.929182 -0.864010 0.000000 0.000000
  time 62
    0 -6.113064 -3.955793 -11.026439 -1.926465 -0.730502 -1.375101
    1 10.295578 0.000000 0.000002 2.829641 -0.404421 0.039694
    2 16.981375 -5.872584 -10.737378 -0.818708 0.258285 -2.316667
    3 10.295582 0.000001 -0.000006 -0.719445 0.204509 0.123947
    4 1.149520 0.416502 1.414117 -1.889544 -0.247391 0.590235
    5 1.263885 0.000000 -0.000008 0.039274 0.064201 0.111248
    6 1.188939 -0.000002 0.000010 0.005825 0.001918 -0.245180
    7 3.773755 0.133215 0.970575 0.005840 0.024328 0.317988
    8 1.433456 0.000000 0.000000 0.071596 -0.076558 1.246454
    9 1.019165 -0.000006 0.000001 0.138913 -0.094498 0.995244
    10 3.799514 0.014957 0.039959 -0.022819 0.068472 0.343331
    11 1.774878 0.000000 0.000000 0.094151 -0.003607 0.177905
    12 1.008844 -0.000004 0.000000 0.107502 -0.013614 0.214007
    13 3.632766 0.059052 -0.757493 0.029257 0.113899 0.313921
    14 1.500137 0.000002 0.000000 0.096776 0.074280 -0.062738
    15 0.905666 -0.000002 -0.000001 0.111660 0.049029 0.178996
    16 3.323331 0.233744 -1.479075 0.224777 0.143147 0.636924
    17 0.963100 0.000011 0.000000 0.040053 -0.089165 1.362262
    18 0.682894 -0.000006 -0.000001 0.050946 0.063578 -0.018234
    19 1.149529 0.416498 -1.414117 1.695985 0.643357 0.384411
    20 1.263884 0.000001 0.000000 -0.009336 0.006472 0.475854
    21 1.188946 0.000000 0.000002 -0.011266 0.001918 0.214483
    22 3.773762 0.133217 -0.970574 0.032751 0.177541 0.050162
    23 1.433458 0.000004 0.000000 -0.035235 0.012955 0.451859
    24 1.019165 0.000011 0.000000 -0.035247 0.012979 0.452115
    25 3.799517 0.014957 -0.039958 -0.033211 -0.011916 0.276310
    26 1.774879 0.000004 0.000000 -0.022471 0.008917 0.454686
    27 1.008841 0.000004 0.000000 -0.022387 0.008929 0.454767
    28 3.632765 0.059053 0.757493 -0.281213 -0.185819 0.459280
    29 1.500135 0.000004 0.000000 -0.017006 0.006568 0.424967
    30 0.905668 0.000002 -0.000001 -0.016994 0.006556 0.424967
    31 3.323332 0.233744 1.479075 -0.399082 -0.449109 0.621478
    32 0.963099 0.000010 0.000000 -0.018001 0.008941 0.549273
    33 0.682898 -0.000002 0.000000 -0.017989 0.008941 0.549349
    34 16.981375 -5.872584 -10.737378 0.265381 0.258112 -2.316523
    35 -6.113064 -3.955793 -11.026439 -0.564167 -0.731695 -1.375000
    36 0.000000 3.992340 0.007782 1.570796 0.000000 -1.570796
    37 17.063021 -0.601581 2.492264 -0.486360 2.636260 -0.563066
    38 -0.021929 2.029111 -0.137266 -1.570805 0.000001 0.000000
    39 0.019532 0.000000 0.007813 -0.214324 0.000000 0.000001
    40 0.002397 -0.669111 0.409449 1.082572 0.000000 0.000000
    41 -0.014121 -6.221447 0.929182 -0.864010 0.000000 0.000000
  time 63
    0 -6.113064 -3.955793 -11.026439 -1.926465 -0.730502 -1.375101
    1 10.295578 0.000000 0.000002 2.832369 -0.404421 0.040381
    2 16.981375 -5.872584 -10.737378 -0.818708 0.258285 -2.316667
    3 10.295582 0.000001 -0.000006 -0.719445 0.204509 0.123947
    4 1.149520 0.416502 1.414117 -1.889544 -0.247391 0.590235
    5 1.263885 0.000000 -0.000008 0.039274 0.064201 0.111248
    6 1.188939 -0.000002 0.000010 0.005825 0.001918 -0.245180
    7 3.773755 0.133215 0.970575 0.005840 0.024328 0.317988
    8 1.433456 0.000000 0.000000 0.071596 -0.076558 1.246454
    9 1.019165 -0.000006 0.000001 0.138913 -0.094498 0.995244
    10 3.799514 0.014957 0.039959 -0.022819 0.068472 0.343331
    11 1.774878 0.000000 0.000000 0.094151 -0.003607 0.177905
    12 1.008844 -0.000004 0.000000 0.107502 -0.013614 0.214007
    13 3.632766 0.059052 -0.757493 0.029257 0.113899 0.313921
    14 1.500137 0.000002 0.000000 0.096776 0.074280 -0.062738
    15 0.905666 -0.000002 -0.000001 0.111660 0.049029 0.178996
    16 3.323331 0.233744 -1.479075 0.224777 0.143147 0.636924
    17 0.963100 0.000011 0.000000 0.040053 -0.089165 1.362262
    18 0.682894 -0.000006 -0.000001 0.050946 0.063578 -0.018234
    19 1.149529 0.416498 -1.414117 1.695985 0.643357 0.384411
    20 1.263884 0.000001 0.000000 -0.009336 0.006472 0.475854
    21 1.188946 0.000000 0.000002 -0.011266 0.001918 0.214483
    22 3.773762 0.133217 -0.970574 0.032751 0.177541 0.050162
    23 1.433458 0.000004 0.000000 -0.035235 0.012955 0.451859
    24 1.019165 0.000011 0.000000 -0.035247 0.012979 0.452115
    25 3.799517 0.014957 -0.039958 -0.033211 -0.011916 0.276310
    26 1.774879 0.000004 0.000000 -0.022471 0.008917 0.454686
    27 1.008841 0.000004 0.000000 -0.022387 0.008929 0.454767
    28 3.632765 0.059053 0.757493 -0.281213 -0.185819 0.459280
    29 1.500135 0.000004 0.000000 -0.017006 0.006568 0.424967
    30 0.905668 0.000002 -0.000001 -0.016994 0.006556 0.424967
    31 3.323332 0.233744 1.479075 -0.399082 -0.449109 0.621478
    32 0.963099 0.000010 0.000000 -0.018001 0.008941 0.549273
    33 0.682898 -0.000002 0.000000 -0.017989 0.008941 0.549349
    34 16.981375 -5.872584 -10.737378 0.265381 0.258112 -2.316523
    35 -6.113064 -3.955793 -11.026439 -0.564167 -0.731408 -1.375000
    36 0.000000 3.992340 0.007782 1.570796 0.000000 -1.570796
    37 17.063021 -0.601581 2.496170 -0.487605 2.638456 -0.565527
    38 -0.021929 2.029111 -0.137266 -1.570805 0.000001 0.000000
    39 0.019532 0.000000 0.007813 -0.214324 0.000000 0.000001
    40 0.002397 -0.669111 0.409449 1.082572 0.000000 0.000000
    41 -0.014121 -6.221447 0.929182 -0.864471 0.000000 0.000000
  time 64
    0 -6.113064 -3.955793 -11.026439 -1.926465 -0.730408 -1.375101
    1 10.295578 0.000000 0.000002 2.835848 -0.404421 0.040662
    2 16.981375 -5.872584 -10.737378 -0.818708 0.258285 -2.316667
    3 10.295582 0.000001 -0.000006 -0.719445 0.204509 0.123947
    4 1.149520 0.416502 1.414117 -1.889544 -0.247391 0.590235
    5 1.263885 0.000000 -0.000008 0.039274 0.064201 0.111248
    6 1.188939 -0.000002 0.000010 0.005825 0.001918 -0.245180
    7 3.773755 0.133215 0.970575 0.005840 0.024328 0.317988
    8 1.433456 0.000000 0.000000 0.071596 -0.076558 1.246454
    9 1.019165 -0.000006 0.000001 0.138913 -0.094498 0.995244
    10 3.799514 0.014957 0.039959 -0.022819 0.068472 0.343331
    11 1.774878 0.000000 0.000000 0.094151 -0.003607 0.177905
    12 1.008844 -0.000004 0.000000 0.107502 -0.013614 0.214007
    13 3.632766 0.059052 -0.757493 0.029257 0.113899 0.313921
    14 1.500137 0.000002 0.000000 0.096776 0.074280 -0.062738
    15 0.905666 -0.000002 -0.000001 0.111660 0.049029 0.178996
    16 3.323331 0.233744 -1.479075 0.224777 0.143147 0.636924
    17 0.963100 0.000011 0.000000 0.040053 -0.089165 1.362262
    18 0.682894 -0.000006 -0.000001 0.050946 0.063578 -0.018234
    19 1.149529 0.416498 -1.414117 1.695985 0.643357 0.384411
    20 1.263884 0.000001 0.000000 -0.009336 0.006472 0.475854
    21 1.188946 0.000000 0.000002 -0.011266 0.001918 0.214483
    22 3.773762 0.133217 -0.970574 0.032751 0.177541 0.050162
    23 1.433458 0.000004 0.000000 -0.035235 0.012955 0.451859
    24 1.019165 0.000011 0.000000 -0.035247 0.012979 0.452115
    25 3.799517 0.014957 -0.039958 -0.033211 -0.011916 0.276310
    26 1.774879 0.000004 0.000000 -0.022471 0.008917 0.454686
    27 1.008841 0.000004 0.000000 -0.022387 0.008929 0.454767
    28 3.632765 0.059053 0.757493 -0.281213 -0.185819 0.459280
    29 1.500135 0.000004 0.000000 -0.017006 0.006568 0.424967
    30 0.905668 0.000002 -0.000001 -0.016994 0.006556 0.424967
    31 3.323332 0.233744 1.479075 -0.399082 -0.449109 0.621478
    32 0.963099 0.000010 0.000000 -0.018001 0.008941 0.549273
    33 0.682898 -0.000002 0.000000 -0.017989 0.008941 0.549349
    34 16.981375 -5.872584 -10.737378 0.265381 0.258112 -2.316523
    35 -6.113064 -3.955793 -11.026439 -0.563982 -0.730929 -1.375287
    36 0.000000 3.992340 0.007782 1.570796 0.000000 -1.570796
    37 17.063021 -0.601581 2.496170 -0.489234 2.641225 -0.568746
    38 -0.021929 2.029111 -0.137266 -1.570805 0.000001 0.000000
    39 0.019532 0.000000 0.007813 -0.214324 0.000000 0.000001
    40 0.014116 -0.669111 0.409449 1.082572 0.000000 0.000000
    41 -0.014121 -6.221447 0.929182 -0.865059 0.000000 0.000000
  time 65
    0 -6.113064 -3.955793 -11.026439 -1.926168 -0.730408 -1.375101
    1 10.295578 0.000000 0.000002 2.839940 -0.404154 0.040849
    2 16.981375 -5.872584 -10.737378 -0.818708 0.258285 -2.316667
    3 10.295582 0.000001 -0.000006 -0.719445 0.204509 0.123947
    4 1.149520 0.416502 1.414117 -1.889544 -0.247391 0.590235
    5 1.263885 0.000000 -0.000008 0.039274 0.064201 0.111248
    6 1.188939 -0.000002 0.000010 0.005825 0.001918 -0.245180
    7 3.773755 0.133215 0.970575 0.005840 0.024328 0.317988
    8 1.433456 0.000000 0.000000 0.071596 -0.076558 1.246454
    9 1.019165 -0.000006 0.000001 0.138913 -0.094498 0.995244
    10 3.799514 0.014957 0.039959 -0.022819 0.068472 0.343331
    11 1.774878 0.000000 0.000000 0.094151 -0.003607 0.177905
    12 1.008844 -0.000004 0.000000 0.107502 -0.013614 0.214007
    13 3.632766 0.059052 -0.757493 0.029257 0.113899 0.313921
    14 1.500137 0.000002 0.000000 0.096776 0.074280 -0.062738
    15 0.905666 -0.000002 -0.000001 0.111660 0.049029 0.178996
    16 3.323331 0.233744 -1.479075 0.224777 0.143147 0.636924
    17 0.963100 0.000011 0.000000 0.040053 -0.089165 1.362262
    18 0.682894 -0.000006 -0.000001 0.050946 0.063578 -0.018234
    19 1.149529 0.416498 -1.414117 1.695985 0.643357 0.384411
    20 1.263884 0.000001 0.000000 -0.009336 0.006472 0.475854
    21 1.188946 0.000000 0.000002 -0.011266 0.001918 0.214483
    22 3.773762 0.133217 -0.970574 0.032751 0.177541 0.050162
    23 1.433458 0.000004 0.000000 -0.035235 0.012955 0.451859
    24 1.019165 0.000011 0.000000 -0.035247 0.012979 0.452115
    25 3.799517 0.014957 -0.039958 -0.033211 -0.011916 0.276310
    26 1.774879 0.000004 0.000000 -0.022471 0.008917 0.454686
    27 1.008841 0.000004 0.000000 -0.022387 0.008929 0.454767
    28 3.632765 0.059053 0.757493 -0.281213 -0.185819 0.459280
    29 1.500135 0.000004 0.000000 -0.017006 0.006568 0.424967
    30 0.905668 0.000002 -0.000001 -0.016994 0.006556 0.424967
    31 3.323332 0.233744 1.479075 -0.399082 -0.449109 0.621478
    32 0.963099 0.000010 0.000000 -0.018001 0.008941 0.549273
    33 0.682898 -0.000002 0.000000 -0.017989 0.008941 0.549349
    34 16.981375 -5.872584 -10.737378 0.265381 0.258112 -2.316523
    35 -6.113064 -3.955793 -11.026439 -0.563982 -0.730929 -1.375287
    36 0.000000 3.992340 0.007782 1.570796 0.000000 -1.570796
    37 17.063021 -0.601581 2.507889 -0.490767 2.644376 -0.572059
    38 -0.021929 2.029111 -0.137266 -1.570805 0.000001 0.000000
    39 0.019532 0.000000 0.000000 -0.214324 0.000000 0.000001
    40 0.014116 -0.669111 0.409449 1.082572 0.000000 0.000000
    41 -0.002402 -6.221447 0.929182 -0.865730 0.000000 0.000000
  time 66
    0 -6.113064 -3.955793 -11.026439 -1.926094 -0.730408 -1.375292
    1 10.295578 0.000000 0.000002 2.844714 -0.403693 0.041130
    2 16.981375 -5.872584 -10.737378 -0.818708 0.258285 -2.316667
    3 10.295582 0.000001 -0.000006 -0.719445 0.204509 0.123947
    4 1.149520 0.416502 1.414117 -1.889544 -0.247391 0.590235
    5 1.263885 0.000000 -0.000008 0.039274 0.064201 0.111248
    6 1.188939 -0.000002 0.000010 0.005825 0.001918 -0.245180
    7 3.773755 0.133215 0.970575 0.005840 0.024328 0.317988
    8 1.433456 0.000000 0.000000 0.071596 -0.076558 1.246454
    9 1.019165 -0.000006 0.000001 0.138913 -0.094498 0.995244
    10 3.799514 0.014957 0.039959 -0.022819 0.068472 0.343331
    11 1.774878 0.000000 0.000000 0.094151 -0.003607 0.177905
    12 1.008844 -0.000004 0.000000 0.107502 -0.013614 0.214007
    13 3.632766 0.059052 -0.757493 0.029257 0.113899 0.313921
    14 1.500137 0.000002 0.000000 0.096776 0.074280 -0.062738
    15 0.905666 -0.000002 -0.000001 0.111660 0.049029 0.178996
    16 3.323331 0.233744 -1.479075 0.224777 0.143147 0.636924
    17 0.963100 0.000011 0.000000 0.040053 -0.089165 1.362262
    18 0.682894 -0.000006 -0.000001 0.050946 0.063578 -0.018234
    19 1.149529 0.416498 -1.414117 1.695985 0.643357 0.384411
    20 1.263884 0.000001 0.000000 -0.009336 0.006472 0.475854
    21 1.188946 0.000000 0.000002 -0.011266 0.001918 0.214483
    22 3.773762 0.133217 -0.970574 0.032751 0.177541 0.050162
    23 1.433458 0.000004 0.000000 -0.035235 0.012955 0.451859
    24 1.019165 0.000011 0.000000 -0.035247 0.012979 0.452115
    25 3.799517 0.014957 -0.039958 -0.033211 -0.011916 0.276310
    26 1.774879 0.000004 0.000000 -0.022471 0.008917 0.454686
    27 1.008841 0.000004 0.000000 -0.022387 0.008929 0.454767
    28 3.632765 0.059053 0.757493 -0.281213 -0.185819 0.459280
    29 1.500135 0.000004 0.000000 -0.017006 0.006568 0.424967
    30 0.905668 0.000002 -0.000001 -0.016994 0.006556 0.424967
    31 3.323332 0.233744 1.479075 -0.399082 -0.449109 0.621478
    32 0.963099 0.000010 0.000000 -0.018001 0.008941 0.549273
    33 0.682898 -0.000002 0.000000 -0.017989 0.008941 0.549349
    34 16.981375 -5.872584 -10.737378 0.265381 0.258112 -2.316523
    35 -6.113064 -3.955793 -11.026439 -0.563982 -0.730546 -1.375287
    36 0.000000 3.992340 0.007782 1.570796 0.000000 -1.570796
    37 17.098178 -0.601581 2.515702 -0.493546 2.648100 -0.575751
    38 -0.021929 2.029111 -0.137266 -1.570805 0.000001 0.000000
    39 0.007813 0.000000 0.007813 -0.214324 0.000000 0.000001
    40 0.002397 -0.669111 0.409449 1.082572 0.000000 0.000000
    41 -0.014121 -6.221447 0.929182 -0.867115 0.000000 0.000000
  time 67
    0 -6.113064 -3.955793 -11.026439 -1.926094 -0.730314 -1.375579
    1 10.295578 0.000000 0.000002 2.849420 -0.403038 0.041380
    2 16.981375 -5.872584 -10.737378 -0.818708 0.258285 -2.316667
    3 10.295582 0.000001 -0.000006 -0.719445 0.204509 0.123947
    4 1.149520 0.416502 1.414117 -1.889544 -0.247391 0.590235
    5 1.263885 0.000000 -0.000008 0.039274 0.064201 0.111248
    6 1.188939 -0.000002 0.000010 0.005825 0.001918 -0.245180
    7 3.773755 0.133215 0.970575 0.005840 0.024328 0.317988
    8 1.433456 0.000000 0.000000 0.071596 -0.076558 1.246454
    9 1.019165 -0.000006 0.000001 0.138913 -0.094498 0.995244
    10 3.799514 0.014957 0.039959 -0.022819 0.068472 0.343331
    11 1.774878 0.000000 0.000000 0.094151 -0.003607 0.177905
    12 1.008844 -0.000004 0.000000 0.107502 -0.013614 0.214007
    13 3.632766 0.059052 -0.757493 0.029257 0.113899 0.313921
    14 1.500137 0.000002 0.000000 0.096776 0.074280 -0.062738
    15 0.905666 -0.000002 -0.000001 0.111660 0.049029 0.178996
    16 3.323331 0.233744 -1.479075 0.224777 0.143147 0.636924
    17 0.963100 0.000011 0.000000 0.040053 -0.089165 1.362262
    18 0.682894 -0.000006 -0.000001 0.050946 0.063578 -0.018234
    19 1.149529 0.416498 -1.414117 1.695985 0.643357 0.384411
    20 1.263884 0.000001 0.000000 -0.009336 0.006472 0.475854
    21 1.188946 0.000000 0.000002 -0.011266 0.001918 0.214483
    22 3.773762 0.133217 -0.970574 0.032751 0.177541 0.050162
    23 1.433458 0.000004 0.000000 -0.035235 0.012955 0.451859
    24 1.019165 0.000011 0.000000 -0.035247 0.012979 0.452115
    25 3.799517 0.014957 -0.039958 -0.033211 -0.011916 0.276310
    26 1.774879 0.000004 0.000000 -0.022471 0.008917 0.454686
    27 1.008841 0.000004 0.000000 -0.022387 0.008929 0.454767
    28 3.632765 0.059053 0.757493 -0.281213 -0.185819 0.459280
    29 1.500135 0.000004 0.000000 -0.017006 0.006568 0.424967
    30 0.905668 0.000002 -0.000001 -0.016994 0.006556 0.424967
    31 3.323332 0.233744 1.479075 -0.399082 -0.449109 0.621478
    32 0.963099 0.000010 0.000000 -0.018001 0.008941 0.549273
    33 0.682898 -0.000002 0.000000 -0.017989 0.008941 0.549349
    34 16.981375 -5.872584 -10.737378 0.265381 0.258112 -2.316523
    35 -6.113064 -3.955793 -11.026439 -0.563674 -0.730546 -1.375287
    36 0.000000 3.992340 0.007782 1.570796 0.000000 -1.570796
    37 17.105991 -0.601581 2.527421 -0.496037 2.651824 -0.579916
    38 -0.021929 2.029111 -0.137266 -1.570805 0.000001 0.000000
    39 0.007813 0.000000 0.007813 -0.214324 0.000000 0.000001
    40 0.014116 -0.669111 0.409449 1.082572 0.000000 0.000000
    41 -0.014121 -6.221447 0.929182 -0.868584 0.000000 0.000000
  time 68
    0 -6.113064 -3.955793 -11.026439 -1.926094 -0.730314 -1.375579
    1 10.295578 0.000000 0.000002 2.854535 -0.402310 0.041411
    2 16.981375 -5.872584 -10.737378 -0.818708 0.258285 -2.316667
    3 10.295582 0.000001 -0.000006 -0.719445 0.204509 0.123947
    4 1.149520 0.416502 1.414117 -1.889544 -0.247391 0.590235
    5 1.263885 0.000000 -0.000008 0.039274 0.064201 0.111248
    6 1.188939 -0.000002 0.000010 0.005825 0.001918 -0.245180
    7 3.773755 0.133215 0.970575 0.005840 0.024328 0.317988
    8 1.433456 0.000000 0.000000 0.071596 -0.076558 1.246454
    9 1.019165 -0.000006 0.000001 0.138913 -0.094498 0.995244
    10 3.799514 0.014957 0.039959 -0.022819 0.068472 0.343331
    11 1.774878 0.000000 0.000000 0.094151 -0.003607 0.177905
    12 1.008844 -0.000004 0.000000 0.107502 -0.013614 0.214007
    13 3.632766 0.059052 -0.757493 0.029257 0.113899 0.313921
    14 1.500137 0.000002 0.000000 0.096776 0.074280 -0.062738
    15 0.905666 -0.000002 -0.000001 0.111660 0.049029 0.178996
    16 3.323331 0.233744 -1.479075 0.224777 0.143147 0.636924
    17 0.963100 0.000011 0.000000 0.040053 -0.089165 1.362262
    18 0.682894 -0.000006 -0.000001 0.050946 0.063578 -0.018234
    19 1.149529 0.416498 -1.414117 1.695985 0.643357 0.384411
    20 1.263884 0.000001 0.000000 -0.009336 0.006472 0.475854
    21 1.188946 0.000000 0.000002 -0.011266 0.001918 0.214483
    22 3.773762 0.133217 -0.970574 0.032751 0.177541 0.050162
    23 1.433458 0.000004 0.000000 -0.035235 0.012955 0.451859
    24 1.019165 0.000011 0.000000 -0.035247 0.012979 0.452115
    25 3.799517 0.014957 -0.039958 -0.033211 -0.011916 0.276310
    26 1.774879 0.000004 0.000000 -0.022471 0.008917 0.454686
    27 1.008841 0.000004 0.000000 -0.022387 0.008929 0.454767
    28 3.632765 0.059053 0.757493 -0.281213 -0.185819 0.459280
    29 1.500135 0.000004 0.000000 -0.017006 0.006568 0.424967
    30 0.905668 0.000002 -0.000001 -0.016994 0.006556 0.424967
    31 3.323332 0.233744 1.479075 -0.399082 -0.449109 0.621478
    32 0.963099 0.000010 0.000000 -0.018001 0.008941 0.549273
    33 0.682898 -0.000002 0.000000 -0.017989 0.008941 0.549349
    34 16.981375 -5.872584 -10.737378 0.265381 0.258112 -2.316523
    35 -6.113064 -3.955793 -11.026439 -0.563674 -0.730354 -1.375574
    36 0.000000 3.992340 0.007782 1.570796 0.000000 -1.570796
    37 17.121616 -0.601581 2.539140 -0.498816 2.655548 -0.584176
    38 -0.021929 2.029111 -0.137266 -1.570805 0.000001 0.000000
    39 0.019532 0.000000 0.007813 -0.214324 0.000000 0.000001
    40 0.014116 -0.669111 0.409449 1.082572 0.000000 0.000000
    41 -0.014121 -6.221447 0.929182 -0.870472 0.000000 0.000000
  time 69
    0 -6.113064 -3.955793 -11.026439 -1.925797 -0.730220 -1.375866
    1 10.295578 0.000000 0.000002 2.859650 -0.401364 0.041692
    2 16.981375 -5.872584 -10.737378 -0.818708 0.258285 -2.316667
    3 10.295582 0.000001 -0.000006 -0.719445 0.204509 0.123947
    4 1.149520 0.416502 1.414117 -1.889544 -0.247391 0.590235
    5 1.263885 0.000000 -0.000008 0.039274 0.064201 0.111248
    6 1.188939 -0.000002 0.000010 0.005825 0.001918 -0.245180
    7 3.773755 0.133215 0.970575 0.005840 0.024328 0.317988
    8 1.433456 0.000000 0.000000 0.071596 -0.076558 1.246454
    9 1.019165 -0.000006 0.000001 0.138913 -0.094498 0.995244
    10 3.799514 0.014957 0.039959 -0.022819 0.068472 0.343331
    11 1.774878 0.000000 0.000000 0.094151 -0.003607 0.177905
    12 1.008844 -0.000004 0.000000 0.107502 -0.013614 0.214007
    13 3.632766 0.059052 -0.757493 0.029257 0.113899 0.313921
    14 1.500137 0.000002 0.000000 0.096776 0.074280 -0.062738
    15 0.905666 -0.000002 -0.000001 0.111660 0.049029 0.178996
    16 3.323331 0.233744 -1.479075 0.224777 0.143147 0.636924
    17 0.963100 0.000011 0.000000 0.040053 -0.089165 1.362262
    18 0.682894 -0.000006 -0.000001 0.050946 0.063578 -0.018234
    19 1.149529 0.416498 -1.414117 1.695985 0.643357 0.384411
    20 1.263884 0.000001 0.000000 -0.009336 0.006472 0.475854
    21 1.188946 0.000000 0.000002 -0.011266 0.001918 0.214483
    22 3.773762 0.133217 -0.970574 0.032751 0.177541 0.050162
    23 1.433458 0.000004 0.000000 -0.035235 0.012955 0.451859
    24 1.019165 0.000011 0.000000 -0.035247 0.012979 0.452115
    25 3.799517 0.014957 -0.039958 -0.033211 -0.011916 0.276310
    26 1.774879 0.000004 0.000000 -0.022471 0.008917 0.454686
    27 1.008841 0.000004 0.000000 -0.022387 0.008929 0.454767
    28 3.632765 0.059053 0.757493 -0.281213 -0.185819 0.459280
    29 1.500135 0.000004 0.000000 -0.017006 0.006568 0.424967
    30 0.905668 0.000002 -0.000001 -0.016994 0.006556 0.424967
    31 3.323332 0.233744 1.479075 -0.399082 -0.449109 0.621478
    32 0.963099 0.000010 0.000000 -0.018001 0.008941 0.549273
    33 0.682898 -0.000002 0.000000 -0.017989 0.008941 0.549349
    34 16.981375 -5.872584 -10.737378 0.265381 0.258112 -2.316523
    35 -6.113064 -3.955793 -11.026439 -0.563674 -0.730067 -1.375574
    36 0.000000 3.992340 0.007782 1.570796 0.000000 -1.570796
    37 17.121616 -0.589862 2.546953 -0.501786 2.659176 -0.588152
    38 -0.021929 2.029111 -0.137266 -1.570805 0.000001 0.000000
    39 0.007813 0.000000 0.007813 -0.214324 0.000000 0.000001
    40 0.014116 -0.669111 0.409449 1.082572 0.000000 0.000000
    41 -0.002402 -6.221447 0.929182 -0.872403 0.000000 0.000000
  time 70
    0 -6.113064 -3.955793 -11.030346 -1.925723 -0.728715 -1.375866
    1 10.295578 0.000000 0.000002 2.864492 -0.400248 0.041848
    2 16.981375 -5.872584 -10.737378 -0.818708 0.258285 -2.316667
    3 10.295582 0.000001 -0.000006 -0.719445 0.204509 0.123947
    4 1.149520 0.416502 1.414117 -1.889544 -0.247391 0.590235
    5 1.263885 0.000000 -0.000008 0.039274 0.064201 0.111248
    6 1.188939 -0.000002 0.000010 0.005825 0.001918 -0.245180
    7 3.773755 0.133215 0.970575 0.005840 0.024328 0.317988
    8 1.433456 0.000000 0.000000 0.071596 -0.076558 1.246454
    9 1.019165 -0.000006 0.000001 0.138913 -0.094498 0.995244
    10 3.799514 0.014957 0.039959 -0.022819 0.068472 0.343331
    11 1.774878 0.000000 0.000000 0.094151 -0.003607 0.177905
    12 1.008844 -0.000004 0.000000 0.107502 -0.013614 0.214007
    13 3.632766 0.059052 -0.757493 0.029257 0.113899 0.313921
    14 1.500137 0.000002 0.000000 0.096776 0.074280 -0.062738
    15 0.905666 -0.000002 -0.000001 0.111660 0.049029 0.178996
    16 3.323331 0.233744 -1.479075 0.224777 0.143147 0.636924
    17 0.963100 0.000011 0.000000 0.040053 -0.089165 1.362262
    18 0.682894 -0.000006 -0.000001 0.050946 0.063578 -0.018234
    19 1.149529 0.416498 -1.414117 1.695985 0.643357 0.384411
    20 1.263884 0.000001 0.000000 -0.009336 0.006472 0.475854
    21 1.188946 0.000000 0.000002 -0.011266 0.001918 0.214483
    22 3.773762 0.133217 -0.970574 0.032751 0.177541 0.050162
    23 1.433458 0.000004 0.000000 -0.035235 0.012955 0.451859
    24 1.019165 0.000011 0.000000 -0.035247 0.012979 0.452115
    25 3.799517 0.014957 -0.039958 -0.033211 -0.011916 0.276310
    26 1.774879 0.000004 0.000000 -0.022471 0.008917 0.454686
    27 1.008841 0.000004 0.000000 -0.022387 0.008929 0.454767
    28 3.632765 0.059053 0.757493 -0.281213 -0.185819 0.459280
    29 1.500135 0.000004 0.000000 -0.017006 0.006568 0.424967
    30 0.905668 0.000002 -0.000001 -0.016994 0.006556 0.424967
    31 3.323332 0.233744 1.479075 -0.399082 -0.449109 0.621478
    32 0.963099 0.000010 0.000000 -0.018001 0.008941 0.549273
    33 0.682898 -0.000002 0.000000 -0.017989 0.008941 0.549349
    34 16.981375 -5.872584 -10.737378 0.265381 0.258112 -2.316523
    35 -6.113064 -3.955793 -11.030346 -0.563489 -0.729588 -1.375574
    36 0.000000 3.992340 0.007782 1.570796 0.000000 -1.570796
    37 17.125523 -0.589862 2.570391 -0.504852 2.662805 -0.592128
    38 -0.021929 2.029111 -0.137266 -1.570805 0.000001 0.000000
    39 0.019532 0.000000 0.007813 -0.214324 0.000000 0.000001
    40 0.002397 -0.669111 0.409449 1.082572 0.000000 0.000000
    41 -0.002402 -6.221447 0.929182 -0.874753 0.000000 0.000000
  time 71
    0 -6.113064 -3.944074 -11.034252 -1.925723 -0.728621 -1.375866
    1 10.295578 0.000000 0.000002 2.868857 -0.398889 0.042254
    2 16.981375 -5.872584 -10.737378 -0.818708 0.258285 -2.316667
    3 10.295582 0.000001 -0.000006 -0.719445 0.204509 0.123947
    4 1.149520 0.416502 1.414117 -1.889544 -0.247391 0.590235
    5 1.263885 0.000000 -0.000008 0.039274 0.064201 0.111248
    6 1.188939 -0.000002 0.000010 0.005825 0.001918 -0.245180
    7 3.773755 0.133215 0.970575 0.005840 0.024328 0.317988
    8 1.433456 0.000000 0.000000 0.071596 -0.076558 1.246454
    9 1.019165 -0.000006 0.000001 0.138913 -0.094498 0.995244
    10 3.799514 0.014957 0.039959 -0.022819 0.068472 0.343331
    11 1.774878 0.000000 0.000000 0.094151 -0.003607 0.177905
    12 1.008844 -0.000004 0.000000 0.107502 -0.013614 0.214007
    13 3.632766 0.059052 -0.757493 0.029257 0.113899 0.313921
    14 1.500137 0.000002 0.000000 0.096776 0.074280 -0.062738
    15 0.905666 -0.000002 -0.000001 0.111660 0.049029 0.178996
    16 3.323331 0.233744 -1.479075 0.224777 0.143147 0.636924
    17 0.963100 0.000011 0.000000 0.040053 -0.089165 1.362262
    18 0.682894 -0.000006 -0.000001 0.050946 0.063578 -0.018234
    19 1.149529 0.416498 -1.414117 1.695985 0.643357 0.384411
    20 1.263884 0.000001 0.000000 -0.009336 0.006472 0.475854
    21 1.188946 0.000000 0.000002 -0.011266 0.001918 0.214483
    22 3.773762 0.133217 -0.970574 0.032751 0.177541 0.050162
    23 1.433458 0.000004 0.000000 -0.035235 0.012955 0.451859
    24 1.019165 0.000011 0.000000 -0.035247 0.012979 0.452115
    25 3.799517 0.014957 -0.039958 -0.033211 -0.011916 0.276310
    26 1.774879 0.000004 0.000000 -0.022471 0.008917 0.454686
    27 1.008841 0.000004 0.000000 -0.022387 0.008929 0.454767
    28 3.632765 0.059053 0.757493 -0.281213 -0.185819 0.459280
    29 1.500135 0.000004 0.000000 -0.017006 0.006568 0.424967
    30 0.905668 0.000002 -0.000001 -0.016994 0.006556 0.424967
    31 3.323332 0.233744 1.479075 -0.399082 -0.449109 0.621478
    32 0.963099 0.000010 0.000000 -0.018001 0.008941 0.549273
    33 0.682898 -0.000002 0.000000 -0.017989 0.008941 0.549349
    34 16.981375 -5.872584 -10.737378 0.265381 0.258112 -2.316523
    35 -6.113064 -3.944074 -11.034252 -0.563489 -0.729588 -1.375861
    36 0.000000 3.992340 0.007782 1.570796 0.000000 -1.570796
    37 17.125523 -0.589862 2.578204 -0.507918 2.665956 -0.596009
    38 -0.021929 2.029111 -0.137266 -1.570805 0.000001 0.000000
    39 0.007813 0.000000 0.007813 -0.214324 0.000000 0.000001
    40 0.002397 -0.669111 0.409449 1.082572 0.000000 0.000000
    41 -0.014121 -6.221447 0.929182 -0.877690 0.000000 0.000000
  time 72
    0 -6.113064 -3.944074 -11.034252 -1.925723 -0.728621 -1.375866
    1 10.295578 0.000000 0.000002 2.872949 -0.397385 0.042816
    2 16.981375 -5.872584 -10.737378 -0.818708 0.258285 -2.316667
    3 10.295582 0.000001 -0.000006 -0.719445 0.204509 0.123947
    4 1.149520 0.416502 1.414117 -1.889544 -0.247391 0.590235
    5 1.263885 0.000000 -0.000008 0.039274 0.064201 0.111248
    6 1.188939 -0.000002 0.000010 0.005872 0.001930 -0.245180
    7 3.773755 0.133215 0.970575 0.005840 0.024328 0.317988
    8 1.433456 0.000000 0.000000 0.071596 -0.076558 1.246454
    9 1.019165 -0.000006 0.000001 0.138913 -0.094498 0.995244
    10 3.799514 0.014957 0.039959 -0.022819 0.068472 0.343331
    11 1.774878 0.000000 0.000000 0.094151 -0.003607 0.177905
    12 1.008844 -0.000004 0.000000 0.107502 -0.013614 0.214007
    13 3.632766 0.059052 -0.757493 0.029257 0.113899 0.313921
    14 1.500137 0.000002 0.000000 0.096776 0.074280 -0.062738
    15 0.905666 -0.000002 -0.000001 0.111660 0.049029 0.178996
    16 3.323331 0.233744 -1.479075 0.224777 0.143147 0.636924
    17 0.963100 0.000011 0.000000 0.040053 -0.089165 1.362262
    18 0.682894 -0.000006 -0.000001 0.050946 0.063578 -0.018234
    19 1.149529 0.416498 -1.414117 1.695985 0.643357 0.384411
    20 1.263884 0.000001 0.000000 -0.009336 0.006472 0.475854
    21 1.188946 0.000000 0.000002 -0.011266 0.001918 0.214483
    22 3.773762 0.133217 -0.970574 0.032751 0.177541 0.050162
    23 1.433458 0.000004 0.000000 -0.035235 0.012955 0.451859
    24 1.019165 0.000011 0.000000 -0.035247 0.012979 0.452115
    25 3.799517 0.014957 -0.039958 -0.033211 -0.011916 0.276310
    26 1.774879 0.000004 0.000000 -0.022471 0.008917 0.454686
    27 1.008841 0.000004 0.000000 -0.022387 0.008929 0.454767
    28 3.632765 0.059053 0.757493 -0.281213 -0.185819 0.459280
    29 1.500135 0.000004 0.000000 -0.017006 0.006568 0.424967
    30 0.905668 0.000002 -0.000001 -0.016994 0.006556 0.424967
    31 3.323332 0.233744 1.479075 -0.399082 -0.449109 0.621478
    32 0.963099 0.000010 0.000000 -0.018001 0.008941 0.549273
    33 0.682898 -0.000002 0.000000 -0.017989 0.008941 0.549349
    34 16.981375 -5.872584 -10.737378 0.265381 0.258112 -2.316523
    35 -6.113064 -3.944074 -11.034252 -0.563489 -0.729205 -1.375861
    36 0.000000 3.992340 0.007782 1.570796 0.000000 -1.570796
    37 17.125523 -0.589862 2.589923 -0.510889 2.668725 -0.599796
    38 -0.021929 2.029111 -0.137266 -1.570805 0.000001 0.000000
    39 0.019532 0.000000 0.000000 -0.214324 0.000000 0.000001
    40 0.002397 -0.669111 0.409449 1.082572 0.000000 0.000000
    41 -0.014121 -6.221447 0.929182 -0.880712 0.000000 0.000000
  time 73
    0 -6.113064 -3.944074 -11.034252 -1.925426 -0.728621 -1.376057
    1 10.295578 0.000000 0.000002 2.876086 -0.395638 0.043003
    2 16.981375 -5.872584 -10.737378 -0.818708 0.258285 -2.316667
    3 10.295582 0.000001 -0.000006 -0.719445 0.204509 0.123947
    4 1.149520 0.416502 1.414117 -1.889544 -0.247391 0.590235
    5 1.263885 0.000000 -0.000008 0.039274 0.064201 0.111248
    6 1.188939 -0.000002 0.000010 0.005825 0.001918 -0.245180
    7 3.773755 0.133215 0.970575 0.005840 0.024328 0.317988
    8 1.433456 0.000000 0.000000 0.071596 -0.076558 1.246454
    9 1.019165 -0.000006 0.000001 0.138913 -0.094498 0.995244
    10 3.799514 0.014957 0.039959 -0.022819 0.068472 0.343331
    11 1.774878 0.000000 0.000000 0.094151 -0.003607 0.177905
    12 1.008844 -0.000004 0.000000 0.107502 -0.013614 0.214007
    13 3.632766 0.059052 -0.757493 0.029257 0.113899 0.313921
    14 1.500137 0.000002 0.000000 0.096776 0.074280 -0.062738
    15 0.905666 -0.000002 -0.000001 0.111660 0.049029 0.178996
    16 3.323331 0.233744 -1.479075 0.224777 0.143147 0.636924
    17 0.963100 0.000011 0.000000 0.040053 -0.089165 1.362262
    18 0.682894 -0.000006 -0.000001 0.050946 0.063578 -0.018234
    19 1.149529 0.416498 -1.414117 1.695985 0.643357 0.384411
    20 1.263884 0.000001 0.000000 -0.009336 0.006472 0.475854
    21 1.188946 0.000000 0.000002 -0.011266 0.001918 0.214483
    22 3.773762 0.133217 -0.970574 0.032751 0.177541 0.050162
    23 1.433458 0.000004 0.000000 -0.035235 0.012955 0.451859
    24 1.019165 0.000011 0.000000 -0.035247 0.012979 0.452115
    25 3.799517 0.014957 -0.039958 -0.033211 -0.011916 0.276310
    26 1.774879 0.000004 0.000000 -0.022471 0.008917 0.454686
    27 1.008841 0.000004 0.000000 -0.022387 0.008929 0.454767
    28 3.632765 0.059053 0.757493 -0.281213 -0.185819 0.459280
    29 1.500135 0.000004 0.000000 -0.017006 0.006568 0.424967
    30 0.905668 0.000002 -0.000001 -0.016994 0.006556 0.424967
    31 3.323332 0.233744 1.479075 -0.399082 -0.449109 0.621478
    32 0.963099 0.000010 0.000000 -0.018001 0.008941 0.549273
    33 0.682898 -0.000002 0.000000 -0.017989 0.008941 0.549349
    34 16.981375 -5.872584 -10.737378 0.265381 0.258112 -2.316523
    35 -6.113064 -3.944074 -11.034252 -0.563489 -0.729205 -1.375861
    36 0.000000 3.992340 0.007782 1.570796 0.000000 -1.570796
    37 17.125523 -0.589862 2.601642 -0.513859 2.670730 -0.602920
    38 -0.021929 2.029111 -0.137266 -1.570805 0.000001 0.000000
    39 0.019532 0.000000 0.007813 -0.214324 0.000000 0.000001
    40 0.002397 -0.669111 0.409449 1.082572 0.000000 0.000000
    41 -0.002402 -6.221447 0.929182 -0.884615 0.000000 0.000000
  time 74
    0 -6.113064 -3.944074 -11.034252 -1.925500 -0.728621 -1.376057
    1 10.295578 0.000000 0.000002 2.878405 -0.393624 0.043721
    2 16.981375 -5.872584 -10.737378 -0.818708 0.258285 -2.316667
    3 10.295582 0.000001 -0.000006 -0.719445 0.204509 0.123947
    4 1.149520 0.416502 1.414117 -1.889544 -0.247391 0.590235
    5 1.263885 0.000000 -0.000008 0.039274 0.064201 0.111248
    6 1.188939 -0.000002 0.000010 0.005825 0.001918 -0.245180
    7 3.773755 0.133215 0.970575 0.005840 0.024328 0.317988
    8 1.433456 0.000000 0.000000 0.071596 -0.076558 1.246454
    9 1.019165 -0.000006 0.000001 0.138913 -0.094498 0.995244
    10 3.799514 0.014957 0.039959 -0.022819 0.068472 0.343331
    11 1.774878 0.000000 0.000000 0.094151 -0.003607 0.177905
    12 1.008844 -0.000004 0.000000 0.107502 -0.013614 0.214007
    13 3.632766 0.059052 -0.757493 0.029257 0.113899 0.313921
    14 1.500137 0.000002 0.000000 0.096776 0.074280 -0.062738
    15 0.905666 -0.000002 -0.000001 0.111660 0.049029 0.178996
    16 3.323331 0.233744 -1.479075 0.224777 0.143147 0.636924
    17 0.963100 0.000011 0.000000 0.040053 -0.089165 1.362262
    18 0.682894 -0.000006 -0.000001 0.050946 0.063578 -0.018234
    19 1.149529 0.416498 -1.414117 1.695985 0.643357 0.384411
    20 1.263884 0.000001 0.000000 -0.009336 0.006472 0.475854
    21 1.188946 0.000000 0.000002 -0.011266 0.001918 0.214483
    22 3.773762 0.133217 -0.970574 0.032751 0.177541 0.050162
    23 1.433458 0.000004 0.000000 -0.035235 0.012955 0.451859
    24 1.019165 0.000011 0.000000 -0.035247 0.012979 0.452115
    25 3.799517 0.014957 -0.039958 -0.033211 -0.011916 0.276310
    26 1.774879 0.000004 0.000000 -0.022471 0.008917 0.454686
    27 1.008841 0.000004 0.000000 -0.022387 0.008929 0.454767
    28 3.632765 0.059053 0.757493 -0.281213 -0.185819 0.459280
    29 1.500135 0.000004 0.000000 -0.017006 0.006568 0.424967
    30 0.905668 0.000002 -0.000001 -0.016994 0.006556 0.424967
    31 3.323332 0.233744 1.479075 -0.399082 -0.449109 0.621478
    32 0.963099 0.000010 0.000000 -0.018001 0.008941 0.549273
    33 0.682898 -0.000002 0.000000 -0.017989 0.008941 0.549349
    34 16.981375 -5.872584 -10.737378 0.265381 0.258112 -2.316523
    35 -6.113064 -3.944074 -11.034252 -0.563489 -0.729205 -1.376052
    36 0.000000 3.992340 0.007782 1.570796 0.000000 -1.570796
    37 17.125523 -0.582049 2.609455 -0.517212 2.672067 -0.605665
    38 -0.021929 2.029111 -0.137266 -1.570805 0.000001 0.000000
    39 0.019532 0.000000 0.007813 -0.214324 0.000000 0.000001
    40 0.002397 -0.669111 0.409449 1.082572 0.000000 0.000000
    41 -0.002402 -6.221447 0.929182 -0.888686 0.000000 0.000000
  time 75
    0 -6.007592 -3.912823 -11.092847 -1.918894 -0.723166 -1.370032
    1 10.295578 0.000000 0.000002 2.742141 -0.402480 0.102504
    2 16.981375 -5.872584 -10.737378 -0.818708 0.258285 -2.316667
    3 10.295582 0.000001 -0.000006 -0.719445 0.204509 0.123947
    4 1.149520 0.416502 1.414117 -1.889544 -0.247391 0.590235
    5 1.263885 0.000000 -0.000008 0.039274 0.064201 0.111248
    6 1.188939 -0.000002 0.000010 0.005825 0.001918 -0.245180
    7 3.773755 0.133215 0.970575 0.005840 0.024328 0.317988
    8 1.433456 0.000000 0.000000 0.071596 -0.076558 1.246454
    9 1.019165 -0.000006 0.000001 0.138913 -0.094498 0.995244
    10 3.799514 0.014957 0.039959 -0.022819 0.068472 0.343331
    11 1.774878 0.000000 0.000000 0.094151 -0.003607 0.177905
    12 1.008844 -0.000004 0.000000 0.107502 -0.013614 0.214007
    13 3.632766 0.059052 -0.757493 0.029257 0.113899 0.313921
    14 1.500137 0.000002 0.000000 0.096776 0.074280 -0.062738
    15 0.905666 -0.000002 -0.000001 0.111660 0.049029 0.178996
    16 3.323331 0.233744 -1.479075 0.224777 0.143147 0.636924
    17 0.963100 0.000011 0.000000 0.040053 -0.089165 1.362262
    18 0.682894 -0.000006 -0.000001 0.050946 0.063578 -0.018234
    19 1.149529 0.416498 -1.414117 1.695985 0.643357 0.384411
    20 1.263884 0.000001 0.000000 -0.009336 0.006472 0.475854
    21 1.188946 0.000000 0.000002 -0.011266 0.001918 0.214483
    22 3.773762 0.133217 -0.970574 0.032751 0.177541 0.050162
    23 1.433458 0.000004 0.000000 -0.035235 0.012955 0.451859
    24 1.019165 0.000011 0.000000 -0.035247 0.012979 0.452115
    25 3.799517 0.014957 -0.039958 -0.033211 -0.011916 0.276310
    26 1.774879 0.000004 0.000000 -0.022471 0.008917 0.454686
    27 1.008841 0.000004 0.000000 -0.022387 0.008929 0.454767
    28 3.632765 0.059053 0.757493 -0.281213 -0.185819 0.459280
    29 1.500135 0.000004 0.000000 -0.017006 0.006568 0.424967
    30 0.905668 0.000002 -0.000001 -0.016994 0.006556 0.424967
    31 3.323332 0.233744 1.479075 -0.399082 -0.449109 0.621478
    32 0.963099 0.000010 0.000000 -0.018001 0.008941 0.549273
    33 0.682898 -0.000002 0.000000 -0.017989 0.008941 0.549349
    34 16.981375 -5.872584 -10.737378 0.265381 0.258112 -2.316523
    35 -6.007592 -3.912823 -11.092847 -0.697099 -0.722979 -1.369740
    36 0.000000 3.992340 0.007782 1.570796 0.000000 -1.570796
    37 17.293496 -0.906278 2.218818 -0.441614 2.608378 -0.562498
    38 -0.021929 2.029111 -0.137266 -1.570805 0.000001 0.000000
    39 0.019532 0.000000 0.007813 -0.207435 0.000000 0.000001
    40 0.002397 -0.669111 0.409449 1.083143 0.000000 0.000000
    41 -0.002402 -6.221447 0.929182 -1.025829 0.000000 0.000000
  time 76
    0 -5.671644 -3.776100 -11.276447 -1.896181 -0.701628 -1.350521
    1 10.295578 0.000000 0.000002 2.292020 -0.426573 0.289966
    2 16.981375 -5.872584 -10.737378 -0.818708 0.258285 -2.316667
    3 10.295582 0.000001 -0.000006 -0.719445 0.204509 0.123947
    4 1.149520 0.416502 1.414117 -1.873473 -0.258642 0.526025
    5 1.263885 0.000000 -0.000008 0.041515 0.062811 0.146561
    6 1.188939 -0.000002 0.000010 0.005825 0.001953 -0.253475
    7 3.773755 0.133215 0.970575 0.005840 0.024328 0.317988
    8 1.433456 0.000000 0.000000 0.071596 -0.076558 1.246454
    9 1.019165 -0.000006 0.000001 0.138913 -0.094498 0.995244
    10 3.799514 0.014957 0.039959 -0.022819 0.068472 0.343331
    11 1.774878 0.000000 0.000000 0.094151 -0.003607 0.177905
    12 1.008844 -0.000004 0.000000 0.107502 -0.013614 0.214007
    13 3.632766 0.059052 -0.757493 0.030914 0.113660 0.327911
    14 1.500137 0.000002 0.000000 0.096776 0.074280 -0.062738
    15 0.905666 -0.000002 -0.000001 0.111660 0.049029 0.178996
    16 3.323331 0.233744 -1.479075 0.217898 0.152977 0.592103
    17 0.963100 0.000011 0.000000 0.038339 -0.089836 1.382350
    18 0.682894 -0.000006 -0.000001 0.061121 0.054027 0.153497
    19 1.149529 0.416498 -1.414117 1.695985 0.643357 0.384411
    20 1.263884 0.000001 0.000000 -0.009336 0.006472 0.475854
    21 1.188946 0.000000 0.000002 -0.011266 0.001918 0.214483
    22 3.773762 0.133217 -0.970574 0.032751 0.177541 0.050162
    23 1.433458 0.000004 0.000000 -0.035235 0.012955 0.451859
    24 1.019165 0.000011 0.000000 -0.035247 0.012979 0.452115
    25 3.799517 0.014957 -0.039958 -0.033211 -0.011916 0.276310
    26 1.774879 0.000004 0.000000 -0.022471 0.008917 0.454686
    27 1.008841 0.000004 0.000000 -0.022387 0.008929 0.454767
    28 3.632765 0.059053 0.757493 -0.281213 -0.185819 0.459280
    29 1.500135 0.000004 0.000000 -0.017006 0.006568 0.424967
    30 0.905668 0.000002 -0.000001 -0.016994 0.006556 0.424967
    31 3.323332 0.233744 1.479075 -0.399082 -0.449109 0.621478
    32 0.963099 0.000010 0.000000 -0.018001 0.008941 0.549273
    33 0.682898 -0.000002 0.000000 -0.017989 0.008941 0.549349
    34 16.981375 -5.872584 -10.737378 0.265381 0.258112 -2.316523
    35 -5.671644 -3.776100 -11.276447 -1.133921 -0.701619 -1.350516
    36 0.000000 3.992340 0.007782 1.570796 0.000000 -1.570796
    37 17.731010 -2.156316 0.972686 -0.077037 2.474698 -0.350165
    38 -0.021929 2.029111 -0.137266 -1.570805 0.000001 0.000000
    39 0.007813 0.000000 0.007813 -0.180548 0.000000 0.000001
    40 0.002397 -0.669111 0.409449 1.083143 0.000000 0.000000
    41 -0.002402 -6.221447 0.929182 -1.842146 0.000000 0.000000
  time 77
    0 -5.331790 -3.639377 -11.440514 -1.872503 -0.673506 -1.331584
    1 10.295578 0.000000 0.000002 1.852811 -0.440912 0.455076
    2 16.981375 -5.872584 -10.737378 -0.818708 0.258285 -2.316667
    3 10.295582 0.000001 -0.000006 -0.719445 0.204509 0.123947
    4 1.149520 0.416502 1.414117 -1.844328 -0.248649 0.416564
    5 1.263885 0.000000 -0.000008 0.041599 0.062608 0.151656
    6 1.188939 -0.000002 0.000010 0.005848 0.001870 -0.220570
    7 3.773755 0.133215 0.970575 0.005840 0.024328 0.317988
    8 1.433456 0.000000 0.000000 0.071596 -0.076558 1.246454
    9 1.019165 -0.000006 0.000001 0.138913 -0.094498 0.995244
    10 3.799514 0.014957 0.039959 -0.022819 0.068472 0.343331
    11 1.774878 0.000000 0.000000 0.094151 -0.003607 0.177905
    12 1.008844 -0.000004 0.000000 0.107502 -0.013614 0.214007
    13 3.632766 0.059052 -0.757493 0.034163 0.112617 0.356950
    14 1.500137 0.000002 0.000000 0.096776 0.074280 -0.062738
    15 0.905666 -0.000002 -0.000001 0.111660 0.049029 0.178996
    16 3.323331 0.233744 -1.479075 0.210275 0.163437 0.543884
    17 0.963100 0.000011 0.000000 0.035259 -0.091323 1.416731
    18 0.682894 -0.000006 -0.000001 0.072998 0.036565 0.412077
    19 1.149529 0.416498 -1.414117 1.695985 0.643357 0.384411
    20 1.263884 0.000001 0.000000 -0.009336 0.006472 0.475854
    21 1.188946 0.000000 0.000002 -0.011266 0.001918 0.214483
    22 3.773762 0.133217 -0.970574 0.032751 0.177541 0.050162
    23 1.433458 0.000004 0.000000 -0.035235 0.012955 0.451859
    24 1.019165 0.000011 0.000000 -0.035247 0.012979 0.452115
    25 3.799517 0.014957 -0.039958 -0.033211 -0.011916 0.276310
    26 1.774879 0.000004 0.000000 -0.022471 0.008917 0.454686
    27 1.008841 0.000004 0.000000 -0.022387 0.008929 0.454767
    28 3.632765 0.059053 0.757493 -0.281213 -0.185819 0.459280
    29 1.500135 0.000004 0.000000 -0.017006 0.006568 0.424967
    30 0.905668 0.000002 -0.000001 -0.016994 0.006556 0.424967
    31 3.323332 0.233744 1.479075 -0.399082 -0.449109 0.621478
    32 0.963099 0.000010 0.000000 -0.018001 0.008941 0.549273
    33 0.682898 -0.000002 0.000000 -0.017989 0.008941 0.549349
    34 16.981375 -5.872584 -10.737378 0.265381 0.258112 -2.316523
    35 -5.331790 -3.639377 -11.440514 -1.569634 -0.674799 -1.331101
    36 0.000000 3.992340 0.007782 1.570796 0.000000 -1.570796
    37 18.055238 -3.668081 -0.050783 0.393896 2.540106 -0.136223
    38 -0.021929 2.029111 -0.137266 -1.570805 0.000001 0.000000
    39 0.019532 0.000000 0.007813 -0.136629 0.000000 0.000001
    40 0.002397 -0.669111 0.409449 1.072676 0.000000 0.000000
    41 -0.002402 -6.221447 0.929182 -2.056549 0.000000 0.000000
  time 78
    0 -5.238037 -3.627658 -11.471765 -1.864635 -0.659304 -1.328906
    1 10.295578 0.000000 0.000002 1.767629 -0.378096 0.427511
    2 16.981375 -5.872584 -10.737378 -0.818708 0.258285 -2.316667
    3 10.295582 0.000001 -0.000006 -0.719445 0.204509 0.123947
    4 1.149520 0.416502 1.414117 -1.830887 -0.206922 0.376935
    5 1.263885 0.000000 -0.000008 0.036709 0.065712 0.071273
    6 1.188939 -0.000002 0.000010 0.006244 0.001163 -0.117272
    7 3.773755 0.133215 0.970575 0.005989 0.024340 0.316586
    8 1.433456 0.000000 0.000000 0.071656 -0.076522 1.245595
    9 1.019165 -0.000006 0.000001 0.138853 -0.094498 0.996029
    10 3.799514 0.014957 0.039959 -0.022819 0.068472 0.343280
    11 1.774878 0.000000 0.000000 0.094151 -0.003571 0.177810
    12 1.008844 -0.000004 0.000000 0.107502 -0.013614 0.213912
    13 3.632766 0.059052 -0.757493 0.035341 0.112209 0.367149
    14 1.500137 0.000002 0.000000 0.096788 0.074269 -0.062456
    15 0.905666 -0.000002 -0.000001 0.111660 0.049029 0.178904
    16 3.323331 0.233744 -1.479075 0.213104 0.160062 0.559996
    17 0.963100 0.000011 0.000000 0.033054 -0.092090 1.439521
    18 0.682894 -0.000006 -0.000001 0.074400 0.033449 0.453576
    19 1.149529 0.416498 -1.414117 1.695985 0.643357 0.384411
    20 1.263884 0.000001 0.000000 -0.009336 0.006472 0.475854
    21 1.188946 0.000000 0.000002 -0.011266 0.001918 0.214483
    22 3.773762 0.133217 -0.970574 0.032751 0.177541 0.050162
    23 1.433458 0.000004 0.000000 -0.035235 0.012955 0.451859
    24 1.019165 0.000011 0.000000 -0.035247 0.012979 0.452115
    25 3.799517 0.014957 -0.039958 -0.033211 -0.011916 0.276310
    26 1.774879 0.000004 0.000000 -0.022471 0.008917 0.454686
    27 1.008841 0.000004 0.000000 -0.022387 0.008929 0.454767
    28 3.632765 0.059053 0.757493 -0.281213 -0.185819 0.459280
    29 1.500135 0.000004 0.000000 -0.017006 0.006568 0.424967
    30 0.905668 0.000002 -0.000001 -0.016994 0.006556 0.424967
    31 3.323332 0.233744 1.479075 -0.399082 -0.449109 0.621478
    32 0.963099 0.000010 0.000000 -0.018001 0.008941 0.549273
    33 0.682898 -0.000002 0.000000 -0.017989 0.008941 0.549349
    34 16.981375 -5.872584 -10.737378 0.265381 0.258112 -2.316523
    35 -5.238037 -3.627658 -11.471765 -1.660782 -0.660336 -1.329188
    36 0.000000 3.992340 0.007782 1.570796 0.000000 -1.570796
    37 18.313059 -3.808710 -0.082034 0.481088 2.664428 -0.135939
    38 -0.021929 2.029111 -0.137266 -1.570805 0.000001 0.000000
    39 0.019532 0.000000 0.007813 -0.087352 0.000000 0.000001
    40 0.014116 -0.669111 0.409449 1.044321 0.000000 0.000000
    41 -0.002402 -6.221447 0.929182 -1.455978 0.000000 0.000000
  time 79
    0 -5.374760 -3.733130 -11.354574 -1.871612 -0.659210 -1.342487
    1 10.295578 0.000000 0.000002 1.945086 -0.150974 0.203743
    2 16.981375 -5.872584 -10.737378 -0.818708 0.258285 -2.316667
    3 10.295582 0.000001 -0.000006 -0.719445 0.204509 0.123947
    4 1.149520 0.416502 1.414117 -1.819657 -0.208428 0.351159
    5 1.263885 0.000000 -0.000008 0.035486 0.066131 0.059489
    6 1.188939 -0.000002 0.000010 0.006340 0.000551 -0.027906
    7 3.773755 0.133215 0.970575 0.007019 0.024364 0.309445
    8 1.433456 0.000000 0.000000 0.071824 -0.076258 1.241526
    9 1.019165 -0.000006 0.000001 0.138818 -0.094510 0.999841
    10 3.799514 0.014957 0.039959 -0.022833 0.068460 0.342975
    11 1.774878 0.000000 0.000000 0.094151 -0.003511 0.177573
    12 1.008844 -0.000004 0.000000 0.107502 -0.013603 0.213912
    13 3.632766 0.059052 -0.757493 0.035393 0.112257 0.366815
    14 1.500137 0.000002 0.000000 0.096824 0.074257 -0.061234
    15 0.905666 -0.000002 -0.000001 0.111660 0.049041 0.178720
    16 3.323331 0.233744 -1.479075 0.216363 0.155522 0.581264
    17 0.963100 0.000011 0.000000 0.031795 -0.092569 1.453073
    18 0.682894 -0.000006 -0.000001 0.075779 0.030597 0.491354
    19 1.149529 0.416498 -1.414117 1.695985 0.643357 0.384411
    20 1.263884 0.000001 0.000000 -0.009336 0.006472 0.475854
    21 1.188946 0.000000 0.000002 -0.011266 0.001918 0.214483
    22 3.773762 0.133217 -0.970574 0.032751 0.177541 0.050162
    23 1.433458 0.000004 0.000000 -0.035235 0.012955 0.451859
    24 1.019165 0.000011 0.000000 -0.035247 0.012979 0.452115
    25 3.799517 0.014957 -0.039958 -0.033211 -0.011916 0.276310
    26 1.774879 0.000004 0.000000 -0.022471 0.008917 0.454686
    27 1.008841 0.000004 0.000000 -0.022387 0.008929 0.454767
    28 3.632765 0.059053 0.757493 -0.281213 -0.185819 0.459280
    29 1.500135 0.000004 0.000000 -0.017006 0.006568 0.424967
    30 0.905668 0.000002 -0.000001 -0.016994 0.006556 0.424967
    31 3.323332 0.233744 1.479075 -0.399082 -0.449109 0.621478
    32 0.963099 0.000010 0.000000 -0.018001 0.008941 0.549273
    33 0.682898 -0.000002 0.000000 -0.017989 0.008941 0.549349
    34 16.981375 -5.872584 -10.737378 0.265381 0.258112 -2.316523
    35 -5.374760 -3.733130 -11.354574 -1.468686 -0.659857 -1.342482
    36 0.000000 3.992340 0.007782 1.570796 0.000000 -1.570796
    37 18.438063 -2.429762 1.023469 0.217883 2.700999 -0.098073
    38 -0.021929 2.029111 -0.137266 -1.570805 0.000001 0.000000
    39 0.019532 0.000000 0.007813 -0.041998 0.000000 0.000001
    40 0.014116 -0.669111 0.409449 0.918340 0.000000 0.000000
    41 -0.014121 -6.221447 0.929182 -0.794514 0.000000 0.000000
  time 80
    0 -5.628674 -3.893291 -11.198319 -1.884379 -0.662690 -1.364676
    1 10.295578 0.000000 0.000002 2.249054 0.130545 -0.080026
    2 16.981375 -5.872584 -10.737378 -0.818708 0.258285 -2.316667
    3 10.295582 0.000001 -0.000006 -0.719445 0.204509 0.123947
    4 1.149520 0.416502 1.414117 -1.807247 -0.217110 0.320141
    5 1.263885 0.000000 -0.000008 0.036265 0.064345 0.085890
    6 1.188939 -0.000002 0.000010 0.006352 0.000348 0.021727
    7 3.773755 0.133215 0.970575 0.008967 0.024879 0.295514
    8 1.433456 0.000000 0.000000 0.071955 -0.075623 1.233568
    9 1.019165 -0.000006 0.000001 0.138170 -0.094546 1.007280
    10 3.799514 0.014957 0.039959 -0.022847 0.068448 0.342568
    11 1.774878 0.000000 0.000000 0.094151 -0.003500 0.177004
    12 1.008844 -0.000004 0.000000 0.107502 -0.013603 0.213864
    13 3.632766 0.059052 -0.757493 0.035393 0.112281 0.366258
    14 1.500137 0.000002 0.000000 0.096931 0.074113 -0.058555
    15 0.905666 -0.000002 -0.000001 0.111648 0.049053 0.178536
    16 3.323331 0.233744 -1.479075 0.190681 0.186352 0.429928
    17 0.963100 0.000011 0.000000 0.050156 -0.061757 1.202645
    18 0.682894 -0.000006 -0.000001 0.077109 0.026822 0.538981
    19 1.149529 0.416498 -1.414117 1.695985 0.643357 0.384411
    20 1.263884 0.000001 0.000000 -0.009336 0.006472 0.475854
    21 1.188946 0.000000 0.000002 -0.011266 0.001918 0.214483
    22 3.773762 0.133217 -0.970574 0.032751 0.177541 0.050162
    23 1.433458 0.000004 0.000000 -0.035235 0.012955 0.451859
    24 1.019165 0.000011 0.000000 -0.035247 0.012979 0.452115
    25 3.799517 0.014957 -0.039958 -0.033211 -0.011916 0.276310
    26 1.774879 0.000004 0.000000 -0.022471 0.008917 0.454686
    27 1.008841 0.000004 0.000000 -0.022387 0.008929 0.454767
    28 3.632765 0.059053 0.757493 -0.281213 -0.185819 0.459280
    29 1.500135 0.000004 0.000000 -0.017006 0.006568 0.424967
    30 0.905668 0.000002 -0.000001 -0.016994 0.006556 0.424967
    31 3.323332 0.233744 1.479075 -0.399082 -0.449109 0.621478
    32 0.963099 0.000010 0.000000 -0.018001 0.008941 0.549273
    33 0.682898 -0.000002 0.000000 -0.017989 0.008941 0.549349
    34 16.981375 -5.872584 -10.737378 0.265381 0.258112 -2.316523
    35 -5.628674 -3.893291 -11.198319 -1.150314 -0.662826 -1.364671
    36 0.000000 3.992340 0.007782 1.570796 0.000000 -1.570796
    37 17.734916 -0.792993 2.855556 -0.211561 2.798585 0.038813
    38 -0.021929 2.029111 -0.137266 -1.570805 0.000001 0.000000
    39 0.019532 0.000000 0.007813 -0.009083 0.000000 0.000001
    40 0.002397 -0.669111 0.409449 0.637262 0.000000 0.000000
    41 -0.002402 -6.221447 0.929182 -0.495803 0.000000 0.000000
  time 81
    0 -5.894307 -3.987044 -11.061597 -1.895884 -0.659210 -1.390212
    1 10.295578 0.000000 0.000002 2.647820 0.235335 -0.210391
    2 16.981375 -5.872584 -10.737378 -0.818708 0.258285 -2.316667
    3 10.295582 0.000001 -0.000006 -0.719445 0.204509 0.123947
    4 1.149520 0.416502 1.414117 -1.795550 -0.227369 0.292789
    5 1.263885 0.000000 -0.000008 0.037404 0.062332 0.120514
    6 1.188939 -0.000002 0.000010 0.006352 0.000336 0.022644
    7 3.773755 0.133215 0.970575 0.011933 0.025166 0.275275
    8 1.433456 0.000000 0.000000 0.072579 -0.074808 1.222083
    9 1.019165 -0.000006 0.000001 0.137583 -0.094498 1.018232
    10 3.799514 0.014957 0.039959 -0.022903 0.068436 0.341958
    11 1.774878 0.000000 0.000000 0.094163 -0.003500 0.176435
    12 1.008844 -0.000004 0.000000 0.107502 -0.013603 0.213674
    13 3.632766 0.059052 -0.757493 0.035367 0.112401 0.365366
    14 1.500137 0.000002 0.000000 0.097399 0.073501 -0.054561
    15 0.905666 -0.000002 -0.000001 0.111648 0.049173 0.178015
    16 3.323331 0.233744 -1.479075 0.126311 0.248468 0.100422
    17 0.963100 0.000011 0.000000 0.073202 0.006783 0.672593
    18 0.682894 -0.000006 -0.000001 0.078247 0.022915 0.590242
    19 1.149529 0.416498 -1.414117 1.695985 0.643357 0.384411
    20 1.263884 0.000001 0.000000 -0.009336 0.006472 0.475854
    21 1.188946 0.000000 0.000002 -0.011266 0.001918 0.214483
    22 3.773762 0.133217 -0.970574 0.032751 0.177541 0.050162
    23 1.433458 0.000004 0.000000 -0.035235 0.012955 0.451859
    24 1.019165 0.000011 0.000000 -0.035247 0.012979 0.452115
    25 3.799517 0.014957 -0.039958 -0.033211 -0.011916 0.276310
    26 1.774879 0.000004 0.000000 -0.022471 0.008917 0.454686
    27 1.008841 0.000004 0.000000 -0.022387 0.008929 0.454767
    28 3.632765 0.059053 0.757493 -0.281213 -0.185819 0.459280
    29 1.500135 0.000004 0.000000 -0.017006 0.006568 0.424967
    30 0.905668 0.000002 -0.000001 -0.016994 0.006556 0.424967
    31 3.323332 0.233744 1.479075 -0.399082 -0.449109 0.621478
    32 0.963099 0.000010 0.000000 -0.018001 0.008941 0.549273
    33 0.682898 -0.000002 0.000000 -0.017989 0.008941 0.549349
    34 16.981375 -5.872584 -10.737378 0.265381 0.258112 -2.316523
    35 -5.894307 -3.987044 -11.061597 -0.824115 -0.659378 -1.390494
    36 0.000000 3.992340 0.007782 1.570796 0.000000 -1.570796
    37 17.160680 -0.273446 4.418104 -0.578151 3.051049 0.166326
    38 -0.021929 2.029111 -0.137266 -1.570805 0.000001 0.000000
    39 0.019532 0.000000 0.007813 0.000007 0.000000 0.000001
    40 0.002397 -0.669111 0.409449 0.205082 0.000000 0.000000
    41 -0.014121 -6.221447 0.929182 -0.730475 0.000000 0.000000
  time 82
    0 -6.175566 -4.010482 -10.967844 -1.904123 -0.645008 -1.421487
    1 10.295578 0.000000 0.000002 3.001438 0.220729 -0.220443
    2 16.981375 -5.872584 -10.737378 -0.818708 0.258285 -2.316667
    3 10.295582 0.000001 -0.000006 -0.719445 0.204509 0.123947
    4 1.149520 0.416502 1.414117 -1.786163 -0.234173 0.277307
    5 1.263885 0.000000 -0.000008 0.036649 0.061038 0.128580
    6 1.188939 -0.000002 0.000010 0.006352 0.000384 -0.007420
    7 3.773755 0.133215 0.970575 0.015296 0.025922 0.251443
    8 1.433456 0.000000 0.000000 0.073154 -0.073585 1.208428
    9 1.019165 -0.000006 0.000001 0.136493 -0.094487 1.031539
    10 3.799514 0.014957 0.039959 -0.022917 0.068448 0.341195
    11 1.774878 0.000000 0.000000 0.094163 -0.003488 0.175629
    12 1.008844 -0.000004 0.000000 0.107514 -0.013603 0.213579
    13 3.632766 0.059052 -0.757493 0.035380 0.112509 0.364586
    14 1.500137 0.000002 0.000000 0.097638 0.073178 -0.049063
    15 0.905666 -0.000002 -0.000001 0.111636 0.049197 0.177402
    16 3.323331 0.233744 -1.479075 0.104284 0.265316 -0.001817
    17 0.963100 0.000011 0.000000 0.075191 0.028356 0.509664
    18 0.682894 -0.000006 -0.000001 0.079434 0.019044 0.638351
    19 1.149529 0.416498 -1.414117 1.695985 0.643357 0.384411
    20 1.263884 0.000001 0.000000 -0.009336 0.006472 0.475854
    21 1.188946 0.000000 0.000002 -0.011266 0.001918 0.214483
    22 3.773762 0.133217 -0.970574 0.032751 0.177541 0.050162
    23 1.433458 0.000004 0.000000 -0.035235 0.012955 0.451859
    24 1.019165 0.000011 0.000000 -0.035247 0.012979 0.452115
    25 3.799517 0.014957 -0.039958 -0.033211 -0.011916 0.276310
    26 1.774879 0.000004 0.000000 -0.022471 0.008917 0.454686
    27 1.008841 0.000004 0.000000 -0.022387 0.008929 0.454767
    28 3.632765 0.059053 0.757493 -0.281213 -0.185819 0.459280
    29 1.500135 0.000004 0.000000 -0.017006 0.006568 0.424967
    30 0.905668 0.000002 -0.000001 -0.016994 0.006556 0.424967
    31 3.323332 0.233744 1.479075 -0.399082 -0.449109 0.621478
    32 0.963099 0.000010 0.000000 -0.018001 0.008941 0.549273
    33 0.682898 -0.000002 0.000000 -0.017989 0.008941 0.549349
    34 16.981375 -5.872584 -10.737378 0.265381 0.258112 -2.316523
    35 -6.175566 -4.010482 -10.967844 -0.616551 -0.645202 -1.421960
    36 0.000000 3.992340 0.007782 1.570796 0.000000 -1.570796
    37 17.301309 -0.328135 5.519700 -0.846434 -2.995953 0.245750
    38 -0.021929 2.029111 -0.137266 -1.570805 0.000001 0.000000
    39 0.007813 0.000000 0.007813 0.000007 0.000000 0.000001
    40 0.002397 -0.669111 0.409449 -0.358597 0.000000 0.000000
    41 -0.002402 -6.221447 0.929182 -1.314931 0.000000 0.000000
  time 83
    0 -6.238068 -3.963606 -10.971750 -1.899818 -0.619614 -1.437172
    1 10.295578 0.000000 0.000002 3.120515 0.182928 -0.210953
    2 16.981375 -5.872584 -10.737378 -0.818708 0.258285 -2.316667
    3 10.295582 0.000001 -0.000006 -0.719445 0.204509 0.123947
    4 1.149520 0.416502 1.414117 -1.784148 -0.250155 0.287927
    5 1.263885 0.000000 -0.000008 0.036158 0.060702 0.128934
    6 1.188939 -0.000002 0.000010 0.006340 0.000467 -0.023873
    7 3.773755 0.133215 0.970575 0.019106 0.026700 0.224939
    8 1.433456 0.000000 0.000000 0.073633 -0.072615 1.193055
    9 1.019165 -0.000006 0.000001 0.135558 -0.094211 1.046416
    10 3.799514 0.014957 0.039959 -0.022917 0.068436 0.340432
    11 1.774878 0.000000 0.000000 0.094163 -0.003476 0.174871
    12 1.008844 -0.000004 0.000000 0.107514 -0.013579 0.213460
    13 3.632766 0.059052 -0.757493 0.035393 0.112797 0.363694
    14 1.500137 0.000002 0.000000 0.098286 0.072531 -0.042437
    15 0.905666 -0.000002 -0.000001 0.111624 0.049221 0.177034
    16 3.323331 0.233744 -1.479075 0.107951 0.262584 0.013885
    17 0.963100 0.000011 0.000000 0.075024 0.025299 0.535243
    18 0.682894 -0.000006 -0.000001 0.079698 0.017498 0.657568
    19 1.149529 0.416498 -1.414117 1.695985 0.643357 0.384411
    20 1.263884 0.000001 0.000000 -0.009336 0.006472 0.475854
    21 1.188946 0.000000 0.000002 -0.011266 0.001918 0.214483
    22 3.773762 0.133217 -0.970574 0.032751 0.177541 0.050162
    23 1.433458 0.000004 0.000000 -0.035235 0.012955 0.451859
    24 1.019165 0.000011 0.000000 -0.035247 0.012979 0.452115
    25 3.799517 0.014957 -0.039958 -0.033211 -0.011916 0.276310
    26 1.774879 0.000004 0.000000 -0.022471 0.008917 0.454686
    27 1.008841 0.000004 0.000000 -0.022387 0.008929 0.454767
    28 3.632765 0.059053 0.757493 -0.281213 -0.185819 0.459280
    29 1.500135 0.000004 0.000000 -0.017006 0.006568 0.424967
    30 0.905668 0.000002 -0.000001 -0.016994 0.006556 0.424967
    31 3.323332 0.233744 1.479075 -0.399082 -0.449109 0.621478
    32 0.963099 0.000010 0.000000 -0.018001 0.008941 0.549273
    33 0.682898 -0.000002 0.000000 -0.017989 0.008941 0.549349
    34 16.981375 -5.872584 -10.737378 0.265381 0.258112 -2.316523
    35 -6.238068 -3.963606 -10.971750 -0.553875 -0.619723 -1.437167
    36 0.000000 3.992340 0.007782 1.570796 0.000000 -1.570796
    37 17.625538 -0.621113 5.754082 -0.945411 -2.899609 0.269132
    38 -0.021929 2.029111 -0.137266 -1.570805 0.000001 0.000000
    39 0.007813 0.000000 0.007813 -0.264558 0.000000 0.000001
    40 0.014116 -0.669111 0.409449 -0.766418 0.000000 0.000000
    41 -0.002402 -6.221447 0.929182 -1.478178 0.000000 0.000000
  time 84
    0 -6.167753 -3.932355 -11.034252 -1.889352 -0.588012 -1.442145
    1 10.295578 0.000000 0.000002 2.910118 0.127488 -0.182264
    2 16.981375 -5.872584 -10.737378 -0.818708 0.258285 -2.316667
    3 10.295582 0.000001 -0.000006 -0.719445 0.204509 0.123947
    4 1.149520 0.416502 1.414117 -1.788940 -0.274323 0.318701
    5 1.263885 0.000000 -0.000008 0.036158 0.060906 0.126652
    6 1.188939 -0.000002 0.000010 0.006340 0.000467 -0.023369
    7 3.773755 0.133215 0.970575 0.023102 0.027755 0.197121
    8 1.433456 0.000000 0.000000 0.074376 -0.071200 1.177275
    9 1.019165 -0.000006 0.000001 0.134144 -0.093612 1.062415
    10 3.799514 0.014957 0.039959 -0.022917 0.068424 0.339618
    11 1.774878 0.000000 0.000000 0.094175 -0.003452 0.174255
    12 1.008844 -0.000004 0.000000 0.107514 -0.013579 0.213460
    13 3.632766 0.059052 -0.757493 0.035367 0.112917 0.362969
    14 1.500137 0.000002 0.000000 0.098885 0.071728 -0.034307
    15 0.905666 -0.000002 -0.000001 0.111601 0.049341 0.176513
    16 3.323331 0.233744 -1.479075 0.107951 0.262584 0.013885
    17 0.963100 0.000011 0.000000 0.075024 0.025299 0.535243
    18 0.682894 -0.000006 -0.000001 0.078164 0.023562 0.582275
    19 1.149529 0.416498 -1.414117 1.695985 0.643357 0.384411
    20 1.263884 0.000001 0.000000 -0.009336 0.006472 0.475854
    21 1.188946 0.000000 0.000002 -0.011266 0.001918 0.214483
    22 3.773762 0.133217 -0.970574 0.032751 0.177541 0.050162
    23 1.433458 0.000004 0.000000 -0.035235 0.012955 0.451859
    24 1.019165 0.000011 0.000000 -0.035247 0.012979 0.452115
    25 3.799517 0.014957 -0.039958 -0.033211 -0.011916 0.276310
    26 1.774879 0.000004 0.000000 -0.022471 0.008917 0.454686
    27 1.008841 0.000004 0.000000 -0.022387 0.008929 0.454767
    28 3.632765 0.059053 0.757493 -0.281213 -0.185819 0.459280
    29 1.500135 0.000004 0.000000 -0.017006 0.006568 0.424967
    30 0.905668 0.000002 -0.000001 -0.016994 0.006556 0.424967
    31 3.323332 0.233744 1.479075 -0.399082 -0.449109 0.621478
    32 0.963099 0.000010 0.000000 -0.018001 0.008941 0.549273
    33 0.682898 -0.000002 0.000000 -0.017989 0.008941 0.549349
    34 16.981375 -5.872584 -10.737378 0.265381 0.258112 -2.316523
    35 -6.167753 -3.932355 -11.034252 -0.555046 -0.588785 -1.442236
    36 0.000000 3.992340 0.007782 1.570796 0.000000 -1.570796
    37 18.043519 -0.972686 5.117344 -0.754547 -2.983254 0.176550
    38 -0.021929 2.029111 -0.137266 -1.570805 0.000001 0.000000
    39 0.019532 0.000000 0.000000 -1.110398 0.000000 0.000001
    40 0.002397 -0.669111 0.409449 -1.012956 0.000000 0.000000
    41 -0.002402 -6.221447 0.929182 -1.353414 0.000000 0.000000
  time 85
    0 -6.046656 -3.901104 -11.092847 -1.877773 -0.554341 -1.444058
    1 10.295578 0.000000 0.000002 2.416758 0.055986 -0.142430
    2 16.981375 -5.872584 -10.737378 -0.818708 0.258285 -2.316667
    3 10.295582 0.000001 -0.000006 -0.719445 0.204509 0.123947
    4 1.149520 0.416502 1.414117 -1.797516 -0.303647 0.372128
    5 1.263885 0.000000 -0.000008 0.036158 0.060271 0.134049
    6 1.188939 -0.000002 0.000010 0.006340 0.000455 -0.018190
    7 3.773755 0.133215 0.970575 0.027222 0.029026 0.169303
    8 1.433456 0.000000 0.000000 0.075083 -0.070206 1.161178
    9 1.019165 -0.000006 0.000001 0.132586 -0.092713 1.079273
    10 3.799514 0.014957 0.039959 -0.022917 0.068424 0.339008
    11 1.774878 0.000000 0.000000 0.094175 -0.003332 0.173591
    12 1.008844 -0.000004 0.000000 0.107514 -0.013579 0.213246
    13 3.632766 0.059052 -0.757493 0.035393 0.112928 0.362468
    14 1.500137 0.000002 0.000000 0.099556 0.070817 -0.025003
    15 0.905666 -0.000002 -0.000001 0.111601 0.049353 0.176329
    16 3.323331 0.233744 -1.479075 0.121446 0.253276 0.069135
    17 0.963100 0.000011 0.000000 0.074245 0.014382 0.626490
    18 0.682894 -0.000006 -0.000001 0.074952 0.032418 0.464870
    19 1.149529 0.416498 -1.414117 1.695985 0.643357 0.384411
    20 1.263884 0.000001 0.000000 -0.009336 0.006472 0.475854
    21 1.188946 0.000000 0.000002 -0.011266 0.001918 0.214483
    22 3.773762 0.133217 -0.970574 0.032751 0.177541 0.050162
    23 1.433458 0.000004 0.000000 -0.035235 0.012955 0.451859
    24 1.019165 0.000011 0.000000 -0.035247 0.012979 0.452115
    25 3.799517 0.014957 -0.039958 -0.033211 -0.011916 0.276310
    26 1.774879 0.000004 0.000000 -0.022471 0.008917 0.454686
    27 1.008841 0.000004 0.000000 -0.022387 0.008929 0.454767
    28 3.632765 0.059053 0.757493 -0.281213 -0.185819 0.459280
    29 1.500135 0.000004 0.000000 -0.017006 0.006568 0.424967
    30 0.905668 0.000002 -0.000001 -0.016994 0.006556 0.424967
    31 3.323332 0.233744 1.479075 -0.399082 -0.449109 0.621478
    32 0.963099 0.000010 0.000000 -0.018001 0.008941 0.549273
    33 0.682898 -0.000002 0.000000 -0.017989 0.008941 0.549349
    34 16.981375 -5.872584 -10.737378 0.265381 0.258112 -2.316523
    35 -6.046656 -3.901104 -11.092847 -0.891167 -0.555452 -1.442523
    36 0.000000 3.992340 0.007782 1.570796 0.000000 -1.570796
    37 18.613849 -1.679739 3.855586 -0.324432 3.027846 0.093813
    38 -0.021929 2.029111 -0.137266 -1.570805 0.000001 0.000000
    39 0.019532 0.000000 0.007813 -1.952795 0.000000 0.000001
    40 0.002397 -0.669111 0.409449 -1.023803 0.000000 0.000000
    41 -0.002402 -6.221447 0.929182 -1.320051 0.000000 0.000000
  time 86
    0 -5.925558 -3.869853 -11.135818 -1.866639 -0.521893 -1.444345
    1 10.295578 0.000000 0.000002 1.803025 -0.017360 -0.096665
    2 16.981375 -5.872584 -10.737378 -0.818708 0.258285 -2.316667
    3 10.295582 0.000001 -0.000006 -0.719445 0.204509 0.123947
    4 1.149520 0.416502 1.414117 -1.811941 -0.268086 0.476156
    5 1.263885 0.000000 -0.000008 0.036589 0.058617 0.157125
    6 1.188939 -0.000002 0.000010 0.006352 0.000431 -0.010216
    7 3.773755 0.133215 0.970575 0.031218 0.030560 0.143062
    8 1.433456 0.000000 0.000000 0.075874 -0.068851 1.145986
    9 1.019165 -0.000006 0.000001 0.131028 -0.091383 1.095720
    10 3.799514 0.014957 0.039959 -0.023196 0.068424 0.338652
    11 1.774878 0.000000 0.000000 0.094175 -0.003308 0.173165
    12 1.008844 -0.000004 0.000000 0.107514 -0.013579 0.213246
    13 3.632766 0.059052 -0.757493 0.035393 0.112928 0.362300
    14 1.500137 0.000002 0.000000 0.100203 0.069607 -0.014242
    15 0.905666 -0.000002 -0.000001 0.111601 0.049353 0.176176
    16 3.323331 0.233744 -1.479075 0.191172 0.191803 0.388388
    17 0.963100 0.000011 0.000000 0.054350 -0.047890 1.154712
    18 0.682894 -0.000006 -0.000001 0.070362 0.041479 0.343700
    19 1.149529 0.416498 -1.414117 1.695985 0.643357 0.384411
    20 1.263884 0.000001 0.000000 -0.009336 0.006472 0.475854
    21 1.188946 0.000000 0.000002 -0.011266 0.001918 0.214483
    22 3.773762 0.133217 -0.970574 0.032751 0.177541 0.050162
    23 1.433458 0.000004 0.000000 -0.035235 0.012955 0.451859
    24 1.019165 0.000011 0.000000 -0.035247 0.012979 0.452115
    25 3.799517 0.014957 -0.039958 -0.033211 -0.011916 0.276310
    26 1.774879 0.000004 0.000000 -0.022471 0.008917 0.454686
    27 1.008841 0.000004 0.000000 -0.022387 0.008929 0.454767
    28 3.632765 0.059053 0.757493 -0.281213 -0.185819 0.459280
    29 1.500135 0.000004 0.000000 -0.017006 0.006568 0.424967
    30 0.905668 0.000002 -0.000001 -0.016994 0.006556 0.424967
    31 3.323332 0.233744 1.479075 -0.399082 -0.449109 0.621478
    32 0.963099 0.000010 0.000000 -0.018001 0.008941 0.549273
    33 0.682898 -0.000002 0.000000 -0.017989 0.008941 0.549349
    34 16.981375 -5.872584 -10.737378 0.265381 0.258112 -2.316523
    35 -5.925558 -3.869853 -11.135818 -1.572345 -0.521640 -1.441949
    36 0.000000 3.992340 0.007782 1.570796 0.000000 -1.570796
    37 19.375591 -2.984466 2.625080 0.253526 2.729549 0.230414
    38 -0.021929 2.029111 -0.137266 -1.570805 0.000001 0.000000
    39 0.019532 0.000000 0.007813 -2.283190 0.000000 0.000001
    40 0.002397 -0.669111 0.409449 -1.372820 0.000000 0.000000
    41 -0.014121 -6.221447 0.929182 -1.371123 0.000000 0.000000
  time 87
    0 -5.812273 -3.850321 -11.190507 -1.856767 -0.490291 -1.444058
    1 10.295578 0.000000 0.000002 1.178448 -0.084155 -0.050775
    2 16.981375 -5.872584 -10.737378 -0.818708 0.258285 -2.316667
    3 10.295582 0.000001 -0.000006 -0.719445 0.204509 0.123947
    4 1.149520 0.416502 1.414117 -1.815160 -0.257384 0.527030
    5 1.263885 0.000000 -0.000008 0.035990 0.057346 0.168181
    6 1.188939 -0.000002 0.000010 0.006340 0.000551 -0.026806
    7 3.773755 0.133215 0.970575 0.034792 0.032273 0.119799
    8 1.433456 0.000000 0.000000 0.076701 -0.067977 1.132602
    9 1.019165 -0.000006 0.000001 0.129194 -0.089777 1.111419
    10 3.799514 0.014957 0.039959 -0.023196 0.068424 0.338398
    11 1.774878 0.000000 0.000000 0.094175 -0.003308 0.172928
    12 1.008844 -0.000004 0.000000 0.107514 -0.013579 0.213127
    13 3.632766 0.059052 -0.757493 0.035393 0.112928 0.362468
    14 1.500137 0.000002 0.000000 0.101150 0.068540 -0.002165
    15 0.905666 -0.000002 -0.000001 0.111601 0.049353 0.176329
    16 3.323331 0.233744 -1.479075 0.216004 0.161830 0.516347
    17 0.963100 0.000011 0.000000 0.038123 -0.070445 1.376381
    18 0.682894 -0.000006 -0.000001 0.065568 0.048633 0.236451
    19 1.149529 0.416498 -1.414117 1.695985 0.643357 0.384411
    20 1.263884 0.000001 0.000000 -0.009336 0.006472 0.475854
    21 1.188946 0.000000 0.000002 -0.011266 0.001918 0.214483
    22 3.773762 0.133217 -0.970574 0.032751 0.177541 0.050162
    23 1.433458 0.000004 0.000000 -0.035235 0.012955 0.451859
    24 1.019165 0.000011 0.000000 -0.035247 0.012979 0.452115
    25 3.799517 0.014957 -0.039958 -0.033211 -0.011916 0.276310
    26 1.774879 0.000004 0.000000 -0.022471 0.008917 0.454686
    27 1.008841 0.000004 0.000000 -0.022387 0.008929 0.454767
    28 3.632765 0.059053 0.757493 -0.281213 -0.185819 0.459280
    29 1.500135 0.000004 0.000000 -0.017006 0.006568 0.424967
    30 0.905668 0.000002 -0.000001 -0.016994 0.006556 0.424967
    31 3.323332 0.233744 1.479075 -0.399082 -0.449109 0.621478
    32 0.963099 0.000010 0.000000 -0.018001 0.008941 0.549273
    33 0.682898 -0.000002 0.000000 -0.017989 0.008941 0.549349
    34 16.981375 -5.872584 -10.737378 0.265381 0.258112 -2.316523
    35 -5.812273 -3.850321 -11.190507 -2.347999 -0.490127 -1.442523
    36 0.000000 3.992340 0.007782 1.570796 0.000000 -1.570796
    37 20.184210 -4.640767 1.964904 0.963614 2.620218 0.637283
    38 -0.021929 2.029111 -0.137266 -1.570805 0.000001 0.000000
    39 0.019532 0.000000 0.007813 -2.218508 0.000000 0.000001
    40 0.002397 -0.669111 0.409449 -1.413450 0.000000 0.000000
    41 -0.014121 -6.221447 0.929182 -2.318163 0.000000 0.000000
  time 88
    0 -5.718521 -3.830789 -11.221758 -1.848973 -0.461887 -1.444345
    1 10.295578 0.000000 0.000002 0.646896 -0.137120 -0.012221
    2 16.981375 -5.872584 -10.737378 -0.818708 0.258285 -2.316667
    3 10.295582 0.000001 -0.000006 -0.719445 0.204509 0.123947
    4 1.149520 0.416502 1.414117 -1.805527 -0.309193 0.461272
    5 1.263885 0.000000 -0.000008 0.034600 0.057107 0.166194
    6 1.188939 -0.000002 0.000010 0.006328 0.000935 -0.063469
    7 3.773755 0.133215 0.970575 0.037820 0.034478 0.100568
    8 1.433456 0.000000 0.000000 0.077528 -0.067054 1.121253
    9 1.019165 -0.000006 0.000001 0.127145 -0.087488 1.125811
    10 3.799514 0.014957 0.039959 -0.023196 0.068424 0.338449
    11 1.774878 0.000000 0.000000 0.094175 -0.003308 0.173070
    12 1.008844 -0.000004 0.000000 0.107514 -0.013579 0.213246
    13 3.632766 0.059052 -0.757493 0.035380 0.112917 0.363136
    14 1.500137 0.000002 0.000000 0.102013 0.067234 0.010664
    15 0.905666 -0.000002 -0.000001 0.111601 0.049257 0.176605
    16 3.323331 0.233744 -1.479075 0.187241 0.192968 0.349895
    17 0.963100 0.000011 0.000000 0.052624 -0.049520 1.155627
    18 0.682894 -0.000006 -0.000001 0.061745 0.053379 0.161420
    19 1.149529 0.416498 -1.414117 1.695985 0.643357 0.384411
    20 1.263884 0.000001 0.000000 -0.009336 0.006472 0.475854
    21 1.188946 0.000000 0.000002 -0.011266 0.001918 0.214483
    22 3.773762 0.133217 -0.970574 0.032751 0.177541 0.050162
    23 1.433458 0.000004 0.000000 -0.035235 0.012955 0.451859
    24 1.019165 0.000011 0.000000 -0.035247 0.012979 0.452115
    25 3.799517 0.014957 -0.039958 -0.033211 -0.011916 0.276310
    26 1.774879 0.000004 0.000000 -0.022471 0.008917 0.454686
    27 1.008841 0.000004 0.000000 -0.022387 0.008929 0.454767
    28 3.632765 0.059053 0.757493 -0.281213 -0.185819 0.459280
    29 1.500135 0.000004 0.000000 -0.017006 0.006568 0.424967
    30 0.905668 0.000002 -0.000001 -0.016994 0.006556 0.424967
    31 3.323332 0.233744 1.479075 -0.399082 -0.449109 0.621478
    32 0.963099 0.000010 0.000000 -0.018001 0.008941 0.549273
    33 0.682898 -0.000002 0.000000 -0.017989 0.008941 0.549349
    34 16.981375 -5.872584 -10.737378 0.265381 0.258112 -2.316523
    35 -5.718521 -3.830789 -11.221758 0.169457 -2.678801 -4.584820
    36 0.000000 3.992340 0.007782 1.570796 0.000000 -1.570796
    37 20.793603 -6.082217 1.976623 4.603161 0.356543 -2.354690
    38 -0.021929 2.029111 -0.137266 -1.570805 0.000001 0.000000
    39 0.019532 0.000000 0.007813 -1.831373 0.000000 0.000001
    40 0.014116 -0.669111 0.409449 -1.249123 0.000000 0.000000
    41 -0.014121 -6.221447 0.929182 -2.944963 0.000000 0.000000
  time 89
    0 -5.671644 -3.830789 -11.229570 -1.844371 -0.440537 -1.446162
    1 10.295578 0.000000 0.000002 0.349748 -0.167885 0.009413
    2 16.981375 -5.896022 -10.737378 -0.817969 0.256928 -2.316310
    3 10.295582 0.000001 -0.000006 -0.717688 0.203118 0.122994
    4 1.149520 0.416502 1.414117 -1.789161 -0.339492 0.398936
    5 1.263885 0.000000 -0.000008 0.033054 0.054051 0.168417
    6 1.188939 -0.000002 0.000010 0.006340 0.000563 -0.037530
    7 3.773755 0.133215 0.970575 0.039905 0.037235 0.087995
    8 1.433456 0.000000 0.000000 0.078571 -0.066407 1.113476
    9 1.019165 -0.000006 0.000001 0.125371 -0.084911 1.137548
    10 3.799514 0.014957 0.039959 -0.023154 0.068436 0.339110
    11 1.774878 0.000000 0.000000 0.094175 -0.003332 0.173591
    12 1.008844 -0.000004 0.000000 0.107514 -0.013579 0.213246
    13 3.632766 0.059052 -0.757493 0.035393 0.112509 0.364418
    14 1.500137 0.000002 0.000000 0.103008 0.065688 0.024997
    15 0.905666 -0.000002 -0.000001 0.111636 0.049197 0.177402
    16 3.323331 0.233744 -1.479075 0.147884 0.227937 0.151453
    17 0.963100 0.000011 0.000000 0.065436 -0.023382 0.884631
    18 0.682894 -0.000006 -0.000001 0.063351 0.051594 0.193157
    19 1.149529 0.416498 -1.414117 1.695985 0.643357 0.384411
    20 1.263884 0.000001 0.000000 -0.009336 0.006472 0.475854
    21 1.188946 0.000000 0.000002 -0.011266 0.001918 0.214483
    22 3.773762 0.133217 -0.970574 0.032751 0.177541 0.050162
    23 1.433458 0.000004 0.000000 -0.035235 0.012955 0.451859
    24 1.019165 0.000011 0.000000 -0.035247 0.012979 0.452115
    25 3.799517 0.014957 -0.039958 -0.033211 -0.011916 0.276310
    26 1.774879 0.000004 0.000000 -0.022471 0.008917 0.454686
    27 1.008841 0.000004 0.000000 -0.022387 0.008929 0.454767
    28 3.632765 0.059053 0.757493 -0.281213 -0.185819 0.459280
    29 1.500135 0.000004 0.000000 -0.017006 0.006568 0.424967
    30 0.905668 0.000002 -0.000001 -0.016994 0.006556 0.424967
    31 3.323332 0.233744 1.479075 -0.399082 -0.449109 0.621478
    32 0.963099 0.000010 0.000000 -0.018001 0.008941 0.549273
    33 0.682898 -0.000002 0.000000 -0.017989 0.008941 0.549349
    34 16.981375 -5.896022 -10.737378 0.266131 0.256737 -2.316309
    35 -5.671644 -3.830789 -11.229570 -0.006985 -2.699682 -4.586733
    36 0.000000 3.992340 0.007782 1.570796 0.000000 -1.570796
    37 20.934233 -6.703330 2.429762 -1.511488 0.301066 -2.450112
    38 -0.021929 2.029111 -0.137266 -1.570805 0.000001 0.000000
    39 0.019532 0.000000 0.007813 -0.741922 0.000000 0.000001
    40 0.014116 -0.669111 0.409449 -0.567455 0.000000 0.000000
    41 -0.002402 -6.221447 0.929182 -2.839335 0.000000 0.000000
  time 90
    0 -5.659925 -3.819070 -11.253009 -1.841699 -0.424548 -1.449701
    1 10.295578 0.000000 0.000002 0.216144 -0.181472 0.024335
    2 16.918873 -6.009307 -10.713940 -0.811564 0.245202 -2.314740
    3 10.295582 0.000001 -0.000006 -0.702297 0.190977 0.114264
    4 1.149520 0.416502 1.414117 -1.791643 -0.454556 0.418900
    5 1.263885 0.000000 -0.000008 0.030812 0.049185 0.176129
    6 1.188939 -0.000002 0.000010 0.006364 0.000276 0.035751
    7 3.773755 0.133215 0.970575 0.040997 0.040387 0.082519
    8 1.433456 0.000000 0.000000 0.079446 -0.065867 1.109904
    9 1.019165 -0.000006 0.000001 0.123250 -0.081411 1.146407
    10 3.799514 0.014957 0.039959 -0.022917 0.068436 0.340025
    11 1.774878 0.000000 0.000000 0.094175 -0.003428 0.174634
    12 1.008844 -0.000004 0.000000 0.107514 -0.013579 0.213460
    13 3.632766 0.059052 -0.757493 0.034681 0.096833 0.483695
    14 1.500137 0.000002 0.000000 0.107682 0.057286 0.101782
    15 0.905666 -0.000002 -0.000001 0.114717 0.041503 0.245172
    16 3.323331 0.233744 -1.479075 0.148219 0.193129 0.334486
    17 0.963100 0.000011 0.000000 0.069607 -0.001115 0.680393
    18 0.682894 -0.000006 -0.000001 0.078080 0.024137 0.575052
    19 1.149529 0.416498 -1.414117 1.695985 0.643357 0.384411
    20 1.263884 0.000001 0.000000 -0.009336 0.006472 0.475854
    21 1.188946 0.000000 0.000002 -0.011266 0.001918 0.214483
    22 3.773762 0.133217 -0.970574 0.032751 0.177541 0.050162
    23 1.433458 0.000004 0.000000 -0.035235 0.012955 0.451859
    24 1.019165 0.000011 0.000000 -0.035247 0.012979 0.452115
    25 3.799517 0.014957 -0.039958 -0.033211 -0.011916 0.276310
    26 1.774879 0.000004 0.000000 -0.022471 0.008917 0.454686
    27 1.008841 0.000004 0.000000 -0.022387 0.008929 0.454767
    28 3.632765 0.059053 0.757493 -0.281213 -0.185819 0.459280
    29 1.500135 0.000004 0.000000 -0.017006 0.006568 0.424967
    30 0.905668 0.000002 -0.000001 -0.016994 0.006556 0.424967
    31 3.323332 0.233744 1.479075 -0.399082 -0.449109 0.621478
    32 0.963099 0.000010 0.000000 -0.018001 0.008941 0.549273
    33 0.682898 -0.000002 0.000000 -0.017989 0.008941 0.549349
    34 16.918873 -6.009307 -10.713940 0.272506 0.245103 -2.314596
    35 -5.659925 -3.819070 -11.253009 0.007436 -2.715295 -4.590654
    36 0.000000 3.992340 0.007782 1.570796 0.000000 -1.570796
    37 20.746727 -6.961150 3.257912 -1.560546 0.126996 -2.440835
    38 -0.021929 2.029111 -0.137266 -1.570805 0.000001 0.000000
    39 0.019532 0.000000 0.007813 0.000007 0.000000 0.000001
    40 0.002397 -0.669111 0.409449 0.170447 0.000000 0.000000
    41 -0.002402 -6.221447 0.929182 -2.941815 0.000000 0.000000
  time 91
    0 -5.671644 -3.795632 -11.253009 -1.840660 -0.413638 -1.454483
    1 10.295578 0.000000 0.000002 0.171473 -0.184044 0.036791
    2 16.856371 -6.267127 -10.682689 -0.797646 0.220503 -2.311386
    3 10.295582 0.000001 -0.000006 -0.669953 0.164312 0.094021
    4 1.149520 0.416502 1.414117 -1.812088 -0.596410 0.470398
    5 1.263885 0.000000 -0.000008 0.028499 0.043324 0.185040
    6 1.188939 -0.000002 0.000010 0.006352 -0.000204 0.122459
    7 3.773755 0.133215 0.970575 0.043206 0.053582 0.241017
    8 1.433456 0.000000 0.000000 0.080536 -0.061097 1.143499
    9 1.019165 -0.000006 0.000001 0.120565 -0.070362 1.154032
    10 3.799514 0.014957 0.039959 -0.022917 0.068436 0.341500
    11 1.774878 0.000000 0.000000 0.094163 -0.003500 0.176103
    12 1.008844 -0.000004 0.000000 0.107502 -0.013603 0.213674
    13 3.632766 0.059052 -0.757493 0.024933 0.034429 0.987611
    14 1.500137 0.000002 0.000000 0.119343 0.025287 0.380964
    15 0.905666 -0.000002 -0.000001 0.121727 0.007227 0.530996
    16 3.323331 0.233744 -1.479075 0.139063 0.005147 1.245725
    17 0.963100 0.000011 0.000000 0.067234 0.032922 0.365516
    18 0.682894 -0.000006 -0.000001 0.078847 -0.021381 1.140496
    19 1.149529 0.416498 -1.414117 1.695985 0.643357 0.384411
    20 1.263884 0.000001 0.000000 -0.009336 0.006472 0.475854
    21 1.188946 0.000000 0.000002 -0.011266 0.001918 0.214483
    22 3.773762 0.133217 -0.970574 0.032751 0.177541 0.050162
    23 1.433458 0.000004 0.000000 -0.035235 0.012955 0.451859
    24 1.019165 0.000011 0.000000 -0.035247 0.012979 0.452115
    25 3.799517 0.014957 -0.039958 -0.033211 -0.011916 0.276310
    26 1.774879 0.000004 0.000000 -0.022471 0.008917 0.454686
    27 1.008841 0.000004 0.000000 -0.022387 0.008929 0.454767
    28 3.632765 0.059053 0.757493 -0.281213 -0.185819 0.459280
    29 1.500135 0.000004 0.000000 -0.017006 0.006568 0.424967
    30 0.905668 0.000002 -0.000001 -0.016994 0.006556 0.424967
    31 3.323332 0.233744 1.479075 -0.399082 -0.449109 0.621478
    32 0.963099 0.000010 0.000000 -0.018001 0.008941 0.549273
    33 0.682898 -0.000002 0.000000 -0.017989 0.008941 0.549349
    34 16.856371 -6.267127 -10.682689 0.286475 0.220334 -2.311385
    35 -5.671644 -3.795632 -11.253009 0.020193 -2.727268 -4.595245
    36 0.000000 3.992340 0.007782 1.570796 0.000000 -1.570796
    37 20.359996 -7.047090 3.277444 -1.562654 0.022344 -2.180601
    38 -0.021929 2.029111 -0.137266 -1.570805 0.000001 0.000000
    39 0.019532 0.000000 0.007813 0.000007 0.000000 0.000001
    40 0.002397 -0.669111 0.409449 1.320927 0.000000 0.000000
    41 -0.002402 -6.221447 0.929182 -2.916972 0.000000 0.000000
  time 92
    0 -5.702895 -3.783913 -11.260821 -1.840437 -0.404985 -1.459074
    1 10.295578 0.000000 0.000002 0.190569 -0.177760 0.046874
    2 16.731367 -6.646045 -10.639719 -0.777570 0.186376 -2.306605
    3 10.295582 0.000001 -0.000006 -0.626047 0.125125 0.062189
    4 1.149520 0.416502 1.414117 -1.810614 -0.606049 0.483544
    5 1.263885 0.000000 -0.000008 0.026055 0.037044 0.194779
    6 1.188939 -0.000002 0.000010 0.006304 -0.000611 0.219020
    7 3.773755 0.133215 0.970575 0.054908 0.074411 0.760976
    8 1.433456 0.000000 0.000000 0.082070 -0.046153 1.254909
    9 1.019165 -0.000006 0.000001 0.116083 -0.042198 1.161994
    10 3.799514 0.014957 0.039959 -0.007951 0.071588 0.553159
    11 1.774878 0.000000 0.000000 0.091359 -0.022819 0.383096
    12 1.008844 -0.000004 0.000000 0.106939 -0.017378 0.247257
    13 3.632766 0.059052 -0.757493 -0.001695 -0.030275 1.632763
    14 1.500137 0.000002 0.000000 0.120901 -0.016730 0.729224
    15 0.905666 -0.000002 -0.000001 0.116263 -0.036889 0.896023
    16 3.323331 0.233744 -1.479075 0.059090 -0.114531 1.950554
    17 0.963100 0.000011 0.000000 0.060462 0.054818 0.140405
    18 0.682894 -0.000006 -0.000001 0.068037 -0.045146 1.459355
    19 1.149529 0.416498 -1.414117 1.695985 0.643357 0.384411
    20 1.263884 0.000001 0.000000 -0.009336 0.006472 0.475854
    21 1.188946 0.000000 0.000002 -0.011266 0.001918 0.214483
    22 3.773762 0.133217 -0.970574 0.032751 0.177541 0.050162
    23 1.433458 0.000004 0.000000 -0.035235 0.012955 0.451859
    24 1.019165 0.000011 0.000000 -0.035247 0.012979 0.452115
    25 3.799517 0.014957 -0.039958 -0.033211 -0.011916 0.276310
    26 1.774879 0.000004 0.000000 -0.022471 0.008917 0.454686
    27 1.008841 0.000004 0.000000 -0.022387 0.008929 0.454767
    28 3.632765 0.059053 0.757493 -0.281213 -0.185819 0.459280
    29 1.500135 0.000004 0.000000 -0.017006 0.006568 0.424967
    30 0.905668 0.000002 -0.000001 -0.016994 0.006556 0.424967
    31 3.323332 0.233744 1.479075 -0.399082 -0.449109 0.621478
    32 0.963099 0.000010 0.000000 -0.018001 0.008941 0.549273
    33 0.682898 -0.000002 0.000000 -0.017989 0.008941 0.549349
    34 16.731367 -6.646045 -10.639719 0.306725 0.186247 -2.306675
    35 -5.702895 -3.783913 -11.260821 0.030978 -2.735984 -4.600314
    36 0.000000 3.992340 0.007782 1.570796 0.000000 -1.570796
    37 20.063112 -7.140843 3.312601 -1.553360 0.024540 -1.771745
    38 -0.021929 2.029111 -0.137266 -1.570805 0.000001 0.000000
    39 0.019532 0.000000 0.007813 0.000007 0.000000 0.000001
    40 0.002397 -0.669111 0.409449 1.570796 0.000000 0.000000
    41 -0.002402 -6.221447 0.929182 -1.749948 0.000000 0.000000
  time 93
    0 -5.734146 -3.764381 -11.260821 -1.841402 -0.399624 -1.464525
    1 10.295578 0.000000 0.000002 0.248812 -0.163639 0.054023
    2 16.543861 -7.122622 -10.526434 -0.752505 0.146422 -2.300896
    3 10.295582 0.000001 -0.000006 -0.574875 0.073053 0.016976
    4 1.149520 0.416502 1.414117 -1.789161 -0.558652 0.468334
    5 1.263885 0.000000 -0.000008 0.023718 0.030633 0.205166
    6 1.188939 -0.000002 0.000010 0.006124 -0.001222 0.321997
    7 3.773755 0.133215 0.970575 0.063893 0.069509 1.282117
    8 1.433456 0.000000 0.000000 0.082178 -0.030669 1.366682
    9 1.019165 -0.000006 0.000001 0.112320 -0.015161 1.167938
    10 3.799514 0.014957 0.039959 0.032282 0.064505 1.132603
    11 1.774878 0.000000 0.000000 0.064717 -0.068468 0.951034
    12 1.008844 -0.000004 0.000000 0.104781 -0.026953 0.339207
    13 3.632766 0.059052 -0.757493 -0.011391 -0.048840 1.869198
    14 1.500137 0.000002 0.000000 0.117785 -0.032119 0.854975
    15 0.905666 -0.000002 -0.000001 0.110474 -0.051989 1.029571
    16 3.323331 0.233744 -1.479075 0.059018 -0.114598 1.951023
    17 0.963100 0.000011 0.000000 0.060462 0.054818 0.140231
    18 0.682894 -0.000006 -0.000001 0.068025 -0.045158 1.459530
    19 1.149529 0.416498 -1.414117 1.695985 0.643357 0.384411
    20 1.263884 0.000001 0.000000 -0.009336 0.006472 0.475854
    21 1.188946 0.000000 0.000002 -0.011266 0.001918 0.214483
    22 3.773762 0.133217 -0.970574 0.032751 0.177541 0.050162
    23 1.433458 0.000004 0.000000 -0.035235 0.012955 0.451859
    24 1.019165 0.000011 0.000000 -0.035247 0.012979 0.452115
    25 3.799517 0.014957 -0.039958 -0.033211 -0.011916 0.276310
    26 1.774879 0.000004 0.000000 -0.022471 0.008917 0.454686
    27 1.008841 0.000004 0.000000 -0.022387 0.008929 0.454767
    28 3.632765 0.059053 0.757493 -0.281213 -0.185819 0.459280
    29 1.500135 0.000004 0.000000 -0.017006 0.006568 0.424967
    30 0.905668 0.000002 -0.000001 -0.016994 0.006556 0.424967
    31 3.323332 0.233744 1.479075 -0.399082 -0.449109 0.621478
    32 0.963099 0.000010 0.000000 -0.018001 0.008941 0.549273
    33 0.682898 -0.000002 0.000000 -0.017989 0.008941 0.549349
    34 16.543861 -7.122622 -10.526434 0.331663 0.146316 -2.301037
    35 -5.734146 -3.764381 -11.260821 0.040592 -2.740582 -4.605096
    36 0.000000 3.992340 0.007782 1.570796 0.000000 -1.570796
    37 20.000610 -7.183813 3.402448 -1.505452 0.109522 -1.537165
    38 -0.021929 2.029111 -0.137266 -1.570805 0.000001 0.000000
    39 0.019532 0.000000 0.007813 0.000007 0.000000 0.000001
    40 0.002397 -0.669111 0.409449 1.570796 0.000000 0.000000
    41 -0.002402 -6.221447 0.929182 -0.773909 0.000000 0.000000
  time 94
    0 -5.781022 -3.752662 -11.256915 -1.842738 -0.397931 -1.468925
    1 10.295578 0.000000 0.000002 0.312238 -0.145151 0.058331
    2 16.340730 -7.677327 -10.389711 -0.724977 0.105744 -2.294331
    3 10.295582 0.000001 -0.000006 -0.522297 0.012710 -0.037882
    4 1.149520 0.416502 1.414117 -1.774122 -0.503583 0.458501
    5 1.263885 0.000000 -0.000008 0.021273 0.023885 0.215632
    6 1.188939 -0.000002 0.000010 0.005825 -0.001930 0.426395
    7 3.773755 0.133215 0.970575 0.064315 0.064056 1.441404
    8 1.433456 0.000000 0.000000 0.082047 -0.025947 1.400638
    9 1.019165 -0.000006 0.000001 0.111253 -0.007179 1.169620
    10 3.799514 0.014957 0.039959 0.057130 0.043987 1.583841
    11 1.774878 0.000000 0.000000 0.028955 -0.089645 1.395781
    12 1.008844 -0.000004 0.000000 0.102744 -0.034564 0.410964
    13 3.632766 0.059052 -0.757493 -0.011391 -0.048840 1.869198
    14 1.500137 0.000002 0.000000 0.117785 -0.032119 0.854975
    15 0.905666 -0.000002 -0.000001 0.110474 -0.051989 1.029571
    16 3.323331 0.233744 -1.479075 0.059018 -0.114598 1.951023
    17 0.963100 0.000011 0.000000 0.060462 0.054818 0.140231
    18 0.682894 -0.000006 -0.000001 0.068025 -0.045158 1.459530
    19 1.149529 0.416498 -1.414117 1.695985 0.643357 0.384411
    20 1.263884 0.000001 0.000000 -0.009336 0.006472 0.475854
    21 1.188946 0.000000 0.000002 -0.011266 0.001918 0.214483
    22 3.773762 0.133217 -0.970574 0.032751 0.177541 0.050162
    23 1.433458 0.000004 0.000000 -0.035235 0.012955 0.451859
    24 1.019165 0.000011 0.000000 -0.035247 0.012979 0.452115
    25 3.799517 0.014957 -0.039958 -0.033211 -0.011916 0.276310
    26 1.774879 0.000004 0.000000 -0.022471 0.008917 0.454686
    27 1.008841 0.000004 0.000000 -0.022387 0.008929 0.454767
    28 3.632765 0.059053 0.757493 -0.281213 -0.185819 0.459280
    29 1.500135 0.000004 0.000000 -0.017006 0.006568 0.424967
    30 0.905668 0.000002 -0.000001 -0.016994 0.006556 0.424967
    31 3.323332 0.233744 1.479075 -0.399082 -0.449109 0.621478
    32 0.963099 0.000010 0.000000 -0.018001 0.008941 0.549273
    33 0.682898 -0.000002 0.000000 -0.017989 0.008941 0.549349
    34 16.340730 -7.677327 -10.389711 0.359226 0.105679 -2.294543
    35 -5.781022 -3.752662 -11.256915 0.049035 -2.742306 -4.610165
    36 0.000000 3.992340 0.007782 1.570796 0.000000 -1.570796
    37 19.996704 -7.160375 3.507920 -1.490696 0.175216 -1.521830
    38 -0.021929 2.029111 -0.137266 -1.570805 0.000001 0.000000
    39 0.007813 0.000000 0.007813 0.000007 0.000000 0.000001
    40 0.002397 -0.669111 0.409449 1.570796 0.000000 0.000000
    41 -0.014121 -6.221447 0.929182 -0.773909 0.000000 0.000000
  time 95
    0 -5.823992 -3.744849 -11.253009 -1.844297 -0.397931 -1.473133
    1 10.295578 0.000000 0.000002 0.353908 -0.124237 0.059486
    2 16.094629 -8.286720 -10.198299 -0.696834 0.066949 -2.286695
    3 10.295582 0.000001 -0.000006 -0.470618 -0.053809 -0.101375
    4 1.149520 0.416502 1.414117 -1.779430 -0.453351 0.472653
    5 1.263885 0.000000 -0.000008 0.018780 0.017498 0.225901
    6 1.188939 -0.000002 0.000010 0.005765 -0.002625 0.529143
    7 3.773755 0.133215 0.970575 0.064315 0.064056 1.441404
    8 1.433456 0.000000 0.000000 0.082047 -0.025947 1.400638
    9 1.019165 -0.000006 0.000001 0.111253 -0.007179 1.169620
    10 3.799514 0.014957 0.039959 0.061612 0.037539 1.689009
    11 1.774878 0.000000 0.000000 0.019487 -0.092150 1.499727
    12 1.008844 -0.000004 0.000000 0.102121 -0.036158 0.427613
    13 3.632766 0.059052 -0.757493 -0.011391 -0.048840 1.869198
    14 1.500137 0.000002 0.000000 0.117785 -0.032119 0.854975
    15 0.905666 -0.000002 -0.000001 0.110474 -0.051989 1.029571
    16 3.323331 0.233744 -1.479075 0.059018 -0.114598 1.951023
    17 0.963100 0.000011 0.000000 0.060462 0.054818 0.140231
    18 0.682894 -0.000006 -0.000001 0.068025 -0.045158 1.459530
    19 1.149529 0.416498 -1.414117 1.695985 0.643357 0.384411
    20 1.263884 0.000001 0.000000 -0.009336 0.006472 0.475854
    21 1.188946 0.000000 0.000002 -0.011266 0.001918 0.214483
    22 3.773762 0.133217 -0.970574 0.032751 0.177541 0.050162
    23 1.433458 0.000004 0.000000 -0.035235 0.012955 0.451859
    24 1.019165 0.000011 0.000000 -0.035247 0.012979 0.452115
    25 3.799517 0.014957 -0.039958 -0.033211 -0.011916 0.276310
    26 1.774879 0.000004 0.000000 -0.022471 0.008917 0.454686
    27 1.008841 0.000004 0.000000 -0.022387 0.008929 0.454767
    28 3.632765 0.059053 0.757493 -0.281213 -0.185819 0.459280
    29 1.500135 0.000004 0.000000 -0.017006 0.006568 0.424967
    30 0.905668 0.000002 -0.000001 -0.016994 0.006556 0.424967
    31 3.323332 0.233744 1.479075 -0.399082 -0.449109 0.621478
    32 0.963099 0.000010 0.000000 -0.018001 0.008941 0.549273
    33 0.682898 -0.000002 0.000000 -0.017989 0.008941 0.549349
    34 16.094629 -8.286720 -10.198299 0.387539 0.067014 -2.286836
    35 -5.823992 -3.744849 -11.253009 0.056985 -2.741827 -4.613608
    36 0.000000 3.992340 0.007782 1.570796 0.000000 -1.570796
    37 20.000610 -7.109592 3.617298 -1.469138 0.221049 -1.501193
    38 -0.021929 2.029111 -0.137266 -1.570805 0.000001 0.000000
    39 0.019532 0.000000 0.007813 0.000007 0.000000 0.000001
    40 0.002397 -0.669111 0.409449 1.570796 0.000000 0.000000
    41 -0.014121 -6.221447 0.929182 -0.773909 0.000000 0.000000
  time 96
    0 -5.870869 -3.744849 -11.253009 -1.846523 -0.404515 -1.475811
    1 10.295578 0.000000 0.000002 0.368230 -0.097839 0.058331
    2 15.825089 -8.880488 -9.960010 -0.669490 0.032460 -2.277989
    3 10.295582 0.000001 -0.000006 -0.422298 -0.123530 -0.169480
    4 1.149520 0.416502 1.414117 -1.813538 -0.409179 0.524395
    5 1.263885 0.000000 -0.000008 0.016491 0.011409 0.235482
    6 1.188939 -0.000002 0.000010 0.005453 -0.003188 0.625979
    7 3.773755 0.133215 0.970575 0.064315 0.064056 1.441404
    8 1.433456 0.000000 0.000000 0.082047 -0.025947 1.400638
    9 1.019165 -0.000006 0.000001 0.111253 -0.007179 1.169620
    10 3.799514 0.014957 0.039959 0.061612 0.037539 1.689009
    11 1.774878 0.000000 0.000000 0.019487 -0.092150 1.499727
    12 1.008844 -0.000004 0.000000 0.102121 -0.036158 0.427613
    13 3.632766 0.059052 -0.757493 -0.011391 -0.048840 1.869198
    14 1.500137 0.000002 0.000000 0.117785 -0.032119 0.854975
    15 0.905666 -0.000002 -0.000001 0.110474 -0.051989 1.029571
    16 3.323331 0.233744 -1.479075 0.059018 -0.114598 1.951023
    17 0.963100 0.000011 0.000000 0.060462 0.054818 0.140231
    18 0.682894 -0.000006 -0.000001 0.068025 -0.045158 1.459530
    19 1.149529 0.416498 -1.414117 1.695985 0.643357 0.384411
    20 1.263884 0.000001 0.000000 -0.009336 0.006472 0.475854
    21 1.188946 0.000000 0.000002 -0.011266 0.001918 0.214483
    22 3.773762 0.133217 -0.970574 0.032751 0.177541 0.050162
    23 1.433458 0.000004 0.000000 -0.035235 0.012955 0.451859
    24 1.019165 0.000011 0.000000 -0.035247 0.012979 0.452115
    25 3.799517 0.014957 -0.039958 -0.033211 -0.011916 0.276310
    26 1.774879 0.000004 0.000000 -0.022471 0.008917 0.454686
    27 1.008841 0.000004 0.000000 -0.022387 0.008929 0.454767
    28 3.632765 0.059053 0.757493 -0.281213 -0.185819 0.459280
    29 1.500135 0.000004 0.000000 -0.017006 0.006568 0.424967
    30 0.905668 0.000002 -0.000001 -0.016994 0.006556 0.424967
    31 3.323332 0.233744 1.479075 -0.399082 -0.449109 0.621478
    32 0.963099 0.000010 0.000000 -0.018001 0.008941 0.549273
    33 0.682898 -0.000002 0.000000 -0.017989 0.008941 0.549349
    34 15.825089 -8.880488 -9.960010 0.414446 0.032475 -2.278201
    35 -5.870869 -3.744849 -11.253009 0.063641 -2.736463 -4.616286
    36 0.000000 3.992340 0.007782 1.570796 0.000000 -1.570796
    37 20.000610 -6.992401 3.761834 -1.439244 0.240910 -1.469670
    38 -0.021929 2.029111 -0.137266 -1.570805 0.000001 0.000000
    39 0.019532 0.000000 0.007813 0.000007 0.000000 0.000001
    40 0.002397 -0.669111 0.409449 1.570796 0.000000 0.000000
    41 -0.002402 -6.221447 0.929182 -0.773909 0.000000 0.000000
  time 97
    0 -5.925558 -3.733130 -11.225664 -1.850235 -0.419281 -1.476863
    1 10.295578 0.000000 0.000002 0.375050 -0.058849 0.053305
    2 15.539925 -9.427380 -9.698284 -0.645226 0.004720 -2.267856
    3 10.295582 0.000001 -0.000006 -0.380540 -0.192431 -0.237033
    4 1.149520 0.416502 1.414117 -1.869885 -0.358203 0.609275
    5 1.263885 0.000000 -0.000008 0.014382 0.006136 0.244000
    6 1.188939 -0.000002 0.000010 0.005046 -0.003500 0.712091
    7 3.773755 0.133215 0.970575 0.064315 0.064056 1.441404
    8 1.433456 0.000000 0.000000 0.082047 -0.025947 1.400638
    9 1.019165 -0.000006 0.000001 0.111253 -0.007179 1.169620
    10 3.799514 0.014957 0.039959 0.061640 0.037503 1.689009
    11 1.774878 0.000000 0.000000 0.019487 -0.092150 1.499727
    12 1.008844 -0.000004 0.000000 0.102193 -0.036217 0.427732
    13 3.632766 0.059052 -0.757493 -0.011599 -0.048840 1.869198
    14 1.500137 0.000002 0.000000 0.117797 -0.032095 0.855069
    15 0.905666 -0.000002 -0.000001 0.110558 -0.051989 1.029632
    16 3.323331 0.233744 -1.479075 0.058982 -0.114638 1.951023
    17 0.963100 0.000011 0.000000 0.060510 0.054818 0.140405
    18 0.682894 -0.000006 -0.000001 0.068049 -0.045158 1.459661
    19 1.149529 0.416498 -1.414117 1.695985 0.643357 0.384411
    20 1.263884 0.000001 0.000000 -0.009336 0.006472 0.475854
    21 1.188946 0.000000 0.000002 -0.011266 0.001918 0.214483
    22 3.773762 0.133217 -0.970574 0.032751 0.177541 0.050162
    23 1.433458 0.000004 0.000000 -0.035235 0.012955 0.451859
    24 1.019165 0.000011 0.000000 -0.035247 0.012979 0.452115
    25 3.799517 0.014957 -0.039958 -0.033211 -0.011916 0.276310
    26 1.774879 0.000004 0.000000 -0.022471 0.008917 0.454686
    27 1.008841 0.000004 0.000000 -0.022387 0.008929 0.454767
    28 3.632765 0.059053 0.757493 -0.281213 -0.185819 0.459280
    29 1.500135 0.000004 0.000000 -0.017006 0.006568 0.424967
    30 0.905668 0.000002 -0.000001 -0.016994 0.006556 0.424967
    31 3.323332 0.233744 1.479075 -0.399082 -0.449109 0.621478
    32 0.963099 0.000010 0.000000 -0.018001 0.008941 0.549273
    33 0.682898 -0.000002 0.000000 -0.017989 0.008941 0.549349
    34 15.539925 -9.427380 -9.698284 0.438915 0.004829 -2.267996
    35 -5.925558 -3.733130 -11.225664 0.067832 -2.721425 -4.617625
    36 0.000000 3.992340 0.007782 1.570796 0.000000 -1.570796
    37 19.988891 -6.734581 3.933714 -1.399001 0.254851 -1.424704
    38 -0.021929 2.029111 -0.137266 -1.570805 0.000001 0.000000
    39 0.019532 0.000000 0.007813 0.000007 0.000000 0.000001
    40 0.002397 -0.669111 0.409449 1.570796 0.000000 0.000000
    41 -0.014121 -6.221447 0.929182 -0.773909 0.000000 0.000000
  time 98
    0 -5.988060 -3.744849 -11.213945 -1.855208 -0.436963 -1.477341
    1 10.295578 0.000000 0.000002 0.378801 -0.013114 0.042098
    2 15.278198 -9.919583 -9.428744 -0.624780 -0.016976 -2.257437
    3 10.295582 0.000001 -0.000006 -0.345345 -0.254509 -0.298772
    4 1.149520 0.416502 1.414117 -1.927928 -0.305100 0.701271
    5 1.263885 0.000000 -0.000008 0.012788 0.001702 0.251161
    6 1.188939 -0.000002 0.000010 0.004902 -0.004051 0.784684
    7 3.773755 0.133215 0.970575 0.064315 0.064056 1.441404
    8 1.433456 0.000000 0.000000 0.082047 -0.025947 1.400638
    9 1.019165 -0.000006 0.000001 0.111253 -0.007179 1.169620
    10 3.799514 0.014957 0.039959 0.061640 0.037503 1.689009
    11 1.774878 0.000000 0.000000 0.019487 -0.092150 1.499727
    12 1.008844 -0.000004 0.000000 0.102193 -0.036217 0.427732
    13 3.632766 0.059052 -0.757493 -0.011599 -0.048840 1.869198
    14 1.500137 0.000002 0.000000 0.117797 -0.032095 0.855069
    15 0.905666 -0.000002 -0.000001 0.110558 -0.051989 1.029632
    16 3.323331 0.233744 -1.479075 0.058982 -0.114638 1.951023
    17 0.963100 0.000011 0.000000 0.060510 0.054818 0.140405
    18 0.682894 -0.000006 -0.000001 0.068049 -0.045158 1.459661
    19 1.149529 0.416498 -1.414117 1.695985 0.643357 0.384411
    20 1.263884 0.000001 0.000000 -0.009336 0.006472 0.475854
    21 1.188946 0.000000 0.000002 -0.011266 0.001918 0.214483
    22 3.773762 0.133217 -0.970574 0.032751 0.177541 0.050162
    23 1.433458 0.000004 0.000000 -0.035235 0.012955 0.451859
    24 1.019165 0.000011 0.000000 -0.035247 0.012979 0.452115
    25 3.799517 0.014957 -0.039958 -0.033211 -0.011916 0.276310
    26 1.774879 0.000004 0.000000 -0.022471 0.008917 0.454686
    27 1.008841 0.000004 0.000000 -0.022387 0.008929 0.454767
    28 3.632765 0.059053 0.757493 -0.281213 -0.185819 0.459280
    29 1.500135 0.000004 0.000000 -0.017006 0.006568 0.424967
    30 0.905668 0.000002 -0.000001 -0.016994 0.006556 0.424967
    31 3.323332 0.233744 1.479075 -0.399082 -0.449109 0.621478
    32 0.963099 0.000010 0.000000 -0.018001 0.008941 0.549273
    33 0.682898 -0.000002 0.000000 -0.017989 0.008941 0.549349
    34 15.278198 -9.919583 -9.428744 0.459353 -0.016937 -2.257577
    35 -5.988060 -3.744849 -11.213945 0.070790 -2.703226 -4.618486
    36 0.000000 3.992340 0.007782 1.570796 0.000000 -1.570796
    37 19.938108 -6.410352 4.136845 -1.354639 0.265641 -1.371313
    38 -0.021929 2.029111 -0.137266 -1.570805 0.000001 0.000000
    39 0.007813 0.000000 0.007813 0.000007 0.000000 0.000001
    40 0.002397 -0.669111 0.409449 1.570796 0.000000 0.000000
    41 -0.014121 -6.221447 0.929182 -0.773909 0.000000 0.000000
  time 99
    0 -6.050562 -3.764381 -11.163162 -1.859736 -0.454739 -1.477724
    1 10.295578 0.000000 0.000002 0.378460 0.034853 0.021338
    2 15.043816 -10.302407 -9.206081 -0.609076 -0.032519 -2.248089
    3 10.295582 0.000001 -0.000006 -0.318587 -0.304522 -0.349093
    4 1.149520 0.416502 1.414117 -1.977247 -0.256817 0.783978
    5 1.263885 0.000000 -0.000008 0.011277 -0.001618 0.256630
    6 1.188939 -0.000002 0.000010 0.004590 -0.004243 0.840091
    7 3.773755 0.133215 0.970575 0.064315 0.064056 1.441404
    8 1.433456 0.000000 0.000000 0.082047 -0.025947 1.400638
    9 1.019165 -0.000006 0.000001 0.111253 -0.007179 1.169620
    10 3.799514 0.014957 0.039959 0.061640 0.037503 1.689009
    11 1.774878 0.000000 0.000000 0.019487 -0.092150 1.499727
    12 1.008844 -0.000004 0.000000 0.102193 -0.036217 0.427732
    13 3.632766 0.059052 -0.757493 -0.011599 -0.048840 1.869198
    14 1.500137 0.000002 0.000000 0.117797 -0.032095 0.855069
    15 0.905666 -0.000002 -0.000001 0.110558 -0.051989 1.029632
    16 3.323331 0.233744 -1.479075 0.058982 -0.114638 1.951023
    17 0.963100 0.000011 0.000000 0.060510 0.054818 0.140405
    18 0.682894 -0.000006 -0.000001 0.068049 -0.045158 1.459661
    19 1.149529 0.416498 -1.414117 1.695985 0.643357 0.384411
    20 1.263884 0.000001 0.000000 -0.009336 0.006472 0.475854
    21 1.188946 0.000000 0.000002 -0.011266 0.001918 0.214483
    22 3.773762 0.133217 -0.970574 0.032751 0.177541 0.050162
    23 1.433458 0.000004 0.000000 -0.035235 0.012955 0.451859
    24 1.019165 0.000011 0.000000 -0.035247 0.012979 0.452115
    25 3.799517 0.014957 -0.039958 -0.033211 -0.011916 0.276310
    26 1.774879 0.000004 0.000000 -0.022471 0.008917 0.454686
    27 1.008841 0.000004 0.000000 -0.022387 0.008929 0.454767
    28 3.632765 0.059053 0.757493 -0.281213 -0.185819 0.459280
    29 1.500135 0.000004 0.000000 -0.017006 0.006568 0.424967
    30 0.905668 0.000002 -0.000001 -0.016994 0.006556 0.424967
    31 3.323332 0.233744 1.479075 -0.399082 -0.449109 0.621478
    32 0.963099 0.000010 0.000000 -0.018001 0.008941 0.549273
    33 0.682898 -0.000002 0.000000 -0.017989 0.008941 0.549349
    34 15.043816 -10.302407 -9.206081 0.475197 -0.032551 -2.248157
    35 -6.050562 -3.764381 -11.163162 0.074241 -2.686368 -4.618964
    36 0.000000 3.992340 0.007782 1.570796 0.000000 -1.570796
    37 19.910764 -6.058779 4.336070 -1.312288 0.272707 -1.312905
    38 -0.021929 2.029111 -0.137266 -1.570805 0.000001 0.000000
    39 0.019532 0.000000 0.007813 0.000007 0.000000 0.000001
    40 0.002397 -0.669111 0.409449 1.570796 0.000000 0.000000
    41 -0.002402 -6.221447 0.929182 -0.773909 0.000000 0.000000
  time 100
    0 -6.093532 -3.795632 -11.135818 -1.863670 -0.465461 -1.478967
    1 10.295578 0.000000 0.000002 0.374027 0.080540 -0.012377
    2 14.875842 -10.575853 -9.026388 -0.599038 -0.042254 -2.241167
    3 10.295582 0.000001 -0.000006 -0.301946 -0.337324 -0.382145
    4 1.149520 0.416502 1.414117 -2.010495 -0.222089 0.842973
    5 1.263885 0.000000 -0.000008 0.010499 -0.003535 0.260191
    6 1.188939 -0.000002 0.000010 0.004338 -0.004302 0.875150
    7 3.773755 0.133215 0.970575 0.064315 0.064056 1.441404
    8 1.433456 0.000000 0.000000 0.082047 -0.025947 1.400638
    9 1.019165 -0.000006 0.000001 0.111253 -0.007179 1.169620
    10 3.799514 0.014957 0.039959 0.061640 0.037503 1.689009
    11 1.774878 0.000000 0.000000 0.019487 -0.092150 1.499727
    12 1.008844 -0.000004 0.000000 0.102193 -0.036217 0.427732
    13 3.632766 0.059052 -0.757493 -0.011599 -0.048840 1.869198
    14 1.500137 0.000002 0.000000 0.117797 -0.032095 0.855069
    15 0.905666 -0.000002 -0.000001 0.110558 -0.051989 1.029632
    16 3.323331 0.233744 -1.479075 0.058982 -0.114638 1.951023
    17 0.963100 0.000011 0.000000 0.060510 0.054818 0.140405
    18 0.682894 -0.000006 -0.000001 0.068049 -0.045158 1.459661
    19 1.149529 0.416498 -1.414117 1.695985 0.643357 0.384411
    20 1.263884 0.000001 0.000000 -0.009336 0.006472 0.475854
    21 1.188946 0.000000 0.000002 -0.011266 0.001918 0.214483
    22 3.773762 0.133217 -0.970574 0.032751 0.177541 0.050162
    23 1.433458 0.000004 0.000000 -0.035235 0.012955 0.451859
    24 1.019165 0.000011 0.000000 -0.035247 0.012979 0.452115
    25 3.799517 0.014957 -0.039958 -0.033211 -0.011916 0.276310
    26 1.774879 0.000004 0.000000 -0.022471 0.008917 0.454686
    27 1.008841 0.000004 0.000000 -0.022387 0.008929 0.454767
    28 3.632765 0.059053 0.757493 -0.281213 -0.185819 0.459280
    29 1.500135 0.000004 0.000000 -0.017006 0.006568 0.424967
    30 0.905668 0.000002 -0.000001 -0.016994 0.006556 0.424967
    31 3.323332 0.233744 1.479075 -0.399082 -0.449109 0.621478
    32 0.963099 0.000010 0.000000 -0.018001 0.008941 0.549273
    33 0.682898 -0.000002 0.000000 -0.017989 0.008941 0.549349
    34 14.875842 -10.575853 -9.026388 0.485041 -0.042231 -2.241306
    35 -6.093532 -3.795632 -11.135818 0.078247 -2.674299 -4.620112
    36 0.000000 3.992340 0.007782 1.570796 0.000000 -1.570796
    37 19.875607 -5.734550 4.515763 -1.275303 0.275667 -1.253077
    38 -0.021929 2.029111 -0.137266 -1.570805 0.000001 0.000000
    39 0.007813 0.000000 0.007813 0.000007 0.000000 0.000001
    40 0.002397 -0.669111 0.409449 1.570796 0.000000 0.000000
    41 -0.002402 -6.221447 0.929182 -0.773909 0.000000 0.000000
  time 101
    0 -6.124783 -3.850321 -11.096754 -1.865971 -0.472609 -1.480402
    1 10.295578 0.000000 0.000002 0.363456 0.120379 -0.058080
    2 14.793808 -10.669605 -8.967793 -0.595651 -0.045892 -2.239597
    3 10.295582 0.000001 -0.000006 -0.300696 -0.344967 -0.388702
    4 1.149520 0.416502 1.414117 -2.019538 -0.212521 0.859406
    5 1.263885 0.000000 -0.000008 0.010475 -0.004219 0.261017
    6 1.188939 -0.000002 0.000010 0.004314 -0.004326 0.883994
    7 3.773755 0.133215 0.970575 0.064315 0.064056 1.441404
    8 1.433456 0.000000 0.000000 0.082047 -0.025947 1.400638
    9 1.019165 -0.000006 0.000001 0.111253 -0.007179 1.169620
    10 3.799514 0.014957 0.039959 0.061640 0.037503 1.689009
    11 1.774878 0.000000 0.000000 0.019487 -0.092150 1.499727
    12 1.008844 -0.000004 0.000000 0.102193 -0.036217 0.427732
    13 3.632766 0.059052 -0.757493 -0.011599 -0.048840 1.869198
    14 1.500137 0.000002 0.000000 0.117797 -0.032095 0.855069
    15 0.905666 -0.000002 -0.000001 0.110558 -0.051989 1.029632
    16 3.323331 0.233744 -1.479075 0.058982 -0.114638 1.951023
    17 0.963100 0.000011 0.000000 0.060510 0.054818 0.140405
    18 0.682894 -0.000006 -0.000001 0.068049 -0.045158 1.459661
    19 1.149529 0.416498 -1.414117 1.695985 0.643357 0.384411
    20 1.263884 0.000001 0.000000 -0.009336 0.006472 0.475854
    21 1.188946 0.000000 0.000002 -0.011266 0.001918 0.214483
    22 3.773762 0.133217 -0.970574 0.032751 0.177541 0.050162
    23 1.433458 0.000004 0.000000 -0.035235 0.012955 0.451859
    24 1.019165 0.000011 0.000000 -0.035247 0.012979 0.452115
    25 3.799517 0.014957 -0.039958 -0.033211 -0.011916 0.276310
    26 1.774879 0.000004 0.000000 -0.022471 0.008917 0.454686
    27 1.008841 0.000004 0.000000 -0.022387 0.008929 0.454767
    28 3.632765 0.059053 0.757493 -0.281213 -0.185819 0.459280
    29 1.500135 0.000004 0.000000 -0.017006 0.006568 0.424967
    30 0.905668 0.000002 -0.000001 -0.016994 0.006556 0.424967
    31 3.323332 0.233744 1.479075 -0.399082 -0.449109 0.621478
    32 0.963099 0.000010 0.000000 -0.018001 0.008941 0.549273
    33 0.682898 -0.000002 0.000000 -0.017989 0.008941 0.549349
    34 14.793808 -10.669605 -8.967793 0.488041 -0.045868 -2.239665
    35 -6.124783 -3.850321 -11.096754 0.083054 -2.668169 -4.621642
    36 0.000000 3.992340 0.007782 1.570796 0.000000 -1.570796
    37 19.875607 -5.449385 4.664205 -1.248475 0.273471 -1.194006
    38 -0.021929 2.029111 -0.137266 -1.570805 0.000001 0.000000
    39 0.019532 0.000000 0.007813 0.000007 0.000000 0.000001
    40 0.002397 -0.669111 0.409449 1.570796 0.000000 0.000000
    41 -0.002402 -6.221447 0.929182 -0.773909 0.000000 0.000000
  time 102
    0 -6.144315 -3.901104 -11.042065 -1.867678 -0.477688 -1.481645
    1 10.295578 0.000000 0.000002 0.347634 0.155220 -0.108590
    2 14.782089 -10.704763 -8.952167 -0.594727 -0.048117 -2.241024
    3 10.295582 0.000001 -0.000006 -0.315774 -0.342070 -0.379343
    4 1.149520 0.416502 1.414117 -2.019538 -0.212521 0.859406
    5 1.263885 0.000000 -0.000008 0.010475 -0.004219 0.261017
    6 1.188939 -0.000002 0.000010 0.004314 -0.004326 0.883994
    7 3.773755 0.133215 0.970575 0.064315 0.064056 1.441404
    8 1.433456 0.000000 0.000000 0.082047 -0.025947 1.400638
    9 1.019165 -0.000006 0.000001 0.111253 -0.007179 1.169620
    10 3.799514 0.014957 0.039959 0.061640 0.037503 1.689009
    11 1.774878 0.000000 0.000000 0.019487 -0.092150 1.499727
    12 1.008844 -0.000004 0.000000 0.102193 -0.036217 0.427732
    13 3.632766 0.059052 -0.757493 -0.011599 -0.048840 1.869198
    14 1.500137 0.000002 0.000000 0.117797 -0.032095 0.855069
    15 0.905666 -0.000002 -0.000001 0.110558 -0.051989 1.029632
    16 3.323331 0.233744 -1.479075 0.058982 -0.114638 1.951023
    17 0.963100 0.000011 0.000000 0.060510 0.054818 0.140405
    18 0.682894 -0.000006 -0.000001 0.068049 -0.045158 1.459661
    19 1.149529 0.416498 -1.414117 1.695985 0.643357 0.384411
    20 1.263884 0.000001 0.000000 -0.009336 0.006472 0.475854
    21 1.188946 0.000000 0.000002 -0.011266 0.001918 0.214483
    22 3.773762 0.133217 -0.970574 0.032751 0.177541 0.050162
    23 1.433458 0.000004 0.000000 -0.035235 0.012955 0.451859
    24 1.019165 0.000011 0.000000 -0.035247 0.012979 0.452115
    25 3.799517 0.014957 -0.039958 -0.033211 -0.011916 0.276310
    26 1.774879 0.000004 0.000000 -0.022471 0.008917 0.454686
    27 1.008841 0.000004 0.000000 -0.022387 0.008929 0.454767
    28 3.632765 0.059053 0.757493 -0.281213 -0.185819 0.459280
    29 1.500135 0.000004 0.000000 -0.017006 0.006568 0.424967
    30 0.905668 0.000002 -0.000001 -0.016994 0.006556 0.424967
    31 3.323332 0.233744 1.479075 -0.399082 -0.449109 0.621478
    32 0.963099 0.000010 0.000000 -0.018001 0.008941 0.549273
    33 0.682898 -0.000002 0.000000 -0.017989 0.008941 0.549349
    34 14.782089 -10.704763 -8.952167 0.489541 -0.048093 -2.241092
    35 -6.144315 -3.901104 -11.042065 0.088354 -2.663188 -4.622120
    36 0.000000 3.992340 0.007782 1.570796 0.000000 -1.570796
    37 19.875607 -5.183752 4.769677 -1.227587 0.267073 -1.136734
    38 -0.021929 2.029111 -0.137266 -1.570805 0.000001 0.000000
    39 0.019532 0.000000 0.007813 0.000007 0.000000 0.000001
    40 0.002397 -0.669111 0.409449 1.570796 0.000000 0.000000
    41 -0.002402 -6.221447 0.929182 -0.773909 0.000000 0.000000
  time 103
    0 -6.156034 -3.944074 -11.010814 -1.868643 -0.479663 -1.482123
    1 10.295578 0.000000 0.000002 0.327583 0.184141 -0.159350
    2 14.789902 -10.704763 -8.952167 -0.593865 -0.050470 -2.243379
    3 10.295582 0.000001 -0.000006 -0.336634 -0.338220 -0.366553
    4 1.149520 0.416502 1.414117 -2.019538 -0.212521 0.859406
    5 1.263885 0.000000 -0.000008 0.010475 -0.004219 0.261017
    6 1.188939 -0.000002 0.000010 0.004314 -0.004326 0.883994
    7 3.773755 0.133215 0.970575 0.064315 0.064056 1.441404
    8 1.433456 0.000000 0.000000 0.082047 -0.025947 1.400638
    9 1.019165 -0.000006 0.000001 0.111253 -0.007179 1.169620
    10 3.799514 0.014957 0.039959 0.061640 0.037503 1.689009
    11 1.774878 0.000000 0.000000 0.019487 -0.092150 1.499727
    12 1.008844 -0.000004 0.000000 0.102193 -0.036217 0.427732
    13 3.632766 0.059052 -0.757493 -0.011599 -0.048840 1.869198
    14 1.500137 0.000002 0.000000 0.117797 -0.032095 0.855069
    15 0.905666 -0.000002 -0.000001 0.110558 -0.051989 1.029632
    16 3.323331 0.233744 -1.479075 0.058982 -0.114638 1.951023
    17 0.963100 0.000011 0.000000 0.060510 0.054818 0.140405
    18 0.682894 -0.000006 -0.000001 0.068049 -0.045158 1.459661
    19 1.149529 0.416498 -1.414117 1.695985 0.643357 0.384411
    20 1.263884 0.000001 0.000000 -0.009336 0.006472 0.475854
    21 1.188946 0.000000 0.000002 -0.011266 0.001918 0.214483
    22 3.773762 0.133217 -0.970574 0.032751 0.177541 0.050162
    23 1.433458 0.000004 0.000000 -0.035235 0.012955 0.451859
    24 1.019165 0.000011 0.000000 -0.035247 0.012979 0.452115
    25 3.799517 0.014957 -0.039958 -0.033211 -0.011916 0.276310
    26 1.774879 0.000004 0.000000 -0.022471 0.008917 0.454686
    27 1.008841 0.000004 0.000000 -0.022387 0.008929 0.454767
    28 3.632765 0.059053 0.757493 -0.281213 -0.185819 0.459280
    29 1.500135 0.000004 0.000000 -0.017006 0.006568 0.424967
    30 0.905668 0.000002 -0.000001 -0.016994 0.006556 0.424967
    31 3.323332 0.233744 1.479075 -0.399082 -0.449109 0.621478
    32 0.963099 0.000010 0.000000 -0.018001 0.008941 0.549273
    33 0.682898 -0.000002 0.000000 -0.017989 0.008941 0.549349
    34 14.789902 -10.704763 -8.952167 0.490291 -0.050445 -2.243447
    35 -6.156034 -3.944074 -11.010814 0.093839 -2.660506 -4.623172
    36 0.000000 3.992340 0.007782 1.570796 0.000000 -1.570796
    37 19.859981 -4.953276 4.855617 -1.212065 0.256952 -1.086183
    38 -0.021929 2.029111 -0.137266 -1.570805 0.000001 0.000000
    39 0.019532 0.000000 0.007813 0.000007 0.000000 0.000001
    40 0.002397 -0.669111 0.409449 1.570796 0.000000 0.000000
    41 -0.002402 -6.221447 0.929182 -0.773909 0.000000 0.000000
  time 104
    0 -6.167753 -3.955793 -11.010814 -1.868940 -0.481262 -1.482410
    1 10.295578 0.000000 0.000002 0.304736 0.207773 -0.206520
    2 14.789902 -10.704763 -8.948261 -0.593557 -0.051591 -2.244378
    3 10.295582 0.000001 -0.000006 -0.348313 -0.336085 -0.359691
    4 1.149520 0.416502 1.414117 -2.019538 -0.212521 0.859406
    5 1.263885 0.000000 -0.000008 0.010475 -0.004219 0.261017
    6 1.188939 -0.000002 0.000010 0.004314 -0.004326 0.883994
    7 3.773755 0.133215 0.970575 0.064315 0.064056 1.441404
    8 1.433456 0.000000 0.000000 0.082047 -0.025947 1.400638
    9 1.019165 -0.000006 0.000001 0.111253 -0.007179 1.169620
    10 3.799514 0.014957 0.039959 0.061640 0.037503 1.689009
    11 1.774878 0.000000 0.000000 0.019487 -0.092150 1.499727
    12 1.008844 -0.000004 0.000000 0.102193 -0.036217 0.427732
    13 3.632766 0.059052 -0.757493 -0.011599 -0.048840 1.869198
    14 1.500137 0.000002 0.000000 0.117797 -0.032095 0.855069
    15 0.905666 -0.000002 -0.000001 0.110558 -0.051989 1.029632
    16 3.323331 0.233744 -1.479075 0.058982 -0.114638 1.951023
    17 0.963100 0.000011 0.000000 0.060510 0.054818 0.140405
    18 0.682894 -0.000006 -0.000001 0.068049 -0.045158 1.459661
    19 1.149529 0.416498 -1.414117 1.695985 0.643357 0.384411
    20 1.263884 0.000001 0.000000 -0.009336 0.006472 0.475854
    21 1.188946 0.000000 0.000002 -0.011266 0.001918 0.214483
    22 3.773762 0.133217 -0.970574 0.032751 0.177541 0.050162
    23 1.433458 0.000004 0.000000 -0.035235 0.012955 0.451859
    24 1.019165 0.000011 0.000000 -0.035247 0.012979 0.452115
    25 3.799517 0.014957 -0.039958 -0.033211 -0.011916 0.276310
    26 1.774879 0.000004 0.000000 -0.022471 0.008917 0.454686
    27 1.008841 0.000004 0.000000 -0.022387 0.008929 0.454767
    28 3.632765 0.059053 0.757493 -0.281213 -0.185819 0.459280
    29 1.500135 0.000004 0.000000 -0.017006 0.006568 0.424967
    30 0.905668 0.000002 -0.000001 -0.016994 0.006556 0.424967
    31 3.323332 0.233744 1.479075 -0.399082 -0.449109 0.621478
    32 0.963099 0.000010 0.000000 -0.018001 0.008941 0.549273
    33 0.682898 -0.000002 0.000000 -0.017989 0.008941 0.549349
    34 14.789902 -10.704763 -8.948261 0.490666 -0.051531 -2.244446
    35 -6.167753 -3.955793 -11.010814 0.099016 -2.660027 -4.623746
    36 0.000000 3.992340 0.007782 1.570796 0.000000 -1.570796
    37 19.809198 -4.800928 4.906400 -1.200855 0.244634 -1.044152
    38 -0.021929 2.029111 -0.137266 -1.570805 0.000001 0.000000
    39 0.007813 0.000000 0.007813 0.000007 0.000000 0.000001
    40 0.002397 -0.669111 0.409449 1.570796 0.000000 0.000000
    41 -0.002402 -6.221447 0.929182 -0.773909 0.000000 0.000000
  time 105
    0 -6.156034 -3.944074 -11.010814 -1.868643 -0.479663 -1.482410
    1 10.295578 0.000000 0.000002 0.282230 0.227280 -0.247134
    2 14.793808 -10.704763 -8.948261 -0.593557 -0.051447 -2.243950
    3 10.295582 0.000001 -0.000006 -0.341204 -0.336714 -0.361559
    4 1.149520 0.416502 1.414117 -2.019538 -0.212521 0.859406
    5 1.263885 0.000000 -0.000008 0.010475 -0.004219 0.261017
    6 1.188939 -0.000002 0.000010 0.004314 -0.004326 0.883994
    7 3.773755 0.133215 0.970575 0.064315 0.064056 1.441404
    8 1.433456 0.000000 0.000000 0.082047 -0.025947 1.400638
    9 1.019165 -0.000006 0.000001 0.111253 -0.007179 1.169620
    10 3.799514 0.014957 0.039959 0.061640 0.037503 1.689009
    11 1.774878 0.000000 0.000000 0.019487 -0.092150 1.499727
    12 1.008844 -0.000004 0.000000 0.102193 -0.036217 0.427732
    13 3.632766 0.059052 -0.757493 -0.011599 -0.048840 1.869198
    14 1.500137 0.000002 0.000000 0.117797 -0.032095 0.855069
    15 0.905666 -0.000002 -0.000001 0.110558 -0.051989 1.029632
    16 3.323331 0.233744 -1.479075 0.058982 -0.114638 1.951023
    17 0.963100 0.000011 0.000000 0.060510 0.054818 0.140405
    18 0.682894 -0.000006 -0.000001 0.068049 -0.045158 1.459661
    19 1.149529 0.416498 -1.414117 1.695985 0.643357 0.384411
    20 1.263884 0.000001 0.000000 -0.009336 0.006472 0.475854
    21 1.188946 0.000000 0.000002 -0.011266 0.001918 0.214483
    22 3.773762 0.133217 -0.970574 0.032751 0.177541 0.050162
    23 1.433458 0.000004 0.000000 -0.035235 0.012955 0.451859
    24 1.019165 0.000011 0.000000 -0.035247 0.012979 0.452115
    25 3.799517 0.014957 -0.039958 -0.033211 -0.011916 0.276310
    26 1.774879 0.000004 0.000000 -0.022471 0.008917 0.454686
    27 1.008841 0.000004 0.000000 -0.022387 0.008929 0.454767
    28 3.632765 0.059053 0.757493 -0.281213 -0.185819 0.459280
    29 1.500135 0.000004 0.000000 -0.017006 0.006568 0.424967
    30 0.905668 0.000002 -0.000001 -0.016994 0.006556 0.424967
    31 3.323332 0.233744 1.479075 -0.399082 -0.449109 0.621478
    32 0.963099 0.000010 0.000000 -0.018001 0.008941 0.549273
    33 0.682898 -0.000002 0.000000 -0.017989 0.008941 0.549349
    34 14.793808 -10.704763 -8.948261 0.490666 -0.051458 -2.244161
    35 -6.156034 -3.944074 -11.010814 0.100433 -2.660985 -4.623746
    36 0.000000 3.992340 0.007782 1.570796 0.000000 -1.570796
    37 19.750603 -4.703269 4.953276 -1.191273 0.232794 -1.011398
    38 -0.021929 2.029111 -0.137266 -1.570805 0.000001 0.000000
    39 0.019532 0.000000 0.007813 0.000007 0.000000 0.000001
    40 0.014116 -0.669111 0.409449 1.570796 0.000000 0.000000
    41 -0.014121 -6.221447 0.929182 -0.773909 0.000000 0.000000
  time 106
    0 -6.144315 -3.944074 -11.010814 -1.868272 -0.477876 -1.482219
    1 10.295578 0.000000 0.000002 0.263611 0.243075 -0.281567
    2 14.793808 -10.693044 -8.948261 -0.593557 -0.051031 -2.243165
    3 10.295582 0.000001 -0.000006 -0.326907 -0.338049 -0.365619
    4 1.149520 0.416502 1.414117 -2.019538 -0.212521 0.859406
    5 1.263885 0.000000 -0.000008 0.010475 -0.004219 0.261017
    6 1.188939 -0.000002 0.000010 0.004314 -0.004326 0.883994
    7 3.773755 0.133215 0.970575 0.064315 0.064056 1.441404
    8 1.433456 0.000000 0.000000 0.082047 -0.025947 1.400638
    9 1.019165 -0.000006 0.000001 0.111253 -0.007179 1.169620
    10 3.799514 0.014957 0.039959 0.061640 0.037503 1.689009
    11 1.774878 0.000000 0.000000 0.019487 -0.092150 1.499727
    12 1.008844 -0.000004 0.000000 0.102193 -0.036217 0.427732
    13 3.632766 0.059052 -0.757493 -0.011599 -0.048840 1.869198
    14 1.500137 0.000002 0.000000 0.117797 -0.032095 0.855069
    15 0.905666 -0.000002 -0.000001 0.110558 -0.051989 1.029632
    16 3.323331 0.233744 -1.479075 0.058982 -0.114638 1.951023
    17 0.963100 0.000011 0.000000 0.060510 0.054818 0.140405
    18 0.682894 -0.000006 -0.000001 0.068049 -0.045158 1.459661
    19 1.149529 0.416498 -1.414117 1.695985 0.643357 0.384411
    20 1.263884 0.000001 0.000000 -0.009336 0.006472 0.475854
    21 1.188946 0.000000 0.000002 -0.011266 0.001918 0.214483
    22 3.773762 0.133217 -0.970574 0.032751 0.177541 0.050162
    23 1.433458 0.000004 0.000000 -0.035235 0.012955 0.451859
    24 1.019165 0.000011 0.000000 -0.035247 0.012979 0.452115
    25 3.799517 0.014957 -0.039958 -0.033211 -0.011916 0.276310
    26 1.774879 0.000004 0.000000 -0.022471 0.008917 0.454686
    27 1.008841 0.000004 0.000000 -0.022387 0.008929 0.454767
    28 3.632765 0.059053 0.757493 -0.281213 -0.185819 0.459280
    29 1.500135 0.000004 0.000000 -0.017006 0.006568 0.424967
    30 0.905668 0.000002 -0.000001 -0.016994 0.006556 0.424967
    31 3.323332 0.233744 1.479075 -0.399082 -0.449109 0.621478
    32 0.963099 0.000010 0.000000 -0.018001 0.008941 0.549273
    33 0.682898 -0.000002 0.000000 -0.017989 0.008941 0.549349
    34 14.793808 -10.693044 -8.948261 0.490666 -0.051042 -2.243447
    35 -6.144315 -3.944074 -11.010814 0.099632 -2.662805 -4.623172
    36 0.000000 3.992340 0.007782 1.570796 0.000000 -1.570796
    37 19.688101 -4.640767 4.968902 -1.183800 0.223723 -0.984513
    38 -0.021929 2.029111 -0.137266 -1.570805 0.000001 0.000000
    39 0.019532 0.000000 0.007813 0.000007 0.000000 0.000001
    40 0.002397 -0.669111 0.409449 1.570796 0.000000 0.000000
    41 -0.014121 -6.221447 0.929182 -0.773909 0.000000 0.000000
  time 107
    0 -6.140408 -3.932355 -11.030346 -1.867307 -0.476089 -1.482123
    1 10.295578 0.000000 0.000002 0.249153 0.254745 -0.310256
    2 14.821153 -10.693044 -8.952167 -0.593557 -0.050632 -2.242594
    3 10.295582 0.000001 -0.000006 -0.312220 -0.339421 -0.369679
    4 1.149520 0.416502 1.414117 -2.019538 -0.212521 0.859406
    5 1.263885 0.000000 -0.000008 0.010475 -0.004219 0.261017
    6 1.188939 -0.000002 0.000010 0.004314 -0.004326 0.883994
    7 3.773755 0.133215 0.970575 0.064315 0.064056 1.441404
    8 1.433456 0.000000 0.000000 0.082047 -0.025947 1.400638
    9 1.019165 -0.000006 0.000001 0.111253 -0.007179 1.169620
    10 3.799514 0.014957 0.039959 0.061640 0.037503 1.689009
    11 1.774878 0.000000 0.000000 0.019487 -0.092150 1.499727
    12 1.008844 -0.000004 0.000000 0.102193 -0.036217 0.427732
    13 3.632766 0.059052 -0.757493 -0.011599 -0.048840 1.869198
    14 1.500137 0.000002 0.000000 0.117797 -0.032095 0.855069
    15 0.905666 -0.000002 -0.000001 0.110558 -0.051989 1.029632
    16 3.323331 0.233744 -1.479075 0.058982 -0.114638 1.951023
    17 0.963100 0.000011 0.000000 0.060510 0.054818 0.140405
    18 0.682894 -0.000006 -0.000001 0.068049 -0.045158 1.459661
    19 1.149529 0.416498 -1.414117 1.695985 0.643357 0.384411
    20 1.263884 0.000001 0.000000 -0.009336 0.006472 0.475854
    21 1.188946 0.000000 0.000002 -0.011266 0.001918 0.214483
    22 3.773762 0.133217 -0.970574 0.032751 0.177541 0.050162
    23 1.433458 0.000004 0.000000 -0.035235 0.012955 0.451859
    24 1.019165 0.000011 0.000000 -0.035247 0.012979 0.452115
    25 3.799517 0.014957 -0.039958 -0.033211 -0.011916 0.276310
    26 1.774879 0.000004 0.000000 -0.022471 0.008917 0.454686
    27 1.008841 0.000004 0.000000 -0.022387 0.008929 0.454767
    28 3.632765 0.059053 0.757493 -0.281213 -0.185819 0.459280
    29 1.500135 0.000004 0.000000 -0.017006 0.006568 0.424967
    30 0.905668 0.000002 -0.000001 -0.016994 0.006556 0.424967
    31 3.323332 0.233744 1.479075 -0.399082 -0.449109 0.621478
    32 0.963099 0.000010 0.000000 -0.018001 0.008941 0.549273
    33 0.682898 -0.000002 0.000000 -0.017989 0.008941 0.549349
    34 14.821153 -10.693044 -8.952167 0.490666 -0.050644 -2.242805
    35 -6.140408 -3.932355 -11.030346 0.098276 -2.664529 -4.623172
    36 0.000000 3.992340 0.007782 1.570796 0.000000 -1.570796
    37 19.625599 -4.609516 4.980621 -1.177955 0.217039 -0.962267
    38 -0.021929 2.029111 -0.137266 -1.570805 0.000001 0.000000
    39 0.019532 0.000000 0.007813 0.000007 0.000000 0.000001
    40 0.002397 -0.669111 0.409449 1.570796 0.000000 0.000000
    41 -0.002402 -6.221447 0.929182 -0.773909 0.000000 0.000000
  time 108
    0 -6.140408 -3.924542 -11.034252 -1.867010 -0.474302 -1.482123
    1 10.295578 0.000000 0.000002 0.239605 0.262412 -0.332608
    2 14.821153 -10.669605 -8.952167 -0.593434 -0.050451 -2.242166
    3 10.295582 0.000001 -0.000006 -0.304993 -0.340088 -0.371547
    4 1.149520 0.416502 1.414117 -2.019538 -0.212521 0.859406
    5 1.263885 0.000000 -0.000008 0.010475 -0.004219 0.261017
    6 1.188939 -0.000002 0.000010 0.004314 -0.004326 0.883994
    7 3.773755 0.133215 0.970575 0.064315 0.064056 1.441404
    8 1.433456 0.000000 0.000000 0.082047 -0.025947 1.400638
    9 1.019165 -0.000006 0.000001 0.111253 -0.007179 1.169620
    10 3.799514 0.014957 0.039959 0.061612 0.037539 1.689009
    11 1.774878 0.000000 0.000000 0.019487 -0.092150 1.499727
    12 1.008844 -0.000004 0.000000 0.102121 -0.036158 0.427613
    13 3.632766 0.059052 -0.757493 -0.011391 -0.048840 1.869198
    14 1.500137 0.000002 0.000000 0.117785 -0.032119 0.854975
    15 0.905666 -0.000002 -0.000001 0.110474 -0.051989 1.029571
    16 3.323331 0.233744 -1.479075 0.059018 -0.114598 1.951023
    17 0.963100 0.000011 0.000000 0.060462 0.054818 0.140231
    18 0.682894 -0.000006 -0.000001 0.068025 -0.045158 1.459530
    19 1.149529 0.416498 -1.414117 1.695985 0.643357 0.384411
    20 1.263884 0.000001 0.000000 -0.009336 0.006472 0.475854
    21 1.188946 0.000000 0.000002 -0.011266 0.001918 0.214483
    22 3.773762 0.133217 -0.970574 0.032715 0.177469 0.050100
    23 1.433458 0.000004 0.000000 -0.035223 0.012931 0.451773
    24 1.019165 0.000011 0.000000 -0.035247 0.012979 0.452115
    25 3.799517 0.014957 -0.039958 -0.033200 -0.011856 0.276310
    26 1.774879 0.000004 0.000000 -0.022399 0.008917 0.454686
    27 1.008841 0.000004 0.000000 -0.022387 0.008929 0.454767
    28 3.632765 0.059053 0.757493 -0.281201 -0.185819 0.459243
    29 1.500135 0.000004 0.000000 -0.017006 0.006568 0.424967
    30 0.905668 0.000002 -0.000001 -0.016994 0.006556 0.424967
    31 3.323332 0.233744 1.479075 -0.398951 -0.449061 0.621371
    32 0.963099 0.000010 0.000000 -0.017941 0.008941 0.549223
    33 0.682898 -0.000002 0.000000 -0.017989 0.008941 0.549349
    34 14.821153 -10.669605 -8.952167 0.490666 -0.050445 -2.242448
    35 -6.140408 -3.924542 -11.034252 0.097352 -2.666253 -4.623172
    36 0.000000 3.992340 0.007782 1.570796 0.000000 -1.570796
    37 19.563097 -4.589984 4.968902 -1.174985 0.212742 -0.943334
    38 -0.021929 2.029111 -0.137266 -1.570805 0.000001 0.000000
    39 0.007813 0.000000 0.007813 0.000007 0.000000 0.000001
    40 0.002397 -0.669111 0.409449 1.570796 0.000000 0.000000
    41 -0.002402 -6.221447 0.929182 -0.815749 0.000000 0.000000
end
